"Sample","package","index","value"
"1-2","stats","10_A",19.9710963651038
"1-2","proxy","100_A",0.319812139710459
"1-2","vegan","11_A",0.570602753288679
"1-2","abdiv","12_A",15.976877092083
"1-2","abdiv","13_A",0.0211198242481813
"1-2","pctax","14_A",0.0486301924805165
"1-2","vegan","15_A",0.286262329535541
"1-2","wiqid","18_A",0.167039760209016
"1-2","abdiv","19_A",0.262079183660449
"1-2","vegan","2_A",2.77801918970171
"1-2","vegan","20_A",0.925648521857583
"1-2","ecodive","21_A",1.56537376561489
"1-2","ecodive","22_A",3.13074753122977
"1-2","vegan","23_A",0.527276839655912
"1-2","analogue","24_A",1.39793408444103
"1-2","adespatial","25_A",0.545555973454274
"1-2","vegan","26_A",0.706581392771513
"1-2","ecodive","27_A",3.73887729259815
"1-2","vegan","28_A",0.139010432818763
"1-2","ecodive","29_A",27.9584068182121
"1-2","EnvNJ","3_A",1.2955830599449
"1-2","vegan","30_A",0.527276839655912
"1-2","NST","31_A",0.0188313157019968
"1-2","abdiv","32_A",0.0891260528909999
"1-2","ecodive","33_A",0.278020865637526
"1-2","vegan","34_A",0.8
"1-2","vegan","35_A",0.0831816762939054
"1-2","ecodist","36_A",16.495750450425
"1-2","NST","37_A",0.182390066268547
"1-2","ecodive","4_A",-1.08102030761435
"1-2","proxyC","40_A",28
"1-2","EnvNJ","41_A",0.8
"1-2","vegan","42_A",0.61866435360218
"1-2","vegan","43_A",0.484097280714032
"1-2","vegan","47_A",0.244089832390292
"1-2","vegan","5_A",9.52092286327544
"1-2","EnvNJ","53_A",3.53851475363045
"1-2","adiv","54_A",0.71535068762145
"1-2","adiv","55_A",0.511726606280481
"1-2","vegan","57_A",0.318839182449214
"1-2","EnvNJ","58_A",0.938274327371795
"1-2","EnvNJ","59_A",2.20269755909758
"1-2","tabula","6_A",0.64824286510732
"1-2","vegan","61_A",2.32908693622935
"1-2","NST","62_A",0.0831816762939054
"1-2","adespatial","64_A",0.0831816762939054
"1-2","ecodive","65_A",1.18234262565511
"1-2","ecodive","66_1_A",2.32908693622935
"1-2","ecodive","66_2_A",0.527276839655912
"1-2","ecodive","66_3_A",0.350469446420972
"1-2","vegan","67_A",1.23610408237888
"1-2","vegan","68_A",0.140290403553851
"1-2","pctax","69_A",0.659672937634829
"1-2","tabula","7_A",63.9624279420918
"1-2","vegan","75_A",0.164479050797182
"1-2","abdiv","77_A",0.0891260528909999
"1-2","adiv","81_A",0.392399047135234
"1-2","vegan","9_A",0.319345875269658
"1-2","adiv","93_A",0.139010432818763
"1-2","ade4","94_A",0.14541835695155
"1-2","ecodive","95_A",1.02345321256096
"1-2","ecodive","99_A",17.571996812452
"2-3","stats","10_A",13.5701936675513
"2-3","proxy","100_A",0.187832714335007
"2-3","vegan","11_A",0.387719819072893
"2-3","abdiv","12_A",9.30527565774944
"2-3","abdiv","13_A",0.0143736356441431
"2-3","pctax","14_A",0.0330965191663317
"2-3","vegan","15_A",0.117552089960519
"2-3","wiqid","18_A",0.0624463972328742
"2-3","abdiv","19_A",0.171015331201934
"2-3","vegan","2_A",2.65730077725146
"2-3","vegan","20_A",0.636292598110885
"2-3","ecodive","21_A",0.710188355728046
"2-3","ecodive","22_A",1.42037671145609
"2-3","vegan","23_A",0.330244638695031
"2-3","analogue","24_A",0.577563500218429
"2-3","adespatial","25_A",0.356051873114253
"2-3","vegan","26_A",0.54296119846107
"2-3","ecodive","27_A",2.65995577271931
"2-3","vegan","28_A",0.0545307606934058
"2-3","ecodive","29_A",14.1507294256455
"2-3","EnvNJ","3_A",0.746002203617884
"2-3","vegan","30_A",0.330244638695031
"2-3","NST","31_A",0.0137601932789596
"2-3","abdiv","32_A",0.0558215322988774
"2-3","ecodive","33_A",0.109061521386812
"2-3","vegan","34_A",0.685714285714286
"2-3","vegan","35_A",0.0550412115014098
"2-3","ecodist","36_A",9.92215910072712
"2-3","NST","37_A",0.167671979956121
"2-3","ecodive","4_A",-1.16791393321981
"2-3","proxyC","40_A",24
"2-3","EnvNJ","41_A",0.685714285714286
"2-3","vegan","42_A",0.405817547555321
"2-3","vegan","43_A",0.317198161643926
"2-3","vegan","47_A",0.103421849273603
"2-3","vegan","5_A",4.71486601114404
"2-3","EnvNJ","53_A",1.1845535393961
"2-3","adiv","54_A",0.470676631545743
"2-3","adiv","55_A",0.221536491483248
"2-3","vegan","57_A",0.188371081044659
"2-3","EnvNJ","58_A",0.464525989173518
"2-3","EnvNJ","59_A",1.27003510180086
"2-3","tabula","6_A",1.94575208256749
"2-3","vegan","61_A",1.32098907603384
"2-3","NST","62_A",0.0550412115014098
"2-3","adespatial","64_A",0.0550412115014098
"2-3","ecodive","65_A",0.759975986606438
"2-3","ecodive","66_1_A",1.32098907603384
"2-3","ecodive","66_2_A",0.330244638695031
"2-3","ecodive","66_3_A",0.227281901345846
"2-3","vegan","67_A",1.26982106803342
"2-3","vegan","68_A",0.0548172496432334
"2-3","pctax","69_A",0.594247033255501
"2-3","tabula","7_A",37.5665428670013
"2-3","vegan","75_A",0.000101637985561287
"2-3","abdiv","77_A",0.0558215322988774
"2-3","adiv","81_A",0.187456591224267
"2-3","vegan","9_A",0.188494066511002
"2-3","adiv","93_A",0.0545307606934058
"2-3","ade4","94_A",0.0945150105127021
"2-3","ecodive","95_A",0.443072982966495
"2-3","ecodive","99_A",11.0690077111801
"3-4","stats","10_A",14.5489981402608
"3-4","proxy","100_A",0.211057724404539
"3-4","vegan","11_A",0.415685661150309
"3-4","abdiv","12_A",10.3921415287577
"3-4","abdiv","13_A",0.0117613157287763
"3-4","pctax","14_A",0.0270814302710768
"3-4","vegan","15_A",0.161425190334611
"3-4","wiqid","18_A",0.0877990873615796
"3-4","abdiv","19_A",0.136936347859648
"3-4","vegan","2_A",2.51897641491619
"3-4","vegan","20_A",0.679284313545533
"3-4","ecodive","21_A",0.838735129982628
"3-4","ecodive","22_A",1.67747025996526
"3-4","vegan","23_A",0.362908981282388
"3-4","analogue","24_A",0.739983198625788
"3-4","adespatial","25_A",0.377335081544963
"3-4","vegan","26_A",0.587694454944283
"3-4","ecodive","27_A",2.93847227472141
"3-4","vegan","28_A",0.0658514643477102
"3-4","ecodive","29_A",17.2692386186129
"3-4","EnvNJ","3_A",0.806181095077161
"3-4","vegan","30_A",0.362908981282388
"3-4","NST","31_A",0.0145163592512955
"3-4","abdiv","32_A",0.0613428139220003
"3-4","ecodive","33_A",0.131702928695421
"3-4","vegan","34_A",0.714285714285714
"3-4","vegan","35_A",0.059017033691787
"3-4","ecodist","36_A",11.0960588251364
"3-4","NST","37_A",0.124505946207594
"3-4","ecodive","4_A",-1.17239391499836
"3-4","proxyC","40_A",25
"3-4","EnvNJ","41_A",0.714285714285714
"3-4","vegan","42_A",0.45192097501953
"3-4","vegan","43_A",0.34016212098281
"3-4","vegan","47_A",0.123565931183499
"3-4","vegan","5_A",5.86997522680755
"3-4","EnvNJ","53_A",1.90409340527614
"3-4","adiv","54_A",0.521597219712083
"3-4","adiv","55_A",0.272063659611375
"3-4","vegan","57_A",0.203753448975197
"3-4","EnvNJ","58_A",0.515491364248369
"3-4","EnvNJ","59_A",1.41371701365589
"3-4","tabula","6_A",1.59289548728323
"3-4","vegan","61_A",1.47542584229467
"3-4","NST","62_A",0.059017033691787
"3-4","adespatial","64_A",0.059017033691787
"3-4","ecodive","65_A",0.860222761048432
"3-4","ecodive","66_1_A",1.47542584229467
"3-4","ecodive","66_2_A",0.362908981282388
"3-4","ecodive","66_3_A",0.237771558276959
"3-4","vegan","67_A",1.25950685025927
"3-4","vegan","68_A",0.0686242982990632
"3-4","pctax","69_A",0.602468477579336
"3-4","tabula","7_A",42.2115448809078
"3-4","vegan","75_A",0.00174267704857245
"3-4","abdiv","77_A",0.0613428139220003
"3-4","adiv","81_A",0.219953146947668
"3-4","vegan","9_A",0.204936955158671
"3-4","adiv","93_A",0.0658514643477102
"3-4","ade4","94_A",0.103146705340006
"3-4","ecodive","95_A",0.54412731922275
"3-4","ecodive","99_A",11.831085265276
"4-5","stats","10_A",19.9824960081802
"4-5","proxy","100_A",0.362758493140646
"4-5","vegan","11_A",0.570928457376577
"4-5","abdiv","12_A",15.4150683491676
"4-5","abdiv","13_A",0.0287398222927084
"4-5","pctax","14_A",0.0661758863864883
"4-5","vegan","15_A",0.286601810478997
"4-5","wiqid","18_A",0.167270989447654
"4-5","abdiv","19_A",0.455999211561967
"4-5","vegan","2_A",3.06527973951733
"4-5","vegan","20_A",0.974760679162085
"4-5","ecodive","21_A",1.79184092465012
"4-5","ecodive","22_A",3.58368184930024
"4-5","vegan","23_A",0.693756131097661
"4-5","analogue","24_A",1.54496048760993
"4-5","adespatial","25_A",0.660449233453525
"4-5","vegan","26_A",0.696898003563497
"4-5","ecodive","27_A",3.62118824959588
"4-5","vegan","28_A",0.240648784717798
"4-5","ecodive","29_A",26.2260086780226
"4-5","EnvNJ","3_A",1.60765864602941
"4-5","vegan","30_A",0.693756131097661
"4-5","NST","31_A",0.0256946715221356
"4-5","abdiv","32_A",0.117266189188237
"4-5","ecodive","33_A",0.481297569435595
"4-5","vegan","34_A",0.771428571428571
"4-5","vegan","35_A",0.102196965944328
"4-5","ecodist","36_A",15.4107155505626
"4-5","NST","37_A",0.197959573109053
"4-5","ecodive","4_A",-1.09813430436613
"4-5","proxyC","40_A",27
"4-5","EnvNJ","41_A",0.771428571428571
"4-5","vegan","42_A",0.640024081067205
"4-5","vegan","43_A",0.535716512503244
"4-5","vegan","47_A",0.387940225601456
"4-5","vegan","5_A",8.89467192070519
"4-5","EnvNJ","53_A",3.51953888685327
"4-5","adiv","54_A",0.758717864028093
"4-5","adiv","55_A",0.575652797195352
"4-5","vegan","57_A",0.365808458597685
"4-5","EnvNJ","58_A",1.15375999115718
"4-5","EnvNJ","59_A",2.5542910512854
"4-5","tabula","6_A",0.887182296714712
"4-5","vegan","61_A",2.75931808049685
"4-5","NST","62_A",0.102196965944328
"4-5","adespatial","64_A",0.102196965944328
"4-5","ecodive","65_A",1.24296439514973
"4-5","ecodive","66_1_A",2.75931808049685
"4-5","ecodive","66_2_A",0.693756131097661
"4-5","ecodive","66_3_A",0.51345605459965
"4-5","vegan","67_A",1.20136351763112
"4-5","vegan","68_A",0.240761990905411
"4-5","pctax","69_A",0.682927867819868
"4-5","tabula","7_A",72.5516986281293
"4-5","vegan","75_A",0.0748079877112136
"4-5","abdiv","77_A",0.117266189188237
"4-5","adiv","81_A",0.559015753626342
"4-5","vegan","9_A",0.365855735639736
"4-5","adiv","93_A",0.240648784717798
"4-5","ade4","94_A",0.18403296422629
"4-5","ecodive","95_A",1.1513055943907
"4-5","ecodive","99_A",17.2338739618566
"5-6","stats","10_A",12.5958866421783
"5-6","proxy","100_A",0.232158780835446
"5-6","vegan","11_A",0.359882475490809
"5-6","abdiv","12_A",7.91741446079781
"5-6","abdiv","13_A",0.0273175291767555
"5-6","pctax","14_A",0.062900935459827
"5-6","vegan","15_A",0.0994949637288329
"5-6","wiqid","18_A",0.0523518548122577
"5-6","abdiv","19_A",0.186562286084364
"5-6","vegan","2_A",2.65542061298995
"5-6","vegan","20_A",0.651786687137445
"5-6","ecodive","21_A",0.834223831328424
"5-6","ecodive","22_A",1.66844766265685
"5-6","vegan","23_A",0.449186737405755
"5-6","analogue","24_A",0.630124084050017
"5-6","adespatial","25_A",0.440925787292436
"5-6","vegan","26_A",0.490459074076259
"5-6","ecodive","27_A",2.30045697059569
"5-6","vegan","28_A",0.100884362530613
"5-6","ecodive","29_A",10.5842045471246
"5-6","EnvNJ","3_A",0.979257773026444
"5-6","vegan","30_A",0.449186737405755
"5-6","NST","31_A",0.0204175789729889
"5-6","abdiv","32_A",0.075926416457219
"5-6","ecodive","33_A",0.201768725061227
"5-6","vegan","34_A",0.628571428571429
"5-6","vegan","35_A",0.0805433299985693
"5-6","ecodist","36_A",7.56129438489704
"5-6","NST","37_A",0.177016576110143
"5-6","ecodive","4_A",-1.27870706464905
"5-6","proxyC","40_A",22
"5-6","EnvNJ","41_A",0.628571428571429
"5-6","vegan","42_A",0.400791330289753
"5-6","vegan","43_A",0.369693664296527
"5-6","vegan","47_A",0.183278763808961
"5-6","vegan","5_A",3.43602831335795
"5-6","EnvNJ","53_A",1.32621386223424
"5-6","adiv","54_A",0.500834280483936
"5-6","adiv","55_A",0.250834976507862
"5-6","vegan","57_A",0.226220853759021
"5-6","EnvNJ","58_A",0.58649713858452
"5-6","EnvNJ","59_A",1.67909349175556
"5-6","tabula","6_A",2.38050737101219
"5-6","vegan","61_A",1.77195325996852
"5-6","NST","62_A",0.0805433299985693
"5-6","adespatial","64_A",0.0805433299985693
"5-6","ecodive","65_A",0.793803555075194
"5-6","ecodive","66_1_A",1.77195325996852
"5-6","ecodive","66_2_A",0.449186737405755
"5-6","ecodive","66_3_A",0.298619285232905
"5-6","vegan","67_A",1.23012620530186
"5-6","vegan","68_A",0.102144130320018
"5-6","pctax","69_A",0.6133816560116
"5-6","tabula","7_A",46.4317561670891
"5-6","vegan","75_A",4.63801219963145e-06
"5-6","abdiv","77_A",0.075926416457219
"5-6","adiv","81_A",0.30978121033625
"5-6","vegan","9_A",0.2267633120232
"5-6","adiv","93_A",0.100884362530613
"5-6","ade4","94_A",0.115805444405915
"5-6","ecodive","95_A",0.501669953015724
"5-6","ecodive","99_A",9.94762309250866
"6-7","stats","10_A",13.8993581793768
"6-7","proxy","100_A",0.213761033472581
"6-7","vegan","11_A",0.397124519410766
"6-7","abdiv","12_A",8.73673942703685
"6-7","abdiv","13_A",0.011611635474323
"6-7","pctax","14_A",0.0267367787484569
"6-7","vegan","15_A",0.164081786841847
"6-7","wiqid","18_A",0.0893731461814917
"6-7","abdiv","19_A",0.140603022058476
"6-7","vegan","2_A",2.18216428982965
"6-7","vegan","20_A",0.645073680426019
"6-7","ecodive","21_A",0.808955451591704
"6-7","ecodive","22_A",1.61791090318341
"6-7","vegan","23_A",0.356214517594552
"6-7","analogue","24_A",0.741143524163174
"6-7","adespatial","25_A",0.364654998072206
"6-7","vegan","26_A",0.57805329602421
"6-7","ecodive","27_A",2.71131028968983
"6-7","vegan","28_A",0.0634443912725596
"6-7","ecodive","29_A",14.7024069739559
"6-7","EnvNJ","3_A",0.761240051945964
"6-7","vegan","30_A",0.356214517594552
"6-7","NST","31_A",0.0161915689815705
"6-7","abdiv","32_A",0.0602112430282203
"6-7","ecodive","33_A",0.126888782545119
"6-7","vegan","34_A",0.628571428571429
"6-7","vegan","35_A",0.0628125946287933
"6-7","ecodist","36_A",8.76068614688457
"6-7","NST","37_A",0.106264943818527
"6-7","ecodive","4_A",-1.21701097669253
"6-7","proxyC","40_A",22
"6-7","EnvNJ","41_A",0.628571428571429
"6-7","vegan","42_A",0.439673579145464
"6-7","vegan","43_A",0.311332532388437
"6-7","vegan","47_A",0.119318681434089
"6-7","vegan","5_A",5.02987126258468
"6-7","EnvNJ","53_A",1.51006251190648
"6-7","adiv","54_A",0.517150274623934
"6-7","adiv","55_A",0.267444406543611
"6-7","vegan","57_A",0.180333581754354
"6-7","EnvNJ","58_A",0.45205005019193
"6-7","EnvNJ","59_A",1.32258967756669
"6-7","tabula","6_A",2.04585715436415
"6-7","vegan","61_A",1.38187708183345
"6-7","NST","62_A",0.0628125946287933
"6-7","adespatial","64_A",0.0628125946287933
"6-7","ecodive","65_A",0.860896930046317
"6-7","ecodive","66_1_A",1.38187708183345
"6-7","ecodive","66_2_A",0.356214517594552
"6-7","ecodive","66_3_A",0.238344056354616
"6-7","vegan","67_A",1.24990475407471
"6-7","vegan","68_A",0.0726137610808866
"6-7","pctax","69_A",0.592182901121671
"6-7","tabula","7_A",42.7522066945162
"6-7","vegan","75_A",0.000192132672666601
"6-7","abdiv","77_A",0.0602112430282203
"6-7","adiv","81_A",0.213198767095026
"6-7","vegan","9_A",0.184365802243341
"6-7","adiv","93_A",0.0634443912725596
"6-7","ade4","94_A",0.10244074579655
"6-7","ecodive","95_A",0.534888813087221
"6-7","ecodive","99_A",9.91185521933378
"7-8","stats","10_A",14.2776941985834
"7-8","proxy","100_A",0.235174186759541
"7-8","vegan","11_A",0.407934119959526
"7-8","abdiv","12_A",8.97455063910958
"7-8","abdiv","13_A",0.0248496000624537
"7-8","pctax","14_A",0.0572183186706697
"7-8","vegan","15_A",0.229395074126047
"7-8","wiqid","18_A",0.129557458456081
"7-8","abdiv","19_A",0.281718084909506
"7-8","vegan","2_A",2.13503933477198
"7-8","vegan","20_A",0.780026060453399
"7-8","ecodive","21_A",1.16821433283587
"7-8","ecodive","22_A",2.33642866567175
"7-8","vegan","23_A",0.503913270518348
"7-8","analogue","24_A",1.0646479446308
"7-8","adespatial","25_A",0.509113768174121
"7-8","vegan","26_A",0.585391826764886
"7-8","ecodive","27_A",2.74573104992985
"7-8","vegan","28_A",0.126964292102249
"7-8","ecodive","29_A",15.0780779970978
"7-8","EnvNJ","3_A",1.01332856549694
"7-8","vegan","30_A",0.503913270518349
"7-8","NST","31_A",0.0229051486599249
"7-8","abdiv","32_A",0.0851768889185489
"7-8","ecodive","33_A",0.253928584204498
"7-8","vegan","34_A",0.628571428571429
"7-8","vegan","35_A",0.0793154111856531
"7-8","ecodist","36_A",8.16622513345105
"7-8","NST","37_A",0.143567995107056
"7-8","ecodive","4_A",-1.16944991966202
"7-8","proxyC","40_A",22
"7-8","EnvNJ","41_A",0.628571428571429
"7-8","vegan","42_A",0.528514974455353
"7-8","vegan","43_A",0.377282954289721
"7-8","vegan","47_A",0.225320878384547
"7-8","vegan","5_A",5.13370344988018
"7-8","EnvNJ","53_A",2.82513824908608
"7-8","adiv","54_A",0.621212024819022
"7-8","adiv","55_A",0.385904379779749
"7-8","vegan","57_A",0.228573473939459
"7-8","EnvNJ","58_A",0.605823719114319
"7-8","EnvNJ","59_A",1.63246862704391
"7-8","tabula","6_A",2.04585715436415
"7-8","vegan","61_A",1.74493904608437
"7-8","NST","62_A",0.0793154111856531
"7-8","adespatial","64_A",0.0793154111856531
"7-8","ecodive","65_A",1.03181778654508
"7-8","ecodive","66_1_A",1.74493904608437
"7-8","ecodive","66_2_A",0.503913270518349
"7-8","ecodive","66_3_A",0.370717258424038
"7-8","vegan","67_A",1.23265164510769
"7-8","vegan","68_A",0.135808422716125
"7-8","pctax","69_A",0.616250382433303
"7-8","tabula","7_A",47.0348373519082
"7-8","vegan","75_A",0.000192132672666601
"7-8","abdiv","77_A",0.0851768889185489
"7-8","adiv","81_A",0.367774486437558
"7-8","vegan","9_A",0.232500764866607
"7-8","adiv","93_A",0.126964292102249
"7-8","ade4","94_A",0.139949634529704
"7-8","ecodive","95_A",0.771808759559498
"7-8","ecodive","99_A",10.1827962455293
"8-9","stats","10_A",14.4434451951868
"8-9","proxy","100_A",0.27739101836339
"8-9","vegan","11_A",0.412669862719623
"8-9","abdiv","12_A",9.07873697983171
"8-9","abdiv","13_A",0.0350645673612255
"8-9","pctax","14_A",0.0807391500982435
"8-9","vegan","15_A",0.285832013991697
"8-9","wiqid","18_A",0.166746792802554
"8-9","abdiv","19_A",0.493864798324795
"8-9","vegan","2_A",2.18589174727302
"8-9","vegan","20_A",0.875339096857911
"8-9","ecodive","21_A",1.46157761849767
"8-9","ecodive","22_A",2.92315523699534
"8-9","vegan","23_A",0.674296895691033
"8-9","analogue","24_A",1.36273871513829
"8-9","adespatial","25_A",0.649768850182083
"8-9","vegan","26_A",0.582806853096186
"8-9","ecodive","27_A",2.73360644869545
"8-9","vegan","28_A",0.227338151769282
"8-9","ecodive","29_A",14.9452084326987
"8-9","EnvNJ","3_A",1.32092689134839
"8-9","vegan","30_A",0.674296895691033
"8-9","NST","31_A",0.030649858895047
"8-9","abdiv","32_A",0.113976978068702
"8-9","ecodive","33_A",0.454676303538564
"8-9","vegan","34_A",0.628571428571429
"8-9","vegan","35_A",0.0976358629259991
"8-9","ecodist","36_A",7.67397928783278
"8-9","NST","37_A",0.175588764556234
"8-9","ecodive","4_A",-1.12260423513996
"8-9","proxyC","40_A",22
"8-9","EnvNJ","41_A",0.628571428571429
"8-9","vegan","42_A",0.599050849654922
"8-9","vegan","43_A",0.444883084916695
"8-9","vegan","47_A",0.370457239419406
"8-9","vegan","5_A",5.09156275598928
"8-9","EnvNJ","53_A",3.28603700922714
"8-9","adiv","54_A",0.698387755307951
"8-9","adiv","55_A",0.487745456764079
"8-9","vegan","57_A",0.282472703148346
"8-9","EnvNJ","58_A",0.801362519885018
"8-9","EnvNJ","59_A",1.95972642674292
"8-9","tabula","6_A",2.04585715436415
"8-9","vegan","61_A",2.14798898437198
"8-9","NST","62_A",0.0976358629259991
"8-9","adespatial","64_A",0.0976358629259991
"8-9","ecodive","65_A",1.167364002845
"8-9","ecodive","66_1_A",2.14798898437198
"8-9","ecodive","66_2_A",0.674296895691033
"8-9","ecodive","66_3_A",0.534817627210504
"8-9","vegan","67_A",1.20581179612141
"8-9","vegan","68_A",0.235061720772957
"8-9","pctax","69_A",0.643038468877069
"8-9","tabula","7_A",55.4782036726781
"8-9","vegan","75_A",0.000192132672666601
"8-9","abdiv","77_A",0.113976978068702
"8-9","adiv","81_A",0.540633051165245
"8-9","vegan","9_A",0.286076937754139
"8-9","adiv","93_A",0.227338151769282
"8-9","ade4","94_A",0.184018629805816
"8-9","ecodive","95_A",0.975490913528157
"8-9","ecodive","99_A",10.4101934990882
"9-10","stats","10_A",19.0655571538603
"9-10","proxy","100_A",0.375788008088213
"9-10","vegan","11_A",0.544730204396009
"9-10","abdiv","12_A",12.5287947011082
"9-10","abdiv","13_A",0.0463874175637467
"9-10","pctax","14_A",0.106810976184773
"9-10","vegan","15_A",0.429087141626005
"9-10","wiqid","18_A",0.273145094801847
"9-10","abdiv","19_A",0.493864798324795
"9-10","vegan","2_A",2.48209856447895
"9-10","vegan","20_A",1.08983068825166
"9-10","ecodive","21_A",2.18459399841479
"9-10","ecodive","22_A",4.36918799682959
"9-10","vegan","23_A",0.801086074345147
"9-10","analogue","24_A",2.09410062676394
"9-10","adespatial","25_A",0.783422895287348
"9-10","vegan","26_A",0.702731526657113
"9-10","ecodive","27_A",3.37018200796785
"9-10","vegan","28_A",0.320869449254859
"9-10","ecodive","29_A",22.7162535336605
"9-10","EnvNJ","3_A",1.62267306552451
"9-10","vegan","30_A",0.801086074345147
"9-10","NST","31_A",0.0348298293193542
"9-10","abdiv","32_A",0.135408260827313
"9-10","ecodive","33_A",0.641738898509719
"9-10","vegan","34_A",0.657142857142857
"9-10","vegan","35_A",0.119629623161923
"9-10","ecodist","36_A",10.4723894113895
"9-10","NST","37_A",0.187310630568636
"9-10","ecodive","4_A",-0.963036120195873
"9-10","proxyC","40_A",23
"9-10","EnvNJ","41_A",0.657142857142857
"9-10","vegan","42_A",0.754597830579555
"9-10","vegan","43_A",0.545665863118315
"9-10","vegan","47_A",0.485845818352255
"9-10","vegan","5_A",7.80674466616999
"9-10","EnvNJ","53_A",5.69874405976161
"9-10","adiv","54_A",0.860222737621154
"9-10","adiv","55_A",0.739983158320433
"9-10","vegan","57_A",0.373714743898542
"9-10","EnvNJ","58_A",1.20090268841071
"9-10","EnvNJ","59_A",2.48478997319768
"9-10","tabula","6_A",1.29695648337879
"9-10","vegan","61_A",2.75148133272422
"9-10","NST","62_A",0.119629623161923
"9-10","adespatial","64_A",0.119629623161923
"9-10","ecodive","65_A",1.44710076593302
"9-10","ecodive","66_1_A",2.75148133272422
"9-10","ecodive","66_2_A",0.801086074345147
"9-10","ecodive","66_3_A",0.592607792288161
"9-10","vegan","67_A",1.1852163321369
"9-10","vegan","68_A",0.324082536416892
"9-10","pctax","69_A",0.687599895127369
"9-10","tabula","7_A",75.1576016176425
"9-10","vegan","75_A",0.0266897343117297
"9-10","abdiv","77_A",0.135408260827313
"9-10","adiv","81_A",0.653965320427443
"9-10","vegan","9_A",0.375199790254739
"9-10","adiv","93_A",0.320869449254859
"9-10","ade4","94_A",0.220350548033692
"9-10","ecodive","95_A",1.47996631664087
"9-10","ecodive","99_A",13.4995595922582
"10-11","stats","10_A",17.4676684825995
"10-11","proxy","100_A",0.299769265310383
"10-11","vegan","11_A",0.499076242359986
"10-11","abdiv","12_A",13.4750585437196
"10-11","abdiv","13_A",0.0245517410780636
"10-11","pctax","14_A",0.0565324730133988
"10-11","vegan","15_A",0.235149788086639
"10-11","wiqid","18_A",0.133240649262637
"10-11","abdiv","19_A",0.2574200074605
"10-11","vegan","2_A",2.89359396501672
"10-11","vegan","20_A",0.844391481974282
"10-11","ecodive","21_A",1.44548454221715
"10-11","ecodive","22_A",2.8909690844343
"10-11","vegan","23_A",0.567445996675397
"10-11","analogue","24_A",1.2650947235918
"10-11","adespatial","25_A",0.554776858117427
"10-11","vegan","26_A",0.637248945834681
"10-11","ecodive","27_A",3.31124265376612
"10-11","vegan","28_A",0.160997479571467
"10-11","ecodive","29_A",21.9286558242402
"10-11","EnvNJ","3_A",1.36245518356217
"10-11","vegan","30_A",0.567445996675396
"10-11","NST","31_A",0.0210165183953851
"10-11","abdiv","32_A",0.095915879683775
"10-11","ecodive","33_A",0.321994959142934
"10-11","vegan","34_A",0.771428571428571
"10-11","vegan","35_A",0.0913885318394017
"10-11","ecodist","36_A",13.2670089813122
"10-11","NST","37_A",0.182073951770822
"10-11","ecodive","4_A",-1.22170378187187
"10-11","proxyC","40_A",27
"10-11","EnvNJ","41_A",0.771428571428571
"10-11","vegan","42_A",0.559085355704619
"10-11","vegan","43_A",0.469170973015416
"10-11","vegan","47_A",0.277343374820921
"10-11","vegan","5_A",7.42383994706279
"10-11","EnvNJ","53_A",2.94926694826691
"10-11","adiv","54_A",0.683281295494762
"10-11","adiv","55_A",0.466873328773
"10-11","vegan","57_A",0.305087984012728
"10-11","EnvNJ","58_A",0.883788755263827
"10-11","EnvNJ","59_A",2.32203984143794
"10-11","tabula","6_A",1.18942710668005
"10-11","vegan","61_A",2.46749035966385
"10-11","NST","62_A",0.0913885318394017
"10-11","adespatial","64_A",0.0913885318394017
"10-11","ecodive","65_A",1.12476429690482
"10-11","ecodive","66_1_A",2.46749035966385
"10-11","ecodive","66_2_A",0.567445996675396
"10-11","ecodive","66_3_A",0.376220146378865
"10-11","vegan","67_A",1.20842136845502
"10-11","vegan","68_A",0.164355979244039
"10-11","pctax","69_A",0.653240814207576
"10-11","tabula","7_A",59.9538530620766
"10-11","vegan","75_A",0.0132157423592352
"10-11","abdiv","77_A",0.095915879683775
"10-11","adiv","81_A",0.434250304636846
"10-11","vegan","9_A",0.306481628415151
"10-11","adiv","93_A",0.160997479571467
"10-11","ade4","94_A",0.142854403738265
"10-11","ecodive","95_A",0.933746657546
"10-11","ecodive","99_A",15.4892594166826
"11-12","stats","10_A",15.2336433589057
"11-12","proxy","100_A",0.264899734476229
"11-12","vegan","11_A",0.435246953111592
"11-12","abdiv","12_A",11.3164207809014
"11-12","abdiv","13_A",0.0178620531895496
"11-12","pctax","14_A",0.0411288974045235
"11-12","vegan","15_A",0.190703415633145
"11-12","wiqid","18_A",0.105401965206208
"11-12","abdiv","19_A",0.262780296150567
"11-12","vegan","2_A",2.68764731909218
"11-12","vegan","20_A",0.763428743730726
"11-12","ecodive","21_A",1.16994684711767
"11-12","ecodive","22_A",2.33989369423535
"11-12","vegan","23_A",0.518648084389194
"11-12","analogue","24_A",1.00560813955547
"11-12","adespatial","25_A",0.502255847140277
"11-12","vegan","26_A",0.587584371248229
"11-12","ecodive","27_A",2.99610417487687
"11-12","vegan","28_A",0.13449791772029
"11-12","ecodive","29_A",17.9532804534292
"11-12","EnvNJ","3_A",1.17244425707806
"11-12","vegan","30_A",0.518648084389194
"11-12","NST","31_A",0.0199480032457382
"11-12","abdiv","32_A",0.0876675270456643
"11-12","ecodive","33_A",0.26899583544058
"11-12","vegan","34_A",0.742857142857143
"11-12","vegan","35_A",0.0800810853079058
"11-12","ecodist","36_A",11.171943812053
"11-12","NST","37_A",0.175162282911603
"11-12","ecodive","4_A",-1.21986828472506
"11-12","proxyC","40_A",26
"11-12","EnvNJ","41_A",0.742857142857143
"11-12","vegan","42_A",0.502749093743565
"11-12","vegan","43_A",0.422282948029056
"11-12","vegan","47_A",0.237105622883039
"11-12","vegan","5_A",6.04414906155538
"11-12","EnvNJ","53_A",2.01607957595807
"11-12","adiv","54_A",0.611884867374057
"11-12","adiv","55_A",0.374403090921367
"11-12","vegan","57_A",0.262781053027794
"11-12","EnvNJ","58_A",0.730907536736702
"11-12","EnvNJ","59_A",1.96087056099591
"11-12","tabula","6_A",1.53634334612839
"11-12","vegan","61_A",2.08210821800555
"11-12","NST","62_A",0.0800810853079058
"11-12","adespatial","64_A",0.0800810853079058
"11-12","ecodive","65_A",1.00280014935952
"11-12","ecodive","66_1_A",2.08210821800555
"11-12","ecodive","66_2_A",0.518648084389194
"11-12","ecodive","66_3_A",0.357537730554934
"11-12","vegan","67_A",1.22252009659054
"11-12","vegan","68_A",0.145865539275679
"11-12","pctax","69_A",0.633827211761933
"11-12","tabula","7_A",52.9799468952458
"11-12","vegan","75_A",0.00122763232100409
"11-12","abdiv","77_A",0.0876675270456643
"11-12","adiv","81_A",0.383323167395313
"11-12","vegan","9_A",0.267654423523865
"11-12","adiv","93_A",0.13449791772029
"11-12","ade4","94_A",0.140250242487287
"11-12","ecodive","95_A",0.748806181842735
"11-12","ecodive","99_A",13.1681816449904
"12-13","stats","10_A",10.442870859758
"12-13","proxy","100_A",0.223376106725619
"12-13","vegan","11_A",0.298367738850228
"12-13","abdiv","12_A",5.96735477700456
"12-13","abdiv","13_A",0.0237607368444765
"12-13","pctax","14_A",0.0547111184566459
"12-13","vegan","15_A",0.0735169736695085
"12-13","wiqid","18_A",0.0381612361306609
"12-13","abdiv","19_A",0.232378874489746
"12-13","vegan","2_A",2.2219961445746
"12-13","vegan","20_A",0.589640889625108
"12-13","ecodive","21_A",0.605744632567128
"12-13","ecodive","22_A",1.21148926513426
"12-13","vegan","23_A",0.422011223691878
"12-13","analogue","24_A",0.441677278320149
"12-13","adespatial","25_A",0.408766865331974
"12-13","vegan","26_A",0.44218951026315
"12-13","ecodive","27_A",1.97753160777149
"12-13","vegan","28_A",0.0890467364609581
"12-13","ecodive","29_A",7.82126251947056
"12-13","EnvNJ","3_A",0.825945053049719
"12-13","vegan","30_A",0.422011223691878
"12-13","NST","31_A",0.0211005611845939
"12-13","abdiv","32_A",0.0713329162492756
"12-13","ecodive","33_A",0.178093472921916
"12-13","vegan","34_A",0.571428571428571
"12-13","vegan","35_A",0.0709755615804847
"12-13","ecodist","36_A",5.90561594299738
"12-13","NST","37_A",0.176371443584176
"12-13","ecodive","4_A",-1.15214707019132
"12-13","proxyC","40_A",20
"12-13","EnvNJ","41_A",0.571428571428571
"12-13","vegan","42_A",0.357178150211233
"12-13","vegan","43_A",0.346596295695624
"12-13","vegan","47_A",0.163531524368422
"12-13","vegan","5_A",2.54818531633746
"12-13","EnvNJ","53_A",0.894049337487143
"12-13","adiv","54_A",0.423384731652835
"12-13","adiv","55_A",0.179254630996743
"12-13","vegan","57_A",0.207194954370494
"12-13","EnvNJ","58_A",0.530411722319011
"12-13","EnvNJ","59_A",1.33864691662348
"12-13","tabula","6_A",2.72371171350202
"12-13","vegan","61_A",1.41951123160969
"12-13","NST","62_A",0.0709755615804847
"12-13","adespatial","64_A",0.0709755615804847
"12-13","ecodive","65_A",0.664588051592976
"12-13","ecodive","66_1_A",1.41951123160969
"12-13","ecodive","66_2_A",0.422011223691878
"12-13","ecodive","66_3_A",0.302817180193413
"12-13","vegan","67_A",1.26904954944111
"12-13","vegan","68_A",0.0946161742197995
"12-13","pctax","69_A",0.604812966970291
"12-13","tabula","7_A",44.6752213451238
"12-13","vegan","75_A",6.07153482379275e-07
"12-13","abdiv","77_A",0.0713329162492756
"12-13","adiv","81_A",0.281095133124458
"12-13","vegan","9_A",0.209625933940583
"12-13","adiv","93_A",0.0890467364609581
"12-13","ade4","94_A",0.129072109090251
"12-13","ecodive","95_A",0.358509261993486
"12-13","ecodive","99_A",7.60539492287332
"13-14","stats","10_A",19.4422522194236
"13-14","proxy","100_A",0.369013642665562
"13-14","vegan","11_A",0.555492920554959
"13-14","abdiv","12_A",14.4428159344289
"13-14","abdiv","13_A",0.0354276250052074
"13-14","pctax","14_A",0.0815751212171736
"13-14","vegan","15_A",0.282469838916965
"13-14","wiqid","18_A",0.164462811377266
"13-14","abdiv","19_A",0.323929597638887
"13-14","vegan","2_A",3.11332546924005
"13-14","vegan","20_A",0.976729588020177
"13-14","ecodive","21_A",1.79900787999479
"13-14","ecodive","22_A",3.59801575998958
"13-14","vegan","23_A",0.678208609481745
"13-14","analogue","24_A",1.52901541603899
"13-14","adespatial","25_A",0.663309090234498
"13-14","vegan","26_A",0.690226932917646
"13-14","ecodive","27_A",3.51948059975438
"13-14","vegan","28_A",0.229983458987581
"13-14","ecodive","29_A",24.7734873840948
"13-14","EnvNJ","3_A",1.49018609785012
"13-14","vegan","30_A",0.678208609481745
"13-14","NST","31_A",0.0260849465185287
"13-14","abdiv","32_A",0.114638178379402
"13-14","ecodive","33_A",0.459966917975162
"13-14","vegan","34_A",0.742857142857143
"13-14","vegan","35_A",0.102170869156206
"13-14","ecodist","36_A",14.2233498777737
"13-14","NST","37_A",0.221075613622944
"13-14","ecodive","4_A",-1.05925725777996
"13-14","proxyC","40_A",26
"13-14","EnvNJ","41_A",0.742857142857143
"13-14","vegan","42_A",0.637862930104446
"13-14","vegan","43_A",0.533748356270772
"13-14","vegan","47_A",0.373961872913127
"13-14","vegan","5_A",8.35090997974262
"13-14","EnvNJ","53_A",3.68746580319076
"13-14","adiv","54_A",0.757637474154182
"13-14","adiv","55_A",0.574014542242729
"13-14","vegan","57_A",0.354181591177282
"13-14","EnvNJ","58_A",1.14466590053478
"13-14","EnvNJ","59_A",2.45531373522969
"13-14","tabula","6_A",1.13330395219788
"13-14","vegan","61_A",2.65644259806136
"13-14","NST","62_A",0.102170869156206
"13-14","adespatial","64_A",0.102170869156206
"13-14","ecodive","65_A",1.23653362915814
"13-14","ecodive","66_1_A",2.65644259806136
"13-14","ecodive","66_2_A",0.678208609481745
"13-14","ecodive","66_3_A",0.468226545865081
"13-14","vegan","67_A",1.21103653758301
"13-14","vegan","68_A",0.253097725781755
"13-14","pctax","69_A",0.68201117064505
"13-14","tabula","7_A",73.8027285331124
"13-14","vegan","75_A",0.0276126913501775
"13-14","abdiv","77_A",0.114638178379402
"13-14","adiv","81_A",0.544355531671688
"13-14","vegan","9_A",0.3640223412901
"13-14","adiv","93_A",0.229983458987581
"13-14","ade4","94_A",0.199512051509475
"13-14","ecodive","95_A",1.14802908448546
"13-14","ecodive","99_A",15.9974938869199
"14-15","stats","10_A",15.8686307824906
"14-15","proxy","100_A",0.341110979270889
"14-15","vegan","11_A",0.453389450928303
"14-15","abdiv","12_A",11.3347362732076
"14-15","abdiv","13_A",0.0367021946965608
"14-15","pctax","14_A",0.0845099263884659
"14-15","vegan","15_A",0.351450388525463
"14-15","wiqid","18_A",0.213187632376505
"14-15","abdiv","19_A",0.53851648071345
"14-15","vegan","2_A",2.40285731301366
"14-15","vegan","20_A",0.97788579702145
"14-15","ecodive","21_A",1.85148532634044
"14-15","ecodive","22_A",3.70297065268087
"14-15","vegan","23_A",0.776409575736392
"14-15","analogue","24_A",1.74784145352422
"14-15","adespatial","25_A",0.741646255745467
"14-15","vegan","26_A",0.615674129214745
"14-15","ecodive","27_A",3.07837064607373
"14-15","vegan","28_A",0.301405914647582
"14-15","ecodive","29_A",18.9527316692167
"14-15","EnvNJ","3_A",1.56872559541607
"14-15","vegan","30_A",0.776409575736392
"14-15","NST","31_A",0.0310563830294557
"14-15","abdiv","32_A",0.131237171269115
"14-15","ecodive","33_A",0.602811829295164
"14-15","vegan","34_A",0.714285714285714
"14-15","vegan","35_A",0.103957388404748
"14-15","ecodist","36_A",9.61971653658444
"14-15","NST","37_A",0.202289217451713
"14-15","ecodive","4_A",-1.08434268662483
"14-15","proxyC","40_A",25
"14-15","EnvNJ","41_A",0.714285714285714
"14-15","vegan","42_A",0.67260987734858
"14-15","vegan","43_A",0.506527741566508
"14-15","vegan","47_A",0.46320046843986
"14-15","vegan","5_A",6.47887600156133
"14-15","EnvNJ","53_A",4.20363195861981
"14-15","adiv","54_A",0.78860365116555
"14-15","adiv","55_A",0.621895718631636
"14-15","vegan","57_A",0.335918681671507
"14-15","EnvNJ","58_A",1.02637934636576
"14-15","EnvNJ","59_A",2.35244360913136
"14-15","tabula","6_A",1.49065204523325
"14-15","vegan","61_A",2.59893471011869
"14-15","NST","62_A",0.103957388404748
"14-15","adespatial","64_A",0.103957388404748
"14-15","ecodive","65_A",1.32205954991605
"14-15","ecodive","66_1_A",2.59893471011869
"14-15","ecodive","66_2_A",0.776409575736392
"14-15","ecodive","66_3_A",0.601640013502079
"14-15","vegan","67_A",1.1823331380922
"14-15","vegan","68_A",0.308194692833304
"14-15","pctax","69_A",0.669580565928223
"14-15","tabula","7_A",68.2221958541777
"14-15","vegan","75_A",0.00384024577572961
"14-15","abdiv","77_A",0.131237171269115
"14-15","adiv","81_A",0.633133297085051
"14-15","vegan","9_A",0.339161131856447
"14-15","adiv","93_A",0.301405914647582
"14-15","ade4","94_A",0.206419930556838
"14-15","ecodive","95_A",1.24379143726327
"14-15","ecodive","99_A",12.8956294510879
"15-16","stats","10_A",22.74888245777
"15-16","proxy","100_A",0.420333585684494
"15-16","vegan","11_A",0.649968070222001
"15-16","abdiv","12_A",15.599233685328
"15-16","abdiv","13_A",0.043182983856724
"15-16","pctax","14_A",0.0994324948994952
"15-16","vegan","15_A",0.389161379781106
"15-16","wiqid","18_A",0.241589303171924
"15-16","abdiv","19_A",0.436981864200088
"15-16","vegan","2_A",2.73317548934902
"15-16","vegan","20_A",1.12645034852874
"15-16","ecodive","21_A",2.26628951895473
"15-16","ecodive","22_A",4.53257903790945
"15-16","vegan","23_A",0.761040117715036
"15-16","analogue","24_A",2.02313201074629
"15-16","adespatial","25_A",0.744020352578508
"15-16","vegan","26_A",0.76374386571626
"15-16","ecodive","27_A",3.7415655303711
"15-16","vegan","28_A",0.289591030385858
"15-16","ecodive","29_A",27.9986252361224
"15-16","EnvNJ","3_A",1.72060997970706
"15-16","vegan","30_A",0.761040117715036
"15-16","NST","31_A",0.0317100049047932
"15-16","abdiv","32_A",0.128639258701191
"15-16","ecodive","33_A",0.579182060771716
"15-16","vegan","34_A",0.685714285714286
"15-16","vegan","35_A",0.125176587300584
"15-16","ecodist","36_A",14.102706039416
"15-16","NST","37_A",0.199165032902448
"15-16","ecodive","4_A",-0.940199527876722
"15-16","proxyC","40_A",24
"15-16","EnvNJ","41_A",0.685714285714286
"15-16","vegan","42_A",0.752577685023164
"15-16","vegan","43_A",0.59206407496563
"15-16","vegan","47_A",0.449120726745764
"15-16","vegan","5_A",9.5386137776982
"15-16","EnvNJ","53_A",5.10509597720928
"15-16","adiv","54_A",0.861256994043591
"15-16","adiv","55_A",0.741763609789003
"15-16","vegan","57_A",0.420516012167351
"15-16","EnvNJ","58_A",1.45119711079184
"15-16","EnvNJ","59_A",2.75641204235378
"15-16","tabula","6_A",0.881338302072322
"15-16","vegan","61_A",3.00423809521402
"15-16","NST","62_A",0.125176587300584
"15-16","adespatial","64_A",0.125176587300584
"15-16","ecodive","65_A",1.42236845112168
"15-16","ecodive","66_1_A",3.00423809521402
"15-16","ecodive","66_2_A",0.761040117715036
"15-16","ecodive","66_3_A",0.53761496533119
"15-16","vegan","67_A",1.19887944637067
"15-16","vegan","68_A",0.289598822312915
"15-16","pctax","69_A",0.710259595070414
"15-16","tabula","7_A",84.0667171368989
"15-16","vegan","75_A",0.117092268806174
"15-16","abdiv","77_A",0.128639258701191
"15-16","adiv","81_A",0.619852740294921
"15-16","vegan","9_A",0.420519190140828
"15-16","adiv","93_A",0.289591030385858
"15-16","ade4","94_A",0.213058287652585
"15-16","ecodive","95_A",1.48352721957801
"15-16","ecodive","99_A",16.8335507380207
"16-17","stats","10_A",15.6947632609855
"16-17","proxy","100_A",0.258325283897591
"16-17","vegan","11_A",0.448421807456727
"16-17","abdiv","12_A",8.52001434167782
"16-17","abdiv","13_A",0.0200184156060801
"16-17","pctax","14_A",0.0460941053599194
"16-17","vegan","15_A",0.263328601390518
"16-17","wiqid","18_A",0.15162834005406
"16-17","abdiv","19_A",0.22703830459325
"16-17","vegan","2_A",1.50595065087018
"16-17","vegan","20_A",0.79891650695007
"16-17","ecodive","21_A",1.08816210379474
"16-17","ecodive","22_A",2.17632420758948
"16-17","vegan","23_A",0.433099736734463
"16-17","analogue","24_A",1.04580415549112
"16-17","adespatial","25_A",0.462966166682554
"16-17","vegan","26_A",0.618715321456229
"16-17","ecodive","27_A",2.69691756104798
"16-17","vegan","28_A",0.0937876909797308
"16-17","ecodive","29_A",14.546728662178
"16-17","EnvNJ","3_A",0.892248822007069
"16-17","vegan","30_A",0.433099736734464
"16-17","NST","31_A",0.0227947229860244
"16-17","abdiv","32_A",0.0732072170445865
"16-17","ecodive","33_A",0.187575381959462
"16-17","vegan","34_A",0.542857142857143
"16-17","vegan","35_A",0.0819715441800468
"16-17","ecodist","36_A",7.36984985618842
"16-17","NST","37_A",0.121350390334852
"16-17","ecodive","4_A",-1.03136337640193
"16-17","proxyC","40_A",19
"16-17","EnvNJ","41_A",0.542857142857143
"16-17","vegan","42_A",0.556223979190627
"16-17","vegan","43_A",0.379265091402983
"16-17","vegan","47_A",0.171491582421673
"16-17","vegan","5_A",4.98987939883523
"16-17","EnvNJ","53_A",2.73214722625074
"16-17","adiv","54_A",0.607467287851626
"16-17","adiv","55_A",0.36901650580981
"16-17","vegan","57_A",0.229567859086524
"16-17","EnvNJ","58_A",0.610938531724589
"16-17","EnvNJ","59_A",1.47207053377823
"16-17","tabula","6_A",2.22156157611313
"16-17","vegan","61_A",1.55745933942089
"16-17","NST","62_A",0.0819715441800468
"16-17","adespatial","64_A",0.0819715441800468
"16-17","ecodive","65_A",1.02264566468114
"16-17","ecodive","66_1_A",1.55745933942089
"16-17","ecodive","66_2_A",0.433099736734464
"16-17","ecodive","66_3_A",0.305189547722823
"16-17","vegan","67_A",1.27231660227268
"16-17","vegan","68_A",0.104173396279706
"16-17","pctax","69_A",0.617004048407673
"16-17","tabula","7_A",51.6650567795181
"16-17","vegan","75_A",0.000426854021669532
"16-17","abdiv","77_A",0.0732072170445865
"16-17","adiv","81_A",0.292774758256769
"16-17","vegan","9_A",0.234008096815347
"16-17","adiv","93_A",0.0937876909797308
"16-17","ade4","94_A",0.138355261519582
"16-17","ecodive","95_A",0.73803301161962
"16-17","ecodive","99_A",9.58792446307447
"17-18","stats","10_A",18.0657575564336
"17-18","proxy","100_A",0.353979193810462
"17-18","vegan","11_A",0.516164501612389
"17-18","abdiv","12_A",10.3232900322478
"17-18","abdiv","13_A",0.0304404944995284
"17-18","pctax","14_A",0.0700918288579814
"17-18","vegan","15_A",0.293437104659534
"17-18","wiqid","18_A",0.171946258447739
"17-18","abdiv","19_A",0.240225394124825
"17-18","vegan","2_A",1.81609328644467
"17-18","vegan","20_A",0.929070880714517
"17-18","ecodive","21_A",1.4800371229551
"17-18","ecodive","22_A",2.96007424591021
"17-18","vegan","23_A",0.614717006368451
"17-18","analogue","24_A",1.32488065000555
"17-18","adespatial","25_A",0.601418826718167
"17-18","vegan","26_A",0.655710755803969
"17-18","ecodive","27_A",2.93242764711088
"17-18","vegan","28_A",0.188938498959295
"17-18","ecodive","29_A",17.1982638110805
"17-18","EnvNJ","3_A",1.31066497750967
"17-18","vegan","30_A",0.614717006368452
"17-18","NST","31_A",0.0307358503184226
"17-18","abdiv","32_A",0.103906138677255
"17-18","ecodive","33_A",0.377876997918591
"17-18","vegan","34_A",0.571428571428571
"17-18","vegan","35_A",0.119055228044725
"17-18","ecodist","36_A",8.83716467557852
"17-18","NST","37_A",0.176047559072988
"17-18","ecodive","4_A",-0.99377372436849
"17-18","proxyC","40_A",20
"17-18","EnvNJ","41_A",0.571428571428571
"17-18","vegan","42_A",0.622824621211865
"17-18","vegan","43_A",0.522813847875377
"17-18","vegan","47_A",0.317827203214762
"17-18","vegan","5_A",5.84970171721501
"17-18","EnvNJ","53_A",3.75819529443342
"17-18","adiv","54_A",0.695321279751461
"17-18","adiv","55_A",0.48347168207521
"17-18","vegan","57_A",0.349131510908438
"17-18","EnvNJ","58_A",1.09550229409577
"17-18","EnvNJ","59_A",2.21160711877435
"17-18","tabula","6_A",2.00718135165143
"17-18","vegan","61_A",2.38110456089451
"17-18","NST","62_A",0.119055228044725
"17-18","adespatial","64_A",0.119055228044725
"17-18","ecodive","65_A",1.15103459982989
"17-18","ecodive","66_1_A",2.38110456089451
"17-18","ecodive","66_2_A",0.614717006368452
"17-18","ecodive","66_3_A",0.404917884526691
"17-18","vegan","67_A",1.24111108114778
"17-18","vegan","68_A",0.200798931213359
"17-18","pctax","69_A",0.676962750132547
"17-18","tabula","7_A",70.7958387620924
"17-18","vegan","75_A",0.00115235637313305
"17-18","abdiv","77_A",0.103906138677255
"17-18","adiv","81_A",0.482350345234097
"17-18","vegan","9_A",0.353925500265095
"17-18","adiv","93_A",0.188938498959295
"17-18","ade4","94_A",0.190486090412665
"17-18","ecodive","95_A",0.966943364150419
"17-18","ecodive","99_A",11.7186683517274
"18-19","stats","10_A",13.7247020932313
"18-19","proxy","100_A",0.235296059954634
"18-19","vegan","11_A",0.392134345520894
"18-19","abdiv","12_A",9.01908994698055
"18-19","abdiv","13_A",0.0173760534516467
"18-19","pctax","14_A",0.0400098416528294
"18-19","vegan","15_A",0.226254169075562
"18-19","wiqid","18_A",0.127557266171356
"18-19","abdiv","19_A",0.260377821961648
"18-19","vegan","2_A",1.63294961899833
"18-19","vegan","20_A",0.756550286048597
"18-19","ecodive","21_A",1.13268246350793
"18-19","ecodive","22_A",2.26536492701586
"18-19","vegan","23_A",0.482446502554165
"18-19","analogue","24_A",1.0642264375177
"18-19","adespatial","25_A",0.483057409548392
"18-19","vegan","26_A",0.565099734732794
"18-19","ecodive","27_A",2.71012312164719
"18-19","vegan","28_A",0.116377313913373
"18-19","ecodive","29_A",14.6895346689734
"18-19","EnvNJ","3_A",1.05085640876467
"18-19","vegan","30_A",0.482446502554166
"18-19","NST","31_A",0.0209759348936594
"18-19","abdiv","32_A",0.081548342862509
"18-19","ecodive","33_A",0.232754627826746
"18-19","vegan","34_A",0.6
"18-19","vegan","35_A",0.0800580432855518
"18-19","ecodist","36_A",7.88306669245624
"18-19","NST","37_A",0.136753793866152
"18-19","ecodive","4_A",-1.21047094286827
"18-19","proxyC","40_A",21
"18-19","EnvNJ","41_A",0.6
"18-19","vegan","42_A",0.520216694114899
"18-19","vegan","43_A",0.382985512215131
"18-19","vegan","47_A",0.208491004722089
"18-19","vegan","5_A",5.0255386352922
"18-19","EnvNJ","53_A",2.70782560363011
"18-19","adiv","54_A",0.615973435964328
"18-19","adiv","55_A",0.3794232738137
"18-19","vegan","57_A",0.234056641688987
"18-19","EnvNJ","58_A",0.620667734367706
"18-19","EnvNJ","59_A",1.73607849455613
"18-19","tabula","6_A",1.90290805758043
"18-19","vegan","61_A",1.84133499556769
"18-19","NST","62_A",0.0800580432855518
"18-19","adespatial","64_A",0.0800580432855518
"18-19","ecodive","65_A",1.03161351169791
"18-19","ecodive","66_1_A",1.84133499556769
"18-19","ecodive","66_2_A",0.482446502554166
"18-19","ecodive","66_3_A",0.336523638527094
"18-19","vegan","67_A",1.2273172954743
"18-19","vegan","68_A",0.122792763613415
"18-19","pctax","69_A",0.618423648986528
"18-19","tabula","7_A",47.0592119909268
"18-19","vegan","75_A",0.000426854021669532
"18-19","abdiv","77_A",0.081548342862509
"18-19","adiv","81_A",0.345043535959185
"18-19","vegan","9_A",0.236847297973055
"18-19","adiv","93_A",0.116377313913373
"18-19","ade4","94_A",0.128186396116535
"18-19","ecodive","95_A",0.7588465476274
"18-19","ecodive","99_A",10.4570934457652
"19-20","stats","10_A",14.8928031412911
"19-20","proxy","100_A",0.310291590405654
"19-20","vegan","11_A",0.425508661179747
"19-20","abdiv","12_A",10.2122078683139
"19-20","abdiv","13_A",0.0306561277063852
"19-20","pctax","14_A",0.0705883426656445
"19-20","vegan","15_A",0.235839907193684
"19-20","wiqid","18_A",0.133683959950893
"19-20","abdiv","19_A",0.260377821961648
"19-20","vegan","2_A",2.1439747186867
"19-20","vegan","20_A",0.836948890377291
"19-20","ecodive","21_A",1.40655836638174
"19-20","ecodive","22_A",2.81311673276349
"19-20","vegan","23_A",0.605747949854477
"19-20","analogue","24_A",1.23837708317631
"19-20","adespatial","25_A",0.588889626305492
"19-20","vegan","26_A",0.568750133669685
"19-20","ecodive","27_A",2.78629523726091
"19-20","vegan","28_A",0.183465289376451
"19-20","ecodive","29_A",15.5268822983656
"19-20","EnvNJ","3_A",1.36623283644734
"19-20","vegan","30_A",0.605747949854477
"19-20","NST","31_A",0.0252394979106032
"19-20","abdiv","32_A",0.102390091422517
"19-20","ecodive","33_A",0.366930578752902
"19-20","vegan","34_A",0.685714285714286
"19-20","vegan","35_A",0.103003660455543
"19-20","ecodist","36_A",8.83195170252445
"19-20","NST","37_A",0.177208317187562
"19-20","ecodive","4_A",-1.21895610995118
"19-20","proxyC","40_A",24
"19-20","EnvNJ","41_A",0.685714285714286
"19-20","vegan","42_A",0.555542301990205
"19-20","vegan","43_A",0.471872791161432
"19-20","vegan","47_A",0.310047605153026
"19-20","vegan","5_A",5.23945407858694
"19-20","EnvNJ","53_A",2.6742259230362
"19-20","adiv","54_A",0.674923488002477
"19-20","adiv","55_A",0.455521714657429
"19-20","vegan","57_A",0.308180455183445
"19-20","EnvNJ","58_A",0.893425081240741
"19-20","EnvNJ","59_A",2.30759517869005
"19-20","tabula","6_A",1.7805307790298
"19-20","vegan","61_A",2.47208785093304
"19-20","NST","62_A",0.103003660455543
"19-20","adespatial","64_A",0.103003660455543
"19-20","ecodive","65_A",1.11282392280914
"19-20","ecodive","66_1_A",2.47208785093304
"19-20","ecodive","66_2_A",0.605747949854477
"19-20","ecodive","66_3_A",0.402678357402697
"19-20","vegan","67_A",1.20398872996953
"19-20","vegan","68_A",0.184906565110381
"19-20","pctax","69_A",0.654395782115571
"19-20","tabula","7_A",62.0583180811308
"19-20","vegan","75_A",0.00070891973368159
"19-20","abdiv","77_A",0.102390091422517
"19-20","adiv","81_A",0.473337921360208
"19-20","vegan","9_A",0.308791564231143
"19-20","adiv","93_A",0.183465289376451
"19-20","ade4","94_A",0.152124166942606
"19-20","ecodive","95_A",0.911043429314859
"19-20","ecodive","99_A",12.2201053162134
"20-21","stats","10_A",19.9139092687559
"20-21","proxy","100_A",0.357760542765455
"20-21","vegan","11_A",0.568968836250167
"20-21","abdiv","12_A",13.0862832337538
"20-21","abdiv","13_A",0.0305385840596132
"20-21","pctax","14_A",0.0703176884168111
"20-21","vegan","15_A",0.298755615151688
"20-21","wiqid","18_A",0.175610052155044
"20-21","abdiv","19_A",0.259363038205317
"20-21","vegan","2_A",2.50169071911268
"20-21","vegan","20_A",0.949777926706398
"20-21","ecodive","21_A",1.6557662694822
"20-21","ecodive","22_A",3.31153253896439
"20-21","vegan","23_A",0.614595030227328
"20-21","analogue","24_A",1.46612882455759
"20-21","adespatial","25_A",0.607456988445498
"20-21","vegan","26_A",0.689181664889003
"20-21","ecodive","27_A",3.30519915376382
"20-21","vegan","28_A",0.188863525590065
"20-21","ecodive","29_A",21.8486828920822
"20-21","EnvNJ","3_A",1.44121073701274
"20-21","vegan","30_A",0.614595030227328
"20-21","NST","31_A",0.0267215230533621
"20-21","abdiv","32_A",0.103885520946325
"20-21","ecodive","33_A",0.37772705118013
"20-21","vegan","34_A",0.657142857142857
"20-21","vegan","35_A",0.114046018948703
"20-21","ecodist","36_A",11.9757336307884
"20-21","NST","37_A",0.189525668540109
"20-21","ecodive","4_A",-1.06241718333112
"20-21","proxyC","40_A",23
"20-21","EnvNJ","41_A",0.657142857142857
"20-21","vegan","42_A",0.63265657182656
"20-21","vegan","43_A",0.531203933685542
"20-21","vegan","47_A",0.31772112025445
"20-21","vegan","5_A",7.40447977582689
"20-21","EnvNJ","53_A",3.33423194698209
"20-21","adiv","54_A",0.733561486363652
"20-21","adiv","55_A",0.53811245427605
"20-21","vegan","57_A",0.358425814358271
"20-21","EnvNJ","58_A",1.13301602274418
"20-21","EnvNJ","59_A",2.45284386410638
"20-21","tabula","6_A",1.48411827163434
"20-21","vegan","61_A",2.62305843582016
"20-21","NST","62_A",0.114046018948703
"20-21","adespatial","64_A",0.114046018948703
"20-21","ecodive","65_A",1.21083806702531
"20-21","ecodive","66_1_A",2.62305843582016
"20-21","ecodive","66_2_A",0.614595030227328
"20-21","ecodive","66_3_A",0.399393313683892
"20-21","vegan","67_A",1.22367412254691
"20-21","vegan","68_A",0.19699895958878
"20-21","pctax","69_A",0.680829710083052
"20-21","tabula","7_A",71.552108553091
"20-21","vegan","75_A",0.009748644739214
"20-21","abdiv","77_A",0.103885520946325
"20-21","adiv","81_A",0.482228167054192
"20-21","vegan","9_A",0.361659420166104
"20-21","adiv","93_A",0.188863525590065
"20-21","ade4","94_A",0.174403381358018
"20-21","ecodive","95_A",1.0762249085521
"20-21","ecodive","99_A",14.7884070982276
"21-22","stats","10_A",17.5039794344124
"21-22","proxy","100_A",0.231959947821409
"21-22","vegan","11_A",0.500113698126069
"21-22","abdiv","12_A",9.50216026439531
"21-22","abdiv","13_A",0.00939969592555449
"21-22","pctax","14_A",0.0216435997168588
"21-22","vegan","15_A",0.234209469951374
"21-22","wiqid","18_A",0.132637176361414
"21-22","abdiv","19_A",0.219925016395491
"21-22","vegan","2_A",1.80651085034108
"21-22","vegan","20_A",0.775437568187161
"21-22","ecodive","21_A",0.966426703827139
"21-22","ecodive","22_A",1.93285340765428
"21-22","vegan","23_A",0.413592449077404
"21-22","analogue","24_A",0.903001836184859
"21-22","adespatial","25_A",0.417960926762576
"21-22","vegan","26_A",0.661174361647438
"21-22","ecodive","27_A",2.8819922264812
"21-22","vegan","28_A",0.0855293569669225
"21-22","ecodive","29_A",16.6117583869961
"21-22","EnvNJ","3_A",0.869936572164478
"21-22","vegan","30_A",0.413592449077404
"21-22","NST","31_A",0.0217680236356528
"21-22","abdiv","32_A",0.069909883612271
"21-22","ecodive","33_A",0.171058713933845
"21-22","vegan","34_A",0.542857142857143
"21-22","vegan","35_A",0.079997269891235
"21-22","ecodist","36_A",9.25087354846777
"21-22","NST","37_A",0.118757738858658
"21-22","ecodive","4_A",-0.984465000940381
"21-22","proxyC","40_A",19
"21-22","EnvNJ","41_A",0.542857142857143
"21-22","vegan","42_A",0.53253021044779
"21-22","vegan","43_A",0.390947778504961
"21-22","vegan","47_A",0.157580919240913
"21-22","vegan","5_A",5.70015977675841
"21-22","EnvNJ","53_A",2.52379720838563
"21-22","adiv","54_A",0.568183505450872
"21-22","adiv","55_A",0.322832495866441
"21-22","vegan","57_A",0.238443459517894
"21-22","EnvNJ","58_A",0.64183028002237
"21-22","EnvNJ","59_A",1.44145785562858
"21-22","tabula","6_A",2.01149450405914
"21-22","vegan","61_A",1.51994812793347
"21-22","NST","62_A",0.079997269891235
"21-22","adespatial","64_A",0.079997269891235
"21-22","ecodive","65_A",0.950264087601367
"21-22","ecodive","66_1_A",1.51994812793347
"21-22","ecodive","66_2_A",0.413592449077404
"21-22","ecodive","66_3_A",0.286879501643626
"21-22","vegan","67_A",1.29236111348654
"21-22","vegan","68_A",0.0963306189426355
"21-22","pctax","69_A",0.621483868976519
"21-22","tabula","7_A",46.3919895642817
"21-22","vegan","75_A",0.00196321194241589
"21-22","abdiv","77_A",0.069909883612271
"21-22","adiv","81_A",0.272259012949604
"21-22","vegan","9_A",0.242967737953038
"21-22","adiv","93_A",0.0855293569669225
"21-22","ade4","94_A",0.141586222480062
"21-22","ecodive","95_A",0.645664991732882
"21-22","ecodive","99_A",10.5157875994463
"22-23","stats","10_A",22.6514909441163
"22-23","proxy","100_A",0.476848160950103
"22-23","vegan","11_A",0.647185455546179
"22-23","abdiv","12_A",12.2965236553774
"22-23","abdiv","13_A",0.0682114335402973
"22-23","pctax","14_A",0.157062630041643
"22-23","vegan","15_A",0.395446405095749
"22-23","wiqid","18_A",0.246452599870525
"22-23","abdiv","19_A",0.440924041962977
"22-23","vegan","2_A",2.74397730787552
"22-23","vegan","20_A",1.17835545640364
"22-23","ecodive","21_A",2.20178541207667
"22-23","ecodive","22_A",4.40357082415333
"22-23","vegan","23_A",0.859725383270115
"22-23","analogue","24_A",1.89635297838191
"22-23","adespatial","25_A",0.835213383178148
"22-23","vegan","26_A",0.73824227075645
"22-23","ecodive","27_A",3.21792345407736
"22-23","vegan","28_A",0.369563867319473
"22-23","ecodive","29_A",20.7100627126023
"22-23","EnvNJ","3_A",1.74334954756623
"22-23","vegan","30_A",0.859725383270115
"22-23","NST","31_A",0.0452487043826376
"22-23","abdiv","32_A",0.145320113113768
"22-23","ecodive","33_A",0.739127734638946
"22-23","vegan","34_A",0.542857142857143
"22-23","vegan","35_A",0.160303950166815
"22-23","ecodist","36_A",10.4694305273547
"22-23","NST","37_A",0.265772061453369
"22-23","ecodive","4_A",-0.790034452624352
"22-23","proxyC","40_A",19
"22-23","EnvNJ","41_A",0.542857142857143
"22-23","vegan","42_A",0.77248819401391
"22-23","vegan","43_A",0.651567304461373
"22-23","vegan","47_A",0.539681100148747
"22-23","vegan","5_A",6.94210328023307
"22-23","EnvNJ","53_A",5.43904645733464
"22-23","adiv","54_A",0.840809967011842
"22-23","adiv","55_A",0.706961400626454
"22-23","vegan","57_A",0.479527738709878
"22-23","EnvNJ","58_A",1.86970774704667
"22-23","EnvNJ","59_A",2.73787686710959
"22-23","tabula","6_A",1.79398740368981
"22-23","vegan","61_A",3.04577505316948
"22-23","NST","62_A",0.160303950166815
"22-23","adespatial","64_A",0.160303950166815
"22-23","ecodive","65_A",1.37708132598693
"22-23","ecodive","66_1_A",3.04577505316948
"22-23","ecodive","66_2_A",0.859725383270115
"22-23","ecodive","66_3_A",0.615812397228185
"22-23","vegan","67_A",1.20003374956332
"22-23","vegan","68_A",0.378405985223228
"22-23","pctax","69_A",0.741601715316279
"22-23","tabula","7_A",95.3696321900206
"22-23","vegan","75_A",0.0069803807773533
"22-23","abdiv","77_A",0.145320113113768
"22-23","adiv","81_A",0.701029713356369
"22-23","vegan","9_A",0.483203430632559
"22-23","adiv","93_A",0.369563867319473
"22-23","ade4","94_A",0.278973078654633
"22-23","ecodive","95_A",1.41392280125291
"22-23","ecodive","99_A",13.7109643016995
"23-24","stats","10_A",26.2260435502663
"23-24","proxy","100_A",0.518210629445023
"23-24","vegan","11_A",0.749315530007607
"23-24","abdiv","12_A",15.7356261301598
"23-24","abdiv","13_A",0.0554190228206573
"23-24","pctax","14_A",0.127607015815142
"23-24","vegan","15_A",0.52877269987559
"23-24","wiqid","18_A",0.359409249563868
"23-24","abdiv","19_A",0.314269680527354
"23-24","vegan","2_A",2.33144129899625
"23-24","vegan","20_A",1.29017008509705
"23-24","ecodive","21_A",2.73187824339882
"23-24","ecodive","22_A",5.46375648679764
"23-24","vegan","23_A",0.823744823902706
"23-24","analogue","24_A",2.55314649336199
"23-24","adespatial","25_A",0.829919899604138
"23-24","vegan","26_A",0.835023764432279
"23-24","ecodive","27_A",3.82655960759789
"23-24","vegan","28_A",0.33927776745325
"23-24","ecodive","29_A",29.2851168609995
"23-24","EnvNJ","3_A",1.8396073303898
"23-24","vegan","30_A",0.823744823902706
"23-24","NST","31_A",0.0392259439953669
"23-24","abdiv","32_A",0.139238288546393
"23-24","ecodive","33_A",0.678555534906499
"23-24","vegan","34_A",0.6
"23-24","vegan","35_A",0.160235475250107
"23-24","ecodist","36_A",12.7738324089845
"23-24","NST","37_A",0.209720824771149
"23-24","ecodive","4_A",-0.694934016036983
"23-24","proxyC","40_A",21
"23-24","EnvNJ","41_A",0.6
"23-24","vegan","42_A",0.881649490169887
"23-24","vegan","43_A",0.678057803266076
"23-24","vegan","47_A",0.506657805719295
"23-24","vegan","5_A",10.0345207272235
"23-24","EnvNJ","53_A",7.37078450809024
"23-24","adiv","54_A",0.955676372228206
"23-24","adiv","55_A",0.913317328435265
"23-24","vegan","57_A",0.51208232520887
"23-24","EnvNJ","58_A",2.10577860984534
"23-24","EnvNJ","59_A",3.06844445930695
"23-24","tabula","6_A",0.660036736781311
"23-24","vegan","61_A",3.36494498025225
"23-24","NST","62_A",0.160235475250107
"23-24","adespatial","64_A",0.160235475250107
"23-24","ecodive","65_A",1.59785684382613
"23-24","ecodive","66_1_A",3.36494498025225
"23-24","ecodive","66_2_A",0.823744823902706
"23-24","ecodive","66_3_A",0.532294102806433
"23-24","vegan","67_A",1.20143048638701
"23-24","vegan","68_A",0.341557307275036
"23-24","pctax","69_A",0.756462727697674
"23-24","tabula","7_A",103.642125889005
"23-24","vegan","75_A",0.255449694507585
"23-24","abdiv","77_A",0.139238288546393
"23-24","adiv","81_A",0.672558564786263
"23-24","vegan","9_A",0.512925455395349
"23-24","adiv","93_A",0.33927776745325
"23-24","ade4","94_A",0.252626611626521
"23-24","ecodive","95_A",1.82663465687053
"23-24","ecodive","99_A",16.5452914932529
"24-25","stats","10_A",24.7073999144742
"24-25","proxy","100_A",0.407872062465833
"24-25","vegan","11_A",0.705925711842119
"24-25","abdiv","12_A",16.2362913723687
"24-25","abdiv","13_A",0.0334523216020309
"24-25","pctax","14_A",0.077026817046879
"24-25","vegan","15_A",0.422101231364605
"24-25","wiqid","18_A",0.267508435746894
"24-25","abdiv","19_A",0.2374117490098
"24-25","vegan","2_A",2.44678954091657
"24-25","vegan","20_A",1.12186087385468
"24-25","ecodive","21_A",2.07336062681615
"24-25","ecodive","22_A",4.1467212536323
"24-25","vegan","23_A",0.622205943508531
"24-25","analogue","24_A",1.917136764954
"24-25","adespatial","25_A",0.652560989220896
"24-25","vegan","26_A",0.802310923157978
"24-25","ecodive","27_A",3.84774801677916
"24-25","vegan","28_A",0.193570118068671
"24-25","ecodive","29_A",29.6103296012559
"24-25","EnvNJ","3_A",1.45929790010241
"24-25","vegan","30_A",0.622205943508531
"24-25","NST","31_A",0.0270524323264579
"24-25","abdiv","32_A",0.105172000094721
"24-25","ecodive","33_A",0.387140236137341
"24-25","vegan","34_A",0.657142857142857
"24-25","vegan","35_A",0.116573219617174
"24-25","ecodist","36_A",15.0130246795306
"24-25","NST","37_A",0.197391775050267
"24-25","ecodive","4_A",-0.8453589850055
"24-25","proxyC","40_A",23
"24-25","EnvNJ","41_A",0.657142857142857
"24-25","vegan","42_A",0.762775840896426
"24-25","vegan","43_A",0.579342927122708
"24-25","vegan","47_A",0.324354832847003
"24-25","vegan","5_A",10.1193653693555
"24-25","EnvNJ","53_A",5.68282099033048
"24-25","adiv","54_A",0.830340929235487
"24-25","adiv","55_A",0.689466058763652
"24-25","vegan","57_A",0.406667341873788
"24-25","EnvNJ","58_A",1.37704938705098
"24-25","EnvNJ","59_A",2.50651559671414
"24-25","tabula","6_A",0.81851196226877
"24-25","vegan","61_A",2.68118405119501
"24-25","NST","62_A",0.116573219617174
"24-25","adespatial","64_A",0.116573219617174
"24-25","ecodive","65_A",1.38460707962728
"24-25","ecodive","66_1_A",2.68118405119501
"24-25","ecodive","66_2_A",0.622205943508531
"24-25","ecodive","66_3_A",0.400843475000724
"24-25","vegan","67_A",1.24531066610012
"24-25","vegan","68_A",0.196641205180174
"24-25","pctax","69_A",0.703899638478324
"24-25","tabula","7_A",81.5744124931665
"24-25","vegan","75_A",0.155630249391433
"24-25","abdiv","77_A",0.105172000094721
"24-25","adiv","81_A",0.489830708209413
"24-25","vegan","9_A",0.407799276956648
"24-25","adiv","93_A",0.193570118068671
"24-25","ade4","94_A",0.191313347560398
"24-25","ecodive","95_A",1.3789321175273
"24-25","ecodive","99_A",17.3192725615231
"25-26","stats","10_A",20.3734518908218
"25-26","proxy","100_A",0.316866222551963
"25-26","vegan","11_A",0.582098625452052
"25-26","abdiv","12_A",13.9703670108492
"25-26","abdiv","13_A",0.0178112211189196
"25-26","pctax","14_A",0.041011852236445
"25-26","vegan","15_A",0.298807028620775
"25-26","wiqid","18_A",0.175645581452479
"25-26","abdiv","19_A",0.272722189388879
"25-26","vegan","2_A",2.34459195547054
"25-26","vegan","20_A",0.931823390748403
"25-26","ecodive","21_A",1.46459773558236
"25-26","ecodive","22_A",2.92919547116473
"25-26","vegan","23_A",0.526964209507086
"25-26","analogue","24_A",1.32710169930066
"25-26","adespatial","25_A",0.53384232248975
"25-26","vegan","26_A",0.72468719190198
"25-26","ecodive","27_A",3.55022768658049
"25-26","vegan","28_A",0.138845639050714
"25-26","ecodive","29_A",25.2082332531253
"25-26","EnvNJ","3_A",1.19764501102167
"25-26","vegan","30_A",0.526964209507086
"25-26","NST","31_A",0.0219568420627952
"25-26","abdiv","32_A",0.0890732087509126
"25-26","ecodive","33_A",0.277691278101428
"25-26","vegan","34_A",0.685714285714286
"25-26","vegan","35_A",0.0884403263606027
"25-26","ecodist","36_A",13.9966320810394
"25-26","NST","37_A",0.169646381566238
"25-26","ecodive","4_A",-0.995893645746617
"25-26","proxyC","40_A",24
"25-26","EnvNJ","41_A",0.685714285714286
"25-26","vegan","42_A",0.627264572059422
"25-26","vegan","43_A",0.478921192843712
"25-26","vegan","47_A",0.243835747865617
"25-26","vegan","5_A",8.62825207972101
"25-26","EnvNJ","53_A",3.46345709285974
"25-26","adiv","54_A",0.694134780962901
"25-26","adiv","55_A",0.481823094142414
"25-26","vegan","57_A",0.314637110679561
"25-26","EnvNJ","58_A",0.919003985632187
"25-26","EnvNJ","59_A",1.99707515479541
"25-26","tabula","6_A",1.06316636002147
"25-26","vegan","61_A",2.12256783265446
"25-26","NST","62_A",0.0884403263606027
"25-26","adespatial","64_A",0.0884403263606027
"25-26","ecodive","65_A",1.15199900143215
"25-26","ecodive","66_1_A",2.12256783265446
"25-26","ecodive","66_2_A",0.526964209507086
"25-26","ecodive","66_3_A",0.357954057868076
"25-26","vegan","67_A",1.25548285617815
"25-26","vegan","68_A",0.139396196588278
"25-26","pctax","69_A",0.657428132780008
"25-26","tabula","7_A",63.3732445103925
"25-26","vegan","75_A",0.0609285679740774
"25-26","abdiv","77_A",0.0890732087509126
"25-26","adiv","81_A",0.392070654479953
"25-26","vegan","9_A",0.314856265560016
"25-26","adiv","93_A",0.138845639050714
"25-26","ade4","94_A",0.156721845330233
"25-26","ecodive","95_A",0.963646188284829
"25-26","ecodive","99_A",15.0539995533702
"26-27","stats","10_A",20.4020268285825
"26-27","proxy","100_A",0.368610498209783
"26-27","vegan","11_A",0.582915052245214
"26-27","abdiv","12_A",15.1557913583756
"26-27","abdiv","13_A",0.0259858585538862
"26-27","pctax","14_A",0.0598346505348302
"26-27","vegan","15_A",0.383694645598451
"26-27","wiqid","18_A",0.237389948968224
"26-27","abdiv","19_A",0.313473915906503
"26-27","vegan","2_A",2.43653447134718
"26-27","vegan","20_A",1.0267990166531
"26-27","ecodive","21_A",1.88151091794518
"26-27","ecodive","22_A",3.76302183589036
"26-27","vegan","23_A",0.633672854598147
"26-27","analogue","24_A",1.78371533185577
"26-27","adespatial","25_A",0.644568015878604
"26-27","vegan","26_A",0.719792397325882
"26-27","ecodive","27_A",3.6702354797004
"26-27","vegan","28_A",0.200770643327282
"26-27","ecodive","29_A",26.9412569529033
"26-27","EnvNJ","3_A",1.46440431501969
"26-27","vegan","30_A",0.633672854598147
"26-27","NST","31_A",0.0243720328691595
"26-27","abdiv","32_A",0.107110261833918
"26-27","ecodive","33_A",0.401541286654564
"26-27","vegan","34_A",0.742857142857143
"26-27","vegan","35_A",0.100589796697418
"26-27","ecodist","36_A",14.1737087216022
"26-27","NST","37_A",0.184921344193126
"26-27","ecodive","4_A",-0.974592391708214
"26-27","proxyC","40_A",26
"26-27","EnvNJ","41_A",0.742857142857143
"26-27","vegan","42_A",0.707382892236274
"26-27","vegan","43_A",0.539287434359802
"26-27","vegan","47_A",0.33440298435504
"26-27","vegan","5_A",9.25017147096134
"26-27","EnvNJ","53_A",4.96843307166983
"26-27","adiv","54_A",0.795924248026747
"26-27","adiv","55_A",0.633495408596943
"26-27","vegan","57_A",0.366487879948243
"26-27","EnvNJ","58_A",1.17043549146872
"26-27","EnvNJ","59_A",2.43748736261958
"26-27","tabula","6_A",0.849412132513767
"26-27","vegan","61_A",2.61533471413287
"26-27","NST","62_A",0.100589796697418
"26-27","adespatial","64_A",0.100589796697418
"26-27","ecodive","65_A",1.33555806008416
"26-27","ecodive","66_1_A",2.61533471413287
"26-27","ecodive","66_2_A",0.633672854598147
"26-27","ecodive","66_3_A",0.432149974962234
"26-27","vegan","67_A",1.2256470607708
"26-27","vegan","68_A",0.207571518644333
"26-27","pctax","69_A",0.684597383169441
"26-27","tabula","7_A",73.7220996419565
"26-27","vegan","75_A",0.10168625364737
"26-27","abdiv","77_A",0.107110261833918
"26-27","adiv","81_A",0.50120239279391
"26-27","vegan","9_A",0.369194766338882
"26-27","adiv","93_A",0.200770643327282
"26-27","ade4","94_A",0.183080726880341
"26-27","ecodive","95_A",1.26699081719389
"26-27","ecodive","99_A",16.5693939437573
"27-28","stats","10_A",19.9460040892671
"27-28","proxy","100_A",0.432321378505031
"27-28","vegan","11_A",0.569885831121916
"27-28","abdiv","12_A",14.2471457780479
"27-28","abdiv","13_A",0.046046496585212
"27-28","pctax","14_A",0.10602597662171
"27-28","vegan","15_A",0.345971335276342
"27-28","wiqid","18_A",0.209168887247879
"27-28","abdiv","19_A",0.332911803564162
"27-28","vegan","2_A",2.85737113684158
"27-28","vegan","20_A",1.06606311639776
"27-28","ecodive","21_A",2.11205003301469
"27-28","ecodive","22_A",4.22410006602938
"27-28","vegan","23_A",0.753866307203251
"27-28","analogue","24_A",1.81280890917016
"27-28","adespatial","25_A",0.737978860164396
"27-28","vegan","26_A",0.682173257704083
"27-28","ecodive","27_A",3.41086628852041
"27-28","vegan","28_A",0.284157204568133
"27-28","ecodive","29_A",23.26801767633
"27-28","EnvNJ","3_A",1.75783173077738
"27-28","vegan","30_A",0.753866307203251
"27-28","NST","31_A",0.0301546522881301
"27-28","abdiv","32_A",0.127426663405861
"27-28","ecodive","33_A",0.568314409136267
"27-28","vegan","34_A",0.714285714285714
"27-28","vegan","35_A",0.127310066319624
"27-28","ecodist","36_A",12.5670118730448
"27-28","NST","37_A",0.242953756487351
"27-28","ecodive","4_A",-1.03283199287394
"27-28","proxyC","40_A",25
"27-28","EnvNJ","41_A",0.714285714285714
"27-28","vegan","42_A",0.698377458346951
"27-28","vegan","43_A",0.599750825270575
"27-28","vegan","47_A",0.442558284230779
"27-28","vegan","5_A",7.7801971887218
"27-28","EnvNJ","53_A",4.01588888696187
"27-28","adiv","54_A",0.82252836938123
"27-28","adiv","55_A",0.676552918436944
"27-28","vegan","57_A",0.428177595673365
"27-28","EnvNJ","58_A",1.49830254690461
"27-28","EnvNJ","59_A",2.93373841397512
"27-28","tabula","6_A",1.33198358958576
"27-28","vegan","61_A",3.1827516579906
"27-28","NST","62_A",0.127310066319624
"27-28","adespatial","64_A",0.127310066319624
"27-28","ecodive","65_A",1.34640592288142
"27-28","ecodive","66_1_A",3.1827516579906
"27-28","ecodive","66_2_A",0.753866307203251
"27-28","ecodive","66_3_A",0.500106356284693
"27-28","vegan","67_A",1.1926683729484
"27-28","vegan","68_A",0.284506684742983
"27-28","pctax","69_A",0.714158606944534
"27-28","tabula","7_A",86.4642757010063
"27-28","vegan","75_A",0.0121089224972767
"27-28","abdiv","77_A",0.127426663405861
"27-28","adiv","81_A",0.613574216125023
"27-28","vegan","9_A",0.428317213889069
"27-28","adiv","93_A",0.284157204568133
"27-28","ade4","94_A",0.203101472290609
"27-28","ecodive","95_A",1.35310583687389
"27-28","ecodive","99_A",16.2026809013945
"28-29","stats","10_A",22.1012349528973
"28-29","proxy","100_A",0.426449556861231
"28-29","vegan","11_A",0.631463855797066
"28-29","abdiv","12_A",11.9978132601443
"28-29","abdiv","13_A",0.0278176286157077
"28-29","pctax","14_A",0.064052456972973
"28-29","vegan","15_A",0.413240250669373
"28-29","wiqid","18_A",0.260430257853275
"28-29","abdiv","19_A",0.330377286503496
"28-29","vegan","2_A",1.88230612172951
"28-29","vegan","20_A",1.04252983386301
"28-29","ecodive","21_A",1.77723451756238
"28-29","ecodive","22_A",3.55446903512476
"28-29","vegan","23_A",0.625915719565794
"28-29","analogue","24_A",1.67881874095624
"28-29","adespatial","25_A",0.6327236362857
"28-29","vegan","26_A",0.771702297825141
"28-29","ecodive","27_A",3.36377233071792
"28-29","vegan","28_A",0.195885243999783
"28-29","ecodive","29_A",22.6299285858069
"28-29","EnvNJ","3_A",1.27785974706728
"28-29","vegan","30_A",0.625915719565794
"28-29","NST","31_A",0.032942932608726
"28-29","abdiv","32_A",0.105799066698498
"28-29","ecodive","33_A",0.391770487999566
"28-29","vegan","34_A",0.457142857142857
"28-29","vegan","35_A",0.117123274085845
"28-29","ecodist","36_A",10.3836442559856
"28-29","NST","37_A",0.177974977951373
"28-29","ecodive","4_A",-0.813859402539901
"28-29","proxyC","40_A",16
"28-29","EnvNJ","41_A",0.457142857142857
"28-29","vegan","42_A",0.719502283885224
"28-29","vegan","43_A",0.528750530253742
"28-29","vegan","47_A",0.327598730701988
"28-29","vegan","5_A",7.78604865802007
"28-29","EnvNJ","53_A",4.17325893923401
"28-29","adiv","54_A",0.772946959441289
"28-29","adiv","55_A",0.597447002109533
"28-29","vegan","57_A",0.337613069822071
"28-29","EnvNJ","58_A",1.12186557867658
"28-29","EnvNJ","59_A",2.05289246294295
"28-29","tabula","6_A",1.68225524078369
"28-29","vegan","61_A",2.22534220763105
"28-29","NST","62_A",0.117123274085845
"28-29","adespatial","64_A",0.117123274085845
"28-29","ecodive","65_A",1.29569237898362
"28-29","ecodive","66_1_A",2.22534220763105
"28-29","ecodive","66_2_A",0.625915719565794
"28-29","ecodive","66_3_A",0.435874791204918
"28-29","vegan","67_A",1.25972617448069
"28-29","vegan","68_A",0.247072366278404
"28-29","pctax","69_A",0.67969438260696
"28-29","tabula","7_A",85.2899113722462
"28-29","vegan","75_A",0.0112241114465809
"28-29","abdiv","77_A",0.105799066698498
"28-29","adiv","81_A",0.4935207049027
"28-29","vegan","9_A",0.35938876521392
"28-29","adiv","93_A",0.195885243999783
"28-29","ade4","94_A",0.238597435554103
"28-29","ecodive","95_A",1.19489400421907
"28-29","ecodive","99_A",12.5337393416904
"29-30","stats","10_A",23.284668293247
"29-30","proxy","100_A",0.480471830266453
"29-30","vegan","11_A",0.665276236949915
"29-30","abdiv","12_A",13.9708009759482
"29-30","abdiv","13_A",0.0360613142436354
"29-30","pctax","14_A",0.0830342446111689
"29-30","vegan","15_A",0.410633594231331
"29-30","wiqid","18_A",0.25836307646929
"29-30","abdiv","19_A",0.433012701892219
"29-30","vegan","2_A",2.66460360612105
"29-30","vegan","20_A",1.05273604742884
"29-30","ecodive","21_A",1.9117183267765
"29-30","ecodive","22_A",3.823436653553
"29-30","vegan","23_A",0.696438385022097
"29-30","analogue","24_A",1.76118482949062
"29-30","adespatial","25_A",0.691795353060573
"29-30","vegan","26_A",0.775695052589252
"29-30","ecodive","27_A",3.554681294693
"29-30","vegan","28_A",0.242513212066093
"29-30","ecodive","29_A",25.2715182136806
"29-30","EnvNJ","3_A",1.54775962669021
"29-30","vegan","30_A",0.696438385022097
"29-30","NST","31_A",0.0331637326200999
"29-30","abdiv","32_A",0.117719572851536
"29-30","ecodive","33_A",0.485026424132187
"29-30","vegan","34_A",0.6
"29-30","vegan","35_A",0.126786026261343
"29-30","ecodist","36_A",12.9078998357689
"29-30","NST","37_A",0.127473692383874
"29-30","ecodive","4_A",-0.846930589939053
"29-30","proxyC","40_A",21
"29-30","EnvNJ","41_A",0.6
"29-30","vegan","42_A",0.717388013204899
"29-30","vegan","43_A",0.585897395578387
"29-30","vegan","47_A",0.390359168354973
"29-30","vegan","5_A",8.645115639368
"29-30","EnvNJ","53_A",5.14933477261652
"29-30","adiv","54_A",0.796441134870039
"29-30","adiv","55_A",0.634318481313076
"29-30","vegan","57_A",0.386996766497138
"29-30","EnvNJ","58_A",1.41466498960156
"29-30","EnvNJ","59_A",2.45359686785125
"29-30","tabula","6_A",1.68458832889161
"29-30","vegan","61_A",2.6625065514882
"29-30","NST","62_A",0.126786026261343
"29-30","adespatial","64_A",0.126786026261343
"29-30","ecodive","65_A",1.32709639042935
"29-30","ecodive","66_1_A",2.6625065514882
"29-30","ecodive","66_2_A",0.696438385022097
"29-30","ecodive","66_3_A",0.500167311125541
"29-30","vegan","67_A",1.23575180048473
"29-30","vegan","68_A",0.307168583089091
"29-30","pctax","69_A",0.707162264515462
"29-30","tabula","7_A",96.0943660532906
"29-30","vegan","75_A",0.00416287457444298
"29-30","abdiv","77_A",0.117719572851536
"29-30","adiv","81_A",0.561522773740304
"29-30","vegan","9_A",0.414324529030923
"29-30","adiv","93_A",0.242513212066093
"29-30","ade4","94_A",0.260951597963111
"29-30","ecodive","95_A",1.26863696262615
"29-30","ecodive","99_A",15.0168248757515
"30-31","stats","10_A",21.1499876123259
"30-31","proxy","100_A",0.34868055026839
"30-31","vegan","11_A",0.604285360352167
"30-31","abdiv","12_A",15.1071340088042
"30-31","abdiv","13_A",0.0122907799247988
"30-31","pctax","14_A",0.0283005666361123
"30-31","vegan","15_A",0.394717045035943
"30-31","wiqid","18_A",0.245886274326498
"30-31","abdiv","19_A",0.270030862433661
"30-31","vegan","2_A",1.80744092076868
"30-31","vegan","20_A",1.00340616512643
"30-31","ecodive","21_A",1.81455372488872
"30-31","ecodive","22_A",3.62910744977743
"30-31","vegan","23_A",0.558853095094903
"30-31","analogue","24_A",1.76985575459371
"30-31","adespatial","25_A",0.574393230505413
"30-31","vegan","26_A",0.752048816376073
"30-31","ecodive","27_A",3.76024408188037
"30-31","vegan","28_A",0.156158390948576
"30-31","ecodive","29_A",28.2788711106326
"30-31","EnvNJ","3_A",1.30836338433966
"30-31","vegan","30_A",0.558853095094902
"30-31","NST","31_A",0.0223541238037961
"30-31","abdiv","32_A",0.0944634142175314
"30-31","ecodive","33_A",0.312316781897152
"30-31","vegan","34_A",0.714285714285714
"30-31","vegan","35_A",0.0938678362498263
"30-31","ecodist","36_A",13.9943487620899
"30-31","NST","37_A",0.0893528546304157
"30-31","ecodive","4_A",-0.973421553065287
"30-31","proxyC","40_A",25
"30-31","EnvNJ","41_A",0.714285714285714
"30-31","vegan","42_A",0.702335883466387
"30-31","vegan","43_A",0.498738667042275
"30-31","vegan","47_A",0.27013321387644
"30-31","vegan","5_A",9.7740689361999
"30-31","EnvNJ","53_A",4.40247920185697
"30-31","adiv","54_A",0.787584278497689
"30-31","adiv","55_A",0.620288995736726
"30-31","vegan","57_A",0.325219632704726
"30-31","EnvNJ","58_A",0.994866129476901
"30-31","EnvNJ","59_A",2.20537485328531
"30-31","tabula","6_A",0.773492468153762
"30-31","vegan","61_A",2.34669590624566
"30-31","NST","62_A",0.0938678362498263
"30-31","adespatial","64_A",0.0938678362498263
"30-31","ecodive","65_A",1.33035925771715
"30-31","ecodive","66_1_A",2.34669590624566
"30-31","ecodive","66_2_A",0.558853095094902
"30-31","ecodive","66_3_A",0.370112875139552
"30-31","vegan","67_A",1.23891909307359
"30-31","vegan","68_A",0.173470204474329
"30-31","pctax","69_A",0.666106545240754
"30-31","tabula","7_A",69.7361100536781
"30-31","vegan","75_A",0.147865583337363
"30-31","abdiv","77_A",0.0944634142175314
"30-31","adiv","81_A",0.425362018605898
"30-31","vegan","9_A",0.332213090481509
"30-31","adiv","93_A",0.156158390948576
"30-31","ade4","94_A",0.169387299357252
"30-31","ecodive","95_A",1.24057799147345
"30-31","ecodive","99_A",15.9710419588822
"31-32","stats","10_A",22.3951398190207
"31-32","proxy","100_A",0.406073356751722
"31-32","vegan","11_A",0.639861137686305
"31-32","abdiv","12_A",13.4370838914124
"31-32","abdiv","13_A",0.043844297424088
"31-32","pctax","14_A",0.100955225661502
"31-32","vegan","15_A",0.377410621098103
"31-32","wiqid","18_A",0.232597739147978
"31-32","abdiv","19_A",0.412783333999957
"31-32","vegan","2_A",2.60108808656381
"31-32","vegan","20_A",1.08054043612314
"31-32","ecodive","21_A",2.01827142949342
"31-32","ecodive","22_A",4.03654285898684
"31-32","vegan","23_A",0.737268043159847
"31-32","analogue","24_A",1.81481177262791
"31-32","adespatial","25_A",0.717446799880454
"31-32","vegan","26_A",0.750669203429773
"31-32","ecodive","27_A",3.43999844658914
"31-32","vegan","28_A",0.271782083732375
"31-32","ecodive","29_A",23.6671786250713
"31-32","EnvNJ","3_A",1.62153105211997
"31-32","vegan","30_A",0.737268043159847
"31-32","NST","31_A",0.0351080020552308
"31-32","abdiv","32_A",0.124621044710382
"31-32","ecodive","33_A",0.54356416746475
"31-32","vegan","34_A",0.6
"31-32","vegan","35_A",0.134775179535238
"31-32","ecodist","36_A",11.8995198694199
"31-32","NST","37_A",0.222365639803688
"31-32","ecodive","4_A",-0.925129515726583
"31-32","proxyC","40_A",21
"31-32","EnvNJ","41_A",0.6
"31-32","vegan","42_A",0.724572971385704
"31-32","vegan","43_A",0.584196193866297
"31-32","vegan","47_A",0.427403542177226
"31-32","vegan","5_A",8.05436153800823
"31-32","EnvNJ","53_A",4.9690154810344
"31-32","adiv","54_A",0.813408999789021
"31-32","adiv","55_A",0.661634200937776
"31-32","vegan","57_A",0.409301653094718
"31-32","EnvNJ","58_A",1.40480605023285
"31-32","EnvNJ","59_A",2.59673004836338
"31-32","tabula","6_A",1.33845252465095
"31-32","vegan","61_A",2.83027877023999
"31-32","NST","62_A",0.134775179535238
"31-32","adespatial","64_A",0.134775179535238
"31-32","ecodive","65_A",1.34714949898959
"31-32","ecodive","66_1_A",2.83027877023999
"31-32","ecodive","66_2_A",0.737268043159847
"31-32","ecodive","66_3_A",0.520594218978094
"31-32","vegan","67_A",1.21233314341225
"31-32","vegan","68_A",0.279930596373443
"31-32","pctax","69_A",0.706312552394399
"31-32","tabula","7_A",81.2146713503445
"31-32","vegan","75_A",0.0344553529686769
"31-32","abdiv","77_A",0.124621044710382
"31-32","adiv","81_A",0.598854534892501
"31-32","vegan","9_A",0.412625104788797
"31-32","adiv","93_A",0.271782083732375
"31-32","ade4","94_A",0.220021590828051
"31-32","ecodive","95_A",1.32326840187555
"31-32","ecodive","99_A",14.6733345576642
"32-33","stats","10_A",18.7457093548092
"32-33","proxy","100_A",0.34906454263138
"32-33","vegan","11_A",0.535591695851691
"32-33","abdiv","12_A",10.7118339170338
"32-33","abdiv","13_A",0.0385607674410536
"32-33","pctax","14_A",0.0887894482841802
"32-33","vegan","15_A",0.277036193141016
"32-33","wiqid","18_A",0.16079048906202
"32-33","abdiv","19_A",0.321203800924839
"32-33","vegan","2_A",2.39665531040564
"32-33","vegan","20_A",0.926679106849572
"32-33","ecodive","21_A",1.51991377582499
"32-33","ecodive","22_A",3.03982755164998
"32-33","vegan","23_A",0.646964557654714
"32-33","analogue","24_A",1.33177880011566
"32-33","adespatial","25_A",0.62613227634531
"32-33","vegan","26_A",0.663143280064879
"32-33","ecodive","27_A",2.9656669060945
"32-33","vegan","28_A",0.20928156943068
"32-33","ecodive","29_A",17.5903603958083
"32-33","EnvNJ","3_A",1.39361815767599
"32-33","vegan","30_A",0.646964557654714
"32-33","NST","31_A",0.0323482278827357
"32-33","abdiv","32_A",0.109356969712087
"32-33","ecodive","33_A",0.41856313886136
"32-33","vegan","34_A",0.571428571428571
"32-33","vegan","35_A",0.123301625721357
"32-33","ecodist","36_A",9.56857404530531
"32-33","NST","37_A",0.207009263074075
"32-33","ecodive","4_A",-1.04821770124197
"32-33","proxyC","40_A",20
"32-33","EnvNJ","41_A",0.571428571428571
"32-33","vegan","42_A",0.613720071409579
"32-33","vegan","43_A",0.519004326744103
"32-33","vegan","47_A",0.346125459481216
"32-33","vegan","5_A",5.95221712340588
"32-33","EnvNJ","53_A",3.29583397468098
"32-33","adiv","54_A",0.700976268828323
"32-33","adiv","55_A",0.491367729460477
"32-33","vegan","57_A",0.348951456474213
"32-33","EnvNJ","58_A",1.07891220166013
"32-33","EnvNJ","59_A",2.28237025187224
"32-33","tabula","6_A",1.94803160687471
"32-33","vegan","61_A",2.46603251442714
"32-33","NST","62_A",0.123301625721357
"32-33","adespatial","64_A",0.123301625721357
"32-33","ecodive","65_A",1.15402720943471
"32-33","ecodive","66_1_A",2.46603251442714
"32-33","ecodive","66_2_A",0.646964557654714
"32-33","ecodive","66_3_A",0.450509732946518
"32-33","vegan","67_A",1.2247347585369
"32-33","vegan","68_A",0.21289594698397
"32-33","pctax","69_A",0.675221418980616
"32-33","tabula","7_A",69.812908526276
"32-33","vegan","75_A",0.00187633455999281
"32-33","abdiv","77_A",0.109356969712087
"32-33","adiv","81_A",0.514254384007579
"32-33","vegan","9_A",0.350442837961232
"32-33","adiv","93_A",0.20928156943068
"32-33","ade4","94_A",0.186097241237849
"32-33","ecodive","95_A",0.982735458920954
"32-33","ecodive","99_A",12.2332631907605
"33-34","stats","10_A",22.5534534197026
"33-34","proxy","100_A",0.410428938856626
"33-34","vegan","11_A",0.644384383420074
"33-34","abdiv","12_A",16.1096095855019
"33-34","abdiv","13_A",0.028171647690838
"33-34","pctax","14_A",0.0648676160180036
"33-34","vegan","15_A",0.320354405444853
"33-34","wiqid","18_A",0.190727381111429
"33-34","abdiv","19_A",0.368053815103941
"33-34","vegan","2_A",2.81380727585823
"33-34","vegan","20_A",1.02837506703371
"33-34","ecodive","21_A",1.88082898274782
"33-34","ecodive","22_A",3.76165796549563
"33-34","vegan","23_A",0.686674242126781
"33-34","analogue","24_A",1.62378028560514
"33-34","adespatial","25_A",0.65915554439139
"33-34","vegan","26_A",0.749241497049592
"33-34","ecodive","27_A",3.74620748524796
"33-34","vegan","28_A",0.235760757400195
"33-34","ecodive","29_A",28.0681410450557
"33-34","EnvNJ","3_A",1.64387110159704
"33-34","vegan","30_A",0.686674242126781
"33-34","NST","31_A",0.0274669696850713
"33-34","abdiv","32_A",0.116069131469186
"33-34","ecodive","33_A",0.471521514800389
"33-34","vegan","34_A",0.714285714285714
"33-34","vegan","35_A",0.116787535523605
"33-34","ecodist","36_A",15.8432035116449
"33-34","NST","37_A",0.179834497785855
"33-34","ecodive","4_A",-1.00322042686558
"33-34","proxyC","40_A",25
"33-34","EnvNJ","41_A",0.714285714285714
"33-34","vegan","42_A",0.675745846609498
"33-34","vegan","43_A",0.584079690271211
"33-34","vegan","47_A",0.381563754939411
"33-34","vegan","5_A",9.54392151667827
"33-34","EnvNJ","53_A",4.19967502898041
"33-34","adiv","54_A",0.777156406946073
"33-34","adiv","55_A",0.60397208085733
"33-34","vegan","57_A",0.410830459646651
"33-34","EnvNJ","58_A",1.40415139616384
"33-34","EnvNJ","59_A",2.71240537223813
"33-34","tabula","6_A",0.909269846384068
"33-34","vegan","61_A",2.91968838809013
"33-34","NST","62_A",0.116787535523605
"33-34","adespatial","64_A",0.116787535523605
"33-34","ecodive","65_A",1.27427637724519
"33-34","ecodive","66_1_A",2.91968838809013
"33-34","ecodive","66_2_A",0.686674242126781
"33-34","ecodive","66_3_A",0.467606499067322
"33-34","vegan","67_A",1.21595144840724
"33-34","vegan","68_A",0.240102682692693
"33-34","pctax","69_A",0.706254436163532
"33-34","tabula","7_A",82.0857877713252
"33-34","vegan","75_A",0.0935129209588754
"33-34","abdiv","77_A",0.116069131469186
"33-34","adiv","81_A",0.552365033571896
"33-34","vegan","9_A",0.412508872327065
"33-34","adiv","93_A",0.235760757400195
"33-34","ade4","94_A",0.196651375919709
"33-34","ecodive","95_A",1.20794416171466
"33-34","ecodive","99_A",17.7186856808201
"34-35","stats","10_A",20.2103434991973
"34-35","proxy","100_A",0.355996125730754
"34-35","vegan","11_A",0.577438385691351
"34-35","abdiv","12_A",15.0133980279751
"34-35","abdiv","13_A",0.0219590105073879
"34-35","pctax","14_A",0.050562490251211
"34-35","vegan","15_A",0.376493708627764
"34-35","wiqid","18_A",0.231901601261761
"34-35","abdiv","19_A",0.268635344758668
"34-35","vegan","2_A",2.17107968492775
"34-35","vegan","20_A",1.02630631132569
"34-35","ecodive","21_A",1.90845591978037
"34-35","ecodive","22_A",3.81691183956074
"34-35","vegan","23_A",0.615668588471298
"34-35","analogue","24_A",1.79309169679211
"34-35","adespatial","25_A",0.62846362606826
"34-35","vegan","26_A",0.721846418528399
"34-35","ecodive","27_A",3.68070897389337
"34-35","vegan","28_A",0.189523905415121
"34-35","ecodive","29_A",27.0952371009984
"34-35","EnvNJ","3_A",1.40491540793967
"34-35","vegan","30_A",0.615668588471299
"34-35","NST","31_A",0.0236795610950499
"34-35","abdiv","32_A",0.104066985409844
"34-35","ecodive","33_A",0.379047810830241
"34-35","vegan","34_A",0.742857142857143
"34-35","vegan","35_A",0.0977382873507951
"34-35","ecodist","36_A",13.796967579076
"34-35","NST","37_A",0.146932285720658
"34-35","ecodive","4_A",-1.00106432713405
"34-35","proxyC","40_A",26
"34-35","EnvNJ","41_A",0.742857142857143
"34-35","vegan","42_A",0.703522446391414
"34-35","vegan","43_A",0.519850464456856
"34-35","vegan","47_A",0.318655059477733
"34-35","vegan","5_A",9.29120279479311
"34-35","EnvNJ","53_A",4.53041071303956
"34-35","adiv","54_A",0.799824414850699
"34-35","adiv","55_A",0.639719094591264
"34-35","vegan","57_A",0.350613313122836
"34-35","EnvNJ","58_A",1.08258303731077
"34-35","EnvNJ","59_A",2.37169458349868
"34-35","tabula","6_A",0.805076485899414
"34-35","vegan","61_A",2.54119547112067
"34-35","NST","62_A",0.0977382873507951
"34-35","adespatial","64_A",0.0977382873507951
"34-35","ecodive","65_A",1.3390637388833
"34-35","ecodive","66_1_A",2.54119547112067
"34-35","ecodive","66_2_A",0.615668588471299
"34-35","ecodive","66_3_A",0.410546206541869
"34-35","vegan","67_A",1.22402937935872
"34-35","vegan","68_A",0.191023973821417
"34-35","pctax","69_A",0.675607413971892
"34-35","tabula","7_A",71.1992251461508
"34-35","vegan","75_A",0.120212474407957
"34-35","abdiv","77_A",0.104066985409844
"34-35","adiv","81_A",0.483303131000673
"34-35","vegan","9_A",0.351214827943783
"34-35","adiv","93_A",0.189523905415121
"34-35","ade4","94_A",0.171091019144158
"34-35","ecodive","95_A",1.27943818918253
"34-35","ecodive","99_A",16.2082610830543
"35-36","stats","10_A",14.3254385302736
"35-36","proxy","100_A",0.272035643850997
"35-36","vegan","11_A",0.409298243722103
"35-36","abdiv","12_A",8.59526311816417
"35-36","abdiv","13_A",0.0271402071570718
"35-36","pctax","14_A",0.0624926364206439
"35-36","vegan","15_A",0.184113607493818
"35-36","wiqid","18_A",0.101390488002785
"35-36","abdiv","19_A",0.302554021874319
"35-36","vegan","2_A",2.18238484453018
"35-36","vegan","20_A",0.786047308495745
"35-36","ecodive","21_A",1.09618891464079
"35-36","ecodive","22_A",2.19237782928158
"35-36","vegan","23_A",0.555194086210452
"35-36","analogue","24_A",0.91400921135731
"35-36","adespatial","25_A",0.532955123073299
"35-36","vegan","26_A",0.568203182399899
"35-36","ecodive","27_A",2.60383409346234
"35-36","vegan","28_A",0.15412023668153
"35-36","ecodive","29_A",13.5599039725536
"35-36","EnvNJ","3_A",1.11149153906971
"35-36","vegan","30_A",0.555194086210452
"35-36","NST","31_A",0.0264378136290691
"35-36","abdiv","32_A",0.0938449288321749
"35-36","ecodive","33_A",0.308240473363059
"35-36","vegan","34_A",0.6
"35-36","vegan","35_A",0.0914490026792902
"35-36","ecodist","36_A",8.0011286358148
"35-36","NST","37_A",0.172856826711842
"35-36","ecodive","4_A",-1.12797060626388
"35-36","proxyC","40_A",21
"35-36","EnvNJ","41_A",0.6
"35-36","vegan","42_A",0.507568428616279
"35-36","vegan","43_A",0.426137040076488
"35-36","vegan","47_A",0.267078302213425
"35-36","vegan","5_A",4.55977815741614
"35-36","EnvNJ","53_A",2.17123941968082
"35-36","adiv","54_A",0.588080382925455
"35-36","adiv","55_A",0.34583853678175
"35-36","vegan","57_A",0.270671513957666
"35-36","EnvNJ","58_A",0.742518889216865
"35-36","EnvNJ","59_A",1.78412015490872
"35-36","tabula","6_A",2.20087399538658
"35-36","vegan","61_A",1.92042905626509
"35-36","NST","62_A",0.0914490026792902
"35-36","adespatial","64_A",0.0914490026792902
"35-36","ecodive","65_A",0.956038289692055
"35-36","ecodive","66_1_A",1.92042905626509
"35-36","ecodive","66_2_A",0.555194086210452
"35-36","ecodive","66_3_A",0.396850537611431
"35-36","vegan","67_A",1.23851886434159
"35-36","vegan","68_A",0.154322378250103
"35-36","pctax","69_A",0.635379334455269
"35-36","tabula","7_A",54.4071287701994
"35-36","vegan","75_A",0.000126939154284633
"35-36","abdiv","77_A",0.0938449288321749
"35-36","adiv","81_A",0.421565583984625
"35-36","vegan","9_A",0.270758668910537
"35-36","adiv","93_A",0.15412023668153
"35-36","ade4","94_A",0.156682826842283
"35-36","ecodive","95_A",0.6916770735635
"35-36","ecodive","99_A",10.046081421789
"36-37","stats","10_A",16.4452068008886
"36-37","proxy","100_A",0.240931828791198
"36-37","vegan","11_A",0.469863051453959
"36-37","abdiv","12_A",9.86712408053314
"36-37","abdiv","13_A",0.0110676366733794
"36-37","pctax","14_A",0.0254841752187978
"36-37","vegan","15_A",0.220099599209056
"36-37","wiqid","18_A",0.12365837948643
"36-37","abdiv","19_A",0.173131745055041
"36-37","vegan","2_A",1.97013991456581
"36-37","vegan","20_A",0.759970039446704
"36-37","ecodive","21_A",1.00631917280927
"36-37","ecodive","22_A",2.01263834561854
"36-37","vegan","23_A",0.413186205786152
"36-37","analogue","24_A",0.933114307067895
"36-37","adespatial","25_A",0.420400229362578
"36-37","vegan","26_A",0.632528220670771
"36-37","ecodive","27_A",2.89860845041954
"36-37","vegan","28_A",0.0853614203259783
"36-37","ecodive","29_A",16.8038618976871
"36-37","EnvNJ","3_A",0.885633864152943
"36-37","vegan","30_A",0.413186205786152
"36-37","NST","31_A",0.0196755336088644
"36-37","abdiv","32_A",0.0698412159630598
"36-37","ecodive","33_A",0.170722840651957
"36-37","vegan","34_A",0.6
"36-37","vegan","35_A",0.0761017134881355
"36-37","ecodist","36_A",9.48595117499493
"36-37","NST","37_A",0.122067333687441
"36-37","ecodive","4_A",-1.09769903792175
"36-37","proxyC","40_A",21
"36-37","EnvNJ","41_A",0.6
"36-37","vegan","42_A",0.518002090595787
"36-37","vegan","43_A",0.37489525686959
"36-37","vegan","47_A",0.157295843996999
"36-37","vegan","5_A",5.74846895557086
"36-37","EnvNJ","53_A",2.40197675630511
"36-37","adiv","54_A",0.578600069905676
"36-37","adiv","55_A",0.334778040894853
"36-37","vegan","57_A",0.22974477466663
"36-37","EnvNJ","58_A",0.599682393146306
"36-37","EnvNJ","59_A",1.5190173679309
"36-37","tabula","6_A",1.90188587933653
"36-37","vegan","61_A",1.59813598325085
"36-37","NST","62_A",0.0761017134881355
"36-37","adespatial","64_A",0.0761017134881355
"36-37","ecodive","65_A",0.965978419566346
"36-37","ecodive","66_1_A",1.59813598325085
"36-37","ecodive","66_2_A",0.413186205786152
"36-37","ecodive","66_3_A",0.273854709097142
"36-37","vegan","67_A",1.26405498427521
"36-37","vegan","68_A",0.08760325429258
"36-37","pctax","69_A",0.615344951903665
"36-37","tabula","7_A",48.1863657582396
"36-37","vegan","75_A",0.00154101834713138
"36-37","abdiv","77_A",0.0698412159630598
"36-37","adiv","81_A",0.271833420664055
"36-37","vegan","9_A",0.23068990380733
"36-37","adiv","93_A",0.0853614203259783
"36-37","ade4","94_A",0.121065242430299
"36-37","ecodive","95_A",0.669556081789706
"36-37","ecodive","99_A",11.0867199565504
"37-38","stats","10_A",21.7919831551221
"37-38","proxy","100_A",0.470213658907233
"37-38","vegan","11_A",0.622628090146346
"37-38","abdiv","12_A",12.4525618029269
"37-38","abdiv","13_A",0.0578568097037848
"37-38","pctax","14_A",0.133220227552128
"37-38","vegan","15_A",0.416818557964947
"37-38","wiqid","18_A",0.263279082799985
"37-38","abdiv","19_A",0.508913357807983
"37-38","vegan","2_A",2.74562372214766
"37-38","vegan","20_A",1.18190872404605
"37-38","ecodive","21_A",2.18228443784525
"37-38","ecodive","22_A",4.36456887569051
"37-38","vegan","23_A",0.895866769303816
"37-38","analogue","24_A",1.92702465690396
"37-38","adespatial","25_A",0.853390272398818
"37-38","vegan","26_A",0.738978698551399
"37-38","ecodive","27_A",3.30481320777051
"37-38","vegan","28_A",0.401288634171429
"37-38","ecodive","29_A",21.8435806765088
"37-38","EnvNJ","3_A",1.74680055877341
"37-38","vegan","30_A",0.895866769303816
"37-38","NST","31_A",0.0447933384651908
"37-38","abdiv","32_A",0.151429122349402
"37-38","ecodive","33_A",0.802577268342857
"37-38","vegan","34_A",0.571428571428571
"37-38","vegan","35_A",0.149234387986942
"37-38","ecodist","36_A",10.8872143544417
"37-38","NST","37_A",0.242530890816755
"37-38","ecodive","4_A",-0.763480110355766
"37-38","proxyC","40_A",20
"37-38","EnvNJ","41_A",0.571428571428571
"37-38","vegan","42_A",0.784775752648345
"37-38","vegan","43_A",0.648621414802263
"37-38","vegan","47_A",0.572742295035751
"37-38","vegan","5_A",7.41229233322522
"37-38","EnvNJ","53_A",5.50615204381297
"37-38","adiv","54_A",0.842259021726475
"37-38","adiv","55_A",0.709400259679639
"37-38","vegan","57_A",0.477027235207341
"37-38","EnvNJ","58_A",1.84564788453831
"37-38","EnvNJ","59_A",2.65932839254022
"37-38","tabula","6_A",1.57421309013324
"37-38","vegan","61_A",2.98468775973884
"37-38","NST","62_A",0.149234387986942
"37-38","adespatial","64_A",0.149234387986942
"37-38","ecodive","65_A",1.38817313650134
"37-38","ecodive","66_1_A",2.98468775973884
"37-38","ecodive","66_2_A",0.895866769303816
"37-38","ecodive","66_3_A",0.66908511140332
"37-38","vegan","67_A",1.19255856667101
"37-38","vegan","68_A",0.40798921735301
"37-38","pctax","69_A",0.739985087046261
"37-38","tabula","7_A",94.0427317814466
"37-38","vegan","75_A",0.0153423288355823
"37-38","abdiv","77_A",0.151429122349402
"37-38","adiv","81_A",0.728335846048741
"37-38","vegan","9_A",0.479970174092522
"37-38","adiv","93_A",0.401288634171429
"37-38","ade4","94_A",0.29299083466809
"37-38","ecodive","95_A",1.41880051935928
"37-38","ecodive","99_A",13.6239560028748
"38-39","stats","10_A",24.4132647931288
"38-39","proxy","100_A",0.433636778111566
"38-39","vegan","11_A",0.697521851232251
"38-39","abdiv","12_A",12.5553933221805
"38-39","abdiv","13_A",0.0474521620085078
"38-39","pctax","14_A",0.109262640871129
"38-39","vegan","15_A",0.471785839244181
"38-39","wiqid","18_A",0.308717096961624
"38-39","abdiv","19_A",0.281718084909506
"38-39","vegan","2_A",2.15114590604757
"38-39","vegan","20_A",1.17175740942062
"38-39","ecodive","21_A",1.9426760754012
"38-39","ecodive","22_A",3.8853521508024
"38-39","vegan","23_A",0.651412844988523
"38-39","analogue","24_A",1.83724884544011
"38-39","adespatial","25_A",0.697789740048449
"38-39","vegan","26_A",0.799761976984047
"38-39","ecodive","27_A",3.39310270356348
"38-39","vegan","28_A",0.212169347308021
"38-39","ecodive","29_A",23.0262919138595
"38-39","EnvNJ","3_A",1.36656161075866
"38-39","vegan","30_A",0.651412844988523
"38-39","NST","31_A",0.0361896024993624
"38-39","abdiv","32_A",0.110108867505372
"38-39","ecodive","33_A",0.424338694616042
"38-39","vegan","34_A",0.514285714285714
"38-39","vegan","35_A",0.13618917425599
"38-39","ecodist","36_A",10.7223424146697
"38-39","NST","37_A",0.213037744585896
"38-39","ecodive","4_A",-0.647343906098757
"38-39","proxyC","40_A",18
"38-39","EnvNJ","41_A",0.514285714285714
"38-39","vegan","42_A",0.805747443512622
"38-39","vegan","43_A",0.604570673901539
"38-39","vegan","47_A",0.350065521421088
"38-39","vegan","5_A",7.89138677581527
"38-39","EnvNJ","53_A",6.10165898736777
"38-39","adiv","54_A",0.808594346662621
"38-39","adiv","55_A",0.65382481745475
"38-39","vegan","57_A",0.433094743932704
"38-39","EnvNJ","58_A",1.52862996168326
"38-39","EnvNJ","59_A",2.26370049627416
"38-39","tabula","6_A",1.32562387917666
"38-39","vegan","61_A",2.45140513660782
"38-39","NST","62_A",0.13618917425599
"38-39","adespatial","64_A",0.13618917425599
"38-39","ecodive","65_A",1.35545152825179
"38-39","ecodive","66_1_A",2.45140513660782
"38-39","ecodive","66_2_A",0.651412844988523
"38-39","ecodive","66_3_A",0.440268073855807
"38-39","vegan","67_A",1.27847551077873
"38-39","vegan","68_A",0.212602577399268
"38-39","pctax","69_A",0.71662532906338
"38-39","tabula","7_A",86.7273556223132
"38-39","vegan","75_A",0.0598628105302188
"38-39","abdiv","77_A",0.110108867505372
"38-39","adiv","81_A",0.518590417822991
"38-39","vegan","9_A",0.43325065812676
"38-39","adiv","93_A",0.212169347308021
"38-39","ade4","94_A",0.230585804621516
"38-39","ecodive","95_A",1.3076496349095
"38-39","ecodive","99_A",13.3828793869195
"39-40","stats","10_A",18.8549198557208
"39-40","proxy","100_A",0.319896331663691
"39-40","vegan","11_A",0.538711995877736
"39-40","abdiv","12_A",8.08067993816604
"39-40","abdiv","13_A",0.0439530646047006
"39-40","pctax","14_A",0.101205671350188
"39-40","vegan","15_A",0.393756852607088
"39-40","wiqid","18_A",0.245141498811181
"39-40","abdiv","19_A",0.444355971378087
"39-40","vegan","2_A",1.63374928482206
"39-40","vegan","20_A",1.01328513111808
"39-40","ecodive","21_A",1.4347397018606
"39-40","ecodive","22_A",2.8694794037212
"39-40","vegan","23_A",0.619033277346731
"39-40","analogue","24_A",1.39934652083829
"39-40","adespatial","25_A",0.645874821348428
"39-40","vegan","26_A",0.692589134574622
"39-40","ecodive","27_A",2.68238618397172
"39-40","vegan","28_A",0.191601099231317
"39-40","ecodive","29_A",14.3903912799247
"39-40","EnvNJ","3_A",1.10992559865683
"39-40","vegan","30_A",0.619033277346731
"39-40","NST","31_A",0.0412688851564487
"39-40","abdiv","32_A",0.104635721633626
"39-40","ecodive","33_A",0.383202198462635
"39-40","vegan","34_A",0.428571428571429
"39-40","vegan","35_A",0.118366348395705
"39-40","ecodist","36_A",6.34050047060506
"39-40","NST","37_A",0.189870970311922
"39-40","ecodive","4_A",-0.739530125137628
"39-40","proxyC","40_A",15
"39-40","EnvNJ","41_A",0.428571428571429
"39-40","vegan","42_A",0.707610828447777
"39-40","vegan","43_A",0.48216077200194
"39-40","vegan","47_A",0.321585972612674
"39-40","vegan","5_A",4.9503521067312
"39-40","EnvNJ","53_A",5.10658084401006
"39-40","adiv","54_A",0.700328152479549
"39-40","adiv","55_A",0.490459521155418
"39-40","vegan","57_A",0.3176490522547
"39-40","EnvNJ","58_A",0.930969469105694
"39-40","EnvNJ","59_A",1.61500080861548
"39-40","tabula","6_A",2.30514734648387
"39-40","vegan","61_A",1.77549522593558
"39-40","NST","62_A",0.118366348395705
"39-40","adespatial","64_A",0.118366348395705
"39-40","ecodive","65_A",1.18293977904131
"39-40","ecodive","66_1_A",1.77549522593558
"39-40","ecodive","66_2_A",0.619033277346731
"39-40","ecodive","66_3_A",0.491382915398743
"39-40","vegan","67_A",1.28926927165735
"39-40","vegan","68_A",0.191633225010802
"39-40","pctax","69_A",0.658831305420233
"39-40","tabula","7_A",63.9792663327381
"39-40","vegan","75_A",0.00223819997751817
"39-40","abdiv","77_A",0.104635721633626
"39-40","adiv","81_A",0.486666746283518
"39-40","vegan","9_A",0.317662610840465
"39-40","adiv","93_A",0.191601099231317
"39-40","ade4","94_A",0.221533767972143
"39-40","ecodive","95_A",0.980919042310837
"39-40","ecodive","99_A",8.83554318581618
"40-41","stats","10_A",12.2507997483275
"40-41","proxy","100_A",0.178835772188387
"40-41","vegan","11_A",0.350022849952214
"40-41","abdiv","12_A",4.55029704937879
"40-41","abdiv","13_A",0.015198909953441
"40-41","pctax","14_A",0.0349967834885522
"40-41","vegan","15_A",0.114048239709099
"40-41","wiqid","18_A",0.0604725116041712
"40-41","abdiv","19_A",0.138232703275227
"40-41","vegan","2_A",1.59953954920523
"40-41","vegan","20_A",0.568824127179859
"40-41","ecodive","21_A",0.444150108469949
"40-41","ecodive","22_A",0.888300216939898
"40-41","vegan","23_A",0.292854310909127
"40-41","analogue","24_A",0.387549005182577
"40-41","adespatial","25_A",0.307672692064549
"40-41","vegan","26_A",0.507627643487808
"40-41","ecodive","27_A",1.83027749743824
"40-41","vegan","28_A",0.0428818237090299
"40-41","ecodive","29_A",6.6998314352576
"40-41","EnvNJ","3_A",0.535304785933372
"40-41","vegan","30_A",0.292854310909127
"40-41","NST","31_A",0.0225272546853175
"40-41","abdiv","32_A",0.0495014133760873
"40-41","ecodive","33_A",0.0857636474180596
"40-41","vegan","34_A",0.371428571428571
"40-41","vegan","35_A",0.0717212975839628
"40-41","ecodist","36_A",4.28511740779695
"40-41","NST","37_A",0.129992013752009
"40-41","ecodive","4_A",-0.921640100689867
"40-41","proxyC","40_A",13
"40-41","EnvNJ","41_A",0.371428571428571
"40-41","vegan","42_A",0.376683249899281
"40-41","vegan","43_A",0.293812642211307
"40-41","vegan","47_A",0.0822371676908125
"40-41","vegan","5_A",2.25647427660313
"40-41","EnvNJ","53_A",1.22226292503129
"40-41","adiv","54_A",0.378314357044062
"40-41","adiv","55_A",0.143121752745662
"40-41","vegan","57_A",0.171075474358482
"40-41","EnvNJ","58_A",0.416008394375666
"40-41","EnvNJ","59_A",0.892139075848917
"40-41","tabula","6_A",3.39541974009111
"40-41","vegan","61_A",0.932376868591516
"40-41","NST","62_A",0.0717212975839628
"40-41","adespatial","64_A",0.0717212975839628
"40-41","ecodive","65_A",0.622534340564902
"40-41","ecodive","66_1_A",0.932376868591516
"40-41","ecodive","66_2_A",0.292854310909127
"40-41","ecodive","66_3_A",0.204540982165005
"40-41","vegan","67_A",1.35354754674431
"40-41","vegan","68_A",0.0454848644849885
"40-41","pctax","69_A",0.58610210387214
"40-41","tabula","7_A",35.7671544376774
"40-41","vegan","75_A",3.66707819432488e-06
"40-41","abdiv","77_A",0.0495014133760873
"40-41","adiv","81_A",0.151976239859297
"40-41","vegan","9_A",0.172204207744279
"40-41","adiv","93_A",0.0428818237090299
"40-41","ade4","94_A",0.111639523541403
"40-41","ecodive","95_A",0.286243505491323
"40-41","ecodive","99_A",5.54074114998753
"41-42","stats","10_A",16.3327114312604
"41-42","proxy","100_A",0.192110825663736
"41-42","vegan","11_A",0.466648898036012
"41-42","abdiv","12_A",6.06643567446816
"41-42","abdiv","13_A",0.0118364239345729
"41-42","pctax","14_A",0.0272543733061057
"41-42","vegan","15_A",0.195258030676657
"41-42","wiqid","18_A",0.108191660633828
"41-42","abdiv","19_A",0.157134840263677
"41-42","vegan","2_A",1.65702643159495
"41-42","vegan","20_A",0.693673744625601
"41-42","ecodive","21_A",0.616538357095075
"41-42","ecodive","22_A",1.23307671419015
"41-42","vegan","23_A",0.302195416247637
"41-42","analogue","24_A",0.582901166871692
"41-42","adespatial","25_A",0.338253609183093
"41-42","vegan","26_A",0.631964231013081
"41-42","ecodive","27_A",2.27857943917683
"41-42","vegan","28_A",0.0456610348005412
"41-42","ecodive","29_A",10.3838485212788
"41-42","EnvNJ","3_A",0.566354781000887
"41-42","vegan","30_A",0.302195416247637
"41-42","NST","31_A",0.0232458012498182
"41-42","abdiv","32_A",0.0510803483602291
"41-42","ecodive","33_A",0.0913220696010825
"41-42","vegan","34_A",0.371428571428571
"41-42","vegan","35_A",0.0750442093644689
"41-42","ecodist","36_A",5.79719429681378
"41-42","NST","37_A",0.111512836378507
"41-42","ecodive","4_A",-0.817432781502667
"41-42","proxyC","40_A",13
"41-42","EnvNJ","41_A",0.371428571428571
"41-42","vegan","42_A",0.47716413660531
"41-42","vegan","43_A",0.320499842079957
"41-42","vegan","47_A",0.0873342953039289
"41-42","vegan","5_A",3.56258723243587
"41-42","EnvNJ","53_A",2.07288408165721
"41-42","adiv","54_A",0.455235351043107
"41-42","adiv","55_A",0.207239224839341
"41-42","vegan","57_A",0.190506259608217
"41-42","EnvNJ","58_A",0.471608440352668
"41-42","EnvNJ","59_A",0.932923501839247
"41-42","tabula","6_A",2.87176677942086
"41-42","vegan","61_A",0.975574721738096
"41-42","NST","62_A",0.0750442093644689
"41-42","adespatial","64_A",0.0750442093644689
"41-42","ecodive","65_A",0.763479644045401
"41-42","ecodive","66_1_A",0.975574721738096
"41-42","ecodive","66_2_A",0.302195416247637
"41-42","ecodive","66_3_A",0.214189151654108
"41-42","vegan","67_A",1.37335320516978
"41-42","vegan","68_A",0.0464252261953899
"41-42","pctax","69_A",0.595415246187555
"41-42","tabula","7_A",38.4221651327472
"41-42","vegan","75_A",0.000255317323301307
"41-42","abdiv","77_A",0.0510803483602291
"41-42","adiv","81_A",0.160639272910117
"41-42","vegan","9_A",0.19083049237511
"41-42","adiv","93_A",0.0456610348005412
"41-42","ade4","94_A",0.119280701407835
"41-42","ecodive","95_A",0.414478449678681
"41-42","ecodive","99_A",6.81590041715892
"42-43","stats","10_A",23.3962627047414
"42-43","proxy","100_A",0.413084516774205
"42-43","vegan","11_A",0.668464648706896
"42-43","abdiv","12_A",10.0269697306034
"42-43","abdiv","13_A",0.0658292233600479
"42-43","pctax","14_A",0.151577388392221
"42-43","vegan","15_A",0.421770523456253
"42-43","wiqid","18_A",0.267242837448399
"42-43","abdiv","19_A",0.328797974610715
"42-43","vegan","2_A",2.60474796507108
"42-43","vegan","20_A",1.13093566053083
"42-43","ecodive","21_A",1.65543027935232
"42-43","ecodive","22_A",3.31086055870465
"42-43","vegan","23_A",0.676155341383378
"42-43","analogue","24_A",1.48915967152299
"42-43","adespatial","25_A",0.716058369305749
"42-43","vegan","26_A",0.767055308991767
"42-43","ecodive","27_A",2.9707924373451
"42-43","vegan","28_A",0.228593022840636
"42-43","ecodive","29_A",17.6512154115737
"42-43","EnvNJ","3_A",1.24933460551788
"42-43","vegan","30_A",0.676155341383377
"42-43","NST","31_A",0.0450770227588918
"42-43","abdiv","32_A",0.114291112725515
"42-43","ecodive","33_A",0.457186045681271
"42-43","vegan","34_A",0.428571428571429
"42-43","vegan","35_A",0.144658082428336
"42-43","ecodist","36_A",8.76611663072164
"42-43","NST","37_A",0.30174117956138
"42-43","ecodive","4_A",-0.610403072325419
"42-43","proxyC","40_A",15
"42-43","EnvNJ","41_A",0.428571428571429
"42-43","vegan","42_A",0.758428623423661
"42-43","vegan","43_A",0.591134617333311
"42-43","vegan","47_A",0.372121636035511
"42-43","vegan","5_A",5.97372777407924
"42-43","EnvNJ","53_A",5.63430247457318
"42-43","adiv","54_A",0.736960383081485
"42-43","adiv","55_A",0.54311060623161
"42-43","vegan","57_A",0.419015008497938
"42-43","EnvNJ","58_A",1.44552309377141
"42-43","EnvNJ","59_A",1.97432100626155
"42-43","tabula","6_A",2.03082393431509
"42-43","vegan","61_A",2.16987123642504
"42-43","NST","62_A",0.144658082428336
"42-43","adespatial","64_A",0.144658082428336
"42-43","ecodive","65_A",1.22031130107157
"42-43","ecodive","66_1_A",2.16987123642504
"42-43","ecodive","66_2_A",0.676155341383377
"42-43","ecodive","66_3_A",0.493870579798713
"42-43","vegan","67_A",1.29832969900926
"42-43","vegan","68_A",0.230097326206344
"42-43","pctax","69_A",0.709791022125342
"42-43","tabula","7_A",82.616903354841
"42-43","vegan","75_A",0.00835057219602131
"42-43","abdiv","77_A",0.114291112725515
"42-43","adiv","81_A",0.542403277176923
"42-43","vegan","9_A",0.419582044250684
"42-43","adiv","93_A",0.228593022840636
"42-43","ade4","94_A",0.26273601930979
"42-43","ecodive","95_A",1.08622121246322
"42-43","ecodive","99_A",10.9081429255073
"43-44","stats","10_A",22.7981534390855
"43-44","proxy","100_A",0.373550112630967
"43-44","vegan","11_A",0.651375812545301
"43-44","abdiv","12_A",7.8165097505436
"43-44","abdiv","13_A",0.032902884594052
"43-44","pctax","14_A",0.0757616915827673
"43-44","vegan","15_A",0.373550112630967
"43-44","wiqid","18_A",0.229672070152267
"43-44","abdiv","19_A",0.37556770844935
"43-44","vegan","2_A",1.84359886570377
"43-44","vegan","20_A",0.982824410703587
"43-44","ecodive","21_A",1.17096540458332
"43-44","ecodive","22_A",2.34193080916664
"43-44","vegan","23_A",0.574326758748647
"43-44","analogue","24_A",1.08639801280422
"43-44","adespatial","25_A",0.578846828047718
"43-44","vegan","26_A",0.77512963292439
"43-44","ecodive","27_A",2.68512781335452
"43-44","vegan","28_A",0.164925612907363
"43-44","ecodive","29_A",14.4198227481
"43-44","EnvNJ","3_A",1.00497809802808
"43-44","vegan","30_A",0.574326758748647
"43-44","NST","31_A",0.0478605632290539
"43-44","abdiv","32_A",0.0970789407521714
"43-44","ecodive","33_A",0.329851225814726
"43-44","vegan","34_A",0.342857142857143
"43-44","vegan","35_A",0.1361990406339
"43-44","ecodist","36_A",6.90355174818799
"43-44","NST","37_A",0.201356705947776
"43-44","ecodive","4_A",-0.55849248884934
"43-44","proxyC","40_A",12
"43-44","EnvNJ","41_A",0.342857142857143
"43-44","vegan","42_A",0.673248556510587
"43-44","vegan","43_A",0.525792517118438
"43-44","vegan","47_A",0.283152179126271
"43-44","vegan","5_A",4.95903163781284
"43-44","EnvNJ","53_A",3.56032735415249
"43-44","adiv","54_A",0.624403814880367
"43-44","adiv","55_A",0.389880124037155
"43-44","vegan","57_A",0.338924589545197
"43-44","EnvNJ","58_A",1.10855595362381
"43-44","EnvNJ","59_A",1.49271931549817
"43-44","tabula","6_A",2.57331691456287
"43-44","vegan","61_A",1.6343884876068
"43-44","NST","62_A",0.1361990406339
"43-44","adespatial","64_A",0.1361990406339
"43-44","ecodive","65_A",1.04230418439351
"43-44","ecodive","66_1_A",1.6343884876068
"43-44","ecodive","66_2_A",0.574326758748647
"43-44","ecodive","66_3_A",0.439808339426209
"43-44","vegan","67_A",1.36446485360748
"43-44","vegan","68_A",0.208564610062722
"43-44","pctax","69_A",0.678330568533914
"43-44","tabula","7_A",74.7100225261933
"43-44","vegan","75_A",0.00243968555163998
"43-44","abdiv","77_A",0.0970789407521714
"43-44","adiv","81_A",0.44133842225803
"43-44","vegan","9_A",0.356661137067827
"43-44","adiv","93_A",0.164925612907363
"43-44","ade4","94_A",0.293512265342988
"43-44","ecodive","95_A",0.77976024807431
"43-44","ecodive","99_A",8.31274579142962
"44-45","stats","10_A",30.1440426962048
"44-45","proxy","100_A",0.649643285495757
"44-45","vegan","11_A",0.861258362748708
"44-45","abdiv","12_A",15.5026505294767
"44-45","abdiv","13_A",0.0744978046718331
"44-45","pctax","14_A",0.171537534498145
"44-45","vegan","15_A",0.573738764833316
"44-45","wiqid","18_A",0.402267656644447
"44-45","abdiv","19_A",0.570621260971371
"44-45","vegan","2_A",3.22695997498823
"44-45","vegan","20_A",1.45849905091667
"44-45","ecodive","21_A",2.72166581369587
"44-45","ecodive","22_A",5.44333162739175
"44-45","vegan","23_A",0.943575290628543
"44-45","analogue","24_A",2.42721104756057
"44-45","adespatial","25_A",0.940175175377482
"44-45","vegan","26_A",0.91067019832228
"44-45","ecodive","27_A",3.86364643594909
"44-45","vegan","28_A",0.44516716454237
"44-45","ecodive","29_A",29.8555275640442
"44-45","EnvNJ","3_A",1.85546782121667
"44-45","vegan","30_A",0.943575290628543
"44-45","NST","31_A",0.0524208494793635
"44-45","abdiv","32_A",0.159493334306282
"44-45","ecodive","33_A",0.89033432908474
"44-45","vegan","34_A",0.514285714285714
"44-45","vegan","35_A",0.174461910081221
"44-45","ecodist","36_A",14.0170324835761
"44-45","NST","37_A",0.308944837167083
"44-45","ecodive","4_A",-0.303372287629071
"44-45","proxyC","40_A",18
"44-45","EnvNJ","41_A",0.514285714285714
"44-45","vegan","42_A",0.95363587684206
"44-45","vegan","43_A",0.758863408788262
"44-45","vegan","47_A",0.61607705387264
"44-45","vegan","5_A",10.2125112753811
"44-45","EnvNJ","53_A",8.60980878527043
"44-45","adiv","54_A",0.944908596552774
"44-45","adiv","55_A",0.892852255839332
"44-45","vegan","57_A",0.584644586743456
"44-45","EnvNJ","58_A",3.14604982870807
"44-45","EnvNJ","59_A",2.78252725949803
"44-45","tabula","6_A",1.04528525246936
"44-45","vegan","61_A",3.14031438146197
"44-45","NST","62_A",0.174461910081221
"44-45","adespatial","64_A",0.174461910081221
"44-45","ecodive","65_A",1.557950913078
"44-45","ecodive","66_1_A",3.14031438146197
"44-45","ecodive","66_2_A",0.943575290628543
"44-45","ecodive","66_3_A",0.704508166759285
"44-45","vegan","67_A",1.21605437015971
"44-45","vegan","68_A",0.512383021939648
"44-45","pctax","69_A",0.805713091597507
"44-45","tabula","7_A",129.928657099151
"44-45","vegan","75_A",0.151026392961877
"44-45","abdiv","77_A",0.159493334306282
"44-45","adiv","81_A",0.762435247003008
"44-45","vegan","9_A",0.611426183195013
"44-45","adiv","93_A",0.44516716454237
"44-45","ade4","94_A",0.434738499868013
"44-45","ecodive","95_A",1.78570451167866
"44-45","ecodive","99_A",15.8918160912759
"45-46","stats","10_A",14.8062950231102
"45-46","proxy","100_A",0.277517977515982
"45-46","vegan","11_A",0.423037000660291
"45-46","abdiv","12_A",8.03770301254554
"45-46","abdiv","13_A",0.0274667525759042
"45-46","pctax","14_A",0.063244535034233
"45-46","vegan","15_A",0.132515697605663
"45-46","wiqid","18_A",0.070959470682437
"45-46","abdiv","19_A",0.231530491972732
"45-46","vegan","2_A",2.36809755313733
"45-46","vegan","20_A",0.724265786833845
"45-46","ecodive","21_A",0.872259981383437
"45-46","ecodive","22_A",1.74451996276687
"45-46","vegan","23_A",0.50396488782344
"45-46","analogue","24_A",0.677883413002554
"45-46","adespatial","25_A",0.483539356093347
"45-46","vegan","26_A",0.558521005733863
"45-46","ecodive","27_A",2.43453662183861
"45-46","vegan","28_A",0.126990304079446
"45-46","ecodive","29_A",11.8539371261467
"45-46","EnvNJ","3_A",1.01964214221595
"45-46","vegan","30_A",0.503964887823441
"45-46","NST","31_A",0.0265244677801811
"45-46","abdiv","32_A",0.0851856138355521
"45-46","ecodive","33_A",0.253980608158893
"45-46","vegan","34_A",0.542857142857143
"45-46","vegan","35_A",0.095144936445219
"45-46","ecodist","36_A",7.93857068664698
"45-46","NST","37_A",0.190431149316829
"45-46","ecodive","4_A",-1.08941976215604
"45-46","proxyC","40_A",19
"45-46","EnvNJ","41_A",0.542857142857143
"45-46","vegan","42_A",0.451688565693068
"45-46","vegan","43_A",0.428848455050406
"45-46","vegan","47_A",0.225361839617911
"45-46","vegan","5_A",3.94305545090835
"45-46","EnvNJ","53_A",1.58259808621637
"45-46","adiv","54_A",0.515653019798286
"45-46","adiv","55_A",0.265898036827092
"45-46","vegan","57_A",0.272397671721211
"45-46","EnvNJ","58_A",0.750783319291729
"45-46","EnvNJ","59_A",1.6936856514263
"45-46","tabula","6_A",2.53314245369227
"45-46","vegan","61_A",1.80775379245916
"45-46","NST","62_A",0.095144936445219
"45-46","adespatial","64_A",0.095144936445219
"45-46","ecodive","65_A",0.823336755527502
"45-46","ecodive","66_1_A",1.80775379245916
"45-46","ecodive","66_2_A",0.503964887823441
"45-46","ecodive","66_3_A",0.353997713337197
"45-46","vegan","67_A",1.26363044003699
"45-46","vegan","68_A",0.12831874224205
"45-46","pctax","69_A",0.636475840420653
"45-46","tabula","7_A",55.5035955031964
"45-46","vegan","75_A",2.62332177020097e-05
"45-46","abdiv","77_A",0.0851856138355521
"45-46","adiv","81_A",0.367829048255954
"45-46","vegan","9_A",0.272951680841306
"45-46","adiv","93_A",0.126990304079446
"45-46","ade4","94_A",0.153155505979592
"45-46","ecodive","95_A",0.531796073654183
"45-46","ecodive","99_A",9.71051452141613
"46-47","stats","10_A",15.4452295870692
"46-47","proxy","100_A",0.251156557030511
"46-47","vegan","11_A",0.441292273916264
"46-47","abdiv","12_A",7.94326093049275
"46-47","abdiv","13_A",0.0162905367756544
"46-47","pctax","14_A",0.0375103471364932
"46-47","vegan","15_A",0.173598693268821
"46-47","wiqid","18_A",0.0950495888439332
"46-47","abdiv","19_A",0.281710121406676
"46-47","vegan","2_A",2.020000825562
"46-47","vegan","20_A",0.716386843431221
"46-47","ecodive","21_A",0.843114035100834
"46-47","ecodive","22_A",1.68622807020167
"46-47","vegan","23_A",0.4612070848317
"46-47","analogue","24_A",0.733208090296705
"46-47","adespatial","25_A",0.440827853125721
"46-47","vegan","26_A",0.597909299484167
"46-47","ecodive","27_A",2.53671432119852
"46-47","vegan","28_A",0.106355987549478
"46-47","ecodive","29_A",12.8698390947473
"46-47","EnvNJ","3_A",0.919042602733376
"46-47","vegan","30_A",0.461207084831701
"46-47","NST","31_A",0.0256226158239834
"46-47","abdiv","32_A",0.0779582260112896
"46-47","ecodive","33_A",0.212711975098956
"46-47","vegan","34_A",0.514285714285714
"46-47","vegan","35_A",0.086465282447782
"46-47","ecodist","36_A",7.72901189372699
"46-47","NST","37_A",0.141911024849507
"46-47","ecodive","4_A",-1.05389322915785
"46-47","proxyC","40_A",18
"46-47","EnvNJ","41_A",0.514285714285714
"46-47","vegan","42_A",0.473539917274094
"46-47","vegan","43_A",0.387776312522558
"46-47","vegan","47_A",0.19226359100754
"46-47","vegan","5_A",4.37920073592634
"46-47","EnvNJ","53_A",1.87090920405651
"46-47","adiv","54_A",0.520890183366054
"46-47","adiv","55_A",0.271326583127122
"46-47","vegan","57_A",0.238482461770044
"46-47","EnvNJ","58_A",0.633330639187629
"46-47","EnvNJ","59_A",1.46122358320852
"46-47","tabula","6_A",2.44877591798504
"46-47","vegan","61_A",1.55637508406008
"46-47","NST","62_A",0.086465282447782
"46-47","adespatial","64_A",0.086465282447782
"46-47","ecodive","65_A",0.856275709276344
"46-47","ecodive","66_1_A",1.55637508406008
"46-47","ecodive","66_2_A",0.461207084831701
"46-47","ecodive","66_3_A",0.339238712006471
"46-47","vegan","67_A",1.27620800098545
"46-47","vegan","68_A",0.111131530456607
"46-47","pctax","69_A",0.620261324633336
"46-47","tabula","7_A",50.2313114061022
"46-47","vegan","75_A",0.000138786911529576
"46-47","abdiv","77_A",0.0779582260112896
"46-47","adiv","81_A",0.322518598165133
"46-47","vegan","9_A",0.240522649266673
"46-47","adiv","93_A",0.106355987549478
"46-47","ade4","94_A",0.146302388496131
"46-47","ecodive","95_A",0.542653166254244
"46-47","ecodive","99_A",9.19367763527707
"47-48","stats","10_A",22.1267043224963
"47-48","proxy","100_A",0.414884504934392
"47-48","vegan","11_A",0.632191552071322
"47-48","abdiv","12_A",10.7472563852125
"47-48","abdiv","13_A",0.0604232287417769
"47-48","pctax","14_A",0.139129625771385
"47-48","vegan","15_A",0.279635217033969
"47-48","wiqid","18_A",0.162544141685961
"47-48","abdiv","19_A",0.444332283236781
"47-48","vegan","2_A",2.99848774380617
"47-48","vegan","20_A",1.0698077946023
"47-48","ecodive","21_A",1.66126133293898
"47-48","ecodive","22_A",3.32252266587796
"47-48","vegan","23_A",0.7538233163623
"47-48","analogue","24_A",1.33392570015802
"47-48","adespatial","25_A",0.722740492576727
"47-48","vegan","26_A",0.740100217570156
"47-48","ecodive","27_A",3.05151137058437
"47-48","vegan","28_A",0.284124796145728
"47-48","ecodive","29_A",18.6234432896114
"47-48","EnvNJ","3_A",1.43643395172021
"47-48","vegan","30_A",0.7538233163623
"47-48","NST","31_A",0.0443425480213117
"47-48","abdiv","32_A",0.127419396627432
"47-48","ecodive","33_A",0.568249592291456
"47-48","vegan","34_A",0.485714285714286
"47-48","vegan","35_A",0.142855036482566
"47-48","ecodist","36_A",10.2468763146752
"47-48","NST","37_A",0.293743806664765
"47-48","ecodive","4_A",-0.797000595883422
"47-48","proxyC","40_A",17
"47-48","EnvNJ","41_A",0.485714285714286
"47-48","vegan","42_A",0.677614141978557
"47-48","vegan","43_A",0.592310405305008
"47-48","vegan","47_A",0.442518977903896
"47-48","vegan","5_A",6.24127479614286
"47-48","EnvNJ","53_A",3.74616725825922
"47-48","adiv","54_A",0.718934940296399
"47-48","adiv","55_A",0.516867448378987
"47-48","vegan","57_A",0.418452200133153
"47-48","EnvNJ","58_A",1.45262056720957
"47-48","EnvNJ","59_A",2.19128688542509
"47-48","tabula","6_A",2.0637601508569
"47-48","vegan","61_A",2.42853562020363
"47-48","NST","62_A",0.142855036482566
"47-48","adespatial","64_A",0.142855036482566
"47-48","ecodive","65_A",1.15495701225545
"47-48","ecodive","66_1_A",2.42853562020363
"47-48","ecodive","66_2_A",0.7538233163623
"47-48","ecodive","66_3_A",0.562236223834258
"47-48","vegan","67_A",1.2480648893191
"47-48","vegan","68_A",0.28980302821752
"47-48","pctax","69_A",0.710383882759801
"47-48","tabula","7_A",82.9769009868784
"47-48","vegan","75_A",0.00345209273920921
"47-48","abdiv","77_A",0.127419396627432
"47-48","adiv","81_A",0.613536438247646
"47-48","vegan","9_A",0.420767765519603
"47-48","adiv","93_A",0.284124796145728
"47-48","ade4","94_A",0.265393349723482
"47-48","ecodive","95_A",1.03373489675797
"47-48","ecodive","99_A",11.7799915806921
"48-49","stats","10_A",20.4660203176204
"48-49","proxy","100_A",0.444190321984641
"48-49","vegan","11_A",0.584743437646296
"48-49","abdiv","12_A",9.35589500234073
"48-49","abdiv","13_A",0.0765482620243843
"48-49","pctax","14_A",0.176258887031949
"48-49","vegan","15_A",0.35927858666099
"48-49","wiqid","18_A",0.218975984429817
"48-49","abdiv","19_A",0.46868627911364
"48-49","vegan","2_A",2.29672126746742
"48-49","vegan","20_A",1.11877452629295
"48-49","ecodive","21_A",1.91772550354247
"48-49","ecodive","22_A",3.83545100708495
"48-49","vegan","23_A",0.812948094098154
"48-49","analogue","24_A",1.65076206199589
"48-49","adespatial","25_A",0.78750183680657
"48-49","vegan","26_A",0.708825036709149
"48-49","ecodive","27_A",2.8353001468366
"48-49","vegan","28_A",0.330442301848911
"48-49","ecodive","29_A",16.0778538453033
"48-49","EnvNJ","3_A",1.53286435561569
"48-49","vegan","30_A",0.812948094098154
"48-49","NST","31_A",0.0508092558811346
"48-49","abdiv","32_A",0.137413308120099
"48-49","ecodive","33_A",0.660884603697821
"48-49","vegan","34_A",0.457142857142857
"48-49","vegan","35_A",0.162315152007359
"48-49","ecodist","36_A",7.45382236551624
"48-49","NST","37_A",0.287079506158684
"48-49","ecodive","4_A",-0.787596219973952
"48-49","proxyC","40_A",16
"48-49","EnvNJ","41_A",0.457142857142857
"48-49","vegan","42_A",0.73333465679803
"48-49","vegan","43_A",0.600887851067447
"48-49","vegan","47_A",0.496740522140188
"48-49","vegan","5_A",5.39739279264502
"48-49","EnvNJ","53_A",4.93310851574043
"48-49","adiv","54_A",0.784906572352506
"48-49","adiv","55_A",0.616078327322161
"48-49","vegan","57_A",0.423025054582576
"48-49","EnvNJ","58_A",1.50533451798273
"48-49","EnvNJ","59_A",2.3216189840569
"48-49","tabula","6_A",2.30345639155008
"48-49","vegan","61_A",2.59704243211774
"48-49","NST","62_A",0.162315152007359
"48-49","adespatial","64_A",0.162315152007359
"48-49","ecodive","65_A",1.28481985585369
"48-49","ecodive","66_1_A",2.59704243211774
"48-49","ecodive","66_2_A",0.812948094098154
"48-49","ecodive","66_3_A",0.592756851227957
"48-49","vegan","67_A",1.22145212576852
"48-49","vegan","68_A",0.34525339369393
"48-49","pctax","69_A",0.714738986980383
"48-49","tabula","7_A",88.8380643969282
"48-49","vegan","75_A",0.00140079391044523
"48-49","abdiv","77_A",0.137413308120099
"48-49","adiv","81_A",0.66376304348318
"48-49","vegan","9_A",0.429477973960767
"48-49","adiv","93_A",0.330442301848911
"48-49","ade4","94_A",0.279495916469227
"48-49","ecodive","95_A",1.23215665464432
"48-49","ecodive","99_A",10.3129582766517
"49-50","stats","10_A",21.7302954301255
"49-50","proxy","100_A",0.378997533133718
"49-50","vegan","11_A",0.620865583717872
"49-50","abdiv","12_A",9.93384933948595
"49-50","abdiv","13_A",0.0429582889608972
"49-50","pctax","14_A",0.0989151157818925
"49-50","vegan","15_A",0.32176871540474
"49-50","wiqid","18_A",0.191730852808135
"49-50","abdiv","19_A",0.404423717157254
"49-50","vegan","2_A",2.27952572545577
"49-50","vegan","20_A",1.01260303341197
"49-50","ecodive","21_A",1.5984924202442
"49-50","ecodive","22_A",3.19698484048841
"49-50","vegan","23_A",0.683859220578269
"49-50","analogue","24_A",1.40268106953743
"49-50","adespatial","25_A",0.658485503426333
"49-50","vegan","26_A",0.737423658975061
"49-50","ecodive","27_A",2.94969463590025
"49-50","vegan","28_A",0.233831716784959
"49-50","ecodive","29_A",17.4013968901174
"49-50","EnvNJ","3_A",1.39073203150172
"49-50","vegan","30_A",0.683859220578269
"49-50","NST","31_A",0.0427412012861418
"49-50","abdiv","32_A",0.11559330598141
"49-50","ecodive","33_A",0.467663433569917
"49-50","vegan","34_A",0.457142857142857
"49-50","vegan","35_A",0.148565021615386
"49-50","ecodist","36_A",8.52930083728864
"49-50","NST","37_A",0.202976745574372
"49-50","ecodive","4_A",-0.863289715607521
"49-50","proxyC","40_A",16
"49-50","EnvNJ","41_A",0.457142857142857
"49-50","vegan","42_A",0.671209144967279
"49-50","vegan","43_A",0.557884833601822
"49-50","vegan","47_A",0.379033402373968
"49-50","vegan","5_A",5.90814901042015
"49-50","EnvNJ","53_A",3.91040446427152
"49-50","adiv","54_A",0.719443137907579
"49-50","adiv","55_A",0.517598428682303
"49-50","vegan","57_A",0.382045591377272
"49-50","EnvNJ","58_A",1.26167326063455
"49-50","EnvNJ","59_A",2.17488692558662
"49-50","tabula","6_A",2.06050152465297
"49-50","vegan","61_A",2.37704034584618
"49-50","NST","62_A",0.148565021615386
"49-50","adespatial","64_A",0.148565021615386
"49-50","ecodive","65_A",1.18434837338404
"49-50","ecodive","66_1_A",2.37704034584618
"49-50","ecodive","66_2_A",0.683859220578269
"49-50","ecodive","66_3_A",0.48741827678339
"49-50","vegan","67_A",1.24938034591725
"49-50","vegan","68_A",0.245657631765974
"49-50","pctax","69_A",0.693425895032778
"49-50","tabula","7_A",75.7995066267437
"49-50","vegan","75_A",0.00516150842984575
"49-50","abdiv","77_A",0.11559330598141
"49-50","adiv","81_A",0.549708805778704
"49-50","vegan","9_A",0.386851790065556
"49-50","adiv","93_A",0.233831716784959
"49-50","ade4","94_A",0.230829601099855
"49-50","ecodive","95_A",1.03519685736461
"49-50","ecodive","99_A",10.8757322262469
"50-51","stats","10_A",15.6972487198081
"50-51","proxy","100_A",0.247284227160506
"50-51","vegan","11_A",0.448492820565945
"50-51","abdiv","12_A",6.72739230848918
"50-51","abdiv","13_A",0.0168953464636849
"50-51","pctax","14_A",0.0389029729082505
"50-51","vegan","15_A",0.165692039324856
"50-51","wiqid","18_A",0.090329455509679
"50-51","abdiv","19_A",0.265596384530752
"50-51","vegan","2_A",1.94045600627417
"50-51","vegan","20_A",0.709565742873403
"50-51","ecodive","21_A",0.758011558680799
"50-51","ecodive","22_A",1.5160231173616
"50-51","vegan","23_A",0.449105401624433
"50-51","analogue","24_A",0.649437734239742
"50-51","adespatial","25_A",0.433533621947315
"50-51","vegan","26_A",0.600765111438492
"50-51","ecodive","27_A",2.32675327158372
"50-51","vegan","28_A",0.100847830884122
"50-51","ecodive","29_A",10.8275615736511
"50-51","EnvNJ","3_A",0.842641112821149
"50-51","vegan","30_A",0.449105401624433
"50-51","NST","31_A",0.0299403601082956
"50-51","abdiv","32_A",0.0759126682008898
"50-51","ecodive","33_A",0.201695661768244
"50-51","vegan","34_A",0.428571428571429
"50-51","vegan","35_A",0.0946457227407697
"50-51","ecodist","36_A",6.38793237934737
"50-51","NST","37_A",0.112169006022134
"50-51","ecodive","4_A",-0.969104182320602
"50-51","proxyC","40_A",15
"50-51","EnvNJ","41_A",0.428571428571429
"50-51","vegan","42_A",0.465628207248294
"50-51","vegan","43_A",0.38682018156005
"50-51","vegan","47_A",0.183218475896215
"50-51","vegan","5_A",3.67554120059792
"50-51","EnvNJ","53_A",2.05851270065679
"50-51","adiv","54_A",0.492034149785494
"50-51","adiv","55_A",0.242097604555134
"50-51","vegan","57_A",0.237589054168994
"50-51","EnvNJ","58_A",0.630772904513817
"50-51","EnvNJ","59_A",1.32972595225955
"50-51","tabula","6_A",2.85518989361127
"50-51","vegan","61_A",1.41968584111155
"50-51","NST","62_A",0.0946457227407697
"50-51","adespatial","64_A",0.0946457227407697
"50-51","ecodive","65_A",0.805876996966498
"50-51","ecodive","66_1_A",1.41968584111155
"50-51","ecodive","66_2_A",0.449105401624433
"50-51","ecodive","66_3_A",0.336055856792746
"50-51","vegan","67_A",1.30373671052922
"50-51","vegan","68_A",0.106018158553301
"50-51","pctax","69_A",0.61989369602148
"50-51","tabula","7_A",49.4568454321012
"50-51","vegan","75_A",5.1255207310974e-05
"50-51","abdiv","77_A",0.0759126682008898
"50-51","adiv","81_A",0.309695089501436
"50-51","vegan","9_A",0.239787392042959
"50-51","adiv","93_A",0.100847830884122
"50-51","ade4","94_A",0.15622426563503
"50-51","ecodive","95_A",0.484195209110269
"50-51","ecodive","99_A",7.80302830929596
"51-52","stats","10_A",14.2357665028081
"51-52","proxy","100_A",0.231915141782293
"51-52","vegan","11_A",0.406736185794516
"51-52","abdiv","12_A",6.10104278691774
"51-52","abdiv","13_A",0.0334034561314501
"51-52","pctax","14_A",0.0769143001427574
"51-52","vegan","15_A",0.167043917873934
"51-52","wiqid","18_A",0.0911336171678365
"51-52","abdiv","19_A",0.188982236504614
"51-52","vegan","2_A",1.90986783111887
"51-52","vegan","20_A",0.713660503998775
"51-52","ecodive","21_A",0.769303927063582
"51-52","ecodive","22_A",1.53860785412716
"51-52","vegan","23_A",0.402942624361843
"51-52","analogue","24_A",0.66226709583652
"51-52","adespatial","25_A",0.427314229312206
"51-52","vegan","26_A",0.555633816925999
"51-52","ecodive","27_A",2.15196051954406
"51-52","vegan","28_A",0.0811813792638046
"51-52","ecodive","29_A",9.26186815535264
"51-52","EnvNJ","3_A",0.756275568158179
"51-52","vegan","30_A",0.402942624361843
"51-52","NST","31_A",0.0268628416241229
"51-52","abdiv","32_A",0.0681097346781773
"51-52","ecodive","33_A",0.16236275852761
"51-52","vegan","34_A",0.428571428571429
"51-52","vegan","35_A",0.0882379266541164
"51-52","ecodist","36_A",5.40794582909456
"51-52","NST","37_A",0.158979574430203
"51-52","ecodive","4_A",-0.976500803970979
"51-52","proxyC","40_A",15
"51-52","EnvNJ","41_A",0.428571428571429
"51-52","vegan","42_A",0.469045911328652
"51-52","vegan","43_A",0.362813750786067
"51-52","vegan","47_A",0.150171619343061
"51-52","vegan","5_A",3.09568038359092
"51-52","EnvNJ","53_A",1.8690363377577
"51-52","adiv","54_A",0.496492725250183
"51-52","adiv","55_A",0.246505026226353
"51-52","vegan","57_A",0.220061560144672
"51-52","EnvNJ","58_A",0.569341060441312
"51-52","EnvNJ","59_A",1.24931487011843
"51-52","tabula","6_A",3.04650307983638
"51-52","vegan","61_A",1.32356889981175
"51-52","NST","62_A",0.0882379266541164
"51-52","adespatial","64_A",0.0882379266541164
"51-52","ecodive","65_A",0.813797945338104
"51-52","ecodive","66_1_A",1.32356889981175
"51-52","ecodive","66_2_A",0.402942624361843
"51-52","ecodive","66_3_A",0.285084675011175
"51-52","vegan","67_A",1.30767972595345
"51-52","vegan","68_A",0.0848180428885664
"51-52","pctax","69_A",0.610804055115985
"51-52","tabula","7_A",46.3830283564585
"51-52","vegan","75_A",9.26955876900948e-06
"51-52","abdiv","77_A",0.0681097346781773
"51-52","adiv","81_A",0.26112906425014
"51-52","vegan","9_A",0.22160811023197
"51-52","adiv","93_A",0.0811813792638046
"51-52","ade4","94_A",0.138331279630118
"51-52","ecodive","95_A",0.493010052452707
"51-52","ecodive","99_A",7.26424421748734
"52-53","stats","10_A",11.3683240077335
"52-53","proxy","100_A",0.224713736671503
"52-53","vegan","11_A",0.324809257363815
"52-53","abdiv","12_A",4.87213886045722
"52-53","abdiv","13_A",0.0280455764874196
"52-53","pctax","14_A",0.0645773263443565
"52-53","vegan","15_A",0.123216800057768
"52-53","wiqid","18_A",0.0656531878916867
"52-53","abdiv","19_A",0.24913643956122
"52-53","vegan","2_A",1.88240667401378
"52-53","vegan","20_A",0.603437214060053
"52-53","ecodive","21_A",0.601624792857086
"52-53","ecodive","22_A",1.20324958571417
"52-53","vegan","23_A",0.404000249691628
"52-53","analogue","24_A",0.511191626472888
"52-53","adespatial","25_A",0.40495609617044
"52-53","vegan","26_A",0.479857017766573
"52-53","ecodive","27_A",1.8584782383707
"52-53","vegan","28_A",0.0816081008754491
"52-53","ecodive","29_A",6.90788272499489
"52-53","EnvNJ","3_A",0.751227492536543
"52-53","vegan","30_A",0.404000249691628
"52-53","NST","31_A",0.0269333499794419
"52-53","abdiv","32_A",0.0682885059876525
"52-53","ecodive","33_A",0.163216201750898
"52-53","vegan","34_A",0.428571428571429
"52-53","vegan","35_A",0.0835545697007911
"52-53","ecodist","36_A",4.43774423425736
"52-53","NST","37_A",0.159173133786672
"52-53","ecodive","4_A",-1.0494228909619
"52-53","proxyC","40_A",15
"52-53","EnvNJ","41_A",0.428571428571429
"52-53","vegan","42_A",0.397401961950985
"52-53","vegan","43_A",0.335268114708673
"52-53","vegan","47_A",0.15090142318534
"52-53","vegan","5_A",2.31128930128273
"52-53","EnvNJ","53_A",1.55826843858598
"52-53","adiv","54_A",0.437505832470549
"52-53","adiv","55_A",0.191411353445748
"52-53","vegan","57_A",0.195853530102917
"52-53","EnvNJ","58_A",0.504319250188772
"52-53","EnvNJ","59_A",1.17971717331472
"52-53","tabula","6_A",3.27379036428454
"52-53","vegan","61_A",1.25331854551187
"52-53","NST","62_A",0.0835545697007911
"52-53","adespatial","64_A",0.0835545697007911
"52-53","ecodive","65_A",0.714976661488253
"52-53","ecodive","66_1_A",1.25331854551187
"52-53","ecodive","66_2_A",0.404000249691628
"52-53","ecodive","66_3_A",0.301804895837336
"52-53","vegan","67_A",1.29515118309127
"52-53","vegan","68_A",0.0941782088497911
"52-53","pctax","69_A",0.600697330804715
"52-53","tabula","7_A",44.9427473343007
"52-53","vegan","75_A",5.45268162843726e-07
"52-53","abdiv","77_A",0.0682885059876525
"52-53","adiv","81_A",0.262231708372888
"52-53","vegan","9_A",0.201394661609429
"52-53","adiv","93_A",0.0816081008754491
"52-53","ade4","94_A",0.140929142890828
"52-53","ecodive","95_A",0.382822706891495
"52-53","ecodive","99_A",6.05072210803214
"53-54","stats","10_A",19.5419569398643
"53-54","proxy","100_A",0.388434393815645
"53-54","vegan","11_A",0.558341626853266
"53-54","abdiv","12_A",8.375124402799
"53-54","abdiv","13_A",0.0385854958183478
"53-54","pctax","14_A",0.0888463874771116
"53-54","vegan","15_A",0.357673353738287
"53-54","wiqid","18_A",0.217784540336375
"53-54","abdiv","19_A",0.24913643956122
"53-54","vegan","2_A",1.66686109415588
"53-54","vegan","20_A",0.924714122242562
"53-54","ecodive","21_A",1.32798422551328
"53-54","ecodive","22_A",2.65596845102657
"53-54","vegan","23_A",0.546649547729771
"53-54","analogue","24_A",1.26757228589689
"53-54","adespatial","25_A",0.57377656998972
"53-54","vegan","26_A",0.697560010178055
"53-54","ecodive","27_A",2.70163830239988
"53-54","vegan","28_A",0.149412864016582
"53-54","ecodive","29_A",14.5976990339882
"53-54","EnvNJ","3_A",1.05065798781478
"53-54","vegan","30_A",0.546649547729771
"53-54","NST","31_A",0.0364433031819847
"53-54","abdiv","32_A",0.092400638221847
"53-54","ecodive","33_A",0.298825728033163
"53-54","vegan","34_A",0.428571428571429
"53-54","vegan","35_A",0.123478635737889
"53-54","ecodist","36_A",6.78764284076571
"53-54","NST","37_A",0.194744077940332
"53-54","ecodive","4_A",-0.80237842201978
"53-54","proxyC","40_A",15
"53-54","EnvNJ","41_A",0.428571428571429
"53-54","vegan","42_A",0.646284482394512
"53-54","vegan","43_A",0.488609363870418
"53-54","vegan","47_A",0.259981193345033
"53-54","vegan","5_A",5.00311281450183
"53-54","EnvNJ","53_A",3.32037866965803
"53-54","adiv","54_A",0.669852564793486
"53-54","adiv","55_A",0.448702458560412
"53-54","vegan","57_A",0.301555820562095
"53-54","EnvNJ","58_A",0.955319251415784
"53-54","EnvNJ","59_A",1.7191418225219
"53-54","tabula","6_A",2.59945463592332
"53-54","vegan","61_A",1.85217953606834
"53-54","NST","62_A",0.123478635737889
"53-54","adespatial","64_A",0.123478635737889
"53-54","ecodive","65_A",1.12586512775593
"53-54","ecodive","66_1_A",1.85217953606834
"53-54","ecodive","66_2_A",0.546649547729771
"53-54","ecodive","66_3_A",0.384174206083386
"53-54","vegan","67_A",1.2969277469131
"53-54","vegan","68_A",0.200740105594115
"53-54","pctax","69_A",0.661642315424709
"53-54","tabula","7_A",77.686878763129
"53-54","vegan","75_A",0.000273413035959624
"53-54","abdiv","77_A",0.092400638221847
"53-54","adiv","81_A",0.412674720413608
"53-54","vegan","9_A",0.323284630849417
"53-54","adiv","93_A",0.149412864016582
"53-54","ade4","94_A",0.231815392815089
"53-54","ecodive","95_A",0.897404917120823
"53-54","ecodive","99_A",9.26936091031679
"54-55","stats","10_A",19.9635633811531
"54-55","proxy","100_A",0.360260557840688
"54-55","vegan","11_A",0.570387525175803
"54-55","abdiv","12_A",6.27426277693384
"54-55","abdiv","13_A",0.0591184907585642
"54-55","pctax","14_A",0.136125355540976
"54-55","vegan","15_A",0.334684426837516
"54-55","wiqid","18_A",0.200973576558791
"54-55","abdiv","19_A",0.321633760451338
"54-55","vegan","2_A",1.52855433506216
"54-55","vegan","20_A",0.957759755117286
"54-55","ecodive","21_A",1.18678878952225
"54-55","ecodive","22_A",2.3735775790445
"54-55","vegan","23_A",0.561344674205939
"54-55","analogue","24_A",1.10567568197866
"54-55","adespatial","25_A",0.589350033083269
"54-55","vegan","26_A",0.697638726565076
"54-55","ecodive","27_A",2.3138058952377
"54-55","vegan","28_A",0.157553921629686
"54-55","ecodive","29_A",10.7073954416735
"54-55","EnvNJ","3_A",1.00358749564404
"54-55","vegan","30_A",0.561344674205939
"54-55","NST","31_A",0.0510313340187217
"54-55","abdiv","32_A",0.0948845679548685
"54-55","ecodive","33_A",0.315107843259372
"54-55","vegan","34_A",0.314285714285714
"54-55","vegan","35_A",0.153231020985158
"54-55","ecodist","36_A",4.69736552315431
"54-55","NST","37_A",0.234817443925069
"54-55","ecodive","4_A",-0.693155454687457
"54-55","proxyC","40_A",11
"54-55","EnvNJ","41_A",0.314285714285714
"54-55","vegan","42_A",0.654670304427746
"54-55","vegan","43_A",0.496386152324903
"54-55","vegan","47_A",0.272218716874753
"54-55","vegan","5_A",3.64558020916379
"54-55","EnvNJ","53_A",4.29561434197778
"54-55","adiv","54_A",0.629223170147568
"54-55","adiv","55_A",0.395921797850555
"54-55","vegan","57_A",0.326258168279084
"54-55","EnvNJ","58_A",0.985481218528533
"54-55","EnvNJ","59_A",1.5474385594798
"54-55","tabula","6_A",2.8335586530138
"54-55","vegan","61_A",1.68554123083674
"54-55","NST","62_A",0.153231020985158
"54-55","adespatial","64_A",0.153231020985158
"54-55","ecodive","65_A",1.05151114210866
"54-55","ecodive","66_1_A",1.68554123083674
"54-55","ecodive","66_2_A",0.561344674205939
"54-55","ecodive","66_3_A",0.409969698763336
"54-55","vegan","67_A",1.33000161775662
"54-55","vegan","68_A",0.167178161217795
"54-55","pctax","69_A",0.665064372442572
"54-55","tabula","7_A",72.0521115681377
"54-55","vegan","75_A",0.0012000856566714
"54-55","abdiv","77_A",0.0948845679548685
"54-55","adiv","81_A",0.427943266773291
"54-55","vegan","9_A",0.330128744885144
"54-55","adiv","93_A",0.157553921629686
"54-55","ade4","94_A",0.22846770293897
"54-55","ecodive","95_A",0.791843595701111
"54-55","ecodive","99_A",7.00512888281253
"55-56","stats","10_A",20.1698627300646
"55-56","proxy","100_A",0.363059964297312
"55-56","vegan","11_A",0.57628179228756
"55-56","abdiv","12_A",7.49166329973828
"55-56","abdiv","13_A",0.0560418824363349
"55-56","pctax","14_A",0.129041203081229
"55-56","vegan","15_A",0.361877626953872
"55-56","wiqid","18_A",0.220910008255947
"55-56","abdiv","19_A",0.321633760451338
"55-56","vegan","2_A",1.42317154958319
"55-56","vegan","20_A",1.00486470381587
"55-56","ecodive","21_A",1.36954183852847
"55-56","ecodive","22_A",2.73908367705693
"55-56","vegan","23_A",0.605219313261326
"55-56","analogue","24_A",1.28353975765099
"55-56","adespatial","25_A",0.627531694825421
"55-56","vegan","26_A",0.700446538975198
"55-56","ecodive","27_A",2.52549591199636
"55-56","vegan","28_A",0.183145208572256
"55-56","ecodive","29_A",12.7562592030207
"55-56","EnvNJ","3_A",1.14761879322871
"55-56","vegan","30_A",0.605219313261326
"55-56","NST","31_A",0.0465553317893328
"55-56","abdiv","32_A",0.102300735529336
"55-56","ecodive","33_A",0.366290417144511
"55-56","vegan","34_A",0.371428571428571
"55-56","vegan","35_A",0.151815678923544
"55-56","ecodist","36_A",5.70539280031821
"55-56","NST","37_A",0.247503223988888
"55-56","ecodive","4_A",-0.727544781310586
"55-56","proxyC","40_A",13
"55-56","EnvNJ","41_A",0.371428571428571
"55-56","vegan","42_A",0.687894599627192
"55-56","vegan","43_A",0.533613557656209
"55-56","vegan","47_A",0.309590415859882
"55-56","vegan","5_A",4.35092747376986
"55-56","EnvNJ","53_A",4.74753630072398
"55-56","adiv","54_A",0.676972423914899
"55-56","adiv","55_A",0.458291662741213
"55-56","vegan","57_A",0.363793461656824
"55-56","EnvNJ","58_A",1.14395896993168
"55-56","EnvNJ","59_A",1.81282150346949
"55-56","tabula","6_A",2.58702178219718
"55-56","vegan","61_A",1.97360382600607
"55-56","NST","62_A",0.151815678923544
"55-56","adespatial","64_A",0.151815678923544
"55-56","ecodive","65_A",1.13293413650176
"55-56","ecodive","66_1_A",1.97360382600607
"55-56","ecodive","66_2_A",0.605219313261326
"55-56","ecodive","66_3_A",0.42904321380096
"55-56","vegan","67_A",1.30122658395207
"55-56","vegan","68_A",0.183410918817036
"55-56","pctax","69_A",0.681948476284092
"55-56","tabula","7_A",72.6119928594624
"55-56","vegan","75_A",0.00134681236231982
"55-56","abdiv","77_A",0.102300735529336
"55-56","adiv","81_A",0.472804950480038
"55-56","vegan","9_A",0.363896952568185
"55-56","adiv","93_A",0.183145208572256
"55-56","ade4","94_A",0.223399398298839
"55-56","ecodive","95_A",0.916583325482426
"55-56","ecodive","99_A",8.39380222382214
"56-57","stats","10_A",27.1926094431285
"56-57","proxy","100_A",0.52706593713232
"56-57","vegan","11_A",0.7769316983751
"56-57","abdiv","12_A",9.3231803805012
"56-57","abdiv","13_A",0.101409077608846
"56-57","pctax","14_A",0.233503030396405
"56-57","vegan","15_A",0.534784411061833
"56-57","wiqid","18_A",0.364986842277176
"56-57","abdiv","19_A",0.403774955135062
"56-57","vegan","2_A",2.01099260754006
"56-57","vegan","20_A",1.29395018578979
"56-57","ecodive","21_A",2.05198975267451
"56-57","ecodive","22_A",4.10397950534901
"56-57","vegan","23_A",0.82587591074133
"56-57","analogue","24_A",1.88011054968001
"56-57","adespatial","25_A",0.83837159644445
"56-57","vegan","26_A",0.848055527127744
"56-57","ecodive","27_A",2.93775052124972
"56-57","vegan","28_A",0.341035509971411
"56-57","ecodive","29_A",17.260756250206
"56-57","EnvNJ","3_A",1.4843909822124
"56-57","vegan","30_A",0.82587591074133
"56-57","NST","31_A",0.0688229925617775
"56-57","abdiv","32_A",0.139598507968165
"56-57","ecodive","33_A",0.682071019942821
"56-57","vegan","34_A",0.342857142857143
"56-57","vegan","35_A",0.213750584107478
"56-57","ecodist","36_A",7.17168307503401
"56-57","NST","37_A",0.344826179683197
"56-57","ecodive","4_A",-0.406854785488708
"56-57","proxyC","40_A",12
"56-57","EnvNJ","41_A",0.342857142857143
"56-57","vegan","42_A",0.874142229971445
"56-57","vegan","43_A",0.68865816343648
"56-57","vegan","47_A",0.508615181977815
"56-57","vegan","5_A",5.88378526551986
"56-57","EnvNJ","53_A",6.71462370850571
"56-57","adiv","54_A",0.825011931061973
"56-57","adiv","55_A",0.680644686394605
"56-57","vegan","57_A",0.520716037242067
"56-57","EnvNJ","58_A",2.21131257137108
"56-57","EnvNJ","59_A",2.28059321844461
"56-57","tabula","6_A",1.98234240979742
"56-57","vegan","61_A",2.56500700928974
"56-57","NST","62_A",0.213750584107478
"56-57","adespatial","64_A",0.213750584107478
"56-57","ecodive","65_A",1.37117123280793
"56-57","ecodive","66_1_A",2.56500700928974
"56-57","ecodive","66_2_A",0.82587591074133
"56-57","ecodive","66_3_A",0.596658806946294
"56-57","vegan","67_A",1.26983062209489
"56-57","vegan","68_A",0.353130609777601
"56-57","pctax","69_A",0.762577668245973
"56-57","tabula","7_A",105.413187426464
"56-57","vegan","75_A",0.0258200054215234
"56-57","abdiv","77_A",0.139598507968165
"56-57","adiv","81_A",0.674280874345986
"56-57","vegan","9_A",0.525155336491945
"56-57","adiv","93_A",0.341035509971411
"56-57","ade4","94_A",0.348943631100861
"56-57","ecodive","95_A",1.36128937278921
"56-57","ecodive","99_A",9.83554656067667
"57-58","stats","10_A",29.4873888886318
"57-58","proxy","100_A",0.589698399244395
"57-58","vegan","11_A",0.842496825389479
"57-58","abdiv","12_A",10.9524587300632
"57-58","abdiv","13_A",0.113663045549291
"57-58","pctax","14_A",0.261718834306102
"57-58","vegan","15_A",0.637444889252305
"57-58","wiqid","18_A",0.467830537072743
"57-58","abdiv","19_A",0.409090909090909
"57-58","vegan","2_A",2.14567985539279
"57-58","vegan","20_A",1.44190534140213
"57-58","ecodive","21_A",2.55255617657546
"57-58","ecodive","22_A",5.10511235315093
"57-58","vegan","23_A",0.903429305466357
"57-58","analogue","24_A",2.41450002900673
"57-58","adespatial","25_A",0.927959886255903
"57-58","vegan","26_A",0.899341101896961
"57-58","ecodive","27_A",3.24262045702178
"57-58","vegan","28_A",0.408092254987712
"57-58","ecodive","29_A",21.0291748565922
"57-58","EnvNJ","3_A",1.6642047012884
"57-58","vegan","30_A",0.903429305466357
"57-58","NST","31_A",0.0694945619589506
"57-58","abdiv","32_A",0.152707424272264
"57-58","ecodive","33_A",0.816184509975425
"57-58","vegan","34_A",0.371428571428571
"57-58","vegan","35_A",0.224562961037377
"57-58","ecodist","36_A",8.04365409566099
"57-58","NST","37_A",0.361336501241132
"57-58","ecodive","4_A",-0.223044456196088
"57-58","proxyC","40_A",13
"57-58","EnvNJ","41_A",0.371428571428571
"57-58","vegan","42_A",0.988607186675861
"57-58","vegan","43_A",0.745335318757684
"57-58","vegan","47_A",0.579638519482196
"57-58","vegan","5_A",7.21300539270146
"57-58","EnvNJ","53_A",9.98292691800015
"57-58","adiv","54_A",0.92774935263342
"57-58","adiv","55_A",0.86071886131173
"57-58","vegan","57_A",0.589804395418099
"57-58","EnvNJ","58_A",2.92579355256823
"57-58","EnvNJ","59_A",2.58030377001294
"57-58","tabula","6_A",1.16608377046907
"57-58","vegan","61_A",2.9193184934859
"57-58","NST","62_A",0.224562961037377
"57-58","adespatial","64_A",0.224562961037377
"57-58","ecodive","65_A",1.55386615543512
"57-58","ecodive","66_1_A",2.9193184934859
"57-58","ecodive","66_2_A",0.903429305466357
"57-58","ecodive","66_3_A",0.637144474104601
"57-58","vegan","67_A",1.24089432469409
"57-58","vegan","68_A",0.420223434270341
"57-58","pctax","69_A",0.797025703321657
"57-58","tabula","7_A",117.939679848879
"57-58","vegan","75_A",0.166101924640824
"57-58","abdiv","77_A",0.152707424272264
"57-58","adiv","81_A",0.733887547477889
"57-58","vegan","9_A",0.594051406643314
"57-58","adiv","93_A",0.408092254987712
"57-58","ade4","94_A",0.378952119847591
"57-58","ecodive","95_A",1.72143772262346
"57-58","ecodive","99_A",11.2765733936143
"58-59","stats","10_A",31.2601230020759
"58-59","proxy","100_A",0.719758762470254
"58-59","vegan","11_A",0.893146371487884
"58-59","abdiv","12_A",13.3971955723183
"58-59","abdiv","13_A",0.0961169925718479
"58-59","pctax","14_A",0.221317554279356
"58-59","vegan","15_A",0.653219012632176
"58-59","wiqid","18_A",0.485022448905252
"58-59","abdiv","19_A",0.567646212197547
"58-59","vegan","2_A",2.86881154705542
"58-59","vegan","20_A",1.55714315144165
"58-59","ecodive","21_A",2.80329611912189
"58-59","ecodive","22_A",5.60659223824379
"58-59","vegan","23_A",1.05263373161221
"58-59","analogue","24_A",2.56256858541381
"58-59","adespatial","25_A",1.04039503040481
"58-59","vegan","26_A",0.920379833148146
"58-59","ecodive","27_A",3.56461576596793
"58-59","vegan","28_A",0.554018886463921
"58-59","ecodive","29_A",25.4129711179742
"58-59","EnvNJ","3_A",1.95466412154653
"58-59","vegan","30_A",1.05263373161221
"58-59","NST","31_A",0.0701755821074805
"58-59","abdiv","32_A",0.177927575388563
"58-59","ecodive","33_A",1.10803777292784
"58-59","vegan","34_A",0.428571428571429
"58-59","vegan","35_A",0.222778802059701
"58-59","ecodist","36_A",11.0326254023522
"58-59","NST","37_A",0.316955077154344
"58-59","ecodive","4_A",-0.0493566614611124
"58-59","proxyC","40_A",15
"58-59","EnvNJ","41_A",0.428571428571429
"58-59","vegan","42_A",1.04260676299485
"58-59","vegan","43_A",0.834852745488162
"58-59","vegan","47_A",0.713014354316579
"58-59","vegan","5_A",8.69262734175656
"58-59","EnvNJ","53_A",10.3303734350424
"58-59","adiv","54_A",0.963499491202598
"58-59","adiv","55_A",0.928331269547666
"58-59","vegan","57_A",0.708984500930408
"58-59","EnvNJ","58_A",5.05275611259192
"58-59","EnvNJ","59_A",2.90459138765136
"58-59","tabula","6_A",0.557154633859436
"58-59","vegan","61_A",3.34168203089551
"58-59","NST","62_A",0.222778802059701
"58-59","adespatial","64_A",0.222778802059701
"58-59","ecodive","65_A",1.60080248169904
"58-59","ecodive","66_1_A",3.34168203089551
"58-59","ecodive","66_2_A",1.05263373161221
"58-59","ecodive","66_3_A",0.779242752102827
"58-59","vegan","67_A",1.19125394556879
"58-59","vegan","68_A",0.576535813727959
"58-59","pctax","69_A",0.858260615666962
"58-59","tabula","7_A",143.951752494051
"58-59","vegan","75_A",0.380717136687823
"58-59","abdiv","77_A",0.177927575388563
"58-59","adiv","81_A",0.832467460088555
"58-59","vegan","9_A",0.716521231333923
"58-59","adiv","93_A",0.554018886463921
"58-59","ade4","94_A",0.478817219417158
"58-59","ecodive","95_A",1.85666253909533
"58-59","ecodive","99_A",13.8714409274974
"59-60","stats","10_A",22.688374642875
"59-60","proxy","100_A",0.491773274998813
"59-60","vegan","11_A",0.648239275510716
"59-60","abdiv","12_A",8.4271105816393
"59-60","abdiv","13_A",0.08331062307092
"59-60","pctax","14_A",0.191829798771146
"59-60","vegan","15_A",0.484722411283872
"59-60","wiqid","18_A",0.319890173848984
"59-60","abdiv","19_A",0.567646212197547
"59-60","vegan","2_A",2.39060897083652
"59-60","vegan","20_A",1.22032000150452
"59-60","ecodive","21_A",1.7955862884354
"59-60","ecodive","22_A",3.5911725768708
"59-60","vegan","23_A",0.822789476877959
"59-60","analogue","24_A",1.67045594744469
"59-60","adespatial","25_A",0.839609044172729
"59-60","vegan","26_A",0.760911331151091
"59-60","ecodive","27_A",2.74350482054682
"59-60","vegan","28_A",0.338491261630552
"59-60","ecodive","29_A",15.0536374007272
"59-60","EnvNJ","3_A",1.40649766334575
"59-60","vegan","30_A",0.822789476877959
"59-60","NST","31_A",0.0632914982213814
"59-60","abdiv","32_A",0.139076805425851
"59-60","ecodive","33_A",0.676982523261105
"59-60","vegan","34_A",0.371428571428571
"59-60","vegan","35_A",0.172719162653381
"59-60","ecodist","36_A",6.67144826588041
"59-60","NST","37_A",0.27898410135201
"59-60","ecodive","4_A",-0.423010770774322
"59-60","proxyC","40_A",13
"59-60","EnvNJ","41_A",0.371428571428571
"59-60","vegan","42_A",0.829357998071907
"59-60","vegan","43_A",0.644390652181359
"59-60","vegan","47_A",0.505780308521703
"59-60","vegan","5_A",5.12558658824792
"59-60","EnvNJ","53_A",7.18265569179588
"59-60","adiv","54_A",0.774101457438067
"59-60","adiv","55_A",0.599233066407739
"59-60","vegan","57_A",0.459442816421183
"59-60","EnvNJ","58_A",1.81165056036895
"59-60","EnvNJ","59_A",1.97578573497671
"59-60","tabula","6_A",2.40780938038499
"59-60","vegan","61_A",2.24534911449396
"59-60","NST","62_A",0.172719162653381
"59-60","adespatial","64_A",0.172719162653381
"59-60","ecodive","65_A",1.29246119765535
"59-60","ecodive","66_1_A",2.24534911449396
"59-60","ecodive","66_2_A",0.822789476877959
"59-60","ecodive","66_3_A",0.652539785062126
"59-60","vegan","67_A",1.28008921203454
"59-60","vegan","68_A",0.376314240037382
"59-60","pctax","69_A",0.737675644985139
"59-60","tabula","7_A",98.3546549997626
"59-60","vegan","75_A",0.00327815219524963
"59-60","abdiv","77_A",0.139076805425851
"59-60","adiv","81_A",0.671784995008006
"59-60","vegan","9_A",0.475351289970278
"59-60","adiv","93_A",0.338491261630552
"59-60","ade4","94_A",0.383992300147971
"59-60","ecodive","95_A",1.19846613281548
"59-60","ecodive","99_A",9.11837242326255
"60-61","stats","10_A",19.4541305804595
"60-61","proxy","100_A",0.354734777382702
"60-61","vegan","11_A",0.555832302298843
"60-61","abdiv","12_A",7.22581992988496
"60-61","abdiv","13_A",0.0702378188391376
"60-61","pctax","14_A",0.161728554623414
"60-61","vegan","15_A",0.256993123937485
"60-61","wiqid","18_A",0.147442403966895
"60-61","abdiv","19_A",0.289228822067616
"60-61","vegan","2_A",2.39050407755233
"60-61","vegan","20_A",0.957914260111297
"60-61","ecodive","21_A",1.28212533810513
"60-61","ecodive","22_A",2.56425067621027
"60-61","vegan","23_A",0.647462788849908
"60-61","analogue","24_A",1.06372430206
"60-61","adespatial","25_A",0.637323317187564
"60-61","vegan","26_A",0.677792735987259
"60-61","ecodive","27_A",2.44381646373909
"60-61","vegan","28_A",0.20960403147265
"60-61","ecodive","29_A",11.9444778168844
"60-61","EnvNJ","3_A",1.13113413981004
"60-61","vegan","30_A",0.647462788849908
"60-61","NST","31_A",0.0498048299115314
"60-61","abdiv","32_A",0.109441186154978
"60-61","ecodive","33_A",0.419208062945301
"60-61","vegan","34_A",0.371428571428571
"60-61","vegan","35_A",0.151772265965574
"60-61","ecodist","36_A",6.32694406355384
"60-61","NST","37_A",0.274139354607815
"60-61","ecodive","4_A",-0.816268770628439
"60-61","proxyC","40_A",13
"60-61","EnvNJ","41_A",0.371428571428571
"60-61","vegan","42_A",0.616972254633056
"60-61","vegan","43_A",0.521909327036084
"60-61","vegan","47_A",0.346566357285474
"60-61","vegan","5_A",3.97983945659849
"60-61","EnvNJ","53_A",3.13516797068141
"60-61","adiv","54_A",0.636163217691277
"60-61","adiv","55_A",0.404703639543319
"60-61","vegan","57_A",0.353036713743702
"60-61","EnvNJ","58_A",1.09149038399413
"60-61","EnvNJ","59_A",1.79195603786802
"60-61","tabula","6_A",2.92970575907249
"60-61","vegan","61_A",1.97303945755246
"60-61","NST","62_A",0.151772265965574
"60-61","adespatial","64_A",0.151772265965574
"60-61","ecodive","65_A",1.03137010915578
"60-61","ecodive","66_1_A",1.97303945755246
"60-61","ecodive","66_2_A",0.647462788849908
"60-61","ecodive","66_3_A",0.467055626010653
"60-61","vegan","67_A",1.28289998423635
"60-61","vegan","68_A",0.209751229934222
"60-61","pctax","69_A",0.676548481288206
"60-61","tabula","7_A",70.9469554765403
"60-61","vegan","75_A",0.000164359403383108
"60-61","abdiv","77_A",0.109441186154978
"60-61","adiv","81_A",0.514740852406431
"60-61","vegan","9_A",0.353096962576412
"60-61","adiv","93_A",0.20960403147265
"60-61","ade4","94_A",0.231854820387416
"60-61","ecodive","95_A",0.809407279086638
"60-61","ecodive","99_A",8.15690597800365
"61-62","stats","10_A",20.130437175892
"61-62","proxy","100_A",0.405748153940401
"61-62","vegan","11_A",0.575155347882628
"61-62","abdiv","12_A",5.75155347882628
"61-62","abdiv","13_A",0.0911970440236656
"61-62","pctax","14_A",0.209988954094014
"61-62","vegan","15_A",0.450019642584994
"61-62","wiqid","18_A",0.290338932640101
"61-62","abdiv","19_A",0.377964473009227
"61-62","vegan","2_A",0.934583270020622
"61-62","vegan","20_A",1.07426221791057
"61-62","ecodive","21_A",1.50494048415581
"61-62","ecodive","22_A",3.00988096831162
"61-62","vegan","23_A",0.702082690285325
"61-62","analogue","24_A",1.46389812246022
"61-62","adespatial","25_A",0.715680790877948
"61-62","vegan","26_A",0.716773904179823
"61-62","ecodive","27_A",2.26663810457952
"61-62","vegan","28_A",0.24646005199914
"61-62","ecodive","29_A",10.2752965942637
"61-62","EnvNJ","3_A",1.15620838138981
"61-62","vegan","30_A",0.702082690285325
"61-62","NST","31_A",0.0702082690285325
"61-62","abdiv","32_A",0.118673634573177
"61-62","ecodive","33_A",0.49292010399828
"61-62","vegan","34_A",0.285714285714286
"61-62","vegan","35_A",0.193445228977039
"61-62","ecodist","36_A",3.48824791803819
"61-62","NST","37_A",0.283554991357908
"61-62","ecodive","4_A",-0.610257362098784
"61-62","proxyC","40_A",10
"61-62","EnvNJ","41_A",0.285714285714286
"61-62","vegan","42_A",0.749855237913356
"61-62","vegan","43_A",0.546443050211462
"61-62","vegan","47_A",0.395455998134643
"61-62","vegan","5_A",3.53520424043151
"61-62","EnvNJ","53_A",5.28628864358331
"61-62","adiv","54_A",0.716735974192881
"61-62","adiv","55_A",0.513710456702219
"61-62","vegan","57_A",0.370081732260455
"61-62","EnvNJ","58_A",1.20456972515203
"61-62","EnvNJ","59_A",1.72752165863329
"61-62","tabula","6_A",2.84671549347668
"61-62","vegan","61_A",1.93445228977039
"61-62","NST","62_A",0.193445228977039
"61-62","adespatial","64_A",0.193445228977039
"61-62","ecodive","65_A",1.20991657665321
"61-62","ecodive","66_1_A",1.93445228977039
"61-62","ecodive","66_2_A",0.702082690285325
"61-62","ecodive","66_3_A",0.527230671483065
"61-62","vegan","67_A",1.29288093914125
"61-62","vegan","68_A",0.26033526213864
"61-62","pctax","69_A",0.687967540690772
"61-62","tabula","7_A",81.1496307880801
"61-62","vegan","75_A",0.00207003622563395
"61-62","abdiv","77_A",0.118673634573177
"61-62","adiv","81_A",0.56677673629733
"61-62","vegan","9_A",0.375935081381544
"61-62","adiv","93_A",0.24646005199914
"61-62","ade4","94_A",0.2843997586504
"61-62","ecodive","95_A",1.02742091340444
"61-62","ecodive","99_A",6.27632120176843
"62-63","stats","10_A",25.2323303704234
"62-63","proxy","100_A",0.55580076864339
"62-63","vegan","11_A",0.720923724869241
"62-63","abdiv","12_A",11.5347795979079
"62-63","abdiv","13_A",0.0739647687898266
"62-63","pctax","14_A",0.170310174022206
"62-63","vegan","15_A",0.55580076864339
"62-63","wiqid","18_A",0.384850480858723
"62-63","abdiv","19_A",0.433401831036635
"62-63","vegan","2_A",1.89426369754024
"62-63","vegan","20_A",1.24418050594924
"62-63","ecodive","21_A",2.3517399652637
"62-63","ecodive","22_A",4.70347993052741
"62-63","vegan","23_A",0.861827727127861
"62-63","analogue","24_A",2.1826909034288
"62-63","adespatial","25_A",0.849914570344363
"62-63","vegan","26_A",0.811719824135387
"62-63","ecodive","27_A",3.24687929654155
"62-63","vegan","28_A",0.371373515623187
"62-63","ecodive","29_A",21.0844503326203
"62-63","EnvNJ","3_A",1.69052117184267
"62-63","vegan","30_A",0.861827727127861
"62-63","NST","31_A",0.0538642329454913
"62-63","abdiv","32_A",0.145675474085024
"62-63","ecodive","33_A",0.742747031246374
"62-63","vegan","34_A",0.457142857142857
"62-63","vegan","35_A",0.184227532040543
"62-63","ecodist","36_A",8.8519533379453
"62-63","NST","37_A",0.247776675843228
"62-63","ecodive","4_A",-0.622052525575134
"62-63","proxyC","40_A",16
"62-63","EnvNJ","41_A",0.457142857142857
"62-63","vegan","42_A",0.842168189120954
"62-63","vegan","43_A",0.665695193739913
"62-63","vegan","47_A",0.54160811973159
"62-63","vegan","5_A",7.21204077985139
"62-63","EnvNJ","53_A",7.03609277937439
"62-63","adiv","54_A",0.885340982891423
"62-63","adiv","55_A",0.783828655987151
"62-63","vegan","57_A",0.475090988996701
"62-63","EnvNJ","58_A",1.99089211573708
"62-63","EnvNJ","59_A",2.63786582771244
"62-63","tabula","6_A",2.04859583788441
"62-63","vegan","61_A",2.9476405126487
"62-63","NST","62_A",0.184227532040543
"62-63","adespatial","64_A",0.184227532040543
"62-63","ecodive","65_A",1.47739327987804
"62-63","ecodive","66_1_A",2.9476405126487
"62-63","ecodive","66_2_A",0.861827727127861
"62-63","ecodive","66_3_A",0.615171164208505
"62-63","vegan","67_A",1.21279848118501
"62-63","vegan","68_A",0.425943324053889
"62-63","pctax","69_A",0.749453944337421
"62-63","tabula","7_A",111.160153728678
"62-63","vegan","75_A",0.00493358633776086
"62-63","abdiv","77_A",0.145675474085024
"62-63","adiv","81_A",0.702653434163138
"62-63","vegan","9_A",0.498907888674841
"62-63","adiv","93_A",0.371373515623187
"62-63","ade4","94_A",0.33463313177177
"62-63","ecodive","95_A",1.5676573119743
"62-63","ecodive","99_A",12.2926099969072
"63-64","stats","10_A",12.6202350393244
"63-64","proxy","100_A",0.283224473363373
"63-64","vegan","11_A",0.360578143980696
"63-64","abdiv","12_A",5.76925030369113
"63-64","abdiv","13_A",0.0380540635948664
"63-64","pctax","14_A",0.0876227195613867
"63-64","vegan","15_A",0.127672801733292
"63-64","wiqid","18_A",0.0681893644719173
"63-64","abdiv","19_A",0.28539492472653
"63-64","vegan","2_A",1.89300313475507
"63-64","vegan","20_A",0.708077543848168
"63-64","ecodive","21_A",0.868239676005814
"63-64","ecodive","22_A",1.73647935201163
"63-64","vegan","23_A",0.55603734587367
"63-64","analogue","24_A",0.669827831489075
"63-64","adespatial","25_A",0.521761709676383
"63-64","vegan","26_A",0.48508049018213
"63-64","ecodive","27_A",1.94032196072852
"63-64","vegan","28_A",0.154588765003118
"63-64","ecodive","29_A",7.52969862257074
"63-64","EnvNJ","3_A",1.07338316238553
"63-64","vegan","30_A",0.55603734587367
"63-64","NST","31_A",0.0347523341171044
"63-64","abdiv","32_A",0.0939874657306168
"63-64","ecodive","33_A",0.309177530006235
"63-64","vegan","34_A",0.457142857142857
"63-64","vegan","35_A",0.116335712502784
"63-64","ecodist","36_A",4.93384213386722
"63-64","NST","37_A",0.189589797945529
"63-64","ecodive","4_A",-1.12396729741543
"63-64","proxyC","40_A",16
"63-64","EnvNJ","41_A",0.457142857142857
"63-64","vegan","42_A",0.440497550138685
"63-64","vegan","43_A",0.428626968364888
"63-64","vegan","47_A",0.267781516136094
"63-64","vegan","5_A",2.46968454724012
"63-64","EnvNJ","53_A",1.33540562205917
"63-64","adiv","54_A",0.513345200647608
"63-64","adiv","55_A",0.263523295027933
"63-64","vegan","57_A",0.270932537766661
"63-64","EnvNJ","58_A",0.750103599647152
"63-64","EnvNJ","59_A",1.72459078542748
"63-64","tabula","6_A",3.17715813660186
"63-64","vegan","61_A",1.86137140004454
"63-64","NST","62_A",0.116335712502784
"63-64","adespatial","64_A",0.116335712502784
"63-64","ecodive","65_A",0.818430101773557
"63-64","ecodive","66_1_A",1.86137140004454
"63-64","ecodive","66_2_A",0.55603734587367
"63-64","ecodive","66_3_A",0.396234679983167
"63-64","vegan","67_A",1.24777938526805
"63-64","vegan","68_A",0.158844624884236
"63-64","pctax","69_A",0.636386128479905
"63-64","tabula","7_A",56.6448946726745
"63-64","vegan","75_A",3.79316982934697e-07
"63-64","abdiv","77_A",0.0939874657306168
"63-64","adiv","81_A",0.4224411110713
"63-64","vegan","9_A",0.27277225695981
"63-64","adiv","93_A",0.154588765003118
"63-64","ade4","94_A",0.165822305826865
"63-64","ecodive","95_A",0.527046590055867
"63-64","ecodive","99_A",7.37631716071403
"64-65","stats","10_A",9.5224374424027
"64-65","proxy","100_A",0.198376181154994
"64-65","vegan","11_A",0.272069641211506
"64-65","abdiv","12_A",3.80897497696108
"64-65","abdiv","13_A",0.0209769188167681
"64-65","pctax","14_A",0.0483011405644365
"64-65","vegan","15_A",0.0603669298073827
"64-65","wiqid","18_A",0.0311228606766267
"64-65","abdiv","19_A",0.239962767231872
"64-65","vegan","2_A",1.75685129417418
"64-65","vegan","20_A",0.539571669342281
"64-65","ecodive","21_A",0.470295075954069
"64-65","ecodive","22_A",0.940590151908139
"64-65","vegan","23_A",0.439820163646667
"64-65","analogue","24_A",0.339363838257644
"64-65","adespatial","25_A",0.399290339295417
"64-65","vegan","26_A",0.416961892838726
"64-65","ecodive","27_A",1.56012854634326
"64-65","vegan","28_A",0.0967208881750906
"64-65","ecodive","29_A",4.8680021622303
"64-65","EnvNJ","3_A",0.760408530578646
"64-65","vegan","30_A",0.439820163646667
"64-65","NST","31_A",0.031415725974762
"64-65","abdiv","32_A",0.0743431765242747
"64-65","ecodive","33_A",0.193441776350181
"64-65","vegan","34_A",0.4
"64-65","vegan","35_A",0.0914895924232443
"64-65","ecodist","36_A",3.60856291633583
"64-65","NST","37_A",0.126113171757736
"64-65","ecodive","4_A",-1.11863759131544
"64-65","proxyC","40_A",14
"64-65","EnvNJ","41_A",0.4
"64-65","vegan","42_A",0.324106385119645
"64-65","vegan","43_A",0.330902508023332
"64-65","vegan","47_A",0.176381956827742
"64-65","vegan","5_A",1.60711200223778
"64-65","EnvNJ","53_A",0.777059857799536
"64-65","adiv","54_A",0.371752939905408
"64-65","adiv","55_A",0.138200248328314
"64-65","vegan","57_A",0.198244369910189
"64-65","EnvNJ","58_A",0.494506598383691
"64-65","EnvNJ","59_A",1.19447064546005
"64-65","tabula","6_A",3.51505748836268
"64-65","vegan","61_A",1.28085429392542
"64-65","NST","62_A",0.0914895924232443
"64-65","adespatial","64_A",0.0914895924232443
"64-65","ecodive","65_A",0.582549429883546
"64-65","ecodive","66_1_A",1.28085429392542
"64-65","ecodive","66_2_A",0.439820163646667
"64-65","ecodive","66_3_A",0.329461276102234
"64-65","vegan","67_A",1.27962151780741
"64-65","vegan","68_A",0.096738879767332
"64-65","pctax","69_A",0.599126177354521
"64-65","tabula","7_A",39.6752362309987
"64-65","vegan","75_A",1.94399953690194e-07
"64-65","abdiv","77_A",0.0743431765242747
"64-65","adiv","81_A",0.299871917966809
"64-65","vegan","9_A",0.198252354709043
"64-65","adiv","93_A",0.0967208881750906
"64-65","ade4","94_A",0.136166612701899
"64-65","ecodive","95_A",0.276400496656628
"64-65","ecodive","99_A",4.94476685849069
"65-66","stats","10_A",13.4100662563437
"65-66","proxy","100_A",0.26975493873892
"65-66","vegan","11_A",0.383144750181249
"65-66","abdiv","12_A",5.74717125271873
"65-66","abdiv","13_A",0.0375520845411905
"65-66","pctax","14_A",0.0864668700753973
"65-66","vegan","15_A",0.0817263244847303
"65-66","wiqid","18_A",0.0426041005138528
"65-66","abdiv","19_A",0.292346603361814
"65-66","vegan","2_A",2.3966739700161
"65-66","vegan","20_A",0.676572579485453
"65-66","ecodive","21_A",0.753193764979765
"65-66","ecodive","22_A",1.50638752995953
"65-66","vegan","23_A",0.55705425160495
"65-66","analogue","24_A",0.525390684854438
"65-66","adespatial","25_A",0.507861476169392
"65-66","vegan","26_A",0.506187595087033
"65-66","ecodive","27_A",1.96045612582886
"65-66","vegan","28_A",0.155154719615575
"65-66","ecodive","29_A",7.68677644259982
"65-66","EnvNJ","3_A",1.03158398767711
"65-66","vegan","30_A",0.55705425160495
"65-66","NST","31_A",0.0371369501069967
"65-66","abdiv","32_A",0.0941593541717066
"65-66","ecodive","33_A",0.310309439231151
"65-66","vegan","34_A",0.428571428571429
"65-66","vegan","35_A",0.118054758132826
"65-66","ecodist","36_A",5.56754120196963
"65-66","NST","37_A",0.206539516783969
"65-66","ecodive","4_A",-1.10529058691572
"65-66","proxyC","40_A",15
"65-66","EnvNJ","41_A",0.428571428571429
"65-66","vegan","42_A",0.399635671833557
"65-66","vegan","43_A",0.424839975345593
"65-66","vegan","47_A",0.268630196424613
"65-66","vegan","5_A",2.51078404619486
"65-66","EnvNJ","53_A",1.17682122725508
"65-66","adiv","54_A",0.467121086281257
"65-66","adiv","55_A",0.218202109248581
"65-66","vegan","57_A",0.26944637118201
"65-66","EnvNJ","58_A",0.738575705600275
"65-66","EnvNJ","59_A",1.63421057340282
"65-66","tabula","6_A",3.23171557298236
"65-66","vegan","61_A",1.7708213719924
"65-66","NST","62_A",0.118054758132826
"65-66","adespatial","64_A",0.118054758132826
"65-66","ecodive","65_A",0.724838385334578
"65-66","ecodive","66_1_A",1.7708213719924
"65-66","ecodive","66_2_A",0.55705425160495
"65-66","ecodive","66_3_A",0.402370923696349
"65-66","vegan","67_A",1.25735530001418
"65-66","vegan","68_A",0.155769475281071
"65-66","pctax","69_A",0.634856131661545
"65-66","tabula","7_A",53.950987747784
"65-66","vegan","75_A",1.30390212871312e-06
"65-66","abdiv","77_A",0.0941593541717066
"65-66","adiv","81_A",0.423496456542962
"65-66","vegan","9_A",0.269712263323089
"65-66","adiv","93_A",0.155154719615575
"65-66","ade4","94_A",0.170117590794936
"65-66","ecodive","95_A",0.436404218497162
"65-66","ecodive","99_A",7.23106212453381
"66-67","stats","10_A",27.374291539411
"66-67","proxy","100_A",0.646634715024421
"66-67","vegan","11_A",0.782122615411742
"66-67","abdiv","12_A",10.9497166157644
"66-67","abdiv","13_A",0.129841326956808
"66-67","pctax","14_A",0.298970703905313
"66-67","vegan","15_A",0.48973043715276
"66-67","wiqid","18_A",0.324266905193728
"66-67","abdiv","19_A",0.776456539436556
"66-67","vegan","2_A",3.30068833748447
"66-67","vegan","20_A",1.50483420215588
"66-67","ecodive","21_A",2.7156042164255
"66-67","ecodive","22_A",5.43120843285101
"66-67","vegan","23_A",1.14468160884258
"66-67","analogue","24_A",2.25319554043521
"66-67","adespatial","25_A",1.0925259023883
"66-67","vegan","26_A",0.833331954489712
"66-67","ecodive","27_A",3.1180426631512
"66-67","vegan","28_A",0.655147992811215
"66-67","ecodive","29_A",19.444380098462
"66-67","EnvNJ","3_A",2.08009643272333
"66-67","vegan","30_A",1.14468160884258
"66-67","NST","31_A",0.081762972060184
"66-67","abdiv","32_A",0.193486506404557
"66-67","ecodive","33_A",1.31029598562243
"66-67","vegan","34_A",0.4
"66-67","vegan","35_A",0.241695451857865
"66-67","ecodist","36_A",9.08941014356134
"66-67","NST","37_A",0.454989724067027
"66-67","ecodive","4_A",-0.264988673472453
"66-67","proxyC","40_A",14
"66-67","EnvNJ","41_A",0.4
"66-67","vegan","42_A",0.917562640814138
"66-67","vegan","43_A",0.820920202560631
"66-67","vegan","47_A",0.79164883823889
"66-67","vegan","5_A",6.47903706955542
"66-67","EnvNJ","53_A",5.914682440975
"66-67","adiv","54_A",0.927899951585097
"66-67","adiv","55_A",0.860998320151626
"66-67","vegan","57_A",0.646001899614781
"66-67","EnvNJ","58_A",4.58230253139397
"66-67","EnvNJ","59_A",2.88910971941279
"66-67","tabula","6_A",2.40780938038499
"66-67","vegan","61_A",3.38373632601011
"66-67","NST","62_A",0.241695451857865
"66-67","adespatial","64_A",0.241695451857865
"66-67","ecodive","65_A",1.50106480221049
"66-67","ecodive","66_1_A",3.38373632601011
"66-67","ecodive","66_2_A",1.14468160884258
"66-67","ecodive","66_3_A",0.887595231725371
"66-67","vegan","67_A",1.14191358964979
"66-67","vegan","68_A",0.740860834113029
"66-67","pctax","69_A",0.848119018044173
"66-67","tabula","7_A",129.326943004884
"66-67","vegan","75_A",0.00185009487666032
"66-67","abdiv","77_A",0.193486506404557
"66-67","adiv","81_A",0.883709822307641
"66-67","vegan","9_A",0.696238036088345
"66-67","adiv","93_A",0.655147992811215
"66-67","ade4","94_A",0.623818376228884
"66-67","ecodive","95_A",1.72199664030325
"66-67","ecodive","99_A",11.7715556330661
"67-68","stats","10_A",27.2026599430961
"67-68","proxy","100_A",0.589980258325618
"67-68","vegan","11_A",0.777218855517032
"67-68","abdiv","12_A",10.8810639772384
"67-68","abdiv","13_A",0.0765434470461957
"67-68","pctax","14_A",0.176247800134949
"67-68","vegan","15_A",0.488257150196067
"67-68","wiqid","18_A",0.322976325146431
"67-68","abdiv","19_A",0.425227033442388
"67-68","vegan","2_A",2.32734283228202
"67-68","vegan","20_A",1.31879096587357
"67-68","ecodive","21_A",2.15007318477841
"67-68","ecodive","22_A",4.30014636955681
"67-68","vegan","23_A",0.836344329448426
"67-68","analogue","24_A",1.90915169776016
"67-68","adespatial","25_A",0.841284720469022
"67-68","vegan","26_A",0.846353283700977
"67-68","ecodive","27_A",3.16676401578014
"67-68","vegan","28_A",0.349735918700269
"67-68","ecodive","29_A",20.0567886632799
"67-68","EnvNJ","3_A",1.5887638856242
"67-68","vegan","30_A",0.836344329448426
"67-68","NST","31_A",0.0597388806748876
"67-68","abdiv","32_A",0.141367993690281
"67-68","ecodive","33_A",0.699471837400538
"67-68","vegan","34_A",0.4
"67-68","vegan","35_A",0.196592909843287
"67-68","ecodist","36_A",8.85407936512152
"67-68","NST","37_A",0.330972435635377
"67-68","ecodive","4_A",-0.330936715228773
"67-68","proxyC","40_A",14
"67-68","EnvNJ","41_A",0.4
"67-68","vegan","42_A",0.854999985468239
"67-68","vegan","43_A",0.739270022016417
"67-68","vegan","47_A",0.518228660665781
"67-68","vegan","5_A",6.79769405893021
"67-68","EnvNJ","53_A",6.83226975039156
"67-68","adiv","54_A",0.838303064117615
"67-68","adiv","55_A",0.702752027308983
"67-68","vegan","57_A",0.526884895436381
"67-68","EnvNJ","58_A",2.83450956548884
"67-68","EnvNJ","59_A",2.45867916441206
"67-68","tabula","6_A",1.91856601026242
"67-68","vegan","61_A",2.75230073780602
"67-68","NST","62_A",0.196592909843287
"67-68","adespatial","64_A",0.196592909843287
"67-68","ecodive","65_A",1.38172055704479
"67-68","ecodive","66_1_A",2.75230073780602
"67-68","ecodive","66_2_A",0.836344329448426
"67-68","ecodive","66_3_A",0.594214439580833
"67-68","vegan","67_A",1.27707981593108
"67-68","vegan","68_A",0.495016593695918
"67-68","pctax","69_A",0.793191260193086
"67-68","tabula","7_A",117.996051665124
"67-68","vegan","75_A",0.0185009487666035
"67-68","abdiv","77_A",0.141367993690281
"67-68","adiv","81_A",0.68267537570859
"67-68","vegan","9_A",0.586382520386172
"67-68","adiv","93_A",0.349735918700269
"67-68","ade4","94_A",0.514553214026858
"67-68","ecodive","95_A",1.40550405461797
"67-68","ecodive","99_A",11.4722351962878
"68-69","stats","10_A",20.3647097625885
"68-69","proxy","100_A",0.429739166436603
"68-69","vegan","11_A",0.581848850359672
"68-69","abdiv","12_A",11.0551281568338
"68-69","abdiv","13_A",0.0561431146858795
"68-69","pctax","14_A",0.129274298949961
"68-69","vegan","15_A",0.290175786658425
"68-69","wiqid","18_A",0.169710888636513
"68-69","abdiv","19_A",0.378748711635231
"68-69","vegan","2_A",2.67791445137592
"68-69","vegan","20_A",1.05340705908367
"68-69","ecodive","21_A",1.85676803302212
"68-69","ecodive","22_A",3.71353606604423
"68-69","vegan","23_A",0.792783339936011
"68-69","analogue","24_A",1.51248289233584
"68-69","adespatial","25_A",0.748905921995587
"68-69","vegan","26_A",0.698107092536749
"68-69","ecodive","27_A",3.04297826813669
"68-69","vegan","28_A",0.314252712040048
"68-69","ecodive","29_A",18.5194334807043
"68-69","EnvNJ","3_A",1.61576534633329
"68-69","vegan","30_A",0.792783339936011
"68-69","NST","31_A",0.0417254389440006
"68-69","abdiv","32_A",0.134004842564961
"68-69","ecodive","33_A",0.628505424080097
"68-69","vegan","34_A",0.542857142857143
"68-69","vegan","35_A",0.150146420054282
"68-69","ecodist","36_A",9.75123894861691
"68-69","NST","37_A",0.208549594994979
"68-69","ecodive","4_A",-0.947247913845396
"68-69","proxyC","40_A",19
"68-69","EnvNJ","41_A",0.542857142857143
"68-69","vegan","42_A",0.6721977384876
"68-69","vegan","43_A",0.599168390488703
"68-69","vegan","47_A",0.478222657120866
"68-69","vegan","5_A",6.20237498878531
"68-69","EnvNJ","53_A",3.99404150873874
"68-69","adiv","54_A",0.761647685189106
"68-69","adiv","55_A",0.580107196353923
"68-69","vegan","57_A",0.426472311975157
"68-69","EnvNJ","58_A",1.4946252655114
"68-69","EnvNJ","59_A",2.58397554672171
"68-69","tabula","6_A",2.05975173321986
"68-69","vegan","61_A",2.85278198103136
"68-69","NST","62_A",0.150146420054282
"68-69","adespatial","64_A",0.150146420054282
"68-69","ecodive","65_A",1.22983043235067
"68-69","ecodive","66_1_A",2.85278198103136
"68-69","ecodive","66_2_A",0.792783339936011
"68-69","ecodive","66_3_A",0.549021766081746
"68-69","vegan","67_A",1.2056309455357
"68-69","vegan","68_A",0.317237849504944
"68-69","pctax","69_A",0.713861675600586
"68-69","tabula","7_A",85.9478332873205
"68-69","vegan","75_A",0.00135964275926548
"68-69","abdiv","77_A",0.134004842564961
"68-69","adiv","81_A",0.647023849644276
"68-69","vegan","9_A",0.427723351201171
"68-69","adiv","93_A",0.314252712040048
"68-69","ade4","94_A",0.23963672885669
"68-69","ecodive","95_A",1.16021439270785
"68-69","ecodive","99_A",12.3843626084842
"69-70","stats","10_A",16.5091236432812
"69-70","proxy","100_A",0.34354802964807
"69-70","vegan","11_A",0.471689246950891
"69-70","abdiv","12_A",8.96209569206694
"69-70","abdiv","13_A",0.0399671386570385
"69-70","pctax","14_A",0.092027737681323
"69-70","vegan","15_A",0.229021276124721
"69-70","wiqid","18_A",0.129319044343781
"69-70","abdiv","19_A",0.302094924123648
"69-70","vegan","2_A",2.17774270726178
"69-70","vegan","20_A",0.877069755021195
"69-70","ecodive","21_A",1.35035347082646
"69-70","ecodive","22_A",2.70070694165292
"69-70","vegan","23_A",0.648145100699034
"69-70","analogue","24_A",1.13580523030793
"69-70","adespatial","25_A",0.616525287922487
"69-70","vegan","26_A",0.599895843484804
"69-70","ecodive","27_A",2.61488535840036
"69-70","vegan","28_A",0.210046035780081
"69-70","ecodive","29_A",13.6752508751531
"69-70","EnvNJ","3_A",1.35512957324893
"69-70","vegan","30_A",0.648145100699034
"69-70","NST","31_A",0.0341129000367913
"69-70","abdiv","32_A",0.109556517907446
"69-70","ecodive","33_A",0.420092071560161
"69-70","vegan","34_A",0.542857142857143
"69-70","vegan","35_A",0.126745485388116
"69-70","ecodist","36_A",7.72007205971975
"69-70","NST","37_A",0.189242135377172
"69-70","ecodive","4_A",-1.07928084305847
"69-70","proxyC","40_A",19
"69-70","EnvNJ","41_A",0.542857142857143
"69-70","vegan","42_A",0.568789501427747
"69-70","vegan","43_A",0.510794365311359
"69-70","vegan","47_A",0.347170321738495
"69-70","vegan","5_A",4.58607845524824
"69-70","EnvNJ","53_A",2.78790713503839
"69-70","adiv","54_A",0.65381429041994
"69-70","adiv","55_A",0.427473126357329
"69-70","vegan","57_A",0.342976826835201
"69-70","EnvNJ","58_A",1.04403058830835
"69-70","EnvNJ","59_A",2.22277231189348
"69-70","tabula","6_A",2.37907460100472
"69-70","vegan","61_A",2.40816422237421
"69-70","NST","62_A",0.126745485388116
"69-70","adespatial","64_A",0.126745485388116
"69-70","ecodive","65_A",1.06574163393757
"69-70","ecodive","66_1_A",2.40816422237421
"69-70","ecodive","66_2_A",0.648145100699034
"69-70","ecodive","66_3_A",0.441917992211922
"69-70","vegan","67_A",1.22502828258919
"69-70","vegan","68_A",0.21009664297597
"69-70","pctax","69_A",0.671498936551551
"69-70","tabula","7_A",68.7096059296141
"69-70","vegan","75_A",0.000115924442470883
"69-70","abdiv","77_A",0.109556517907446
"69-70","adiv","81_A",0.515406724949937
"69-70","vegan","9_A",0.342997873103102
"69-70","adiv","93_A",0.210046035780081
"69-70","ade4","94_A",0.184663364841899
"69-70","ecodive","95_A",0.854946252714658
"69-70","ecodive","99_A",10.6499897830784
