"Sample","package","index","value"
"1-2","stats","10_A",22.8382326909323
"1-2","proxy","100_A",0.337953091684435
"1-2","vegan","11_A",0.652520934026638
"1-2","abdiv","12_A",18.2705861527459
"1-2","abdiv","13_A",0.00120921048791393
"1-2","pctax","14_A",0.00278431004376263
"1-2","vegan","15_A",0.120423892100193
"1-2","wiqid","18_A",0.0640697078421322
"1-2","abdiv","19_A",0.157782515991471
"1-2","vegan","2_A",5.55603837940343
"1-2","vegan","20_A",0.869627657876847
"1-2","ecodive","21_A",0.378126131672186
"1-2","ecodive","22_A",0.756252263344371
"1-2","vegan","23_A",0.398971954649653
"1-2","analogue","24_A",0.278020865637526
"1-2","adespatial","25_A",0.427611606588755
"1-2","vegan","26_A",0.749490334128524
"1-2","ecodive","27_A",3.96593006830156
"1-2","vegan","28_A",0.0795893102984823
"1-2","ecodive","29_A",31.4572026133168
"1-2","EnvNJ","3_A",0.416844349680171
"1-2","vegan","30_A",0.226314920563114
"1-2","NST","31_A",0.00808267573439693
"1-2","abdiv","32_A",0.0382542036044924
"1-2","ecodive","33_A",0.0512184432694887
"1-2","vegan","34_A",0.8
"1-2","vegan","35_A",0.0241395065488882
"1-2","ecodist","36_A",32.99150090085
"1-2","NST","37_A",0.526965351813723
"1-2","ecodive","4_A",0.149672891722782
"1-2","proxyC","40_A",28
"1-2","EnvNJ","41_A",0.8
"1-2","vegan","42_A",0.527276839655912
"1-2","vegan","43_A",0.505179282868526
"1-2","vegan","47_A",0.199643953049719
"1-2","vegan","5_A",10.53005440101
"1-2","EnvNJ","53_A",1.87947117838091
"1-2","adiv","54_A",0.337942287268998
"1-2","adiv","55_A",0.114204989524602
"1-2","vegan","57_A",0.337953091684435
"1-2","EnvNJ","58_A",1.02062565318432
"1-2","EnvNJ","59_A",0.652130146983787
"1-2","tabula","6_A",0.64824286510732
"1-2","vegan","61_A",0.67590618336887
"1-2","NST","62_A",0.0241395065488882
"1-2","adespatial","64_A",0.0241395065488882
"1-2","ecodive","65_A",0.527276839655912
"1-2","ecodive","66_1_A",0.67590618336887
"1-2","ecodive","66_2_A",0.226314920563114
"1-2","ecodive","66_3_A",0.182268165145275
"1-2","vegan","67_A",1
"1-2","vegan","68_A",0.110891372508181
"1-2","pctax","69_A",0.668976545842217
"1-2","tabula","7_A",67.590618336887
"1-2","vegan","75_A",0.164479050797182
"1-2","abdiv","77_A",0.0382542036044924
"1-2","adiv","81_A",0.332838676912741
"1-2","vegan","9_A",0.337953091684435
"1-2","adiv","93_A",0.110891372508181
"1-2","ade4","94_A",0.226314920563114
"1-2","ecodive","95_A",0.228409979049204
"1-2","ecodive","99_A",20.1629949878141
"2-3","stats","10_A",17.3296184528964
"2-3","proxy","100_A",0.159926175573744
"2-3","vegan","11_A",0.495131955797041
"2-3","abdiv","12_A",11.883166939129
"2-3","abdiv","13_A",7.2622399109745e-05
"2-3","pctax","14_A",0.000167219253607534
"2-3","vegan","15_A",0.0312192773018197
"2-3","wiqid","18_A",0.0158571632391007
"2-3","abdiv","19_A",0.0543251484512919
"2-3","vegan","2_A",5.31460155450292
"2-3","vegan","20_A",0.568911955684589
"2-3","ecodive","21_A",0.161830406660432
"2-3","ecodive","22_A",0.323660813320864
"2-3","vegan","23_A",0.164947508585907
"2-3","analogue","24_A",0.109061521386812
"2-3","adespatial","25_A",0.190963877020649
"2-3","vegan","26_A",0.61671951058249
"2-3","ecodive","27_A",3.02129623069214
"2-3","vegan","28_A",0.0136038402943489
"2-3","ecodive","29_A",18.2564618271891
"2-3","EnvNJ","3_A",0.18708874979939
"2-3","vegan","30_A",0.0916014732474599
"2-3","NST","31_A",0.00381672805197749
"2-3","abdiv","32_A",0.0154834749708982
"2-3","ecodive","33_A",0.00839082990110511
"2-3","vegan","34_A",0.685714285714286
"2-3","vegan","35_A",0.013327181297812
"2-3","ecodist","36_A",19.8443182014542
"2-3","NST","37_A",0.0705309245520755
"2-3","ecodive","4_A",0.0560739251975304
"2-3","proxyC","40_A",24
"2-3","EnvNJ","41_A",0.685714285714286
"2-3","vegan","42_A",0.330244638695031
"2-3","vegan","43_A",0.275752334832238
"2-3","vegan","47_A",0.0300883449201757
"2-3","vegan","5_A",5.88331572528128
"2-3","EnvNJ","53_A",0.561494569945379
"2-3","adiv","54_A",0.21733608508769
"2-3","adiv","55_A",0.0472349738812437
"2-3","vegan","57_A",0.159926175573744
"2-3","EnvNJ","58_A",0.38066611363183
"2-3","EnvNJ","59_A",0.315758111566311
"2-3","tabula","6_A",1.94575208256749
"2-3","vegan","61_A",0.319852351147488
"2-3","NST","62_A",0.013327181297812
"2-3","adespatial","64_A",0.013327181297812
"2-3","ecodive","65_A",0.330244638695031
"2-3","ecodive","66_1_A",0.319852351147488
"2-3","ecodive","66_2_A",0.0916014732474599
"2-3","ecodive","66_3_A",0.0679215555272545
"2-3","vegan","67_A",1
"2-3","vegan","68_A",0.0152739564957578
"2-3","pctax","69_A",0.579963087786872
"2-3","tabula","7_A",31.9852351147488
"2-3","vegan","75_A",0.000101637985561287
"2-3","abdiv","77_A",0.0154834749708982
"2-3","adiv","81_A",0.0584189600213511
"2-3","vegan","9_A",0.159926175573744
"2-3","adiv","93_A",0.0152739564957579
"2-3","ade4","94_A",0.0916014732474572
"2-3","ecodive","95_A",0.0944699477624874
"2-3","ecodive","99_A",13.9046365985954
"3-4","stats","10_A",17.369107145637
"3-4","proxy","100_A",0.226595984660501
"3-4","vegan","11_A",0.496260204161059
"3-4","abdiv","12_A",12.4065051040265
"3-4","abdiv","13_A",0.00197853675561378
"3-4","pctax","14_A",0.00455574923941711
"3-4","vegan","15_A",0.0533900218225603
"3-4","wiqid","18_A",0.0274271797746295
"3-4","abdiv","19_A",0.100872246033536
"3-4","vegan","2_A",5.03795282983238
"3-4","vegan","20_A",0.624727947759629
"3-4","ecodive","21_A",0.195142504355979
"3-4","ecodive","22_A",0.390285008711958
"3-4","vegan","23_A",0.292452592551849
"3-4","analogue","24_A",0.131702928695421
"3-4","adespatial","25_A",0.3068900108061
"3-4","vegan","26_A",0.632619600423921
"3-4","ecodive","27_A",3.1630980021196
"3-4","vegan","28_A",0.0427642594451488
"3-4","ecodive","29_A",20.0103779420261
"3-4","EnvNJ","3_A",0.277032107677269
"3-4","vegan","30_A",0.155637550550424
"3-4","NST","31_A",0.00622550202201698
"3-4","abdiv","32_A",0.0263075476086432
"3-4","ecodive","33_A",0.0242230471413359
"3-4","vegan","34_A",0.714285714285714
"3-4","vegan","35_A",0.0181276787728401
"3-4","ecodist","36_A",22.1921176502728
"3-4","NST","37_A",0.196741922395736
"3-4","ecodive","4_A",0.0681198216498686
"3-4","proxyC","40_A",25
"3-4","EnvNJ","41_A",0.714285714285714
"3-4","vegan","42_A",0.362908981282388
"3-4","vegan","43_A",0.369471264367816
"3-4","vegan","47_A",0.102384659258791
"3-4","vegan","5_A",6.62455652939361
"3-4","EnvNJ","53_A",0.834979104734118
"3-4","adiv","54_A",0.237033333167807
"3-4","adiv","55_A",0.0561848010326407
"3-4","vegan","57_A",0.226595984660501
"3-4","EnvNJ","58_A",0.585834195555491
"3-4","EnvNJ","59_A",0.441643583332206
"3-4","tabula","6_A",1.59289548728323
"3-4","vegan","61_A",0.453191969321002
"3-4","NST","62_A",0.0181276787728401
"3-4","adespatial","64_A",0.0181276787728401
"3-4","ecodive","65_A",0.362908981282388
"3-4","ecodive","66_1_A",0.453191969321002
"3-4","ecodive","66_2_A",0.155637550550424
"3-4","ecodive","66_3_A",0.121526530764261
"3-4","vegan","67_A",1
"3-4","vegan","68_A",0.0539543800372101
"3-4","pctax","69_A",0.61329799233025
"3-4","tabula","7_A",45.3191969321002
"3-4","vegan","75_A",0.00174267704857245
"3-4","abdiv","77_A",0.0263075476086432
"3-4","adiv","81_A",0.185751241000816
"3-4","vegan","9_A",0.226595984660501
"3-4","adiv","93_A",0.0539543800372101
"3-4","ade4","94_A",0.155637550550426
"3-4","ecodive","95_A",0.112369602065281
"3-4","ecodive","99_A",14.2169530763814
"4-5","stats","10_A",23.440792256971
"4-5","proxy","100_A",0.49411392627473
"4-5","vegan","11_A",0.669736921627743
"4-5","abdiv","12_A",18.0828968839491
"4-5","abdiv","13_A",0.0118749979377001
"4-5","pctax","14_A",0.0273431932306834
"4-5","vegan","15_A",0.156852693171171
"4-5","wiqid","18_A",0.0851004651608882
"4-5","abdiv","19_A",0.352496749481674
"4-5","vegan","2_A",6.13055947903466
"4-5","vegan","20_A",1.15803490074405
"4-5","ecodive","21_A",0.670522415670638
"4-5","ecodive","22_A",1.34104483134128
"4-5","vegan","23_A",0.99721207023992
"4-5","analogue","24_A",0.481297569435595
"4-5","adespatial","25_A",0.959748474929007
"4-5","vegan","26_A",0.750733512119605
"4-5","ecodive","27_A",3.90092575780734
"4-5","vegan","28_A",0.497215956516093
"4-5","ecodive","29_A",30.4344435358496
"4-5","EnvNJ","3_A",0.670362301015567
"4-5","vegan","30_A",0.395335987621391
"4-5","NST","31_A",0.0146420736156071
"4-5","abdiv","32_A",0.0668239783971038
"4-5","ecodive","33_A",0.156290543108581
"4-5","vegan","34_A",0.771428571428571
"4-5","vegan","35_A",0.036601031575906
"4-5","ecodist","36_A",30.8214311011252
"4-5","NST","37_A",0.515410644557696
"4-5","ecodive","4_A",0.275290874382825
"4-5","proxyC","40_A",27
"4-5","EnvNJ","41_A",0.771428571428571
"4-5","vegan","42_A",0.693756131097661
"4-5","vegan","43_A",0.661413989369208
"4-5","vegan","47_A",0.678182266592598
"4-5","vegan","5_A",10.0907015234446
"4-5","EnvNJ","53_A",3.06896894539039
"4-5","adiv","54_A",0.449357417716407
"4-5","adiv","55_A",0.201922088856758
"4-5","vegan","57_A",0.49411392627473
"4-5","EnvNJ","58_A",1.95268730727003
"4-5","EnvNJ","59_A",0.922345417921072
"4-5","tabula","6_A",0.887182296714712
"4-5","vegan","61_A",0.988227852549461
"4-5","NST","62_A",0.036601031575906
"4-5","adespatial","64_A",0.036601031575906
"4-5","ecodive","65_A",0.693756131097661
"4-5","ecodive","66_1_A",0.988227852549461
"4-5","ecodive","66_2_A",0.395335987621391
"4-5","ecodive","66_3_A",0.35819295249566
"4-5","vegan","67_A",1
"4-5","vegan","68_A",0.513067913565034
"4-5","pctax","69_A",0.747056963137365
"4-5","tabula","7_A",98.8227852549461
"4-5","vegan","75_A",0.0748079877112136
"4-5","abdiv","77_A",0.0668239783971038
"4-5","adiv","81_A",0.808234337941835
"4-5","vegan","9_A",0.49411392627473
"4-5","adiv","93_A",0.513067913565034
"4-5","ade4","94_A",0.395335987621391
"4-5","ecodive","95_A",0.403844177713516
"4-5","ecodive","99_A",20.1468438248697
"5-6","stats","10_A",17.4974079766875
"5-6","proxy","100_A",0.30328676877209
"5-6","vegan","11_A",0.499925942191072
"5-6","abdiv","12_A",10.9983707282036
"5-6","abdiv","13_A",0.00261153250296234
"5-6","pctax","14_A",0.00601327581119052
"5-6","vegan","15_A",0.0428842869855929
"5-6","wiqid","18_A",0.021911983384744
"5-6","abdiv","19_A",0.0986030631627035
"5-6","vegan","2_A",5.3108412259799
"5-6","vegan","20_A",0.803952433943318
"5-6","ecodive","21_A",0.323169758021693
"5-6","ecodive","22_A",0.646339516043385
"5-6","vegan","23_A",0.540898616569541
"5-6","analogue","24_A",0.201768725061227
"5-6","adespatial","25_A",0.538990177194977
"5-6","vegan","26_A",0.600839948604963
"5-6","ecodive","27_A",2.81818916406822
"5-6","vegan","28_A",0.146285656703422
"5-6","ecodive","29_A",15.884380328943
"5-6","EnvNJ","3_A",0.352588300353442
"5-6","vegan","30_A",0.179356619701519
"5-6","NST","31_A",0.00815257362279633
"5-6","abdiv","32_A",0.0303168020508927
"5-6","ecodive","33_A",0.0321687970307554
"5-6","vegan","34_A",0.628571428571429
"5-6","vegan","35_A",0.0275715244338264
"5-6","ecodist","36_A",15.1225887697941
"5-6","NST","37_A",0.208628512514902
"5-6","ecodive","4_A",0.106343623784312
"5-6","proxyC","40_A",22
"5-6","EnvNJ","41_A",0.628571428571429
"5-6","vegan","42_A",0.449186737405755
"5-6","vegan","43_A",0.465418319343234
"5-6","vegan","47_A",0.256656393190767
"5-6","vegan","5_A",4.91937111657273
"5-6","EnvNJ","53_A",1.11994285429642
"5-6","adiv","54_A",0.301216317930801
"5-6","adiv","55_A",0.0907312701877896
"5-6","vegan","57_A",0.30328676877209
"5-6","EnvNJ","58_A",0.870409145123777
"5-6","EnvNJ","59_A",0.59119738401755
"5-6","tabula","6_A",2.38050737101219
"5-6","vegan","61_A",0.60657353754418
"5-6","NST","62_A",0.0275715244338264
"5-6","adespatial","64_A",0.0275715244338264
"5-6","ecodive","65_A",0.449186737405755
"5-6","ecodive","66_1_A",0.60657353754418
"5-6","ecodive","66_2_A",0.179356619701519
"5-6","ecodive","66_3_A",0.131032116353453
"5-6","vegan","67_A",1
"5-6","vegan","68_A",0.147220772880519
"5-6","pctax","69_A",0.651643384386045
"5-6","tabula","7_A",60.657353754418
"5-6","vegan","75_A",4.63801219963145e-06
"5-6","abdiv","77_A",0.0303168020508927
"5-6","adiv","81_A",0.408475052657938
"5-6","vegan","9_A",0.30328676877209
"5-6","adiv","93_A",0.147220772880519
"5-6","ade4","94_A",0.179356619701518
"5-6","ecodive","95_A",0.181462540375579
"5-6","ecodive","99_A",13.1238556057693
"6-7","stats","10_A",16.3978426276967
"6-7","proxy","100_A",0.200838797330025
"6-7","vegan","11_A",0.468509789362763
"6-7","abdiv","12_A",10.3072153659808
"6-7","abdiv","13_A",0.00125136356897747
"6-7","pctax","14_A",0.00288137109984337
"6-7","vegan","15_A",0.0676318510858324
"6-7","wiqid","18_A",0.0349994648399872
"6-7","abdiv","19_A",0.0736015121980034
"6-7","vegan","2_A",4.36432857965929
"6-7","vegan","20_A",0.596816466526862
"6-7","ecodive","21_A",0.178094947358805
"6-7","ecodive","22_A",0.356189894717609
"6-7","vegan","23_A",0.333507205973959
"6-7","analogue","24_A",0.126888782545119
"6-7","adespatial","25_A",0.334987641567917
"6-7","vegan","26_A",0.611409215642544
"6-7","ecodive","27_A",2.86776342075107
"6-7","vegan","28_A",0.0556135282182784
"6-7","ecodive","29_A",16.4481340747958
"6-7","EnvNJ","3_A",0.237639553429027
"6-7","vegan","30_A",0.120693195905929
"6-7","NST","31_A",0.00548605435936043
"6-7","abdiv","32_A",0.0204008736073357
"6-7","ecodive","33_A",0.0145668475379871
"6-7","vegan","34_A",0.628571428571429
"6-7","vegan","35_A",0.0182580724845478
"6-7","ecodist","36_A",17.5213722937691
"6-7","NST","37_A",0.12306980368665
"6-7","ecodive","4_A",0.0655463795470043
"6-7","proxyC","40_A",22
"6-7","EnvNJ","41_A",0.628571428571429
"6-7","vegan","42_A",0.356214517594552
"6-7","vegan","43_A",0.334497515864037
"6-7","vegan","47_A",0.116563580054619
"6-7","vegan","5_A",5.49177316607361
"6-7","EnvNJ","53_A",0.7501574881149
"6-7","adiv","54_A",0.228692392728837
"6-7","adiv","55_A",0.0523002104920406
"6-7","vegan","57_A",0.200838797330025
"6-7","EnvNJ","58_A",0.502498236489829
"6-7","EnvNJ","59_A",0.39463423948808
"6-7","tabula","6_A",2.04585715436415
"6-7","vegan","61_A",0.401677594660051
"6-7","NST","62_A",0.0182580724845478
"6-7","adespatial","64_A",0.0182580724845478
"6-7","ecodive","65_A",0.356214517594552
"6-7","ecodive","66_1_A",0.401677594660051
"6-7","ecodive","66_2_A",0.120693195905929
"6-7","ecodive","66_3_A",0.0909700103033218
"6-7","vegan","67_A",1
"6-7","vegan","68_A",0.0618887788407528
"6-7","pctax","69_A",0.600419398665013
"6-7","tabula","7_A",40.1677594660051
"6-7","vegan","75_A",0.000192132672666601
"6-7","abdiv","77_A",0.0204008736073357
"6-7","adiv","81_A",0.208789865864902
"6-7","vegan","9_A",0.200838797330025
"6-7","adiv","93_A",0.0618887788407528
"6-7","ade4","94_A",0.120693195905929
"6-7","ecodive","95_A",0.104600420984081
"6-7","ecodive","99_A",11.9208138311067
"7-8","stats","10_A",16.8366067639549
"7-8","proxy","100_A",0.261904761904762
"7-8","vegan","11_A",0.481045907541567
"7-8","abdiv","12_A",10.5830099659145
"7-8","abdiv","13_A",0.00119464182406735
"7-8","pctax","14_A",0.00275076445556475
"7-8","vegan","15_A",0.155249350267249
"7-8","wiqid","18_A",0.0841573631047317
"7-8","abdiv","19_A",0.109347442680776
"7-8","vegan","2_A",4.27007866954397
"7-8","vegan","20_A",0.794633011427226
"7-8","ecodive","21_A",0.315720811424951
"7-8","ecodive","22_A",0.631441622849902
"7-8","vegan","23_A",0.475733753290729
"7-8","analogue","24_A",0.253928584204498
"7-8","adespatial","25_A",0.483876286687748
"7-8","vegan","26_A",0.621222640385226
"7-8","ecodive","27_A",2.91379246282199
"7-8","vegan","28_A",0.113161302010042
"7-8","ecodive","29_A",16.9803730327964
"7-8","EnvNJ","3_A",0.31657848324515
"7-8","vegan","30_A",0.167956432762681
"7-8","NST","31_A",0.0076343833073946
"7-8","abdiv","32_A",0.0283898187516808
"7-8","ecodive","33_A",0.0282093633063651
"7-8","vegan","34_A",0.628571428571429
"7-8","vegan","35_A",0.0238095238095238
"7-8","ecodist","36_A",16.3324502669021
"7-8","NST","37_A",0.373169033020738
"7-8","ecodive","4_A",0.135778821461551
"7-8","proxyC","40_A",22
"7-8","EnvNJ","41_A",0.628571428571429
"7-8","vegan","42_A",0.503913270518349
"7-8","vegan","43_A",0.415094339622642
"7-8","vegan","47_A",0.207662848408868
"7-8","vegan","5_A",5.68077321950151
"7-8","EnvNJ","53_A",2.20289160476802
"7-8","adiv","54_A",0.314955642862971
"7-8","adiv","55_A",0.0991970569712273
"7-8","vegan","57_A",0.261904761904762
"7-8","EnvNJ","58_A",0.709485171759911
"7-8","EnvNJ","59_A",0.510403473719768
"7-8","tabula","6_A",2.04585715436415
"7-8","vegan","61_A",0.523809523809524
"7-8","NST","62_A",0.0238095238095238
"7-8","adespatial","64_A",0.0238095238095238
"7-8","ecodive","65_A",0.503913270518349
"7-8","ecodive","66_1_A",0.523809523809524
"7-8","ecodive","66_2_A",0.167956432762681
"7-8","ecodive","66_3_A",0.130822114158164
"7-8","vegan","67_A",1
"7-8","vegan","68_A",0.115861487457601
"7-8","pctax","69_A",0.630952380952381
"7-8","tabula","7_A",52.3809523809524
"7-8","vegan","75_A",0.000192132672666601
"7-8","abdiv","77_A",0.0283898187516808
"7-8","adiv","81_A",0.343908647487948
"7-8","vegan","9_A",0.261904761904762
"7-8","adiv","93_A",0.115861487457601
"7-8","ade4","94_A",0.167956432762681
"7-8","ecodive","95_A",0.198394113942455
"7-8","ecodive","99_A",12.2496176020015
"8-9","stats","10_A",17.3774933390603
"8-9","proxy","100_A",0.403213317847464
"8-9","vegan","11_A",0.496499809687438
"8-9","abdiv","12_A",10.9229958131236
"8-9","abdiv","13_A",0.0112875694751183
"8-9","pctax","14_A",0.0259905892095419
"8-9","vegan","15_A",0.309192200557103
"8-9","wiqid","18_A",0.182866556836903
"8-9","abdiv","19_A",0.24390243902439
"8-9","vegan","2_A",4.37178349454604
"8-9","vegan","20_A",1.03932558128559
"8-9","ecodive","21_A",0.540098831957318
"8-9","ecodive","22_A",1.08019766391464
"8-9","vegan","23_A",0.879806894556739
"8-9","analogue","24_A",0.454676303538564
"8-9","adespatial","25_A",0.857151959031074
"8-9","vegan","26_A",0.626306968616509
"8-9","ecodive","27_A",2.93764007608611
"8-9","vegan","28_A",0.387030085854787
"8-9","ecodive","29_A",17.2594584332545
"8-9","EnvNJ","3_A",0.525164537359659
"8-9","vegan","30_A",0.310311446335281
"8-9","NST","31_A",0.0141050657425128
"8-9","abdiv","32_A",0.0524522078322446
"8-9","ecodive","33_A",0.0962931937266942
"8-9","vegan","34_A",0.628571428571429
"8-9","vegan","35_A",0.0366557561679513
"8-9","ecodist","36_A",15.3479585756656
"8-9","NST","37_A",0.307417306979135
"8-9","ecodive","4_A",0.257913779882094
"8-9","proxyC","40_A",22
"8-9","EnvNJ","41_A",0.628571428571429
"8-9","vegan","42_A",0.674296895691033
"8-9","vegan","43_A",0.574699958614981
"8-9","vegan","47_A",0.560749560098873
"8-9","vegan","5_A",5.70684631314997
"8-9","EnvNJ","53_A",4.08202267895274
"8-9","adiv","54_A",0.414240168954343
"8-9","adiv","55_A",0.171594917575323
"8-9","vegan","57_A",0.403213317847464
"8-9","EnvNJ","58_A",1.35082851896666
"8-9","EnvNJ","59_A",0.763441529741519
"8-9","tabula","6_A",2.04585715436415
"8-9","vegan","61_A",0.806426635694928
"8-9","NST","62_A",0.0366557561679513
"8-9","adespatial","64_A",0.0366557561679513
"8-9","ecodive","65_A",0.674296895691033
"8-9","ecodive","66_1_A",0.806426635694928
"8-9","ecodive","66_2_A",0.310311446335281
"8-9","ecodive","66_3_A",0.261932885536435
"8-9","vegan","67_A",1
"8-9","vegan","68_A",0.38961222074554
"8-9","pctax","69_A",0.701606658923732
"8-9","tabula","7_A",80.6426635694928
"8-9","vegan","75_A",0.000192132672666601
"8-9","abdiv","77_A",0.0524522078322446
"8-9","adiv","81_A",0.71856443139199
"8-9","vegan","9_A",0.403213317847464
"8-9","adiv","93_A",0.38961222074554
"8-9","ade4","94_A",0.310311446335282
"8-9","ecodive","95_A",0.343189835150646
"8-9","ecodive","99_A",12.6337026330232
"9-10","stats","10_A",21.106075862757
"9-10","proxy","100_A",0.476295425604858
"9-10","vegan","11_A",0.603030738935915
"9-10","abdiv","12_A",13.869706995526
"9-10","abdiv","13_A",0.0108898033105921
"9-10","pctax","14_A",0.0250746987686065
"9-10","vegan","15_A",0.437428002932244
"9-10","wiqid","18_A",0.279941022719657
"9-10","abdiv","19_A",0.24390243902439
"9-10","vegan","2_A",4.96419712895791
"9-10","vegan","20_A",1.20562068628142
"9-10","ecodive","21_A",0.726760619594839
"9-10","ecodive","22_A",1.45352123918968
"9-10","vegan","23_A",0.960404407310956
"9-10","analogue","24_A",0.641738898509719
"9-10","adespatial","25_A",0.943191431330014
"9-10","vegan","26_A",0.728334259612169
"9-10","ecodive","27_A",3.49296840175667
"9-10","vegan","28_A",0.461188312791154
"9-10","ecodive","29_A",24.4016565113411
"9-10","EnvNJ","3_A",0.598246645117054
"9-10","vegan","30_A",0.338465426353724
"9-10","NST","31_A",0.0147158881023358
"9-10","abdiv","32_A",0.0572110990322703
"9-10","ecodive","33_A",0.114558844836808
"9-10","vegan","34_A",0.657142857142857
"9-10","vegan","35_A",0.0414169935308573
"9-10","ecodist","36_A",20.944778822779
"9-10","NST","37_A",0.377617995804324
"9-10","ecodive","4_A",0.386941900766137
"9-10","proxyC","40_A",23
"9-10","EnvNJ","41_A",0.657142857142857
"9-10","vegan","42_A",0.801086074345147
"9-10","vegan","43_A",0.645257605414192
"9-10","vegan","47_A",0.633366615852142
"9-10","vegan","5_A",8.2594515687994
"9-10","EnvNJ","53_A",5.97773811040797
"9-10","adiv","54_A",0.486396341889265
"9-10","adiv","55_A",0.236581401403258
"9-10","vegan","57_A",0.476295425604858
"9-10","EnvNJ","58_A",1.81814848220208
"9-10","EnvNJ","59_A",0.901099096020928
"9-10","tabula","6_A",1.29695648337879
"9-10","vegan","61_A",0.952590851209717
"9-10","NST","62_A",0.0414169935308573
"9-10","adespatial","64_A",0.0414169935308573
"9-10","ecodive","65_A",0.801086074345147
"9-10","ecodive","66_1_A",0.952590851209717
"9-10","ecodive","66_2_A",0.338465426353724
"9-10","ecodive","66_3_A",0.271443694759695
"9-10","vegan","67_A",1
"9-10","vegan","68_A",0.463450273642384
"9-10","pctax","69_A",0.738147712802429
"9-10","tabula","7_A",95.2590851209717
"9-10","vegan","75_A",0.0266897343117297
"9-10","abdiv","77_A",0.0572110990322703
"9-10","adiv","81_A",0.775535155065857
"9-10","vegan","9_A",0.476295425604858
"9-10","adiv","93_A",0.463450273642384
"9-10","ade4","94_A",0.338465426353724
"9-10","ecodive","95_A",0.473162802806517
"9-10","ecodive","99_A",15.1232362521641
"10-11","stats","10_A",21.2483490220547
"10-11","proxy","100_A",0.416331994645248
"10-11","vegan","11_A",0.60709568634442
"10-11","abdiv","12_A",16.3915835312994
"10-11","abdiv","13_A",0.00888342246881297
"10-11","pctax","14_A",0.0204548361514571
"10-11","vegan","15_A",0.137629342979726
"10-11","wiqid","18_A",0.0739000813081579
"10-11","abdiv","19_A",0.131916555109326
"10-11","vegan","2_A",5.78718793003343
"10-11","vegan","20_A",0.964760861852998
"10-11","ecodive","21_A",0.46538176028167
"10-11","ecodive","22_A",0.930763520563339
"10-11","vegan","23_A",0.755822575532169
"10-11","analogue","24_A",0.321994959142934
"10-11","adespatial","25_A",0.734895521777166
"10-11","vegan","26_A",0.696790859034362
"10-11","ecodive","27_A",3.62063151029124
"10-11","vegan","28_A",0.285633882842041
"10-11","ecodive","29_A",26.2179450666276
"10-11","EnvNJ","3_A",0.482290272199911
"10-11","vegan","30_A",0.252392300865319
"10-11","NST","31_A",0.00934786299501183
"10-11","abdiv","32_A",0.0426620853874089
"10-11","ecodive","33_A",0.0637018735360899
"10-11","vegan","34_A",0.771428571428571
"10-11","vegan","35_A",0.0308394070107591
"10-11","ecodist","36_A",26.5340179626243
"10-11","NST","37_A",0.387626652386665
"10-11","ecodive","4_A",0.175541568432991
"10-11","proxyC","40_A",27
"10-11","EnvNJ","41_A",0.771428571428571
"10-11","vegan","42_A",0.567445996675397
"10-11","vegan","43_A",0.587901701323252
"10-11","vegan","47_A",0.444368178822526
"10-11","vegan","5_A",8.59535385341725
"10-11","EnvNJ","53_A",2.1904445946237
"10-11","adiv","54_A",0.368081261055646
"10-11","adiv","55_A",0.135483814740314
"10-11","vegan","57_A",0.416331994645248
"10-11","EnvNJ","58_A",1.42616568294099
"10-11","EnvNJ","59_A",0.802845738620025
"10-11","tabula","6_A",1.18942710668005
"10-11","vegan","61_A",0.832663989290495
"10-11","NST","62_A",0.0308394070107591
"10-11","adespatial","64_A",0.0308394070107591
"10-11","ecodive","65_A",0.567445996675396
"10-11","ecodive","66_1_A",0.832663989290495
"10-11","ecodive","66_2_A",0.252392300865319
"10-11","ecodive","66_3_A",0.187701362008668
"10-11","vegan","67_A",1
"10-11","vegan","68_A",0.285651252933473
"10-11","pctax","69_A",0.708165997322624
"10-11","tabula","7_A",83.2663989290495
"10-11","vegan","75_A",0.0132157423592352
"10-11","abdiv","77_A",0.0426620853874089
"10-11","adiv","81_A",0.615311504833598
"10-11","vegan","9_A",0.416331994645248
"10-11","adiv","93_A",0.285651252933473
"10-11","ade4","94_A",0.252392300865319
"10-11","ecodive","95_A",0.270967629480629
"10-11","ecodive","99_A",18.7499596393569
"11-12","stats","10_A",18.9100868275894
"11-12","proxy","100_A",0.374543557642149
"11-12","vegan","11_A",0.540288195073984
"11-12","abdiv","12_A",14.0474930719236
"11-12","abdiv","13_A",0.0103438665660087
"11-12","pctax","14_A",0.0238176329588111
"11-12","vegan","15_A",0.101752550353126
"11-12","wiqid","18_A",0.0536034173901062
"11-12","abdiv","19_A",0.207550860719875
"11-12","vegan","2_A",5.37529463818435
"11-12","vegan","20_A",0.897757057175324
"11-12","ecodive","21_A",0.402983866854049
"11-12","ecodive","22_A",0.805967733708098
"11-12","vegan","23_A",0.739845272974005
"11-12","analogue","24_A",0.26899583544058
"11-12","adespatial","25_A",0.707126459571612
"11-12","vegan","26_A",0.65387209897148
"11-12","ecodive","27_A",3.33410659204945
"11-12","vegan","28_A",0.27368551397099
"11-12","ecodive","29_A",22.2325335342952
"11-12","EnvNJ","3_A",0.478318988002087
"11-12","vegan","30_A",0.269248900195051
"11-12","NST","31_A",0.0103557269305789
"11-12","abdiv","32_A",0.0455113707161642
"11-12","ecodive","33_A",0.0724949702562445
"11-12","vegan","34_A",0.742857142857143
"11-12","vegan","35_A",0.0288110428955499
"11-12","ecodist","36_A",22.3438876241061
"11-12","NST","37_A",0.331126678900977
"11-12","ecodive","4_A",0.144445498499663
"11-12","proxyC","40_A",26
"11-12","EnvNJ","41_A",0.742857142857143
"11-12","vegan","42_A",0.518648084389194
"11-12","vegan","43_A",0.544971537001898
"11-12","vegan","47_A",0.43872607936669
"11-12","vegan","5_A",7.21946774589252
"11-12","EnvNJ","53_A",1.64196831450288
"11-12","adiv","54_A",0.33988194870969
"11-12","adiv","55_A",0.115519739058696
"11-12","vegan","57_A",0.374543557642149
"11-12","EnvNJ","58_A",1.19733928198615
"11-12","EnvNJ","59_A",0.716129737274088
"11-12","tabula","6_A",1.53634334612839
"11-12","vegan","61_A",0.749087115284298
"11-12","NST","62_A",0.0288110428955499
"11-12","adespatial","64_A",0.0288110428955499
"11-12","ecodive","65_A",0.518648084389194
"11-12","ecodive","66_1_A",0.749087115284298
"11-12","ecodive","66_2_A",0.269248900195051
"11-12","ecodive","66_3_A",0.223761504020058
"11-12","vegan","67_A",1
"11-12","vegan","68_A",0.281005192982873
"11-12","pctax","69_A",0.687271778821075
"11-12","tabula","7_A",74.9087115284298
"11-12","vegan","75_A",0.00122763232100409
"11-12","abdiv","77_A",0.0455113707161642
"11-12","adiv","81_A",0.609881318839805
"11-12","vegan","9_A",0.374543557642149
"11-12","adiv","93_A",0.281005192982873
"11-12","ade4","94_A",0.269248900195051
"11-12","ecodive","95_A",0.231039478117393
"11-12","ecodive","99_A",16.1283856083286
"12-13","stats","10_A",14.6071824748586
"12-13","proxy","100_A",0.309461287499005
"12-13","vegan","11_A",0.417348070710246
"12-13","abdiv","12_A",8.34696141420491
"12-13","abdiv","13_A",0.00545162720641113
"12-13","pctax","14_A",0.012552835538043
"12-13","vegan","15_A",0.0242194339072074
"12-13","wiqid","18_A",0.0122581597991434
"12-13","abdiv","19_A",0.162409485159545
"12-13","vegan","2_A",4.44399228914921
"12-13","vegan","20_A",0.768480993569293
"12-13","ecodive","21_A",0.295281518738624
"12-13","ecodive","22_A",0.590563037477247
"12-13","vegan","23_A",0.479992846042875
"12-13","analogue","24_A",0.178093472921916
"12-13","adespatial","25_A",0.483599444973975
"12-13","vegan","26_A",0.535978177532461
"12-13","ecodive","27_A",2.39696727883807
"12-13","vegan","28_A",0.115196566126169
"12-13","ecodive","29_A",11.4909042716407
"12-13","EnvNJ","3_A",0.390666030078778
"12-13","vegan","30_A",0.236152630621685
"12-13","NST","31_A",0.0118076315310843
"12-13","abdiv","32_A",0.0399170801070498
"12-13","ecodive","33_A",0.0557680649495421
"12-13","vegan","34_A",0.571428571428571
"12-13","vegan","35_A",0.0309461287499005
"12-13","ecodist","36_A",11.8112318859948
"12-13","NST","37_A",0.403223083016248
"12-13","ecodive","4_A",0.0932636854102629
"12-13","proxyC","40_A",20
"12-13","EnvNJ","41_A",0.571428571428571
"12-13","vegan","42_A",0.422011223691878
"12-13","vegan","43_A",0.472654350996597
"12-13","vegan","47_A",0.249600387869544
"12-13","vegan","5_A",3.57736403879075
"12-13","EnvNJ","53_A",0.84416929779643
"12-13","adiv","54_A",0.285966211040497
"12-13","adiv","55_A",0.0817766738568581
"12-13","vegan","57_A",0.309461287499005
"12-13","EnvNJ","58_A",0.89605589626634
"12-13","EnvNJ","59_A",0.593086308516186
"12-13","tabula","6_A",2.72371171350202
"12-13","vegan","61_A",0.61892257499801
"12-13","NST","62_A",0.0309461287499005
"12-13","adespatial","64_A",0.0309461287499005
"12-13","ecodive","65_A",0.422011223691878
"12-13","ecodive","66_1_A",0.61892257499801
"12-13","ecodive","66_2_A",0.236152630621685
"12-13","ecodive","66_3_A",0.189174574250835
"12-13","vegan","67_A",1
"12-13","vegan","68_A",0.142596231249017
"12-13","pctax","69_A",0.654730643749503
"12-13","tabula","7_A",61.892257499801
"12-13","vegan","75_A",6.07153482379275e-07
"12-13","abdiv","77_A",0.0399170801070498
"12-13","adiv","81_A",0.399488332898311
"12-13","vegan","9_A",0.309461287499005
"12-13","adiv","93_A",0.142596231249017
"12-13","ade4","94_A",0.236152630621685
"12-13","ecodive","95_A",0.163553347713716
"12-13","ecodive","99_A",10.2518363882947
"13-14","stats","10_A",22.6606873608735
"13-14","proxy","100_A",0.465608132232794
"13-14","vegan","11_A",0.647448210310672
"13-14","abdiv","12_A",16.8336534680775
"13-14","abdiv","13_A",0.0109761412432553
"13-14","pctax","14_A",0.0252734992053168
"13-14","vegan","15_A",0.156892612338157
"13-14","wiqid","18_A",0.0851239669421487
"13-14","abdiv","19_A",0.281582761010648
"13-14","vegan","2_A",6.22665093848009
"13-14","vegan","20_A",1.13858530763123
"13-14","ecodive","21_A",0.648188251376855
"13-14","ecodive","22_A",1.29637650275371
"13-14","vegan","23_A",0.780696446305282
"13-14","analogue","24_A",0.459966917975162
"13-14","adespatial","25_A",0.774260541952494
"13-14","vegan","26_A",0.750374905178606
"13-14","ecodive","27_A",3.82617628401605
"13-14","vegan","28_A",0.304743470636848
"13-14","ecodive","29_A",29.2792499127337
"13-14","EnvNJ","3_A",0.606399512738118
"13-14","vegan","30_A",0.35518598510154
"13-14","NST","31_A",0.0136609994269823
"13-14","abdiv","32_A",0.0600373893057012
"13-14","ecodive","33_A",0.126157084012552
"13-14","vegan","34_A",0.742857142857143
"13-14","vegan","35_A",0.0358160101717533
"13-14","ecodist","36_A",28.4466997555474
"13-14","NST","37_A",0.595432396697333
"13-14","ecodive","4_A",0.261343282530829
"13-14","proxyC","40_A",26
"13-14","EnvNJ","41_A",0.742857142857143
"13-14","vegan","42_A",0.678208609481745
"13-14","vegan","43_A",0.635378750967298
"13-14","vegan","47_A",0.52719556874971
"13-14","vegan","5_A",9.69157660926466
"13-14","EnvNJ","53_A",2.95910520015409
"13-14","adiv","54_A",0.440082720388953
"13-14","adiv","55_A",0.193672800784941
"13-14","vegan","57_A",0.465608132232794
"13-14","EnvNJ","58_A",1.74191999656661
"13-14","EnvNJ","59_A",0.875723059502705
"13-14","tabula","6_A",1.13330395219788
"13-14","vegan","61_A",0.931216264465587
"13-14","NST","62_A",0.0358160101717533
"13-14","adespatial","64_A",0.0358160101717533
"13-14","ecodive","65_A",0.678208609481745
"13-14","ecodive","66_1_A",0.931216264465587
"13-14","ecodive","66_2_A",0.35518598510154
"13-14","ecodive","66_3_A",0.299857514845362
"13-14","vegan","67_A",1
"13-14","vegan","68_A",0.357953546013006
"13-14","pctax","69_A",0.732804066116397
"13-14","tabula","7_A",93.1216264465587
"13-14","vegan","75_A",0.0276126913501775
"13-14","abdiv","77_A",0.0600373893057012
"13-14","adiv","81_A",0.6904100293865
"13-14","vegan","9_A",0.465608132232794
"13-14","adiv","93_A",0.357953546013006
"13-14","ade4","94_A",0.355185985101541
"13-14","ecodive","95_A",0.387345601569882
"13-14","ecodive","99_A",18.3979488856951
"14-15","stats","10_A",18.8435687625323
"14-15","proxy","100_A",0.498104089219331
"14-15","vegan","11_A",0.538387678929494
"14-15","abdiv","12_A",13.4596919732373
"14-15","abdiv","13_A",0.01563304349953
"14-15","pctax","14_A",0.0359964129201452
"14-15","vegan","15_A",0.39441604404247
"14-15","wiqid","18_A",0.245652706343375
"14-15","abdiv","19_A",0.29
"14-15","vegan","2_A",4.80571462602732
"14-15","vegan","20_A",1.1902223422903
"14-15","ecodive","21_A",0.708314612043499
"14-15","ecodive","22_A",1.416629224087
"14-15","vegan","23_A",1.05441753343169
"14-15","analogue","24_A",0.602811829295164
"14-15","adespatial","25_A",1.02347541494956
"14-15","vegan","26_A",0.654347218670488
"14-15","ecodive","27_A",3.27173609335244
"14-15","vegan","28_A",0.555898167404085
"14-15","ecodive","29_A",21.4085141290902
"14-15","EnvNJ","3_A",0.643104089219331
"14-15","vegan","30_A",0.385509913772301
"14-15","NST","31_A",0.0154203965508921
"14-15","abdiv","32_A",0.0651630687729368
"14-15","ecodive","33_A",0.148617893616727
"14-15","vegan","34_A",0.714285714285714
"14-15","vegan","35_A",0.0398483271375465
"14-15","ecodist","36_A",19.2394330731689
"14-15","NST","37_A",0.46274395325256
"14-15","ecodive","4_A",0.35868541307465
"14-15","proxyC","40_A",25
"14-15","EnvNJ","41_A",0.714285714285714
"14-15","vegan","42_A",0.776409575736392
"14-15","vegan","43_A",0.664979279882876
"14-15","vegan","47_A",0.720351358107284
"14-15","vegan","5_A",7.12207081842767
"14-15","EnvNJ","53_A",5.46210794729925
"14-15","adiv","54_A",0.475494853842715
"14-15","adiv","55_A",0.226095356030905
"14-15","vegan","57_A",0.498104089219331
"14-15","EnvNJ","58_A",1.98413888350244
"14-15","EnvNJ","59_A",0.931055207086849
"14-15","tabula","6_A",1.49065204523325
"14-15","vegan","61_A",0.996208178438662
"14-15","NST","62_A",0.0398483271375465
"14-15","adespatial","64_A",0.0398483271375465
"14-15","ecodive","65_A",0.776409575736392
"14-15","ecodive","66_1_A",0.996208178438662
"14-15","ecodive","66_2_A",0.385509913772301
"14-15","ecodive","66_3_A",0.319238032232785
"14-15","vegan","67_A",1
"14-15","vegan","68_A",0.56292902170538
"14-15","pctax","69_A",0.749052044609665
"14-15","tabula","7_A",99.6208178438662
"14-15","vegan","75_A",0.00384024577572961
"14-15","abdiv","77_A",0.0651630687729368
"14-15","adiv","81_A",0.837446786335332
"14-15","vegan","9_A",0.498104089219331
"14-15","adiv","93_A",0.56292902170538
"14-15","ade4","94_A",0.385509913772301
"14-15","ecodive","95_A",0.452190712061811
"14-15","ecodive","99_A",15.530958612395
"15-16","stats","10_A",25.4618919570813
"15-16","proxy","100_A",0.491958762886598
"15-16","vegan","11_A",0.72748262734518
"15-16","abdiv","12_A",17.4595830562843
"15-16","abdiv","13_A",0.0151433618368649
"15-16","pctax","14_A",0.03486887922338
"15-16","vegan","15_A",0.225481978206203
"15-16","wiqid","18_A",0.127066603684459
"15-16","abdiv","19_A",0.279690721649484
"15-16","vegan","2_A",5.46635097869804
"15-16","vegan","20_A",1.22848511203082
"15-16","ecodive","21_A",0.754587835240685
"15-16","ecodive","22_A",1.50917567048137
"15-16","vegan","23_A",0.979080991607706
"15-16","analogue","24_A",0.579182060771716
"15-16","adespatial","25_A",0.948663691179301
"15-16","vegan","26_A",0.806290683407228
"15-16","ecodive","27_A",3.95000151741529
"15-16","vegan","28_A",0.479299794063765
"15-16","ecodive","29_A",31.2050239751661
"15-16","EnvNJ","3_A",0.63180412371134
"15-16","vegan","30_A",0.387472358182915
"15-16","NST","31_A",0.0161446815909548
"15-16","abdiv","32_A",0.0654947824215965
"15-16","ecodive","33_A",0.150134828355829
"15-16","vegan","34_A",0.685714285714286
"15-16","vegan","35_A",0.0409965635738832
"15-16","ecodist","36_A",28.2054120788321
"15-16","NST","37_A",0.708219546883899
"15-16","ecodive","4_A",0.341914461237852
"15-16","proxyC","40_A",24
"15-16","EnvNJ","41_A",0.685714285714286
"15-16","vegan","42_A",0.761040117715036
"15-16","vegan","43_A",0.659480375898286
"15-16","vegan","47_A",0.648023298071287
"15-16","vegan","5_A",10.4806544675094
"15-16","EnvNJ","53_A",3.95969003710198
"15-16","adiv","54_A",0.483904313273833
"15-16","adiv","55_A",0.23416338440502
"15-16","vegan","57_A",0.491958762886598
"15-16","EnvNJ","58_A",1.93577384709496
"15-16","EnvNJ","59_A",0.918963694772374
"15-16","tabula","6_A",0.881338302072322
"15-16","vegan","61_A",0.983917525773196
"15-16","NST","62_A",0.0409965635738832
"15-16","adespatial","64_A",0.0409965635738832
"15-16","ecodive","65_A",0.761040117715036
"15-16","ecodive","66_1_A",0.983917525773196
"15-16","ecodive","66_2_A",0.387472358182915
"15-16","ecodive","66_3_A",0.33075054251212
"15-16","vegan","67_A",1
"15-16","vegan","68_A",0.479315432837581
"15-16","pctax","69_A",0.745979381443299
"15-16","tabula","7_A",98.3917525773196
"15-16","vegan","75_A",0.117092268806174
"15-16","abdiv","77_A",0.0654947824215965
"15-16","adiv","81_A",0.786424923518594
"15-16","vegan","9_A",0.491958762886598
"15-16","adiv","93_A",0.479315432837581
"15-16","ade4","94_A",0.387472358182915
"15-16","ecodive","95_A",0.468326768810039
"15-16","ecodive","99_A",18.7681327721633
"16-17","stats","10_A",18.2918300594618
"16-17","proxy","100_A",0.21008018327606
"16-17","vegan","11_A",0.522623715984622
"16-17","abdiv","12_A",9.92985060370782
"16-17","abdiv","13_A",0.000909846926258369
"16-17","pctax","14_A",0.00209499996930896
"16-17","vegan","15_A",0.150735294117647
"16-17","wiqid","18_A",0.0815109343936382
"16-17","abdiv","19_A",0.0707903780068729
"16-17","vegan","2_A",3.01190130174037
"16-17","vegan","20_A",0.658380853390468
"16-17","ecodive","21_A",0.21673267405558
"16-17","ecodive","22_A",0.43346534811116
"16-17","vegan","23_A",0.233319042104727
"16-17","analogue","24_A",0.187575381959462
"16-17","adespatial","25_A",0.248888916108648
"16-17","vegan","26_A",0.648637762436787
"16-17","ecodive","27_A",2.8273464574263
"16-17","vegan","28_A",0.0272188877043338
"16-17","ecodive","29_A",15.987775980642
"16-17","EnvNJ","3_A",0.245475372279496
"16-17","vegan","30_A",0.119516838601929
"16-17","NST","31_A",0.00629035992641733
"16-17","abdiv","32_A",0.0202020329312244
"16-17","ecodive","33_A",0.0142842747093996
"16-17","vegan","34_A",0.542857142857143
"16-17","vegan","35_A",0.0221137035027431
"16-17","ecodist","36_A",14.7396997123768
"16-17","NST","37_A",0.0903782647636137
"16-17","ecodive","4_A",0.098481663724742
"16-17","proxyC","40_A",19
"16-17","EnvNJ","41_A",0.542857142857143
"16-17","vegan","42_A",0.433099736734463
"16-17","vegan","43_A",0.347216963271488
"16-17","vegan","47_A",0.0739761470642919
"16-17","vegan","5_A",5.3646581052464
"16-17","EnvNJ","53_A",1.45815554693447
"16-17","adiv","54_A",0.263867248047109
"16-17","adiv","55_A",0.0696259245919544
"16-17","vegan","57_A",0.21008018327606
"16-17","EnvNJ","58_A",0.531747723860972
"16-17","EnvNJ","59_A",0.41322956999929
"16-17","tabula","6_A",2.22156157611313
"16-17","vegan","61_A",0.420160366552119
"16-17","NST","62_A",0.0221137035027431
"16-17","adespatial","64_A",0.0221137035027431
"16-17","ecodive","65_A",0.433099736734464
"16-17","ecodive","66_1_A",0.420160366552119
"16-17","ecodive","66_2_A",0.119516838601929
"16-17","ecodive","66_3_A",0.0870819698388891
"16-17","vegan","67_A",1
"16-17","vegan","68_A",0.0384087387866641
"16-17","pctax","69_A",0.60504009163803
"16-17","tabula","7_A",42.0160366552119
"16-17","vegan","75_A",0.000426854021669532
"16-17","abdiv","77_A",0.0202020329312244
"16-17","adiv","81_A",0.137761247801463
"16-17","vegan","9_A",0.21008018327606
"16-17","adiv","93_A",0.0384087387866641
"16-17","ade4","94_A",0.119516838601928
"16-17","ecodive","95_A",0.139251849183909
"16-17","ecodive","99_A",11.4256919040757
"17-18","stats","10_A",21.5683910553714
"17-18","proxy","100_A",0.484369114877589
"17-18","vegan","11_A",0.616239744439183
"17-18","abdiv","12_A",12.3247948887837
"17-18","abdiv","13_A",0.0234465449181559
"17-18","pctax","14_A",0.0539876648107611
"17-18","vegan","15_A",0.162085308056872
"17-18","wiqid","18_A",0.0881897885507995
"17-18","abdiv","19_A",0.208851224105461
"17-18","vegan","2_A",3.63218657288934
"17-18","vegan","20_A",1.05088404303686
"17-18","ecodive","21_A",0.552178635954749
"17-18","ecodive","22_A",1.1043572719095
"17-18","vegan","23_A",0.820398231955027
"17-18","analogue","24_A",0.377876997918591
"17-18","adespatial","25_A",0.782988384533242
"17-18","vegan","26_A",0.707460802484754
"17-18","ecodive","27_A",3.16386089154492
"17-18","vegan","28_A",0.336526629497467
"17-18","ecodive","29_A",20.0200314820949
"17-18","EnvNJ","3_A",0.58879472693032
"17-18","vegan","30_A",0.352359735877876
"17-18","NST","31_A",0.0176179867938938
"17-18","abdiv","32_A",0.0595596659944406
"17-18","ecodive","33_A",0.124157383467926
"17-18","vegan","34_A",0.571428571428571
"17-18","vegan","35_A",0.0484369114877589
"17-18","ecodist","36_A",17.674329351157
"17-18","NST","37_A",0.397157250961178
"17-18","ecodive","4_A",0.209411394152914
"17-18","proxyC","40_A",20
"17-18","EnvNJ","41_A",0.571428571428571
"17-18","vegan","42_A",0.614717006368451
"17-18","vegan","43_A",0.652626236995686
"17-18","vegan","47_A",0.520436019557639
"17-18","vegan","5_A",6.60844797697646
"17-18","EnvNJ","53_A",2.6449695055023
"17-18","adiv","54_A",0.399480710530887
"17-18","adiv","55_A",0.159584838086262
"17-18","vegan","57_A",0.484369114877589
"17-18","EnvNJ","58_A",1.8779059581641
"17-18","EnvNJ","59_A",0.913013683516834
"17-18","tabula","6_A",2.00718135165143
"17-18","vegan","61_A",0.968738229755179
"17-18","NST","62_A",0.0484369114877589
"17-18","adespatial","64_A",0.0484369114877589
"17-18","ecodive","65_A",0.614717006368452
"17-18","ecodive","66_1_A",0.968738229755179
"17-18","ecodive","66_2_A",0.352359735877876
"17-18","ecodive","66_3_A",0.279078957792111
"17-18","vegan","67_A",1
"17-18","vegan","68_A",0.351749587335884
"17-18","pctax","69_A",0.742184557438795
"17-18","tabula","7_A",96.8738229755179
"17-18","vegan","75_A",0.00115235637313305
"17-18","abdiv","77_A",0.0595596659944406
"17-18","adiv","81_A",0.684587858828886
"17-18","vegan","9_A",0.48436911487759
"17-18","adiv","93_A",0.351749587335884
"17-18","ade4","94_A",0.352359735877875
"17-18","ecodive","95_A",0.319169676172525
"17-18","ecodive","99_A",13.9938990616006
"18-19","stats","10_A",16.6072456839344
"18-19","proxy","100_A",0.305084745762712
"18-19","vegan","11_A",0.474492733826696
"18-19","abdiv","12_A",10.913332878014
"18-19","abdiv","13_A",0.00684735035662373
"18-19","pctax","14_A",0.0157666068576693
"18-19","vegan","15_A",0.151725133535441
"18-19","wiqid","18_A",0.0820901351245801
"18-19","abdiv","19_A",0.152542372881356
"18-19","vegan","2_A",3.26589923799666
"18-19","vegan","20_A",0.774338783550741
"18-19","ecodive","21_A",0.29980027585542
"18-19","ecodive","22_A",0.599600551710841
"18-19","vegan","23_A",0.554977790468259
"18-19","analogue","24_A",0.232754627826746
"18-19","adespatial","25_A",0.53516147194565
"18-19","vegan","26_A",0.600014019282956
"18-19","ecodive","27_A",2.87756614810677
"18-19","vegan","28_A",0.154000173956516
"18-19","ecodive","29_A",16.56077387346
"18-19","EnvNJ","3_A",0.38135593220339
"18-19","vegan","30_A",0.199467835524404
"18-19","NST","31_A",0.00867251458801755
"18-19","abdiv","32_A",0.0337162179749875
"18-19","ecodive","33_A",0.0397874174087906
"18-19","vegan","34_A",0.6
"18-19","vegan","35_A",0.0265291083271923
"18-19","ecodist","36_A",15.7661333849125
"18-19","NST","37_A",0.203466700662545
"18-19","ecodive","4_A",0.123725133154369
"18-19","proxyC","40_A",21
"18-19","EnvNJ","41_A",0.6
"18-19","vegan","42_A",0.482446502554165
"18-19","vegan","43_A",0.467532467532468
"18-19","vegan","47_A",0.297529538131042
"18-19","vegan","5_A",5.50798091467669
"18-19","EnvNJ","53_A",1.98159959730101
"18-19","adiv","54_A",0.302107879593851
"18-19","adiv","55_A",0.0912691709126925
"18-19","vegan","57_A",0.305084745762712
"18-19","EnvNJ","58_A",0.877808774722814
"18-19","EnvNJ","59_A",0.591593070948885
"18-19","tabula","6_A",1.90290805758043
"18-19","vegan","61_A",0.610169491525424
"18-19","NST","62_A",0.0265291083271923
"18-19","adespatial","64_A",0.0265291083271923
"18-19","ecodive","65_A",0.482446502554166
"18-19","ecodive","66_1_A",0.610169491525424
"18-19","ecodive","66_2_A",0.199467835524404
"18-19","ecodive","66_3_A",0.163186438169862
"18-19","vegan","67_A",1
"18-19","vegan","68_A",0.174763406940063
"18-19","pctax","69_A",0.652542372881356
"18-19","tabula","7_A",61.0169491525424
"18-19","vegan","75_A",0.000426854021669532
"18-19","abdiv","77_A",0.0337162179749875
"18-19","adiv","81_A",0.458609271523179
"18-19","vegan","9_A",0.305084745762712
"18-19","adiv","93_A",0.174763406940063
"18-19","ade4","94_A",0.199467835524403
"18-19","ecodive","95_A",0.182538341825385
"18-19","ecodive","99_A",12.9329051796157
"19-20","stats","10_A",19.0214856214682
"19-20","proxy","100_A",0.45882461311717
"19-20","vegan","11_A",0.543471017756233
"19-20","abdiv","12_A",13.0433044261496
"19-20","abdiv","13_A",0.00711252083973663
"19-20","pctax","14_A",0.016377184459187
"19-20","vegan","15_A",0.18002408968776
"19-20","wiqid","18_A",0.09891564424986
"19-20","abdiv","19_A",0.158529845246868
"19-20","vegan","2_A",4.2879494373734
"19-20","vegan","20_A",1.017694305426
"19-20","ecodive","21_A",0.517850849648251
"19-20","ecodive","22_A",1.0357016992965
"19-20","vegan","23_A",0.800454704050103
"19-20","analogue","24_A",0.366930578752902
"19-20","adespatial","25_A",0.78280236610261
"19-20","vegan","26_A",0.632958675727476
"19-20","ecodive","27_A",3.10085156760015
"19-20","vegan","28_A",0.320363866617969
"19-20","ecodive","29_A",19.2305608885766
"19-20","EnvNJ","3_A",0.538089535740604
"19-20","vegan","30_A",0.267059585008869
"19-20","NST","31_A",0.0111274827087029
"19-20","abdiv","32_A",0.0451413089072556
"19-20","ecodive","33_A",0.0713208219451095
"19-20","vegan","34_A",0.685714285714286
"19-20","vegan","35_A",0.0382353844264309
"19-20","ecodist","36_A",17.6639034050489
"19-20","NST","37_A",0.464335168238372
"19-20","ecodive","4_A",0.202685855995047
"19-20","proxyC","40_A",24
"19-20","EnvNJ","41_A",0.685714285714286
"19-20","vegan","42_A",0.605747949854477
"19-20","vegan","43_A",0.629033276504388
"19-20","vegan","47_A",0.49735310417514
"19-20","vegan","5_A",6.22544875218942
"19-20","EnvNJ","53_A",2.460408150063
"19-20","adiv","54_A",0.389760383744797
"19-20","adiv","55_A",0.151913156736892
"19-20","vegan","57_A",0.45882461311717
"19-20","EnvNJ","58_A",1.69509576974609
"19-20","EnvNJ","59_A",0.884236857937839
"19-20","tabula","6_A",1.7805307790298
"19-20","vegan","61_A",0.91764922623434
"19-20","NST","62_A",0.0382353844264309
"19-20","adespatial","64_A",0.0382353844264309
"19-20","ecodive","65_A",0.605747949854477
"19-20","ecodive","66_1_A",0.91764922623434
"19-20","ecodive","66_2_A",0.267059585008869
"19-20","ecodive","66_3_A",0.194427746654737
"19-20","vegan","67_A",1
"19-20","vegan","68_A",0.330984681469112
"19-20","pctax","69_A",0.729412306558585
"19-20","tabula","7_A",91.764922623434
"19-20","vegan","75_A",0.00070891973368159
"19-20","abdiv","77_A",0.0451413089072556
"19-20","adiv","81_A",0.664309711301025
"19-20","vegan","9_A",0.45882461311717
"19-20","adiv","93_A",0.330984681469112
"19-20","ade4","94_A",0.267059585008871
"19-20","ecodive","95_A",0.303826313473783
"19-20","ecodive","99_A",15.5299873606406
"20-21","stats","10_A",23.7670017043339
"20-21","proxy","100_A",0.457822370865849
"20-21","vegan","11_A",0.679057191552397
"20-21","abdiv","12_A",15.6183154057051
"20-21","abdiv","13_A",0.0121346295362749
"20-21","pctax","14_A",0.0279410170792319
"20-21","vegan","15_A",0.166635548917102
"20-21","wiqid","18_A",0.0908905748765212
"20-21","abdiv","19_A",0.199739873652917
"20-21","vegan","2_A",5.00338143822536
"20-21","vegan","20_A",1.03942725697889
"20-21","ecodive","21_A",0.540204511275327
"20-21","ecodive","22_A",1.08040902255065
"20-21","vegan","23_A",0.774659580103532
"20-21","analogue","24_A",0.37772705118013
"20-21","adespatial","25_A",0.748496920628031
"20-21","vegan","26_A",0.749833121188711
"20-21","ecodive","27_A",3.59607331982079
"20-21","vegan","28_A",0.30004873252309
"20-21","ecodive","29_A",25.8634866430538
"20-21","EnvNJ","3_A",0.557692307692308
"20-21","vegan","30_A",0.295365521194116
"20-21","NST","31_A",0.0128419791823529
"20-21","abdiv","32_A",0.0499258853874625
"20-21","ecodive","33_A",0.0872407911102715
"20-21","vegan","34_A",0.657142857142857
"20-21","vegan","35_A",0.0398106409448564
"20-21","ecodist","36_A",23.9514672615768
"20-21","NST","37_A",0.360383960284796
"20-21","ecodive","4_A",0.209318959850297
"20-21","proxyC","40_A",23
"20-21","EnvNJ","41_A",0.657142857142857
"20-21","vegan","42_A",0.614595030227328
"20-21","vegan","43_A",0.62809074687739
"20-21","vegan","47_A",0.467063869596179
"20-21","vegan","5_A",8.50752732678641
"20-21","EnvNJ","53_A",2.33739252131845
"20-21","adiv","54_A",0.39778512254921
"20-21","adiv","55_A",0.15823300372149
"20-21","vegan","57_A",0.457822370865849
"20-21","EnvNJ","58_A",1.68814296477176
"20-21","EnvNJ","59_A",0.875728473417393
"20-21","tabula","6_A",1.48411827163434
"20-21","vegan","61_A",0.915644741731698
"20-21","NST","62_A",0.0398106409448564
"20-21","adespatial","64_A",0.0398106409448564
"20-21","ecodive","65_A",0.614595030227328
"20-21","ecodive","66_1_A",0.915644741731698
"20-21","ecodive","66_2_A",0.295365521194116
"20-21","ecodive","66_3_A",0.23200646808339
"20-21","vegan","67_A",1
"20-21","vegan","68_A",0.304685798927018
"20-21","pctax","69_A",0.728911185432924
"20-21","tabula","7_A",91.5644741731698
"20-21","vegan","75_A",0.009748644739214
"20-21","abdiv","77_A",0.0499258853874625
"20-21","adiv","81_A",0.636732836621138
"20-21","vegan","9_A",0.457822370865849
"20-21","adiv","93_A",0.304685798927018
"20-21","ade4","94_A",0.295365521194116
"20-21","ecodive","95_A",0.316466007442981
"20-21","ecodive","99_A",17.4902422024719
"21-22","stats","10_A",20.0028364052859
"21-22","proxy","100_A",0.270274299344067
"21-22","vegan","11_A",0.571509611579598
"21-22","abdiv","12_A",10.8586826200124
"21-22","abdiv","13_A",0.00725144007686905
"21-22","pctax","14_A",0.0166970578237383
"21-22","vegan","15_A",0.0885924746167629
"21-22","wiqid","18_A",0.0463493386105613
"21-22","abdiv","19_A",0.230222619757503
"21-22","vegan","2_A",3.61302170068216
"21-22","vegan","20_A",0.697192126208408
"21-22","ecodive","21_A",0.2430384304235
"21-22","ecodive","22_A",0.486076860847001
"21-22","vegan","23_A",0.522351449347998
"21-22","analogue","24_A",0.171058713933845
"21-22","adespatial","25_A",0.478830386145981
"21-22","vegan","26_A",0.690575522066914
"21-22","ecodive","27_A",3.01014891357252
"21-22","vegan","28_A",0.136425518317977
"21-22","ecodive","29_A",18.1219929637636
"21-22","EnvNJ","3_A",0.385385609222819
"21-22","vegan","30_A",0.250562458307363
"21-22","NST","31_A",0.0131874978056507
"21-22","abdiv","32_A",0.0423527855427408
"21-22","ecodive","33_A",0.0627815455130289
"21-22","vegan","34_A",0.542857142857143
"21-22","vegan","35_A",0.0284499262467439
"21-22","ecodist","36_A",18.5017470969355
"21-22","NST","37_A",0.161387061318847
"21-22","ecodive","4_A",0.089409913325231
"21-22","proxyC","40_A",19
"21-22","EnvNJ","41_A",0.542857142857143
"21-22","vegan","42_A",0.413592449077404
"21-22","vegan","43_A",0.42553690881352
"21-22","vegan","47_A",0.269188980871421
"21-22","vegan","5_A",6.10041846123714
"21-22","EnvNJ","53_A",1.08810210561645
"21-22","adiv","54_A",0.266115705023954
"21-22","adiv","55_A",0.0708175684603959
"21-22","vegan","57_A",0.270274299344067
"21-22","EnvNJ","58_A",0.740512325719424
"21-22","EnvNJ","59_A",0.512768553550333
"21-22","tabula","6_A",2.01149450405914
"21-22","vegan","61_A",0.540548598688134
"21-22","NST","62_A",0.0284499262467439
"21-22","adespatial","64_A",0.0284499262467439
"21-22","ecodive","65_A",0.413592449077404
"21-22","ecodive","66_1_A",0.540548598688134
"21-22","ecodive","66_2_A",0.250562458307363
"21-22","ecodive","66_3_A",0.232872613936477
"21-22","vegan","67_A",1
"21-22","vegan","68_A",0.155527656050486
"21-22","pctax","69_A",0.635137149672033
"21-22","tabula","7_A",54.0548598688134
"21-22","vegan","75_A",0.00196321194241589
"21-22","abdiv","77_A",0.0423527855427408
"21-22","adiv","81_A",0.42419054203669
"21-22","vegan","9_A",0.270274299344067
"21-22","adiv","93_A",0.155527656050486
"21-22","ade4","94_A",0.250562458307364
"21-22","ecodive","95_A",0.141635136920792
"21-22","ecodive","99_A",12.246306743639
"22-23","stats","10_A",26.8975214258389
"22-23","proxy","100_A",0.598908986505886
"22-23","vegan","11_A",0.768500612166825
"22-23","abdiv","12_A",14.6015116311697
"22-23","abdiv","13_A",0.0219081282968127
"22-23","pctax","14_A",0.050445329631642
"22-23","vegan","15_A",0.300007405761683
"22-23","wiqid","18_A",0.176475713352211
"22-23","abdiv","19_A",0.364125753660637
"22-23","vegan","2_A",5.48795461575104
"22-23","vegan","20_A",1.39413128112238
"22-23","ecodive","21_A",0.971801014501959
"22-23","ecodive","22_A",1.94360202900392
"22-23","vegan","23_A",1.05214268102008
"22-23","analogue","24_A",0.739127734638946
"22-23","adespatial","25_A",1.03072943196155
"22-23","vegan","26_A",0.819297434852363
"22-23","ecodive","27_A",3.57123472322355
"22-23","vegan","28_A",0.553502110612064
"22-23","ecodive","29_A",25.5074348967151
"22-23","EnvNJ","3_A",0.780971863336205
"22-23","vegan","30_A",0.47138517611314
"22-23","NST","31_A",0.0248097461112179
"22-23","abdiv","32_A",0.0796786374415943
"22-23","ecodive","33_A",0.222203984259216
"22-23","vegan","34_A",0.542857142857143
"22-23","vegan","35_A",0.0630430512111459
"22-23","ecodist","36_A",20.9388610547094
"22-23","NST","37_A",0.495676381444281
"22-23","ecodive","4_A",0.461343425011664
"22-23","proxyC","40_A",19
"22-23","EnvNJ","41_A",0.542857142857143
"22-23","vegan","42_A",0.859725383270114
"22-23","vegan","43_A",0.749147064104866
"22-23","vegan","47_A",0.72385546740158
"22-23","vegan","5_A",8.34135241559497
"22-23","EnvNJ","53_A",5.29161013067083
"22-23","adiv","54_A",0.54768525946306
"22-23","adiv","55_A",0.299959143433119
"22-23","vegan","57_A",0.598908986505886
"22-23","EnvNJ","58_A",2.98453916429684
"22-23","EnvNJ","59_A",1.10356298347055
"22-23","tabula","6_A",1.79398740368981
"22-23","vegan","61_A",1.19781797301177
"22-23","NST","62_A",0.0630430512111459
"22-23","adespatial","64_A",0.0630430512111459
"22-23","ecodive","65_A",0.859725383270115
"22-23","ecodive","66_1_A",1.19781797301177
"22-23","ecodive","66_2_A",0.47138517611314
"22-23","ecodive","66_3_A",0.396746120712603
"22-23","vegan","67_A",1
"22-23","vegan","68_A",0.567220599948583
"22-23","pctax","69_A",0.799454493252943
"22-23","tabula","7_A",119.781797301177
"22-23","vegan","75_A",0.0069803807773533
"22-23","abdiv","77_A",0.0796786374415943
"22-23","adiv","81_A",0.839809927328385
"22-23","vegan","9_A",0.598908986505886
"22-23","adiv","93_A",0.567220599948583
"22-23","ade4","94_A",0.47138517611314
"22-23","ecodive","95_A",0.599918286866238
"22-23","ecodive","99_A",15.7933927788374
"23-24","stats","10_A",28.3991353777662
"23-24","proxy","100_A",0.539351851851852
"23-24","vegan","11_A",0.811403867936178
"23-24","abdiv","12_A",17.0394812266597
"23-24","abdiv","13_A",0.0146023688929522
"23-24","pctax","14_A",0.0336231969353115
"23-24","vegan","15_A",0.366233766233766
"23-24","wiqid","18_A",0.224165341812401
"23-24","abdiv","19_A",0.213271604938272
"23-24","vegan","2_A",4.66288259799249
"23-24","vegan","20_A",1.3051085259438
"23-24","ecodive","21_A",0.851654132245595
"23-24","ecodive","22_A",1.70330826449119
"23-24","vegan","23_A",0.881835805389388
"23-24","analogue","24_A",0.678555534906499
"23-24","adespatial","25_A",0.872018032350432
"23-24","vegan","26_A",0.870854788713802
"23-24","ecodive","27_A",3.99075798859577
"23-24","vegan","28_A",0.388817193833375
"23-24","ecodive","29_A",31.8522986470819
"23-24","EnvNJ","3_A",0.645987654320988
"23-24","vegan","30_A",0.353288570941047
"23-24","NST","31_A",0.016823265282907
"23-24","abdiv","32_A",0.0597166677755567
"23-24","ecodive","33_A",0.124812814357567
"23-24","vegan","34_A",0.6
"23-24","vegan","35_A",0.0513668430335097
"23-24","ecodist","36_A",25.547664817969
"23-24","NST","37_A",0.494811194602345
"23-24","ecodive","4_A",0.414421750524932
"23-24","proxyC","40_A",21
"23-24","EnvNJ","41_A",0.6
"23-24","vegan","42_A",0.823744823902706
"23-24","vegan","43_A",0.700751879699248
"23-24","vegan","47_A",0.561740740978926
"23-24","vegan","5_A",10.7591949048385
"23-24","EnvNJ","53_A",5.34054256095274
"23-24","adiv","54_A",0.515007984117502
"23-24","adiv","55_A",0.265233223704773
"23-24","vegan","57_A",0.539351851851852
"23-24","EnvNJ","58_A",2.34028602513768
"23-24","EnvNJ","59_A",1.02219058786231
"23-24","tabula","6_A",0.660036736781311
"23-24","vegan","61_A",1.0787037037037
"23-24","NST","62_A",0.0513668430335097
"23-24","adespatial","64_A",0.0513668430335097
"23-24","ecodive","65_A",0.823744823902706
"23-24","ecodive","66_1_A",1.0787037037037
"23-24","ecodive","66_2_A",0.353288570941047
"23-24","ecodive","66_3_A",0.271687985420827
"23-24","vegan","67_A",1
"23-24","vegan","68_A",0.390569876366563
"23-24","pctax","69_A",0.769675925925926
"23-24","tabula","7_A",107.87037037037
"23-24","vegan","75_A",0.255449694507585
"23-24","abdiv","77_A",0.0597166677755567
"23-24","adiv","81_A",0.719377712624462
"23-24","vegan","9_A",0.539351851851852
"23-24","adiv","93_A",0.390569876366563
"23-24","ade4","94_A",0.353288570941047
"23-24","ecodive","95_A",0.530466447409547
"23-24","ecodive","99_A",17.7521131652217
"24-25","stats","10_A",27.276863142834
"24-25","proxy","100_A",0.34369918699187
"24-25","vegan","11_A",0.779338946938114
"24-25","abdiv","12_A",17.9247957795766
"24-25","abdiv","13_A",0.00207507049267208
"24-25","pctax","14_A",0.00477802638333851
"24-25","vegan","15_A",0.21648102310231
"24-25","wiqid","18_A",0.121378592494073
"24-25","abdiv","19_A",0.121849593495935
"24-25","vegan","2_A",4.89357908183315
"24-25","vegan","20_A",0.990221347310499
"24-25","ecodive","21_A",0.49026915833471
"24-25","ecodive","22_A",0.980538316669419
"24-25","vegan","23_A",0.471911475230863
"24-25","analogue","24_A",0.387140236137341
"24-25","adespatial","25_A",0.492120589917579
"24-25","vegan","26_A",0.843621547036505
"24-25","ecodive","27_A",4.04586680902352
"24-25","vegan","28_A",0.111350220227285
"24-25","ecodive","29_A",32.7380764727162
"24-25","EnvNJ","3_A",0.404623983739837
"24-25","vegan","30_A",0.202469530303456
"24-25","NST","31_A",0.008803023056672
"24-25","abdiv","32_A",0.03422359699777
"24-25","ecodive","33_A",0.0409939107013021
"24-25","vegan","34_A",0.657142857142857
"24-25","vegan","35_A",0.02988688582538
"24-25","ecodist","36_A",30.0260493590611
"24-25","NST","37_A",0.420297912823318
"24-25","ecodive","4_A",0.215138326385158
"24-25","proxyC","40_A",23
"24-25","EnvNJ","41_A",0.657142857142857
"24-25","vegan","42_A",0.622205943508531
"24-25","vegan","43_A",0.511571623052488
"24-25","vegan","47_A",0.202563079287865
"24-25","vegan","5_A",11.0075672446617
"24-25","EnvNJ","53_A",3.02705918602556
"24-25","adiv","54_A",0.390298137865486
"24-25","adiv","55_A",0.152332636421266
"24-25","vegan","57_A",0.34369918699187
"24-25","EnvNJ","58_A",1.04696832397646
"24-25","EnvNJ","59_A",0.668029012619985
"24-25","tabula","6_A",0.81851196226877
"24-25","vegan","61_A",0.68739837398374
"24-25","NST","62_A",0.02988688582538
"24-25","adespatial","64_A",0.02988688582538
"24-25","ecodive","65_A",0.622205943508531
"24-25","ecodive","66_1_A",0.68739837398374
"24-25","ecodive","66_2_A",0.202469530303456
"24-25","ecodive","66_3_A",0.153940510540169
"24-25","vegan","67_A",0.999999999999996
"24-25","vegan","68_A",0.112695514904418
"24-25","pctax","69_A",0.671849593495935
"24-25","tabula","7_A",68.739837398374
"24-25","vegan","75_A",0.155630249391433
"24-25","abdiv","77_A",0.03422359699777
"24-25","adiv","81_A",0.336885578439377
"24-25","vegan","9_A",0.34369918699187
"24-25","adiv","93_A",0.112695514904418
"24-25","ade4","94_A",0.202469530303457
"24-25","ecodive","95_A",0.304665272842532
"24-25","ecodive","99_A",18.9768078981998
"25-26","stats","10_A",22.6860415633233
"25-26","proxy","100_A",0.334349593495935
"25-26","vegan","11_A",0.648172616094951
"25-26","abdiv","12_A",15.5561427862788
"25-26","abdiv","13_A",0.00589204475256469
"25-26","pctax","14_A",0.0135669344145093
"25-26","vegan","15_A",0.116587355540449
"25-26","wiqid","18_A",0.0619021837213499
"25-26","abdiv","19_A",0.184349593495935
"25-26","vegan","2_A",4.68918391094108
"25-26","vegan","20_A",0.88891787574348
"25-26","ecodive","21_A",0.39508749490815
"25-26","ecodive","22_A",0.7901749898163
"25-26","vegan","23_A",0.574727223937201
"25-26","analogue","24_A",0.277691278101428
"25-26","adespatial","25_A",0.567952839915284
"25-26","vegan","26_A",0.759397304261592
"25-26","ecodive","27_A",3.72027181497193
"25-26","vegan","28_A",0.165155690967281
"25-26","ecodive","29_A",27.6808447545491
"25-26","EnvNJ","3_A",0.426524390243902
"25-26","vegan","30_A",0.249802784264918
"25-26","NST","31_A",0.0104084493443716
"25-26","abdiv","32_A",0.0422243771929051
"25-26","ecodive","33_A",0.0624014310265054
"25-26","vegan","34_A",0.685714285714286
"25-26","vegan","35_A",0.0278624661246612
"25-26","ecodist","36_A",27.9932641620789
"25-26","NST","37_A",0.386228862121565
"25-26","ecodive","4_A",0.149481509613702
"25-26","proxyC","40_A",24
"25-26","EnvNJ","41_A",0.685714285714286
"25-26","vegan","42_A",0.526964209507086
"25-26","vegan","43_A",0.501142421934501
"25-26","vegan","47_A",0.283656397542681
"25-26","vegan","5_A",9.31925240624057
"25-26","EnvNJ","53_A",1.72109196284256
"25-26","adiv","54_A",0.341244201812488
"25-26","adiv","55_A",0.116447605270642
"25-26","vegan","57_A",0.334349593495935
"25-26","EnvNJ","58_A",1.00423316328319
"25-26","EnvNJ","59_A",0.64007387430356
"25-26","tabula","6_A",1.06316636002147
"25-26","vegan","61_A",0.66869918699187
"25-26","NST","62_A",0.0278624661246612
"25-26","adespatial","64_A",0.0278624661246612
"25-26","ecodive","65_A",0.526964209507086
"25-26","ecodive","66_1_A",0.66869918699187
"25-26","ecodive","66_2_A",0.249802784264918
"25-26","ecodive","66_3_A",0.205163361751796
"25-26","vegan","67_A",1
"25-26","vegan","68_A",0.165267838640564
"25-26","pctax","69_A",0.667174796747967
"25-26","tabula","7_A",66.869918699187
"25-26","vegan","75_A",0.0609285679740774
"25-26","abdiv","77_A",0.0422243771929051
"25-26","adiv","81_A",0.441950662320054
"25-26","vegan","9_A",0.334349593495935
"25-26","adiv","93_A",0.165267838640564
"25-26","ade4","94_A",0.24980278426492
"25-26","ecodive","95_A",0.232895210541284
"25-26","ecodive","99_A",16.7946518396262
"26-27","stats","10_A",22.9874037715443
"26-27","proxy","100_A",0.427649325626204
"26-27","vegan","11_A",0.656782964901264
"26-27","abdiv","12_A",17.0763570874329
"26-27","abdiv","13_A",0.00976554788113707
"26-27","pctax","14_A",0.0224860049760258
"26-27","vegan","15_A",0.25362283244093
"26-27","wiqid","18_A",0.145227982335237
"26-27","abdiv","19_A",0.1876204238921
"26-27","vegan","2_A",4.87306894269436
"26-27","vegan","20_A",1.00190952346653
"26-27","ecodive","21_A",0.501911346606463
"26-27","ecodive","22_A",1.00382269321293
"26-27","vegan","23_A",0.680507113288639
"26-27","analogue","24_A",0.401541286654564
"26-27","adespatial","25_A",0.654207910828477
"26-27","vegan","26_A",0.749165232664756
"26-27","ecodive","27_A",3.82000814026287
"26-27","vegan","28_A",0.231544965618219
"26-27","ecodive","29_A",29.1849243833492
"26-27","EnvNJ","3_A",0.521459537572254
"26-27","vegan","30_A",0.29387435369275
"26-27","NST","31_A",0.0113028597574135
"26-27","abdiv","32_A",0.0496738320758042
"26-27","ecodive","33_A",0.0863621357583318
"26-27","vegan","34_A",0.742857142857143
"26-27","vegan","35_A",0.0328961019712465
"26-27","ecodist","36_A",28.3474174432044
"26-27","NST","37_A",0.305007271252882
"26-27","ecodive","4_A",0.224107319748947
"26-27","proxyC","40_A",26
"26-27","EnvNJ","41_A",0.742857142857143
"26-27","vegan","42_A",0.633672854598147
"26-27","vegan","43_A",0.599095755449086
"26-27","vegan","47_A",0.376032684042676
"26-27","vegan","5_A",9.84967978969703
"26-27","EnvNJ","53_A",3.42025837625978
"26-27","adiv","54_A",0.394235102667911
"26-27","adiv","55_A",0.155421316175578
"26-27","vegan","57_A",0.427649325626204
"26-27","EnvNJ","58_A",1.49378703718598
"26-27","EnvNJ","59_A",0.815821559997614
"26-27","tabula","6_A",0.849412132513767
"26-27","vegan","61_A",0.855298651252409
"26-27","NST","62_A",0.0328961019712465
"26-27","adespatial","64_A",0.0328961019712465
"26-27","ecodive","65_A",0.633672854598147
"26-27","ecodive","66_1_A",0.855298651252409
"26-27","ecodive","66_2_A",0.29387435369275
"26-27","ecodive","66_3_A",0.231701649149527
"26-27","vegan","67_A",1
"26-27","vegan","68_A",0.231551879368339
"26-27","pctax","69_A",0.713824662813102
"26-27","tabula","7_A",85.5298651252408
"26-27","vegan","75_A",0.10168625364737
"26-27","abdiv","77_A",0.0496738320758042
"26-27","adiv","81_A",0.546546151706108
"26-27","vegan","9_A",0.427649325626204
"26-27","adiv","93_A",0.231551879368339
"26-27","ade4","94_A",0.293874353692752
"26-27","ecodive","95_A",0.310842632351157
"26-27","ecodive","99_A",18.9572422893955
"27-28","stats","10_A",24.262425678161
"27-28","proxy","100_A",0.573972816747383
"27-28","vegan","11_A",0.693212162233172
"27-28","abdiv","12_A",17.3303040558293
"27-28","abdiv","13_A",0.0175763447862879
"27-28","pctax","14_A",0.0404710294942302
"27-28","vegan","15_A",0.241981280891787
"27-28","wiqid","18_A",0.137644314171203
"27-28","abdiv","19_A",0.300421809092329
"27-28","vegan","2_A",5.71474227368315
"27-28","vegan","20_A",1.25666215510544
"27-28","ecodive","21_A",0.789599886037129
"27-28","ecodive","22_A",1.57919977207426
"27-28","vegan","23_A",0.967531208417144
"27-28","analogue","24_A",0.568314409136267
"27-28","adespatial","25_A",0.931835095247577
"27-28","vegan","26_A",0.763996601841636
"27-28","ecodive","27_A",3.81998300920818
"27-28","vegan","28_A",0.46805831963057
"27-28","ecodive","29_A",29.1845403812784
"27-28","EnvNJ","3_A",0.724183721293548
"27-28","vegan","30_A",0.393795439334934
"27-28","NST","31_A",0.0157518175733974
"27-28","abdiv","32_A",0.0665635782093211
"27-28","ecodive","33_A",0.155074848040994
"27-28","vegan","34_A",0.714285714285714
"27-28","vegan","35_A",0.0459178253397907
"27-28","ecodist","36_A",25.1340237460897
"27-28","NST","37_A",0.433687533043659
"27-28","ecodive","4_A",0.334294695580897
"27-28","proxyC","40_A",25
"27-28","EnvNJ","41_A",0.714285714285714
"27-28","vegan","42_A",0.753866307203251
"27-28","vegan","43_A",0.729330024813896
"27-28","vegan","47_A",0.642772523494833
"27-28","vegan","5_A",9.48824512413012
"27-28","EnvNJ","53_A",3.63751796494394
"27-28","adiv","54_A",0.485537325693664
"27-28","adiv","55_A",0.235746494641756
"27-28","vegan","57_A",0.573972816747383
"27-28","EnvNJ","58_A",2.69327175412555
"27-28","EnvNJ","59_A",1.08001254682658
"27-28","tabula","6_A",1.33198358958576
"27-28","vegan","61_A",1.14794563349477
"27-28","NST","62_A",0.0459178253397907
"27-28","adespatial","64_A",0.0459178253397907
"27-28","ecodive","65_A",0.753866307203251
"27-28","ecodive","66_1_A",1.14794563349477
"27-28","ecodive","66_2_A",0.393795439334934
"27-28","ecodive","66_3_A",0.325254089429417
"27-28","vegan","67_A",1
"27-28","vegan","68_A",0.473592330410197
"27-28","pctax","69_A",0.786986408373692
"27-28","tabula","7_A",114.794563349477
"27-28","vegan","75_A",0.0121089224972767
"27-28","abdiv","77_A",0.0665635782093211
"27-28","adiv","81_A",0.782545987715206
"27-28","vegan","9_A",0.573972816747384
"27-28","adiv","93_A",0.473592330410197
"27-28","ade4","94_A",0.393795439334934
"27-28","ecodive","95_A",0.471492989283511
"27-28","ecodive","99_A",19.1650966859059
"28-29","stats","10_A",23.5666693127993
"28-29","proxy","100_A",0.36036036036036
"28-29","vegan","11_A",0.673333408937124
"28-29","abdiv","12_A",12.7933347698054
"28-29","abdiv","13_A",0.0140527866137966
"28-29","pctax","14_A",0.0323577369719544
"28-29","vegan","15_A",0.236085078640698
"28-29","wiqid","18_A",0.133841533841534
"28-29","abdiv","19_A",0.297297297297297
"28-29","vegan","2_A",3.76461224345903
"28-29","vegan","20_A",1.00520222072434
"28-29","ecodive","21_A",0.505215752274576
"28-29","ecodive","22_A",1.01043150454915
"28-29","vegan","23_A",0.709515461352632
"28-29","analogue","24_A",0.391770487999566
"28-29","adespatial","25_A",0.673586739927226
"28-29","vegan","26_A",0.793749559609105
"28-29","ecodive","27_A",3.459874116816
"28-29","vegan","28_A",0.251706094949219
"28-29","ecodive","29_A",23.9414578084266
"28-29","EnvNJ","3_A",0.509009009009009
"28-29","vegan","30_A",0.325822366126579
"28-29","NST","31_A",0.0171485455856094
"28-29","abdiv","32_A",0.0550740318035181
"28-29","ecodive","33_A",0.106160214268322
"28-29","vegan","34_A",0.457142857142857
"28-29","vegan","35_A",0.0379326695116169
"28-29","ecodist","36_A",20.7672885119712
"28-29","NST","37_A",0.222713882643733
"28-29","ecodive","4_A",0.218013288644766
"28-29","proxyC","40_A",16
"28-29","EnvNJ","41_A",0.457142857142857
"28-29","vegan","42_A",0.625915719565794
"28-29","vegan","43_A",0.529801324503311
"28-29","vegan","47_A",0.435564435564435
"28-29","vegan","5_A",8.15215126176041
"28-29","EnvNJ","53_A",2.6067322569321
"28-29","adiv","54_A",0.394098528766083
"28-29","adiv","55_A",0.155313650375591
"28-29","vegan","57_A",0.36036036036036
"28-29","EnvNJ","58_A",1.12628514414409
"28-29","EnvNJ","59_A",0.675132871949935
"28-29","tabula","6_A",1.68225524078369
"28-29","vegan","61_A",0.720720720720721
"28-29","NST","62_A",0.0379326695116169
"28-29","adespatial","64_A",0.0379326695116169
"28-29","ecodive","65_A",0.625915719565794
"28-29","ecodive","66_1_A",0.720720720720721
"28-29","ecodive","66_2_A",0.325822366126579
"28-29","ecodive","66_3_A",0.30097167109461
"28-29","vegan","67_A",1
"28-29","vegan","68_A",0.278416347381864
"28-29","pctax","69_A",0.68018018018018
"28-29","tabula","7_A",72.0720720720721
"28-29","vegan","75_A",0.0112241114465809
"28-29","abdiv","77_A",0.0550740318035181
"28-29","adiv","81_A",0.606819763395964
"28-29","vegan","9_A",0.36036036036036
"28-29","adiv","93_A",0.278416347381864
"28-29","ade4","94_A",0.325822366126579
"28-29","ecodive","95_A",0.310627300751183
"28-29","ecodive","99_A",13.3872294372294
"29-30","stats","10_A",25.8781380927275
"29-30","proxy","100_A",0.487612612612613
"29-30","vegan","11_A",0.73937537407793
"29-30","abdiv","12_A",15.5268828556365
"29-30","abdiv","13_A",0.0131678877842877
"29-30","pctax","14_A",0.0303201821183192
"29-30","vegan","15_A",0.3125
"29-30","wiqid","18_A",0.185185185185185
"29-30","abdiv","19_A",0.1875
"29-30","vegan","2_A",5.3292072122421
"29-30","vegan","20_A",1.11521725808846
"29-30","ecodive","21_A",0.621854766369166
"29-30","ecodive","22_A",1.24370953273833
"29-30","vegan","23_A",0.735493887748111
"29-30","analogue","24_A",0.485026424132187
"29-30","adespatial","25_A",0.736227874131128
"29-30","vegan","26_A",0.813765358166071
"29-30","ecodive","27_A",3.72914135172887
"29-30","vegan","28_A",0.270475629457416
"29-30","ecodive","29_A",27.8129904423485
"29-30","EnvNJ","3_A",0.581362612612613
"29-30","vegan","30_A",0.33603403587309
"29-30","NST","31_A",0.0160016207558614
"29-30","abdiv","32_A",0.0568001190303474
"29-30","ecodive","33_A",0.112918873265157
"29-30","vegan","34_A",0.6
"29-30","vegan","35_A",0.0464392964392964
"29-30","ecodist","36_A",25.8157996715378
"29-30","NST","37_A",0.401587643610983
"29-30","ecodive","4_A",0.277749183422131
"29-30","proxyC","40_A",21
"29-30","EnvNJ","41_A",0.6
"29-30","vegan","42_A",0.696438385022097
"29-30","vegan","43_A",0.6555639666919
"29-30","vegan","47_A",0.475736714298308
"29-30","vegan","5_A",9.36000923922153
"29-30","EnvNJ","53_A",4.31954436378143
"29-30","adiv","54_A",0.437232971179059
"29-30","adiv","55_A",0.191172671086068
"29-30","vegan","57_A",0.487612612612613
"29-30","EnvNJ","58_A",1.90233140598898
"29-30","EnvNJ","59_A",0.923711306110154
"29-30","tabula","6_A",1.68458832889161
"29-30","vegan","61_A",0.975225225225225
"29-30","NST","62_A",0.0464392964392964
"29-30","adespatial","64_A",0.0464392964392964
"29-30","ecodive","65_A",0.696438385022097
"29-30","ecodive","66_1_A",0.975225225225225
"29-30","ecodive","66_2_A",0.33603403587309
"29-30","ecodive","66_3_A",0.255024808675324
"29-30","vegan","67_A",1
"29-30","vegan","68_A",0.312109278469765
"29-30","pctax","69_A",0.743806306306306
"29-30","tabula","7_A",97.5225225225225
"29-30","vegan","75_A",0.00416287457444298
"29-30","abdiv","77_A",0.0568001190303474
"29-30","adiv","81_A",0.644744702342808
"29-30","vegan","9_A",0.487612612612612
"29-30","adiv","93_A",0.312109278469765
"29-30","ade4","94_A",0.336034035873089
"29-30","ecodive","95_A",0.382345342172136
"29-30","ecodive","99_A",16.6763091216216
"30-31","stats","10_A",22.6435205904346
"30-31","proxy","100_A",0.347115384615385
"30-31","vegan","11_A",0.646957731155275
"30-31","abdiv","12_A",16.1739432788819
"30-31","abdiv","13_A",0.00793563333833872
"30-31","pctax","14_A",0.0182724710283253
"30-31","vegan","15_A",0.223409422049539
"30-31","wiqid","18_A",0.125751776927283
"30-31","abdiv","19_A",0.197115384615385
"30-31","vegan","2_A",3.61488184153736
"30-31","vegan","20_A",0.870712316628251
"30-31","ecodive","21_A",0.379069969164068
"30-31","ecodive","22_A",0.758139938328136
"30-31","vegan","23_A",0.586529299692611
"30-31","analogue","24_A",0.312316781897152
"30-31","adespatial","25_A",0.558046406587147
"30-31","vegan","26_A",0.762403560982016
"30-31","ecodive","27_A",3.81201780491008
"30-31","vegan","28_A",0.172008309698953
"30-31","ecodive","29_A",29.0629594899029
"30-31","EnvNJ","3_A",0.445673076923077
"30-31","vegan","30_A",0.25408682905562
"30-31","NST","31_A",0.0101634731622248
"30-31","abdiv","32_A",0.0429485129293669
"30-31","ecodive","33_A",0.0645601166995398
"30-31","vegan","34_A",0.714285714285714
"30-31","vegan","35_A",0.0277692307692308
"30-31","ecodist","36_A",27.9886975241798
"30-31","NST","37_A",0.241644061128263
"30-31","ecodive","4_A",0.169790468998518
"30-31","proxyC","40_A",25
"30-31","EnvNJ","41_A",0.714285714285714
"30-31","vegan","42_A",0.558853095094903
"30-31","vegan","43_A",0.515346181299072
"30-31","vegan","47_A",0.332428455208004
"30-31","vegan","5_A",9.9740530288009
"30-31","EnvNJ","53_A",2.38040722419578
"30-31","adiv","54_A",0.344628000599072
"30-31","adiv","55_A",0.118768458796914
"30-31","vegan","57_A",0.347115384615385
"30-31","EnvNJ","58_A",1.06293768888491
"30-31","EnvNJ","59_A",0.66484943629588
"30-31","tabula","6_A",0.773492468153762
"30-31","vegan","61_A",0.694230769230769
"30-31","NST","62_A",0.0277692307692308
"30-31","adespatial","64_A",0.0277692307692308
"30-31","ecodive","65_A",0.558853095094902
"30-31","ecodive","66_1_A",0.694230769230769
"30-31","ecodive","66_2_A",0.25408682905562
"30-31","ecodive","66_3_A",0.214182966001993
"30-31","vegan","67_A",0.999999999999999
"30-31","vegan","68_A",0.199348841281331
"30-31","pctax","69_A",0.673557692307692
"30-31","tabula","7_A",69.4230769230769
"30-31","vegan","75_A",0.147865583337363
"30-31","abdiv","77_A",0.0429485129293669
"30-31","adiv","81_A",0.498981320773593
"30-31","vegan","9_A",0.347115384615385
"30-31","adiv","93_A",0.199348841281331
"30-31","ade4","94_A",0.254086829055621
"30-31","ecodive","95_A",0.237536917593827
"30-31","ecodive","99_A",17.5169512432012
"31-32","stats","10_A",25.525979045396
"31-32","proxy","100_A",0.509511993382961
"31-32","vegan","11_A",0.729313687011314
"31-32","abdiv","12_A",15.3155874272376
"31-32","abdiv","13_A",0.0157146699167163
"31-32","pctax","14_A",0.036184364691553
"31-32","vegan","15_A",0.258477769404672
"31-32","wiqid","18_A",0.148420597144093
"31-32","abdiv","19_A",0.341604631927213
"31-32","vegan","2_A",5.20217617312762
"31-32","vegan","20_A",1.20267843504511
"31-32","ecodive","21_A",0.723217709061276
"31-32","ecodive","22_A",1.44643541812255
"31-32","vegan","23_A",0.968815861688165
"31-32","analogue","24_A",0.54356416746475
"31-32","adespatial","25_A",0.93225859719129
"31-32","vegan","26_A",0.800784831733431
"31-32","ecodive","27_A",3.66965710679092
"31-32","vegan","28_A",0.469302086929291
"31-32","ecodive","29_A",26.9327665628423
"31-32","EnvNJ","3_A",0.680314309346567
"31-32","vegan","30_A",0.392738346469445
"31-32","NST","31_A",0.0187018260223545
"31-32","abdiv","32_A",0.0663848969027387
"31-32","ecodive","33_A",0.154243408787554
"31-32","vegan","34_A",0.6
"31-32","vegan","35_A",0.0485249517507582
"31-32","ecodist","36_A",23.7990397388397
"31-32","NST","37_A",0.461889720806777
"31-32","ecodive","4_A",0.317154940044941
"31-32","proxyC","40_A",21
"31-32","EnvNJ","41_A",0.6
"31-32","vegan","42_A",0.737268043159847
"31-32","vegan","43_A",0.675068493150685
"31-32","vegan","47_A",0.661323835888776
"31-32","vegan","5_A",8.97902333954286
"31-32","EnvNJ","53_A",4.11914648432606
"31-32","adiv","54_A",0.469663365297927
"31-32","adiv","55_A",0.220583676702974
"31-32","vegan","57_A",0.509511993382961
"31-32","EnvNJ","58_A",2.07651327801302
"31-32","EnvNJ","59_A",0.953355807411648
"31-32","tabula","6_A",1.33845252465095
"31-32","vegan","61_A",1.01902398676592
"31-32","NST","62_A",0.0485249517507582
"31-32","adespatial","64_A",0.0485249517507582
"31-32","ecodive","65_A",0.737268043159847
"31-32","ecodive","66_1_A",1.01902398676592
"31-32","ecodive","66_2_A",0.392738346469445
"31-32","ecodive","66_3_A",0.349121097357658
"31-32","vegan","67_A",1
"31-32","vegan","68_A",0.494013304799405
"31-32","pctax","69_A",0.754755996691481
"31-32","tabula","7_A",101.902398676592
"31-32","vegan","75_A",0.0344553529686769
"31-32","abdiv","77_A",0.0663848969027387
"31-32","adiv","81_A",0.796140790377549
"31-32","vegan","9_A",0.509511993382961
"31-32","adiv","93_A",0.494013304799405
"31-32","ade4","94_A",0.392738346469444
"31-32","ecodive","95_A",0.441167353405948
"31-32","ecodive","99_A",16.6036655097661
"32-33","stats","10_A",22.655782555801
"32-33","proxy","100_A",0.477783048703352
"32-33","vegan","11_A",0.647308073022886
"32-33","abdiv","12_A",12.9461614604577
"32-33","abdiv","13_A",0.016123494049884
"32-33","pctax","14_A",0.037125717046241
"32-33","vegan","15_A",0.187306132188022
"32-33","wiqid","18_A",0.103330261945505
"32-33","abdiv","19_A",0.23640101201771
"32-33","vegan","2_A",4.79331062081129
"32-33","vegan","20_A",1.08547220555796
"32-33","ecodive","21_A",0.589124954519431
"32-33","ecodive","22_A",1.17824990903886
"32-33","vegan","23_A",0.883895471454284
"32-33","analogue","24_A",0.41856313886136
"32-33","adespatial","25_A",0.854137633853258
"32-33","vegan","26_A",0.724983476175847
"32-33","ecodive","27_A",3.24222467058659
"32-33","vegan","28_A",0.390635602228695
"32-33","ecodive","29_A",21.0240416291206
"32-33","EnvNJ","3_A",0.595983554712207
"32-33","vegan","30_A",0.322890395864106
"32-33","NST","31_A",0.0161445197932053
"32-33","abdiv","32_A",0.0545784383751049
"32-33","ecodive","33_A",0.104258207741279
"32-33","vegan","34_A",0.571428571428571
"32-33","vegan","35_A",0.0477783048703352
"32-33","ecodist","36_A",19.1371480906106
"32-33","NST","37_A",0.38302680416815
"32-33","ecodive","4_A",0.234813340996033
"32-33","proxyC","40_A",20
"32-33","EnvNJ","41_A",0.571428571428571
"32-33","vegan","42_A",0.646964557654714
"32-33","vegan","43_A",0.64662136857311
"32-33","vegan","47_A",0.570438152630112
"32-33","vegan","5_A",6.89728362921057
"32-33","EnvNJ","53_A",2.7320961504657
"32-33","adiv","54_A",0.417341797264344
"32-33","adiv","55_A",0.174174175743833
"32-33","vegan","57_A",0.477783048703352
"32-33","EnvNJ","58_A",1.82902033409346
"32-33","EnvNJ","59_A",0.908496385532388
"32-33","tabula","6_A",1.94803160687471
"32-33","vegan","61_A",0.955566097406705
"32-33","NST","62_A",0.0477783048703352
"32-33","adespatial","64_A",0.0477783048703352
"32-33","ecodive","65_A",0.646964557654714
"32-33","ecodive","66_1_A",0.955566097406705
"32-33","ecodive","66_2_A",0.322890395864106
"32-33","ecodive","66_3_A",0.25931742451305
"32-33","vegan","67_A",1
"32-33","vegan","68_A",0.399030062028869
"32-33","pctax","69_A",0.738891524351676
"32-33","tabula","7_A",95.5566097406705
"32-33","vegan","75_A",0.00187633455999281
"32-33","abdiv","77_A",0.0545784383751049
"32-33","adiv","81_A",0.726470064006994
"32-33","vegan","9_A",0.477783048703352
"32-33","adiv","93_A",0.399030062028869
"32-33","ade4","94_A",0.322890395864106
"32-33","ecodive","95_A",0.348348351487665
"32-33","ecodive","99_A",14.6706302434145
"33-34","stats","10_A",25.9585800585382
"33-34","proxy","100_A",0.544572468162523
"33-34","vegan","11_A",0.741673715958233
"33-34","abdiv","12_A",18.5418428989558
"33-34","abdiv","13_A",0.0177038014413061
"33-34","pctax","14_A",0.0407645092880779
"33-34","vegan","15_A",0.138745050258909
"33-34","wiqid","18_A",0.0745438180181656
"33-34","abdiv","19_A",0.253638568829594
"33-34","vegan","2_A",5.62761455171647
"33-34","vegan","20_A",1.18445944092096
"33-34","ecodive","21_A",0.701472083593391
"33-34","ecodive","22_A",1.40294416718678
"33-34","vegan","23_A",0.982828261717826
"33-34","analogue","24_A",0.471521514800389
"33-34","adespatial","25_A",0.947521846935664
"33-34","vegan","26_A",0.802245346914456
"33-34","ecodive","27_A",4.01122673457228
"33-34","vegan","28_A",0.482975696015641
"33-34","ecodive","29_A",32.1798798322948
"33-34","EnvNJ","3_A",0.671391752577319
"33-34","vegan","30_A",0.384059431108522
"33-34","NST","31_A",0.0153623772443409
"33-34","abdiv","32_A",0.0649178924539962
"33-34","ecodive","33_A",0.147501646623401
"33-34","vegan","34_A",0.714285714285714
"33-34","vegan","35_A",0.0435657974530018
"33-34","ecodist","36_A",31.6864070232897
"33-34","NST","37_A",0.481327282941246
"33-34","ecodive","4_A",0.268874394071062
"33-34","proxyC","40_A",25
"33-34","EnvNJ","41_A",0.714285714285714
"33-34","vegan","42_A",0.686674242126781
"33-34","vegan","43_A",0.70514330585002
"33-34","vegan","47_A",0.651362282312482
"33-34","vegan","5_A",10.7006862912283
"33-34","EnvNJ","53_A",2.88644176118332
"33-34","adiv","54_A",0.451542788875689
"33-34","adiv","55_A",0.203890890185635
"33-34","vegan","57_A",0.544572468162523
"33-34","EnvNJ","58_A",2.39027089475066
"33-34","EnvNJ","59_A",1.02376281121033
"33-34","tabula","6_A",0.909269846384068
"33-34","vegan","61_A",1.08914493632505
"33-34","NST","62_A",0.0435657974530018
"33-34","adespatial","64_A",0.0435657974530018
"33-34","ecodive","65_A",0.686674242126781
"33-34","ecodive","66_1_A",1.08914493632505
"33-34","ecodive","66_2_A",0.384059431108522
"33-34","ecodive","66_3_A",0.30811664884934
"33-34","vegan","67_A",1
"33-34","vegan","68_A",0.482977951580177
"33-34","pctax","69_A",0.772286234081261
"33-34","tabula","7_A",108.914493632505
"33-34","vegan","75_A",0.0935129209588754
"33-34","abdiv","77_A",0.0649178924539962
"33-34","adiv","81_A",0.788878720664915
"33-34","vegan","9_A",0.544572468162523
"33-34","adiv","93_A",0.482977951580177
"33-34","ade4","94_A",0.384059431108522
"33-34","ecodive","95_A",0.40778178037127
"33-34","ecodive","99_A",20.2401509334724
"34-35","stats","10_A",22.4742830867608
"34-35","proxy","100_A",0.376613727129191
"34-35","vegan","11_A",0.642122373907452
"34-35","abdiv","12_A",16.6951817215937
"34-35","abdiv","13_A",0.00595565450418706
"34-35","pctax","14_A",0.013713401280364
"34-35","vegan","15_A",0.224321522804372
"34-35","wiqid","18_A",0.12633003422931
"34-35","abdiv","19_A",0.177533203306399
"34-35","vegan","2_A",4.3421593698555
"34-35","vegan","20_A",0.979980557638732
"34-35","ecodive","21_A",0.48018094667496
"34-35","ecodive","22_A",0.96036189334992
"34-35","vegan","23_A",0.629715397203263
"34-35","analogue","24_A",0.379047810830241
"34-35","adespatial","25_A",0.618240084131053
"34-35","vegan","26_A",0.752488244822185
"34-35","ecodive","27_A",3.83695224409751
"34-35","vegan","28_A",0.198270740737432
"34-35","ecodive","29_A",29.4444050469698
"34-35","EnvNJ","3_A",0.465380328782391
"34-35","vegan","30_A",0.252924232223511
"34-35","NST","31_A",0.00972785508551964
"34-35","abdiv","32_A",0.0427519981975287
"34-35","ecodive","33_A",0.0639706672458523
"34-35","vegan","34_A",0.742857142857143
"34-35","vegan","35_A",0.0289702867022455
"34-35","ecodist","36_A",27.593935158152
"34-35","NST","37_A",0.428068867778889
"34-35","ecodive","4_A",0.210133432892981
"34-35","proxyC","40_A",26
"34-35","EnvNJ","41_A",0.742857142857143
"34-35","vegan","42_A",0.615668588471298
"34-35","vegan","43_A",0.547159627580623
"34-35","vegan","47_A",0.332134929185176
"34-35","vegan","5_A",9.93989436456502
"34-35","EnvNJ","53_A",2.85738899852289
"34-35","adiv","54_A",0.385451842892865
"34-35","adiv","55_A",0.148573123189506
"34-35","vegan","57_A",0.376613727129191
"34-35","EnvNJ","58_A",1.20785740462625
"34-35","EnvNJ","59_A",0.723689467154238
"34-35","tabula","6_A",0.805076485899414
"34-35","vegan","61_A",0.753227454258382
"34-35","NST","62_A",0.0289702867022455
"34-35","adespatial","64_A",0.0289702867022455
"34-35","ecodive","65_A",0.615668588471299
"34-35","ecodive","66_1_A",0.753227454258382
"34-35","ecodive","66_2_A",0.252924232223511
"34-35","ecodive","66_3_A",0.201253901656339
"34-35","vegan","67_A",1
"34-35","vegan","68_A",0.199137768994055
"34-35","pctax","69_A",0.688306863564595
"34-35","tabula","7_A",75.3227454258382
"34-35","vegan","75_A",0.120212474407957
"34-35","abdiv","77_A",0.0427519981975287
"34-35","adiv","81_A",0.498650582472651
"34-35","vegan","9_A",0.376613727129191
"34-35","adiv","93_A",0.199137768994055
"34-35","ade4","94_A",0.252924232223511
"34-35","ecodive","95_A",0.297146246379012
"34-35","ecodive","99_A",18.182798170978
"35-36","stats","10_A",17.8227020453169
"35-36","proxy","100_A",0.388200230305493
"35-36","vegan","11_A",0.509220058437625
"35-36","abdiv","12_A",10.6936212271901
"35-36","abdiv","13_A",0.0140964392633137
"35-36","pctax","14_A",0.032458250912002
"35-36","vegan","15_A",0.0895147607736683
"35-36","wiqid","18_A",0.0468544634293631
"35-36","abdiv","19_A",0.191018085754928
"35-36","vegan","2_A",4.36476968906037
"35-36","vegan","20_A",0.966512941653906
"35-36","ecodive","21_A",0.467073633192244
"35-36","ecodive","22_A",0.934147266384487
"35-36","vegan","23_A",0.76876706303394
"35-36","analogue","24_A",0.308240473363059
"35-36","adespatial","25_A",0.746527899322463
"35-36","vegan","26_A",0.631518808069552
"35-36","ecodive","27_A",2.89398274076701
"35-36","vegan","28_A",0.295501398602915
"35-36","ecodive","29_A",16.7502722077147
"35-36","EnvNJ","3_A",0.483709273182957
"35-36","vegan","30_A",0.301535173757525
"35-36","NST","31_A",0.0143588177979774
"35-36","abdiv","32_A",0.0509687470102949
"35-36","ecodive","33_A",0.0909234610129807
"35-36","vegan","34_A",0.6
"35-36","vegan","35_A",0.0369714505052851
"35-36","ecodist","36_A",16.0022572716296
"35-36","NST","37_A",0.444085394514047
"35-36","ecodive","4_A",0.167378053213482
"35-36","proxyC","40_A",21
"35-36","EnvNJ","41_A",0.6
"35-36","vegan","42_A",0.555194086210452
"35-36","vegan","43_A",0.559285644578901
"35-36","vegan","47_A",0.461066068906651
"35-36","vegan","5_A",5.45140897353763
"35-36","EnvNJ","53_A",1.74900208958485
"35-36","adiv","54_A",0.36664901215212
"35-36","adiv","55_A",0.134431498112125
"35-36","vegan","57_A",0.388200230305493
"35-36","EnvNJ","58_A",1.26862868101821
"35-36","EnvNJ","59_A",0.735151649178246
"35-36","tabula","6_A",2.20087399538658
"35-36","vegan","61_A",0.776400460610987
"35-36","NST","62_A",0.0369714505052851
"35-36","adespatial","64_A",0.0369714505052851
"35-36","ecodive","65_A",0.555194086210452
"35-36","ecodive","66_1_A",0.776400460610987
"35-36","ecodive","66_2_A",0.301535173757525
"35-36","ecodive","66_3_A",0.242313272419702
"35-36","vegan","67_A",1
"35-36","vegan","68_A",0.299600950756269
"35-36","pctax","69_A",0.694100115152747
"35-36","tabula","7_A",77.6400460610987
"35-36","vegan","75_A",0.000126939154284633
"35-36","abdiv","77_A",0.0509687470102949
"35-36","adiv","81_A",0.631136508770855
"35-36","vegan","9_A",0.388200230305493
"35-36","adiv","93_A",0.299600950756269
"35-36","ade4","94_A",0.301535173757526
"35-36","ecodive","95_A",0.26886299622425
"35-36","ecodive","99_A",12.3977006305111
"36-37","stats","10_A",19.2506722455153
"36-37","proxy","100_A",0.248012116622491
"36-37","vegan","11_A",0.550019207014723
"36-37","abdiv","12_A",11.5504033473092
"36-37","abdiv","13_A",0.00838252750014373
"36-37","pctax","14_A",0.0193014828634436
"36-37","vegan","15_A",0.0919932780397897
"36-37","wiqid","18_A",0.0482143364491292
"36-37","abdiv","19_A",0.131714177530156
"36-37","vegan","2_A",3.94027982913162
"36-37","vegan","20_A",0.690907214599139
"36-37","ecodive","21_A",0.23867638959257
"36-37","ecodive","22_A",0.477352779185141
"36-37","vegan","23_A",0.497129298928201
"36-37","analogue","24_A",0.170722840651957
"36-37","adespatial","25_A",0.471136759057989
"36-37","vegan","26_A",0.669672055761737
"36-37","ecodive","27_A",3.06882288632485
"36-37","vegan","28_A",0.123568769926422
"36-37","ecodive","29_A",18.8353478152623
"36-37","EnvNJ","3_A",0.31386920538757
"36-37","vegan","30_A",0.191257868387122
"36-37","NST","31_A",0.00910751754224391
"36-37","abdiv","32_A",0.0323284802435366
"36-37","ecodive","33_A",0.0365795722199857
"36-37","vegan","34_A",0.6
"36-37","vegan","35_A",0.0236202015830944
"36-37","ecodist","36_A",18.9719023499899
"36-37","NST","37_A",0.177054685163627
"36-37","ecodive","4_A",0.0892262866294261
"36-37","proxyC","40_A",21
"36-37","EnvNJ","41_A",0.6
"36-37","vegan","42_A",0.413186205786152
"36-37","vegan","43_A",0.39745145631068
"36-37","vegan","47_A",0.223312910656723
"36-37","vegan","5_A",6.28333430793923
"36-37","EnvNJ","53_A",1.15101368441813
"36-37","adiv","54_A",0.264633944905319
"36-37","adiv","55_A",0.0700311247961513
"36-37","vegan","57_A",0.248012116622491
"36-37","EnvNJ","58_A",0.659424401427132
"36-37","EnvNJ","59_A",0.478939225097702
"36-37","tabula","6_A",1.90188587933653
"36-37","vegan","61_A",0.496024233244983
"36-37","NST","62_A",0.0236202015830944
"36-37","adespatial","64_A",0.0236202015830944
"36-37","ecodive","65_A",0.413186205786152
"36-37","ecodive","66_1_A",0.496024233244983
"36-37","ecodive","66_2_A",0.191257868387122
"36-37","ecodive","66_3_A",0.15781728061634
"36-37","vegan","67_A",1
"36-37","vegan","68_A",0.125690624981841
"36-37","pctax","69_A",0.624006058311246
"36-37","tabula","7_A",49.6024233244983
"36-37","vegan","75_A",0.00154101834713138
"36-37","abdiv","77_A",0.0323284802435366
"36-37","adiv","81_A",0.365095322237448
"36-37","vegan","9_A",0.248012116622492
"36-37","adiv","93_A",0.12569062498184
"36-37","ade4","94_A",0.191257868387122
"36-37","ecodive","95_A",0.140062249592303
"36-37","ecodive","99_A",13.1259457074708
"37-38","stats","10_A",24.9156449304804
"37-38","proxy","100_A",0.671348635377412
"37-38","vegan","11_A",0.711875569442298
"37-38","abdiv","12_A",14.237511388846
"37-38","abdiv","13_A",0.0334192228829224
"37-38","pctax","14_A",0.0769506044296626
"37-38","vegan","15_A",0.366109934917274
"37-38","wiqid","18_A",0.224072563228872
"37-38","abdiv","19_A",0.495679646758783
"37-38","vegan","2_A",5.49124744429533
"37-38","vegan","20_A",1.45183151675596
"37-38","ecodive","21_A",1.05390737652296
"37-38","ecodive","22_A",2.10781475304591
"37-38","vegan","23_A",1.16079900896467
"37-38","analogue","24_A",0.802577268342857
"37-38","adespatial","25_A",1.13094035068042
"37-38","vegan","26_A",0.79127744287853
"37-38","ecodive","27_A",3.5387003026772
"37-38","vegan","28_A",0.673727169606679
"37-38","ecodive","29_A",25.0447996643354
"37-38","EnvNJ","3_A",0.919188458756804
"37-38","vegan","30_A",0.602393557981098
"37-38","NST","31_A",0.0301196778990549
"37-38","abdiv","32_A",0.101823095709755
"37-38","ecodive","33_A",0.362877998697127
"37-38","vegan","34_A",0.571428571428571
"37-38","vegan","35_A",0.0671348635377412
"37-38","ecodist","36_A",21.7744287088834
"37-38","NST","37_A",0.635340270904642
"37-38","ecodive","4_A",0.512975657051019
"37-38","proxyC","40_A",20
"37-38","EnvNJ","41_A",0.571428571428571
"37-38","vegan","42_A",0.895866769303816
"37-38","vegan","43_A",0.803361574200601
"37-38","vegan","47_A",0.82408623241573
"37-38","vegan","5_A",8.34489494796196
"37-38","EnvNJ","53_A",5.83047901168826
"37-38","adiv","54_A",0.569260420854108
"37-38","adiv","55_A",0.324057426750996
"37-38","vegan","57_A",0.671348635377412
"37-38","EnvNJ","58_A",4.08237062894391
"37-38","EnvNJ","59_A",1.19773244975708
"37-38","tabula","6_A",1.57421309013324
"37-38","vegan","61_A",1.34269727075482
"37-38","NST","62_A",0.0671348635377412
"37-38","adespatial","64_A",0.0671348635377412
"37-38","ecodive","65_A",0.895866769303816
"37-38","ecodive","66_1_A",1.34269727075482
"37-38","ecodive","66_2_A",0.602393557981098
"37-38","ecodive","66_3_A",0.525772551595024
"37-38","vegan","67_A",1
"37-38","vegan","68_A",0.700804986839031
"37-38","pctax","69_A",0.835674317688706
"37-38","tabula","7_A",134.269727075482
"37-38","vegan","75_A",0.0153423288355823
"37-38","abdiv","77_A",0.101823095709755
"37-38","adiv","81_A",0.903560607794677
"37-38","vegan","9_A",0.671348635377412
"37-38","adiv","93_A",0.700804986839031
"37-38","ade4","94_A",0.602393557981098
"37-38","ecodive","95_A",0.648114853501993
"37-38","ecodive","99_A",15.4467779188317
"38-39","stats","10_A",26.7494857585524
"38-39","proxy","100_A",0.383935607339863
"38-39","vegan","11_A",0.764271021672927
"38-39","abdiv","12_A",13.7568783901127
"38-39","abdiv","13_A",0.00512960839754151
"38-39","pctax","14_A",0.0118113598290761
"38-39","vegan","15_A",0.273230024771012
"38-39","wiqid","18_A",0.158231859883236
"38-39","abdiv","19_A",0.156478667116965
"38-39","vegan","2_A",4.30229181209513
"38-39","vegan","20_A",1.00207328329795
"38-39","ecodive","21_A",0.502075432549767
"38-39","ecodive","22_A",1.00415086509953
"38-39","vegan","23_A",0.421539597480006
"38-39","analogue","24_A",0.424338694616042
"38-39","adespatial","25_A",0.455165747417951
"38-39","vegan","26_A",0.831514833358665
"38-39","ecodive","27_A",3.52781866395069
"38-39","vegan","28_A",0.0888478161218029
"38-39","ecodive","29_A",24.8910090514376
"38-39","EnvNJ","3_A",0.462174940898345
"38-39","vegan","30_A",0.253256167062444
"38-39","NST","31_A",0.0140697870590246
"38-39","abdiv","32_A",0.042808105425812
"38-39","ecodive","33_A",0.0641386861551603
"38-39","vegan","34_A",0.514285714285714
"38-39","vegan","35_A",0.0426595119266514
"38-39","ecodist","36_A",21.4446848293394
"38-39","NST","37_A",0.506939298262484
"38-39","ecodive","4_A",0.238472119971534
"38-39","proxyC","40_A",18
"38-39","EnvNJ","41_A",0.514285714285714
"38-39","vegan","42_A",0.651412844988523
"38-39","vegan","43_A",0.554846056859316
"38-39","vegan","47_A",0.190534270384417
"38-39","vegan","5_A",8.42718424577388
"38-39","EnvNJ","53_A",3.45290509502668
"38-39","adiv","54_A",0.400916727234434
"38-39","adiv","55_A",0.160734222176369
"38-39","vegan","57_A",0.383935607339863
"38-39","EnvNJ","58_A",1.24584765242302
"38-39","EnvNJ","59_A",0.738001145286587
"38-39","tabula","6_A",1.32562387917666
"38-39","vegan","61_A",0.767871214679725
"38-39","NST","62_A",0.0426595119266514
"38-39","adespatial","64_A",0.0426595119266514
"38-39","ecodive","65_A",0.651412844988523
"38-39","ecodive","66_1_A",0.767871214679725
"38-39","ecodive","66_2_A",0.253256167062444
"38-39","ecodive","66_3_A",0.193333687569283
"38-39","vegan","67_A",1
"38-39","vegan","68_A",0.105298634434428
"38-39","pctax","69_A",0.691967803669931
"38-39","tabula","7_A",76.7871214679725
"38-39","vegan","75_A",0.0598628105302188
"38-39","abdiv","77_A",0.042808105425812
"38-39","adiv","81_A",0.320081958367976
"38-39","vegan","9_A",0.383935607339863
"38-39","adiv","93_A",0.105298634434428
"38-39","ade4","94_A",0.253256167062444
"38-39","ecodive","95_A",0.321468444352738
"38-39","ecodive","99_A",14.7172644632751
"39-40","stats","10_A",21.2021519181746
"39-40","proxy","100_A",0.273817590459412
"39-40","vegan","11_A",0.605775769090703
"39-40","abdiv","12_A",9.08663653636055
"39-40","abdiv","13_A",0.00575203308476928
"39-40","pctax","14_A",0.0132445456353983
"39-40","vegan","15_A",0.305971709288551
"39-40","wiqid","18_A",0.180617827320966
"39-40","abdiv","19_A",0.197452229299363
"39-40","vegan","2_A",3.26749856964412
"39-40","vegan","20_A",0.907181199356308
"39-40","ecodive","21_A",0.411488864232775
"39-40","ecodive","22_A",0.82297772846555
"39-40","vegan","23_A",0.460376631929725
"39-40","analogue","24_A",0.383202198462635
"39-40","adespatial","25_A",0.491427770986751
"39-40","vegan","26_A",0.717311089833067
"39-40","ecodive","27_A",2.77813390497336
"39-40","vegan","28_A",0.105973321613479
"39-40","ecodive","29_A",15.4360559879251
"39-40","EnvNJ","3_A",0.372543705109093
"39-40","vegan","30_A",0.228665561176441
"39-40","NST","31_A",0.0152443707450961
"39-40","abdiv","32_A",0.0386515343876307
"39-40","ecodive","33_A",0.0522879388681369
"39-40","vegan","34_A",0.428571428571429
"39-40","vegan","35_A",0.0365090120612549
"39-40","ecodist","36_A",12.6810009412101
"39-40","NST","37_A",0.168101118929716
"39-40","ecodive","4_A",0.212699653215245
"39-40","proxyC","40_A",15
"39-40","EnvNJ","41_A",0.428571428571429
"39-40","vegan","42_A",0.619033277346731
"39-40","vegan","43_A",0.429916484919411
"39-40","vegan","47_A",0.191638818926439
"39-40","vegan","5_A",5.22100541999519
"39-40","EnvNJ","53_A",3.80821068048545
"39-40","adiv","54_A",0.370535888218553
"39-40","adiv","55_A",0.137296844457912
"39-40","vegan","57_A",0.273817590459412
"39-40","EnvNJ","58_A",0.753848667478646
"39-40","EnvNJ","59_A",0.52392871904476
"39-40","tabula","6_A",2.30514734648387
"39-40","vegan","61_A",0.547635180918824
"39-40","NST","62_A",0.0365090120612549
"39-40","adespatial","64_A",0.0365090120612549
"39-40","ecodive","65_A",0.619033277346731
"39-40","ecodive","66_1_A",0.547635180918824
"39-40","ecodive","66_2_A",0.228665561176441
"39-40","ecodive","66_3_A",0.202641616844077
"39-40","vegan","67_A",1
"39-40","vegan","68_A",0.105973751777103
"39-40","pctax","69_A",0.636908795229706
"39-40","tabula","7_A",54.7635180918824
"39-40","vegan","75_A",0.00223819997751817
"39-40","abdiv","77_A",0.0386515343876307
"39-40","adiv","81_A",0.321639100510486
"39-40","vegan","9_A",0.273817590459412
"39-40","adiv","93_A",0.105973751777103
"39-40","ade4","94_A",0.228665561176442
"39-40","ecodive","95_A",0.274593688915824
"39-40","ecodive","99_A",10.1260280676394
"40-41","stats","10_A",15.9803938993168
"40-41","proxy","100_A",0.189352834788079
"40-41","vegan","11_A",0.456582682837622
"40-41","abdiv","12_A",5.93557487688908
"40-41","abdiv","13_A",0.00365300400248464
"40-41","pctax","14_A",0.00841135256076875
"40-41","vegan","15_A",0.037206009596476
"40-41","wiqid","18_A",0.018955636596802
"40-41","abdiv","19_A",0.129197137689707
"40-41","vegan","2_A",3.19907909841046
"40-41","vegan","20_A",0.509334106687975
"40-41","ecodive","21_A",0.129710616117819
"40-41","ecodive","22_A",0.259421232235638
"40-41","vegan","23_A",0.252175447054841
"40-41","analogue","24_A",0.0857636474180596
"40-41","adespatial","25_A",0.25200286231844
"40-41","vegan","26_A",0.570316818658575
"40-41","ecodive","27_A",2.05630653293299
"40-41","vegan","28_A",0.0317962280486546
"40-41","ecodive","29_A",8.45679311476579
"40-41","EnvNJ","3_A",0.253951403632932
"40-41","vegan","30_A",0.162008234773709
"40-41","NST","31_A",0.01246217190567
"40-41","abdiv","32_A",0.0273843897840114
"40-41","ecodive","33_A",0.0262466681344934
"40-41","vegan","34_A",0.371428571428571
"40-41","vegan","35_A",0.0291312053520121
"40-41","ecodist","36_A",8.57023481559389
"40-41","NST","37_A",0.111838791937001
"40-41","ecodive","4_A",0.0438284089555147
"40-41","proxyC","40_A",13
"40-41","EnvNJ","41_A",0.371428571428571
"40-41","vegan","42_A",0.292854310909127
"40-41","vegan","43_A",0.318413223140496
"40-41","vegan","47_A",0.0854139625168002
"40-41","vegan","5_A",2.72018419677437
"40-41","EnvNJ","53_A",0.522367785482788
"40-41","adiv","54_A",0.191643850540598
"40-41","adiv","55_A",0.0367273654500269
"40-41","vegan","57_A",0.189352834788079
"40-41","EnvNJ","58_A",0.467020586361511
"40-41","EnvNJ","59_A",0.366402713607365
"40-41","tabula","6_A",3.39541974009111
"40-41","vegan","61_A",0.378705669576158
"40-41","NST","62_A",0.0291312053520121
"40-41","adespatial","64_A",0.0291312053520121
"40-41","ecodive","65_A",0.292854310909127
"40-41","ecodive","66_1_A",0.378705669576158
"40-41","ecodive","66_2_A",0.162008234773709
"40-41","ecodive","66_3_A",0.138805676831777
"40-41","vegan","67_A",1
"40-41","vegan","68_A",0.0446122351487951
"40-41","pctax","69_A",0.594676417394039
"40-41","tabula","7_A",37.8705669576158
"40-41","vegan","75_A",3.66707819432488e-06
"40-41","abdiv","77_A",0.0273843897840114
"40-41","adiv","81_A",0.157385044722931
"40-41","vegan","9_A",0.189352834788079
"40-41","adiv","93_A",0.044612235148795
"40-41","ade4","94_A",0.162008234773711
"40-41","ecodive","95_A",0.0734547309000537
"40-41","ecodive","99_A",7.18297213549708
"41-42","stats","10_A",18.9938795793052
"41-42","proxy","100_A",0.140123456790123
"41-42","vegan","11_A",0.542682273694435
"41-42","abdiv","12_A",7.05486955802765
"41-42","abdiv","13_A",0.00186396874363904
"41-42","pctax","14_A",0.00429194664291011
"41-42","vegan","15_A",0.0623014472290857
"41-42","wiqid","18_A",0.0321522907368612
"41-42","abdiv","19_A",0.0609347442680776
"41-42","vegan","2_A",3.31405286318989
"41-42","vegan","20_A",0.483451429084081
"41-42","ecodive","21_A",0.11686264214172
"41-42","ecodive","22_A",0.23372528428344
"41-42","vegan","23_A",0.162650200499694
"41-42","analogue","24_A",0.0913220696010825
"41-42","adespatial","25_A",0.177061271586319
"41-42","vegan","26_A",0.661792925826538
"41-42","ecodive","27_A",2.38612832780692
"41-42","vegan","28_A",0.0132275438612953
"41-42","ecodive","29_A",11.3872167935253
"41-42","EnvNJ","3_A",0.170590828924162
"41-42","vegan","30_A",0.0947959886722473
"41-42","NST","31_A",0.00729199912863441
"41-42","abdiv","32_A",0.0160234466315092
"41-42","ecodive","33_A",0.00898627946834884
"41-42","vegan","34_A",0.371428571428571
"41-42","vegan","35_A",0.0215574548907882
"41-42","ecodist","36_A",11.5943885936276
"41-42","NST","37_A",0.10533664288171
"41-42","ecodive","4_A",0.0467363612079043
"41-42","proxyC","40_A",13
"41-42","EnvNJ","41_A",0.371428571428571
"41-42","vegan","42_A",0.302195416247637
"41-42","vegan","43_A",0.245804006497022
"41-42","vegan","47_A",0.0262241163036773
"41-42","vegan","5_A",3.82407787716861
"41-42","EnvNJ","53_A",0.645309580833634
"41-42","adiv","54_A",0.188961526127546
"41-42","adiv","55_A",0.0357064583564511
"41-42","vegan","57_A",0.140123456790123
"41-42","EnvNJ","58_A",0.325812985929616
"41-42","EnvNJ","59_A",0.275873744977308
"41-42","tabula","6_A",2.87176677942086
"41-42","vegan","61_A",0.280246913580247
"41-42","NST","62_A",0.0215574548907882
"41-42","adespatial","64_A",0.0215574548907882
"41-42","ecodive","65_A",0.302195416247637
"41-42","ecodive","66_1_A",0.280246913580247
"41-42","ecodive","66_2_A",0.0947959886722473
"41-42","ecodive","66_3_A",0.0719844958217693
"41-42","vegan","67_A",1
"41-42","vegan","68_A",0.0132862684767265
"41-42","pctax","69_A",0.570061728395062
"41-42","tabula","7_A",28.0246913580247
"41-42","vegan","75_A",0.000255317323301307
"41-42","abdiv","77_A",0.0160234466315092
"41-42","adiv","81_A",0.0511079712258822
"41-42","vegan","9_A",0.140123456790123
"41-42","adiv","93_A",0.0132862684767264
"41-42","ade4","94_A",0.094795988672245
"41-42","ecodive","95_A",0.0714129167129022
"41-42","ecodive","99_A",8.10583330747309
"42-43","stats","10_A",26.7106656284563
"42-43","proxy","100_A",0.368146718146718
"42-43","vegan","11_A",0.76316187509875
"42-43","abdiv","12_A",11.4474281264813
"42-43","abdiv","13_A",0.00686301944869244
"42-43","pctax","14_A",0.0158026862754874
"42-43","vegan","15_A",0.27027027027027
"42-43","wiqid","18_A",0.15625
"42-43","abdiv","19_A",0.201158301158301
"42-43","vegan","2_A",5.20949593014216
"42-43","vegan","20_A",1.06153988356192
"42-43","ecodive","21_A",0.563433462196325
"42-43","ecodive","22_A",1.12686692439265
"42-43","vegan","23_A",0.456715785050921
"42-43","analogue","24_A",0.457186045681272
"42-43","adespatial","25_A",0.512784068340868
"42-43","vegan","26_A",0.828201501867057
"42-43","ecodive","27_A",3.20761062403508
"42-43","vegan","28_A",0.104294654157339
"42-43","ecodive","29_A",20.5775318308455
"42-43","EnvNJ","3_A",0.468725868725869
"42-43","vegan","30_A",0.277794062752996
"42-43","NST","31_A",0.0185196041835331
"42-43","abdiv","32_A",0.046955766814803
"42-43","ecodive","33_A",0.0771695413008154
"42-43","vegan","34_A",0.428571428571429
"42-43","vegan","35_A",0.0490862290862291
"42-43","ecodist","36_A",17.5322332614433
"42-43","NST","37_A",0.378055284300012
"42-43","ecodive","4_A",0.259539188448079
"42-43","proxyC","40_A",15
"42-43","EnvNJ","41_A",0.428571428571429
"42-43","vegan","42_A",0.676155341383378
"42-43","vegan","43_A",0.538168477494003
"42-43","vegan","47_A",0.192948230292508
"42-43","vegan","5_A",6.82816160772847
"42-43","EnvNJ","53_A",3.88766840861519
"42-43","adiv","54_A",0.422153731529358
"42-43","adiv","55_A",0.178213773044161
"42-43","vegan","57_A",0.368146718146718
"42-43","EnvNJ","58_A",1.16477562158218
"42-43","EnvNJ","59_A",0.701044066806867
"42-43","tabula","6_A",2.03082393431509
"42-43","vegan","61_A",0.736293436293436
"42-43","NST","62_A",0.0490862290862291
"42-43","adespatial","64_A",0.0490862290862291
"42-43","ecodive","65_A",0.676155341383377
"42-43","ecodive","66_1_A",0.736293436293436
"42-43","ecodive","66_2_A",0.277794062752996
"42-43","ecodive","66_3_A",0.224176564302735
"42-43","vegan","67_A",1
"42-43","vegan","68_A",0.106775153610425
"42-43","pctax","69_A",0.684073359073359
"42-43","tabula","7_A",73.6293436293436
"42-43","vegan","75_A",0.00835057219602131
"42-43","abdiv","77_A",0.046955766814803
"42-43","adiv","81_A",0.3234813135943
"42-43","vegan","9_A",0.368146718146718
"42-43","adiv","93_A",0.106775153610425
"42-43","ade4","94_A",0.277794062752997
"42-43","ecodive","95_A",0.356427546088322
"42-43","ecodive","99_A",12.2189756727902
"43-44","stats","10_A",24.8326476820316
"43-44","proxy","100_A",0.391891891891892
"43-44","vegan","11_A",0.709504219486618
"43-44","abdiv","12_A",8.51405063383942
"43-44","abdiv","13_A",0.0301659886655679
"43-44","pctax","14_A",0.069459755816764
"43-44","vegan","15_A",0.162162162162162
"43-44","wiqid","18_A",0.088235294117647
"43-44","abdiv","19_A",0.372072072072072
"43-44","vegan","2_A",3.68719773140754
"43-44","vegan","20_A",0.960465889335295
"43-44","ecodive","21_A",0.461247362288319
"43-44","ecodive","22_A",0.922494724576638
"43-44","vegan","23_A",0.691963003297852
"43-44","analogue","24_A",0.329851225814726
"43-44","adespatial","25_A",0.652587789379286
"43-44","vegan","26_A",0.800268567426719
"43-44","ecodive","27_A",2.77221163696688
"43-44","vegan","28_A",0.239406398966491
"43-44","ecodive","29_A",15.3703147202691
"43-44","EnvNJ","3_A",0.577927927927928
"43-44","vegan","30_A",0.430565602538615
"43-44","NST","31_A",0.0358804668782179
"43-44","abdiv","32_A",0.0727788701850516
"43-44","ecodive","33_A",0.185386738089441
"43-44","vegan","34_A",0.342857142857143
"43-44","vegan","35_A",0.0653153153153153
"43-44","ecodist","36_A",13.807103496376
"43-44","NST","37_A",0.327749424635293
"43-44","ecodive","4_A",0.180234471760747
"43-44","proxyC","40_A",12
"43-44","EnvNJ","41_A",0.342857142857143
"43-44","vegan","42_A",0.574326758748647
"43-44","vegan","43_A",0.563106796116505
"43-44","vegan","47_A",0.386328031678848
"43-44","vegan","5_A",5.21751253863576
"43-44","EnvNJ","53_A",1.99582666588664
"43-44","adiv","54_A",0.369706381460185
"43-44","adiv","55_A",0.136682808492384
"43-44","vegan","57_A",0.391891891891892
"43-44","EnvNJ","58_A",1.28825335056928
"43-44","EnvNJ","59_A",0.706999537098761
"43-44","tabula","6_A",2.57331691456287
"43-44","vegan","61_A",0.783783783783784
"43-44","NST","62_A",0.0653153153153153
"43-44","adespatial","64_A",0.0653153153153153
"43-44","ecodive","65_A",0.574326758748647
"43-44","ecodive","66_1_A",0.783783783783784
"43-44","ecodive","66_2_A",0.430565602538615
"43-44","ecodive","66_3_A",0.391266243968574
"43-44","vegan","67_A",1
"43-44","vegan","68_A",0.239409272307543
"43-44","pctax","69_A",0.695945945945946
"43-44","tabula","7_A",78.3783783783784
"43-44","vegan","75_A",0.00243968555163998
"43-44","abdiv","77_A",0.0727788701850516
"43-44","adiv","81_A",0.557339998688483
"43-44","vegan","9_A",0.391891891891892
"43-44","adiv","93_A",0.239409272307543
"43-44","ade4","94_A",0.430565602538616
"43-44","ecodive","95_A",0.273365616984767
"43-44","ecodive","99_A",9.13366779701049
"44-45","stats","10_A",31.4106240535039
"44-45","proxy","100_A",0.608227848101266
"44-45","vegan","11_A",0.897446401528683
"44-45","abdiv","12_A",16.1540352275163
"44-45","abdiv","13_A",0.030633280347935
"44-45","pctax","14_A",0.0705357346786627
"44-45","vegan","15_A",0.322894168466523
"44-45","wiqid","18_A",0.192530585962653
"44-45","abdiv","19_A",0.454008438818565
"44-45","vegan","2_A",6.45391994997647
"44-45","vegan","20_A",1.47283853010528
"44-45","ecodive","21_A",1.08462666788135
"44-45","ecodive","22_A",2.1692533357627
"44-45","vegan","23_A",1.01417420142403
"44-45","analogue","24_A",0.89033432908474
"44-45","adespatial","25_A",1.00556772787663
"44-45","vegan","26_A",0.935875968892886
"44-45","ecodive","27_A",3.97058546372214
"44-45","vegan","28_A",0.514274655417035
"44-45","ecodive","29_A",31.5310978494432
"44-45","EnvNJ","3_A",0.835232067510549
"44-45","vegan","30_A",0.571481176508022
"44-45","NST","31_A",0.0317489542504457
"44-45","abdiv","32_A",0.0965979495646026
"44-45","ecodive","33_A",0.326590735102993
"44-45","vegan","34_A",0.514285714285714
"44-45","vegan","35_A",0.0675808720112518
"44-45","ecodist","36_A",28.0340649671522
"44-45","NST","37_A",0.982281704653541
"44-45","ecodive","4_A",0.589088407978381
"44-45","proxyC","40_A",18
"44-45","EnvNJ","41_A",0.514285714285714
"44-45","vegan","42_A",0.943575290628543
"44-45","vegan","43_A",0.756395120031484
"44-45","vegan","47_A",0.692932993998687
"44-45","vegan","5_A",10.8012574746429
"44-45","EnvNJ","53_A",6.54930134746175
"44-45","adiv","54_A",0.592734173993585
"44-45","adiv","55_A",0.351333801019858
"44-45","vegan","57_A",0.608227848101266
"44-45","EnvNJ","58_A",3.10255310095501
"44-45","EnvNJ","59_A",1.08526077647245
"44-45","tabula","6_A",1.04528525246936
"44-45","vegan","61_A",1.21645569620253
"44-45","NST","62_A",0.0675808720112518
"44-45","adespatial","64_A",0.0675808720112518
"44-45","ecodive","65_A",0.943575290628543
"44-45","ecodive","66_1_A",1.21645569620253
"44-45","ecodive","66_2_A",0.571481176508022
"44-45","ecodive","66_3_A",0.500735502499646
"44-45","vegan","67_A",1
"44-45","vegan","68_A",0.530143436271538
"44-45","pctax","69_A",0.804113924050633
"44-45","tabula","7_A",121.645569620253
"44-45","vegan","75_A",0.151026392961877
"44-45","abdiv","77_A",0.0965979495646026
"44-45","adiv","81_A",0.818618334517762
"44-45","vegan","9_A",0.608227848101266
"44-45","adiv","93_A",0.530143436271538
"44-45","ade4","94_A",0.571481176508022
"44-45","ecodive","95_A",0.702667602039715
"44-45","ecodive","99_A",16.4411160569388
"45-46","stats","10_A",19.3323755004737
"45-46","proxy","100_A",0.386569127075456
"45-46","vegan","11_A",0.552353585727821
"45-46","abdiv","12_A",10.4947181288286
"45-46","abdiv","13_A",0.0121182793862613
"45-46","pctax","14_A",0.0279033694675422
"45-46","vegan","15_A",0.0438322368421055
"45-46","wiqid","18_A",0.0224071972085594
"45-46","abdiv","19_A",0.20573730067401
"45-46","vegan","2_A",4.73619510627467
"45-46","vegan","20_A",0.912624221395606
"45-46","ecodive","21_A",0.416441484738968
"45-46","ecodive","22_A",0.832882969477936
"45-46","vegan","23_A",0.647413553436914
"45-46","analogue","24_A",0.253980608158893
"45-46","adespatial","25_A",0.640295167305769
"45-46","vegan","26_A",0.641712411718184
"45-46","ecodive","27_A",2.79715955349533
"45-46","vegan","28_A",0.209572154586906
"45-46","ecodive","29_A",15.6482031354204
"45-46","EnvNJ","3_A",0.489437777412461
"45-46","vegan","30_A",0.294008400878548
"45-46","NST","31_A",0.0154741263620288
"45-46","abdiv","32_A",0.0496964901856864
"45-46","ecodive","33_A",0.0864409397871609
"45-46","vegan","34_A",0.542857142857143
"45-46","vegan","35_A",0.0406914870605743
"45-46","ecodist","36_A",15.877141373294
"45-46","NST","37_A",0.440820501829002
"45-46","ecodive","4_A",0.135808616766005
"45-46","proxyC","40_A",19
"45-46","EnvNJ","41_A",0.542857142857143
"45-46","vegan","42_A",0.50396488782344
"45-46","vegan","43_A",0.557590847116011
"45-46","vegan","47_A",0.367881334927434
"45-46","vegan","5_A",4.99892462439883
"45-46","EnvNJ","53_A",1.27554864332832
"45-46","adiv","54_A",0.340060379913147
"45-46","adiv","55_A",0.115641061986674
"45-46","vegan","57_A",0.386569127075456
"45-46","EnvNJ","58_A",1.25991974828245
"45-46","EnvNJ","59_A",0.733901417125705
"45-46","tabula","6_A",2.53314245369227
"45-46","vegan","61_A",0.773138254150912
"45-46","NST","62_A",0.0406914870605743
"45-46","adespatial","64_A",0.0406914870605743
"45-46","ecodive","65_A",0.503964887823441
"45-46","ecodive","66_1_A",0.773138254150912
"45-46","ecodive","66_2_A",0.294008400878548
"45-46","ecodive","66_3_A",0.238149135170575
"45-46","vegan","67_A",1
"45-46","vegan","68_A",0.225401095398341
"45-46","pctax","69_A",0.693284563537728
"45-46","tabula","7_A",77.3138254150912
"45-46","vegan","75_A",2.62332177020097e-05
"45-46","abdiv","77_A",0.0496964901856864
"45-46","adiv","81_A",0.537884866960262
"45-46","vegan","9_A",0.386569127075456
"45-46","adiv","93_A",0.225401095398341
"45-46","ade4","94_A",0.294008400878548
"45-46","ecodive","95_A",0.231282123973347
"45-46","ecodive","99_A",12.3882085118564
"46-47","stats","10_A",18.8176784723831
"46-47","proxy","100_A",0.324085005903188
"46-47","vegan","11_A",0.537647956353804
"46-47","abdiv","12_A",9.67766321436847
"46-47","abdiv","13_A",0.0160562352589669
"46-47","pctax","14_A",0.0369708479569026
"46-47","vegan","15_A",0.0668170587603395
"46-47","wiqid","18_A",0.0345632362747277
"46-47","abdiv","19_A",0.214876033057851
"46-47","vegan","2_A",4.040001651124
"46-47","vegan","20_A",0.815828397349191
"46-47","ecodive","21_A",0.332787986960675
"46-47","ecodive","22_A",0.665575973921349
"46-47","vegan","23_A",0.694708950103277
"46-47","analogue","24_A",0.212711975098956
"46-47","adespatial","25_A",0.657473021373226
"46-47","vegan","26_A",0.645993969702689
"46-47","ecodive","27_A",2.74072029949433
"46-47","vegan","28_A",0.241310262676799
"46-47","ecodive","29_A",15.0230955201206
"46-47","EnvNJ","3_A",0.431523022432113
"46-47","vegan","30_A",0.283250916278686
"46-47","NST","31_A",0.0157361620154826
"46-47","abdiv","32_A",0.0478781434097365
"46-47","ecodive","33_A",0.0802310815727151
"46-47","vegan","34_A",0.514285714285714
"46-47","vegan","35_A",0.0360094451003542
"46-47","ecodist","36_A",15.458023787454
"46-47","NST","37_A",0.28256688045999
"46-47","ecodive","4_A",0.112447779473917
"46-47","proxyC","40_A",18
"46-47","EnvNJ","41_A",0.514285714285714
"46-47","vegan","42_A",0.461207084831701
"46-47","vegan","43_A",0.489522960320999
"46-47","vegan","47_A",0.391160600212032
"46-47","vegan","5_A",4.94946446374036
"46-47","EnvNJ","53_A",1.16806891825299
"46-47","adiv","54_A",0.306021277269437
"46-47","adiv","55_A",0.0936490221416173
"46-47","vegan","57_A",0.324085005903188
"46-47","EnvNJ","58_A",0.958625764392732
"46-47","EnvNJ","59_A",0.612223799758988
"46-47","tabula","6_A",2.44877591798504
"46-47","vegan","61_A",0.648170011806375
"46-47","NST","62_A",0.0360094451003542
"46-47","adespatial","64_A",0.0360094451003542
"46-47","ecodive","65_A",0.461207084831701
"46-47","ecodive","66_1_A",0.648170011806375
"46-47","ecodive","66_2_A",0.283250916278686
"46-47","ecodive","66_3_A",0.242753861383239
"46-47","vegan","67_A",1
"46-47","vegan","68_A",0.243132161148952
"46-47","pctax","69_A",0.662042502951594
"46-47","tabula","7_A",64.8170011806375
"46-47","vegan","75_A",0.000138786911529576
"46-47","abdiv","77_A",0.0478781434097365
"46-47","adiv","81_A",0.562351464169433
"46-47","vegan","9_A",0.324085005903188
"46-47","adiv","93_A",0.243132161148952
"46-47","ade4","94_A",0.283250916278686
"46-47","ecodive","95_A",0.187298044283235
"46-47","ecodive","99_A",11.2784568372804
"47-48","stats","10_A",25.5808430172431
"47-48","proxy","100_A",0.527389746215169
"47-48","vegan","11_A",0.73088122906409
"47-48","abdiv","12_A",12.4249808940895
"47-48","abdiv","13_A",0.0280777118293492
"47-48","pctax","14_A",0.064651320703642
"47-48","vegan","15_A",0.113761467889908
"47-48","wiqid","18_A",0.0603112840466925
"47-48","abdiv","19_A",0.411175309003145
"47-48","vegan","2_A",5.99697548761234
"47-48","vegan","20_A",1.27680016969729
"47-48","ecodive","21_A",0.815109336669517
"47-48","ecodive","22_A",1.63021867333903
"47-48","vegan","23_A",0.980602851838952
"47-48","analogue","24_A",0.568249592291456
"47-48","adespatial","25_A",0.950508226424524
"47-48","vegan","26_A",0.809356537859607
"47-48","ecodive","27_A",3.33706249437938
"47-48","vegan","28_A",0.480790976517342
"47-48","ecodive","29_A",22.271972182787
"47-48","EnvNJ","3_A",0.732977400716741
"47-48","vegan","30_A",0.487090689021056
"47-48","NST","31_A",0.0286523934718268
"47-48","abdiv","32_A",0.082333353652958
"47-48","ecodive","33_A",0.237257339331007
"47-48","vegan","34_A",0.485714285714286
"47-48","vegan","35_A",0.0620458524959022
"47-48","ecodist","36_A",20.4937526293504
"47-48","NST","37_A",0.759130342141927
"47-48","ecodive","4_A",0.334249423505771
"47-48","proxyC","40_A",17
"47-48","EnvNJ","41_A",0.485714285714286
"47-48","vegan","42_A",0.753823316362299
"47-48","vegan","43_A",0.690576517908447
"47-48","vegan","47_A",0.665300771191569
"47-48","vegan","5_A",7.3725531929067
"47-48","EnvNJ","53_A",3.17872942602933
"47-48","adiv","54_A",0.494504541481504
"47-48","adiv","55_A",0.244534741545832
"47-48","vegan","57_A",0.527389746215169
"47-48","EnvNJ","58_A",2.23058964692309
"47-48","EnvNJ","59_A",0.956965566640891
"47-48","tabula","6_A",2.0637601508569
"47-48","vegan","61_A",1.05477949243034
"47-48","NST","62_A",0.0620458524959022
"47-48","adespatial","64_A",0.0620458524959022
"47-48","ecodive","65_A",0.7538233163623
"47-48","ecodive","66_1_A",1.05477949243034
"47-48","ecodive","66_2_A",0.487090689021056
"47-48","ecodive","66_3_A",0.430436294359676
"47-48","vegan","67_A",1
"47-48","vegan","68_A",0.498464940139004
"47-48","pctax","69_A",0.763694873107584
"47-48","tabula","7_A",105.477949243034
"47-48","vegan","75_A",0.00345209273920921
"47-48","abdiv","77_A",0.082333353652958
"47-48","adiv","81_A",0.799015748627232
"47-48","vegan","9_A",0.527389746215169
"47-48","adiv","93_A",0.498464940139004
"47-48","ade4","94_A",0.487090689021057
"47-48","ecodive","95_A",0.489069483091665
"47-48","ecodive","99_A",13.2973483737994
"48-49","stats","10_A",23.8562236253161
"48-49","proxy","100_A",0.539161359689025
"48-49","vegan","11_A",0.681606389294747
"48-49","abdiv","12_A",10.905702228716
"48-49","abdiv","13_A",0.0239805655444631
"48-49","pctax","14_A",0.0552172927442473
"48-49","vegan","15_A",0.259259259259259
"48-49","wiqid","18_A",0.148936170212766
"48-49","abdiv","19_A",0.42229757670995
"48-49","vegan","2_A",4.59344253493484
"48-49","vegan","20_A",1.32397913052227
"48-49","ecodive","21_A",0.876460369029254
"48-49","ecodive","22_A",1.75292073805851
"48-49","vegan","23_A",1.00095219188704
"48-49","analogue","24_A",0.660884603697821
"48-49","adespatial","25_A",0.975159095892825
"48-49","vegan","26_A",0.777854679952164
"48-49","ecodive","27_A",3.11141871980865
"48-49","vegan","28_A",0.500952645221731
"48-49","ecodive","29_A",19.3618528999515
"48-49","EnvNJ","3_A",0.750310148044
"48-49","vegan","30_A",0.481180186819391
"48-49","NST","31_A",0.0300737616762119
"48-49","abdiv","32_A",0.0813342964362941
"48-49","ecodive","33_A",0.231534372187544
"48-49","vegan","34_A",0.457142857142857
"48-49","vegan","35_A",0.0673951699611281
"48-49","ecodist","36_A",14.9076447310325
"48-49","NST","37_A",0.747304889207135
"48-49","ecodive","4_A",0.401137936606711
"48-49","proxyC","40_A",16
"48-49","EnvNJ","41_A",0.457142857142857
"48-49","vegan","42_A",0.812948094098154
"48-49","vegan","43_A",0.700591080064482
"48-49","vegan","47_A",0.705251221126997
"48-49","vegan","5_A",6.38228676973454
"48-49","EnvNJ","53_A",4.70379775037056
"48-49","adiv","54_A",0.5198176092347
"48-49","adiv","55_A",0.27021034687048
"48-49","vegan","57_A",0.539161359689025
"48-49","EnvNJ","58_A",2.33859444619226
"48-49","EnvNJ","59_A",0.983474213309554
"48-49","tabula","6_A",2.30345639155008
"48-49","vegan","61_A",1.07832271937805
"48-49","NST","62_A",0.0673951699611281
"48-49","adespatial","64_A",0.0673951699611281
"48-49","ecodive","65_A",0.812948094098154
"48-49","ecodive","66_1_A",1.07832271937805
"48-49","ecodive","66_2_A",0.481180186819391
"48-49","ecodive","66_3_A",0.432903420066088
"48-49","vegan","67_A",1
"48-49","vegan","68_A",0.544701205851589
"48-49","pctax","69_A",0.769580679844512
"48-49","tabula","7_A",107.832271937805
"48-49","vegan","75_A",0.00140079391044523
"48-49","abdiv","77_A",0.0813342964362941
"48-49","adiv","81_A",0.827152283944295
"48-49","vegan","9_A",0.539161359689025
"48-49","adiv","93_A",0.544701205851589
"48-49","ade4","94_A",0.481180186819391
"48-49","ecodive","95_A",0.540420693740959
"48-49","ecodive","99_A",11.7285525681868
"49-50","stats","10_A",24.8904066596377
"49-50","proxy","100_A",0.504862338974489
"49-50","vegan","11_A",0.711154475989649
"49-50","abdiv","12_A",11.3784716158344
"49-50","abdiv","13_A",0.029792055331601
"49-50","pctax","14_A",0.0685987424961983
"49-50","vegan","15_A",0.175386180153836
"49-50","wiqid","18_A",0.0961223565480959
"49-50","abdiv","19_A",0.338406163172518
"49-50","vegan","2_A",4.55905145091153
"49-50","vegan","20_A",1.15330856168091
"49-50","ecodive","21_A",0.665060319223247
"49-50","ecodive","22_A",1.33012063844649
"49-50","vegan","23_A",0.942824331090416
"49-50","analogue","24_A",0.467663433569917
"49-50","adespatial","25_A",0.903213900929061
"49-50","vegan","26_A",0.790483327701387
"49-50","ecodive","27_A",3.16193331080555
"49-50","vegan","28_A",0.444458859648045
"49-50","ecodive","29_A",19.9956445239634
"49-50","EnvNJ","3_A",0.674065420560748
"49-50","vegan","30_A",0.410836875312083
"49-50","NST","31_A",0.0256773047070052
"49-50","abdiv","32_A",0.0694441066338752
"49-50","ecodive","33_A",0.168786938116196
"49-50","vegan","34_A",0.457142857142857
"49-50","vegan","35_A",0.0631077923718111
"49-50","ecodist","36_A",17.0586016745773
"49-50","NST","37_A",0.479961687234769
"49-50","ecodive","4_A",0.266353442488799
"49-50","proxyC","40_A",16
"49-50","EnvNJ","41_A",0.457142857142857
"49-50","vegan","42_A",0.683859220578269
"49-50","vegan","43_A",0.670974780747766
"49-50","vegan","47_A",0.639618939557115
"49-50","vegan","5_A",6.65359688106273
"49-50","EnvNJ","53_A",2.87321585517626
"49-50","adiv","54_A",0.443804832549284
"49-50","adiv","55_A",0.196962729394098
"49-50","vegan","57_A",0.504862338974488
"49-50","EnvNJ","58_A",2.03816928438048
"49-50","EnvNJ","59_A",0.937405262797406
"49-50","tabula","6_A",2.06050152465297
"49-50","vegan","61_A",1.00972467794898
"49-50","NST","62_A",0.0631077923718111
"49-50","adespatial","64_A",0.0631077923718111
"49-50","ecodive","65_A",0.683859220578269
"49-50","ecodive","66_1_A",1.00972467794898
"49-50","ecodive","66_2_A",0.410836875312083
"49-50","ecodive","66_3_A",0.354187410886106
"49-50","vegan","67_A",1
"49-50","vegan","68_A",0.470176304387008
"49-50","pctax","69_A",0.752431169487244
"49-50","tabula","7_A",100.972467794898
"49-50","vegan","75_A",0.00516150842984575
"49-50","abdiv","77_A",0.0694441066338752
"49-50","adiv","81_A",0.7802043805738
"49-50","vegan","9_A",0.504862338974489
"49-50","adiv","93_A",0.470176304387008
"49-50","ade4","94_A",0.410836875312083
"49-50","ecodive","95_A",0.393925458788196
"49-50","ecodive","99_A",12.3343706937582
"50-51","stats","10_A",19.2418445812424
"50-51","proxy","100_A",0.307024057024057
"50-51","vegan","11_A",0.549766988035497
"50-51","abdiv","12_A",8.24650482053246
"50-51","abdiv","13_A",0.0199214568265561
"50-51","pctax","14_A",0.0458708495195525
"50-51","vegan","15_A",0.0563150074294202
"50-51","wiqid","18_A",0.0289733200825625
"50-51","abdiv","19_A",0.195054945054945
"50-51","vegan","2_A",3.88091201254833
"50-51","vegan","20_A",0.801223796675481
"50-51","ecodive","21_A",0.320979786179536
"50-51","ecodive","22_A",0.641959572359072
"50-51","vegan","23_A",0.595410139773045
"50-51","analogue","24_A",0.201695661768244
"50-51","adespatial","25_A",0.585231419488981
"50-51","vegan","26_A",0.654304418889458
"50-51","ecodive","27_A",2.53411011770879
"50-51","vegan","28_A",0.177256617272278
"50-51","ecodive","29_A",12.8434281773481
"50-51","EnvNJ","3_A",0.404551529551529
"50-51","vegan","30_A",0.282520995891051
"50-51","NST","31_A",0.0188347330594034
"50-51","abdiv","32_A",0.0477547643454919
"50-51","ecodive","33_A",0.0798181131192714
"50-51","vegan","34_A",0.428571428571429
"50-51","vegan","35_A",0.0409365409365409
"50-51","ecodist","36_A",12.7758647586947
"50-51","NST","37_A",0.397123290262637
"50-51","ecodive","4_A",0.106302993966703
"50-51","proxyC","40_A",15
"50-51","EnvNJ","41_A",0.428571428571429
"50-51","vegan","42_A",0.449105401624433
"50-51","vegan","43_A",0.46980628301994
"50-51","vegan","47_A",0.302134138235816
"50-51","vegan","5_A",4.2122423922796
"50-51","EnvNJ","53_A",1.20016882895224
"50-51","adiv","54_A",0.299618369645543
"50-51","adiv","55_A",0.0897711674290531
"50-51","vegan","57_A",0.307024057024057
"50-51","EnvNJ","58_A",0.885783517293183
"50-51","EnvNJ","59_A",0.578386829910855
"50-51","tabula","6_A",2.85518989361127
"50-51","vegan","61_A",0.614048114048114
"50-51","NST","62_A",0.0409365409365409
"50-51","adespatial","64_A",0.0409365409365409
"50-51","ecodive","65_A",0.449105401624433
"50-51","ecodive","66_1_A",0.614048114048114
"50-51","ecodive","66_2_A",0.282520995891051
"50-51","ecodive","66_3_A",0.244161530079787
"50-51","vegan","67_A",1
"50-51","vegan","68_A",0.177949356919092
"50-51","pctax","69_A",0.653512028512028
"50-51","tabula","7_A",61.4048114048114
"50-51","vegan","75_A",5.1255207310974e-05
"50-51","abdiv","77_A",0.0477547643454919
"50-51","adiv","81_A",0.464059929563262
"50-51","vegan","9_A",0.307024057024057
"50-51","adiv","93_A",0.177949356919092
"50-51","ade4","94_A",0.282520995891051
"50-51","ecodive","95_A",0.179542334858106
"50-51","ecodive","99_A",9.57548806397491
"51-52","stats","10_A",18.2330959640041
"51-52","proxy","100_A",0.207417582417582
"51-52","vegan","11_A",0.520945598971544
"51-52","abdiv","12_A",7.81418398457317
"51-52","abdiv","13_A",0.000389755253752062
"51-52","pctax","14_A",0.00089744463720561
"51-52","vegan","15_A",0.0766509433962264
"51-52","wiqid","18_A",0.0398528510116493
"51-52","abdiv","19_A",0.070054945054945
"51-52","vegan","2_A",3.81973566223774
"51-52","vegan","20_A",0.672307161325286
"51-52","ecodive","21_A",0.225998459584632
"51-52","ecodive","22_A",0.451996919169263
"51-52","vegan","23_A",0.262932557246729
"51-52","analogue","24_A",0.16236275852761
"51-52","adespatial","25_A",0.281431894839418
"51-52","vegan","26_A",0.63130361694172
"51-52","ecodive","27_A",2.44502839481579
"51-52","vegan","28_A",0.0345667648301521
"51-52","ecodive","29_A",11.956327702911
"51-52","EnvNJ","3_A",0.242445054945055
"51-52","vegan","30_A",0.135453769622209
"51-52","NST","31_A",0.00903025130814729
"51-52","abdiv","32_A",0.0228958659430453
"51-52","ecodive","33_A",0.0183477237048666
"51-52","vegan","34_A",0.428571428571429
"51-52","vegan","35_A",0.0276556776556777
"51-52","ecodist","36_A",10.8158916581891
"51-52","NST","37_A",0.0475038959919232
"51-52","ecodive","4_A",0.0846665420075178
"51-52","proxyC","40_A",15
"51-52","EnvNJ","41_A",0.428571428571429
"51-52","vegan","42_A",0.402942624361843
"51-52","vegan","43_A",0.343572241183163
"51-52","vegan","47_A",0.0745316859306493
"51-52","vegan","5_A",3.84048858010454
"51-52","EnvNJ","53_A",1.08158385027833
"51-52","adiv","54_A",0.259147413413876
"51-52","adiv","55_A",0.0671573818791023
"51-52","vegan","57_A",0.207417582417582
"51-52","EnvNJ","58_A",0.523238439826332
"51-52","EnvNJ","59_A",0.405992013779788
"51-52","tabula","6_A",3.04650307983638
"51-52","vegan","61_A",0.414835164835165
"51-52","NST","62_A",0.0276556776556777
"51-52","adespatial","64_A",0.0276556776556777
"51-52","ecodive","65_A",0.402942624361843
"51-52","ecodive","66_1_A",0.414835164835165
"51-52","ecodive","66_2_A",0.135453769622209
"51-52","ecodive","66_3_A",0.101270682911072
"51-52","vegan","67_A",1
"51-52","vegan","68_A",0.0387083419581865
"51-52","pctax","69_A",0.603708791208791
"51-52","tabula","7_A",41.4835164835165
"51-52","vegan","75_A",9.26955876900948e-06
"51-52","abdiv","77_A",0.0228958659430453
"51-52","adiv","81_A",0.138724035608308
"51-52","vegan","9_A",0.207417582417582
"51-52","adiv","93_A",0.0387083419581865
"51-52","ade4","94_A",0.135453769622209
"51-52","ecodive","95_A",0.134314763758205
"51-52","ecodive","99_A",9.12552315589
"52-53","stats","10_A",15.1413411934682
"52-53","proxy","100_A",0.272167487684729
"52-53","vegan","11_A",0.432609748384805
"52-53","abdiv","12_A",6.48914622577208
"52-53","abdiv","13_A",0.00365828230044201
"52-53","pctax","14_A",0.00842350629096176
"52-53","vegan","15_A",0.0758620689655172
"52-53","wiqid","18_A",0.0394265232974911
"52-53","abdiv","19_A",0.107266009852217
"52-53","vegan","2_A",3.76481334802757
"52-53","vegan","20_A",0.68827928976496
"52-53","ecodive","21_A",0.236864190359679
"52-53","ecodive","22_A",0.473728380719357
"52-53","vegan","23_A",0.358344295126093
"52-53","analogue","24_A",0.163216201750898
"52-53","adespatial","25_A",0.374594232700199
"52-53","vegan","26_A",0.545808730991005
"52-53","ecodive","27_A",2.11390812534277
"52-53","vegan","28_A",0.0642053169247082
"52-53","ecodive","29_A",8.93721512478033
"52-53","EnvNJ","3_A",0.325800492610837
"52-53","vegan","30_A",0.196990910245148
"52-53","NST","31_A",0.0131327273496765
"52-53","abdiv","32_A",0.033297541187306
"52-53","ecodive","33_A",0.0388054187192118
"52-53","vegan","34_A",0.428571428571429
"52-53","vegan","35_A",0.0362889983579639
"52-53","ecodist","36_A",8.87548846851473
"52-53","NST","37_A",0.284421916657575
"52-53","ecodive","4_A",0.085131074095381
"52-53","proxyC","40_A",15
"52-53","EnvNJ","41_A",0.428571428571429
"52-53","vegan","42_A",0.404000249691628
"52-53","vegan","43_A",0.427879961277832
"52-53","vegan","47_A",0.171101216333623
"52-53","vegan","5_A",2.86380193103417
"52-53","EnvNJ","53_A",1.23439409561992
"52-53","adiv","54_A",0.26209378428571
"52-53","adiv","55_A",0.0686931517612042
"52-53","vegan","57_A",0.272167487684729
"52-53","EnvNJ","58_A",0.747648678735633
"52-53","EnvNJ","59_A",0.52599076059363
"52-53","tabula","6_A",3.27379036428454
"52-53","vegan","61_A",0.544334975369458
"52-53","NST","62_A",0.0362889983579639
"52-53","adespatial","64_A",0.0362889983579639
"52-53","ecodive","65_A",0.404000249691628
"52-53","ecodive","66_1_A",0.544334975369458
"52-53","ecodive","66_2_A",0.196990910245148
"52-53","ecodive","66_3_A",0.150357139983931
"52-53","vegan","67_A",1
"52-53","vegan","68_A",0.0935542293874886
"52-53","pctax","69_A",0.636083743842364
"52-53","tabula","7_A",54.4334975369458
"52-53","vegan","75_A",5.45268162843726e-07
"52-53","abdiv","77_A",0.033297541187306
"52-53","adiv","81_A",0.292205684610748
"52-53","vegan","9_A",0.272167487684729
"52-53","adiv","93_A",0.0935542293874886
"52-53","ade4","94_A",0.196990910245148
"52-53","ecodive","95_A",0.137386303522408
"52-53","ecodive","99_A",8.03088622767545
"53-54","stats","10_A",22.4297358629401
"53-54","proxy","100_A",0.324700914848698
"53-54","vegan","11_A",0.640849596084002
"53-54","abdiv","12_A",9.61274394126004
"53-54","abdiv","13_A",0.00520525830212024
"53-54","pctax","14_A",0.0119855501716456
"53-54","vegan","15_A",0.234482758620689
"53-54","wiqid","18_A",0.1328125
"53-54","abdiv","19_A",0.133708655876144
"53-54","vegan","2_A",3.33372218831176
"53-54","vegan","20_A",0.84584792040396
"53-54","ecodive","21_A",0.357729352225852
"53-54","ecodive","22_A",0.715458704451704
"53-54","vegan","23_A",0.348073479993831
"53-54","analogue","24_A",0.298825728033163
"53-54","adespatial","25_A",0.369628880603656
"53-54","vegan","26_A",0.732879108219294
"53-54","ecodive","27_A",2.83842858091667
"53-54","vegan","28_A",0.0605775737375081
"53-54","ecodive","29_A",16.1133536179292
"53-54","EnvNJ","3_A",0.39155524278677
"53-54","vegan","30_A",0.223493406464389
"53-54","NST","31_A",0.0148995604309593
"53-54","abdiv","32_A",0.0377772806754296
"53-54","ecodive","33_A",0.0499493027330566
"53-54","vegan","34_A",0.428571428571429
"53-54","vegan","35_A",0.0432934553131597
"53-54","ecodist","36_A",13.5752856815314
"53-54","NST","37_A",0.161694251295581
"53-54","ecodive","4_A",0.161828419738735
"53-54","proxyC","40_A",15
"53-54","EnvNJ","41_A",0.428571428571429
"53-54","vegan","42_A",0.546649547729771
"53-54","vegan","43_A",0.490225244368891
"53-54","vegan","47_A",0.197063583081379
"53-54","vegan","5_A",5.4020067649933
"53-54","EnvNJ","53_A",2.2155570651135
"53-54","adiv","54_A",0.33609409060883
"53-54","adiv","55_A",0.112959237742176
"53-54","vegan","57_A",0.324700914848698
"53-54","EnvNJ","58_A",0.961266351541167
"53-54","EnvNJ","59_A",0.626008727759348
"53-54","tabula","6_A",2.59945463592332
"53-54","vegan","61_A",0.649401829697396
"53-54","NST","62_A",0.0432934553131597
"53-54","adespatial","64_A",0.0432934553131597
"53-54","ecodive","65_A",0.546649547729771
"53-54","ecodive","66_1_A",0.649401829697396
"53-54","ecodive","66_2_A",0.223493406464389
"53-54","ecodive","66_3_A",0.172797316620611
"53-54","vegan","67_A",1
"53-54","vegan","68_A",0.109301460235729
"53-54","pctax","69_A",0.662350457424349
"53-54","tabula","7_A",64.9401829697396
"53-54","vegan","75_A",0.000273413035959624
"53-54","abdiv","77_A",0.0377772806754296
"53-54","adiv","81_A",0.329244972224641
"53-54","vegan","9_A",0.324700914848698
"53-54","adiv","93_A",0.109301460235729
"53-54","ade4","94_A",0.223493406464389
"53-54","ecodive","95_A",0.225918475484353
"53-54","ecodive","99_A",10.7626397685511
"54-55","stats","10_A",23.3954337855519
"54-55","proxy","100_A",0.321252638986629
"54-55","vegan","11_A",0.668440965301482
"54-55","abdiv","12_A",7.3528506183163
"54-55","abdiv","13_A",0.00383564903662184
"54-55","pctax","14_A",0.0088319082936824
"54-55","vegan","15_A",0.216666666666667
"54-55","wiqid","18_A",0.121495327102804
"54-55","abdiv","19_A",0.118226600985222
"54-55","vegan","2_A",3.05710867012432
"54-55","vegan","20_A",0.87960849525957
"54-55","ecodive","21_A",0.386855552466402
"54-55","ecodive","22_A",0.773711104932805
"54-55","vegan","23_A",0.394731233881451
"54-55","analogue","24_A",0.315107843259372
"54-55","adespatial","25_A",0.421212709173922
"54-55","vegan","26_A",0.74946605901471
"54-55","ecodive","27_A",2.48569771085815
"54-55","vegan","28_A",0.0779063735007866
"54-55","ecodive","29_A",12.3573862195309
"54-55","EnvNJ","3_A",0.38036593947924
"54-55","vegan","30_A",0.221704476202651
"54-55","NST","31_A",0.0201549523820591
"54-55","abdiv","32_A",0.0374748962710055
"54-55","ecodive","33_A",0.0491528747682916
"54-55","vegan","34_A",0.314285714285714
"54-55","vegan","35_A",0.0584095707248417
"54-55","ecodist","36_A",9.39473104630863
"54-55","NST","37_A",0.167335643087296
"54-55","ecodive","4_A",0.171445620738177
"54-55","proxyC","40_A",11
"54-55","EnvNJ","41_A",0.314285714285714
"54-55","vegan","42_A",0.561344674205939
"54-55","vegan","43_A",0.486284953395473
"54-55","vegan","47_A",0.180087438614699
"54-55","vegan","5_A",4.0908385023158
"54-55","EnvNJ","53_A",2.84322936204966
"54-55","adiv","54_A",0.347894773690398
"54-55","adiv","55_A",0.121030773561094
"54-55","vegan","57_A",0.321252638986629
"54-55","EnvNJ","58_A",0.946200187003564
"54-55","EnvNJ","59_A",0.619296948571152
"54-55","tabula","6_A",2.8335586530138
"54-55","vegan","61_A",0.642505277973258
"54-55","NST","62_A",0.0584095707248417
"54-55","adespatial","64_A",0.0584095707248417
"54-55","ecodive","65_A",0.561344674205939
"54-55","ecodive","66_1_A",0.642505277973258
"54-55","ecodive","66_2_A",0.221704476202651
"54-55","ecodive","66_3_A",0.163899875785398
"54-55","vegan","67_A",1
"54-55","vegan","68_A",0.0989538961573068
"54-55","pctax","69_A",0.660626319493315
"54-55","tabula","7_A",64.2505277973258
"54-55","vegan","75_A",0.0012000856566714
"54-55","abdiv","77_A",0.0374748962710055
"54-55","adiv","81_A",0.305210330560087
"54-55","vegan","9_A",0.321252638986629
"54-55","adiv","93_A",0.0989538961573069
"54-55","ade4","94_A",0.221704476202651
"54-55","ecodive","95_A",0.242061547122187
"54-55","ecodive","99_A",8.17308233638283
"55-56","stats","10_A",23.6523237824853
"55-56","proxy","100_A",0.397190293742018
"55-56","vegan","11_A",0.67578067949958
"55-56","abdiv","12_A",8.78514883349454
"55-56","abdiv","13_A",0.00777154258036798
"55-56","pctax","14_A",0.0178946380951238
"55-56","vegan","15_A",0.235867446393762
"55-56","wiqid","18_A",0.133701657458564
"55-56","abdiv","19_A",0.189655172413793
"55-56","vegan","2_A",2.84634309916637
"55-56","vegan","20_A",0.953448966684889
"55-56","ecodive","21_A",0.454532466036241
"55-56","ecodive","22_A",0.909064932072482
"55-56","vegan","23_A",0.527661057540471
"55-56","analogue","24_A",0.366290417144511
"55-56","adespatial","25_A",0.529772848470285
"55-56","vegan","26_A",0.748250401246948
"55-56","ecodive","27_A",2.69785518858238
"55-56","vegan","28_A",0.139213095822364
"55-56","ecodive","29_A",14.5568452371217
"55-56","EnvNJ","3_A",0.492017879948914
"55-56","vegan","30_A",0.282018682714379
"55-56","NST","31_A",0.021693744824183
"55-56","abdiv","32_A",0.0476698579217977
"55-56","ecodive","33_A",0.0795345373999534
"55-56","vegan","34_A",0.371428571428571
"55-56","vegan","35_A",0.0611061990372335
"55-56","ecodist","36_A",11.4107856006364
"55-56","NST","37_A",0.223622453807507
"55-56","ecodive","4_A",0.20229393378924
"55-56","proxyC","40_A",13
"55-56","EnvNJ","41_A",0.371428571428571
"55-56","vegan","42_A",0.605219313261326
"55-56","vegan","43_A",0.568555758683729
"55-56","vegan","47_A",0.275067992409953
"55-56","vegan","5_A",4.83350249013596
"55-56","EnvNJ","53_A",3.08702712263047
"55-56","adiv","54_A",0.375809555607484
"55-56","adiv","55_A",0.141232822085894
"55-56","vegan","57_A",0.397190293742018
"55-56","EnvNJ","58_A",1.31718478899759
"55-56","EnvNJ","59_A",0.757763889418689
"55-56","tabula","6_A",2.58702178219718
"55-56","vegan","61_A",0.794380587484036
"55-56","NST","62_A",0.0611061990372335
"55-56","adespatial","64_A",0.0611061990372335
"55-56","ecodive","65_A",0.605219313261326
"55-56","ecodive","66_1_A",0.794380587484036
"55-56","ecodive","66_2_A",0.282018682714379
"55-56","ecodive","66_3_A",0.21920970703861
"55-56","vegan","67_A",1
"55-56","vegan","68_A",0.159465991238842
"55-56","pctax","69_A",0.698595146871009
"55-56","tabula","7_A",79.4380587484036
"55-56","vegan","75_A",0.00134681236231982
"55-56","abdiv","77_A",0.0476698579217977
"55-56","adiv","81_A",0.431456195351682
"55-56","vegan","9_A",0.397190293742018
"55-56","adiv","93_A",0.159465991238842
"55-56","ade4","94_A",0.282018682714379
"55-56","ecodive","95_A",0.282465644171789
"55-56","ecodive","99_A",9.86412303107705
"56-57","stats","10_A",29.5328282828283
"56-57","proxy","100_A",0.555555555555556
"56-57","vegan","11_A",0.843795093795094
"56-57","abdiv","12_A",10.1255411255411
"56-57","abdiv","13_A",0.0233743519041941
"56-57","pctax","14_A",0.0538214342529943
"56-57","vegan","15_A",0.368231046931408
"56-57","wiqid","18_A",0.225663716814159
"56-57","abdiv","19_A",0.25
"56-57","vegan","2_A",4.02198521508013
"56-57","vegan","20_A",1.28089524969556
"56-57","ecodive","21_A",0.82034632034632
"56-57","ecodive","22_A",1.64069264069264
"56-57","vegan","23_A",0.823784958297651
"56-57","analogue","24_A",0.682071019942821
"56-57","adespatial","25_A",0.819751866340511
"56-57","vegan","26_A",0.8864708859347
"56-57","ecodive","27_A",3.07082522773899
"56-57","vegan","28_A",0.339310828758731
"56-57","ecodive","29_A",18.8599351586365
"56-57","EnvNJ","3_A",0.680555555555556
"56-57","vegan","30_A",0.426177461957965
"56-57","NST","31_A",0.0355147884964971
"56-57","abdiv","32_A",0.0720371390486349
"56-57","ecodive","33_A",0.181627229080933
"56-57","vegan","34_A",0.342857142857143
"56-57","vegan","35_A",0.0925925925925926
"56-57","ecodist","36_A",14.343366150068
"56-57","NST","37_A",0.475687892759343
"56-57","ecodive","4_A",0.417085630561824
"56-57","proxyC","40_A",12
"56-57","EnvNJ","41_A",0.342857142857143
"56-57","vegan","42_A",0.82587591074133
"56-57","vegan","43_A",0.714285714285714
"56-57","vegan","47_A",0.516329514989033
"56-57","vegan","5_A",6.38594290757451
"56-57","EnvNJ","53_A",5.28522605379797
"56-57","adiv","54_A",0.512223693084299
"56-57","adiv","55_A",0.262373111756918
"56-57","vegan","57_A",0.555555555555556
"56-57","EnvNJ","58_A",2.49825746541787
"56-57","EnvNJ","59_A",1.03081523531291
"56-57","tabula","6_A",1.98234240979742
"56-57","vegan","61_A",1.11111111111111
"56-57","NST","62_A",0.0925925925925926
"56-57","adespatial","64_A",0.0925925925925926
"56-57","ecodive","65_A",0.82587591074133
"56-57","ecodive","66_1_A",1.11111111111111
"56-57","ecodive","66_2_A",0.426177461957965
"56-57","ecodive","66_3_A",0.332387579819662
"56-57","vegan","67_A",1
"56-57","vegan","68_A",0.348008213552361
"56-57","pctax","69_A",0.777777777777778
"56-57","tabula","7_A",111.111111111111
"56-57","vegan","75_A",0.0258200054215234
"56-57","abdiv","77_A",0.0720371390486349
"56-57","adiv","81_A",0.681025476171341
"56-57","vegan","9_A",0.555555555555555
"56-57","adiv","93_A",0.348008213552361
"56-57","ade4","94_A",0.426177461957965
"56-57","ecodive","95_A",0.524746223513836
"56-57","ecodive","99_A",10.6111111111111
"57-58","stats","10_A",30.8176894237212
"57-58","proxy","100_A",0.576446280991736
"57-58","vegan","11_A",0.880505412106319
"57-58","abdiv","12_A",11.4465703573821
"57-58","abdiv","13_A",0.0182056642916649
"57-58","pctax","14_A",0.0419200912060415
"57-58","vegan","15_A",0.469387755102041
"57-58","wiqid","18_A",0.306666666666667
"57-58","abdiv","19_A",0.241735537190083
"57-58","vegan","2_A",4.29135971078558
"57-58","vegan","20_A",1.35402726768069
"57-58","ecodive","21_A",0.916694920811416
"57-58","ecodive","22_A",1.83338984162283
"57-58","vegan","23_A",0.830008191344229
"57-58","analogue","24_A",0.816184509975425
"57-58","adespatial","25_A",0.832709144012598
"57-58","vegan","26_A",0.920355343884581
"57-58","ecodive","27_A",3.31838838402315
"57-58","vegan","28_A",0.34445679884926
"57-58","ecodive","29_A",22.0234029344395
"57-58","EnvNJ","3_A",0.697314049586777
"57-58","vegan","30_A",0.415589813528188
"57-58","NST","31_A",0.031968447194476
"57-58","abdiv","32_A",0.0702474998250358
"57-58","ecodive","33_A",0.172714893108394
"57-58","vegan","34_A",0.371428571428571
"57-58","vegan","35_A",0.0886840432294978
"57-58","ecodist","36_A",16.087308191322
"57-58","NST","37_A",0.425878053002622
"57-58","ecodive","4_A",0.524404492369735
"57-58","proxyC","40_A",13
"57-58","EnvNJ","41_A",0.371428571428571
"57-58","vegan","42_A",0.903429305466357
"57-58","vegan","43_A",0.73132372214941
"57-58","vegan","47_A",0.51730883565716
"57-58","vegan","5_A",7.55170683487396
"57-58","EnvNJ","53_A",7.44905062509074
"57-58","adiv","54_A",0.550087282633231
"57-58","adiv","55_A",0.302596018514812
"57-58","vegan","57_A",0.576446280991735
"57-58","EnvNJ","58_A",2.71989630468454
"57-58","EnvNJ","59_A",1.07575344533461
"57-58","tabula","6_A",1.16608377046907
"57-58","vegan","61_A",1.15289256198347
"57-58","NST","62_A",0.0886840432294978
"57-58","adespatial","64_A",0.0886840432294978
"57-58","ecodive","65_A",0.903429305466357
"57-58","ecodive","66_1_A",1.15289256198347
"57-58","ecodive","66_2_A",0.415589813528188
"57-58","ecodive","66_3_A",0.3169952291725
"57-58","vegan","67_A",1
"57-58","vegan","68_A",0.348898575844986
"57-58","pctax","69_A",0.788223140495868
"57-58","tabula","7_A",115.289256198347
"57-58","vegan","75_A",0.166101924640824
"57-58","abdiv","77_A",0.0702474998250358
"57-58","adiv","81_A",0.681876785398286
"57-58","vegan","9_A",0.576446280991735
"57-58","adiv","93_A",0.348898575844986
"57-58","ade4","94_A",0.415589813528188
"57-58","ecodive","95_A",0.605192037029624
"57-58","ecodive","99_A",11.775083369581
"58-59","stats","10_A",33.1753384803256
"58-59","proxy","100_A",0.80137741046832
"58-59","vegan","11_A",0.947866813723589
"58-59","abdiv","12_A",14.2180022058538
"58-59","abdiv","13_A",0.0523718853345711
"58-59","pctax","14_A",0.120590722463377
"58-59","vegan","15_A",0.496456086286595
"58-59","wiqid","18_A",0.330190612830498
"58-59","abdiv","19_A",0.448852157943067
"58-59","vegan","2_A",5.73762309411084
"58-59","vegan","20_A",1.64808299737479
"58-59","ecodive","21_A",1.35808878311794
"58-59","ecodive","22_A",2.71617756623588
"58-59","vegan","23_A",1.17631457154786
"58-59","analogue","24_A",1.10803777292784
"58-59","adespatial","25_A",1.15449180994633
"58-59","vegan","26_A",0.955624838532352
"58-59","ecodive","27_A",3.70111908485795
"58-59","vegan","28_A",0.691857985617907
"58-59","ecodive","29_A",27.3965649605995
"58-59","EnvNJ","3_A",1.02580348943985
"58-59","vegan","30_A",0.72147591003574
"58-59","NST","31_A",0.0480983940023827
"58-59","abdiv","32_A",0.121951687010167
"58-59","ecodive","33_A",0.520527488761899
"58-59","vegan","34_A",0.428571428571429
"58-59","vegan","35_A",0.106850321395776
"58-59","ecodist","36_A",22.0652508047045
"58-59","NST","37_A",0.79812137087571
"58-59","ecodive","4_A",0.807478674190366
"58-59","proxyC","40_A",15
"58-59","EnvNJ","41_A",0.428571428571429
"58-59","vegan","42_A",1.05263373161221
"58-59","vegan","43_A",0.889738492124178
"58-59","vegan","47_A",0.824930184792909
"58-59","vegan","5_A",9.30543709522117
"58-59","EnvNJ","53_A",8.77748802793052
"58-59","adiv","54_A",0.657021274184604
"58-59","adiv","55_A",0.431676954731161
"58-59","vegan","57_A",0.80137741046832
"58-59","EnvNJ","58_A",8.05636854687371
"58-59","EnvNJ","59_A",1.3955949358325
"58-59","tabula","6_A",0.557154633859436
"58-59","vegan","61_A",1.60275482093664
"58-59","NST","62_A",0.106850321395776
"58-59","adespatial","64_A",0.106850321395776
"58-59","ecodive","65_A",1.05263373161221
"58-59","ecodive","66_1_A",1.60275482093664
"58-59","ecodive","66_2_A",0.72147591003574
"58-59","ecodive","66_3_A",0.59278233585788
"58-59","vegan","67_A",1
"58-59","vegan","68_A",0.702026529927948
"58-59","pctax","69_A",0.90068870523416
"58-59","tabula","7_A",160.275482093664
"58-59","vegan","75_A",0.380717136687823
"58-59","abdiv","77_A",0.121951687010167
"58-59","adiv","81_A",0.904067664250423
"58-59","vegan","9_A",0.80137741046832
"58-59","adiv","93_A",0.702026529927948
"58-59","ade4","94_A",0.72147591003574
"58-59","ecodive","95_A",0.863353909462321
"58-59","ecodive","99_A",14.527961701008
"59-60","stats","10_A",25.5062004440952
"59-60","proxy","100_A",0.495625546806649
"59-60","vegan","11_A",0.728748584117005
"59-60","abdiv","12_A",9.47373159352107
"59-60","abdiv","13_A",0.0252016242615277
"59-60","pctax","14_A",0.0580288843438306
"59-60","vegan","15_A",0.42291120269764
"59-60","wiqid","18_A",0.268159410821405
"59-60","abdiv","19_A",0.322222222222222
"59-60","vegan","2_A",4.78121794167305
"59-60","vegan","20_A",1.24460222770525
"59-60","ecodive","21_A",0.774517352604431
"59-60","ecodive","22_A",1.54903470520886
"59-60","vegan","23_A",0.685784353989336
"59-60","analogue","24_A",0.676982523261105
"59-60","adespatial","25_A",0.734284289449491
"59-60","vegan","26_A",0.806882613585181
"59-60","ecodive","27_A",2.90925663656177
"59-60","vegan","28_A",0.235150090088285
"59-60","ecodive","29_A",16.9275483547574
"59-60","EnvNJ","3_A",0.65673665791776
"59-60","vegan","30_A",0.439492253767569
"59-60","NST","31_A",0.0338070964436591
"59-60","abdiv","32_A",0.0742877496383771
"59-60","ecodive","33_A",0.193153441121697
"59-60","vegan","34_A",0.371428571428571
"59-60","vegan","35_A",0.0762500841240999
"59-60","ecodist","36_A",13.3428965317608
"59-60","NST","37_A",0.43665771404164
"59-60","ecodive","4_A",0.41323208558324
"59-60","proxyC","40_A",13
"59-60","EnvNJ","41_A",0.371428571428571
"59-60","vegan","42_A",0.822789476877959
"59-60","vegan","43_A",0.662766890903773
"59-60","vegan","47_A",0.41982342219787
"59-60","vegan","5_A",5.67113061795855
"59-60","EnvNJ","53_A",6.35394923416214
"59-60","adiv","54_A",0.502391853954471
"59-60","adiv","55_A",0.25239757491981
"59-60","vegan","57_A",0.495625546806649
"59-60","EnvNJ","58_A",1.96417854941236
"59-60","EnvNJ","59_A",0.908024473788036
"59-60","tabula","6_A",2.40780938038499
"59-60","vegan","61_A",0.991251093613298
"59-60","NST","62_A",0.0762500841240999
"59-60","adespatial","64_A",0.0762500841240999
"59-60","ecodive","65_A",0.822789476877959
"59-60","ecodive","66_1_A",0.991251093613298
"59-60","ecodive","66_2_A",0.439492253767569
"59-60","ecodive","66_3_A",0.36389671522592
"59-60","vegan","67_A",1
"59-60","vegan","68_A",0.265681334665651
"59-60","pctax","69_A",0.747812773403325
"59-60","tabula","7_A",99.1251093613298
"59-60","vegan","75_A",0.00327815219524963
"59-60","abdiv","77_A",0.0742877496383771
"59-60","adiv","81_A",0.591374132352301
"59-60","vegan","9_A",0.495625546806649
"59-60","adiv","93_A",0.265681334665651
"59-60","ade4","94_A",0.439492253767569
"59-60","ecodive","95_A",0.50479514983962
"59-60","ecodive","99_A",10.2001340110264
"60-61","stats","10_A",23.3909242167081
"60-61","proxy","100_A",0.437757780277465
"60-61","vegan","11_A",0.668312120477375
"60-61","abdiv","12_A",8.68805756620587
"60-61","abdiv","13_A",0.0196648050070121
"60-61","pctax","14_A",0.0452798868657809
"60-61","vegan","15_A",0.146576117713639
"60-61","wiqid","18_A",0.0790839694656489
"60-61","abdiv","19_A",0.290213723284589
"60-61","vegan","2_A",4.78100815510467
"60-61","vegan","20_A",1.08261948343555
"60-61","ecodive","21_A",0.586032472957126
"60-61","ecodive","22_A",1.17206494591425
"60-61","vegan","23_A",0.773372416565861
"60-61","analogue","24_A",0.419208062945301
"60-61","adespatial","25_A",0.747442027947589
"60-61","vegan","26_A",0.754982951129644
"60-61","ecodive","27_A",2.72212974239906
"60-61","vegan","28_A",0.29905244735246
"60-61","ecodive","29_A",14.8199806689071
"60-61","EnvNJ","3_A",0.58286464191976
"60-61","vegan","30_A",0.36666150762191
"60-61","NST","31_A",0.0282047313555315
"60-61","abdiv","32_A",0.0619771066423659
"60-61","ecodive","33_A",0.134440661171572
"60-61","vegan","34_A",0.371428571428571
"60-61","vegan","35_A",0.0673473508119177
"60-61","ecodist","36_A",12.6538881271077
"60-61","NST","37_A",0.632585034614923
"60-61","ecodive","4_A",0.235221233108868
"60-61","proxyC","40_A",13
"60-61","EnvNJ","41_A",0.371428571428571
"60-61","vegan","42_A",0.647462788849908
"60-61","vegan","43_A",0.608945103664102
"60-61","vegan","47_A",0.487460624487535
"60-61","vegan","5_A",4.85288292791436
"60-61","EnvNJ","53_A",2.66897309157881
"60-61","adiv","54_A",0.418898121443317
"60-61","adiv","55_A",0.17547563614874
"60-61","vegan","57_A",0.437757780277465
"60-61","EnvNJ","58_A",1.55643829566367
"60-61","EnvNJ","59_A",0.81659936801682
"60-61","tabula","6_A",2.92970575907249
"60-61","vegan","61_A",0.875515560554931
"60-61","NST","62_A",0.0673473508119177
"60-61","adespatial","64_A",0.0673473508119177
"60-61","ecodive","65_A",0.647462788849908
"60-61","ecodive","66_1_A",0.875515560554931
"60-61","ecodive","66_2_A",0.36666150762191
"60-61","ecodive","66_3_A",0.309471864379058
"60-61","vegan","67_A",1
"60-61","vegan","68_A",0.322279626156759
"60-61","pctax","69_A",0.718878890138733
"60-61","tabula","7_A",87.5515560554931
"60-61","vegan","75_A",0.000164359403383108
"60-61","abdiv","77_A",0.0619771066423659
"60-61","adiv","81_A",0.65542659276171
"60-61","vegan","9_A",0.437757780277465
"60-61","adiv","93_A",0.322279626156759
"60-61","ade4","94_A",0.36666150762191
"60-61","ecodive","95_A",0.35095127229748
"60-61","ecodive","99_A",9.56636486456509
"61-62","stats","10_A",22.5625530786923
"61-62","proxy","100_A",0.417582417582418
"61-62","vegan","11_A",0.644644373676923
"61-62","abdiv","12_A",6.44644373676923
"61-62","abdiv","13_A",0.0134534678140636
"61-62","pctax","14_A",0.030977754437738
"61-62","vegan","15_A",0.389830508474576
"61-62","wiqid","18_A",0.242105263157895
"61-62","abdiv","19_A",0.17032967032967
"61-62","vegan","2_A",1.86916654004124
"61-62","vegan","20_A",1.04691625372653
"61-62","ecodive","21_A",0.548016821158399
"61-62","ecodive","22_A",1.0960336423168
"61-62","vegan","23_A",0.644168661725633
"61-62","analogue","24_A",0.49292010399828
"61-62","adespatial","25_A",0.645776860319252
"61-62","vegan","26_A",0.741389465680773
"61-62","ecodive","27_A",2.34447934480648
"61-62","vegan","28_A",0.207476632374696
"61-62","ecodive","29_A",10.9931667964484
"61-62","EnvNJ","3_A",0.502747252747253
"61-62","vegan","30_A",0.300399801580313
"61-62","NST","31_A",0.0300399801580313
"61-62","abdiv","32_A",0.0507768340850407
"61-62","ecodive","33_A",0.0902400407894913
"61-62","vegan","34_A",0.285714285714286
"61-62","vegan","35_A",0.0835164835164835
"61-62","ecodist","36_A",6.97649583607638
"61-62","NST","37_A",0.167367725004596
"61-62","ecodive","4_A",0.282973245730525
"61-62","proxyC","40_A",10
"61-62","EnvNJ","41_A",0.285714285714286
"61-62","vegan","42_A",0.702082690285325
"61-62","vegan","43_A",0.589147286821705
"61-62","vegan","47_A",0.369705631751093
"61-62","vegan","5_A",3.72246189424122
"61-62","EnvNJ","53_A",4.42668409598237
"61-62","adiv","54_A",0.423716476527824
"61-62","adiv","55_A",0.179535652481154
"61-62","vegan","57_A",0.417582417582418
"61-62","EnvNJ","58_A",1.43322401857157
"61-62","EnvNJ","59_A",0.793503980381772
"61-62","tabula","6_A",2.84671549347668
"61-62","vegan","61_A",0.835164835164835
"61-62","NST","62_A",0.0835164835164835
"61-62","adespatial","64_A",0.0835164835164835
"61-62","ecodive","65_A",0.702082690285325
"61-62","ecodive","66_1_A",0.835164835164835
"61-62","ecodive","66_2_A",0.300399801580313
"61-62","ecodive","66_3_A",0.225407206969322
"61-62","vegan","67_A",1
"61-62","vegan","68_A",0.22677231728905
"61-62","pctax","69_A",0.708791208791209
"61-62","tabula","7_A",83.5164835164835
"61-62","vegan","75_A",0.00207003622563395
"61-62","abdiv","77_A",0.0507768340850407
"61-62","adiv","81_A",0.539832243046916
"61-62","vegan","9_A",0.417582417582418
"61-62","adiv","93_A",0.22677231728905
"61-62","ade4","94_A",0.300399801580313
"61-62","ecodive","95_A",0.359071304962308
"61-62","ecodive","99_A",7.17728937728938
"62-63","stats","10_A",27.7897078338559
"62-63","proxy","100_A",0.562611806797853
"62-63","vegan","11_A",0.793991652395882
"62-63","abdiv","12_A",12.7038664383341
"62-63","abdiv","13_A",0.0224577738147227
"62-63","pctax","14_A",0.0517109352076124
"62-63","vegan","15_A",0.488372093023256
"62-63","wiqid","18_A",0.323076923076923
"62-63","abdiv","19_A",0.349731663685152
"62-63","vegan","2_A",3.78852739508049
"62-63","vegan","20_A",1.3453832160167
"62-63","ecodive","21_A",0.905027998969724
"62-63","ecodive","22_A",1.81005599793945
"62-63","vegan","23_A",0.989650726450791
"62-63","analogue","24_A",0.742747031246374
"62-63","adespatial","25_A",0.970119725663602
"62-63","vegan","26_A",0.850708016344008
"62-63","ecodive","27_A",3.40283206537603
"62-63","vegan","28_A",0.489704280182289
"62-63","ecodive","29_A",23.1585321303026
"62-63","EnvNJ","3_A",0.737477638640429
"62-63","vegan","30_A",0.43545691986915
"62-63","NST","31_A",0.0272160574918218
"62-63","abdiv","32_A",0.0736056537156773
"62-63","ecodive","33_A",0.189622729061927
"62-63","vegan","34_A",0.457142857142857
"62-63","vegan","35_A",0.0703264758497317
"62-63","ecodist","36_A",17.7039066758906
"62-63","NST","37_A",0.397791905865224
"62-63","ecodive","4_A",0.464218023185478
"62-63","proxyC","40_A",16
"62-63","EnvNJ","41_A",0.457142857142857
"62-63","vegan","42_A",0.861827727127861
"62-63","vegan","43_A",0.720091585575272
"62-63","vegan","47_A",0.6816701946528
"62-63","vegan","5_A",7.80068049510094
"62-63","EnvNJ","53_A",6.73413893599531
"62-63","adiv","54_A",0.535850247120996
"62-63","adiv","55_A",0.287135487339632
"62-63","vegan","57_A",0.562611806797853
"62-63","EnvNJ","58_A",2.57089256689562
"62-63","EnvNJ","59_A",1.04404987180234
"62-63","tabula","6_A",2.04859583788441
"62-63","vegan","61_A",1.12522361359571
"62-63","NST","62_A",0.0703264758497317
"62-63","adespatial","64_A",0.0703264758497317
"62-63","ecodive","65_A",0.861827727127861
"62-63","ecodive","66_1_A",1.12522361359571
"62-63","ecodive","66_2_A",0.43545691986915
"62-63","ecodive","66_3_A",0.369291117663923
"62-63","vegan","67_A",1
"62-63","vegan","68_A",0.517071063619982
"62-63","pctax","69_A",0.781305903398927
"62-63","tabula","7_A",112.522361359571
"62-63","vegan","75_A",0.00493358633776086
"62-63","abdiv","77_A",0.0736056537156773
"62-63","adiv","81_A",0.81070616202904
"62-63","vegan","9_A",0.562611806797853
"62-63","adiv","93_A",0.517071063619982
"62-63","ade4","94_A",0.43545691986915
"62-63","ecodive","95_A",0.574270974679264
"62-63","ecodive","99_A",13.4605041053163
"63-64","stats","10_A",17.7183268265255
"63-64","proxy","100_A",0.433668076109937
"63-64","vegan","11_A",0.506237909329299
"63-64","abdiv","12_A",8.09980654926878
"63-64","abdiv","13_A",0.0165805091310862
"63-64","pctax","14_A",0.0381780331594907
"63-64","vegan","15_A",0.0697674418604652
"63-64","wiqid","18_A",0.036144578313253
"63-64","abdiv","19_A",0.18683932346723
"63-64","vegan","2_A",3.78600626951013
"63-64","vegan","20_A",0.994431630503122
"63-64","ecodive","21_A",0.494447133872549
"63-64","ecodive","22_A",0.988894267745098
"63-64","vegan","23_A",0.834672843751815
"63-64","analogue","24_A",0.309177530006235
"63-64","adespatial","25_A",0.81270190775382
"63-64","vegan","26_A",0.585288548044128
"63-64","ecodive","27_A",2.34115419217651
"63-64","vegan","28_A",0.348339378048371
"63-64","ecodive","29_A",10.9620059030913
"63-64","EnvNJ","3_A",0.527087737843552
"63-64","vegan","30_A",0.306300699171223
"63-64","NST","31_A",0.0191437936982015
"63-64","abdiv","32_A",0.0517742678261757
"63-64","ecodive","33_A",0.0938201183127802
"63-64","vegan","34_A",0.457142857142857
"63-64","vegan","35_A",0.0542085095137421
"63-64","ecodist","36_A",9.86768426773444
"63-64","NST","37_A",0.469816771634505
"63-64","ecodive","4_A",0.167932101374372
"63-64","proxyC","40_A",16
"63-64","EnvNJ","41_A",0.457142857142857
"63-64","vegan","42_A",0.55603734587367
"63-64","vegan","43_A",0.604976958525346
"63-64","vegan","47_A",0.518637513773035
"63-64","vegan","5_A",3.40490029817513
"63-64","EnvNJ","53_A",1.54451652467783
"63-64","adiv","54_A",0.372590202731409
"63-64","adiv","55_A",0.138823459171433
"63-64","vegan","57_A",0.433668076109937
"63-64","EnvNJ","58_A",1.53090319818272
"63-64","EnvNJ","59_A",0.824388296022772
"63-64","tabula","6_A",3.17715813660186
"63-64","vegan","61_A",0.867336152219873
"63-64","NST","62_A",0.0542085095137421
"63-64","adespatial","64_A",0.0542085095137421
"63-64","ecodive","65_A",0.55603734587367
"63-64","ecodive","66_1_A",0.867336152219873
"63-64","ecodive","66_2_A",0.306300699171223
"63-64","ecodive","66_3_A",0.236689766060902
"63-64","vegan","67_A",1
"63-64","vegan","68_A",0.350108443136026
"63-64","pctax","69_A",0.716834038054968
"63-64","tabula","7_A",86.7336152219873
"63-64","vegan","75_A",3.79316982934697e-07
"63-64","abdiv","77_A",0.0517742678261757
"63-64","adiv","81_A",0.683030030628556
"63-64","vegan","9_A",0.433668076109937
"63-64","adiv","93_A",0.350108443136026
"63-64","ade4","94_A",0.306300699171223
"63-64","ecodive","95_A",0.277646918342865
"63-64","ecodive","99_A",9.97520941930367
"64-65","stats","10_A",13.4652755903917
"64-65","proxy","100_A",0.357954545454545
"64-65","vegan","11_A",0.384722159725477
"64-65","abdiv","12_A",5.38611023615668
"64-65","abdiv","13_A",0.0202811873320402
"64-65","pctax","14_A",0.0466991596189755
"64-65","vegan","15_A",0.0200913242009133
"64-65","wiqid","18_A",0.0101476014760147
"64-65","abdiv","19_A",0.159902597402597
"64-65","vegan","2_A",3.51370258834837
"64-65","vegan","20_A",0.81931454293242
"64-65","ecodive","21_A",0.33563816013028
"64-65","ecodive","22_A",0.67127632026056
"64-65","vegan","23_A",0.73562295364691
"64-65","analogue","24_A",0.193441776350181
"64-65","adespatial","25_A",0.708860791835418
"64-65","vegan","26_A",0.4961257036942
"64-65","ecodive","27_A",1.85633240399582
"64-65","vegan","28_A",0.270570564966102
"64-65","ecodive","29_A",6.89193998824982
"64-65","EnvNJ","3_A",0.437905844155844
"64-65","vegan","30_A",0.277915250553353
"64-65","NST","31_A",0.0198510893252395
"64-65","abdiv","32_A",0.0469762512918217
"64-65","ecodive","33_A",0.0772368864901332
"64-65","vegan","34_A",0.4
"64-65","vegan","35_A",0.0511363636363636
"64-65","ecodist","36_A",7.21712583267166
"64-65","NST","37_A",0.416071068319175
"64-65","ecodive","4_A",0.101723679388064
"64-65","proxyC","40_A",14
"64-65","EnvNJ","41_A",0.4
"64-65","vegan","42_A",0.439820163646667
"64-65","vegan","43_A",0.527196652719665
"64-65","vegan","47_A",0.425932654158613
"64-65","vegan","5_A",2.15242240835802
"64-65","EnvNJ","53_A",0.900652236598962
"64-65","adiv","54_A",0.301271262723076
"64-65","adiv","55_A",0.0907643737427569
"64-65","vegan","57_A",0.357954545454545
"64-65","EnvNJ","58_A",1.11464494842909
"64-65","EnvNJ","59_A",0.680258631625981
"64-65","tabula","6_A",3.51505748836268
"64-65","vegan","61_A",0.715909090909091
"64-65","NST","62_A",0.0511363636363636
"64-65","adespatial","64_A",0.0511363636363636
"64-65","ecodive","65_A",0.439820163646667
"64-65","ecodive","66_1_A",0.715909090909091
"64-65","ecodive","66_2_A",0.277915250553353
"64-65","ecodive","66_3_A",0.214051277619886
"64-65","vegan","67_A",1
"64-65","vegan","68_A",0.270593666328132
"64-65","pctax","69_A",0.678977272727273
"64-65","tabula","7_A",71.5909090909091
"64-65","vegan","75_A",1.94399953690194e-07
"64-65","abdiv","77_A",0.0469762512918217
"64-65","adiv","81_A",0.597409215528399
"64-65","vegan","9_A",0.357954545454545
"64-65","adiv","93_A",0.270593666328132
"64-65","ade4","94_A",0.277915250553354
"64-65","ecodive","95_A",0.181528747485514
"64-65","ecodive","99_A",6.83764963297572
"65-66","stats","10_A",18.6402759227908
"65-66","proxy","100_A",0.456588669950739
"65-66","vegan","11_A",0.532579312079738
"65-66","abdiv","12_A",7.98868968119606
"65-66","abdiv","13_A",0.0254718595616991
"65-66","pctax","14_A",0.0586511241176061
"65-66","vegan","15_A",0.0258660508083139
"65-66","wiqid","18_A",0.013102480112307
"65-66","abdiv","19_A",0.179495073891626
"65-66","vegan","2_A",4.7933479400322
"65-66","vegan","20_A",1.02799087905821
"65-66","ecodive","21_A",0.528382623713435
"65-66","ecodive","22_A",1.05676524742687
"65-66","vegan","23_A",0.914516347785429
"65-66","analogue","24_A",0.310309439231151
"65-66","adespatial","25_A",0.884957024948242
"65-66","vegan","26_A",0.615455960020586
"65-66","ecodive","27_A",2.38365068348383
"65-66","vegan","28_A",0.4181700751834
"65-66","ecodive","29_A",11.3635811617458
"65-66","EnvNJ","3_A",0.546336206896552
"65-66","vegan","30_A",0.338023341527057
"65-66","NST","31_A",0.0225348894351372
"65-66","abdiv","32_A",0.0571363730578286
"65-66","ecodive","33_A",0.114259779417118
"65-66","vegan","34_A",0.428571428571429
"65-66","vegan","35_A",0.0608784893267652
"65-66","ecodist","36_A",11.1350824039393
"65-66","NST","37_A",0.487983695514957
"65-66","ecodive","4_A",0.168601768526615
"65-66","proxyC","40_A",15
"65-66","EnvNJ","41_A",0.428571428571429
"65-66","vegan","42_A",0.55705425160495
"65-66","vegan","43_A",0.626928767702389
"65-66","vegan","47_A",0.590135105230897
"65-66","vegan","5_A",3.52050206654072
"65-66","EnvNJ","53_A",1.45322631256324
"65-66","adiv","54_A",0.380666057608825
"65-66","adiv","55_A",0.144906647415445
"65-66","vegan","57_A",0.456588669950739
"65-66","EnvNJ","58_A",1.67974230329164
"65-66","EnvNJ","59_A",0.861010834797357
"65-66","tabula","6_A",3.23171557298236
"65-66","vegan","61_A",0.913177339901478
"65-66","NST","62_A",0.0608784893267652
"65-66","adespatial","64_A",0.0608784893267652
"65-66","ecodive","65_A",0.55705425160495
"65-66","ecodive","66_1_A",0.913177339901478
"65-66","ecodive","66_2_A",0.338023341527057
"65-66","ecodive","66_3_A",0.254962262535529
"65-66","vegan","67_A",1
"65-66","vegan","68_A",0.418575643255196
"65-66","pctax","69_A",0.72829433497537
"65-66","tabula","7_A",91.3177339901478
"65-66","vegan","75_A",1.30390212871312e-06
"65-66","abdiv","77_A",0.0571363730578286
"65-66","adiv","81_A",0.742245238520416
"65-66","vegan","9_A",0.456588669950739
"65-66","adiv","93_A",0.418575643255196
"65-66","ade4","94_A",0.338023341527056
"65-66","ecodive","95_A",0.28981329483089
"65-66","ecodive","99_A",9.55886670610273
"66-67","stats","10_A",30.9433254895967
"66-67","proxy","100_A",0.891253476974701
"66-67","vegan","11_A",0.884095013988478
"66-67","abdiv","12_A",12.3773301958387
"66-67","abdiv","13_A",0.0568074558919662
"66-67","pctax","14_A",0.130804001107758
"66-67","vegan","15_A",0.456896551724138
"66-67","wiqid","18_A",0.29608938547486
"66-67","abdiv","19_A",0.891253476974701
"66-67","vegan","2_A",6.60137667496895
"66-67","vegan","20_A",1.81363721256109
"66-67","ecodive","21_A",1.64463996939318
"66-67","ecodive","22_A",3.28927993878637
"66-67","vegan","23_A",1.32975490404081
"66-67","analogue","24_A",1.31029598562243
"66-67","adespatial","25_A",1.31876726518949
"66-67","vegan","26_A",0.908858292670125
"66-67","ecodive","27_A",3.40063634429993
"66-67","vegan","28_A",0.884124052410294
"66-67","ecodive","29_A",23.1286550923471
"66-67","EnvNJ","3_A",1.33688021546205
"66-67","vegan","30_A",0.955312343788174
"66-67","NST","31_A",0.0682365959848696
"66-67","abdiv","32_A",0.161477258389449
"66-67","ecodive","33_A",0.912621674194054
"66-67","vegan","34_A",0.4
"66-67","vegan","35_A",0.1273219252821
"66-67","ecodist","36_A",18.1788202871227
"66-67","NST","37_A",0.898490897368423
"66-67","ecodive","4_A",1.06463991865263
"66-67","proxyC","40_A",14
"66-67","EnvNJ","41_A",0.4
"66-67","vegan","42_A",1.14468160884258
"66-67","vegan","43_A",0.942500291817439
"66-67","vegan","47_A",0.959086788915191
"66-67","vegan","5_A",7.70557974737701
"66-67","EnvNJ","53_A",8.33177508073303
"66-67","adiv","54_A",0.7255270812957
"66-67","adiv","55_A",0.526389545693457
"66-67","vegan","57_A",0.891253476974701
"66-67","EnvNJ","58_A",16.347797091217
"66-67","EnvNJ","59_A",1.47514830425527
"66-67","tabula","6_A",2.40780938038499
"66-67","vegan","61_A",1.7825069539494
"66-67","NST","62_A",0.1273219252821
"66-67","adespatial","64_A",0.1273219252821
"66-67","ecodive","65_A",1.14468160884258
"66-67","ecodive","66_1_A",1.7825069539494
"66-67","ecodive","66_2_A",0.955312343788174
"66-67","ecodive","66_3_A",0.89946300071574
"66-67","vegan","67_A",1
"66-67","vegan","68_A",0.921389774576557
"66-67","pctax","69_A",0.945626738487351
"66-67","tabula","7_A",178.25069539494
"66-67","vegan","75_A",0.00185009487666032
"66-67","abdiv","77_A",0.161477258389449
"66-67","adiv","81_A",0.979116182439542
"66-67","vegan","9_A",0.891253476974701
"66-67","adiv","93_A",0.921389774576557
"66-67","ade4","94_A",0.955312343788174
"66-67","ecodive","95_A",1.05277909138691
"66-67","ecodive","99_A",12.8947673301174
"67-68","stats","10_A",29.7101149265632
"67-68","proxy","100_A",0.651532454349356
"67-68","vegan","11_A",0.848860426473233
"67-68","abdiv","12_A",11.8840459706253
"67-68","abdiv","13_A",0.0218660789420641
"67-68","pctax","14_A",0.0503485074142279
"67-68","vegan","15_A",0.304281345565749
"67-68","wiqid","18_A",0.179440937781785
"67-68","abdiv","19_A",0.637447947307102
"67-68","vegan","2_A",4.65468566456404
"67-68","vegan","20_A",1.36854286098938
"67-68","ecodive","21_A",0.936454781182499
"67-68","ecodive","22_A",1.872909562365
"67-68","vegan","23_A",0.732275817498062
"67-68","analogue","24_A",0.699471837400538
"67-68","adespatial","25_A",0.749418648337701
"67-68","vegan","26_A",0.89470504394464
"67-68","ecodive","27_A",3.34767973665937
"67-68","vegan","28_A",0.268113936446228
"67-68","ecodive","29_A",22.4139192384794
"67-68","EnvNJ","3_A",0.970256428002907
"67-68","vegan","30_A",0.688373948197321
"67-68","NST","31_A",0.0491695677283801
"67-68","abdiv","32_A",0.116356434232647
"67-68","ecodive","33_A",0.473858692556769
"67-68","vegan","34_A",0.4
"67-68","vegan","35_A",0.0930760649070508
"67-68","ecodist","36_A",17.708158730243
"67-68","NST","37_A",0.926184260556066
"67-68","ecodive","4_A",0.430376719678726
"67-68","proxyC","40_A",14
"67-68","EnvNJ","41_A",0.4
"67-68","vegan","42_A",0.836344329448426
"67-68","vegan","43_A",0.789003513232243
"67-68","vegan","47_A",0.633223438624623
"67-68","vegan","5_A",7.55202545262856
"67-68","EnvNJ","53_A",5.29310553786526
"67-68","adiv","54_A",0.533810698116492
"67-68","adiv","55_A",0.284953861423617
"67-68","vegan","57_A",0.651532454349356
"67-68","EnvNJ","58_A",3.73619886640477
"67-68","EnvNJ","59_A",1.12788183701044
"67-68","tabula","6_A",1.91856601026242
"67-68","vegan","61_A",1.30306490869871
"67-68","NST","62_A",0.0930760649070508
"67-68","adespatial","64_A",0.0930760649070508
"67-68","ecodive","65_A",0.836344329448426
"67-68","ecodive","66_1_A",1.30306490869871
"67-68","ecodive","66_2_A",0.688373948197321
"67-68","ecodive","66_3_A",0.645336645665982
"67-68","vegan","67_A",1
"67-68","vegan","68_A",0.463296969321317
"67-68","pctax","69_A",0.825766227174678
"67-68","tabula","7_A",130.306490869871
"67-68","vegan","75_A",0.0185009487666035
"67-68","abdiv","77_A",0.116356434232647
"67-68","adiv","81_A",0.775427811834339
"67-68","vegan","9_A",0.651532454349356
"67-68","adiv","93_A",0.463296969321317
"67-68","ade4","94_A",0.688373948197322
"67-68","ecodive","95_A",0.569907722847233
"67-68","ecodive","99_A",12.3036847839936
"68-69","stats","10_A",24.2464775396513
"68-69","proxy","100_A",0.625881316098707
"68-69","vegan","11_A",0.692756501132894
"68-69","abdiv","12_A",13.162373521525
"68-69","abdiv","13_A",0.0291421557730612
"68-69","pctax","14_A",0.0671022934607612
"68-69","vegan","15_A",0.151891252955083
"68-69","wiqid","18_A",0.0821874000639592
"68-69","abdiv","19_A",0.33367606737172
"68-69","vegan","2_A",5.35582890275184
"68-69","vegan","20_A",1.36568403857919
"68-69","ecodive","21_A",0.932546446614988
"68-69","ecodive","22_A",1.86509289322998
"68-69","vegan","23_A",1.13304694889438
"68-69","analogue","24_A",0.628505424080097
"68-69","adespatial","25_A",1.10039744951045
"68-69","vegan","26_A",0.773651255573989
"68-69","ecodive","27_A",3.37226764059038
"68-69","vegan","28_A",0.641897694199432
"68-69","ecodive","29_A",22.744378079546
"68-69","EnvNJ","3_A",0.792719349784567
"68-69","vegan","30_A",0.482711055961604
"68-69","NST","31_A",0.0254058450506107
"68-69","abdiv","32_A",0.0815930605500889
"68-69","ecodive","33_A",0.233009963547566
"68-69","vegan","34_A",0.542857142857143
"68-69","vegan","35_A",0.0658822437998639
"68-69","ecodist","36_A",19.5024778972338
"68-69","NST","37_A",0.806828982587213
"68-69","ecodive","4_A",0.377246104024667
"68-69","proxyC","40_A",19
"68-69","EnvNJ","41_A",0.542857142857143
"68-69","vegan","42_A",0.792783339936011
"68-69","vegan","43_A",0.769897913090613
"68-69","vegan","47_A",0.783116508646921
"68-69","vegan","5_A",7.45269980359915
"68-69","EnvNJ","53_A",3.69749917843943
"68-69","adiv","54_A",0.522808560964071
"68-69","adiv","55_A",0.273328791417322
"68-69","vegan","57_A",0.625881316098707
"68-69","EnvNJ","58_A",3.34375209131643
"68-69","EnvNJ","59_A",1.15148779777837
"68-69","tabula","6_A",2.05975173321986
"68-69","vegan","61_A",1.25176263219741
"68-69","NST","62_A",0.0658822437998639
"68-69","adespatial","64_A",0.0658822437998639
"68-69","ecodive","65_A",0.792783339936011
"68-69","ecodive","66_1_A",1.25176263219741
"68-69","ecodive","66_2_A",0.482711055961604
"68-69","ecodive","66_3_A",0.3887709931543
"68-69","vegan","67_A",1
"68-69","vegan","68_A",0.643542717286892
"68-69","pctax","69_A",0.812940658049353
"68-69","tabula","7_A",125.176263219741
"68-69","vegan","75_A",0.00135964275926548
"68-69","abdiv","77_A",0.0815930605500889
"68-69","adiv","81_A",0.878368300500085
"68-69","vegan","9_A",0.625881316098707
"68-69","adiv","93_A",0.643542717286892
"68-69","ade4","94_A",0.482711055961604
"68-69","ecodive","95_A",0.546657582834645
"68-69","ecodive","99_A",14.3867120961021
"69-70","stats","10_A",21.0846166819094
"69-70","proxy","100_A",0.520750988142292
"69-70","vegan","11_A",0.602417619483126
"69-70","abdiv","12_A",11.4459347701794
"69-70","abdiv","13_A",0.0177500825480899
"69-70","pctax","14_A",0.0408710754746455
"69-70","vegan","15_A",0.143515173410405
"69-70","wiqid","18_A",0.0773047920214058
"69-70","abdiv","19_A",0.289301113905857
"69-70","vegan","2_A",4.35548541452355
"69-70","vegan","20_A",1.12657141956341
"69-70","ecodive","21_A",0.63458158168856
"69-70","ecodive","22_A",1.26916316337712
"69-70","vegan","23_A",0.931058229628562
"69-70","analogue","24_A",0.420092071560161
"69-70","adespatial","25_A",0.899374072948375
"69-70","vegan","26_A",0.677820449616077
"69-70","ecodive","27_A",2.95455084174178
"69-70","vegan","28_A",0.433434713479536
"69-70","ecodive","29_A",17.4587413528742
"69-70","EnvNJ","3_A",0.665401545095221
"69-70","vegan","30_A",0.374805253476647
"69-70","NST","31_A",0.0197265922882446
"69-70","abdiv","32_A",0.0633536509340776
"69-70","ecodive","33_A",0.140478978033693
"69-70","vegan","34_A",0.542857142857143
"69-70","vegan","35_A",0.0548158934886624
"69-70","ecodist","36_A",15.4401441194395
"69-70","NST","37_A",0.544012467339959
"69-70","ecodive","4_A",0.235780608358358
"69-70","proxyC","40_A",19
"69-70","EnvNJ","41_A",0.542857142857143
"69-70","vegan","42_A",0.648145100699034
"69-70","vegan","43_A",0.684860298895387
"69-70","vegan","47_A",0.628968526020567
"69-70","vegan","5_A",5.61496862997172
"69-70","EnvNJ","53_A",2.64396243629028
"69-70","adiv","54_A",0.426268858965866
"69-70","adiv","55_A",0.181705140124061
"69-70","vegan","57_A",0.520750988142292
"69-70","EnvNJ","58_A",2.17219872510483
"69-70","EnvNJ","59_A",0.979564084089457
"69-70","tabula","6_A",2.37907460100472
"69-70","vegan","61_A",1.04150197628458
"69-70","NST","62_A",0.0548158934886624
"69-70","adespatial","64_A",0.0548158934886624
"69-70","ecodive","65_A",0.648145100699034
"69-70","ecodive","66_1_A",1.04150197628458
"69-70","ecodive","66_2_A",0.374805253476647
"69-70","ecodive","66_3_A",0.309202229984965
"69-70","vegan","67_A",1
"69-70","vegan","68_A",0.458755716376794
"69-70","pctax","69_A",0.760375494071146
"69-70","tabula","7_A",104.150197628458
"69-70","vegan","75_A",0.000115924442470883
"69-70","abdiv","77_A",0.0633536509340776
"69-70","adiv","81_A",0.772229194086499
"69-70","vegan","9_A",0.520750988142292
"69-70","adiv","93_A",0.458755716376794
"69-70","ade4","94_A",0.374805253476647
"69-70","ecodive","95_A",0.363410280248122
"69-70","ecodive","99_A",13.350834914009
