"Sample","index","value"
"1-2","1_P",0.634146341463415
"1-2","101_P",0.178571428571429
"1-2","102_P",0.302325581395349
"1-2","103_P",0.217391304347826
"1-2","104_P",6.5
"1-2","105_P",0.464285714285714
"1-2","106_P",0.230130668325587
"1-2","107_P",0.464285714285714
"1-2","108_P",0.13953488372093
"1-2","109_P",0.302325581395349
"1-2","110_P",6.5
"1-2","111_P",0.207120398152897
"1-2","112_P",19.9642857142857
"1-2","113_P",0.302325581395349
"1-2","114_P",0.113636363636364
"1-2","115_P",0.25
"1-2","116_P",0.25
"1-2","117_P",0.302325581395349
"1-2","118_P",0.302325581395349
"1-2","119_P",13
"1-2","120_P",0.381090167355506
"1-2","121_P",0.108465608465608
"1-2","38_P",0.755928946018454
"1-2","39_P",0.742857142857143
"1-2","40_P",13
"1-2","43_P",0.464285714285714
"1-2","44_P",0.681385143869247
"1-2","45_P",0.4
"1-2","46_P",0.0642857142857143
"1-2","48_P",0.357142857142857
"1-2","49_P",0.107142857142857
"1-2","5_P",9.01091334727929
"1-2","50_P",0.642857142857143
"1-2","51_P",0.285714285714286
"1-2","52_P",0.178571428571429
"1-2","56_P",0.298913043478261
"1-2","57_P",-0.153846153846154
"1-2","63_P",5.42857142857143
"1-2","70_P",0.594152848056894
"1-2","71_P",0.548289516423362
"1-2","72_P",0.300621393819765
"1-2","73_P",0.879834862216486
"1-2","74_P",0.375277140487248
"1-2","76_P",0.541666666666667
"1-2","78_P",0.571428571428571
"1-2","79_P",0.628571428571429
"1-2","8_P",0.347826086956522
"1-2","80_P",0.634146341463415
"1-2","82_P",0.477566932940919
"1-2","83_P",0.796333059381195
"1-2","84_P",0.796931474720455
"1-2","85_P",0.302325581395349
"1-2","86_P",0.549841414769158
"1-2","87_P",0.25
"1-2","88_P",0.0523255813953488
"1-2","89_P",0.186046511627907
"1-2","90_P",0.116279069767442
"1-2","91_P",0.232558139534884
"1-2","92_P",0.0697674418604651
"1-2","96_P",0.551724137931034
"1-2","97_P",0.763304830279342
"1-2","98_P",0.742781352708207
"2-3","1_P",0.4
"2-3","101_P",0.0416666666666667
"2-3","102_P",0.142857142857143
"2-3","103_P",0.0434782608695652
"2-3","104_P",3
"2-3","105_P",0.25
"2-3","106_P",0.0990860793930506
"2-3","107_P",0.25
"2-3","108_P",0.19047619047619
"2-3","109_P",0.142857142857143
"2-3","110_P",3
"2-3","111_P",0.0944789975526343
"2-3","112_P",10.5
"2-3","113_P",0.142857142857143
"2-3","114_P",0.0176678445229682
"2-3","115_P",0.217391304347826
"2-3","116_P",0.0526315789473684
"2-3","117_P",0.142857142857143
"2-3","118_P",0.142857142857143
"2-3","119_P",6
"2-3","120_P",0.192645077942396
"2-3","121_P",0.0217391304347826
"2-3","38_P",0.69693205243717
"2-3","39_P",0.342857142857143
"2-3","40_P",6
"2-3","43_P",0.25
"2-3","44_P",0.5
"2-3","45_P",0.1
"2-3","46_P",0.15
"2-3","48_P",0.0833333333333333
"2-3","49_P",0.166666666666667
"2-3","5_P",4.15888308335967
"2-3","50_P",0.916666666666667
"2-3","51_P",0.0416666666666667
"2-3","52_P",0.208333333333333
"2-3","56_P",0.135011441647597
"2-3","57_P",-2
"2-3","63_P",3.31428571428571
"2-3","70_P",0.412547487146203
"2-3","71_P",0.37275089292597
"2-3","72_P",0.138943228177108
"2-3","73_P",0.5776728199392
"2-3","74_P",0.160396652703902
"2-3","76_P",0.292682926829268
"2-3","78_P",0.485714285714286
"2-3","79_P",0.828571428571429
"2-3","8_P",0.217391304347826
"2-3","80_P",0.4
"2-3","82_P",0.306186217847897
"2-3","83_P",0.632455532033676
"2-3","84_P",0.56253389353504
"2-3","85_P",0.142857142857143
"2-3","86_P",0.377964473009227
"2-3","87_P",0.0526315789473684
"2-3","88_P",0.0902255639097744
"2-3","89_P",0.119047619047619
"2-3","90_P",0.0238095238095238
"2-3","91_P",0.0476190476190476
"2-3","92_P",0.0952380952380952
"2-3","96_P",0.0492610837438424
"2-3","97_P",0.274241092695384
"2-3","98_P",0.221948380809238
"3-4","1_P",0.484848484848485
"3-4","101_P",0.08
"3-4","102_P",0.19047619047619
"3-4","103_P",0.0869565217391304
"3-4","104_P",4
"3-4","105_P",0.32
"3-4","106_P",0.135968971551368
"3-4","107_P",0.32
"3-4","108_P",0.19047619047619
"3-4","109_P",0.19047619047619
"3-4","110_P",4
"3-4","111_P",0.127486006150727
"3-4","112_P",13.44
"3-4","113_P",0.19047619047619
"3-4","114_P",0.0399334442595674
"3-4","115_P",0.105263157894737
"3-4","116_P",0.105263157894737
"3-4","117_P",0.19047619047619
"3-4","118_P",0.19047619047619
"3-4","119_P",8
"3-4","120_P",0.251538766995964
"3-4","121_P",0.0433333333333333
"3-4","38_P",0.717137165600636
"3-4","39_P",0.457142857142857
"3-4","40_P",8
"3-4","43_P",0.32
"3-4","44_P",0.565685424949238
"3-4","45_P",0.19047619047619
"3-4","46_P",0.12952380952381
"3-4","48_P",0.16
"3-4","49_P",0.16
"3-4","5_P",5.54517744447956
"3-4","50_P",0.84
"3-4","51_P",0.24
"3-4","52_P",0.08
"3-4","56_P",0.183066361556064
"3-4","57_P",-1.125
"3-4","63_P",3.65714285714286
"3-4","70_P",0.504762560077018
"3-4","71_P",0.432180188695181
"3-4","72_P",0.186779715500602
"3-4","73_P",0.674193166341976
"3-4","74_P",0.230313931825617
"3-4","76_P",0.372093023255814
"3-4","78_P",0.514285714285714
"3-4","79_P",0.771428571428571
"3-4","8_P",0.260869565217391
"3-4","80_P",0.484848484848485
"3-4","82_P",0.35921060405355
"3-4","83_P",0.696310623822791
"3-4","84_P",0.642735413908601
"3-4","85_P",0.19047619047619
"3-4","86_P",0.436435780471985
"3-4","87_P",0.105263157894737
"3-4","88_P",0.0852130325814536
"3-4","89_P",0.142857142857143
"3-4","90_P",0.0476190476190476
"3-4","91_P",0.0952380952380952
"3-4","92_P",0.0952380952380952
"3-4","96_P",0.131868131868132
"3-4","97_P",0.419827331171454
"3-4","98_P",0.363136519601281
"4-5","1_P",0.615384615384615
"4-5","101_P",0.148148148148148
"4-5","102_P",0.285714285714286
"4-5","103_P",0.173913043478261
"4-5","104_P",6
"4-5","105_P",0.444444444444444
"4-5","106_P",0.213489414882731
"4-5","107_P",0.444444444444444
"4-5","108_P",0.19047619047619
"4-5","109_P",0.285714285714286
"4-5","110_P",6
"4-5","111_P",0.193500023346913
"4-5","112_P",18.6666666666667
"4-5","113_P",0.285714285714286
"4-5","114_P",0.0962406015037594
"4-5","115_P",0.347826086956522
"4-5","116_P",0.210526315789474
"4-5","117_P",0.285714285714286
"4-5","118_P",0.285714285714286
"4-5","119_P",12
"4-5","120_P",0.362570079384708
"4-5","121_P",0.094017094017094
"4-5","38_P",0.755928946018454
"4-5","39_P",0.685714285714286
"4-5","40_P",12
"4-5","43_P",0.444444444444444
"4-5","44_P",0.666666666666667
"4-5","45_P",0.347826086956522
"4-5","46_P",0.0966183574879227
"4-5","48_P",0.296296296296296
"4-5","49_P",0.148148148148148
"4-5","5_P",8.31776616671934
"4-5","50_P",0.703703703703704
"4-5","51_P",0.148148148148148
"4-5","52_P",0.296296296296296
"4-5","56_P",0.279176201372998
"4-5","57_P",-0.25
"4-5","63_P",6.14285714285714
"4-5","70_P",0.581480409920183
"4-5","71_P",0.531462783407823
"4-5","72_P",0.28245269014759
"4-5","73_P",0.834384505389237
"4-5","74_P",0.350594907070201
"4-5","76_P",0.51063829787234
"4-5","78_P",0.571428571428571
"4-5","79_P",0.657142857142857
"4-5","8_P",0.347826086956522
"4-5","80_P",0.615384615384615
"4-5","82_P",0.454858826147342
"4-5","83_P",0.784464540552736
"4-5","84_P",0.765325987733606
"4-5","85_P",0.285714285714286
"4-5","86_P",0.534522483824849
"4-5","87_P",0.210526315789474
"4-5","88_P",0.075187969924812
"4-5","89_P",0.19047619047619
"4-5","90_P",0.0952380952380952
"4-5","91_P",0.19047619047619
"4-5","92_P",0.0952380952380952
"4-5","96_P",0.421052631578947
"4-5","97_P",0.681084853166333
"4-5","98_P",0.64888568452305
"5-6","1_P",0.307692307692308
"5-6","101_P",0.0454545454545455
"5-6","102_P",0.1
"5-6","103_P",0.0476190476190476
"5-6","104_P",2
"5-6","105_P",0.181818181818182
"5-6","106_P",0.0704340246062327
"5-6","107_P",0.181818181818182
"5-6","108_P",0.1
"5-6","109_P",0.1
"5-6","110_P",2
"5-6","111_P",0.0680641967011293
"5-6","112_P",7.27272727272727
"5-6","113_P",0.1
"5-6","114_P",0.0125523012552301
"5-6","115_P",0.0526315789473685
"5-6","116_P",0.0526315789473684
"5-6","117_P",0.1
"5-6","118_P",0.1
"5-6","119_P",4
"5-6","120_P",0.137503523749935
"5-6","121_P",0.0173160173160173
"5-6","38_P",0.69693205243717
"5-6","39_P",0.228571428571429
"5-6","40_P",4
"5-6","43_P",0.181818181818182
"5-6","44_P",0.426401432711221
"5-6","45_P",0.1
"5-6","46_P",0.0818181818181818
"5-6","48_P",0.0909090909090909
"5-6","49_P",0.0909090909090909
"5-6","5_P",2.77258872223978
"5-6","50_P",0.909090909090909
"5-6","51_P",0.136363636363636
"5-6","52_P",0.0454545454545455
"5-6","56_P",0.0977443609022556
"5-6","57_P",-3.5
"5-6","63_P",3.48571428571429
"5-6","70_P",0.31103870370555
"5-6","71_P",0.314440592514443
"5-6","72_P",0.098872886220834
"5-6","73_P",0.476777417087998
"5-6","74_P",0.125255672964725
"5-6","76_P",0.205128205128205
"5-6","78_P",0.485714285714286
"5-6","79_P",0.885714285714286
"5-6","8_P",0.142857142857143
"5-6","80_P",0.307692307692308
"5-6","82_P",0.246182981958665
"5-6","83_P",0.554700196225229
"5-6","84_P",0.466135020636586
"5-6","85_P",0.1
"5-6","86_P",0.316227766016838
"5-6","87_P",0.0526315789473684
"5-6","88_P",0.0473684210526316
"5-6","89_P",0.075
"5-6","90_P",0.025
"5-6","91_P",0.05
"5-6","92_P",0.05
"5-6","96_P",0.0253164556962025
"5-6","97_P",0.20342236016436
"5-6","98_P",0.159111456835146
"6-7","1_P",0.482758620689655
"6-7","101_P",0.0454545454545455
"6-7","102_P",0.189189189189189
"6-7","103_P",0.0476190476190476
"6-7","104_P",3.5
"6-7","105_P",0.318181818181818
"6-7","106_P",0.129728349878973
"6-7","107_P",0.318181818181818
"6-7","108_P",0.27027027027027
"6-7","109_P",0.189189189189189
"6-7","110_P",3.5
"6-7","111_P",0.121977205486745
"6-7","112_P",11.7727272727273
"6-7","113_P",0.189189189189189
"6-7","114_P",0.0254237288135593
"6-7","115_P",0.285714285714286
"6-7","116_P",0.0625
"6-7","117_P",0.189189189189189
"6-7","118_P",0.189189189189189
"6-7","119_P",7
"6-7","120_P",0.249978253008348
"6-7","121_P",0.0303030303030303
"6-7","38_P",0.755928946018454
"6-7","39_P",0.4
"6-7","40_P",7
"6-7","43_P",0.318181818181818
"6-7","44_P",0.564076074817766
"6-7","45_P",0.117647058823529
"6-7","46_P",0.200534759358289
"6-7","48_P",0.0909090909090909
"6-7","49_P",0.227272727272727
"6-7","5_P",4.85203026391962
"6-7","50_P",0.909090909090909
"6-7","51_P",0.0454545454545455
"6-7","52_P",0.272727272727273
"6-7","56_P",0.174107142857143
"6-7","57_P",-1.14285714285714
"6-7","63_P",2.08571428571429
"6-7","70_P",0.444208485266113
"6-7","71_P",0.426242784824598
"6-7","72_P",0.181682911615029
"6-7","73_P",0.606468941646938
"6-7","74_P",0.201605745040211
"6-7","76_P",0.333333333333333
"6-7","78_P",0.571428571428571
"6-7","79_P",0.8
"6-7","8_P",0.285714285714286
"6-7","80_P",0.482758620689655
"6-7","82_P",0.333333333333333
"6-7","83_P",0.694808333779651
"6-7","84_P",0.589690496124782
"6-7","85_P",0.189189189189189
"6-7","86_P",0.43495883620084
"6-7","87_P",0.0625
"6-7","88_P",0.126689189189189
"6-7","89_P",0.162162162162162
"6-7","90_P",0.027027027027027
"6-7","91_P",0.0540540540540541
"6-7","92_P",0.135135135135135
"6-7","96_P",0.0597014925373134
"6-7","97_P",0.298468388920361
"6-7","98_P",0.24433888871261
"7-8","1_P",0.482758620689655
"7-8","101_P",0.0454545454545455
"7-8","102_P",0.189189189189189
"7-8","103_P",0.0476190476190476
"7-8","104_P",3.5
"7-8","105_P",0.318181818181818
"7-8","106_P",0.129728349878973
"7-8","107_P",0.318181818181818
"7-8","108_P",0.27027027027027
"7-8","109_P",0.189189189189189
"7-8","110_P",3.5
"7-8","111_P",0.121977205486745
"7-8","112_P",11.7727272727273
"7-8","113_P",0.189189189189189
"7-8","114_P",0.0254237288135593
"7-8","115_P",0.0625
"7-8","116_P",0.0625
"7-8","117_P",0.189189189189189
"7-8","118_P",0.189189189189189
"7-8","119_P",7
"7-8","120_P",0.249978253008348
"7-8","121_P",0.0303030303030303
"7-8","38_P",0.755928946018454
"7-8","39_P",0.4
"7-8","40_P",7
"7-8","43_P",0.318181818181818
"7-8","44_P",0.564076074817766
"7-8","45_P",0.117647058823529
"7-8","46_P",0.200534759358289
"7-8","48_P",0.0909090909090909
"7-8","49_P",0.227272727272727
"7-8","5_P",4.85203026391962
"7-8","50_P",0.909090909090909
"7-8","51_P",0.272727272727273
"7-8","52_P",0.0454545454545455
"7-8","56_P",0.174107142857143
"7-8","57_P",-1.14285714285714
"7-8","63_P",2.34285714285714
"7-8","70_P",0.444208485266113
"7-8","71_P",0.426242784824598
"7-8","72_P",0.181682911615029
"7-8","73_P",0.606468941646938
"7-8","74_P",0.201605745040211
"7-8","76_P",0.333333333333333
"7-8","78_P",0.571428571428571
"7-8","79_P",0.8
"7-8","8_P",0.285714285714286
"7-8","80_P",0.482758620689655
"7-8","82_P",0.333333333333333
"7-8","83_P",0.694808333779651
"7-8","84_P",0.589690496124782
"7-8","85_P",0.189189189189189
"7-8","86_P",0.43495883620084
"7-8","87_P",0.0625
"7-8","88_P",0.126689189189189
"7-8","89_P",0.162162162162162
"7-8","90_P",0.027027027027027
"7-8","91_P",0.0540540540540541
"7-8","92_P",0.135135135135135
"7-8","96_P",0.0597014925373134
"7-8","97_P",0.298468388920361
"7-8","98_P",0.24433888871261
"8-9","1_P",0.482758620689655
"8-9","101_P",0.0454545454545455
"8-9","102_P",0.189189189189189
"8-9","103_P",0.0476190476190476
"8-9","104_P",3.5
"8-9","105_P",0.318181818181818
"8-9","106_P",0.129728349878973
"8-9","107_P",0.318181818181818
"8-9","108_P",0.27027027027027
"8-9","109_P",0.189189189189189
"8-9","110_P",3.5
"8-9","111_P",0.121977205486745
"8-9","112_P",11.7727272727273
"8-9","113_P",0.189189189189189
"8-9","114_P",0.0254237288135593
"8-9","115_P",0.285714285714286
"8-9","116_P",0.0625
"8-9","117_P",0.189189189189189
"8-9","118_P",0.189189189189189
"8-9","119_P",7
"8-9","120_P",0.249978253008348
"8-9","121_P",0.0303030303030303
"8-9","38_P",0.755928946018454
"8-9","39_P",0.4
"8-9","40_P",7
"8-9","43_P",0.318181818181818
"8-9","44_P",0.564076074817766
"8-9","45_P",0.117647058823529
"8-9","46_P",0.200534759358289
"8-9","48_P",0.0909090909090909
"8-9","49_P",0.227272727272727
"8-9","5_P",4.85203026391962
"8-9","50_P",0.909090909090909
"8-9","51_P",0.0454545454545455
"8-9","52_P",0.272727272727273
"8-9","56_P",0.174107142857143
"8-9","57_P",-1.14285714285714
"8-9","63_P",2.88571428571429
"8-9","70_P",0.444208485266113
"8-9","71_P",0.426242784824598
"8-9","72_P",0.181682911615029
"8-9","73_P",0.606468941646938
"8-9","74_P",0.201605745040211
"8-9","76_P",0.333333333333333
"8-9","78_P",0.571428571428571
"8-9","79_P",0.8
"8-9","8_P",0.285714285714286
"8-9","80_P",0.482758620689655
"8-9","82_P",0.333333333333333
"8-9","83_P",0.694808333779651
"8-9","84_P",0.589690496124782
"8-9","85_P",0.189189189189189
"8-9","86_P",0.43495883620084
"8-9","87_P",0.0625
"8-9","88_P",0.126689189189189
"8-9","89_P",0.162162162162162
"8-9","90_P",0.027027027027027
"8-9","91_P",0.0540540540540541
"8-9","92_P",0.135135135135135
"8-9","96_P",0.0597014925373134
"8-9","97_P",0.298468388920361
"8-9","98_P",0.24433888871261
"9-10","1_P",0.647058823529412
"9-10","101_P",0.173913043478261
"9-10","102_P",0.314285714285714
"9-10","103_P",0.210526315789474
"9-10","104_P",5.5
"9-10","105_P",0.478260869565217
"9-10","106_P",0.238831102750917
"9-10","107_P",0.478260869565217
"9-10","108_P",0.171428571428571
"9-10","109_P",0.314285714285714
"9-10","110_P",5.5
"9-10","111_P",0.214168275962626
"9-10","112_P",16.7391304347826
"9-10","113_P",0.314285714285714
"9-10","114_P",0.118393234672304
"9-10","115_P",0.25
"9-10","116_P",0.25
"9-10","117_P",0.314285714285714
"9-10","118_P",0.314285714285714
"9-10","119_P",11
"9-10","120_P",0.394278939112047
"9-10","121_P",0.114624505928854
"9-10","38_P",0.810643483377778
"9-10","39_P",0.628571428571429
"9-10","40_P",11
"9-10","43_P",0.478260869565217
"9-10","44_P",0.691564074808125
"9-10","45_P",0.4
"9-10","46_P",0.0782608695652174
"9-10","48_P",0.347826086956522
"9-10","49_P",0.130434782608696
"9-10","5_P",7.6246189861594
"9-10","50_P",0.652173913043478
"9-10","51_P",0.304347826086957
"9-10","52_P",0.173913043478261
"9-10","56_P",0.309210526315789
"9-10","57_P",-0.0909090909090908
"9-10","63_P",4.2
"9-10","70_P",0.576317672519646
"9-10","71_P",0.558348276963684
"9-10","72_P",0.311752798388315
"9-10","73_P",0.786397515657049
"9-10","74_P",0.385910069196803
"9-10","76_P",0.478260869565217
"9-10","78_P",0.657142857142857
"9-10","79_P",0.685714285714286
"9-10","8_P",0.368421052631579
"9-10","80_P",0.647058823529412
"9-10","82_P",0.431787769588373
"9-10","83_P",0.804399666539844
"9-10","84_P",0.725476250110012
"9-10","85_P",0.314285714285714
"9-10","86_P",0.560611910581388
"9-10","87_P",0.25
"9-10","88_P",0.0642857142857143
"9-10","89_P",0.2
"9-10","90_P",0.114285714285714
"9-10","91_P",0.228571428571429
"9-10","92_P",0.0857142857142857
"9-10","96_P",0.325581395348837
"9-10","97_P",0.612035025268106
"9-10","98_P",0.570597402157456
"10-11","1_P",0.540540540540541
"10-11","101_P",0.0740740740740741
"10-11","102_P",0.227272727272727
"10-11","103_P",0.08
"10-11","104_P",5
"10-11","105_P",0.37037037037037
"10-11","106_P",0.159752822489921
"10-11","107_P",0.37037037037037
"10-11","108_P",0.272727272727273
"10-11","109_P",0.227272727272727
"10-11","110_P",5
"10-11","111_P",0.148206898352226
"10-11","112_P",16.2962962962963
"10-11","113_P",0.227272727272727
"10-11","114_P",0.0459110473457676
"10-11","115_P",0.105263157894737
"10-11","116_P",0.105263157894737
"10-11","117_P",0.227272727272727
"10-11","118_P",0.227272727272727
"10-11","119_P",10
"10-11","120_P",0.295455883526172
"10-11","121_P",0.0484330484330484
"10-11","38_P",0.717137165600636
"10-11","39_P",0.571428571428571
"10-11","40_P",10
"10-11","43_P",0.37037037037037
"10-11","44_P",0.608580619450185
"10-11","45_P",0.19047619047619
"10-11","46_P",0.17989417989418
"10-11","48_P",0.148148148148148
"10-11","49_P",0.222222222222222
"10-11","5_P",6.93147180559945
"10-11","50_P",0.851851851851852
"10-11","51_P",0.296296296296296
"10-11","52_P",0.0740740740740741
"10-11","56_P",0.212631578947368
"10-11","57_P",-0.7
"10-11","63_P",4.74285714285714
"10-11","70_P",0.535882010901934
"10-11","71_P",0.469027189872922
"10-11","72_P",0.21998650484009
"10-11","73_P",0.751474716762975
"10-11","74_P",0.258804086402679
"10-11","76_P",0.444444444444444
"10-11","78_P",0.514285714285714
"10-11","79_P",0.714285714285714
"10-11","8_P",0.32
"10-11","80_P",0.540540540540541
"10-11","82_P",0.408248290463863
"10-11","83_P",0.735214622093808
"10-11","84_P",0.711811878184954
"10-11","85_P",0.227272727272727
"10-11","86_P",0.476731294622796
"10-11","87_P",0.105263157894737
"10-11","88_P",0.12200956937799
"10-11","89_P",0.181818181818182
"10-11","90_P",0.0454545454545455
"10-11","91_P",0.0909090909090909
"10-11","92_P",0.136363636363636
"10-11","96_P",0.210526315789474
"10-11","97_P",0.510793585979373
"10-11","98_P",0.458831467741124
"11-12","1_P",0.470588235294118
"11-12","101_P",0.0384615384615385
"11-12","102_P",0.181818181818182
"11-12","103_P",0.04
"11-12","104_P",4
"11-12","105_P",0.307692307692308
"11-12","106_P",0.1237824785559
"11-12","107_P",0.307692307692308
"11-12","108_P",0.272727272727273
"11-12","109_P",0.181818181818182
"11-12","110_P",4
"11-12","111_P",0.116700208326774
"11-12","112_P",13.5384615384615
"11-12","113_P",0.181818181818182
"11-12","114_P",0.0211480362537764
"11-12","115_P",0.28
"11-12","116_P",0.0526315789473684
"11-12","117_P",0.181818181818182
"11-12","118_P",0.181818181818182
"11-12","119_P",8
"11-12","120_P",0.241008099503795
"11-12","121_P",0.0246153846153846
"11-12","38_P",0.69693205243717
"11-12","39_P",0.457142857142857
"11-12","40_P",8
"11-12","43_P",0.307692307692308
"11-12","44_P",0.554700196225229
"11-12","45_P",0.1
"11-12","46_P",0.207692307692308
"11-12","48_P",0.0769230769230769
"11-12","49_P",0.230769230769231
"11-12","5_P",5.54517744447956
"11-12","50_P",0.923076923076923
"11-12","51_P",0.0384615384615385
"11-12","52_P",0.269230769230769
"11-12","56_P",0.166315789473684
"11-12","57_P",-1.25
"11-12","63_P",4.6
"11-12","70_P",0.466927237900262
"11-12","71_P",0.417256944898437
"11-12","72_P",0.174103358065978
"11-12","73_P",0.661631246363668
"11-12","74_P",0.187901635694653
"11-12","76_P",0.372093023255814
"11-12","78_P",0.485714285714286
"11-12","79_P",0.771428571428571
"11-12","8_P",0.28
"11-12","80_P",0.470588235294118
"11-12","82_P",0.35921060405355
"11-12","83_P",0.685994340570035
"11-12","84_P",0.642155929203251
"11-12","85_P",0.181818181818182
"11-12","86_P",0.426401432711221
"11-12","87_P",0.0526315789473684
"11-12","88_P",0.129186602870813
"11-12","89_P",0.159090909090909
"11-12","90_P",0.0227272727272727
"11-12","91_P",0.0454545454545455
"11-12","92_P",0.136363636363636
"11-12","96_P",0.0828402366863905
"11-12","97_P",0.344192470722135
"11-12","98_P",0.287819798982611
"12-13","1_P",0.260869565217391
"12-13","101_P",0.05
"12-13","102_P",0.0810810810810811
"12-13","103_P",0.0526315789473684
"12-13","104_P",1.5
"12-13","105_P",0.15
"12-13","106_P",0.0574240913957023
"12-13","107_P",0.15
"12-13","108_P",0.0540540540540541
"12-13","109_P",0.0810810810810811
"12-13","110_P",1.5
"12-13","111_P",0.0558358481758061
"12-13","112_P",5.55
"12-13","113_P",0.0810810810810811
"12-13","114_P",0.0101010101010101
"12-13","115_P",0.105263157894737
"12-13","116_P",0.0555555555555556
"12-13","117_P",0.0810810810810811
"12-13","118_P",0.0810810810810811
"12-13","119_P",3
"12-13","120_P",0.112474729258413
"12-13","121_P",0.0157894736842105
"12-13","38_P",0.717137165600636
"12-13","39_P",0.171428571428571
"12-13","40_P",3
"12-13","43_P",0.15
"12-13","44_P",0.387298334620742
"12-13","45_P",0.105263157894737
"12-13","46_P",0.0447368421052632
"12-13","48_P",0.1
"12-13","49_P",0.05
"12-13","5_P",2.07944154167984
"12-13","50_P",0.9
"12-13","51_P",0.05
"12-13","52_P",0.1
"12-13","56_P",0.0804093567251462
"12-13","57_P",-4.66666666666667
"12-13","63_P",3.08571428571429
"12-13","70_P",0.211983234984132
"12-13","71_P",0.284157140080999
"12-13","72_P",0.0807452802590123
"12-13","73_P",0.412901131894527
"12-13","74_P",0.108178571939198
"12-13","76_P",0.157894736842105
"12-13","78_P",0.514285714285714
"12-13","79_P",0.914285714285714
"12-13","8_P",0.105263157894737
"12-13","80_P",0.260869565217391
"12-13","82_P",0.21160368475758
"12-13","83_P",0.510753918455249
"12-13","84_P",0.404882615612324
"12-13","85_P",0.081081081081081
"12-13","86_P",0.28474739872575
"12-13","87_P",0.0555555555555556
"12-13","88_P",0.0255255255255255
"12-13","89_P",0.0540540540540541
"12-13","90_P",0.027027027027027
"12-13","91_P",0.0540540540540541
"12-13","92_P",0.027027027027027
"12-13","96_P",0.0155642023346304
"12-13","97_P",0.162712882065395
"12-13","98_P",0.124756572310361
"13-14","1_P",0.594594594594595
"13-14","101_P",0.115384615384615
"13-14","102_P",0.268292682926829
"13-14","103_P",0.130434782608696
"13-14","104_P",5.5
"13-14","105_P",0.423076923076923
"13-14","106_P",0.195436899239263
"13-14","107_P",0.423076923076923
"13-14","108_P",0.24390243902439
"13-14","109_P",0.268292682926829
"13-14","110_P",5.5
"13-14","111_P",0.178511724623826
"13-14","112_P",17.3461538461538
"13-14","113_P",0.268292682926829
"13-14","114_P",0.0764331210191083
"13-14","115_P",0.166666666666667
"13-14","116_P",0.166666666666667
"13-14","117_P",0.268292682926829
"13-14","118_P",0.268292682926829
"13-14","119_P",11
"13-14","120_P",0.342887713523009
"13-14","121_P",0.0769230769230769
"13-14","38_P",0.755928946018454
"13-14","39_P",0.628571428571429
"13-14","40_P",11
"13-14","43_P",0.423076923076923
"13-14","44_P",0.650443635587991
"13-14","45_P",0.285714285714286
"13-14","46_P",0.137362637362637
"13-14","48_P",0.230769230769231
"13-14","49_P",0.192307692307692
"13-14","5_P",7.6246189861594
"13-14","50_P",0.769230769230769
"13-14","51_P",0.307692307692308
"13-14","52_P",0.115384615384615
"13-14","56_P",0.257246376811594
"13-14","57_P",-0.363636363636364
"13-14","63_P",5.94285714285714
"13-14","70_P",0.564036478660872
"13-14","71_P",0.512630685021404
"13-14","72_P",0.262790219225514
"13-14","73_P",0.786160884110503
"13-14","74_P",0.320700890930558
"13-14","76_P",0.478260869565217
"13-14","78_P",0.571428571428571
"13-14","79_P",0.685714285714286
"13-14","8_P",0.347826086956522
"13-14","80_P",0.594594594594595
"13-14","82_P",0.431787769588373
"13-14","83_P",0.77109960095606
"13-14","84_P",0.731754686902568
"13-14","85_P",0.268292682926829
"13-14","86_P",0.517969770282812
"13-14","87_P",0.166666666666667
"13-14","88_P",0.101626016260163
"13-14","89_P",0.195121951219512
"13-14","90_P",0.0731707317073171
"13-14","91_P",0.146341463414634
"13-14","92_P",0.121951219512195
"13-14","96_P",0.30188679245283
"13-14","97_P",0.593171133027582
"13-14","98_P",0.549442255794756
"14-15","1_P",0.529411764705882
"14-15","101_P",0.08
"14-15","102_P",0.219512195121951
"14-15","103_P",0.0869565217391304
"14-15","104_P",4.5
"14-15","105_P",0.36
"14-15","106_P",0.155692425608947
"14-15","107_P",0.36
"14-15","108_P",0.24390243902439
"14-15","109_P",0.219512195121951
"14-15","110_P",4.5
"14-15","111_P",0.144699667035536
"14-15","112_P",14.76
"14-15","113_P",0.219512195121951
"14-15","114_P",0.0469011725293132
"14-15","115_P",0.304347826086957
"14-15","116_P",0.111111111111111
"14-15","117_P",0.219512195121951
"14-15","118_P",0.219512195121951
"14-15","119_P",9
"14-15","120_P",0.286304185156641
"14-15","121_P",0.05
"14-15","38_P",0.736788397613007
"14-15","39_P",0.514285714285714
"14-15","40_P",9
"14-15","43_P",0.36
"14-15","44_P",0.6
"14-15","45_P",0.2
"14-15","46_P",0.16
"14-15","48_P",0.16
"14-15","49_P",0.2
"14-15","5_P",6.23832462503951
"14-15","50_P",0.84
"14-15","51_P",0.08
"14-15","52_P",0.28
"14-15","56_P",0.207729468599034
"14-15","57_P",-0.777777777777778
"14-15","63_P",6.65714285714286
"14-15","70_P",0.522606383681621
"14-15","71_P",0.462215210164286
"14-15","72_P",0.213642900507215
"14-15","73_P",0.705417546870177
"14-15","74_P",0.256364886550214
"14-15","76_P",0.409090909090909
"14-15","78_P",0.542857142857143
"14-15","79_P",0.742857142857143
"14-15","8_P",0.304347826086957
"14-15","80_P",0.529411764705882
"14-15","82_P",0.384110639798688
"14-15","83_P",0.727606875108999
"14-15","84_P",0.670402794835396
"14-15","85_P",0.219512195121951
"14-15","86_P",0.468521285665818
"14-15","87_P",0.111111111111111
"14-15","88_P",0.10840108401084
"14-15","89_P",0.170731707317073
"14-15","90_P",0.0487804878048781
"14-15","91_P",0.0975609756097561
"14-15","92_P",0.121951219512195
"14-15","96_P",0.160919540229885
"14-15","97_P",0.456556688558862
"14-15","98_P",0.401147778542877
"15-16","1_P",0.702702702702703
"15-16","101_P",0.25
"15-16","102_P",0.371428571428571
"15-16","103_P",0.333333333333333
"15-16","104_P",6.5
"15-16","105_P",0.541666666666667
"15-16","106_P",0.293105187836559
"15-16","107_P",0.541666666666667
"15-16","108_P",0.0571428571428571
"15-16","109_P",0.371428571428571
"15-16","110_P",6.5
"15-16","111_P",0.257046448249258
"15-16","112_P",18.9583333333333
"15-16","113_P",0.371428571428571
"15-16","114_P",0.170731707317073
"15-16","115_P",0.388888888888889
"15-16","116_P",0.352941176470588
"15-16","117_P",0.371428571428571
"15-16","118_P",0.371428571428571
"15-16","119_P",13
"15-16","120_P",0.45567948377619
"15-16","121_P",0.155797101449275
"15-16","38_P",0.828078671210825
"15-16","39_P",0.742857142857143
"15-16","40_P",13
"15-16","43_P",0.541666666666667
"15-16","44_P",0.735980072193987
"15-16","45_P",0.521739130434783
"15-16","46_P",0.019927536231884
"15-16","48_P",0.5
"15-16","49_P",0.0416666666666667
"15-16","5_P",9.01091334727929
"15-16","50_P",0.5
"15-16","51_P",0.25
"15-16","52_P",0.291666666666667
"15-16","56_P",0.370915032679739
"15-16","57_P",0.153846153846154
"15-16","63_P",2.77142857142857
"15-16","70_P",0.603143830143418
"15-16","71_P",0.609238749980225
"15-16","72_P",0.371171854477468
"15-16","73_P",0.861295573748918
"15-16","74_P",0.454974466718676
"15-16","76_P",0.541666666666667
"15-16","78_P",0.685714285714286
"15-16","79_P",0.628571428571429
"15-16","8_P",0.388888888888889
"15-16","80_P",0.702702702702703
"15-16","82_P",0.477566932940919
"15-16","83_P",0.838273644284909
"15-16","84_P",0.77754431603523
"15-16","85_P",0.371428571428571
"15-16","86_P",0.609449400220044
"15-16","87_P",0.352941176470588
"15-16","88_P",0.0184873949579832
"15-16","89_P",0.2
"15-16","90_P",0.171428571428571
"15-16","91_P",0.342857142857143
"15-16","92_P",0.0285714285714286
"15-16","96_P",0.515337423312883
"15-16","97_P",0.741472093227505
"15-16","98_P",0.717870060186998
"16-17","1_P",0.538461538461538
"16-17","101_P",0.105263157894737
"16-17","102_P",0.225806451612903
"16-17","103_P",0.117647058823529
"16-17","104_P",3.5
"16-17","105_P",0.368421052631579
"16-17","106_P",0.163959024671224
"16-17","107_P",0.368421052631579
"16-17","108_P",0.193548387096774
"16-17","109_P",0.225806451612903
"16-17","110_P",3.5
"16-17","111_P",0.151827146517147
"16-17","112_P",11.4210526315789
"16-17","113_P",0.225806451612903
"16-17","114_P",0.0586510263929619
"16-17","115_P",0.294117647058823
"16-17","116_P",0.142857142857143
"16-17","117_P",0.225806451612903
"16-17","118_P",0.225806451612903
"16-17","119_P",7
"16-17","120_P",0.29373120305671
"16-17","121_P",0.064327485380117
"16-17","38_P",0.810643483377778
"16-17","39_P",0.4
"16-17","40_P",7
"16-17","43_P",0.368421052631579
"16-17","44_P",0.606976978666884
"16-17","45_P",0.25
"16-17","46_P",0.118421052631579
"16-17","48_P",0.210526315789474
"16-17","49_P",0.157894736842105
"16-17","5_P",4.85203026391962
"16-17","50_P",0.789473684210526
"16-17","51_P",0.105263157894737
"16-17","52_P",0.263157894736842
"16-17","56_P",0.218487394957983
"16-17","57_P",-0.714285714285714
"16-17","63_P",1
"16-17","70_P",0.487377600624535
"16-17","71_P",0.471333779542059
"16-17","72_P",0.222155531737403
"16-17","73_P",0.627066155670885
"16-17","74_P",0.276414451386095
"16-17","76_P",0.333333333333333
"16-17","78_P",0.657142857142857
"16-17","79_P",0.8
"16-17","8_P",0.294117647058823
"16-17","80_P",0.538461538461538
"16-17","82_P",0.333333333333333
"16-17","83_P",0.733799385705343
"16-17","84_P",0.599893291833802
"16-17","85_P",0.225806451612903
"16-17","86_P",0.475190963311491
"16-17","87_P",0.142857142857143
"16-17","88_P",0.0829493087557604
"16-17","89_P",0.161290322580645
"16-17","90_P",0.0645161290322581
"16-17","91_P",0.129032258064516
"16-17","92_P",0.0967741935483871
"16-17","96_P",0.099009900990099
"16-17","97_P",0.371624226378168
"16-17","98_P",0.314658387763776
"17-18","1_P",0.571428571428571
"17-18","101_P",0.1
"17-18","102_P",0.25
"17-18","103_P",0.111111111111111
"17-18","104_P",4
"17-18","105_P",0.4
"17-18","106_P",0.17992847455497
"17-18","107_P",0.4
"17-18","108_P",0.25
"17-18","109_P",0.25
"17-18","110_P",4
"17-18","111_P",0.1654538218565
"17-18","112_P",12.8
"17-18","113_P",0.25
"17-18","114_P",0.0638297872340425
"17-18","115_P",0.142857142857143
"17-18","116_P",0.142857142857143
"17-18","117_P",0.25
"17-18","118_P",0.25
"17-18","119_P",8
"17-18","120_P",0.321928094887362
"17-18","121_P",0.068421052631579
"17-18","38_P",0.810643483377778
"17-18","39_P",0.457142857142857
"17-18","40_P",8
"17-18","43_P",0.4
"17-18","44_P",0.632455532033676
"17-18","45_P",0.25
"17-18","46_P",0.15
"17-18","48_P",0.2
"17-18","49_P",0.2
"17-18","5_P",5.54517744447956
"17-18","50_P",0.8
"17-18","51_P",0.3
"17-18","52_P",0.1
"17-18","56_P",0.238095238095238
"17-18","57_P",-0.5
"17-18","63_P",2.85714285714286
"17-18","70_P",0.509691913026883
"17-18","71_P",0.494035478464397
"17-18","72_P",0.244071053981546
"17-18","73_P",0.663240504182907
"17-18","74_P",0.29590003757725
"17-18","76_P",0.372093023255814
"17-18","78_P",0.657142857142857
"17-18","79_P",0.771428571428571
"17-18","8_P",0.333333333333333
"17-18","80_P",0.571428571428571
"17-18","82_P",0.35921060405355
"17-18","83_P",0.755928946018454
"17-18","84_P",0.632360628113417
"17-18","85_P",0.25
"17-18","86_P",0.5
"17-18","87_P",0.142857142857143
"17-18","88_P",0.107142857142857
"17-18","89_P",0.1875
"17-18","90_P",0.0625
"17-18","91_P",0.125
"17-18","92_P",0.125
"17-18","96_P",0.125
"17-18","97_P",0.410426192315345
"17-18","98_P",0.353553390593274
"18-19","1_P",0.466666666666667
"18-19","101_P",0.0869565217391304
"18-19","102_P",0.179487179487179
"18-19","103_P",0.0952380952380952
"18-19","104_P",3.5
"18-19","105_P",0.304347826086957
"18-19","106_P",0.129132374767605
"18-19","107_P",0.304347826086957
"18-19","108_P",0.153846153846154
"18-19","109_P",0.179487179487179
"18-19","110_P",3.5
"18-19","111_P",0.121449527867054
"18-19","112_P",11.8695652173913
"18-19","113_P",0.179487179487179
"18-19","114_P",0.0392927308447937
"18-19","115_P",0.111111111111111
"18-19","116_P",0.111111111111111
"18-19","117_P",0.179487179487179
"18-19","118_P",0.179487179487179
"18-19","119_P",7
"18-19","120_P",0.238159737194765
"18-19","121_P",0.0434782608695652
"18-19","38_P",0.736788397613007
"18-19","39_P",0.4
"18-19","40_P",7
"18-19","43_P",0.304347826086957
"18-19","44_P",0.551677284367371
"18-19","45_P",0.2
"18-19","46_P",0.104347826086957
"18-19","48_P",0.173913043478261
"18-19","49_P",0.130434782608696
"18-19","5_P",4.85203026391962
"18-19","50_P",0.826086956521739
"18-19","51_P",0.217391304347826
"18-19","52_P",0.0869565217391304
"18-19","56_P",0.174603174603175
"18-19","57_P",-1.28571428571429
"18-19","63_P",2.05714285714286
"18-19","70_P",0.483494919484562
"18-19","71_P",0.420771672290539
"18-19","72_P",0.177048800202177
"18-19","73_P",0.627066155670885
"18-19","74_P",0.223647773829739
"18-19","76_P",0.333333333333333
"18-19","78_P",0.542857142857143
"18-19","79_P",0.8
"18-19","8_P",0.238095238095238
"18-19","80_P",0.466666666666667
"18-19","82_P",0.333333333333333
"18-19","83_P",0.683130051063973
"18-19","84_P",0.599893291833802
"18-19","85_P",0.17948717948718
"18-19","86_P",0.423659272868162
"18-19","87_P",0.111111111111111
"18-19","88_P",0.0683760683760684
"18-19","89_P",0.128205128205128
"18-19","90_P",0.0512820512820513
"18-19","91_P",0.102564102564103
"18-19","92_P",0.0769230769230769
"18-19","96_P",0.099009900990099
"18-19","97_P",0.371624226378168
"18-19","98_P",0.314658387763776
"19-20","1_P",0.451612903225806
"19-20","101_P",0.125
"19-20","102_P",0.170731707317073
"19-20","103_P",0.142857142857143
"19-20","104_P",3.5
"19-20","105_P",0.291666666666667
"19-20","106_P",0.125294444732588
"19-20","107_P",0.291666666666667
"19-20","108_P",0.0487804878048781
"19-20","109_P",0.170731707317073
"19-20","110_P",3.5
"19-20","111_P",0.118044730062604
"19-20","112_P",11.9583333333333
"19-20","113_P",0.170731707317073
"19-20","114_P",0.0434782608695652
"19-20","115_P",0.19047619047619
"19-20","116_P",0.15
"19-20","117_P",0.170731707317073
"19-20","118_P",0.170731707317073
"19-20","119_P",7
"19-20","120_P",0.227410496103073
"19-20","121_P",0.0471014492753623
"19-20","38_P",0.717137165600636
"19-20","39_P",0.4
"19-20","40_P",7
"19-20","43_P",0.291666666666667
"19-20","44_P",0.540061724867322
"19-20","45_P",0.260869565217391
"19-20","46_P",0.0307971014492754
"19-20","48_P",0.25
"19-20","49_P",0.0416666666666667
"19-20","5_P",4.85203026391962
"19-20","50_P",0.75
"19-20","51_P",0.125
"19-20","52_P",0.166666666666667
"19-20","56_P",0.170238095238095
"19-20","57_P",-1.42857142857143
"19-20","63_P",4.17142857142857
"19-20","70_P",0.496244326514563
"19-20","71_P",0.412898217474654
"19-20","72_P",0.170484937993747
"19-20","73_P",0.640893399100982
"19-20","74_P",0.225943433105116
"19-20","76_P",0.333333333333333
"19-20","78_P",0.514285714285714
"19-20","79_P",0.8
"19-20","8_P",0.19047619047619
"19-20","80_P",0.451612903225806
"19-20","82_P",0.333333333333333
"19-20","83_P",0.672021505032247
"19-20","84_P",0.608554227024283
"19-20","85_P",0.170731707317073
"19-20","86_P",0.413196935270669
"19-20","87_P",0.15
"19-20","88_P",0.0207317073170732
"19-20","89_P",0.0975609756097561
"19-20","90_P",0.0731707317073171
"19-20","91_P",0.146341463414634
"19-20","92_P",0.024390243902439
"19-20","96_P",0.120603015075377
"19-20","97_P",0.404238595763521
"19-20","98_P",0.34727944810394
"20-21","1_P",0.606060606060606
"20-21","101_P",0.130434782608696
"20-21","102_P",0.277777777777778
"20-21","103_P",0.15
"20-21","104_P",5
"20-21","105_P",0.434782608695652
"20-21","106_P",0.204850242969928
"20-21","107_P",0.434782608695652
"20-21","108_P",0.222222222222222
"20-21","109_P",0.277777777777778
"20-21","110_P",5
"20-21","111_P",0.186355279526252
"20-21","112_P",15.6521739130435
"20-21","113_P",0.277777777777778
"20-21","114_P",0.0862422997946612
"20-21","115_P",0.35
"20-21","116_P",0.1875
"20-21","117_P",0.277777777777778
"20-21","118_P",0.277777777777778
"20-21","119_P",10
"20-21","120_P",0.353636954614701
"20-21","121_P",0.0869565217391304
"20-21","38_P",0.792824967172092
"20-21","39_P",0.571428571428571
"20-21","40_P",10
"20-21","43_P",0.434782608695652
"20-21","44_P",0.659380473395787
"20-21","45_P",0.315789473684211
"20-21","46_P",0.118993135011442
"20-21","48_P",0.260869565217391
"20-21","49_P",0.173913043478261
"20-21","5_P",6.93147180559945
"20-21","50_P",0.739130434782609
"20-21","51_P",0.130434782608696
"20-21","52_P",0.304347826086957
"20-21","56_P",0.26875
"20-21","57_P",-0.3
"20-21","63_P",4.14285714285714
"20-21","70_P",0.555210289463603
"20-21","71_P",0.522759894514268
"20-21","72_P",0.273277907312568
"20-21","73_P",0.743619747915928
"20-21","74_P",0.336378678206622
"20-21","76_P",0.444444444444444
"20-21","78_P",0.628571428571429
"20-21","79_P",0.714285714285714
"20-21","8_P",0.35
"20-21","80_P",0.606060606060606
"20-21","82_P",0.408248290463863
"20-21","83_P",0.778498944161523
"20-21","84_P",0.695293017902979
"20-21","85_P",0.277777777777778
"20-21","86_P",0.52704627669473
"20-21","87_P",0.1875
"20-21","88_P",0.0902777777777778
"20-21","89_P",0.194444444444444
"20-21","90_P",0.0833333333333333
"20-21","91_P",0.166666666666667
"20-21","92_P",0.111111111111111
"20-21","96_P",0.23728813559322
"20-21","97_P",0.536834845703952
"20-21","98_P",0.487122300447455
"21-22","1_P",0.592592592592593
"21-22","101_P",0.157894736842105
"21-22","102_P",0.266666666666667
"21-22","103_P",0.1875
"21-22","104_P",4
"21-22","105_P",0.421052631578947
"21-22","106_P",0.200352635934312
"21-22","107_P",0.421052631578947
"21-22","108_P",0.133333333333333
"21-22","109_P",0.266666666666667
"21-22","110_P",4
"21-22","111_P",0.182615376903192
"21-22","112_P",12.6315789473684
"21-22","113_P",0.266666666666667
"21-22","114_P",0.0906344410876133
"21-22","115_P",0.3125
"21-22","116_P",0.214285714285714
"21-22","117_P",0.266666666666667
"21-22","118_P",0.266666666666667
"21-22","119_P",8
"21-22","120_P",0.341036917835067
"21-22","121_P",0.0935672514619883
"21-22","38_P",0.828078671210825
"21-22","39_P",0.457142857142857
"21-22","40_P",8
"21-22","43_P",0.421052631578947
"21-22","44_P",0.64888568452305
"21-22","45_P",0.352941176470588
"21-22","46_P",0.0681114551083591
"21-22","48_P",0.315789473684211
"21-22","49_P",0.105263157894737
"21-22","5_P",5.54517744447956
"21-22","50_P",0.684210526315789
"21-22","51_P",0.157894736842105
"21-22","52_P",0.263157894736842
"21-22","56_P",0.263392857142857
"21-22","57_P",-0.375
"21-22","63_P",2.42857142857143
"21-22","70_P",0.526798486341615
"21-22","71_P",0.514812183947537
"21-22","72_P",0.265031584740833
"21-22","73_P",0.679310796572913
"21-22","74_P",0.334706179743158
"21-22","76_P",0.372093023255814
"21-22","78_P",0.685714285714286
"21-22","79_P",0.771428571428571
"21-22","8_P",0.3125
"21-22","80_P",0.592592592592593
"21-22","82_P",0.35921060405355
"21-22","83_P",0.769800358919501
"21-22","84_P",0.641318110171827
"21-22","85_P",0.266666666666667
"21-22","86_P",0.516397779494322
"21-22","87_P",0.214285714285714
"21-22","88_P",0.0523809523809524
"21-22","89_P",0.166666666666667
"21-22","90_P",0.1
"21-22","91_P",0.2
"21-22","92_P",0.0666666666666667
"21-22","96_P",0.157068062827225
"21-22","97_P",0.451937022542367
"21-22","98_P",0.396318133356556
"22-23","1_P",0.642857142857143
"22-23","101_P",0.210526315789474
"22-23","102_P",0.310344827586207
"22-23","103_P",0.266666666666667
"22-23","104_P",4.5
"22-23","105_P",0.473684210526316
"22-23","106_P",0.239266898683089
"22-23","107_P",0.473684210526316
"22-23","108_P",0.0689655172413793
"22-23","109_P",0.310344827586207
"22-23","110_P",4.5
"22-23","111_P",0.21451999404352
"22-23","112_P",13.7368421052632
"22-23","113_P",0.310344827586207
"22-23","114_P",0.124610591900312
"22-23","115_P",0.285714285714286
"22-23","116_P",0.285714285714286
"22-23","117_P",0.310344827586207
"22-23","118_P",0.310344827586207
"22-23","119_P",9
"22-23","120_P",0.389946518316013
"22-23","121_P",0.12280701754386
"22-23","38_P",0.845154254728517
"22-23","39_P",0.514285714285714
"22-23","40_P",9
"22-23","43_P",0.473684210526316
"22-23","44_P",0.688247201611685
"22-23","45_P",0.444444444444444
"22-23","46_P",0.0292397660818713
"22-23","48_P",0.421052631578947
"22-23","49_P",0.0526315789473684
"22-23","5_P",6.23832462503951
"22-23","50_P",0.578947368421053
"22-23","51_P",0.263157894736842
"22-23","52_P",0.210526315789474
"22-23","56_P",0.30952380952381
"22-23","57_P",-0.111111111111111
"22-23","63_P",4.82857142857143
"22-23","70_P",0.553773744767133
"22-23","71_P",0.556717559142556
"22-23","72_P",0.309934440657646
"22-23","73_P",0.727045720164123
"22-23","74_P",0.388598761907671
"22-23","76_P",0.409090909090909
"22-23","78_P",0.714285714285714
"22-23","79_P",0.742857142857143
"22-23","8_P",0.333333333333333
"22-23","80_P",0.642857142857143
"22-23","82_P",0.384110639798688
"22-23","83_P",0.801783725737273
"22-23","84_P",0.679155340285874
"22-23","85_P",0.310344827586207
"22-23","86_P",0.557086014531156
"22-23","87_P",0.285714285714286
"22-23","88_P",0.0246305418719212
"22-23","89_P",0.172413793103448
"22-23","90_P",0.137931034482759
"22-23","91_P",0.275862068965517
"22-23","92_P",0.0344827586206897
"22-23","96_P",0.222222222222222
"22-23","97_P",0.522407749927483
"22-23","98_P",0.471404520791032
"23-24","1_P",0.8
"23-24","101_P",0.285714285714286
"23-24","102_P",0.5
"23-24","103_P",0.4
"23-24","104_P",7
"23-24","105_P",0.666666666666667
"23-24","106_P",0.410607406241691
"23-24","107_P",0.666666666666667
"23-24","108_P",0.142857142857143
"23-24","109_P",0.5
"23-24","110_P",7
"23-24","111_P",0.344020396197619
"23-24","112_P",18.6666666666667
"23-24","113_P",0.5
"23-24","114_P",0.278260869565217
"23-24","115_P",0.533333333333333
"23-24","116_P",0.461538461538462
"23-24","117_P",0.5
"23-24","118_P",0.5
"23-24","119_P",14
"23-24","120_P",0.584962500721157
"23-24","121_P",0.233333333333333
"23-24","38_P",0.894427190999916
"23-24","39_P",0.8
"23-24","40_P",14
"23-24","43_P",0.666666666666667
"23-24","44_P",0.816496580927726
"23-24","45_P",0.631578947368421
"23-24","46_P",0.0350877192982456
"23-24","48_P",0.571428571428571
"23-24","49_P",0.0952380952380952
"23-24","5_P",9.70406052783923
"23-24","50_P",0.428571428571429
"23-24","51_P",0.285714285714286
"23-24","52_P",0.380952380952381
"23-24","56_P",0.497435897435897
"23-24","57_P",0.5
"23-24","63_P",2.48571428571429
"23-24","70_P",0.623601604968949
"23-24","71_P",0.706200812922498
"23-24","72_P",0.498719588172397
"23-24","73_P",0.910660647277717
"23-24","74_P",0.582326767715708
"23-24","76_P",0.571428571428571
"23-24","78_P",0.8
"23-24","79_P",0.6
"23-24","8_P",0.533333333333333
"23-24","80_P",0.8
"23-24","82_P",0.5
"23-24","83_P",0.894427190999916
"23-24","84_P",0.815741084180838
"23-24","85_P",0.5
"23-24","86_P",0.707106781186548
"23-24","87_P",0.461538461538462
"23-24","88_P",0.0384615384615385
"23-24","89_P",0.285714285714286
"23-24","90_P",0.214285714285714
"23-24","91_P",0.428571428571429
"23-24","92_P",0.0714285714285714
"23-24","96_P",0.657534246575342
"23-24","97_P",0.823428511917159
"23-24","98_P",0.810884854079383
"24-25","1_P",0.756756756756757
"24-25","101_P",0.173913043478261
"24-25","102_P",0.4375
"24-25","103_P",0.210526315789474
"24-25","104_P",7
"24-25","105_P",0.608695652173913
"24-25","106_P",0.330519268374432
"24-25","107_P",0.608695652173913
"24-25","108_P",0.375
"24-25","109_P",0.4375
"24-25","110_P",7
"24-25","111_P",0.285569293385934
"24-25","112_P",19.4782608695652
"24-25","113_P",0.4375
"24-25","114_P",0.178173719376392
"24-25","115_P",0.307692307692308
"24-25","116_P",0.307692307692308
"24-25","117_P",0.4375
"24-25","118_P",0.4375
"24-25","119_P",14
"24-25","120_P",0.523561956057013
"24-25","121_P",0.162055335968379
"24-25","38_P",0.861891607371335
"24-25","39_P",0.8
"24-25","40_P",14
"24-25","43_P",0.608695652173913
"24-25","44_P",0.780189497605494
"24-25","45_P",0.470588235294118
"24-25","46_P",0.138107416879795
"24-25","48_P",0.347826086956522
"24-25","49_P",0.260869565217391
"24-25","5_P",9.70406052783923
"24-25","50_P",0.652173913043478
"24-25","51_P",0.434782608695652
"24-25","52_P",0.173913043478261
"24-25","56_P",0.417004048582996
"24-25","57_P",0.357142857142857
"24-25","63_P",2.6
"24-25","70_P",0.60876375598282
"24-25","71_P",0.653715315195996
"24-25","72_P",0.4273437133218
"24-25","73_P",0.877145470054191
"24-25","74_P",0.498491350945508
"24-25","76_P",0.571428571428571
"24-25","78_P",0.742857142857143
"24-25","79_P",0.6
"24-25","8_P",0.526315789473684
"24-25","80_P",0.756756756756757
"24-25","82_P",0.5
"24-25","83_P",0.86991767240168
"24-25","84_P",0.796070228286419
"24-25","85_P",0.4375
"24-25","86_P",0.661437827766148
"24-25","87_P",0.307692307692308
"24-25","88_P",0.129807692307692
"24-25","89_P",0.3125
"24-25","90_P",0.125
"24-25","91_P",0.25
"24-25","92_P",0.1875
"24-25","96_P",0.540540540540541
"24-25","97_P",0.756667850018233
"24-25","98_P",0.735214622093808
"25-26","1_P",0.666666666666667
"25-26","101_P",0.208333333333333
"25-26","102_P",0.333333333333333
"25-26","103_P",0.263157894736842
"25-26","104_P",6
"25-26","105_P",0.5
"25-26","106_P",0.257977226906313
"25-26","107_P",0.5
"25-26","108_P",0.111111111111111
"25-26","109_P",0.333333333333333
"25-26","110_P",6
"25-26","111_P",0.229505055496201
"25-26","112_P",18
"25-26","113_P",0.333333333333333
"25-26","114_P",0.138339920948617
"25-26","115_P",0.368421052631579
"25-26","116_P",0.294117647058824
"25-26","117_P",0.333333333333333
"25-26","118_P",0.333333333333333
"25-26","119_P",12
"25-26","120_P",0.415037499278844
"25-26","121_P",0.130434782608696
"25-26","38_P",0.810643483377778
"25-26","39_P",0.685714285714286
"25-26","40_P",12
"25-26","43_P",0.5
"25-26","44_P",0.707106781186548
"25-26","45_P",0.454545454545455
"25-26","46_P",0.0454545454545455
"25-26","48_P",0.416666666666667
"25-26","49_P",0.0833333333333333
"25-26","5_P",8.31776616671934
"25-26","50_P",0.583333333333333
"25-26","51_P",0.208333333333333
"25-26","52_P",0.291666666666667
"25-26","56_P",0.331269349845201
"25-26","57_P",0
"25-26","63_P",2.31428571428571
"25-26","70_P",0.590295993723669
"25-26","71_P",0.576456537052371
"25-26","72_P",0.332302139110411
"25-26","73_P",0.825812026860104
"25-26","74_P",0.411866954308583
"25-26","76_P",0.51063829787234
"25-26","78_P",0.657142857142857
"25-26","79_P",0.657142857142857
"25-26","8_P",0.368421052631579
"25-26","80_P",0.666666666666667
"25-26","82_P",0.454858826147342
"25-26","83_P",0.816496580927726
"25-26","84_P",0.753133977821643
"25-26","85_P",0.333333333333333
"25-26","86_P",0.577350269189626
"25-26","87_P",0.294117647058824
"25-26","88_P",0.0392156862745098
"25-26","89_P",0.194444444444444
"25-26","90_P",0.138888888888889
"25-26","91_P",0.277777777777778
"25-26","92_P",0.0555555555555556
"25-26","96_P",0.419161676646707
"25-26","97_P",0.679805811791046
"25-26","98_P",0.647426966264695
"26-27","1_P",0.666666666666667
"26-27","101_P",0.153846153846154
"26-27","102_P",0.333333333333333
"26-27","103_P",0.181818181818182
"26-27","104_P",6.5
"26-27","105_P",0.5
"26-27","106_P",0.249580781223885
"26-27","107_P",0.5
"26-27","108_P",0.256410256410256
"26-27","109_P",0.333333333333333
"26-27","110_P",6.5
"26-27","111_P",0.222808120042538
"26-27","112_P",19.5
"26-27","113_P",0.333333333333333
"26-27","114_P",0.119205298013245
"26-27","115_P",0.235294117647059
"26-27","116_P",0.235294117647059
"26-27","117_P",0.333333333333333
"26-27","118_P",0.333333333333333
"26-27","119_P",13
"26-27","120_P",0.415037499278844
"26-27","121_P",0.113846153846154
"26-27","38_P",0.792824967172092
"26-27","39_P",0.742857142857143
"26-27","40_P",13
"26-27","43_P",0.5
"26-27","44_P",0.707106781186548
"26-27","45_P",0.380952380952381
"26-27","46_P",0.119047619047619
"26-27","48_P",0.307692307692308
"26-27","49_P",0.192307692307692
"26-27","5_P",9.01091334727929
"26-27","50_P",0.692307692307692
"26-27","51_P",0.346153846153846
"26-27","52_P",0.153846153846154
"26-27","56_P",0.322192513368984
"26-27","57_P",0
"26-27","63_P",3.57142857142857
"26-27","70_P",0.59255411311374
"26-27","71_P",0.572525984568801
"26-27","72_P",0.327786003006475
"26-27","73_P",0.852170789172419
"26-27","74_P",0.397336306827854
"26-27","76_P",0.541666666666667
"26-27","78_P",0.628571428571429
"26-27","79_P",0.628571428571429
"26-27","8_P",0.409090909090909
"26-27","80_P",0.666666666666667
"26-27","82_P",0.477566932940919
"26-27","83_P",0.816496580927726
"26-27","84_P",0.777498531684477
"26-27","85_P",0.333333333333333
"26-27","86_P",0.577350269189626
"26-27","87_P",0.235294117647059
"26-27","88_P",0.0980392156862745
"26-27","89_P",0.230769230769231
"26-27","90_P",0.102564102564103
"26-27","91_P",0.205128205128205
"26-27","92_P",0.128205128205128
"26-27","96_P",0.470588235294118
"26-27","97_P",0.713578344650662
"26-27","98_P",0.685994340570035
"27-28","1_P",0.571428571428571
"27-28","101_P",0.12
"27-28","102_P",0.25
"27-28","103_P",0.136363636363636
"27-28","104_P",5
"27-28","105_P",0.4
"27-28","106_P",0.183266019526032
"27-28","107_P",0.4
"27-28","108_P",0.2
"27-28","109_P",0.25
"27-28","110_P",5
"27-28","111_P",0.168278428293629
"27-28","112_P",16
"27-28","113_P",0.25
"27-28","114_P",0.072041166380789
"27-28","115_P",0.318181818181818
"27-28","116_P",0.166666666666667
"27-28","117_P",0.25
"27-28","118_P",0.25
"27-28","119_P",10
"27-28","120_P",0.321928094887362
"27-28","121_P",0.0733333333333333
"27-28","38_P",0.755928946018454
"27-28","39_P",0.571428571428571
"27-28","40_P",10
"27-28","43_P",0.4
"27-28","44_P",0.632455532033676
"27-28","45_P",0.285714285714286
"27-28","46_P",0.114285714285714
"27-28","48_P",0.24
"27-28","49_P",0.16
"27-28","5_P",6.93147180559945
"27-28","50_P",0.76
"27-28","51_P",0.12
"27-28","52_P",0.28
"27-28","56_P",0.242424242424242
"27-28","57_P",-0.5
"27-28","63_P",4.34285714285714
"27-28","70_P",0.552584810580465
"27-28","71_P",0.496207253630568
"27-28","72_P",0.246221638555591
"27-28","73_P",0.750959566858147
"27-28","74_P",0.305848354652879
"27-28","76_P",0.444444444444444
"27-28","78_P",0.571428571428571
"27-28","79_P",0.714285714285714
"27-28","8_P",0.318181818181818
"27-28","80_P",0.571428571428571
"27-28","82_P",0.408248290463863
"27-28","83_P",0.755928946018454
"27-28","84_P",0.702106689580171
"27-28","85_P",0.25
"27-28","86_P",0.5
"27-28","87_P",0.166666666666667
"27-28","88_P",0.0833333333333333
"27-28","89_P",0.175
"27-28","90_P",0.075
"27-28","91_P",0.15
"27-28","92_P",0.1
"27-28","96_P",0.245614035087719
"27-28","97_P",0.544571485296265
"27-28","98_P",0.495594627783352
"28-29","1_P",0.733333333333333
"28-29","101_P",0.0526315789473684
"28-29","102_P",0.407407407407407
"28-29","103_P",0.0555555555555556
"28-29","104_P",5.5
"28-29","105_P",0.578947368421053
"28-29","106_P",0.253275198545327
"28-29","107_P",0.578947368421053
"28-29","108_P",0.666666666666667
"28-29","109_P",0.407407407407407
"28-29","110_P",5.5
"28-29","111_P",0.225760283518549
"28-29","112_P",15.6315789473684
"28-29","113_P",0.407407407407407
"28-29","114_P",0.0586510263929619
"28-29","115_P",0.555555555555556
"28-29","116_P",0.111111111111111
"28-29","117_P",0.407407407407407
"28-29","118_P",0.407407407407407
"28-29","119_P",11
"28-29","120_P",0.493040011280117
"28-29","121_P",0.064327485380117
"28-29","38_P",0.87831006565368
"28-29","39_P",0.628571428571429
"28-29","40_P",11
"28-29","43_P",0.578947368421053
"28-29","44_P",0.760885910252682
"28-29","45_P",0.2
"28-29","46_P",0.378947368421053
"28-29","48_P",0.105263157894737
"28-29","49_P",0.473684210526316
"28-29","5_P",7.6246189861594
"28-29","50_P",0.894736842105263
"28-29","51_P",0.0526315789473684
"28-29","52_P",0.526315789473684
"28-29","56_P",0.333333333333333
"28-29","57_P",0.272727272727273
"28-29","63_P",2.28571428571429
"28-29","70_P",0.529974767472056
"28-29","71_P",0.60947570824873
"28-29","72_P",0.371460638945291
"28-29","73_P",0.747680154093072
"28-29","74_P",0.373038676148172
"28-29","76_P",0.478260869565217
"28-29","78_P",0.771428571428571
"28-29","79_P",0.685714285714286
"28-29","8_P",0.555555555555556
"28-29","80_P",0.733333333333333
"28-29","82_P",0.431787769588373
"28-29","83_P",0.856348838577675
"28-29","84_P",0.722256811700012
"28-29","85_P",0.407407407407407
"28-29","86_P",0.638284738504225
"28-29","87_P",0.111111111111111
"28-29","88_P",0.296296296296296
"28-29","89_P",0.37037037037037
"28-29","90_P",0.037037037037037
"28-29","91_P",0.0740740740740741
"28-29","92_P",0.333333333333333
"28-29","96_P",0.144927536231884
"28-29","97_P",0.436899790508418
"28-29","98_P",0.38069349381344
"29-30","1_P",0.727272727272727
"29-30","101_P",0
"29-30","102_P",0.4
"29-30","103_P",0
"29-30","104_P",6
"29-30","105_P",0.571428571428571
"29-30","106_P",0.215281811742787
"29-30","107_P",0.571428571428571
"29-30","108_P",0.8
"29-30","109_P",0.4
"29-30","110_P",6
"29-30","111_P",0.194975993718926
"29-30","112_P",17.1428571428571
"29-30","113_P",0.4
"29-30","114_P",0
"29-30","115_P",0
"29-30","116_P",0
"29-30","117_P",0.4
"29-30","118_P",0.4
"29-30","119_P",12
"29-30","120_P",0.485426827170242
"29-30","121_P",0.00476190476190476
"29-30","38_P",0.861891607371335
"29-30","39_P",0.685714285714286
"29-30","40_P",12
"29-30","43_P",0.571428571428571
"29-30","44_P",0.755928946018454
"29-30","45_P",0
"29-30","46_P",0.571428571428571
"29-30","48_P",0
"29-30","49_P",0.571428571428571
"29-30","5_P",8.31776616671934
"29-30","50_P",1
"29-30","51_P",0.571428571428571
"29-30","52_P",0
"29-30","56_P",0.285714285714286
"29-30","57_P",0.25
"29-30","63_P",3.05714285714286
"29-30","70_P",0
"29-30","71_P",0.587661747344527
"29-30","72_P",0.345346329292023
"29-30","73_P",0.720843629773295
"29-30","74_P",0.0491065077898206
"29-30","76_P",0.51063829787234
"29-30","78_P",0.742857142857143
"29-30","79_P",0.657142857142857
"29-30","8_P",0.571428571428571
"29-30","80_P",0.727272727272727
"29-30","82_P",0.454858826147342
"29-30","83_P",0.852802865422442
"29-30","84_P",0.720843629773295
"29-30","85_P",0.4
"29-30","86_P",0.632455532033676
"29-30","87_P",0
"29-30","88_P",0.4
"29-30","89_P",0.4
"29-30","90_P",0
"29-30","91_P",0
"29-30","92_P",0.4
"29-30","96_P",0
"29-30","97_P",0
"29-30","98_P",0
"30-31","1_P",0.717948717948718
"30-31","101_P",0.16
"30-31","102_P",0.388888888888889
"30-31","103_P",0.19047619047619
"30-31","104_P",7
"30-31","105_P",0.56
"30-31","106_P",0.291240420076555
"30-31","107_P",0.56
"30-31","108_P",0.333333333333333
"30-31","109_P",0.388888888888889
"30-31","110_P",7
"30-31","111_P",0.255603322316003
"30-31","112_P",20.16
"30-31","113_P",0.388888888888889
"30-31","114_P",0.146788990825688
"30-31","115_P",0.476190476190476
"30-31","116_P",0.266666666666667
"30-31","117_P",0.388888888888889
"30-31","118_P",0.388888888888889
"30-31","119_P",14
"30-31","120_P",0.473931188332412
"30-31","121_P",0.136666666666667
"30-31","38_P",0.828078671210825
"30-31","39_P",0.8
"30-31","40_P",14
"30-31","43_P",0.56
"30-31","44_P",0.748331477354788
"30-31","45_P",0.421052631578947
"30-31","46_P",0.138947368421053
"30-31","48_P",0.32
"30-31","49_P",0.24
"30-31","5_P",9.70406052783923
"30-31","50_P",0.68
"30-31","51_P",0.16
"30-31","52_P",0.4
"30-31","56_P",0.371428571428571
"30-31","57_P",0.214285714285714
"30-31","63_P",2.45714285714286
"30-31","70_P",0.603420493193612
"30-31","71_P",0.616619990917492
"30-31","72_P",0.380220213199088
"30-31","73_P",0.874241236504252
"30-31","74_P",0.449890864818087
"30-31","76_P",0.571428571428571
"30-31","78_P",0.685714285714286
"30-31","79_P",0.6
"30-31","8_P",0.476190476190476
"30-31","80_P",0.717948717948718
"30-31","82_P",0.5
"30-31","83_P",0.847318545736323
"30-31","84_P",0.793480140686703
"30-31","85_P",0.388888888888889
"30-31","86_P",0.623609564462324
"30-31","87_P",0.266666666666667
"30-31","88_P",0.122222222222222
"30-31","89_P",0.277777777777778
"30-31","90_P",0.111111111111111
"30-31","91_P",0.222222222222222
"30-31","92_P",0.166666666666667
"30-31","96_P",0.533333333333333
"30-31","97_P",0.752357023060229
"30-31","98_P",0.730296743340221
"31-32","1_P",0.6875
"31-32","101_P",0.238095238095238
"31-32","102_P",0.354838709677419
"31-32","103_P",0.3125
"31-32","104_P",5.5
"31-32","105_P",0.523809523809524
"31-32","106_P",0.27817728824596
"31-32","107_P",0.523809523809524
"31-32","108_P",0.0645161290322581
"31-32","109_P",0.354838709677419
"31-32","110_P",5.5
"31-32","111_P",0.245435069531322
"31-32","112_P",16.2380952380952
"31-32","113_P",0.354838709677419
"31-32","114_P",0.15748031496063
"31-32","115_P",0.333333333333333
"31-32","116_P",0.333333333333333
"31-32","117_P",0.354838709677419
"31-32","118_P",0.354838709677419
"31-32","119_P",11
"31-32","120_P",0.438121112391885
"31-32","121_P",0.147619047619048
"31-32","38_P",0.845154254728517
"31-32","39_P",0.628571428571429
"31-32","40_P",11
"31-32","43_P",0.523809523809524
"31-32","44_P",0.723746864455746
"31-32","45_P",0.5
"31-32","46_P",0.0238095238095238
"31-32","48_P",0.476190476190476
"31-32","49_P",0.0476190476190476
"31-32","5_P",7.6246189861594
"31-32","50_P",0.523809523809524
"31-32","51_P",0.285714285714286
"31-32","52_P",0.238095238095238
"31-32","56_P",0.354166666666667
"31-32","57_P",0.0909090909090909
"31-32","63_P",3.22857142857143
"31-32","70_P",0.584549511187415
"31-32","71_P",0.595401356760377
"31-32","72_P",0.354502775632097
"31-32","73_P",0.79734158414516
"31-32","74_P",0.437155453143224
"31-32","76_P",0.478260869565217
"31-32","78_P",0.714285714285714
"31-32","79_P",0.685714285714286
"31-32","8_P",0.375
"31-32","80_P",0.6875
"31-32","82_P",0.431787769588373
"31-32","83_P",0.82915619758885
"31-32","84_P",0.732402672733541
"31-32","85_P",0.354838709677419
"31-32","86_P",0.595683397181271
"31-32","87_P",0.333333333333333
"31-32","88_P",0.021505376344086
"31-32","89_P",0.193548387096774
"31-32","90_P",0.161290322580645
"31-32","91_P",0.32258064516129
"31-32","92_P",0.032258064516129
"31-32","96_P",0.352941176470588
"31-32","97_P",0.632861945165065
"31-32","98_P",0.594088525786005
"32-33","1_P",0.571428571428571
"32-33","101_P",0.2
"32-33","102_P",0.25
"32-33","103_P",0.25
"32-33","104_P",4
"32-33","105_P",0.4
"32-33","106_P",0.189207115002721
"32-33","107_P",0.4
"32-33","108_P",0
"32-33","109_P",0.25
"32-33","110_P",4
"32-33","111_P",0.173286795139986
"32-33","112_P",12.8
"32-33","113_P",0.25
"32-33","114_P",0.0869565217391304
"32-33","115_P",0.25
"32-33","116_P",0.25
"32-33","117_P",0.25
"32-33","118_P",0.25
"32-33","119_P",8
"32-33","120_P",0.321928094887362
"32-33","121_P",0.0894736842105263
"32-33","38_P",0.810643483377778
"32-33","39_P",0.457142857142857
"32-33","40_P",8
"32-33","43_P",0.4
"32-33","44_P",0.632455532033676
"32-33","45_P",0.4
"32-33","46_P",0
"32-33","48_P",0.4
"32-33","49_P",0
"32-33","5_P",5.54517744447956
"32-33","50_P",0.6
"32-33","51_P",0.2
"32-33","52_P",0.2
"32-33","56_P",0.25
"32-33","57_P",-0.5
"32-33","63_P",3.17142857142857
"32-33","70_P",0.529083185750701
"32-33","71_P",0.5
"32-33","72_P",0.25
"32-33","73_P",0.678620892538296
"32-33","74_P",0.321928106336744
"32-33","76_P",0.372093023255814
"32-33","78_P",0.657142857142857
"32-33","79_P",0.771428571428571
"32-33","8_P",0.25
"32-33","80_P",0.571428571428571
"32-33","82_P",0.35921060405355
"32-33","83_P",0.755928946018454
"32-33","84_P",0.638666373658505
"32-33","85_P",0.25
"32-33","86_P",0.5
"32-33","87_P",0.25
"32-33","88_P",0
"32-33","89_P",0
"32-33","90_P",0.25
"32-33","91_P",0.25
"32-33","92_P",0
"32-33","96_P",0.163265306122449
"32-33","97_P",0.459336969024329
"32-33","98_P",0.404061017820884
"33-34","1_P",0.684210526315789
"33-34","101_P",0.16
"33-34","102_P",0.351351351351351
"33-34","103_P",0.19047619047619
"33-34","104_P",6.5
"33-34","105_P",0.52
"33-34","106_P",0.264124074335649
"33-34","107_P",0.52
"33-34","108_P",0.27027027027027
"33-34","109_P",0.351351351351351
"33-34","110_P",6.5
"33-34","111_P",0.234379450982952
"33-34","112_P",19.24
"33-34","113_P",0.351351351351351
"33-34","114_P",0.130198915009042
"33-34","115_P",0.25
"33-34","116_P",0.25
"33-34","117_P",0.351351351351351
"33-34","118_P",0.351351351351351
"33-34","119_P",13
"33-34","120_P",0.434402824145775
"33-34","121_P",0.123333333333333
"33-34","38_P",0.810643483377778
"33-34","39_P",0.742857142857143
"33-34","40_P",13
"33-34","43_P",0.52
"33-34","44_P",0.721110255092798
"33-34","45_P",0.4
"33-34","46_P",0.12
"33-34","48_P",0.32
"33-34","49_P",0.2
"33-34","5_P",9.01091334727929
"33-34","50_P",0.68
"33-34","51_P",0.36
"33-34","52_P",0.16
"33-34","56_P",0.339285714285714
"33-34","57_P",0.0769230769230769
"33-34","63_P",5.25714285714286
"33-34","70_P",0.594360067145685
"33-34","71_P",0.587661747344527
"33-34","72_P",0.345346329292023
"33-34","73_P",0.84795298013834
"33-34","74_P",0.416211485999185
"33-34","76_P",0.541666666666667
"33-34","78_P",0.657142857142857
"33-34","79_P",0.628571428571429
"33-34","8_P",0.428571428571429
"33-34","80_P",0.684210526315789
"33-34","82_P",0.477566932940919
"33-34","83_P",0.827170191868511
"33-34","84_P",0.773696375040431
"33-34","85_P",0.351351351351351
"33-34","86_P",0.592748978363819
"33-34","87_P",0.25
"33-34","88_P",0.101351351351351
"33-34","89_P",0.243243243243243
"33-34","90_P",0.108108108108108
"33-34","91_P",0.216216216216216
"33-34","92_P",0.135135135135135
"33-34","96_P",0.461538461538462
"33-34","97_P",0.707778735729046
"33-34","98_P",0.679366220486757
"34-35","1_P",0.666666666666667
"34-35","101_P",0.192307692307692
"34-35","102_P",0.333333333333333
"34-35","103_P",0.238095238095238
"34-35","104_P",6.5
"34-35","105_P",0.5
"34-35","106_P",0.256195307608535
"34-35","107_P",0.5
"34-35","108_P",0.153846153846154
"34-35","109_P",0.333333333333333
"34-35","110_P",6.5
"34-35","111_P",0.228087555645507
"34-35","112_P",19.5
"34-35","113_P",0.333333333333333
"34-35","114_P",0.134228187919463
"34-35","115_P",0.380952380952381
"34-35","116_P",0.277777777777778
"34-35","117_P",0.333333333333333
"34-35","118_P",0.333333333333333
"34-35","119_P",13
"34-35","120_P",0.415037499278844
"34-35","121_P",0.126153846153846
"34-35","38_P",0.792824967172092
"34-35","39_P",0.742857142857143
"34-35","40_P",13
"34-35","43_P",0.5
"34-35","44_P",0.707106781186548
"34-35","45_P",0.434782608695652
"34-35","46_P",0.0652173913043478
"34-35","48_P",0.384615384615385
"34-35","49_P",0.115384615384615
"34-35","5_P",9.01091334727929
"34-35","50_P",0.615384615384615
"34-35","51_P",0.192307692307692
"34-35","52_P",0.307692307692308
"34-35","56_P",0.329365079365079
"34-35","57_P",0
"34-35","63_P",3.91428571428571
"34-35","70_P",0.597080825158672
"34-35","71_P",0.575631957212478
"34-35","72_P",0.331352150164268
"34-35","73_P",0.862138031057014
"34-35","74_P",0.408900037190507
"34-35","76_P",0.541666666666667
"34-35","78_P",0.628571428571429
"34-35","79_P",0.628571428571429
"34-35","8_P",0.380952380952381
"34-35","80_P",0.666666666666667
"34-35","82_P",0.477566932940919
"34-35","83_P",0.816496580927726
"34-35","84_P",0.780975016624858
"34-35","85_P",0.333333333333333
"34-35","86_P",0.577350269189626
"34-35","87_P",0.277777777777778
"34-35","88_P",0.0555555555555556
"34-35","89_P",0.205128205128205
"34-35","90_P",0.128205128205128
"34-35","91_P",0.256410256410256
"34-35","92_P",0.0769230769230769
"34-35","96_P",0.509554140127389
"34-35","97_P",0.737935727427228
"34-35","98_P",0.71383061024825
"35-36","1_P",0.444444444444444
"35-36","101_P",0.142857142857143
"35-36","102_P",0.166666666666667
"35-36","103_P",0.166666666666667
"35-36","104_P",3
"35-36","105_P",0.285714285714286
"35-36","106_P",0.122462048309373
"35-36","107_P",0.285714285714286
"35-36","108_P",0
"35-36","109_P",0.166666666666667
"35-36","110_P",3
"35-36","111_P",0.115524530093325
"35-36","112_P",10.2857142857143
"35-36","113_P",0.166666666666667
"35-36","114_P",0.0425531914893617
"35-36","115_P",0.166666666666667
"35-36","116_P",0.166666666666667
"35-36","117_P",0.166666666666667
"35-36","118_P",0.166666666666667
"35-36","119_P",6
"35-36","120_P",0.222392421336448
"35-36","121_P",0.0476190476190476
"35-36","38_P",0.755928946018454
"35-36","39_P",0.342857142857143
"35-36","40_P",6
"35-36","43_P",0.285714285714286
"35-36","44_P",0.534522483824849
"35-36","45_P",0.285714285714286
"35-36","46_P",0
"35-36","48_P",0.285714285714286
"35-36","49_P",0
"35-36","5_P",4.15888308335967
"35-36","50_P",0.714285714285714
"35-36","51_P",0.142857142857143
"35-36","52_P",0.142857142857143
"35-36","56_P",0.166666666666667
"35-36","57_P",-1.5
"35-36","63_P",2.62857142857143
"35-36","70_P",0.464845605098587
"35-36","71_P",0.408248290463863
"35-36","72_P",0.166666666666667
"35-36","73_P",0.585779186129006
"35-36","74_P",0.222392342657203
"35-36","76_P",0.292682926829268
"35-36","78_P",0.571428571428571
"35-36","79_P",0.828571428571429
"35-36","8_P",0.166666666666667
"35-36","80_P",0.444444444444444
"35-36","82_P",0.306186217847897
"35-36","83_P",0.666666666666667
"35-36","84_P",0.560112033611204
"35-36","85_P",0.166666666666667
"35-36","86_P",0.408248290463863
"35-36","87_P",0.166666666666667
"35-36","88_P",0
"35-36","89_P",0
"35-36","90_P",0.166666666666667
"35-36","91_P",0.166666666666667
"35-36","92_P",0
"35-36","96_P",0.0821917808219178
"35-36","97_P",0.343026171528043
"35-36","98_P",0.286691089540498
"36-37","1_P",0.551724137931034
"36-37","101_P",0.142857142857143
"36-37","102_P",0.235294117647059
"36-37","103_P",0.166666666666667
"36-37","104_P",4
"36-37","105_P",0.380952380952381
"36-37","106_P",0.175110694573617
"36-37","107_P",0.380952380952381
"36-37","108_P",0.117647058823529
"36-37","109_P",0.235294117647059
"36-37","110_P",4
"36-37","111_P",0.161362351306572
"36-37","112_P",12.952380952381
"36-37","113_P",0.235294117647059
"36-37","114_P",0.072992700729927
"36-37","115_P",0.277777777777778
"36-37","116_P",0.1875
"36-37","117_P",0.235294117647059
"36-37","118_P",0.235294117647059
"36-37","119_P",8
"36-37","120_P",0.304854581528421
"36-37","121_P",0.0761904761904762
"36-37","38_P",0.792824967172092
"36-37","39_P",0.457142857142857
"36-37","40_P",8
"36-37","43_P",0.380952380952381
"36-37","44_P",0.617213399848368
"36-37","45_P",0.315789473684211
"36-37","46_P",0.0651629072681704
"36-37","48_P",0.285714285714286
"36-37","49_P",0.0952380952380952
"36-37","5_P",5.54517744447956
"36-37","50_P",0.714285714285714
"36-37","51_P",0.142857142857143
"36-37","52_P",0.238095238095238
"36-37","56_P",0.232638888888889
"36-37","57_P",-0.625
"36-37","63_P",2
"36-37","70_P",0.523220473635341
"36-37","71_P",0.483702029884694
"36-37","72_P",0.233967653714573
"36-37","73_P",0.67264855117075
"36-37","74_P",0.299042444516871
"36-37","76_P",0.372093023255814
"36-37","78_P",0.628571428571429
"36-37","79_P",0.771428571428571
"36-37","8_P",0.277777777777778
"36-37","80_P",0.551724137931034
"36-37","82_P",0.35921060405355
"36-37","83_P",0.742781352708207
"36-37","84_P",0.635039747718062
"36-37","85_P",0.235294117647059
"36-37","86_P",0.485071250072666
"36-37","87_P",0.1875
"36-37","88_P",0.0477941176470588
"36-37","89_P",0.147058823529412
"36-37","90_P",0.0882352941176471
"36-37","91_P",0.176470588235294
"36-37","92_P",0.0588235294117647
"36-37","96_P",0.152284263959391
"36-37","97_P",0.446100621682066
"36-37","98_P",0.390236164340763
"37-38","1_P",0.666666666666667
"37-38","101_P",0.2
"37-38","102_P",0.333333333333333
"37-38","103_P",0.25
"37-38","104_P",5
"37-38","105_P",0.5
"37-38","106_P",0.257122260926253
"37-38","107_P",0.5
"37-38","108_P",0.133333333333333
"37-38","109_P",0.333333333333333
"37-38","110_P",5
"37-38","111_P",0.228825188940522
"37-38","112_P",15
"37-38","113_P",0.333333333333333
"37-38","114_P",0.136363636363636
"37-38","115_P",0.375
"37-38","116_P",0.285714285714286
"37-38","117_P",0.333333333333333
"37-38","118_P",0.333333333333333
"37-38","119_P",10
"37-38","120_P",0.415037499278844
"37-38","121_P",0.131578947368421
"37-38","38_P",0.845154254728517
"37-38","39_P",0.571428571428571
"37-38","40_P",10
"37-38","43_P",0.5
"37-38","44_P",0.707106781186548
"37-38","45_P",0.444444444444444
"37-38","46_P",0.0555555555555556
"37-38","48_P",0.4
"37-38","49_P",0.1
"37-38","5_P",6.93147180559945
"37-38","50_P",0.6
"37-38","51_P",0.2
"37-38","52_P",0.3
"37-38","56_P",0.330357142857143
"37-38","57_P",0
"37-38","63_P",6.22857142857143
"37-38","70_P",0.569028793904324
"37-38","71_P",0.576061537701433
"37-38","72_P",0.331846895218939
"37-38","73_P",0.760615793149365
"37-38","74_P",0.410450961508009
"37-38","76_P",0.444444444444444
"37-38","78_P",0.714285714285714
"37-38","79_P",0.714285714285714
"37-38","8_P",0.375
"37-38","80_P",0.666666666666667
"37-38","82_P",0.408248290463863
"37-38","83_P",0.816496580927726
"37-38","84_P",0.705873643748212
"37-38","85_P",0.333333333333333
"37-38","86_P",0.577350269189626
"37-38","87_P",0.285714285714286
"37-38","88_P",0.0476190476190476
"37-38","89_P",0.2
"37-38","90_P",0.133333333333333
"37-38","91_P",0.266666666666667
"37-38","92_P",0.0666666666666667
"37-38","96_P",0.275862068965517
"37-38","97_P",0.571428571428571
"37-38","98_P",0.52522573143889
"38-39","1_P",0.758620689655172
"38-39","101_P",0.222222222222222
"38-39","102_P",0.44
"38-39","103_P",0.285714285714286
"38-39","104_P",5.5
"38-39","105_P",0.611111111111111
"38-39","106_P",0.346848446390583
"38-39","107_P",0.611111111111111
"38-39","108_P",0.24
"38-39","109_P",0.44
"38-39","110_P",5.5
"38-39","111_P",0.297767379138804
"38-39","112_P",15.2777777777778
"38-39","113_P",0.44
"38-39","114_P",0.208955223880597
"38-39","115_P",0.5
"38-39","116_P",0.363636363636364
"38-39","117_P",0.44
"38-39","118_P",0.44
"38-39","119_P",11
"38-39","120_P",0.526068811667588
"38-39","121_P",0.189542483660131
"38-39","38_P",0.894427190999916
"38-39","39_P",0.628571428571429
"38-39","40_P",11
"38-39","43_P",0.611111111111111
"38-39","44_P",0.781735959970572
"38-39","45_P",0.533333333333333
"38-39","46_P",0.0777777777777778
"38-39","48_P",0.444444444444444
"38-39","49_P",0.166666666666667
"38-39","5_P",7.6246189861594
"38-39","50_P",0.555555555555556
"38-39","51_P",0.222222222222222
"38-39","52_P",0.388888888888889
"38-39","56_P",0.431818181818182
"38-39","57_P",0.363636363636364
"38-39","63_P",3.91428571428571
"38-39","70_P",0.592643054775754
"38-39","71_P",0.660245352260986
"38-39","72_P",0.435923925182234
"38-39","73_P",0.820586808351655
"38-39","74_P",0.516403586935314
"38-39","76_P",0.478260869565217
"38-39","78_P",0.8
"38-39","79_P",0.685714285714286
"38-39","8_P",0.5
"38-39","80_P",0.758620689655172
"38-39","82_P",0.431787769588373
"38-39","83_P",0.870988340711385
"38-39","84_P",0.75687444699556
"38-39","85_P",0.44
"38-39","86_P",0.66332495807108
"38-39","87_P",0.363636363636364
"38-39","88_P",0.0763636363636364
"38-39","89_P",0.28
"38-39","90_P",0.16
"38-39","91_P",0.32
"38-39","92_P",0.12
"38-39","96_P",0.380952380952381
"38-39","97_P",0.653263269420819
"38-39","98_P",0.617213399848368
"39-40","1_P",0.636363636363636
"39-40","101_P",0.2
"39-40","102_P",0.304347826086957
"39-40","103_P",0.25
"39-40","104_P",3.5
"39-40","105_P",0.466666666666667
"39-40","106_P",0.233693308267453
"39-40","107_P",0.466666666666667
"39-40","108_P",0.0869565217391304
"39-40","109_P",0.304347826086957
"39-40","110_P",3.5
"39-40","111_P",0.210012359964054
"39-40","112_P",10.7333333333333
"39-40","113_P",0.304347826086957
"39-40","114_P",0.119402985074627
"39-40","115_P",0.272727272727273
"39-40","116_P",0.272727272727273
"39-40","117_P",0.304347826086957
"39-40","118_P",0.304347826086957
"39-40","119_P",7
"39-40","120_P",0.383328639551506
"39-40","121_P",0.123809523809524
"39-40","38_P",0.87831006565368
"39-40","39_P",0.4
"39-40","40_P",7
"39-40","43_P",0.466666666666667
"39-40","44_P",0.683130051063973
"39-40","45_P",0.428571428571429
"39-40","46_P",0.0380952380952381
"39-40","48_P",0.4
"39-40","49_P",0.0666666666666667
"39-40","5_P",4.85203026391962
"39-40","50_P",0.6
"39-40","51_P",0.266666666666667
"39-40","52_P",0.2
"39-40","56_P",0.303030303030303
"39-40","57_P",-0.142857142857143
"39-40","63_P",2.65714285714286
"39-40","70_P",0.512293400517752
"39-40","71_P",0.551080190332776
"39-40","72_P",0.303689376177209
"39-40","73_P",0.672098546703971
"39-40","74_P",0.381119040346916
"39-40","76_P",0.333333333333333
"39-40","78_P",0.771428571428571
"39-40","79_P",0.8
"39-40","8_P",0.333333333333333
"39-40","80_P",0.636363636363636
"39-40","82_P",0.333333333333333
"39-40","83_P",0.797724035217466
"39-40","84_P",0.638170066701777
"39-40","85_P",0.304347826086957
"39-40","86_P",0.551677284367371
"39-40","87_P",0.272727272727273
"39-40","88_P",0.0316205533596838
"39-40","89_P",0.173913043478261
"39-40","90_P",0.130434782608696
"39-40","91_P",0.260869565217391
"39-40","92_P",0.0434782608695652
"39-40","96_P",0.13953488372093
"39-40","97_P",0.429970332438018
"39-40","98_P",0.373543683818814
"40-41","1_P",0.375
"40-41","101_P",0.0769230769230769
"40-41","102_P",0.130434782608696
"40-41","103_P",0.0833333333333333
"40-41","104_P",1.5
"40-41","105_P",0.230769230769231
"40-41","106_P",0.0935890835062343
"40-41","107_P",0.230769230769231
"40-41","108_P",0.0869565217391304
"40-41","109_P",0.130434782608696
"40-41","110_P",1.5
"40-41","111_P",0.0894650242144981
"40-41","112_P",5.30769230769231
"40-41","113_P",0.130434782608696
"40-41","114_P",0.0242424242424242
"40-41","115_P",0.166666666666667
"40-41","116_P",0.0909090909090909
"40-41","117_P",0.130434782608696
"40-41","118_P",0.130434782608696
"40-41","119_P",3
"40-41","120_P",0.176877762084079
"40-41","121_P",0.0384615384615385
"40-41","38_P",0.845154254728517
"40-41","39_P",0.171428571428571
"40-41","40_P",3
"40-41","43_P",0.230769230769231
"40-41","44_P",0.480384461415261
"40-41","45_P",0.166666666666667
"40-41","46_P",0.0641025641025641
"40-41","48_P",0.153846153846154
"40-41","49_P",0.0769230769230769
"40-41","5_P",2.07944154167984
"40-41","50_P",0.846153846153846
"40-41","51_P",0.0769230769230769
"40-41","52_P",0.153846153846154
"40-41","56_P",0.128787878787879
"40-41","57_P",-2.33333333333333
"40-41","63_P",2.28571428571429
"40-41","70_P",0.213348428699843
"40-41","71_P",0.360016277717426
"40-41","72_P",0.129611720221511
"40-41","73_P",0.438626445704691
"40-41","74_P",0.170311722974979
"40-41","76_P",0.157894736842105
"40-41","78_P",0.714285714285714
"40-41","79_P",0.914285714285714
"40-41","8_P",0.166666666666667
"40-41","80_P",0.375
"40-41","82_P",0.21160368475758
"40-41","83_P",0.612372435695794
"40-41","84_P",0.430097572414629
"40-41","85_P",0.130434782608696
"40-41","86_P",0.361157559257308
"40-41","87_P",0.0909090909090909
"40-41","88_P",0.0395256916996047
"40-41","89_P",0.0869565217391304
"40-41","90_P",0.0434782608695652
"40-41","91_P",0.0869565217391304
"40-41","92_P",0.0434782608695652
"40-41","96_P",0.018018018018018
"40-41","97_P",0.174093366636725
"40-41","98_P",0.134231211042805
"41-42","1_P",0.555555555555556
"41-42","101_P",0.153846153846154
"41-42","102_P",0.238095238095238
"41-42","103_P",0.181818181818182
"41-42","104_P",2.5
"41-42","105_P",0.384615384615385
"41-42","106_P",0.178097474147419
"41-42","107_P",0.384615384615385
"41-42","108_P",0.0952380952380952
"41-42","109_P",0.238095238095238
"41-42","110_P",2.5
"41-42","111_P",0.163900827262391
"41-42","112_P",8.07692307692308
"41-42","113_P",0.238095238095238
"41-42","114_P",0.0764331210191083
"41-42","115_P",0.272727272727273
"41-42","116_P",0.2
"41-42","117_P",0.238095238095238
"41-42","118_P",0.238095238095238
"41-42","119_P",5
"41-42","120_P",0.308122295362332
"41-42","121_P",0.0897435897435897
"41-42","38_P",0.87831006565368
"41-42","39_P",0.285714285714286
"41-42","40_P",5
"41-42","43_P",0.384615384615385
"41-42","44_P",0.620173672946042
"41-42","45_P",0.333333333333333
"41-42","46_P",0.0512820512820513
"41-42","48_P",0.307692307692308
"41-42","49_P",0.0769230769230769
"41-42","5_P",3.46573590279973
"41-42","50_P",0.692307692307692
"41-42","51_P",0.153846153846154
"41-42","52_P",0.230769230769231
"41-42","56_P",0.236363636363636
"41-42","57_P",-0.6
"41-42","63_P",1.91428571428571
"41-42","70_P",0.424231693476405
"41-42","71_P",0.487062551017347
"41-42","72_P",0.237229928603526
"41-42","73_P",0.581614904780393
"41-42","74_P",0.304399996074497
"41-42","76_P",0.25
"41-42","78_P",0.771428571428571
"41-42","79_P",0.857142857142857
"41-42","8_P",0.272727272727273
"41-42","80_P",0.555555555555556
"41-42","82_P",0.277350098112614
"41-42","83_P",0.74535599249993
"41-42","84_P",0.561178161672262
"41-42","85_P",0.238095238095238
"41-42","86_P",0.487950036474267
"41-42","87_P",0.2
"41-42","88_P",0.0380952380952381
"41-42","89_P",0.142857142857143
"41-42","90_P",0.0952380952380952
"41-42","91_P",0.19047619047619
"41-42","92_P",0.0476190476190476
"41-42","96_P",0.0659340659340659
"41-42","97_P",0.31171945433581
"41-42","98_P",0.256776295506548
"42-43","1_P",0.695652173913043
"42-43","101_P",0.2
"42-43","102_P",0.363636363636364
"42-43","103_P",0.25
"42-43","104_P",4
"42-43","105_P",0.533333333333333
"42-43","106_P",0.281351753504212
"42-43","107_P",0.533333333333333
"42-43","108_P",0.181818181818182
"42-43","109_P",0.363636363636364
"42-43","110_P",4
"42-43","111_P",0.24791557812033
"42-43","112_P",11.7333333333333
"42-43","113_P",0.363636363636364
"42-43","114_P",0.153846153846154
"42-43","115_P",0.3
"42-43","116_P",0.3
"42-43","117_P",0.363636363636364
"42-43","118_P",0.363636363636364
"42-43","119_P",8
"42-43","120_P",0.447458976971221
"42-43","121_P",0.152380952380952
"42-43","38_P",0.894427190999916
"42-43","39_P",0.457142857142857
"42-43","40_P",8
"42-43","43_P",0.533333333333333
"42-43","44_P",0.730296743340221
"42-43","45_P",0.461538461538462
"42-43","46_P",0.0717948717948718
"42-43","48_P",0.4
"42-43","49_P",0.133333333333333
"42-43","5_P",5.54517744447956
"42-43","50_P",0.6
"42-43","51_P",0.333333333333333
"42-43","52_P",0.2
"42-43","56_P",0.358333333333333
"42-43","57_P",0.125
"42-43","63_P",3.14285714285714
"42-43","70_P",0.541444422783538
"42-43","71_P",0.600824724505663
"42-43","72_P",0.360990349577306
"42-43","73_P",0.723970394928687
"42-43","74_P",0.439914849238718
"42-43","76_P",0.372093023255814
"42-43","78_P",0.8
"42-43","79_P",0.771428571428571
"42-43","8_P",0.416666666666667
"42-43","80_P",0.695652173913043
"42-43","82_P",0.35921060405355
"42-43","83_P",0.834057656228299
"42-43","84_P",0.683395279952374
"42-43","85_P",0.363636363636364
"42-43","86_P",0.603022689155527
"42-43","87_P",0.3
"42-43","88_P",0.0636363636363636
"42-43","89_P",0.227272727272727
"42-43","90_P",0.136363636363636
"42-43","91_P",0.272727272727273
"42-43","92_P",0.0909090909090909
"42-43","96_P",0.193548387096774
"42-43","97_P",0.493212111192934
"42-43","98_P",0.43994134506406
"43-44","1_P",0.736842105263158
"43-44","101_P",0
"43-44","102_P",0.411764705882353
"43-44","103_P",0
"43-44","104_P",3.5
"43-44","105_P",0.583333333333333
"43-44","106_P",0.219040243815636
"43-44","107_P",0.583333333333333
"43-44","108_P",0.823529411764706
"43-44","109_P",0.411764705882353
"43-44","110_P",3.5
"43-44","111_P",0.198063863748807
"43-44","112_P",9.91666666666667
"43-44","113_P",0.411764705882353
"43-44","114_P",0
"43-44","115_P",0.583333333333333
"43-44","116_P",0
"43-44","117_P",0.411764705882353
"43-44","118_P",0.411764705882353
"43-44","119_P",7
"43-44","120_P",0.497499659470817
"43-44","121_P",0.0151515151515152
"43-44","38_P",0.925820099772552
"43-44","39_P",0.4
"43-44","40_P",7
"43-44","43_P",0.583333333333333
"43-44","44_P",0.763762615825973
"43-44","45_P",0
"43-44","46_P",0.583333333333333
"43-44","48_P",0
"43-44","49_P",0.583333333333333
"43-44","5_P",4.85203026391962
"43-44","50_P",1
"43-44","51_P",0
"43-44","52_P",0.583333333333333
"43-44","56_P",0.291666666666667
"43-44","57_P",0.285714285714286
"43-44","63_P",3.31428571428571
"43-44","70_P",0
"43-44","71_P",0.595401356760377
"43-44","72_P",0.354502775632097
"43-44","73_P",0.659398085180387
"43-44","74_P",0.0505716108946665
"43-44","76_P",0.333333333333333
"43-44","78_P",0.857142857142857
"43-44","79_P",0.8
"43-44","8_P",0.583333333333333
"43-44","80_P",0.736842105263158
"43-44","82_P",0.333333333333333
"43-44","83_P",0.858395075278952
"43-44","84_P",0.659398085180387
"43-44","85_P",0.411764705882353
"43-44","86_P",0.641688947919748
"43-44","87_P",0
"43-44","88_P",0.411764705882353
"43-44","89_P",0.411764705882353
"43-44","90_P",0
"43-44","91_P",0
"43-44","92_P",0.411764705882353
"43-44","96_P",0
"43-44","97_P",0
"43-44","98_P",0
"44-45","1_P",0.875
"44-45","101_P",0.0555555555555556
"44-45","102_P",0.636363636363636
"44-45","103_P",0.0588235294117647
"44-45","104_P",7
"44-45","105_P",0.777777777777778
"44-45","106_P",0.328308554088641
"44-45","107_P",0.777777777777778
"44-45","108_P",1.09090909090909
"44-45","109_P",0.636363636363636
"44-45","110_P",7
"44-45","111_P",0.283906369012601
"44-45","112_P",17.1111111111111
"44-45","113_P",0.636363636363636
"44-45","114_P",0.087248322147651
"44-45","115_P",0.2
"44-45","116_P",0.2
"44-45","117_P",0.636363636363636
"44-45","118_P",0.636363636363636
"44-45","119_P",14
"44-45","120_P",0.710493382805015
"44-45","121_P",0.0915032679738562
"44-45","38_P",0.94112394811432
"44-45","39_P",0.8
"44-45","40_P",14
"44-45","43_P",0.777777777777778
"44-45","44_P",0.881917103688197
"44-45","45_P",0.333333333333333
"44-45","46_P",0.444444444444444
"44-45","48_P",0.111111111111111
"44-45","49_P",0.666666666666667
"44-45","5_P",9.70406052783923
"44-45","50_P",0.888888888888889
"44-45","51_P",0.722222222222222
"44-45","52_P",0.0555555555555556
"44-45","56_P",0.482352941176471
"44-45","57_P",0.714285714285714
"44-45","63_P",4.57142857142857
"44-45","70_P",0.585074636075823
"44-45","71_P",0.752422145050694
"44-45","72_P",0.566139084362688
"44-45","73_P",0.862138031057014
"44-45","74_P",0.552250489065602
"44-45","76_P",0.571428571428571
"44-45","78_P",0.885714285714286
"44-45","79_P",0.6
"44-45","8_P",0.764705882352941
"44-45","80_P",0.875
"44-45","82_P",0.5
"44-45","83_P",0.935414346693485
"44-45","84_P",0.826198027686856
"44-45","85_P",0.636363636363636
"44-45","86_P",0.797724035217466
"44-45","87_P",0.2
"44-45","88_P",0.436363636363636
"44-45","89_P",0.590909090909091
"44-45","90_P",0.0454545454545455
"44-45","91_P",0.0909090909090909
"44-45","92_P",0.545454545454545
"44-45","96_P",0.320987654320988
"44-45","97_P",0.608441363441346
"44-45","98_P",0.566557723732532
"45-46","1_P",0.416666666666667
"45-46","101_P",0.105263157894737
"45-46","102_P",0.151515151515152
"45-46","103_P",0.117647058823529
"45-46","104_P",2.5
"45-46","105_P",0.263157894736842
"45-46","106_P",0.110225439073914
"45-46","107_P",0.263157894736842
"45-46","108_P",0.0606060606060606
"45-46","109_P",0.151515151515152
"45-46","110_P",2.5
"45-46","111_P",0.10456309296737
"45-46","112_P",8.68421052631579
"45-46","113_P",0.151515151515152
"45-46","114_P",0.0343839541547278
"45-46","115_P",0.176470588235294
"45-46","116_P",0.125
"45-46","117_P",0.151515151515152
"45-46","118_P",0.151515151515152
"45-46","119_P",5
"45-46","120_P",0.203533394085132
"45-46","121_P",0.0409356725146199
"45-46","38_P",0.774596669241483
"45-46","39_P",0.285714285714286
"45-46","40_P",5
"45-46","43_P",0.263157894736842
"45-46","44_P",0.512989176042577
"45-46","45_P",0.222222222222222
"45-46","46_P",0.0409356725146199
"45-46","48_P",0.210526315789474
"45-46","49_P",0.0526315789473684
"45-46","5_P",3.46573590279973
"45-46","50_P",0.789473684210526
"45-46","51_P",0.105263157894737
"45-46","52_P",0.157894736842105
"45-46","56_P",0.150735294117647
"45-46","57_P",-1.8
"45-46","63_P",3.48571428571429
"45-46","70_P",0.41398810083335
"45-46","71_P",0.388748392116076
"45-46","72_P",0.151125312372835
"45-46","73_P",0.534080574330432
"45-46","74_P",0.200909597832182
"45-46","76_P",0.25
"45-46","78_P",0.6
"45-46","79_P",0.857142857142857
"45-46","8_P",0.176470588235294
"45-46","80_P",0.416666666666667
"45-46","82_P",0.277350098112614
"45-46","83_P",0.645497224367903
"45-46","84_P",0.515334670862546
"45-46","85_P",0.151515151515151
"45-46","86_P",0.389249472080761
"45-46","87_P",0.125
"45-46","88_P",0.0265151515151515
"45-46","89_P",0.0909090909090909
"45-46","90_P",0.0606060606060606
"45-46","91_P",0.121212121212121
"45-46","92_P",0.0303030303030303
"45-46","96_P",0.0521739130434783
"45-46","97_P",0.281289959262814
"45-46","98_P",0.228416096288064
"46-47","1_P",0.5
"46-47","101_P",0.111111111111111
"46-47","102_P",0.2
"46-47","103_P",0.125
"46-47","104_P",3
"46-47","105_P",0.333333333333333
"46-47","106_P",0.146146636153615
"46-47","107_P",0.333333333333333
"46-47","108_P",0.133333333333333
"46-47","109_P",0.2
"46-47","110_P",3
"46-47","111_P",0.136405564865862
"46-47","112_P",10
"46-47","113_P",0.2
"46-47","114_P",0.051948051948052
"46-47","115_P",0.25
"46-47","116_P",0.142857142857143
"46-47","117_P",0.2
"46-47","118_P",0.2
"46-47","119_P",6
"46-47","120_P",0.263034405833794
"46-47","121_P",0.0588235294117647
"46-47","38_P",0.810643483377778
"46-47","39_P",0.342857142857143
"46-47","40_P",6
"46-47","43_P",0.333333333333333
"46-47","44_P",0.577350269189626
"46-47","45_P",0.25
"46-47","46_P",0.0833333333333333
"46-47","48_P",0.222222222222222
"46-47","49_P",0.111111111111111
"46-47","5_P",4.15888308335967
"46-47","50_P",0.777777777777778
"46-47","51_P",0.111111111111111
"46-47","52_P",0.222222222222222
"46-47","56_P",0.196428571428571
"46-47","57_P",-1
"46-47","63_P",2.48571428571429
"46-47","70_P",0.457724501303509
"46-47","71_P",0.445214863029893
"46-47","72_P",0.198216274262727
"46-47","73_P",0.586847451977781
"46-47","74_P",0.253717469373746
"46-47","76_P",0.292682926829268
"46-47","78_P",0.657142857142857
"46-47","79_P",0.828571428571429
"46-47","8_P",0.25
"46-47","80_P",0.5
"46-47","82_P",0.306186217847897
"46-47","83_P",0.707106781186548
"46-47","84_P",0.563587027242638
"46-47","85_P",0.2
"46-47","86_P",0.447213595499958
"46-47","87_P",0.142857142857143
"46-47","88_P",0.0571428571428571
"46-47","89_P",0.133333333333333
"46-47","90_P",0.0666666666666667
"46-47","91_P",0.133333333333333
"46-47","92_P",0.0666666666666667
"46-47","96_P",0.0754716981132075
"46-47","97_P",0.330592038300493
"46-47","98_P",0.274721127897378
"47-48","1_P",0.64
"47-48","101_P",0.176470588235294
"47-48","102_P",0.307692307692308
"47-48","103_P",0.214285714285714
"47-48","104_P",4
"47-48","105_P",0.470588235294118
"47-48","106_P",0.234066175681528
"47-48","107_P",0.470588235294118
"47-48","108_P",0.153846153846154
"47-48","109_P",0.307692307692308
"47-48","110_P",4
"47-48","111_P",0.210314551015765
"47-48","112_P",12.2352941176471
"47-48","113_P",0.307692307692308
"47-48","114_P",0.115830115830116
"47-48","115_P",0.357142857142857
"47-48","116_P",0.25
"47-48","117_P",0.307692307692308
"47-48","118_P",0.307692307692308
"47-48","119_P",8
"47-48","120_P",0.387023123109247
"47-48","121_P",0.117647058823529
"47-48","38_P",0.861891607371335
"47-48","39_P",0.457142857142857
"47-48","40_P",8
"47-48","43_P",0.470588235294118
"47-48","44_P",0.685994340570035
"47-48","45_P",0.4
"47-48","46_P",0.0705882352941176
"47-48","48_P",0.352941176470588
"47-48","49_P",0.117647058823529
"47-48","5_P",5.54517744447956
"47-48","50_P",0.647058823529412
"47-48","51_P",0.176470588235294
"47-48","52_P",0.294117647058824
"47-48","56_P",0.303571428571429
"47-48","57_P",-0.125
"47-48","63_P",3.6
"47-48","70_P",0.532397298759473
"47-48","71_P",0.552842586249094
"47-48","72_P",0.305634925170586
"47-48","73_P",0.695667415837381
"47-48","74_P",0.380106929605164
"47-48","76_P",0.372093023255814
"47-48","78_P",0.742857142857143
"47-48","79_P",0.771428571428571
"47-48","8_P",0.357142857142857
"47-48","80_P",0.64
"47-48","82_P",0.35921060405355
"47-48","83_P",0.8
"47-48","84_P",0.656730775869357
"47-48","85_P",0.307692307692308
"47-48","86_P",0.554700196225229
"47-48","87_P",0.25
"47-48","88_P",0.0576923076923077
"47-48","89_P",0.192307692307692
"47-48","90_P",0.115384615384615
"47-48","91_P",0.230769230769231
"47-48","92_P",0.0769230769230769
"47-48","96_P",0.169491525423729
"47-48","97_P",0.466599050006326
"47-48","98_P",0.411693484796309
"48-49","1_P",0.608695652173913
"48-49","101_P",0.1875
"48-49","102_P",0.28
"48-49","103_P",0.230769230769231
"48-49","104_P",3.5
"48-49","105_P",0.4375
"48-49","106_P",0.21322365793944
"48-49","107_P",0.4375
"48-49","108_P",0.08
"48-49","109_P",0.28
"48-49","110_P",3.5
"48-49","111_P",0.1932809970868
"48-49","112_P",10.9375
"48-49","113_P",0.28
"48-49","114_P",0.103448275862069
"48-49","115_P",0.25
"48-49","116_P",0.25
"48-49","117_P",0.28
"48-49","118_P",0.28
"48-49","119_P",7
"48-49","120_P",0.356143810225276
"48-49","121_P",0.108333333333333
"48-49","38_P",0.861891607371335
"48-49","39_P",0.4
"48-49","40_P",7
"48-49","43_P",0.4375
"48-49","44_P",0.661437827766148
"48-49","45_P",0.4
"48-49","46_P",0.0375
"48-49","48_P",0.375
"48-49","49_P",0.0625
"48-49","5_P",4.85203026391962
"48-49","50_P",0.625
"48-49","51_P",0.25
"48-49","52_P",0.1875
"48-49","56_P",0.278846153846154
"48-49","57_P",-0.285714285714286
"48-49","63_P",3.42857142857143
"48-49","70_P",0.508373037022905
"48-49","71_P",0.528605058505032
"48-49","72_P",0.279423307877108
"48-49","73_P",0.658843004448617
"48-49","74_P",0.354042377217345
"48-49","76_P",0.333333333333333
"48-49","78_P",0.742857142857143
"48-49","79_P",0.8
"48-49","8_P",0.307692307692308
"48-49","80_P",0.608695652173913
"48-49","82_P",0.333333333333333
"48-49","83_P",0.780189497605494
"48-49","84_P",0.625589894557192
"48-49","85_P",0.28
"48-49","86_P",0.529150262212918
"48-49","87_P",0.25
"48-49","88_P",0.03
"48-49","89_P",0.16
"48-49","90_P",0.12
"48-49","91_P",0.24
"48-49","92_P",0.04
"48-49","96_P",0.131147540983607
"48-49","97_P",0.418855429077038
"48-49","98_P",0.362142984170074
"49-50","1_P",0.666666666666667
"49-50","101_P",0.1875
"49-50","102_P",0.333333333333333
"49-50","103_P",0.230769230769231
"49-50","104_P",4
"49-50","105_P",0.5
"49-50","106_P",0.255548850406648
"49-50","107_P",0.5
"49-50","108_P",0.166666666666667
"49-50","109_P",0.333333333333333
"49-50","110_P",4
"49-50","111_P",0.22757280798373
"49-50","112_P",12
"49-50","113_P",0.333333333333333
"49-50","114_P",0.132743362831858
"49-50","115_P",0.384615384615385
"49-50","116_P",0.272727272727273
"49-50","117_P",0.333333333333333
"49-50","118_P",0.333333333333333
"49-50","119_P",8
"49-50","120_P",0.415037499278844
"49-50","121_P",0.133333333333333
"49-50","38_P",0.87831006565368
"49-50","39_P",0.457142857142857
"49-50","40_P",8
"49-50","43_P",0.5
"49-50","44_P",0.707106781186548
"49-50","45_P",0.428571428571429
"49-50","46_P",0.0714285714285715
"49-50","48_P",0.375
"49-50","49_P",0.125
"49-50","5_P",5.54517744447956
"49-50","50_P",0.625
"49-50","51_P",0.1875
"49-50","52_P",0.3125
"49-50","56_P",0.328671328671329
"49-50","57_P",0
"49-50","63_P",3.68571428571429
"49-50","70_P",0.536360297642721
"49-50","71_P",0.575331549625368
"49-50","72_P",0.331006391994327
"49-50","73_P",0.708109566006931
"49-50","74_P",0.407809002521574
"49-50","76_P",0.372093023255814
"49-50","78_P",0.771428571428571
"49-50","79_P",0.771428571428571
"49-50","8_P",0.384615384615385
"49-50","80_P",0.666666666666667
"49-50","82_P",0.35921060405355
"49-50","83_P",0.816496580927726
"49-50","84_P",0.668453449484615
"49-50","85_P",0.333333333333333
"49-50","86_P",0.577350269189626
"49-50","87_P",0.272727272727273
"49-50","88_P",0.0606060606060606
"49-50","89_P",0.208333333333333
"49-50","90_P",0.125
"49-50","91_P",0.25
"49-50","92_P",0.0833333333333333
"49-50","96_P",0.179640718562874
"49-50","97_P",0.478092635697128
"49-50","98_P",0.423840439980512
"50-51","1_P",0.5
"50-51","101_P",0.0666666666666667
"50-51","102_P",0.2
"50-51","103_P",0.0714285714285714
"50-51","104_P",2.5
"50-51","105_P",0.333333333333333
"50-51","106_P",0.140437608443979
"50-51","107_P",0.333333333333333
"50-51","108_P",0.24
"50-51","109_P",0.2
"50-51","110_P",2.5
"50-51","111_P",0.131412055804417
"50-51","112_P",8.33333333333333
"50-51","113_P",0.2
"50-51","114_P",0.0368663594470046
"50-51","115_P",0.0909090909090909
"50-51","116_P",0.0909090909090909
"50-51","117_P",0.2
"50-51","118_P",0.2
"50-51","119_P",5
"50-51","120_P",0.263034405833794
"50-51","121_P",0.0476190476190476
"50-51","38_P",0.845154254728517
"50-51","39_P",0.285714285714286
"50-51","40_P",5
"50-51","43_P",0.333333333333333
"50-51","44_P",0.577350269189626
"50-51","45_P",0.166666666666667
"50-51","46_P",0.166666666666667
"50-51","48_P",0.133333333333333
"50-51","49_P",0.2
"50-51","5_P",3.46573590279973
"50-51","50_P",0.866666666666667
"50-51","51_P",0.266666666666667
"50-51","52_P",0.0666666666666667
"50-51","56_P",0.188311688311688
"50-51","57_P",-1
"50-51","63_P",2.71428571428571
"50-51","70_P",0.375499706872391
"50-51","71_P",0.440655234820398
"50-51","72_P",0.19417703597462
"50-51","73_P",0.544493828540372
"50-51","74_P",0.229810972386864
"50-51","76_P",0.25
"50-51","78_P",0.714285714285714
"50-51","79_P",0.857142857142857
"50-51","8_P",0.285714285714286
"50-51","80_P",0.5
"50-51","82_P",0.277350098112614
"50-51","83_P",0.707106781186548
"50-51","84_P",0.531145786242741
"50-51","85_P",0.2
"50-51","86_P",0.447213595499958
"50-51","87_P",0.0909090909090909
"50-51","88_P",0.109090909090909
"50-51","89_P",0.16
"50-51","90_P",0.04
"50-51","91_P",0.08
"50-51","92_P",0.12
"50-51","96_P",0.0392156862745098
"50-51","97_P",0.247798686198591
"50-51","98_P",0.198029508595335
"51-52","1_P",0.421052631578947
"51-52","101_P",0.0666666666666667
"51-52","102_P",0.153846153846154
"51-52","103_P",0.0714285714285714
"51-52","104_P",2
"51-52","105_P",0.266666666666667
"51-52","106_P",0.109241582999042
"51-52","107_P",0.266666666666667
"51-52","108_P",0.153846153846154
"51-52","109_P",0.153846153846154
"51-52","110_P",2
"51-52","111_P",0.103676523237312
"51-52","112_P",6.93333333333333
"51-52","113_P",0.153846153846154
"51-52","114_P",0.0273972602739726
"51-52","115_P",0.214285714285714
"51-52","116_P",0.0833333333333333
"51-52","117_P",0.153846153846154
"51-52","118_P",0.153846153846154
"51-52","119_P",4
"51-52","120_P",0.206450877467426
"51-52","121_P",0.0380952380952381
"51-52","38_P",0.828078671210825
"51-52","39_P",0.228571428571429
"51-52","40_P",4
"51-52","43_P",0.266666666666667
"51-52","44_P",0.516397779494322
"51-52","45_P",0.153846153846154
"51-52","46_P",0.112820512820513
"51-52","48_P",0.133333333333333
"51-52","49_P",0.133333333333333
"51-52","5_P",2.77258872223978
"51-52","50_P",0.866666666666667
"51-52","51_P",0.0666666666666667
"51-52","52_P",0.2
"51-52","56_P",0.148809523809524
"51-52","57_P",-1.75
"51-52","63_P",1.51428571428571
"51-52","70_P",0.312937199126025
"51-52","71_P",0.389013592575497
"51-52","72_P",0.151331575208494
"51-52","73_P",0.488074338463276
"51-52","74_P",0.188618227634715
"51-52","76_P",0.205128205128205
"51-52","78_P",0.685714285714286
"51-52","79_P",0.885714285714286
"51-52","8_P",0.214285714285714
"51-52","80_P",0.421052631578947
"51-52","82_P",0.246182981958665
"51-52","83_P",0.64888568452305
"51-52","84_P",0.477163485159527
"51-52","85_P",0.153846153846154
"51-52","86_P",0.392232270276368
"51-52","87_P",0.0833333333333333
"51-52","88_P",0.0705128205128205
"51-52","89_P",0.115384615384615
"51-52","90_P",0.0384615384615385
"51-52","91_P",0.0769230769230769
"51-52","92_P",0.0769230769230769
"51-52","96_P",0.0269058295964126
"51-52","97_P",0.209128711127468
"51-52","98_P",0.164029965544142
"52-53","1_P",0.333333333333333
"52-53","101_P",0
"52-53","102_P",0.111111111111111
"52-53","103_P",0
"52-53","104_P",1.5
"52-53","105_P",0.2
"52-53","106_P",0.0733995370129852
"52-53","107_P",0.2
"52-53","108_P",0.222222222222222
"52-53","109_P",0.111111111111111
"52-53","110_P",1.5
"52-53","111_P",0.0708307494329272
"52-53","112_P",5.4
"52-53","113_P",0.111111111111111
"52-53","114_P",0
"52-53","115_P",0
"52-53","116_P",0
"52-53","117_P",0.111111111111111
"52-53","118_P",0.111111111111111
"52-53","119_P",3
"52-53","120_P",0.15200309344505
"52-53","121_P",0.00952380952380952
"52-53","38_P",0.810643483377778
"52-53","39_P",0.171428571428571
"52-53","40_P",3
"52-53","43_P",0.2
"52-53","44_P",0.447213595499958
"52-53","45_P",0
"52-53","46_P",0.2
"52-53","48_P",0
"52-53","49_P",0.2
"52-53","5_P",2.07944154167984
"52-53","50_P",1
"52-53","51_P",0.2
"52-53","52_P",0
"52-53","56_P",0.1
"52-53","57_P",-3
"52-53","63_P",1.51428571428571
"52-53","70_P",0
"52-53","71_P",0.324919696232906
"52-53","72_P",0.105572809000084
"52-53","73_P",0.407360213780999
"52-53","74_P",0.0134133565347273
"52-53","76_P",0.157894736842105
"52-53","78_P",0.657142857142857
"52-53","79_P",0.914285714285714
"52-53","8_P",0.2
"52-53","80_P",0.333333333333333
"52-53","82_P",0.21160368475758
"52-53","83_P",0.577350269189626
"52-53","84_P",0.407360213780999
"52-53","85_P",0.111111111111111
"52-53","86_P",0.333333333333333
"52-53","87_P",0
"52-53","88_P",0.111111111111111
"52-53","89_P",0.111111111111111
"52-53","90_P",0
"52-53","91_P",0
"52-53","92_P",0.111111111111111
"52-53","96_P",0
"52-53","97_P",0
"52-53","98_P",0
"53-54","1_P",0.636363636363636
"53-54","101_P",0
"53-54","102_P",0.304347826086957
"53-54","103_P",0
"53-54","104_P",3.5
"53-54","105_P",0.466666666666667
"53-54","106_P",0.178097868574749
"53-54","107_P",0.466666666666667
"53-54","108_P",0.608695652173913
"53-54","109_P",0.304347826086957
"53-54","110_P",3.5
"53-54","111_P",0.163901162062587
"53-54","112_P",10.7333333333333
"53-54","113_P",0.304347826086957
"53-54","114_P",0
"53-54","115_P",0.466666666666667
"53-54","116_P",0
"53-54","117_P",0.304347826086957
"53-54","118_P",0.304347826086957
"53-54","119_P",7
"53-54","120_P",0.383328639551506
"53-54","121_P",0.00952380952380952
"53-54","38_P",0.87831006565368
"53-54","39_P",0.4
"53-54","40_P",7
"53-54","43_P",0.466666666666667
"53-54","44_P",0.683130051063973
"53-54","45_P",0
"53-54","46_P",0.466666666666667
"53-54","48_P",0
"53-54","49_P",0.466666666666667
"53-54","5_P",4.85203026391962
"53-54","50_P",1
"53-54","51_P",0
"53-54","52_P",0.466666666666667
"53-54","56_P",0.233333333333333
"53-54","57_P",-0.142857142857143
"53-54","63_P",2.74285714285714
"53-54","70_P",0
"53-54","71_P",0.519329622359228
"53-54","72_P",0.269703256659779
"53-54","73_P",0.60947570824873
"53-54","74_P",0.0374068678713772
"53-54","76_P",0.333333333333333
"53-54","78_P",0.771428571428571
"53-54","79_P",0.8
"53-54","8_P",0.466666666666667
"53-54","80_P",0.636363636363636
"53-54","82_P",0.333333333333333
"53-54","83_P",0.797724035217466
"53-54","84_P",0.60947570824873
"53-54","85_P",0.304347826086957
"53-54","86_P",0.551677284367371
"53-54","87_P",0
"53-54","88_P",0.304347826086957
"53-54","89_P",0.304347826086957
"53-54","90_P",0
"53-54","91_P",0
"53-54","92_P",0.304347826086957
"53-54","96_P",0
"53-54","97_P",0
"53-54","98_P",0
"54-55","1_P",0.625
"54-55","101_P",0.181818181818182
"54-55","102_P",0.294117647058824
"54-55","103_P",0.222222222222222
"54-55","104_P",2.5
"54-55","105_P",0.454545454545455
"54-55","106_P",0.224014113754607
"54-55","107_P",0.454545454545455
"54-55","108_P",0.117647058823529
"54-55","109_P",0.294117647058824
"54-55","110_P",2.5
"54-55","111_P",0.202135714868922
"54-55","112_P",7.72727272727273
"54-55","113_P",0.294117647058824
"54-55","114_P",0.110091743119266
"54-55","115_P",0.25
"54-55","116_P",0.25
"54-55","117_P",0.294117647058824
"54-55","118_P",0.294117647058824
"54-55","119_P",5
"54-55","120_P",0.371968777386958
"54-55","121_P",0.127272727272727
"54-55","38_P",0.9102589898328
"54-55","39_P",0.285714285714286
"54-55","40_P",5
"54-55","43_P",0.454545454545455
"54-55","44_P",0.674199862463242
"54-55","45_P",0.4
"54-55","46_P",0.0545454545454545
"54-55","48_P",0.363636363636364
"54-55","49_P",0.0909090909090909
"54-55","5_P",3.46573590279973
"54-55","50_P",0.636363636363636
"54-55","51_P",0.272727272727273
"54-55","52_P",0.181818181818182
"54-55","56_P",0.291666666666667
"54-55","57_P",-0.2
"54-55","63_P",0.828571428571429
"54-55","70_P",0.435392633921652
"54-55","71_P",0.541196100146197
"54-55","72_P",0.292893218813452
"54-55","73_P",0.621430133171729
"54-55","74_P",0.367694056750509
"54-55","76_P",0.25
"54-55","78_P",0.828571428571429
"54-55","79_P",0.857142857142857
"54-55","8_P",0.333333333333333
"54-55","80_P",0.625
"54-55","82_P",0.277350098112614
"54-55","83_P",0.790569415042095
"54-55","84_P",0.599572668472848
"54-55","85_P",0.294117647058823
"54-55","86_P",0.54232614454664
"54-55","87_P",0.25
"54-55","88_P",0.0441176470588235
"54-55","89_P",0.176470588235294
"54-55","90_P",0.117647058823529
"54-55","91_P",0.235294117647059
"54-55","92_P",0.0588235294117647
"54-55","96_P",0.08
"54-55","97_P",0.339041694397075
"54-55","98_P",0.282842712474619
"55-56","1_P",0.631578947368421
"55-56","101_P",0.153846153846154
"55-56","102_P",0.3
"55-56","103_P",0.181818181818182
"55-56","104_P",3
"55-56","105_P",0.461538461538462
"55-56","106_P",0.224993805588709
"55-56","107_P",0.461538461538462
"55-56","108_P",0.2
"55-56","109_P",0.3
"55-56","110_P",3
"55-56","111_P",0.202935787321627
"55-56","112_P",9.23076923076923
"55-56","113_P",0.3
"55-56","114_P",0.104575163398693
"55-56","115_P",0.222222222222222
"55-56","116_P",0.222222222222222
"55-56","117_P",0.3
"55-56","118_P",0.3
"55-56","119_P",6
"55-56","120_P",0.37851162325373
"55-56","121_P",0.115384615384615
"55-56","38_P",0.894427190999916
"55-56","39_P",0.342857142857143
"55-56","40_P",6
"55-56","43_P",0.461538461538462
"55-56","44_P",0.679366220486757
"55-56","45_P",0.363636363636364
"55-56","46_P",0.0979020979020979
"55-56","48_P",0.307692307692308
"55-56","49_P",0.153846153846154
"55-56","5_P",4.15888308335967
"55-56","50_P",0.692307692307692
"55-56","51_P",0.307692307692308
"55-56","52_P",0.153846153846154
"55-56","56_P",0.292929292929293
"55-56","57_P",-0.166666666666667
"55-56","63_P",2.17142857142857
"55-56","70_P",0.472443292093938
"55-56","71_P",0.544493828540372
"55-56","72_P",0.296473529318552
"55-56","73_P",0.642329975950517
"55-56","74_P",0.366172721413986
"55-56","76_P",0.292682926829268
"55-56","78_P",0.8
"55-56","79_P",0.828571428571429
"55-56","8_P",0.363636363636364
"55-56","80_P",0.631578947368421
"55-56","82_P",0.306186217847897
"55-56","83_P",0.794719414239026
"55-56","84_P",0.616766429073632
"55-56","85_P",0.3
"55-56","86_P",0.547722557505166
"55-56","87_P",0.222222222222222
"55-56","88_P",0.0777777777777778
"55-56","89_P",0.2
"55-56","90_P",0.1
"55-56","91_P",0.2
"55-56","92_P",0.1
"55-56","96_P",0.0987654320987654
"55-56","97_P",0.371230925336555
"55-56","98_P",0.314269680527354
"56-57","1_P",0.8
"56-57","101_P",0.0833333333333333
"56-57","102_P",0.5
"56-57","103_P",0.0909090909090909
"56-57","104_P",4
"56-57","105_P",0.666666666666667
"56-57","106_P",0.31588939665384
"56-57","107_P",0.666666666666667
"56-57","108_P",0.75
"56-57","109_P",0.5
"56-57","110_P",4
"56-57","111_P",0.274512784275272
"56-57","112_P",10.6666666666667
"56-57","113_P",0.5
"56-57","114_P",0.107692307692308
"56-57","115_P",0.636363636363636
"56-57","116_P",0.2
"56-57","117_P",0.5
"56-57","118_P",0.5
"56-57","119_P",8
"56-57","120_P",0.584962500721157
"56-57","121_P",0.121212121212121
"56-57","38_P",0.94112394811432
"56-57","39_P",0.457142857142857
"56-57","40_P",8
"56-57","43_P",0.666666666666667
"56-57","44_P",0.816496580927726
"56-57","45_P",0.333333333333333
"56-57","46_P",0.333333333333333
"56-57","48_P",0.166666666666667
"56-57","49_P",0.5
"56-57","5_P",5.54517744447956
"56-57","50_P",0.833333333333333
"56-57","51_P",0.0833333333333333
"56-57","52_P",0.583333333333333
"56-57","56_P",0.418181818181818
"56-57","57_P",0.5
"56-57","63_P",2.97142857142857
"56-57","70_P",0.510646376707444
"56-57","71_P",0.678704729635359
"56-57","72_P",0.460640110029406
"56-57","73_P",0.75687444699556
"56-57","74_P",0.484753720140753
"56-57","76_P",0.372093023255814
"56-57","78_P",0.885714285714286
"56-57","79_P",0.771428571428571
"56-57","8_P",0.636363636363636
"56-57","80_P",0.8
"56-57","82_P",0.35921060405355
"56-57","83_P",0.894427190999916
"56-57","84_P",0.733268439918672
"56-57","85_P",0.5
"56-57","86_P",0.707106781186548
"56-57","87_P",0.2
"56-57","88_P",0.3
"56-57","89_P",0.4375
"56-57","90_P",0.0625
"56-57","91_P",0.125
"56-57","92_P",0.375
"56-57","96_P",0.141414141414141
"56-57","97_P",0.43240364896233
"56-57","98_P",0.376050716545178
"57-58","1_P",0.869565217391304
"57-58","101_P",0.153846153846154
"57-58","102_P",0.625
"57-58","103_P",0.181818181818182
"57-58","104_P",5
"57-58","105_P",0.769230769230769
"57-58","106_P",0.434987562383234
"57-58","107_P",0.769230769230769
"57-58","108_P",0.75
"57-58","109_P",0.625
"57-58","110_P",5
"57-58","111_P",0.361156181845266
"57-58","112_P",12.3076923076923
"57-58","113_P",0.625
"57-58","114_P",0.233576642335766
"57-58","115_P",0.4
"57-58","116_P",0.4
"57-58","117_P",0.625
"57-58","118_P",0.625
"57-58","119_P",10
"57-58","120_P",0.700439718141092
"57-58","121_P",0.217948717948718
"57-58","38_P",0.956182887467515
"57-58","39_P",0.571428571428571
"57-58","40_P",10
"57-58","43_P",0.769230769230769
"57-58","44_P",0.877058019307029
"57-58","45_P",0.571428571428571
"57-58","46_P",0.197802197802198
"57-58","48_P",0.307692307692308
"57-58","49_P",0.461538461538462
"57-58","5_P",6.93147180559945
"57-58","50_P",0.692307692307692
"57-58","51_P",0.615384615384615
"57-58","52_P",0.153846153846154
"57-58","56_P",0.563636363636364
"57-58","57_P",0.7
"57-58","63_P",3.4
"57-58","70_P",0.595825131304139
"57-58","71_P",0.771673559558739
"57-58","72_P",0.595480082522055
"57-58","73_P",0.865297952259912
"57-58","74_P",0.646034050450074
"57-58","76_P",0.444444444444444
"57-58","78_P",0.914285714285714
"57-58","79_P",0.714285714285714
"57-58","8_P",0.727272727272727
"57-58","80_P",0.869565217391304
"57-58","82_P",0.408248290463863
"57-58","83_P",0.932504808240314
"57-58","84_P",0.817519125748419
"57-58","85_P",0.625
"57-58","86_P",0.790569415042095
"57-58","87_P",0.4
"57-58","88_P",0.225
"57-58","89_P",0.5
"57-58","90_P",0.125
"57-58","91_P",0.25
"57-58","92_P",0.375
"57-58","96_P",0.390243902439024
"57-58","97_P",0.659846144741754
"57-58","98_P",0.624695047554424
"58-59","1_P",0.888888888888889
"58-59","101_P",0.266666666666667
"58-59","102_P",0.666666666666667
"58-59","103_P",0.363636363636364
"58-59","104_P",6
"58-59","105_P",0.8
"58-59","106_P",0.548364817277933
"58-59","107_P",0.8
"58-59","108_P",0.444444444444444
"58-59","109_P",0.666666666666667
"58-59","110_P",6
"58-59","111_P",0.43719941747789
"58-59","112_P",14.4
"58-59","113_P",0.666666666666667
"58-59","114_P",0.397515527950311
"58-59","115_P",0.727272727272727
"58-59","116_P",0.571428571428571
"58-59","117_P",0.666666666666667
"58-59","118_P",0.666666666666667
"58-59","119_P",12
"58-59","120_P",0.736965594166207
"58-59","121_P",0.314285714285714
"58-59","38_P",0.956182887467515
"58-59","39_P",0.685714285714286
"58-59","40_P",12
"58-59","43_P",0.8
"58-59","44_P",0.894427190999916
"58-59","45_P",0.727272727272727
"58-59","46_P",0.0727272727272728
"58-59","48_P",0.533333333333333
"58-59","49_P",0.266666666666667
"58-59","5_P",8.31776616671934
"58-59","50_P",0.466666666666667
"58-59","51_P",0.266666666666667
"58-59","52_P",0.533333333333333
"58-59","56_P",0.649350649350649
"58-59","57_P",0.75
"58-59","63_P",4.71428571428571
"58-59","70_P",0.63373025499776
"58-59","71_P",0.811244889426791
"58-59","72_P",0.658118270621086
"58-59","73_P",0.936433932010512
"58-59","74_P",0.723375637651357
"58-59","76_P",0.51063829787234
"58-59","78_P",0.914285714285714
"58-59","79_P",0.657142857142857
"58-59","8_P",0.727272727272727
"58-59","80_P",0.888888888888889
"58-59","82_P",0.454858826147342
"58-59","83_P",0.942809041582063
"58-59","84_P",0.858039928750406
"58-59","85_P",0.666666666666667
"58-59","86_P",0.816496580927726
"58-59","87_P",0.571428571428571
"58-59","88_P",0.0952380952380952
"58-59","89_P",0.444444444444444
"58-59","90_P",0.222222222222222
"58-59","91_P",0.444444444444444
"58-59","92_P",0.222222222222222
"58-59","96_P",0.695652173913043
"58-59","97_P",0.844128900029521
"58-59","98_P",0.834057656228299
"59-60","1_P",0.7
"59-60","101_P",0.0769230769230769
"59-60","102_P",0.368421052631579
"59-60","103_P",0.0833333333333333
"59-60","104_P",3.5
"59-60","105_P",0.538461538461538
"59-60","106_P",0.246491519954972
"59-60","107_P",0.538461538461538
"59-60","108_P",0.526315789473684
"59-60","109_P",0.368421052631579
"59-60","110_P",3.5
"59-60","111_P",0.220332820873675
"59-60","112_P",10.2307692307692
"59-60","113_P",0.368421052631579
"59-60","114_P",0.0764331210191083
"59-60","115_P",0.142857142857143
"59-60","116_P",0.142857142857143
"59-60","117_P",0.368421052631579
"59-60","118_P",0.368421052631579
"59-60","119_P",7
"59-60","120_P",0.452512204697507
"59-60","121_P",0.0897435897435897
"59-60","38_P",0.9102589898328
"59-60","39_P",0.4
"59-60","40_P",7
"59-60","43_P",0.538461538461538
"59-60","44_P",0.733799385705343
"59-60","45_P",0.25
"59-60","46_P",0.288461538461538
"59-60","48_P",0.153846153846154
"59-60","49_P",0.384615384615385
"59-60","5_P",4.85203026391962
"59-60","50_P",0.846153846153846
"59-60","51_P",0.461538461538462
"59-60","52_P",0.0769230769230769
"59-60","56_P",0.321428571428571
"59-60","57_P",0.142857142857143
"59-60","63_P",2.71428571428571
"59-60","70_P",0.465674715626069
"59-60","71_P",0.587661747344527
"59-60","72_P",0.345346329292023
"59-60","73_P",0.676951742086567
"59-60","74_P",0.375232631435695
"59-60","76_P",0.333333333333333
"59-60","78_P",0.828571428571429
"59-60","79_P",0.8
"59-60","8_P",0.5
"59-60","80_P",0.7
"59-60","82_P",0.333333333333333
"59-60","83_P",0.836660026534076
"59-60","84_P",0.65762199826014
"59-60","85_P",0.368421052631579
"59-60","86_P",0.606976978666884
"59-60","87_P",0.142857142857143
"59-60","88_P",0.225563909774436
"59-60","89_P",0.315789473684211
"59-60","90_P",0.0526315789473684
"59-60","91_P",0.105263157894737
"59-60","92_P",0.263157894736842
"59-60","96_P",0.0869565217391304
"59-60","97_P",0.351468167602231
"59-60","98_P",0.294883912309794
"60-61","1_P",0.555555555555556
"60-61","101_P",0.0769230769230769
"60-61","102_P",0.238095238095238
"60-61","103_P",0.0833333333333333
"60-61","104_P",2.5
"60-61","105_P",0.384615384615385
"60-61","106_P",0.167419744804102
"60-61","107_P",0.384615384615385
"60-61","108_P",0.285714285714286
"60-61","109_P",0.238095238095238
"60-61","110_P",2.5
"60-61","111_P",0.15479596713099
"60-61","112_P",8.07692307692308
"60-61","113_P",0.238095238095238
"60-61","114_P",0.0496894409937888
"60-61","115_P",0.333333333333333
"60-61","116_P",0.111111111111111
"60-61","117_P",0.238095238095238
"60-61","118_P",0.238095238095238
"60-61","119_P",5
"60-61","120_P",0.308122295362332
"60-61","121_P",0.0641025641025641
"60-61","38_P",0.87831006565368
"60-61","39_P",0.285714285714286
"60-61","40_P",5
"60-61","43_P",0.384615384615385
"60-61","44_P",0.620173672946042
"60-61","45_P",0.2
"60-61","46_P",0.184615384615385
"60-61","48_P",0.153846153846154
"60-61","49_P",0.230769230769231
"60-61","5_P",3.46573590279973
"60-61","50_P",0.846153846153846
"60-61","51_P",0.0769230769230769
"60-61","52_P",0.307692307692308
"60-61","56_P",0.222222222222222
"60-61","57_P",-0.6
"60-61","63_P",3.11428571428571
"60-61","70_P",0.380094056144331
"60-61","71_P",0.479791247398803
"60-61","72_P",0.230199641080499
"60-61","73_P",0.568499103489616
"60-61","74_P",0.270184139631146
"60-61","76_P",0.25
"60-61","78_P",0.771428571428571
"60-61","79_P",0.857142857142857
"60-61","8_P",0.333333333333333
"60-61","80_P",0.555555555555556
"60-61","82_P",0.277350098112614
"60-61","83_P",0.74535599249993
"60-61","84_P",0.55448308526666
"60-61","85_P",0.238095238095238
"60-61","86_P",0.487950036474267
"60-61","87_P",0.111111111111111
"60-61","88_P",0.126984126984127
"60-61","89_P",0.19047619047619
"60-61","90_P",0.0476190476190476
"60-61","91_P",0.0952380952380952
"60-61","92_P",0.142857142857143
"60-61","96_P",0.0444444444444444
"60-61","97_P",0.262011608405153
"60-61","98_P",0.210818510677892
"61-62","1_P",0.666666666666667
"61-62","101_P",0.1
"61-62","102_P",0.333333333333333
"61-62","103_P",0.111111111111111
"61-62","104_P",2.5
"61-62","105_P",0.5
"61-62","106_P",0.234805597348853
"61-62","107_P",0.5
"61-62","108_P",0.4
"61-62","109_P",0.333333333333333
"61-62","110_P",2.5
"61-62","111_P",0.21091354663596
"61-62","112_P",7.5
"61-62","113_P",0.333333333333333
"61-62","114_P",0.0869565217391304
"61-62","115_P",0.444444444444444
"61-62","116_P",0.166666666666667
"61-62","117_P",0.333333333333333
"61-62","118_P",0.333333333333333
"61-62","119_P",5
"61-62","120_P",0.415037499278844
"61-62","121_P",0.111111111111111
"61-62","38_P",0.925820099772552
"61-62","39_P",0.285714285714286
"61-62","40_P",5
"61-62","43_P",0.5
"61-62","44_P",0.707106781186548
"61-62","45_P",0.285714285714286
"61-62","46_P",0.214285714285714
"61-62","48_P",0.2
"61-62","49_P",0.3
"61-62","5_P",3.46573590279973
"61-62","50_P",0.8
"61-62","51_P",0.1
"61-62","52_P",0.4
"61-62","56_P",0.305555555555556
"61-62","57_P",0
"61-62","63_P",0.885714285714286
"61-62","70_P",0.398512187892043
"61-62","71_P",0.56531954022502
"61-62","72_P",0.319586182560228
"61-62","73_P",0.632726737703197
"61-62","74_P",0.367620907034209
"61-62","76_P",0.25
"61-62","78_P",0.857142857142857
"61-62","79_P",0.857142857142857
"61-62","8_P",0.444444444444444
"61-62","80_P",0.666666666666667
"61-62","82_P",0.277350098112614
"61-62","83_P",0.816496580927726
"61-62","84_P",0.616862834690875
"61-62","85_P",0.333333333333333
"61-62","86_P",0.577350269189626
"61-62","87_P",0.166666666666667
"61-62","88_P",0.166666666666667
"61-62","89_P",0.266666666666667
"61-62","90_P",0.0666666666666667
"61-62","91_P",0.133333333333333
"61-62","92_P",0.2
"61-62","96_P",0.062015503875969
"61-62","97_P",0.303482310330544
"61-62","98_P",0.249029122545876
"62-63","1_P",0.769230769230769
"62-63","101_P",0
"62-63","102_P",0.454545454545455
"62-63","103_P",0
"62-63","104_P",5
"62-63","105_P",0.625
"62-63","106_P",0.231056000443384
"62-63","107_P",0.625
"62-63","108_P",0.909090909090909
"62-63","109_P",0.454545454545455
"62-63","110_P",5
"62-63","111_P",0.207872337998126
"62-63","112_P",13.75
"62-63","113_P",0.454545454545455
"62-63","114_P",0
"62-63","115_P",0
"62-63","116_P",0
"62-63","117_P",0.454545454545455
"62-63","118_P",0.454545454545455
"62-63","119_P",10
"62-63","120_P",0.540568381362702
"62-63","121_P",0.00833333333333333
"62-63","38_P",0.9102589898328
"62-63","39_P",0.571428571428571
"62-63","40_P",10
"62-63","43_P",0.625
"62-63","44_P",0.790569415042095
"62-63","45_P",0
"62-63","46_P",0.625
"62-63","48_P",0
"62-63","49_P",0.625
"62-63","5_P",6.93147180559945
"62-63","50_P",1
"62-63","51_P",0.625
"62-63","52_P",0
"62-63","56_P",0.3125
"62-63","57_P",0.4
"62-63","63_P",2.2
"62-63","70_P",0
"62-63","71_P",0.622597433583054
"62-63","72_P",0.387627564304205
"62-63","73_P",0.710161309711779
"62-63","74_P",0.0582764490930485
"62-63","76_P",0.444444444444444
"62-63","78_P",0.828571428571429
"62-63","79_P",0.714285714285714
"62-63","8_P",0.625
"62-63","80_P",0.769230769230769
"62-63","82_P",0.408248290463863
"62-63","83_P",0.877058019307029
"62-63","84_P",0.710161309711779
"62-63","85_P",0.454545454545455
"62-63","86_P",0.674199862463242
"62-63","87_P",0
"62-63","88_P",0.454545454545455
"62-63","89_P",0.454545454545455
"62-63","90_P",0
"62-63","91_P",0
"62-63","92_P",0.454545454545455
"62-63","96_P",0
"62-63","97_P",0
"62-63","98_P",0
"63-64","1_P",0.315789473684211
"63-64","101_P",0
"63-64","102_P",0.103448275862069
"63-64","103_P",0
"63-64","104_P",1.5
"63-64","105_P",0.1875
"63-64","106_P",0.0685948094358022
"63-64","107_P",0.1875
"63-64","108_P",0.206896551724138
"63-64","109_P",0.103448275862069
"63-64","110_P",1.5
"63-64","111_P",0.0663445231797484
"63-64","112_P",5.4375
"63-64","113_P",0.103448275862069
"63-64","114_P",0
"63-64","115_P",0.1875
"63-64","116_P",0
"63-64","117_P",0.103448275862069
"63-64","118_P",0.103448275862069
"63-64","119_P",3
"63-64","120_P",0.142019004872428
"63-64","121_P",0.00833333333333333
"63-64","38_P",0.792824967172092
"63-64","39_P",0.171428571428571
"63-64","40_P",3
"63-64","43_P",0.1875
"63-64","44_P",0.433012701892219
"63-64","45_P",0
"63-64","46_P",0.1875
"63-64","48_P",0
"63-64","49_P",0.1875
"63-64","5_P",2.07944154167984
"63-64","50_P",1
"63-64","51_P",0
"63-64","52_P",0.1875
"63-64","56_P",0.09375
"63-64","57_P",-3.33333333333333
"63-64","63_P",2.17142857142857
"63-64","70_P",0
"63-64","71_P",0.314025765079878
"63-64","72_P",0.0986121811340026
"63-64","73_P",0.402891960817937
"63-64","74_P",0.012005034071948
"63-64","76_P",0.157894736842105
"63-64","78_P",0.628571428571429
"63-64","79_P",0.914285714285714
"63-64","8_P",0.1875
"63-64","80_P",0.315789473684211
"63-64","82_P",0.21160368475758
"63-64","83_P",0.561951486949016
"63-64","84_P",0.402891960817937
"63-64","85_P",0.103448275862069
"63-64","86_P",0.321633760451338
"63-64","87_P",0
"63-64","88_P",0.103448275862069
"63-64","89_P",0.103448275862069
"63-64","90_P",0
"63-64","91_P",0
"63-64","92_P",0.103448275862069
"63-64","96_P",0
"63-64","97_P",0
"63-64","98_P",0
"64-65","1_P",0.25
"64-65","101_P",0.0714285714285714
"64-65","102_P",0.0769230769230769
"64-65","103_P",0.0769230769230769
"64-65","104_P",1
"64-65","105_P",0.142857142857143
"64-65","106_P",0.0547660764816469
"64-65","107_P",0.142857142857143
"64-65","108_P",0
"64-65","109_P",0.0769230769230769
"64-65","110_P",1
"64-65","111_P",0.0533190138892268
"64-65","112_P",3.71428571428571
"64-65","113_P",0.0769230769230769
"64-65","114_P",0.0103092783505155
"64-65","115_P",0.0769230769230769
"64-65","116_P",0.0769230769230769
"64-65","117_P",0.0769230769230769
"64-65","118_P",0.0769230769230769
"64-65","119_P",2
"64-65","120_P",0.106915203916512
"64-65","121_P",0.021978021978022
"64-65","38_P",0.810643483377778
"64-65","39_P",0.114285714285714
"64-65","40_P",2
"64-65","43_P",0.142857142857143
"64-65","44_P",0.377964473009227
"64-65","45_P",0.142857142857143
"64-65","46_P",0
"64-65","48_P",0.142857142857143
"64-65","49_P",0
"64-65","5_P",1.38629436111989
"64-65","50_P",0.857142857142857
"64-65","51_P",0.0714285714285714
"64-65","52_P",0.0714285714285714
"64-65","56_P",0.0769230769230769
"64-65","57_P",-5
"64-65","63_P",2.05714285714286
"64-65","70_P",6.10855098913676e-05
"64-65","71_P",0.277350098112614
"64-65","72_P",0.0769230769230769
"64-65","73_P",0.349825131140721
"64-65","74_P",0.106915235809732
"64-65","76_P",0.108108108108108
"64-65","78_P",0.657142857142857
"64-65","79_P",0.942857142857143
"64-65","8_P",0.0769230769230769
"64-65","80_P",0.25
"64-65","82_P",0.171498585142509
"64-65","83_P",0.5
"64-65","84_P",0.344791413583806
"64-65","85_P",0.0769230769230769
"64-65","86_P",0.277350098112614
"64-65","87_P",0.0769230769230769
"64-65","88_P",0
"64-65","89_P",0
"64-65","90_P",0.0769230769230769
"64-65","91_P",0.0769230769230769
"64-65","92_P",0
"64-65","96_P",0.00790513833992095
"64-65","97_P",0.118521975030977
"64-65","98_P",0.0889108448948772
"65-66","1_P",0.333333333333333
"65-66","101_P",0.0666666666666667
"65-66","102_P",0.111111111111111
"65-66","103_P",0.0714285714285714
"65-66","104_P",1.5
"65-66","105_P",0.2
"65-66","106_P",0.0793190418236427
"65-66","107_P",0.2
"65-66","108_P",0.0740740740740741
"65-66","109_P",0.111111111111111
"65-66","110_P",1.5
"65-66","111_P",0.0763303254468375
"65-66","112_P",5.4
"65-66","113_P",0.111111111111111
"65-66","114_P",0.0180995475113122
"65-66","115_P",0.0769230769230769
"65-66","116_P",0.0769230769230769
"65-66","117_P",0.111111111111111
"65-66","118_P",0.111111111111111
"65-66","119_P",3
"65-66","120_P",0.15200309344505
"65-66","121_P",0.0285714285714286
"65-66","38_P",0.810643483377778
"65-66","39_P",0.171428571428571
"65-66","40_P",3
"65-66","43_P",0.2
"65-66","44_P",0.447213595499958
"65-66","45_P",0.142857142857143
"65-66","46_P",0.0571428571428572
"65-66","48_P",0.133333333333333
"65-66","49_P",0.0666666666666667
"65-66","5_P",2.07944154167984
"65-66","50_P",0.866666666666667
"65-66","51_P",0.133333333333333
"65-66","52_P",0.0666666666666667
"65-66","56_P",0.10989010989011
"65-66","57_P",-3
"65-66","63_P",2.97142857142857
"65-66","70_P",0.212469907637599
"65-66","71_P",0.332416636176168
"65-66","72_P",0.110500820006679
"65-66","73_P",0.423358318336897
"65-66","74_P",0.146294528241395
"65-66","76_P",0.157894736842105
"65-66","78_P",0.657142857142857
"65-66","79_P",0.914285714285714
"65-66","8_P",0.142857142857143
"65-66","80_P",0.333333333333333
"65-66","82_P",0.21160368475758
"65-66","83_P",0.577350269189626
"65-66","84_P",0.415132578646662
"65-66","85_P",0.111111111111111
"65-66","86_P",0.333333333333333
"65-66","87_P",0.0769230769230769
"65-66","88_P",0.0341880341880342
"65-66","89_P",0.0740740740740741
"65-66","90_P",0.037037037037037
"65-66","91_P",0.0740740740740741
"65-66","92_P",0.037037037037037
"65-66","96_P",0.0165289256198347
"65-66","97_P",0.167301700001737
"65-66","98_P",0.128564869306645
"66-67","1_P",0.727272727272727
"66-67","101_P",0
"66-67","102_P",0.4
"66-67","103_P",0
"66-67","104_P",4
"66-67","105_P",0.571428571428571
"66-67","106_P",0.215281811742787
"66-67","107_P",0.571428571428571
"66-67","108_P",0.8
"66-67","109_P",0.4
"66-67","110_P",4
"66-67","111_P",0.194975993718927
"66-67","112_P",11.4285714285714
"66-67","113_P",0.4
"66-67","114_P",0
"66-67","115_P",0.571428571428571
"66-67","116_P",0
"66-67","117_P",0.4
"66-67","118_P",0.4
"66-67","119_P",8
"66-67","120_P",0.485426827170242
"66-67","121_P",0.010989010989011
"66-67","38_P",0.9102589898328
"66-67","39_P",0.457142857142857
"66-67","40_P",8
"66-67","43_P",0.571428571428571
"66-67","44_P",0.755928946018454
"66-67","45_P",0
"66-67","46_P",0.571428571428571
"66-67","48_P",0
"66-67","49_P",0.571428571428571
"66-67","5_P",5.54517744447956
"66-67","50_P",1
"66-67","51_P",0
"66-67","52_P",0.571428571428571
"66-67","56_P",0.285714285714286
"66-67","57_P",0.25
"66-67","63_P",23.6857142857143
"66-67","70_P",0
"66-67","71_P",0.587661747344527
"66-67","72_P",0.345346329292023
"66-67","73_P",0.665517832570131
"66-67","74_P",0.0491065077898206
"66-67","76_P",0.372093023255814
"66-67","78_P",0.828571428571429
"66-67","79_P",0.771428571428571
"66-67","8_P",0.571428571428571
"66-67","80_P",0.727272727272727
"66-67","82_P",0.35921060405355
"66-67","83_P",0.852802865422442
"66-67","84_P",0.665517832570131
"66-67","85_P",0.4
"66-67","86_P",0.632455532033676
"66-67","87_P",0
"66-67","88_P",0.4
"66-67","89_P",0.4
"66-67","90_P",0
"66-67","91_P",0
"66-67","92_P",0.4
"66-67","96_P",0
"66-67","97_P",0
"66-67","98_P",0
"67-68","1_P",0.782608695652174
"67-68","101_P",0.0714285714285714
"67-68","102_P",0.473684210526316
"67-68","103_P",0.0769230769230769
"67-68","104_P",4.5
"67-68","105_P",0.642857142857143
"67-68","106_P",0.295427224727991
"67-68","107_P",0.642857142857143
"67-68","108_P",0.736842105263158
"67-68","109_P",0.473684210526316
"67-68","110_P",4.5
"67-68","111_P",0.258840544010242
"67-68","112_P",12.2142857142857
"67-68","113_P",0.473684210526316
"67-68","114_P",0.0888888888888889
"67-68","115_P",0.166666666666667
"67-68","116_P",0.166666666666667
"67-68","117_P",0.473684210526316
"67-68","118_P",0.473684210526316
"67-68","119_P",9
"67-68","120_P",0.559427408614019
"67-68","121_P",0.0989010989010989
"67-68","38_P",0.925820099772552
"67-68","39_P",0.514285714285714
"67-68","40_P",9
"67-68","43_P",0.642857142857143
"67-68","44_P",0.801783725737273
"67-68","45_P",0.285714285714286
"67-68","46_P",0.357142857142857
"67-68","48_P",0.142857142857143
"67-68","49_P",0.5
"67-68","5_P",6.23832462503951
"67-68","50_P",0.857142857142857
"67-68","51_P",0.571428571428571
"67-68","52_P",0.0714285714285714
"67-68","56_P",0.391025641025641
"67-68","57_P",0.444444444444444
"67-68","63_P",22.2285714285714
"67-68","70_P",0.518296548892075
"67-68","71_P",0.658681624859615
"67-68","72_P",0.433861482927702
"67-68","73_P",0.751781492571493
"67-68","74_P",0.44967069307821
"67-68","76_P",0.409090909090909
"67-68","78_P",0.857142857142857
"67-68","79_P",0.742857142857143
"67-68","8_P",0.615384615384615
"67-68","80_P",0.782608695652174
"67-68","82_P",0.384110639798688
"67-68","83_P",0.884651736929383
"67-68","84_P",0.727539408506205
"67-68","85_P",0.473684210526316
"67-68","86_P",0.688247201611685
"67-68","87_P",0.166666666666667
"67-68","88_P",0.307017543859649
"67-68","89_P",0.421052631578947
"67-68","90_P",0.0526315789473684
"67-68","91_P",0.105263157894737
"67-68","92_P",0.368421052631579
"67-68","96_P",0.141592920353982
"67-68","97_P",0.432634092626369
"67-68","98_P",0.376288347353439
"68-69","1_P",0.592592592592593
"68-69","101_P",0.105263157894737
"68-69","102_P",0.266666666666667
"68-69","103_P",0.117647058823529
"68-69","104_P",4
"68-69","105_P",0.421052631578947
"68-69","106_P",0.192347237345634
"68-69","107_P",0.421052631578947
"68-69","108_P",0.266666666666667
"68-69","109_P",0.266666666666667
"68-69","110_P",4
"68-69","111_P",0.175923832719673
"68-69","112_P",12.6315789473684
"68-69","113_P",0.266666666666667
"68-69","114_P",0.0712166172106825
"68-69","115_P",0.153846153846154
"68-69","116_P",0.153846153846154
"68-69","117_P",0.266666666666667
"68-69","118_P",0.266666666666667
"68-69","119_P",8
"68-69","120_P",0.341036917835067
"68-69","121_P",0.0760233918128655
"68-69","38_P",0.828078671210825
"68-69","39_P",0.457142857142857
"68-69","40_P",8
"68-69","43_P",0.421052631578947
"68-69","44_P",0.64888568452305
"68-69","45_P",0.266666666666667
"68-69","46_P",0.154385964912281
"68-69","48_P",0.210526315789474
"68-69","49_P",0.210526315789474
"68-69","5_P",5.54517744447956
"68-69","50_P",0.789473684210526
"68-69","51_P",0.315789473684211
"68-69","52_P",0.105263157894737
"68-69","56_P",0.253393665158371
"68-69","57_P",-0.375
"68-69","63_P",5.51428571428571
"68-69","70_P",0.511523874833164
"68-69","71_P",0.509960710843548
"68-69","72_P",0.260059926604056
"68-69","73_P",0.667554860580658
"68-69","74_P",0.313822487080317
"68-69","76_P",0.372093023255814
"68-69","78_P",0.685714285714286
"68-69","79_P",0.771428571428571
"68-69","8_P",0.352941176470588
"68-69","80_P",0.592592592592593
"68-69","82_P",0.35921060405355
"68-69","83_P",0.769800358919501
"68-69","84_P",0.636447795321124
"68-69","85_P",0.266666666666667
"68-69","86_P",0.516397779494322
"68-69","87_P",0.153846153846154
"68-69","88_P",0.112820512820513
"68-69","89_P",0.2
"68-69","90_P",0.0666666666666667
"68-69","91_P",0.133333333333333
"68-69","92_P",0.133333333333333
"68-69","96_P",0.127659574468085
"68-69","97_P",0.414103672832978
"68-69","98_P",0.357294800505248
"69-70","1_P",0.48
"69-70","101_P",0.105263157894737
"69-70","102_P",0.1875
"69-70","103_P",0.117647058823529
"69-70","104_P",3
"69-70","105_P",0.315789473684211
"69-70","106_P",0.136565161376813
"69-70","107_P",0.315789473684211
"69-70","108_P",0.125
"69-70","109_P",0.1875
"69-70","110_P",3
"69-70","111_P",0.128010697798245
"69-70","112_P",10.1052631578947
"69-70","113_P",0.1875
"69-70","114_P",0.0463768115942029
"69-70","115_P",0.235294117647059
"69-70","116_P",0.133333333333333
"69-70","117_P",0.1875
"69-70","118_P",0.1875
"69-70","119_P",6
"69-70","120_P",0.247927513443585
"69-70","121_P",0.0526315789473684
"69-70","38_P",0.792824967172092
"69-70","39_P",0.342857142857143
"69-70","40_P",6
"69-70","43_P",0.315789473684211
"69-70","44_P",0.561951486949016
"69-70","45_P",0.235294117647059
"69-70","46_P",0.0804953560371517
"69-70","48_P",0.210526315789474
"69-70","49_P",0.105263157894737
"69-70","5_P",4.15888308335967
"69-70","50_P",0.789473684210526
"69-70","51_P",0.105263157894737
"69-70","52_P",0.210526315789474
"69-70","56_P",0.184313725490196
"69-70","57_P",-1.16666666666667
"69-70","63_P",4.77142857142857
"69-70","70_P",0.456554509970588
"69-70","71_P",0.431170988807579
"69-70","72_P",0.185908421589306
"69-70","73_P",0.583010838677593
"69-70","74_P",0.239066058044151
"69-70","76_P",0.292682926829268
"69-70","78_P",0.628571428571429
"69-70","79_P",0.828571428571429
"69-70","8_P",0.235294117647059
"69-70","80_P",0.48
"69-70","82_P",0.306186217847897
"69-70","83_P",0.692820323027551
"69-70","84_P",0.559908656421896
"69-70","85_P",0.1875
"69-70","86_P",0.433012701892219
"69-70","87_P",0.133333333333333
"69-70","88_P",0.0541666666666667
"69-70","89_P",0.125
"69-70","90_P",0.0625
"69-70","91_P",0.125
"69-70","92_P",0.0625
"69-70","96_P",0.0740740740740741
"69-70","97_P",0.327921561087423
"69-70","98_P",0.272165526975909
