"Sample","index","value"
"1-2","10_A",22.8382326909323
"1-2","100_A",0.337953091684435
"1-2","11_A",0.652520934026638
"1-2","12_A",18.2705861527459
"1-2","13_A",0.00120921048791393
"1-2","14_A",0.00278431004376263
"1-2","15_A",0.120423892100193
"1-2","17_A",0.0640697078421322
"1-2","18_A",0.0640697078421322
"1-2","19_A",0.157782515991471
"1-2","2_A",5.55603837940343
"1-2","20_A",0.869627657876847
"1-2","21_A",0.378126131672186
"1-2","22_A",0.756252263344371
"1-2","23_A",0.398971954649653
"1-2","24_A",0.278020865637526
"1-2","25_A",0.427611606588755
"1-2","26_A",0.749490334128524
"1-2","27_A",3.96593006830156
"1-2","28_A",0.0795893102984823
"1-2","29_A",31.4572026133168
"1-2","3_A",0.416844349680171
"1-2","30_A",0.226314920563114
"1-2","31_A",0.00808267573439693
"1-2","32_A",0.0382542036044924
"1-2","33_A",0.0512184432694887
"1-2","34_A",0.8
"1-2","35_A",0.0241395065488882
"1-2","36_A",32.99150090085
"1-2","37_A",0.526965351813723
"1-2","4_A",0.149672891722782
"1-2","40_A",28
"1-2","41_A",0.8
"1-2","42_A",0.527276839655912
"1-2","43_A",0.505179282868526
"1-2","45_A",0.505179282868526
"1-2","46_A",2.05299182996494e-17
"1-2","47_A",0.199643953049719
"1-2","48_A",0.505179282868526
"1-2","49_A",4.14896094461513e-17
"1-2","5_A",10.53005440101
"1-2","51_A",0.252589641434263
"1-2","52_A",0.252589641434263
"1-2","53_A",1.87947117838091
"1-2","54_A",0.337942287268998
"1-2","55_A",0.114204989524602
"1-2","57_A",0.337953091684435
"1-2","58_A",1.02062565318432
"1-2","59_A",0.652130146983787
"1-2","6_A",0.64824286510732
"1-2","60_A",1.41421356237309
"1-2","61_A",0.67590618336887
"1-2","62_A",0.0241395065488882
"1-2","64_A",0.0241395065488882
"1-2","65_A",0.527276839655912
"1-2","66_1_A",0.67590618336887
"1-2","66_2_A",0.226314920563114
"1-2","66_3_A",0.182268165145275
"1-2","67_A",1
"1-2","68_A",0.110891372508181
"1-2","69_A",0.668976545842217
"1-2","7_A",67.590618336887
"1-2","75_A",0.164479050797182
"1-2","77_A",0.0382542036044924
"1-2","81_A",0.332838676912741
"1-2","87_A",0.337953091684435
"1-2","88_A",1.8375493024846e-17
"1-2","89_A",0.168976545842218
"1-2","9_A",0.337953091684435
"1-2","90_A",0.168976545842217
"1-2","91_A",0.337953091684435
"1-2","92_A",2.77555756156289e-17
"1-2","93_A",0.110891372508181
"1-2","94_A",0.226314920563114
"1-2","95_A",0.228409979049204
"1-2","99_A",20.1629949878141
"2-3","10_A",17.3296184528964
"2-3","100_A",0.159926175573744
"2-3","11_A",0.495131955797041
"2-3","12_A",11.883166939129
"2-3","13_A",7.2622399109745e-05
"2-3","14_A",0.00016721925360753
"2-3","15_A",0.0312192773018197
"2-3","17_A",0.0158571632391007
"2-3","18_A",0.0158571632391007
"2-3","19_A",0.0543251484512919
"2-3","2_A",5.31460155450292
"2-3","20_A",0.568911955684589
"2-3","21_A",0.161830406660432
"2-3","22_A",0.323660813320864
"2-3","23_A",0.164947508585907
"2-3","24_A",0.109061521386812
"2-3","25_A",0.190963877020649
"2-3","26_A",0.61671951058249
"2-3","27_A",3.02129623069214
"2-3","28_A",0.0136038402943489
"2-3","29_A",18.2564618271891
"2-3","3_A",0.18708874979939
"2-3","30_A",0.0916014732474599
"2-3","31_A",0.00381672805197749
"2-3","32_A",0.0154834749708982
"2-3","33_A",0.00839082990110511
"2-3","34_A",0.685714285714286
"2-3","35_A",0.013327181297812
"2-3","36_A",19.8443182014542
"2-3","37_A",0.0705309245520755
"2-3","4_A",0.0560739251975304
"2-3","40_A",24
"2-3","41_A",0.685714285714286
"2-3","42_A",0.330244638695031
"2-3","43_A",0.275752334832238
"2-3","45_A",0.275752334832238
"2-3","46_A",0
"2-3","47_A",0.0300883449201757
"2-3","48_A",0.275752334832238
"2-3","49_A",0
"2-3","5_A",5.88331572528128
"2-3","51_A",0.137876167416119
"2-3","52_A",0.137876167416119
"2-3","53_A",0.561494569945379
"2-3","54_A",0.21733608508769
"2-3","55_A",0.0472349738812437
"2-3","57_A",0.159926175573744
"2-3","58_A",0.38066611363183
"2-3","59_A",0.315758111566311
"2-3","6_A",1.94575208256749
"2-3","60_A",1.41421356237309
"2-3","61_A",0.319852351147488
"2-3","62_A",0.013327181297812
"2-3","64_A",0.013327181297812
"2-3","65_A",0.330244638695031
"2-3","66_1_A",0.319852351147488
"2-3","66_2_A",0.0916014732474599
"2-3","66_3_A",0.0679215555272545
"2-3","67_A",1
"2-3","68_A",0.0152739564957578
"2-3","69_A",0.579963087786872
"2-3","7_A",31.9852351147488
"2-3","75_A",0.00010163798556128
"2-3","77_A",0.0154834749708982
"2-3","81_A",0.0584189600213511
"2-3","87_A",0.159926175573744
"2-3","88_A",0
"2-3","89_A",0.0799630877868721
"2-3","9_A",0.159926175573744
"2-3","90_A",0.0799630877868721
"2-3","91_A",0.159926175573744
"2-3","92_A",0
"2-3","93_A",0.0152739564957579
"2-3","94_A",0.0916014732474572
"2-3","95_A",0.0944699477624874
"2-3","99_A",13.9046365985954
"3-4","10_A",17.369107145637
"3-4","100_A",0.226595984660501
"3-4","11_A",0.496260204161059
"3-4","12_A",12.4065051040265
"3-4","13_A",0.00197853675561378
"3-4","14_A",0.00455574923941711
"3-4","15_A",0.0533900218225603
"3-4","17_A",0.0274271797746295
"3-4","18_A",0.0274271797746295
"3-4","19_A",0.100872246033536
"3-4","2_A",5.03795282983238
"3-4","20_A",0.624727947759629
"3-4","21_A",0.195142504355979
"3-4","22_A",0.390285008711958
"3-4","23_A",0.292452592551849
"3-4","24_A",0.131702928695421
"3-4","25_A",0.3068900108061
"3-4","26_A",0.632619600423921
"3-4","27_A",3.1630980021196
"3-4","28_A",0.0427642594451488
"3-4","29_A",20.0103779420261
"3-4","3_A",0.277032107677269
"3-4","30_A",0.155637550550424
"3-4","31_A",0.00622550202201698
"3-4","32_A",0.0263075476086432
"3-4","33_A",0.0242230471413359
"3-4","34_A",0.714285714285714
"3-4","35_A",0.0181276787728401
"3-4","36_A",22.1921176502728
"3-4","37_A",0.196741922395736
"3-4","4_A",0.0681198216498686
"3-4","40_A",25
"3-4","41_A",0.714285714285714
"3-4","42_A",0.362908981282388
"3-4","43_A",0.369471264367816
"3-4","45_A",0.369471264367816
"3-4","46_A",2.85353746767887e-17
"3-4","47_A",0.102384659258791
"3-4","48_A",0.369471264367816
"3-4","49_A",4.52562636152949e-17
"3-4","5_A",6.62455652939361
"3-4","51_A",0.184735632183908
"3-4","52_A",0.184735632183908
"3-4","53_A",0.834979104734118
"3-4","54_A",0.237033333167807
"3-4","55_A",0.0561848010326407
"3-4","57_A",0.226595984660501
"3-4","58_A",0.585834195555491
"3-4","59_A",0.441643583332206
"3-4","6_A",1.59289548728323
"3-4","60_A",1.41421356237309
"3-4","61_A",0.453191969321002
"3-4","62_A",0.0181276787728401
"3-4","64_A",0.0181276787728401
"3-4","65_A",0.362908981282388
"3-4","66_1_A",0.453191969321002
"3-4","66_2_A",0.155637550550424
"3-4","66_3_A",0.121526530764261
"3-4","67_A",1
"3-4","68_A",0.0539543800372101
"3-4","69_A",0.61329799233025
"3-4","7_A",45.3191969321002
"3-4","75_A",0.00174267704857245
"3-4","77_A",0.0263075476086432
"3-4","81_A",0.185751241000816
"3-4","87_A",0.226595984660501
"3-4","88_A",2.14662736291865e-17
"3-4","89_A",0.11329799233025
"3-4","9_A",0.226595984660501
"3-4","90_A",0.11329799233025
"3-4","91_A",0.226595984660501
"3-4","92_A",2.77555756156289e-17
"3-4","93_A",0.0539543800372101
"3-4","94_A",0.155637550550426
"3-4","95_A",0.112369602065281
"3-4","99_A",14.2169530763814
"4-5","10_A",23.440792256971
"4-5","100_A",0.49411392627473
"4-5","11_A",0.669736921627743
"4-5","12_A",18.0828968839491
"4-5","13_A",0.0118749979377001
"4-5","14_A",0.0273431932306834
"4-5","15_A",0.156852693171171
"4-5","17_A",0.0851004651608882
"4-5","18_A",0.0851004651608882
"4-5","19_A",0.352496749481674
"4-5","2_A",6.13055947903466
"4-5","20_A",1.15803490074405
"4-5","21_A",0.670522415670638
"4-5","22_A",1.34104483134128
"4-5","23_A",0.99721207023992
"4-5","24_A",0.481297569435595
"4-5","25_A",0.959748474929007
"4-5","26_A",0.750733512119605
"4-5","27_A",3.90092575780734
"4-5","28_A",0.497215956516093
"4-5","29_A",30.4344435358496
"4-5","3_A",0.670362301015567
"4-5","30_A",0.395335987621391
"4-5","31_A",0.0146420736156071
"4-5","32_A",0.0668239783971038
"4-5","33_A",0.156290543108581
"4-5","34_A",0.771428571428571
"4-5","35_A",0.036601031575906
"4-5","36_A",30.8214311011252
"4-5","37_A",0.515410644557696
"4-5","4_A",0.275290874382825
"4-5","40_A",27
"4-5","41_A",0.771428571428571
"4-5","42_A",0.693756131097661
"4-5","43_A",0.661413989369208
"4-5","45_A",0.661413989369208
"4-5","46_A",1.25795623147536e-17
"4-5","47_A",0.678182266592598
"4-5","48_A",0.661413989369208
"4-5","49_A",3.7153225236086e-17
"4-5","5_A",10.0907015234446
"4-5","51_A",0.330706994684604
"4-5","52_A",0.330706994684604
"4-5","53_A",3.06896894539039
"4-5","54_A",0.449357417716407
"4-5","55_A",0.201922088856758
"4-5","57_A",0.49411392627473
"4-5","58_A",1.95268730727003
"4-5","59_A",0.922345417921072
"4-5","6_A",0.887182296714712
"4-5","60_A",1.41421356237309
"4-5","61_A",0.988227852549461
"4-5","62_A",0.036601031575906
"4-5","64_A",0.036601031575906
"4-5","65_A",0.693756131097661
"4-5","66_1_A",0.988227852549461
"4-5","66_2_A",0.395335987621391
"4-5","66_3_A",0.35819295249566
"4-5","67_A",1
"4-5","68_A",0.513067913565034
"4-5","69_A",0.747056963137365
"4-5","7_A",98.8227852549461
"4-5","75_A",0.0748079877112136
"4-5","77_A",0.0668239783971038
"4-5","81_A",0.808234337941835
"4-5","87_A",0.49411392627473
"4-5","88_A",1.40411591721753e-17
"4-5","89_A",0.247056963137365
"4-5","9_A",0.49411392627473
"4-5","90_A",0.247056963137365
"4-5","91_A",0.49411392627473
"4-5","92_A",2.77555756156289e-17
"4-5","93_A",0.513067913565034
"4-5","94_A",0.395335987621391
"4-5","95_A",0.403844177713516
"4-5","99_A",20.1468438248697
"5-6","10_A",17.4974079766875
"5-6","100_A",0.30328676877209
"5-6","11_A",0.499925942191072
"5-6","12_A",10.9983707282036
"5-6","13_A",0.00261153250296234
"5-6","14_A",0.00601327581119052
"5-6","15_A",0.0428842869855929
"5-6","17_A",0.021911983384744
"5-6","18_A",0.021911983384744
"5-6","19_A",0.0986030631627035
"5-6","2_A",5.3108412259799
"5-6","20_A",0.803952433943318
"5-6","21_A",0.323169758021693
"5-6","22_A",0.646339516043385
"5-6","23_A",0.540898616569541
"5-6","24_A",0.201768725061227
"5-6","25_A",0.538990177194977
"5-6","26_A",0.600839948604963
"5-6","27_A",2.81818916406822
"5-6","28_A",0.146285656703422
"5-6","29_A",15.884380328943
"5-6","3_A",0.352588300353442
"5-6","30_A",0.179356619701519
"5-6","31_A",0.00815257362279633
"5-6","32_A",0.0303168020508927
"5-6","33_A",0.0321687970307554
"5-6","34_A",0.628571428571429
"5-6","35_A",0.0275715244338264
"5-6","36_A",15.1225887697941
"5-6","37_A",0.208628512514902
"5-6","4_A",0.106343623784312
"5-6","40_A",22
"5-6","41_A",0.628571428571429
"5-6","42_A",0.449186737405755
"5-6","43_A",0.465418319343234
"5-6","45_A",0.465418319343234
"5-6","46_A",0
"5-6","47_A",0.256656393190767
"5-6","48_A",0.465418319343234
"5-6","49_A",0
"5-6","5_A",4.91937111657273
"5-6","51_A",0.232709159671617
"5-6","52_A",0.232709159671617
"5-6","53_A",1.11994285429642
"5-6","54_A",0.301216317930801
"5-6","55_A",0.0907312701877896
"5-6","57_A",0.30328676877209
"5-6","58_A",0.870409145123777
"5-6","59_A",0.59119738401755
"5-6","6_A",2.38050737101219
"5-6","60_A",1.41421356237309
"5-6","61_A",0.60657353754418
"5-6","62_A",0.0275715244338264
"5-6","64_A",0.0275715244338264
"5-6","65_A",0.449186737405755
"5-6","66_1_A",0.60657353754418
"5-6","66_2_A",0.179356619701519
"5-6","66_3_A",0.131032116353453
"5-6","67_A",1
"5-6","68_A",0.147220772880519
"5-6","69_A",0.651643384386045
"5-6","7_A",60.657353754418
"5-6","75_A",4.63801219963145e-06
"5-6","77_A",0.0303168020508927
"5-6","81_A",0.408475052657938
"5-6","87_A",0.30328676877209
"5-6","88_A",0
"5-6","89_A",0.151643384386045
"5-6","9_A",0.30328676877209
"5-6","90_A",0.151643384386045
"5-6","91_A",0.30328676877209
"5-6","92_A",0
"5-6","93_A",0.147220772880519
"5-6","94_A",0.179356619701518
"5-6","95_A",0.181462540375579
"5-6","99_A",13.1238556057693
"6-7","10_A",16.3978426276967
"6-7","100_A",0.200838797330025
"6-7","11_A",0.468509789362763
"6-7","12_A",10.3072153659808
"6-7","13_A",0.00125136356897747
"6-7","14_A",0.00288137109984337
"6-7","15_A",0.0676318510858324
"6-7","17_A",0.0349994648399872
"6-7","18_A",0.0349994648399872
"6-7","19_A",0.0736015121980034
"6-7","2_A",4.36432857965929
"6-7","20_A",0.596816466526862
"6-7","21_A",0.178094947358805
"6-7","22_A",0.356189894717609
"6-7","23_A",0.333507205973959
"6-7","24_A",0.126888782545119
"6-7","25_A",0.334987641567917
"6-7","26_A",0.611409215642544
"6-7","27_A",2.86776342075107
"6-7","28_A",0.0556135282182784
"6-7","29_A",16.4481340747958
"6-7","3_A",0.237639553429027
"6-7","30_A",0.120693195905929
"6-7","31_A",0.00548605435936043
"6-7","32_A",0.0204008736073357
"6-7","33_A",0.0145668475379871
"6-7","34_A",0.628571428571429
"6-7","35_A",0.0182580724845478
"6-7","36_A",17.5213722937691
"6-7","37_A",0.12306980368665
"6-7","4_A",0.0655463795470043
"6-7","40_A",22
"6-7","41_A",0.628571428571429
"6-7","42_A",0.356214517594552
"6-7","43_A",0.334497515864037
"6-7","45_A",0.334497515864037
"6-7","46_A",3.07641701149137e-17
"6-7","47_A",0.116563580054619
"6-7","48_A",0.334497515864037
"6-7","49_A",4.62269801364535e-17
"6-7","5_A",5.49177316607361
"6-7","51_A",0.167248757932018
"6-7","52_A",0.167248757932018
"6-7","53_A",0.7501574881149
"6-7","54_A",0.228692392728837
"6-7","55_A",0.0523002104920406
"6-7","57_A",0.200838797330025
"6-7","58_A",0.502498236489829
"6-7","59_A",0.39463423948808
"6-7","6_A",2.04585715436415
"6-7","60_A",1.4142135623731
"6-7","61_A",0.401677594660051
"6-7","62_A",0.0182580724845478
"6-7","64_A",0.0182580724845478
"6-7","65_A",0.356214517594552
"6-7","66_1_A",0.401677594660051
"6-7","66_2_A",0.120693195905929
"6-7","66_3_A",0.0909700103033218
"6-7","67_A",1
"6-7","68_A",0.0618887788407528
"6-7","69_A",0.600419398665013
"6-7","7_A",40.1677594660051
"6-7","75_A",0.0001921326726666
"6-7","77_A",0.0204008736073357
"6-7","81_A",0.208789865864902
"6-7","87_A",0.200838797330025
"6-7","88_A",2.21811791897834e-17
"6-7","89_A",0.100419398665013
"6-7","9_A",0.200838797330025
"6-7","90_A",0.100419398665013
"6-7","91_A",0.200838797330025
"6-7","92_A",2.77555756156289e-17
"6-7","93_A",0.0618887788407528
"6-7","94_A",0.120693195905929
"6-7","95_A",0.104600420984081
"6-7","99_A",11.9208138311067
"7-8","10_A",16.8366067639549
"7-8","100_A",0.261904761904762
"7-8","11_A",0.481045907541567
"7-8","12_A",10.5830099659145
"7-8","13_A",0.00119464182406735
"7-8","14_A",0.00275076445556475
"7-8","15_A",0.155249350267249
"7-8","17_A",0.0841573631047317
"7-8","18_A",0.0841573631047317
"7-8","19_A",0.109347442680776
"7-8","2_A",4.27007866954397
"7-8","20_A",0.794633011427226
"7-8","21_A",0.315720811424951
"7-8","22_A",0.631441622849902
"7-8","23_A",0.475733753290729
"7-8","24_A",0.253928584204498
"7-8","25_A",0.483876286687748
"7-8","26_A",0.621222640385226
"7-8","27_A",2.91379246282199
"7-8","28_A",0.113161302010042
"7-8","29_A",16.9803730327964
"7-8","3_A",0.31657848324515
"7-8","30_A",0.167956432762681
"7-8","31_A",0.0076343833073946
"7-8","32_A",0.0283898187516808
"7-8","33_A",0.0282093633063651
"7-8","34_A",0.628571428571429
"7-8","35_A",0.0238095238095238
"7-8","36_A",16.3324502669021
"7-8","37_A",0.373169033020738
"7-8","4_A",0.135778821461551
"7-8","40_A",22
"7-8","41_A",0.628571428571429
"7-8","42_A",0.503913270518349
"7-8","43_A",0.415094339622642
"7-8","45_A",0.415094339622641
"7-8","46_A",0
"7-8","47_A",0.207662848408868
"7-8","48_A",0.415094339622641
"7-8","49_A",0
"7-8","5_A",5.68077321950151
"7-8","51_A",0.207547169811321
"7-8","52_A",0.207547169811321
"7-8","53_A",2.20289160476802
"7-8","54_A",0.314955642862971
"7-8","55_A",0.0991970569712273
"7-8","57_A",0.261904761904762
"7-8","58_A",0.709485171759911
"7-8","59_A",0.510403473719768
"7-8","6_A",2.04585715436415
"7-8","60_A",1.4142135623731
"7-8","61_A",0.523809523809524
"7-8","62_A",0.0238095238095238
"7-8","64_A",0.0238095238095238
"7-8","65_A",0.503913270518349
"7-8","66_1_A",0.523809523809524
"7-8","66_2_A",0.167956432762681
"7-8","66_3_A",0.130822114158164
"7-8","67_A",1
"7-8","68_A",0.115861487457601
"7-8","69_A",0.630952380952381
"7-8","7_A",52.3809523809524
"7-8","75_A",0.0001921326726666
"7-8","77_A",0.0283898187516808
"7-8","81_A",0.343908647487948
"7-8","87_A",0.261904761904762
"7-8","88_A",0
"7-8","89_A",0.130952380952381
"7-8","9_A",0.261904761904762
"7-8","90_A",0.130952380952381
"7-8","91_A",0.261904761904762
"7-8","92_A",0
"7-8","93_A",0.115861487457601
"7-8","94_A",0.167956432762681
"7-8","95_A",0.198394113942455
"7-8","99_A",12.2496176020015
"8-9","10_A",17.3774933390603
"8-9","100_A",0.403213317847464
"8-9","11_A",0.496499809687438
"8-9","12_A",10.9229958131236
"8-9","13_A",0.0112875694751183
"8-9","14_A",0.0259905892095419
"8-9","15_A",0.309192200557103
"8-9","17_A",0.182866556836903
"8-9","18_A",0.182866556836903
"8-9","19_A",0.24390243902439
"8-9","2_A",4.37178349454604
"8-9","20_A",1.03932558128559
"8-9","21_A",0.540098831957318
"8-9","22_A",1.08019766391464
"8-9","23_A",0.879806894556739
"8-9","24_A",0.454676303538564
"8-9","25_A",0.857151959031074
"8-9","26_A",0.626306968616509
"8-9","27_A",2.93764007608611
"8-9","28_A",0.387030085854787
"8-9","29_A",17.2594584332545
"8-9","3_A",0.525164537359659
"8-9","30_A",0.310311446335281
"8-9","31_A",0.0141050657425128
"8-9","32_A",0.0524522078322446
"8-9","33_A",0.0962931937266942
"8-9","34_A",0.628571428571429
"8-9","35_A",0.0366557561679513
"8-9","36_A",15.3479585756656
"8-9","37_A",0.307417306979135
"8-9","4_A",0.257913779882094
"8-9","40_A",22
"8-9","41_A",0.628571428571429
"8-9","42_A",0.674296895691033
"8-9","43_A",0.574699958614981
"8-9","45_A",0.574699958614981
"8-9","46_A",1.68248794504033e-17
"8-9","47_A",0.560749560098873
"8-9","48_A",0.574699958614981
"8-9","49_A",3.95600230736209e-17
"8-9","5_A",5.70684631314997
"8-9","51_A",0.287349979307491
"8-9","52_A",0.287349979307491
"8-9","53_A",4.08202267895274
"8-9","54_A",0.414240168954343
"8-9","55_A",0.171594917575323
"8-9","57_A",0.403213317847464
"8-9","58_A",1.35082851896666
"8-9","59_A",0.763441529741519
"8-9","6_A",2.04585715436415
"8-9","60_A",1.41421356237309
"8-9","61_A",0.806426635694928
"8-9","62_A",0.0366557561679513
"8-9","64_A",0.0366557561679513
"8-9","65_A",0.674296895691033
"8-9","66_1_A",0.806426635694928
"8-9","66_2_A",0.310311446335281
"8-9","66_3_A",0.261932885536435
"8-9","67_A",1
"8-9","68_A",0.38961222074554
"8-9","69_A",0.701606658923732
"8-9","7_A",80.6426635694928
"8-9","75_A",0.0001921326726666
"8-9","77_A",0.0524522078322446
"8-9","81_A",0.71856443139199
"8-9","87_A",0.403213317847464
"8-9","88_A",1.6564157882885e-17
"8-9","89_A",0.201606658923732
"8-9","9_A",0.403213317847464
"8-9","90_A",0.201606658923732
"8-9","91_A",0.403213317847464
"8-9","92_A",2.77555756156289e-17
"8-9","93_A",0.38961222074554
"8-9","94_A",0.310311446335282
"8-9","95_A",0.343189835150646
"8-9","99_A",12.6337026330232
"9-10","10_A",21.106075862757
"9-10","100_A",0.476295425604858
"9-10","11_A",0.603030738935915
"9-10","12_A",13.869706995526
"9-10","13_A",0.0108898033105921
"9-10","14_A",0.0250746987686065
"9-10","15_A",0.437428002932244
"9-10","17_A",0.279941022719657
"9-10","18_A",0.279941022719657
"9-10","19_A",0.24390243902439
"9-10","2_A",4.96419712895791
"9-10","20_A",1.20562068628142
"9-10","21_A",0.726760619594839
"9-10","22_A",1.45352123918968
"9-10","23_A",0.960404407310956
"9-10","24_A",0.641738898509719
"9-10","25_A",0.943191431330014
"9-10","26_A",0.728334259612169
"9-10","27_A",3.49296840175667
"9-10","28_A",0.461188312791154
"9-10","29_A",24.4016565113411
"9-10","3_A",0.598246645117054
"9-10","30_A",0.338465426353724
"9-10","31_A",0.0147158881023358
"9-10","32_A",0.0572110990322703
"9-10","33_A",0.114558844836808
"9-10","34_A",0.657142857142857
"9-10","35_A",0.0414169935308573
"9-10","36_A",20.944778822779
"9-10","37_A",0.377617995804324
"9-10","4_A",0.386941900766137
"9-10","40_A",23
"9-10","41_A",0.657142857142857
"9-10","42_A",0.801086074345147
"9-10","43_A",0.645257605414192
"9-10","45_A",0.645257605414192
"9-10","46_A",1.33389011253782e-17
"9-10","47_A",0.633366615852142
"9-10","48_A",0.645257605414192
"9-10","49_A",3.76016549726246e-17
"9-10","5_A",8.2594515687994
"9-10","51_A",0.322628802707096
"9-10","52_A",0.322628802707096
"9-10","53_A",5.97773811040797
"9-10","54_A",0.486396341889265
"9-10","55_A",0.236581401403258
"9-10","57_A",0.476295425604858
"9-10","58_A",1.81814848220208
"9-10","59_A",0.901099096020928
"9-10","6_A",1.29695648337879
"9-10","60_A",1.41421356237309
"9-10","61_A",0.952590851209717
"9-10","62_A",0.0414169935308573
"9-10","64_A",0.0414169935308573
"9-10","65_A",0.801086074345147
"9-10","66_1_A",0.952590851209717
"9-10","66_2_A",0.338465426353724
"9-10","66_3_A",0.271443694759695
"9-10","67_A",1
"9-10","68_A",0.463450273642384
"9-10","69_A",0.738147712802429
"9-10","7_A",95.2590851209717
"9-10","75_A",0.0266897343117297
"9-10","77_A",0.0572110990322703
"9-10","81_A",0.775535155065857
"9-10","87_A",0.476295425604858
"9-10","88_A",1.45357219148751e-17
"9-10","89_A",0.238147712802429
"9-10","9_A",0.476295425604858
"9-10","90_A",0.238147712802429
"9-10","91_A",0.476295425604858
"9-10","92_A",2.77555756156289e-17
"9-10","93_A",0.463450273642384
"9-10","94_A",0.338465426353724
"9-10","95_A",0.473162802806517
"9-10","99_A",15.1232362521641
"10-11","10_A",21.2483490220547
"10-11","100_A",0.416331994645248
"10-11","11_A",0.60709568634442
"10-11","12_A",16.3915835312994
"10-11","13_A",0.00888342246881297
"10-11","14_A",0.0204548361514571
"10-11","15_A",0.137629342979726
"10-11","17_A",0.0739000813081579
"10-11","18_A",0.0739000813081579
"10-11","19_A",0.131916555109326
"10-11","2_A",5.78718793003343
"10-11","20_A",0.964760861852998
"10-11","21_A",0.46538176028167
"10-11","22_A",0.930763520563339
"10-11","23_A",0.755822575532169
"10-11","24_A",0.321994959142934
"10-11","25_A",0.734895521777166
"10-11","26_A",0.696790859034362
"10-11","27_A",3.62063151029124
"10-11","28_A",0.285633882842041
"10-11","29_A",26.2179450666276
"10-11","3_A",0.482290272199911
"10-11","30_A",0.252392300865319
"10-11","31_A",0.00934786299501183
"10-11","32_A",0.0426620853874089
"10-11","33_A",0.0637018735360899
"10-11","34_A",0.771428571428571
"10-11","35_A",0.0308394070107591
"10-11","36_A",26.5340179626243
"10-11","37_A",0.387626652386665
"10-11","4_A",0.175541568432991
"10-11","40_A",27
"10-11","41_A",0.771428571428571
"10-11","42_A",0.567445996675397
"10-11","43_A",0.587901701323252
"10-11","45_A",0.587901701323251
"10-11","46_A",1.61516163346426e-17
"10-11","47_A",0.444368178822526
"10-11","48_A",0.587901701323251
"10-11","49_A",3.91936011056234e-17
"10-11","5_A",8.59535385341725
"10-11","51_A",0.293950850661626
"10-11","52_A",0.293950850661626
"10-11","53_A",2.1904445946237
"10-11","54_A",0.368081261055646
"10-11","55_A",0.135483814740314
"10-11","57_A",0.416331994645248
"10-11","58_A",1.42616568294099
"10-11","59_A",0.802845738620025
"10-11","6_A",1.18942710668005
"10-11","60_A",1.41421356237309
"10-11","61_A",0.832663989290495
"10-11","62_A",0.0308394070107591
"10-11","64_A",0.0308394070107591
"10-11","65_A",0.567445996675396
"10-11","66_1_A",0.832663989290495
"10-11","66_2_A",0.252392300865319
"10-11","66_3_A",0.187701362008668
"10-11","67_A",1
"10-11","68_A",0.285651252933473
"10-11","69_A",0.708165997322624
"10-11","7_A",83.2663989290495
"10-11","75_A",0.0132157423592352
"10-11","77_A",0.0426620853874089
"10-11","81_A",0.615311504833598
"10-11","87_A",0.416331994645248
"10-11","88_A",1.62000414570471e-17
"10-11","89_A",0.208165997322624
"10-11","9_A",0.416331994645248
"10-11","90_A",0.208165997322624
"10-11","91_A",0.416331994645248
"10-11","92_A",2.77555756156289e-17
"10-11","93_A",0.285651252933473
"10-11","94_A",0.252392300865319
"10-11","95_A",0.270967629480629
"10-11","99_A",18.7499596393569
"11-12","10_A",18.9100868275894
"11-12","100_A",0.374543557642149
"11-12","11_A",0.540288195073984
"11-12","12_A",14.0474930719236
"11-12","13_A",0.0103438665660087
"11-12","14_A",0.0238176329588111
"11-12","15_A",0.101752550353126
"11-12","17_A",0.0536034173901062
"11-12","18_A",0.0536034173901062
"11-12","19_A",0.207550860719875
"11-12","2_A",5.37529463818435
"11-12","20_A",0.897757057175324
"11-12","21_A",0.402983866854049
"11-12","22_A",0.805967733708098
"11-12","23_A",0.739845272974005
"11-12","24_A",0.26899583544058
"11-12","25_A",0.707126459571612
"11-12","26_A",0.65387209897148
"11-12","27_A",3.33410659204945
"11-12","28_A",0.27368551397099
"11-12","29_A",22.2325335342952
"11-12","3_A",0.478318988002087
"11-12","30_A",0.269248900195051
"11-12","31_A",0.0103557269305789
"11-12","32_A",0.0455113707161642
"11-12","33_A",0.0724949702562445
"11-12","34_A",0.742857142857143
"11-12","35_A",0.0288110428955499
"11-12","36_A",22.3438876241061
"11-12","37_A",0.331126678900977
"11-12","4_A",0.144445498499663
"11-12","40_A",26
"11-12","41_A",0.742857142857143
"11-12","42_A",0.518648084389194
"11-12","43_A",0.544971537001898
"11-12","45_A",0.544971537001897
"11-12","46_A",1.83763938825942e-17
"11-12","47_A",0.43872607936669
"11-12","48_A",0.544971537001897
"11-12","49_A",4.03851525276362e-17
"11-12","5_A",7.21946774589252
"11-12","51_A",0.272485768500949
"11-12","52_A",0.272485768500949
"11-12","53_A",1.64196831450288
"11-12","54_A",0.33988194870969
"11-12","55_A",0.115519739058696
"11-12","57_A",0.374543557642149
"11-12","58_A",1.19733928198615
"11-12","59_A",0.716129737274088
"11-12","6_A",1.53634334612839
"11-12","60_A",1.41421356237309
"11-12","61_A",0.749087115284298
"11-12","62_A",0.0288110428955499
"11-12","64_A",0.0288110428955499
"11-12","65_A",0.518648084389194
"11-12","66_1_A",0.749087115284298
"11-12","66_2_A",0.269248900195051
"11-12","66_3_A",0.223761504020058
"11-12","67_A",1
"11-12","68_A",0.281005192982873
"11-12","69_A",0.687271778821075
"11-12","7_A",74.9087115284298
"11-12","75_A",0.00122763232100409
"11-12","77_A",0.0455113707161642
"11-12","81_A",0.609881318839805
"11-12","87_A",0.374543557642149
"11-12","88_A",1.73599035801456e-17
"11-12","89_A",0.187271778821075
"11-12","9_A",0.374543557642149
"11-12","90_A",0.187271778821075
"11-12","91_A",0.374543557642149
"11-12","92_A",2.77555756156289e-17
"11-12","93_A",0.281005192982873
"11-12","94_A",0.269248900195051
"11-12","95_A",0.231039478117393
"11-12","99_A",16.1283856083286
"12-13","10_A",14.6071824748586
"12-13","100_A",0.309461287499005
"12-13","11_A",0.417348070710246
"12-13","12_A",8.34696141420491
"12-13","13_A",0.00545162720641113
"12-13","14_A",0.012552835538043
"12-13","15_A",0.0242194339072074
"12-13","17_A",0.0122581597991434
"12-13","18_A",0.0122581597991434
"12-13","19_A",0.162409485159545
"12-13","2_A",4.44399228914921
"12-13","20_A",0.768480993569293
"12-13","21_A",0.295281518738624
"12-13","22_A",0.590563037477247
"12-13","23_A",0.479992846042875
"12-13","24_A",0.178093472921916
"12-13","25_A",0.483599444973975
"12-13","26_A",0.535978177532461
"12-13","27_A",2.39696727883807
"12-13","28_A",0.115196566126169
"12-13","29_A",11.4909042716407
"12-13","3_A",0.390666030078778
"12-13","30_A",0.236152630621685
"12-13","31_A",0.0118076315310843
"12-13","32_A",0.0399170801070498
"12-13","33_A",0.0557680649495421
"12-13","34_A",0.571428571428571
"12-13","35_A",0.0309461287499005
"12-13","36_A",11.8112318859948
"12-13","37_A",0.403223083016248
"12-13","4_A",0.0932636854102629
"12-13","40_A",20
"12-13","41_A",0.571428571428571
"12-13","42_A",0.422011223691878
"12-13","43_A",0.472654350996597
"12-13","45_A",0.472654350996597
"12-13","46_A",2.23554253588394e-17
"12-13","47_A",0.249600387869544
"12-13","48_A",0.472654350996597
"12-13","49_A",4.23923576521158e-17
"12-13","5_A",3.57736403879075
"12-13","51_A",0.236327175498298
"12-13","52_A",0.236327175498299
"12-13","53_A",0.84416929779643
"12-13","54_A",0.285966211040497
"12-13","55_A",0.0817766738568581
"12-13","57_A",0.309461287499005
"12-13","58_A",0.89605589626634
"12-13","59_A",0.593086308516186
"12-13","6_A",2.72371171350202
"12-13","60_A",1.4142135623731
"12-13","61_A",0.61892257499801
"12-13","62_A",0.0309461287499005
"12-13","64_A",0.0309461287499005
"12-13","65_A",0.422011223691878
"12-13","66_1_A",0.61892257499801
"12-13","66_2_A",0.236152630621685
"12-13","66_3_A",0.189174574250835
"12-13","67_A",1
"12-13","68_A",0.142596231249017
"12-13","69_A",0.654730643749503
"12-13","7_A",61.892257499801
"12-13","75_A",6.07153482379275e-07
"12-13","77_A",0.0399170801070498
"12-13","81_A",0.399488332898311
"12-13","87_A",0.309461287499005
"12-13","88_A",1.91662994503404e-17
"12-13","89_A",0.154730643749503
"12-13","9_A",0.309461287499005
"12-13","90_A",0.154730643749503
"12-13","91_A",0.309461287499005
"12-13","92_A",2.77555756156289e-17
"12-13","93_A",0.142596231249017
"12-13","94_A",0.236152630621685
"12-13","95_A",0.163553347713716
"12-13","99_A",10.2518363882947
"13-14","10_A",22.6606873608735
"13-14","100_A",0.465608132232794
"13-14","11_A",0.647448210310672
"13-14","12_A",16.8336534680775
"13-14","13_A",0.0109761412432553
"13-14","14_A",0.0252734992053168
"13-14","15_A",0.156892612338157
"13-14","17_A",0.0851239669421487
"13-14","18_A",0.0851239669421487
"13-14","19_A",0.281582761010648
"13-14","2_A",6.22665093848009
"13-14","20_A",1.13858530763123
"13-14","21_A",0.648188251376855
"13-14","22_A",1.29637650275371
"13-14","23_A",0.780696446305282
"13-14","24_A",0.459966917975162
"13-14","25_A",0.774260541952494
"13-14","26_A",0.750374905178606
"13-14","27_A",3.82617628401605
"13-14","28_A",0.304743470636848
"13-14","29_A",29.2792499127337
"13-14","3_A",0.606399512738118
"13-14","30_A",0.35518598510154
"13-14","31_A",0.0136609994269823
"13-14","32_A",0.0600373893057012
"13-14","33_A",0.126157084012552
"13-14","34_A",0.742857142857143
"13-14","35_A",0.0358160101717533
"13-14","36_A",28.4466997555474
"13-14","37_A",0.595432396697333
"13-14","4_A",0.261343282530829
"13-14","40_A",26
"13-14","41_A",0.742857142857143
"13-14","42_A",0.678208609481745
"13-14","43_A",0.635378750967298
"13-14","45_A",0.635378750967298
"13-14","46_A",0
"13-14","47_A",0.52719556874971
"13-14","48_A",0.635378750967298
"13-14","49_A",0
"13-14","5_A",9.69157660926466
"13-14","51_A",0.317689375483649
"13-14","52_A",0.317689375483649
"13-14","53_A",2.95910520015409
"13-14","54_A",0.440082720388953
"13-14","55_A",0.193672800784941
"13-14","57_A",0.465608132232794
"13-14","58_A",1.74191999656661
"13-14","59_A",0.875723059502705
"13-14","6_A",1.13330395219788
"13-14","60_A",1.4142135623731
"13-14","61_A",0.931216264465587
"13-14","62_A",0.0358160101717533
"13-14","64_A",0.0358160101717533
"13-14","65_A",0.678208609481745
"13-14","66_1_A",0.931216264465587
"13-14","66_2_A",0.35518598510154
"13-14","66_3_A",0.299857514845362
"13-14","67_A",1
"13-14","68_A",0.357953546013006
"13-14","69_A",0.732804066116397
"13-14","7_A",93.1216264465587
"13-14","75_A",0.0276126913501775
"13-14","77_A",0.0600373893057012
"13-14","81_A",0.6904100293865
"13-14","87_A",0.465608132232794
"13-14","88_A",0
"13-14","89_A",0.232804066116397
"13-14","9_A",0.465608132232794
"13-14","90_A",0.232804066116397
"13-14","91_A",0.465608132232794
"13-14","92_A",0
"13-14","93_A",0.357953546013006
"13-14","94_A",0.355185985101541
"13-14","95_A",0.387345601569882
"13-14","99_A",18.3979488856951
"14-15","10_A",18.8435687625323
"14-15","100_A",0.498104089219331
"14-15","11_A",0.538387678929494
"14-15","12_A",13.4596919732373
"14-15","13_A",0.01563304349953
"14-15","14_A",0.0359964129201452
"14-15","15_A",0.39441604404247
"14-15","17_A",0.245652706343375
"14-15","18_A",0.245652706343375
"14-15","19_A",0.29
"14-15","2_A",4.80571462602732
"14-15","20_A",1.1902223422903
"14-15","21_A",0.708314612043499
"14-15","22_A",1.416629224087
"14-15","23_A",1.05441753343169
"14-15","24_A",0.602811829295164
"14-15","25_A",1.02347541494956
"14-15","26_A",0.654347218670488
"14-15","27_A",3.27173609335244
"14-15","28_A",0.555898167404085
"14-15","29_A",21.4085141290902
"14-15","3_A",0.643104089219331
"14-15","30_A",0.385509913772301
"14-15","31_A",0.0154203965508921
"14-15","32_A",0.0651630687729368
"14-15","33_A",0.148617893616727
"14-15","34_A",0.714285714285714
"14-15","35_A",0.0398483271375465
"14-15","36_A",19.2394330731689
"14-15","37_A",0.46274395325256
"14-15","4_A",0.35868541307465
"14-15","40_A",25
"14-15","41_A",0.714285714285714
"14-15","42_A",0.776409575736392
"14-15","43_A",0.664979279882876
"14-15","45_A",0.664979279882876
"14-15","46_A",1.24139477315744e-17
"14-15","47_A",0.720351358107284
"14-15","48_A",0.664979279882875
"14-15","49_A",3.70542685456422e-17
"14-15","5_A",7.12207081842767
"14-15","51_A",0.332489639941438
"14-15","52_A",0.332489639941438
"14-15","53_A",5.46210794729925
"14-15","54_A",0.475494853842715
"14-15","55_A",0.226095356030905
"14-15","57_A",0.498104089219331
"14-15","58_A",1.98413888350244
"14-15","59_A",0.931055207086849
"14-15","6_A",1.49065204523325
"14-15","60_A",1.41421356237309
"14-15","61_A",0.996208178438662
"14-15","62_A",0.0398483271375465
"14-15","64_A",0.0398483271375465
"14-15","65_A",0.776409575736392
"14-15","66_1_A",0.996208178438662
"14-15","66_2_A",0.385509913772301
"14-15","66_3_A",0.319238032232785
"14-15","67_A",1
"14-15","68_A",0.56292902170538
"14-15","69_A",0.749052044609665
"14-15","7_A",99.6208178438662
"14-15","75_A",0.00384024577572961
"14-15","77_A",0.0651630687729368
"14-15","81_A",0.837446786335332
"14-15","87_A",0.498104089219331
"14-15","88_A",1.39304099028478e-17
"14-15","89_A",0.249052044609665
"14-15","9_A",0.498104089219331
"14-15","90_A",0.249052044609665
"14-15","91_A",0.498104089219331
"14-15","92_A",2.77555756156289e-17
"14-15","93_A",0.56292902170538
"14-15","94_A",0.385509913772301
"14-15","95_A",0.452190712061811
"14-15","99_A",15.530958612395
"15-16","10_A",25.4618919570813
"15-16","100_A",0.491958762886598
"15-16","11_A",0.72748262734518
"15-16","12_A",17.4595830562843
"15-16","13_A",0.0151433618368649
"15-16","14_A",0.03486887922338
"15-16","15_A",0.225481978206203
"15-16","17_A",0.127066603684459
"15-16","18_A",0.127066603684459
"15-16","19_A",0.279690721649484
"15-16","2_A",5.46635097869804
"15-16","20_A",1.22848511203082
"15-16","21_A",0.754587835240685
"15-16","22_A",1.50917567048137
"15-16","23_A",0.979080991607706
"15-16","24_A",0.579182060771716
"15-16","25_A",0.948663691179301
"15-16","26_A",0.806290683407228
"15-16","27_A",3.95000151741529
"15-16","28_A",0.479299794063765
"15-16","29_A",31.2050239751661
"15-16","3_A",0.63180412371134
"15-16","30_A",0.387472358182915
"15-16","31_A",0.0161446815909548
"15-16","32_A",0.0654947824215965
"15-16","33_A",0.150134828355829
"15-16","34_A",0.685714285714286
"15-16","35_A",0.0409965635738832
"15-16","36_A",28.2054120788321
"15-16","37_A",0.708219546883899
"15-16","4_A",0.341914461237852
"15-16","40_A",24
"15-16","41_A",0.685714285714286
"15-16","42_A",0.761040117715036
"15-16","43_A",0.659480375898286
"15-16","45_A",0.659480375898286
"15-16","46_A",0
"15-16","47_A",0.648023298071287
"15-16","48_A",0.659480375898286
"15-16","49_A",0
"15-16","5_A",10.4806544675094
"15-16","51_A",0.329740187949143
"15-16","52_A",0.329740187949143
"15-16","53_A",3.95969003710198
"15-16","54_A",0.483904313273833
"15-16","55_A",0.23416338440502
"15-16","57_A",0.491958762886598
"15-16","58_A",1.93577384709496
"15-16","59_A",0.918963694772374
"15-16","6_A",0.881338302072322
"15-16","60_A",1.4142135623731
"15-16","61_A",0.983917525773196
"15-16","62_A",0.0409965635738832
"15-16","64_A",0.0409965635738832
"15-16","65_A",0.761040117715036
"15-16","66_1_A",0.983917525773196
"15-16","66_2_A",0.387472358182915
"15-16","66_3_A",0.33075054251212
"15-16","67_A",1
"15-16","68_A",0.479315432837581
"15-16","69_A",0.745979381443299
"15-16","7_A",98.3917525773196
"15-16","75_A",0.117092268806174
"15-16","77_A",0.0654947824215965
"15-16","81_A",0.786424923518594
"15-16","87_A",0.491958762886598
"15-16","88_A",0
"15-16","89_A",0.245979381443299
"15-16","9_A",0.491958762886598
"15-16","90_A",0.245979381443299
"15-16","91_A",0.491958762886598
"15-16","92_A",0
"15-16","93_A",0.479315432837581
"15-16","94_A",0.387472358182915
"15-16","95_A",0.468326768810039
"15-16","99_A",18.7681327721633
"16-17","10_A",18.2918300594618
"16-17","100_A",0.21008018327606
"16-17","11_A",0.522623715984622
"16-17","12_A",9.92985060370782
"16-17","13_A",0.00090984692625836
"16-17","14_A",0.00209499996930896
"16-17","15_A",0.150735294117647
"16-17","17_A",0.0815109343936382
"16-17","18_A",0.0815109343936382
"16-17","19_A",0.0707903780068729
"16-17","2_A",3.01190130174037
"16-17","20_A",0.658380853390468
"16-17","21_A",0.21673267405558
"16-17","22_A",0.43346534811116
"16-17","23_A",0.233319042104727
"16-17","24_A",0.187575381959462
"16-17","25_A",0.248888916108648
"16-17","26_A",0.648637762436787
"16-17","27_A",2.8273464574263
"16-17","28_A",0.0272188877043338
"16-17","29_A",15.987775980642
"16-17","3_A",0.245475372279496
"16-17","30_A",0.119516838601929
"16-17","31_A",0.00629035992641733
"16-17","32_A",0.0202020329312244
"16-17","33_A",0.0142842747093996
"16-17","34_A",0.542857142857143
"16-17","35_A",0.0221137035027431
"16-17","36_A",14.7396997123768
"16-17","37_A",0.0903782647636137
"16-17","4_A",0.098481663724742
"16-17","40_A",19
"16-17","41_A",0.542857142857143
"16-17","42_A",0.433099736734463
"16-17","43_A",0.347216963271488
"16-17","45_A",0.347216963271488
"16-17","46_A",0
"16-17","47_A",0.0739761470642919
"16-17","48_A",0.347216963271488
"16-17","49_A",0
"16-17","5_A",5.3646581052464
"16-17","51_A",0.173608481635744
"16-17","52_A",0.173608481635744
"16-17","53_A",1.45815554693447
"16-17","54_A",0.263867248047109
"16-17","55_A",0.0696259245919544
"16-17","57_A",0.21008018327606
"16-17","58_A",0.531747723860972
"16-17","59_A",0.41322956999929
"16-17","6_A",2.22156157611313
"16-17","60_A",1.41421356237309
"16-17","61_A",0.420160366552119
"16-17","62_A",0.0221137035027431
"16-17","64_A",0.0221137035027431
"16-17","65_A",0.433099736734464
"16-17","66_1_A",0.420160366552119
"16-17","66_2_A",0.119516838601929
"16-17","66_3_A",0.0870819698388891
"16-17","67_A",1
"16-17","68_A",0.0384087387866641
"16-17","69_A",0.60504009163803
"16-17","7_A",42.0160366552119
"16-17","75_A",0.00042685402166953
"16-17","77_A",0.0202020329312244
"16-17","81_A",0.137761247801463
"16-17","87_A",0.21008018327606
"16-17","88_A",0
"16-17","89_A",0.10504009163803
"16-17","9_A",0.21008018327606
"16-17","90_A",0.10504009163803
"16-17","91_A",0.21008018327606
"16-17","92_A",0
"16-17","93_A",0.0384087387866641
"16-17","94_A",0.119516838601928
"16-17","95_A",0.139251849183909
"16-17","99_A",11.4256919040757
"17-18","10_A",21.5683910553714
"17-18","100_A",0.484369114877589
"17-18","11_A",0.616239744439183
"17-18","12_A",12.3247948887837
"17-18","13_A",0.0234465449181559
"17-18","14_A",0.0539876648107611
"17-18","15_A",0.162085308056872
"17-18","17_A",0.0881897885507995
"17-18","18_A",0.0881897885507995
"17-18","19_A",0.208851224105461
"17-18","2_A",3.63218657288934
"17-18","20_A",1.05088404303686
"17-18","21_A",0.552178635954749
"17-18","22_A",1.1043572719095
"17-18","23_A",0.820398231955027
"17-18","24_A",0.377876997918591
"17-18","25_A",0.782988384533242
"17-18","26_A",0.707460802484754
"17-18","27_A",3.16386089154492
"17-18","28_A",0.336526629497467
"17-18","29_A",20.0200314820949
"17-18","3_A",0.58879472693032
"17-18","30_A",0.352359735877876
"17-18","31_A",0.0176179867938938
"17-18","32_A",0.0595596659944406
"17-18","33_A",0.124157383467926
"17-18","34_A",0.571428571428571
"17-18","35_A",0.0484369114877589
"17-18","36_A",17.674329351157
"17-18","37_A",0.397157250961178
"17-18","4_A",0.209411394152914
"17-18","40_A",20
"17-18","41_A",0.571428571428571
"17-18","42_A",0.614717006368451
"17-18","43_A",0.652626236995686
"17-18","45_A",0.652626236995686
"17-18","46_A",0
"17-18","47_A",0.520436019557639
"17-18","48_A",0.652626236995686
"17-18","49_A",0
"17-18","5_A",6.60844797697646
"17-18","51_A",0.326313118497843
"17-18","52_A",0.326313118497843
"17-18","53_A",2.6449695055023
"17-18","54_A",0.399480710530887
"17-18","55_A",0.159584838086262
"17-18","57_A",0.484369114877589
"17-18","58_A",1.8779059581641
"17-18","59_A",0.913013683516834
"17-18","6_A",2.00718135165143
"17-18","60_A",1.41421356237309
"17-18","61_A",0.968738229755179
"17-18","62_A",0.0484369114877589
"17-18","64_A",0.0484369114877589
"17-18","65_A",0.614717006368452
"17-18","66_1_A",0.968738229755179
"17-18","66_2_A",0.352359735877876
"17-18","66_3_A",0.279078957792111
"17-18","67_A",1
"17-18","68_A",0.351749587335884
"17-18","69_A",0.742184557438795
"17-18","7_A",96.8738229755179
"17-18","75_A",0.00115235637313305
"17-18","77_A",0.0595596659944406
"17-18","81_A",0.684587858828886
"17-18","87_A",0.484369114877589
"17-18","88_A",0
"17-18","89_A",0.242184557438795
"17-18","9_A",0.48436911487759
"17-18","90_A",0.242184557438795
"17-18","91_A",0.484369114877589
"17-18","92_A",0
"17-18","93_A",0.351749587335884
"17-18","94_A",0.352359735877875
"17-18","95_A",0.319169676172525
"17-18","99_A",13.9938990616006
"18-19","10_A",16.6072456839344
"18-19","100_A",0.305084745762712
"18-19","11_A",0.474492733826696
"18-19","12_A",10.913332878014
"18-19","13_A",0.00684735035662373
"18-19","14_A",0.0157666068576693
"18-19","15_A",0.151725133535441
"18-19","17_A",0.0820901351245801
"18-19","18_A",0.0820901351245801
"18-19","19_A",0.152542372881356
"18-19","2_A",3.26589923799666
"18-19","20_A",0.774338783550741
"18-19","21_A",0.29980027585542
"18-19","22_A",0.599600551710841
"18-19","23_A",0.554977790468259
"18-19","24_A",0.232754627826746
"18-19","25_A",0.53516147194565
"18-19","26_A",0.600014019282956
"18-19","27_A",2.87756614810677
"18-19","28_A",0.154000173956516
"18-19","29_A",16.56077387346
"18-19","3_A",0.38135593220339
"18-19","30_A",0.199467835524404
"18-19","31_A",0.00867251458801755
"18-19","32_A",0.0337162179749875
"18-19","33_A",0.0397874174087906
"18-19","34_A",0.6
"18-19","35_A",0.0265291083271923
"18-19","36_A",15.7661333849125
"18-19","37_A",0.203466700662545
"18-19","4_A",0.123725133154369
"18-19","40_A",21
"18-19","41_A",0.6
"18-19","42_A",0.482446502554165
"18-19","43_A",0.467532467532468
"18-19","45_A",0.467532467532467
"18-19","46_A",2.26482500975565e-17
"18-19","47_A",0.297529538131042
"18-19","48_A",0.467532467532467
"18-19","49_A",4.25345184758989e-17
"18-19","5_A",5.50798091467669
"18-19","51_A",0.233766233766234
"18-19","52_A",0.233766233766234
"18-19","53_A",1.98159959730101
"18-19","54_A",0.302107879593851
"18-19","55_A",0.0912691709126925
"18-19","57_A",0.305084745762712
"18-19","58_A",0.877808774722814
"18-19","59_A",0.591593070948885
"18-19","6_A",1.90290805758043
"18-19","60_A",1.41421356237309
"18-19","61_A",0.610169491525424
"18-19","62_A",0.0265291083271923
"18-19","64_A",0.0265291083271923
"18-19","65_A",0.482446502554166
"18-19","66_1_A",0.610169491525424
"18-19","66_2_A",0.199467835524404
"18-19","66_3_A",0.163186438169862
"18-19","67_A",1
"18-19","68_A",0.174763406940063
"18-19","69_A",0.652542372881356
"18-19","7_A",61.0169491525424
"18-19","75_A",0.00042685402166953
"18-19","77_A",0.0337162179749875
"18-19","81_A",0.458609271523179
"18-19","87_A",0.305084745762712
"18-19","88_A",1.9287772885437e-17
"18-19","89_A",0.152542372881356
"18-19","9_A",0.305084745762712
"18-19","90_A",0.152542372881356
"18-19","91_A",0.305084745762712
"18-19","92_A",2.77555756156289e-17
"18-19","93_A",0.174763406940063
"18-19","94_A",0.199467835524403
"18-19","95_A",0.182538341825385
"18-19","99_A",12.9329051796157
"19-20","10_A",19.0214856214682
"19-20","100_A",0.45882461311717
"19-20","11_A",0.543471017756233
"19-20","12_A",13.0433044261496
"19-20","13_A",0.00711252083973663
"19-20","14_A",0.016377184459187
"19-20","15_A",0.18002408968776
"19-20","17_A",0.09891564424986
"19-20","18_A",0.09891564424986
"19-20","19_A",0.158529845246868
"19-20","2_A",4.2879494373734
"19-20","20_A",1.017694305426
"19-20","21_A",0.517850849648251
"19-20","22_A",1.0357016992965
"19-20","23_A",0.800454704050103
"19-20","24_A",0.366930578752902
"19-20","25_A",0.78280236610261
"19-20","26_A",0.632958675727476
"19-20","27_A",3.10085156760015
"19-20","28_A",0.320363866617969
"19-20","29_A",19.2305608885766
"19-20","3_A",0.538089535740604
"19-20","30_A",0.267059585008869
"19-20","31_A",0.0111274827087029
"19-20","32_A",0.0451413089072556
"19-20","33_A",0.0713208219451095
"19-20","34_A",0.685714285714286
"19-20","35_A",0.0382353844264309
"19-20","36_A",17.6639034050489
"19-20","37_A",0.464335168238372
"19-20","4_A",0.202685855995047
"19-20","40_A",24
"19-20","41_A",0.685714285714286
"19-20","42_A",0.605747949854477
"19-20","43_A",0.629033276504388
"19-20","45_A",0.629033276504388
"19-20","46_A",1.41160148413777e-17
"19-20","47_A",0.49735310417514
"19-20","48_A",0.629033276504388
"19-20","49_A",3.80519705604935e-17
"19-20","5_A",6.22544875218942
"19-20","51_A",0.314516638252194
"19-20","52_A",0.314516638252194
"19-20","53_A",2.460408150063
"19-20","54_A",0.389760383744797
"19-20","55_A",0.151913156736892
"19-20","57_A",0.45882461311717
"19-20","58_A",1.69509576974609
"19-20","59_A",0.884236857937839
"19-20","6_A",1.7805307790298
"19-20","60_A",1.4142135623731
"19-20","61_A",0.91764922623434
"19-20","62_A",0.0382353844264309
"19-20","64_A",0.0382353844264309
"19-20","65_A",0.605747949854477
"19-20","66_1_A",0.91764922623434
"19-20","66_2_A",0.267059585008869
"19-20","66_3_A",0.194427746654737
"19-20","67_A",1
"19-20","68_A",0.330984681469112
"19-20","69_A",0.729412306558585
"19-20","7_A",91.764922623434
"19-20","75_A",0.00070891973368159
"19-20","77_A",0.0451413089072556
"19-20","81_A",0.664309711301025
"19-20","87_A",0.45882461311717
"19-20","88_A",1.50206343719436e-17
"19-20","89_A",0.229412306558585
"19-20","9_A",0.45882461311717
"19-20","90_A",0.229412306558585
"19-20","91_A",0.45882461311717
"19-20","92_A",2.77555756156289e-17
"19-20","93_A",0.330984681469112
"19-20","94_A",0.267059585008871
"19-20","95_A",0.303826313473783
"19-20","99_A",15.5299873606406
"20-21","10_A",23.7670017043339
"20-21","100_A",0.457822370865849
"20-21","11_A",0.679057191552397
"20-21","12_A",15.6183154057051
"20-21","13_A",0.0121346295362749
"20-21","14_A",0.0279410170792319
"20-21","15_A",0.166635548917102
"20-21","17_A",0.0908905748765212
"20-21","18_A",0.0908905748765212
"20-21","19_A",0.199739873652917
"20-21","2_A",5.00338143822536
"20-21","20_A",1.03942725697889
"20-21","21_A",0.540204511275327
"20-21","22_A",1.08040902255065
"20-21","23_A",0.774659580103532
"20-21","24_A",0.37772705118013
"20-21","25_A",0.748496920628031
"20-21","26_A",0.749833121188711
"20-21","27_A",3.59607331982079
"20-21","28_A",0.30004873252309
"20-21","29_A",25.8634866430538
"20-21","3_A",0.557692307692308
"20-21","30_A",0.295365521194116
"20-21","31_A",0.0128419791823529
"20-21","32_A",0.0499258853874625
"20-21","33_A",0.0872407911102715
"20-21","34_A",0.657142857142857
"20-21","35_A",0.0398106409448564
"20-21","36_A",23.9514672615768
"20-21","37_A",0.360383960284796
"20-21","4_A",0.209318959850297
"20-21","40_A",23
"20-21","41_A",0.657142857142857
"20-21","42_A",0.614595030227328
"20-21","43_A",0.62809074687739
"20-21","45_A",0.62809074687739
"20-21","46_A",0
"20-21","47_A",0.467063869596179
"20-21","48_A",0.62809074687739
"20-21","49_A",0
"20-21","5_A",8.50752732678641
"20-21","51_A",0.314045373438695
"20-21","52_A",0.314045373438695
"20-21","53_A",2.33739252131845
"20-21","54_A",0.39778512254921
"20-21","55_A",0.15823300372149
"20-21","57_A",0.457822370865849
"20-21","58_A",1.68814296477176
"20-21","59_A",0.875728473417393
"20-21","6_A",1.48411827163434
"20-21","60_A",1.41421356237309
"20-21","61_A",0.915644741731698
"20-21","62_A",0.0398106409448564
"20-21","64_A",0.0398106409448564
"20-21","65_A",0.614595030227328
"20-21","66_1_A",0.915644741731698
"20-21","66_2_A",0.295365521194116
"20-21","66_3_A",0.23200646808339
"20-21","67_A",1
"20-21","68_A",0.304685798927018
"20-21","69_A",0.728911185432924
"20-21","7_A",91.5644741731698
"20-21","75_A",0.009748644739214
"20-21","77_A",0.0499258853874625
"20-21","81_A",0.636732836621138
"20-21","87_A",0.457822370865849
"20-21","88_A",0
"20-21","89_A",0.228911185432925
"20-21","9_A",0.457822370865849
"20-21","90_A",0.228911185432925
"20-21","91_A",0.457822370865849
"20-21","92_A",0
"20-21","93_A",0.304685798927018
"20-21","94_A",0.295365521194116
"20-21","95_A",0.316466007442981
"20-21","99_A",17.4902422024719
"21-22","10_A",20.0028364052859
"21-22","100_A",0.270274299344067
"21-22","11_A",0.571509611579598
"21-22","12_A",10.8586826200124
"21-22","13_A",0.00725144007686905
"21-22","14_A",0.0166970578237383
"21-22","15_A",0.0885924746167629
"21-22","17_A",0.0463493386105613
"21-22","18_A",0.0463493386105613
"21-22","19_A",0.230222619757503
"21-22","2_A",3.61302170068216
"21-22","20_A",0.697192126208408
"21-22","21_A",0.2430384304235
"21-22","22_A",0.486076860847001
"21-22","23_A",0.522351449347998
"21-22","24_A",0.171058713933845
"21-22","25_A",0.478830386145981
"21-22","26_A",0.690575522066914
"21-22","27_A",3.01014891357252
"21-22","28_A",0.136425518317977
"21-22","29_A",18.1219929637636
"21-22","3_A",0.385385609222819
"21-22","30_A",0.250562458307363
"21-22","31_A",0.0131874978056507
"21-22","32_A",0.0423527855427408
"21-22","33_A",0.0627815455130289
"21-22","34_A",0.542857142857143
"21-22","35_A",0.0284499262467439
"21-22","36_A",18.5017470969355
"21-22","37_A",0.161387061318847
"21-22","4_A",0.089409913325231
"21-22","40_A",19
"21-22","41_A",0.542857142857143
"21-22","42_A",0.413592449077404
"21-22","43_A",0.42553690881352
"21-22","45_A",0.42553690881352
"21-22","46_A",0
"21-22","47_A",0.269188980871421
"21-22","48_A",0.42553690881352
"21-22","49_A",0
"21-22","5_A",6.10041846123714
"21-22","51_A",0.21276845440676
"21-22","52_A",0.21276845440676
"21-22","53_A",1.08810210561645
"21-22","54_A",0.266115705023954
"21-22","55_A",0.0708175684603959
"21-22","57_A",0.270274299344067
"21-22","58_A",0.740512325719424
"21-22","59_A",0.512768553550333
"21-22","6_A",2.01149450405914
"21-22","60_A",1.4142135623731
"21-22","61_A",0.540548598688134
"21-22","62_A",0.0284499262467439
"21-22","64_A",0.0284499262467439
"21-22","65_A",0.413592449077404
"21-22","66_1_A",0.540548598688134
"21-22","66_2_A",0.250562458307363
"21-22","66_3_A",0.232872613936477
"21-22","67_A",1
"21-22","68_A",0.155527656050486
"21-22","69_A",0.635137149672033
"21-22","7_A",54.0548598688134
"21-22","75_A",0.00196321194241589
"21-22","77_A",0.0423527855427408
"21-22","81_A",0.42419054203669
"21-22","87_A",0.270274299344067
"21-22","88_A",0
"21-22","89_A",0.135137149672033
"21-22","9_A",0.270274299344067
"21-22","90_A",0.135137149672033
"21-22","91_A",0.270274299344067
"21-22","92_A",0
"21-22","93_A",0.155527656050486
"21-22","94_A",0.250562458307364
"21-22","95_A",0.141635136920792
"21-22","99_A",12.246306743639
"22-23","10_A",26.8975214258389
"22-23","100_A",0.598908986505886
"22-23","11_A",0.768500612166825
"22-23","12_A",14.6015116311697
"22-23","13_A",0.0219081282968127
"22-23","14_A",0.050445329631642
"22-23","15_A",0.300007405761683
"22-23","17_A",0.176475713352211
"22-23","18_A",0.176475713352211
"22-23","19_A",0.364125753660637
"22-23","2_A",5.48795461575104
"22-23","20_A",1.39413128112238
"22-23","21_A",0.971801014501959
"22-23","22_A",1.94360202900392
"22-23","23_A",1.05214268102008
"22-23","24_A",0.739127734638946
"22-23","25_A",1.03072943196155
"22-23","26_A",0.819297434852363
"22-23","27_A",3.57123472322355
"22-23","28_A",0.553502110612064
"22-23","29_A",25.5074348967151
"22-23","3_A",0.780971863336205
"22-23","30_A",0.47138517611314
"22-23","31_A",0.0248097461112179
"22-23","32_A",0.0796786374415943
"22-23","33_A",0.222203984259216
"22-23","34_A",0.542857142857143
"22-23","35_A",0.0630430512111459
"22-23","36_A",20.9388610547094
"22-23","37_A",0.495676381444281
"22-23","4_A",0.461343425011664
"22-23","40_A",19
"22-23","41_A",0.542857142857143
"22-23","42_A",0.859725383270114
"22-23","43_A",0.749147064104866
"22-23","45_A",0.749147064104866
"22-23","46_A",1.74182963243087e-17
"22-23","47_A",0.72385546740158
"22-23","48_A",0.749147064104866
"22-23","49_A",6.94362864925376e-17
"22-23","5_A",8.34135241559497
"22-23","51_A",0.374573532052433
"22-23","52_A",0.374573532052433
"22-23","53_A",5.29161013067083
"22-23","54_A",0.54768525946306
"22-23","55_A",0.299959143433119
"22-23","57_A",0.598908986505886
"22-23","58_A",2.98453916429684
"22-23","59_A",1.10356298347055
"22-23","6_A",1.79398740368981
"22-23","60_A",1.4142135623731
"22-23","61_A",1.19781797301177
"22-23","62_A",0.0630430512111459
"22-23","64_A",0.0630430512111459
"22-23","65_A",0.859725383270115
"22-23","66_1_A",1.19781797301177
"22-23","66_2_A",0.47138517611314
"22-23","66_3_A",0.396746120712603
"22-23","67_A",1
"22-23","68_A",0.567220599948583
"22-23","69_A",0.799454493252943
"22-23","7_A",119.781797301177
"22-23","75_A",0.0069803807773533
"22-23","77_A",0.0796786374415943
"22-23","81_A",0.839809927328385
"22-23","87_A",0.598908986505886
"22-23","88_A",2.22650239075703e-17
"22-23","89_A",0.299454493252943
"22-23","9_A",0.598908986505886
"22-23","90_A",0.299454493252943
"22-23","91_A",0.598908986505886
"22-23","92_A",5.55111512312578e-17
"22-23","93_A",0.567220599948583
"22-23","94_A",0.47138517611314
"22-23","95_A",0.599918286866238
"22-23","99_A",15.7933927788374
"23-24","10_A",28.3991353777662
"23-24","100_A",0.539351851851852
"23-24","11_A",0.811403867936178
"23-24","12_A",17.0394812266597
"23-24","13_A",0.0146023688929522
"23-24","14_A",0.0336231969353115
"23-24","15_A",0.366233766233766
"23-24","17_A",0.224165341812401
"23-24","18_A",0.224165341812401
"23-24","19_A",0.213271604938272
"23-24","2_A",4.66288259799249
"23-24","20_A",1.3051085259438
"23-24","21_A",0.851654132245595
"23-24","22_A",1.70330826449119
"23-24","23_A",0.881835805389388
"23-24","24_A",0.678555534906499
"23-24","25_A",0.872018032350432
"23-24","26_A",0.870854788713802
"23-24","27_A",3.99075798859577
"23-24","28_A",0.388817193833375
"23-24","29_A",31.8522986470819
"23-24","3_A",0.645987654320988
"23-24","30_A",0.353288570941047
"23-24","31_A",0.016823265282907
"23-24","32_A",0.0597166677755567
"23-24","33_A",0.124812814357567
"23-24","34_A",0.6
"23-24","35_A",0.0513668430335097
"23-24","36_A",25.547664817969
"23-24","37_A",0.494811194602345
"23-24","4_A",0.414421750524932
"23-24","40_A",21
"23-24","41_A",0.6
"23-24","42_A",0.823744823902706
"23-24","43_A",0.700751879699248
"23-24","45_A",0.700751879699248
"23-24","46_A",0
"23-24","47_A",0.561740740978926
"23-24","48_A",0.700751879699248
"23-24","49_A",0
"23-24","5_A",10.7591949048385
"23-24","51_A",0.350375939849624
"23-24","52_A",0.350375939849624
"23-24","53_A",5.34054256095274
"23-24","54_A",0.515007984117502
"23-24","55_A",0.265233223704773
"23-24","57_A",0.539351851851852
"23-24","58_A",2.34028602513768
"23-24","59_A",1.02219058786231
"23-24","6_A",0.660036736781311
"23-24","60_A",1.4142135623731
"23-24","61_A",1.0787037037037
"23-24","62_A",0.0513668430335097
"23-24","64_A",0.0513668430335097
"23-24","65_A",0.823744823902706
"23-24","66_1_A",1.0787037037037
"23-24","66_2_A",0.353288570941047
"23-24","66_3_A",0.271687985420827
"23-24","67_A",1
"23-24","68_A",0.390569876366563
"23-24","69_A",0.769675925925926
"23-24","7_A",107.87037037037
"23-24","75_A",0.255449694507585
"23-24","77_A",0.0597166677755567
"23-24","81_A",0.719377712624462
"23-24","87_A",0.539351851851852
"23-24","88_A",0
"23-24","89_A",0.269675925925926
"23-24","9_A",0.539351851851852
"23-24","90_A",0.269675925925926
"23-24","91_A",0.539351851851852
"23-24","92_A",0
"23-24","93_A",0.390569876366563
"23-24","94_A",0.353288570941047
"23-24","95_A",0.530466447409547
"23-24","99_A",17.7521131652217
"24-25","10_A",27.276863142834
"24-25","100_A",0.34369918699187
"24-25","11_A",0.779338946938114
"24-25","12_A",17.9247957795766
"24-25","13_A",0.00207507049267208
"24-25","14_A",0.00477802638333851
"24-25","15_A",0.21648102310231
"24-25","17_A",0.121378592494073
"24-25","18_A",0.121378592494073
"24-25","19_A",0.121849593495935
"24-25","2_A",4.89357908183315
"24-25","20_A",0.990221347310499
"24-25","21_A",0.49026915833471
"24-25","22_A",0.980538316669419
"24-25","23_A",0.471911475230863
"24-25","24_A",0.387140236137341
"24-25","25_A",0.492120589917579
"24-25","26_A",0.843621547036505
"24-25","27_A",4.04586680902352
"24-25","28_A",0.111350220227285
"24-25","29_A",32.7380764727162
"24-25","3_A",0.404623983739837
"24-25","30_A",0.202469530303456
"24-25","31_A",0.008803023056672
"24-25","32_A",0.03422359699777
"24-25","33_A",0.0409939107013021
"24-25","34_A",0.657142857142857
"24-25","35_A",0.02988688582538
"24-25","36_A",30.0260493590611
"24-25","37_A",0.420297912823318
"24-25","4_A",0.215138326385158
"24-25","40_A",23
"24-25","41_A",0.657142857142857
"24-25","42_A",0.622205943508531
"24-25","43_A",0.511571623052488
"24-25","45_A",0.511571623052488
"24-25","46_A",2.01780441343195e-17
"24-25","47_A",0.202563079287865
"24-25","48_A",0.511571623052488
"24-25","49_A",4.13121863648145e-17
"24-25","5_A",11.0075672446617
"24-25","51_A",0.255785811526244
"24-25","52_A",0.255785811526244
"24-25","53_A",3.02705918602556
"24-25","54_A",0.390298137865486
"24-25","55_A",0.152332636421266
"24-25","57_A",0.34369918699187
"24-25","58_A",1.04696832397646
"24-25","59_A",0.668029012619985
"24-25","6_A",0.81851196226877
"24-25","60_A",1.41421356237309
"24-25","61_A",0.68739837398374
"24-25","62_A",0.02988688582538
"24-25","64_A",0.02988688582538
"24-25","65_A",0.622205943508531
"24-25","66_1_A",0.68739837398374
"24-25","66_2_A",0.202469530303456
"24-25","66_3_A",0.153940510540169
"24-25","67_A",0.999999999999996
"24-25","68_A",0.112695514904418
"24-25","69_A",0.671849593495935
"24-25","7_A",68.739837398374
"24-25","75_A",0.155630249391433
"24-25","77_A",0.03422359699777
"24-25","81_A",0.336885578439377
"24-25","87_A",0.34369918699187
"24-25","88_A",1.82160068420459e-17
"24-25","89_A",0.171849593495935
"24-25","9_A",0.34369918699187
"24-25","90_A",0.171849593495935
"24-25","91_A",0.34369918699187
"24-25","92_A",2.77555756156289e-17
"24-25","93_A",0.112695514904418
"24-25","94_A",0.202469530303457
"24-25","95_A",0.304665272842532
"24-25","99_A",18.9768078981998
"25-26","10_A",22.6860415633233
"25-26","100_A",0.334349593495935
"25-26","11_A",0.648172616094951
"25-26","12_A",15.5561427862788
"25-26","13_A",0.00589204475256469
"25-26","14_A",0.0135669344145093
"25-26","15_A",0.116587355540449
"25-26","17_A",0.0619021837213499
"25-26","18_A",0.0619021837213499
"25-26","19_A",0.184349593495935
"25-26","2_A",4.68918391094108
"25-26","20_A",0.88891787574348
"25-26","21_A",0.39508749490815
"25-26","22_A",0.7901749898163
"25-26","23_A",0.574727223937201
"25-26","24_A",0.277691278101428
"25-26","25_A",0.567952839915284
"25-26","26_A",0.759397304261592
"25-26","27_A",3.72027181497193
"25-26","28_A",0.165155690967281
"25-26","29_A",27.6808447545491
"25-26","3_A",0.426524390243902
"25-26","30_A",0.249802784264918
"25-26","31_A",0.0104084493443716
"25-26","32_A",0.0422243771929051
"25-26","33_A",0.0624014310265054
"25-26","34_A",0.685714285714286
"25-26","35_A",0.0278624661246612
"25-26","36_A",27.9932641620789
"25-26","37_A",0.386228862121565
"25-26","4_A",0.149481509613702
"25-26","40_A",24
"25-26","41_A",0.685714285714286
"25-26","42_A",0.526964209507086
"25-26","43_A",0.501142421934501
"25-26","45_A",0.501142421934501
"25-26","46_A",0
"25-26","47_A",0.283656397542681
"25-26","48_A",0.501142421934501
"25-26","49_A",0
"25-26","5_A",9.31925240624057
"25-26","51_A",0.250571210967251
"25-26","52_A",0.250571210967251
"25-26","53_A",1.72109196284256
"25-26","54_A",0.341244201812488
"25-26","55_A",0.116447605270642
"25-26","57_A",0.334349593495935
"25-26","58_A",1.00423316328319
"25-26","59_A",0.64007387430356
"25-26","6_A",1.06316636002147
"25-26","60_A",1.4142135623731
"25-26","61_A",0.66869918699187
"25-26","62_A",0.0278624661246612
"25-26","64_A",0.0278624661246612
"25-26","65_A",0.526964209507086
"25-26","66_1_A",0.66869918699187
"25-26","66_2_A",0.249802784264918
"25-26","66_3_A",0.205163361751796
"25-26","67_A",1
"25-26","68_A",0.165267838640564
"25-26","69_A",0.667174796747967
"25-26","7_A",66.869918699187
"25-26","75_A",0.0609285679740774
"25-26","77_A",0.0422243771929051
"25-26","81_A",0.441950662320054
"25-26","87_A",0.334349593495935
"25-26","88_A",0
"25-26","89_A",0.167174796747968
"25-26","9_A",0.334349593495935
"25-26","90_A",0.167174796747967
"25-26","91_A",0.334349593495935
"25-26","92_A",0
"25-26","93_A",0.165267838640564
"25-26","94_A",0.24980278426492
"25-26","95_A",0.232895210541284
"25-26","99_A",16.7946518396262
"26-27","10_A",22.9874037715443
"26-27","100_A",0.427649325626204
"26-27","11_A",0.656782964901264
"26-27","12_A",17.0763570874329
"26-27","13_A",0.00976554788113707
"26-27","14_A",0.0224860049760258
"26-27","15_A",0.25362283244093
"26-27","17_A",0.145227982335237
"26-27","18_A",0.145227982335237
"26-27","19_A",0.1876204238921
"26-27","2_A",4.87306894269436
"26-27","20_A",1.00190952346653
"26-27","21_A",0.501911346606463
"26-27","22_A",1.00382269321293
"26-27","23_A",0.680507113288639
"26-27","24_A",0.401541286654564
"26-27","25_A",0.654207910828477
"26-27","26_A",0.749165232664756
"26-27","27_A",3.82000814026287
"26-27","28_A",0.231544965618219
"26-27","29_A",29.1849243833492
"26-27","3_A",0.521459537572254
"26-27","30_A",0.29387435369275
"26-27","31_A",0.0113028597574135
"26-27","32_A",0.0496738320758042
"26-27","33_A",0.0863621357583318
"26-27","34_A",0.742857142857143
"26-27","35_A",0.0328961019712465
"26-27","36_A",28.3474174432044
"26-27","37_A",0.305007271252882
"26-27","4_A",0.224107319748947
"26-27","40_A",26
"26-27","41_A",0.742857142857143
"26-27","42_A",0.633672854598147
"26-27","43_A",0.599095755449086
"26-27","45_A",0.599095755449086
"26-27","46_A",1.55883211297407e-17
"26-27","47_A",0.376032684042676
"26-27","48_A",0.599095755449086
"26-27","49_A",3.88829036898884e-17
"26-27","5_A",9.84967978969703
"26-27","51_A",0.299547877724543
"26-27","52_A",0.299547877724543
"26-27","53_A",3.42025837625978
"26-27","54_A",0.394235102667911
"26-27","55_A",0.155421316175578
"26-27","57_A",0.427649325626204
"26-27","58_A",1.49378703718598
"26-27","59_A",0.815821559997614
"26-27","6_A",0.849412132513767
"26-27","60_A",1.41421356237309
"26-27","61_A",0.855298651252409
"26-27","62_A",0.0328961019712465
"26-27","64_A",0.0328961019712465
"26-27","65_A",0.633672854598147
"26-27","66_1_A",0.855298651252409
"26-27","66_2_A",0.29387435369275
"26-27","66_3_A",0.231701649149527
"26-27","67_A",1
"26-27","68_A",0.231551879368339
"26-27","69_A",0.713824662813102
"26-27","7_A",85.5298651252408
"26-27","75_A",0.10168625364737
"26-27","77_A",0.0496738320758042
"26-27","81_A",0.546546151706108
"26-27","87_A",0.427649325626204
"26-27","88_A",1.58859224212381e-17
"26-27","89_A",0.213824662813102
"26-27","9_A",0.427649325626204
"26-27","90_A",0.213824662813102
"26-27","91_A",0.427649325626204
"26-27","92_A",2.77555756156289e-17
"26-27","93_A",0.231551879368339
"26-27","94_A",0.293874353692752
"26-27","95_A",0.310842632351157
"26-27","99_A",18.9572422893955
"27-28","10_A",24.262425678161
"27-28","100_A",0.573972816747383
"27-28","11_A",0.693212162233172
"27-28","12_A",17.3303040558293
"27-28","13_A",0.0175763447862879
"27-28","14_A",0.0404710294942302
"27-28","15_A",0.241981280891787
"27-28","17_A",0.137644314171203
"27-28","18_A",0.137644314171203
"27-28","19_A",0.300421809092329
"27-28","2_A",5.71474227368315
"27-28","20_A",1.25666215510544
"27-28","21_A",0.789599886037129
"27-28","22_A",1.57919977207426
"27-28","23_A",0.967531208417144
"27-28","24_A",0.568314409136267
"27-28","25_A",0.931835095247577
"27-28","26_A",0.763996601841636
"27-28","27_A",3.81998300920818
"27-28","28_A",0.46805831963057
"27-28","29_A",29.1845403812784
"27-28","3_A",0.724183721293548
"27-28","30_A",0.393795439334934
"27-28","31_A",0.0157518175733974
"27-28","32_A",0.0665635782093211
"27-28","33_A",0.155074848040994
"27-28","34_A",0.714285714285714
"27-28","35_A",0.0459178253397907
"27-28","36_A",25.1340237460897
"27-28","37_A",0.433687533043659
"27-28","4_A",0.334294695580897
"27-28","40_A",25
"27-28","41_A",0.714285714285714
"27-28","42_A",0.753866307203251
"27-28","43_A",0.729330024813896
"27-28","45_A",0.729330024813896
"27-28","46_A",0
"27-28","47_A",0.642772523494833
"27-28","48_A",0.729330024813896
"27-28","49_A",0
"27-28","5_A",9.48824512413012
"27-28","51_A",0.364665012406948
"27-28","52_A",0.364665012406948
"27-28","53_A",3.63751796494394
"27-28","54_A",0.485537325693664
"27-28","55_A",0.235746494641756
"27-28","57_A",0.573972816747383
"27-28","58_A",2.69327175412555
"27-28","59_A",1.08001254682658
"27-28","6_A",1.33198358958576
"27-28","60_A",1.4142135623731
"27-28","61_A",1.14794563349477
"27-28","62_A",0.0459178253397907
"27-28","64_A",0.0459178253397907
"27-28","65_A",0.753866307203251
"27-28","66_1_A",1.14794563349477
"27-28","66_2_A",0.393795439334934
"27-28","66_3_A",0.325254089429417
"27-28","67_A",1
"27-28","68_A",0.473592330410197
"27-28","69_A",0.786986408373692
"27-28","7_A",114.794563349477
"27-28","75_A",0.0121089224972767
"27-28","77_A",0.0665635782093211
"27-28","81_A",0.782545987715206
"27-28","87_A",0.573972816747383
"27-28","88_A",0
"27-28","89_A",0.286986408373692
"27-28","9_A",0.573972816747384
"27-28","90_A",0.286986408373692
"27-28","91_A",0.573972816747383
"27-28","92_A",0
"27-28","93_A",0.473592330410197
"27-28","94_A",0.393795439334934
"27-28","95_A",0.471492989283511
"27-28","99_A",19.1650966859059
"28-29","10_A",23.5666693127993
"28-29","100_A",0.36036036036036
"28-29","11_A",0.673333408937124
"28-29","12_A",12.7933347698054
"28-29","13_A",0.0140527866137966
"28-29","14_A",0.0323577369719544
"28-29","15_A",0.236085078640698
"28-29","17_A",0.133841533841534
"28-29","18_A",0.133841533841534
"28-29","19_A",0.297297297297297
"28-29","2_A",3.76461224345903
"28-29","20_A",1.00520222072434
"28-29","21_A",0.505215752274576
"28-29","22_A",1.01043150454915
"28-29","23_A",0.709515461352632
"28-29","24_A",0.391770487999566
"28-29","25_A",0.673586739927226
"28-29","26_A",0.793749559609105
"28-29","27_A",3.459874116816
"28-29","28_A",0.251706094949219
"28-29","29_A",23.9414578084266
"28-29","3_A",0.509009009009009
"28-29","30_A",0.325822366126579
"28-29","31_A",0.0171485455856094
"28-29","32_A",0.0550740318035181
"28-29","33_A",0.106160214268322
"28-29","34_A",0.457142857142857
"28-29","35_A",0.0379326695116169
"28-29","36_A",20.7672885119712
"28-29","37_A",0.222713882643733
"28-29","4_A",0.218013288644766
"28-29","40_A",16
"28-29","41_A",0.457142857142857
"28-29","42_A",0.625915719565794
"28-29","43_A",0.529801324503311
"28-29","45_A",0.529801324503311
"28-29","46_A",0
"28-29","47_A",0.435564435564435
"28-29","48_A",0.529801324503311
"28-29","49_A",0
"28-29","5_A",8.15215126176041
"28-29","51_A",0.264900662251656
"28-29","52_A",0.264900662251656
"28-29","53_A",2.6067322569321
"28-29","54_A",0.394098528766083
"28-29","55_A",0.155313650375591
"28-29","57_A",0.36036036036036
"28-29","58_A",1.12628514414409
"28-29","59_A",0.675132871949935
"28-29","6_A",1.68225524078369
"28-29","60_A",1.4142135623731
"28-29","61_A",0.720720720720721
"28-29","62_A",0.0379326695116169
"28-29","64_A",0.0379326695116169
"28-29","65_A",0.625915719565794
"28-29","66_1_A",0.720720720720721
"28-29","66_2_A",0.325822366126579
"28-29","66_3_A",0.30097167109461
"28-29","67_A",1
"28-29","68_A",0.278416347381864
"28-29","69_A",0.68018018018018
"28-29","7_A",72.0720720720721
"28-29","75_A",0.0112241114465809
"28-29","77_A",0.0550740318035181
"28-29","81_A",0.606819763395964
"28-29","87_A",0.36036036036036
"28-29","88_A",0
"28-29","89_A",0.18018018018018
"28-29","9_A",0.36036036036036
"28-29","90_A",0.18018018018018
"28-29","91_A",0.36036036036036
"28-29","92_A",0
"28-29","93_A",0.278416347381864
"28-29","94_A",0.325822366126579
"28-29","95_A",0.310627300751183
"28-29","99_A",13.3872294372294
"29-30","10_A",25.8781380927275
"29-30","100_A",0.487612612612613
"29-30","11_A",0.73937537407793
"29-30","12_A",15.5268828556365
"29-30","13_A",0.0131678877842877
"29-30","14_A",0.0303201821183192
"29-30","15_A",0.3125
"29-30","17_A",0.185185185185185
"29-30","18_A",0.185185185185185
"29-30","19_A",0.1875
"29-30","2_A",5.3292072122421
"29-30","20_A",1.11521725808846
"29-30","21_A",0.621854766369166
"29-30","22_A",1.24370953273833
"29-30","23_A",0.735493887748111
"29-30","24_A",0.485026424132187
"29-30","25_A",0.736227874131128
"29-30","26_A",0.813765358166071
"29-30","27_A",3.72914135172887
"29-30","28_A",0.270475629457416
"29-30","29_A",27.8129904423485
"29-30","3_A",0.581362612612613
"29-30","30_A",0.33603403587309
"29-30","31_A",0.0160016207558614
"29-30","32_A",0.0568001190303474
"29-30","33_A",0.112918873265157
"29-30","34_A",0.6
"29-30","35_A",0.0464392964392964
"29-30","36_A",25.8157996715378
"29-30","37_A",0.401587643610983
"29-30","4_A",0.277749183422131
"29-30","40_A",21
"29-30","41_A",0.6
"29-30","42_A",0.696438385022097
"29-30","43_A",0.6555639666919
"29-30","45_A",0.6555639666919
"29-30","46_A",1.28528358608637e-17
"29-30","47_A",0.475736714298308
"29-30","48_A",0.6555639666919
"29-30","49_A",3.73155959828592e-17
"29-30","5_A",9.36000923922153
"29-30","51_A",0.32778198334595
"29-30","52_A",0.32778198334595
"29-30","53_A",4.31954436378143
"29-30","54_A",0.437232971179059
"29-30","55_A",0.191172671086068
"29-30","57_A",0.487612612612613
"29-30","58_A",1.90233140598898
"29-30","59_A",0.923711306110154
"29-30","6_A",1.68458832889161
"29-30","60_A",1.41421356237309
"29-30","61_A",0.975225225225225
"29-30","62_A",0.0464392964392964
"29-30","64_A",0.0464392964392964
"29-30","65_A",0.696438385022097
"29-30","66_1_A",0.975225225225225
"29-30","66_2_A",0.33603403587309
"29-30","66_3_A",0.255024808675324
"29-30","67_A",1
"29-30","68_A",0.312109278469765
"29-30","69_A",0.743806306306306
"29-30","7_A",97.5225225225225
"29-30","75_A",0.00416287457444298
"29-30","77_A",0.0568001190303474
"29-30","81_A",0.644744702342808
"29-30","87_A",0.487612612612613
"29-30","88_A",1.42216068751252e-17
"29-30","89_A",0.243806306306306
"29-30","9_A",0.487612612612612
"29-30","90_A",0.243806306306306
"29-30","91_A",0.487612612612613
"29-30","92_A",2.77555756156289e-17
"29-30","93_A",0.312109278469765
"29-30","94_A",0.336034035873089
"29-30","95_A",0.382345342172136
"29-30","99_A",16.6763091216216
"30-31","10_A",22.6435205904346
"30-31","100_A",0.347115384615385
"30-31","11_A",0.646957731155275
"30-31","12_A",16.1739432788819
"30-31","13_A",0.00793563333833872
"30-31","14_A",0.0182724710283253
"30-31","15_A",0.223409422049539
"30-31","17_A",0.125751776927283
"30-31","18_A",0.125751776927283
"30-31","19_A",0.197115384615385
"30-31","2_A",3.61488184153736
"30-31","20_A",0.870712316628251
"30-31","21_A",0.379069969164068
"30-31","22_A",0.758139938328136
"30-31","23_A",0.586529299692611
"30-31","24_A",0.312316781897152
"30-31","25_A",0.558046406587147
"30-31","26_A",0.762403560982016
"30-31","27_A",3.81201780491008
"30-31","28_A",0.172008309698953
"30-31","29_A",29.0629594899029
"30-31","3_A",0.445673076923077
"30-31","30_A",0.25408682905562
"30-31","31_A",0.0101634731622248
"30-31","32_A",0.0429485129293669
"30-31","33_A",0.0645601166995398
"30-31","34_A",0.714285714285714
"30-31","35_A",0.0277692307692308
"30-31","36_A",27.9886975241798
"30-31","37_A",0.241644061128263
"30-31","4_A",0.169790468998518
"30-31","40_A",25
"30-31","41_A",0.714285714285714
"30-31","42_A",0.558853095094903
"30-31","43_A",0.515346181299072
"30-31","45_A",0.515346181299072
"30-31","46_A",1.99713341054264e-17
"30-31","47_A",0.332428455208004
"30-31","48_A",0.515346181299072
"30-31","49_A",4.12074213279858e-17
"30-31","5_A",9.9740530288009
"30-31","51_A",0.257673090649536
"30-31","52_A",0.257673090649536
"30-31","53_A",2.38040722419578
"30-31","54_A",0.344628000599072
"30-31","55_A",0.118768458796914
"30-31","57_A",0.347115384615385
"30-31","58_A",1.06293768888491
"30-31","59_A",0.66484943629588
"30-31","6_A",0.773492468153762
"30-31","60_A",1.4142135623731
"30-31","61_A",0.694230769230769
"30-31","62_A",0.0277692307692308
"30-31","64_A",0.0277692307692308
"30-31","65_A",0.558853095094902
"30-31","66_1_A",0.694230769230769
"30-31","66_2_A",0.25408682905562
"30-31","66_3_A",0.214182966001993
"30-31","67_A",0.999999999999999
"30-31","68_A",0.199348841281331
"30-31","69_A",0.673557692307692
"30-31","7_A",69.4230769230769
"30-31","75_A",0.147865583337363
"30-31","77_A",0.0429485129293669
"30-31","81_A",0.498981320773593
"30-31","87_A",0.347115384615385
"30-31","88_A",1.81211883105885e-17
"30-31","89_A",0.173557692307692
"30-31","9_A",0.347115384615385
"30-31","90_A",0.173557692307692
"30-31","91_A",0.347115384615385
"30-31","92_A",2.77555756156289e-17
"30-31","93_A",0.199348841281331
"30-31","94_A",0.254086829055621
"30-31","95_A",0.237536917593827
"30-31","99_A",17.5169512432012
"31-32","10_A",25.525979045396
"31-32","100_A",0.509511993382961
"31-32","11_A",0.729313687011314
"31-32","12_A",15.3155874272376
"31-32","13_A",0.0157146699167163
"31-32","14_A",0.036184364691553
"31-32","15_A",0.258477769404672
"31-32","17_A",0.148420597144093
"31-32","18_A",0.148420597144093
"31-32","19_A",0.341604631927213
"31-32","2_A",5.20217617312762
"31-32","20_A",1.20267843504511
"31-32","21_A",0.723217709061276
"31-32","22_A",1.44643541812255
"31-32","23_A",0.968815861688165
"31-32","24_A",0.54356416746475
"31-32","25_A",0.93225859719129
"31-32","26_A",0.800784831733431
"31-32","27_A",3.66965710679092
"31-32","28_A",0.469302086929291
"31-32","29_A",26.9327665628423
"31-32","3_A",0.680314309346567
"31-32","30_A",0.392738346469445
"31-32","31_A",0.0187018260223545
"31-32","32_A",0.0663848969027387
"31-32","33_A",0.154243408787554
"31-32","34_A",0.6
"31-32","35_A",0.0485249517507582
"31-32","36_A",23.7990397388397
"31-32","37_A",0.461889720806777
"31-32","4_A",0.317154940044941
"31-32","40_A",21
"31-32","41_A",0.6
"31-32","42_A",0.737268043159847
"31-32","43_A",0.675068493150685
"31-32","45_A",0.675068493150685
"31-32","46_A",0
"31-32","47_A",0.661323835888776
"31-32","48_A",0.675068493150685
"31-32","49_A",0
"31-32","5_A",8.97902333954286
"31-32","51_A",0.337534246575342
"31-32","52_A",0.337534246575342
"31-32","53_A",4.11914648432606
"31-32","54_A",0.469663365297927
"31-32","55_A",0.220583676702974
"31-32","57_A",0.509511993382961
"31-32","58_A",2.07651327801302
"31-32","59_A",0.953355807411648
"31-32","6_A",1.33845252465095
"31-32","60_A",1.41421356237309
"31-32","61_A",1.01902398676592
"31-32","62_A",0.0485249517507582
"31-32","64_A",0.0485249517507582
"31-32","65_A",0.737268043159847
"31-32","66_1_A",1.01902398676592
"31-32","66_2_A",0.392738346469445
"31-32","66_3_A",0.349121097357658
"31-32","67_A",1
"31-32","68_A",0.494013304799405
"31-32","69_A",0.754755996691481
"31-32","7_A",101.902398676592
"31-32","75_A",0.0344553529686769
"31-32","77_A",0.0663848969027387
"31-32","81_A",0.796140790377549
"31-32","87_A",0.509511993382961
"31-32","88_A",0
"31-32","89_A",0.254755996691481
"31-32","9_A",0.509511993382961
"31-32","90_A",0.254755996691481
"31-32","91_A",0.509511993382961
"31-32","92_A",0
"31-32","93_A",0.494013304799405
"31-32","94_A",0.392738346469444
"31-32","95_A",0.441167353405948
"31-32","99_A",16.6036655097661
"32-33","10_A",22.655782555801
"32-33","100_A",0.477783048703352
"32-33","11_A",0.647308073022886
"32-33","12_A",12.9461614604577
"32-33","13_A",0.016123494049884
"32-33","14_A",0.037125717046241
"32-33","15_A",0.187306132188022
"32-33","17_A",0.103330261945505
"32-33","18_A",0.103330261945505
"32-33","19_A",0.23640101201771
"32-33","2_A",4.79331062081129
"32-33","20_A",1.08547220555796
"32-33","21_A",0.589124954519431
"32-33","22_A",1.17824990903886
"32-33","23_A",0.883895471454284
"32-33","24_A",0.41856313886136
"32-33","25_A",0.854137633853258
"32-33","26_A",0.724983476175847
"32-33","27_A",3.24222467058659
"32-33","28_A",0.390635602228695
"32-33","29_A",21.0240416291206
"32-33","3_A",0.595983554712207
"32-33","30_A",0.322890395864106
"32-33","31_A",0.0161445197932053
"32-33","32_A",0.0545784383751049
"32-33","33_A",0.104258207741279
"32-33","34_A",0.571428571428571
"32-33","35_A",0.0477783048703352
"32-33","36_A",19.1371480906106
"32-33","37_A",0.38302680416815
"32-33","4_A",0.234813340996033
"32-33","40_A",20
"32-33","41_A",0.571428571428571
"32-33","42_A",0.646964557654714
"32-33","43_A",0.64662136857311
"32-33","45_A",0.64662136857311
"32-33","46_A",0
"32-33","47_A",0.570438152630112
"32-33","48_A",0.64662136857311
"32-33","49_A",0
"32-33","5_A",6.89728362921057
"32-33","51_A",0.323310684286555
"32-33","52_A",0.323310684286555
"32-33","53_A",2.7320961504657
"32-33","54_A",0.417341797264344
"32-33","55_A",0.174174175743833
"32-33","57_A",0.477783048703352
"32-33","58_A",1.82902033409346
"32-33","59_A",0.908496385532388
"32-33","6_A",1.94803160687471
"32-33","60_A",1.4142135623731
"32-33","61_A",0.955566097406705
"32-33","62_A",0.0477783048703352
"32-33","64_A",0.0477783048703352
"32-33","65_A",0.646964557654714
"32-33","66_1_A",0.955566097406705
"32-33","66_2_A",0.322890395864106
"32-33","66_3_A",0.25931742451305
"32-33","67_A",1
"32-33","68_A",0.399030062028869
"32-33","69_A",0.738891524351676
"32-33","7_A",95.5566097406705
"32-33","75_A",0.00187633455999281
"32-33","77_A",0.0545784383751049
"32-33","81_A",0.726470064006994
"32-33","87_A",0.477783048703352
"32-33","88_A",0
"32-33","89_A",0.238891524351676
"32-33","9_A",0.477783048703352
"32-33","90_A",0.238891524351676
"32-33","91_A",0.477783048703352
"32-33","92_A",0
"32-33","93_A",0.399030062028869
"32-33","94_A",0.322890395864106
"32-33","95_A",0.348348351487665
"32-33","99_A",14.6706302434145
"33-34","10_A",25.9585800585382
"33-34","100_A",0.544572468162523
"33-34","11_A",0.741673715958233
"33-34","12_A",18.5418428989558
"33-34","13_A",0.0177038014413061
"33-34","14_A",0.0407645092880779
"33-34","15_A",0.138745050258909
"33-34","17_A",0.0745438180181656
"33-34","18_A",0.0745438180181656
"33-34","19_A",0.253638568829594
"33-34","2_A",5.62761455171647
"33-34","20_A",1.18445944092096
"33-34","21_A",0.701472083593391
"33-34","22_A",1.40294416718678
"33-34","23_A",0.982828261717826
"33-34","24_A",0.471521514800389
"33-34","25_A",0.947521846935664
"33-34","26_A",0.802245346914456
"33-34","27_A",4.01122673457228
"33-34","28_A",0.482975696015641
"33-34","29_A",32.1798798322948
"33-34","3_A",0.671391752577319
"33-34","30_A",0.384059431108522
"33-34","31_A",0.0153623772443409
"33-34","32_A",0.0649178924539962
"33-34","33_A",0.147501646623401
"33-34","34_A",0.714285714285714
"33-34","35_A",0.0435657974530018
"33-34","36_A",31.6864070232897
"33-34","37_A",0.481327282941246
"33-34","4_A",0.268874394071062
"33-34","40_A",25
"33-34","41_A",0.714285714285714
"33-34","42_A",0.686674242126781
"33-34","43_A",0.70514330585002
"33-34","45_A",0.70514330585002
"33-34","46_A",2.11940001235164e-17
"33-34","47_A",0.651362282312482
"33-34","48_A",0.705143305850019
"33-34","49_A",7.18789857717661e-17
"33-34","5_A",10.7006862912283
"33-34","51_A",0.35257165292501
"33-34","52_A",0.35257165292501
"33-34","53_A",2.88644176118332
"33-34","54_A",0.451542788875689
"33-34","55_A",0.203890890185635
"33-34","57_A",0.544572468162523
"33-34","58_A",2.39027089475066
"33-34","59_A",1.02376281121033
"33-34","6_A",0.909269846384068
"33-34","60_A",1.4142135623731
"33-34","61_A",1.08914493632505
"33-34","62_A",0.0435657974530018
"33-34","64_A",0.0435657974530018
"33-34","65_A",0.686674242126781
"33-34","66_1_A",1.08914493632505
"33-34","66_2_A",0.384059431108522
"33-34","66_3_A",0.30811664884934
"33-34","67_A",1
"33-34","68_A",0.482977951580177
"33-34","69_A",0.772286234081261
"33-34","7_A",108.914493632505
"33-34","75_A",0.0935129209588754
"33-34","77_A",0.0649178924539962
"33-34","81_A",0.788878720664915
"33-34","87_A",0.544572468162523
"33-34","88_A",2.52813065947087e-17
"33-34","89_A",0.272286234081261
"33-34","9_A",0.544572468162523
"33-34","90_A",0.272286234081261
"33-34","91_A",0.544572468162523
"33-34","92_A",5.55111512312578e-17
"33-34","93_A",0.482977951580177
"33-34","94_A",0.384059431108522
"33-34","95_A",0.40778178037127
"33-34","99_A",20.2401509334724
"34-35","10_A",22.4742830867608
"34-35","100_A",0.376613727129191
"34-35","11_A",0.642122373907452
"34-35","12_A",16.6951817215937
"34-35","13_A",0.00595565450418706
"34-35","14_A",0.013713401280364
"34-35","15_A",0.224321522804372
"34-35","17_A",0.12633003422931
"34-35","18_A",0.12633003422931
"34-35","19_A",0.177533203306399
"34-35","2_A",4.3421593698555
"34-35","20_A",0.979980557638732
"34-35","21_A",0.48018094667496
"34-35","22_A",0.96036189334992
"34-35","23_A",0.629715397203263
"34-35","24_A",0.379047810830241
"34-35","25_A",0.618240084131053
"34-35","26_A",0.752488244822185
"34-35","27_A",3.83695224409751
"34-35","28_A",0.198270740737432
"34-35","29_A",29.4444050469698
"34-35","3_A",0.465380328782391
"34-35","30_A",0.252924232223511
"34-35","31_A",0.00972785508551964
"34-35","32_A",0.0427519981975287
"34-35","33_A",0.0639706672458523
"34-35","34_A",0.742857142857143
"34-35","35_A",0.0289702867022455
"34-35","36_A",27.593935158152
"34-35","37_A",0.428068867778889
"34-35","4_A",0.210133432892981
"34-35","40_A",26
"34-35","41_A",0.742857142857143
"34-35","42_A",0.615668588471298
"34-35","43_A",0.547159627580623
"34-35","45_A",0.547159627580623
"34-35","46_A",1.82605257390638e-17
"34-35","47_A",0.332134929185176
"34-35","48_A",0.547159627580623
"34-35","49_A",4.03244208141245e-17
"34-35","5_A",9.93989436456502
"34-35","51_A",0.273579813790312
"34-35","52_A",0.273579813790312
"34-35","53_A",2.85738899852289
"34-35","54_A",0.385451842892865
"34-35","55_A",0.148573123189506
"34-35","57_A",0.376613727129191
"34-35","58_A",1.20785740462625
"34-35","59_A",0.723689467154238
"34-35","6_A",0.805076485899414
"34-35","60_A",1.41421356237309
"34-35","61_A",0.753227454258382
"34-35","62_A",0.0289702867022455
"34-35","64_A",0.0289702867022455
"34-35","65_A",0.615668588471299
"34-35","66_1_A",0.753227454258382
"34-35","66_2_A",0.252924232223511
"34-35","66_3_A",0.201253901656339
"34-35","67_A",1
"34-35","68_A",0.199137768994055
"34-35","69_A",0.688306863564595
"34-35","7_A",75.3227454258382
"34-35","75_A",0.120212474407957
"34-35","77_A",0.0427519981975287
"34-35","81_A",0.498650582472651
"34-35","87_A",0.376613727129191
"34-35","88_A",1.73024448344108e-17
"34-35","89_A",0.188306863564596
"34-35","9_A",0.376613727129191
"34-35","90_A",0.188306863564596
"34-35","91_A",0.376613727129191
"34-35","92_A",2.77555756156289e-17
"34-35","93_A",0.199137768994055
"34-35","94_A",0.252924232223511
"34-35","95_A",0.297146246379012
"34-35","99_A",18.182798170978
"35-36","10_A",17.8227020453169
"35-36","100_A",0.388200230305493
"35-36","11_A",0.509220058437625
"35-36","12_A",10.6936212271901
"35-36","13_A",0.0140964392633137
"35-36","14_A",0.032458250912002
"35-36","15_A",0.0895147607736683
"35-36","17_A",0.0468544634293631
"35-36","18_A",0.0468544634293631
"35-36","19_A",0.191018085754928
"35-36","2_A",4.36476968906037
"35-36","20_A",0.966512941653906
"35-36","21_A",0.467073633192244
"35-36","22_A",0.934147266384487
"35-36","23_A",0.76876706303394
"35-36","24_A",0.308240473363059
"35-36","25_A",0.746527899322463
"35-36","26_A",0.631518808069552
"35-36","27_A",2.89398274076701
"35-36","28_A",0.295501398602915
"35-36","29_A",16.7502722077147
"35-36","3_A",0.483709273182957
"35-36","30_A",0.301535173757525
"35-36","31_A",0.0143588177979774
"35-36","32_A",0.0509687470102949
"35-36","33_A",0.0909234610129807
"35-36","34_A",0.6
"35-36","35_A",0.0369714505052851
"35-36","36_A",16.0022572716296
"35-36","37_A",0.444085394514047
"35-36","4_A",0.167378053213482
"35-36","40_A",21
"35-36","41_A",0.6
"35-36","42_A",0.555194086210452
"35-36","43_A",0.559285644578901
"35-36","45_A",0.559285644578901
"35-36","46_A",1.76232222841392e-17
"35-36","47_A",0.461066068906651
"35-36","48_A",0.559285644578901
"35-36","49_A",3.99878562324124e-17
"35-36","5_A",5.45140897353763
"35-36","51_A",0.279642822289451
"35-36","52_A",0.279642822289451
"35-36","53_A",1.74900208958485
"35-36","54_A",0.36664901215212
"35-36","55_A",0.134431498112125
"35-36","57_A",0.388200230305493
"35-36","58_A",1.26862868101821
"35-36","59_A",0.735151649178246
"35-36","6_A",2.20087399538658
"35-36","60_A",1.41421356237309
"35-36","61_A",0.776400460610987
"35-36","62_A",0.0369714505052851
"35-36","64_A",0.0369714505052851
"35-36","65_A",0.555194086210452
"35-36","66_1_A",0.776400460610987
"35-36","66_2_A",0.301535173757525
"35-36","66_3_A",0.242313272419702
"35-36","67_A",1
"35-36","68_A",0.299600950756269
"35-36","69_A",0.694100115152747
"35-36","7_A",77.6400460610987
"35-36","75_A",0.00012693915428463
"35-36","77_A",0.0509687470102949
"35-36","81_A",0.631136508770855
"35-36","87_A",0.388200230305493
"35-36","88_A",1.69808547693802e-17
"35-36","89_A",0.194100115152747
"35-36","9_A",0.388200230305493
"35-36","90_A",0.194100115152747
"35-36","91_A",0.388200230305493
"35-36","92_A",2.77555756156289e-17
"35-36","93_A",0.299600950756269
"35-36","94_A",0.301535173757526
"35-36","95_A",0.26886299622425
"35-36","99_A",12.3977006305111
"36-37","10_A",19.2506722455153
"36-37","100_A",0.248012116622491
"36-37","11_A",0.550019207014723
"36-37","12_A",11.5504033473092
"36-37","13_A",0.00838252750014373
"36-37","14_A",0.0193014828634436
"36-37","15_A",0.0919932780397897
"36-37","17_A",0.0482143364491292
"36-37","18_A",0.0482143364491292
"36-37","19_A",0.131714177530156
"36-37","2_A",3.94027982913162
"36-37","20_A",0.690907214599139
"36-37","21_A",0.23867638959257
"36-37","22_A",0.477352779185141
"36-37","23_A",0.497129298928201
"36-37","24_A",0.170722840651957
"36-37","25_A",0.471136759057989
"36-37","26_A",0.669672055761737
"36-37","27_A",3.06882288632485
"36-37","28_A",0.123568769926422
"36-37","29_A",18.8353478152623
"36-37","3_A",0.31386920538757
"36-37","30_A",0.191257868387122
"36-37","31_A",0.00910751754224391
"36-37","32_A",0.0323284802435366
"36-37","33_A",0.0365795722199857
"36-37","34_A",0.6
"36-37","35_A",0.0236202015830944
"36-37","36_A",18.9719023499899
"36-37","37_A",0.177054685163627
"36-37","4_A",0.0892262866294261
"36-37","40_A",21
"36-37","41_A",0.6
"36-37","42_A",0.413186205786152
"36-37","43_A",0.39745145631068
"36-37","45_A",0.39745145631068
"36-37","46_A",4.02017290786805e-17
"36-37","47_A",0.223312910656723
"36-37","48_A",0.39745145631068
"36-37","49_A",6.67194859231274e-17
"36-37","5_A",6.28333430793923
"36-37","51_A",0.19872572815534
"36-37","52_A",0.19872572815534
"36-37","53_A",1.15101368441813
"36-37","54_A",0.264633944905319
"36-37","55_A",0.0700311247961513
"36-37","57_A",0.248012116622491
"36-37","58_A",0.659424401427132
"36-37","59_A",0.478939225097702
"36-37","6_A",1.90188587933653
"36-37","60_A",1.4142135623731
"36-37","61_A",0.496024233244983
"36-37","62_A",0.0236202015830944
"36-37","64_A",0.0236202015830944
"36-37","65_A",0.413186205786152
"36-37","66_1_A",0.496024233244983
"36-37","66_2_A",0.191257868387122
"36-37","66_3_A",0.15781728061634
"36-37","67_A",1
"36-37","68_A",0.125690624981841
"36-37","69_A",0.624006058311246
"36-37","7_A",49.6024233244983
"36-37","75_A",0.00154101834713138
"36-37","77_A",0.0323284802435366
"36-37","81_A",0.365095322237448
"36-37","87_A",0.248012116622491
"36-37","88_A",3.13077848386818e-17
"36-37","89_A",0.124006058311246
"36-37","9_A",0.248012116622492
"36-37","90_A",0.124006058311246
"36-37","91_A",0.248012116622491
"36-37","92_A",4.16333634234434e-17
"36-37","93_A",0.12569062498184
"36-37","94_A",0.191257868387122
"36-37","95_A",0.140062249592303
"36-37","99_A",13.1259457074708
"37-38","10_A",24.9156449304804
"37-38","100_A",0.671348635377412
"37-38","11_A",0.711875569442298
"37-38","12_A",14.237511388846
"37-38","13_A",0.0334192228829224
"37-38","14_A",0.0769506044296626
"37-38","15_A",0.366109934917274
"37-38","17_A",0.224072563228872
"37-38","18_A",0.224072563228872
"37-38","19_A",0.495679646758783
"37-38","2_A",5.49124744429533
"37-38","20_A",1.45183151675596
"37-38","21_A",1.05390737652296
"37-38","22_A",2.10781475304591
"37-38","23_A",1.16079900896467
"37-38","24_A",0.802577268342857
"37-38","25_A",1.13094035068042
"37-38","26_A",0.79127744287853
"37-38","27_A",3.5387003026772
"37-38","28_A",0.673727169606679
"37-38","29_A",25.0447996643354
"37-38","3_A",0.919188458756804
"37-38","30_A",0.602393557981098
"37-38","31_A",0.0301196778990549
"37-38","32_A",0.101823095709755
"37-38","33_A",0.362877998697127
"37-38","34_A",0.571428571428571
"37-38","35_A",0.0671348635377412
"37-38","36_A",21.7744287088834
"37-38","37_A",0.635340270904642
"37-38","4_A",0.512975657051019
"37-38","40_A",20
"37-38","41_A",0.571428571428571
"37-38","42_A",0.895866769303816
"37-38","43_A",0.803361574200601
"37-38","45_A",0.803361574200601
"37-38","46_A",1.30620567862097e-17
"37-38","47_A",0.82408623241573
"37-38","48_A",0.803361574200601
"37-38","49_A",6.64267766236847e-17
"37-38","5_A",8.34489494796196
"37-38","51_A",0.401680787100301
"37-38","52_A",0.401680787100301
"37-38","53_A",5.83047901168826
"37-38","54_A",0.569260420854108
"37-38","55_A",0.324057426750996
"37-38","57_A",0.671348635377412
"37-38","58_A",4.08237062894391
"37-38","59_A",1.19773244975708
"37-38","6_A",1.57421309013324
"37-38","60_A",1.41421356237309
"37-38","61_A",1.34269727075482
"37-38","62_A",0.0671348635377412
"37-38","64_A",0.0671348635377412
"37-38","65_A",0.895866769303816
"37-38","66_1_A",1.34269727075482
"37-38","66_2_A",0.602393557981098
"37-38","66_3_A",0.525772551595024
"37-38","67_A",1
"37-38","68_A",0.700804986839031
"37-38","69_A",0.835674317688706
"37-38","7_A",134.269727075482
"37-38","75_A",0.0153423288355823
"37-38","77_A",0.101823095709755
"37-38","81_A",0.903560607794677
"37-38","87_A",0.671348635377412
"37-38","88_A",1.82438156039237e-17
"37-38","89_A",0.335674317688706
"37-38","9_A",0.671348635377412
"37-38","90_A",0.335674317688706
"37-38","91_A",0.671348635377412
"37-38","92_A",5.55111512312578e-17
"37-38","93_A",0.700804986839031
"37-38","94_A",0.602393557981098
"37-38","95_A",0.648114853501993
"37-38","99_A",15.4467779188317
"38-39","10_A",26.7494857585524
"38-39","100_A",0.383935607339863
"38-39","11_A",0.764271021672927
"38-39","12_A",13.7568783901127
"38-39","13_A",0.00512960839754151
"38-39","14_A",0.0118113598290761
"38-39","15_A",0.273230024771012
"38-39","17_A",0.158231859883236
"38-39","18_A",0.158231859883236
"38-39","19_A",0.156478667116965
"38-39","2_A",4.30229181209513
"38-39","20_A",1.00207328329795
"38-39","21_A",0.502075432549767
"38-39","22_A",1.00415086509953
"38-39","23_A",0.421539597480006
"38-39","24_A",0.424338694616042
"38-39","25_A",0.455165747417951
"38-39","26_A",0.831514833358665
"38-39","27_A",3.52781866395069
"38-39","28_A",0.0888478161218029
"38-39","29_A",24.8910090514376
"38-39","3_A",0.462174940898345
"38-39","30_A",0.253256167062444
"38-39","31_A",0.0140697870590246
"38-39","32_A",0.042808105425812
"38-39","33_A",0.0641386861551603
"38-39","34_A",0.514285714285714
"38-39","35_A",0.0426595119266514
"38-39","36_A",21.4446848293394
"38-39","37_A",0.506939298262484
"38-39","4_A",0.238472119971534
"38-39","40_A",18
"38-39","41_A",0.514285714285714
"38-39","42_A",0.651412844988523
"38-39","43_A",0.554846056859316
"38-39","45_A",0.554846056859316
"38-39","46_A",1.78556052231156e-17
"38-39","47_A",0.190534270384417
"38-39","48_A",0.554846056859316
"38-39","49_A",4.01110795450655e-17
"38-39","5_A",8.42718424577388
"38-39","51_A",0.277423028429658
"38-39","52_A",0.277423028429658
"38-39","53_A",3.45290509502668
"38-39","54_A",0.400916727234434
"38-39","55_A",0.160734222176369
"38-39","57_A",0.383935607339863
"38-39","58_A",1.24584765242302
"38-39","59_A",0.738001145286587
"38-39","6_A",1.32562387917666
"38-39","60_A",1.4142135623731
"38-39","61_A",0.767871214679725
"38-39","62_A",0.0426595119266514
"38-39","64_A",0.0426595119266514
"38-39","65_A",0.651412844988523
"38-39","66_1_A",0.767871214679725
"38-39","66_2_A",0.253256167062444
"38-39","66_3_A",0.193333687569283
"38-39","67_A",1
"38-39","68_A",0.105298634434428
"38-39","69_A",0.691967803669931
"38-39","7_A",76.7871214679725
"38-39","75_A",0.0598628105302188
"38-39","77_A",0.042808105425812
"38-39","81_A",0.320081958367976
"38-39","87_A",0.383935607339863
"38-39","88_A",1.70992218345749e-17
"38-39","89_A",0.191967803669931
"38-39","9_A",0.383935607339863
"38-39","90_A",0.191967803669931
"38-39","91_A",0.383935607339863
"38-39","92_A",2.77555756156289e-17
"38-39","93_A",0.105298634434428
"38-39","94_A",0.253256167062444
"38-39","95_A",0.321468444352738
"38-39","99_A",14.7172644632751
"39-40","10_A",21.2021519181746
"39-40","100_A",0.273817590459412
"39-40","11_A",0.605775769090703
"39-40","12_A",9.08663653636055
"39-40","13_A",0.00575203308476928
"39-40","14_A",0.0132445456353983
"39-40","15_A",0.305971709288551
"39-40","17_A",0.180617827320966
"39-40","18_A",0.180617827320966
"39-40","19_A",0.197452229299363
"39-40","2_A",3.26749856964412
"39-40","20_A",0.907181199356308
"39-40","21_A",0.411488864232775
"39-40","22_A",0.82297772846555
"39-40","23_A",0.460376631929725
"39-40","24_A",0.383202198462635
"39-40","25_A",0.491427770986751
"39-40","26_A",0.717311089833067
"39-40","27_A",2.77813390497336
"39-40","28_A",0.105973321613479
"39-40","29_A",15.4360559879251
"39-40","3_A",0.372543705109093
"39-40","30_A",0.228665561176441
"39-40","31_A",0.0152443707450961
"39-40","32_A",0.0386515343876307
"39-40","33_A",0.0522879388681369
"39-40","34_A",0.428571428571429
"39-40","35_A",0.0365090120612549
"39-40","36_A",12.6810009412101
"39-40","37_A",0.168101118929716
"39-40","4_A",0.212699653215245
"39-40","40_A",15
"39-40","41_A",0.428571428571429
"39-40","42_A",0.619033277346731
"39-40","43_A",0.429916484919411
"39-40","45_A",0.429916484919411
"39-40","46_A",0
"39-40","47_A",0.191638818926439
"39-40","48_A",0.429916484919411
"39-40","49_A",0
"39-40","5_A",5.22100541999519
"39-40","51_A",0.214958242459705
"39-40","52_A",0.214958242459705
"39-40","53_A",3.80821068048545
"39-40","54_A",0.370535888218553
"39-40","55_A",0.137296844457912
"39-40","57_A",0.273817590459412
"39-40","58_A",0.753848667478646
"39-40","59_A",0.52392871904476
"39-40","6_A",2.30514734648387
"39-40","60_A",1.41421356237309
"39-40","61_A",0.547635180918824
"39-40","62_A",0.0365090120612549
"39-40","64_A",0.0365090120612549
"39-40","65_A",0.619033277346731
"39-40","66_1_A",0.547635180918824
"39-40","66_2_A",0.228665561176441
"39-40","66_3_A",0.202641616844077
"39-40","67_A",1
"39-40","68_A",0.105973751777103
"39-40","69_A",0.636908795229706
"39-40","7_A",54.7635180918824
"39-40","75_A",0.00223819997751817
"39-40","77_A",0.0386515343876307
"39-40","81_A",0.321639100510486
"39-40","87_A",0.273817590459412
"39-40","88_A",0
"39-40","89_A",0.136908795229706
"39-40","9_A",0.273817590459412
"39-40","90_A",0.136908795229706
"39-40","91_A",0.273817590459412
"39-40","92_A",0
"39-40","93_A",0.105973751777103
"39-40","94_A",0.228665561176442
"39-40","95_A",0.274593688915824
"39-40","99_A",10.1260280676394
"40-41","10_A",15.9803938993168
"40-41","100_A",0.189352834788079
"40-41","11_A",0.456582682837622
"40-41","12_A",5.93557487688908
"40-41","13_A",0.00365300400248464
"40-41","14_A",0.00841135256076875
"40-41","15_A",0.037206009596476
"40-41","17_A",0.018955636596802
"40-41","18_A",0.018955636596802
"40-41","19_A",0.129197137689707
"40-41","2_A",3.19907909841046
"40-41","20_A",0.509334106687975
"40-41","21_A",0.129710616117819
"40-41","22_A",0.259421232235638
"40-41","23_A",0.252175447054841
"40-41","24_A",0.0857636474180596
"40-41","25_A",0.25200286231844
"40-41","26_A",0.570316818658575
"40-41","27_A",2.05630653293299
"40-41","28_A",0.0317962280486546
"40-41","29_A",8.45679311476579
"40-41","3_A",0.253951403632932
"40-41","30_A",0.162008234773709
"40-41","31_A",0.01246217190567
"40-41","32_A",0.0273843897840114
"40-41","33_A",0.0262466681344934
"40-41","34_A",0.371428571428571
"40-41","35_A",0.0291312053520121
"40-41","36_A",8.57023481559389
"40-41","37_A",0.111838791937001
"40-41","4_A",0.0438284089555147
"40-41","40_A",13
"40-41","41_A",0.371428571428571
"40-41","42_A",0.292854310909127
"40-41","43_A",0.318413223140496
"40-41","45_A",0.318413223140496
"40-41","46_A",3.18119783640278e-17
"40-41","47_A",0.0854139625168002
"40-41","48_A",0.318413223140496
"40-41","49_A",4.66734089393657e-17
"40-41","5_A",2.72018419677437
"40-41","51_A",0.159206611570248
"40-41","52_A",0.159206611570248
"40-41","53_A",0.522367785482788
"40-41","54_A",0.191643850540598
"40-41","55_A",0.0367273654500269
"40-41","57_A",0.189352834788079
"40-41","58_A",0.467020586361511
"40-41","59_A",0.366402713607365
"40-41","6_A",3.39541974009111
"40-41","60_A",1.41421356237309
"40-41","61_A",0.378705669576158
"40-41","62_A",0.0291312053520121
"40-41","64_A",0.0291312053520121
"40-41","65_A",0.292854310909127
"40-41","66_1_A",0.378705669576158
"40-41","66_2_A",0.162008234773709
"40-41","66_3_A",0.138805676831777
"40-41","67_A",1
"40-41","68_A",0.0446122351487951
"40-41","69_A",0.594676417394039
"40-41","7_A",37.8705669576158
"40-41","75_A",3.66707819432488e-06
"40-41","77_A",0.0273843897840114
"40-41","81_A",0.157385044722931
"40-41","87_A",0.189352834788079
"40-41","88_A",2.24999786916347e-17
"40-41","89_A",0.0946764173940394
"40-41","9_A",0.189352834788079
"40-41","90_A",0.0946764173940395
"40-41","91_A",0.189352834788079
"40-41","92_A",2.77555756156289e-17
"40-41","93_A",0.044612235148795
"40-41","94_A",0.162008234773711
"40-41","95_A",0.0734547309000537
"40-41","99_A",7.18297213549708
"41-42","10_A",18.9938795793052
"41-42","100_A",0.140123456790123
"41-42","11_A",0.542682273694435
"41-42","12_A",7.05486955802765
"41-42","13_A",0.00186396874363904
"41-42","14_A",0.00429194664291011
"41-42","15_A",0.0623014472290857
"41-42","17_A",0.0321522907368612
"41-42","18_A",0.0321522907368612
"41-42","19_A",0.0609347442680776
"41-42","2_A",3.31405286318989
"41-42","20_A",0.483451429084081
"41-42","21_A",0.11686264214172
"41-42","22_A",0.23372528428344
"41-42","23_A",0.162650200499694
"41-42","24_A",0.0913220696010825
"41-42","25_A",0.177061271586319
"41-42","26_A",0.661792925826538
"41-42","27_A",2.38612832780692
"41-42","28_A",0.0132275438612953
"41-42","29_A",11.3872167935253
"41-42","3_A",0.170590828924162
"41-42","30_A",0.0947959886722473
"41-42","31_A",0.00729199912863441
"41-42","32_A",0.0160234466315092
"41-42","33_A",0.00898627946834884
"41-42","34_A",0.371428571428571
"41-42","35_A",0.0215574548907882
"41-42","36_A",11.5943885936276
"41-42","37_A",0.10533664288171
"41-42","4_A",0.0467363612079043
"41-42","40_A",13
"41-42","41_A",0.371428571428571
"41-42","42_A",0.302195416247637
"41-42","43_A",0.245804006497022
"41-42","45_A",0.245804006497022
"41-42","46_A",5.50812558113951e-17
"41-42","47_A",0.0262241163036773
"41-42","48_A",0.245804006497022
"41-42","49_A",7.30330793134578e-17
"41-42","5_A",3.82407787716861
"41-42","51_A",0.122902003248511
"41-42","52_A",0.122902003248511
"41-42","53_A",0.645309580833634
"41-42","54_A",0.188961526127546
"41-42","55_A",0.0357064583564511
"41-42","57_A",0.140123456790123
"41-42","58_A",0.325812985929616
"41-42","59_A",0.275873744977308
"41-42","6_A",2.87176677942086
"41-42","60_A",1.4142135623731
"41-42","61_A",0.280246913580247
"41-42","62_A",0.0215574548907882
"41-42","64_A",0.0215574548907882
"41-42","65_A",0.302195416247637
"41-42","66_1_A",0.280246913580247
"41-42","66_2_A",0.0947959886722473
"41-42","66_3_A",0.0719844958217693
"41-42","67_A",1
"41-42","68_A",0.0132862684767265
"41-42","69_A",0.570061728395062
"41-42","7_A",28.0246913580247
"41-42","75_A",0.0002553173233013
"41-42","77_A",0.0160234466315092
"41-42","81_A",0.0511079712258822
"41-42","87_A",0.140123456790123
"41-42","88_A",3.5799552622751e-17
"41-42","89_A",0.0700617283950617
"41-42","9_A",0.140123456790123
"41-42","90_A",0.0700617283950617
"41-42","91_A",0.140123456790123
"41-42","92_A",4.16333634234434e-17
"41-42","93_A",0.0132862684767264
"41-42","94_A",0.094795988672245
"41-42","95_A",0.0714129167129022
"41-42","99_A",8.10583330747309
"42-43","10_A",26.7106656284563
"42-43","100_A",0.368146718146718
"42-43","11_A",0.76316187509875
"42-43","12_A",11.4474281264813
"42-43","13_A",0.00686301944869244
"42-43","14_A",0.0158026862754874
"42-43","15_A",0.27027027027027
"42-43","17_A",0.15625
"42-43","18_A",0.15625
"42-43","19_A",0.201158301158301
"42-43","2_A",5.20949593014216
"42-43","20_A",1.06153988356192
"42-43","21_A",0.563433462196325
"42-43","22_A",1.12686692439265
"42-43","23_A",0.456715785050921
"42-43","24_A",0.457186045681272
"42-43","25_A",0.512784068340868
"42-43","26_A",0.828201501867057
"42-43","27_A",3.20761062403508
"42-43","28_A",0.104294654157339
"42-43","29_A",20.5775318308455
"42-43","3_A",0.468725868725869
"42-43","30_A",0.277794062752996
"42-43","31_A",0.0185196041835331
"42-43","32_A",0.046955766814803
"42-43","33_A",0.0771695413008154
"42-43","34_A",0.428571428571429
"42-43","35_A",0.0490862290862291
"42-43","36_A",17.5322332614433
"42-43","37_A",0.378055284300012
"42-43","4_A",0.259539188448079
"42-43","40_A",15
"42-43","41_A",0.428571428571429
"42-43","42_A",0.676155341383378
"42-43","43_A",0.538168477494003
"42-43","45_A",0.538168477494003
"42-43","46_A",0
"42-43","47_A",0.192948230292508
"42-43","48_A",0.538168477494003
"42-43","49_A",0
"42-43","5_A",6.82816160772847
"42-43","51_A",0.269084238747002
"42-43","52_A",0.269084238747002
"42-43","53_A",3.88766840861519
"42-43","54_A",0.422153731529358
"42-43","55_A",0.178213773044161
"42-43","57_A",0.368146718146718
"42-43","58_A",1.16477562158218
"42-43","59_A",0.701044066806867
"42-43","6_A",2.03082393431509
"42-43","60_A",1.41421356237309
"42-43","61_A",0.736293436293436
"42-43","62_A",0.0490862290862291
"42-43","64_A",0.0490862290862291
"42-43","65_A",0.676155341383377
"42-43","66_1_A",0.736293436293436
"42-43","66_2_A",0.277794062752996
"42-43","66_3_A",0.224176564302735
"42-43","67_A",1
"42-43","68_A",0.106775153610425
"42-43","69_A",0.684073359073359
"42-43","7_A",73.6293436293436
"42-43","75_A",0.00835057219602131
"42-43","77_A",0.046955766814803
"42-43","81_A",0.3234813135943
"42-43","87_A",0.368146718146718
"42-43","88_A",0
"42-43","89_A",0.184073359073359
"42-43","9_A",0.368146718146718
"42-43","90_A",0.184073359073359
"42-43","91_A",0.368146718146718
"42-43","92_A",0
"42-43","93_A",0.106775153610425
"42-43","94_A",0.277794062752997
"42-43","95_A",0.356427546088322
"42-43","99_A",12.2189756727902
"43-44","10_A",24.8326476820316
"43-44","100_A",0.391891891891892
"43-44","11_A",0.709504219486618
"43-44","12_A",8.51405063383942
"43-44","13_A",0.0301659886655679
"43-44","14_A",0.069459755816764
"43-44","15_A",0.162162162162162
"43-44","17_A",0.088235294117647
"43-44","18_A",0.088235294117647
"43-44","19_A",0.372072072072072
"43-44","2_A",3.68719773140754
"43-44","20_A",0.960465889335295
"43-44","21_A",0.461247362288319
"43-44","22_A",0.922494724576638
"43-44","23_A",0.691963003297852
"43-44","24_A",0.329851225814726
"43-44","25_A",0.652587789379286
"43-44","26_A",0.800268567426719
"43-44","27_A",2.77221163696688
"43-44","28_A",0.239406398966491
"43-44","29_A",15.3703147202691
"43-44","3_A",0.577927927927928
"43-44","30_A",0.430565602538615
"43-44","31_A",0.0358804668782179
"43-44","32_A",0.0727788701850516
"43-44","33_A",0.185386738089441
"43-44","34_A",0.342857142857143
"43-44","35_A",0.0653153153153153
"43-44","36_A",13.807103496376
"43-44","37_A",0.327749424635293
"43-44","4_A",0.180234471760747
"43-44","40_A",12
"43-44","41_A",0.342857142857143
"43-44","42_A",0.574326758748647
"43-44","43_A",0.563106796116505
"43-44","45_A",0.563106796116505
"43-44","46_A",1.7424086492609e-17
"43-44","47_A",0.386328031678848
"43-44","48_A",0.563106796116505
"43-44","49_A",3.98817979719716e-17
"43-44","5_A",5.21751253863576
"43-44","51_A",0.281553398058252
"43-44","52_A",0.281553398058252
"43-44","53_A",1.99582666588664
"43-44","54_A",0.369706381460185
"43-44","55_A",0.136682808492384
"43-44","57_A",0.391891891891892
"43-44","58_A",1.28825335056928
"43-44","59_A",0.706999537098761
"43-44","6_A",2.57331691456287
"43-44","60_A",1.41421356237309
"43-44","61_A",0.783783783783784
"43-44","62_A",0.0653153153153153
"43-44","64_A",0.0653153153153153
"43-44","65_A",0.574326758748647
"43-44","66_1_A",0.783783783783784
"43-44","66_2_A",0.430565602538615
"43-44","66_3_A",0.391266243968574
"43-44","67_A",1
"43-44","68_A",0.239409272307543
"43-44","69_A",0.695945945945946
"43-44","7_A",78.3783783783784
"43-44","75_A",0.00243968555163998
"43-44","77_A",0.0727788701850516
"43-44","81_A",0.557339998688483
"43-44","87_A",0.391891891891892
"43-44","88_A",1.68783905770716e-17
"43-44","89_A",0.195945945945946
"43-44","9_A",0.391891891891892
"43-44","90_A",0.195945945945946
"43-44","91_A",0.391891891891892
"43-44","92_A",2.77555756156289e-17
"43-44","93_A",0.239409272307543
"43-44","94_A",0.430565602538616
"43-44","95_A",0.273365616984767
"43-44","99_A",9.13366779701049
"44-45","10_A",31.4106240535039
"44-45","100_A",0.608227848101266
"44-45","11_A",0.897446401528683
"44-45","12_A",16.1540352275163
"44-45","13_A",0.030633280347935
"44-45","14_A",0.0705357346786627
"44-45","15_A",0.322894168466523
"44-45","17_A",0.192530585962653
"44-45","18_A",0.192530585962653
"44-45","19_A",0.454008438818565
"44-45","2_A",6.45391994997647
"44-45","20_A",1.47283853010528
"44-45","21_A",1.08462666788135
"44-45","22_A",2.1692533357627
"44-45","23_A",1.01417420142403
"44-45","24_A",0.89033432908474
"44-45","25_A",1.00556772787663
"44-45","26_A",0.935875968892886
"44-45","27_A",3.97058546372214
"44-45","28_A",0.514274655417035
"44-45","29_A",31.5310978494432
"44-45","3_A",0.835232067510549
"44-45","30_A",0.571481176508022
"44-45","31_A",0.0317489542504457
"44-45","32_A",0.0965979495646026
"44-45","33_A",0.326590735102993
"44-45","34_A",0.514285714285714
"44-45","35_A",0.0675808720112518
"44-45","36_A",28.0340649671522
"44-45","37_A",0.982281704653541
"44-45","4_A",0.589088407978381
"44-45","40_A",18
"44-45","41_A",0.514285714285714
"44-45","42_A",0.943575290628543
"44-45","43_A",0.756395120031484
"44-45","45_A",0.756395120031484
"44-45","46_A",0
"44-45","47_A",0.692932993998687
"44-45","48_A",0.756395120031484
"44-45","49_A",0
"44-45","5_A",10.8012574746429
"44-45","51_A",0.378197560015742
"44-45","52_A",0.378197560015742
"44-45","53_A",6.54930134746175
"44-45","54_A",0.592734173993585
"44-45","55_A",0.351333801019858
"44-45","57_A",0.608227848101266
"44-45","58_A",3.10255310095501
"44-45","59_A",1.08526077647245
"44-45","6_A",1.04528525246936
"44-45","60_A",1.41421356237309
"44-45","61_A",1.21645569620253
"44-45","62_A",0.0675808720112518
"44-45","64_A",0.0675808720112518
"44-45","65_A",0.943575290628543
"44-45","66_1_A",1.21645569620253
"44-45","66_2_A",0.571481176508022
"44-45","66_3_A",0.500735502499646
"44-45","67_A",1
"44-45","68_A",0.530143436271538
"44-45","69_A",0.804113924050633
"44-45","7_A",121.645569620253
"44-45","75_A",0.151026392961877
"44-45","77_A",0.0965979495646026
"44-45","81_A",0.818618334517762
"44-45","87_A",0.608227848101266
"44-45","88_A",0
"44-45","89_A",0.304113924050633
"44-45","9_A",0.608227848101266
"44-45","90_A",0.304113924050633
"44-45","91_A",0.608227848101266
"44-45","92_A",0
"44-45","93_A",0.530143436271538
"44-45","94_A",0.571481176508022
"44-45","95_A",0.702667602039715
"44-45","99_A",16.4411160569388
"45-46","10_A",19.3323755004737
"45-46","100_A",0.386569127075456
"45-46","11_A",0.552353585727821
"45-46","12_A",10.4947181288286
"45-46","13_A",0.0121182793862613
"45-46","14_A",0.0279033694675422
"45-46","15_A",0.0438322368421055
"45-46","17_A",0.0224071972085594
"45-46","18_A",0.0224071972085594
"45-46","19_A",0.20573730067401
"45-46","2_A",4.73619510627467
"45-46","20_A",0.912624221395606
"45-46","21_A",0.416441484738968
"45-46","22_A",0.832882969477936
"45-46","23_A",0.647413553436914
"45-46","24_A",0.253980608158893
"45-46","25_A",0.640295167305769
"45-46","26_A",0.641712411718184
"45-46","27_A",2.79715955349533
"45-46","28_A",0.209572154586906
"45-46","29_A",15.6482031354204
"45-46","3_A",0.489437777412461
"45-46","30_A",0.294008400878548
"45-46","31_A",0.0154741263620288
"45-46","32_A",0.0496964901856864
"45-46","33_A",0.0864409397871609
"45-46","34_A",0.542857142857143
"45-46","35_A",0.0406914870605743
"45-46","36_A",15.877141373294
"45-46","37_A",0.440820501829002
"45-46","4_A",0.135808616766005
"45-46","40_A",19
"45-46","41_A",0.542857142857143
"45-46","42_A",0.50396488782344
"45-46","43_A",0.557590847116011
"45-46","45_A",0.557590847116012
"45-46","46_A",0
"45-46","47_A",0.367881334927434
"45-46","48_A",0.557590847116012
"45-46","49_A",0
"45-46","5_A",4.99892462439883
"45-46","51_A",0.278795423558006
"45-46","52_A",0.278795423558006
"45-46","53_A",1.27554864332832
"45-46","54_A",0.340060379913147
"45-46","55_A",0.115641061986674
"45-46","57_A",0.386569127075456
"45-46","58_A",1.25991974828245
"45-46","59_A",0.733901417125705
"45-46","6_A",2.53314245369227
"45-46","60_A",1.41421356237309
"45-46","61_A",0.773138254150912
"45-46","62_A",0.0406914870605743
"45-46","64_A",0.0406914870605743
"45-46","65_A",0.503964887823441
"45-46","66_1_A",0.773138254150912
"45-46","66_2_A",0.294008400878548
"45-46","66_3_A",0.238149135170575
"45-46","67_A",1
"45-46","68_A",0.225401095398341
"45-46","69_A",0.693284563537728
"45-46","7_A",77.3138254150912
"45-46","75_A",2.62332177020097e-05
"45-46","77_A",0.0496964901856864
"45-46","81_A",0.537884866960262
"45-46","87_A",0.386569127075456
"45-46","88_A",0
"45-46","89_A",0.193284563537728
"45-46","9_A",0.386569127075456
"45-46","90_A",0.193284563537728
"45-46","91_A",0.386569127075456
"45-46","92_A",0
"45-46","93_A",0.225401095398341
"45-46","94_A",0.294008400878548
"45-46","95_A",0.231282123973347
"45-46","99_A",12.3882085118564
"46-47","10_A",18.8176784723831
"46-47","100_A",0.324085005903188
"46-47","11_A",0.537647956353804
"46-47","12_A",9.67766321436847
"46-47","13_A",0.0160562352589669
"46-47","14_A",0.0369708479569026
"46-47","15_A",0.0668170587603395
"46-47","17_A",0.0345632362747277
"46-47","18_A",0.0345632362747277
"46-47","19_A",0.214876033057851
"46-47","2_A",4.040001651124
"46-47","20_A",0.815828397349191
"46-47","21_A",0.332787986960675
"46-47","22_A",0.665575973921349
"46-47","23_A",0.694708950103277
"46-47","24_A",0.212711975098956
"46-47","25_A",0.657473021373226
"46-47","26_A",0.645993969702689
"46-47","27_A",2.74072029949433
"46-47","28_A",0.241310262676799
"46-47","29_A",15.0230955201206
"46-47","3_A",0.431523022432113
"46-47","30_A",0.283250916278686
"46-47","31_A",0.0157361620154826
"46-47","32_A",0.0478781434097365
"46-47","33_A",0.0802310815727151
"46-47","34_A",0.514285714285714
"46-47","35_A",0.0360094451003542
"46-47","36_A",15.458023787454
"46-47","37_A",0.28256688045999
"46-47","4_A",0.112447779473917
"46-47","40_A",18
"46-47","41_A",0.514285714285714
"46-47","42_A",0.461207084831701
"46-47","43_A",0.489522960320999
"46-47","45_A",0.489522960320999
"46-47","46_A",4.28026418596538e-17
"46-47","47_A",0.391160600212032
"46-47","48_A",0.489522960320999
"46-47","49_A",8.38483193809637e-17
"46-47","5_A",4.94946446374036
"46-47","51_A",0.244761480160499
"46-47","52_A",0.244761480160499
"46-47","53_A",1.16806891825299
"46-47","54_A",0.306021277269437
"46-47","55_A",0.0936490221416173
"46-47","57_A",0.324085005903188
"46-47","58_A",0.958625764392732
"46-47","59_A",0.612223799758988
"46-47","6_A",2.44877591798504
"46-47","60_A",1.4142135623731
"46-47","61_A",0.648170011806375
"46-47","62_A",0.0360094451003542
"46-47","64_A",0.0360094451003542
"46-47","65_A",0.461207084831701
"46-47","66_1_A",0.648170011806375
"46-47","66_2_A",0.283250916278686
"46-47","66_3_A",0.242753861383239
"46-47","67_A",1
"46-47","68_A",0.243132161148952
"46-47","69_A",0.662042502951594
"46-47","7_A",64.8170011806375
"46-47","75_A",0.00013878691152957
"46-47","77_A",0.0478781434097365
"46-47","81_A",0.562351464169433
"46-47","87_A",0.324085005903188
"46-47","88_A",3.75208194567829e-17
"46-47","89_A",0.162042502951594
"46-47","9_A",0.324085005903188
"46-47","90_A",0.162042502951594
"46-47","91_A",0.324085005903188
"46-47","92_A",5.55111512312578e-17
"46-47","93_A",0.243132161148952
"46-47","94_A",0.283250916278686
"46-47","95_A",0.187298044283235
"46-47","99_A",11.2784568372804
"47-48","10_A",25.5808430172431
"47-48","100_A",0.527389746215169
"47-48","11_A",0.73088122906409
"47-48","12_A",12.4249808940895
"47-48","13_A",0.0280777118293492
"47-48","14_A",0.064651320703642
"47-48","15_A",0.113761467889908
"47-48","17_A",0.0603112840466925
"47-48","18_A",0.0603112840466925
"47-48","19_A",0.411175309003145
"47-48","2_A",5.99697548761234
"47-48","20_A",1.27680016969729
"47-48","21_A",0.815109336669517
"47-48","22_A",1.63021867333903
"47-48","23_A",0.980602851838952
"47-48","24_A",0.568249592291456
"47-48","25_A",0.950508226424524
"47-48","26_A",0.809356537859607
"47-48","27_A",3.33706249437938
"47-48","28_A",0.480790976517342
"47-48","29_A",22.271972182787
"47-48","3_A",0.732977400716741
"47-48","30_A",0.487090689021056
"47-48","31_A",0.0286523934718268
"47-48","32_A",0.082333353652958
"47-48","33_A",0.237257339331007
"47-48","34_A",0.485714285714286
"47-48","35_A",0.0620458524959022
"47-48","36_A",20.4937526293504
"47-48","37_A",0.759130342141927
"47-48","4_A",0.334249423505771
"47-48","40_A",17
"47-48","41_A",0.485714285714286
"47-48","42_A",0.753823316362299
"47-48","43_A",0.690576517908447
"47-48","45_A",0.690576517908447
"47-48","46_A",2.24912518254747e-17
"47-48","47_A",0.665300771191569
"47-48","48_A",0.690576517908447
"47-48","49_A",7.26876049401444e-17
"47-48","5_A",7.3725531929067
"47-48","51_A",0.345288258954223
"47-48","52_A",0.345288258954223
"47-48","53_A",3.17872942602933
"47-48","54_A",0.494504541481504
"47-48","55_A",0.244534741545832
"47-48","57_A",0.527389746215169
"47-48","58_A",2.23058964692309
"47-48","59_A",0.956965566640891
"47-48","6_A",2.0637601508569
"47-48","60_A",1.4142135623731
"47-48","61_A",1.05477949243034
"47-48","62_A",0.0620458524959022
"47-48","64_A",0.0620458524959022
"47-48","65_A",0.7538233163623
"47-48","66_1_A",1.05477949243034
"47-48","66_2_A",0.487090689021056
"47-48","66_3_A",0.430436294359676
"47-48","67_A",1
"47-48","68_A",0.498464940139004
"47-48","69_A",0.763694873107584
"47-48","7_A",105.477949243034
"47-48","75_A",0.00345209273920921
"47-48","77_A",0.082333353652958
"47-48","81_A",0.799015748627232
"47-48","87_A",0.527389746215169
"47-48","88_A",2.62351392712929e-17
"47-48","89_A",0.263694873107584
"47-48","9_A",0.527389746215169
"47-48","90_A",0.263694873107584
"47-48","91_A",0.527389746215169
"47-48","92_A",5.55111512312578e-17
"47-48","93_A",0.498464940139004
"47-48","94_A",0.487090689021057
"47-48","95_A",0.489069483091665
"47-48","99_A",13.2973483737994
"48-49","10_A",23.8562236253161
"48-49","100_A",0.539161359689025
"48-49","11_A",0.681606389294747
"48-49","12_A",10.905702228716
"48-49","13_A",0.0239805655444631
"48-49","14_A",0.0552172927442473
"48-49","15_A",0.259259259259259
"48-49","17_A",0.148936170212766
"48-49","18_A",0.148936170212766
"48-49","19_A",0.42229757670995
"48-49","2_A",4.59344253493484
"48-49","20_A",1.32397913052227
"48-49","21_A",0.876460369029254
"48-49","22_A",1.75292073805851
"48-49","23_A",1.00095219188704
"48-49","24_A",0.660884603697821
"48-49","25_A",0.975159095892825
"48-49","26_A",0.777854679952164
"48-49","27_A",3.11141871980865
"48-49","28_A",0.500952645221731
"48-49","29_A",19.3618528999515
"48-49","3_A",0.750310148044
"48-49","30_A",0.481180186819391
"48-49","31_A",0.0300737616762119
"48-49","32_A",0.0813342964362941
"48-49","33_A",0.231534372187544
"48-49","34_A",0.457142857142857
"48-49","35_A",0.0673951699611281
"48-49","36_A",14.9076447310325
"48-49","37_A",0.747304889207135
"48-49","4_A",0.401137936606711
"48-49","40_A",16
"48-49","41_A",0.457142857142857
"48-49","42_A",0.812948094098154
"48-49","43_A",0.700591080064482
"48-49","45_A",0.700591080064482
"48-49","46_A",0
"48-49","47_A",0.705251221126997
"48-49","48_A",0.700591080064482
"48-49","49_A",0
"48-49","5_A",6.38228676973454
"48-49","51_A",0.350295540032241
"48-49","52_A",0.350295540032241
"48-49","53_A",4.70379775037056
"48-49","54_A",0.5198176092347
"48-49","55_A",0.27021034687048
"48-49","57_A",0.539161359689025
"48-49","58_A",2.33859444619226
"48-49","59_A",0.983474213309554
"48-49","6_A",2.30345639155008
"48-49","60_A",1.4142135623731
"48-49","61_A",1.07832271937805
"48-49","62_A",0.0673951699611281
"48-49","64_A",0.0673951699611281
"48-49","65_A",0.812948094098154
"48-49","66_1_A",1.07832271937805
"48-49","66_2_A",0.481180186819391
"48-49","66_3_A",0.432903420066088
"48-49","67_A",1
"48-49","68_A",0.544701205851589
"48-49","69_A",0.769580679844512
"48-49","7_A",107.832271937805
"48-49","75_A",0.00140079391044523
"48-49","77_A",0.0813342964362941
"48-49","81_A",0.827152283944295
"48-49","87_A",0.539161359689025
"48-49","88_A",0
"48-49","89_A",0.269580679844512
"48-49","9_A",0.539161359689025
"48-49","90_A",0.269580679844512
"48-49","91_A",0.539161359689025
"48-49","92_A",0
"48-49","93_A",0.544701205851589
"48-49","94_A",0.481180186819391
"48-49","95_A",0.540420693740959
"48-49","99_A",11.7285525681868
"49-50","10_A",24.8904066596377
"49-50","100_A",0.504862338974489
"49-50","11_A",0.711154475989649
"49-50","12_A",11.3784716158344
"49-50","13_A",0.029792055331601
"49-50","14_A",0.0685987424961983
"49-50","15_A",0.175386180153836
"49-50","17_A",0.0961223565480959
"49-50","18_A",0.0961223565480959
"49-50","19_A",0.338406163172518
"49-50","2_A",4.55905145091153
"49-50","20_A",1.15330856168091
"49-50","21_A",0.665060319223247
"49-50","22_A",1.33012063844649
"49-50","23_A",0.942824331090416
"49-50","24_A",0.467663433569917
"49-50","25_A",0.903213900929061
"49-50","26_A",0.790483327701387
"49-50","27_A",3.16193331080555
"49-50","28_A",0.444458859648045
"49-50","29_A",19.9956445239634
"49-50","3_A",0.674065420560748
"49-50","30_A",0.410836875312083
"49-50","31_A",0.0256773047070052
"49-50","32_A",0.0694441066338752
"49-50","33_A",0.168786938116196
"49-50","34_A",0.457142857142857
"49-50","35_A",0.0631077923718111
"49-50","36_A",17.0586016745773
"49-50","37_A",0.479961687234769
"49-50","4_A",0.266353442488799
"49-50","40_A",16
"49-50","41_A",0.457142857142857
"49-50","42_A",0.683859220578269
"49-50","43_A",0.670974780747766
"49-50","45_A",0.670974780747766
"49-50","46_A",2.42740724274557e-17
"49-50","47_A",0.639618939557115
"49-50","48_A",0.670974780747765
"49-50","49_A",7.37757199360664e-17
"49-50","5_A",6.65359688106273
"49-50","51_A",0.335487390373883
"49-50","52_A",0.335487390373883
"49-50","53_A",2.87321585517626
"49-50","54_A",0.443804832549284
"49-50","55_A",0.196962729394098
"49-50","57_A",0.504862338974488
"49-50","58_A",2.03816928438048
"49-50","59_A",0.937405262797406
"49-50","6_A",2.06050152465297
"49-50","60_A",1.41421356237309
"49-50","61_A",1.00972467794898
"49-50","62_A",0.0631077923718111
"49-50","64_A",0.0631077923718111
"49-50","65_A",0.683859220578269
"49-50","66_1_A",1.00972467794898
"49-50","66_2_A",0.410836875312083
"49-50","66_3_A",0.354187410886106
"49-50","67_A",1
"49-50","68_A",0.470176304387008
"49-50","69_A",0.752431169487244
"49-50","7_A",100.972467794898
"49-50","75_A",0.00516150842984575
"49-50","77_A",0.0694441066338752
"49-50","81_A",0.7802043805738
"49-50","87_A",0.504862338974489
"49-50","88_A",2.74856615814784e-17
"49-50","89_A",0.252431169487244
"49-50","9_A",0.504862338974489
"49-50","90_A",0.252431169487244
"49-50","91_A",0.504862338974489
"49-50","92_A",5.55111512312578e-17
"49-50","93_A",0.470176304387008
"49-50","94_A",0.410836875312083
"49-50","95_A",0.393925458788196
"49-50","99_A",12.3343706937582
"50-51","10_A",19.2418445812424
"50-51","100_A",0.307024057024057
"50-51","11_A",0.549766988035497
"50-51","12_A",8.24650482053246
"50-51","13_A",0.0199214568265561
"50-51","14_A",0.0458708495195525
"50-51","15_A",0.0563150074294202
"50-51","17_A",0.0289733200825625
"50-51","18_A",0.0289733200825625
"50-51","19_A",0.195054945054945
"50-51","2_A",3.88091201254833
"50-51","20_A",0.801223796675481
"50-51","21_A",0.320979786179536
"50-51","22_A",0.641959572359072
"50-51","23_A",0.595410139773045
"50-51","24_A",0.201695661768244
"50-51","25_A",0.585231419488981
"50-51","26_A",0.654304418889458
"50-51","27_A",2.53411011770879
"50-51","28_A",0.177256617272278
"50-51","29_A",12.8434281773481
"50-51","3_A",0.404551529551529
"50-51","30_A",0.282520995891051
"50-51","31_A",0.0188347330594034
"50-51","32_A",0.0477547643454919
"50-51","33_A",0.0798181131192714
"50-51","34_A",0.428571428571429
"50-51","35_A",0.0409365409365409
"50-51","36_A",12.7758647586947
"50-51","37_A",0.397123290262637
"50-51","4_A",0.106302993966703
"50-51","40_A",15
"50-51","41_A",0.428571428571429
"50-51","42_A",0.449105401624433
"50-51","43_A",0.46980628301994
"50-51","45_A",0.46980628301994
"50-51","46_A",2.25180733644301e-17
"50-51","47_A",0.302134138235816
"50-51","48_A",0.46980628301994
"50-51","49_A",4.24714074182003e-17
"50-51","5_A",4.2122423922796
"50-51","51_A",0.23490314150997
"50-51","52_A",0.23490314150997
"50-51","53_A",1.20016882895224
"50-51","54_A",0.299618369645543
"50-51","55_A",0.0897711674290531
"50-51","57_A",0.307024057024057
"50-51","58_A",0.885783517293183
"50-51","59_A",0.578386829910855
"50-51","6_A",2.85518989361127
"50-51","60_A",1.4142135623731
"50-51","61_A",0.614048114048114
"50-51","62_A",0.0409365409365409
"50-51","64_A",0.0409365409365409
"50-51","65_A",0.449105401624433
"50-51","66_1_A",0.614048114048114
"50-51","66_2_A",0.282520995891051
"50-51","66_3_A",0.244161530079787
"50-51","67_A",1
"50-51","68_A",0.177949356919092
"50-51","69_A",0.653512028512028
"50-51","7_A",61.4048114048114
"50-51","75_A",5.1255207310974e-05
"50-51","77_A",0.0477547643454919
"50-51","81_A",0.464059929563262
"50-51","87_A",0.307024057024057
"50-51","88_A",1.92339461850805e-17
"50-51","89_A",0.153512028512028
"50-51","9_A",0.307024057024057
"50-51","90_A",0.153512028512028
"50-51","91_A",0.307024057024057
"50-51","92_A",2.77555756156289e-17
"50-51","93_A",0.177949356919092
"50-51","94_A",0.282520995891051
"50-51","95_A",0.179542334858106
"50-51","99_A",9.57548806397491
"51-52","10_A",18.2330959640041
"51-52","100_A",0.207417582417582
"51-52","11_A",0.520945598971544
"51-52","12_A",7.81418398457317
"51-52","13_A",0.00038975525375206
"51-52","14_A",0.00089744463720561
"51-52","15_A",0.0766509433962264
"51-52","17_A",0.0398528510116493
"51-52","18_A",0.0398528510116493
"51-52","19_A",0.070054945054945
"51-52","2_A",3.81973566223774
"51-52","20_A",0.672307161325286
"51-52","21_A",0.225998459584632
"51-52","22_A",0.451996919169263
"51-52","23_A",0.262932557246729
"51-52","24_A",0.16236275852761
"51-52","25_A",0.281431894839418
"51-52","26_A",0.63130361694172
"51-52","27_A",2.44502839481579
"51-52","28_A",0.0345667648301521
"51-52","29_A",11.956327702911
"51-52","3_A",0.242445054945055
"51-52","30_A",0.135453769622209
"51-52","31_A",0.00903025130814729
"51-52","32_A",0.0228958659430453
"51-52","33_A",0.0183477237048666
"51-52","34_A",0.428571428571429
"51-52","35_A",0.0276556776556777
"51-52","36_A",10.8158916581891
"51-52","37_A",0.0475038959919232
"51-52","4_A",0.0846665420075178
"51-52","40_A",15
"51-52","41_A",0.428571428571429
"51-52","42_A",0.402942624361843
"51-52","43_A",0.343572241183163
"51-52","45_A",0.343572241183163
"51-52","46_A",0
"51-52","47_A",0.0745316859306493
"51-52","48_A",0.343572241183163
"51-52","49_A",0
"51-52","5_A",3.84048858010454
"51-52","51_A",0.171786120591581
"51-52","52_A",0.171786120591581
"51-52","53_A",1.08158385027833
"51-52","54_A",0.259147413413876
"51-52","55_A",0.0671573818791023
"51-52","57_A",0.207417582417582
"51-52","58_A",0.523238439826332
"51-52","59_A",0.405992013779788
"51-52","6_A",3.04650307983638
"51-52","60_A",1.41421356237309
"51-52","61_A",0.414835164835165
"51-52","62_A",0.0276556776556777
"51-52","64_A",0.0276556776556777
"51-52","65_A",0.402942624361843
"51-52","66_1_A",0.414835164835165
"51-52","66_2_A",0.135453769622209
"51-52","66_3_A",0.101270682911072
"51-52","67_A",1
"51-52","68_A",0.0387083419581865
"51-52","69_A",0.603708791208791
"51-52","7_A",41.4835164835165
"51-52","75_A",9.26955876900948e-06
"51-52","77_A",0.0228958659430453
"51-52","81_A",0.138724035608308
"51-52","87_A",0.207417582417582
"51-52","88_A",0
"51-52","89_A",0.103708791208791
"51-52","9_A",0.207417582417582
"51-52","90_A",0.103708791208791
"51-52","91_A",0.207417582417582
"51-52","92_A",0
"51-52","93_A",0.0387083419581865
"51-52","94_A",0.135453769622209
"51-52","95_A",0.134314763758205
"51-52","99_A",9.12552315589
"52-53","10_A",15.1413411934682
"52-53","100_A",0.272167487684729
"52-53","11_A",0.432609748384805
"52-53","12_A",6.48914622577208
"52-53","13_A",0.00365828230044201
"52-53","14_A",0.00842350629096176
"52-53","15_A",0.0758620689655172
"52-53","17_A",0.0394265232974911
"52-53","18_A",0.0394265232974911
"52-53","19_A",0.107266009852217
"52-53","2_A",3.76481334802757
"52-53","20_A",0.68827928976496
"52-53","21_A",0.236864190359679
"52-53","22_A",0.473728380719357
"52-53","23_A",0.358344295126093
"52-53","24_A",0.163216201750898
"52-53","25_A",0.374594232700199
"52-53","26_A",0.545808730991005
"52-53","27_A",2.11390812534277
"52-53","28_A",0.0642053169247082
"52-53","29_A",8.93721512478033
"52-53","3_A",0.325800492610837
"52-53","30_A",0.196990910245148
"52-53","31_A",0.0131327273496765
"52-53","32_A",0.033297541187306
"52-53","33_A",0.0388054187192118
"52-53","34_A",0.428571428571429
"52-53","35_A",0.0362889983579639
"52-53","36_A",8.87548846851473
"52-53","37_A",0.284421916657575
"52-53","4_A",0.085131074095381
"52-53","40_A",15
"52-53","41_A",0.428571428571429
"52-53","42_A",0.404000249691628
"52-53","43_A",0.427879961277832
"52-53","45_A",0.427879961277832
"52-53","46_A",2.49645131630734e-17
"52-53","47_A",0.171101216333623
"52-53","48_A",0.427879961277832
"52-53","49_A",4.36350966115986e-17
"52-53","5_A",2.86380193103417
"52-53","51_A",0.213939980638916
"52-53","52_A",0.213939980638916
"52-53","53_A",1.23439409561992
"52-53","54_A",0.26209378428571
"52-53","55_A",0.0686931517612042
"52-53","57_A",0.272167487684729
"52-53","58_A",0.747648678735633
"52-53","59_A",0.52599076059363
"52-53","6_A",3.27379036428454
"52-53","60_A",1.41421356237309
"52-53","61_A",0.544334975369458
"52-53","62_A",0.0362889983579639
"52-53","64_A",0.0362889983579639
"52-53","65_A",0.404000249691628
"52-53","66_1_A",0.544334975369458
"52-53","66_2_A",0.196990910245148
"52-53","66_3_A",0.150357139983931
"52-53","67_A",1
"52-53","68_A",0.0935542293874886
"52-53","69_A",0.636083743842364
"52-53","7_A",54.4334975369458
"52-53","75_A",5.45268162843726e-07
"52-53","77_A",0.033297541187306
"52-53","81_A",0.292205684610748
"52-53","87_A",0.272167487684729
"52-53","88_A",2.02014103310797e-17
"52-53","89_A",0.136083743842365
"52-53","9_A",0.272167487684729
"52-53","90_A",0.136083743842365
"52-53","91_A",0.272167487684729
"52-53","92_A",2.77555756156289e-17
"52-53","93_A",0.0935542293874886
"52-53","94_A",0.196990910245148
"52-53","95_A",0.137386303522408
"52-53","99_A",8.03088622767545
"53-54","10_A",22.4297358629401
"53-54","100_A",0.324700914848698
"53-54","11_A",0.640849596084002
"53-54","12_A",9.61274394126004
"53-54","13_A",0.00520525830212024
"53-54","14_A",0.0119855501716456
"53-54","15_A",0.234482758620689
"53-54","17_A",0.1328125
"53-54","18_A",0.1328125
"53-54","19_A",0.133708655876144
"53-54","2_A",3.33372218831176
"53-54","20_A",0.84584792040396
"53-54","21_A",0.357729352225852
"53-54","22_A",0.715458704451704
"53-54","23_A",0.348073479993831
"53-54","24_A",0.298825728033163
"53-54","25_A",0.369628880603656
"53-54","26_A",0.732879108219294
"53-54","27_A",2.83842858091667
"53-54","28_A",0.0605775737375081
"53-54","29_A",16.1133536179292
"53-54","3_A",0.39155524278677
"53-54","30_A",0.223493406464389
"53-54","31_A",0.0148995604309593
"53-54","32_A",0.0377772806754296
"53-54","33_A",0.0499493027330566
"53-54","34_A",0.428571428571429
"53-54","35_A",0.0432934553131597
"53-54","36_A",13.5752856815314
"53-54","37_A",0.161694251295581
"53-54","4_A",0.161828419738735
"53-54","40_A",15
"53-54","41_A",0.428571428571429
"53-54","42_A",0.546649547729771
"53-54","43_A",0.490225244368891
"53-54","45_A",0.490225244368891
"53-54","46_A",2.13619415798079e-17
"53-54","47_A",0.197063583081379
"53-54","48_A",0.490225244368891
"53-54","49_A",4.19046673924869e-17
"53-54","5_A",5.4020067649933
"53-54","51_A",0.245112622184445
"53-54","52_A",0.245112622184445
"53-54","53_A",2.2155570651135
"53-54","54_A",0.33609409060883
"53-54","55_A",0.112959237742176
"53-54","57_A",0.324700914848698
"53-54","58_A",0.961266351541167
"53-54","59_A",0.626008727759348
"53-54","6_A",2.59945463592332
"53-54","60_A",1.41421356237309
"53-54","61_A",0.649401829697396
"53-54","62_A",0.0432934553131597
"53-54","64_A",0.0432934553131597
"53-54","65_A",0.546649547729771
"53-54","66_1_A",0.649401829697396
"53-54","66_2_A",0.223493406464389
"53-54","66_3_A",0.172797316620611
"53-54","67_A",1
"53-54","68_A",0.109301460235729
"53-54","69_A",0.662350457424349
"53-54","7_A",64.9401829697396
"53-54","75_A",0.00027341303595962
"53-54","77_A",0.0377772806754296
"53-54","81_A",0.329244972224641
"53-54","87_A",0.324700914848698
"53-54","88_A",1.8743314821082e-17
"53-54","89_A",0.162350457424349
"53-54","9_A",0.324700914848698
"53-54","90_A",0.162350457424349
"53-54","91_A",0.324700914848698
"53-54","92_A",2.77555756156289e-17
"53-54","93_A",0.109301460235729
"53-54","94_A",0.223493406464389
"53-54","95_A",0.225918475484353
"53-54","99_A",10.7626397685511
"54-55","10_A",23.3954337855519
"54-55","100_A",0.321252638986629
"54-55","11_A",0.668440965301482
"54-55","12_A",7.3528506183163
"54-55","13_A",0.00383564903662184
"54-55","14_A",0.0088319082936824
"54-55","15_A",0.216666666666667
"54-55","17_A",0.121495327102804
"54-55","18_A",0.121495327102804
"54-55","19_A",0.118226600985222
"54-55","2_A",3.05710867012432
"54-55","20_A",0.87960849525957
"54-55","21_A",0.386855552466402
"54-55","22_A",0.773711104932805
"54-55","23_A",0.394731233881451
"54-55","24_A",0.315107843259372
"54-55","25_A",0.421212709173922
"54-55","26_A",0.74946605901471
"54-55","27_A",2.48569771085815
"54-55","28_A",0.0779063735007866
"54-55","29_A",12.3573862195309
"54-55","3_A",0.38036593947924
"54-55","30_A",0.221704476202651
"54-55","31_A",0.0201549523820591
"54-55","32_A",0.0374748962710055
"54-55","33_A",0.0491528747682916
"54-55","34_A",0.314285714285714
"54-55","35_A",0.0584095707248417
"54-55","36_A",9.39473104630863
"54-55","37_A",0.167335643087296
"54-55","4_A",0.171445620738177
"54-55","40_A",11
"54-55","41_A",0.314285714285714
"54-55","42_A",0.561344674205939
"54-55","43_A",0.486284953395473
"54-55","45_A",0.486284953395473
"54-55","46_A",2.1583240631185e-17
"54-55","47_A",0.180087438614699
"54-55","48_A",0.486284953395473
"54-55","49_A",4.20140324365472e-17
"54-55","5_A",4.0908385023158
"54-55","51_A",0.243142476697736
"54-55","52_A",0.243142476697736
"54-55","53_A",2.84322936204966
"54-55","54_A",0.347894773690398
"54-55","55_A",0.121030773561094
"54-55","57_A",0.321252638986629
"54-55","58_A",0.946200187003564
"54-55","59_A",0.619296948571152
"54-55","6_A",2.8335586530138
"54-55","60_A",1.4142135623731
"54-55","61_A",0.642505277973258
"54-55","62_A",0.0584095707248417
"54-55","64_A",0.0584095707248417
"54-55","65_A",0.561344674205939
"54-55","66_1_A",0.642505277973258
"54-55","66_2_A",0.221704476202651
"54-55","66_3_A",0.163899875785398
"54-55","67_A",1
"54-55","68_A",0.0989538961573068
"54-55","69_A",0.660626319493315
"54-55","7_A",64.2505277973258
"54-55","75_A",0.0012000856566714
"54-55","77_A",0.0374748962710055
"54-55","81_A",0.305210330560087
"54-55","87_A",0.321252638986629
"54-55","88_A",1.88390237025152e-17
"54-55","89_A",0.160626319493315
"54-55","9_A",0.321252638986629
"54-55","90_A",0.160626319493315
"54-55","91_A",0.321252638986629
"54-55","92_A",2.77555756156289e-17
"54-55","93_A",0.0989538961573069
"54-55","94_A",0.221704476202651
"54-55","95_A",0.242061547122187
"54-55","99_A",8.17308233638283
"55-56","10_A",23.6523237824853
"55-56","100_A",0.397190293742018
"55-56","11_A",0.67578067949958
"55-56","12_A",8.78514883349454
"55-56","13_A",0.00777154258036798
"55-56","14_A",0.0178946380951238
"55-56","15_A",0.235867446393762
"55-56","17_A",0.133701657458564
"55-56","18_A",0.133701657458564
"55-56","19_A",0.189655172413793
"55-56","2_A",2.84634309916637
"55-56","20_A",0.953448966684889
"55-56","21_A",0.454532466036241
"55-56","22_A",0.909064932072482
"55-56","23_A",0.527661057540471
"55-56","24_A",0.366290417144511
"55-56","25_A",0.529772848470285
"55-56","26_A",0.748250401246948
"55-56","27_A",2.69785518858238
"55-56","28_A",0.139213095822364
"55-56","29_A",14.5568452371217
"55-56","3_A",0.492017879948914
"55-56","30_A",0.282018682714379
"55-56","31_A",0.021693744824183
"55-56","32_A",0.0476698579217977
"55-56","33_A",0.0795345373999534
"55-56","34_A",0.371428571428571
"55-56","35_A",0.0611061990372335
"55-56","36_A",11.4107856006364
"55-56","37_A",0.223622453807507
"55-56","4_A",0.20229393378924
"55-56","40_A",13
"55-56","41_A",0.371428571428571
"55-56","42_A",0.605219313261326
"55-56","43_A",0.568555758683729
"55-56","45_A",0.568555758683729
"55-56","46_A",1.71415208327986e-17
"55-56","47_A",0.275067992409953
"55-56","48_A",0.568555758683729
"55-56","49_A",3.97305588794103e-17
"55-56","5_A",4.83350249013596
"55-56","51_A",0.284277879341865
"55-56","52_A",0.284277879341865
"55-56","53_A",3.08702712263047
"55-56","54_A",0.375809555607484
"55-56","55_A",0.141232822085894
"55-56","57_A",0.397190293742018
"55-56","58_A",1.31718478899759
"55-56","59_A",0.757763889418689
"55-56","6_A",2.58702178219718
"55-56","60_A",1.41421356237309
"55-56","61_A",0.794380587484036
"55-56","62_A",0.0611061990372335
"55-56","64_A",0.0611061990372335
"55-56","65_A",0.605219313261326
"55-56","66_1_A",0.794380587484036
"55-56","66_2_A",0.282018682714379
"55-56","66_3_A",0.21920970703861
"55-56","67_A",1
"55-56","68_A",0.159465991238842
"55-56","69_A",0.698595146871009
"55-56","7_A",79.4380587484036
"55-56","75_A",0.00134681236231982
"55-56","77_A",0.0476698579217977
"55-56","81_A",0.431456195351682
"55-56","87_A",0.397190293742018
"55-56","88_A",1.67313303838785e-17
"55-56","89_A",0.198595146871009
"55-56","9_A",0.397190293742018
"55-56","90_A",0.198595146871009
"55-56","91_A",0.397190293742018
"55-56","92_A",2.77555756156289e-17
"55-56","93_A",0.159465991238842
"55-56","94_A",0.282018682714379
"55-56","95_A",0.282465644171789
"55-56","99_A",9.86412303107705
"56-57","10_A",29.5328282828283
"56-57","100_A",0.555555555555556
"56-57","11_A",0.843795093795094
"56-57","12_A",10.1255411255411
"56-57","13_A",0.0233743519041941
"56-57","14_A",0.0538214342529943
"56-57","15_A",0.368231046931408
"56-57","17_A",0.225663716814159
"56-57","18_A",0.225663716814159
"56-57","19_A",0.25
"56-57","2_A",4.02198521508013
"56-57","20_A",1.28089524969556
"56-57","21_A",0.82034632034632
"56-57","22_A",1.64069264069264
"56-57","23_A",0.823784958297651
"56-57","24_A",0.682071019942821
"56-57","25_A",0.819751866340511
"56-57","26_A",0.8864708859347
"56-57","27_A",3.07082522773899
"56-57","28_A",0.339310828758731
"56-57","29_A",18.8599351586365
"56-57","3_A",0.680555555555556
"56-57","30_A",0.426177461957965
"56-57","31_A",0.0355147884964971
"56-57","32_A",0.0720371390486349
"56-57","33_A",0.181627229080933
"56-57","34_A",0.342857142857143
"56-57","35_A",0.0925925925925926
"56-57","36_A",14.343366150068
"56-57","37_A",0.475687892759343
"56-57","4_A",0.417085630561824
"56-57","40_A",12
"56-57","41_A",0.342857142857143
"56-57","42_A",0.82587591074133
"56-57","43_A",0.714285714285714
"56-57","45_A",0.714285714285714
"56-57","46_A",0
"56-57","47_A",0.516329514989033
"56-57","48_A",0.714285714285714
"56-57","49_A",0
"56-57","5_A",6.38594290757451
"56-57","51_A",0.357142857142857
"56-57","52_A",0.357142857142857
"56-57","53_A",5.28522605379797
"56-57","54_A",0.512223693084299
"56-57","55_A",0.262373111756918
"56-57","57_A",0.555555555555556
"56-57","58_A",2.49825746541787
"56-57","59_A",1.03081523531291
"56-57","6_A",1.98234240979742
"56-57","60_A",1.41421356237309
"56-57","61_A",1.11111111111111
"56-57","62_A",0.0925925925925926
"56-57","64_A",0.0925925925925926
"56-57","65_A",0.82587591074133
"56-57","66_1_A",1.11111111111111
"56-57","66_2_A",0.426177461957965
"56-57","66_3_A",0.332387579819662
"56-57","67_A",1
"56-57","68_A",0.348008213552361
"56-57","69_A",0.777777777777778
"56-57","7_A",111.111111111111
"56-57","75_A",0.0258200054215234
"56-57","77_A",0.0720371390486349
"56-57","81_A",0.681025476171341
"56-57","87_A",0.555555555555556
"56-57","88_A",0
"56-57","89_A",0.277777777777778
"56-57","9_A",0.555555555555555
"56-57","90_A",0.277777777777778
"56-57","91_A",0.555555555555556
"56-57","92_A",0
"56-57","93_A",0.348008213552361
"56-57","94_A",0.426177461957965
"56-57","95_A",0.524746223513836
"56-57","99_A",10.6111111111111
"57-58","10_A",30.8176894237212
"57-58","100_A",0.576446280991736
"57-58","11_A",0.880505412106319
"57-58","12_A",11.4465703573821
"57-58","13_A",0.0182056642916649
"57-58","14_A",0.0419200912060415
"57-58","15_A",0.469387755102041
"57-58","17_A",0.306666666666667
"57-58","18_A",0.306666666666667
"57-58","19_A",0.241735537190083
"57-58","2_A",4.29135971078558
"57-58","20_A",1.35402726768069
"57-58","21_A",0.916694920811416
"57-58","22_A",1.83338984162283
"57-58","23_A",0.830008191344229
"57-58","24_A",0.816184509975425
"57-58","25_A",0.832709144012598
"57-58","26_A",0.920355343884581
"57-58","27_A",3.31838838402315
"57-58","28_A",0.34445679884926
"57-58","29_A",22.0234029344395
"57-58","3_A",0.697314049586777
"57-58","30_A",0.415589813528188
"57-58","31_A",0.031968447194476
"57-58","32_A",0.0702474998250358
"57-58","33_A",0.172714893108394
"57-58","34_A",0.371428571428571
"57-58","35_A",0.0886840432294978
"57-58","36_A",16.087308191322
"57-58","37_A",0.425878053002622
"57-58","4_A",0.524404492369735
"57-58","40_A",13
"57-58","41_A",0.371428571428571
"57-58","42_A",0.903429305466357
"57-58","43_A",0.73132372214941
"57-58","45_A",0.73132372214941
"57-58","46_A",0
"57-58","47_A",0.51730883565716
"57-58","48_A",0.73132372214941
"57-58","49_A",0
"57-58","5_A",7.55170683487396
"57-58","51_A",0.365661861074705
"57-58","52_A",0.365661861074705
"57-58","53_A",7.44905062509074
"57-58","54_A",0.550087282633231
"57-58","55_A",0.302596018514812
"57-58","57_A",0.576446280991735
"57-58","58_A",2.71989630468454
"57-58","59_A",1.07575344533461
"57-58","6_A",1.16608377046907
"57-58","60_A",1.41421356237309
"57-58","61_A",1.15289256198347
"57-58","62_A",0.0886840432294978
"57-58","64_A",0.0886840432294978
"57-58","65_A",0.903429305466357
"57-58","66_1_A",1.15289256198347
"57-58","66_2_A",0.415589813528188
"57-58","66_3_A",0.3169952291725
"57-58","67_A",1
"57-58","68_A",0.348898575844986
"57-58","69_A",0.788223140495868
"57-58","7_A",115.289256198347
"57-58","75_A",0.166101924640824
"57-58","77_A",0.0702474998250358
"57-58","81_A",0.681876785398286
"57-58","87_A",0.576446280991736
"57-58","88_A",0
"57-58","89_A",0.288223140495868
"57-58","9_A",0.576446280991735
"57-58","90_A",0.288223140495868
"57-58","91_A",0.576446280991736
"57-58","92_A",0
"57-58","93_A",0.348898575844986
"57-58","94_A",0.415589813528188
"57-58","95_A",0.605192037029624
"57-58","99_A",11.775083369581
"58-59","10_A",33.1753384803256
"58-59","100_A",0.80137741046832
"58-59","11_A",0.947866813723589
"58-59","12_A",14.2180022058538
"58-59","13_A",0.0523718853345711
"58-59","14_A",0.120590722463377
"58-59","15_A",0.496456086286595
"58-59","17_A",0.330190612830498
"58-59","18_A",0.330190612830498
"58-59","19_A",0.448852157943067
"58-59","2_A",5.73762309411084
"58-59","20_A",1.64808299737479
"58-59","21_A",1.35808878311794
"58-59","22_A",2.71617756623588
"58-59","23_A",1.17631457154786
"58-59","24_A",1.10803777292784
"58-59","25_A",1.15449180994633
"58-59","26_A",0.955624838532352
"58-59","27_A",3.70111908485795
"58-59","28_A",0.691857985617907
"58-59","29_A",27.3965649605995
"58-59","3_A",1.02580348943985
"58-59","30_A",0.72147591003574
"58-59","31_A",0.0480983940023827
"58-59","32_A",0.121951687010167
"58-59","33_A",0.520527488761899
"58-59","34_A",0.428571428571429
"58-59","35_A",0.106850321395776
"58-59","36_A",22.0652508047045
"58-59","37_A",0.79812137087571
"58-59","4_A",0.807478674190366
"58-59","40_A",15
"58-59","41_A",0.428571428571429
"58-59","42_A",1.05263373161221
"58-59","43_A",0.889738492124178
"58-59","45_A",0.889738492124178
"58-59","46_A",0
"58-59","47_A",0.824930184792909
"58-59","48_A",0.889738492124178
"58-59","49_A",0
"58-59","5_A",9.30543709522117
"58-59","51_A",0.444869246062089
"58-59","52_A",0.444869246062089
"58-59","53_A",8.77748802793052
"58-59","54_A",0.657021274184604
"58-59","55_A",0.431676954731161
"58-59","57_A",0.80137741046832
"58-59","58_A",8.05636854687371
"58-59","59_A",1.3955949358325
"58-59","6_A",0.557154633859436
"58-59","60_A",1.41421356237309
"58-59","61_A",1.60275482093664
"58-59","62_A",0.106850321395776
"58-59","64_A",0.106850321395776
"58-59","65_A",1.05263373161221
"58-59","66_1_A",1.60275482093664
"58-59","66_2_A",0.72147591003574
"58-59","66_3_A",0.59278233585788
"58-59","67_A",1
"58-59","68_A",0.702026529927948
"58-59","69_A",0.90068870523416
"58-59","7_A",160.275482093664
"58-59","75_A",0.380717136687823
"58-59","77_A",0.121951687010167
"58-59","81_A",0.904067664250423
"58-59","87_A",0.80137741046832
"58-59","88_A",0
"58-59","89_A",0.40068870523416
"58-59","9_A",0.80137741046832
"58-59","90_A",0.40068870523416
"58-59","91_A",0.80137741046832
"58-59","92_A",0
"58-59","93_A",0.702026529927948
"58-59","94_A",0.72147591003574
"58-59","95_A",0.863353909462321
"58-59","99_A",14.527961701008
"59-60","10_A",25.5062004440952
"59-60","100_A",0.495625546806649
"59-60","11_A",0.728748584117005
"59-60","12_A",9.47373159352107
"59-60","13_A",0.0252016242615277
"59-60","14_A",0.0580288843438306
"59-60","15_A",0.42291120269764
"59-60","17_A",0.268159410821405
"59-60","18_A",0.268159410821405
"59-60","19_A",0.322222222222222
"59-60","2_A",4.78121794167305
"59-60","20_A",1.24460222770525
"59-60","21_A",0.774517352604431
"59-60","22_A",1.54903470520886
"59-60","23_A",0.685784353989336
"59-60","24_A",0.676982523261105
"59-60","25_A",0.734284289449491
"59-60","26_A",0.806882613585181
"59-60","27_A",2.90925663656177
"59-60","28_A",0.235150090088285
"59-60","29_A",16.9275483547574
"59-60","3_A",0.65673665791776
"59-60","30_A",0.439492253767569
"59-60","31_A",0.0338070964436591
"59-60","32_A",0.0742877496383771
"59-60","33_A",0.193153441121697
"59-60","34_A",0.371428571428571
"59-60","35_A",0.0762500841240999
"59-60","36_A",13.3428965317608
"59-60","37_A",0.43665771404164
"59-60","4_A",0.41323208558324
"59-60","40_A",13
"59-60","41_A",0.371428571428571
"59-60","42_A",0.822789476877959
"59-60","43_A",0.662766890903773
"59-60","45_A",0.662766890903773
"59-60","46_A",0
"59-60","47_A",0.41982342219787
"59-60","48_A",0.662766890903773
"59-60","49_A",0
"59-60","5_A",5.67113061795855
"59-60","51_A",0.331383445451886
"59-60","52_A",0.331383445451887
"59-60","53_A",6.35394923416214
"59-60","54_A",0.502391853954471
"59-60","55_A",0.25239757491981
"59-60","57_A",0.495625546806649
"59-60","58_A",1.96417854941236
"59-60","59_A",0.908024473788036
"59-60","6_A",2.40780938038499
"59-60","60_A",1.41421356237309
"59-60","61_A",0.991251093613298
"59-60","62_A",0.0762500841240999
"59-60","64_A",0.0762500841240999
"59-60","65_A",0.822789476877959
"59-60","66_1_A",0.991251093613298
"59-60","66_2_A",0.439492253767569
"59-60","66_3_A",0.36389671522592
"59-60","67_A",1
"59-60","68_A",0.265681334665651
"59-60","69_A",0.747812773403325
"59-60","7_A",99.1251093613298
"59-60","75_A",0.00327815219524963
"59-60","77_A",0.0742877496383771
"59-60","81_A",0.591374132352301
"59-60","87_A",0.495625546806649
"59-60","88_A",0
"59-60","89_A",0.247812773403325
"59-60","9_A",0.495625546806649
"59-60","90_A",0.247812773403325
"59-60","91_A",0.495625546806649
"59-60","92_A",0
"59-60","93_A",0.265681334665651
"59-60","94_A",0.439492253767569
"59-60","95_A",0.50479514983962
"59-60","99_A",10.2001340110264
"60-61","10_A",23.3909242167081
"60-61","100_A",0.437757780277465
"60-61","11_A",0.668312120477375
"60-61","12_A",8.68805756620587
"60-61","13_A",0.0196648050070121
"60-61","14_A",0.0452798868657809
"60-61","15_A",0.146576117713639
"60-61","17_A",0.0790839694656489
"60-61","18_A",0.0790839694656489
"60-61","19_A",0.290213723284589
"60-61","2_A",4.78100815510467
"60-61","20_A",1.08261948343555
"60-61","21_A",0.586032472957126
"60-61","22_A",1.17206494591425
"60-61","23_A",0.773372416565861
"60-61","24_A",0.419208062945301
"60-61","25_A",0.747442027947589
"60-61","26_A",0.754982951129644
"60-61","27_A",2.72212974239906
"60-61","28_A",0.29905244735246
"60-61","29_A",14.8199806689071
"60-61","3_A",0.58286464191976
"60-61","30_A",0.36666150762191
"60-61","31_A",0.0282047313555315
"60-61","32_A",0.0619771066423659
"60-61","33_A",0.134440661171572
"60-61","34_A",0.371428571428571
"60-61","35_A",0.0673473508119177
"60-61","36_A",12.6538881271077
"60-61","37_A",0.632585034614923
"60-61","4_A",0.235221233108868
"60-61","40_A",13
"60-61","41_A",0.371428571428571
"60-61","42_A",0.647462788849908
"60-61","43_A",0.608945103664102
"60-61","45_A",0.608945103664102
"60-61","46_A",1.50984455017427e-17
"60-61","47_A",0.487460624487535
"60-61","48_A",0.608945103664102
"60-61","49_A",3.86095293607418e-17
"60-61","5_A",4.85288292791436
"60-61","51_A",0.304472551832051
"60-61","52_A",0.304472551832051
"60-61","53_A",2.66897309157881
"60-61","54_A",0.418898121443317
"60-61","55_A",0.17547563614874
"60-61","57_A",0.437757780277465
"60-61","58_A",1.55643829566367
"60-61","59_A",0.81659936801682
"60-61","6_A",2.92970575907249
"60-61","60_A",1.4142135623731
"60-61","61_A",0.875515560554931
"60-61","62_A",0.0673473508119177
"60-61","64_A",0.0673473508119177
"60-61","65_A",0.647462788849908
"60-61","66_1_A",0.875515560554931
"60-61","66_2_A",0.36666150762191
"60-61","66_3_A",0.309471864379058
"60-61","67_A",1
"60-61","68_A",0.322279626156759
"60-61","69_A",0.718878890138733
"60-61","7_A",87.5515560554931
"60-61","75_A",0.0001643594033831
"60-61","77_A",0.0619771066423659
"60-61","81_A",0.65542659276171
"60-61","87_A",0.437757780277465
"60-61","88_A",1.56053564438079e-17
"60-61","89_A",0.218878890138733
"60-61","9_A",0.437757780277465
"60-61","90_A",0.218878890138733
"60-61","91_A",0.437757780277465
"60-61","92_A",2.77555756156289e-17
"60-61","93_A",0.322279626156759
"60-61","94_A",0.36666150762191
"60-61","95_A",0.35095127229748
"60-61","99_A",9.56636486456509
"61-62","10_A",22.5625530786923
"61-62","100_A",0.417582417582418
"61-62","11_A",0.644644373676923
"61-62","12_A",6.44644373676923
"61-62","13_A",0.0134534678140636
"61-62","14_A",0.030977754437738
"61-62","15_A",0.389830508474576
"61-62","17_A",0.242105263157895
"61-62","18_A",0.242105263157895
"61-62","19_A",0.17032967032967
"61-62","2_A",1.86916654004124
"61-62","20_A",1.04691625372653
"61-62","21_A",0.548016821158399
"61-62","22_A",1.0960336423168
"61-62","23_A",0.644168661725633
"61-62","24_A",0.49292010399828
"61-62","25_A",0.645776860319252
"61-62","26_A",0.741389465680773
"61-62","27_A",2.34447934480648
"61-62","28_A",0.207476632374696
"61-62","29_A",10.9931667964484
"61-62","3_A",0.502747252747253
"61-62","30_A",0.300399801580313
"61-62","31_A",0.0300399801580313
"61-62","32_A",0.0507768340850407
"61-62","33_A",0.0902400407894913
"61-62","34_A",0.285714285714286
"61-62","35_A",0.0835164835164835
"61-62","36_A",6.97649583607638
"61-62","37_A",0.167367725004596
"61-62","4_A",0.282973245730525
"61-62","40_A",10
"61-62","41_A",0.285714285714286
"61-62","42_A",0.702082690285325
"61-62","43_A",0.589147286821705
"61-62","45_A",0.589147286821705
"61-62","46_A",3.21771867542043e-17
"61-62","47_A",0.369705631751093
"61-62","48_A",0.589147286821705
"61-62","49_A",7.83180583262707e-17
"61-62","5_A",3.72246189424122
"61-62","51_A",0.294573643410853
"61-62","52_A",0.294573643410853
"61-62","53_A",4.42668409598237
"61-62","54_A",0.423716476527824
"61-62","55_A",0.179535652481154
"61-62","57_A",0.417582417582418
"61-62","58_A",1.43322401857157
"61-62","59_A",0.793503980381772
"61-62","6_A",2.84671549347668
"61-62","60_A",1.4142135623731
"61-62","61_A",0.835164835164835
"61-62","62_A",0.0835164835164835
"61-62","64_A",0.0835164835164835
"61-62","65_A",0.702082690285325
"61-62","66_1_A",0.835164835164835
"61-62","66_2_A",0.300399801580313
"61-62","66_3_A",0.225407206969322
"61-62","67_A",1
"61-62","68_A",0.22677231728905
"61-62","69_A",0.708791208791209
"61-62","7_A",83.5164835164835
"61-62","75_A",0.00207003622563395
"61-62","77_A",0.0507768340850407
"61-62","81_A",0.539832243046916
"61-62","87_A",0.417582417582418
"61-62","88_A",3.2330670497326e-17
"61-62","89_A",0.208791208791209
"61-62","9_A",0.417582417582418
"61-62","90_A",0.208791208791209
"61-62","91_A",0.417582417582418
"61-62","92_A",5.55111512312578e-17
"61-62","93_A",0.22677231728905
"61-62","94_A",0.300399801580313
"61-62","95_A",0.359071304962308
"61-62","99_A",7.17728937728938
"62-63","10_A",27.7897078338559
"62-63","100_A",0.562611806797853
"62-63","11_A",0.793991652395882
"62-63","12_A",12.7038664383341
"62-63","13_A",0.0224577738147227
"62-63","14_A",0.0517109352076124
"62-63","15_A",0.488372093023256
"62-63","17_A",0.323076923076923
"62-63","18_A",0.323076923076923
"62-63","19_A",0.349731663685152
"62-63","2_A",3.78852739508049
"62-63","20_A",1.3453832160167
"62-63","21_A",0.905027998969724
"62-63","22_A",1.81005599793945
"62-63","23_A",0.989650726450791
"62-63","24_A",0.742747031246374
"62-63","25_A",0.970119725663602
"62-63","26_A",0.850708016344008
"62-63","27_A",3.40283206537603
"62-63","28_A",0.489704280182289
"62-63","29_A",23.1585321303026
"62-63","3_A",0.737477638640429
"62-63","30_A",0.43545691986915
"62-63","31_A",0.0272160574918218
"62-63","32_A",0.0736056537156773
"62-63","33_A",0.189622729061927
"62-63","34_A",0.457142857142857
"62-63","35_A",0.0703264758497317
"62-63","36_A",17.7039066758906
"62-63","37_A",0.397791905865224
"62-63","4_A",0.464218023185478
"62-63","40_A",16
"62-63","41_A",0.457142857142857
"62-63","42_A",0.861827727127861
"62-63","43_A",0.720091585575272
"62-63","45_A",0.720091585575272
"62-63","46_A",1.98872659945833e-17
"62-63","47_A",0.6816701946528
"62-63","48_A",0.720091585575272
"62-63","49_A",7.10491895552905e-17
"62-63","5_A",7.80068049510094
"62-63","51_A",0.360045792787636
"62-63","52_A",0.360045792787636
"62-63","53_A",6.73413893599531
"62-63","54_A",0.535850247120996
"62-63","55_A",0.287135487339632
"62-63","57_A",0.562611806797853
"62-63","58_A",2.57089256689562
"62-63","59_A",1.04404987180234
"62-63","6_A",2.04859583788441
"62-63","60_A",1.4142135623731
"62-63","61_A",1.12522361359571
"62-63","62_A",0.0703264758497317
"62-63","64_A",0.0703264758497317
"62-63","65_A",0.861827727127861
"62-63","66_1_A",1.12522361359571
"62-63","66_2_A",0.43545691986915
"62-63","66_3_A",0.369291117663923
"62-63","67_A",1
"62-63","68_A",0.517071063619982
"62-63","69_A",0.781305903398927
"62-63","7_A",112.522361359571
"62-63","75_A",0.00493358633776086
"62-63","77_A",0.0736056537156773
"62-63","81_A",0.81070616202904
"62-63","87_A",0.562611806797853
"62-63","88_A",2.4279922139611e-17
"62-63","89_A",0.281305903398927
"62-63","9_A",0.562611806797853
"62-63","90_A",0.281305903398927
"62-63","91_A",0.562611806797853
"62-63","92_A",5.55111512312578e-17
"62-63","93_A",0.517071063619982
"62-63","94_A",0.43545691986915
"62-63","95_A",0.574270974679264
"62-63","99_A",13.4605041053163
"63-64","10_A",17.7183268265255
"63-64","100_A",0.433668076109937
"63-64","11_A",0.506237909329299
"63-64","12_A",8.09980654926878
"63-64","13_A",0.0165805091310862
"63-64","14_A",0.0381780331594907
"63-64","15_A",0.0697674418604652
"63-64","17_A",0.036144578313253
"63-64","18_A",0.036144578313253
"63-64","19_A",0.18683932346723
"63-64","2_A",3.78600626951013
"63-64","20_A",0.994431630503122
"63-64","21_A",0.494447133872549
"63-64","22_A",0.988894267745098
"63-64","23_A",0.834672843751815
"63-64","24_A",0.309177530006235
"63-64","25_A",0.81270190775382
"63-64","26_A",0.585288548044128
"63-64","27_A",2.34115419217651
"63-64","28_A",0.348339378048371
"63-64","29_A",10.9620059030913
"63-64","3_A",0.527087737843552
"63-64","30_A",0.306300699171223
"63-64","31_A",0.0191437936982015
"63-64","32_A",0.0517742678261757
"63-64","33_A",0.0938201183127802
"63-64","34_A",0.457142857142857
"63-64","35_A",0.0542085095137421
"63-64","36_A",9.86768426773444
"63-64","37_A",0.469816771634505
"63-64","4_A",0.167932101374372
"63-64","40_A",16
"63-64","41_A",0.457142857142857
"63-64","42_A",0.55603734587367
"63-64","43_A",0.604976958525346
"63-64","45_A",0.604976958525346
"63-64","46_A",0
"63-64","47_A",0.518637513773035
"63-64","48_A",0.604976958525346
"63-64","49_A",0
"63-64","5_A",3.40490029817513
"63-64","51_A",0.302488479262673
"63-64","52_A",0.302488479262673
"63-64","53_A",1.54451652467783
"63-64","54_A",0.372590202731409
"63-64","55_A",0.138823459171433
"63-64","57_A",0.433668076109937
"63-64","58_A",1.53090319818272
"63-64","59_A",0.824388296022772
"63-64","6_A",3.17715813660186
"63-64","60_A",1.4142135623731
"63-64","61_A",0.867336152219873
"63-64","62_A",0.0542085095137421
"63-64","64_A",0.0542085095137421
"63-64","65_A",0.55603734587367
"63-64","66_1_A",0.867336152219873
"63-64","66_2_A",0.306300699171223
"63-64","66_3_A",0.236689766060902
"63-64","67_A",1
"63-64","68_A",0.350108443136026
"63-64","69_A",0.716834038054968
"63-64","7_A",86.7336152219873
"63-64","75_A",3.79316982934697e-07
"63-64","77_A",0.0517742678261757
"63-64","81_A",0.683030030628556
"63-64","87_A",0.433668076109937
"63-64","88_A",0
"63-64","89_A",0.216834038054968
"63-64","9_A",0.433668076109937
"63-64","90_A",0.216834038054968
"63-64","91_A",0.433668076109937
"63-64","92_A",0
"63-64","93_A",0.350108443136026
"63-64","94_A",0.306300699171223
"63-64","95_A",0.277646918342865
"63-64","99_A",9.97520941930367
"64-65","10_A",13.4652755903917
"64-65","100_A",0.357954545454545
"64-65","11_A",0.384722159725477
"64-65","12_A",5.38611023615668
"64-65","13_A",0.0202811873320402
"64-65","14_A",0.0466991596189755
"64-65","15_A",0.0200913242009133
"64-65","17_A",0.0101476014760147
"64-65","18_A",0.0101476014760147
"64-65","19_A",0.159902597402597
"64-65","2_A",3.51370258834837
"64-65","20_A",0.81931454293242
"64-65","21_A",0.33563816013028
"64-65","22_A",0.67127632026056
"64-65","23_A",0.73562295364691
"64-65","24_A",0.193441776350181
"64-65","25_A",0.708860791835418
"64-65","26_A",0.4961257036942
"64-65","27_A",1.85633240399582
"64-65","28_A",0.270570564966102
"64-65","29_A",6.89193998824982
"64-65","3_A",0.437905844155844
"64-65","30_A",0.277915250553353
"64-65","31_A",0.0198510893252395
"64-65","32_A",0.0469762512918217
"64-65","33_A",0.0772368864901332
"64-65","34_A",0.4
"64-65","35_A",0.0511363636363636
"64-65","36_A",7.21712583267166
"64-65","37_A",0.416071068319175
"64-65","4_A",0.101723679388064
"64-65","40_A",14
"64-65","41_A",0.4
"64-65","42_A",0.439820163646667
"64-65","43_A",0.527196652719665
"64-65","45_A",0.527196652719665
"64-65","46_A",1.93274938409211e-17
"64-65","47_A",0.425932654158613
"64-65","48_A",0.527196652719665
"64-65","49_A",4.08785046723907e-17
"64-65","5_A",2.15242240835802
"64-65","51_A",0.263598326359833
"64-65","52_A",0.263598326359833
"64-65","53_A",0.900652236598962
"64-65","54_A",0.301271262723076
"64-65","55_A",0.0907643737427569
"64-65","57_A",0.357954545454545
"64-65","58_A",1.11464494842909
"64-65","59_A",0.680258631625981
"64-65","6_A",3.51505748836268
"64-65","60_A",1.4142135623731
"64-65","61_A",0.715909090909091
"64-65","62_A",0.0511363636363636
"64-65","64_A",0.0511363636363636
"64-65","65_A",0.439820163646667
"64-65","66_1_A",0.715909090909091
"64-65","66_2_A",0.277915250553353
"64-65","66_3_A",0.214051277619886
"64-65","67_A",1
"64-65","68_A",0.270593666328132
"64-65","69_A",0.678977272727273
"64-65","7_A",71.5909090909091
"64-65","75_A",1.94399953690194e-07
"64-65","77_A",0.0469762512918217
"64-65","81_A",0.597409215528399
"64-65","87_A",0.357954545454545
"64-65","88_A",1.78203411623072e-17
"64-65","89_A",0.178977272727273
"64-65","9_A",0.357954545454545
"64-65","90_A",0.178977272727273
"64-65","91_A",0.357954545454545
"64-65","92_A",2.77555756156289e-17
"64-65","93_A",0.270593666328132
"64-65","94_A",0.277915250553354
"64-65","95_A",0.181528747485514
"64-65","99_A",6.83764963297572
"65-66","10_A",18.6402759227908
"65-66","100_A",0.456588669950739
"65-66","11_A",0.532579312079738
"65-66","12_A",7.98868968119606
"65-66","13_A",0.0254718595616991
"65-66","14_A",0.0586511241176061
"65-66","15_A",0.0258660508083139
"65-66","17_A",0.013102480112307
"65-66","18_A",0.013102480112307
"65-66","19_A",0.179495073891626
"65-66","2_A",4.7933479400322
"65-66","20_A",1.02799087905821
"65-66","21_A",0.528382623713435
"65-66","22_A",1.05676524742687
"65-66","23_A",0.914516347785429
"65-66","24_A",0.310309439231151
"65-66","25_A",0.884957024948242
"65-66","26_A",0.615455960020586
"65-66","27_A",2.38365068348383
"65-66","28_A",0.4181700751834
"65-66","29_A",11.3635811617458
"65-66","3_A",0.546336206896552
"65-66","30_A",0.338023341527057
"65-66","31_A",0.0225348894351372
"65-66","32_A",0.0571363730578286
"65-66","33_A",0.114259779417118
"65-66","34_A",0.428571428571429
"65-66","35_A",0.0608784893267652
"65-66","36_A",11.1350824039393
"65-66","37_A",0.487983695514957
"65-66","4_A",0.168601768526615
"65-66","40_A",15
"65-66","41_A",0.428571428571429
"65-66","42_A",0.55705425160495
"65-66","43_A",0.626928767702389
"65-66","45_A",0.626928767702388
"65-66","46_A",0
"65-66","47_A",0.590135105230897
"65-66","48_A",0.626928767702388
"65-66","49_A",0
"65-66","5_A",3.52050206654072
"65-66","51_A",0.313464383851194
"65-66","52_A",0.313464383851194
"65-66","53_A",1.45322631256324
"65-66","54_A",0.380666057608825
"65-66","55_A",0.144906647415445
"65-66","57_A",0.456588669950739
"65-66","58_A",1.67974230329164
"65-66","59_A",0.861010834797357
"65-66","6_A",3.23171557298236
"65-66","60_A",1.4142135623731
"65-66","61_A",0.913177339901478
"65-66","62_A",0.0608784893267652
"65-66","64_A",0.0608784893267652
"65-66","65_A",0.55705425160495
"65-66","66_1_A",0.913177339901478
"65-66","66_2_A",0.338023341527057
"65-66","66_3_A",0.254962262535529
"65-66","67_A",1
"65-66","68_A",0.418575643255196
"65-66","69_A",0.72829433497537
"65-66","7_A",91.3177339901478
"65-66","75_A",1.30390212871312e-06
"65-66","77_A",0.0571363730578286
"65-66","81_A",0.742245238520416
"65-66","87_A",0.456588669950739
"65-66","88_A",0
"65-66","89_A",0.228294334975369
"65-66","9_A",0.456588669950739
"65-66","90_A",0.228294334975369
"65-66","91_A",0.456588669950739
"65-66","92_A",0
"65-66","93_A",0.418575643255196
"65-66","94_A",0.338023341527056
"65-66","95_A",0.28981329483089
"65-66","99_A",9.55886670610273
"66-67","10_A",30.9433254895967
"66-67","100_A",0.891253476974701
"66-67","11_A",0.884095013988478
"66-67","12_A",12.3773301958387
"66-67","13_A",0.0568074558919662
"66-67","14_A",0.130804001107758
"66-67","15_A",0.456896551724138
"66-67","17_A",0.29608938547486
"66-67","18_A",0.29608938547486
"66-67","19_A",0.891253476974701
"66-67","2_A",6.60137667496895
"66-67","20_A",1.81363721256109
"66-67","21_A",1.64463996939318
"66-67","22_A",3.28927993878637
"66-67","23_A",1.32975490404081
"66-67","24_A",1.31029598562243
"66-67","25_A",1.31876726518949
"66-67","26_A",0.908858292670125
"66-67","27_A",3.40063634429993
"66-67","28_A",0.884124052410294
"66-67","29_A",23.1286550923471
"66-67","3_A",1.33688021546205
"66-67","30_A",0.955312343788174
"66-67","31_A",0.0682365959848696
"66-67","32_A",0.161477258389449
"66-67","33_A",0.912621674194054
"66-67","34_A",0.4
"66-67","35_A",0.1273219252821
"66-67","36_A",18.1788202871227
"66-67","37_A",0.898490897368423
"66-67","4_A",1.06463991865263
"66-67","40_A",14
"66-67","41_A",0.4
"66-67","42_A",1.14468160884258
"66-67","43_A",0.942500291817439
"66-67","45_A",0.942500291817439
"66-67","46_A",3.37540687753938e-18
"66-67","47_A",0.959086788915191
"66-67","48_A",0.942500291817439
"66-67","49_A",5.87030262279332e-17
"66-67","5_A",7.70557974737701
"66-67","51_A",0.47125014590872
"66-67","52_A",0.471250145908719
"66-67","53_A",8.33177508073303
"66-67","54_A",0.7255270812957
"66-67","55_A",0.526389545693457
"66-67","57_A",0.891253476974701
"66-67","58_A",16.347797091217
"66-67","59_A",1.47514830425527
"66-67","6_A",2.40780938038499
"66-67","60_A",1.41421356237309
"66-67","61_A",1.7825069539494
"66-67","62_A",0.1273219252821
"66-67","64_A",0.1273219252821
"66-67","65_A",1.14468160884258
"66-67","66_1_A",1.7825069539494
"66-67","66_2_A",0.955312343788174
"66-67","66_3_A",0.89946300071574
"66-67","67_A",1
"66-67","68_A",0.921389774576557
"66-67","69_A",0.945626738487351
"66-67","7_A",178.25069539494
"66-67","75_A",0.00185009487666032
"66-67","77_A",0.161477258389449
"66-67","81_A",0.979116182439542
"66-67","87_A",0.891253476974701
"66-67","88_A",6.03664468553084e-18
"66-67","89_A",0.445626738487351
"66-67","9_A",0.891253476974701
"66-67","90_A",0.44562673848735
"66-67","91_A",0.891253476974701
"66-67","92_A",5.55111512312578e-17
"66-67","93_A",0.921389774576557
"66-67","94_A",0.955312343788174
"66-67","95_A",1.05277909138691
"66-67","99_A",12.8947673301174
"67-68","10_A",29.7101149265632
"67-68","100_A",0.651532454349356
"67-68","11_A",0.848860426473233
"67-68","12_A",11.8840459706253
"67-68","13_A",0.0218660789420641
"67-68","14_A",0.0503485074142279
"67-68","15_A",0.304281345565749
"67-68","17_A",0.179440937781785
"67-68","18_A",0.179440937781785
"67-68","19_A",0.637447947307102
"67-68","2_A",4.65468566456404
"67-68","20_A",1.36854286098938
"67-68","21_A",0.936454781182499
"67-68","22_A",1.872909562365
"67-68","23_A",0.732275817498062
"67-68","24_A",0.699471837400538
"67-68","25_A",0.749418648337701
"67-68","26_A",0.89470504394464
"67-68","27_A",3.34767973665937
"67-68","28_A",0.268113936446228
"67-68","29_A",22.4139192384794
"67-68","3_A",0.970256428002907
"67-68","30_A",0.688373948197321
"67-68","31_A",0.0491695677283801
"67-68","32_A",0.116356434232647
"67-68","33_A",0.473858692556769
"67-68","34_A",0.4
"67-68","35_A",0.0930760649070508
"67-68","36_A",17.708158730243
"67-68","37_A",0.926184260556066
"67-68","4_A",0.430376719678726
"67-68","40_A",14
"67-68","41_A",0.4
"67-68","42_A",0.836344329448426
"67-68","43_A",0.789003513232243
"67-68","45_A",0.789003513232243
"67-68","46_A",1.4183987550936e-17
"67-68","47_A",0.633223438624623
"67-68","48_A",0.789003513232243
"67-68","49_A",6.72238091174868e-17
"67-68","5_A",7.55202545262856
"67-68","51_A",0.394501756616122
"67-68","52_A",0.394501756616122
"67-68","53_A",5.29310553786526
"67-68","54_A",0.533810698116492
"67-68","55_A",0.284953861423617
"67-68","57_A",0.651532454349356
"67-68","58_A",3.73619886640477
"67-68","59_A",1.12788183701044
"67-68","6_A",1.91856601026242
"67-68","60_A",1.4142135623731
"67-68","61_A",1.30306490869871
"67-68","62_A",0.0930760649070508
"67-68","64_A",0.0930760649070508
"67-68","65_A",0.836344329448426
"67-68","66_1_A",1.30306490869871
"67-68","66_2_A",0.688373948197321
"67-68","66_3_A",0.645336645665982
"67-68","67_A",1
"67-68","68_A",0.463296969321317
"67-68","69_A",0.825766227174678
"67-68","7_A",130.306490869871
"67-68","75_A",0.0185009487666035
"67-68","77_A",0.116356434232647
"67-68","81_A",0.775427811834339
"67-68","87_A",0.651532454349356
"67-68","88_A",1.93438346257982e-17
"67-68","89_A",0.325766227174678
"67-68","9_A",0.651532454349356
"67-68","90_A",0.325766227174678
"67-68","91_A",0.651532454349356
"67-68","92_A",5.55111512312578e-17
"67-68","93_A",0.463296969321317
"67-68","94_A",0.688373948197322
"67-68","95_A",0.569907722847233
"67-68","99_A",12.3036847839936
"68-69","10_A",24.2464775396513
"68-69","100_A",0.625881316098707
"68-69","11_A",0.692756501132894
"68-69","12_A",13.162373521525
"68-69","13_A",0.0291421557730612
"68-69","14_A",0.0671022934607612
"68-69","15_A",0.151891252955083
"68-69","17_A",0.0821874000639592
"68-69","18_A",0.0821874000639592
"68-69","19_A",0.33367606737172
"68-69","2_A",5.35582890275184
"68-69","20_A",1.36568403857919
"68-69","21_A",0.932546446614988
"68-69","22_A",1.86509289322998
"68-69","23_A",1.13304694889438
"68-69","24_A",0.628505424080097
"68-69","25_A",1.10039744951045
"68-69","26_A",0.773651255573989
"68-69","27_A",3.37226764059038
"68-69","28_A",0.641897694199432
"68-69","29_A",22.744378079546
"68-69","3_A",0.792719349784567
"68-69","30_A",0.482711055961604
"68-69","31_A",0.0254058450506107
"68-69","32_A",0.0815930605500889
"68-69","33_A",0.233009963547566
"68-69","34_A",0.542857142857143
"68-69","35_A",0.0658822437998639
"68-69","36_A",19.5024778972338
"68-69","37_A",0.806828982587213
"68-69","4_A",0.377246104024667
"68-69","40_A",19
"68-69","41_A",0.542857142857143
"68-69","42_A",0.792783339936011
"68-69","43_A",0.769897913090613
"68-69","45_A",0.769897913090613
"68-69","46_A",1.57123790261694e-17
"68-69","47_A",0.783116508646921
"68-69","48_A",0.769897913090613
"68-69","49_A",6.82843829763128e-17
"68-69","5_A",7.45269980359915
"68-69","51_A",0.384948956545307
"68-69","52_A",0.384948956545307
"68-69","53_A",3.69749917843943
"68-69","54_A",0.522808560964071
"68-69","55_A",0.273328791417322
"68-69","57_A",0.625881316098707
"68-69","58_A",3.34375209131643
"68-69","59_A",1.15148779777837
"68-69","6_A",2.05975173321986
"68-69","60_A",1.41421356237309
"68-69","61_A",1.25176263219741
"68-69","62_A",0.0658822437998639
"68-69","64_A",0.0658822437998639
"68-69","65_A",0.792783339936011
"68-69","66_1_A",1.25176263219741
"68-69","66_2_A",0.482711055961604
"68-69","66_3_A",0.3887709931543
"68-69","67_A",1
"68-69","68_A",0.643542717286892
"68-69","69_A",0.812940658049353
"68-69","7_A",125.176263219741
"68-69","75_A",0.00135964275926548
"68-69","77_A",0.0815930605500889
"68-69","81_A",0.878368300500085
"68-69","87_A",0.625881316098707
"68-69","88_A",2.07677588404838e-17
"68-69","89_A",0.312940658049354
"68-69","9_A",0.625881316098707
"68-69","90_A",0.312940658049354
"68-69","91_A",0.625881316098707
"68-69","92_A",5.55111512312578e-17
"68-69","93_A",0.643542717286892
"68-69","94_A",0.482711055961604
"68-69","95_A",0.546657582834645
"68-69","99_A",14.3867120961021
"69-70","10_A",21.0846166819094
"69-70","100_A",0.520750988142292
"69-70","11_A",0.602417619483126
"69-70","12_A",11.4459347701794
"69-70","13_A",0.0177500825480899
"69-70","14_A",0.0408710754746455
"69-70","15_A",0.143515173410405
"69-70","17_A",0.0773047920214058
"69-70","18_A",0.0773047920214058
"69-70","19_A",0.289301113905857
"69-70","2_A",4.35548541452355
"69-70","20_A",1.12657141956341
"69-70","21_A",0.63458158168856
"69-70","22_A",1.26916316337712
"69-70","23_A",0.931058229628562
"69-70","24_A",0.420092071560161
"69-70","25_A",0.899374072948375
"69-70","26_A",0.677820449616077
"69-70","27_A",2.95455084174178
"69-70","28_A",0.433434713479536
"69-70","29_A",17.4587413528742
"69-70","3_A",0.665401545095221
"69-70","30_A",0.374805253476647
"69-70","31_A",0.0197265922882446
"69-70","32_A",0.0633536509340776
"69-70","33_A",0.140478978033693
"69-70","34_A",0.542857142857143
"69-70","35_A",0.0548158934886624
"69-70","36_A",15.4401441194395
"69-70","37_A",0.544012467339959
"69-70","4_A",0.235780608358358
"69-70","40_A",19
"69-70","41_A",0.542857142857143
"69-70","42_A",0.648145100699034
"69-70","43_A",0.684860298895387
"69-70","45_A",0.684860298895387
"69-70","46_A",0
"69-70","47_A",0.628968526020567
"69-70","48_A",0.684860298895387
"69-70","49_A",0
"69-70","5_A",5.61496862997172
"69-70","51_A",0.342430149447693
"69-70","52_A",0.342430149447693
"69-70","53_A",2.64396243629028
"69-70","54_A",0.426268858965866
"69-70","55_A",0.181705140124061
"69-70","57_A",0.520750988142292
"69-70","58_A",2.17219872510483
"69-70","59_A",0.979564084089457
"69-70","6_A",2.37907460100472
"69-70","60_A",1.41421356237309
"69-70","61_A",1.04150197628458
"69-70","62_A",0.0548158934886624
"69-70","64_A",0.0548158934886624
"69-70","65_A",0.648145100699034
"69-70","66_1_A",1.04150197628458
"69-70","66_2_A",0.374805253476647
"69-70","66_3_A",0.309202229984965
"69-70","67_A",1
"69-70","68_A",0.458755716376794
"69-70","69_A",0.760375494071146
"69-70","7_A",104.150197628458
"69-70","75_A",0.00011592444247088
"69-70","77_A",0.0633536509340776
"69-70","81_A",0.772229194086499
"69-70","87_A",0.520750988142292
"69-70","88_A",0
"69-70","89_A",0.260375494071146
"69-70","9_A",0.520750988142292
"69-70","90_A",0.260375494071146
"69-70","91_A",0.520750988142292
"69-70","92_A",0
"69-70","93_A",0.458755716376794
"69-70","94_A",0.374805253476647
"69-70","95_A",0.363410280248122
"69-70","99_A",13.350834914009
