"Sample","index","value"
"1-2","10_A",22.9074619419642
"1-2","100_A",0.337953091684435
"1-2","104_A",6.5
"1-2","11_A",0.654498912627548
"1-2","12_A",18.3259695535713
"1-2","13_A",0.481574650398278
"1-2","14_A",1.10886661117089
"1-2","15_A",0.098086882320274
"1-2","16_A",0.0514959976899424
"1-2","17_A",0.0515727460989054
"1-2","18_A",0.0640697078421322
"1-2","19_A",88
"1-2","2_A",5.55603837940343
"1-2","20_A",0.93162146946455
"1-2","21_A",112.115700182008
"1-2","22_A",224.231400364016
"1-2","23_A",0.398971954649653
"1-2","24_A",74.4512637379304
"1-2","25_A",0.562782858886565
"1-2","26_A",0.753662628178243
"1-2","27_A",3.98800777320594
"1-2","28_A",0.0795893102984825
"1-2","29_A",31.808411998302
"1-2","3_A",139
"1-2","30_A",93.936148526539
"1-2","31_A",3.35486244737639
"1-2","32_A",15.8781071200029
"1-2","33_A",8824
"1-2","34_A",0.714285714285714
"1-2","35_A",6.78571428571429
"1-2","36_A",7.98640388009109
"1-2","37_A",0.749514424288967
"1-2","4_A",-5.1166418098373
"1-2","40_A",25
"1-2","41_A",0.714285714285714
"1-2","42_A",0.527276839655912
"1-2","43_A",0.635451505016722
"1-2","47_A",0.533881897386254
"1-2","5_A",10.5823324073417
"1-2","53_A",1.87947117838091
"1-2","54_A",5.67125389057845
"1-2","55_A",32.1631206914012
"1-2","57_A",0.407356076759062
"1-2","58_A",1.74311606767694
"1-2","59_A",37.226287399606
"1-2","6_A",0.64824286510732
"1-2","60_A",1.4142135623731
"1-2","61_A",190
"1-2","62_A",6.78571428571429
"1-2","64_A",6.78571428571429
"1-2","65_A",8.62851457308443
"1-2","66_1_A",190
"1-2","66_2_A",93.936148526539
"1-2","66_3_A",88.7688315524183
"1-2","67_A",0.0939842020870613
"1-2","68_A",0.110891372508181
"1-2","69_A",0.732843137254902
"1-2","7_A",67.590618336887
"1-2","75_A",0.164479050797182
"1-2","77_A",15.8781071200029
"1-2","81_A",0.69611864941622
"1-2","9_A",0.465686274509804
"1-2","93_A",0.364146583030703
"1-2","94_A",0.226314920563114
"1-2","95_A",64.3262413828025
"1-2","99_A",19.9939097619724
"2-3","10_A",17.2910943634513
"2-3","100_A",0.159926175573744
"2-3","104_A",3
"2-3","11_A",0.494031267527181
"2-3","12_A",11.8567504206524
"2-3","13_A",0.293998738974394
"2-3","14_A",0.676957113721488
"2-3","15_A",0.00261461509656025
"2-3","16_A",0.00130816319375082
"2-3","17_A",0.00130901883848855
"2-3","18_A",0.0158571632391008
"2-3","19_A",49
"2-3","2_A",5.31460155450292
"2-3","20_A",0.569540983255419
"2-3","21_A",49.2644315708057
"2-3","22_A",98.5288631416113
"2-3","23_A",0.16494750858591
"2-3","24_A",31.8164878292223
"2-3","25_A",0.412842856589078
"2-3","26_A",0.613156446159608
"2-3","27_A",3.00384085117869
"2-3","28_A",0.0136038402943495
"2-3","29_A",18.0461197184199
"2-3","3_A",82.5
"2-3","30_A",53.4789678284838
"2-3","31_A",2.22829032618682
"2-3","32_A",9.0395954397465
"2-3","33_A",2860
"2-3","34_A",0.628571428571429
"2-3","35_A",4.83333333333333
"2-3","36_A",6.5566874788513
"2-3","37_A",0.523195311618804
"2-3","4_A",-5.3522929019145
"2-3","40_A",22
"2-3","41_A",0.628571428571429
"2-3","42_A",0.330244638695031
"2-3","43_A",0.407017543859649
"2-3","47_A",0.174998470293092
"2-3","5_A",5.81464687392293
"2-3","53_A",0.561494569945379
"2-3","54_A",3.7450260684072
"2-3","55_A",14.0252202530495
"2-3","57_A",0.230400417268496
"2-3","58_A",0.686389842093058
"2-3","59_A",29.562197981226
"2-3","6_A",1.94575208256749
"2-3","60_A",1.41421356237309
"2-3","61_A",116
"2-3","62_A",4.83333333333333
"2-3","64_A",4.83333333333333
"2-3","65_A",5.64061059010656
"2-3","66_1_A",116
"2-3","66_2_A",53.4789678284838
"2-3","66_3_A",49.674688032756
"2-3","67_A",0.00318243740735102
"2-3","68_A",0.0152739564957584
"2-3","69_A",0.627753303964758
"2-3","7_A",31.9852351147488
"2-3","75_A",0.00010163798556128
"2-3","77_A",9.0395954397465
"2-3","81_A",0.29787012445972
"2-3","9_A",0.255506607929515
"2-3","93_A",0.0958894923891906
"2-3","94_A",0.0916014732474572
"2-3","95_A",28.0504405060989
"2-3","99_A",13.8931015642972
"3-4","10_A",18.5690751053525
"3-4","100_A",0.226595984660501
"3-4","104_A",4
"3-4","11_A",0.530545003010071
"3-4","12_A",13.2636250752518
"3-4","13_A",0.348322924649322
"3-4","14_A",0.802043173845616
"3-4","15_A",0.0262120272200917
"3-4","16_A",0.0131930417858271
"3-4","17_A",0.0132800622871232
"3-4","18_A",0.0274271797746295
"3-4","19_A",30
"3-4","2_A",5.03795282983238
"3-4","20_A",0.624698264469573
"3-4","21_A",63.1944932617822
"3-4","22_A",126.388986523564
"3-4","23_A",0.29245259255185
"3-4","24_A",41.0911420894881
"3-4","25_A",0.405700103656867
"3-4","26_A",0.650771679412722
"3-4","27_A",3.25385839706361
"3-4","28_A",0.0427642594451491
"3-4","29_A",21.1751889362827
"3-4","3_A",79
"3-4","30_A",43.7949768809164
"3-4","31_A",1.75179907523666
"3-4","32_A",7.4027022093287
"3-4","33_A",1918
"3-4","34_A",0.657142857142857
"3-4","35_A",5.12
"3-4","36_A",6.61077496469824
"3-4","37_A",0.58443099858793
"3-4","4_A",-5.37274942061666
"3-4","40_A",23
"3-4","41_A",0.657142857142857
"3-4","42_A",0.362908981282388
"3-4","43_A",0.426666666666667
"3-4","47_A",0.145138100643208
"3-4","5_A",6.94851269951654
"3-4","53_A",0.834979104734118
"3-4","54_A",4.24061452163104
"3-4","55_A",17.982811521068
"3-4","57_A",0.23693510790285
"3-4","58_A",0.744185267713092
"3-4","59_A",33.9870647745763
"3-4","6_A",1.59289548728323
"3-4","60_A",1.4142135623731
"3-4","61_A",128
"3-4","62_A",5.12
"3-4","64_A",5.12
"3-4","65_A",6.41023728807976
"3-4","66_1_A",128
"3-4","66_2_A",43.7949768809164
"3-4","66_3_A",34.9271956014835
"3-4","67_A",0.0393000956128415
"3-4","68_A",0.0539543800372103
"3-4","69_A",0.635593220338983
"3-4","7_A",45.3191969321002
"3-4","75_A",0.00174267704857245
"3-4","77_A",7.4027022093287
"3-4","81_A",0.253485759598229
"3-4","9_A",0.271186440677966
"3-4","93_A",0.0782473890339426
"3-4","94_A",0.155637550550426
"3-4","95_A",35.9656230421361
"3-4","99_A",15.223504032099
"4-5","10_A",22.1982863275711
"4-5","100_A",0.49411392627473
"4-5","104_A",6
"4-5","11_A",0.634236752216317
"4-5","12_A",17.1243923098406
"4-5","13_A",0.550895323088096
"4-5","14_A",1.26848335874279
"4-5","15_A",0.114326000632533
"4-5","16_A",0.058897455445228
"4-5","17_A",0.0606287198481196
"4-5","18_A",0.0851004651608882
"4-5","19_A",103
"4-5","2_A",6.13055947903466
"4-5","20_A",1.14294957862527
"4-5","21_A",163.969708873487
"4-5","22_A",327.939417746975
"4-5","23_A",0.99721207023992
"4-5","24_A",122.688396776913
"4-5","25_A",0.615112466866084
"4-5","26_A",0.742196010275928
"4-5","27_A",3.85656359691846
"4-5","28_A",0.497215956516093
"4-5","29_A",29.7461655541533
"4-5","3_A",159
"4-5","30_A",107.930533214656
"4-5","31_A",3.99742715609838
"4-5","32_A",18.2435898722968
"4-5","33_A",11649
"4-5","34_A",0.742857142857143
"4-5","35_A",7.96296296296296
"4-5","36_A",9.80939624037377
"4-5","37_A",0.807755416310139
"4-5","4_A",-5.19935744338935
"4-5","40_A",26
"4-5","41_A",0.742857142857143
"4-5","42_A",0.693756131097661
"4-5","43_A",0.614285714285714
"4-5","47_A",0.734026465028355
"4-5","5_A",9.94265636819751
"4-5","53_A",3.06896894539039
"4-5","54_A",7.1252011131689
"4-5","55_A",50.7684909031033
"4-5","57_A",0.424790034086516
"4-5","58_A",1.59259023319965
"4-5","59_A",40.0289770974314
"4-5","6_A",0.887182296714712
"4-5","60_A",1.4142135623731
"4-5","61_A",215
"4-5","62_A",7.96296296296296
"4-5","64_A",7.96296296296296
"4-5","65_A",11.0764794396466
"4-5","66_1_A",215
"4-5","66_2_A",107.930533214656
"4-5","66_3_A",103.415452123932
"4-5","67_A",0.5010887294829
"4-5","68_A",0.513067913565035
"4-5","69_A",0.721649484536082
"4-5","7_A",98.8227852549461
"4-5","75_A",0.0748079877112136
"4-5","77_A",18.2435898722968
"4-5","81_A",0.846615065954431
"4-5","9_A",0.443298969072165
"4-5","93_A",0.57981185605495
"4-5","94_A",0.395335987621391
"4-5","95_A",101.536981806207
"4-5","99_A",18.7818837802996
"5-6","10_A",17.3165637490407
"5-6","100_A",0.30328676877209
"5-6","104_A",2
"5-6","11_A",0.494758964258306
"5-6","12_A",10.8846972136827
"5-6","13_A",0.322344491382597
"5-6","14_A",0.742225620666315
"5-6","15_A",0
"5-6","16_A",0
"5-6","17_A",0
"5-6","18_A",0.021911983384744
"5-6","19_A",19
"5-6","2_A",5.3108412259799
"5-6","20_A",0.802529850473836
"5-6","21_A",65.8597179524716
"5-6","22_A",131.719435904943
"5-6","23_A",0.540898616569541
"5-6","24_A",41.2710222053318
"5-6","25_A",0.451724509347534
"5-6","26_A",0.600061803393223
"5-6","27_A",2.81453933950364
"5-6","28_A",0.146285656703422
"5-6","29_A",15.8432633872272
"5-6","3_A",70.5
"5-6","30_A",36.4417343165772
"5-6","31_A",1.65644246893533
"5-6","32_A",6.15977736146828
"5-6","33_A",1328
"5-6","34_A",0.6
"5-6","35_A",5.54545454545455
"5-6","36_A",8.28866900645243
"5-6","37_A",0.558575863929656
"5-6","4_A",-5.21147591456034
"5-6","40_A",21
"5-6","41_A",0.6
"5-6","42_A",0.449186737405755
"5-6","43_A",0.460377358490566
"5-6","47_A",0.255237363059773
"5-6","5_A",4.91239921889095
"5-6","53_A",1.11994285429642
"5-6","54_A",4.3044305551686
"5-6","55_A",18.5281224042691
"5-6","57_A",0.298598254430045
"5-6","58_A",0.853145838917534
"5-6","59_A",34.2572326131861
"5-6","6_A",2.38050737101219
"5-6","60_A",1.4142135623731
"5-6","61_A",122
"5-6","62_A",5.54545454545455
"5-6","64_A",5.54545454545455
"5-6","65_A",6.42425265733936
"5-6","66_1_A",122
"5-6","66_2_A",36.4417343165772
"5-6","66_3_A",26.5900579046917
"5-6","67_A",0.111520470916197
"5-6","68_A",0.147220772880519
"5-6","69_A",0.649509803921569
"5-6","7_A",60.657353754418
"5-6","75_A",4.63801219963145e-06
"5-6","77_A",6.15977736146828
"5-6","81_A",0.406675853621191
"5-6","9_A",0.299019607843137
"5-6","93_A",0.146287728574576
"5-6","94_A",0.179356619701518
"5-6","95_A",37.0562448085382
"5-6","99_A",12.9411019442614
"6-7","10_A",16.0737778967444
"6-7","100_A",0.200838797330025
"6-7","104_A",3.5
"6-7","11_A",0.45925079704984
"6-7","12_A",10.1035175350965
"6-7","13_A",0.334473311262333
"6-7","14_A",0.770153260517005
"6-7","15_A",0.0625651275984277
"6-7","16_A",0.0318776130072893
"6-7","17_A",0.0322927642573473
"6-7","18_A",0.0349994648399872
"6-7","19_A",13
"6-7","2_A",4.36432857965929
"6-7","20_A",0.582695680722173
"6-7","21_A",36.4432678432678
"6-7","22_A",72.8865356865357
"6-7","23_A",0.333507205973959
"6-7","24_A",26.3373561863706
"6-7","25_A",0.373346201790795
"6-7","26_A",0.618182173693694
"6-7","27_A",2.89953140993481
"6-7","28_A",0.0556135282182785
"6-7","29_A",16.8145647943971
"6-7","3_A",43
"6-7","30_A",22.7376340018041
"6-7","31_A",1.03352881826382
"6-7","32_A",3.84336162381691
"6-7","33_A",517
"6-7","34_A",0.542857142857143
"6-7","35_A",3.31818181818182
"6-7","36_A",4.67252860109713
"6-7","37_A",0.530569481868051
"6-7","4_A",-5.14941891405159
"6-7","40_A",19
"6-7","41_A",0.542857142857143
"6-7","42_A",0.356214517594552
"6-7","43_A",0.328828828828829
"6-7","47_A",0.121504112808461
"6-7","5_A",5.60198376019823
"6-7","53_A",0.7501574881149
"6-7","54_A",3.28856759246059
"6-7","55_A",10.814676810182
"6-7","57_A",0.183664126646583
"6-7","58_A",0.489932228278888
"6-7","59_A",25.8425468684453
"6-7","6_A",2.04585715436415
"6-7","60_A",1.4142135623731
"6-7","61_A",73
"6-7","62_A",3.31818181818182
"6-7","64_A",3.31818181818182
"6-7","65_A",5.13199339305602
"6-7","66_1_A",73
"6-7","66_2_A",22.7376340018041
"6-7","66_3_A",17.0368290366447
"6-7","67_A",0.0215526431086067
"6-7","68_A",0.0618887788407526
"6-7","69_A",0.598382749326146
"6-7","7_A",40.1677594660051
"6-7","75_A",0.0001921326726666
"6-7","77_A",3.84336162381691
"6-7","81_A",0.216680637049455
"6-7","9_A",0.196765498652291
"6-7","93_A",0.0646815963968472
"6-7","94_A",0.120693195905929
"6-7","95_A",21.6293536203641
"6-7","99_A",11.3668161516846
"7-8","10_A",16.129195077056
"7-8","100_A",0.261904761904762
"7-8","104_A",3.5
"7-8","11_A",0.460834145058744
"7-8","12_A",10.1383511912924
"7-8","13_A",0.372346424033394
"7-8","14_A",0.857359325408933
"7-8","15_A",0.146849892220263
"7-8","16_A",0.0763387483607763
"7-8","17_A",0.0792433875722046
"7-8","18_A",0.0841573631047317
"7-8","19_A",18
"7-8","2_A",4.27007866954397
"7-8","20_A",0.807300444509683
"7-8","21_A",49.9699032993151
"7-8","22_A",99.9398065986301
"7-8","23_A",0.475733753290729
"7-8","24_A",38.5377801721189
"7-8","25_A",0.516929472148607
"7-8","26_A",0.625111180530071
"7-8","27_A",2.93203133280008
"7-8","28_A",0.113161302010042
"7-8","29_A",17.1936154730428
"7-8","3_A",50
"7-8","30_A",28.8444102037119
"7-8","31_A",1.31110955471418
"7-8","32_A",4.87559520176035
"7-8","33_A",832
"7-8","34_A",0.485714285714286
"7-8","35_A",3.72727272727273
"7-8","36_A",5.41848857644804
"7-8","37_A",0.564476753474911
"7-8","4_A",-4.82616029963038
"7-8","40_A",17
"7-8","41_A",0.485714285714286
"7-8","42_A",0.503913270518349
"7-8","43_A",0.443243243243243
"7-8","47_A",0.274678111587983
"7-8","5_A",5.75537090590432
"7-8","53_A",2.20289160476802
"7-8","54_A",3.92937490440554
"7-8","55_A",15.439987139372
"7-8","57_A",0.27336860670194
"7-8","58_A",0.796114959000079
"7-8","59_A",24.5214716003928
"7-8","6_A",2.04585715436415
"7-8","60_A",1.4142135623731
"7-8","61_A",82
"7-8","62_A",3.72727272727273
"7-8","64_A",3.72727272727273
"7-8","65_A",6.20788048951644
"7-8","66_1_A",82
"7-8","66_2_A",28.8444102037119
"7-8","66_3_A",22.233059528831
"7-8","67_A",0.0680208481805205
"7-8","68_A",0.115861487457601
"7-8","69_A",0.642361111111111
"7-8","7_A",52.3809523809524
"7-8","75_A",0.0001921326726666
"7-8","77_A",4.87559520176035
"7-8","81_A",0.430976430976431
"7-8","9_A",0.284722222222222
"7-8","93_A",0.159203980099503
"7-8","94_A",0.167956432762681
"7-8","95_A",30.8799742787441
"7-8","99_A",11.312500933244
"8-9","10_A",17.4246588074339
"8-9","100_A",0.403213317847464
"8-9","104_A",3.5
"8-9","11_A",0.497847394498112
"8-9","12_A",10.9526426789585
"8-9","13_A",0.404061163828547
"8-9","14_A",0.930385212489437
"8-9","15_A",0.284506067133206
"8-9","16_A",0.162753039492009
"8-9","17_A",0.165844985914793
"8-9","18_A",0.182866556836903
"8-9","19_A",30
"8-9","2_A",4.37178349454604
"8-9","20_A",1.04063484728645
"8-9","21_A",67.4284002547161
"8-9","22_A",134.856800509432
"8-9","23_A",0.87980689455674
"8-9","24_A",56.621164065671
"8-9","25_A",0.627145380935184
"8-9","26_A",0.627270581243046
"8-9","27_A",2.94215981993598
"8-9","28_A",0.387030085854787
"8-9","29_A",17.3126088120915
"8-9","3_A",65.5
"8-9","30_A",38.5356977359954
"8-9","31_A",1.75162262436343
"8-9","32_A",6.51372178010171
"8-9","33_A",1485
"8-9","34_A",0.571428571428571
"8-9","35_A",4.59090909090909
"8-9","36_A",6.75407400552918
"8-9","37_A",0.625185182069508
"8-9","4_A",-4.56631935127985
"8-9","40_A",20
"8-9","41_A",0.571428571428571
"8-9","42_A",0.674296895691033
"8-9","43_A",0.577142857142857
"8-9","47_A",0.559532780708365
"8-9","5_A",5.72102804956813
"8-9","53_A",4.08202267895274
"8-9","54_A",4.62573618036135
"8-9","55_A",21.397435210304
"8-9","57_A",0.405536198219125
"8-9","58_A",1.36486117605087
"8-9","59_A",27.7158863246658
"8-9","6_A",2.04585715436415
"8-9","60_A",1.4142135623731
"8-9","61_A",101
"8-9","62_A",4.59090909090909
"8-9","64_A",4.59090909090909
"8-9","65_A",7.52470358656546
"8-9","66_1_A",101
"8-9","66_2_A",38.5356977359954
"8-9","66_3_A",32.3926239369343
"8-9","67_A",0.352424395055464
"8-9","68_A",0.38961222074554
"8-9","69_A",0.70281124497992
"8-9","7_A",80.6426635694928
"8-9","75_A",0.0001921326726666
"8-9","77_A",6.51372178010171
"8-9","81_A",0.717564629137473
"8-9","9_A",0.405622489959839
"8-9","93_A",0.388438399162961
"8-9","94_A",0.310311446335282
"8-9","95_A",42.794870420608
"8-9","99_A",12.6587545787546
"9-10","10_A",22.396609520443
"9-10","100_A",0.476295425604858
"9-10","104_A",5.5
"9-10","11_A",0.639903129155515
"9-10","12_A",14.7177719705768
"9-10","13_A",0.621268898336486
"9-10","14_A",1.43052450405043
"9-10","15_A",0.436489600186032
"9-10","16_A",0.273720717155704
"9-10","17_A",0.279172815376199
"9-10","18_A",0.279941022719657
"9-10","19_A",30
"9-10","2_A",4.96419712895791
"9-10","20_A",1.2293694849914
"9-10","21_A",110.811680216802
"9-10","22_A",221.623360433604
"9-10","23_A",0.960404407310956
"9-10","24_A",94.915942431334
"9-10","25_A",0.766140838567293
"9-10","26_A",0.741634576290068
"9-10","27_A",3.55675447975058
"9-10","28_A",0.461188312791154
"9-10","29_A",25.3010048584516
"9-10","3_A",88.5
"9-10","30_A",49.2645917470144
"9-10","31_A",2.14193877160932
"9-10","32_A",8.32723586449052
"9-10","33_A",2427
"9-10","34_A",0.657142857142857
"9-10","35_A",6.39130434782609
"9-10","36_A",9.27429941827714
"9-10","37_A",0.881491279055528
"9-10","4_A",-4.57514417109834
"9-10","40_A",23
"9-10","41_A",0.657142857142857
"9-10","42_A",0.801086074345147
"9-10","43_A",0.674311926605505
"9-10","47_A",0.64189367892092
"9-10","5_A",8.5090862829169
"9-10","53_A",5.97773811040797
"9-10","54_A",5.96901842339236
"9-10","55_A",35.6291809387974
"9-10","57_A",0.497526692134391
"9-10","58_A",2.07041582823041
"9-10","59_A",35.3467706795105
"9-10","6_A",1.29695648337879
"9-10","60_A",1.41421356237309
"9-10","61_A",147
"9-10","62_A",6.39130434782609
"9-10","64_A",6.39130434782609
"9-10","65_A",9.74248132825175
"9-10","66_1_A",147
"9-10","66_2_A",49.2645917470144
"9-10","66_3_A",37.9780575075359
"9-10","67_A",0.434942026661777
"9-10","68_A",0.463450273642384
"9-10","69_A",0.754325259515571
"9-10","7_A",95.2590851209717
"9-10","75_A",0.0266897343117297
"9-10","77_A",8.32723586449052
"9-10","81_A",0.781894329896907
"9-10","9_A",0.508650519031142
"9-10","93_A",0.472638753651412
"9-10","94_A",0.338465426353724
"9-10","95_A",71.2583618775947
"9-10","99_A",16.2688174851968
"10-11","10_A",21.6739340668347
"10-11","100_A",0.416331994645248
"10-11","104_A",5
"10-11","11_A",0.619255259052419
"10-11","12_A",16.7198919944153
"10-11","13_A",0.444521549981776
"10-11","14_A",1.02354869450264
"10-11","15_A",0.106214870692484
"10-11","16_A",0.0560578475610801
"10-11","17_A",0.0560860200287465
"10-11","18_A",0.0739000813081579
"10-11","19_A",30
"10-11","2_A",5.78718793003343
"10-11","20_A",0.968877037601716
"10-11","21_A",93.14709798653
"10-11","22_A",186.29419597306
"10-11","23_A",0.755822575532169
"10-11","24_A",64.2583249162401
"10-11","25_A",0.546819898469432
"10-11","26_A",0.702978057446267
"10-11","27_A",3.65278113630902
"10-11","28_A",0.28563388284204
"10-11","29_A",26.6856200595501
"10-11","3_A",98
"10-11","30_A",50.4777178564959
"10-11","31_A",1.86954510579614
"10-11","32_A",8.53229160308062
"10-11","33_A",2548
"10-11","34_A",0.742857142857143
"10-11","35_A",6.14814814814815
"10-11","36_A",9.40029663775312
"10-11","37_A",0.718529505101967
"10-11","4_A",-5.06809152958736
"10-11","40_A",26
"10-11","41_A",0.742857142857143
"10-11","42_A",0.567445996675396
"10-11","43_A",0.605839416058394
"10-11","47_A",0.471502590673575
"10-11","5_A",8.72157124069558
"10-11","53_A",2.1904445946237
"10-11","54_A",5.20949376976079
"10-11","55_A",27.1388253371764
"10-11","57_A",0.424698795180723
"10-11","58_A",1.53703447531291
"10-11","59_A",42.1514086948269
"10-11","6_A",1.18942710668005
"10-11","60_A",1.41421356237309
"10-11","61_A",166
"10-11","62_A",6.14814814814815
"10-11","64_A",6.14814814814815
"10-11","65_A",8.01612904812791
"10-11","66_1_A",166
"10-11","66_2_A",50.4777178564959
"10-11","66_3_A",38.3490462783548
"10-11","67_A",0.253809202803303
"10-11","68_A",0.285651252933473
"10-11","69_A",0.717277486910995
"10-11","7_A",83.2663989290495
"10-11","75_A",0.0132157423592352
"10-11","77_A",8.53229160308062
"10-11","81_A",0.640845070422535
"10-11","9_A",0.43455497382199
"10-11","93_A",0.308474576271186
"10-11","94_A",0.252392300865319
"10-11","95_A",54.2776506743529
"10-11","99_A",19.1112578991889
"11-12","10_A",18.8934710325205
"11-12","100_A",0.374543557642149
"11-12","104_A",4
"11-12","11_A",0.539813458072015
"11-12","12_A",14.0351499098724
"11-12","13_A",0.38543825318411
"11-12","14_A",0.887504376051397
"11-12","15_A",0.0376238914971309
"11-12","16_A",0.0189922994681085
"11-12","17_A",0.019172620036551
"11-12","18_A",0.0536034173901062
"11-12","19_A",44
"11-12","2_A",5.37529463818435
"11-12","20_A",0.897843011001121
"11-12","21_A",86.4691156670805
"11-12","22_A",172.938231334161
"11-12","23_A",0.739845272974005
"11-12","24_A",57.7086855061698
"11-12","25_A",0.493662534705267
"11-12","26_A",0.6543599980768
"11-12","27_A",3.33659439910814
"11-12","28_A",0.27368551397099
"11-12","29_A",22.2657243683196
"11-12","3_A",102.5
"11-12","30_A",57.5586657246326
"11-12","31_A",2.21379483556279
"11-12","32_A",9.72919024673394
"11-12","33_A",3313
"11-12","34_A",0.657142857142857
"11-12","35_A",6.19230769230769
"11-12","36_A",8.26766214313386
"11-12","37_A",0.625679313197456
"11-12","4_A",-5.22383978819713
"11-12","40_A",23
"11-12","41_A",0.657142857142857
"11-12","42_A",0.518648084389193
"11-12","43_A",0.545762711864407
"11-12","47_A",0.437071240105541
"11-12","5_A",7.22994303431242
"11-12","53_A",1.64196831450288
"11-12","54_A",4.97835757852207
"11-12","55_A",24.7840441796281
"11-12","57_A",0.375260824204486
"11-12","58_A",1.20149101303379
"11-12","59_A",37.1321001845463
"11-12","6_A",1.53634334612839
"11-12","60_A",1.4142135623731
"11-12","61_A",161
"11-12","62_A",6.19230769230769
"11-12","64_A",6.19230769230769
"11-12","65_A",7.59662329631855
"11-12","66_1_A",161
"11-12","66_2_A",57.5586657246326
"11-12","66_3_A",47.6351093278743
"11-12","67_A",0.257525098677959
"11-12","68_A",0.281005192982873
"11-12","69_A",0.687645687645688
"11-12","7_A",74.9087115284298
"11-12","75_A",0.00122763232100409
"11-12","77_A",9.72919024673394
"11-12","81_A",0.608280547140365
"11-12","9_A",0.375291375291375
"11-12","93_A",0.279648856250528
"11-12","94_A",0.269248900195051
"11-12","95_A",49.5680883592563
"11-12","99_A",16.0899629560647
"12-13","10_A",13.9934581949729
"12-13","100_A",0.309461287499005
"12-13","104_A",1.5
"12-13","11_A",0.399813091284939
"12-13","12_A",7.99626182569877
"12-13","13_A",0.244859937527719
"12-13","14_A",0.56381084202278
"12-13","15_A",0
"12-13","16_A",0
"12-13","17_A",0
"12-13","18_A",0.0122581597991434
"12-13","19_A",25
"12-13","2_A",4.44399228914921
"12-13","20_A",0.758145396350937
"12-13","21_A",58.4136023131497
"12-13","22_A",116.827204626299
"12-13","23_A",0.479992846042874
"12-13","24_A",36.2450491160017
"12-13","25_A",0.41340805133192
"12-13","26_A",0.542596910108444
"12-13","27_A",2.42656715076765
"12-13","28_A",0.115196566126169
"12-13","29_A",11.7764562743692
"12-13","3_A",66.5
"12-13","30_A",40.9633982965281
"12-13","31_A",2.0481699148264
"12-13","32_A",6.92407807168992
"12-13","33_A",1678
"12-13","34_A",0.428571428571429
"12-13","35_A",5.4
"12-13","36_A",5.68904712348243
"12-13","37_A",0.434452356174121
"12-13","4_A",-5.17545726373136
"12-13","40_A",15
"12-13","41_A",0.428571428571429
"12-13","42_A",0.422011223691878
"12-13","43_A",0.433734939759036
"12-13","47_A",0.209776222027753
"12-13","5_A",3.67414874396777
"12-13","53_A",0.84416929779643
"12-13","54_A",4.05679601236474
"12-13","55_A",16.4575938859385
"12-13","57_A",0.270708999761279
"12-13","58_A",0.765956468991741
"12-13","59_A",25.4011255541478
"12-13","6_A",2.72371171350202
"12-13","60_A",1.4142135623731
"12-13","61_A",108
"12-13","62_A",5.4
"12-13","64_A",5.4
"12-13","65_A",6.02038612681958
"12-13","66_1_A",108
"12-13","66_2_A",40.9633982965281
"12-13","66_3_A",32.3738701076032
"12-13","67_A",0.123962295528499
"12-13","68_A",0.142596231249016
"12-13","69_A",0.638461538461538
"12-13","7_A",61.892257499801
"12-13","75_A",6.07153482379275e-07
"12-13","77_A",6.92407807168992
"12-13","81_A",0.346801694740105
"12-13","9_A",0.276923076923077
"12-13","93_A",0.117178770949721
"12-13","94_A",0.236152630621685
"12-13","95_A",32.915187771877
"12-13","99_A",9.45513122355228
"13-14","10_A",24.3285592239237
"13-14","100_A",0.465608132232794
"13-14","104_A",5.5
"13-14","11_A",0.695101692112107
"13-14","12_A",18.0726439949148
"13-14","13_A",0.614758010289349
"13-14","14_A",1.41553263029093
"13-14","15_A",0.0847457627118644
"13-14","16_A",0.0433107937850791
"13-14","17_A",0.0442477876106194
"13-14","18_A",0.0851239669421487
"13-14","19_A",43
"13-14","2_A",6.22665093848009
"13-14","20_A",1.13675980549331
"13-14","21_A",151.059666541039
"13-14","22_A",302.119333082078
"13-14","23_A",0.780696446305282
"13-14","24_A",109.958570610393
"13-14","25_A",0.669657333698333
"13-14","26_A",0.774916959222432
"13-14","27_A",3.95131669648917
"13-14","28_A",0.304743470636848
"13-14","29_A",31.2258072719081
"13-14","3_A",125.5
"13-14","30_A",68.7313611097583
"13-14","31_A",2.64351388883686
"13-14","32_A",11.6177204550389
"13-14","33_A",4724
"13-14","34_A",0.714285714285714
"13-14","35_A",8
"13-14","36_A",12.3210897201058
"13-14","37_A",0.89696498923484
"13-14","4_A",-5.12408727355701
"13-14","40_A",25
"13-14","41_A",0.714285714285714
"13-14","42_A",0.678208609481745
"13-14","43_A",0.636085626911315
"13-14","47_A",0.467213925427752
"13-14","5_A",10.2789216412696
"13-14","53_A",2.95910520015409
"13-14","54_A",6.77206310233171
"13-14","55_A",45.8608386619625
"13-14","57_A",0.442652216831538
"13-14","58_A",1.74789622202316
"13-14","59_A",43.9022084705702
"13-14","6_A",1.13330395219788
"13-14","60_A",1.41421356237309
"13-14","61_A",208
"13-14","62_A",8
"13-14","64_A",8
"13-14","65_A",10.4861132270443
"13-14","66_1_A",208
"13-14","66_2_A",68.7313611097583
"13-14","66_3_A",54.0319883630427
"13-14","67_A",0.343760525970066
"13-14","68_A",0.357953546013006
"13-14","69_A",0.733183856502242
"13-14","7_A",93.1216264465587
"13-14","75_A",0.0276126913501775
"13-14","77_A",11.6177204550389
"13-14","81_A",0.636872261543647
"13-14","9_A",0.466367713004484
"13-14","93_A",0.304813524325719
"13-14","94_A",0.355185985101541
"13-14","95_A",91.7216773239251
"13-14","99_A",19.7625219635474
"14-15","10_A",22.364614193668
"14-15","100_A",0.498104089219331
"14-15","104_A",4.5
"14-15","11_A",0.638988976961943
"14-15","12_A",15.9747244240486
"14-15","13_A",0.611775833270707
"14-15","14_A",1.40866591394314
"14-15","15_A",0.298754646840149
"14-15","16_A",0.162596063324365
"14-15","17_A",0.175609383023589
"14-15","18_A",0.245652706343375
"14-15","19_A",54
"14-15","2_A",4.80571462602732
"14-15","20_A",1.34310914252515
"14-15","21_A",181.323219765448
"14-15","22_A",362.646439530895
"14-15","23_A",1.05441753343169
"14-15","24_A",139.844101757739
"14-15","25_A",0.722253250250667
"14-15","26_A",0.723805731650676
"14-15","27_A",3.61902865825338
"14-15","28_A",0.555898167404086
"14-15","29_A",26.1947368585185
"14-15","3_A",143.5
"14-15","30_A",79.4292137692424
"14-15","31_A",3.17716855076969
"14-15","32_A",13.4259875933632
"14-15","33_A",6309
"14-15","34_A",0.657142857142857
"14-15","35_A",9.32
"14-15","36_A",13.077779471798
"14-15","37_A",0.883111178871921
"14-15","4_A",-4.74125536972031
"14-15","40_A",23
"14-15","41_A",0.657142857142857
"14-15","42_A",0.776409575736392
"14-15","43_A",0.774086378737541
"14-15","47_A",0.802569647627528
"14-15","5_A",8.47917851612735
"14-15","53_A",5.46210794729925
"14-15","54_A",7.47763214072743
"14-15","55_A",55.9149824320399
"14-15","57_A",0.53360594795539
"14-15","58_A",3.42646101430011
"14-15","59_A",43.0979946363877
"14-15","6_A",1.49065204523325
"14-15","60_A",1.41421356237309
"14-15","61_A",233
"14-15","62_A",9.32
"14-15","64_A",9.32
"14-15","65_A",11.8255698280353
"14-15","66_1_A",233
"14-15","66_2_A",79.4292137692424
"14-15","66_3_A",62.7055207719558
"14-15","67_A",0.542375742964789
"14-15","68_A",0.56292902170538
"14-15","69_A",0.815718157181572
"14-15","7_A",99.6208178438662
"14-15","75_A",0.00384024577572961
"14-15","77_A",13.4259875933632
"14-15","81_A",0.890472829922371
"14-15","9_A",0.631436314363144
"14-15","93_A",0.670243280569425
"14-15","94_A",0.385509913772301
"14-15","95_A",111.82996486408
"14-15","99_A",17.9052209648354
"15-16","10_A",25.4003398065898
"15-16","100_A",0.491958762886598
"15-16","104_A",6.5
"15-16","11_A",0.725723994473994
"15-16","12_A",17.4173758673759
"15-16","13_A",0.564865704326795
"15-16","14_A",1.30065135032646
"15-16","15_A",0.0482474226804124
"15-16","16_A",0.0244219265893746
"15-16","17_A",0.0247200507077964
"15-16","18_A",0.127066603684459
"15-16","19_A",28
"15-16","2_A",5.46635097869804
"15-16","20_A",1.22721885357241
"15-16","21_A",74.1850428850429
"15-16","22_A",148.370085770086
"15-16","23_A",0.979080991607706
"15-16","24_A",57.0656615429965
"15-16","25_A",0.733219992874314
"15-16","26_A",0.805464026224436
"15-16","27_A",3.94595174083519
"15-16","28_A",0.479299794063765
"15-16","29_A",31.1410702820006
"15-16","3_A",62.5
"15-16","30_A",38.1706693679846
"15-16","31_A",1.59044455699936
"15-16","32_A",6.45202072443753
"15-16","33_A",1457
"15-16","34_A",0.685714285714286
"15-16","35_A",4.04166666666667
"15-16","36_A",7.44921685868924
"15-16","37_A",0.852050702445385
"15-16","4_A",-4.24802612100788
"15-16","40_A",24
"15-16","41_A",0.685714285714286
"15-16","42_A",0.761040117715036
"15-16","43_A",0.659863945578231
"15-16","47_A",0.648131672597865
"15-16","5_A",10.4633902142409
"15-16","53_A",3.95969003710198
"15-16","54_A",4.80070338528937
"15-16","55_A",23.0467529935288
"15-16","57_A",0.492268041237113
"15-16","58_A",1.9399906880447
"15-16","59_A",29.3149746165346
"15-16","6_A",0.881338302072322
"15-16","60_A",1.41421356237309
"15-16","61_A",97
"15-16","62_A",4.04166666666667
"15-16","64_A",4.04166666666667
"15-16","65_A",7.55418172557402
"15-16","66_1_A",97
"15-16","66_2_A",38.1706693679846
"15-16","66_3_A",32.6185023000779
"15-16","67_A",0.448868744842536
"15-16","68_A",0.479315432837581
"15-16","69_A",0.746192893401015
"15-16","7_A",98.3917525773196
"15-16","75_A",0.117092268806174
"15-16","77_A",6.45202072443753
"15-16","81_A",0.786504723346829
"15-16","9_A",0.49238578680203
"15-16","93_A",0.479434024350115
"15-16","94_A",0.387472358182915
"15-16","95_A",46.0935059870576
"15-16","99_A",18.7202791461412
"16-17","10_A",18.1444225331443
"16-17","100_A",0.21008018327606
"16-17","104_A",3.5
"16-17","11_A",0.518412072375552
"16-17","12_A",9.84982937513549
"16-17","13_A",0.373538645235899
"16-17","14_A",0.860104516177372
"16-17","15_A",0.101506567460333
"16-17","16_A",0.0522926000450057
"16-17","17_A",0.0534669047153586
"16-17","18_A",0.0815109343936382
"16-17","19_A",5
"16-17","2_A",3.01190130174037
"16-17","20_A",0.652437821407554
"16-17","21_A",20.1066123208719
"16-17","22_A",40.2132246417438
"16-17","23_A",0.233319042104726
"16-17","24_A",17.6570681847834
"16-17","25_A",0.479566759019382
"16-17","26_A",0.649587691867287
"16-17","27_A",2.83148710381734
"16-17","28_A",0.0272188877043336
"16-17","29_A",16.0346384381678
"16-17","3_A",20
"16-17","30_A",9.8488578017961
"16-17","31_A",0.518360936936637
"16-17","32_A",1.66476081508082
"16-17","33_A",97
"16-17","34_A",0.514285714285714
"16-17","35_A",1.84210526315789
"16-17","36_A",4.38860007328041
"16-17","37_A",0.599400003856864
"16-17","4_A",-4.43877866069208
"16-17","40_A",18
"16-17","41_A",0.514285714285714
"16-17","42_A",0.433099736734464
"16-17","43_A",0.315315315315315
"16-17","47_A",0.0585042219541616
"16-17","5_A",5.37679608155244
"16-17","53_A",1.45815554693447
"16-17","54_A",2.55128257130354
"16-17","55_A",6.50904275863718
"16-17","57_A",0.18602520045819
"16-17","58_A",0.46052492209563
"16-17","59_A",18.0874937290759
"16-17","6_A",2.22156157611313
"16-17","60_A",1.41421356237309
"16-17","61_A",35
"16-17","62_A",1.84210526315789
"16-17","64_A",1.84210526315789
"16-17","65_A",4.20203143548254
"16-17","66_1_A",35
"16-17","66_2_A",9.8488578017961
"16-17","66_3_A",7.06737661472195
"16-17","67_A",0
"16-17","68_A",0.038408738786664
"16-17","69_A",0.593582887700535
"16-17","7_A",42.0160366552119
"16-17","75_A",0.00042685402166953
"16-17","77_A",1.66476081508082
"16-17","81_A",0.110541310541311
"16-17","9_A",0.18716577540107
"16-17","93_A",0.0301335818577197
"16-17","94_A",0.119516838601928
"16-17","95_A",13.0180855172744
"16-17","99_A",11.2405913978495
"17-18","10_A",20.8398391674923
"17-18","100_A",0.484369114877589
"17-18","104_A",4
"17-18","11_A",0.595423976214064
"17-18","12_A",11.9084795242813
"17-18","13_A",0.48996657623285
"17-18","14_A",1.12818973449909
"17-18","15_A",0.0307674199623352
"17-18","16_A",0.0155038953669422
"17-18","17_A",0.0156240660825075
"17-18","18_A",0.0881897885507995
"17-18","19_A",23
"17-18","2_A",3.63218657288934
"17-18","20_A",1.04878678146391
"17-18","21_A",58.9126167898872
"17-18","22_A",117.825233579774
"17-18","23_A",0.820398231955027
"17-18","24_A",40.8347350080687
"17-18","25_A",0.597725475504066
"17-18","26_A",0.712658989745458
"17-18","27_A",3.18710789169434
"17-18","28_A",0.336526629497467
"17-18","29_A",20.3153134266007
"17-18","3_A",61.5
"17-18","30_A",35.1852241715184
"17-18","31_A",1.75926120857592
"17-18","32_A",5.94738838242708
"17-18","33_A",1238
"17-18","34_A",0.457142857142857
"17-18","35_A",5
"17-18","36_A",6.72242330444923
"17-18","37_A",0.736121165222461
"17-18","4_A",-4.42583575324505
"17-18","40_A",16
"17-18","41_A",0.457142857142857
"17-18","42_A",0.614717006368452
"17-18","43_A",0.649350649350649
"17-18","47_A",0.504688136975132
"17-18","5_A",6.70810802440036
"17-18","53_A",2.6449695055023
"17-18","54_A",4.14225636448266
"17-18","55_A",17.1582877890971
"17-18","57_A",0.471186440677966
"17-18","58_A",1.8518439643683
"17-18","59_A",26.8778643067411
"17-18","6_A",2.00718135165143
"17-18","60_A",1.4142135623731
"17-18","61_A",100
"17-18","62_A",5
"17-18","64_A",5
"17-18","65_A",6.39020617883873
"17-18","66_1_A",100
"17-18","66_2_A",35.1852241715184
"17-18","66_3_A",27.5040214504638
"17-18","67_A",0.320585403669671
"17-18","68_A",0.351749587335884
"17-18","69_A",0.740384615384615
"17-18","7_A",96.8738229755179
"17-18","75_A",0.00115235637313305
"17-18","77_A",5.94738838242708
"17-18","81_A",0.670820915740992
"17-18","9_A",0.480769230769231
"17-18","93_A",0.337513631406761
"17-18","94_A",0.352359735877875
"17-18","95_A",34.3165755781941
"17-18","99_A",13.0944129476918
"18-19","10_A",16.6072456839344
"18-19","100_A",0.305084745762712
"18-19","104_A",3.5
"18-19","11_A",0.474492733826696
"18-19","12_A",10.913332878014
"18-19","13_A",0.338583788094636
"18-19","14_A",0.779617983196165
"18-19","15_A",0.104853235414339
"18-19","16_A",0.0551386807310291
"18-19","17_A",0.0553272376439211
"18-19","18_A",0.0820901351245801
"18-19","19_A",18
"18-19","2_A",3.26589923799666
"18-19","20_A",0.77433878355074
"18-19","21_A",35.3764325509396
"18-19","22_A",70.7528651018792
"18-19","23_A",0.554977790468259
"18-19","24_A",27.4650460835561
"18-19","25_A",0.479576762075942
"18-19","26_A",0.600014019282956
"18-19","27_A",2.87756614810677
"18-19","28_A",0.154000173956516
"18-19","29_A",16.56077387346
"18-19","3_A",45
"18-19","30_A",23.5372045918796
"18-19","31_A",1.02335672138607
"18-19","32_A",3.97851372104853
"18-19","33_A",554
"18-19","34_A",0.6
"18-19","35_A",3.1304347826087
"18-19","36_A",5.8295617911767
"18-19","37_A",0.557807034398987
"18-19","4_A",-4.6469594913113
"18-19","40_A",21
"18-19","41_A",0.6
"18-19","42_A",0.482446502554166
"18-19","43_A",0.467532467532468
"18-19","47_A",0.297529538131042
"18-19","5_A",5.50798091467669
"18-19","53_A",1.98159959730101
"18-19","54_A",3.28173158068994
"18-19","55_A",10.7697621676977
"18-19","57_A",0.305084745762712
"18-19","58_A",0.878046745989247
"18-19","59_A",26.6021837902741
"18-19","6_A",1.90290805758043
"18-19","60_A",1.4142135623731
"18-19","61_A",72
"18-19","62_A",3.1304347826087
"18-19","64_A",3.1304347826087
"18-19","65_A",5.24071045599316
"18-19","66_1_A",72
"18-19","66_2_A",23.5372045918796
"18-19","66_3_A",19.2559997040437
"18-19","67_A",0.115940521992305
"18-19","68_A",0.174763406940063
"18-19","69_A",0.652542372881356
"18-19","7_A",61.0169491525424
"18-19","75_A",0.00042685402166953
"18-19","77_A",3.97851372104853
"18-19","81_A",0.458609271523179
"18-19","9_A",0.305084745762712
"18-19","93_A",0.174763406940063
"18-19","94_A",0.199467835524403
"18-19","95_A",21.5395243353954
"18-19","99_A",12.9329051796157
"19-20","10_A",19.4828965921765
"19-20","100_A",0.45882461311717
"19-20","104_A",3.5
"19-20","11_A",0.5566541883479
"19-20","12_A",13.3597005203496
"19-20","13_A",0.42660659071622
"19-20","14_A",0.982297976356179
"19-20","15_A",0.126207028077154
"19-20","16_A",0.0666600575995082
"19-20","17_A",0.0673537738524248
"19-20","18_A",0.09891564424986
"19-20","19_A",37
"19-20","2_A",4.2879494373734
"19-20","20_A",1.05454008485901
"19-20","21_A",90.555450049162
"19-20","22_A",181.110900098324
"19-20","23_A",0.800454704050103
"19-20","24_A",61.3673454622109
"19-20","25_A",0.580310041438305
"19-20","26_A",0.653216773133118
"19-20","27_A",3.200095571207
"19-20","28_A",0.320363866617969
"19-20","29_A",20.4812233297173
"19-20","3_A",91.5
"19-20","30_A",48.9489530020817
"19-20","31_A",2.03953970842007
"19-20","32_A",8.2738831788431
"19-20","33_A",2396
"19-20","34_A",0.628571428571429
"19-20","35_A",6.08333333333333
"19-20","36_A",9.32391233129128
"19-20","37_A",0.680163013803803
"19-20","4_A",-4.79012433504228
"19-20","40_A",22
"19-20","41_A",0.628571428571429
"19-20","42_A",0.605747949854477
"19-20","43_A",0.651785714285714
"19-20","47_A",0.604897753092653
"19-20","5_A",6.57558212451062
"19-20","53_A",2.460408150063
"19-20","54_A",5.11795435845879
"19-20","55_A",26.1934568152673
"19-20","57_A",0.457535003684598
"19-20","58_A",1.87179055227821
"19-20","59_A",37.1502163415309
"19-20","6_A",1.7805307790298
"19-20","60_A",1.4142135623731
"19-20","61_A",146
"19-20","62_A",6.08333333333333
"19-20","64_A",6.08333333333333
"19-20","65_A",7.83373126053038
"19-20","66_1_A",146
"19-20","66_2_A",48.9489530020817
"19-20","66_3_A",40.0769352625962
"19-20","67_A",0.289573951913107
"19-20","68_A",0.330984681469112
"19-20","69_A",0.741721854304636
"19-20","7_A",91.764922623434
"19-20","75_A",0.00070891973368159
"19-20","77_A",8.2738831788431
"19-20","81_A",0.753814692464999
"19-20","9_A",0.483443708609272
"19-20","93_A",0.433586681143684
"19-20","94_A",0.267059585008871
"19-20","95_A",52.3869136305347
"19-20","99_A",15.5276960784314
"20-21","10_A",23.1273908523086
"20-21","100_A",0.457822370865849
"20-21","104_A",5
"20-21","11_A",0.660782595780246
"20-21","12_A",15.1979997029457
"20-21","13_A",0.552359806465689
"20-21","14_A",1.27185545633697
"20-21","15_A",0.103735335094068
"20-21","16_A",0.0532965539722439
"20-21","17_A",0.054705093130665
"20-21","18_A",0.0908905748765212
"20-21","19_A",31
"20-21","2_A",5.00338143822536
"20-21","20_A",1.03768758399164
"20-21","21_A",88.1119414861963
"20-21","22_A",176.223882972393
"20-21","23_A",0.774659580103532
"20-21","24_A",62.9732489052194
"20-21","25_A",0.612818445887456
"20-21","26_A",0.746859703629285
"20-21","27_A",3.58181331015732
"20-21","28_A",0.300048732523091
"20-21","29_A",25.6587731776403
"20-21","3_A",88
"20-21","30_A",46.7867502611583
"20-21","31_A",2.03420653309384
"20-21","32_A",7.9084042096277
"20-21","33_A",2189
"20-21","34_A",0.628571428571429
"20-21","35_A",6.30434782608696
"20-21","36_A",9.04148758014436
"20-21","37_A",0.827890764354103
"20-21","4_A",-4.77923588635307
"20-21","40_A",22
"20-21","41_A",0.628571428571429
"20-21","42_A",0.614595030227328
"20-21","43_A",0.650224215246637
"20-21","47_A",0.505309325946445
"20-21","5_A",8.49240707906795
"20-21","53_A",2.33739252131845
"20-21","54_A",5.11007297061035
"20-21","55_A",26.1128457649625
"20-21","57_A",0.454710144927536
"20-21","58_A",1.85896911572813
"20-21","59_A",35.7540025906306
"20-21","6_A",1.48411827163434
"20-21","60_A",1.41421356237309
"20-21","61_A",145
"20-21","62_A",6.30434782608696
"20-21","64_A",6.30434782608696
"20-21","65_A",7.9355685936938
"20-21","66_1_A",145
"20-21","66_2_A",46.7867502611583
"20-21","66_3_A",36.0125984712142
"20-21","67_A",0.274226468201328
"20-21","68_A",0.304685798927018
"20-21","69_A",0.740863787375415
"20-21","7_A",91.5644741731698
"20-21","75_A",0.009748644739214
"20-21","77_A",7.9084042096277
"20-21","81_A",0.671369421867812
"20-21","9_A",0.481727574750831
"20-21","93_A",0.338069498069498
"20-21","94_A",0.295365521194116
"20-21","95_A",52.225691529925
"20-21","99_A",16.8733233938737
"21-22","10_A",18.7739563872424
"21-22","100_A",0.270274299344067
"21-22","104_A",4
"21-22","11_A",0.536398753921213
"21-22","12_A",10.191576324503
"21-22","13_A",0.370968766291556
"21-22","14_A",0.854187151229328
"21-22","15_A",0.0162653961267781
"21-22","16_A",0.00819306169663103
"21-22","17_A",0.00819938115462626
"21-22","18_A",0.0463493386105613
"21-22","19_A",49
"21-22","2_A",3.61302170068216
"21-22","20_A",0.712210224038385
"21-22","21_A",44.5088474642141
"21-22","22_A",89.0176949284282
"21-22","23_A",0.522351449347998
"21-22","24_A",29.5480626208329
"21-22","25_A",0.39391166823386
"21-22","26_A",0.682744408308013
"21-22","27_A",2.9760138800821
"21-22","28_A",0.136425518317977
"21-22","29_A",17.7133172288826
"21-22","3_A",67
"21-22","30_A",50.4479930225178
"21-22","31_A",2.65515752750093
"21-22","32_A",8.52726718909908
"21-22","33_A",2545
"21-22","34_A",0.457142857142857
"21-22","35_A",4.47368421052632
"21-22","36_A",3.23806082647293
"21-22","37_A",0.591476885603838
"21-22","4_A",-4.86542429248037
"21-22","40_A",16
"21-22","41_A",0.457142857142857
"21-22","42_A",0.413592449077404
"21-22","43_A",0.454545454545455
"21-22","47_A",0.425941422594142
"21-22","5_A",5.99055686569891
"21-22","53_A",1.08810210561645
"21-22","54_A",3.56403234192458
"21-22","55_A",12.7023265342844
"21-22","57_A",0.267590936195587
"21-22","58_A",0.833331372553633
"21-22","59_A",20.4309008165902
"21-22","6_A",2.01149450405914
"21-22","60_A",1.41421356237309
"21-22","61_A",85
"21-22","62_A",4.47368421052632
"21-22","64_A",4.47368421052632
"21-22","65_A",5.43581296779359
"21-22","66_1_A",85
"21-22","66_2_A",50.4479930225178
"21-22","66_3_A",49.1113668527154
"21-22","67_A",0.130397372506472
"21-22","68_A",0.155527656050486
"21-22","69_A",0.647058823529412
"21-22","7_A",54.0548598688134
"21-22","75_A",0.00196321194241589
"21-22","77_A",8.52726718909908
"21-22","81_A",0.597417840375587
"21-22","9_A",0.294117647058824
"21-22","93_A",0.270600744284955
"21-22","94_A",0.250562458307364
"21-22","95_A",25.4046530685688
"21-22","99_A",11.1899110094076
"22-23","10_A",24.7046016465452
"22-23","100_A",0.598908986505886
"22-23","104_A",4.5
"22-23","11_A",0.705845761329861
"22-23","12_A",13.4110694652674
"22-23","13_A",0.629060117292393
"22-23","14_A",1.44846444867455
"22-23","15_A",0.188989376973873
"22-23","16_A",0.0994387177842215
"22-23","17_A",0.104355752843724
"22-23","18_A",0.176475713352211
"22-23","19_A",66
"22-23","2_A",5.48795461575104
"22-23","20_A",1.45252874502079
"22-23","21_A",133.883308345827
"22-23","22_A",267.766616691654
"22-23","23_A",1.05214268102008
"22-23","24_A",104.174337392155
"22-23","25_A",0.811740626862884
"22-23","26_A",0.779798065098531
"22-23","27_A",3.39906096213305
"22-23","28_A",0.553502110612064
"22-23","29_A",23.1072308485937
"22-23","3_A",117.5
"22-23","30_A",76.3347889235308
"22-23","31_A",4.01762046965952
"22-23","32_A",12.9029343285051
"22-23","33_A",5827
"22-23","34_A",0.514285714285714
"22-23","35_A",8.89473684210526
"22-23","36_A",8.41205128116943
"22-23","37_A",0.916423751640496
"22-23","4_A",-4.30962839073128
"22-23","40_A",18
"22-23","41_A",0.514285714285714
"22-23","42_A",0.859725383270115
"22-23","43_A",0.800947867298578
"22-23","47_A",0.831478310502283
"22-23","5_A",7.66485744753987
"22-23","53_A",5.29161013067083
"22-23","54_A",6.47352045366984
"22-23","55_A",41.9064670640818
"22-23","57_A",0.618647717484927
"22-23","58_A",4.02378557270492
"22-23","59_A",30.363670973574
"22-23","6_A",1.79398740368981
"22-23","60_A",1.41421356237309
"22-23","61_A",169
"22-23","62_A",8.89473684210526
"22-23","64_A",8.89473684210526
"22-23","65_A",10.2065830419467
"22-23","66_1_A",169
"22-23","66_2_A",76.3347889235308
"22-23","66_3_A",68.0582689710547
"22-23","67_A",0.549900307702183
"22-23","68_A",0.567220599948583
"22-23","69_A",0.83399209486166
"22-23","7_A",119.781797301177
"22-23","75_A",0.0069803807773533
"22-23","77_A",12.9029343285051
"22-23","81_A",0.907985975847293
"22-23","9_A",0.66798418972332
"22-23","93_A",0.711564293564538
"22-23","94_A",0.47138517611314
"22-23","95_A",83.8129341281635
"22-23","99_A",14.6919018560895
"23-24","10_A",28.4059261323754
"23-24","100_A",0.539351851851852
"23-24","104_A",7
"23-24","11_A",0.81159788949644
"23-24","12_A",17.0435556794252
"23-24","13_A",0.721179718725045
"23-24","14_A",1.66057766970593
"23-24","15_A",0.282051282051282
"23-24","16_A",0.163339973465924
"23-24","17_A",0.164179104477612
"23-24","18_A",0.224165341812401
"23-24","19_A",17
"23-24","2_A",4.66288259799249
"23-24","20_A",1.30492433996809
"23-24","21_A",68.5397312027747
"23-24","22_A",137.079462405549
"23-24","23_A",0.881835805389388
"23-24","24_A",54.6257725121631
"23-24","25_A",0.829699837077631
"23-24","26_A",0.870935351826222
"23-24","27_A",3.99112717515666
"23-24","28_A",0.388817193833375
"23-24","29_A",31.8581922565479
"23-24","3_A",52
"23-24","30_A",28.4077454226836
"23-24","31_A",1.35274978203255
"23-24","32_A",4.80178538224511
"23-24","33_A",807
"23-24","34_A",0.571428571428571
"23-24","35_A",4.14285714285714
"23-24","36_A",7.5000897452558
"23-24","37_A",1.02381379739313
"23-24","4_A",-3.97381614414823
"23-24","40_A",20
"23-24","41_A",0.571428571428571
"23-24","42_A",0.823744823902706
"23-24","43_A",0.701612903225806
"23-24","47_A",0.561196105702364
"23-24","5_A",10.7609988350582
"23-24","53_A",5.34054256095274
"23-24","54_A",4.62044409812313
"23-24","55_A",21.3485036638809
"23-24","57_A",0.540354938271605
"23-24","58_A",2.35133355747578
"23-24","59_A",27.7453648744458
"23-24","6_A",0.660036736781311
"23-24","60_A",1.4142135623731
"23-24","61_A",87
"23-24","62_A",4.14285714285714
"23-24","64_A",4.14285714285714
"23-24","65_A",7.39092501058988
"23-24","66_1_A",87
"23-24","66_2_A",28.4077454226836
"23-24","66_3_A",21.8243590463744
"23-24","67_A",0.347406592831147
"23-24","68_A",0.390569876366563
"23-24","69_A",0.770186335403727
"23-24","7_A",107.87037037037
"23-24","75_A",0.255449694507585
"23-24","77_A",4.80178538224511
"23-24","81_A",0.718930957683742
"23-24","9_A",0.540372670807453
"23-24","93_A",0.390043499275012
"23-24","94_A",0.353288570941047
"23-24","95_A",42.6970073277617
"23-24","99_A",17.7564317261686
"24-25","10_A",27.0479184427394
"24-25","100_A",0.34369918699187
"24-25","104_A",7
"24-25","11_A",0.772797669792555
"24-25","12_A",17.7743464052288
"24-25","13_A",0.588645527055863
"24-25","14_A",1.35540641565645
"24-25","15_A",0.00162601626016268
"24-25","16_A",0.00081333889015644
"24-25","17_A",0.00081366965012208
"24-25","18_A",0.121378592494073
"24-25","19_A",16
"24-25","2_A",4.89357908183315
"24-25","20_A",1.00480783843861
"24-25","21_A",55.852614379085
"24-25","22_A",111.70522875817
"24-25","23_A",0.471911475230864
"24-25","24_A",43.0095142828513
"24-25","25_A",0.673677620262027
"24-25","26_A",0.835889349241441
"24-25","27_A",4.00878449109346
"24-25","28_A",0.111350220227285
"24-25","29_A",32.1407061920629
"24-25","3_A",53.5
"24-25","30_A",28.7576076890968
"24-25","31_A",1.25033076909117
"24-25","32_A",4.86092289885073
"24-25","33_A",827
"24-25","34_A",0.628571428571429
"24-25","35_A",3.95652173913043
"24-25","36_A",6.49648562098698
"24-25","37_A",0.891151548738564
"24-25","4_A",-4.38196716863799
"24-25","40_A",22
"24-25","41_A",0.628571428571429
"24-25","42_A",0.622205943508531
"24-25","43_A",0.619047619047619
"24-25","47_A",0.342443064182195
"24-25","5_A",10.84556103702
"24-25","53_A",3.02705918602556
"24-25","54_A",4.13970245521473
"24-25","55_A",17.1371364177109
"24-25","57_A",0.422357723577236
"24-25","58_A",1.62499245539217
"24-25","59_A",29.6044734643742
"24-25","6_A",0.81851196226877
"24-25","60_A",1.41421356237309
"24-25","61_A",91
"24-25","62_A",3.95652173913043
"24-25","64_A",3.95652173913043
"24-25","65_A",6.55816394144362
"24-25","66_1_A",91
"24-25","66_2_A",28.7576076890968
"24-25","66_3_A",21.7513321067237
"24-25","67_A",0.0689089699024082
"24-25","68_A",0.112695514904418
"24-25","69_A",0.724137931034483
"24-25","7_A",68.739837398374
"24-25","75_A",0.155630249391433
"24-25","77_A",4.86092289885073
"24-25","81_A",0.5101789019124
"24-25","9_A",0.448275862068966
"24-25","93_A",0.206595053709718
"24-25","94_A",0.202469530303457
"24-25","95_A",34.2742728354217
"24-25","99_A",18.9593539136302
"25-26","10_A",22.6257612542715
"25-26","100_A",0.334349593495935
"25-26","104_A",6
"25-26","11_A",0.646450321550613
"25-26","12_A",15.5148077172147
"25-26","13_A",0.412666141529489
"25-26","14_A",0.950198905869173
"25-26","15_A",0.0797448416599928
"25-26","16_A",0.0409666960546566
"25-26","17_A",0.0415282528020544
"25-26","18_A",0.0619021837213499
"25-26","19_A",22
"25-26","2_A",4.68918391094108
"25-26","20_A",0.889608674432252
"25-26","21_A",48.1001508445323
"25-26","22_A",96.2003016890646
"25-26","23_A",0.574727223937201
"25-26","24_A",33.7554382000055
"25-26","25_A",0.521540341373612
"25-26","26_A",0.759361062692367
"25-26","27_A",3.72009426826777
"25-26","28_A",0.165155690967281
"25-26","29_A",27.6782027295975
"25-26","3_A",51.5
"25-26","30_A",30.4138126514911
"25-26","31_A",1.26724219381213
"25-26","32_A",5.14087263298474
"25-26","33_A",925
"25-26","34_A",0.6
"25-26","35_A",3.375
"25-26","36_A",4.12924667285379
"25-26","37_A",0.672051944702241
"25-26","4_A",-4.65035653946353
"25-26","40_A",21
"25-26","41_A",0.6
"25-26","42_A",0.526964209507086
"25-26","43_A",0.5
"25-26","47_A",0.284527837588434
"25-26","5_A",9.31707638275603
"25-26","53_A",1.72109196284256
"25-26","54_A",3.76303012298522
"25-26","55_A",14.1603957064942
"25-26","57_A",0.333231707317073
"25-26","58_A",0.999997160501889
"25-26","59_A",25.0535955589477
"25-26","6_A",1.06316636002147
"25-26","60_A",1.41421356237309
"25-26","61_A",81
"25-26","62_A",3.375
"25-26","64_A",3.375
"25-26","65_A",5.80994304619293
"25-26","66_1_A",81
"25-26","66_2_A",30.4138126514911
"25-26","66_3_A",24.8724166740581
"25-26","67_A",0.13439486687408
"25-26","68_A",0.165267838640565
"25-26","69_A",0.666666666666667
"25-26","7_A",66.869918699187
"25-26","75_A",0.0609285679740774
"25-26","77_A",5.14087263298474
"25-26","81_A",0.443007662835249
"25-26","9_A",0.333333333333333
"25-26","93_A",0.165859781244397
"25-26","94_A",0.24980278426492
"25-26","95_A",28.3207914129883
"25-26","99_A",16.7106168198273
"26-27","10_A",22.9562857849529
"26-27","100_A",0.427649325626204
"26-27","104_A",6.5
"26-27","11_A",0.655893879570082
"26-27","12_A",17.0532408688221
"26-27","13_A",0.541840963319558
"26-27","14_A",1.24763492491315
"26-27","15_A",0.10626204238921
"26-27","16_A",0.0546228490116815
"26-27","17_A",0.0561123263977209
"26-27","18_A",0.145227982335237
"26-27","19_A",39
"26-27","2_A",4.87306894269436
"26-27","20_A",1.00214122735441
"26-27","21_A",78.4157497064375
"26-27","22_A",156.831499412875
"26-27","23_A",0.68050711328864
"26-27","24_A",62.688778906272
"26-27","25_A",0.667653697469272
"26-27","26_A",0.759500613499414
"26-27","27_A",3.8727084488192
"26-27","28_A",0.231544965618219
"26-27","29_A",29.9957414591113
"26-27","3_A",82
"26-27","30_A",48.2597140480546
"26-27","31_A",1.8561428480021
"26-27","32_A",8.15738053193898
"26-27","33_A",2329
"26-27","34_A",0.657142857142857
"26-27","35_A",4.80769230769231
"26-27","36_A",7.92658015264415
"26-27","37_A",0.80486846740939
"26-27","4_A",-4.74628434889097
"26-27","40_A",23
"26-27","41_A",0.657142857142857
"26-27","42_A",0.633672854598147
"26-27","43_A",0.598086124401914
"26-27","47_A",0.439102564102564
"26-27","5_A",10.0846513247659
"26-27","53_A",3.42025837625978
"26-27","54_A",4.93106236162618
"26-27","55_A",24.3153760142464
"26-27","57_A",0.407225433526012
"26-27","58_A",1.48809134071315
"26-27","59_A",32.2155313994891
"26-27","6_A",0.849412132513767
"26-27","60_A",1.4142135623731
"26-27","61_A",125
"26-27","62_A",4.80769230769231
"26-27","64_A",4.80769230769231
"26-27","65_A",7.91762457472391
"26-27","66_1_A",125
"26-27","66_2_A",48.2597140480546
"26-27","66_3_A",41.3175812910226
"26-27","67_A",0.206954851348918
"26-27","68_A",0.23155187936834
"26-27","69_A",0.713310580204778
"26-27","7_A",85.5298651252408
"26-27","75_A",0.10168625364737
"26-27","77_A",8.15738053193898
"26-27","81_A",0.610244988864143
"26-27","9_A",0.426621160409556
"26-27","93_A",0.281314168377823
"26-27","94_A",0.293874353692752
"26-27","95_A",48.6307520284928
"26-27","99_A",18.5131313131313
"27-28","10_A",23.0999412132583
"27-28","100_A",0.573972816747383
"27-28","104_A",5
"27-28","11_A",0.659998320378808
"27-28","12_A",16.4999580094702
"27-28","13_A",0.583479664578862
"27-28","14_A",1.34351157772445
"27-28","15_A",0.03056814039473
"27-28","16_A",0.015402691652435
"27-28","17_A",0.0155212988180544
"27-28","18_A",0.137644314171203
"27-28","19_A",57
"27-28","2_A",5.71474227368315
"27-28","20_A",1.25344436181041
"27-28","21_A",114.705562405075
"27-28","22_A",229.411124810149
"27-28","23_A",0.967531208417145
"27-28","24_A",85.6043274469916
"27-28","25_A",0.751009700857992
"27-28","26_A",0.748448622559189
"27-28","27_A",3.74224311279594
"27-28","28_A",0.46805831963057
"27-28","29_A",28.0087670305373
"27-28","3_A",104.5
"27-28","30_A",63.4192399828317
"27-28","31_A",2.53676959931327
"27-28","32_A",10.7198081006278
"27-28","33_A",4022
"27-28","34_A",0.657142857142857
"27-28","35_A",6.08
"27-28","36_A",11.4047316338481
"27-28","37_A",0.856189265353923
"27-28","4_A",-4.59711620232416
"27-28","40_A",23
"27-28","41_A",0.657142857142857
"27-28","42_A",0.753866307203251
"27-28","43_A",0.697247706422018
"27-28","47_A",0.708472784921613
"27-28","5_A",9.14676919830009
"27-28","53_A",3.63751796494394
"27-28","54_A",5.91083558506828
"27-28","55_A",34.9379773137095
"27-28","57_A",0.511951257615997
"27-28","58_A",2.30302332417174
"27-28","59_A",35.8872571592286
"27-28","6_A",1.33198358958576
"27-28","60_A",1.4142135623731
"27-28","61_A",152
"27-28","62_A",6.08
"27-28","64_A",6.08
"27-28","65_A",9.25226066683119
"27-28","66_1_A",152
"27-28","66_2_A",63.4192399828317
"27-28","66_3_A",57.9051163643358
"27-28","67_A",0.452626760836181
"27-28","68_A",0.473592330410198
"27-28","69_A",0.767605633802817
"27-28","7_A",114.794563349477
"27-28","75_A",0.0121089224972767
"27-28","77_A",10.7198081006278
"27-28","81_A",0.829363851943499
"27-28","9_A",0.535211267605634
"27-28","93_A",0.548554282596836
"27-28","94_A",0.393795439334934
"27-28","95_A",69.8759546274189
"27-28","99_A",18.1647907647908
"28-29","10_A",23.5666693127993
"28-29","100_A",0.36036036036036
"28-29","104_A",5.5
"28-29","11_A",0.673333408937124
"28-29","12_A",12.7933347698054
"28-29","13_A",0.609403823311786
"28-29","14_A",1.4032041591713
"28-29","15_A",0.207471517605399
"28-29","16_A",0.109774295488906
"28-29","17_A",0.115742382697452
"28-29","18_A",0.133841533841534
"28-29","19_A",33
"28-29","2_A",3.76461224345903
"28-29","20_A",1.00520222072434
"28-29","21_A",56.0789485024779
"28-29","22_A",112.157897004956
"28-29","23_A",0.709515461352632
"28-29","24_A",43.4865241679518
"28-29","25_A",0.624745350065564
"28-29","26_A",0.793749559609105
"28-29","27_A",3.459874116816
"28-29","28_A",0.251706094949219
"28-29","29_A",23.9414578084266
"28-29","3_A",56.5
"28-29","30_A",36.1662826400502
"28-29","31_A",1.90348856000264
"28-29","32_A",6.11321753019051
"28-29","33_A",1308
"28-29","34_A",0.457142857142857
"28-29","35_A",4.21052631578947
"28-29","36_A",5.34588321293171
"28-29","37_A",0.86030964278588
"28-29","4_A",-4.49151691266757
"28-29","40_A",16
"28-29","41_A",0.457142857142857
"28-29","42_A",0.625915719565794
"28-29","43_A",0.529801324503311
"28-29","47_A",0.435564435564436
"28-29","5_A",8.15215126176041
"28-29","53_A",2.6067322569321
"28-29","54_A",4.15208564358813
"28-29","55_A",17.2398151916906
"28-29","57_A",0.36036036036036
"28-29","58_A",1.12675627853246
"28-29","59_A",23.061589896535
"28-29","6_A",1.68225524078369
"28-29","60_A",1.4142135623731
"28-29","61_A",80
"28-29","62_A",4.21052631578947
"28-29","64_A",4.21052631578947
"28-29","65_A",6.59443129981288
"28-29","66_1_A",80
"28-29","66_2_A",36.1662826400502
"28-29","66_3_A",33.4078554915017
"28-29","67_A",0.249450522908968
"28-29","68_A",0.278416347381865
"28-29","69_A",0.68018018018018
"28-29","7_A",72.0720720720721
"28-29","75_A",0.0112241114465809
"28-29","77_A",6.11321753019051
"28-29","81_A",0.606819763395964
"28-29","9_A",0.36036036036036
"28-29","93_A",0.278416347381865
"28-29","94_A",0.325822366126579
"28-29","95_A",34.4796303833813
"28-29","99_A",13.3872294372294
"29-30","10_A",26.0329633645573
"29-30","100_A",0.487612612612613
"29-30","104_A",6
"29-30","11_A",0.743798953273065
"29-30","12_A",15.6197780187344
"29-30","13_A",0.524813071201722
"29-30","14_A",1.20842675435751
"29-30","15_A",0.271208708708709
"29-30","16_A",0.146307261778987
"29-30","17_A",0.156877646292476
"29-30","18_A",0.185185185185185
"29-30","19_A",22
"29-30","2_A",5.3292072122421
"29-30","20_A",1.13923352867504
"29-30","21_A",67.5473479714466
"29-30","22_A",135.094695942893
"29-30","23_A",0.735493887748111
"29-30","24_A",50.6124543529247
"29-30","25_A",0.671798059564732
"29-30","26_A",0.817601540248419
"29-30","27_A",3.74672094650086
"29-30","28_A",0.270475629457416
"29-30","29_A",28.0758357018966
"29-30","3_A",64.5
"29-30","30_A",37.8285606387555
"29-30","31_A",1.80136003041693
"29-30","32_A",6.39419379481998
"29-30","33_A",1431
"29-30","34_A",0.542857142857143
"29-30","35_A",5.09523809523809
"29-30","36_A",5.20420162234463
"29-30","37_A",0.819247696302125
"29-30","4_A",-4.35919001296795
"29-30","40_A",19
"29-30","41_A",0.542857142857143
"29-30","42_A",0.696438385022097
"29-30","43_A",0.681528662420382
"29-30","47_A",0.519042437431991
"29-30","5_A",9.41975754565675
"29-30","53_A",4.31954436378143
"29-30","54_A",4.51254432516587
"29-30","55_A",20.3630562865867
"29-30","57_A",0.514358108108108
"29-30","58_A",2.13998887205786
"29-30","59_A",27.4898096960482
"29-30","6_A",1.68458832889161
"29-30","60_A",1.41421356237309
"29-30","61_A",107
"29-30","62_A",5.09523809523809
"29-30","64_A",5.09523809523809
"29-30","65_A",7.11424306254184
"29-30","66_1_A",107
"29-30","66_2_A",37.8285606387555
"29-30","66_3_A",28.8901911532171
"29-30","67_A",0.279957473077714
"29-30","68_A",0.312109278469765
"29-30","69_A",0.758454106280193
"29-30","7_A",97.5225225225225
"29-30","75_A",0.00416287457444298
"29-30","77_A",6.39419379481998
"29-30","81_A",0.683381088825215
"29-30","9_A",0.516908212560386
"29-30","93_A",0.350477590007348
"29-30","94_A",0.336034035873089
"29-30","95_A",40.7261125731733
"29-30","99_A",16.6785714285714
"30-31","10_A",22.3672549019608
"30-31","100_A",0.347115384615385
"30-31","104_A",7
"30-31","11_A",0.639064425770308
"30-31","12_A",15.9766106442577
"30-31","13_A",0.475205453665511
"30-31","14_A",1.09420099371968
"30-31","15_A",0.104807692307692
"30-31","16_A",0.053853971264315
"30-31","17_A",0.0553018772196855
"30-31","18_A",0.125751776927283
"30-31","19_A",32
"30-31","2_A",3.61488184153736
"30-31","20_A",0.899140749867447
"30-31","21_A",48.7484593837535
"30-31","22_A",97.496918767507
"30-31","23_A",0.586529299692611
"30-31","24_A",37.462291396571
"30-31","25_A",0.548466753275871
"30-31","26_A",0.766948317893912
"30-31","27_A",3.83474158946956
"30-31","28_A",0.172008309698953
"30-31","29_A",29.410486116015
"30-31","3_A",59
"30-31","30_A",36.1939221417077
"30-31","31_A",1.44775688566831
"30-31","32_A",6.11788945867539
"30-31","33_A",1310
"30-31","34_A",0.571428571428571
"30-31","35_A",3.44
"30-31","36_A",4.02915822874121
"30-31","37_A",0.721166329149649
"30-31","4_A",-4.54615085196319
"30-31","40_A",20
"30-31","41_A",0.571428571428571
"30-31","42_A",0.558853095094902
"30-31","43_A",0.551282051282051
"30-31","47_A",0.447404371584699
"30-31","5_A",10.0664147995978
"30-31","53_A",2.38040722419578
"30-31","54_A",3.84617590356003
"30-31","55_A",14.7930690811258
"30-31","57_A",0.366185897435898
"30-31","58_A",1.22856721634097
"30-31","59_A",25.6558729969125
"30-31","6_A",0.773492468153762
"30-31","60_A",1.41421356237309
"30-31","61_A",86
"30-31","62_A",3.44
"30-31","64_A",3.44
"30-31","65_A",6.12064468798598
"30-31","66_1_A",86
"30-31","66_2_A",36.1939221417077
"30-31","66_3_A",32.6676153179085
"30-31","67_A",0.159285405377903
"30-31","68_A",0.199348841281331
"30-31","69_A",0.690265486725664
"30-31","7_A",69.4230769230769
"30-31","75_A",0.147865583337363
"30-31","77_A",6.11788945867539
"30-31","81_A",0.618216139688532
"30-31","9_A",0.380530973451327
"30-31","93_A",0.288165420149582
"30-31","94_A",0.254086829055621
"30-31","95_A",29.5861381622517
"30-31","99_A",16.9278787878788
"31-32","10_A",25.1177860476106
"31-32","100_A",0.509511993382961
"31-32","104_A",5.5
"31-32","11_A",0.717651029931732
"31-32","12_A",15.0706716285664
"31-32","13_A",0.585693126837846
"31-32","14_A",1.34860826292589
"31-32","15_A",0.170840709750711
"31-32","16_A",0.0926052975577647
"31-32","17_A",0.0933984867591425
"31-32","18_A",0.148420597144094
"31-32","19_A",46
"31-32","2_A",5.20217617312762
"31-32","20_A",1.21489364991243
"31-32","21_A",83.9560213665477
"31-32","22_A",167.912042733095
"31-32","23_A",0.968815861688165
"31-32","24_A",62.8582737335516
"31-32","25_A",0.694278928050036
"31-32","26_A",0.798350319355238
"31-32","27_A",3.65850076953754
"31-32","28_A",0.469302086929291
"31-32","29_A",26.7692557614136
"31-32","3_A",79.5
"31-32","30_A",49.6689037527506
"31-32","31_A",2.36518589298812
"31-32","32_A",8.39557706686767
"31-32","33_A",2467
"31-32","34_A",0.571428571428571
"31-32","35_A",5.38095238095238
"31-32","36_A",7.28586697057139
"31-32","37_A",0.870755570027209
"31-32","4_A",-4.38291203175948
"31-32","40_A",20
"31-32","41_A",0.571428571428571
"31-32","42_A",0.737268043159847
"31-32","43_A",0.672619047619048
"31-32","47_A",0.720923436586791
"31-32","5_A",8.93981644189653
"31-32","53_A",4.11914648432606
"31-32","54_A",5.07179837948641
"31-32","55_A",25.723138802161
"31-32","57_A",0.492762613730356
"31-32","58_A",2.05453611574493
"31-32","59_A",29.8104775058117
"31-32","6_A",1.33845252465095
"31-32","60_A",1.4142135623731
"31-32","61_A",113
"31-32","62_A",5.38095238095238
"31-32","64_A",5.38095238095238
"31-32","65_A",7.9283209908247
"31-32","66_1_A",113
"31-32","66_2_A",49.6689037527506
"31-32","66_3_A",46.3546934390052
"31-32","67_A",0.46693317327134
"31-32","68_A",0.494013304799405
"31-32","69_A",0.753363228699552
"31-32","7_A",101.902398676592
"31-32","75_A",0.0344553529686769
"31-32","77_A",8.39557706686767
"31-32","81_A",0.837833248429275
"31-32","9_A",0.506726457399103
"31-32","93_A",0.563628055745945
"31-32","94_A",0.392738346469444
"31-32","95_A",51.446277604322
"31-32","99_A",16.2284967320261
"32-33","10_A",21.9228365384615
"32-33","100_A",0.477783048703352
"32-33","104_A",4
"32-33","11_A",0.626366758241758
"32-33","12_A",12.5273351648352
"32-33","13_A",0.47029597782062
"32-33","14_A",1.08289650782482
"32-33","15_A",0.165919770971921
"32-33","16_A",0.0889559982053474
"32-33","17_A",0.0904648380948121
"32-33","18_A",0.103330261945505
"32-33","19_A",34
"32-33","2_A",4.79331062081129
"32-33","20_A",1.10511077797814
"32-33","21_A",73.1484432234432
"32-33","22_A",146.296886446886
"32-33","23_A",0.883895471454284
"32-33","24_A",51.1463485927992
"32-33","25_A",0.604077701350946
"32-33","26_A",0.723505899314164
"32-33","27_A",3.23561674597718
"32-33","28_A",0.390635602228695
"32-33","29_A",20.9384314536959
"32-33","3_A",72.5
"32-33","30_A",42.1070065428546
"32-33","31_A",2.10535032714273
"32-33","32_A",7.11738314671501
"32-33","33_A",1773
"32-33","34_A",0.514285714285714
"32-33","35_A",5.55
"32-33","36_A",6.71567372747194
"32-33","37_A",0.735783686373597
"32-33","4_A",-4.48781384844862
"32-33","40_A",18
"32-33","41_A",0.514285714285714
"32-33","42_A",0.646964557654715
"32-33","43_A",0.652941176470588
"32-33","47_A",0.640997830802603
"32-33","5_A",6.88281923870545
"32-33","53_A",2.7320961504657
"32-33","54_A",4.64838814849199
"32-33","55_A",21.6075123790408
"32-33","57_A",0.465883934218849
"32-33","58_A",1.88134859813258
"32-33","59_A",28.8955779268461
"32-33","6_A",1.94803160687471
"32-33","60_A",1.4142135623731
"32-33","61_A",111
"32-33","62_A",5.55
"32-33","64_A",5.55
"32-33","65_A",7.15166753930852
"32-33","66_1_A",111
"32-33","66_2_A",42.1070065428546
"32-33","66_3_A",35.8364494615965
"32-33","67_A",0.359921403526254
"32-33","68_A",0.399030062028869
"32-33","69_A",0.74235807860262
"32-33","7_A",95.5566097406705
"32-33","75_A",0.00187633455999281
"32-33","77_A",7.11738314671501
"32-33","81_A",0.781229345670853
"32-33","9_A",0.48471615720524
"32-33","93_A",0.471667996807662
"32-33","94_A",0.322890395864106
"32-33","95_A",43.2150247580816
"32-33","99_A",13.9397354212471
"33-34","10_A",25.3795756782333
"33-34","100_A",0.544572468162523
"33-34","104_A",6.5
"33-34","11_A",0.725130733663808
"33-34","12_A",18.1282683415952
"33-34","13_A",0.569664407248038
"33-34","14_A",1.31170077213862
"33-34","15_A",0.0534084518771064
"33-34","16_A",0.0270765214874216
"33-34","17_A",0.0274369073104259
"33-34","18_A",0.0745438180181655
"33-34","19_A",46
"33-34","2_A",5.62761455171647
"33-34","20_A",1.20249986642547
"33-34","21_A",122.233016275459
"33-34","22_A",244.466032550918
"33-34","23_A",0.982828261717826
"33-34","24_A",81.7269101958848
"33-34","25_A",0.620692424732768
"33-34","26_A",0.802109452917503
"33-34","27_A",4.01054726458751
"33-34","28_A",0.482975696015641
"33-34","29_A",32.1689787229808
"33-34","3_A",115
"33-34","30_A",66.4379409674924
"33-34","31_A",2.65751763869969
"33-34","32_A",11.2300616968156
"33-34","33_A",4414
"33-34","34_A",0.657142857142857
"33-34","35_A",7.36
"33-34","36_A",8.46793011661256
"33-34","37_A",0.858717204664502
"33-34","4_A",-4.82138212832863
"33-34","40_A",23
"33-34","41_A",0.657142857142857
"33-34","42_A",0.686674242126781
"33-34","43_A",0.715953307392996
"33-34","47_A",0.6793904879175
"33-34","5_A",10.7090712026056
"33-34","53_A",2.88644176118332
"33-34","54_A",5.95086337900097
"33-34","55_A",35.4127749555348
"33-34","57_A",0.543473317161916
"33-34","58_A",2.52054000377807
"33-34","59_A",38.080993459723
"33-34","6_A",0.909269846384068
"33-34","60_A",1.41421356237309
"33-34","61_A",184
"33-34","62_A",7.36
"33-34","64_A",7.36
"33-34","65_A",9.04029370075358
"33-34","66_1_A",184
"33-34","66_2_A",66.4379409674924
"33-34","66_3_A",53.5655585525911
"33-34","67_A",0.464265048238545
"33-34","68_A",0.482977951580177
"33-34","69_A",0.778787878787879
"33-34","7_A",108.914493632505
"33-34","75_A",0.0935129209588754
"33-34","77_A",11.2300616968156
"33-34","81_A",0.809091742278435
"33-34","9_A",0.557575757575758
"33-34","93_A",0.514452214452214
"33-34","94_A",0.384059431108522
"33-34","95_A",70.8255499110697
"33-34","99_A",19.4933429480138
"34-35","10_A",22.5254617534029
"34-35","100_A",0.376613727129191
"34-35","104_A",6.5
"34-35","11_A",0.643584621525798
"34-35","12_A",16.7332001596707
"34-35","13_A",0.561841129092569
"34-35","14_A",1.29368700847949
"34-35","15_A",0.108711804588093
"34-35","16_A",0.055919391464952
"34-35","17_A",0.0574802956269796
"34-35","18_A",0.12633003422931
"34-35","19_A",35
"34-35","2_A",4.3421593698555
"34-35","20_A",0.992389142895987
"34-35","21_A",86.9702840349899
"34-35","22_A",173.94056806998
"34-35","23_A",0.629715397203263
"34-35","24_A",67.133895826178
"34-35","25_A",0.643678955735096
"34-35","26_A",0.754189144485559
"34-35","27_A",3.84562516467171
"34-35","28_A",0.198270740737432
"34-35","29_A",29.5776658143127
"34-35","3_A",86
"34-35","30_A",47.9061582680139
"34-35","31_A",1.84254454876977
"34-35","32_A",8.09761869758194
"34-35","33_A",2295
"34-35","34_A",0.657142857142857
"34-35","35_A",5.26923076923077
"34-35","36_A",8.26433937985497
"34-35","37_A",0.817859206917499
"34-35","4_A",-4.77856074729485
"34-35","40_A",23
"34-35","41_A",0.657142857142857
"34-35","42_A",0.615668588471299
"34-35","43_A",0.619909502262443
"34-35","47_A",0.453109575518263
"34-35","5_A",9.98249745548326
"34-35","53_A",2.85738899852289
"34-35","54_A",5.1628624824296
"34-35","55_A",26.6551490124791
"34-35","57_A",0.405126776260797
"34-35","58_A",1.63094810942162
"34-35","59_A",34.8321158732523
"34-35","6_A",0.805076485899414
"34-35","60_A",1.41421356237309
"34-35","61_A",137
"34-35","62_A",5.26923076923077
"34-35","64_A",5.26923076923077
"34-35","65_A",8.19352767897796
"34-35","66_1_A",137
"34-35","66_2_A",47.9061582680139
"34-35","66_3_A",38.85923393035
"34-35","67_A",0.168192994399701
"34-35","68_A",0.199137768994055
"34-35","69_A",0.724590163934426
"34-35","7_A",75.3227454258382
"34-35","75_A",0.120212474407957
"34-35","77_A",8.09761869758194
"34-35","81_A",0.623641304347826
"34-35","9_A",0.449180327868852
"34-35","93_A",0.292916400765795
"34-35","94_A",0.252924232223511
"34-35","95_A",53.3102980249582
"34-35","99_A",18.1537878787879
"35-36","10_A",17.9891661081348
"35-36","100_A",0.388200230305493
"35-36","104_A",3
"35-36","11_A",0.513976174518138
"35-36","12_A",10.7934996648809
"35-36","13_A",0.345497910373285
"35-36","14_A",0.795538338086118
"35-36","15_A",0
"35-36","16_A",0
"35-36","17_A",0
"35-36","18_A",0.0468544634293631
"35-36","19_A",26
"35-36","2_A",4.36476968906037
"35-36","20_A",0.962923550717426
"35-36","21_A",57.6282506553185
"35-36","22_A",115.256501310637
"35-36","23_A",0.76876706303394
"35-36","24_A",38.4459960999092
"35-36","25_A",0.520745163362932
"35-36","26_A",0.639510079785545
"35-36","27_A",2.93060334830451
"35-36","28_A",0.295501398602915
"35-36","29_A",17.1768719701872
"35-36","3_A",59
"35-36","30_A",36.4417343165772
"35-36","31_A",1.73532068174177
"35-36","32_A",6.15977736146828
"35-36","33_A",1328
"35-36","34_A",0.514285714285714
"35-36","35_A",4.38095238095238
"35-36","36_A",6.06051912242799
"35-36","37_A",0.574310434401333
"35-36","4_A",-4.63256161155356
"35-36","40_A",18
"35-36","41_A",0.514285714285714
"35-36","42_A",0.555194086210452
"35-36","43_A",0.547619047619048
"35-36","47_A",0.458405246807042
"35-36","5_A",5.56995764151517
"35-36","53_A",1.74900208958485
"35-36","54_A",4.08974020789649
"35-36","55_A",16.7259749680852
"35-36","57_A",0.371943371943372
"35-36","58_A",1.21052313020229
"35-36","59_A",25.1170863140425
"35-36","6_A",2.20087399538658
"35-36","60_A",1.4142135623731
"35-36","61_A",92
"35-36","62_A",4.38095238095238
"35-36","64_A",4.38095238095238
"35-36","65_A",6.20048353758875
"35-36","66_1_A",92
"35-36","66_2_A",36.4417343165772
"35-36","66_3_A",30.0162874519929
"35-36","67_A",0.265441622421076
"35-36","68_A",0.299600950756269
"35-36","69_A",0.688524590163934
"35-36","7_A",77.6400460610987
"35-36","75_A",0.00012693915428463
"35-36","77_A",6.15977736146828
"35-36","81_A",0.628639053254438
"35-36","9_A",0.377049180327869
"35-36","93_A",0.297357814599194
"35-36","94_A",0.301535173757526
"35-36","95_A",33.4519499361704
"35-36","99_A",12.350484373198
"36-37","10_A",19.2970469280949
"36-37","100_A",0.248012116622491
"36-37","104_A",4
"36-37","11_A",0.551344197945568
"36-37","12_A",11.5782281568569
"36-37","13_A",0.363457403551926
"36-37","14_A",0.836891599356986
"36-37","15_A",0.0495256760972609
"36-37","16_A",0.0252316522601961
"36-37","17_A",0.0253916062828061
"36-37","18_A",0.0482143364491292
"36-37","19_A",17
"36-37","2_A",3.94027982913162
"36-37","20_A",0.6924132691036
"36-37","21_A",32.7022904647069
"36-37","22_A",65.4045809294138
"36-37","23_A",0.497129298928201
"36-37","24_A",23.2788412465759
"36-37","25_A",0.415391250815663
"36-37","26_A",0.669662699427119
"36-37","27_A",3.06878001021324
"36-37","28_A",0.123568769926422
"36-37","29_A",18.8348215021687
"36-37","3_A",43.5
"36-37","30_A",26.4196896272458
"36-37","31_A",1.25808045844028
"36-37","32_A",4.46574261941473
"36-37","33_A",698
"36-37","34_A",0.571428571428571
"36-37","35_A",3.33333333333333
"36-37","36_A",4.70182587991638
"36-37","37_A",0.60484885142459
"36-37","4_A",-4.8231852440468
"36-37","40_A",20
"36-37","41_A",0.571428571428571
"36-37","42_A",0.413186205786153
"36-37","43_A",0.409356725146199
"36-37","47_A",0.228852459016393
"36-37","5_A",6.28167641975342
"36-37","53_A",1.15101368441813
"36-37","54_A",3.09358096052257
"36-37","55_A",9.57024315930775
"36-37","57_A",0.256991399361714
"36-37","58_A",0.693067797278065
"36-37","59_A",23.6062844183823
"36-37","6_A",1.90188587933653
"36-37","60_A",1.41421356237309
"36-37","61_A",70
"36-37","62_A",3.33333333333333
"36-37","64_A",3.33333333333333
"36-37","65_A",4.82481515154476
"36-37","66_1_A",70
"36-37","66_2_A",26.4196896272458
"36-37","66_3_A",21.6387279601881
"36-37","67_A",0.0858993270471146
"36-37","68_A",0.12569062498184
"36-37","69_A",0.628676470588235
"36-37","7_A",49.6024233244983
"36-37","75_A",0.00154101834713138
"36-37","77_A",4.46574261941473
"36-37","81_A",0.372465314834578
"36-37","9_A",0.257352941176471
"36-37","93_A",0.129211403184006
"36-37","94_A",0.191257868387122
"36-37","95_A",19.1404863186155
"36-37","99_A",13.1744825098273
"37-38","10_A",24.131107370041
"37-38","100_A",0.671348635377412
"37-38","104_A",5
"37-38","11_A",0.689460210572601
"37-38","12_A",13.789204211452
"37-38","13_A",0.680527318306527
"37-38","14_A",1.56697205850782
"37-38","15_A",0.356250585787618
"37-38","16_A",0.208923724572685
"37-38","17_A",0.216730471632332
"37-38","18_A",0.224072563228872
"37-38","19_A",98
"37-38","2_A",5.49124744429533
"37-38","20_A",1.47425862485524
"37-38","21_A",177.657224392347
"37-38","22_A",355.314448784695
"37-38","23_A",1.16079900896467
"37-38","24_A",133.917757895636
"37-38","25_A",0.805732244491692
"37-38","26_A",0.789106166937802
"37-38","27_A",3.52899006147445
"37-38","28_A",0.673727169606679
"37-38","29_A",24.9075417079708
"37-38","3_A",158
"37-38","30_A",108.967885177239
"37-38","31_A",5.44839425886196
"37-38","32_A",18.4189343572624
"37-38","33_A",11874
"37-38","34_A",0.514285714285714
"37-38","35_A",10.9
"37-38","36_A",8.92045460001009
"37-38","37_A",0.946022730000504
"37-38","4_A",-4.57513481704415
"37-38","40_A",18
"37-38","41_A",0.514285714285714
"37-38","42_A",0.895866769303816
"37-38","43_A",0.798534798534799
"37-38","47_A",0.853691854195125
"37-38","5_A",8.3176813928053
"37-38","53_A",5.83047901168826
"37-38","54_A",7.39050164345241
"37-38","55_A",54.6195145418728
"37-38","57_A",0.65665562787865
"37-38","58_A",3.96361834718933
"37-38","59_A",32.2630557117467
"37-38","6_A",1.57421309013324
"37-38","60_A",1.41421356237309
"37-38","61_A",218
"37-38","62_A",10.9
"37-38","64_A",10.9
"37-38","65_A",11.5722840397061
"37-38","66_1_A",218
"37-38","66_2_A",108.967885177239
"37-38","66_3_A",100.124179065101
"37-38","67_A",0.695206337578896
"37-38","68_A",0.700804986839031
"37-38","69_A",0.832317073170732
"37-38","7_A",134.269727075482
"37-38","75_A",0.0153423288355823
"37-38","77_A",18.4189343572624
"37-38","81_A",0.921072024201994
"37-38","9_A",0.664634146341463
"37-38","93_A",0.744731560461616
"37-38","94_A",0.602393557981098
"37-38","95_A",109.239029083746
"37-38","99_A",14.6996753246753
"38-39","10_A",25.5896877269426
"38-39","100_A",0.383935607339863
"38-39","104_A",5.5
"38-39","11_A",0.731133935055504
"38-39","12_A",13.1604108309991
"38-39","13_A",0.761963541960799
"38-39","14_A",1.75448589312388
"38-39","15_A",0.231003325830142
"38-39","16_A",0.130388461054013
"38-39","17_A",0.130584375427696
"38-39","18_A",0.158231859883236
"38-39","19_A",70
"38-39","2_A",4.30229181209513
"38-39","20_A",1.05130228986558
"38-39","21_A",93.4556489262372
"38-39","22_A",186.911297852474
"38-39","23_A",0.421539597480006
"38-39","24_A",72.9814291864062
"38-39","25_A",0.758980295539546
"38-39","26_A",0.828545864816894
"38-39","27_A",3.51522239721659
"38-39","28_A",0.0888478161218029
"38-39","29_A",24.7135770037863
"38-39","3_A",103.5
"38-39","30_A",73.7360156233031
"38-39","31_A",4.09644531240573
"38-39","32_A",12.4636614661526
"38-39","33_A",5437
"38-39","34_A",0.457142857142857
"38-39","35_A",7.61111111111111
"38-39","36_A",7.53420892840441
"38-39","37_A",1.02967827380024
"38-39","4_A",-4.65404877869329
"38-39","40_A",16
"38-39","41_A",0.457142857142857
"38-39","42_A",0.651412844988524
"38-39","43_A",0.652380952380952
"38-39","47_A",0.528993967697996
"38-39","5_A",8.37716712109199
"38-39","53_A",3.45290509502668
"38-39","54_A",5.35808903217612
"38-39","55_A",28.7091180767261
"38-39","57_A",0.418580434537881
"38-39","58_A",1.87670513044607
"38-39","59_A",26.1061923630688
"38-39","6_A",1.32562387917666
"38-39","60_A",1.4142135623731
"38-39","61_A",137
"38-39","62_A",7.61111111111111
"38-39","64_A",7.61111111111111
"38-39","65_A",8.54291690152762
"38-39","66_1_A",137
"38-39","66_2_A",73.7360156233031
"38-39","66_3_A",70.3844829566498
"38-39","67_A",0.0880967861504901
"38-39","68_A",0.105298634434428
"38-39","69_A",0.742049469964664
"38-39","7_A",76.7871214679725
"38-39","75_A",0.0598628105302188
"38-39","77_A",12.4636614661526
"38-39","81_A",0.69195036589246
"38-39","9_A",0.484098939929329
"38-39","93_A",0.359613731066869
"38-39","94_A",0.253256167062444
"38-39","95_A",57.4182361534521
"38-39","99_A",13.7058080808081
"39-40","10_A",20.5808080808081
"39-40","100_A",0.273817590459412
"39-40","104_A",3.5
"39-40","11_A",0.588023088023088
"39-40","12_A",8.82034632034632
"39-40","13_A",0.614296972501373
"39-40","14_A",1.41447105155303
"39-40","15_A",0.236725065684131
"39-40","16_A",0.133472256976316
"39-40","17_A",0.134253065745518
"39-40","18_A",0.180617827320966
"39-40","19_A",31
"39-40","2_A",3.26749856964412
"39-40","20_A",0.901041197298053
"39-40","21_A",60.5411255411255
"39-40","22_A",121.082251082251
"39-40","23_A",0.460376631929725
"39-40","24_A",54.5873464765437
"39-40","25_A",0.673619814146204
"39-40","26_A",0.721704660931925
"39-40","27_A",2.79515013266961
"39-40","28_A",0.105973321613479
"39-40","29_A",15.6257285283259
"39-40","3_A",62
"39-40","30_A",41.7971290880127
"39-40","31_A",2.78647527253418
"39-40","32_A",7.0650042968342
"39-40","33_A",1747
"39-40","34_A",0.371428571428571
"39-40","35_A",6.2
"39-40","36_A",5.67349090788727
"39-40","37_A",0.844899393859151
"39-40","4_A",-4.58707064059391
"39-40","40_A",13
"39-40","41_A",0.371428571428571
"39-40","42_A",0.619033277346731
"39-40","43_A",0.540697674418605
"39-40","47_A",0.349260295881647
"39-40","5_A",5.28504525146863
"39-40","53_A",3.80821068048545
"39-40","54_A",4.45778869818798
"39-40","55_A",19.8718800776925
"39-40","57_A",0.328194877354655
"39-40","58_A",1.17721116649348
"39-40","59_A",22.0795594421776
"39-40","6_A",2.30514734648387
"39-40","60_A",1.41421356237309
"39-40","61_A",93
"39-40","62_A",6.2
"39-40","64_A",6.2
"39-40","65_A",7.38832501156681
"39-40","66_1_A",93
"39-40","66_2_A",41.7971290880127
"39-40","66_3_A",35.9048412813922
"39-40","67_A",0.0819189977313318
"39-40","68_A",0.105973751777103
"39-40","69_A",0.685258964143426
"39-40","7_A",54.7635180918824
"39-40","75_A",0.00223819997751817
"39-40","77_A",7.0650042968342
"39-40","81_A",0.517706326863239
"39-40","9_A",0.370517928286853
"39-40","93_A",0.21157805498365
"39-40","94_A",0.228665561176442
"39-40","95_A",39.743760155385
"39-40","99_A",9.57564102564103
"40-41","10_A",18.4244948756025
"40-41","100_A",0.189352834788079
"40-41","104_A",1.5
"40-41","11_A",0.526414139302929
"40-41","12_A",6.84338381093807
"40-41","13_A",0.311141394381164
"40-41","14_A",0.716429536515449
"40-41","15_A",0
"40-41","16_A",0
"40-41","17_A",0
"40-41","18_A",0.018955636596802
"40-41","19_A",21
"40-41","2_A",3.19907909841046
"40-41","20_A",0.50413724003217
"40-41","21_A",36.4643067829463
"40-41","22_A",72.9286135658926
"40-41","23_A",0.252175447054842
"40-41","24_A",22.1321852478532
"40-41","25_A",0.352205217467308
"40-41","26_A",0.622658858155798
"40-41","27_A",2.24502844020259
"40-41","28_A",0.0317962280486547
"40-41","29_A",10.0803053946369
"40-41","3_A",50.5
"40-41","30_A",34.2052627529741
"40-41","31_A",2.63117405792109
"40-41","32_A",5.78174466995659
"40-41","33_A",1170
"40-41","34_A",0.342857142857143
"40-41","35_A",6.15384615384615
"40-41","36_A",4.29630612080585
"40-41","37_A",0.561254316985066
"40-41","4_A",-4.68151907105486
"40-41","40_A",12
"40-41","41_A",0.342857142857143
"40-41","42_A",0.292854310909127
"40-41","43_A",0.50314465408805
"40-41","47_A",0.246627318718381
"40-41","5_A",3.17796750595339
"40-41","53_A",0.522367785482788
"40-41","54_A",3.16900427853699
"40-41","55_A",10.0425881173858
"40-41","57_A",0.260753322324448
"40-41","58_A",1.0126550232436
"40-41","59_A",19.2715944592499
"40-41","6_A",3.39541974009111
"40-41","60_A",1.41421356237309
"40-41","61_A",80
"40-41","62_A",6.15384615384615
"40-41","64_A",6.15384615384615
"40-41","65_A",4.70448565178524
"40-41","66_1_A",80
"40-41","66_2_A",34.2052627529741
"40-41","66_3_A",27.7857802128943
"40-41","67_A",0.0229276682681503
"40-41","68_A",0.0446122351487952
"40-41","69_A",0.668067226890756
"40-41","7_A",37.8705669576158
"40-41","75_A",3.66707819432488e-06
"40-41","77_A",5.78174466995659
"40-41","81_A",0.395671288468042
"40-41","9_A",0.336134453781513
"40-41","93_A",0.140658812214475
"40-41","94_A",0.162008234773711
"40-41","95_A",20.0851762347715
"40-41","99_A",8.10049627791563
"41-42","10_A",20.2399737015122
"41-42","100_A",0.140123456790123
"41-42","104_A",2.5
"41-42","11_A",0.578284962900347
"41-42","12_A",7.51770451770452
"41-42","13_A",0.351259168822214
"41-42","14_A",0.808804125907509
"41-42","15_A",0.0432539682539682
"41-42","16_A",0.0218660461132986
"41-42","17_A",0.0221050496856622
"41-42","18_A",0.0321522907368612
"41-42","19_A",29
"41-42","2_A",3.31405286318989
"41-42","20_A",0.508691450383558
"41-42","21_A",28.0826950826951
"41-42","22_A",56.1653901653902
"41-42","23_A",0.162650200499695
"41-42","24_A",17.7459635033339
"41-42","25_A",0.359067812063496
"41-42","26_A",0.696469231817687
"41-42","27_A",2.51115552710169
"41-42","28_A",0.0132275438612955
"41-42","29_A",12.6118041625867
"41-42","3_A",48
"41-42","30_A",35.0856095856977
"41-42","31_A",2.69889304505367
"41-42","32_A",5.9305504442192
"41-42","33_A",1231
"41-42","34_A",0.314285714285714
"41-42","35_A",5.15384615384615
"41-42","36_A",2.77684031632689
"41-42","37_A",0.5982184858713
"41-42","4_A",-4.62130942743297
"41-42","40_A",11
"41-42","41_A",0.314285714285714
"41-42","42_A",0.302195416247637
"41-42","43_A",0.465277777777778
"41-42","47_A",0.245463609172483
"41-42","5_A",4.16438191630275
"41-42","53_A",0.645309580833634
"41-42","54_A",2.79724692430465
"41-42","55_A",7.82459035553184
"41-42","57_A",0.249691358024691
"41-42","58_A",0.870126819035829
"41-42","59_A",15.9975808875288
"41-42","6_A",2.87176677942086
"41-42","60_A",1.4142135623731
"41-42","61_A",67
"41-42","62_A",5.15384615384615
"41-42","64_A",5.15384615384615
"41-42","65_A",4.21259581532977
"41-42","66_1_A",67
"41-42","66_2_A",35.0856095856977
"41-42","66_3_A",31.243657379431
"41-42","67_A",0
"41-42","68_A",0.0132862684767265
"41-42","69_A",0.65158371040724
"41-42","7_A",28.0246913580247
"41-42","75_A",0.0002553173233013
"41-42","77_A",5.9305504442192
"41-42","81_A",0.394172270252962
"41-42","9_A",0.30316742081448
"41-42","93_A",0.139902261620639
"41-42","94_A",0.094795988672245
"41-42","95_A",15.6491807110637
"41-42","99_A",8.35885781621531
"42-43","10_A",26.7328293831562
"42-43","100_A",0.368146718146718
"42-43","104_A",4
"42-43","11_A",0.763795125233034
"42-43","12_A",11.4569268784955
"42-43","13_A",0.720244399360179
"42-43","14_A",1.6584240172792
"42-43","15_A",0.241741657827557
"42-43","16_A",0.130686281181073
"42-43","17_A",0.137489271075415
"42-43","18_A",0.15625
"42-43","19_A",28
"42-43","2_A",5.20949593014216
"42-43","20_A",1.06114706195635
"42-43","21_A",81.1715379754595
"42-43","22_A",162.343075950919
"42-43","23_A",0.456715785050921
"42-43","24_A",65.9205190047648
"42-43","25_A",0.779526063881983
"42-43","26_A",0.826840002797638
"42-43","27_A",3.20233756081334
"42-43","28_A",0.104294654157339
"42-43","29_A",20.5099317067919
"42-43","3_A",69
"42-43","30_A",41.0365690573664
"42-43","31_A",2.73577127049109
"42-43","32_A",6.93644618765876
"42-43","33_A",1684
"42-43","34_A",0.428571428571429
"42-43","35_A",7.33333333333333
"42-43","36_A",7.27108545249675
"42-43","37_A",1.01807236349978
"42-43","4_A",-4.70988815973863
"42-43","40_A",15
"42-43","41_A",0.428571428571429
"42-43","42_A",0.676155341383378
"42-43","43_A",0.552763819095477
"42-43","47_A",0.201146679407549
"42-43","5_A",6.8050410955597
"42-43","53_A",3.88766840861519
"42-43","54_A",5.06481547194157
"42-43","55_A",25.6523557648187
"42-43","57_A",0.381467181467182
"42-43","58_A",1.23595116779408
"42-43","59_A",25.9764145760374
"42-43","6_A",2.03082393431509
"42-43","60_A",1.41421356237309
"42-43","61_A",110
"42-43","62_A",7.33333333333333
"42-43","64_A",7.33333333333333
"42-43","65_A",8.11914521392275
"42-43","66_1_A",110
"42-43","66_2_A",41.0365690573664
"42-43","66_3_A",32.4810145525016
"42-43","67_A",0.0955757676611829
"42-43","68_A",0.106775153610425
"42-43","69_A",0.690972222222222
"42-43","7_A",73.6293436293436
"42-43","75_A",0.00835057219602131
"42-43","77_A",6.93644618765876
"42-43","81_A",0.334924423229912
"42-43","9_A",0.381944444444444
"42-43","93_A",0.111819389110226
"42-43","94_A",0.277794062752997
"42-43","95_A",51.3047115296373
"42-43","99_A",12.2639534683029
"43-44","10_A",26.0527286135693
"43-44","100_A",0.391891891891892
"43-44","104_A",3.5
"43-44","11_A",0.744363674673409
"43-44","12_A",8.93236409608091
"43-44","13_A",0.683510662176448
"43-44","14_A",1.57384146162998
"43-44","15_A",0.152195945945946
"43-44","16_A",0.0792372433389511
"43-44","17_A",0.0823658469695585
"43-44","18_A",0.088235294117647
"43-44","19_A",65
"43-44","2_A",3.68719773140754
"43-44","20_A",1.00762479348193
"43-44","21_A",72.8179519595449
"43-44","22_A",145.63590391909
"43-44","23_A",0.691963003297852
"43-44","24_A",50.6156147520865
"43-44","25_A",0.60391855037727
"43-44","26_A",0.814778446474362
"43-44","27_A",2.82247533241127
"43-44","28_A",0.239406398966492
"43-44","29_A",15.9327340041402
"43-44","3_A",90.5
"43-44","30_A",68.2934843158555
"43-44","31_A",5.69112369298796
"43-44","32_A",11.5437057679561
"43-44","33_A",4664
"43-44","34_A",0.314285714285714
"43-44","35_A",9.66666666666667
"43-44","36_A",4.69757803365111
"43-44","37_A",0.974798169470926
"43-44","4_A",-4.36554394623236
"43-44","40_A",11
"43-44","41_A",0.314285714285714
"43-44","42_A",0.574326758748647
"43-44","43_A",0.716049382716049
"43-44","47_A",0.640747355405962
"43-44","5_A",5.35979002610606
"43-44","53_A",1.99582666588664
"43-44","54_A",4.60759332152932
"43-44","55_A",21.2299162166016
"43-44","57_A",0.461261261261261
"43-44","58_A",2.52172268441727
"43-44","59_A",19.8330638158346
"43-44","6_A",2.57331691456287
"43-44","60_A",1.4142135623731
"43-44","61_A",116
"43-44","62_A",9.66666666666667
"43-44","64_A",9.66666666666667
"43-44","65_A",7.11446517681312
"43-44","66_1_A",116
"43-44","66_2_A",68.2934843158555
"43-44","66_3_A",65.3720673640333
"43-44","67_A",0.224827277182952
"43-44","68_A",0.239409272307543
"43-44","69_A",0.778846153846154
"43-44","7_A",78.3783783783784
"43-44","75_A",0.00243968555163998
"43-44","77_A",11.5437057679561
"43-44","81_A",0.781043288955874
"43-44","9_A",0.557692307692308
"43-44","93_A",0.471396806145138
"43-44","94_A",0.430565602538616
"43-44","95_A",42.4598324332032
"43-44","99_A",9.58450374531835
"44-45","10_A",32.6615175254699
"44-45","100_A",0.608227848101266
"44-45","104_A",7
"44-45","11_A",0.933186215013424
"44-45","12_A",16.7973518702416
"44-45","13_A",0.960915523650541
"44-45","14_A",2.2125897603843
"44-45","15_A",0.182328190743338
"44-45","16_A",0.100154334220461
"44-45","17_A",0.100308641975309
"44-45","18_A",0.192530585962653
"44-45","19_A",51
"44-45","2_A",6.45391994997647
"44-45","20_A",1.61472146744628
"44-45","21_A",134.524594505131
"44-45","22_A",269.049189010262
"44-45","23_A",1.01417420142403
"44-45","24_A",109.957078420425
"44-45","25_A",0.973787438261647
"44-45","26_A",0.94788646411442
"44-45","27_A",4.02154167942147
"44-45","28_A",0.514274655417035
"44-45","29_A",32.3455949586482
"44-45","3_A",105.5
"44-45","30_A",66.2268827591938
"44-45","31_A",3.67927126439966
"44-45","32_A",11.1943863482679
"44-45","33_A",4386
"44-45","34_A",0.514285714285714
"44-45","35_A",8.88888888888889
"44-45","36_A",9.25501115492097
"44-45","37_A",1.29194506416228
"44-45","4_A",-3.98938138964615
"44-45","40_A",18
"44-45","41_A",0.514285714285714
"44-45","42_A",0.943575290628543
"44-45","43_A",0.846560846560847
"44-45","47_A",0.761722820423758
"44-45","5_A",11.0140619869323
"44-45","53_A",6.54930134746175
"44-45","54_A",6.57250308876469
"44-45","55_A",43.1977968518213
"44-45","57_A",0.666561181434599
"44-45","58_A",5.51718240253294
"44-45","59_A",30.9279107753913
"44-45","6_A",1.04528525246936
"44-45","60_A",1.41421356237309
"44-45","61_A",160
"44-45","62_A",8.88888888888889
"44-45","64_A",8.88888888888889
"44-45","65_A",10.4860420760373
"44-45","66_1_A",160
"44-45","66_2_A",66.2268827591938
"44-45","66_3_A",55.8922246858829
"44-45","67_A",0.518169041478033
"44-45","68_A",0.530143436271538
"44-45","69_A",0.86697247706422
"44-45","7_A",121.645569620253
"44-45","75_A",0.151026392961877
"44-45","77_A",11.1943863482679
"44-45","81_A",0.864747634069401
"44-45","9_A",0.73394495412844
"44-45","93_A",0.615147265077139
"44-45","94_A",0.571481176508022
"44-45","95_A",86.3955937036427
"44-45","99_A",17.1978021978022
"45-46","10_A",19.3159712277914
"45-46","100_A",0.386569127075456
"45-46","104_A",2.5
"45-46","11_A",0.551884892222611
"45-46","12_A",10.4858129522296
"45-46","13_A",0.323393916591682
"45-46","14_A",0.744642011508968
"45-46","15_A",0.0237444517507808
"45-46","16_A",0.0119435500695221
"45-46","17_A",0.0120148691153915
"45-46","18_A",0.0224071972085593
"45-46","19_A",33
"45-46","2_A",4.73619510627467
"45-46","20_A",0.913978602679695
"45-46","21_A",65.1877015244446
"45-46","22_A",130.375403048889
"45-46","23_A",0.647413553436914
"45-46","24_A",39.643360656686
"45-46","25_A",0.466549861816162
"45-46","26_A",0.6412676668689
"45-46","27_A",2.79522095564164
"45-46","28_A",0.209572154586906
"45-46","29_A",15.6265203817163
"45-46","3_A",77.5
"45-46","30_A",46.4112055434892
"45-46","31_A",2.44269502860469
"45-46","32_A",7.84492556643192
"45-46","33_A",2154
"45-46","34_A",0.514285714285714
"45-46","35_A",6.42105263157895
"45-46","36_A",6.08797592117778
"45-46","37_A",0.583577680061989
"45-46","4_A",-4.91396520095429
"45-46","40_A",18
"45-46","41_A",0.514285714285714
"45-46","42_A",0.503964887823441
"45-46","43_A",0.56221198156682
"45-46","47_A",0.373439667128988
"45-46","5_A",4.99059103942245
"45-46","53_A",1.27554864332832
"45-46","54_A",4.25088552038341
"45-46","55_A",18.0700277074054
"45-46","57_A",0.390925530166036
"45-46","58_A",1.2842076875409
"45-46","59_A",28.6995232410138
"45-46","6_A",2.53314245369227
"45-46","60_A",1.4142135623731
"45-46","61_A",122
"45-46","62_A",6.42105263157895
"45-46","64_A",6.42105263157895
"45-46","65_A",6.29629737676724
"45-46","66_1_A",122
"45-46","66_2_A",46.4112055434892
"45-46","66_3_A",37.6829577722739
"45-46","67_A",0.203730130629253
"45-46","68_A",0.225401095398341
"45-46","69_A",0.69551282051282
"45-46","7_A",77.3138254150912
"45-46","75_A",2.62332177020097e-05
"45-46","77_A",7.84492556643192
"45-46","81_A",0.543802070184297
"45-46","9_A",0.391025641025641
"45-46","93_A",0.229588573864848
"45-46","94_A",0.294008400878548
"45-46","95_A",36.1400554148107
"45-46","99_A",12.3762737262737
"46-47","10_A",19.542479707574
"46-47","100_A",0.324085005903188
"46-47","104_A",3
"46-47","11_A",0.558356563073544
"46-47","12_A",10.0504181353238
"46-47","13_A",0.343926489066071
"46-47","14_A",0.791920006809315
"46-47","15_A",0.0165289256198347
"46-47","16_A",0.00829889866948053
"46-47","17_A",0.0083333333333333
"46-47","18_A",0.0345632362747277
"46-47","19_A",35
"46-47","2_A",4.040001651124
"46-47","20_A",0.804032740845782
"46-47","21_A",47.1339277075126
"46-47","22_A",94.2678554150252
"46-47","23_A",0.694708950103277
"46-47","24_A",31.0237278954951
"46-47","25_A",0.414270124441864
"46-47","26_A",0.65851243544381
"46-47","27_A",2.79383165158792
"46-47","28_A",0.241310262676799
"46-47","29_A",15.610990594829
"46-47","3_A",61
"46-47","30_A",39.6358423652128
"46-47","31_A",2.20199124251182
"46-47","32_A",6.69968016294168
"46-47","33_A",1571
"46-47","34_A",0.514285714285714
"46-47","35_A",4.83333333333333
"46-47","36_A",4.77469978807682
"46-47","37_A",0.598594432670934
"46-47","4_A",-4.80392379453127
"46-47","40_A",18
"46-47","41_A",0.514285714285714
"46-47","42_A",0.461207084831701
"46-47","43_A",0.480662983425414
"46-47","47_A",0.40302719343253
"46-47","5_A",5.11521652214094
"46-47","53_A",1.16806891825299
"46-47","54_A",3.67619363023034
"46-47","55_A",13.5143996069461
"46-47","57_A",0.306375442739079
"46-47","58_A",0.925529650299791
"46-47","59_A",24.0507873992172
"46-47","6_A",2.44877591798504
"46-47","60_A",1.4142135623731
"46-47","61_A",87
"46-47","62_A",4.83333333333333
"46-47","64_A",4.83333333333333
"46-47","65_A",5.56989478316198
"46-47","66_1_A",87
"46-47","66_2_A",39.6358423652128
"46-47","66_3_A",36.0223626489982
"46-47","67_A",0.213592358461987
"46-47","68_A",0.243132161148952
"46-47","69_A",0.658181818181818
"46-47","7_A",64.8170011806375
"46-47","75_A",0.00013878691152957
"46-47","77_A",6.69968016294168
"46-47","81_A",0.574510879502651
"46-47","9_A",0.316363636363636
"46-47","93_A",0.252369477911647
"46-47","94_A",0.283250916278686
"46-47","95_A",27.0287992138922
"46-47","99_A",11.6916093710211
"47-48","10_A",25.7276073427776
"47-48","100_A",0.527389746215169
"47-48","104_A",4
"47-48","11_A",0.735074495507932
"47-48","12_A",12.4962664236348
"47-48","13_A",0.578838645821579
"47-48","14_A",1.33282523711763
"47-48","15_A",0.00936151539530461
"47-48","16_A",0.00469176402247362
"47-48","17_A",0.00470277022558596
"47-48","18_A",0.0603112840466925
"47-48","19_A",46
"47-48","2_A",5.99697548761234
"47-48","20_A",1.27764766552116
"47-48","21_A",95.544840890104
"47-48","22_A",191.089681780208
"47-48","23_A",0.980602851838952
"47-48","24_A",66.5831283847748
"47-48","25_A",0.712705042400155
"47-48","26_A",0.810956896088294
"47-48","27_A",3.34366094039508
"47-48","28_A",0.480790976517342
"47-48","29_A",22.3601369686474
"47-48","3_A",86
"47-48","30_A",56.0713830755047
"47-48","31_A",3.29831665150028
"47-48","32_A",9.47779359495507
"47-48","33_A",3144
"47-48","34_A",0.457142857142857
"47-48","35_A",7.41176470588235
"47-48","36_A",6.77013371124024
"47-48","37_A",0.868831394778838
"47-48","4_A",-4.42733975864877
"47-48","40_A",16
"47-48","41_A",0.457142857142857
"47-48","42_A",0.7538233163623
"47-48","43_A",0.7
"47-48","47_A",0.658291457286432
"47-48","5_A",7.39689643818205
"47-48","53_A",3.17872942602933
"47-48","54_A",5.35206271093908
"47-48","55_A",28.6445752618246
"47-48","57_A",0.537921451034886
"47-48","58_A",2.33332209881952
"47-48","59_A",25.9449745160185
"47-48","6_A",2.0637601508569
"47-48","60_A",1.4142135623731
"47-48","61_A",126
"47-48","62_A",7.41176470588235
"47-48","64_A",7.41176470588235
"47-48","65_A",8.15984855158322
"47-48","66_1_A",126
"47-48","66_2_A",56.0713830755047
"47-48","66_3_A",48.7554103134094
"47-48","67_A",0.484251747809759
"47-48","68_A",0.498464940139004
"47-48","69_A",0.769230769230769
"47-48","7_A",105.477949243034
"47-48","75_A",0.00345209273920921
"47-48","77_A",9.47779359495507
"47-48","81_A",0.793939393939394
"47-48","9_A",0.538461538461538
"47-48","93_A",0.49063670411985
"47-48","94_A",0.487090689021057
"47-48","95_A",57.2891505236491
"47-48","99_A",13.3760944629424
"48-49","10_A",23.7511494614055
"48-49","100_A",0.539161359689025
"48-49","104_A",3.5
"48-49","11_A",0.678604270325873
"48-49","12_A",10.857668325214
"48-49","13_A",0.685623838117158
"48-49","14_A",1.57870722904993
"48-49","15_A",0.0664130344884624
"48-49","16_A",0.0337769587142224
"48-49","17_A",0.0343470636040891
"48-49","18_A",0.148936170212766
"48-49","19_A",48
"48-49","2_A",4.59344253493484
"48-49","20_A",1.32537018858107
"48-49","21_A",96.6333050166722
"48-49","22_A",193.266610033344
"48-49","23_A",1.00095219188704
"48-49","24_A",72.75209859077
"48-49","25_A",0.781748445366662
"48-49","26_A",0.775834145811486
"48-49","27_A",3.10333658324594
"48-49","28_A",0.500952645221731
"48-49","29_A",19.2613958978252
"48-49","3_A",84
"48-49","30_A",54.0555270069583
"48-49","31_A",3.37847043793489
"48-49","32_A",9.13705172830461
"48-49","33_A",2922
"48-49","34_A",0.428571428571429
"48-49","35_A",7.5
"48-49","36_A",8.2145288385544
"48-49","37_A",0.95090805240965
"48-49","4_A",-4.29897038998041
"48-49","40_A",15
"48-49","41_A",0.428571428571429
"48-49","42_A",0.812948094098154
"48-49","43_A",0.705882352941176
"48-49","47_A",0.714076246334311
"48-49","5_A",6.35199868675637
"48-49","53_A",4.70379775037056
"48-49","54_A",5.45732577599103
"48-49","55_A",29.7824046252961
"48-49","57_A",0.545116202133819
"48-49","58_A",2.3999875200649
"48-49","59_A",26.4811364168653
"48-49","6_A",2.30345639155008
"48-49","60_A",1.41421356237309
"48-49","61_A",120
"48-49","62_A",7.5
"48-49","64_A",7.5
"48-49","65_A",8.52948407529846
"48-49","66_1_A",120
"48-49","66_2_A",54.0555270069583
"48-49","66_3_A",49.0056914116572
"48-49","67_A",0.528616969115816
"48-49","68_A",0.544701205851589
"48-49","69_A",0.772727272727273
"48-49","7_A",107.832271937805
"48-49","75_A",0.00140079391044523
"48-49","77_A",9.13705172830461
"48-49","81_A",0.833190761334474
"48-49","9_A",0.545454545454545
"48-49","93_A",0.555302166476625
"48-49","94_A",0.481180186819391
"48-49","95_A",59.5648092505921
"48-49","99_A",11.6800059776676
"49-50","10_A",24.4043300400185
"49-50","100_A",0.504862338974489
"49-50","104_A",4
"49-50","11_A",0.697266572571957
"49-50","12_A",11.1562651611513
"49-50","13_A",0.627063673964239
"49-50","14_A",1.44386746802813
"49-50","15_A",0.145548729848899
"49-50","16_A",0.0779919416867179
"49-50","17_A",0.078486144225855
"49-50","18_A",0.0961223565480961
"49-50","19_A",52
"49-50","2_A",4.55905145091153
"49-50","20_A",1.15832830630554
"49-50","21_A",87.7618258717879
"49-50","22_A",175.523651743576
"49-50","23_A",0.942824331090416
"49-50","24_A",62.1689740543875
"49-50","25_A",0.62053491371066
"49-50","26_A",0.782565150801866
"49-50","27_A",3.13026060320746
"49-50","28_A",0.444458859648045
"49-50","29_A",19.5970628879855
"49-50","3_A",90.5
"49-50","30_A",59.4894948709434
"49-50","31_A",3.71809342943396
"49-50","32_A",10.0555599403656
"49-50","33_A",3539
"49-50","34_A",0.457142857142857
"49-50","35_A",8.0625
"49-50","36_A",6.48838370612338
"49-50","37_A",0.905523981632711
"49-50","4_A",-4.56866711162421
"49-50","40_A",16
"49-50","41_A",0.457142857142857
"49-50","42_A",0.683859220578269
"49-50","43_A",0.671875
"49-50","47_A",0.701486620416254
"49-50","5_A",6.5482076118418
"49-50","53_A",2.87321585517626
"49-50","54_A",5.12150852913272
"49-50","55_A",26.2298496139792
"49-50","57_A",0.492769638797676
"49-50","58_A",2.04761027214645
"49-50","59_A",27.4255124605483
"49-50","6_A",2.06050152465297
"49-50","60_A",1.4142135623731
"49-50","61_A",129
"49-50","62_A",8.0625
"49-50","64_A",8.0625
"49-50","65_A",7.88473043638065
"49-50","66_1_A",129
"49-50","66_2_A",59.4894948709434
"49-50","66_3_A",53.7204344343032
"49-50","67_A",0.44953007894032
"49-50","68_A",0.470176304387008
"49-50","69_A",0.752941176470588
"49-50","7_A",100.972467794898
"49-50","75_A",0.00516150842984575
"49-50","77_A",10.0555599403656
"49-50","81_A",0.824557315936626
"49-50","9_A",0.505882352941176
"49-50","93_A",0.540222866737903
"49-50","94_A",0.410836875312083
"49-50","95_A",52.4596992279583
"49-50","99_A",12.1312085792117
"50-51","10_A",19.7850877192982
"50-51","100_A",0.307024057024057
"50-51","104_A",2.5
"50-51","11_A",0.565288220551378
"50-51","12_A",8.47932330827068
"50-51","13_A",0.315541681880637
"50-51","14_A",0.726561572916623
"50-51","15_A",0.0456821861758887
"50-51","16_A",0.0233262022199604
"50-51","17_A",0.0233750037239338
"50-51","18_A",0.0289733200825625
"50-51","19_A",32
"50-51","2_A",3.88091201254833
"50-51","20_A",0.813345732521269
"50-51","21_A",48.7520391888813
"50-51","22_A",97.5040783777626
"50-51","23_A",0.595410139773045
"50-51","24_A",30.3037017519963
"50-51","25_A",0.393060234620881
"50-51","26_A",0.659391889460828
"50-51","27_A",2.55381380650603
"50-51","28_A",0.177256617272278
"50-51","29_A",13.0439299166016
"50-51","3_A",63.5
"50-51","30_A",43.9203825119955
"50-51","31_A",2.9280255007997
"50-51","32_A",7.42389962986339
"50-51","33_A",1929
"50-51","34_A",0.428571428571429
"50-51","35_A",6.33333333333333
"50-51","36_A",3.64810286167593
"50-51","37_A",0.576540190778395
"50-51","4_A",-4.64773289617378
"50-51","40_A",15
"50-51","41_A",0.428571428571429
"50-51","42_A",0.449105401624434
"50-51","43_A",0.568862275449102
"50-51","47_A",0.437216681776972
"50-51","5_A",4.27803037069202
"50-51","53_A",1.20016882895224
"50-51","54_A",3.69700699869262
"50-51","55_A",13.6678607483822
"50-51","57_A",0.361152361152361
"50-51","58_A",1.31943986305603
"50-51","59_A",21.5305126055914
"50-51","6_A",2.85518989361127
"50-51","60_A",1.41421356237309
"50-51","61_A",95
"50-51","62_A",6.33333333333333
"50-51","64_A",6.33333333333333
"50-51","65_A",5.50487981267496
"50-51","66_1_A",95
"50-51","66_2_A",43.9203825119955
"50-51","66_3_A",37.4355634155344
"50-51","67_A",0.151589931608263
"50-51","68_A",0.177949356919092
"50-51","69_A",0.698744769874477
"50-51","7_A",61.4048114048114
"50-51","75_A",5.1255207310974e-05
"50-51","77_A",7.42389962986339
"50-51","81_A",0.608421384639647
"50-51","9_A",0.397489539748954
"50-51","93_A",0.279767947788252
"50-51","94_A",0.282520995891051
"50-51","95_A",27.3357214967644
"50-51","99_A",9.93027095000779
"51-52","10_A",18.4290891369839
"51-52","100_A",0.207417582417582
"51-52","104_A",2
"51-52","11_A",0.526545403913825
"51-52","12_A",7.89818105870737
"51-52","13_A",0.337024011113887
"51-52","14_A",0.776026463971895
"51-52","15_A",0
"51-52","16_A",0
"51-52","17_A",0
"51-52","18_A",0.0398528510116493
"51-52","19_A",15
"51-52","2_A",3.81973566223774
"51-52","20_A",0.675616909876717
"51-52","21_A",24.8445127971444
"51-52","22_A",49.6890255942888
"51-52","23_A",0.262932557246729
"51-52","24_A",17.4805316047347
"51-52","25_A",0.471472467773152
"51-52","26_A",0.627540223861816
"51-52","27_A",2.43045283609209
"51-52","28_A",0.0345667648301523
"51-52","29_A",11.8142019769361
"51-52","3_A",34
"51-52","30_A",19.6214168703486
"51-52","31_A",1.30809445802324
"51-52","32_A",3.3166247903554
"51-52","33_A",385
"51-52","34_A",0.428571428571429
"51-52","35_A",3.53333333333333
"51-52","36_A",4.75832949391737
"51-52","37_A",0.583888632927825
"51-52","4_A",-4.53001264689845
"51-52","40_A",15
"51-52","41_A",0.428571428571429
"51-52","42_A",0.402942624361844
"51-52","43_A",0.4140625
"51-52","47_A",0.142223864056151
"51-52","5_A",3.80320558349884
"51-52","53_A",1.08158385027833
"51-52","54_A",2.70322772208286
"51-52","55_A",7.30744011743729
"51-52","57_A",0.253090659340659
"51-52","58_A",0.706664405340569
"51-52","59_A",19.4092495690583
"51-52","6_A",3.04650307983638
"51-52","60_A",1.41421356237309
"51-52","61_A",53
"51-52","62_A",3.53333333333333
"51-52","64_A",3.53333333333333
"51-52","65_A",4.1809725668479
"51-52","66_1_A",53
"51-52","66_2_A",19.6214168703486
"51-52","66_3_A",16.2170931707927
"51-52","67_A",0.00643252911728132
"51-52","68_A",0.0387083419581868
"51-52","69_A",0.630541871921182
"51-52","7_A",41.4835164835165
"51-52","75_A",9.26955876900948e-06
"51-52","77_A",3.3166247903554
"51-52","81_A",0.249029754204398
"51-52","9_A",0.261083743842365
"51-52","93_A",0.0765559753430105
"51-52","94_A",0.135453769622209
"51-52","95_A",14.6148802348746
"51-52","99_A",9.35126616799127
"52-53","10_A",14.2027065527066
"52-53","100_A",0.272167487684729
"52-53","104_A",1.5
"52-53","11_A",0.405791615791616
"52-53","12_A",6.08687423687424
"52-53","13_A",0.285908704349841
"52-53","14_A",0.658329120593185
"52-53","15_A",0.00067733990147789
"52-53","16_A",0.00033872731883721
"52-53","17_A",0.00033878468693215
"52-53","18_A",0.0394265232974911
"52-53","19_A",13
"52-53","2_A",3.76481334802757
"52-53","20_A",0.667210863266744
"52-53","21_A",31.9041514041514
"52-53","22_A",63.8083028083028
"52-53","23_A",0.358344295126093
"52-53","24_A",22.9271449370327
"52-53","25_A",0.427788550512259
"52-53","26_A",0.55728314379565
"52-53","27_A",2.15834833504267
"52-53","28_A",0.0642053169247082
"52-53","29_A",9.31693507076291
"52-53","3_A",33
"52-53","30_A",20.4694894904587
"52-53","31_A",1.36463263269725
"52-53","32_A",3.45997522699637
"52-53","33_A",419
"52-53","34_A",0.314285714285714
"52-53","35_A",3.53333333333333
"52-53","36_A",4.07556952155886
"52-53","37_A",0.471704634770591
"52-53","4_A",-4.76248523276245
"52-53","40_A",11
"52-53","41_A",0.314285714285714
"52-53","42_A",0.404000249691628
"52-53","43_A",0.341935483870968
"52-53","47_A",0.120679723502304
"52-53","5_A",2.98258005722605
"52-53","53_A",1.23439409561992
"52-53","54_A",3.08124237202701
"52-53","55_A",9.49405455517464
"52-53","57_A",0.192918719211823
"52-53","58_A",0.519606671475152
"52-53","59_A",16.8271791708166
"52-53","6_A",3.27379036428454
"52-53","60_A",1.4142135623731
"52-53","61_A",53
"52-53","62_A",3.53333333333333
"52-53","64_A",3.53333333333333
"52-53","65_A",4.7882298333552
"52-53","66_1_A",53
"52-53","66_2_A",20.4694894904587
"52-53","66_3_A",15.9306897726489
"52-53","67_A",0.0652998968440912
"52-53","68_A",0.0935542293874886
"52-53","69_A",0.603112840466926
"52-53","7_A",54.4334975369458
"52-53","75_A",5.45268162843726e-07
"52-53","77_A",3.45997522699637
"52-53","81_A",0.215368799794397
"52-53","9_A",0.206225680933852
"52-53","93_A",0.0642145593869732
"52-53","94_A",0.196990910245148
"52-53","95_A",18.9881091103493
"52-53","99_A",7.09062141920817
"53-54","10_A",23.7347319347319
"53-54","100_A",0.324700914848698
"53-54","104_A",3.5
"53-54","11_A",0.678135198135198
"53-54","12_A",10.172027972028
"53-54","13_A",0.68492735101367
"53-54","14_A",1.57710350822798
"53-54","15_A",0
"53-54","16_A",0
"53-54","17_A",0
"53-54","18_A",0.1328125
"53-54","19_A",23
"53-54","2_A",3.33372218831176
"53-54","20_A",0.750979813321871
"53-54","21_A",63.1020979020979
"53-54","22_A",126.204195804196
"53-54","23_A",0.348073479993832
"53-54","24_A",50.6060437637224
"53-54","25_A",0.636194633919895
"53-54","26_A",0.766892031097696
"53-54","27_A",2.97016006478056
"53-54","28_A",0.0605775737375083
"53-54","29_A",17.6437016208345
"53-54","3_A",59.5
"53-54","30_A",33.2866339541865
"53-54","31_A",2.2191089302791
"53-54","32_A",5.62646806239428
"53-54","33_A",1108
"53-54","34_A",0.4
"53-54","35_A",6.4
"53-54","36_A",7.3474630418179
"53-54","37_A",0.956497536121194
"53-54","4_A",-4.27244860052687
"53-54","40_A",14
"53-54","41_A",0.4
"53-54","42_A",0.546649547729771
"53-54","43_A",0.662068965517241
"53-54","47_A",0.433829287392326
"53-54","5_A",5.87044809431123
"53-54","53_A",2.2155570651135
"53-54","54_A",4.43633576287202
"53-54","55_A",19.6810750009373
"53-54","57_A",0.331034482758621
"53-54","58_A",1.959172878027
"53-54","59_A",25.0931599695625
"53-54","6_A",2.59945463592332
"53-54","60_A",1.4142135623731
"53-54","61_A",96
"53-54","62_A",6.4
"53-54","64_A",6.4
"53-54","65_A",7.1137925021554
"53-54","66_1_A",96
"53-54","66_2_A",33.2866339541865
"53-54","66_3_A",25.8262577454182
"53-54","67_A",0.0676356406915358
"53-54","68_A",0.109301460235729
"53-54","69_A",0.747422680412371
"53-54","7_A",64.9401829697396
"53-54","75_A",0.00027341303595962
"53-54","77_A",5.62646806239428
"53-54","81_A",0.605133806663026
"53-54","9_A",0.494845360824742
"53-54","93_A",0.277
"53-54","94_A",0.223493406464389
"53-54","95_A",39.3621500018745
"53-54","99_A",11.1331847890671
"54-55","10_A",22.7296037296037
"54-55","100_A",0.321252638986629
"54-55","104_A",2.5
"54-55","11_A",0.649417249417249
"54-55","12_A",7.14358974358974
"54-55","13_A",0.524390442578801
"54-55","14_A",1.2074536159905
"54-55","15_A",0.0406756290934162
"54-55","16_A",0.0207600281491908
"54-55","17_A",0.0207600281491908
"54-55","18_A",0.121495327102804
"54-55","19_A",6
"54-55","2_A",3.05710867012432
"54-55","20_A",0.86516683623157
"54-55","21_A",20.4974358974359
"54-55","22_A",40.9948717948718
"54-55","23_A",0.394731233881451
"54-55","24_A",17.1777053848958
"54-55","25_A",0.609898496246297
"54-55","26_A",0.748690806418008
"54-55","27_A",2.48312648887714
"54-55","28_A",0.0779063735007866
"54-55","29_A",12.3318343195266
"54-55","3_A",17.5
"54-55","30_A",10.4403065089106
"54-55","31_A",0.949118773537323
"54-55","32_A",1.76473389333512
"54-55","33_A",109
"54-55","34_A",0.285714285714286
"54-55","35_A",2.63636363636364
"54-55","36_A",3.69019608002851
"54-55","37_A",0.790017825457138
"54-55","4_A",-3.80468603359035
"54-55","40_A",10
"54-55","41_A",0.285714285714286
"54-55","42_A",0.561344674205939
"54-55","43_A",0.426470588235294
"54-55","47_A",0.146308724832215
"54-55","5_A",4.09278524149833
"54-55","53_A",2.84322936204966
"54-55","54_A",2.55246660179457
"54-55","55_A",6.5150857532767
"54-55","57_A",0.265833919774806
"54-55","58_A",0.74358421437379
"54-55","59_A",12.7248664389453
"54-55","6_A",2.8335586530138
"54-55","60_A",1.41421356237309
"54-55","61_A",29
"54-55","62_A",2.63636363636364
"54-55","64_A",2.63636363636364
"54-55","65_A",4.14459954457554
"54-55","66_1_A",29
"54-55","66_2_A",10.4403065089106
"54-55","66_3_A",7.79148753563923
"54-55","67_A",0.0437572332477159
"54-55","68_A",0.0989538961573069
"54-55","69_A",0.635514018691589
"54-55","7_A",64.2505277973258
"54-55","75_A",0.0012000856566714
"54-55","77_A",1.76473389333512
"54-55","81_A",0.255269320843091
"54-55","9_A",0.271028037383178
"54-55","93_A",0.0789283128167995
"54-55","94_A",0.221704476202651
"54-55","95_A",13.0301715065534
"54-55","99_A",7.81428571428571
"55-56","10_A",21.5616565452092
"55-56","100_A",0.397190293742018
"55-56","104_A",3
"55-56","11_A",0.616047329863119
"55-56","12_A",8.00861528822055
"55-56","13_A",0.590852192035918
"55-56","14_A",1.36048744954476
"55-56","15_A",0.190448412910564
"55-56","16_A",0.105245222200188
"55-56","17_A",0.105246191525764
"55-56","18_A",0.133701657458564
"55-56","19_A",36
"55-56","2_A",2.84634309916637
"55-56","20_A",1.00388446915735
"55-56","21_A",49.6387844611529
"55-56","22_A",99.2775689223058
"55-56","23_A",0.52766105754047
"55-56","24_A",36.6993431765438
"55-56","25_A",0.647218471435176
"55-56","26_A",0.734681243011092
"55-56","27_A",2.64893089279811
"55-56","28_A",0.139213095822364
"55-56","29_A",14.0336697496404
"55-56","3_A",56
"55-56","30_A",39.5979797464467
"55-56","31_A",3.04599844203436
"55-56","32_A",6.6932802122726
"55-56","33_A",1568
"55-56","34_A",0.314285714285714
"55-56","35_A",5.84615384615385
"55-56","36_A",4.86593266819319
"55-56","37_A",0.835840974476399
"55-56","4_A",-4.16899318504608
"55-56","40_A",11
"55-56","41_A",0.314285714285714
"55-56","42_A",0.605219313261326
"55-56","43_A",0.628099173553719
"55-56","47_A",0.544255466851788
"55-56","5_A",4.70014497727197
"55-56","53_A",3.08702712263047
"55-56","54_A",3.85706187157221
"55-56","55_A",14.8769262811361
"55-56","57_A",0.403735632183908
"55-56","58_A",1.6888783803123
"55-56","59_A",18.0177289548104
"55-56","6_A",2.58702178219718
"55-56","60_A",1.41421356237309
"55-56","61_A",76
"55-56","62_A",5.84615384615385
"55-56","64_A",5.84615384615385
"55-56","65_A",6.05799828132559
"55-56","66_1_A",76
"55-56","66_2_A",39.5979797464467
"55-56","66_3_A",36.6705597335645
"55-56","67_A",0.123208366234971
"55-56","68_A",0.159465991238842
"55-56","69_A",0.728915662650602
"55-56","7_A",79.4380587484036
"55-56","75_A",0.00134681236231982
"55-56","77_A",6.6932802122726
"55-56","81_A",0.704877500561924
"55-56","9_A",0.457831325301205
"55-56","93_A",0.373867429661421
"55-56","94_A",0.282018682714379
"55-56","95_A",29.7538525622722
"55-56","99_A",8.69681372549019
"56-57","10_A",30.7748538011696
"56-57","100_A",0.555555555555556
"56-57","104_A",4
"56-57","11_A",0.879281537176274
"56-57","12_A",10.5513784461153
"56-57","13_A",0.885017020013876
"56-57","14_A",2.03782699732996
"56-57","15_A",0.302069520948816
"56-57","16_A",0.164723443011439
"56-57","17_A",0.177904528292356
"56-57","18_A",0.225663716814159
"56-57","19_A",52
"56-57","2_A",4.02198521508013
"56-57","20_A",2.19944956659778
"56-57","21_A",95.4611528822055
"56-57","22_A",190.922305764411
"56-57","23_A",0.823784958297651
"56-57","24_A",77.2609577795989
"56-57","25_A",0.842403783745338
"56-57","26_A",0.905843286075248
"56-57","27_A",3.13793319035496
"56-57","28_A",0.339310828758731
"56-57","29_A",19.6932494142625
"56-57","3_A",78
"56-57","30_A",57.0613704707484
"56-57","31_A",4.7551142058957
"56-57","32_A",9.64513200679863
"56-57","33_A",3256
"56-57","34_A",0.342857142857143
"56-57","35_A",8.66666666666667
"56-57","36_A",6.51914518196853
"56-57","37_A",1.20992876516404
"56-57","4_A",-2.9637007538402
"56-57","40_A",12
"56-57","41_A",0.342857142857143
"56-57","42_A",0.82587591074133
"56-57","43_A",0.945454545454545
"56-57","47_A",0.956802821040259
"56-57","5_A",6.62834499255118
"56-57","53_A",5.28522605379797
"56-57","54_A",5.53283420418186
"56-57","55_A",30.6122543309648
"56-57","57_A",0.597222222222222
"56-57","58_A",17.3324378240458
"56-57","59_A",19.5157205790001
"56-57","6_A",1.98234240979742
"56-57","60_A",1.4142135623731
"56-57","61_A",104
"56-57","62_A",8.66666666666667
"56-57","64_A",8.66666666666667
"56-57","65_A",8.78982125982087
"56-57","66_1_A",104
"56-57","66_2_A",57.0613704707484
"56-57","66_3_A",52.9404814239421
"56-57","67_A",0.157280409025503
"56-57","68_A",0.348008213552361
"56-57","69_A",0.948275862068966
"56-57","7_A",111.111111111111
"56-57","75_A",0.0258200054215234
"56-57","77_A",9.64513200679863
"56-57","81_A",0.977924613305301
"56-57","9_A",0.896551724137931
"56-57","93_A",0.917183098591549
"56-57","94_A",0.426177461957965
"56-57","95_A",61.2245086619295
"56-57","99_A",11.0119825708061
"57-58","10_A",32.533088380546
"57-58","100_A",0.576446280991736
"57-58","104_A",5
"57-58","11_A",0.929516810872743
"57-58","12_A",12.0837185413457
"57-58","13_A",0.984563207192522
"57-58","14_A",2.26704056399191
"57-58","15_A",0.410200032176757
"57-58","16_A",0.249411132071706
"57-58","17_A",0.258019902175746
"57-58","18_A",0.306666666666667
"57-58","19_A",55
"57-58","2_A",4.29135971078558
"57-58","20_A",2.65928662264445
"57-58","21_A",111.331792501284
"57-58","22_A",222.663585002568
"57-58","23_A",0.830008191344229
"57-58","24_A",92.1683057305177
"57-58","25_A",0.935614011957651
"57-58","26_A",0.946635164826771
"57-58","27_A",3.41314162594023
"57-58","28_A",0.344456798849259
"57-58","29_A",23.2990715174518
"57-58","3_A",87
"57-58","30_A",61.2127437712116
"57-58","31_A",4.7086725977855
"57-58","32_A",10.3468421683692
"57-58","33_A",3747
"57-58","34_A",0.371428571428571
"57-58","35_A",9.15384615384615
"57-58","36_A",7.07259983986299
"57-58","37_A",1.31327691075869
"57-58","4_A",-2.91321155126855
"57-58","40_A",13
"57-58","41_A",0.371428571428571
"57-58","42_A",0.903429305466357
"57-58","43_A",0.959677419354839
"57-58","47_A",0.960030745580323
"57-58","5_A",7.921720834809
"57-58","53_A",7.44905062509074
"57-58","54_A",6.00291417075561
"57-58","55_A",36.0349785414585
"57-58","57_A",0.666838842975207
"57-58","58_A",23.7984768974786
"57-58","59_A",21.6746728703888
"57-58","6_A",1.16608377046907
"57-58","60_A",1.4142135623731
"57-58","61_A",119
"57-58","62_A",9.15384615384615
"57-58","64_A",9.15384615384615
"57-58","65_A",9.60043258038499
"57-58","66_1_A",119
"57-58","66_2_A",61.2127437712116
"57-58","66_3_A",56.0913687003627
"57-58","67_A",0.145940872829657
"57-58","68_A",0.348898575844986
"57-58","69_A",0.961240310077519
"57-58","7_A",115.289256198347
"57-58","75_A",0.166101924640824
"57-58","77_A",10.3468421683692
"57-58","81_A",0.979607843137255
"57-58","9_A",0.922480620155039
"57-58","93_A",0.923133776792313
"57-58","94_A",0.415589813528188
"57-58","95_A",72.0699570829171
"57-58","99_A",12.3649122807018
"58-59","10_A",33.1138799816766
"58-59","100_A",0.80137741046832
"58-59","104_A",6
"58-59","11_A",0.946110856619331
"58-59","12_A",14.19166284929
"58-59","13_A",0.99698712513633
"58-59","14_A",2.2956476922459
"58-59","15_A",0.478270769137358
"58-59","16_A",0.311937683006753
"58-59","17_A",0.314294264339152
"58-59","18_A",0.330190612830498
"58-59","19_A",55
"58-59","2_A",5.73762309411084
"58-59","20_A",1.64554932488014
"58-59","21_A",141.2928080623
"58-59","22_A",282.585616124599
"58-59","23_A",1.17631457154786
"58-59","24_A",117.919136595317
"58-59","25_A",1.04196325148509
"58-59","26_A",0.956385771360012
"58-59","27_A",3.70406616502706
"58-59","28_A",0.691857985617907
"58-59","29_A",27.4402123097965
"58-59","3_A",110
"58-59","30_A",73.532305825399
"58-59","31_A",4.90215372169326
"58-59","32_A",12.4292282256669
"58-59","33_A",5407
"58-59","34_A",0.428571428571429
"58-59","35_A",11
"58-59","36_A",7.96636160192093
"58-59","37_A",1.3310907734614
"58-59","4_A",-3.84032143377314
"58-59","40_A",15
"58-59","41_A",0.428571428571429
"58-59","42_A",1.05263373161221
"58-59","43_A",0.877659574468085
"58-59","47_A",0.818003025718608
"58-59","5_A",9.34055501640368
"58-59","53_A",8.77748802793052
"58-59","54_A",6.74861837304229
"58-59","55_A",45.5438499449639
"58-59","57_A",0.777180899908173
"58-59","58_A",7.17381323390283
"58-59","59_A",26.6800311073842
"58-59","6_A",0.557154633859436
"58-59","60_A",1.4142135623731
"58-59","61_A",165
"58-59","62_A",11
"58-59","64_A",11
"58-59","65_A",10.8590578134255
"58-59","66_1_A",165
"58-59","66_2_A",73.532305825399
"58-59","66_3_A",61.6337231718934
"58-59","67_A",0.697108060512189
"58-59","68_A",0.702026529927948
"58-59","69_A",0.890995260663507
"58-59","7_A",160.275482093664
"58-59","75_A",0.380717136687823
"58-59","77_A",12.4292282256669
"58-59","81_A",0.899891819921777
"58-59","9_A",0.781990521327014
"58-59","93_A",0.692051708690644
"58-59","94_A",0.72147591003574
"58-59","95_A",91.0876998899278
"58-59","99_A",14.4834307992203
"59-60","10_A",24.8537598996315
"59-60","100_A",0.495625546806649
"59-60","104_A",3.5
"59-60","11_A",0.710107425703756
"59-60","12_A",9.23139653414883
"59-60","13_A",0.782315081856729
"59-60","14_A",1.80134704550772
"59-60","15_A",0.372007698122816
"59-60","16_A",0.224429430186938
"59-60","17_A",0.228507037590943
"59-60","18_A",0.268159410821405
"59-60","19_A",29
"59-60","2_A",4.78121794167305
"59-60","20_A",1.25392781630149
"59-60","21_A",86.7202854230377
"59-60","22_A",173.440570846075
"59-60","23_A",0.685784353989336
"59-60","24_A",75.5546429318467
"59-60","25_A",0.884239756781339
"59-60","26_A",0.818057608203682
"59-60","27_A",2.94954865266181
"59-60","28_A",0.235150090088285
"59-60","29_A",17.3996745088382
"59-60","3_A",62
"59-60","30_A",43.4626276242015
"59-60","31_A",3.3432790480155
"59-60","32_A",7.346524931655
"59-60","33_A",1889
"59-60","34_A",0.314285714285714
"59-60","35_A",7.30769230769231
"59-60","36_A",6.52304548234992
"59-60","37_A",1.04023426787307
"59-60","4_A",-4.25876629281119
"59-60","40_A",11
"59-60","41_A",0.314285714285714
"59-60","42_A",0.822789476877959
"59-60","43_A",0.608974358974359
"59-60","47_A",0.382388663967611
"59-60","5_A",5.83179469094575
"59-60","53_A",6.35394923416214
"59-60","54_A",5.32568341479645
"59-60","55_A",28.362903834638
"59-60","57_A",0.42095363079615
"59-60","58_A",1.55736964529185
"59-60","59_A",19.4053356697371
"59-60","6_A",2.40780938038499
"59-60","60_A",1.41421356237309
"59-60","61_A",95
"59-60","62_A",7.30769230769231
"59-60","64_A",7.30769230769231
"59-60","65_A",8.69221737716255
"59-60","66_1_A",95
"59-60","66_2_A",43.4626276242015
"59-60","66_3_A",36.0321215363176
"59-60","67_A",0.25349546054541
"59-60","68_A",0.265681334665651
"59-60","69_A",0.71889400921659
"59-60","7_A",99.1251093613298
"59-60","75_A",0.00327815219524963
"59-60","77_A",7.346524931655
"59-60","81_A",0.553228876848733
"59-60","9_A",0.43778801843318
"59-60","93_A",0.236390939807283
"59-60","94_A",0.439492253767569
"59-60","95_A",56.725807669276
"59-60","99_A",9.54992784992785
"60-61","10_A",25.2477738772821
"60-61","100_A",0.437757780277465
"60-61","104_A",2.5
"60-61","11_A",0.721364967922345
"60-61","12_A",9.37774458299048
"60-61","13_A",0.573609020747554
"60-61","14_A",1.32078358038023
"60-61","15_A",0
"60-61","16_A",0
"60-61","17_A",0
"60-61","18_A",0.0790839694656487
"60-61","19_A",49
"60-61","2_A",4.78100815510467
"60-61","20_A",1.24870139419747
"60-61","21_A",79.5155077325569
"60-61","22_A",159.031015465114
"60-61","23_A",0.773372416565861
"60-61","24_A",53.5480645774891
"60-61","25_A",0.655162456555794
"60-61","26_A",0.781615747916105
"60-61","27_A",2.81815565682165
"60-61","28_A",0.29905244735246
"60-61","29_A",15.8840026121518
"60-61","3_A",79
"60-61","30_A",54.6717477313466
"60-61","31_A",4.20551905625743
"60-61","32_A",9.24121204171834
"60-61","33_A",2989
"60-61","34_A",0.342857142857143
"60-61","35_A",8.38461538461539
"60-61","36_A",6.36167748011494
"60-61","37_A",0.873975190778073
"60-61","4_A",-4.05570711926211
"60-61","40_A",12
"60-61","41_A",0.342857142857143
"60-61","42_A",0.647462788849908
"60-61","43_A",0.784172661870504
"60-61","47_A",0.798557306973016
"60-61","5_A",5.10192948301026
"60-61","53_A",2.66897309157881
"60-61","54_A",4.82546202924673
"60-61","55_A",23.285083795702
"60-61","57_A",0.52474690663667
"60-61","58_A",3.63330063362763
"60-61","59_A",21.922555693368
"60-61","6_A",2.92970575907249
"60-61","60_A",1.41421356237309
"60-61","61_A",109
"60-61","62_A",8.38461538461539
"60-61","64_A",8.38461538461539
"60-61","65_A",7.31765430841667
"60-61","66_1_A",109
"60-61","66_2_A",54.6717477313466
"60-61","66_3_A",50.127541055626
"60-61","67_A",0.276380262788302
"60-61","68_A",0.322279626156759
"60-61","69_A",0.822485207100592
"60-61","7_A",87.5515560554931
"60-61","75_A",0.0001643594033831
"60-61","77_A",9.24121204171834
"60-61","81_A",0.887997623291741
"60-61","9_A",0.644970414201183
"60-61","93_A",0.664665332443851
"60-61","94_A",0.36666150762191
"60-61","95_A",46.5701675914039
"60-61","99_A",10.2792027417027
"61-62","10_A",23.0606060606061
"61-62","100_A",0.417582417582418
"61-62","104_A",2.5
"61-62","11_A",0.658874458874459
"61-62","12_A",6.58874458874459
"61-62","13_A",0.579698860497618
"61-62","14_A",1.33480595460745
"61-62","15_A",0.311220828137327
"61-62","16_A",0.174844904121317
"61-62","17_A",0.184287462400463
"61-62","18_A",0.242105263157895
"61-62","19_A",7
"61-62","2_A",1.86916654004124
"61-62","20_A",1.03243603311318
"61-62","21_A",22.9307359307359
"61-62","22_A",45.8614718614719
"61-62","23_A",0.644168661725632
"61-62","24_A",19.7846022617779
"61-62","25_A",0.703534740523099
"61-62","26_A",0.755566909874261
"61-62","27_A",2.38931235985783
"61-62","28_A",0.207476632374696
"61-62","29_A",11.4176271059388
"61-62","3_A",19
"61-62","30_A",12.1243556529821
"61-62","31_A",1.21243556529821
"61-62","32_A",2.04939015319192
"61-62","33_A",147
"61-62","34_A",0.257142857142857
"61-62","35_A",3.1
"61-62","36_A",3.46478751964594
"61-62","37_A",0.846478751964594
"61-62","4_A",-2.86833624214193
"61-62","40_A",9
"61-62","41_A",0.257142857142857
"61-62","42_A",0.702082690285325
"61-62","43_A",0.72093023255814
"61-62","47_A",0.636363636363636
"61-62","5_A",3.83940041421939
"61-62","53_A",4.42668409598237
"61-62","54_A",2.71647807372763
"61-62","55_A",7.379253125043
"61-62","57_A",0.395604395604396
"61-62","58_A",2.58326875161455
"61-62","59_A",12.2785793363169
"61-62","6_A",2.84671549347668
"61-62","60_A",1.4142135623731
"61-62","61_A",31
"61-62","62_A",3.1
"61-62","64_A",3.1
"61-62","65_A",4.44798856358444
"61-62","66_1_A",31
"61-62","66_2_A",12.1243556529821
"61-62","66_3_A",9.30247746845023
"61-62","67_A",0.0207563264145579
"61-62","68_A",0.22677231728905
"61-62","69_A",0.781818181818182
"61-62","7_A",83.5164835164835
"61-62","75_A",0.00207003622563395
"61-62","77_A",2.04939015319192
"61-62","81_A",0.777777777777778
"61-62","9_A",0.563636363636364
"61-62","93_A",0.466666666666667
"61-62","94_A",0.300399801580313
"61-62","95_A",14.758506250086
"61-62","99_A",7.22222222222222
"62-63","10_A",28.2836174242424
"62-63","100_A",0.562611806797853
"62-63","104_A",5
"62-63","11_A",0.808103354978355
"62-63","12_A",12.9296536796537
"62-63","13_A",0.789940247906041
"62-63","14_A",1.81890463918447
"62-63","15_A",0.214669051878354
"62-63","16_A",0.113810997517095
"62-63","17_A",0.120240480961924
"62-63","18_A",0.323076923076923
"62-63","19_A",16
"62-63","2_A",3.78852739508049
"62-63","20_A",1.56040265750802
"62-63","21_A",66.3744588744589
"62-63","22_A",132.748917748918
"62-63","23_A",0.989650726450791
"62-63","24_A",56.9618523162866
"62-63","25_A",0.869253324062804
"62-63","26_A",0.856300735321553
"62-63","27_A",3.42520294128621
"62-63","28_A",0.489704280182289
"62-63","29_A",23.4640303779914
"62-63","3_A",46.5
"62-63","30_A",27.5862284482674
"62-63","31_A",1.72413927801672
"62-63","32_A",4.66292366899321
"62-63","33_A",761
"62-63","34_A",0.457142857142857
"62-63","35_A",4.8125
"62-63","36_A",7.59488243613839
"62-63","37_A",1.09968015225865
"62-63","4_A",-3.04543030367204
"62-63","40_A",16
"62-63","41_A",0.457142857142857
"62-63","42_A",0.861827727127861
"62-63","43_A",0.875
"62-63","47_A",0.884883720930233
"62-63","5_A",7.90186797127714
"62-63","53_A",6.73413893599531
"62-63","54_A",4.6344835402111
"62-63","55_A",21.4784376844876
"62-63","57_A",0.512969588550984
"62-63","58_A",6.99981545941062
"62-63","59_A",23.2512188726607
"62-63","6_A",2.04859583788441
"62-63","60_A",1.4142135623731
"62-63","61_A",77
"62-63","62_A",4.8125
"62-63","64_A",4.8125
"62-63","65_A",7.54730762035619
"62-63","66_1_A",77
"62-63","66_2_A",27.5862284482674
"62-63","66_3_A",21.3054377147367
"62-63","67_A",0.396182640101414
"62-63","68_A",0.517071063619982
"62-63","69_A",0.888888888888889
"62-63","7_A",112.522361359571
"62-63","75_A",0.00493358633776086
"62-63","77_A",4.66292366899321
"62-63","81_A",0.938926588525602
"62-63","9_A",0.777777777777778
"62-63","93_A",0.793534932221064
"62-63","94_A",0.43545691986915
"62-63","95_A",42.9568753689752
"62-63","99_A",13.7651821862348
"63-64","10_A",17.7896320011258
"63-64","100_A",0.433668076109937
"63-64","104_A",1.5
"63-64","11_A",0.508275200032166
"63-64","12_A",8.13240320051466
"63-64","13_A",0.299859007719205
"63-64","14_A",0.690450881174228
"63-64","15_A",0.023784355179704
"63-64","16_A",0.0119637431651124
"63-64","17_A",0.0120353035571009
"63-64","18_A",0.036144578313253
"63-64","19_A",16
"63-64","2_A",3.78600626951014
"63-64","20_A",0.995529716964876
"63-64","21_A",43.123552195998
"63-64","22_A",86.247104391996
"63-64","23_A",0.834672843751815
"63-64","24_A",26.9081628020404
"63-64","25_A",0.513648608275629
"63-64","26_A",0.585888212400496
"63-64","27_A",2.34355284960199
"63-64","28_A",0.348339378048371
"63-64","29_A",10.9844799177552
"63-64","3_A",46
"63-64","30_A",26.7207784317748
"63-64","31_A",1.67004865198592
"63-64","32_A",4.51663591625449
"63-64","33_A",714
"63-64","34_A",0.457142857142857
"63-64","35_A",4.75
"63-64","36_A",5.90032155070743
"63-64","37_A",0.556270096919214
"63-64","4_A",-4.29790995399148
"63-64","40_A",16
"63-64","41_A",0.457142857142857
"63-64","42_A",0.55603734587367
"63-64","43_A",0.608
"63-64","47_A",0.520029133284778
"63-64","5_A",3.41081016823799
"63-64","53_A",1.54451652467783
"63-64","54_A",3.47782996684423
"63-64","55_A",12.0953012782797
"63-64","57_A",0.436707188160677
"63-64","58_A",1.55101344442943
"63-64","59_A",23.3492719689868
"63-64","6_A",3.17715813660186
"63-64","60_A",1.4142135623731
"63-64","61_A",76
"63-64","62_A",4.75
"63-64","64_A",4.75
"63-64","65_A",5.18730785687918
"63-64","66_1_A",76
"63-64","66_2_A",26.7207784317748
"63-64","66_3_A",20.579701625412
"63-64","67_A",0.297280893840828
"63-64","68_A",0.350108443136026
"63-64","69_A",0.718390804597701
"63-64","7_A",86.7336152219873
"63-64","75_A",3.79316982934697e-07
"63-64","77_A",4.51663591625449
"63-64","81_A",0.684235745088644
"63-64","9_A",0.436781609195402
"63-64","93_A",0.351377952755906
"63-64","94_A",0.306300699171223
"63-64","95_A",24.1906025565595
"63-64","99_A",10.0238068948595
"64-65","10_A",13.3838013838014
"64-65","100_A",0.357954545454545
"64-65","104_A",1
"64-65","11_A",0.382394325251468
"64-65","12_A",5.35352055352055
"64-65","13_A",0.175099416366547
"64-65","14_A",0.40318130591757
"64-65","15_A",0.0129864204211244
"64-65","16_A",0.00653360096562994
"64-65","17_A",0.0065356475439271
"64-65","18_A",0.0101476014760147
"64-65","19_A",19
"64-65","2_A",3.51370258834837
"64-65","20_A",0.821557822108701
"64-65","21_A",35.6629222629223
"64-65","22_A",71.3258445258445
"64-65","23_A",0.73562295364691
"64-65","24_A",20.6496161761983
"64-65","25_A",0.360032384930788
"64-65","26_A",0.500996223612189
"64-65","27_A",1.87455622082439
"64-65","28_A",0.270570564966102
"64-65","29_A",7.02792205006287
"64-65","3_A",45.5
"64-65","30_A",28.9482296522603
"64-65","31_A",2.06773068944716
"64-65","32_A",4.89314389149319
"64-65","33_A",838
"64-65","34_A",0.342857142857143
"64-65","35_A",5.14285714285714
"64-65","36_A",3.22342513785131
"64-65","37_A",0.373101795560808
"64-65","4_A",-4.49619416349859
"64-65","40_A",12
"64-65","41_A",0.342857142857143
"64-65","42_A",0.439820163646667
"64-65","43_A",0.529411764705882
"64-65","47_A",0.449570815450644
"64-65","5_A",2.19146488326324
"64-65","53_A",0.900652236598962
"64-65","54_A",3.11153941242025
"64-65","55_A",9.68167751504455
"64-65","57_A",0.350649350649351
"64-65","58_A",1.12499595704578
"64-65","59_A",19.0964782861772
"64-65","6_A",3.51505748836268
"64-65","60_A",1.4142135623731
"64-65","61_A",72
"64-65","62_A",5.14285714285714
"64-65","64_A",5.14285714285714
"64-65","65_A",4.54418487478209
"64-65","66_1_A",72
"64-65","66_2_A",28.9482296522603
"64-65","66_3_A",23.0157422159425
"64-65","67_A",0.222737516521006
"64-65","68_A",0.270593666328132
"64-65","69_A",0.68
"64-65","7_A",71.5909090909091
"64-65","75_A",1.94399953690194e-07
"64-65","77_A",4.89314389149319
"64-65","81_A",0.620281273131014
"64-65","9_A",0.36
"64-65","93_A",0.289965397923875
"64-65","94_A",0.277915250553354
"64-65","95_A",19.3633550300891
"64-65","99_A",6.71108695652174
"65-66","10_A",18.6371534348005
"65-66","100_A",0.456588669950739
"65-66","104_A",1.5
"65-66","11_A",0.532490098137157
"65-66","12_A",7.98735147205735
"65-66","13_A",0.270893822560193
"65-66","14_A",0.623756077611275
"65-66","15_A",0.0109089017089568
"65-66","16_A",0.00546982271959684
"65-66","17_A",0.00548436505413419
"65-66","18_A",0.013102480112307
"65-66","19_A",20
"65-66","2_A",4.79334794003219
"65-66","20_A",1.02897456349729
"65-66","21_A",60.383983859278
"65-66","22_A",120.767967718556
"65-66","23_A",0.914516347785429
"65-66","24_A",35.4049220477369
"65-66","25_A",0.459976042586436
"65-66","26_A",0.6167011822255
"65-66","27_A",2.38847340834579
"65-66","28_A",0.4181700751834
"65-66","29_A",11.4096104447499
"65-66","3_A",62
"65-66","30_A",38.4967531098403
"65-66","31_A",2.56645020732269
"65-66","32_A",6.50713893680296
"65-66","33_A",1482
"65-66","34_A",0.371428571428571
"65-66","35_A",6.93333333333333
"65-66","36_A",4.95694840281525
"65-66","37_A",0.53046322685435
"65-66","4_A",-4.56744276267411
"65-66","40_A",13
"65-66","41_A",0.371428571428571
"65-66","42_A",0.55705425160495
"65-66","43_A",0.626506024096385
"65-66","47_A",0.589733386390768
"65-66","5_A",3.53197867331132
"65-66","53_A",1.45322631256324
"65-66","54_A",4.06738031247493
"65-66","55_A",16.5435826063087
"65-66","57_A",0.455972906403941
"65-66","58_A",1.67741313217709
"65-66","59_A",23.5107300681458
"65-66","6_A",3.23171557298236
"65-66","60_A",1.41421356237309
"65-66","61_A",104
"65-66","62_A",6.93333333333333
"65-66","64_A",6.93333333333333
"65-66","65_A",5.95020352994222
"65-66","66_1_A",104
"65-66","66_2_A",38.4967531098403
"65-66","66_3_A",28.9654761578378
"65-66","67_A",0.384084032955892
"65-66","68_A",0.418575643255196
"65-66","69_A",0.728070175438597
"65-66","7_A",91.3177339901478
"65-66","75_A",1.30390212871312e-06
"65-66","77_A",6.50713893680296
"65-66","81_A",0.741927409261577
"65-66","9_A",0.456140350877193
"65-66","93_A",0.418171557562077
"65-66","94_A",0.338023341527056
"65-66","95_A",33.0871652126174
"65-66","99_A",9.52686680469289
"66-67","10_A",28.3013587312504
"66-67","100_A",0.891253476974701
"66-67","104_A",4
"66-67","11_A",0.808610249464297
"66-67","12_A",11.3205434925002
"66-67","13_A",0.896565885167508
"66-67","14_A",2.06441924207372
"66-67","15_A",0.456896551724138
"66-67","16_A",0.263044473339224
"66-67","17_A",0.29608938547486
"66-67","18_A",0.29608938547486
"66-67","19_A",719
"66-67","2_A",6.60137667496895
"66-67","20_A",2.57480330738765
"66-67","21_A",794.574937774284
"66-67","22_A",1589.14987554857
"66-67","23_A",1.32975490404081
"66-67","24_A",689.404820190045
"66-67","25_A",0.930520144003593
"66-67","26_A",0.852878106040902
"66-67","27_A",3.19117766548571
"66-67","28_A",0.884124052410294
"66-67","29_A",20.3672297853896
"66-67","3_A",774
"66-67","30_A",720.227047534317
"66-67","31_A",51.4447891095941
"66-67","32_A",121.740590718837
"66-67","33_A",518727
"66-67","34_A",0.4
"66-67","35_A",59.2142857142857
"66-67","36_A",8.88378812847398
"66-67","37_A",1.20598486631957
"66-67","4_A",-4.6424427518204
"66-67","40_A",14
"66-67","41_A",0.4
"66-67","42_A",1.14468160884258
"66-67","43_A",0.960602549246814
"66-67","47_A",0.993246581165486
"66-67","5_A",6.84938223687029
"66-67","53_A",8.33177508073303
"66-67","54_A",16.3122680550012
"66-67","55_A",266.090089098213
"66-67","57_A",0.831681310433132
"66-67","58_A",24.3821449758223
"66-67","59_A",31.0316167165568
"66-67","6_A",2.40780938038499
"66-67","60_A",1.4142135623731
"66-67","61_A",829
"66-67","62_A",59.2142857142857
"66-67","64_A",59.2142857142857
"66-67","65_A",26.256519574956
"66-67","66_1_A",829
"66-67","66_2_A",720.227047534317
"66-67","66_3_A",719.023205385877
"66-67","67_A",0.920771149898942
"66-67","68_A",0.921389774576557
"66-67","69_A",0.962095875139353
"66-67","7_A",178.25069539494
"66-67","75_A",0.00185009487666032
"66-67","77_A",121.740590718837
"66-67","81_A",0.996611849784002
"66-67","9_A",0.924191750278707
"66-67","93_A",0.986583767766427
"66-67","94_A",0.955312343788174
"66-67","95_A",532.180178196426
"66-67","99_A",12.1026926047673
"67-68","10_A",29.8630794701987
"67-68","100_A",0.651532454349356
"67-68","104_A",4.5
"67-68","11_A",0.853230842005677
"67-68","12_A",11.9452317880795
"67-68","13_A",0.964451418113304
"67-68","14_A",2.22073145826466
"67-68","15_A",0.302072836453307
"67-68","16_A",0.165778070924644
"67-68","17_A",0.17790682836025
"67-68","18_A",0.179440937781785
"67-68","19_A",691
"67-68","2_A",4.65468566456404
"67-68","20_A",2.16010146979794
"67-68","21_A",700.885165562914
"67-68","22_A",1401.77033112583
"67-68","23_A",0.732275817498062
"67-68","24_A",509.081130998853
"67-68","25_A",0.806436181820268
"67-68","26_A",0.891233063389912
"67-68","27_A",3.33468877497003
"67-68","28_A",0.268113936446227
"67-68","29_A",22.2402984518223
"67-68","3_A",734.5
"67-68","30_A",691.695019499201
"67-68","31_A",49.4067871070858
"67-68","32_A",116.917797740855
"67-68","33_A",478442
"67-68","34_A",0.4
"67-68","35_A",55.5714285714286
"67-68","36_A",8.87982230746514
"67-68","37_A",1.27713016481894
"67-68","4_A",-5.25467595589728
"67-68","40_A",14
"67-68","41_A",0.4
"67-68","42_A",0.836344329448426
"67-68","43_A",0.931736526946108
"67-68","47_A",0.952623866070931
"67-68","5_A",7.47086990701221
"67-68","53_A",5.29310553786526
"67-68","54_A",14.7454166480777
"67-68","55_A",217.427312125408
"67-68","57_A",0.706751565906495
"67-68","58_A",13.6490509699072
"67-68","59_A",30.1277498328868
"67-68","6_A",1.91856601026242
"67-68","60_A",1.41421356237309
"67-68","61_A",778
"67-68","62_A",55.5714285714286
"67-68","64_A",55.5714285714286
"67-68","65_A",22.5628263078643
"67-68","66_1_A",778
"67-68","66_2_A",691.695019499201
"67-68","66_3_A",691.009602342891
"67-68","67_A",0.459181416606128
"67-68","68_A",0.463296969321317
"67-68","69_A",0.93609865470852
"67-68","7_A",130.306490869871
"67-68","75_A",0.0185009487666035
"67-68","77_A",116.917797740855
"67-68","81_A",0.975737194063699
"67-68","9_A",0.87219730941704
"67-68","93_A",0.909533676786495
"67-68","94_A",0.688373948197322
"67-68","95_A",434.854624250816
"67-68","99_A",12.4947010112985
"68-69","10_A",24.9794823012653
"68-69","100_A",0.625881316098707
"68-69","104_A",4
"68-69","11_A",0.713699494321867
"68-69","12_A",13.5602903921155
"68-69","13_A",0.654421406931262
"68-69","14_A",1.50686097613612
"68-69","15_A",0.0540540540540541
"68-69","16_A",0.0274024748407253
"68-69","17_A",0.0277777777777778
"68-69","18_A",0.0821874000639592
"68-69","19_A",66
"68-69","2_A",5.35582890275184
"68-69","20_A",1.39006875970085
"68-69","21_A",143.65239780442
"68-69","22_A",287.30479560884
"68-69","23_A",1.13304694889438
"68-69","24_A",98.9961981971063
"68-69","25_A",0.710236461727701
"68-69","26_A",0.778327720497642
"68-69","27_A",3.39265187860559
"68-69","28_A",0.641897694199432
"68-69","29_A",23.0201735388121
"68-69","3_A",129.5
"68-69","30_A",78.0832888651599
"68-69","31_A",4.10964678237684
"68-69","32_A",13.1984847615171
"68-69","33_A",6097
"68-69","34_A",0.542857142857143
"68-69","35_A",10.1578947368421
"68-69","36_A",10.0185911869113
"68-69","37_A",0.948346904574278
"68-69","4_A",-4.58498687543599
"68-69","40_A",19
"68-69","41_A",0.542857142857143
"68-69","42_A",0.792783339936011
"68-69","43_A",0.790983606557377
"68-69","47_A",0.822252191503709
"68-69","5_A",7.52502364369572
"68-69","53_A",3.69749917843943
"68-69","54_A",6.52692226139426
"68-69","55_A",42.6007142062839
"68-69","57_A",0.631683313748531
"68-69","58_A",3.78429591703882
"68-69","59_A",35.9311710222338
"68-69","6_A",2.05975173321986
"68-69","60_A",1.41421356237309
"68-69","61_A",193
"68-69","62_A",10.1578947368421
"68-69","64_A",10.1578947368421
"68-69","65_A",9.94968332144829
"68-69","66_1_A",193
"68-69","66_2_A",78.0832888651599
"68-69","66_3_A",68.2520204064954
"68-69","67_A",0.631341611429061
"68-69","68_A",0.643542717286892
"68-69","69_A",0.827118644067797
"68-69","7_A",125.176263219741
"68-69","75_A",0.00135964275926548
"68-69","77_A",13.1984847615171
"68-69","81_A",0.902457075192422
"68-69","9_A",0.654237288135593
"68-69","93_A",0.6981564181839
"68-69","94_A",0.482711055961604
"68-69","95_A",85.2014284125679
"68-69","99_A",14.9518543687712
"69-70","10_A",22.374918501496
"69-70","100_A",0.520750988142292
"69-70","104_A",3
"69-70","11_A",0.639283385757028
"69-70","12_A",12.1463843293835
"69-70","13_A",0.501893153075704
"69-70","14_A",1.1556516925479
"69-70","15_A",0.0991735537190082
"69-70","16_A",0.0508812264626772
"69-70","17_A",0.0521739130434782
"69-70","18_A",0.0773047920214058
"69-70","19_A",60
"69-70","2_A",4.35548541452355
"69-70","20_A",1.15355499651661
"69-70","21_A",106.004661015039
"69-70","22_A",212.009322030078
"69-70","23_A",0.931058229628562
"69-70","24_A",69.2599479000333
"69-70","25_A",0.589673359869238
"69-70","26_A",0.696568976933673
"69-70","27_A",3.03627377765939
"69-70","28_A",0.433434713479536
"69-70","29_A",18.4379169058041
"69-70","3_A",113.5
"69-70","30_A",67.8601503092942
"69-70","31_A",3.5715868583839
"69-70","32_A",11.4704589520833
"69-70","33_A",4605
"69-70","34_A",0.542857142857143
"69-70","35_A",8.78947368421053
"69-70","36_A",9.09603411434406
"69-70","37_A",0.794528111281266
"69-70","4_A",-4.76958254324451
"69-70","40_A",19
"69-70","41_A",0.542857142857143
"69-70","42_A",0.648145100699034
"69-70","43_A",0.707627118644068
"69-70","47_A",0.713953488372093
"69-70","5_A",5.86800344317078
"69-70","53_A",2.64396243629028
"69-70","54_A",5.50266319655716
"69-70","55_A",30.2793022547447
"69-70","57_A",0.527376033057851
"69-70","58_A",2.42028213823086
"69-70","59_A",35.4144398690909
"69-70","6_A",2.37907460100472
"69-70","60_A",1.41421356237309
"69-70","61_A",167
"69-70","62_A",8.78947368421053
"69-70","64_A",8.78947368421053
"69-70","65_A",8.32225617846707
"69-70","66_1_A",167
"69-70","66_2_A",67.8601503092942
"69-70","66_3_A",61.0744410551242
"69-70","67_A",0.43703423830925
"69-70","68_A",0.458755716376794
"69-70","69_A",0.773770491803279
"69-70","7_A",104.150197628458
"69-70","75_A",0.00011592444247088
"69-70","77_A",11.4704589520833
"69-70","81_A",0.833107191316147
"69-70","9_A",0.547540983606557
"69-70","93_A",0.555153707052441
"69-70","94_A",0.374805253476647
"69-70","95_A",60.5586045094894
"69-70","99_A",14.1201720901691
