"Sample","package","index","value"
1,"custom","RICH",93
1,"abdiv","D1SP",0.974629304846939
1,"ade4","D1SP",0.974629304846939
1,"adiv","D1SP",0.974629304846939
1,"agricolae","D1SP",0.974629304846939
1,"asbio","D1SP",0.974629304846939
1,"BiodiversityR","D1SP",0.9746293
1,"biosampleR","D1SP",0.974629304846939
1,"breakaway","D1SP",0.974629304846939
1,"catsim","D1SP",0.626567901234568
1,"concstats","D1SP",0.995648976317648
1,"CUB","D1SP",0.978980328529291
1,"DescTools","D1SP",0.974629304846939
1,"divent","D1SP",0.974629304846939
1,"diverse","D1SP",0.974629304846939
1,"ecodive","D1SP",0.974629304846939
1,"entropart","D1SP",0.974629304846939
1,"lawstat","D1SP",0.814512914540816
1,"MCPAN","D1SP",0.974629304846939
1,"microbiome","D1SP",0.974629304846939
1,"PCRA","D1SP",0.974629304846939
1,"RoughSets","D1SP",0.974629304846939
1,"simboot","D1SP",0.974629304846939
1,"sprex","D1SP",0.974629304846939
1,"untb","D1SP",0.976809683604986
1,"vegan","D1SP",0.974629304846939
1,"abdiv","DBRI",3.71934121102248
1,"ecodive","DBRI",3.71934121102248
1,"tabula","DBRI",3.71934121102248
1,"wiqid","DBRI",41.2372185330755
1,"BiodiversityR","DFIS",35.67297412
1,"ecodive","DFIS",35.673
1,"microbiome","DFIS",35.6729741177961
1,"preseqR","DFIS",10.0110974503005
1,"sads","DFIS",35.6729729418523
1,"vegan","DFIS",35.6729741177961
1,"custom","DGLE",15.233931184793
1,"custom","DGOO_1_1",4.01841166223236
1,"custom","DGOO_1_2",0.30618969426926
1,"custom","DGOO_1_3",1
1,"custom","DGOO_2_1",0.0868666255492064
1,"custom","DGOO_2_2",1.11740314394094
1,"custom","DGOO_2_3",1
1,"custom","DGOO_3_1",0.00300785444347568
1,"custom","DGOO_3_2",0.0321922702980741
1,"custom","DGOO_3_3",1
1,"abdiv","DINVSP",39.4155538098979
1,"adiv","DINVSP",39.4155538098979
1,"asbio","DINVSP",39.4155538098979
1,"BiodiversityR","DINVSP",39.41555381
1,"breakaway","DINVSP",39.4155538098979
1,"chemodiv","DINVSP",39.4155538098979
1,"codyn","DINVSP",5.44530493707648
1,"divseg","DINVSP",1.02537069515306
1,"ecodive","DINVSP",39.4155538098979
1,"microbiome","DINVSP",39.4155538098979
1,"sprex","DINVSP",39.4155538098979
1,"vegan","DINVSP",39.4155538098979
1,"wiqid","DINVSP",39.4155538098979
1,"custom","DKO",0.146788990825688
1,"abdiv","DMC",0.882408051269361
1,"adiv","DMC",0.882408051269361
1,"agricolae","DMC",0.882408051269361
1,"ecodive","DMC",0.882408051269361
1,"forestHES","DMC",0.882408051269361
1,"tabula","DMC",0.882408051269361
1,"abdiv","DMG",15.0701254731286
1,"adiv","DMG",15.0701254731286
1,"agricolae","DMG",36.6924794128348
1,"ecodive","DMG",15.0701254731286
1,"tabula","DMG",15.0701254731286
1,"abdiv","DMN",4.39383699873227
1,"adiv","DMN",4.39383699873227
1,"ecodive","DMN",4.39383699873227
1,"tabula","DMN",4.39383699873227
1,"custom","DOD",207.589285714286
1,"abdiv","DQ",0
1,"ade4","DRAO",0.974629304846938
1,"BAT","DRAO",0.974629304846965
1,"SYNCSA","DRAO",0.974629304846939
1,"abdiv","DSHA",4.01841166223236
1,"adiv","DSHA",4.01841166223236
1,"aqp","DSHA",5.797342577353
1,"asbio","DSHA",4.01841166223236
1,"benthos","DSHA",0
1,"BiodiversityR","DSHA",4.01841166
1,"biosampleR","DSHA",4.01841166223236
1,"chemodiv","DSHA",4.01841166223236
1,"codyn","DSHA",4.01841166223236
1,"DescTools","DSHA",5.797342577353
1,"divDyn","DSHA",4.01841166223236
1,"divent","DSHA",4.01841166223236
1,"diverse","DSHA",4.01841166223236
1,"ecodive","DSHA",4.01841166223236
1,"EconGeo","DSHA",5.797
1,"entropart","DSHA",4.01841166223236
1,"forestmangr","DSHA",3.56
1,"HardyWeinberg","DSHA",4.01841166223236
1,"iNEXT","DSHA",4.018
1,"MCPAN","DSHA",4.01841166223236
1,"microbiome","DSHA",4.01841166223236
1,"OTUtable","DSHA",4.01841166223236
1,"pgirmess","DSHA",5.797342577353
1,"SpiecEasi","DSHA",4.01841166223236
1,"sprex","DSHA",4.01841166223236
1,"tabula","DSHA",4.01841166223236
1,"triversity","DSHA",5.797342577353
1,"vegan","DSHA",4.01841166223236
1,"wavethresh","DSHA",-27302.2558504584
1,"wiqid","DSHA",55.612703881371
1,"abdiv","DSP",0.0253706951530612
1,"agricolae","DSP",0.0253706951530612
1,"antitrust","DSP",253.706951530612
1,"benthos","DSP",0.0231903163950144
1,"breakaway","DSP",0.0253706951530612
1,"concstats","DSP",0.0253706951530612
1,"DescTools","DSP",0.0253706951530612
1,"diverse","DSP",0.0231903163950144
1,"divseg","DSP",1.02537069515306
1,"EconGeo","DSP",0.0253706951530612
1,"hhi","DSP",0.183644444444444
1,"ineq","DSP",0.0253706951530612
1,"microbiome","DSP",0.0253706951530612
1,"PDtoolkit","DSP",0.0253706951530612
1,"politics","DSP",0.0253706951530612
1,"REAT","DSP",0.0253706951530612
1,"sprex","DSP",0.0253706951530612
1,"tabula","DSP",0.0253706951530612
1,"triversity","DSP",0.0253706951530612
1,"abdiv","EBP",0.0558035714285714
1,"agricolae","EBP",0.0558035714285714
1,"BiodiversityR","EBP",0.05580357
1,"diverse","EBP",0.0558035714285714
1,"dyvDyn","EBP",0.0558035714285714
1,"ecodive","EBP",0.0558035714285714
1,"microbiome","EBP",0.0558035714285714
1,"tabula","EBP",0.0558035714285714
1,"triversity","EBP",0.0558035714285714
1,"wiqid","EBP",1
1,"tabula","EBRI",0.889603290929765
1,"BAT","EBU",0.570603649068323
1,"microbiome","EBU",0.570603649068323
1,"BAT","ECAM",0.988206897415348
1,"microbiome","ECAM",0.705549155145929
1,"codyn","EEQ",0.181259377237171
1,"custom","EEQ",0.000757960305911314
1,"adiv","EEVAR",0.510161099252474
1,"codyn","EEVAR",0.484737301554611
1,"custom","EEVAR",0.510161099252474
1,"microbiome","EEVAR",0.510161099252474
1,"acid","EGIN",0.810892857142857
1,"DescTools","EGIN",0.810892857142857
1,"dplR","EGIN",0.810892857142857
1,"EconGeo","EGIN",0.811
1,"giniVarCI","EGIN",0.810892857142857
1,"ineq","EGIN",0.810892857142857
1,"microbiome","EGIN",0.810892857142861
1,"REAT","EGIN",0.810892857142857
1,"shipunov","EGIN",0.810892857142861
1,"wINEQ","EGIN",0.810892857142857
1,"abdiv","EHEI",0.593616346536641
1,"adiv","EHEI",0.593616346536641
1,"custom","EHUL",0.109375
1,"benthos","EHURE",0.976809683604986
1,"BiodiversityR","EHURE",0.97680968
1,"mobr","EHURE",0.976809683604986
1,"vegan","EHURE",0.97680968360503
1,"custom","ELR",0.222377939412083
1,"abdiv","EMC",0.2003718119574
1,"tabula","EMC",0.93798243730924
1,"microbiome","EMN",0.109375
1,"custom","ENHC",-0.0352597555691812
1,"custom","EPAT",0.0410424049064413
1,"abdiv","EPIE",0.886557850148109
1,"adiv","EPIE",0.886557850148109
1,"BiodiversityR","EPIE",0.88655785
1,"breakaway","EPIE",0.886557850148109
1,"chemodiv","EPIE",0.886557850148109
1,"diverse","EPIE",0.886557850148109
1,"forestmangr","EPIE",1
1,"microbiome","EPIE",0.886557850148109
1,"OTUtable","EPIE",0.886557850148109
1,"pctax","EPIE",0.8866
1,"sprex","EPIE",0.886557850148109
1,"tabula","EPIE",0.886557850148109
1,"custom","ESHE",0.597986063240548
1,"adiv","ESP",0.423823159246214
1,"codyn","ESP",0.45377541142304
1,"sprex","ESP",0.0432087275508856
1,"tabula","ESP",0.423823159246214
1,"abdiv","EST",0.424779185867896
1,"adiv","QHIL_0",93
1,"adiv","QHIL_1",55.612703881371
1,"adiv","QHIL_2",39.4155538098979
1,"adiv","QHIL_3",32.6246010238405
1,"BAT","QHIL_0",93
1,"BAT","QHIL_1",55.612703881371
1,"BAT","QHIL_2",39.4155538098979
1,"BAT","QHIL_3",32.6246010238405
1,"benthos","QHIL_0",225
1,"benthos","QHIL_1",55.612703881371
1,"benthos","QHIL_2",39.4155538098979
1,"benthos","QHIL_3",32.6246010238405
1,"breakaway","QHIL_0",93
1,"breakaway","QHIL_1",55.612703881371
1,"breakaway","QHIL_2",39.4155538098979
1,"breakaway","QHIL_3",32.6246010238405
1,"chemodiv","QHIL_0",93
1,"chemodiv","QHIL_1",55.612703881371
1,"chemodiv","QHIL_2",39.4155538098979
1,"chemodiv","QHIL_3",32.6246010238405
1,"divDyn","QHIL_2",39.4155538098979
1,"divent","QHIL_0",93
1,"divent","QHIL_1",55.612703881371
1,"divent","QHIL_2",39.4155538098979
1,"divent","QHIL_3",32.6246010238382
1,"entropart","QHIL_0",93
1,"entropart","QHIL_1",55.612703881371
1,"entropart","QHIL_2",39.4155538098979
1,"entropart","QHIL_3",32.6246010238401
1,"EntropyEstimation","QHIL_1",62.1480648797217
1,"EntropyEstimation","QHIL_2",43.1214470284251
1,"EntropyEstimation","QHIL_3",35.6949998428504
1,"hilldiv","QHIL_0",93
1,"hilldiv","QHIL_1",55.612953438898
1,"hilldiv","QHIL_2",39.4155538098979
1,"hilldiv","QHIL_3",32.6246010238405
1,"hillR","QHIL_0",93
1,"hillR","QHIL_1",55.612703881371
1,"hillR","QHIL_2",39.4155538098979
1,"hillR","QHIL_3",32.6246010238405
1,"sprex","QHIL_0",93
1,"sprex","QHIL_1",55.612703881371
1,"sprex","QHIL_2",39.4155538098979
1,"sprex","QHIL_3",32.6246010238405
1,"vegan","QHIL_0",93
1,"vegan","QHIL_1",55.612703881371
1,"vegan","QHIL_2",39.4155538098979
1,"vegan","QHIL_3",32.6246010238405
1,"adiv","QREN_0",4.53259949315326
1,"adiv","QREN_1",4.01841166223236
1,"adiv","QREN_2",3.67416050515267
1,"adiv","QREN_3",3.48506663641377
1,"BiodiversityR","QREN_0",4.53259949315326
1,"BiodiversityR","QREN_1",4.01841166223236
1,"BiodiversityR","QREN_2",3.67416050515267
1,"BiodiversityR","QREN_3",3.48506663641377
1,"diverse","QREN_0",4.53259949315326
1,"diverse","QREN_1",4.01841166223236
1,"diverse","QREN_2",3.67416050515267
1,"diverse","QREN_3",3.48506663641377
1,"EntropyEstimation","QREN_1",4.12951968118431
1,"EntropyEstimation","QREN_2",3.7640204842108
1,"EntropyEstimation","QREN_3",3.57501061855186
1,"seewave","QREN_2",0.678377484026296
1,"seewave","QREN_3",0.643464194126041
1,"sprex","QREN_0",4.53259949315326
1,"sprex","QREN_1",4.01841166223236
1,"sprex","QREN_2",3.67416050515267
1,"sprex","QREN_3",3.48506663641377
1,"statcomp","QREN_1",0.741938177622559
1,"statcomp","QREN_2",0.678377473146038
1,"statcomp","QREN_3",0.643464185965847
1,"vegan","QREN_0",4.53259949315326
1,"vegan","QREN_1",4.01841166223236
1,"vegan","QREN_2",3.67416050515267
1,"vegan","QREN_3",3.48506663641377
1,"adiv","QTSA_0",92
1,"adiv","QTSA_1",4.01841166223236
1,"adiv","QTSA_2",0.974629304846939
1,"adiv","QTSA_3",0.49953023615801
1,"divent","QTSA_0",92
1,"divent","QTSA_1",4.01841166223236
1,"divent","QTSA_2",0.974629304846939
1,"divent","QTSA_3",0.49953023615801
1,"entropart","QTSA_0",92
1,"entropart","QTSA_1",4.01841166223236
1,"entropart","QTSA_2",0.974629304846939
1,"entropart","QTSA_3",0.49953023615801
1,"EntropyEstimation","QTSA_1",4.12951968118431
1,"EntropyEstimation","QTSA_2",0.976809683604986
1,"EntropyEstimation","QTSA_3",0.499607576293376
1,"vegan","QTSA_0",92
1,"vegan","QTSA_1",4.01841166223236
1,"vegan","QTSA_2",0.974629304846939
1,"vegan","QTSA_3",0.49953023615801
1,"BAT","RACE",122.848959044301
1,"ecodive","RACE",122.848959044301
1,"fossil","RACE",106.817142857143
1,"pctax","RACE",122.849
1,"sprex","RACE",448
1,"tabula","RACE",122.848959044301
1,"vegan","RACE",122.848959044301
1,"wiqid","RACE",122.848959044301
1,"BiodiversityR","RBOO",93
1,"wiqid","RBOO",225
1,"BAT","RC1",117.473684210526
1,"BiodiversityR","RC1",93
1,"biosampleR","RC1",117.473684210526
1,"iNEXT","RC1",119.635
1,"microbiome","RC1",117.473684210526
1,"pctax","RC1",117.4737
1,"rareNMtests","RC1",93
1,"SpadeR","RC1",93
1,"SSP","RC1",93
1,"vegan","RC1",117.473684210526
1,"wiqid","RC1",119.694444444444
1,"BAT","RC1M",130.526315789474
1,"divent","RC1M",119.634858630952
1,"ecodive","RC1M",119.694444444444
1,"entropart","RC1M",119.634858630952
1,"fossil","RC1M",119.694444444444
1,"mobr","RC1M",119.634858630952
1,"OTUtable","RC1M",119.694444444444
1,"tabula","RC1M",119.634858630952
1,"wiqid","RC1M",119.694444444444
1,"BAT","RCA2",4184.39
1,"divDyn","RCA2",117.210526315789
1,"fossil","RCA2",119.694444444444
1,"tabula","RCA2",93
1,"wiqid","RCA2",93
1,"benthos","RHUR_2",1.97680968360503
1,"benthos","RHUR_3",2.93121389822806
1,"divent","RHUR_2",43.1214234527314
1,"divent","RHUR_3",43.277540818113
1,"entropart","RHUR_2",1.97680968360504
1,"entropart","RHUR_3",2.93121389822807
1,"mobsim","RHUR_2",1.97680968360503
1,"mobsim","RHUR_3",2.93121389822806
1,"tabula","RHUR_2",1.97680968358732
1,"tabula","RHUR_3",2.93121389821112
1,"vegan","RHUR_2",1.97680968360503
1,"vegan","RHUR_3",2.93121389822806
1,"BAT","RICE",NA
1,"fossil","RICE",106.817142857143
1,"tabula","RICE",93
1,"wiqid","RICE",93
1,"BAT","RJA1",124
1,"BiodiversityR","RJA1",93
1,"divent","RJA1",124
1,"entropart","RJA1",124
1,"fossil","RJA1",123.930803571429
1,"SSP","RJA1",93
1,"tabula","RJA1",4.00026697439327
1,"wiqid","RJA1",124
1,"BAT","RJA2",137
1,"BiodiversityR","RJA2",93
1,"fossil","RJA2",136.70526725791
1,"SSP","RJA2",93
1,"wiqid","RJA2",137
1,"asbio","RLMD",164.565179305113
1,"sads","RLMD",1.04482257845239
1,"vegan","RLMD",116.877096441216
1,"wiqid","RMM",0
1,"divDyn","RSQ",117.736564874306
1,"ecodive","RSQ",117.736564874306
1,"tabula","RSQ",117.736564874306
2,"custom","RICH",84
2,"abdiv","D1SP",0.968339278636544
2,"ade4","D1SP",0.968339278636544
2,"adiv","D1SP",0.968339278636544
2,"agricolae","D1SP",0.968339278636544
2,"asbio","D1SP",0.968339278636544
2,"BiodiversityR","D1SP",0.96833928
2,"biosampleR","D1SP",0.966380755200631
2,"breakaway","D1SP",0.968339278636544
2,"catsim","D1SP",0.581728395061728
2,"concstats","D1SP",0.995677056791801
2,"CUB","D1SP",0.972662221844743
2,"DescTools","D1SP",0.968339278636544
2,"divent","D1SP",0.968339278636544
2,"diverse","D1SP",0.966380755200631
2,"ecodive","D1SP",0.968339278636544
2,"entropart","D1SP",0.968339278636544
2,"lawstat","D1SP",0.843288177339901
2,"MCPAN","D1SP",0.968339278636544
2,"microbiome","D1SP",0.968339278636544
2,"PCRA","D1SP",0.968339278636544
2,"RoughSets","D1SP",0.968339278636544
2,"simboot","D1SP",0.968339278636544
2,"sprex","D1SP",0.968339278636544
2,"untb","D1SP",0.970570475131098
2,"vegan","D1SP",0.968339278636544
2,"abdiv","DBRI",3.57026455879208
2,"ecodive","DBRI",3.57026455879208
2,"tabula","DBRI",3.57026455879208
2,"wiqid","DBRI",35.5259906216482
2,"BiodiversityR","DFIS",30.99091261
2,"ecodive","DFIS",30.991
2,"microbiome","DFIS",30.9909126110778
2,"preseqR","DFIS",10.2929132369251
2,"sads","DFIS",30.9909111954765
2,"vegan","DFIS",30.9909126110778
2,"custom","DGLE",13.8263729456983
2,"custom","DGOO_1_1",3.84847116819842
2,"custom","DGOO_1_2",0.32926608247199
2,"custom","DGOO_1_3",1
2,"custom","DGOO_2_1",0.100026057056818
2,"custom","DGOO_2_2",1.13623130944463
2,"custom","DGOO_2_3",1
2,"custom","DGOO_3_1",0.00453790785454586
2,"custom","DGOO_3_2",0.0403240934570872
2,"custom","DGOO_3_3",1
2,"abdiv","DINVSP",31.584877315974
2,"adiv","DINVSP",31.584877315974
2,"asbio","DINVSP",31.584877315974
2,"BiodiversityR","DINVSP",31.58487732
2,"breakaway","DINVSP",31.584877315974
2,"chemodiv","DINVSP",31.584877315974
2,"codyn","DINVSP",3.79683972911964
2,"divseg","DINVSP",1.03166072136346
2,"ecodive","DINVSP",31.584877315974
2,"microbiome","DINVSP",31.584877315974
2,"sprex","DINVSP",31.584877315974
2,"vegan","DINVSP",31.584877315974
2,"wiqid","DINVSP",31.584877315974
2,"custom","DKO",0.229357798165138
2,"abdiv","DMC",0.863465398512435
2,"adiv","DMC",0.863465398512435
2,"agricolae","DMC",0.863465398512435
2,"ecodive","DMC",0.863465398512435
2,"forestHES","DMC",0.863465398512435
2,"tabula","DMC",0.863465398512435
2,"abdiv","DMG",13.6617732677733
2,"adiv","DMG",13.6617732677733
2,"agricolae","DMG",36.8703278551954
2,"ecodive","DMG",13.6617732677733
2,"tabula","DMG",13.6617732677733
2,"abdiv","DMN",4.02749173247723
2,"adiv","DMN",4.02749173247723
2,"ecodive","DMN",4.02749173247723
2,"tabula","DMN",4.02749173247723
2,"custom","DOD",193.103448275862
2,"abdiv","DQ",0
2,"ade4","DRAO",0.968339278636544
2,"BAT","DRAO",0.968339278636566
2,"SYNCSA","DRAO",0.968339278636544
2,"abdiv","DSHA",3.84847116819842
2,"adiv","DSHA",3.84847116819842
2,"aqp","DSHA",5.55217026936401
2,"asbio","DSHA",3.84847116819842
2,"benthos","DSHA",0
2,"BiodiversityR","DSHA",3.84847117
2,"biosampleR","DSHA",3.88980279226841
2,"chemodiv","DSHA",3.84847116819842
2,"codyn","DSHA",3.84847116819842
2,"DescTools","DSHA",5.55217026936401
2,"divDyn","DSHA",3.84847116819842
2,"divent","DSHA",3.84847116819842
2,"diverse","DSHA",3.88980279226841
2,"ecodive","DSHA",3.84847116819842
2,"EconGeo","DSHA",5.552
2,"entropart","DSHA",3.84847116819842
2,"forestmangr","DSHA",3.56
2,"HardyWeinberg","DSHA",3.84847116819842
2,"iNEXT","DSHA",3.848
2,"MCPAN","DSHA",3.84847116819842
2,"microbiome","DSHA",3.84847116819842
2,"OTUtable","DSHA",3.84847116819842
2,"pgirmess","DSHA",5.55217026936401
2,"SpiecEasi","DSHA",3.84847116819842
2,"sprex","DSHA",3.84847116819842
2,"tabula","DSHA",3.84847116819842
2,"triversity","DSHA",5.55217026936401
2,"vegan","DSHA",3.84847116819842
2,"wavethresh","DSHA",-34939.9348513517
2,"wiqid","DSHA",46.9212736331505
2,"abdiv","DSP",0.0316607213634562
2,"agricolae","DSP",0.0316607213634562
2,"antitrust","DSP",316.607213634562
2,"benthos","DSP",0.029429524868902
2,"breakaway","DSP",0.0316607213634562
2,"concstats","DSP",0.0316607213634562
2,"DescTools","DSP",0.0316607213634562
2,"diverse","DSP",0.0316143054732266
2,"divseg","DSP",1.03166072136346
2,"EconGeo","DSP",0.0316607213634562
2,"hhi","DSP",0.263376932223543
2,"ineq","DSP",0.0316607213634562
2,"microbiome","DSP",0.0316607213634562
2,"PDtoolkit","DSP",0.0316607213634562
2,"politics","DSP",0.0316607213634562
2,"REAT","DSP",0.0316607213634562
2,"sprex","DSP",0.0316607213634562
2,"tabula","DSP",0.0316607213634562
2,"triversity","DSP",0.0316607213634562
2,"abdiv","EBP",0.0827586206896552
2,"agricolae","EBP",0.0827586206896552
2,"BiodiversityR","EBP",0.08275862
2,"diverse","EBP",0.0952380952380952
2,"dyvDyn","EBP",0.0827586206896552
2,"ecodive","EBP",0.0827586206896552
2,"microbiome","EBP",0.0827586206896552
2,"tabula","EBP",0.0827586206896552
2,"triversity","EBP",0.0827586206896552
2,"wiqid","EBP",1
2,"tabula","EBRI",0.871183771068966
2,"BAT","EBU",0.553136684669713
2,"microbiome","EBU",0.553136684669713
2,"BAT","ECAM",0.986260312184699
2,"microbiome","ECAM",0.726819923371647
2,"codyn","EEQ",0.181246970002495
2,"custom","EEQ",0.00097317615138467
2,"adiv","EEVAR",0.477356016355311
2,"codyn","EEVAR",0.442889139719148
2,"custom","EEVAR",0.477356016355311
2,"microbiome","EEVAR",0.477356016355311
2,"acid","EGIN",0.839540229885057
2,"DescTools","EGIN",0.839540229885058
2,"dplR","EGIN",0.839540229885057
2,"EconGeo","EGIN",0.84
2,"giniVarCI","EGIN",0.839540229885057
2,"ineq","EGIN",0.839540229885057
2,"microbiome","EGIN",0.83954022988506
2,"REAT","EGIN",0.839540229885057
2,"shipunov","EGIN",0.83954022988506
2,"wINEQ","EGIN",0.839540229885057
2,"abdiv","EHEI",0.55326835702591
2,"adiv","EHEI",0.55326835702591
2,"custom","EHUL",0.144827586206897
2,"benthos","EHURE",0.970570475131098
2,"BiodiversityR","EHURE",0.97057048
2,"mobr","EHURE",0.970570475131098
2,"vegan","EHURE",0.970570475130758
2,"custom","ELR",0.207968336424286
2,"abdiv","EMC",0.219817155589936
2,"tabula","EMC",0.922745151540891
2,"microbiome","EMN",0.144827586206897
2,"custom","ENHC",-0.0408961750846904
2,"custom","EPAT",0.159429286941596
2,"abdiv","EPIE",0.868569237437909
2,"adiv","EPIE",0.868569237437909
2,"BiodiversityR","EPIE",0.86856924
2,"breakaway","EPIE",0.868569237437909
2,"chemodiv","EPIE",0.868569237437909
2,"diverse","EPIE",0.856163418549943
2,"forestmangr","EPIE",1
2,"microbiome","EPIE",0.868569237437909
2,"OTUtable","EPIE",0.868569237437909
2,"pctax","EPIE",0.8686
2,"sprex","EPIE",0.868569237437909
2,"tabula","EPIE",0.868569237437909
2,"custom","ESHE",0.558586590870839
2,"adiv","ESP",0.376010444237785
2,"codyn","ESP",0.345167248101785
2,"sprex","ESP",0.045815132954743
2,"tabula","ESP",0.376010444237785
2,"abdiv","EST",0.441543513957307
2,"adiv","QHIL_0",84
2,"adiv","QHIL_1",46.9212736331505
2,"adiv","QHIL_2",31.584877315974
2,"adiv","QHIL_3",25.1834335539632
2,"BAT","QHIL_0",84
2,"BAT","QHIL_1",46.9212736331505
2,"BAT","QHIL_2",31.584877315974
2,"BAT","QHIL_3",25.1834335539632
2,"benthos","QHIL_0",225
2,"benthos","QHIL_1",46.9212736331505
2,"benthos","QHIL_2",31.584877315974
2,"benthos","QHIL_3",25.1834335539632
2,"breakaway","QHIL_0",84
2,"breakaway","QHIL_1",46.9212736331505
2,"breakaway","QHIL_2",31.584877315974
2,"breakaway","QHIL_3",25.1834335539632
2,"chemodiv","QHIL_0",84
2,"chemodiv","QHIL_1",46.9212736331505
2,"chemodiv","QHIL_2",31.584877315974
2,"chemodiv","QHIL_3",25.1834335539632
2,"divDyn","QHIL_2",31.584877315974
2,"divent","QHIL_0",84
2,"divent","QHIL_1",46.9212736331505
2,"divent","QHIL_2",31.584877315974
2,"divent","QHIL_3",25.1834335539634
2,"entropart","QHIL_0",84
2,"entropart","QHIL_1",46.9212736331505
2,"entropart","QHIL_2",31.584877315974
2,"entropart","QHIL_3",25.1834335539634
2,"EntropyEstimation","QHIL_1",52.0334687380643
2,"EntropyEstimation","QHIL_2",33.9794816414691
2,"EntropyEstimation","QHIL_3",26.9338514112861
2,"hilldiv","QHIL_0",84
2,"hilldiv","QHIL_1",46.921513248096
2,"hilldiv","QHIL_2",31.584877315974
2,"hilldiv","QHIL_3",25.1834335539632
2,"hillR","QHIL_0",84
2,"hillR","QHIL_1",46.9212736331505
2,"hillR","QHIL_2",31.584877315974
2,"hillR","QHIL_3",25.1834335539632
2,"sprex","QHIL_0",84
2,"sprex","QHIL_1",46.9212736331505
2,"sprex","QHIL_2",31.584877315974
2,"sprex","QHIL_3",25.1834335539632
2,"vegan","QHIL_0",84
2,"vegan","QHIL_1",46.9212736331505
2,"vegan","QHIL_2",31.584877315974
2,"vegan","QHIL_3",25.1834335539632
2,"adiv","QREN_0",4.43081679884331
2,"adiv","QREN_1",3.84847116819842
2,"adiv","QREN_2",3.45267844009344
2,"adiv","QREN_3",3.22618637968388
2,"BiodiversityR","QREN_0",4.43081679884331
2,"BiodiversityR","QREN_1",3.84847116819842
2,"BiodiversityR","QREN_2",3.45267844009344
2,"BiodiversityR","QREN_3",3.22618637968388
2,"diverse","QREN_0",4.54329478227
2,"diverse","QREN_1",3.88980279226841
2,"diverse","QREN_2",3.39265661409248
2,"diverse","QREN_3",3.09663616979369
2,"EntropyEstimation","QREN_1",3.9518871411189
2,"EntropyEstimation","QREN_2",3.52575686131487
2,"EntropyEstimation","QREN_3",3.29338391224149
2,"seewave","QREN_2",0.63748421346025
2,"seewave","QREN_3",0.595665919891639
2,"sprex","QREN_0",4.43081679884331
2,"sprex","QREN_1",3.84847116819842
2,"sprex","QREN_2",3.45267844009344
2,"sprex","QREN_3",3.22618637968388
2,"statcomp","QREN_1",0.710561267777097
2,"statcomp","QREN_2",0.637484201490829
2,"statcomp","QREN_3",0.595665910914573
2,"vegan","QREN_0",4.43081679884331
2,"vegan","QREN_1",3.84847116819842
2,"vegan","QREN_2",3.45267844009344
2,"vegan","QREN_3",3.22618637968388
2,"adiv","QTSA_0",83
2,"adiv","QTSA_1",3.84847116819842
2,"adiv","QTSA_2",0.968339278636544
2,"adiv","QTSA_3",0.499211611792201
2,"divent","QTSA_0",83
2,"divent","QTSA_1",3.84847116819842
2,"divent","QTSA_2",0.968339278636544
2,"divent","QTSA_3",0.499211611792201
2,"entropart","QTSA_0",83
2,"entropart","QTSA_1",3.84847116819842
2,"entropart","QTSA_2",0.968339278636544
2,"entropart","QTSA_3",0.499211611792201
2,"EntropyEstimation","QTSA_1",3.9518871411189
2,"EntropyEstimation","QTSA_2",0.970570475131098
2,"EntropyEstimation","QTSA_3",0.49931075585652
2,"vegan","QTSA_0",83
2,"vegan","QTSA_1",3.84847116819842
2,"vegan","QTSA_2",0.968339278636544
2,"vegan","QTSA_3",0.499211611792201
2,"BAT","RACE",117.317307367976
2,"ecodive","RACE",117.317307367976
2,"fossil","RACE",97.4207317073171
2,"pctax","RACE",117.3173
2,"sprex","RACE",435
2,"tabula","RACE",117.317307367976
2,"vegan","RACE",117.317307367976
2,"wiqid","RACE",117.317307367976
2,"BiodiversityR","RBOO",84
2,"wiqid","RBOO",225
2,"BAT","RC1",117.214285714286
2,"BiodiversityR","RC1",84
2,"biosampleR","RC1",129
2,"iNEXT","RC1",120.877
2,"microbiome","RC1",117.214285714286
2,"pctax","RC1",117.2143
2,"rareNMtests","RC1",84
2,"SpadeR","RC1",84
2,"SSP","RC1",84
2,"vegan","RC1",117.214285714286
2,"wiqid","RC1",120.961538461538
2,"BAT","RC1M",133.178419582119
2,"divent","RC1M",120.876569407604
2,"ecodive","RC1M",120.961538461538
2,"entropart","RC1M",120.876569407604
2,"fossil","RC1M",120.961538461538
2,"mobr","RC1M",120.876569407604
2,"OTUtable","RC1M",120.961538461538
2,"tabula","RC1M",120.876569407604
2,"wiqid","RC1M",120.961538461538
2,"BAT","RCA2",154.38654827143
2,"divDyn","RCA2",116.81887755102
2,"fossil","RCA2",120.961538461538
2,"tabula","RCA2",84
2,"wiqid","RCA2",84
2,"benthos","RHUR_2",1.97057047513076
2,"benthos","RHUR_3",2.91308991368037
2,"divent","RHUR_2",33.9794816841937
2,"divent","RHUR_3",34.1817919083811
2,"entropart","RHUR_2",1.97057047513076
2,"entropart","RHUR_3",2.91308991368035
2,"mobsim","RHUR_2",1.97057047513076
2,"mobsim","RHUR_3",2.91308991368037
2,"tabula","RHUR_2",1.97057047519264
2,"tabula","RHUR_3",2.91308991366952
2,"vegan","RHUR_2",1.97057047513076
2,"vegan","RHUR_3",2.91308991368037
2,"BAT","RICE",216.151515451853
2,"fossil","RICE",97.4207317073171
2,"tabula","RICE",84
2,"wiqid","RICE",84
2,"BAT","RJA1",115
2,"BiodiversityR","RJA1",84
2,"divent","RJA1",133
2,"entropart","RJA1",133
2,"fossil","RJA1",114.928735632184
2,"SSP","RJA1",84
2,"tabula","RJA1",3.82693806889557
2,"wiqid","RJA1",115
2,"BAT","RJA2",133
2,"BiodiversityR","RJA2",84
2,"fossil","RJA2",132.662000105938
2,"SSP","RJA2",84
2,"wiqid","RJA2",133
2,"asbio","RLMD",144.970964727814
2,"sads","RLMD",1.05167426431857
2,"vegan","RLMD",103.144256433432
2,"wiqid","RMM",0
2,"divDyn","RSQ",114.850499139968
2,"ecodive","RSQ",114.850499139968
2,"tabula","RSQ",114.850499139968
3,"custom","RICH",90
3,"abdiv","D1SP",0.964607755785585
3,"ade4","D1SP",0.964607755785585
3,"adiv","D1SP",0.964607755785585
3,"agricolae","D1SP",0.964607755785585
3,"asbio","D1SP",0.964607755785585
3,"BiodiversityR","D1SP",0.96460776
3,"biosampleR","D1SP",0.96583976467808
3,"breakaway","D1SP",0.964607755785585
3,"catsim","D1SP",0.60641975308642
3,"concstats","D1SP",0.995693715375957
3,"CUB","D1SP",0.968914040409627
3,"DescTools","D1SP",0.964607755785585
3,"divent","D1SP",0.964607755785585
3,"diverse","D1SP",0.96583976467808
3,"ecodive","D1SP",0.964607755785585
3,"entropart","D1SP",0.964607755785585
3,"lawstat","D1SP",0.844608145634064
3,"MCPAN","D1SP",0.964607755785585
3,"microbiome","D1SP",0.964607755785585
3,"PCRA","D1SP",0.964607755785585
3,"RoughSets","D1SP",0.964607755785585
3,"simboot","D1SP",0.964607755785585
3,"sprex","D1SP",0.964607755785585
3,"untb","D1SP",0.966695651360878
3,"vegan","D1SP",0.964607755785585
3,"abdiv","DBRI",3.53997999857368
3,"ecodive","DBRI",3.53997999857368
3,"tabula","DBRI",3.53997999857368
3,"wiqid","DBRI",34.4662298102069
3,"BiodiversityR","DFIS",33.32032835
3,"ecodive","DFIS",33.32
3,"microbiome","DFIS",33.3203283546927
3,"preseqR","DFIS",13.0978304636462
3,"sads","DFIS",33.3203283656458
3,"vegan","DFIS",33.3203283546927
3,"custom","DGLE",14.6634086538732
3,"custom","DGOO_1_1",3.81405950494229
3,"custom","DGOO_1_2",0.335658251828276
3,"custom","DGOO_1_3",1
3,"custom","DGOO_2_1",0.106461890428538
3,"custom","DGOO_2_2",1.12087036455329
3,"custom","DGOO_2_3",1
3,"custom","DGOO_3_1",0.00560010521880902
3,"custom","DGOO_3_2",0.045036919752166
3,"custom","DGOO_3_3",1
3,"abdiv","DINVSP",28.2547779095822
3,"adiv","DINVSP",28.2547779095822
3,"asbio","DINVSP",28.2547779095822
3,"BiodiversityR","DINVSP",28.25477791
3,"breakaway","DINVSP",28.2547779095822
3,"chemodiv","DINVSP",28.2547779095822
3,"codyn","DINVSP",5.69776876267748
3,"divseg","DINVSP",1.03539224421442
3,"ecodive","DINVSP",28.2547779095822
3,"microbiome","DINVSP",28.2547779095822
3,"sprex","DINVSP",28.2547779095822
3,"vegan","DINVSP",28.2547779095822
3,"wiqid","DINVSP",28.2547779095822
3,"custom","DKO",0.174311926605505
3,"abdiv","DMC",0.851441580658115
3,"adiv","DMC",0.851441580658115
3,"agricolae","DMC",0.851441580658115
3,"ecodive","DMC",0.851441580658115
3,"forestHES","DMC",0.851441580658115
3,"tabula","DMC",0.851441580658115
3,"abdiv","DMG",14.5004818910524
3,"adiv","DMG",14.5004818910524
3,"agricolae","DMG",36.4955948718623
3,"ecodive","DMG",14.5004818910524
3,"tabula","DMG",14.5004818910524
3,"abdiv","DMN",4.18265471106156
3,"adiv","DMN",4.18265471106156
3,"ecodive","DMN",4.18265471106156
3,"tabula","DMN",4.18265471106156
3,"custom","DOD",194.38444924406
3,"abdiv","DQ",0
3,"ade4","DRAO",0.964607755785585
3,"BAT","DRAO",0.964607755785571
3,"SYNCSA","DRAO",0.964607755785586
3,"abdiv","DSHA",3.81405950494229
3,"adiv","DSHA",3.81405950494229
3,"aqp","DSHA",5.50252473343566
3,"asbio","DSHA",3.81405950494229
3,"benthos","DSHA",0
3,"BiodiversityR","DSHA",3.8140595
3,"biosampleR","DSHA",3.85981424398521
3,"chemodiv","DSHA",3.81405950494229
3,"codyn","DSHA",3.81405950494229
3,"DescTools","DSHA",5.50252473343566
3,"divDyn","DSHA",3.81405950494229
3,"divent","DSHA",3.81405950494229
3,"diverse","DSHA",3.85981424398521
3,"ecodive","DSHA",3.81405950494229
3,"EconGeo","DSHA",5.503
3,"entropart","DSHA",3.81405950494229
3,"forestmangr","DSHA",3.56
3,"HardyWeinberg","DSHA",3.81405950494229
3,"iNEXT","DSHA",3.814
3,"MCPAN","DSHA",3.81405950494229
3,"microbiome","DSHA",3.81405950494229
3,"OTUtable","DSHA",3.81405950494229
3,"pgirmess","DSHA",5.50252473343566
3,"SpiecEasi","DSHA",3.81405950494229
3,"sprex","DSHA",3.81405950494229
3,"tabula","DSHA",3.81405950494229
3,"triversity","DSHA",5.50252473343566
3,"vegan","DSHA",3.81405950494229
3,"wavethresh","DSHA",-47489.6123401541
3,"wiqid","DSHA",45.3340998301171
3,"abdiv","DSP",0.0353922442144153
3,"agricolae","DSP",0.0353922442144153
3,"antitrust","DSP",353.922442144153
3,"benthos","DSP",0.0333043486391219
3,"breakaway","DSP",0.0353922442144153
3,"concstats","DSP",0.0353922442144153
3,"DescTools","DSP",0.0353922442144153
3,"diverse","DSP",0.0317456359102244
3,"divseg","DSP",1.03539224421442
3,"EconGeo","DSP",0.0353922442144153
3,"hhi","DSP",0.175507297970808
3,"ineq","DSP",0.0353922442144153
3,"microbiome","DSP",0.0353922442144153
3,"PDtoolkit","DSP",0.0353922442144153
3,"politics","DSP",0.0353922442144153
3,"REAT","DSP",0.0353922442144153
3,"sprex","DSP",0.0353922442144153
3,"tabula","DSP",0.0353922442144153
3,"triversity","DSP",0.0353922442144153
3,"abdiv","EBP",0.0842332613390929
3,"agricolae","EBP",0.0842332613390929
3,"BiodiversityR","EBP",0.08423326
3,"diverse","EBP",0.102244389027431
3,"dyvDyn","EBP",0.0842332613390929
3,"ecodive","EBP",0.0842332613390929
3,"microbiome","EBP",0.0842332613390929
3,"tabula","EBP",0.0842332613390929
3,"triversity","EBP",0.0842332613390929
3,"wiqid","EBP",1
3,"tabula","EBRI",0.84984990728688
3,"BAT","EBU",0.522386973087097
3,"microbiome","EBU",0.522386973087097
3,"BAT","ECAM",0.986468857772277
3,"microbiome","ECAM",0.676889848812095
3,"codyn","EEQ",0.21232320172398
3,"custom","EEQ",0.00084062109765577
3,"adiv","EEVAR",0.468834208457809
3,"codyn","EEVAR",0.505975877537399
3,"custom","EEVAR",0.468834208457809
3,"microbiome","EEVAR",0.468834208457809
3,"acid","EGIN",0.840854331653468
3,"DescTools","EGIN",0.840854331653468
3,"dplR","EGIN",0.840854331653468
3,"EconGeo","EGIN",0.841
3,"giniVarCI","EGIN",0.840854331653467
3,"ineq","EGIN",0.840854331653468
3,"microbiome","EGIN",0.840854331653469
3,"REAT","EGIN",0.840854331653468
3,"shipunov","EGIN",0.840854331653469
3,"wINEQ","EGIN",0.840854331653468
3,"abdiv","EHEI",0.498135953147384
3,"adiv","EHEI",0.498135953147384
3,"custom","EHUL",0.159827213822894
3,"benthos","EHURE",0.966695651360878
3,"BiodiversityR","EHURE",0.96669565
3,"mobr","EHURE",0.966695651360878
3,"vegan","EHURE",0.966695651360769
3,"custom","ELR",0.187387452938358
3,"abdiv","EMC",0.232822698088145
3,"tabula","EMC",0.907534243473551
3,"microbiome","EMN",0.159827213822894
3,"custom","ENHC",-0.0378460030769222
3,"custom","EPAT",0.1834017341308
3,"abdiv","EPIE",0.847604628722521
3,"adiv","EPIE",0.847604628722521
3,"BiodiversityR","EPIE",0.84760463
3,"breakaway","EPIE",0.847604628722521
3,"chemodiv","EPIE",0.847604628722521
3,"diverse","EPIE",0.864284293683146
3,"forestmangr","EPIE",1
3,"microbiome","EPIE",0.847604628722521
3,"OTUtable","EPIE",0.847604628722521
3,"pctax","EPIE",0.8476
3,"sprex","EPIE",0.847604628722521
3,"tabula","EPIE",0.847604628722521
3,"custom","ESHE",0.503712220334635
3,"adiv","ESP",0.313941976773135
3,"codyn","ESP",0.438289904821345
3,"sprex","ESP",0.0423784389438033
3,"tabula","ESP",0.313941976773135
3,"abdiv","EST",0.47230621550276
3,"adiv","QHIL_0",90
3,"adiv","QHIL_1",45.3340998301171
3,"adiv","QHIL_2",28.2547779095822
3,"adiv","QHIL_3",22.1570560797037
3,"BAT","QHIL_0",90
3,"BAT","QHIL_1",45.3340998301171
3,"BAT","QHIL_2",28.2547779095822
3,"BAT","QHIL_3",22.1570560797037
3,"benthos","QHIL_0",225
3,"benthos","QHIL_1",45.3340998301171
3,"benthos","QHIL_2",28.2547779095822
3,"benthos","QHIL_3",22.1570560797037
3,"breakaway","QHIL_0",90
3,"breakaway","QHIL_1",45.3340998301171
3,"breakaway","QHIL_2",28.2547779095822
3,"breakaway","QHIL_3",22.1570560797037
3,"chemodiv","QHIL_0",90
3,"chemodiv","QHIL_1",45.3340998301171
3,"chemodiv","QHIL_2",28.2547779095822
3,"chemodiv","QHIL_3",22.1570560797037
3,"divDyn","QHIL_2",28.2547779095822
3,"divent","QHIL_0",90
3,"divent","QHIL_1",45.3340998301171
3,"divent","QHIL_2",28.2547779095822
3,"divent","QHIL_3",22.157056079704
3,"entropart","QHIL_0",90
3,"entropart","QHIL_1",45.3340998301171
3,"entropart","QHIL_2",28.2547779095822
3,"entropart","QHIL_3",22.157056079704
3,"EntropyEstimation","QHIL_1",50.336483039011
3,"EntropyEstimation","QHIL_2",30.0261089275687
3,"EntropyEstimation","QHIL_3",23.3841037791858
3,"hilldiv","QHIL_0",90
3,"hilldiv","QHIL_1",45.3343825739576
3,"hilldiv","QHIL_2",28.2547779095822
3,"hilldiv","QHIL_3",22.1570560797037
3,"hillR","QHIL_0",90
3,"hillR","QHIL_1",45.3340998301171
3,"hillR","QHIL_2",28.2547779095822
3,"hillR","QHIL_3",22.1570560797037
3,"sprex","QHIL_0",90
3,"sprex","QHIL_1",45.3340998301171
3,"sprex","QHIL_2",28.2547779095822
3,"sprex","QHIL_3",22.1570560797037
3,"vegan","QHIL_0",90
3,"vegan","QHIL_1",45.3340998301171
3,"vegan","QHIL_2",28.2547779095822
3,"vegan","QHIL_3",22.1570560797037
3,"adiv","QREN_0",4.49980967033027
3,"adiv","QREN_1",3.81405950494229
3,"adiv","QREN_2",3.34126257283439
3,"adiv","QREN_3",3.09815600466513
3,"BiodiversityR","QREN_0",4.49980967033027
3,"BiodiversityR","QREN_1",3.81405950494229
3,"BiodiversityR","QREN_2",3.34126257283439
3,"BiodiversityR","QREN_3",3.09815600466513
3,"diverse","QREN_0",4.46590811865458
3,"diverse","QREN_1",3.85981424398521
3,"diverse","QREN_2",3.37669302127052
3,"diverse","QREN_3",3.08634560296806
3,"EntropyEstimation","QREN_1",3.91873012312295
3,"EntropyEstimation","QREN_2",3.40206730075842
3,"EntropyEstimation","QREN_3",3.1520564658416
3,"seewave","QREN_2",0.616912978531526
3,"seewave","QREN_3",0.572027070831376
3,"sprex","QREN_0",4.49980967033027
3,"sprex","QREN_1",3.81405950494229
3,"sprex","QREN_2",3.34126257283439
3,"sprex","QREN_3",3.09815600466513
3,"statcomp","QREN_1",0.704207681118674
3,"statcomp","QREN_2",0.616912967764493
3,"statcomp","QREN_3",0.572027062756101
3,"vegan","QREN_0",4.49980967033027
3,"vegan","QREN_1",3.81405950494229
3,"vegan","QREN_2",3.34126257283439
3,"vegan","QREN_3",3.09815600466513
3,"adiv","QTSA_0",89
3,"adiv","QTSA_1",3.81405950494229
3,"adiv","QTSA_2",0.964607755785585
3,"adiv","QTSA_3",0.498981535512024
3,"divent","QTSA_0",89
3,"divent","QTSA_1",3.81405950494229
3,"divent","QTSA_2",0.964607755785585
3,"divent","QTSA_3",0.498981535512024
3,"entropart","QTSA_0",89
3,"entropart","QTSA_1",3.81405950494229
3,"entropart","QTSA_2",0.964607755785585
3,"entropart","QTSA_3",0.498981535512024
3,"EntropyEstimation","QTSA_1",3.91873012312295
3,"EntropyEstimation","QTSA_2",0.966695651360878
3,"EntropyEstimation","QTSA_3",0.499085616154342
3,"vegan","QTSA_0",89
3,"vegan","QTSA_1",3.81405950494229
3,"vegan","QTSA_2",0.964607755785585
3,"vegan","QTSA_3",0.498981535512024
3,"BAT","RACE",134.669844406052
3,"ecodive","RACE",134.669844406052
3,"fossil","RACE",107.281437125749
3,"pctax","RACE",134.6698
3,"sprex","RACE",463
3,"tabula","RACE",134.669844406052
3,"vegan","RACE",134.669844406052
3,"wiqid","RACE",134.669844406052
3,"BiodiversityR","RBOO",90
3,"wiqid","RBOO",225
3,"BAT","RC1",141.230769230769
3,"BiodiversityR","RC1",90
3,"biosampleR","RC1",127.071428571429
3,"iNEXT","RC1",146.918
3,"microbiome","RC1",141.230769230769
3,"pctax","RC1",141.2308
3,"rareNMtests","RC1",90
3,"SpadeR","RC1",90
3,"SSP","RC1",90
3,"vegan","RC1",141.230769230769
3,"wiqid","RC1",147.041666666667
3,"BAT","RC1M",165.100512820513
3,"divent","RC1M",146.918466522678
3,"ecodive","RC1M",147.041666666667
3,"entropart","RC1M",146.918466522678
3,"fossil","RC1M",147.041666666667
3,"mobr","RC1M",146.918466522678
3,"OTUtable","RC1M",147.041666666667
3,"tabula","RC1M",146.918466522678
3,"wiqid","RC1M",147.041666666667
3,"BAT","RCA2",172.265892782459
3,"divDyn","RCA2",140.661538461538
3,"fossil","RCA2",147.041666666667
3,"tabula","RCA2",90
3,"wiqid","RCA2",90
3,"benthos","RHUR_2",1.96669565136077
3,"benthos","RHUR_3",2.90191572177371
3,"divent","RHUR_2",30.0260998411728
3,"divent","RHUR_3",30.2488883152213
3,"entropart","RHUR_2",1.96669565136077
3,"entropart","RHUR_3",2.90191572177372
3,"mobsim","RHUR_2",1.96669565136077
3,"mobsim","RHUR_3",2.90191572177371
3,"tabula","RHUR_2",1.9666956513934
3,"tabula","RHUR_3",2.90191572176117
3,"vegan","RHUR_2",1.96669565136077
3,"vegan","RHUR_3",2.90191572177371
3,"BAT","RICE",186.773653173192
3,"fossil","RICE",107.281437125749
3,"tabula","RICE",90
3,"wiqid","RICE",90
3,"BAT","RJA1",127
3,"BiodiversityR","RJA1",90
3,"divent","RJA1",175
3,"entropart","RJA1",175
3,"fossil","RJA1",126.920086393089
3,"SSP","RJA1",90
3,"tabula","RJA1",3.79175917995609
3,"wiqid","RJA1",127
3,"BAT","RJA2",152
3,"BiodiversityR","RJA2",90
3,"fossil","RJA2",151.598216038821
3,"SSP","RJA2",90
3,"wiqid","RJA2",152
3,"asbio","RLMD",154.855391833441
3,"sads","RLMD",0.979272623539585
3,"vegan","RLMD",122.830519088419
3,"wiqid","RMM",0
3,"divDyn","RSQ",139.216509744644
3,"ecodive","RSQ",139.216509744644
3,"tabula","RSQ",139.216509744644
4,"custom","RICH",94
4,"abdiv","D1SP",0.971611693223386
4,"ade4","D1SP",0.971611693223387
4,"adiv","D1SP",0.971611693223386
4,"agricolae","D1SP",0.971611693223386
4,"asbio","D1SP",0.971611693223386
4,"BiodiversityR","D1SP",0.97161169
4,"biosampleR","D1SP",0.955059870405208
4,"breakaway","D1SP",0.971611693223386
4,"catsim","D1SP",0.634192592592593
4,"concstats","D1SP",0.99566244779811
4,"CUB","D1SP",0.975949245425277
4,"DescTools","D1SP",0.971611693223387
4,"divent","D1SP",0.971611693223386
4,"diverse","D1SP",0.955059870405208
4,"ecodive","D1SP",0.971611693223386
4,"entropart","D1SP",0.971611693223386
4,"lawstat","D1SP",0.820075224971879
4,"MCPAN","D1SP",0.971611693223386
4,"microbiome","D1SP",0.971611693223386
4,"PCRA","D1SP",0.971611693223386
4,"RoughSets","D1SP",0.971611693223386
4,"simboot","D1SP",0.971611693223386
4,"sprex","D1SP",0.971611693223386
4,"untb","D1SP",0.973528087095622
4,"vegan","D1SP",0.971611693223386
4,"abdiv","DBRI",3.70307973544363
4,"ecodive","DBRI",3.70307973544363
4,"tabula","DBRI",3.70307973544363
4,"wiqid","DBRI",40.5720633706686
4,"BiodiversityR","DFIS",33.92208782
4,"ecodive","DFIS",33.922
4,"microbiome","DFIS",33.9220878208122
4,"preseqR","DFIS",13.0978304636462
4,"sads","DFIS",33.9220868083407
4,"vegan","DFIS",33.9220878208122
4,"custom","DGLE",15.0871165881625
4,"custom","DGOO_1_1",3.97656298765037
4,"custom","DGOO_1_2",0.312025363423136
4,"custom","DGOO_1_3",1
4,"custom","DGOO_2_1",0.0920979031682445
4,"custom","DGOO_2_2",1.10977362918812
4,"custom","DGOO_2_3",1
4,"custom","DGOO_3_1",0.00387801012222052
4,"custom","DGOO_3_2",0.0358714674724446
4,"custom","DGOO_3_3",1
4,"abdiv","DINVSP",35.2257712257712
4,"adiv","DINVSP",35.2257712257712
4,"asbio","DINVSP",35.2257712257712
4,"BiodiversityR","DINVSP",35.22577123
4,"breakaway","DINVSP",35.2257712257712
4,"chemodiv","DINVSP",35.2257712257712
4,"codyn","DINVSP",6.1089588377724
4,"divseg","DINVSP",1.02838830677661
4,"ecodive","DINVSP",35.2257712257712
4,"microbiome","DINVSP",35.2257712257712
4,"sprex","DINVSP",35.2257712257712
4,"vegan","DINVSP",35.2257712257712
4,"wiqid","DINVSP",35.2257712257712
4,"custom","DKO",0.137614678899083
4,"abdiv","DMC",0.870116895944359
4,"adiv","DMC",0.870116895944359
4,"agricolae","DMC",0.870116895944359
4,"ecodive","DMC",0.870116895944359
4,"forestHES","DMC",0.870116895944359
4,"tabula","DMC",0.870116895944359
4,"abdiv","DMG",14.9266153478629
4,"adiv","DMG",14.9266153478629
4,"agricolae","DMG",35.9522778271106
4,"ecodive","DMG",14.9266153478629
4,"tabula","DMG",14.9266153478629
4,"abdiv","DMN",4.17057559425573
4,"adiv","DMN",4.17057559425573
4,"ecodive","DMN",4.17057559425573
4,"tabula","DMN",4.17057559425573
4,"custom","DOD",185.03937007874
4,"abdiv","DQ",0
4,"ade4","DRAO",0.971611693223386
4,"BAT","DRAO",0.971611693223338
4,"SYNCSA","DRAO",0.971611693223386
4,"abdiv","DSHA",3.97656298765037
4,"adiv","DSHA",3.97656298765037
4,"aqp","DSHA",5.73696770206578
4,"asbio","DSHA",3.97656298765037
4,"benthos","DSHA",0
4,"BiodiversityR","DSHA",3.97656299
4,"biosampleR","DSHA",3.69841358799739
4,"chemodiv","DSHA",3.97656298765037
4,"codyn","DSHA",3.97656298765037
4,"DescTools","DSHA",5.73696770206578
4,"divDyn","DSHA",3.97656298765037
4,"divent","DSHA",3.97656298765037
4,"diverse","DSHA",3.69841358799739
4,"ecodive","DSHA",3.97656298765037
4,"EconGeo","DSHA",5.737
4,"entropart","DSHA",3.97656298765037
4,"forestmangr","DSHA",3.56
4,"HardyWeinberg","DSHA",3.97656298765037
4,"iNEXT","DSHA",3.977
4,"MCPAN","DSHA",3.97656298765037
4,"microbiome","DSHA",3.97656298765037
4,"OTUtable","DSHA",3.97656298765037
4,"pgirmess","DSHA",5.73696770206578
4,"SpiecEasi","DSHA",3.97656298765037
4,"sprex","DSHA",3.97656298765037
4,"tabula","DSHA",3.97656298765037
4,"triversity","DSHA",5.73696770206579
4,"vegan","DSHA",3.97656298765037
4,"wavethresh","DSHA",-43754.7076035002
4,"wiqid","DSHA",53.3334112579049
4,"abdiv","DSP",0.0283883067766136
4,"agricolae","DSP",0.0283883067766136
4,"antitrust","DSP",283.883067766136
4,"benthos","DSP",0.0264719129043781
4,"breakaway","DSP",0.0283883067766136
4,"concstats","DSP",0.0283883067766136
4,"DescTools","DSP",0.0283883067766136
4,"diverse","DSP",0.0423235272101205
4,"divseg","DSP",1.02838830677661
4,"EconGeo","DSP",0.0283883067766136
4,"hhi","DSP",0.163694015061435
4,"ineq","DSP",0.0283883067766136
4,"microbiome","DSP",0.0283883067766136
4,"PDtoolkit","DSP",0.0283883067766136
4,"politics","DSP",0.0283883067766136
4,"REAT","DSP",0.0283883067766136
4,"sprex","DSP",0.0283883067766136
4,"tabula","DSP",0.0283883067766136
4,"triversity","DSP",0.0283883067766136
4,"abdiv","EBP",0.0767716535433071
4,"agricolae","EBP",0.0767716535433071
4,"BiodiversityR","EBP",0.07677165
4,"diverse","EBP",0.12568306010929
4,"dyvDyn","EBP",0.0767716535433071
4,"ecodive","EBP",0.0767716535433071
4,"microbiome","EBP",0.0767716535433071
4,"tabula","EBP",0.0767716535433071
4,"triversity","EBP",0.0767716535433071
4,"wiqid","EBP",1
4,"tabula","EBRI",0.877815038688714
4,"BAT","EBU",0.557319447972229
4,"microbiome","EBU",0.557319447972229
4,"BAT","ECAM",0.987943982980165
4,"microbiome","ECAM",0.629753727592562
4,"codyn","EEQ",0.180421671903853
4,"custom","EEQ",0.00075784644386869
4,"adiv","EEVAR",0.497912448077632
4,"codyn","EEVAR",0.476669102364639
4,"custom","EEVAR",0.497912448077632
4,"microbiome","EEVAR",0.497912448077632
4,"acid","EGIN",0.816430446194226
4,"DescTools","EGIN",0.816430446194226
4,"dplR","EGIN",0.816430446194226
4,"EconGeo","EGIN",0.816
4,"giniVarCI","EGIN",0.816430446194226
4,"ineq","EGIN",0.816430446194226
4,"microbiome","EGIN",0.816430446194225
4,"REAT","EGIN",0.816430446194226
4,"shipunov","EGIN",0.816430446194225
4,"wINEQ","EGIN",0.816430446194226
4,"abdiv","EHEI",0.562724852235537
4,"adiv","EHEI",0.562724852235537
4,"custom","EHUL",0.145669291338583
4,"benthos","EHURE",0.973528087095622
4,"BiodiversityR","EHURE",0.97352809
4,"mobr","EHURE",0.973528087095622
4,"vegan","EHURE",0.973528087095857
4,"custom","ELR",0.210970597089514
4,"abdiv","EMC",0.206190254406736
4,"tabula","EMC",0.927138763228275
4,"microbiome","EMN",0.145669291338583
4,"custom","ENHC",-0.0356338536658686
4,"custom","EPAT",0.0701957513717999
4,"abdiv","EPIE",0.875259735108697
4,"adiv","EPIE",0.875259735108697
4,"BiodiversityR","EPIE",0.87525974
4,"breakaway","EPIE",0.875259735108697
4,"chemodiv","EPIE",0.875259735108697
4,"diverse","EPIE",0.834702438828633
4,"forestmangr","EPIE",1
4,"microbiome","EPIE",0.875259735108697
4,"OTUtable","EPIE",0.875259735108697
4,"pctax","EPIE",0.8753
4,"sprex","EPIE",0.875259735108697
4,"tabula","EPIE",0.875259735108697
4,"custom","ESHE",0.567376715509627
4,"adiv","ESP",0.374742247082673
4,"codyn","ESP",0.436354202698028
4,"sprex","ESP",0.0423038615707486
4,"tabula","ESP",0.374742247082673
4,"abdiv","EST",0.437971184453007
4,"adiv","QHIL_0",94
4,"adiv","QHIL_1",53.3334112579049
4,"adiv","QHIL_2",35.2257712257712
4,"adiv","QHIL_3",27.477719419636
4,"BAT","QHIL_0",94
4,"BAT","QHIL_1",53.3334112579049
4,"BAT","QHIL_2",35.2257712257712
4,"BAT","QHIL_3",27.477719419636
4,"benthos","QHIL_0",225
4,"benthos","QHIL_1",53.3334112579049
4,"benthos","QHIL_2",35.2257712257712
4,"benthos","QHIL_3",27.477719419636
4,"breakaway","QHIL_0",94
4,"breakaway","QHIL_1",53.3334112579049
4,"breakaway","QHIL_2",35.2257712257712
4,"breakaway","QHIL_3",27.477719419636
4,"chemodiv","QHIL_0",94
4,"chemodiv","QHIL_1",53.3334112579049
4,"chemodiv","QHIL_2",35.2257712257712
4,"chemodiv","QHIL_3",27.477719419636
4,"divDyn","QHIL_2",35.2257712257712
4,"divent","QHIL_0",94
4,"divent","QHIL_1",53.3334112579049
4,"divent","QHIL_2",35.2257712257713
4,"divent","QHIL_3",27.4777194196366
4,"entropart","QHIL_0",94
4,"entropart","QHIL_1",53.3334112579049
4,"entropart","QHIL_2",35.2257712257713
4,"entropart","QHIL_3",27.4777194196366
4,"EntropyEstimation","QHIL_1",58.8595514497621
4,"EntropyEstimation","QHIL_2",37.7758873569963
4,"EntropyEstimation","QHIL_3",29.2169072202721
4,"hilldiv","QHIL_0",94
4,"hilldiv","QHIL_1",53.333686978448
4,"hilldiv","QHIL_2",35.2257712257712
4,"hilldiv","QHIL_3",27.477719419636
4,"hillR","QHIL_0",94
4,"hillR","QHIL_1",53.3334112579049
4,"hillR","QHIL_2",35.2257712257712
4,"hillR","QHIL_3",27.477719419636
4,"sprex","QHIL_0",94
4,"sprex","QHIL_1",53.3334112579049
4,"sprex","QHIL_2",35.2257712257712
4,"sprex","QHIL_3",27.477719419636
4,"vegan","QHIL_0",94
4,"vegan","QHIL_1",53.3334112579049
4,"vegan","QHIL_2",35.2257712257712
4,"vegan","QHIL_3",27.477719419636
4,"adiv","QREN_0",4.54329478227
4,"adiv","QREN_1",3.97656298765037
4,"adiv","QREN_2",3.5617779518182
4,"adiv","QREN_3",3.31337547335842
4,"BiodiversityR","QREN_0",4.54329478227
4,"BiodiversityR","QREN_1",3.97656298765037
4,"BiodiversityR","QREN_2",3.5617779518182
4,"BiodiversityR","QREN_3",3.31337547335842
4,"diverse","QREN_0",4.43081679884331
4,"diverse","QREN_1",3.69841358799739
4,"diverse","QREN_2",3.10242412849987
4,"diverse","QREN_3",2.78499421467132
4,"EntropyEstimation","QREN_1",4.07515412214704
4,"EntropyEstimation","QREN_2",3.63167099847182
4,"EntropyEstimation","QREN_3",3.37474755610296
4,"seewave","QREN_2",0.657627765161687
4,"seewave","QREN_3",0.611764049036266
4,"sprex","QREN_0",4.54329478227
4,"sprex","QREN_1",3.97656298765037
4,"sprex","QREN_2",3.5617779518182
4,"sprex","QREN_3",3.31337547335842
4,"statcomp","QREN_1",0.734211460709232
4,"statcomp","QREN_2",0.657627755639189
4,"statcomp","QREN_3",0.611764041894392
4,"vegan","QREN_0",4.54329478227
4,"vegan","QREN_1",3.97656298765037
4,"vegan","QREN_2",3.5617779518182
4,"vegan","QREN_3",3.31337547335842
4,"adiv","QTSA_0",93
4,"adiv","QTSA_1",3.97656298765037
4,"adiv","QTSA_2",0.971611693223386
4,"adiv","QTSA_3",0.499337770329084
4,"divent","QTSA_0",93
4,"divent","QTSA_1",3.97656298765037
4,"divent","QTSA_2",0.971611693223386
4,"divent","QTSA_3",0.499337770329084
4,"entropart","QTSA_0",93
4,"entropart","QTSA_1",3.97656298765037
4,"entropart","QTSA_2",0.971611693223386
4,"entropart","QTSA_3",0.499337770329084
4,"EntropyEstimation","QTSA_1",4.07515412214704
4,"EntropyEstimation","QTSA_2",0.973528087095622
4,"EntropyEstimation","QTSA_3",0.49941426453356
4,"vegan","QTSA_0",93
4,"vegan","QTSA_1",3.97656298765037
4,"vegan","QTSA_2",0.971611693223386
4,"vegan","QTSA_3",0.499337770329084
4,"BAT","RACE",118.729941424772
4,"ecodive","RACE",118.729941424772
4,"fossil","RACE",104.188679245283
4,"pctax","RACE",118.7299
4,"sprex","RACE",508
4,"tabula","RACE",118.729941424772
4,"vegan","RACE",118.729941424772
4,"wiqid","RACE",118.729941424772
4,"BiodiversityR","RBOO",94
4,"wiqid","RBOO",225
4,"BAT","RC1",111.55
4,"BiodiversityR","RC1",94
4,"biosampleR","RC1",110.714285714286
4,"iNEXT","RC1",113.146
4,"microbiome","RC1",111.55
4,"pctax","RC1",111.55
4,"rareNMtests","RC1",94
4,"SpadeR","RC1",94
4,"SSP","RC1",94
4,"vegan","RC1",111.55
4,"wiqid","RC1",113.184210526316
4,"BAT","RC1M",120.753253734722
4,"divent","RC1M",113.146446332366
4,"ecodive","RC1M",113.184210526316
4,"entropart","RC1M",113.146446332366
4,"fossil","RC1M",113.184210526316
4,"mobr","RC1M",113.146446332366
4,"OTUtable","RC1M",113.184210526316
4,"tabula","RC1M",113.146446332366
4,"wiqid","RC1M",113.184210526316
4,"BAT","RCA2",181.04833454454
4,"divDyn","RCA2",111.36329787234
4,"fossil","RCA2",113.184210526316
4,"tabula","RCA2",94
4,"wiqid","RCA2",94
4,"benthos","RHUR_2",1.97352808709586
4,"benthos","RHUR_3",2.92175573221942
4,"divent","RHUR_2",37.7758571775444
4,"divent","RHUR_3",38.0051838387086
4,"entropart","RHUR_2",1.97352808709584
4,"entropart","RHUR_3",2.92175573221942
4,"mobsim","RHUR_2",1.97352808709586
4,"mobsim","RHUR_3",2.92175573221942
4,"tabula","RHUR_2",1.97352808715543
4,"tabula","RHUR_3",2.92175573220649
4,"vegan","RHUR_2",1.97352808709586
4,"vegan","RHUR_3",2.92175573221942
4,"BAT","RICE",184.852192769659
4,"fossil","RICE",104.188679245283
4,"tabula","RICE",94
4,"wiqid","RICE",94
4,"BAT","RJA1",121
4,"BiodiversityR","RJA1",94
4,"divent","RJA1",121
4,"entropart","RJA1",121
4,"fossil","RJA1",120.946850393701
4,"SSP","RJA1",94
4,"tabula","RJA1",3.95765885872437
4,"wiqid","RJA1",121
4,"BAT","RJA2",129
4,"BiodiversityR","RJA2",94
4,"fossil","RJA2",128.79323331625
4,"SSP","RJA2",94
4,"wiqid","RJA2",129
4,"asbio","RLMD",176.191582886601
4,"sads","RLMD",1.12511410965091
4,"vegan","RLMD",107.938811852181
4,"wiqid","RMM",0
4,"divDyn","RSQ",114.900628507471
4,"ecodive","RSQ",114.900628507471
4,"tabula","RSQ",114.900628507471
5,"custom","RICH",101
5,"abdiv","D1SP",0.967826683658465
5,"ade4","D1SP",0.967826683658465
5,"adiv","D1SP",0.967826683658465
5,"agricolae","D1SP",0.967826683658465
5,"asbio","D1SP",0.967826683658465
5,"BiodiversityR","D1SP",0.96782668
5,"biosampleR","D1SP",0.969207501150758
5,"breakaway","D1SP",0.967826683658465
5,"catsim","D1SP",0.65923950617284
5,"concstats","D1SP",0.995679345162239
5,"CUB","D1SP",0.972147338496226
5,"DescTools","D1SP",0.967826683658465
5,"divent","D1SP",0.967826683658465
5,"diverse","D1SP",0.969207501150758
5,"ecodive","D1SP",0.967826683658465
5,"entropart","D1SP",0.967826683658465
5,"lawstat","D1SP",0.81495756718529
5,"MCPAN","D1SP",0.967826683658465
5,"microbiome","D1SP",0.967826683658465
5,"PCRA","D1SP",0.967826683658465
5,"RoughSets","D1SP",0.967826683658465
5,"simboot","D1SP",0.967826683658465
5,"sprex","D1SP",0.967826683658465
5,"untb","D1SP",0.96974697469747
5,"vegan","D1SP",0.967826683658465
5,"abdiv","DBRI",3.68428072415853
5,"ecodive","DBRI",3.68428072415853
5,"tabula","DBRI",3.68428072415853
5,"wiqid","DBRI",39.816473120503
5,"BiodiversityR","DFIS",37.9642295
5,"ecodive","DFIS",37.964
5,"microbiome","DFIS",37.9642295032581
5,"preseqR","DFIS",10.7606779647449
5,"sads","DFIS",37.9642294687631
5,"vegan","DFIS",37.9642295032581
5,"custom","DGLE",16.2260505942038
5,"custom","DGOO_1_1",3.96994030027638
5,"custom","DGOO_1_2",0.312444305305825
5,"custom","DGOO_1_3",1
5,"custom","DGOO_2_1",0.0968604366341569
5,"custom","DGOO_2_2",1.08329844850156
5,"custom","DGOO_2_3",1
5,"custom","DGOO_3_1",0.00523169580753655
5,"custom","DGOO_3_2",0.0394836361777526
5,"custom","DGOO_3_3",1
5,"abdiv","DINVSP",31.0816575258988
5,"adiv","DINVSP",31.0816575258988
5,"asbio","DINVSP",31.0816575258988
5,"BiodiversityR","DINVSP",31.08165753
5,"breakaway","DINVSP",31.0816575258988
5,"chemodiv","DINVSP",31.0816575258988
5,"codyn","DINVSP",6.54831199068684
5,"divseg","DINVSP",1.03217331634154
5,"ecodive","DINVSP",31.0816575258988
5,"microbiome","DINVSP",31.0816575258988
5,"sprex","DINVSP",31.0816575258988
5,"vegan","DINVSP",31.0816575258988
5,"wiqid","DINVSP",31.0816575258988
5,"custom","DKO",0.073394495412844
5,"abdiv","DMC",0.858849063795238
5,"adiv","DMC",0.858849063795238
5,"agricolae","DMC",0.858849063795238
5,"ecodive","DMC",0.858849063795238
5,"forestHES","DMC",0.858849063795238
5,"tabula","DMC",0.858849063795238
5,"abdiv","DMG",16.0653966279246
5,"adiv","DMG",16.0653966279246
5,"agricolae","DMG",35.9864884465511
5,"ecodive","DMG",16.0653966279246
5,"tabula","DMG",16.0653966279246
5,"abdiv","DMN",4.49444101084885
5,"adiv","DMN",4.49444101084885
5,"ecodive","DMN",4.49444101084885
5,"tabula","DMN",4.49444101084885
5,"custom","DOD",200
5,"abdiv","DQ",0
5,"ade4","DRAO",0.967826683658466
5,"BAT","DRAO",0.967826683658455
5,"SYNCSA","DRAO",0.967826683658465
5,"abdiv","DSHA",3.96994030027638
5,"adiv","DSHA",3.96994030027638
5,"aqp","DSHA",5.72741318383397
5,"asbio","DSHA",3.96994030027638
5,"benthos","DSHA",0
5,"BiodiversityR","DSHA",3.9699403
5,"biosampleR","DSHA",3.98237326973831
5,"chemodiv","DSHA",3.96994030027638
5,"codyn","DSHA",3.96994030027638
5,"DescTools","DSHA",5.72741318383397
5,"divDyn","DSHA",3.96994030027638
5,"divent","DSHA",3.96994030027638
5,"diverse","DSHA",3.98237326973831
5,"ecodive","DSHA",3.96994030027638
5,"EconGeo","DSHA",5.727
5,"entropart","DSHA",3.96994030027638
5,"forestmangr","DSHA",3.56
5,"HardyWeinberg","DSHA",3.96994030027638
5,"iNEXT","DSHA",3.97
5,"MCPAN","DSHA",3.96994030027638
5,"microbiome","DSHA",3.96994030027638
5,"OTUtable","DSHA",3.96994030027638
5,"pgirmess","DSHA",5.72741318383397
5,"SpiecEasi","DSHA",3.96994030027638
5,"sprex","DSHA",3.96994030027638
5,"tabula","DSHA",3.96994030027638
5,"triversity","DSHA",5.72741318383397
5,"vegan","DSHA",3.96994030027638
5,"wavethresh","DSHA",-52741.3381191569
5,"wiqid","DSHA",52.9813677722467
5,"abdiv","DSP",0.0321733163415351
5,"agricolae","DSP",0.0321733163415351
5,"antitrust","DSP",321.733163415351
5,"benthos","DSP",0.0302530253025303
5,"breakaway","DSP",0.0321733163415351
5,"concstats","DSP",0.0321733163415351
5,"DescTools","DSP",0.0321733163415351
5,"diverse","DSP",0.0284169902679898
5,"divseg","DSP",1.03217331634154
5,"EconGeo","DSP",0.0321733163415351
5,"hhi","DSP",0.152711111111111
5,"ineq","DSP",0.0321733163415351
5,"microbiome","DSP",0.0321733163415351
5,"PDtoolkit","DSP",0.0321733163415351
5,"politics","DSP",0.0321733163415351
5,"REAT","DSP",0.0321733163415351
5,"sprex","DSP",0.0321733163415351
5,"tabula","DSP",0.0321733163415351
5,"triversity","DSP",0.0321733163415351
5,"abdiv","EBP",0.108910891089109
5,"agricolae","EBP",0.108910891089109
5,"BiodiversityR","EBP",0.10891089
5,"diverse","EBP",0.0953545232273839
5,"dyvDyn","EBP",0.108910891089109
5,"ecodive","EBP",0.108910891089109
5,"microbiome","EBP",0.108910891089109
5,"tabula","EBP",0.108910891089109
5,"triversity","EBP",0.108910891089109
5,"wiqid","EBP",1
5,"tabula","EBRI",0.861811380518522
5,"BAT","EBU",0.55
5,"microbiome","EBU",0.55
5,"BAT","ECAM",0.988405842564455
5,"microbiome","ECAM",0.695284776002353
5,"codyn","EEQ",0.204957302063589
5,"custom","EEQ",0.000643237882248606
5,"adiv","EEVAR",0.499964715342313
5,"codyn","EEVAR",0.483150329388917
5,"custom","EEVAR",0.499964715342313
5,"microbiome","EEVAR",0.499964715342313
5,"acid","EGIN",0.811335533553355
5,"DescTools","EGIN",0.811335533553355
5,"dplR","EGIN",0.811335533553355
5,"EconGeo","EGIN",0.811
5,"giniVarCI","EGIN",0.811335533553355
5,"ineq","EGIN",0.811335533553355
5,"microbiome","EGIN",0.811335533553358
5,"REAT","EGIN",0.811335533553355
5,"shipunov","EGIN",0.811335533553358
5,"wINEQ","EGIN",0.811335533553355
5,"abdiv","EHEI",0.519813677722467
5,"adiv","EHEI",0.519813677722467
5,"custom","EHUL",0.17029702970297
5,"benthos","EHURE",0.96974697469747
5,"BiodiversityR","EHURE",0.96974697
5,"mobr","EHURE",0.96974697469747
5,"vegan","EHURE",0.969746974697366
5,"custom","ELR",0.194907559685528
5,"abdiv","EMC",0.223589766880709
5,"tabula","EMC",0.911309462795152
5,"microbiome","EMN",0.17029702970297
5,"custom","ENHC",-0.032494943180738
5,"custom","EPAT",0.0748093622322215
5,"abdiv","EPIE",0.860202953701745
5,"adiv","EPIE",0.860202953701745
5,"BiodiversityR","EPIE",0.86020295
5,"breakaway","EPIE",0.860202953701745
5,"chemodiv","EPIE",0.860202953701745
5,"diverse","EPIE",0.878606917675807
5,"forestmangr","EPIE",1
5,"microbiome","EPIE",0.860202953701745
5,"OTUtable","EPIE",0.860202953701745
5,"pctax","EPIE",0.8602
5,"sprex","EPIE",0.860202953701745
5,"tabula","EPIE",0.860202953701745
5,"custom","ESHE",0.524567997745017
5,"adiv","ESP",0.307739183424741
5,"codyn","ESP",0.385194822981579
5,"sprex","ESP",0.0393063396066968
5,"tabula","ESP",0.307739183424741
5,"abdiv","EST",0.445544554455446
5,"adiv","QHIL_0",101
5,"adiv","QHIL_1",52.9813677722467
5,"adiv","QHIL_2",31.0816575258988
5,"adiv","QHIL_3",22.1645873986746
5,"BAT","QHIL_0",101
5,"BAT","QHIL_1",52.9813677722467
5,"BAT","QHIL_2",31.0816575258988
5,"BAT","QHIL_3",22.1645873986746
5,"benthos","QHIL_0",225
5,"benthos","QHIL_1",52.9813677722467
5,"benthos","QHIL_2",31.0816575258988
5,"benthos","QHIL_3",22.1645873986746
5,"breakaway","QHIL_0",101
5,"breakaway","QHIL_1",52.9813677722467
5,"breakaway","QHIL_2",31.0816575258988
5,"breakaway","QHIL_3",22.1645873986746
5,"chemodiv","QHIL_0",101
5,"chemodiv","QHIL_1",52.9813677722467
5,"chemodiv","QHIL_2",31.0816575258988
5,"chemodiv","QHIL_3",22.1645873986746
5,"divDyn","QHIL_2",31.0816575258988
5,"divent","QHIL_0",101
5,"divent","QHIL_1",52.9813677722467
5,"divent","QHIL_2",31.0816575258989
5,"divent","QHIL_3",22.1645873986738
5,"entropart","QHIL_0",101
5,"entropart","QHIL_1",52.9813677722467
5,"entropart","QHIL_2",31.0816575258989
5,"entropart","QHIL_3",22.1645873986744
5,"EntropyEstimation","QHIL_1",58.9866964462338
5,"EntropyEstimation","QHIL_2",33.0545454545456
5,"EntropyEstimation","QHIL_3",23.1663204749121
5,"hilldiv","QHIL_0",101
5,"hilldiv","QHIL_1",52.9817028373506
5,"hilldiv","QHIL_2",31.0816575258988
5,"hilldiv","QHIL_3",22.1645873986746
5,"hillR","QHIL_0",101
5,"hillR","QHIL_1",52.9813677722467
5,"hillR","QHIL_2",31.0816575258988
5,"hillR","QHIL_3",22.1645873986746
5,"sprex","QHIL_0",101
5,"sprex","QHIL_1",52.9813677722467
5,"sprex","QHIL_2",31.0816575258988
5,"sprex","QHIL_3",22.1645873986746
5,"vegan","QHIL_0",101
5,"vegan","QHIL_1",52.9813677722467
5,"vegan","QHIL_2",31.0816575258988
5,"vegan","QHIL_3",22.1645873986746
5,"adiv","QREN_0",4.61512051684126
5,"adiv","QREN_1",3.96994030027638
5,"adiv","QREN_2",3.43661785502653
5,"adiv","QREN_3",3.09849585303051
5,"BiodiversityR","QREN_0",4.61512051684126
5,"BiodiversityR","QREN_1",3.96994030027638
5,"BiodiversityR","QREN_2",3.43661785502653
5,"BiodiversityR","QREN_3",3.09849585303051
5,"diverse","QREN_0",4.53259949315326
5,"diverse","QREN_1",3.98237326973831
5,"diverse","QREN_2",3.48048416252002
5,"diverse","QREN_3",3.14451888101324
5,"EntropyEstimation","QREN_1",4.07731193451825
5,"EntropyEstimation","QREN_2",3.49815908950496
5,"EntropyEstimation","QREN_3",3.14269952026201
5,"seewave","QREN_2",0.634518869468648
5,"seewave","QREN_3",0.572089817352917
5,"sprex","QREN_0",4.61512051684126
5,"sprex","QREN_1",3.96994030027638
5,"sprex","QREN_2",3.43661785502653
5,"sprex","QREN_3",3.09849585303051
5,"statcomp","QREN_1",0.73298868290192
5,"statcomp","QREN_2",0.63451886040144
5,"statcomp","QREN_3",0.572089810552511
5,"vegan","QREN_0",4.61512051684126
5,"vegan","QREN_1",3.96994030027638
5,"vegan","QREN_2",3.43661785502653
5,"vegan","QREN_3",3.09849585303051
5,"adiv","QTSA_0",100
5,"adiv","QTSA_1",3.96994030027638
5,"adiv","QTSA_2",0.967826683658465
5,"adiv","QTSA_3",0.498982227523801
5,"divent","QTSA_0",100
5,"divent","QTSA_1",3.96994030027638
5,"divent","QTSA_2",0.967826683658465
5,"divent","QTSA_3",0.498982227523801
5,"entropart","QTSA_0",100
5,"entropart","QTSA_1",3.96994030027638
5,"entropart","QTSA_2",0.967826683658465
5,"entropart","QTSA_3",0.498982227523801
5,"EntropyEstimation","QTSA_1",4.07731193451825
5,"EntropyEstimation","QTSA_2",0.96974697469747
5,"EntropyEstimation","QTSA_3",0.499068343358051
5,"vegan","QTSA_0",100
5,"vegan","QTSA_1",3.96994030027638
5,"vegan","QTSA_2",0.967826683658465
5,"vegan","QTSA_3",0.498982227523801
5,"BAT","RACE",137.11408821799
5,"ecodive","RACE",137.11408821799
5,"fossil","RACE",115.594594594595
5,"pctax","RACE",137.1141
5,"sprex","RACE",505
5,"tabula","RACE",137.11408821799
5,"vegan","RACE",137.11408821799
5,"wiqid","RACE",137.11408821799
5,"BiodiversityR","RBOO",101
5,"wiqid","RBOO",225
5,"BAT","RC1",136
5,"BiodiversityR","RC1",101
5,"biosampleR","RC1",116.25
5,"iNEXT","RC1",139.042
5,"microbiome","RC1",136
5,"pctax","RC1",136
5,"rareNMtests","RC1",101
5,"SpadeR","RC1",101
5,"SSP","RC1",101
5,"vegan","RC1",136
5,"wiqid","RC1",139.117647058824
5,"BAT","RC1M",153.278306048427
5,"divent","RC1M",139.042166569598
5,"ecodive","RC1M",139.117647058824
5,"entropart","RC1M",139.042166569598
5,"fossil","RC1M",139.117647058824
5,"mobr","RC1M",139.042166569598
5,"OTUtable","RC1M",139.117647058824
5,"tabula","RC1M",139.042166569598
5,"wiqid","RC1M",139.117647058824
5,"BAT","RCA2",185.508138854611
5,"divDyn","RCA2",135.653465346535
5,"fossil","RCA2",139.117647058824
5,"tabula","RCA2",101
5,"wiqid","RCA2",101
5,"benthos","RHUR_2",1.96974697469737
5,"benthos","RHUR_3",2.91110423737639
5,"divent","RHUR_2",33.054545970357
5,"divent","RHUR_3",33.4106979094246
5,"entropart","RHUR_2",1.96974697469736
5,"entropart","RHUR_3",2.91110423737641
5,"mobsim","RHUR_2",1.96974697469737
5,"mobsim","RHUR_3",2.91110423737639
5,"tabula","RHUR_2",1.96974697467287
5,"tabula","RHUR_3",2.91110423742002
5,"vegan","RHUR_2",1.96974697469737
5,"vegan","RHUR_3",2.91110423737639
5,"BAT","RICE",188.281135075476
5,"fossil","RICE",115.594594594595
5,"tabula","RICE",101
5,"wiqid","RICE",101
5,"BAT","RJA1",137
5,"BiodiversityR","RJA1",101
5,"divent","RJA1",156
5,"entropart","RJA1",156
5,"fossil","RJA1",136.928712871287
5,"SSP","RJA1",101
5,"tabula","RJA1",3.95090866314536
5,"wiqid","RJA1",137
5,"BAT","RJA2",156
5,"BiodiversityR","RJA2",101
5,"fossil","RJA2",155.673200534339
5,"SSP","RJA2",101
5,"wiqid","RJA2",156
5,"asbio","RLMD",184.558599945045
5,"sads","RLMD",1.01191232896376
5,"vegan","RLMD",120.711987798309
5,"wiqid","RMM",0
5,"divDyn","RSQ",143.29970285096
5,"ecodive","RSQ",143.29970285096
5,"tabula","RSQ",143.29970285096
6,"custom","RICH",85
6,"abdiv","D1SP",0.962755679140353
6,"ade4","D1SP",0.962755679140353
6,"adiv","D1SP",0.962755679140353
6,"agricolae","D1SP",0.962755679140353
6,"asbio","D1SP",0.962755679140353
6,"BiodiversityR","D1SP",0.96275568
6,"biosampleR","D1SP",0.971862554992598
6,"breakaway","D1SP",0.962755679140353
6,"catsim","D1SP",0.582044444444444
6,"concstats","D1SP",0.995701983575266
6,"CUB","D1SP",0.967053695565086
6,"DescTools","D1SP",0.962755679140353
6,"divent","D1SP",0.962755679140353
6,"diverse","D1SP",0.971862554992598
6,"ecodive","D1SP",0.962755679140353
6,"entropart","D1SP",0.962755679140353
6,"lawstat","D1SP",0.849904646324549
6,"MCPAN","D1SP",0.962755679140353
6,"microbiome","D1SP",0.962755679140353
6,"PCRA","D1SP",0.962755679140353
6,"RoughSets","D1SP",0.962755679140353
6,"simboot","D1SP",0.962755679140353
6,"sprex","D1SP",0.962755679140353
6,"untb","D1SP",0.965098150379137
6,"vegan","D1SP",0.962755679140353
6,"abdiv","DBRI",3.48927796830515
6,"ecodive","DBRI",3.48927796830515
6,"tabula","DBRI",3.48927796830515
6,"wiqid","DBRI",32.7622837569311
6,"BiodiversityR","DFIS",32.49374161
6,"ecodive","DFIS",32.494
6,"microbiome","DFIS",32.4937416117501
6,"preseqR","DFIS",11.2901540467307
6,"sads","DFIS",32.4937387262299
6,"vegan","DFIS",32.4937416117501
6,"custom","DGLE",14.1172015234226
6,"custom","DGOO_1_1",3.77657518939042
6,"custom","DGOO_1_2",0.338586804827137
6,"custom","DGOO_1_3",1
6,"custom","DGOO_2_1",0.10909284346255
6,"custom","DGOO_2_2",1.12151530325414
6,"custom","DGOO_2_3",1
6,"custom","DGOO_3_1",0.00625487901069212
6,"custom","DGOO_3_2",0.0464772120414446
6,"custom","DGOO_3_3",1
6,"abdiv","DINVSP",26.8497310977539
6,"adiv","DINVSP",26.8497310977539
6,"asbio","DINVSP",26.8497310977539
6,"BiodiversityR","DINVSP",26.8497311
6,"breakaway","DINVSP",26.8497310977539
6,"chemodiv","DINVSP",26.8497310977539
6,"codyn","DINVSP",7.65822784810127
6,"divseg","DINVSP",1.03724432085965
6,"ecodive","DINVSP",26.8497310977539
6,"microbiome","DINVSP",26.8497310977539
6,"sprex","DINVSP",26.8497310977539
6,"vegan","DINVSP",26.8497310977539
6,"wiqid","DINVSP",26.8497310977539
6,"custom","DKO",0.220183486238532
6,"abdiv","DMC",0.848831025592504
6,"adiv","DMC",0.848831025592504
6,"agricolae","DMC",0.848831025592504
6,"ecodive","DMC",0.848831025592504
6,"forestHES","DMC",0.848831025592504
6,"tabula","DMC",0.848831025592504
6,"abdiv","DMG",13.9511167996176
6,"adiv","DMG",13.9511167996176
6,"agricolae","DMG",37.2029781323136
6,"ecodive","DMG",13.9511167996176
6,"tabula","DMG",13.9511167996176
6,"abdiv","DMN",4.18764943219825
6,"adiv","DMN",4.18764943219825
6,"ecodive","DMN",4.18764943219825
6,"tabula","DMN",4.18764943219825
6,"custom","DOD",206.31067961165
6,"abdiv","DQ",0
6,"ade4","DRAO",0.962755679140352
6,"BAT","DRAO",0.962755679140338
6,"SYNCSA","DRAO",0.962755679140352
6,"abdiv","DSHA",3.77657518939042
6,"adiv","DSHA",3.77657518939042
6,"aqp","DSHA",5.44844629727786
6,"asbio","DSHA",3.77657518939042
6,"benthos","DSHA",0
6,"BiodiversityR","DSHA",3.77657519
6,"biosampleR","DSHA",4.01749389661912
6,"chemodiv","DSHA",3.77657518939042
6,"codyn","DSHA",3.77657518939042
6,"DescTools","DSHA",5.44844629727786
6,"divDyn","DSHA",3.77657518939042
6,"divent","DSHA",3.77657518939042
6,"diverse","DSHA",4.01749389661912
6,"ecodive","DSHA",3.77657518939042
6,"EconGeo","DSHA",5.448
6,"entropart","DSHA",3.77657518939042
6,"forestmangr","DSHA",3.56
6,"HardyWeinberg","DSHA",3.77657518939042
6,"iNEXT","DSHA",3.777
6,"MCPAN","DSHA",3.77657518939042
6,"microbiome","DSHA",3.77657518939042
6,"OTUtable","DSHA",3.77657518939042
6,"pgirmess","DSHA",5.44844629727786
6,"SpiecEasi","DSHA",3.77657518939042
6,"sprex","DSHA",3.77657518939042
6,"tabula","DSHA",3.77657518939042
6,"triversity","DSHA",5.44844629727786
6,"vegan","DSHA",3.77657518939042
6,"wavethresh","DSHA",-39094.1079877613
6,"wiqid","DSHA",43.6662367642217
6,"abdiv","DSP",0.0372443208596475
6,"agricolae","DSP",0.0372443208596475
6,"antitrust","DSP",372.443208596475
6,"benthos","DSP",0.0349018496208632
6,"breakaway","DSP",0.0372443208596475
6,"concstats","DSP",0.0372443208596475
6,"DescTools","DSP",0.0372443208596475
6,"diverse","DSP",0.0259135032339634
6,"divseg","DSP",1.03724432085965
6,"EconGeo","DSP",0.0372443208596475
6,"hhi","DSP",0.130578512396694
6,"ineq","DSP",0.0372443208596475
6,"microbiome","DSP",0.0372443208596475
6,"PDtoolkit","DSP",0.0372443208596475
6,"politics","DSP",0.0372443208596475
6,"REAT","DSP",0.0372443208596475
6,"sprex","DSP",0.0372443208596475
6,"tabula","DSP",0.0372443208596475
6,"triversity","DSP",0.0372443208596475
6,"abdiv","EBP",0.106796116504854
6,"agricolae","EBP",0.106796116504854
6,"BiodiversityR","EBP",0.10679612
6,"diverse","EBP",0.0753424657534247
6,"dyvDyn","EBP",0.106796116504854
6,"ecodive","EBP",0.106796116504854
6,"microbiome","EBP",0.106796116504854
6,"tabula","EBP",0.106796116504854
6,"triversity","EBP",0.106796116504854
6,"wiqid","EBP",1
6,"tabula","EBRI",0.852366883033099
6,"BAT","EBU",0.522249190938511
6,"microbiome","EBU",0.522249190938511
6,"BAT","ECAM",0.985888335916891
6,"microbiome","ECAM",0.788406624785837
6,"codyn","EEQ",0.233604429967606
6,"custom","EEQ",0.00091465569720693
6,"adiv","EEVAR",0.485295357639051
6,"codyn","EEVAR",0.598752155494775
6,"custom","EEVAR",0.485295357639051
6,"microbiome","EEVAR",0.485295357639051
6,"acid","EGIN",0.846127292340885
6,"DescTools","EGIN",0.846127292340885
6,"dplR","EGIN",0.846127292340885
6,"EconGeo","EGIN",0.846
6,"giniVarCI","EGIN",0.846127292340885
6,"ineq","EGIN",0.846127292340884
6,"microbiome","EGIN",0.846127292340887
6,"REAT","EGIN",0.846127292340885
6,"shipunov","EGIN",0.846127292340887
6,"wINEQ","EGIN",0.846127292340885
6,"abdiv","EHEI",0.507931390050259
6,"adiv","EHEI",0.507931390050259
6,"custom","EHUL",0.182038834951456
6,"benthos","EHURE",0.965098150379137
6,"BiodiversityR","EHURE",0.96509815
6,"mobr","EHURE",0.965098150379137
6,"vegan","EHURE",0.965098150378704
6,"custom","ELR",0.191237033081926
6,"abdiv","EMC",0.242317021898345
6,"tabula","EMC",0.905194220881266
6,"microbiome","EMN",0.182038834951456
6,"custom","ENHC",-0.0388924592341985
6,"custom","EPAT",0.209514705430753
6,"abdiv","EPIE",0.85007239401769
6,"adiv","EPIE",0.85007239401769
6,"BiodiversityR","EPIE",0.85007239
6,"breakaway","EPIE",0.85007239401769
6,"chemodiv","EPIE",0.85007239401769
6,"diverse","EPIE",0.876231710542907
6,"forestmangr","EPIE",1
6,"microbiome","EPIE",0.85007239401769
6,"OTUtable","EPIE",0.85007239401769
6,"pctax","EPIE",0.8501
6,"sprex","EPIE",0.85007239401769
6,"tabula","EPIE",0.85007239401769
6,"custom","ESHE",0.513720432520256
6,"adiv","ESP",0.31587918938534
6,"codyn","ESP",0.478639240506329
6,"sprex","ESP",0.0444302963457697
6,"tabula","ESP",0.31587918938534
6,"abdiv","EST",0.472130211307824
6,"adiv","QHIL_0",85
6,"adiv","QHIL_1",43.6662367642217
6,"adiv","QHIL_2",26.8497310977539
6,"adiv","QHIL_3",20.3521701377439
6,"BAT","QHIL_0",85
6,"BAT","QHIL_1",43.6662367642217
6,"BAT","QHIL_2",26.8497310977539
6,"BAT","QHIL_3",20.3521701377439
6,"benthos","QHIL_0",225
6,"benthos","QHIL_1",43.6662367642217
6,"benthos","QHIL_2",26.8497310977539
6,"benthos","QHIL_3",20.3521701377439
6,"breakaway","QHIL_0",85
6,"breakaway","QHIL_1",43.6662367642217
6,"breakaway","QHIL_2",26.8497310977539
6,"breakaway","QHIL_3",20.3521701377439
6,"chemodiv","QHIL_0",85
6,"chemodiv","QHIL_1",43.6662367642217
6,"chemodiv","QHIL_2",26.8497310977539
6,"chemodiv","QHIL_3",20.3521701377439
6,"divDyn","QHIL_2",26.8497310977539
6,"divent","QHIL_0",85
6,"divent","QHIL_1",43.6662367642217
6,"divent","QHIL_2",26.8497310977539
6,"divent","QHIL_3",20.3521701377438
6,"entropart","QHIL_0",85
6,"entropart","QHIL_1",43.6662367642217
6,"entropart","QHIL_2",26.8497310977539
6,"entropart","QHIL_3",20.352170137744
6,"EntropyEstimation","QHIL_1",48.7988754954098
6,"EntropyEstimation","QHIL_2",28.6517766497463
6,"EntropyEstimation","QHIL_3",21.4639963064249
6,"hilldiv","QHIL_0",85
6,"hilldiv","QHIL_1",43.6665070873951
6,"hilldiv","QHIL_2",26.8497310977539
6,"hilldiv","QHIL_3",20.3521701377439
6,"hillR","QHIL_0",85
6,"hillR","QHIL_1",43.6662367642217
6,"hillR","QHIL_2",26.8497310977539
6,"hillR","QHIL_3",20.3521701377439
6,"sprex","QHIL_0",85
6,"sprex","QHIL_1",43.6662367642217
6,"sprex","QHIL_2",26.8497310977539
6,"sprex","QHIL_3",20.3521701377439
6,"vegan","QHIL_0",85
6,"vegan","QHIL_1",43.6662367642217
6,"vegan","QHIL_2",26.8497310977539
6,"vegan","QHIL_3",20.3521701377439
6,"adiv","QREN_0",4.44265125649032
6,"adiv","QREN_1",3.77657518939042
6,"adiv","QREN_2",3.29025580592349
6,"adiv","QREN_3",3.01318754687827
6,"BiodiversityR","QREN_0",4.44265125649032
6,"BiodiversityR","QREN_1",3.77657518939042
6,"BiodiversityR","QREN_2",3.29025580592349
6,"BiodiversityR","QREN_3",3.01318754687827
6,"diverse","QREN_0",4.58496747867057
6,"diverse","QREN_1",4.01749389661912
6,"diverse","QREN_2",3.57065402717494
6,"diverse","QREN_3",3.30640325211524
6,"EntropyEstimation","QREN_1",3.88770726946676
6,"EntropyEstimation","QREN_2",3.35521545344562
6,"EntropyEstimation","QREN_3",3.06637694104098
6,"seewave","QREN_2",0.607495361892752
6,"seewave","QREN_3",0.556338947598301
6,"sprex","QREN_0",4.44265125649032
6,"sprex","QREN_1",3.77657518939042
6,"sprex","QREN_2",3.29025580592349
6,"sprex","QREN_3",3.01318754687827
6,"statcomp","QREN_1",0.697286776266796
6,"statcomp","QREN_2",0.607495349344764
6,"statcomp","QREN_3",0.55633893818731
6,"vegan","QREN_0",4.44265125649032
6,"vegan","QREN_1",3.77657518939042
6,"vegan","QREN_2",3.29025580592349
6,"vegan","QREN_3",3.01318754687827
6,"adiv","QTSA_0",84
6,"adiv","QTSA_1",3.77657518939042
6,"adiv","QTSA_2",0.962755679140353
6,"adiv","QTSA_3",0.498792885254048
6,"divent","QTSA_0",84
6,"divent","QTSA_1",3.77657518939042
6,"divent","QTSA_2",0.962755679140353
6,"divent","QTSA_3",0.498792885254048
6,"entropart","QTSA_0",84
6,"entropart","QTSA_1",3.77657518939042
6,"entropart","QTSA_2",0.962755679140353
6,"entropart","QTSA_3",0.498792885254048
6,"EntropyEstimation","QTSA_1",3.88770726946676
6,"EntropyEstimation","QTSA_2",0.965098150379137
6,"EntropyEstimation","QTSA_3",0.498914702420357
6,"vegan","QTSA_0",84
6,"vegan","QTSA_1",3.77657518939042
6,"vegan","QTSA_2",0.962755679140353
6,"vegan","QTSA_3",0.498792885254048
6,"BAT","RACE",128.220438817691
6,"ecodive","RACE",128.220438817691
6,"fossil","RACE",100.361445783133
6,"pctax","RACE",128.2204
6,"sprex","RACE",412
6,"tabula","RACE",128.220438817691
6,"vegan","RACE",128.220438817691
6,"wiqid","RACE",128.220438817691
6,"BiodiversityR","RBOO",85
6,"wiqid","RBOO",225
6,"BAT","RC1",116.166666666667
6,"BiodiversityR","RC1",85
6,"biosampleR","RC1",161.909090909091
6,"iNEXT","RC1",118.917
6,"microbiome","RC1",116.166666666667
6,"pctax","RC1",116.1667
6,"rareNMtests","RC1",85
6,"SpadeR","RC1",85
6,"SSP","RC1",85
6,"vegan","RC1",116.166666666667
6,"wiqid","RC1",119
6,"BAT","RC1M",134.753333333333
6,"divent","RC1M",118.917475728155
6,"ecodive","RC1M",119
6,"entropart","RC1M",118.917475728155
6,"fossil","RC1M",119
6,"mobr","RC1M",118.917475728155
6,"OTUtable","RC1M",119
6,"tabula","RC1M",118.917475728155
6,"wiqid","RC1M",119
6,"BAT","RCA2",191.093436977052
6,"divDyn","RCA2",115.8
6,"fossil","RCA2",119
6,"tabula","RCA2",85
6,"wiqid","RCA2",85
6,"benthos","RHUR_2",1.9650981503787
6,"benthos","RHUR_3",2.89746504629621
6,"divent","RHUR_2",28.6517571982644
6,"divent","RHUR_3",28.921077865596
6,"entropart","RHUR_2",1.96509815037871
6,"entropart","RHUR_3",2.89746504629622
6,"mobsim","RHUR_2",1.9650981503787
6,"mobsim","RHUR_3",2.89746504629621
6,"tabula","RHUR_2",1.96509815036966
6,"tabula","RHUR_3",2.89746504632647
6,"vegan","RHUR_2",1.9650981503787
6,"vegan","RHUR_3",2.89746504629621
6,"BAT","RICE",190.961890065905
6,"fossil","RICE",100.361445783133
6,"tabula","RICE",85
6,"wiqid","RICE",85
6,"BAT","RJA1",119
6,"BiodiversityR","RJA1",85
6,"divent","RJA1",136
6,"entropart","RJA1",136
6,"fossil","RJA1",118.917475728155
6,"SSP","RJA1",85
6,"tabula","RJA1",3.7534337810357
6,"wiqid","RJA1",119
6,"BAT","RJA2",136
6,"BiodiversityR","RJA2",85
6,"fossil","RJA2",135.628540382208
6,"SSP","RJA2",85
6,"wiqid","RJA2",136
6,"asbio","RLMD",134.219203493835
6,"sads","RLMD",0.947215843134564
6,"vegan","RLMD",114.996823992837
6,"wiqid","RMM",0
6,"divDyn","RSQ",128.800160619464
6,"ecodive","RSQ",128.800160619464
6,"tabula","RSQ",128.800160619464
7,"custom","RICH",82
7,"abdiv","D1SP",0.967201368343195
7,"ade4","D1SP",0.967201368343195
7,"adiv","D1SP",0.967201368343195
7,"agricolae","D1SP",0.967201368343195
7,"asbio","D1SP",0.967201368343195
7,"BiodiversityR","D1SP",0.96720137
7,"biosampleR","D1SP",0.970905717658964
7,"breakaway","D1SP",0.967201368343195
7,"catsim","D1SP",0.573155555555556
7,"concstats","D1SP",0.995682136748468
7,"CUB","D1SP",0.971519231594727
7,"DescTools","D1SP",0.967201368343195
7,"divent","D1SP",0.967201368343195
7,"diverse","D1SP",0.970905717658964
7,"ecodive","D1SP",0.967201368343195
7,"entropart","D1SP",0.967201368343195
7,"lawstat","D1SP",0.843535370879121
7,"MCPAN","D1SP",0.967201368343195
7,"microbiome","D1SP",0.967201368343195
7,"PCRA","D1SP",0.967201368343195
7,"RoughSets","D1SP",0.967201368343195
7,"simboot","D1SP",0.967201368343195
7,"sprex","D1SP",0.967201368343195
7,"untb","D1SP",0.969531974050046
7,"vegan","D1SP",0.967201368343195
7,"abdiv","DBRI",3.55245782533055
7,"ecodive","DBRI",3.55245782533055
7,"tabula","DBRI",3.55245782533055
7,"wiqid","DBRI",34.8989877793429
7,"BiodiversityR","DFIS",30.58382774
7,"ecodive","DFIS",30.584
7,"microbiome","DFIS",30.5838277394364
7,"preseqR","DFIS",10.1644939310574
7,"sads","DFIS",30.5838235738628
7,"vegan","DFIS",30.5838277394364
7,"custom","DGLE",13.5971280975866
7,"custom","DGOO_1_1",3.83681098928965
7,"custom","DGOO_1_2",0.329807211195298
7,"custom","DGOO_1_3",1
7,"custom","DGOO_2_1",0.101545758094218
7,"custom","DGOO_2_2",1.13043452864735
7,"custom","DGOO_2_3",1
7,"custom","DGOO_3_1",0.00493506557871291
7,"custom","DGOO_3_2",0.0414740955370562
7,"custom","DGOO_3_3",1
7,"abdiv","DINVSP",30.4890768146582
7,"adiv","DINVSP",30.4890768146582
7,"asbio","DINVSP",30.4890768146582
7,"BiodiversityR","DINVSP",30.48907681
7,"breakaway","DINVSP",30.4890768146582
7,"chemodiv","DINVSP",30.4890768146582
7,"codyn","DINVSP",5.39550561797753
7,"divseg","DINVSP",1.0327986316568
7,"ecodive","DINVSP",30.4890768146582
7,"microbiome","DINVSP",30.4890768146582
7,"sprex","DINVSP",30.4890768146582
7,"vegan","DINVSP",30.4890768146582
7,"wiqid","DINVSP",30.4890768146582
7,"custom","DKO",0.247706422018349
7,"abdiv","DMC",0.861115748087731
7,"adiv","DMC",0.861115748087731
7,"agricolae","DMC",0.861115748087731
7,"ecodive","DMC",0.861115748087731
7,"forestHES","DMC",0.861115748087731
7,"tabula","DMC",0.861115748087731
7,"abdiv","DMG",13.4313094622502
7,"adiv","DMG",13.4313094622502
7,"agricolae","DMG",37.1433743153586
7,"ecodive","DMG",13.4313094622502
7,"tabula","DMG",13.4313094622502
7,"abdiv","DMN",4.02038077033277
7,"adiv","DMN",4.02038077033277
7,"ecodive","DMN",4.02038077033277
7,"tabula","DMN",4.02038077033277
7,"custom","DOD",197.115384615385
7,"abdiv","DQ",0
7,"ade4","DRAO",0.967201368343195
7,"BAT","DRAO",0.967201368343172
7,"SYNCSA","DRAO",0.967201368343195
7,"abdiv","DSHA",3.83681098928965
7,"adiv","DSHA",3.83681098928965
7,"aqp","DSHA",5.53534818707645
7,"asbio","DSHA",3.83681098928965
7,"benthos","DSHA",0
7,"BiodiversityR","DSHA",3.83681099
7,"biosampleR","DSHA",3.95663477069268
7,"chemodiv","DSHA",3.83681098928965
7,"codyn","DSHA",3.83681098928965
7,"DescTools","DSHA",5.53534818707645
7,"divDyn","DSHA",3.83681098928965
7,"divent","DSHA",3.83681098928965
7,"diverse","DSHA",3.95663477069268
7,"ecodive","DSHA",3.83681098928965
7,"EconGeo","DSHA",5.535
7,"entropart","DSHA",3.83681098928965
7,"forestmangr","DSHA",3.56
7,"HardyWeinberg","DSHA",3.83681098928965
7,"iNEXT","DSHA",3.837
7,"MCPAN","DSHA",3.83681098928965
7,"microbiome","DSHA",3.83681098928965
7,"OTUtable","DSHA",3.83681098928965
7,"pgirmess","DSHA",5.53534818707645
7,"SpiecEasi","DSHA",3.83681098928965
7,"sprex","DSHA",3.83681098928965
7,"tabula","DSHA",3.83681098928965
7,"triversity","DSHA",5.53534818707645
7,"vegan","DSHA",3.83681098928965
7,"wavethresh","DSHA",-33314.13364898
7,"wiqid","DSHA",46.3773405293508
7,"abdiv","DSP",0.0327986316568047
7,"agricolae","DSP",0.0327986316568047
7,"antitrust","DSP",327.986316568047
7,"benthos","DSP",0.0304680259499537
7,"breakaway","DSP",0.0327986316568047
7,"concstats","DSP",0.0327986316568047
7,"DescTools","DSP",0.0327986316568047
7,"diverse","DSP",0.0269881961855931
7,"divseg","DSP",1.0327986316568
7,"EconGeo","DSP",0.0327986316568047
7,"hhi","DSP",0.185339441899209
7,"ineq","DSP",0.0327986316568047
7,"microbiome","DSP",0.0327986316568047
7,"PDtoolkit","DSP",0.0327986316568047
7,"politics","DSP",0.0327986316568047
7,"REAT","DSP",0.0327986316568047
7,"sprex","DSP",0.0327986316568047
7,"tabula","DSP",0.0327986316568047
7,"triversity","DSP",0.0327986316568047
7,"abdiv","EBP",0.0913461538461538
7,"agricolae","EBP",0.0913461538461538
7,"BiodiversityR","EBP",0.09134615
7,"diverse","EBP",0.0714285714285714
7,"dyvDyn","EBP",0.0913461538461538
7,"ecodive","EBP",0.0913461538461538
7,"microbiome","EBP",0.0913461538461538
7,"tabula","EBP",0.0913461538461538
7,"triversity","EBP",0.0913461538461538
7,"wiqid","EBP",1
7,"tabula","EBRI",0.872708492393004
7,"BAT","EBU",0.566061253561254
7,"microbiome","EBU",0.566061253561254
7,"BAT","ECAM",0.986163227016885
7,"microbiome","ECAM",0.75342987804878
7,"codyn","EEQ",0.216271756681993
7,"custom","EEQ",0.000993205621085047
7,"adiv","EEVAR",0.49650923863781
7,"codyn","EEVAR",0.59119423227001
7,"custom","EEVAR",0.49650923863781
7,"microbiome","EEVAR",0.49650923863781
7,"acid","EGIN",0.839786324786325
7,"DescTools","EGIN",0.839786324786325
7,"dplR","EGIN",0.839786324786325
7,"EconGeo","EGIN",0.84
7,"giniVarCI","EGIN",0.839786324786325
7,"ineq","EGIN",0.839786324786325
7,"microbiome","EGIN",0.839786324786324
7,"REAT","EGIN",0.839786324786325
7,"shipunov","EGIN",0.839786324786324
7,"wINEQ","EGIN",0.839786324786325
7,"abdiv","EHEI",0.560214080609269
7,"adiv","EHEI",0.560214080609269
7,"custom","EHUL",0.15625
7,"benthos","EHURE",0.969531974050046
7,"BiodiversityR","EHURE",0.96953197
7,"mobr","EHURE",0.969531974050046
7,"vegan","EHURE",0.969531974050136
7,"custom","ELR",0.210632964406855
7,"abdiv","EMC",0.224812116213492
7,"tabula","EMC",0.920554290069449
7,"microbiome","EMN",0.15625
7,"custom","ENHC",-0.0407439539700222
7,"custom","EPAT",0.167552202158645
7,"abdiv","EPIE",0.870672891555682
7,"adiv","EPIE",0.870672891555682
7,"BiodiversityR","EPIE",0.87067289
7,"breakaway","EPIE",0.870672891555682
7,"chemodiv","EPIE",0.870672891555682
7,"diverse","EPIE",0.872928388371705
7,"forestmangr","EPIE",1
7,"microbiome","EPIE",0.870672891555682
7,"OTUtable","EPIE",0.870672891555682
7,"pctax","EPIE",0.8707
7,"sprex","EPIE",0.870672891555682
7,"tabula","EPIE",0.870672891555682
7,"custom","ESHE",0.565577323528669
7,"adiv","ESP",0.371818009934856
7,"codyn","ESP",0.449625468164794
7,"sprex","ESP",0.0467903779181664
7,"tabula","ESP",0.371818009934856
7,"abdiv","EST",0.428646810506567
7,"adiv","QHIL_0",82
7,"adiv","QHIL_1",46.3773405293508
7,"adiv","QHIL_2",30.4890768146582
7,"adiv","QHIL_3",23.7384709996454
7,"BAT","QHIL_0",82
7,"BAT","QHIL_1",46.3773405293508
7,"BAT","QHIL_2",30.4890768146582
7,"BAT","QHIL_3",23.7384709996454
7,"benthos","QHIL_0",225
7,"benthos","QHIL_1",46.3773405293508
7,"benthos","QHIL_2",30.4890768146582
7,"benthos","QHIL_3",23.7384709996454
7,"breakaway","QHIL_0",82
7,"breakaway","QHIL_1",46.3773405293508
7,"breakaway","QHIL_2",30.4890768146582
7,"breakaway","QHIL_3",23.7384709996454
7,"chemodiv","QHIL_0",82
7,"chemodiv","QHIL_1",46.3773405293508
7,"chemodiv","QHIL_2",30.4890768146582
7,"chemodiv","QHIL_3",23.7384709996454
7,"divDyn","QHIL_2",30.4890768146582
7,"divent","QHIL_0",82
7,"divent","QHIL_1",46.3773405293508
7,"divent","QHIL_2",30.4890768146582
7,"divent","QHIL_3",23.738470999646
7,"entropart","QHIL_0",82
7,"entropart","QHIL_1",46.3773405293508
7,"entropart","QHIL_2",30.4890768146582
7,"entropart","QHIL_3",23.7384709996453
7,"EntropyEstimation","QHIL_1",51.5296825196339
7,"EntropyEstimation","QHIL_2",32.8212927756649
7,"EntropyEstimation","QHIL_3",25.3116539511106
7,"hilldiv","QHIL_0",82
7,"hilldiv","QHIL_1",46.3775822672235
7,"hilldiv","QHIL_2",30.4890768146582
7,"hilldiv","QHIL_3",23.7384709996454
7,"hillR","QHIL_0",82
7,"hillR","QHIL_1",46.3773405293508
7,"hillR","QHIL_2",30.4890768146582
7,"hillR","QHIL_3",23.7384709996454
7,"sprex","QHIL_0",82
7,"sprex","QHIL_1",46.3773405293508
7,"sprex","QHIL_2",30.4890768146582
7,"sprex","QHIL_3",23.7384709996454
7,"vegan","QHIL_0",82
7,"vegan","QHIL_1",46.3773405293508
7,"vegan","QHIL_2",30.4890768146582
7,"vegan","QHIL_3",23.7384709996454
7,"adiv","QREN_0",4.40671924726425
7,"adiv","QREN_1",3.83681098928965
7,"adiv","QREN_2",3.41736848224259
7,"adiv","QREN_3",3.16709698102671
7,"BiodiversityR","QREN_0",4.40671924726425
7,"BiodiversityR","QREN_1",3.83681098928965
7,"BiodiversityR","QREN_2",3.41736848224259
7,"BiodiversityR","QREN_3",3.16709698102671
7,"diverse","QREN_0",4.53259949315326
7,"diverse","QREN_1",3.95663477069268
7,"diverse","QREN_2",3.53721360723595
7,"diverse","QREN_3",3.30464864141805
7,"EntropyEstimation","QREN_1",3.94215800124283
7,"EntropyEstimation","QREN_2",3.49107747476019
7,"EntropyEstimation","QREN_3",3.2312649201545
7,"seewave","QREN_2",0.630964771185128
7,"seewave","QREN_3",0.584755967836225
7,"sprex","QREN_0",4.40671924726425
7,"sprex","QREN_1",3.83681098928965
7,"sprex","QREN_2",3.41736848224259
7,"sprex","QREN_3",3.16709698102671
7,"statcomp","QREN_1",0.708408394299341
7,"statcomp","QREN_2",0.630964758491494
7,"statcomp","QREN_3",0.584755958315999
7,"vegan","QREN_0",4.40671924726425
7,"vegan","QREN_1",3.83681098928965
7,"vegan","QREN_2",3.41736848224259
7,"vegan","QREN_3",3.16709698102671
7,"adiv","QTSA_0",81
7,"adiv","QTSA_1",3.83681098928965
7,"adiv","QTSA_2",0.967201368343195
7,"adiv","QTSA_3",0.499112712181206
7,"divent","QTSA_0",81
7,"divent","QTSA_1",3.83681098928965
7,"divent","QTSA_2",0.967201368343195
7,"divent","QTSA_3",0.499112712181206
7,"entropart","QTSA_0",81
7,"entropart","QTSA_1",3.83681098928965
7,"entropart","QTSA_2",0.967201368343195
7,"entropart","QTSA_3",0.499112712181206
7,"EntropyEstimation","QTSA_1",3.94215800124283
7,"EntropyEstimation","QTSA_2",0.969531974050046
7,"EntropyEstimation","QTSA_3",0.499219578984836
7,"vegan","QTSA_0",81
7,"vegan","QTSA_1",3.83681098928965
7,"vegan","QTSA_2",0.967201368343195
7,"vegan","QTSA_3",0.499112712181206
7,"BAT","RACE",108.315823190263
7,"ecodive","RACE",108.315823190263
7,"fossil","RACE",92.4285714285714
7,"pctax","RACE",108.3158
7,"sprex","RACE",416
7,"tabula","RACE",108.315823190263
7,"vegan","RACE",108.315823190263
7,"wiqid","RACE",108.315823190263
7,"BiodiversityR","RBOO",82
7,"wiqid","RBOO",225
7,"BAT","RC1",105.625
7,"BiodiversityR","RC1",82
7,"biosampleR","RC1",113.714285714286
7,"iNEXT","RC1",108.071
7,"microbiome","RC1",105.625
7,"pctax","RC1",105.625
7,"rareNMtests","RC1",82
7,"SpadeR","RC1",82
7,"SSP","RC1",82
7,"vegan","RC1",105.625
7,"wiqid","RC1",108.133333333333
7,"BAT","RC1M",117.940585960738
7,"divent","RC1M",108.070512820513
7,"ecodive","RC1M",108.133333333333
7,"entropart","RC1M",108.070512820513
7,"fossil","RC1M",108.133333333333
7,"mobr","RC1M",108.070512820513
7,"OTUtable","RC1M",108.133333333333
7,"tabula","RC1M",108.070512820513
7,"wiqid","RC1M",108.133333333333
7,"BAT","RCA2",196.776006387224
7,"divDyn","RCA2",105.336890243902
7,"fossil","RCA2",108.133333333333
7,"tabula","RCA2",82
7,"wiqid","RCA2",82
7,"benthos","RHUR_2",1.96953197405014
7,"benthos","RHUR_3",2.91015676418051
7,"divent","RHUR_2",32.8212936875572
7,"divent","RHUR_3",33.0547665566786
7,"entropart","RHUR_2",1.96953197405014
7,"entropart","RHUR_3",2.91015676418053
7,"mobsim","RHUR_2",1.96953197405014
7,"mobsim","RHUR_3",2.91015676418051
7,"tabula","RHUR_2",1.96953197409186
7,"tabula","RHUR_3",2.91015676420229
7,"vegan","RHUR_2",1.96953197405014
7,"vegan","RHUR_3",2.91015676418051
7,"BAT","RICE",195.415724451385
7,"fossil","RICE",92.4285714285714
7,"tabula","RICE",82
7,"wiqid","RICE",82
7,"BAT","RJA1",110
7,"BiodiversityR","RJA1",82
7,"divent","RJA1",123
7,"entropart","RJA1",123
7,"fossil","RJA1",109.932692307692
7,"SSP","RJA1",82
7,"tabula","RJA1",3.81501299986971
7,"wiqid","RJA1",110
7,"BAT","RJA2",123
7,"BiodiversityR","RJA2",82
7,"fossil","RJA2",122.704240037071
7,"SSP","RJA2",82
7,"wiqid","RJA2",123
7,"asbio","RLMD",149.168091258587
7,"sads","RLMD",1.05924256342678
7,"vegan","RLMD",97.9391678830625
7,"wiqid","RMM",0
7,"divDyn","RSQ",108.059873506676
7,"ecodive","RSQ",108.059873506676
7,"tabula","RSQ",108.059873506676
8,"custom","RICH",88
8,"abdiv","D1SP",0.967199788976158
8,"ade4","D1SP",0.967199788976158
8,"adiv","D1SP",0.967199788976158
8,"agricolae","D1SP",0.967199788976158
8,"asbio","D1SP",0.967199788976158
8,"BiodiversityR","D1SP",0.96719979
8,"biosampleR","D1SP",0.968659834842304
8,"breakaway","D1SP",0.967199788976158
8,"catsim","D1SP",0.603614814814815
8,"concstats","D1SP",0.995682143799214
8,"CUB","D1SP",0.971517645176944
8,"DescTools","D1SP",0.967199788976158
8,"divent","D1SP",0.967199788976157
8,"diverse","D1SP",0.968659834842304
8,"ecodive","D1SP",0.967199788976158
8,"entropart","D1SP",0.967199788976157
8,"lawstat","D1SP",0.826586841233013
8,"MCPAN","D1SP",0.967199788976158
8,"microbiome","D1SP",0.967199788976158
8,"PCRA","D1SP",0.967199788976158
8,"RoughSets","D1SP",0.967199788976158
8,"simboot","D1SP",0.967199788976158
8,"sprex","D1SP",0.967199788976158
8,"untb","D1SP",0.969449090810986
8,"vegan","D1SP",0.967199788976158
8,"abdiv","DBRI",3.61278347746365
8,"ecodive","DBRI",3.61278347746365
8,"tabula","DBRI",3.61278347746365
8,"wiqid","DBRI",37.0690903245199
8,"BiodiversityR","DFIS",33.4498071
8,"ecodive","DFIS",33.45
8,"microbiome","DFIS",33.4498070978758
8,"preseqR","DFIS",13.3197386163588
8,"sads","DFIS",33.4498055430133
8,"vegan","DFIS",33.4498070978758
8,"custom","DGLE",14.5068301937388
8,"custom","DGOO_1_1",3.90838117687707
8,"custom","DGOO_1_2",0.319193760490986
8,"custom","DGOO_1_3",1
8,"custom","DGOO_2_1",0.0992019928036262
8,"custom","DGOO_2_2",1.09944378897106
8,"custom","DGOO_2_3",1
8,"custom","DGOO_3_1",0.00524716980754529
8,"custom","DGOO_3_2",0.0407670912298278
8,"custom","DGOO_3_3",1
8,"abdiv","DINVSP",30.487608731331
8,"adiv","DINVSP",30.487608731331
8,"asbio","DINVSP",30.487608731331
8,"BiodiversityR","DINVSP",30.48760873
8,"breakaway","DINVSP",30.487608731331
8,"chemodiv","DINVSP",30.487608731331
8,"codyn","DINVSP",7.25839793281654
8,"divseg","DINVSP",1.03280021102384
8,"ecodive","DINVSP",30.487608731331
8,"microbiome","DINVSP",30.487608731331
8,"sprex","DINVSP",30.487608731331
8,"vegan","DINVSP",30.487608731331
8,"wiqid","DINVSP",30.487608731331
8,"custom","DKO",0.192660550458716
8,"abdiv","DMC",0.860332471614086
8,"adiv","DMC",0.860332471614086
8,"agricolae","DMC",0.860332471614086
8,"ecodive","DMC",0.860332471614086
8,"forestHES","DMC",0.860332471614086
8,"tabula","DMC",0.860332471614086
8,"abdiv","DMG",14.3419798506281
8,"adiv","DMG",14.3419798506281
8,"agricolae","DMG",36.9264768567896
8,"ecodive","DMG",14.3419798506281
8,"tabula","DMG",14.3419798506281
8,"abdiv","DMN",4.23881084755998
8,"adiv","DMN",4.23881084755998
8,"ecodive","DMN",4.23881084755998
8,"tabula","DMN",4.23881084755998
8,"custom","DOD",204.176334106729
8,"abdiv","DQ",0
8,"ade4","DRAO",0.967199788976158
8,"BAT","DRAO",0.967199788976151
8,"SYNCSA","DRAO",0.967199788976157
8,"abdiv","DSHA",3.90838117687707
8,"adiv","DSHA",3.90838117687707
8,"aqp","DSHA",5.63860214178432
8,"asbio","DSHA",3.90838117687707
8,"benthos","DSHA",0
8,"BiodiversityR","DSHA",3.90838118
8,"biosampleR","DSHA",3.91682141476042
8,"chemodiv","DSHA",3.90838117687707
8,"codyn","DSHA",3.90838117687707
8,"DescTools","DSHA",5.63860214178432
8,"divDyn","DSHA",3.90838117687707
8,"divent","DSHA",3.90838117687707
8,"diverse","DSHA",3.91682141476042
8,"ecodive","DSHA",3.90838117687707
8,"EconGeo","DSHA",5.639
8,"entropart","DSHA",3.90838117687707
8,"forestmangr","DSHA",3.56
8,"HardyWeinberg","DSHA",3.90838117687707
8,"iNEXT","DSHA",3.908
8,"MCPAN","DSHA",3.90838117687707
8,"microbiome","DSHA",3.90838117687707
8,"OTUtable","DSHA",3.90838117687707
8,"pgirmess","DSHA",5.63860214178432
8,"SpiecEasi","DSHA",3.90838117687707
8,"sprex","DSHA",3.90838117687707
8,"tabula","DSHA",3.90838117687707
8,"triversity","DSHA",5.63860214178432
8,"vegan","DSHA",3.90838117687707
8,"wavethresh","DSHA",-37065.8704156155
8,"wiqid","DSHA",49.8182397431819
8,"abdiv","DSP",0.0328002110238425
8,"agricolae","DSP",0.0328002110238425
8,"antitrust","DSP",328.002110238424
8,"benthos","DSP",0.0305509091890142
8,"breakaway","DSP",0.0328002110238425
8,"concstats","DSP",0.0328002110238425
8,"DescTools","DSP",0.0328002110238425
8,"diverse","DSP",0.0291184682887914
8,"divseg","DSP",1.03280021102384
8,"EconGeo","DSP",0.0328002110238425
8,"hhi","DSP",0.137771448914204
8,"ineq","DSP",0.0328002110238425
8,"microbiome","DSP",0.0328002110238425
8,"PDtoolkit","DSP",0.0328002110238425
8,"politics","DSP",0.0328002110238425
8,"REAT","DSP",0.0328002110238425
8,"sprex","DSP",0.0328002110238425
8,"tabula","DSP",0.0328002110238425
8,"triversity","DSP",0.0328002110238425
8,"abdiv","EBP",0.0951276102088167
8,"agricolae","EBP",0.0951276102088167
8,"BiodiversityR","EBP",0.09512761
8,"diverse","EBP",0.0732265446224256
8,"dyvDyn","EBP",0.0951276102088167
8,"ecodive","EBP",0.0951276102088167
8,"microbiome","EBP",0.0951276102088167
8,"tabula","EBP",0.0951276102088167
8,"triversity","EBP",0.0951276102088167
8,"wiqid","EBP",1
8,"tabula","EBRI",0.874470998178843
8,"BAT","EBU",0.578846307704616
8,"microbiome","EBU",0.578846307704616
8,"BAT","ECAM",0.987420205737672
8,"microbiome","ECAM",0.715592701961612
8,"codyn","EEQ",0.227627894089671
8,"custom","EEQ",0.000799800965104635
8,"adiv","EEVAR",0.540753901419887
8,"codyn","EEVAR",0.60146511124168
8,"custom","EEVAR",0.540753901419887
8,"microbiome","EEVAR",0.540753901419887
8,"acid","EGIN",0.822913121938644
8,"DescTools","EGIN",0.822913121938644
8,"dplR","EGIN",0.822913121938644
8,"EconGeo","EGIN",0.823
8,"giniVarCI","EGIN",0.822913121938644
8,"ineq","EGIN",0.822913121938644
8,"microbiome","EGIN",0.822913121938644
8,"REAT","EGIN",0.822913121938644
8,"shipunov","EGIN",0.822913121938644
8,"wINEQ","EGIN",0.822913121938644
8,"abdiv","EHEI",0.561129192450366
8,"adiv","EHEI",0.561129192450366
8,"custom","EHUL",0.178654292343387
8,"benthos","EHURE",0.969449090810986
8,"BiodiversityR","EHURE",0.96944909
8,"mobr","EHURE",0.969449090810986
8,"vegan","EHURE",0.969449090810782
8,"custom","ELR",0.210656393067433
8,"abdiv","EMC",0.22682846804217
8,"tabula","EMC",0.916601794215898
8,"microbiome","EMN",0.178654292343387
8,"custom","ENHC",-0.0352057768856502
8,"custom","EPAT",0.117693741976376
8,"abdiv","EPIE",0.872925432868637
8,"adiv","EPIE",0.872925432868637
8,"BiodiversityR","EPIE",0.87292543
8,"breakaway","EPIE",0.872925432868637
8,"chemodiv","EPIE",0.872925432868637
8,"diverse","EPIE",0.864144608557848
8,"forestmangr","EPIE",1
8,"microbiome","EPIE",0.872925432868637
8,"OTUtable","EPIE",0.872925432868637
8,"pctax","EPIE",0.8729
8,"sprex","EPIE",0.872925432868637
8,"tabula","EPIE",0.872925432868637
8,"custom","ESHE",0.566116360717976
8,"adiv","ESP",0.346450099219671
8,"codyn","ESP",0.518456995201181
8,"sprex","ESP",0.0444134224645122
8,"tabula","ESP",0.346450099219671
8,"abdiv","EST",0.416367854882936
8,"adiv","QHIL_0",88
8,"adiv","QHIL_1",49.8182397431819
8,"adiv","QHIL_2",30.487608731331
8,"adiv","QHIL_3",22.4826713985933
8,"BAT","QHIL_0",88
8,"BAT","QHIL_1",49.8182397431819
8,"BAT","QHIL_2",30.487608731331
8,"BAT","QHIL_3",22.4826713985933
8,"benthos","QHIL_0",225
8,"benthos","QHIL_1",49.8182397431819
8,"benthos","QHIL_2",30.487608731331
8,"benthos","QHIL_3",22.4826713985933
8,"breakaway","QHIL_0",88
8,"breakaway","QHIL_1",49.8182397431819
8,"breakaway","QHIL_2",30.487608731331
8,"breakaway","QHIL_3",22.4826713985933
8,"chemodiv","QHIL_0",88
8,"chemodiv","QHIL_1",49.8182397431819
8,"chemodiv","QHIL_2",30.487608731331
8,"chemodiv","QHIL_3",22.4826713985933
8,"divDyn","QHIL_2",30.487608731331
8,"divent","QHIL_0",88
8,"divent","QHIL_1",49.8182397431819
8,"divent","QHIL_2",30.4876087313309
8,"divent","QHIL_3",22.4826713985929
8,"entropart","QHIL_0",88
8,"entropart","QHIL_1",49.8182397431819
8,"entropart","QHIL_2",30.4876087313309
8,"entropart","QHIL_3",22.4826713985932
8,"EntropyEstimation","QHIL_1",55.5441790106937
8,"EntropyEstimation","QHIL_2",32.7322500883076
8,"EntropyEstimation","QHIL_3",23.7481026247801
8,"hilldiv","QHIL_0",88
8,"hilldiv","QHIL_1",49.8185247606324
8,"hilldiv","QHIL_2",30.487608731331
8,"hilldiv","QHIL_3",22.4826713985933
8,"hillR","QHIL_0",88
8,"hillR","QHIL_1",49.8182397431819
8,"hillR","QHIL_2",30.487608731331
8,"hillR","QHIL_3",22.4826713985933
8,"sprex","QHIL_0",88
8,"sprex","QHIL_1",49.8182397431819
8,"sprex","QHIL_2",30.487608731331
8,"sprex","QHIL_3",22.4826713985933
8,"vegan","QHIL_0",88
8,"vegan","QHIL_1",49.8182397431819
8,"vegan","QHIL_2",30.487608731331
8,"vegan","QHIL_3",22.4826713985933
8,"adiv","QREN_0",4.47733681447821
8,"adiv","QREN_1",3.90838117687707
8,"adiv","QREN_2",3.417320329959
8,"adiv","QREN_3",3.11274485242223
8,"BiodiversityR","QREN_0",4.47733681447821
8,"BiodiversityR","QREN_1",3.90838117687707
8,"BiodiversityR","QREN_2",3.417320329959
8,"BiodiversityR","QREN_3",3.11274485242223
8,"diverse","QREN_0",4.53259949315326
8,"diverse","QREN_1",3.91682141476042
8,"diverse","QREN_2",3.46285477219911
8,"diverse","QREN_3",3.22825176531983
8,"EntropyEstimation","QREN_1",4.01717872230862
8,"EntropyEstimation","QREN_2",3.4883608331195
8,"EntropyEstimation","QREN_3",3.16750263780637
8,"seewave","QREN_2",0.630955879647503
8,"seewave","QREN_3",0.574720678891979
8,"sprex","QREN_0",4.47733681447821
8,"sprex","QREN_1",3.90838117687707
8,"sprex","QREN_2",3.417320329959
8,"sprex","QREN_3",3.11274485242223
8,"statcomp","QREN_1",0.721622733449755
8,"statcomp","QREN_2",0.630955867909707
8,"statcomp","QREN_3",0.574720670088632
8,"vegan","QREN_0",4.47733681447821
8,"vegan","QREN_1",3.90838117687707
8,"vegan","QREN_2",3.417320329959
8,"vegan","QREN_3",3.11274485242223
8,"adiv","QTSA_0",87
8,"adiv","QTSA_1",3.90838117687707
8,"adiv","QTSA_2",0.967199788976158
8,"adiv","QTSA_3",0.499010822615908
8,"divent","QTSA_0",87
8,"divent","QTSA_1",3.90838117687707
8,"divent","QTSA_2",0.967199788976157
8,"divent","QTSA_3",0.499010822615908
8,"entropart","QTSA_0",87
8,"entropart","QTSA_1",3.90838117687707
8,"entropart","QTSA_2",0.967199788976157
8,"entropart","QTSA_3",0.499010822615908
8,"EntropyEstimation","QTSA_1",4.01717872230862
8,"EntropyEstimation","QTSA_2",0.969449090810985
8,"EntropyEstimation","QTSA_3",0.499113431757904
8,"vegan","QTSA_0",87
8,"vegan","QTSA_1",3.90838117687707
8,"vegan","QTSA_2",0.967199788976158
8,"vegan","QTSA_3",0.499010822615908
8,"BAT","RACE",106.58852301511
8,"ecodive","RACE",106.58852301511
8,"fossil","RACE",96.8598130841121
8,"pctax","RACE",106.5885
8,"sprex","RACE",431
8,"tabula","RACE",106.58852301511
8,"vegan","RACE",106.58852301511
8,"wiqid","RACE",106.58852301511
8,"BiodiversityR","RBOO",88
8,"wiqid","RBOO",225
8,"BAT","RC1",100
8,"BiodiversityR","RC1",88
8,"biosampleR","RC1",114.565217391304
8,"iNEXT","RC1",101.061
8,"microbiome","RC1",100
8,"pctax","RC1",100
8,"rareNMtests","RC1",88
8,"SpadeR","RC1",88
8,"SSP","RC1",88
8,"vegan","RC1",100
8,"wiqid","RC1",101.090909090909
8,"BAT","RC1M",107.438016528926
8,"divent","RC1M",101.060535751951
8,"ecodive","RC1M",101.090909090909
8,"entropart","RC1M",101.060535751951
8,"fossil","RC1M",101.090909090909
8,"mobr","RC1M",101.060535751951
8,"OTUtable","RC1M",101.090909090909
8,"tabula","RC1M",101.060535751951
8,"wiqid","RC1M",101.090909090909
8,"BAT","RCA2",199.35030383334
8,"divDyn","RCA2",99.8636363636364
8,"fossil","RCA2",101.090909090909
8,"tabula","RCA2",88
8,"wiqid","RCA2",88
8,"benthos","RHUR_2",1.96944909081078
8,"benthos","RHUR_3",2.91012040891708
8,"divent","RHUR_2",32.7322512156161
8,"divent","RHUR_3",33.0412586815085
8,"entropart","RHUR_2",1.96944909081077
8,"entropart","RHUR_3",2.91012040891709
8,"mobsim","RHUR_2",1.96944909081078
8,"mobsim","RHUR_3",2.91012040891708
8,"tabula","RHUR_2",1.96944909083826
8,"tabula","RHUR_3",2.91012040888099
8,"vegan","RHUR_2",1.96944909081078
8,"vegan","RHUR_3",2.91012040891708
8,"BAT","RICE",197.951258006737
8,"fossil","RICE",96.8598130841121
8,"tabula","RICE",88
8,"wiqid","RICE",88
8,"BAT","RJA1",112
8,"BiodiversityR","RJA1",88
8,"divent","RJA1",112
8,"entropart","RJA1",112
8,"fossil","RJA1",111.944315545244
8,"SSP","RJA1",88
8,"tabula","RJA1",3.88812076805338
8,"wiqid","RJA1",112
8,"BAT","RJA2",114
8,"BiodiversityR","RJA2",88
8,"fossil","RJA2",113.818906814871
8,"SSP","RJA2",88
8,"wiqid","RJA2",114
8,"asbio","RLMD",163.219207069876
8,"sads","RLMD",1.06790760694121
8,"vegan","RLMD",97.3181131962247
8,"wiqid","RMM",0
8,"divDyn","RSQ",107.110193902499
8,"ecodive","RSQ",107.110193902499
8,"tabula","RSQ",107.110193902499
9,"custom","RICH",90
9,"abdiv","D1SP",0.953425672969435
9,"ade4","D1SP",0.953425672969435
9,"adiv","D1SP",0.953425672969435
9,"agricolae","D1SP",0.953425672969435
9,"asbio","D1SP",0.953425672969435
9,"BiodiversityR","D1SP",0.95342567
9,"biosampleR","D1SP",0.954512575691818
9,"breakaway","D1SP",0.953425672969435
9,"catsim","D1SP",0.604246913580247
9,"concstats","D1SP",0.995743635388529
9,"CUB","D1SP",0.957682037580905
9,"DescTools","D1SP",0.953425672969435
9,"divent","D1SP",0.953425672969435
9,"diverse","D1SP",0.954512575691818
9,"ecodive","D1SP",0.953425672969435
9,"entropart","D1SP",0.953425672969435
9,"lawstat","D1SP",0.841206776108977
9,"MCPAN","D1SP",0.953425672969435
9,"microbiome","D1SP",0.953425672969435
9,"PCRA","D1SP",0.953425672969435
9,"RoughSets","D1SP",0.953425672969435
9,"simboot","D1SP",0.953425672969435
9,"sprex","D1SP",0.953425672969435
9,"untb","D1SP",0.955762500599262
9,"vegan","D1SP",0.953425672969435
9,"abdiv","DBRI",3.46023081987136
9,"ecodive","DBRI",3.46023081987136
9,"tabula","DBRI",3.46023081987136
9,"wiqid","DBRI",31.8243213527285
9,"BiodiversityR","DFIS",35.67236491
9,"ecodive","DFIS",35.672
9,"microbiome","DFIS",35.6723649139865
9,"preseqR","DFIS",11.0692536732178
9,"sads","DFIS",35.6723650972068
9,"vegan","DFIS",35.6723649139865
9,"custom","DGLE",14.965790308436
9,"custom","DGOO_1_1",3.76133087438578
9,"custom","DGOO_1_2",0.331328196209988
9,"custom","DGOO_1_3",1
9,"custom","DGOO_2_1",0.117088839768411
9,"custom","DGOO_2_2",1.05968534921276
9,"custom","DGOO_2_3",1
9,"custom","DGOO_3_1",0.0102052318408184
9,"custom","DGOO_3_2",0.051536064469507
9,"custom","DGOO_3_3",1
9,"abdiv","DINVSP",21.4710563470671
9,"adiv","DINVSP",21.4710563470671
9,"asbio","DINVSP",21.4710563470671
9,"BiodiversityR","DINVSP",21.47105635
9,"breakaway","DINVSP",21.4710563470671
9,"chemodiv","DINVSP",21.4710563470671
9,"codyn","DINVSP",7.33641404805915
9,"divseg","DINVSP",1.04657432703057
9,"ecodive","DINVSP",21.4710563470671
9,"microbiome","DINVSP",21.4710563470671
9,"sprex","DINVSP",21.4710563470671
9,"vegan","DINVSP",21.4710563470671
9,"wiqid","DINVSP",21.4710563470671
9,"custom","DKO",0.174311926605505
9,"abdiv","DMC",0.824981868627337
9,"adiv","DMC",0.824981868627337
9,"agricolae","DMC",0.824981868627337
9,"ecodive","DMC",0.824981868627337
9,"forestHES","DMC",0.824981868627337
9,"tabula","DMC",0.824981868627337
9,"abdiv","DMG",14.7995037494534
9,"adiv","DMG",14.7995037494534
9,"agricolae","DMG",37.2481892121074
9,"ecodive","DMG",14.7995037494534
9,"tabula","DMG",14.7995037494534
9,"abdiv","DMN",4.45021358790734
9,"adiv","DMN",4.45021358790734
9,"ecodive","DMN",4.45021358790734
9,"tabula","DMN",4.45021358790734
9,"custom","DOD",220.048899755501
9,"abdiv","DQ",0
9,"ade4","DRAO",0.953425672969434
9,"BAT","DRAO",0.953425672969401
9,"SYNCSA","DRAO",0.953425672969435
9,"abdiv","DSHA",3.76133087438578
9,"adiv","DSHA",3.76133087438578
9,"aqp","DSHA",5.42645339961892
9,"asbio","DSHA",3.76133087438578
9,"benthos","DSHA",0
9,"BiodiversityR","DSHA",3.76133087
9,"biosampleR","DSHA",3.73689656553853
9,"chemodiv","DSHA",3.76133087438578
9,"codyn","DSHA",3.76133087438578
9,"DescTools","DSHA",5.42645339961892
9,"divDyn","DSHA",3.76133087438578
9,"divent","DSHA",3.76133087438578
9,"diverse","DSHA",3.73689656553853
9,"ecodive","DSHA",3.76133087438578
9,"EconGeo","DSHA",5.426
9,"entropart","DSHA",3.76133087438578
9,"forestmangr","DSHA",3.56
9,"HardyWeinberg","DSHA",3.76133087438578
9,"iNEXT","DSHA",3.761
9,"MCPAN","DSHA",3.76133087438578
9,"microbiome","DSHA",3.76133087438578
9,"OTUtable","DSHA",3.76133087438578
9,"pgirmess","DSHA",5.42645339961892
9,"SpiecEasi","DSHA",3.76133087438578
9,"sprex","DSHA",3.76133087438578
9,"tabula","DSHA",3.76133087438578
9,"triversity","DSHA",5.42645339961892
9,"vegan","DSHA",3.76133087438578
9,"wavethresh","DSHA",-54532.2331508598
9,"wiqid","DSHA",43.005622991385
9,"abdiv","DSP",0.0465743270305653
9,"agricolae","DSP",0.0465743270305653
9,"antitrust","DSP",465.743270305653
9,"benthos","DSP",0.0442374994007383
9,"breakaway","DSP",0.0465743270305653
9,"concstats","DSP",0.0465743270305653
9,"DescTools","DSP",0.0465743270305653
9,"diverse","DSP",0.042975549108993
9,"divseg","DSP",1.04657432703057
9,"EconGeo","DSP",0.0465743270305653
9,"hhi","DSP",0.136306374401612
9,"ineq","DSP",0.0465743270305653
9,"microbiome","DSP",0.0465743270305653
9,"PDtoolkit","DSP",0.0465743270305653
9,"politics","DSP",0.0465743270305653
9,"REAT","DSP",0.0465743270305653
9,"sprex","DSP",0.0465743270305653
9,"tabula","DSP",0.0465743270305653
9,"triversity","DSP",0.0465743270305653
9,"abdiv","EBP",0.158924205378973
9,"agricolae","EBP",0.158924205378973
9,"BiodiversityR","EBP",0.15892421
9,"diverse","EBP",0.110236220472441
9,"dyvDyn","EBP",0.158924205378973
9,"ecodive","EBP",0.158924205378973
9,"microbiome","EBP",0.158924205378973
9,"tabula","EBP",0.158924205378973
9,"triversity","EBP",0.158924205378973
9,"wiqid","EBP",1
9,"tabula","EBRI",0.837591167484343
9,"BAT","EBU",0.537595121013159
9,"microbiome","EBU",0.537595121013159
9,"BAT","ECAM",0.986659096667063
9,"microbiome","ECAM",0.73148600923662
9,"codyn","EEQ",0.211663053880824
9,"custom","EEQ",0.000767687976255305
9,"adiv","EEVAR",0.517409177482922
9,"codyn","EEVAR",0.564513204289952
9,"custom","EEVAR",0.517409177482922
9,"microbiome","EEVAR",0.517409177482922
9,"acid","EGIN",0.83746807932627
9,"DescTools","EGIN",0.83746807932627
9,"dplR","EGIN",0.83746807932627
9,"EconGeo","EGIN",0.837
9,"giniVarCI","EGIN",0.83746807932627
9,"ineq","EGIN",0.83746807932627
9,"microbiome","EGIN",0.837468079326271
9,"REAT","EGIN",0.83746807932627
9,"shipunov","EGIN",0.837468079326271
9,"wINEQ","EGIN",0.83746807932627
9,"abdiv","EHEI",0.471973292038034
9,"adiv","EHEI",0.471973292038034
9,"custom","EHUL",0.23960880195599
9,"benthos","EHURE",0.955762500599262
9,"BiodiversityR","EHURE",0.9557625
9,"mobr","EHURE",0.955762500599262
9,"vegan","EHURE",0.955762500598825
9,"custom","ELR",0.177762747789893
9,"abdiv","EMC",0.275713463794593
9,"tabula","EMC",0.876589820865309
9,"microbiome","EMN",0.23960880195599
9,"custom","ENHC",-0.0345597081455011
9,"custom","EPAT",0.220134463437341
9,"abdiv","EPIE",0.835886659648367
9,"adiv","EPIE",0.835886659648367
9,"BiodiversityR","EPIE",0.83588666
9,"breakaway","EPIE",0.835886659648367
9,"chemodiv","EPIE",0.835886659648367
9,"diverse","EPIE",0.824448877776057
9,"forestmangr","EPIE",1
9,"microbiome","EPIE",0.835886659648367
9,"OTUtable","EPIE",0.835886659648367
9,"pctax","EPIE",0.8359
9,"sprex","EPIE",0.835886659648367
9,"tabula","EPIE",0.835886659648367
9,"custom","ESHE",0.477840255459834
9,"adiv","ESP",0.23856729274519
9,"codyn","ESP",0.48909426987061
9,"sprex","ESP",0.0417925652709532
9,"tabula","ESP",0.23856729274519
9,"abdiv","EST",0.457267046998098
9,"adiv","QHIL_0",90
9,"adiv","QHIL_1",43.005622991385
9,"adiv","QHIL_2",21.4710563470671
9,"adiv","QHIL_3",14.1717172452847
9,"BAT","QHIL_0",90
9,"BAT","QHIL_1",43.005622991385
9,"BAT","QHIL_2",21.4710563470671
9,"BAT","QHIL_3",14.1717172452847
9,"benthos","QHIL_0",225
9,"benthos","QHIL_1",43.005622991385
9,"benthos","QHIL_2",21.4710563470671
9,"benthos","QHIL_3",14.1717172452847
9,"breakaway","QHIL_0",90
9,"breakaway","QHIL_1",43.005622991385
9,"breakaway","QHIL_2",21.4710563470671
9,"breakaway","QHIL_3",14.1717172452847
9,"chemodiv","QHIL_0",90
9,"chemodiv","QHIL_1",43.005622991385
9,"chemodiv","QHIL_2",21.4710563470671
9,"chemodiv","QHIL_3",14.1717172452847
9,"divDyn","QHIL_2",21.4710563470671
9,"divent","QHIL_0",90
9,"divent","QHIL_1",43.005622991385
9,"divent","QHIL_2",21.4710563470671
9,"divent","QHIL_3",14.1717172452848
9,"entropart","QHIL_0",90
9,"entropart","QHIL_1",43.005622991385
9,"entropart","QHIL_2",21.4710563470671
9,"entropart","QHIL_3",14.1717172452847
9,"EntropyEstimation","QHIL_1",48.4304168414493
9,"EntropyEstimation","QHIL_2",22.6052560281762
9,"EntropyEstimation","QHIL_3",14.6117302012505
9,"hilldiv","QHIL_0",90
9,"hilldiv","QHIL_1",43.0059644478515
9,"hilldiv","QHIL_2",21.4710563470671
9,"hilldiv","QHIL_3",14.1717172452847
9,"hillR","QHIL_0",90
9,"hillR","QHIL_1",43.005622991385
9,"hillR","QHIL_2",21.4710563470671
9,"hillR","QHIL_3",14.1717172452847
9,"sprex","QHIL_0",90
9,"sprex","QHIL_1",43.005622991385
9,"sprex","QHIL_2",21.4710563470671
9,"sprex","QHIL_3",14.1717172452847
9,"vegan","QHIL_0",90
9,"vegan","QHIL_1",43.005622991385
9,"vegan","QHIL_2",21.4710563470671
9,"vegan","QHIL_3",14.1717172452847
9,"adiv","QREN_0",4.49980967033027
9,"adiv","QREN_1",3.76133087438578
9,"adiv","QREN_2",3.06670581175475
9,"adiv","QREN_3",2.65124823515902
9,"BiodiversityR","QREN_0",4.49980967033027
9,"BiodiversityR","QREN_1",3.76133087438578
9,"BiodiversityR","QREN_2",3.06670581175475
9,"BiodiversityR","QREN_3",2.65124823515902
9,"diverse","QREN_0",4.53259949315326
9,"diverse","QREN_1",3.73689656553853
9,"diverse","QREN_2",3.09031938005883
9,"diverse","QREN_3",2.80234347862295
9,"EntropyEstimation","QREN_1",3.88012806346976
9,"EntropyEstimation","QREN_2",3.118182446857
9,"EntropyEstimation","QREN_3",2.68182464457222
9,"seewave","QREN_2",0.566220278435242
9,"seewave","QREN_3",0.489512395964989
9,"sprex","QREN_0",4.49980967033027
9,"sprex","QREN_1",3.76133087438578
9,"sprex","QREN_2",3.06670581175475
9,"sprex","QREN_3",2.65124823515902
9,"statcomp","QREN_1",0.694472146944484
9,"statcomp","QREN_2",0.566220266246645
9,"statcomp","QREN_3",0.48951238682354
9,"vegan","QREN_0",4.49980967033027
9,"vegan","QREN_1",3.76133087438578
9,"vegan","QREN_2",3.06670581175475
9,"vegan","QREN_3",2.65124823515902
9,"adiv","QTSA_0",89
9,"adiv","QTSA_1",3.76133087438578
9,"adiv","QTSA_2",0.953425672969435
9,"adiv","QTSA_3",0.497510425958669
9,"divent","QTSA_0",89
9,"divent","QTSA_1",3.76133087438578
9,"divent","QTSA_2",0.953425672969435
9,"divent","QTSA_3",0.497510425958669
9,"entropart","QTSA_0",89
9,"entropart","QTSA_1",3.76133087438578
9,"entropart","QTSA_2",0.953425672969435
9,"entropart","QTSA_3",0.497510425958669
9,"EntropyEstimation","QTSA_1",3.88012806346976
9,"EntropyEstimation","QTSA_2",0.955762500599261
9,"EntropyEstimation","QTSA_3",0.497658108797185
9,"vegan","QTSA_0",89
9,"vegan","QTSA_1",3.76133087438578
9,"vegan","QTSA_2",0.953425672969435
9,"vegan","QTSA_3",0.497510425958669
9,"BAT","RACE",131.027876412711
9,"ecodive","RACE",131.027876412711
9,"fossil","RACE",108.616352201258
9,"pctax","RACE",131.0279
9,"sprex","RACE",409
9,"tabula","RACE",131.027876412711
9,"vegan","RACE",131.027876412711
9,"wiqid","RACE",131.027876412711
9,"BiodiversityR","RBOO",90
9,"wiqid","RBOO",225
9,"BAT","RC1",129.176470588235
9,"BiodiversityR","RC1",90
9,"biosampleR","RC1",126.913043478261
9,"iNEXT","RC1",132.677
9,"microbiome","RC1",129.176470588235
9,"pctax","RC1",129.1765
9,"rareNMtests","RC1",90
9,"SpadeR","RC1",90
9,"SSP","RC1",90
9,"vegan","RC1",129.176470588235
9,"wiqid","RC1",132.78125
9,"BAT","RC1M",151.008888888889
9,"divent","RC1M",132.676650366748
9,"ecodive","RC1M",132.78125
9,"entropart","RC1M",132.676650366748
9,"fossil","RC1M",132.78125
9,"mobr","RC1M",132.676650366748
9,"OTUtable","RC1M",132.78125
9,"tabula","RC1M",132.676650366748
9,"wiqid","RC1M",132.78125
9,"BAT","RCA2",202.598018566804
9,"divDyn","RCA2",128.741176470588
9,"fossil","RCA2",132.78125
9,"tabula","RCA2",90
9,"wiqid","RCA2",90
9,"benthos","RHUR_2",1.95576250059882
9,"benthos","RHUR_3",2.87197128420341
9,"divent","RHUR_2",22.6052560432177
9,"divent","RHUR_3",23.0940281747999
9,"entropart","RHUR_2",1.95576250059884
9,"entropart","RHUR_3",2.8719712842034
9,"mobsim","RHUR_2",1.95576250059882
9,"mobsim","RHUR_3",2.87197128420341
9,"tabula","RHUR_2",1.95576250064124
9,"tabula","RHUR_3",2.87197128419624
9,"vegan","RHUR_2",1.95576250059882
9,"vegan","RHUR_3",2.87197128420341
9,"BAT","RICE",199.986946853997
9,"fossil","RICE",108.616352201258
9,"tabula","RICE",90
9,"wiqid","RICE",90
9,"BAT","RJA1",127
9,"BiodiversityR","RJA1",90
9,"divent","RJA1",148
9,"entropart","RJA1",148
9,"fossil","RJA1",126.909535452323
9,"SSP","RJA1",90
9,"tabula","RJA1",3.73783917210375
9,"wiqid","RJA1",127
9,"BAT","RJA2",148
9,"BiodiversityR","RJA2",90
9,"fossil","RJA2",147.574476245266
9,"SSP","RJA2",90
9,"wiqid","RJA2",148
9,"asbio","RLMD",158.678934878591
9,"sads","RLMD",0.891747827245225
9,"vegan","RLMD",120.238251737152
9,"wiqid","RMM",0
9,"divDyn","RSQ",155.055284810706
9,"ecodive","RSQ",155.055284810706
9,"tabula","RSQ",155.055284810706
10,"custom","RICH",94
10,"abdiv","D1SP",0.966380755200631
10,"ade4","D1SP",0.966380755200631
10,"adiv","D1SP",0.966380755200631
10,"agricolae","D1SP",0.966380755200631
10,"asbio","D1SP",0.966380755200631
10,"BiodiversityR","D1SP",0.96638076
10,"biosampleR","D1SP",0.967668529761064
10,"breakaway","D1SP",0.966380755200631
10,"catsim","D1SP",0.628069135802469
10,"concstats","D1SP",0.995685800199997
10,"CUB","D1SP",0.970694955000634
10,"DescTools","D1SP",0.966380755200631
10,"divent","D1SP",0.966380755200631
10,"diverse","D1SP",0.967668529761064
10,"ecodive","D1SP",0.966380755200631
10,"entropart","D1SP",0.966380755200631
10,"lawstat","D1SP",0.831558710440698
10,"MCPAN","D1SP",0.966380755200631
10,"microbiome","D1SP",0.966380755200631
10,"PCRA","D1SP",0.966380755200631
10,"RoughSets","D1SP",0.966380755200631
10,"simboot","D1SP",0.966380755200631
10,"sprex","D1SP",0.966380755200631
10,"untb","D1SP",0.968385694526773
10,"vegan","D1SP",0.966380755200631
10,"abdiv","DBRI",3.61203823118394
10,"ecodive","DBRI",3.61203823118394
10,"tabula","DBRI",3.61203823118394
10,"wiqid","DBRI",37.0414750142452
10,"BiodiversityR","DFIS",34.82319699
10,"ecodive","DFIS",34.823
10,"microbiome","DFIS",34.8231969850481
10,"preseqR","DFIS",15.1473089356246
10,"sads","DFIS",34.8231964305833
10,"vegan","DFIS",34.8231969850481
10,"custom","DGLE",15.2103149988185
10,"custom","DGOO_1_1",3.88980279226841
10,"custom","DGOO_1_2",0.323567683767569
10,"custom","DGOO_1_3",1
10,"custom","DGOO_2_1",0.101232390792169
10,"custom","DGOO_2_2",1.10425703633769
10,"custom","DGOO_2_3",1
10,"custom","DGOO_3_1",0.00540294013550754
10,"custom","DGOO_3_2",0.0418665001134766
10,"custom","DGOO_3_3",1
10,"abdiv","DINVSP",29.7448680351906
10,"adiv","DINVSP",29.7448680351906
10,"asbio","DINVSP",29.7448680351906
10,"BiodiversityR","DINVSP",29.74486804
10,"breakaway","DINVSP",29.7448680351906
10,"chemodiv","DINVSP",29.7448680351906
10,"codyn","DINVSP",6.71502590673575
10,"divseg","DINVSP",1.03361924479937
10,"ecodive","DINVSP",29.7448680351906
10,"microbiome","DINVSP",29.7448680351906
10,"sprex","DINVSP",29.7448680351906
10,"vegan","DINVSP",29.7448680351906
10,"wiqid","DINVSP",29.7448680351906
10,"custom","DKO",0.137614678899083
10,"abdiv","DMC",0.855574471656877
10,"adiv","DMC",0.855574471656877
10,"agricolae","DMC",0.855574471656877
10,"ecodive","DMC",0.855574471656877
10,"forestHES","DMC",0.855574471656877
10,"tabula","DMC",0.855574471656877
10,"abdiv","DMG",15.048503137129
10,"adiv","DMG",15.048503137129
10,"agricolae","DMG",36.2458570184612
10,"ecodive","DMG",15.048503137129
10,"tabula","DMG",15.048503137129
10,"abdiv","DMN",4.27714809881693
10,"adiv","DMN",4.27714809881693
10,"ecodive","DMN",4.27714809881693
10,"tabula","DMN",4.27714809881693
10,"custom","DOD",194.616977225673
10,"abdiv","DQ",0
10,"ade4","DRAO",0.966380755200632
10,"BAT","DRAO",0.96638075520064
10,"SYNCSA","DRAO",0.966380755200631
10,"abdiv","DSHA",3.88980279226841
10,"adiv","DSHA",3.88980279226841
10,"aqp","DSHA",5.61179919844167
10,"asbio","DSHA",3.88980279226841
10,"benthos","DSHA",0
10,"BiodiversityR","DSHA",3.88980279
10,"biosampleR","DSHA",3.94498514011644
10,"chemodiv","DSHA",3.88980279226841
10,"codyn","DSHA",3.88980279226841
10,"DescTools","DSHA",5.61179919844167
10,"divDyn","DSHA",3.88980279226841
10,"divent","DSHA",3.88980279226841
10,"diverse","DSHA",3.94498514011644
10,"ecodive","DSHA",3.88980279226841
10,"EconGeo","DSHA",5.612
10,"entropart","DSHA",3.88980279226841
10,"forestmangr","DSHA",3.56
10,"HardyWeinberg","DSHA",3.88980279226841
10,"iNEXT","DSHA",3.89
10,"MCPAN","DSHA",3.88980279226841
10,"microbiome","DSHA",3.88980279226841
10,"OTUtable","DSHA",3.88980279226841
10,"pgirmess","DSHA",5.61179919844167
10,"SpiecEasi","DSHA",3.88980279226841
10,"sprex","DSHA",3.88980279226841
10,"tabula","DSHA",3.88980279226841
10,"triversity","DSHA",5.61179919844167
10,"vegan","DSHA",3.88980279226841
10,"wavethresh","DSHA",-49706.9347981656
10,"wiqid","DSHA",48.9012418697817
10,"abdiv","DSP",0.033619244799369
10,"agricolae","DSP",0.033619244799369
10,"antitrust","DSP",336.19244799369
10,"benthos","DSP",0.0316143054732266
10,"breakaway","DSP",0.033619244799369
10,"concstats","DSP",0.033619244799369
10,"DescTools","DSP",0.033619244799369
10,"diverse","DSP",0.0295347403841349
10,"divseg","DSP",1.03361924479937
10,"EconGeo","DSP",0.033619244799369
10,"hhi","DSP",0.14891975308642
10,"ineq","DSP",0.033619244799369
10,"microbiome","DSP",0.033619244799369
10,"PDtoolkit","DSP",0.033619244799369
10,"politics","DSP",0.033619244799369
10,"REAT","DSP",0.033619244799369
10,"sprex","DSP",0.033619244799369
10,"tabula","DSP",0.033619244799369
10,"triversity","DSP",0.033619244799369
10,"abdiv","EBP",0.0952380952380952
10,"agricolae","EBP",0.0952380952380952
10,"BiodiversityR","EBP",0.0952381
10,"diverse","EBP",0.100864553314121
10,"dyvDyn","EBP",0.0952380952380952
10,"ecodive","EBP",0.0952380952380952
10,"microbiome","EBP",0.0952380952380952
10,"tabula","EBP",0.0952380952380952
10,"triversity","EBP",0.0952380952380952
10,"wiqid","EBP",1
10,"tabula","EBRI",0.858299752467157
10,"BAT","EBU",0.537901556134375
10,"microbiome","EBU",0.537901556134375
10,"BAT","ECAM",0.987355490473869
10,"microbiome","ECAM",0.696290912294613
10,"codyn","EEQ",0.188642773491363
10,"custom","EEQ",0.000762646744065856
10,"adiv","EEVAR",0.4823002329905
10,"codyn","EEVAR",0.432830704973538
10,"custom","EEVAR",0.4823002329905
10,"microbiome","EEVAR",0.4823002329905
10,"acid","EGIN",0.82786289394985
10,"DescTools","EGIN",0.827862893949851
10,"dplR","EGIN",0.82786289394985
10,"EconGeo","EGIN",0.828
10,"giniVarCI","EGIN",0.82786289394985
10,"ineq","EGIN",0.827862893949851
10,"microbiome","EGIN",0.827862893949852
10,"REAT","EGIN",0.82786289394985
10,"shipunov","EGIN",0.827862893949852
10,"wINEQ","EGIN",0.827862893949851
10,"abdiv","EHEI",0.515067116879373
10,"adiv","EHEI",0.515067116879373
10,"custom","EHUL",0.182194616977226
10,"benthos","EHURE",0.968385694526773
10,"BiodiversityR","EHURE",0.96838569
10,"mobr","EHURE",0.968385694526773
10,"vegan","EHURE",0.968385694526882
10,"custom","ELR",0.193438296039192
10,"abdiv","EMC",0.227009362238031
10,"tabula","EMC",0.910561759723314
10,"microbiome","EMN",0.182194616977226
10,"custom","ENHC",-0.0358597560734828
10,"custom","EPAT",0.130636137134005
10,"abdiv","EPIE",0.856163418549943
10,"adiv","EPIE",0.856163418549943
10,"BiodiversityR","EPIE",0.85616342
10,"breakaway","EPIE",0.856163418549943
10,"chemodiv","EPIE",0.856163418549943
10,"diverse","EPIE",0.878882764199465
10,"forestmangr","EPIE",1
10,"microbiome","EPIE",0.856163418549943
10,"OTUtable","EPIE",0.856163418549943
10,"pctax","EPIE",0.8562
10,"sprex","EPIE",0.856163418549943
10,"tabula","EPIE",0.856163418549943
10,"custom","ESHE",0.520225977338103
10,"adiv","ESP",0.316434766331815
10,"codyn","ESP",0.479644707623982
10,"sprex","ESP",0.0413808807688128
10,"tabula","ESP",0.316434766331815
10,"abdiv","EST",0.457182502973437
10,"adiv","QHIL_0",94
10,"adiv","QHIL_1",48.9012418697817
10,"adiv","QHIL_2",29.7448680351906
10,"adiv","QHIL_3",22.1234065905361
10,"BAT","QHIL_0",94
10,"BAT","QHIL_1",48.9012418697817
10,"BAT","QHIL_2",29.7448680351906
10,"BAT","QHIL_3",22.1234065905361
10,"benthos","QHIL_0",225
10,"benthos","QHIL_1",48.9012418697817
10,"benthos","QHIL_2",29.7448680351906
10,"benthos","QHIL_3",22.1234065905361
10,"breakaway","QHIL_0",94
10,"breakaway","QHIL_1",48.9012418697817
10,"breakaway","QHIL_2",29.7448680351906
10,"breakaway","QHIL_3",22.1234065905361
10,"chemodiv","QHIL_0",94
10,"chemodiv","QHIL_1",48.9012418697817
10,"chemodiv","QHIL_2",29.7448680351906
10,"chemodiv","QHIL_3",22.1234065905361
10,"divDyn","QHIL_2",29.7448680351906
10,"divent","QHIL_0",94
10,"divent","QHIL_1",48.9012418697817
10,"divent","QHIL_2",29.7448680351906
10,"divent","QHIL_3",22.1234065905366
10,"entropart","QHIL_0",94
10,"entropart","QHIL_1",48.9012418697817
10,"entropart","QHIL_2",29.7448680351906
10,"entropart","QHIL_3",22.123406590536
10,"EntropyEstimation","QHIL_1",54.288933570875
10,"EntropyEstimation","QHIL_2",31.6312500000001
10,"EntropyEstimation","QHIL_3",23.2219920504475
10,"hilldiv","QHIL_0",94
10,"hilldiv","QHIL_1",48.9015423363652
10,"hilldiv","QHIL_2",29.7448680351906
10,"hilldiv","QHIL_3",22.1234065905361
10,"hillR","QHIL_0",94
10,"hillR","QHIL_1",48.9012418697817
10,"hillR","QHIL_2",29.7448680351906
10,"hillR","QHIL_3",22.1234065905361
10,"sprex","QHIL_0",94
10,"sprex","QHIL_1",48.9012418697817
10,"sprex","QHIL_2",29.7448680351906
10,"sprex","QHIL_3",22.1234065905361
10,"vegan","QHIL_0",94
10,"vegan","QHIL_1",48.9012418697817
10,"vegan","QHIL_2",29.7448680351906
10,"vegan","QHIL_3",22.1234065905361
10,"adiv","QREN_0",4.54329478227
10,"adiv","QREN_1",3.88980279226841
10,"adiv","QREN_2",3.39265661409248
10,"adiv","QREN_3",3.09663616979369
10,"BiodiversityR","QREN_0",4.54329478227
10,"BiodiversityR","QREN_1",3.88980279226841
10,"BiodiversityR","QREN_2",3.39265661409248
10,"BiodiversityR","QREN_3",3.09663616979369
10,"diverse","QREN_0",4.48863636973214
10,"diverse","QREN_1",3.94498514011644
10,"diverse","QREN_2",3.43171421228326
10,"diverse","QREN_3",3.10897529996468
10,"EntropyEstimation","QREN_1",3.99432040452817
10,"EntropyEstimation","QREN_2",3.45414555598025
10,"EntropyEstimation","QREN_3",3.14509976287625
10,"seewave","QREN_2",0.626402100477297
10,"seewave","QREN_3",0.571746456032564
10,"sprex","QREN_0",4.54329478227
10,"sprex","QREN_1",3.88980279226841
10,"sprex","QREN_2",3.39265661409248
10,"sprex","QREN_3",3.09663616979369
10,"statcomp","QREN_1",0.718192519231218
10,"statcomp","QREN_2",0.626402090461917
10,"statcomp","QREN_3",0.571746448521029
10,"vegan","QREN_0",4.54329478227
10,"vegan","QREN_1",3.88980279226841
10,"vegan","QREN_2",3.39265661409248
10,"vegan","QREN_3",3.09663616979369
10,"adiv","QTSA_0",93
10,"adiv","QTSA_1",3.88980279226841
10,"adiv","QTSA_2",0.966380755200631
10,"adiv","QTSA_3",0.498978435006467
10,"divent","QTSA_0",93
10,"divent","QTSA_1",3.88980279226841
10,"divent","QTSA_2",0.966380755200631
10,"divent","QTSA_3",0.498978435006467
10,"entropart","QTSA_0",93
10,"entropart","QTSA_1",3.88980279226841
10,"entropart","QTSA_2",0.966380755200631
10,"entropart","QTSA_3",0.498978435006467
10,"EntropyEstimation","QTSA_1",3.99432040452817
10,"EntropyEstimation","QTSA_2",0.968385694526773
10,"EntropyEstimation","QTSA_3",0.499072805044301
10,"vegan","QTSA_0",93
10,"vegan","QTSA_1",3.88980279226841
10,"vegan","QTSA_2",0.966380755200631
10,"vegan","QTSA_3",0.498978435006467
10,"BAT","RACE",132.601933807827
10,"ecodive","RACE",132.601933807827
10,"fossil","RACE",109.491803278689
10,"pctax","RACE",132.6019
10,"sprex","RACE",483.34699438084
10,"tabula","RACE",132.601933807827
10,"vegan","RACE",132.601933807827
10,"wiqid","RACE",132.601933807827
10,"BiodiversityR","RBOO",94
10,"wiqid","RBOO",225
10,"BAT","RC1",129
10,"BiodiversityR","RC1",94
10,"biosampleR","RC1",102.5
10,"iNEXT","RC1",132.202
10,"microbiome","RC1",129
10,"pctax","RC1",129
10,"rareNMtests","RC1",94
10,"SpadeR","RC1",94
10,"SSP","RC1",93
10,"vegan","RC1",129
10,"wiqid","RC1",132.28125
10,"BAT","RC1M",146.884223630602
10,"divent","RC1M",132.201992753623
10,"ecodive","RC1M",132.28125
10,"entropart","RC1M",132.201992753623
10,"fossil","RC1M",132.28125
10,"mobr","RC1M",132.201992753623
10,"OTUtable","RC1M",132.28125
10,"tabula","RC1M",132.201992753623
10,"wiqid","RC1M",132.28125
10,"BAT","RCA2",205.93695584773
10,"divDyn","RCA2",128.627659574468
10,"fossil","RCA2",132.28125
10,"tabula","RCA2",94
10,"wiqid","RCA2",94
10,"benthos","RHUR_2",1.96838569452688
10,"benthos","RHUR_3",2.90701147349173
10,"divent","RHUR_2",31.6312628437773
10,"divent","RHUR_3",31.9251960504703
10,"entropart","RHUR_2",1.96838569452689
10,"entropart","RHUR_3",2.90701147349174
10,"mobsim","RHUR_2",1.96838569452688
10,"mobsim","RHUR_3",2.90701147349173
10,"tabula","RHUR_2",1.96838569450722
10,"tabula","RHUR_3",2.90701147344981
10,"vegan","RHUR_2",1.96838569452688
10,"vegan","RHUR_3",2.90701147349173
10,"BAT","RICE",202.713404476029
10,"fossil","RICE",109.491803278689
10,"tabula","RICE",94
10,"wiqid","RICE",94
10,"BAT","RJA1",129
10,"BiodiversityR","RJA1",94
10,"divent","RJA1",148
10,"entropart","RJA1",148
10,"fossil","RJA1",128.927536231884
10,"SSP","RJA1",93
10,"tabula","RJA1",3.86914307534476
10,"wiqid","RJA1",129
10,"BAT","RJA2",148
10,"BiodiversityR","RJA2",94
10,"fossil","RJA2",147.664527546541
10,"SSP","RJA2",93
10,"wiqid","RJA2",148
10,"asbio","RLMD",161.484162376692
10,"sads","RLMD",1.01404285083944
10,"vegan","RLMD",121.082118729682
10,"wiqid","RMM",0
10,"divDyn","RSQ",135.772681620355
10,"ecodive","RSQ",135.772681620355
10,"tabula","RSQ",135.772681620355
11,"custom","RICH",87
11,"abdiv","D1SP",0.96583976467808
11,"ade4","D1SP",0.965839764678081
11,"adiv","D1SP",0.96583976467808
11,"agricolae","D1SP",0.96583976467808
11,"asbio","D1SP",0.96583976467808
11,"BiodiversityR","D1SP",0.96583976
11,"biosampleR","D1SP",0.965581980809541
11,"breakaway","D1SP",0.96583976467808
11,"catsim","D1SP",0.593540740740741
11,"concstats","D1SP",0.995688215336259
11,"CUB","D1SP",0.970151549341822
11,"DescTools","D1SP",0.965839764678081
11,"divent","D1SP",0.96583976467808
11,"diverse","D1SP",0.965581980809541
11,"ecodive","D1SP",0.96583976467808
11,"entropart","D1SP",0.96583976467808
11,"lawstat","D1SP",0.83614624153901
11,"MCPAN","D1SP",0.96583976467808
11,"microbiome","D1SP",0.96583976467808
11,"PCRA","D1SP",0.96583976467808
11,"RoughSets","D1SP",0.96583976467808
11,"simboot","D1SP",0.96583976467808
11,"sprex","D1SP",0.96583976467808
11,"untb","D1SP",0.968254364089776
11,"vegan","D1SP",0.96583976467808
11,"abdiv","DBRI",3.55633726353521
11,"ecodive","DBRI",3.55633726353521
11,"tabula","DBRI",3.55633726353521
11,"wiqid","DBRI",35.0346392013626
11,"BiodiversityR","DFIS",34.20589679
11,"ecodive","DFIS",34.206
11,"microbiome","DFIS",34.2058967945755
11,"preseqR","DFIS",9.61981122292578
11,"sads","DFIS",34.2058961266138
11,"vegan","DFIS",34.2058967945755
11,"custom","DGLE",14.5146079191728
11,"custom","DGOO_1_1",3.85981424398521
11,"custom","DGOO_1_2",0.326517109563598
11,"custom","DGOO_1_3",1
11,"custom","DGOO_2_1",0.102540361939559
11,"custom","DGOO_2_2",1.11004316106161
11,"custom","DGOO_2_3",1
11,"custom","DGOO_3_1",0.00551277889160762
11,"custom","DGOO_3_2",0.042612691302716
11,"custom","DGOO_3_3",1
11,"abdiv","DINVSP",29.273803022028
11,"adiv","DINVSP",29.273803022028
11,"asbio","DINVSP",29.273803022028
11,"BiodiversityR","DINVSP",29.27380302
11,"breakaway","DINVSP",29.273803022028
11,"chemodiv","DINVSP",29.273803022028
11,"codyn","DINVSP",5.04
11,"divseg","DINVSP",1.03416023532192
11,"ecodive","DINVSP",29.273803022028
11,"microbiome","DINVSP",29.273803022028
11,"sprex","DINVSP",29.273803022028
11,"vegan","DINVSP",29.273803022028
11,"wiqid","DINVSP",29.273803022028
11,"custom","DKO",0.201834862385321
11,"abdiv","DMC",0.858022733133082
11,"adiv","DMC",0.858022733133082
11,"agricolae","DMC",0.858022733133082
11,"ecodive","DMC",0.858022733133082
11,"forestHES","DMC",0.858022733133082
11,"tabula","DMC",0.858022733133082
11,"abdiv","DMG",14.3477733453892
11,"adiv","DMG",14.3477733453892
11,"agricolae","DMG",37.3709445275253
11,"ecodive","DMG",14.3477733453892
11,"tabula","DMG",14.3477733453892
11,"abdiv","DMN",4.34457267411862
11,"adiv","DMN",4.34457267411862
11,"ecodive","DMN",4.34457267411862
11,"tabula","DMN",4.34457267411862
11,"custom","DOD",216.957605985037
11,"abdiv","DQ",0
11,"ade4","DRAO",0.96583976467808
11,"BAT","DRAO",0.965839764678058
11,"SYNCSA","DRAO",0.96583976467808
11,"abdiv","DSHA",3.85981424398521
11,"adiv","DSHA",3.85981424398521
11,"aqp","DSHA",5.56853486855004
11,"asbio","DSHA",3.85981424398521
11,"benthos","DSHA",0
11,"BiodiversityR","DSHA",3.85981424
11,"biosampleR","DSHA",4.01309369612849
11,"chemodiv","DSHA",3.85981424398521
11,"codyn","DSHA",3.85981424398521
11,"DescTools","DSHA",5.56853486855004
11,"divDyn","DSHA",3.85981424398521
11,"divent","DSHA",3.85981424398521
11,"diverse","DSHA",4.01309369612849
11,"ecodive","DSHA",3.8598142439852
11,"EconGeo","DSHA",5.569
11,"entropart","DSHA",3.85981424398521
11,"forestmangr","DSHA",3.56
11,"HardyWeinberg","DSHA",3.85981424398521
11,"iNEXT","DSHA",3.86
11,"MCPAN","DSHA",3.85981424398521
11,"microbiome","DSHA",3.85981424398521
11,"OTUtable","DSHA",3.85981424398521
11,"pgirmess","DSHA",5.56853486855004
11,"SpiecEasi","DSHA",3.85981424398521
11,"sprex","DSHA",3.85981424398521
11,"tabula","DSHA",3.85981424398521
11,"triversity","DSHA",5.56853486855004
11,"vegan","DSHA",3.85981424398521
11,"wavethresh","DSHA",-32872.474759904
11,"wiqid","DSHA",47.4565352131947
11,"abdiv","DSP",0.0341602353219196
11,"agricolae","DSP",0.0341602353219196
11,"antitrust","DSP",341.602353219196
11,"benthos","DSP",0.0317456359102244
11,"breakaway","DSP",0.0341602353219196
11,"concstats","DSP",0.0341602353219196
11,"DescTools","DSP",0.0341602353219196
11,"diverse","DSP",0.032182875716363
11,"divseg","DSP",1.03416023532192
11,"EconGeo","DSP",0.0341602353219196
11,"hhi","DSP",0.198412698412698
11,"ineq","DSP",0.0341602353219196
11,"microbiome","DSP",0.0341602353219196
11,"PDtoolkit","DSP",0.0341602353219196
11,"politics","DSP",0.0341602353219196
11,"REAT","DSP",0.0341602353219196
11,"sprex","DSP",0.0341602353219196
11,"tabula","DSP",0.0341602353219196
11,"triversity","DSP",0.0341602353219196
11,"abdiv","EBP",0.102244389027431
11,"agricolae","EBP",0.102244389027431
11,"BiodiversityR","EBP",0.10224439
11,"diverse","EBP",0.10161662817552
11,"dyvDyn","EBP",0.102244389027431
11,"ecodive","EBP",0.102244389027431
11,"microbiome","EBP",0.102244389027431
11,"tabula","EBP",0.102244389027431
11,"triversity","EBP",0.102244389027431
11,"wiqid","EBP",1
11,"tabula","EBRI",0.867080912353296
11,"BAT","EBU",0.563156063330047
11,"microbiome","EBU",0.563156063330047
11,"BAT","ECAM",0.986822572011564
11,"microbiome","ECAM",0.777452919425574
11,"codyn","EEQ",0.211903752729953
11,"custom","EEQ",0.000847010421612489
11,"adiv","EEVAR",0.512116833323707
11,"codyn","EEVAR",0.548105668436056
11,"custom","EEVAR",0.512116833323707
11,"microbiome","EEVAR",0.512116833323707
11,"acid","EGIN",0.832430036021058
11,"DescTools","EGIN",0.832430036021059
11,"dplR","EGIN",0.832430036021058
11,"EconGeo","EGIN",0.832
11,"giniVarCI","EGIN",0.832430036021059
11,"ineq","EGIN",0.832430036021058
11,"microbiome","EGIN",0.832430036021059
11,"REAT","EGIN",0.832430036021058
11,"shipunov","EGIN",0.832430036021059
11,"wINEQ","EGIN",0.832430036021058
11,"abdiv","EHEI",0.540192269920869
11,"adiv","EHEI",0.540192269920869
11,"custom","EHUL",0.167082294264339
11,"benthos","EHURE",0.968254364089776
11,"BiodiversityR","EHURE",0.96825436
11,"mobr","EHURE",0.968254364089775
11,"vegan","EHURE",0.968254364089675
11,"custom","ELR",0.20300329830422
11,"abdiv","EMC",0.235183106182733
11,"tabula","EMC",0.913066081688027
11,"microbiome","EMN",0.167082294264339
11,"custom","ENHC",-0.0368616353615509
11,"custom","EPAT",0.15152727757814
11,"abdiv","EPIE",0.864284293683146
11,"adiv","EPIE",0.864284293683146
11,"BiodiversityR","EPIE",0.86428429
11,"breakaway","EPIE",0.864284293683146
11,"chemodiv","EPIE",0.864284293683146
11,"diverse","EPIE",0.855424453029825
11,"forestmangr","EPIE",1
11,"microbiome","EPIE",0.864284293683146
11,"OTUtable","EPIE",0.864284293683146
11,"pctax","EPIE",0.8643
11,"sprex","EPIE",0.864284293683146
11,"tabula","EPIE",0.864284293683146
11,"custom","ESHE",0.545477416243618
11,"adiv","ESP",0.336480494506069
11,"codyn","ESP",0.504
11,"sprex","ESP",0.0443656809653472
11,"tabula","ESP",0.336480494506069
11,"abdiv","EST",0.431822741995586
11,"adiv","QHIL_0",87
11,"adiv","QHIL_1",47.4565352131947
11,"adiv","QHIL_2",29.273803022028
11,"adiv","QHIL_3",21.89691157638
11,"BAT","QHIL_0",87
11,"BAT","QHIL_1",47.4565352131947
11,"BAT","QHIL_2",29.273803022028
11,"BAT","QHIL_3",21.89691157638
11,"benthos","QHIL_0",225
11,"benthos","QHIL_1",47.4565352131947
11,"benthos","QHIL_2",29.273803022028
11,"benthos","QHIL_3",21.89691157638
11,"breakaway","QHIL_0",87
11,"breakaway","QHIL_1",47.4565352131947
11,"breakaway","QHIL_2",29.273803022028
11,"breakaway","QHIL_3",21.89691157638
11,"chemodiv","QHIL_0",87
11,"chemodiv","QHIL_1",47.4565352131947
11,"chemodiv","QHIL_2",29.273803022028
11,"chemodiv","QHIL_3",21.89691157638
11,"divDyn","QHIL_2",29.273803022028
11,"divent","QHIL_0",87
11,"divent","QHIL_1",47.4565352131947
11,"divent","QHIL_2",29.2738030220281
11,"divent","QHIL_3",21.89691157638
11,"entropart","QHIL_0",87
11,"entropart","QHIL_1",47.4565352131947
11,"entropart","QHIL_2",29.2738030220281
11,"entropart","QHIL_3",21.8969115763797
11,"EntropyEstimation","QHIL_1",53.3281945445172
11,"EntropyEstimation","QHIL_2",31.5003927729772
11,"EntropyEstimation","QHIL_3",23.2096954989334
11,"hilldiv","QHIL_0",87
11,"hilldiv","QHIL_1",47.4568129409812
11,"hilldiv","QHIL_2",29.273803022028
11,"hilldiv","QHIL_3",21.89691157638
11,"hillR","QHIL_0",87
11,"hillR","QHIL_1",47.4565352131947
11,"hillR","QHIL_2",29.273803022028
11,"hillR","QHIL_3",21.89691157638
11,"sprex","QHIL_0",87
11,"sprex","QHIL_1",47.4565352131947
11,"sprex","QHIL_2",29.273803022028
11,"sprex","QHIL_3",21.89691157638
11,"vegan","QHIL_0",87
11,"vegan","QHIL_1",47.4565352131947
11,"vegan","QHIL_2",29.273803022028
11,"vegan","QHIL_3",21.89691157638
11,"adiv","QREN_0",4.46590811865458
11,"adiv","QREN_1",3.85981424398521
11,"adiv","QREN_2",3.37669302127052
11,"adiv","QREN_3",3.08634560296806
11,"BiodiversityR","QREN_0",4.46590811865458
11,"BiodiversityR","QREN_1",3.85981424398521
11,"BiodiversityR","QREN_2",3.37669302127052
11,"BiodiversityR","QREN_3",3.08634560296806
11,"diverse","QREN_0",4.69134788222914
11,"diverse","QREN_1",4.01309369612849
11,"diverse","QREN_2",3.36917503806914
11,"diverse","QREN_3",3.00376324923815
11,"EntropyEstimation","QREN_1",3.97646516963324
11,"EntropyEstimation","QREN_2",3.45000001473725
11,"EntropyEstimation","QREN_3",3.14457010080922
11,"seewave","QREN_2",0.623454670213294
11,"seewave","QREN_3",0.569846462471934
11,"sprex","QREN_0",4.46590811865458
11,"sprex","QREN_1",3.85981424398521
11,"sprex","QREN_2",3.37669302127052
11,"sprex","QREN_3",3.08634560296806
11,"statcomp","QREN_1",0.712655593019327
11,"statcomp","QREN_2",0.623454657505271
11,"statcomp","QREN_3",0.569846452940917
11,"vegan","QREN_0",4.46590811865458
11,"vegan","QREN_1",3.85981424398521
11,"vegan","QREN_2",3.37669302127052
11,"vegan","QREN_3",3.08634560296806
11,"adiv","QTSA_0",86
11,"adiv","QTSA_1",3.85981424398521
11,"adiv","QTSA_2",0.96583976467808
11,"adiv","QTSA_3",0.498957192190015
11,"divent","QTSA_0",86
11,"divent","QTSA_1",3.85981424398521
11,"divent","QTSA_2",0.96583976467808
11,"divent","QTSA_3",0.498957192190015
11,"entropart","QTSA_0",86
11,"entropart","QTSA_1",3.85981424398521
11,"entropart","QTSA_2",0.96583976467808
11,"entropart","QTSA_3",0.498957192190015
11,"EntropyEstimation","QTSA_1",3.97646516963324
11,"EntropyEstimation","QTSA_2",0.968254364089775
11,"EntropyEstimation","QTSA_3",0.499071822323889
11,"vegan","QTSA_0",86
11,"vegan","QTSA_1",3.85981424398521
11,"vegan","QTSA_2",0.96583976467808
11,"vegan","QTSA_3",0.498957192190015
11,"BAT","RACE",124.809297725401
11,"ecodive","RACE",124.809297725401
11,"fossil","RACE",100.917098445596
11,"pctax","RACE",124.8093
11,"sprex","RACE",401
11,"tabula","RACE",124.809297725401
11,"vegan","RACE",124.809297725401
11,"wiqid","RACE",124.809297725401
11,"BiodiversityR","RBOO",87
11,"wiqid","RBOO",225
11,"BAT","RC1",127.071428571429
11,"BiodiversityR","RC1",87
11,"biosampleR","RC1",179.5
11,"iNEXT","RC1",131.351
11,"microbiome","RC1",127.071428571429
11,"pctax","RC1",127.0714
11,"rareNMtests","RC1",87
11,"SpadeR","RC1",87
11,"SSP","RC1",87
11,"vegan","RC1",127.071428571429
11,"wiqid","RC1",131.461538461538
11,"BAT","RC1M",146.478823396184
11,"divent","RC1M",131.350661807021
11,"ecodive","RC1M",131.461538461538
11,"entropart","RC1M",131.350661807021
11,"fossil","RC1M",131.461538461538
11,"mobr","RC1M",131.350661807021
11,"OTUtable","RC1M",131.461538461538
11,"tabula","RC1M",131.350661807021
11,"wiqid","RC1M",131.461538461538
11,"BAT","RCA2",208.508711085955
11,"divDyn","RCA2",126.610837438424
11,"fossil","RCA2",131.461538461538
11,"tabula","RCA2",87
11,"wiqid","RCA2",87
11,"benthos","RHUR_2",1.96825436408967
11,"benthos","RHUR_3",2.90661944762124
11,"divent","RHUR_2",31.5004095773726
11,"divent","RHUR_3",31.7897405202736
11,"entropart","RHUR_2",1.96825436408969
11,"entropart","RHUR_3",2.90661944762124
11,"mobsim","RHUR_2",1.96825436408967
11,"mobsim","RHUR_3",2.90661944762124
11,"tabula","RHUR_2",1.9682543641143
11,"tabula","RHUR_3",2.90661944767253
11,"vegan","RHUR_2",1.96825436408967
11,"vegan","RHUR_3",2.90661944762124
11,"BAT","RICE",205.145210107049
11,"fossil","RICE",100.917098445596
11,"tabula","RICE",87
11,"wiqid","RICE",87
11,"BAT","RJA1",121
11,"BiodiversityR","RJA1",87
11,"divent","RJA1",142
11,"entropart","RJA1",142
11,"fossil","RJA1",120.915211970075
11,"SSP","RJA1",87
11,"tabula","RJA1",3.83885941318504
11,"wiqid","RJA1",121
11,"BAT","RJA2",142
11,"BiodiversityR","RJA2",87
11,"fossil","RJA2",141.588447630923
11,"SSP","RJA2",87
11,"wiqid","RJA2",142
11,"asbio","RLMD",159.153648926801
11,"sads","RLMD",0.959636872415064
11,"vegan","RLMD",107.800196131786
11,"wiqid","RMM",0
11,"divDyn","RSQ",127.229265789424
11,"ecodive","RSQ",127.229265789424
11,"tabula","RSQ",127.229265789424
12,"custom","RICH",84
12,"abdiv","D1SP",0.955059870405208
12,"ade4","D1SP",0.955059870405208
12,"adiv","D1SP",0.955059870405208
12,"agricolae","D1SP",0.955059870405208
12,"asbio","D1SP",0.955059870405208
12,"BiodiversityR","D1SP",0.95505987
12,"biosampleR","D1SP",0.968339278636544
12,"breakaway","D1SP",0.955059870405208
12,"catsim","D1SP",0.573827160493827
12,"concstats","D1SP",0.995736339864262
12,"CUB","D1SP",0.959323530540945
12,"DescTools","D1SP",0.955059870405208
12,"divent","D1SP",0.955059870405208
12,"diverse","D1SP",0.968339278636544
12,"ecodive","D1SP",0.955059870405208
12,"entropart","D1SP",0.955059870405208
12,"lawstat","D1SP",0.853239656518345
12,"MCPAN","D1SP",0.955059870405208
12,"microbiome","D1SP",0.955059870405208
12,"PCRA","D1SP",0.955059870405208
12,"RoughSets","D1SP",0.955059870405208
12,"simboot","D1SP",0.955059870405208
12,"sprex","D1SP",0.955059870405208
12,"untb","D1SP",0.957676472789879
12,"vegan","D1SP",0.955059870405208
12,"abdiv","DBRI",3.38990262543355
12,"ecodive","DBRI",3.38990262543355
12,"tabula","DBRI",3.38990262543355
12,"wiqid","DBRI",29.6630637017671
12,"BiodiversityR","DFIS",34.12040867
12,"ecodive","DFIS",34.12
12,"microbiome","DFIS",34.120408666445
12,"preseqR","DFIS",13.7047080846128
12,"sads","DFIS",34.1204063349296
12,"vegan","DFIS",34.120408666445
12,"custom","DGLE",14.2309364745168
12,"custom","DGOO_1_1",3.69841358799739
12,"custom","DGOO_1_2",0.345944587219678
12,"custom","DGOO_1_3",1
12,"custom","DGOO_2_1",0.119944696418386
12,"custom","DGOO_2_2",1.09209577433605
12,"custom","DGOO_2_3",1
12,"custom","DGOO_3_1",0.00887378095303404
12,"custom","DGOO_3_2",0.0538491879947586
12,"custom","DGOO_3_3",1
12,"abdiv","DINVSP",22.2518272425249
12,"adiv","DINVSP",22.2518272425249
12,"asbio","DINVSP",22.2518272425249
12,"BiodiversityR","DINVSP",22.25182724
12,"breakaway","DINVSP",22.2518272425249
12,"chemodiv","DINVSP",22.2518272425249
12,"codyn","DINVSP",4.56603773584906
12,"divseg","DINVSP",1.04494012959479
12,"ecodive","DINVSP",22.2518272425249
12,"microbiome","DINVSP",22.2518272425249
12,"sprex","DINVSP",22.2518272425249
12,"vegan","DINVSP",22.2518272425249
12,"wiqid","DINVSP",22.2518272425249
12,"custom","DKO",0.229357798165138
12,"abdiv","DMC",0.831470803648603
12,"adiv","DMC",0.831470803648603
12,"agricolae","DMC",0.831470803648603
12,"ecodive","DMC",0.831470803648603
12,"forestHES","DMC",0.831470803648603
12,"tabula","DMC",0.831470803648603
12,"abdiv","DMG",14.0615205641059
12,"adiv","DMG",14.0615205641059
12,"agricolae","DMG",37.9491639320447
12,"ecodive","DMG",14.0615205641059
12,"tabula","DMG",14.0615205641059
12,"abdiv","DMN",4.39075033731026
12,"adiv","DMN",4.39075033731026
12,"ecodive","DMN",4.39075033731026
12,"tabula","DMN",4.39075033731026
12,"custom","DOD",229.508196721311
12,"abdiv","DQ",0
12,"ade4","DRAO",0.955059870405208
12,"BAT","DRAO",0.955059870405179
12,"SYNCSA","DRAO",0.955059870405208
12,"abdiv","DSHA",3.69841358799739
12,"adiv","DSHA",3.69841358799739
12,"aqp","DSHA",5.33568294256019
12,"asbio","DSHA",3.69841358799739
12,"benthos","DSHA",0
12,"BiodiversityR","DSHA",3.69841359
12,"biosampleR","DSHA",3.84847116819842
12,"chemodiv","DSHA",3.69841358799739
12,"codyn","DSHA",3.69841358799739
12,"DescTools","DSHA",5.33568294256019
12,"divDyn","DSHA",3.69841358799739
12,"divent","DSHA",3.69841358799739
12,"diverse","DSHA",3.84847116819842
12,"ecodive","DSHA",3.69841358799739
12,"EconGeo","DSHA",5.336
12,"entropart","DSHA",3.69841358799739
12,"forestmangr","DSHA",3.56
12,"HardyWeinberg","DSHA",3.69841358799739
12,"iNEXT","DSHA",3.698
12,"MCPAN","DSHA",3.69841358799739
12,"microbiome","DSHA",3.69841358799739
12,"OTUtable","DSHA",3.69841358799739
12,"pgirmess","DSHA",5.33568294256019
12,"SpiecEasi","DSHA",3.69841358799739
12,"sprex","DSHA",3.69841358799739
12,"tabula","DSHA",3.69841358799739
12,"triversity","DSHA",5.33568294256019
12,"vegan","DSHA",3.69841358799739
12,"wavethresh","DSHA",-38933.0818273098
12,"wiqid","DSHA",40.3831891409806
12,"abdiv","DSP",0.0449401295947923
12,"agricolae","DSP",0.0449401295947923
12,"antitrust","DSP",449.401295947923
12,"benthos","DSP",0.0423235272101205
12,"breakaway","DSP",0.0449401295947923
12,"concstats","DSP",0.0449401295947923
12,"DescTools","DSP",0.0449401295947923
12,"diverse","DSP",0.029429524868902
12,"divseg","DSP",1.04494012959479
12,"EconGeo","DSP",0.0449401295947923
12,"hhi","DSP",0.21900826446281
12,"ineq","DSP",0.0449401295947923
12,"microbiome","DSP",0.0449401295947923
12,"PDtoolkit","DSP",0.0449401295947923
12,"politics","DSP",0.0449401295947923
12,"REAT","DSP",0.0449401295947923
12,"sprex","DSP",0.0449401295947923
12,"tabula","DSP",0.0449401295947923
12,"triversity","DSP",0.0449401295947923
12,"abdiv","EBP",0.12568306010929
12,"agricolae","EBP",0.12568306010929
12,"BiodiversityR","EBP",0.12568306
12,"diverse","EBP",0.0827586206896552
12,"dyvDyn","EBP",0.12568306010929
12,"ecodive","EBP",0.12568306010929
12,"microbiome","EBP",0.12568306010929
12,"tabula","EBP",0.12568306010929
12,"triversity","EBP",0.12568306010929
12,"wiqid","EBP",1
12,"tabula","EBRI",0.836620943195704
12,"BAT","EBU",0.513529527947857
12,"microbiome","EBU",0.513529527947857
12,"BAT","ECAM",0.985620859707369
12,"microbiome","ECAM",0.742941712204007
12,"codyn","EEQ",0.230973905797073
12,"custom","EEQ",0.000853411810751641
12,"adiv","EEVAR",0.523952966531091
12,"codyn","EEVAR",0.620627020472502
12,"custom","EEVAR",0.523952966531091
12,"microbiome","EEVAR",0.523952966531091
12,"acid","EGIN",0.849447480267152
12,"DescTools","EGIN",0.849447480267152
12,"dplR","EGIN",0.849447480267152
12,"EconGeo","EGIN",0.849
12,"giniVarCI","EGIN",0.849447480267153
12,"ineq","EGIN",0.849447480267152
12,"microbiome","EGIN",0.849447480267152
12,"REAT","EGIN",0.849447480267152
12,"shipunov","EGIN",0.849447480267152
12,"wINEQ","EGIN",0.849447480267152
12,"abdiv","EHEI",0.474496254710609
12,"adiv","EHEI",0.474496254710609
12,"custom","EHUL",0.229508196721311
12,"benthos","EHURE",0.957676472789879
12,"BiodiversityR","EHURE",0.95767647
12,"mobr","EHURE",0.95767647278988
12,"vegan","EHURE",0.957676472790033
12,"custom","ELR",0.178989699444634
12,"abdiv","EMC",0.274022918013926
12,"tabula","EMC",0.884517948847372
12,"microbiome","EMN",0.229508196721311
12,"custom","ENHC",-0.0358586537383032
12,"custom","EPAT",0.2639649901401
12,"abdiv","EPIE",0.834702438828633
12,"adiv","EPIE",0.834702438828633
12,"BiodiversityR","EPIE",0.83470244
12,"breakaway","EPIE",0.834702438828633
12,"chemodiv","EPIE",0.834702438828633
12,"diverse","EPIE",0.868569237437909
12,"forestmangr","EPIE",1
12,"microbiome","EPIE",0.834702438828633
12,"OTUtable","EPIE",0.834702438828633
12,"pctax","EPIE",0.8347
12,"sprex","EPIE",0.834702438828633
12,"tabula","EPIE",0.834702438828633
12,"custom","ESHE",0.48075225167834
12,"adiv","ESP",0.264902705268154
12,"codyn","ESP",0.326145552560647
12,"sprex","ESP",0.0440287331904451
12,"tabula","ESP",0.264902705268154
12,"abdiv","EST",0.480679156908665
12,"adiv","QHIL_0",84
12,"adiv","QHIL_1",40.3831891409806
12,"adiv","QHIL_2",22.2518272425249
12,"adiv","QHIL_3",16.1997241557628
12,"BAT","QHIL_0",84
12,"BAT","QHIL_1",40.3831891409806
12,"BAT","QHIL_2",22.2518272425249
12,"BAT","QHIL_3",16.1997241557628
12,"benthos","QHIL_0",225
12,"benthos","QHIL_1",40.3831891409806
12,"benthos","QHIL_2",22.2518272425249
12,"benthos","QHIL_3",16.1997241557628
12,"breakaway","QHIL_0",84
12,"breakaway","QHIL_1",40.3831891409806
12,"breakaway","QHIL_2",22.2518272425249
12,"breakaway","QHIL_3",16.1997241557628
12,"chemodiv","QHIL_0",84
12,"chemodiv","QHIL_1",40.3831891409806
12,"chemodiv","QHIL_2",22.2518272425249
12,"chemodiv","QHIL_3",16.1997241557628
12,"divDyn","QHIL_2",22.2518272425249
12,"divent","QHIL_0",84
12,"divent","QHIL_1",40.3831891409806
12,"divent","QHIL_2",22.2518272425249
12,"divent","QHIL_3",16.1997241557631
12,"entropart","QHIL_0",84
12,"entropart","QHIL_1",40.3831891409806
12,"entropart","QHIL_2",22.2518272425249
12,"entropart","QHIL_3",16.1997241557628
12,"EntropyEstimation","QHIL_1",45.7185540603711
12,"EntropyEstimation","QHIL_2",23.6275203395826
12,"EntropyEstimation","QHIL_3",16.9379365730329
12,"hilldiv","QHIL_0",84
12,"hilldiv","QHIL_1",40.383490497656
12,"hilldiv","QHIL_2",22.2518272425249
12,"hilldiv","QHIL_3",16.1997241557628
12,"hillR","QHIL_0",84
12,"hillR","QHIL_1",40.3831891409806
12,"hillR","QHIL_2",22.2518272425249
12,"hillR","QHIL_3",16.1997241557628
12,"sprex","QHIL_0",84
12,"sprex","QHIL_1",40.3831891409806
12,"sprex","QHIL_2",22.2518272425249
12,"sprex","QHIL_3",16.1997241557628
12,"vegan","QHIL_0",84
12,"vegan","QHIL_1",40.3831891409806
12,"vegan","QHIL_2",22.2518272425249
12,"vegan","QHIL_3",16.1997241557628
12,"adiv","QREN_0",4.43081679884331
12,"adiv","QREN_1",3.69841358799739
12,"adiv","QREN_2",3.10242412849987
12,"adiv","QREN_3",2.78499421467132
12,"BiodiversityR","QREN_0",4.43081679884331
12,"BiodiversityR","QREN_1",3.69841358799739
12,"BiodiversityR","QREN_2",3.10242412849987
12,"BiodiversityR","QREN_3",2.78499421467132
12,"diverse","QREN_0",4.43081679884331
12,"diverse","QREN_1",3.84847116819842
12,"diverse","QREN_2",3.45267844009344
12,"diverse","QREN_3",3.22618637968388
12,"EntropyEstimation","QREN_1",3.82250421245036
12,"EntropyEstimation","QREN_2",3.16241214873032
12,"EntropyEstimation","QREN_3",2.82955587383736
12,"seewave","QREN_2",0.572815120688368
12,"seewave","QREN_3",0.514206544495497
12,"sprex","QREN_0",4.43081679884331
12,"sprex","QREN_1",3.69841358799739
12,"sprex","QREN_2",3.10242412849987
12,"sprex","QREN_3",2.78499421467132
12,"statcomp","QREN_1",0.682855433494566
12,"statcomp","QREN_2",0.572815106462417
12,"statcomp","QREN_3",0.514206533826034
12,"vegan","QREN_0",4.43081679884331
12,"vegan","QREN_1",3.69841358799739
12,"vegan","QREN_2",3.10242412849987
12,"vegan","QREN_3",2.78499421467132
12,"adiv","QTSA_0",83
12,"adiv","QTSA_1",3.69841358799739
12,"adiv","QTSA_2",0.955059870405208
12,"adiv","QTSA_3",0.498094737738695
12,"divent","QTSA_0",83
12,"divent","QTSA_1",3.69841358799739
12,"divent","QTSA_2",0.955059870405208
12,"divent","QTSA_3",0.498094737738695
12,"entropart","QTSA_0",83
12,"entropart","QTSA_1",3.69841358799739
12,"entropart","QTSA_2",0.955059870405208
12,"entropart","QTSA_3",0.498094737738695
12,"EntropyEstimation","QTSA_1",3.82250421245036
12,"EntropyEstimation","QTSA_2",0.95767647278988
12,"EntropyEstimation","QTSA_3",0.498257194186905
12,"vegan","QTSA_0",83
12,"vegan","QTSA_1",3.69841358799739
12,"vegan","QTSA_2",0.955059870405208
12,"vegan","QTSA_3",0.498094737738695
12,"BAT","RACE",128.001262239
12,"ecodive","RACE",128.001262239
12,"fossil","RACE",102.214285714286
12,"pctax","RACE",128.0013
12,"sprex","RACE",366
12,"tabula","RACE",128.001262239
12,"vegan","RACE",128.001262239
12,"wiqid","RACE",128.001262239
12,"BiodiversityR","RBOO",84
12,"wiqid","RBOO",225
12,"BAT","RC1",110.714285714286
12,"BiodiversityR","RC1",84
12,"biosampleR","RC1",117.214285714286
12,"iNEXT","RC1",112.821
12,"microbiome","RC1",110.714285714286
12,"pctax","RC1",110.7143
12,"rareNMtests","RC1",84
12,"SpadeR","RC1",84
12,"SSP","RC1",84
12,"vegan","RC1",110.714285714286
12,"wiqid","RC1",112.9
12,"BAT","RC1M",128.852850664075
12,"divent","RC1M",112.821038251366
12,"ecodive","RC1M",112.9
12,"entropart","RC1M",112.821038251366
12,"fossil","RC1M",112.9
12,"mobr","RC1M",112.821038251366
12,"OTUtable","RC1M",112.9
12,"tabula","RC1M",112.821038251366
12,"wiqid","RC1M",112.9
12,"BAT","RCA2",211.870142002133
12,"divDyn","RCA2",110.396258503401
12,"fossil","RCA2",112.9
12,"tabula","RCA2",84
12,"wiqid","RCA2",84
12,"benthos","RHUR_2",1.95767647279003
12,"benthos","RHUR_3",2.87651502999563
12,"divent","RHUR_2",23.6275204162505
12,"divent","RHUR_3",23.9564179422724
12,"entropart","RHUR_2",1.95767647279004
12,"entropart","RHUR_3",2.87651502999563
12,"mobsim","RHUR_2",1.95767647279003
12,"mobsim","RHUR_3",2.87651502999563
12,"tabula","RHUR_2",1.95767647277704
12,"tabula","RHUR_3",2.87651502999217
12,"vegan","RHUR_2",1.95767647279003
12,"vegan","RHUR_3",2.87651502999563
12,"BAT","RICE",207.153524144524
12,"fossil","RICE",102.214285714286
12,"tabula","RICE",84
12,"wiqid","RICE",84
12,"BAT","RJA1",118
12,"BiodiversityR","RJA1",84
12,"divent","RJA1",118
12,"entropart","RJA1",118
12,"fossil","RJA1",117.907103825137
12,"SSP","RJA1",84
12,"tabula","RJA1",3.67333968760085
12,"wiqid","RJA1",118
12,"BAT","RJA2",132
12,"BiodiversityR","RJA2",84
12,"fossil","RJA2",131.606407665244
12,"SSP","RJA2",84
12,"wiqid","RJA2",132
12,"asbio","RLMD",137.692568285544
12,"sads","RLMD",0.84599627671015
12,"vegan","RLMD",117.872398924474
12,"wiqid","RMM",0
12,"divDyn","RSQ",137.082532418002
12,"ecodive","RSQ",137.082532418002
12,"tabula","RSQ",137.082532418002
13,"custom","RICH",93
13,"abdiv","D1SP",0.969207501150758
13,"ade4","D1SP",0.969207501150758
13,"adiv","D1SP",0.969207501150758
13,"agricolae","D1SP",0.969207501150758
13,"asbio","D1SP",0.969207501150758
13,"BiodiversityR","D1SP",0.9692075
13,"biosampleR","D1SP",0.974858862970751
13,"breakaway","D1SP",0.969207501150758
13,"catsim","D1SP",0.625066666666667
13,"concstats","D1SP",0.995673180798434
13,"CUB","D1SP",0.973534320352324
13,"DescTools","D1SP",0.969207501150758
13,"divent","D1SP",0.969207501150758
13,"diverse","D1SP",0.974858862970751
13,"ecodive","D1SP",0.969207501150758
13,"entropart","D1SP",0.969207501150758
13,"lawstat","D1SP",0.812434509256025
13,"MCPAN","D1SP",0.969207501150758
13,"microbiome","D1SP",0.969207501150758
13,"PCRA","D1SP",0.969207501150758
13,"RoughSets","D1SP",0.969207501150758
13,"simboot","D1SP",0.969207501150758
13,"sprex","D1SP",0.969207501150758
13,"untb","D1SP",0.97158300973201
13,"vegan","D1SP",0.969207501150758
13,"abdiv","DBRI",3.6619534350591
13,"ecodive","DBRI",3.6619534350591
13,"tabula","DBRI",3.6619534350591
13,"wiqid","DBRI",38.9373301749092
13,"BiodiversityR","DFIS",37.56973529
13,"ecodive","DFIS",37.57
13,"microbiome","DFIS",37.5697352924546
13,"preseqR","DFIS",13.0978304636462
13,"sads","DFIS",37.5697352777931
13,"vegan","DFIS",37.5697352924546
13,"custom","DGLE",15.4646499853839
13,"custom","DGOO_1_1",3.98237326973831
13,"custom","DGOO_1_2",0.308545007577933
13,"custom","DGOO_1_3",1
13,"custom","DGOO_2_1",0.0941976805807141
13,"custom","DGOO_2_2",1.08536255514936
13,"custom","DGOO_2_3",1
13,"custom","DGOO_3_1",0.00487608518952443
13,"custom","DGOO_3_2",0.0378165193970466
13,"custom","DGOO_3_3",1
13,"abdiv","DINVSP",32.4754416618132
13,"adiv","DINVSP",32.4754416618132
13,"asbio","DINVSP",32.4754416618132
13,"BiodiversityR","DINVSP",32.47544166
13,"breakaway","DINVSP",32.4754416618132
13,"chemodiv","DINVSP",32.4754416618132
13,"codyn","DINVSP",7.29787234042553
13,"divseg","DINVSP",1.03079249884924
13,"ecodive","DINVSP",32.4754416618132
13,"microbiome","DINVSP",32.4754416618132
13,"sprex","DINVSP",32.4754416618132
13,"vegan","DINVSP",32.4754416618132
13,"wiqid","DINVSP",32.4754416618132
13,"custom","DKO",0.146788990825688
13,"abdiv","DMC",0.867412891508063
13,"adiv","DMC",0.867412891508063
13,"agricolae","DMC",0.867412891508063
13,"ecodive","DMC",0.867412891508063
13,"forestHES","DMC",0.867412891508063
13,"tabula","DMC",0.867412891508063
13,"abdiv","DMG",15.2983634264012
13,"adiv","DMG",15.2983634264012
13,"agricolae","DMG",37.2481892121074
13,"ecodive","DMG",15.2983634264012
13,"tabula","DMG",15.2983634264012
13,"abdiv","DMN",4.59855404083758
13,"adiv","DMN",4.59855404083758
13,"ecodive","DMN",4.59855404083758
13,"tabula","DMN",4.59855404083758
13,"custom","DOD",227.383863080685
13,"abdiv","DQ",0
13,"ade4","DRAO",0.969207501150758
13,"BAT","DRAO",0.969207501150722
13,"SYNCSA","DRAO",0.969207501150758
13,"abdiv","DSHA",3.98237326973831
13,"adiv","DSHA",3.98237326973831
13,"aqp","DSHA",5.74535016722022
13,"asbio","DSHA",3.98237326973831
13,"benthos","DSHA",0
13,"BiodiversityR","DSHA",3.98237327
13,"biosampleR","DSHA",4.07732669104502
13,"chemodiv","DSHA",3.98237326973831
13,"codyn","DSHA",3.98237326973831
13,"DescTools","DSHA",5.74535016722022
13,"divDyn","DSHA",3.98237326973831
13,"divent","DSHA",3.98237326973831
13,"diverse","DSHA",4.07732669104502
13,"ecodive","DSHA",3.98237326973831
13,"EconGeo","DSHA",5.745
13,"entropart","DSHA",3.98237326973831
13,"forestmangr","DSHA",3.56
13,"HardyWeinberg","DSHA",3.98237326973831
13,"iNEXT","DSHA",3.982
13,"MCPAN","DSHA",3.98237326973831
13,"microbiome","DSHA",3.98237326973831
13,"OTUtable","DSHA",3.98237326973831
13,"pgirmess","DSHA",5.74535016722022
13,"SpiecEasi","DSHA",3.98237326973831
13,"sprex","DSHA",3.98237326973831
13,"tabula","DSHA",3.98237326973831
13,"triversity","DSHA",5.74535016722022
13,"vegan","DSHA",3.98237326973831
13,"wavethresh","DSHA",-30438.3291271081
13,"wiqid","DSHA",53.6441954195263
13,"abdiv","DSP",0.0307924988492417
13,"agricolae","DSP",0.0307924988492417
13,"antitrust","DSP",307.924988492417
13,"benthos","DSP",0.0284169902679898
13,"breakaway","DSP",0.0307924988492417
13,"concstats","DSP",0.0307924988492417
13,"DescTools","DSP",0.0307924988492417
13,"diverse","DSP",0.0228634294054855
13,"divseg","DSP",1.03079249884924
13,"EconGeo","DSP",0.0307924988492417
13,"hhi","DSP",0.137026239067055
13,"ineq","DSP",0.0307924988492417
13,"microbiome","DSP",0.0307924988492417
13,"PDtoolkit","DSP",0.0307924988492417
13,"politics","DSP",0.0307924988492417
13,"REAT","DSP",0.0307924988492417
13,"sprex","DSP",0.0307924988492417
13,"tabula","DSP",0.0307924988492417
13,"triversity","DSP",0.0307924988492417
13,"abdiv","EBP",0.0953545232273839
13,"agricolae","EBP",0.0953545232273839
13,"BiodiversityR","EBP",0.09535452
13,"diverse","EBP",0.0769230769230769
13,"dyvDyn","EBP",0.0953545232273839
13,"ecodive","EBP",0.0953545232273839
13,"microbiome","EBP",0.0953545232273839
13,"tabula","EBP",0.0953545232273839
13,"triversity","EBP",0.0953545232273839
13,"wiqid","EBP",1
13,"tabula","EBRI",0.881319821105279
13,"BAT","EBU",0.587115977463591
13,"microbiome","EBU",0.587115977463591
13,"BAT","ECAM",0.988315724620535
13,"microbiome","ECAM",0.660856534427005
13,"codyn","EEQ",0.235748195337128
13,"custom","EEQ",0.000703645969565746
13,"adiv","EEVAR",0.55085286244597
13,"codyn","EEVAR",0.571677850426583
13,"custom","EEVAR",0.55085286244597
13,"microbiome","EEVAR",0.55085286244597
13,"acid","EGIN",0.808823689214887
13,"DescTools","EGIN",0.808823689214887
13,"dplR","EGIN",0.808823689214887
13,"EconGeo","EGIN",0.809
13,"giniVarCI","EGIN",0.808823689214887
13,"ineq","EGIN",0.808823689214887
13,"microbiome","EGIN",0.808823689214886
13,"REAT","EGIN",0.808823689214887
13,"shipunov","EGIN",0.808823689214886
13,"wINEQ","EGIN",0.808823689214887
13,"abdiv","EHEI",0.572219515429633
13,"adiv","EHEI",0.572219515429633
13,"custom","EHUL",0.180929095354523
13,"benthos","EHURE",0.97158300973201
13,"BiodiversityR","EHURE",0.97158301
13,"mobr","EHURE",0.97158300973201
13,"vegan","EHURE",0.971583009731583
13,"custom","ELR",0.214506485141598
13,"abdiv","EMC",0.226301691625966
13,"tabula","EMC",0.919912574782578
13,"microbiome","EMN",0.180929095354523
13,"custom","ENHC",-0.0327312187518555
13,"custom","EPAT",0.0661480923129865
13,"abdiv","EPIE",0.878606917675807
13,"adiv","EPIE",0.878606917675807
13,"BiodiversityR","EPIE",0.87860692
13,"breakaway","EPIE",0.878606917675807
13,"chemodiv","EPIE",0.878606917675807
13,"diverse","EPIE",0.885380241418847
13,"forestmangr","EPIE",1
13,"microbiome","EPIE",0.878606917675807
13,"OTUtable","EPIE",0.878606917675807
13,"pctax","EPIE",0.8786
13,"sprex","EPIE",0.878606917675807
13,"tabula","EPIE",0.878606917675807
13,"custom","ESHE",0.576819305586304
13,"adiv","ESP",0.349198297438852
13,"codyn","ESP",0.429286608260325
13,"sprex","ESP",0.0428212179541753
13,"tabula","ESP",0.349198297438852
13,"abdiv","EST",0.408444409390856
13,"adiv","QHIL_0",93
13,"adiv","QHIL_1",53.6441954195263
13,"adiv","QHIL_2",32.4754416618132
13,"adiv","QHIL_3",23.2085067335097
13,"BAT","QHIL_0",93
13,"BAT","QHIL_1",53.6441954195263
13,"BAT","QHIL_2",32.4754416618132
13,"BAT","QHIL_3",23.2085067335097
13,"benthos","QHIL_0",225
13,"benthos","QHIL_1",53.6441954195263
13,"benthos","QHIL_2",32.4754416618132
13,"benthos","QHIL_3",23.2085067335097
13,"breakaway","QHIL_0",93
13,"breakaway","QHIL_1",53.6441954195263
13,"breakaway","QHIL_2",32.4754416618132
13,"breakaway","QHIL_3",23.2085067335097
13,"chemodiv","QHIL_0",93
13,"chemodiv","QHIL_1",53.6441954195263
13,"chemodiv","QHIL_2",32.4754416618132
13,"chemodiv","QHIL_3",23.2085067335097
13,"divDyn","QHIL_2",32.4754416618132
13,"divent","QHIL_0",93
13,"divent","QHIL_1",53.6441954195263
13,"divent","QHIL_2",32.4754416618132
13,"divent","QHIL_3",23.2085067335098
13,"entropart","QHIL_0",93
13,"entropart","QHIL_1",53.6441954195263
13,"entropart","QHIL_2",32.4754416618132
13,"entropart","QHIL_3",23.2085067335098
13,"EntropyEstimation","QHIL_1",60.5988319146589
13,"EntropyEstimation","QHIL_2",35.1902150991132
13,"EntropyEstimation","QHIL_3",24.5828840679518
13,"hilldiv","QHIL_0",93
13,"hilldiv","QHIL_1",53.644496871478
13,"hilldiv","QHIL_2",32.4754416618132
13,"hilldiv","QHIL_3",23.2085067335097
13,"hillR","QHIL_0",93
13,"hillR","QHIL_1",53.6441954195263
13,"hillR","QHIL_2",32.4754416618132
13,"hillR","QHIL_3",23.2085067335097
13,"sprex","QHIL_0",93
13,"sprex","QHIL_1",53.6441954195263
13,"sprex","QHIL_2",32.4754416618132
13,"sprex","QHIL_3",23.2085067335097
13,"vegan","QHIL_0",93
13,"vegan","QHIL_1",53.6441954195263
13,"vegan","QHIL_2",32.4754416618132
13,"vegan","QHIL_3",23.2085067335097
13,"adiv","QREN_0",4.53259949315326
13,"adiv","QREN_1",3.98237326973831
13,"adiv","QREN_2",3.48048416252002
13,"adiv","QREN_3",3.14451888101324
13,"BiodiversityR","QREN_0",4.53259949315326
13,"BiodiversityR","QREN_1",3.98237326973831
13,"BiodiversityR","QREN_2",3.48048416252002
13,"BiodiversityR","QREN_3",3.14451888101324
13,"diverse","QREN_0",4.60517018598809
13,"diverse","QREN_1",4.07732669104502
13,"diverse","QREN_2",3.68324984894903
13,"diverse","QREN_3",3.43451537575708
13,"EntropyEstimation","QREN_1",4.10427561755384
13,"EntropyEstimation","QREN_2",3.56076806382158
13,"EntropyEstimation","QREN_3",3.20205043118286
13,"seewave","QREN_2",0.642618114252663
13,"seewave","QREN_3",0.580587266835774
13,"sprex","QREN_0",4.53259949315326
13,"sprex","QREN_1",3.98237326973831
13,"sprex","QREN_2",3.48048416252002
13,"sprex","QREN_3",3.14451888101324
13,"statcomp","QREN_1",0.735284240321215
13,"statcomp","QREN_2",0.642618102334923
13,"statcomp","QREN_3",0.580587257897469
13,"vegan","QREN_0",4.53259949315326
13,"vegan","QREN_1",3.98237326973831
13,"vegan","QREN_2",3.48048416252002
13,"vegan","QREN_3",3.14451888101324
13,"adiv","QTSA_0",92
13,"adiv","QTSA_1",3.98237326973831
13,"adiv","QTSA_2",0.969207501150758
13,"adiv","QTSA_3",0.499071727236877
13,"divent","QTSA_0",92
13,"divent","QTSA_1",3.98237326973831
13,"divent","QTSA_2",0.969207501150758
13,"divent","QTSA_3",0.499071727236877
13,"entropart","QTSA_0",92
13,"entropart","QTSA_1",3.98237326973831
13,"entropart","QTSA_2",0.969207501150758
13,"entropart","QTSA_3",0.499071727236877
13,"EntropyEstimation","QTSA_1",4.10427561755384
13,"EntropyEstimation","QTSA_2",0.971583009732009
13,"EntropyEstimation","QTSA_3",0.499172621296165
13,"vegan","QTSA_0",92
13,"vegan","QTSA_1",3.98237326973831
13,"vegan","QTSA_2",0.969207501150758
13,"vegan","QTSA_3",0.499071727236877
13,"BAT","RACE",122.213089749289
13,"ecodive","RACE",122.213089749289
13,"fossil","RACE",105.800995024876
13,"pctax","RACE",122.2131
13,"sprex","RACE",409
13,"tabula","RACE",122.213089749289
13,"vegan","RACE",122.213089749289
13,"wiqid","RACE",122.213089749289
13,"BiodiversityR","RBOO",93
13,"wiqid","RBOO",225
13,"BAT","RC1",116.25
13,"BiodiversityR","RC1",93
13,"biosampleR","RC1",133.47619047619
13,"iNEXT","RC1",118.228
13,"microbiome","RC1",116.25
13,"pctax","RC1",116.25
13,"rareNMtests","RC1",93
13,"SpadeR","RC1",93
13,"SSP","RC1",93
13,"vegan","RC1",116.25
13,"wiqid","RC1",118.289473684211
13,"BAT","RC1M",129.166666666667
13,"divent","RC1M",118.227641230215
13,"ecodive","RC1M",118.289473684211
13,"entropart","RC1M",118.227641230215
13,"fossil","RC1M",118.289473684211
13,"mobr","RC1M",118.227641230215
13,"OTUtable","RC1M",118.289473684211
13,"tabula","RC1M",118.227641230215
13,"wiqid","RC1M",118.289473684211
13,"BAT","RCA2",213.495121878193
13,"divDyn","RCA2",116
13,"fossil","RCA2",118.289473684211
13,"tabula","RCA2",93
13,"wiqid","RCA2",93
13,"benthos","RHUR_2",1.97158300973158
13,"benthos","RHUR_3",2.91640378660369
13,"divent","RHUR_2",35.1902290597504
13,"divent","RHUR_3",35.5503057329157
13,"entropart","RHUR_2",1.97158300973157
13,"entropart","RHUR_3",2.91640378660369
13,"mobsim","RHUR_2",1.97158300973158
13,"mobsim","RHUR_3",2.91640378660369
13,"tabula","RHUR_2",1.97158300977752
13,"tabula","RHUR_3",2.91640378659612
13,"vegan","RHUR_2",1.97158300973158
13,"vegan","RHUR_3",2.91640378660369
13,"BAT","RICE",209.303855804241
13,"fossil","RICE",105.800995024876
13,"tabula","RICE",93
13,"wiqid","RICE",93
13,"BAT","RJA1",124
13,"BiodiversityR","RJA1",93
13,"divent","RJA1",124
13,"entropart","RJA1",124
13,"fossil","RJA1",123.924205378973
13,"SSP","RJA1",93
13,"tabula","RJA1",3.96357913512427
13,"wiqid","RJA1",124
13,"BAT","RJA2",136
13,"BiodiversityR","RJA2",93
13,"fossil","RJA2",135.684482717292
13,"SSP","RJA2",93
13,"wiqid","RJA2",136
13,"asbio","RLMD",172.627145118298
13,"sads","RLMD",0.979018099799095
13,"vegan","RLMD",106.155422835992
13,"wiqid","RMM",0
13,"divDyn","RSQ",123.110530541734
13,"ecodive","RSQ",123.110530541734
13,"tabula","RSQ",123.110530541734
14,"custom","RICH",98
14,"abdiv","D1SP",0.971862554992598
14,"ade4","D1SP",0.971862554992598
14,"adiv","D1SP",0.971862554992598
14,"agricolae","D1SP",0.971862554992598
14,"asbio","D1SP",0.971862554992598
14,"BiodiversityR","D1SP",0.97186255
14,"biosampleR","D1SP",0.968605824682814
14,"breakaway","D1SP",0.971862554992598
14,"catsim","D1SP",0.64237037037037
14,"concstats","D1SP",0.995661327879497
14,"CUB","D1SP",0.976201227113101
14,"DescTools","D1SP",0.971862554992598
14,"divent","D1SP",0.971862554992598
14,"diverse","D1SP",0.968605824682814
14,"ecodive","D1SP",0.971862554992598
14,"entropart","D1SP",0.971862554992598
14,"lawstat","D1SP",0.808219178082192
14,"MCPAN","D1SP",0.971862554992598
14,"microbiome","D1SP",0.971862554992598
14,"PCRA","D1SP",0.971862554992598
14,"RoughSets","D1SP",0.971862554992598
14,"simboot","D1SP",0.971862554992598
14,"sprex","D1SP",0.971862554992598
14,"untb","D1SP",0.974086496766037
14,"vegan","D1SP",0.971862554992598
14,"abdiv","DBRI",3.7035299639077
14,"ecodive","DBRI",3.7035299639077
14,"tabula","DBRI",3.7035299639077
14,"wiqid","DBRI",40.5903341811551
14,"BiodiversityR","DFIS",39.21837188
14,"ecodive","DFIS",39.218
14,"microbiome","DFIS",39.2183718770125
14,"preseqR","DFIS",12.0638896615416
14,"sads","DFIS",39.2183715392248
14,"vegan","DFIS",39.2183718770125
14,"custom","DGLE",16.1125407427886
14,"custom","DGOO_1_1",4.01749389661912
14,"custom","DGOO_1_2",0.306915378352007
14,"custom","DGOO_1_3",1
14,"custom","DGOO_2_1",0.0907877932376208
14,"custom","DGOO_2_2",1.09414711074269
14,"custom","DGOO_2_3",1
14,"custom","DGOO_3_1",0.00390448641229334
14,"custom","DGOO_3_2",0.0355097103257226
14,"custom","DGOO_3_3",1
14,"abdiv","DINVSP",35.5398295665061
14,"adiv","DINVSP",35.5398295665061
14,"asbio","DINVSP",35.5398295665061
14,"BiodiversityR","DINVSP",35.53982957
14,"breakaway","DINVSP",35.5398295665061
14,"chemodiv","DINVSP",35.5398295665061
14,"codyn","DINVSP",8.96885813148789
14,"divseg","DINVSP",1.0281374450074
14,"ecodive","DINVSP",35.5398295665061
14,"microbiome","DINVSP",35.5398295665061
14,"sprex","DINVSP",35.5398295665061
14,"vegan","DINVSP",35.5398295665061
14,"wiqid","DINVSP",35.5398295665061
14,"custom","DKO",0.100917431192661
14,"abdiv","DMC",0.874020097625853
14,"adiv","DMC",0.874020097625853
14,"agricolae","DMC",0.874020097625853
14,"ecodive","DMC",0.874020097625853
14,"forestHES","DMC",0.874020097625853
14,"tabula","DMC",0.874020097625853
14,"abdiv","DMG",15.9481270617398
14,"adiv","DMG",15.9481270617398
14,"agricolae","DMG",36.8286645549455
14,"ecodive","DMG",15.9481270617398
14,"tabula","DMG",15.9481270617398
14,"abdiv","DMN",4.68262112916147
14,"adiv","DMN",4.68262112916147
14,"ecodive","DMN",4.68262112916147
14,"tabula","DMN",4.68262112916147
14,"custom","DOD",223.744292237443
14,"abdiv","DQ",0
14,"ade4","DRAO",0.971862554992598
14,"BAT","DRAO",0.971862554992594
14,"SYNCSA","DRAO",0.971862554992597
14,"abdiv","DSHA",4.01749389661912
14,"adiv","DSHA",4.01749389661912
14,"aqp","DSHA",5.79601852145408
14,"asbio","DSHA",4.01749389661912
14,"benthos","DSHA",0
14,"BiodiversityR","DSHA",4.0174939
14,"biosampleR","DSHA",3.96992512347409
14,"chemodiv","DSHA",4.01749389661912
14,"codyn","DSHA",4.01749389661912
14,"DescTools","DSHA",5.79601852145408
14,"divDyn","DSHA",4.01749389661912
14,"divent","DSHA",4.01749389661912
14,"diverse","DSHA",3.96992512347409
14,"ecodive","DSHA",4.01749389661912
14,"EconGeo","DSHA",5.796
14,"entropart","DSHA",4.01749389661912
14,"forestmangr","DSHA",3.56
14,"HardyWeinberg","DSHA",4.01749389661912
14,"iNEXT","DSHA",4.017
14,"MCPAN","DSHA",4.01749389661912
14,"microbiome","DSHA",4.01749389661912
14,"OTUtable","DSHA",4.01749389661912
14,"pgirmess","DSHA",5.79601852145408
14,"SpiecEasi","DSHA",4.01749389661912
14,"sprex","DSHA",4.01749389661912
14,"tabula","DSHA",4.01749389661912
14,"triversity","DSHA",5.79601852145408
14,"vegan","DSHA",4.01749389661912
14,"wavethresh","DSHA",-30829.4485446679
14,"wiqid","DSHA",55.5616878680415
14,"abdiv","DSP",0.0281374450074018
14,"agricolae","DSP",0.0281374450074018
14,"antitrust","DSP",281.374450074018
14,"benthos","DSP",0.0259135032339634
14,"breakaway","DSP",0.0281374450074018
14,"concstats","DSP",0.0281374450074018
14,"DescTools","DSP",0.0281374450074018
14,"diverse","DSP",0.0290143084260731
14,"divseg","DSP",1.0281374450074
14,"EconGeo","DSP",0.0281374450074018
14,"hhi","DSP",0.111496913580247
14,"ineq","DSP",0.0281374450074018
14,"microbiome","DSP",0.0281374450074018
14,"PDtoolkit","DSP",0.0281374450074018
14,"politics","DSP",0.0281374450074018
14,"REAT","DSP",0.0281374450074018
14,"sprex","DSP",0.0281374450074018
14,"tabula","DSP",0.0281374450074018
14,"triversity","DSP",0.0281374450074018
14,"abdiv","EBP",0.0753424657534247
14,"agricolae","EBP",0.0753424657534247
14,"BiodiversityR","EBP",0.07534247
14,"diverse","EBP",0.107843137254902
14,"dyvDyn","EBP",0.0753424657534247
14,"ecodive","EBP",0.0753424657534247
14,"microbiome","EBP",0.0753424657534247
14,"tabula","EBP",0.0753424657534247
14,"triversity","EBP",0.0753424657534247
14,"wiqid","EBP",1
14,"tabula","EBRI",0.879455711896773
14,"BAT","EBU",0.575107094101586
14,"microbiome","EBU",0.575107094101586
14,"BAT","ECAM",0.988630108165283
14,"microbiome","ECAM",0.663078930202218
14,"codyn","EEQ",0.220912020482555
14,"custom","EEQ",0.000653397043892674
14,"adiv","EEVAR",0.52573331840412
14,"codyn","EEVAR",0.622002583474438
14,"custom","EEVAR",0.52573331840412
14,"microbiome","EEVAR",0.52573331840412
14,"acid","EGIN",0.804627092846271
14,"DescTools","EGIN",0.804627092846271
14,"dplR","EGIN",0.804627092846271
14,"EconGeo","EGIN",0.805
14,"giniVarCI","EGIN",0.804627092846271
14,"ineq","EGIN",0.804627092846271
14,"microbiome","EGIN",0.804627092846271
14,"REAT","EGIN",0.804627092846271
14,"shipunov","EGIN",0.804627092846271
14,"wINEQ","EGIN",0.804627092846271
14,"abdiv","EHEI",0.562491627505583
14,"adiv","EHEI",0.562491627505583
14,"custom","EHUL",0.146118721461187
14,"benthos","EHURE",0.974086496766037
14,"BiodiversityR","EHURE",0.9740865
14,"mobr","EHURE",0.974086496766037
14,"vegan","EHURE",0.974086496765886
14,"custom","ELR",0.210721677148837
14,"abdiv","EMC",0.21536791092647
14,"tabula","EMC",0.925775221517694
14,"microbiome","EMN",0.146118721461187
14,"custom","ENHC",-0.0320273991634491
14,"custom","EPAT",0.0416817546388779
14,"abdiv","EPIE",0.876231710542907
14,"adiv","EPIE",0.876231710542907
14,"BiodiversityR","EPIE",0.87623171
14,"breakaway","EPIE",0.876231710542907
14,"chemodiv","EPIE",0.876231710542907
14,"diverse","EPIE",0.863943760543658
14,"forestmangr","EPIE",1
14,"microbiome","EPIE",0.876231710542907
14,"OTUtable","EPIE",0.876231710542907
14,"pctax","EPIE",0.8762
14,"sprex","EPIE",0.876231710542907
14,"tabula","EPIE",0.876231710542907
14,"custom","ESHE",0.566955998653485
14,"adiv","ESP",0.362651322107205
14,"codyn","ESP",0.560553633217993
14,"sprex","ESP",0.0409948356797869
14,"tabula","ESP",0.362651322107205
14,"abdiv","EST",0.420557264001491
14,"adiv","QHIL_0",98
14,"adiv","QHIL_1",55.5616878680415
14,"adiv","QHIL_2",35.5398295665061
14,"adiv","QHIL_3",27.2868050027523
14,"BAT","QHIL_0",98
14,"BAT","QHIL_1",55.5616878680415
14,"BAT","QHIL_2",35.5398295665061
14,"BAT","QHIL_3",27.2868050027523
14,"benthos","QHIL_0",225
14,"benthos","QHIL_1",55.5616878680415
14,"benthos","QHIL_2",35.5398295665061
14,"benthos","QHIL_3",27.2868050027523
14,"breakaway","QHIL_0",98
14,"breakaway","QHIL_1",55.5616878680415
14,"breakaway","QHIL_2",35.5398295665061
14,"breakaway","QHIL_3",27.2868050027523
14,"chemodiv","QHIL_0",98
14,"chemodiv","QHIL_1",55.5616878680415
14,"chemodiv","QHIL_2",35.5398295665061
14,"chemodiv","QHIL_3",27.2868050027523
14,"divDyn","QHIL_2",35.5398295665061
14,"divent","QHIL_0",98
14,"divent","QHIL_1",55.5616878680415
14,"divent","QHIL_2",35.5398295665061
14,"divent","QHIL_3",27.286805002752
14,"entropart","QHIL_0",98
14,"entropart","QHIL_1",55.5616878680415
14,"entropart","QHIL_2",35.5398295665061
14,"entropart","QHIL_3",27.286805002752
14,"EntropyEstimation","QHIL_1",62.6677744998569
14,"EntropyEstimation","QHIL_2",38.589919354838
14,"EntropyEstimation","QHIL_3",29.2508538471458
14,"hilldiv","QHIL_0",98
14,"hilldiv","QHIL_1",55.5619902945697
14,"hilldiv","QHIL_2",35.5398295665061
14,"hilldiv","QHIL_3",27.2868050027523
14,"hillR","QHIL_0",98
14,"hillR","QHIL_1",55.5616878680415
14,"hillR","QHIL_2",35.5398295665061
14,"hillR","QHIL_3",27.2868050027523
14,"sprex","QHIL_0",98
14,"sprex","QHIL_1",55.5616878680415
14,"sprex","QHIL_2",35.5398295665061
14,"sprex","QHIL_3",27.2868050027523
14,"vegan","QHIL_0",98
14,"vegan","QHIL_1",55.5616878680415
14,"vegan","QHIL_2",35.5398295665061
14,"vegan","QHIL_3",27.2868050027523
14,"adiv","QREN_0",4.58496747867057
14,"adiv","QREN_1",4.01749389661912
14,"adiv","QREN_2",3.57065402717494
14,"adiv","QREN_3",3.30640325211524
14,"BiodiversityR","QREN_0",4.58496747867057
14,"BiodiversityR","QREN_1",4.01749389661912
14,"BiodiversityR","QREN_2",3.57065402717494
14,"BiodiversityR","QREN_3",3.30640325211524
14,"diverse","QREN_0",4.59511985013459
14,"diverse","QREN_1",3.96992512347409
14,"diverse","QREN_2",3.46113290272777
14,"diverse","QREN_3",3.12970994914229
14,"EntropyEstimation","QREN_1",4.13784735219479
14,"EntropyEstimation","QREN_2",3.65299108575304
14,"EntropyEstimation","QREN_3",3.37590876460722
14,"seewave","QREN_2",0.659266597737462
14,"seewave","QREN_3",0.610476736041053
14,"sprex","QREN_0",4.58496747867057
14,"sprex","QREN_1",4.01749389661912
14,"sprex","QREN_2",3.57065402717494
14,"sprex","QREN_3",3.30640325211524
14,"statcomp","QREN_1",0.741768726256246
14,"statcomp","QREN_2",0.659266587030337
14,"statcomp","QREN_3",0.610476728010709
14,"vegan","QREN_0",4.58496747867057
14,"vegan","QREN_1",4.01749389661912
14,"vegan","QREN_2",3.57065402717494
14,"vegan","QREN_3",3.30640325211524
14,"adiv","QTSA_0",97
14,"adiv","QTSA_1",4.01749389661912
14,"adiv","QTSA_2",0.971862554992598
14,"adiv","QTSA_3",0.499328471220766
14,"divent","QTSA_0",97
14,"divent","QTSA_1",4.01749389661912
14,"divent","QTSA_2",0.971862554992598
14,"divent","QTSA_3",0.499328471220766
14,"entropart","QTSA_0",97
14,"entropart","QTSA_1",4.01749389661912
14,"entropart","QTSA_2",0.971862554992598
14,"entropart","QTSA_3",0.499328471220766
14,"EntropyEstimation","QTSA_1",4.13784735219479
14,"EntropyEstimation","QTSA_2",0.974086496766036
14,"EntropyEstimation","QTSA_3",0.499415623277174
14,"vegan","QTSA_0",97
14,"vegan","QTSA_1",4.01749389661912
14,"vegan","QTSA_2",0.971862554992598
14,"vegan","QTSA_3",0.499328471220766
14,"BAT","RACE",133.785845206007
14,"ecodive","RACE",133.785845206007
14,"fossil","RACE",116.457142857143
14,"pctax","RACE",133.7858
14,"sprex","RACE",438
14,"tabula","RACE",133.785845206007
14,"vegan","RACE",133.785845206007
14,"wiqid","RACE",133.785845206007
14,"BiodiversityR","RBOO",98
14,"wiqid","RBOO",225
14,"BAT","RC1",161.909090909091
14,"BiodiversityR","RC1",98
14,"biosampleR","RC1",138.260869565217
14,"iNEXT","RC1",170.035
14,"microbiome","RC1",161.909090909091
14,"pctax","RC1",161.9091
14,"rareNMtests","RC1",98
14,"SpadeR","RC1",98
14,"SSP","RC1",98
14,"vegan","RC1",161.909090909091
14,"wiqid","RC1",170.2
14,"BAT","RC1M",186.252773465601
14,"divent","RC1M",170.035159817352
14,"ecodive","RC1M",170.2
14,"entropart","RC1M",170.035159817352
14,"fossil","RC1M",170.2
14,"mobr","RC1M",170.035159817352
14,"OTUtable","RC1M",170.2
14,"tabula","RC1M",170.035159817352
14,"wiqid","RC1M",170.2
14,"BAT","RCA2",215.405313753812
14,"divDyn","RCA2",161.256957328386
14,"fossil","RCA2",170.2
14,"tabula","RCA2",98
14,"wiqid","RCA2",98
14,"benthos","RHUR_2",1.97408649676589
14,"benthos","RHUR_3",2.92342824374345
14,"divent","RHUR_2",38.5899188083689
14,"divent","RHUR_3",38.842693753702
14,"entropart","RHUR_2",1.97408649676589
14,"entropart","RHUR_3",2.92342824374344
14,"mobsim","RHUR_2",1.97408649676589
14,"mobsim","RHUR_3",2.92342824374345
14,"tabula","RHUR_2",1.97408649677021
14,"tabula","RHUR_3",2.92342824374817
14,"vegan","RHUR_2",1.97408649676589
14,"vegan","RHUR_3",2.92342824374345
14,"BAT","RICE",210.192537947439
14,"fossil","RICE",116.457142857143
14,"tabula","RICE",98
14,"wiqid","RICE",98
14,"BAT","RJA1",136
14,"BiodiversityR","RJA1",98
14,"divent","RJA1",238
14,"entropart","RJA1",238
14,"fossil","RJA1",135.913242009132
14,"SSP","RJA1",98
14,"tabula","RJA1",3.99945336856704
14,"wiqid","RJA1",136
14,"BAT","RJA2",164
14,"BiodiversityR","RJA2",98
14,"fossil","RJA2",163.547892960513
14,"SSP","RJA2",98
14,"wiqid","RJA2",164
14,"asbio","RLMD",185.07478751829
14,"sads","RLMD",0.960182215814892
14,"vegan","RLMD",117.517942270891
14,"wiqid","RMM",0
14,"divDyn","RSQ",139.434786306613
14,"ecodive","RSQ",139.434786306613
14,"tabula","RSQ",139.434786306613
15,"custom","RICH",93
15,"abdiv","D1SP",0.970905717658964
15,"ade4","D1SP",0.970905717658964
15,"adiv","D1SP",0.970905717658964
15,"agricolae","D1SP",0.970905717658964
15,"asbio","D1SP",0.970905717658964
15,"BiodiversityR","D1SP",0.97090572
15,"biosampleR","D1SP",0.954831620155216
15,"breakaway","D1SP",0.970905717658964
15,"catsim","D1SP",0.625896296296296
15,"concstats","D1SP",0.995665599474737
15,"CUB","D1SP",0.975240118184228
15,"DescTools","D1SP",0.970905717658964
15,"divent","D1SP",0.970905717658964
15,"diverse","D1SP",0.954831620155216
15,"ecodive","D1SP",0.970905717658964
15,"entropart","D1SP",0.970905717658964
15,"lawstat","D1SP",0.822414192949907
15,"MCPAN","D1SP",0.970905717658964
15,"microbiome","D1SP",0.970905717658964
15,"PCRA","D1SP",0.970905717658964
15,"RoughSets","D1SP",0.970905717658964
15,"simboot","D1SP",0.970905717658964
15,"sprex","D1SP",0.970905717658964
15,"untb","D1SP",0.973011803814407
15,"vegan","D1SP",0.970905717658964
15,"abdiv","DBRI",3.66677632034567
15,"ecodive","DBRI",3.66677632034567
15,"tabula","DBRI",3.66677632034567
15,"wiqid","DBRI",39.1255740260755
15,"BiodiversityR","DFIS",35.07925548
15,"ecodive","DFIS",35.079
15,"microbiome","DFIS",35.0792554803343
15,"preseqR","DFIS",12.0638896615416
15,"sads","DFIS",35.0792556039661
15,"vegan","DFIS",35.0792554803343
15,"custom","DGLE",15.1575285488674
15,"custom","DGOO_1_1",3.95663477069268
15,"custom","DGOO_1_2",0.315532254354679
15,"custom","DGOO_1_3",1
15,"custom","DGOO_2_1",0.0939054170348537
15,"custom","DGOO_2_2",1.11202230255622
15,"custom","DGOO_2_3",1
15,"custom","DGOO_3_1",0.00398943701934058
15,"custom","DGOO_3_2",0.0370611876781713
15,"custom","DGOO_3_3",1
15,"abdiv","DINVSP",34.3710144927536
15,"adiv","DINVSP",34.3710144927536
15,"asbio","DINVSP",34.3710144927536
15,"BiodiversityR","DINVSP",34.37101449
15,"breakaway","DINVSP",34.3710144927536
15,"chemodiv","DINVSP",34.3710144927536
15,"codyn","DINVSP",5.0259222333001
15,"divseg","DINVSP",1.02909428234104
15,"ecodive","DINVSP",34.3710144927537
15,"microbiome","DINVSP",34.3710144927536
15,"sprex","DINVSP",34.3710144927536
15,"vegan","DINVSP",34.3710144927536
15,"wiqid","DINVSP",34.3710144927536
15,"custom","DKO",0.146788990825688
15,"abdiv","DMC",0.869900995533896
15,"adiv","DMC",0.869900995533896
15,"agricolae","DMC",0.869900995533896
15,"ecodive","DMC",0.869900995533896
15,"forestHES","DMC",0.869900995533896
15,"tabula","DMC",0.869900995533896
15,"abdiv","DMG",14.9945443709226
15,"adiv","DMG",14.9945443709226
15,"agricolae","DMG",36.5084558596376
15,"ecodive","DMG",14.9945443709226
15,"tabula","DMG",14.9945443709226
15,"abdiv","DMN",4.32675157835289
15,"adiv","DMN",4.32675157835289
15,"ecodive","DMN",4.32675157835289
15,"tabula","DMN",4.32675157835289
15,"custom","DOD",201.298701298701
15,"abdiv","DQ",0
15,"ade4","DRAO",0.970905717658964
15,"BAT","DRAO",0.970905717659001
15,"SYNCSA","DRAO",0.970905717658964
15,"abdiv","DSHA",3.95663477069268
15,"adiv","DSHA",3.95663477069268
15,"aqp","DSHA",5.70821736228717
15,"asbio","DSHA",3.95663477069268
15,"benthos","DSHA",0
15,"BiodiversityR","DSHA",3.95663477
15,"biosampleR","DSHA",3.75541299694752
15,"chemodiv","DSHA",3.95663477069268
15,"codyn","DSHA",3.95663477069268
15,"DescTools","DSHA",5.70821736228717
15,"divDyn","DSHA",3.95663477069268
15,"divent","DSHA",3.95663477069268
15,"diverse","DSHA",3.75541299694752
15,"ecodive","DSHA",3.95663477069268
15,"EconGeo","DSHA",5.708
15,"entropart","DSHA",3.95663477069268
15,"forestmangr","DSHA",3.56
15,"HardyWeinberg","DSHA",3.95663477069268
15,"iNEXT","DSHA",3.957
15,"MCPAN","DSHA",3.95663477069268
15,"microbiome","DSHA",3.95663477069268
15,"OTUtable","DSHA",3.95663477069268
15,"pgirmess","DSHA",5.70821736228717
15,"SpiecEasi","DSHA",3.95663477069268
15,"sprex","DSHA",3.95663477069268
15,"tabula","DSHA",3.95663477069268
15,"triversity","DSHA",5.70821736228717
15,"vegan","DSHA",3.95663477069268
15,"wavethresh","DSHA",-36116.6202800606
15,"wiqid","DSHA",52.281091719047
15,"abdiv","DSP",0.0290942823410356
15,"agricolae","DSP",0.0290942823410356
15,"antitrust","DSP",290.942823410356
15,"benthos","DSP",0.0269881961855931
15,"breakaway","DSP",0.0290942823410356
15,"concstats","DSP",0.0290942823410356
15,"DescTools","DSP",0.0290942823410356
15,"diverse","DSP",0.0428786157676729
15,"divseg","DSP",1.02909428234104
15,"EconGeo","DSP",0.0290942823410356
15,"hhi","DSP",0.198968458639159
15,"ineq","DSP",0.0290942823410356
15,"microbiome","DSP",0.0290942823410356
15,"PDtoolkit","DSP",0.0290942823410356
15,"politics","DSP",0.0290942823410356
15,"REAT","DSP",0.0290942823410356
15,"sprex","DSP",0.0290942823410356
15,"tabula","DSP",0.0290942823410356
15,"triversity","DSP",0.0290942823410356
15,"abdiv","EBP",0.0714285714285714
15,"agricolae","EBP",0.0714285714285714
15,"BiodiversityR","EBP",0.07142857
15,"diverse","EBP",0.138755980861244
15,"dyvDyn","EBP",0.0714285714285714
15,"ecodive","EBP",0.0714285714285714
15,"microbiome","EBP",0.0714285714285714
15,"tabula","EBP",0.0714285714285714
15,"triversity","EBP",0.0714285714285714
15,"wiqid","EBP",1
15,"tabula","EBRI",0.874931505418934
15,"BAT","EBU",0.562676453980802
15,"microbiome","EBU",0.562676453980802
15,"BAT","ECAM",0.98779317923778
15,"microbiome","ECAM",0.625983335660755
15,"codyn","EEQ",0.218099677675826
15,"custom","EEQ",0.00075355285134546
15,"adiv","EEVAR",0.508733992356231
15,"codyn","EEVAR",0.551494063327683
15,"custom","EEVAR",0.508733992356231
15,"microbiome","EEVAR",0.508733992356231
15,"acid","EGIN",0.818759018759019
15,"DescTools","EGIN",0.818759018759019
15,"dplR","EGIN",0.818759018759019
15,"EconGeo","EGIN",0.819
15,"giniVarCI","EGIN",0.818759018759019
15,"ineq","EGIN",0.818759018759019
15,"microbiome","EGIN",0.818759018759021
15,"REAT","EGIN",0.818759018759019
15,"shipunov","EGIN",0.818759018759021
15,"wINEQ","EGIN",0.818759018759019
15,"abdiv","EHEI",0.557403170859206
15,"adiv","EHEI",0.557403170859206
15,"custom","EHUL",0.138528138528139
15,"benthos","EHURE",0.973011803814407
15,"BiodiversityR","EHURE",0.9730118
15,"mobr","EHURE",0.973011803814407
15,"vegan","EHURE",0.97301180381439
15,"custom","ELR",0.209055856580825
15,"abdiv","EMC",0.212911047683412
15,"tabula","EMC",0.925387781295952
15,"microbiome","EMN",0.138528138528139
15,"custom","ENHC",-0.0350545556118653
15,"custom","EPAT",0.0840784900536689
15,"abdiv","EPIE",0.872928388371705
15,"adiv","EPIE",0.872928388371705
15,"BiodiversityR","EPIE",0.87292839
15,"breakaway","EPIE",0.872928388371705
15,"chemodiv","EPIE",0.872928388371705
15,"diverse","EPIE",0.832527147325707
15,"forestmangr","EPIE",1
15,"microbiome","EPIE",0.872928388371705
15,"OTUtable","EPIE",0.872928388371705
15,"pctax","EPIE",0.8729
15,"sprex","EPIE",0.872928388371705
15,"tabula","EPIE",0.872928388371705
15,"custom","ESHE",0.562162276548892
15,"adiv","ESP",0.369580800997351
15,"codyn","ESP",0.558435803700011
15,"sprex","ESP",0.0425444598999213
15,"tabula","ESP",0.369580800997351
15,"abdiv","EST",0.432621142298562
15,"adiv","QHIL_0",93
15,"adiv","QHIL_1",52.281091719047
15,"adiv","QHIL_2",34.3710144927536
15,"adiv","QHIL_3",27.2389692616264
15,"BAT","QHIL_0",93
15,"BAT","QHIL_1",52.281091719047
15,"BAT","QHIL_2",34.3710144927536
15,"BAT","QHIL_3",27.2389692616264
15,"benthos","QHIL_0",225
15,"benthos","QHIL_1",52.281091719047
15,"benthos","QHIL_2",34.3710144927536
15,"benthos","QHIL_3",27.2389692616264
15,"breakaway","QHIL_0",93
15,"breakaway","QHIL_1",52.281091719047
15,"breakaway","QHIL_2",34.3710144927536
15,"breakaway","QHIL_3",27.2389692616264
15,"chemodiv","QHIL_0",93
15,"chemodiv","QHIL_1",52.281091719047
15,"chemodiv","QHIL_2",34.3710144927536
15,"chemodiv","QHIL_3",27.2389692616264
15,"divDyn","QHIL_2",34.3710144927536
15,"divent","QHIL_0",93
15,"divent","QHIL_1",52.281091719047
15,"divent","QHIL_2",34.3710144927536
15,"divent","QHIL_3",27.2389692616247
15,"entropart","QHIL_0",93
15,"entropart","QHIL_1",52.281091719047
15,"entropart","QHIL_2",34.3710144927536
15,"entropart","QHIL_3",27.2389692616258
15,"EntropyEstimation","QHIL_1",58.2265734128498
15,"EntropyEstimation","QHIL_2",37.0532359081411
15,"EntropyEstimation","QHIL_3",29.1624580296823
15,"hilldiv","QHIL_0",93
15,"hilldiv","QHIL_1",52.2813699012802
15,"hilldiv","QHIL_2",34.3710144927536
15,"hilldiv","QHIL_3",27.2389692616264
15,"hillR","QHIL_0",93
15,"hillR","QHIL_1",52.281091719047
15,"hillR","QHIL_2",34.3710144927536
15,"hillR","QHIL_3",27.2389692616264
15,"sprex","QHIL_0",93
15,"sprex","QHIL_1",52.281091719047
15,"sprex","QHIL_2",34.3710144927536
15,"sprex","QHIL_3",27.2389692616264
15,"vegan","QHIL_0",93
15,"vegan","QHIL_1",52.281091719047
15,"vegan","QHIL_2",34.3710144927536
15,"vegan","QHIL_3",27.2389692616264
15,"adiv","QREN_0",4.53259949315326
15,"adiv","QREN_1",3.95663477069268
15,"adiv","QREN_2",3.53721360723595
15,"adiv","QREN_3",3.30464864141805
15,"BiodiversityR","QREN_0",4.53259949315326
15,"BiodiversityR","QREN_1",3.95663477069268
15,"BiodiversityR","QREN_2",3.53721360723595
15,"BiodiversityR","QREN_3",3.30464864141805
15,"diverse","QREN_0",4.51085950651685
15,"diverse","QREN_1",3.75541299694752
15,"diverse","QREN_2",3.09735799790701
15,"diverse","QREN_3",2.7319300877653
15,"EntropyEstimation","QREN_1",4.06434183838253
15,"EntropyEstimation","QREN_2",3.61235568687945
15,"EntropyEstimation","QREN_3",3.37288219815859
15,"seewave","QREN_2",0.653092336127875
15,"seewave","QREN_3",0.610152773927559
15,"sprex","QREN_0",4.53259949315326
15,"sprex","QREN_1",3.95663477069268
15,"sprex","QREN_2",3.53721360723595
15,"sprex","QREN_3",3.30464864141805
15,"statcomp","QREN_1",0.730532020618059
15,"statcomp","QREN_2",0.653092325577322
15,"statcomp","QREN_3",0.610152766014644
15,"vegan","QREN_0",4.53259949315326
15,"vegan","QREN_1",3.95663477069268
15,"vegan","QREN_2",3.53721360723595
15,"vegan","QREN_3",3.30464864141805
15,"adiv","QTSA_0",92
15,"adiv","QTSA_1",3.95663477069268
15,"adiv","QTSA_2",0.970905717658964
15,"adiv","QTSA_3",0.499326110537951
15,"divent","QTSA_0",92
15,"divent","QTSA_1",3.95663477069268
15,"divent","QTSA_2",0.970905717658964
15,"divent","QTSA_3",0.499326110537951
15,"entropart","QTSA_0",92
15,"entropart","QTSA_1",3.95663477069268
15,"entropart","QTSA_2",0.970905717658964
15,"entropart","QTSA_3",0.499326110537951
15,"EntropyEstimation","QTSA_1",4.06434183838253
15,"EntropyEstimation","QTSA_2",0.973011803814406
15,"EntropyEstimation","QTSA_3",0.499412075239671
15,"vegan","QTSA_0",92
15,"vegan","QTSA_1",3.95663477069268
15,"vegan","QTSA_2",0.970905717658964
15,"vegan","QTSA_3",0.499326110537951
15,"BAT","RACE",119.245879120879
15,"ecodive","RACE",119.245879120879
15,"fossil","RACE",105.461538461538
15,"pctax","RACE",119.2459
15,"sprex","RACE",462
15,"tabula","RACE",119.245879120879
15,"vegan","RACE",119.245879120879
15,"wiqid","RACE",119.245879120879
15,"BiodiversityR","RBOO",93
15,"wiqid","RBOO",225
15,"BAT","RC1",113.714285714286
15,"BiodiversityR","RC1",93
15,"biosampleR","RC1",130
15,"iNEXT","RC1",115.451
15,"microbiome","RC1",113.714285714286
15,"pctax","RC1",113.7143
15,"rareNMtests","RC1",93
15,"SpadeR","RC1",93
15,"SSP","RC1",93
15,"vegan","RC1",113.714285714286
15,"wiqid","RC1",115.5
15,"BAT","RC1M",125.547197859373
15,"divent","RC1M",115.451298701299
15,"ecodive","RC1M",115.5
15,"entropart","RC1M",115.451298701299
15,"fossil","RC1M",115.5
15,"mobr","RC1M",115.451298701299
15,"OTUtable","RC1M",115.5
15,"tabula","RC1M",115.451298701299
15,"wiqid","RC1M",115.5
15,"BAT","RCA2",217.302548860372
15,"divDyn","RCA2",113.491551459293
15,"fossil","RCA2",115.5
15,"tabula","RCA2",93
15,"wiqid","RCA2",93
15,"benthos","RHUR_2",1.97301180381439
15,"benthos","RHUR_3",2.92021126096394
15,"divent","RHUR_2",37.0532105603782
15,"divent","RHUR_3",37.2629786800861
15,"entropart","RHUR_2",1.97301180381439
15,"entropart","RHUR_3",2.92021126096392
15,"mobsim","RHUR_2",1.97301180381439
15,"mobsim","RHUR_3",2.92021126096394
15,"tabula","RHUR_2",1.97301180376886
15,"tabula","RHUR_3",2.9202112609776
15,"vegan","RHUR_2",1.97301180381439
15,"vegan","RHUR_3",2.92021126096394
15,"BAT","RICE",212.059210742096
15,"fossil","RICE",105.461538461538
15,"tabula","RICE",93
15,"wiqid","RICE",93
15,"BAT","RJA1",123
15,"BiodiversityR","RJA1",93
15,"divent","RJA1",123
15,"entropart","RJA1",123
15,"fossil","RJA1",122.935064935065
15,"SSP","RJA1",93
15,"tabula","RJA1",3.93732547112604
15,"wiqid","RJA1",123
15,"BAT","RJA2",133
15,"BiodiversityR","RJA2",93
15,"fossil","RJA2",132.740165835611
15,"SSP","RJA2",93
15,"wiqid","RJA2",133
15,"asbio","RLMD",166.475185091109
15,"sads","RLMD",1.04407090026697
15,"vegan","RLMD",108.781621011575
15,"wiqid","RMM",0
15,"divDyn","RSQ",119.53165854909
15,"ecodive","RSQ",119.53165854909
15,"tabula","RSQ",119.53165854909
16,"custom","RICH",93
16,"abdiv","D1SP",0.968659834842304
16,"ade4","D1SP",0.968659834842304
16,"adiv","D1SP",0.968659834842304
16,"agricolae","D1SP",0.968659834842304
16,"asbio","D1SP",0.968659834842304
16,"BiodiversityR","D1SP",0.96865983
16,"biosampleR","D1SP",0.972352941176471
16,"breakaway","D1SP",0.968659834842304
16,"catsim","D1SP",0.622617283950617
16,"concstats","D1SP",0.995675625737311
16,"CUB","D1SP",0.972984209104993
16,"DescTools","D1SP",0.968659834842304
16,"divent","D1SP",0.968659834842304
16,"diverse","D1SP",0.972352941176471
16,"ecodive","D1SP",0.968659834842304
16,"entropart","D1SP",0.968659834842304
16,"lawstat","D1SP",0.826393429225237
16,"MCPAN","D1SP",0.968659834842304
16,"microbiome","D1SP",0.968659834842304
16,"PCRA","D1SP",0.968659834842304
16,"RoughSets","D1SP",0.968659834842304
16,"simboot","D1SP",0.968659834842304
16,"sprex","D1SP",0.968659834842304
16,"untb","D1SP",0.970881531711209
16,"vegan","D1SP",0.968659834842304
16,"abdiv","DBRI",3.61745804618778
16,"ecodive","DBRI",3.61745804618778
16,"tabula","DBRI",3.61745804618778
16,"wiqid","DBRI",37.2427779759352
16,"BiodiversityR","DFIS",36.16927423
16,"ecodive","DFIS",36.169
16,"microbiome","DFIS",36.1692742334603
16,"preseqR","DFIS",10.5854475467365
16,"sads","DFIS",36.1692745156082
16,"vegan","DFIS",36.1692742334603
16,"custom","DGLE",15.2962207010792
16,"custom","DGOO_1_1",3.91682141476042
16,"custom","DGOO_1_2",0.321932724282168
16,"custom","DGOO_1_3",1
16,"custom","DGOO_2_1",0.0983607915030466
16,"custom","DGOO_2_2",1.11009591472422
16,"custom","DGOO_2_3",1
16,"custom","DGOO_3_1",0.00454863430722877
16,"custom","DGOO_3_2",0.0401108873688013
16,"custom","DGOO_3_3",1
16,"abdiv","DINVSP",31.9079365079365
16,"adiv","DINVSP",31.9079365079365
16,"asbio","DINVSP",31.9079365079365
16,"BiodiversityR","DINVSP",31.90793651
16,"breakaway","DINVSP",31.9079365079365
16,"chemodiv","DINVSP",31.9079365079365
16,"codyn","DINVSP",4.57065217391304
16,"divseg","DINVSP",1.0313401651577
16,"ecodive","DINVSP",31.9079365079365
16,"microbiome","DINVSP",31.9079365079365
16,"sprex","DINVSP",31.9079365079365
16,"vegan","DINVSP",31.9079365079365
16,"wiqid","DINVSP",31.9079365079365
16,"custom","DKO",0.146788990825688
16,"abdiv","DMC",0.864314218996645
16,"adiv","DMC",0.864314218996645
16,"agricolae","DMC",0.864314218996645
16,"ecodive","DMC",0.864314218996645
16,"forestHES","DMC",0.864314218996645
16,"tabula","DMC",0.864314218996645
16,"abdiv","DMG",15.1317452096698
16,"adiv","DMG",15.1317452096698
16,"agricolae","DMG",36.8425100757177
16,"ecodive","DMG",15.1317452096698
16,"tabula","DMG",15.1317452096698
16,"abdiv","DMN",4.44879332108494
16,"adiv","DMN",4.44879332108494
16,"ecodive","DMN",4.44879332108494
16,"tabula","DMN",4.44879332108494
16,"custom","DOD",212.814645308924
16,"abdiv","DQ",0
16,"ade4","DRAO",0.968659834842305
16,"BAT","DRAO",0.968659834842251
16,"SYNCSA","DRAO",0.968659834842304
16,"abdiv","DSHA",3.91682141476042
16,"adiv","DSHA",3.91682141476042
16,"aqp","DSHA",5.65077883112255
16,"asbio","DSHA",3.91682141476042
16,"benthos","DSHA",0
16,"BiodiversityR","DSHA",3.91682141
16,"biosampleR","DSHA",4.06257504046825
16,"chemodiv","DSHA",3.91682141476042
16,"codyn","DSHA",3.91682141476042
16,"DescTools","DSHA",5.65077883112255
16,"divDyn","DSHA",3.91682141476042
16,"divent","DSHA",3.91682141476042
16,"diverse","DSHA",4.06257504046825
16,"ecodive","DSHA",3.91682141476042
16,"EconGeo","DSHA",5.651
16,"entropart","DSHA",3.91682141476042
16,"forestmangr","DSHA",3.56
16,"HardyWeinberg","DSHA",3.91682141476042
16,"iNEXT","DSHA",3.917
16,"MCPAN","DSHA",3.91682141476042
16,"microbiome","DSHA",3.91682141476042
16,"OTUtable","DSHA",3.91682141476042
16,"pgirmess","DSHA",5.65077883112255
16,"SpiecEasi","DSHA",3.91682141476042
16,"sprex","DSHA",3.91682141476042
16,"tabula","DSHA",3.91682141476042
16,"triversity","DSHA",5.65077883112255
16,"vegan","DSHA",3.91682141476042
16,"wavethresh","DSHA",-35209.0763602036
16,"wiqid","DSHA",50.2404970067064
16,"abdiv","DSP",0.0313401651576958
16,"agricolae","DSP",0.0313401651576958
16,"antitrust","DSP",313.401651576957
16,"benthos","DSP",0.0291184682887914
16,"breakaway","DSP",0.0313401651576958
16,"concstats","DSP",0.0313401651576958
16,"DescTools","DSP",0.0313401651576958
16,"diverse","DSP",0.0247787610619469
16,"divseg","DSP",1.0313401651577
16,"EconGeo","DSP",0.0313401651576957
16,"hhi","DSP",0.218787158145065
16,"ineq","DSP",0.0313401651576958
16,"microbiome","DSP",0.0313401651576958
16,"PDtoolkit","DSP",0.0313401651576958
16,"politics","DSP",0.0313401651576958
16,"REAT","DSP",0.0313401651576958
16,"sprex","DSP",0.0313401651576958
16,"tabula","DSP",0.0313401651576958
16,"triversity","DSP",0.0313401651576958
16,"abdiv","EBP",0.0732265446224256
16,"agricolae","EBP",0.0732265446224256
16,"BiodiversityR","EBP",0.07322654
16,"diverse","EBP",0.0764705882352941
16,"dyvDyn","EBP",0.0732265446224256
16,"ecodive","EBP",0.0732265446224256
16,"microbiome","EBP",0.0732265446224256
16,"tabula","EBP",0.0732265446224256
16,"triversity","EBP",0.0732265446224256
16,"wiqid","EBP",1
16,"tabula","EBRI",0.8668169415037
16,"BAT","EBU",0.549323450402945
16,"microbiome","EBU",0.549323450402945
16,"BAT","ECAM",0.987584822780165
16,"microbiome","ECAM",0.685785290716272
16,"codyn","EEQ",0.210746588351317
16,"custom","EEQ",0.000732461731732752
16,"adiv","EEVAR",0.516367343219996
16,"codyn","EEVAR",0.582670665106223
16,"custom","EEVAR",0.516367343219996
16,"microbiome","EEVAR",0.516367343219996
16,"acid","EGIN",0.822720569539791
16,"DescTools","EGIN",0.822720569539791
16,"dplR","EGIN",0.822720569539792
16,"EconGeo","EGIN",0.823
16,"giniVarCI","EGIN",0.822720569539791
16,"ineq","EGIN",0.822720569539791
16,"microbiome","EGIN",0.82272056953979
16,"REAT","EGIN",0.822720569539791
16,"shipunov","EGIN",0.82272056953979
16,"wINEQ","EGIN",0.822720569539792
16,"abdiv","EHEI",0.535222793551156
16,"adiv","EHEI",0.535222793551156
16,"custom","EHUL",0.135011441647597
16,"benthos","EHURE",0.970881531711209
16,"BiodiversityR","EHURE",0.97088153
16,"mobr","EHURE",0.970881531711209
16,"vegan","EHURE",0.9708815317111
16,"custom","ELR",0.200896151771768
16,"abdiv","EMC",0.224153334525078
16,"tabula","EMC",0.918179211789203
16,"microbiome","EMN",0.135011441647597
16,"custom","ENHC",-0.034072646841248
16,"custom","EPAT",0.111813957688794
16,"abdiv","EPIE",0.864144608557848
16,"adiv","EPIE",0.864144608557848
16,"BiodiversityR","EPIE",0.86414461
16,"breakaway","EPIE",0.864144608557848
16,"chemodiv","EPIE",0.864144608557848
16,"diverse","EPIE",0.884106437473934
16,"forestmangr","EPIE",1
16,"microbiome","EPIE",0.864144608557848
16,"OTUtable","EPIE",0.864144608557848
16,"pctax","EPIE",0.8641
16,"sprex","EPIE",0.864144608557848
16,"tabula","EPIE",0.864144608557848
16,"custom","ESHE",0.540220397921574
16,"adiv","ESP",0.343096091483188
16,"codyn","ESP",0.326475155279503
16,"sprex","ESP",0.0421163592984992
16,"tabula","ESP",0.343096091483188
16,"abdiv","EST",0.445830565192786
16,"adiv","QHIL_0",93
16,"adiv","QHIL_1",50.2404970067064
16,"adiv","QHIL_2",31.9079365079365
16,"adiv","QHIL_3",25.2355008068583
16,"BAT","QHIL_0",93
16,"BAT","QHIL_1",50.2404970067064
16,"BAT","QHIL_2",31.9079365079365
16,"BAT","QHIL_3",25.2355008068583
16,"benthos","QHIL_0",225
16,"benthos","QHIL_1",50.2404970067064
16,"benthos","QHIL_2",31.9079365079365
16,"benthos","QHIL_3",25.2355008068583
16,"breakaway","QHIL_0",93
16,"breakaway","QHIL_1",50.2404970067064
16,"breakaway","QHIL_2",31.9079365079365
16,"breakaway","QHIL_3",25.2355008068583
16,"chemodiv","QHIL_0",93
16,"chemodiv","QHIL_1",50.2404970067064
16,"chemodiv","QHIL_2",31.9079365079365
16,"chemodiv","QHIL_3",25.2355008068583
16,"divDyn","QHIL_2",31.9079365079365
16,"divent","QHIL_0",93
16,"divent","QHIL_1",50.2404970067064
16,"divent","QHIL_2",31.9079365079365
16,"divent","QHIL_3",25.2355008068581
16,"entropart","QHIL_0",93
16,"entropart","QHIL_1",50.2404970067064
16,"entropart","QHIL_2",31.9079365079365
16,"entropart","QHIL_3",25.2355008068586
16,"EntropyEstimation","QHIL_1",56.3241923326264
16,"EntropyEstimation","QHIL_2",34.3424657534243
16,"EntropyEstimation","QHIL_3",26.9677522412497
16,"hilldiv","QHIL_0",93
16,"hilldiv","QHIL_1",50.2407901519578
16,"hilldiv","QHIL_2",31.9079365079365
16,"hilldiv","QHIL_3",25.2355008068583
16,"hillR","QHIL_0",93
16,"hillR","QHIL_1",50.2404970067064
16,"hillR","QHIL_2",31.9079365079365
16,"hillR","QHIL_3",25.2355008068583
16,"sprex","QHIL_0",93
16,"sprex","QHIL_1",50.2404970067064
16,"sprex","QHIL_2",31.9079365079365
16,"sprex","QHIL_3",25.2355008068583
16,"vegan","QHIL_0",93
16,"vegan","QHIL_1",50.2404970067064
16,"vegan","QHIL_2",31.9079365079365
16,"vegan","QHIL_3",25.2355008068583
16,"adiv","QREN_0",4.53259949315326
16,"adiv","QREN_1",3.91682141476042
16,"adiv","QREN_2",3.46285477219911
16,"adiv","QREN_3",3.22825176531983
16,"BiodiversityR","QREN_0",4.53259949315326
16,"BiodiversityR","QREN_1",3.91682141476042
16,"BiodiversityR","QREN_2",3.46285477219911
16,"BiodiversityR","QREN_3",3.22825176531983
16,"diverse","QREN_0",4.59511985013459
16,"diverse","QREN_1",4.06257504046825
16,"diverse","QREN_2",3.58823592833425
16,"diverse","QREN_3",3.29645815557004
16,"EntropyEstimation","QREN_1",4.03112414680363
16,"EntropyEstimation","QREN_2",3.53638265700989
16,"EntropyEstimation","QREN_3",3.29464179075109
16,"seewave","QREN_2",0.63936311653336
16,"seewave","QREN_3",0.596047261109637
16,"sprex","QREN_0",4.53259949315326
16,"sprex","QREN_1",3.91682141476042
16,"sprex","QREN_2",3.46285477219911
16,"sprex","QREN_3",3.22825176531983
16,"statcomp","QREN_1",0.723181094125623
16,"statcomp","QREN_2",0.639363105379228
16,"statcomp","QREN_3",0.596047252744038
16,"vegan","QREN_0",4.53259949315326
16,"vegan","QREN_1",3.91682141476042
16,"vegan","QREN_2",3.46285477219911
16,"vegan","QREN_3",3.22825176531983
16,"adiv","QTSA_0",92
16,"adiv","QTSA_1",3.91682141476042
16,"adiv","QTSA_2",0.968659834842304
16,"adiv","QTSA_3",0.499214861726572
16,"divent","QTSA_0",92
16,"divent","QTSA_1",3.91682141476042
16,"divent","QTSA_2",0.968659834842304
16,"divent","QTSA_3",0.499214861726572
16,"entropart","QTSA_0",92
16,"entropart","QTSA_1",3.91682141476042
16,"entropart","QTSA_2",0.968659834842304
16,"entropart","QTSA_3",0.499214861726572
16,"EntropyEstimation","QTSA_1",4.03112414680363
16,"EntropyEstimation","QTSA_2",0.970881531711208
16,"EntropyEstimation","QTSA_3",0.499312487648016
16,"vegan","QTSA_0",92
16,"vegan","QTSA_1",3.91682141476042
16,"vegan","QTSA_2",0.968659834842304
16,"vegan","QTSA_3",0.499214861726572
16,"BAT","RACE",124.936721474838
16,"ecodive","RACE",124.936721474838
16,"fossil","RACE",106.833333333333
16,"pctax","RACE",124.9367
16,"sprex","RACE",437
16,"tabula","RACE",124.936721474838
16,"vegan","RACE",124.936721474838
16,"wiqid","RACE",124.936721474838
16,"BiodiversityR","RBOO",93
16,"wiqid","RBOO",225
16,"BAT","RC1",114.565217391304
16,"BiodiversityR","RC1",93
16,"biosampleR","RC1",140.130434782609
16,"iNEXT","RC1",116.219
16,"microbiome","RC1",114.565217391304
16,"pctax","RC1",114.5652
16,"rareNMtests","RC1",93
16,"SpadeR","RC1",93
16,"SSP","RC1",93
16,"vegan","RC1",114.565217391304
16,"wiqid","RC1",116.272727272727
16,"BAT","RC1M",128.129188094125
16,"divent","RC1M",116.219471603911
16,"ecodive","RC1M",116.272727272727
16,"entropart","RC1M",116.219471603911
16,"fossil","RC1M",116.272727272727
16,"mobr","RC1M",116.219471603911
16,"OTUtable","RC1M",116.272727272727
16,"tabula","RC1M",116.219471603911
16,"wiqid","RC1M",116.272727272727
16,"BAT","RCA2",219.943483818907
16,"divDyn","RCA2",114.333333333333
16,"fossil","RCA2",116.272727272727
16,"tabula","RCA2",93
16,"wiqid","RCA2",93
16,"benthos","RHUR_2",1.9708815317111
16,"benthos","RHUR_3",2.91401961983765
16,"divent","RHUR_2",34.3424657676974
16,"divent","RHUR_3",34.5551171059953
16,"entropart","RHUR_2",1.97088153171109
16,"entropart","RHUR_3",2.91401961983766
16,"mobsim","RHUR_2",1.9708815317111
16,"mobsim","RHUR_3",2.91401961983765
16,"tabula","RHUR_2",1.97088153165849
16,"tabula","RHUR_3",2.91401961979178
16,"vegan","RHUR_2",1.9708815317111
16,"vegan","RHUR_3",2.91401961983765
16,"BAT","RICE",213.436933703059
16,"fossil","RICE",106.833333333333
16,"tabula","RICE",93
16,"wiqid","RICE",93
16,"BAT","RJA1",125
16,"BiodiversityR","RJA1",93
16,"divent","RJA1",125
16,"entropart","RJA1",125
16,"fossil","RJA1",124.926773455378
16,"SSP","RJA1",93
16,"tabula","RJA1",3.89678485442212
16,"wiqid","RJA1",125
16,"BAT","RJA2",135
16,"BiodiversityR","RJA2",93
16,"fossil","RJA2",134.711555014381
16,"SSP","RJA2",93
16,"wiqid","RJA2",135
16,"asbio","RLMD",161.159563121157
16,"sads","RLMD",0.972690675166535
16,"vegan","RLMD",110.272553924538
16,"wiqid","RMM",0
16,"divDyn","RSQ",125.600362779465
16,"ecodive","RSQ",125.600362779465
16,"tabula","RSQ",125.600362779465
17,"custom","RICH",93
17,"abdiv","D1SP",0.954512575691818
17,"ade4","D1SP",0.954512575691818
17,"adiv","D1SP",0.954512575691818
17,"agricolae","D1SP",0.954512575691818
17,"asbio","D1SP",0.954512575691818
17,"BiodiversityR","D1SP",0.95451258
17,"biosampleR","D1SP",0.969426801332778
17,"breakaway","D1SP",0.954512575691818
17,"catsim","D1SP",0.611476543209877
17,"concstats","D1SP",0.995738783144233
17,"CUB","D1SP",0.958773792547585
17,"DescTools","D1SP",0.954512575691818
17,"divent","D1SP",0.954512575691818
17,"diverse","D1SP",0.969426801332778
17,"ecodive","D1SP",0.954512575691818
17,"entropart","D1SP",0.954512575691818
17,"lawstat","D1SP",0.838793588301462
17,"MCPAN","D1SP",0.954512575691818
17,"microbiome","D1SP",0.954512575691818
17,"PCRA","D1SP",0.954512575691818
17,"RoughSets","D1SP",0.954512575691818
17,"simboot","D1SP",0.954512575691818
17,"sprex","D1SP",0.954512575691818
17,"untb","D1SP",0.957024450891007
17,"vegan","D1SP",0.954512575691818
17,"abdiv","DBRI",3.41597376263194
17,"ecodive","DBRI",3.41597376263194
17,"tabula","DBRI",3.41597376263194
17,"wiqid","DBRI",30.446582741861
17,"BiodiversityR","DFIS",39.21056921
17,"ecodive","DFIS",39.211
17,"microbiome","DFIS",39.2105692130468
17,"preseqR","DFIS",13.2478229053954
17,"sads","DFIS",39.2105647580999
17,"vegan","DFIS",39.2105692130468
17,"custom","DGLE",15.6491905799895
17,"custom","DGOO_1_1",3.73689656553853
17,"custom","DGOO_1_2",0.344107799473412
17,"custom","DGOO_1_3",1
17,"custom","DGOO_2_1",0.121082695348573
17,"custom","DGOO_2_2",1.06908621591421
17,"custom","DGOO_2_3",1
17,"custom","DGOO_3_1",0.0089310175740657
17,"custom","DGOO_3_2",0.0557936606593095
17,"custom","DGOO_3_3",1
17,"abdiv","DINVSP",21.9840981372104
17,"adiv","DINVSP",21.9840981372104
17,"asbio","DINVSP",21.9840981372104
17,"BiodiversityR","DINVSP",21.98409814
17,"breakaway","DINVSP",21.9840981372104
17,"chemodiv","DINVSP",21.9840981372104
17,"codyn","DINVSP",2.86444007858546
17,"divseg","DINVSP",1.04548742430818
17,"ecodive","DINVSP",21.9840981372104
17,"microbiome","DINVSP",21.9840981372104
17,"sprex","DINVSP",21.9840981372104
17,"vegan","DINVSP",21.9840981372104
17,"wiqid","DINVSP",21.9840981372104
17,"custom","DKO",0.146788990825688
17,"abdiv","DMC",0.82920357591977
17,"adiv","DMC",0.82920357591977
17,"agricolae","DMC",0.82920357591977
17,"ecodive","DMC",0.82920357591977
17,"forestHES","DMC",0.82920357591977
17,"tabula","DMC",0.82920357591977
17,"abdiv","DMG",15.480919713538
17,"adiv","DMG",15.480919713538
17,"agricolae","DMG",37.6926740851359
17,"ecodive","DMG",15.480919713538
17,"tabula","DMG",15.480919713538
17,"abdiv","DMN",4.76453433208061
17,"adiv","DMN",4.76453433208061
17,"ecodive","DMN",4.76453433208061
17,"tabula","DMN",4.76453433208061
17,"custom","DOD",244.094488188976
17,"abdiv","DQ",0
17,"ade4","DRAO",0.954512575691818
17,"BAT","DRAO",0.954512575691801
17,"SYNCSA","DRAO",0.954512575691818
17,"abdiv","DSHA",3.73689656553853
17,"adiv","DSHA",3.73689656553853
17,"aqp","DSHA",5.39120214341743
17,"asbio","DSHA",3.73689656553853
17,"benthos","DSHA",0
17,"BiodiversityR","DSHA",3.73689657
17,"biosampleR","DSHA",3.9794271267543
17,"chemodiv","DSHA",3.73689656553853
17,"codyn","DSHA",3.73689656553853
17,"DescTools","DSHA",5.39120214341743
17,"divDyn","DSHA",3.73689656553853
17,"divent","DSHA",3.73689656553853
17,"diverse","DSHA",3.9794271267543
17,"ecodive","DSHA",3.73689656553852
17,"EconGeo","DSHA",5.391
17,"entropart","DSHA",3.73689656553853
17,"forestmangr","DSHA",3.56
17,"HardyWeinberg","DSHA",3.73689656553853
17,"iNEXT","DSHA",3.737
17,"MCPAN","DSHA",3.73689656553853
17,"microbiome","DSHA",3.73689656553853
17,"OTUtable","DSHA",3.73689656553853
17,"pgirmess","DSHA",5.39120214341743
17,"SpiecEasi","DSHA",3.73689656553853
17,"sprex","DSHA",3.73689656553853
17,"tabula","DSHA",3.73689656553853
17,"triversity","DSHA",5.39120214341743
17,"vegan","DSHA",3.73689656553853
17,"wavethresh","DSHA",-43327.6382689349
17,"wiqid","DSHA",41.9675443313049
17,"abdiv","DSP",0.0454874243081819
17,"agricolae","DSP",0.0454874243081819
17,"antitrust","DSP",454.87424308182
17,"benthos","DSP",0.042975549108993
17,"breakaway","DSP",0.0454874243081819
17,"concstats","DSP",0.0454874243081819
17,"DescTools","DSP",0.0454874243081819
17,"diverse","DSP",0.0280938462341458
17,"divseg","DSP",1.04548742430818
17,"EconGeo","DSP",0.045487424308182
17,"hhi","DSP",0.349108367626886
17,"ineq","DSP",0.0454874243081819
17,"microbiome","DSP",0.0454874243081819
17,"PDtoolkit","DSP",0.0454874243081819
17,"politics","DSP",0.0454874243081819
17,"REAT","DSP",0.0454874243081819
17,"sprex","DSP",0.0454874243081819
17,"tabula","DSP",0.0454874243081819
17,"triversity","DSP",0.0454874243081819
17,"abdiv","EBP",0.110236220472441
17,"agricolae","EBP",0.110236220472441
17,"BiodiversityR","EBP",0.11023622
17,"diverse","EBP",0.0969387755102041
17,"dyvDyn","EBP",0.110236220472441
17,"ecodive","EBP",0.110236220472441
17,"microbiome","EBP",0.110236220472441
17,"tabula","EBP",0.110236220472441
17,"triversity","EBP",0.110236220472441
17,"wiqid","EBP",1
17,"tabula","EBRI",0.825264504164228
17,"BAT","EBU",0.518829168093119
17,"microbiome","EBU",0.518829168093119
17,"BAT","ECAM",0.98693553908847
17,"microbiome","ECAM",0.671492676318686
17,"codyn","EEQ",0.197176691569466
17,"custom","EEQ",0.000653601397313225
17,"adiv","EEVAR",0.546907175884262
17,"codyn","EEVAR",0.539018458116461
17,"custom","EEVAR",0.546907175884262
17,"microbiome","EEVAR",0.546907175884262
17,"acid","EGIN",0.8350656167979
17,"DescTools","EGIN",0.8350656167979
17,"dplR","EGIN",0.8350656167979
17,"EconGeo","EGIN",0.835
17,"giniVarCI","EGIN",0.8350656167979
17,"ineq","EGIN",0.8350656167979
17,"microbiome","EGIN",0.835065616797898
17,"REAT","EGIN",0.8350656167979
17,"shipunov","EGIN",0.835065616797898
17,"wINEQ","EGIN",0.8350656167979
17,"abdiv","EHEI",0.445299394905488
17,"adiv","EHEI",0.445299394905488
17,"custom","EHUL",0.204724409448819
17,"benthos","EHURE",0.957024450891007
17,"BiodiversityR","EHURE",0.95702445
17,"mobr","EHURE",0.957024450891007
17,"vegan","EHURE",0.957024450891221
17,"custom","ELR",0.167815182129763
17,"abdiv","EMC",0.281017745726538
17,"tabula","EMC",0.877739540211856
17,"microbiome","EMN",0.204724409448819
17,"custom","ENHC",-0.0304018262933979
17,"custom","EPAT",0.237156313677067
17,"abdiv","EPIE",0.824448877776057
17,"adiv","EPIE",0.824448877776057
17,"BiodiversityR","EPIE",0.82444888
17,"breakaway","EPIE",0.824448877776057
17,"chemodiv","EPIE",0.824448877776057
17,"diverse","EPIE",0.873854788234221
17,"forestmangr","EPIE",1
17,"microbiome","EPIE",0.824448877776057
17,"OTUtable","EPIE",0.824448877776057
17,"pctax","EPIE",0.8244
17,"sprex","EPIE",0.824448877776057
17,"tabula","EPIE",0.824448877776057
17,"custom","ESHE",0.451263917540913
17,"adiv","ESP",0.236388152013015
17,"codyn","ESP",0.204602862756104
17,"sprex","ESP",0.0401816835004143
17,"tabula","ESP",0.236388152013015
17,"abdiv","EST",0.475996951993904
17,"adiv","QHIL_0",93
17,"adiv","QHIL_1",41.9675443313049
17,"adiv","QHIL_2",21.9840981372104
17,"adiv","QHIL_3",16.4832296406743
17,"BAT","QHIL_0",93
17,"BAT","QHIL_1",41.9675443313049
17,"BAT","QHIL_2",21.9840981372104
17,"BAT","QHIL_3",16.4832296406743
17,"benthos","QHIL_0",225
17,"benthos","QHIL_1",41.9675443313049
17,"benthos","QHIL_2",21.9840981372104
17,"benthos","QHIL_3",16.4832296406743
17,"breakaway","QHIL_0",93
17,"breakaway","QHIL_1",41.9675443313049
17,"breakaway","QHIL_2",21.9840981372104
17,"breakaway","QHIL_3",16.4832296406743
17,"chemodiv","QHIL_0",93
17,"chemodiv","QHIL_1",41.9675443313049
17,"chemodiv","QHIL_2",21.9840981372104
17,"chemodiv","QHIL_3",16.4832296406743
17,"divDyn","QHIL_2",21.9840981372104
17,"divent","QHIL_0",93
17,"divent","QHIL_1",41.9675443313049
17,"divent","QHIL_2",21.9840981372103
17,"divent","QHIL_3",16.4832296406744
17,"entropart","QHIL_0",93
17,"entropart","QHIL_1",41.9675443313049
17,"entropart","QHIL_2",21.9840981372103
17,"entropart","QHIL_3",16.4832296406743
17,"EntropyEstimation","QHIL_1",47.9171213669378
17,"EntropyEstimation","QHIL_2",23.2690453230472
17,"EntropyEstimation","QHIL_3",17.244935841423
17,"hilldiv","QHIL_0",93
17,"hilldiv","QHIL_1",41.9678990973736
17,"hilldiv","QHIL_2",21.9840981372104
17,"hilldiv","QHIL_3",16.4832296406743
17,"hillR","QHIL_0",93
17,"hillR","QHIL_1",41.9675443313049
17,"hillR","QHIL_2",21.9840981372104
17,"hillR","QHIL_3",16.4832296406743
17,"sprex","QHIL_0",93
17,"sprex","QHIL_1",41.9675443313049
17,"sprex","QHIL_2",21.9840981372104
17,"sprex","QHIL_3",16.4832296406743
17,"vegan","QHIL_0",93
17,"vegan","QHIL_1",41.9675443313049
17,"vegan","QHIL_2",21.9840981372104
17,"vegan","QHIL_3",16.4832296406743
17,"adiv","QREN_0",4.53259949315326
17,"adiv","QREN_1",3.73689656553853
17,"adiv","QREN_2",3.09031938005883
17,"adiv","QREN_3",2.80234347862295
17,"BiodiversityR","QREN_0",4.53259949315326
17,"BiodiversityR","QREN_1",3.73689656553853
17,"BiodiversityR","QREN_2",3.09031938005883
17,"BiodiversityR","QREN_3",2.80234347862295
17,"diverse","QREN_0",4.55387689160054
17,"diverse","QREN_1",3.9794271267543
17,"diverse","QREN_2",3.48763151436207
17,"diverse","QREN_3",3.17828763114543
17,"EntropyEstimation","QREN_1",3.86947288036129
17,"EntropyEstimation","QREN_2",3.14712395038955
17,"EntropyEstimation","QREN_3",2.8475185259657
17,"seewave","QREN_2",0.570580162822013
17,"seewave","QREN_3",0.517409819332533
17,"sprex","QREN_0",4.53259949315326
17,"sprex","QREN_1",3.73689656553853
17,"sprex","QREN_2",3.09031938005883
17,"sprex","QREN_3",2.80234347862295
17,"statcomp","QREN_1",0.689960725989785
17,"statcomp","QREN_2",0.570580150028429
17,"statcomp","QREN_3",0.517409809737345
17,"vegan","QREN_0",4.53259949315326
17,"vegan","QREN_1",3.73689656553853
17,"vegan","QREN_2",3.09031938005883
17,"vegan","QREN_3",2.80234347862295
17,"adiv","QTSA_0",92
17,"adiv","QTSA_1",3.73689656553853
17,"adiv","QTSA_2",0.954512575691818
17,"adiv","QTSA_3",0.498159713729751
17,"divent","QTSA_0",92
17,"divent","QTSA_1",3.73689656553853
17,"divent","QTSA_2",0.954512575691818
17,"divent","QTSA_3",0.498159713729751
17,"entropart","QTSA_0",92
17,"entropart","QTSA_1",3.73689656553853
17,"entropart","QTSA_2",0.954512575691818
17,"entropart","QTSA_3",0.498159713729751
17,"EntropyEstimation","QTSA_1",3.86947288036129
17,"EntropyEstimation","QTSA_2",0.957024450891007
17,"EntropyEstimation","QTSA_3",0.498318693707239
17,"vegan","QTSA_0",92
17,"vegan","QTSA_1",3.73689656553853
17,"vegan","QTSA_2",0.954512575691818
17,"vegan","QTSA_3",0.498159713729751
17,"BAT","RACE",137.197248677249
17,"ecodive","RACE",137.197248677249
17,"fossil","RACE",115.933333333333
17,"pctax","RACE",137.1972
17,"sprex","RACE",381
17,"tabula","RACE",137.197248677249
17,"vegan","RACE",137.197248677249
17,"wiqid","RACE",137.197248677249
17,"BiodiversityR","RBOO",93
17,"wiqid","RBOO",225
17,"BAT","RC1",126.913043478261
17,"BiodiversityR","RC1",93
17,"biosampleR","RC1",136.352941176471
17,"iNEXT","RC1",129.268
17,"microbiome","RC1",126.913043478261
17,"pctax","RC1",126.913
17,"rareNMtests","RC1",93
17,"SpadeR","RC1",93
17,"SSP","RC1",93
17,"vegan","RC1",126.913043478261
17,"wiqid","RC1",129.363636363636
17,"BAT","RC1M",150.391002729645
17,"divent","RC1M",129.268193748509
17,"ecodive","RC1M",129.363636363636
17,"entropart","RC1M",129.268193748509
17,"fossil","RC1M",129.363636363636
17,"mobr","RC1M",129.268193748509
17,"OTUtable","RC1M",129.363636363636
17,"tabula","RC1M",129.268193748509
17,"wiqid","RC1M",129.363636363636
17,"BAT","RCA2",221.748888226792
17,"divDyn","RCA2",126.548387096774
17,"fossil","RCA2",129.363636363636
17,"tabula","RCA2",93
17,"wiqid","RCA2",93
17,"benthos","RHUR_2",1.95702445089122
17,"benthos","RHUR_3",2.87443596525843
17,"divent","RHUR_2",23.2690453698912
17,"divent","RHUR_3",23.5540735637205
17,"entropart","RHUR_2",1.95702445089123
17,"entropart","RHUR_3",2.87443596525841
17,"mobsim","RHUR_2",1.95702445089122
17,"mobsim","RHUR_3",2.87443596525843
17,"tabula","RHUR_2",1.95702445091569
17,"tabula","RHUR_3",2.87443596523459
17,"vegan","RHUR_2",1.95702445089122
17,"vegan","RHUR_3",2.87443596525843
17,"BAT","RICE",215.083721098969
17,"fossil","RICE",115.933333333333
17,"tabula","RICE",93
17,"wiqid","RICE",93
17,"BAT","RJA1",133
17,"BiodiversityR","RJA1",93
17,"divent","RJA1",151
17,"entropart","RJA1",151
17,"fossil","RJA1",132.89501312336
17,"SSP","RJA1",93
17,"tabula","RJA1",3.71278108745307
17,"wiqid","RJA1",133
17,"BAT","RJA2",151
17,"BiodiversityR","RJA2",93
17,"fossil","RJA2",150.543155131924
17,"SSP","RJA2",93
17,"wiqid","RJA2",151
17,"asbio","RLMD",160.981636480547
17,"sads","RLMD",0.774604614893053
17,"vegan","RLMD",126.019830159614
17,"wiqid","RMM",0
17,"divDyn","RSQ",167.69404203873
17,"ecodive","RSQ",167.69404203873
17,"tabula","RSQ",167.69404203873
18,"custom","RICH",89
18,"abdiv","D1SP",0.967668529761064
18,"ade4","D1SP",0.967668529761065
18,"adiv","D1SP",0.967668529761064
18,"agricolae","D1SP",0.967668529761064
18,"asbio","D1SP",0.967668529761064
18,"BiodiversityR","D1SP",0.96766853
18,"biosampleR","D1SP",0.972615220818575
18,"breakaway","D1SP",0.967668529761064
18,"catsim","D1SP",0.601520987654321
18,"concstats","D1SP",0.995680051206424
18,"CUB","D1SP",0.971988478554641
18,"DescTools","D1SP",0.967668529761065
18,"divent","D1SP",0.967668529761064
18,"diverse","D1SP",0.972615220818575
18,"ecodive","D1SP",0.967668529761064
18,"entropart","D1SP",0.967668529761064
18,"lawstat","D1SP",0.815742074927954
18,"MCPAN","D1SP",0.967668529761064
18,"microbiome","D1SP",0.967668529761064
18,"PCRA","D1SP",0.967668529761064
18,"RoughSets","D1SP",0.967668529761064
18,"simboot","D1SP",0.967668529761064
18,"sprex","D1SP",0.967668529761064
18,"untb","D1SP",0.970465259615865
18,"vegan","D1SP",0.967668529761064
18,"abdiv","DBRI",3.59447655123645
18,"ecodive","DBRI",3.59447655123645
18,"tabula","DBRI",3.59447655123645
18,"wiqid","DBRI",36.3966432228019
18,"BiodiversityR","DFIS",38.71442218
18,"ecodive","DFIS",38.714
18,"microbiome","DFIS",38.7144221758308
18,"preseqR","DFIS",9.20999997510912
18,"sads","DFIS",38.7144173182191
18,"vegan","DFIS",38.7144221758308
18,"custom","DGLE",15.2154314127192
18,"custom","DGOO_1_1",3.94498514011644
18,"custom","DGOO_1_2",0.313842684756993
18,"custom","DGOO_1_3",1
18,"custom","DGOO_2_1",0.0974495075367149
18,"custom","DGOO_2_2",1.08692468056421
18,"custom","DGOO_2_3",1
18,"custom","DGOO_3_1",0.00523055190528379
18,"custom","DGOO_3_2",0.039979525539118
18,"custom","DGOO_3_3",1
18,"abdiv","DINVSP",30.9296172617519
18,"adiv","DINVSP",30.9296172617519
18,"asbio","DINVSP",30.9296172617519
18,"BiodiversityR","DINVSP",30.92961726
18,"breakaway","DINVSP",30.9296172617519
18,"chemodiv","DINVSP",30.9296172617519
18,"codyn","DINVSP",7.50649350649351
18,"divseg","DINVSP",1.03233147023894
18,"ecodive","DINVSP",30.9296172617519
18,"microbiome","DINVSP",30.9296172617519
18,"sprex","DINVSP",30.9296172617519
18,"vegan","DINVSP",30.9296172617519
18,"wiqid","DINVSP",30.9296172617519
18,"custom","DKO",0.18348623853211
18,"abdiv","DMC",0.866718339504094
18,"adiv","DMC",0.866718339504094
18,"agricolae","DMC",0.866718339504094
18,"ecodive","DMC",0.866718339504094
18,"forestHES","DMC",0.866718339504094
18,"tabula","DMC",0.866718339504094
18,"abdiv","DMG",15.0444715092055
18,"adiv","DMG",15.0444715092055
18,"agricolae","DMG",38.2950183870684
18,"ecodive","DMG",15.0444715092055
18,"tabula","DMG",15.0444715092055
18,"abdiv","DMN",4.77777033114567
18,"adiv","DMN",4.77777033114567
18,"ecodive","DMN",4.77777033114567
18,"tabula","DMN",4.77777033114567
18,"custom","DOD",256.484149855908
18,"abdiv","DQ",0
18,"ade4","DRAO",0.967668529761065
18,"BAT","DRAO",0.967668529761031
18,"SYNCSA","DRAO",0.967668529761065
18,"abdiv","DSHA",3.94498514011644
18,"adiv","DSHA",3.94498514011644
18,"aqp","DSHA",5.69141049802663
18,"asbio","DSHA",3.94498514011644
18,"benthos","DSHA",0
18,"BiodiversityR","DSHA",3.94498514
18,"biosampleR","DSHA",4.07471810327544
18,"chemodiv","DSHA",3.94498514011644
18,"codyn","DSHA",3.94498514011644
18,"DescTools","DSHA",5.69141049802663
18,"divDyn","DSHA",3.94498514011644
18,"divent","DSHA",3.94498514011644
18,"diverse","DSHA",4.07471810327544
18,"ecodive","DSHA",3.94498514011644
18,"EconGeo","DSHA",5.691
18,"entropart","DSHA",3.94498514011644
18,"forestmangr","DSHA",3.56
18,"HardyWeinberg","DSHA",3.94498514011644
18,"iNEXT","DSHA",3.945
18,"MCPAN","DSHA",3.94498514011644
18,"microbiome","DSHA",3.94498514011644
18,"OTUtable","DSHA",3.94498514011644
18,"pgirmess","DSHA",5.69141049802663
18,"SpiecEasi","DSHA",3.94498514011644
18,"sprex","DSHA",3.94498514011644
18,"tabula","DSHA",3.94498514011644
18,"triversity","DSHA",5.69141049802663
18,"vegan","DSHA",3.94498514011644
18,"wavethresh","DSHA",-22075.2472306896
18,"wiqid","DSHA",51.6755702134451
18,"abdiv","DSP",0.0323314702389356
18,"agricolae","DSP",0.0323314702389356
18,"antitrust","DSP",323.314702389356
18,"benthos","DSP",0.0295347403841349
18,"breakaway","DSP",0.0323314702389356
18,"concstats","DSP",0.0323314702389356
18,"DescTools","DSP",0.0323314702389356
18,"diverse","DSP",0.0251793024902269
18,"divseg","DSP",1.03233147023894
18,"EconGeo","DSP",0.0323314702389356
18,"hhi","DSP",0.133217993079585
18,"ineq","DSP",0.0323314702389356
18,"microbiome","DSP",0.0323314702389356
18,"PDtoolkit","DSP",0.0323314702389356
18,"politics","DSP",0.0323314702389356
18,"REAT","DSP",0.0323314702389356
18,"sprex","DSP",0.0323314702389356
18,"tabula","DSP",0.0323314702389356
18,"triversity","DSP",0.0323314702389356
18,"abdiv","EBP",0.100864553314121
18,"agricolae","EBP",0.100864553314121
18,"BiodiversityR","EBP",0.10086455
18,"diverse","EBP",0.0791855203619909
18,"dyvDyn","EBP",0.100864553314121
18,"ecodive","EBP",0.100864553314121
18,"microbiome","EBP",0.100864553314121
18,"tabula","EBP",0.100864553314121
18,"triversity","EBP",0.100864553314121
18,"wiqid","EBP",1
18,"tabula","EBRI",0.880732029897329
18,"BAT","EBU",0.587798008907519
18,"microbiome","EBU",0.587798008907519
18,"BAT","ECAM",0.988067869054172
18,"microbiome","ECAM",0.715442152640611
18,"codyn","EEQ",0.259965004877741
18,"custom","EEQ",0.000698176809754959
18,"adiv","EEVAR",0.594330969253704
18,"codyn","EEVAR",0.654568026191789
18,"custom","EEVAR",0.594330969253704
18,"microbiome","EEVAR",0.594330969253704
18,"acid","EGIN",0.812116554594941
18,"DescTools","EGIN",0.812116554594941
18,"dplR","EGIN",0.812116554594941
18,"EconGeo","EGIN",0.812
18,"giniVarCI","EGIN",0.812116554594941
18,"ineq","EGIN",0.812116554594941
18,"microbiome","EGIN",0.81211655459494
18,"REAT","EGIN",0.812116554594941
18,"shipunov","EGIN",0.81211655459494
18,"wINEQ","EGIN",0.812116554594941
18,"abdiv","EHEI",0.575858752425512
18,"adiv","EHEI",0.575858752425512
18,"custom","EHUL",0.170028818443804
18,"benthos","EHURE",0.970465259615865
18,"BiodiversityR","EHURE",0.97046526
18,"mobr","EHURE",0.970465259615865
18,"vegan","EHURE",0.97046525961578
18,"custom","ELR",0.216027044231112
18,"abdiv","EMC",0.240745268546635
18,"tabula","EMC",0.917438777087436
18,"microbiome","EMN",0.170028818443804
18,"custom","ENHC",-0.031078868558064
18,"custom","EPAT",0.0921940569091312
18,"abdiv","EPIE",0.878882764199465
18,"adiv","EPIE",0.878882764199465
18,"BiodiversityR","EPIE",0.87888276
18,"breakaway","EPIE",0.878882764199465
18,"chemodiv","EPIE",0.878882764199465
18,"diverse","EPIE",0.875537777870737
18,"forestmangr","EPIE",1
18,"microbiome","EPIE",0.878882764199465
18,"OTUtable","EPIE",0.878882764199465
18,"pctax","EPIE",0.8789
18,"sprex","EPIE",0.878882764199465
18,"tabula","EPIE",0.878882764199465
18,"custom","ESHE",0.580624384420731
18,"adiv","ESP",0.347523789457886
18,"codyn","ESP",0.625541125541126
18,"sprex","ESP",0.0443256757316453
18,"tabula","ESP",0.347523789457886
18,"abdiv","EST",0.407570508046498
18,"adiv","QHIL_0",89
18,"adiv","QHIL_1",51.6755702134451
18,"adiv","QHIL_2",30.9296172617519
18,"adiv","QHIL_3",22.3980813228997
18,"BAT","QHIL_0",89
18,"BAT","QHIL_1",51.6755702134451
18,"BAT","QHIL_2",30.9296172617519
18,"BAT","QHIL_3",22.3980813228997
18,"benthos","QHIL_0",225
18,"benthos","QHIL_1",51.6755702134451
18,"benthos","QHIL_2",30.9296172617519
18,"benthos","QHIL_3",22.3980813228997
18,"breakaway","QHIL_0",89
18,"breakaway","QHIL_1",51.6755702134451
18,"breakaway","QHIL_2",30.9296172617519
18,"breakaway","QHIL_3",22.3980813228997
18,"chemodiv","QHIL_0",89
18,"chemodiv","QHIL_1",51.6755702134451
18,"chemodiv","QHIL_2",30.9296172617519
18,"chemodiv","QHIL_3",22.3980813228997
18,"divDyn","QHIL_2",30.9296172617519
18,"divent","QHIL_0",89
18,"divent","QHIL_1",51.6755702134451
18,"divent","QHIL_2",30.9296172617518
18,"divent","QHIL_3",22.3980813229003
18,"entropart","QHIL_0",89
18,"entropart","QHIL_1",51.6755702134451
18,"entropart","QHIL_2",30.9296172617518
18,"entropart","QHIL_3",22.3980813228997
18,"EntropyEstimation","QHIL_1",59.3122358140057
18,"EntropyEstimation","QHIL_2",33.8584320360981
18,"EntropyEstimation","QHIL_3",23.9355375645999
18,"hilldiv","QHIL_0",89
18,"hilldiv","QHIL_1",51.6758696506595
18,"hilldiv","QHIL_2",30.9296172617519
18,"hilldiv","QHIL_3",22.3980813228997
18,"hillR","QHIL_0",89
18,"hillR","QHIL_1",51.6755702134451
18,"hillR","QHIL_2",30.9296172617519
18,"hillR","QHIL_3",22.3980813228997
18,"sprex","QHIL_0",89
18,"sprex","QHIL_1",51.6755702134451
18,"sprex","QHIL_2",30.9296172617519
18,"sprex","QHIL_3",22.3980813228997
18,"vegan","QHIL_0",89
18,"vegan","QHIL_1",51.6755702134451
18,"vegan","QHIL_2",30.9296172617519
18,"vegan","QHIL_3",22.3980813228997
18,"adiv","QREN_0",4.48863636973214
18,"adiv","QREN_1",3.94498514011644
18,"adiv","QREN_2",3.43171421228326
18,"adiv","QREN_3",3.10897529996468
18,"BiodiversityR","QREN_0",4.48863636973214
18,"BiodiversityR","QREN_1",3.94498514011644
18,"BiodiversityR","QREN_2",3.43171421228326
18,"BiodiversityR","QREN_3",3.10897529996468
18,"diverse","QREN_0",4.65396035015752
18,"diverse","QREN_1",4.07471810327544
18,"diverse","QREN_2",3.59776792426534
18,"diverse","QREN_3",3.31668381456032
18,"EntropyEstimation","QREN_1",4.08281562222334
18,"EntropyEstimation","QREN_2",3.52218806837046
18,"EntropyEstimation","QREN_3",3.17536428194468
18,"seewave","QREN_2",0.633613492333465
18,"seewave","QREN_3",0.574024690806861
18,"sprex","QREN_0",4.48863636973214
18,"sprex","QREN_1",3.94498514011644
18,"sprex","QREN_2",3.43171421228326
18,"sprex","QREN_3",3.10897529996468
18,"statcomp","QREN_1",0.728381094728373
18,"statcomp","QREN_2",0.63361347786066
18,"statcomp","QREN_3",0.574024679952257
18,"vegan","QREN_0",4.48863636973214
18,"vegan","QREN_1",3.94498514011644
18,"vegan","QREN_2",3.43171421228326
18,"vegan","QREN_3",3.10897529996468
18,"adiv","QTSA_0",88
18,"adiv","QTSA_1",3.94498514011644
18,"adiv","QTSA_2",0.967668529761064
18,"adiv","QTSA_3",0.499003336921568
18,"divent","QTSA_0",88
18,"divent","QTSA_1",3.94498514011644
18,"divent","QTSA_2",0.967668529761064
18,"divent","QTSA_3",0.499003336921568
18,"entropart","QTSA_0",88
18,"entropart","QTSA_1",3.94498514011644
18,"entropart","QTSA_2",0.967668529761064
18,"entropart","QTSA_3",0.499003336921568
18,"EntropyEstimation","QTSA_1",4.08281562222334
18,"EntropyEstimation","QTSA_2",0.970465259615866
18,"EntropyEstimation","QTSA_3",0.499127262508574
18,"vegan","QTSA_0",88
18,"vegan","QTSA_1",3.94498514011644
18,"vegan","QTSA_2",0.967668529761064
18,"vegan","QTSA_3",0.499003336921568
18,"BAT","RACE",115.975134633719
18,"ecodive","RACE",115.975134633719
18,"fossil","RACE",100.796954314721
18,"pctax","RACE",115.9751
18,"sprex","RACE",347
18,"tabula","RACE",115.975134633719
18,"vegan","RACE",115.975134633719
18,"wiqid","RACE",115.975134633719
18,"BiodiversityR","RBOO",89
18,"wiqid","RBOO",225
18,"BAT","RC1",102.5
18,"BiodiversityR","RC1",89
18,"biosampleR","RC1",142.142857142857
18,"iNEXT","RC1",103.477
18,"microbiome","RC1",102.5
18,"pctax","RC1",102.5
18,"rareNMtests","RC1",89
18,"SpadeR","RC1",89
18,"SSP","RC1",89
18,"vegan","RC1",102.5
18,"wiqid","RC1",103.518518518519
18,"BAT","RC1M",112.645183688928
18,"divent","RC1M",103.476678407514
18,"ecodive","RC1M",103.518518518519
18,"entropart","RC1M",103.476678407514
18,"fossil","RC1M",103.518518518519
18,"mobr","RC1M",103.476678407514
18,"OTUtable","RC1M",103.518518518519
18,"tabula","RC1M",103.476678407514
18,"wiqid","RC1M",103.518518518519
18,"BAT","RCA2",224.175728740662
18,"divDyn","RCA2",102.348314606742
18,"fossil","RCA2",103.518518518519
18,"tabula","RCA2",89
18,"wiqid","RCA2",89
18,"benthos","RHUR_2",1.97046525961578
18,"benthos","RHUR_3",2.91314125383049
18,"divent","RHUR_2",33.8584320970888
18,"divent","RHUR_3",34.2021954648049
18,"entropart","RHUR_2",1.97046525961579
18,"entropart","RHUR_3",2.9131412538305
18,"mobsim","RHUR_2",1.97046525961578
18,"mobsim","RHUR_3",2.91314125383049
18,"tabula","RHUR_2",1.9704652595993
18,"tabula","RHUR_3",2.9131412538159
18,"vegan","RHUR_2",1.97046525961578
18,"vegan","RHUR_3",2.91314125383049
18,"BAT","RICE",216.474185766145
18,"fossil","RICE",100.796954314721
18,"tabula","RICE",89
18,"wiqid","RICE",89
18,"BAT","RJA1",117
18,"BiodiversityR","RJA1",89
18,"divent","RJA1",117
18,"entropart","RJA1",117
18,"fossil","RJA1",116.919308357349
18,"SSP","RJA1",89
18,"tabula","RJA1",3.925461841205
18,"wiqid","RJA1",117
18,"BAT","RJA2",118
18,"BiodiversityR","RJA2",89
18,"fossil","RJA2",117.749054655095
18,"SSP","RJA2",89
18,"wiqid","RJA2",118
18,"asbio","RLMD",156.705999824584
18,"sads","RLMD",0.892819619536321
18,"vegan","RLMD",100.729859080071
18,"wiqid","RMM",0
18,"divDyn","RSQ",114.883562166609
18,"ecodive","RSQ",114.883562166609
18,"tabula","RSQ",114.883562166609
19,"custom","RICH",109
19,"abdiv","D1SP",0.965581980809541
19,"ade4","D1SP",0.965581980809541
19,"adiv","D1SP",0.965581980809541
19,"agricolae","D1SP",0.965581980809541
19,"asbio","D1SP",0.965581980809541
19,"BiodiversityR","D1SP",0.96558198
19,"biosampleR","D1SP",0.970956661374352
19,"breakaway","D1SP",0.965581980809541
19,"catsim","D1SP",0.677096296296296
19,"concstats","D1SP",0.9956893661571
19,"CUB","D1SP",0.969892614652441
19,"DescTools","D1SP",0.965581980809541
19,"divent","D1SP",0.965581980809541
19,"diverse","D1SP",0.970956661374352
19,"ecodive","D1SP",0.965581980809541
19,"entropart","D1SP",0.965581980809541
19,"lawstat","D1SP",0.794395414054767
19,"MCPAN","D1SP",0.965581980809541
19,"microbiome","D1SP",0.965581980809541
19,"PCRA","D1SP",0.965581980809541
19,"RoughSets","D1SP",0.965581980809541
19,"simboot","D1SP",0.965581980809541
19,"sprex","D1SP",0.965581980809541
19,"untb","D1SP",0.967817124283637
19,"vegan","D1SP",0.965581980809541
19,"abdiv","DBRI",3.67557304949369
19,"ecodive","DBRI",3.67557304949369
19,"tabula","DBRI",3.67557304949369
19,"wiqid","DBRI",39.4712693684647
19,"BiodiversityR","DFIS",46.85169846
19,"ecodive","DFIS",46.852
19,"microbiome","DFIS",46.8516984556978
19,"preseqR","DFIS",15.2963377407319
19,"sads","DFIS",46.8516969219326
19,"vegan","DFIS",46.8516984556978
19,"custom","DGLE",17.9549842018731
19,"custom","DGOO_1_1",4.01309369612849
19,"custom","DGOO_1_2",0.30697566263504
19,"custom","DGOO_1_3",1
19,"custom","DGOO_2_1",0.098766173655748
19,"custom","DGOO_2_2",1.04562542200316
19,"custom","DGOO_2_3",1
19,"custom","DGOO_3_1",0.00612342171919992
19,"custom","DGOO_3_2",0.0418736892697861
19,"custom","DGOO_3_3",1
19,"abdiv","DINVSP",29.0545482721215
19,"adiv","DINVSP",29.0545482721215
19,"asbio","DINVSP",29.0545482721215
19,"BiodiversityR","DINVSP",29.05454827
19,"breakaway","DINVSP",29.0545482721215
19,"chemodiv","DINVSP",29.0545482721215
19,"codyn","DINVSP",7.72532188841202
19,"divseg","DINVSP",1.03441801919046
19,"ecodive","DINVSP",29.0545482721215
19,"microbiome","DINVSP",29.0545482721215
19,"sprex","DINVSP",29.0545482721215
19,"vegan","DINVSP",29.0545482721215
19,"wiqid","DINVSP",29.0545482721215
19,"custom","DKO",0
19,"abdiv","DMC",0.85559639889862
19,"adiv","DMC",0.85559639889862
19,"agricolae","DMC",0.85559639889862
19,"ecodive","DMC",0.85559639889862
19,"forestHES","DMC",0.85559639889862
19,"tabula","DMC",0.85559639889862
19,"abdiv","DMG",17.7902595761679
19,"adiv","DMG",17.7902595761679
19,"agricolae","DMG",36.8983161579778
19,"ecodive","DMG",17.7902595761679
19,"tabula","DMG",17.7902595761679
19,"abdiv","DMN",5.23820571152112
19,"adiv","DMN",5.23820571152112
19,"ecodive","DMN",5.23820571152112
19,"tabula","DMN",5.23820571152112
19,"custom","DOD",251.732101616628
19,"abdiv","DQ",0
19,"ade4","DRAO",0.96558198080954
19,"BAT","DRAO",0.965581980809525
19,"SYNCSA","DRAO",0.965581980809541
19,"abdiv","DSHA",4.01309369612849
19,"adiv","DSHA",4.01309369612849
19,"aqp","DSHA",5.78967037402734
19,"asbio","DSHA",4.01309369612849
19,"benthos","DSHA",0
19,"BiodiversityR","DSHA",4.0130937
19,"biosampleR","DSHA",3.94774880065939
19,"chemodiv","DSHA",4.01309369612849
19,"codyn","DSHA",4.01309369612849
19,"DescTools","DSHA",5.78967037402734
19,"divDyn","DSHA",4.01309369612849
19,"divent","DSHA",4.01309369612849
19,"diverse","DSHA",3.94774880065939
19,"ecodive","DSHA",4.01309369612849
19,"EconGeo","DSHA",5.79
19,"entropart","DSHA",4.01309369612849
19,"forestmangr","DSHA",3.56
19,"HardyWeinberg","DSHA",4.01309369612849
19,"iNEXT","DSHA",4.013
19,"MCPAN","DSHA",4.01309369612849
19,"microbiome","DSHA",4.01309369612849
19,"OTUtable","DSHA",4.01309369612849
19,"pgirmess","DSHA",5.78967037402734
19,"SpiecEasi","DSHA",4.01309369612849
19,"sprex","DSHA",4.01309369612849
19,"tabula","DSHA",4.01309369612849
19,"triversity","DSHA",5.78967037402733
19,"vegan","DSHA",4.01309369612849
19,"wavethresh","DSHA",-41313.7988525151
19,"wiqid","DSHA",55.31774239991
19,"abdiv","DSP",0.0344180191904592
19,"agricolae","DSP",0.0344180191904592
19,"antitrust","DSP",344.180191904592
19,"benthos","DSP",0.032182875716363
19,"breakaway","DSP",0.0344180191904592
19,"concstats","DSP",0.0344180191904592
19,"DescTools","DSP",0.0344180191904592
19,"diverse","DSP",0.026651819755268
19,"divseg","DSP",1.03441801919046
19,"EconGeo","DSP",0.0344180191904592
19,"hhi","DSP",0.129444444444444
19,"ineq","DSP",0.0344180191904592
19,"microbiome","DSP",0.0344180191904592
19,"PDtoolkit","DSP",0.0344180191904592
19,"politics","DSP",0.0344180191904592
19,"REAT","DSP",0.0344180191904592
19,"sprex","DSP",0.0344180191904592
19,"tabula","DSP",0.0344180191904592
19,"triversity","DSP",0.0344180191904592
19,"abdiv","EBP",0.10161662817552
19,"agricolae","EBP",0.10161662817552
19,"BiodiversityR","EBP",0.10161663
19,"diverse","EBP",0.0761670761670762
19,"dyvDyn","EBP",0.10161662817552
19,"ecodive","EBP",0.10161662817552
19,"microbiome","EBP",0.10161662817552
19,"tabula","EBP",0.10161662817552
19,"triversity","EBP",0.10161662817552
19,"wiqid","EBP",1
19,"tabula","EBRI",0.856885360938252
19,"BAT","EBU",0.564472671285604
19,"microbiome","EBU",0.564472671285604
19,"BAT","ECAM",0.989475947545316
19,"microbiome","ECAM",0.622603131554972
19,"codyn","EEQ",0.225337213060703
19,"custom","EEQ",0.00048874272933888
19,"adiv","EEVAR",0.55433719271703
19,"codyn","EEVAR",0.570702490737819
19,"custom","EEVAR",0.55433719271703
19,"microbiome","EEVAR",0.55433719271703
19,"acid","EGIN",0.79086476777008
19,"DescTools","EGIN",0.79086476777008
19,"dplR","EGIN",0.79086476777008
19,"EconGeo","EGIN",0.791
19,"giniVarCI","EGIN",0.79086476777008
19,"ineq","EGIN",0.79086476777008
19,"microbiome","EGIN",0.790864767770081
19,"REAT","EGIN",0.79086476777008
19,"shipunov","EGIN",0.790864767770081
19,"wINEQ","EGIN",0.79086476777008
19,"abdiv","EHEI",0.502942059258426
19,"adiv","EHEI",0.502942059258426
19,"custom","EHUL",0.198614318706697
19,"benthos","EHURE",0.967817124283637
19,"BiodiversityR","EHURE",0.96781712
19,"mobr","EHURE",0.967817124283637
19,"vegan","EHURE",0.96781712428357
19,"custom","ELR",0.188428334823562
19,"abdiv","EMC",0.247044707977874
19,"tabula","EMC",0.900755820070688
19,"microbiome","EMN",0.198614318706697
19,"custom","ENHC",-0.0266427800822815
19,"custom","EPAT",0.0447470983015287
19,"abdiv","EPIE",0.855424453029825
19,"adiv","EPIE",0.855424453029825
19,"BiodiversityR","EPIE",0.85542445
19,"breakaway","EPIE",0.855424453029825
19,"chemodiv","EPIE",0.855424453029825
19,"diverse","EPIE",0.875165541058431
19,"forestmangr","EPIE",1
19,"microbiome","EPIE",0.855424453029825
19,"OTUtable","EPIE",0.855424453029825
19,"pctax","EPIE",0.8554
19,"sprex","EPIE",0.855424453029825
19,"tabula","EPIE",0.855424453029825
19,"custom","ESHE",0.507502223852385
19,"adiv","ESP",0.26655548873506
19,"codyn","ESP",0.454430699318354
19,"sprex","ESP",0.036817373358977
19,"tabula","ESP",0.26655548873506
19,"abdiv","EST",0.431531665148209
19,"adiv","QHIL_0",109
19,"adiv","QHIL_1",55.31774239991
19,"adiv","QHIL_2",29.0545482721215
19,"adiv","QHIL_3",20.1612662094276
19,"BAT","QHIL_0",109
19,"BAT","QHIL_1",55.31774239991
19,"BAT","QHIL_2",29.0545482721215
19,"BAT","QHIL_3",20.1612662094276
19,"benthos","QHIL_0",225
19,"benthos","QHIL_1",55.31774239991
19,"benthos","QHIL_2",29.0545482721215
19,"benthos","QHIL_3",20.1612662094276
19,"breakaway","QHIL_0",109
19,"breakaway","QHIL_1",55.31774239991
19,"breakaway","QHIL_2",29.0545482721215
19,"breakaway","QHIL_3",20.1612662094276
19,"chemodiv","QHIL_0",109
19,"chemodiv","QHIL_1",55.31774239991
19,"chemodiv","QHIL_2",29.0545482721215
19,"chemodiv","QHIL_3",20.1612662094276
19,"divDyn","QHIL_2",29.0545482721215
19,"divent","QHIL_0",109
19,"divent","QHIL_1",55.31774239991
19,"divent","QHIL_2",29.0545482721215
19,"divent","QHIL_3",20.161266209428
19,"entropart","QHIL_0",109
19,"entropart","QHIL_1",55.31774239991
19,"entropart","QHIL_2",29.0545482721215
19,"entropart","QHIL_3",20.1612662094275
19,"EntropyEstimation","QHIL_1",63.4133471945864
19,"EntropyEstimation","QHIL_2",31.0724252491682
19,"EntropyEstimation","QHIL_3",21.0915944175307
19,"hilldiv","QHIL_0",109
19,"hilldiv","QHIL_1",55.318152741318
19,"hilldiv","QHIL_2",29.0545482721215
19,"hilldiv","QHIL_3",20.1612662094276
19,"hillR","QHIL_0",109
19,"hillR","QHIL_1",55.31774239991
19,"hillR","QHIL_2",29.0545482721215
19,"hillR","QHIL_3",20.1612662094276
19,"sprex","QHIL_0",109
19,"sprex","QHIL_1",55.31774239991
19,"sprex","QHIL_2",29.0545482721215
19,"sprex","QHIL_3",20.1612662094276
19,"vegan","QHIL_0",109
19,"vegan","QHIL_1",55.31774239991
19,"vegan","QHIL_2",29.0545482721215
19,"vegan","QHIL_3",20.1612662094276
19,"adiv","QREN_0",4.69134788222914
19,"adiv","QREN_1",4.01309369612849
19,"adiv","QREN_2",3.36917503806914
19,"adiv","QREN_3",3.00376324923815
19,"BiodiversityR","QREN_0",4.69134788222914
19,"BiodiversityR","QREN_1",4.01309369612849
19,"BiodiversityR","QREN_2",3.36917503806914
19,"BiodiversityR","QREN_3",3.00376324923815
19,"diverse","QREN_0",4.51085950651685
19,"diverse","QREN_1",3.94774880065939
19,"diverse","QREN_2",3.53896612918574
19,"diverse","QREN_3",3.30655120467948
19,"EntropyEstimation","QREN_1",4.14967436286012
19,"EntropyEstimation","QREN_2",3.4363207779437
19,"EntropyEstimation","QREN_3",3.04887459227467
19,"seewave","QREN_2",0.62206658692618
19,"seewave","QREN_3",0.554598893366219
19,"sprex","QREN_0",4.69134788222914
19,"sprex","QREN_1",4.01309369612849
19,"sprex","QREN_2",3.36917503806914
19,"sprex","QREN_3",3.00376324923815
19,"statcomp","QREN_1",0.740956296617971
19,"statcomp","QREN_2",0.622066577033514
19,"statcomp","QREN_3",0.554598885946719
19,"vegan","QREN_0",4.69134788222914
19,"vegan","QREN_1",4.01309369612849
19,"vegan","QREN_2",3.36917503806914
19,"vegan","QREN_3",3.00376324923815
19,"adiv","QTSA_0",108
19,"adiv","QTSA_1",4.01309369612849
19,"adiv","QTSA_2",0.965581980809541
19,"adiv","QTSA_3",0.498769917057613
19,"divent","QTSA_0",108
19,"divent","QTSA_1",4.01309369612849
19,"divent","QTSA_2",0.965581980809541
19,"divent","QTSA_3",0.498769917057613
19,"entropart","QTSA_0",108
19,"entropart","QTSA_1",4.01309369612849
19,"entropart","QTSA_2",0.965581980809541
19,"entropart","QTSA_3",0.498769917057613
19,"EntropyEstimation","QTSA_1",4.14967436286012
19,"EntropyEstimation","QTSA_2",0.967817124283636
19,"EntropyEstimation","QTSA_3",0.498876039156779
19,"vegan","QTSA_0",108
19,"vegan","QTSA_1",4.01309369612849
19,"vegan","QTSA_2",0.965581980809541
19,"vegan","QTSA_3",0.498769917057613
19,"BAT","RACE",166.116286451101
19,"ecodive","RACE",166.116286451101
19,"fossil","RACE",131.985915492958
19,"pctax","RACE",166.1163
19,"sprex","RACE",433
19,"tabula","RACE",166.116286451101
19,"vegan","RACE",166.116286451101
19,"wiqid","RACE",166.116286451101
19,"BiodiversityR","RBOO",109
19,"wiqid","RBOO",225
19,"BAT","RC1",179.5
19,"BiodiversityR","RC1",109
19,"biosampleR","RC1",130.375
19,"iNEXT","RC1",185.623
19,"microbiome","RC1",179.5
19,"pctax","RC1",179.5
19,"rareNMtests","RC1",109
19,"SpadeR","RC1",109
19,"SSP","RC1",109
19,"vegan","RC1",179.5
19,"wiqid","RC1",185.8
19,"BAT","RC1M",214.309191145526
19,"divent","RC1M",185.622632794457
19,"ecodive","RC1M",185.8
19,"entropart","RC1M",185.622632794457
19,"fossil","RC1M",185.8
19,"mobr","RC1M",185.622632794457
19,"OTUtable","RC1M",185.8
19,"tabula","RC1M",185.622632794457
19,"wiqid","RC1M",185.8
19,"BAT","RCA2",225.708032971125
19,"divDyn","RCA2",178.853211009174
19,"fossil","RCA2",185.8
19,"tabula","RCA2",109
19,"wiqid","RCA2",109
19,"benthos","RHUR_2",1.96781712428357
19,"benthos","RHUR_3",2.90569929453732
19,"divent","RHUR_2",31.0724036893288
19,"divent","RHUR_3",31.4762272090258
19,"entropart","RHUR_2",1.96781712428358
19,"entropart","RHUR_3",2.90569929453733
19,"mobsim","RHUR_2",1.96781712428357
19,"mobsim","RHUR_3",2.90569929453732
19,"tabula","RHUR_2",1.96781712426136
19,"tabula","RHUR_3",2.90569929449
19,"vegan","RHUR_2",1.96781712428357
19,"vegan","RHUR_3",2.90569929453732
19,"BAT","RICE",217.707736269997
19,"fossil","RICE",131.985915492958
19,"tabula","RICE",109
19,"wiqid","RICE",109
19,"BAT","RJA1",157
19,"BiodiversityR","RJA1",109
19,"divent","RJA1",262
19,"entropart","RJA1",262
19,"fossil","RJA1",156.889145496536
19,"SSP","RJA1",109
19,"tabula","RJA1",3.99485544311735
19,"wiqid","RJA1",157
19,"BAT","RJA2",190
19,"BiodiversityR","RJA2",109
19,"fossil","RJA2",189.438718886323
19,"SSP","RJA2",109
19,"wiqid","RJA2",190
19,"asbio","RLMD",199.621361419986
19,"sads","RLMD",0.818333403738627
19,"vegan","RLMD",138.578259382503
19,"wiqid","RMM",0
19,"divDyn","RSQ",190.575533450018
19,"ecodive","RSQ",190.575533450018
19,"tabula","RSQ",190.575533450018
20,"custom","RICH",100
20,"abdiv","D1SP",0.974858862970751
20,"ade4","D1SP",0.974858862970751
20,"adiv","D1SP",0.974858862970751
20,"agricolae","D1SP",0.974858862970751
20,"asbio","D1SP",0.974858862970751
20,"BiodiversityR","D1SP",0.97485886
20,"biosampleR","D1SP",0.966996187222884
20,"breakaway","D1SP",0.974858862970751
20,"catsim","D1SP",0.651140740740741
20,"concstats","D1SP",0.995647951504595
20,"CUB","D1SP",0.979210911466156
20,"DescTools","D1SP",0.974858862970751
20,"divent","D1SP",0.974858862970751
20,"diverse","D1SP",0.966996187222884
20,"ecodive","D1SP",0.974858862970751
20,"entropart","D1SP",0.974858862970751
20,"lawstat","D1SP",0.79995004995005
20,"MCPAN","D1SP",0.974858862970751
20,"microbiome","D1SP",0.974858862970751
20,"PCRA","D1SP",0.974858862970751
20,"RoughSets","D1SP",0.974858862970751
20,"simboot","D1SP",0.974858862970751
20,"sprex","D1SP",0.974858862970751
20,"untb","D1SP",0.977136570594515
20,"vegan","D1SP",0.974858862970751
20,"abdiv","DBRI",3.752397646201
20,"ecodive","DBRI",3.752397646201
20,"tabula","DBRI",3.752397646201
20,"wiqid","DBRI",42.6231548291491
20,"BiodiversityR","DFIS",40.99634216
20,"ecodive","DFIS",40.996
20,"microbiome","DFIS",40.9963421580402
20,"preseqR","DFIS",8.1723123513669
20,"sads","DFIS",40.9963393804082
20,"vegan","DFIS",40.9963421580402
20,"custom","DGLE",16.4976838633847
20,"custom","DGOO_1_1",4.07732669104502
20,"custom","DGOO_1_2",0.298223686557973
20,"custom","DGOO_1_3",1
20,"custom","DGOO_2_1",0.084859544758865
20,"custom","DGOO_2_2",1.09491937410178
20,"custom","DGOO_2_3",1
20,"custom","DGOO_3_1",0.00315105932323965
20,"custom","DGOO_3_2",0.0314906593296787
20,"custom","DGOO_3_3",1
20,"abdiv","DINVSP",39.7754484547223
20,"adiv","DINVSP",39.7754484547223
20,"asbio","DINVSP",39.7754484547223
20,"BiodiversityR","DINVSP",39.77544845
20,"breakaway","DINVSP",39.7754484547223
20,"chemodiv","DINVSP",39.7754484547223
20,"codyn","DINVSP",6.8816199376947
20,"divseg","DINVSP",1.02514113702925
20,"ecodive","DINVSP",39.7754484547223
20,"microbiome","DINVSP",39.7754484547223
20,"sprex","DINVSP",39.7754484547223
20,"vegan","DINVSP",39.7754484547223
20,"wiqid","DINVSP",39.7754484547223
20,"custom","DKO",0.0825688073394495
20,"abdiv","DMC",0.884126458308104
20,"adiv","DMC",0.884126458308104
20,"agricolae","DMC",0.884126458308104
20,"ecodive","DMC",0.884126458308104
20,"forestHES","DMC",0.884126458308104
20,"tabula","DMC",0.884126458308104
20,"abdiv","DMG",16.3327070247508
20,"adiv","DMG",16.3327070247508
20,"agricolae","DMG",36.9548118539816
20,"ecodive","DMG",16.3327070247508
20,"tabula","DMG",16.3327070247508
20,"abdiv","DMN",4.82804549585268
20,"adiv","DMN",4.82804549585268
20,"ecodive","DMN",4.82804549585268
20,"tabula","DMN",4.82804549585268
20,"custom","DOD",233.100233100233
20,"abdiv","DQ",0
20,"ade4","DRAO",0.974858862970751
20,"BAT","DRAO",0.974858862970761
20,"SYNCSA","DRAO",0.974858862970751
20,"abdiv","DSHA",4.07732669104502
20,"adiv","DSHA",4.07732669104502
20,"aqp","DSHA",5.88233899725485
20,"asbio","DSHA",4.07732669104502
20,"benthos","DSHA",0
20,"BiodiversityR","DSHA",4.07732669
20,"biosampleR","DSHA",3.98028141238691
20,"chemodiv","DSHA",4.07732669104502
20,"codyn","DSHA",4.07732669104502
20,"DescTools","DSHA",5.88233899725485
20,"divDyn","DSHA",4.07732669104502
20,"divent","DSHA",4.07732669104502
20,"diverse","DSHA",3.98028141238691
20,"ecodive","DSHA",4.07732669104501
20,"EconGeo","DSHA",5.882
20,"entropart","DSHA",4.07732669104502
20,"forestmangr","DSHA",3.56
20,"HardyWeinberg","DSHA",4.07732669104502
20,"iNEXT","DSHA",4.077
20,"MCPAN","DSHA",4.07732669104502
20,"microbiome","DSHA",4.07732669104502
20,"OTUtable","DSHA",4.07732669104502
20,"pgirmess","DSHA",5.88233899725485
20,"SpiecEasi","DSHA",4.07732669104502
20,"sprex","DSHA",4.07732669104502
20,"tabula","DSHA",4.07732669104502
20,"triversity","DSHA",5.88233899725485
20,"vegan","DSHA",4.07732669104502
20,"wavethresh","DSHA",-24857.4513738273
20,"wiqid","DSHA",58.9875668914211
20,"abdiv","DSP",0.0251411370292489
20,"agricolae","DSP",0.0251411370292489
20,"antitrust","DSP",251.411370292489
20,"benthos","DSP",0.0228634294054855
20,"breakaway","DSP",0.0251411370292489
20,"concstats","DSP",0.0251411370292489
20,"DescTools","DSP",0.0251411370292489
20,"diverse","DSP",0.0306793027116768
20,"divseg","DSP",1.02514113702925
20,"EconGeo","DSP",0.0251411370292489
20,"hhi","DSP",0.145314622000905
20,"ineq","DSP",0.0251411370292489
20,"microbiome","DSP",0.0251411370292489
20,"PDtoolkit","DSP",0.0251411370292489
20,"politics","DSP",0.0251411370292489
20,"REAT","DSP",0.0251411370292489
20,"sprex","DSP",0.0251411370292489
20,"tabula","DSP",0.0251411370292489
20,"triversity","DSP",0.0251411370292489
20,"abdiv","EBP",0.0769230769230769
20,"agricolae","EBP",0.0769230769230769
20,"BiodiversityR","EBP",0.07692308
20,"diverse","EBP",0.122302158273381
20,"dyvDyn","EBP",0.0769230769230769
20,"ecodive","EBP",0.0769230769230769
20,"microbiome","EBP",0.0769230769230769
20,"tabula","EBP",0.0769230769230769
20,"triversity","EBP",0.0769230769230769
20,"wiqid","EBP",1
20,"tabula","EBRI",0.888969940243048
20,"BAT","EBU",0.566362929999294
20,"microbiome","EBU",0.566362929999294
20,"BAT","ECAM",0.989052765416402
20,"microbiome","ECAM",0.703776223776224
20,"codyn","EEQ",0.222158554749756
20,"custom","EEQ",0.000627141142708964
20,"adiv","EEVAR",0.528838543913411
20,"codyn","EEVAR",0.597727029623221
20,"custom","EEVAR",0.528838543913411
20,"microbiome","EEVAR",0.528838543913411
20,"acid","EGIN",0.796394716394716
20,"DescTools","EGIN",0.796394716394716
20,"dplR","EGIN",0.796394716394716
20,"EconGeo","EGIN",0.796
20,"giniVarCI","EGIN",0.796394716394716
20,"ineq","EGIN",0.796394716394716
20,"microbiome","EGIN",0.796394716394715
20,"REAT","EGIN",0.796394716394716
20,"shipunov","EGIN",0.796394716394715
20,"wINEQ","EGIN",0.796394716394716
20,"abdiv","EHEI",0.585732998903243
20,"adiv","EHEI",0.585732998903243
20,"custom","EHUL",0.125874125874126
20,"benthos","EHURE",0.977136570594515
20,"BiodiversityR","EHURE",0.97713657
20,"mobr","EHURE",0.977136570594514
20,"vegan","EHURE",0.977136570594335
20,"custom","ELR",0.219195082263425
20,"abdiv","EMC",0.206033809684987
20,"tabula","EMC",0.934933811844575
20,"microbiome","EMN",0.125874125874126
20,"custom","ENHC",-0.0313673386118316
20,"custom","EPAT",0
20,"abdiv","EPIE",0.885380241418847
20,"adiv","EPIE",0.885380241418847
20,"BiodiversityR","EPIE",0.88538024
20,"breakaway","EPIE",0.885380241418847
20,"chemodiv","EPIE",0.885380241418847
20,"diverse","EPIE",0.866197518715498
20,"forestmangr","EPIE",1
20,"microbiome","EPIE",0.885380241418847
20,"OTUtable","EPIE",0.885380241418847
20,"pctax","EPIE",0.8854
20,"sprex","EPIE",0.885380241418847
20,"tabula","EPIE",0.885380241418847
20,"custom","ESHE",0.589875668914211
20,"adiv","ESP",0.397754484547223
20,"codyn","ESP",0.573468328141225
20,"sprex","ESP",0.0407732669104502
20,"tabula","ESP",0.397754484547223
20,"abdiv","EST",0.429300699300699
20,"adiv","QHIL_0",100
20,"adiv","QHIL_1",58.9875668914211
20,"adiv","QHIL_2",39.7754484547223
20,"adiv","QHIL_3",31.0163776341472
20,"BAT","QHIL_0",100
20,"BAT","QHIL_1",58.9875668914211
20,"BAT","QHIL_2",39.7754484547223
20,"BAT","QHIL_3",31.0163776341472
20,"benthos","QHIL_0",225
20,"benthos","QHIL_1",58.9875668914211
20,"benthos","QHIL_2",39.7754484547223
20,"benthos","QHIL_3",31.0163776341472
20,"breakaway","QHIL_0",100
20,"breakaway","QHIL_1",58.9875668914211
20,"breakaway","QHIL_2",39.7754484547223
20,"breakaway","QHIL_3",31.0163776341472
20,"chemodiv","QHIL_0",100
20,"chemodiv","QHIL_1",58.9875668914211
20,"chemodiv","QHIL_2",39.7754484547223
20,"chemodiv","QHIL_3",31.0163776341472
20,"divDyn","QHIL_2",39.7754484547223
20,"divent","QHIL_0",100
20,"divent","QHIL_1",58.9875668914211
20,"divent","QHIL_2",39.7754484547223
20,"divent","QHIL_3",31.0163776341462
20,"entropart","QHIL_0",100
20,"entropart","QHIL_1",58.9875668914211
20,"entropart","QHIL_2",39.7754484547223
20,"entropart","QHIL_3",31.0163776341478
20,"EntropyEstimation","QHIL_1",66.8803143103491
20,"EntropyEstimation","QHIL_2",43.7379704621248
20,"EntropyEstimation","QHIL_3",33.6968198662704
20,"hilldiv","QHIL_0",100
20,"hilldiv","QHIL_1",58.9878533883023
20,"hilldiv","QHIL_2",39.7754484547223
20,"hilldiv","QHIL_3",31.0163776341472
20,"hillR","QHIL_0",100
20,"hillR","QHIL_1",58.9875668914211
20,"hillR","QHIL_2",39.7754484547223
20,"hillR","QHIL_3",31.0163776341472
20,"sprex","QHIL_0",100
20,"sprex","QHIL_1",58.9875668914211
20,"sprex","QHIL_2",39.7754484547223
20,"sprex","QHIL_3",31.0163776341472
20,"vegan","QHIL_0",100
20,"vegan","QHIL_1",58.9875668914211
20,"vegan","QHIL_2",39.7754484547223
20,"vegan","QHIL_3",31.0163776341472
20,"adiv","QREN_0",4.60517018598809
20,"adiv","QREN_1",4.07732669104502
20,"adiv","QREN_2",3.68324984894903
20,"adiv","QREN_3",3.43451537575708
20,"BiodiversityR","QREN_0",4.60517018598809
20,"BiodiversityR","QREN_1",4.07732669104502
20,"BiodiversityR","QREN_2",3.68324984894903
20,"BiodiversityR","QREN_3",3.43451537575708
20,"diverse","QREN_0",4.59511985013459
20,"diverse","QREN_1",3.98028141238691
20,"diverse","QREN_2",3.41113218548924
20,"diverse","QREN_3",3.01804632579901
20,"EntropyEstimation","QREN_1",4.20290466838187
20,"EntropyEstimation","QREN_2",3.77821661412924
20,"EntropyEstimation","QREN_3",3.51740346691953
20,"seewave","QREN_2",0.68005569204828
20,"seewave","QREN_3",0.634130677870278
20,"sprex","QREN_0",4.60517018598809
20,"sprex","QREN_1",4.07732669104502
20,"sprex","QREN_2",3.68324984894903
20,"sprex","QREN_3",3.43451537575708
20,"statcomp","QREN_1",0.752815935499551
20,"statcomp","QREN_2",0.680055681288682
20,"statcomp","QREN_3",0.634130669800581
20,"vegan","QREN_0",4.60517018598809
20,"vegan","QREN_1",4.07732669104502
20,"vegan","QREN_2",3.68324984894903
20,"vegan","QREN_3",3.43451537575708
20,"adiv","QTSA_0",99
20,"adiv","QTSA_1",4.07732669104502
20,"adiv","QTSA_2",0.974858862970751
20,"adiv","QTSA_3",0.499480257952555
20,"divent","QTSA_0",99
20,"divent","QTSA_1",4.07732669104502
20,"divent","QTSA_2",0.974858862970751
20,"divent","QTSA_3",0.499480257952555
20,"entropart","QTSA_0",99
20,"entropart","QTSA_1",4.07732669104502
20,"entropart","QTSA_2",0.974858862970751
20,"entropart","QTSA_3",0.499480257952555
20,"EntropyEstimation","QTSA_1",4.20290466838187
20,"EntropyEstimation","QTSA_2",0.977136570594515
20,"EntropyEstimation","QTSA_3",0.4995596559102
20,"vegan","QTSA_0",99
20,"vegan","QTSA_1",4.07732669104502
20,"vegan","QTSA_2",0.974858862970751
20,"vegan","QTSA_3",0.499480257952555
20,"BAT","RACE",147.592809595781
20,"ecodive","RACE",147.592809595781
20,"fossil","RACE",115.545454545455
20,"pctax","RACE",147.5928
20,"sprex","RACE",429
20,"tabula","RACE",147.592809595781
20,"vegan","RACE",147.592809595781
20,"wiqid","RACE",147.592809595781
20,"BiodiversityR","RBOO",100
20,"wiqid","RBOO",225
20,"BAT","RC1",133.47619047619
20,"BiodiversityR","RC1",100
20,"biosampleR","RC1",132.47619047619
20,"iNEXT","RC1",136.016
20,"microbiome","RC1",133.47619047619
20,"pctax","RC1",133.4762
20,"rareNMtests","RC1",100
20,"SpadeR","RC1",100
20,"SSP","RC1",100
20,"vegan","RC1",133.47619047619
20,"wiqid","RC1",136.1
20,"BAT","RC1M",152.750152380952
20,"divent","RC1M",136.015850815851
20,"ecodive","RC1M",136.1
20,"entropart","RC1M",136.015850815851
20,"fossil","RC1M",136.1
20,"mobr","RC1M",136.015850815851
20,"OTUtable","RC1M",136.1
20,"tabula","RC1M",136.015850815851
20,"wiqid","RC1M",136.1
20,"BAT","RCA2",226.654939664421
20,"divDyn","RCA2",133.141428571429
20,"fossil","RCA2",136.1
20,"tabula","RCA2",100
20,"wiqid","RCA2",100
20,"benthos","RHUR_2",1.97713657059434
20,"benthos","RHUR_3",2.93229039996301
20,"divent","RHUR_2",43.7379704700297
20,"divent","RHUR_3",43.9709838676314
20,"entropart","RHUR_2",1.97713657059433
20,"entropart","RHUR_3",2.93229039996302
20,"mobsim","RHUR_2",1.97713657059434
20,"mobsim","RHUR_3",2.93229039996301
20,"tabula","RHUR_2",1.97713657051844
20,"tabula","RHUR_3",2.93229039991154
20,"vegan","RHUR_2",1.97713657059434
20,"vegan","RHUR_3",2.93229039996301
20,"BAT","RICE",219.046627565411
20,"fossil","RICE",115.545454545455
20,"tabula","RICE",100
20,"wiqid","RICE",100
20,"BAT","RJA1",138
20,"BiodiversityR","RJA1",100
20,"divent","RJA1",156
20,"entropart","RJA1",156
20,"fossil","RJA1",137.911421911422
20,"SSP","RJA1",100
20,"tabula","RJA1",4.06024110380279
20,"wiqid","RJA1",138
20,"BAT","RJA2",156
20,"BiodiversityR","RJA2",100
20,"fossil","RJA2",155.608282683049
20,"SSP","RJA2",100
20,"wiqid","RJA2",156
20,"asbio","RLMD",172.558887496441
20,"sads","RLMD",0.93832792655346
20,"vegan","RLMD",122.246393837686
20,"wiqid","RMM",0
20,"divDyn","RSQ",137.069190694681
20,"ecodive","RSQ",137.069190694681
20,"tabula","RSQ",137.069190694681
21,"custom","RICH",99
21,"abdiv","D1SP",0.968605824682814
21,"ade4","D1SP",0.968605824682815
21,"adiv","D1SP",0.968605824682814
21,"agricolae","D1SP",0.968605824682814
21,"asbio","D1SP",0.968605824682814
21,"BiodiversityR","D1SP",0.96860582
21,"biosampleR","D1SP",0.949929558186274
21,"breakaway","D1SP",0.968605824682814
21,"catsim","D1SP",0.638182716049383
21,"concstats","D1SP",0.995675866854095
21,"CUB","D1SP",0.97292995782872
21,"DescTools","D1SP",0.968605824682815
21,"divent","D1SP",0.968605824682814
21,"diverse","D1SP",0.949929558186274
21,"ecodive","D1SP",0.968605824682814
21,"entropart","D1SP",0.968605824682814
21,"lawstat","D1SP",0.814250700280112
21,"MCPAN","D1SP",0.968605824682814
21,"microbiome","D1SP",0.968605824682814
21,"PCRA","D1SP",0.968605824682814
21,"RoughSets","D1SP",0.968605824682814
21,"simboot","D1SP",0.968605824682814
21,"sprex","D1SP",0.968605824682814
21,"untb","D1SP",0.970985691573927
21,"vegan","D1SP",0.968605824682814
21,"abdiv","DBRI",3.64239782147882
21,"ecodive","DBRI",3.64239782147882
21,"tabula","DBRI",3.64239782147882
21,"wiqid","DBRI",38.183283742663
21,"BiodiversityR","DFIS",41.5872796
21,"ecodive","DFIS",41.587
21,"microbiome","DFIS",41.5872795981911
21,"preseqR","DFIS",8.37656590563889
21,"sads","DFIS",41.5872793186036
21,"vegan","DFIS",41.5872795981911
21,"custom","DGLE",16.4690733463886
21,"custom","DGOO_1_1",3.96992512347409
21,"custom","DGOO_1_2",0.312621545940505
21,"custom","DGOO_1_3",1
21,"custom","DGOO_2_1",0.0958568637530403
21,"custom","DGOO_2_2",1.09037478099799
21,"custom","DGOO_2_3",1
21,"custom","DGOO_3_1",0.00496482078710298
21,"custom","DGOO_3_2",0.0385817898376451
21,"custom","DGOO_3_3",1
21,"abdiv","DINVSP",31.8530424799082
21,"adiv","DINVSP",31.8530424799082
21,"asbio","DINVSP",31.8530424799082
21,"BiodiversityR","DINVSP",31.85304248
21,"breakaway","DINVSP",31.8530424799082
21,"chemodiv","DINVSP",31.8530424799082
21,"codyn","DINVSP",8.1207729468599
21,"divseg","DINVSP",1.03139417531719
21,"ecodive","DINVSP",31.8530424799082
21,"microbiome","DINVSP",31.8530424799082
21,"sprex","DINVSP",31.8530424799082
21,"vegan","DINVSP",31.8530424799082
21,"wiqid","DINVSP",31.8530424799082
21,"custom","DKO",0.0917431192660551
21,"abdiv","DMC",0.865673193886308
21,"adiv","DMC",0.865673193886308
21,"agricolae","DMC",0.865673193886308
21,"ecodive","DMC",0.865673193886308
21,"forestHES","DMC",0.865673193886308
21,"tabula","DMC",0.865673193886308
21,"abdiv","DMG",16.3027190701624
21,"adiv","DMG",16.3027190701624
21,"agricolae","DMG",37.2633578746569
21,"ecodive","DMG",16.3027190701624
21,"tabula","DMG",16.3027190701624
21,"abdiv","DMN",4.90123033773454
21,"adiv","DMN",4.90123033773454
21,"ecodive","DMN",4.90123033773454
21,"tabula","DMN",4.90123033773454
21,"custom","DOD",242.647058823529
21,"abdiv","DQ",0
21,"ade4","DRAO",0.968605824682814
21,"BAT","DRAO",0.968605824682874
21,"SYNCSA","DRAO",0.968605824682814
21,"abdiv","DSHA",3.96992512347409
21,"adiv","DSHA",3.96992512347409
21,"aqp","DSHA",5.72739128833657
21,"asbio","DSHA",3.96992512347409
21,"benthos","DSHA",0
21,"BiodiversityR","DSHA",3.96992512
21,"biosampleR","DSHA",3.69389620084709
21,"chemodiv","DSHA",3.96992512347409
21,"codyn","DSHA",3.96992512347409
21,"DescTools","DSHA",5.72739128833657
21,"divDyn","DSHA",3.96992512347409
21,"divent","DSHA",3.96992512347409
21,"diverse","DSHA",3.69389620084709
21,"ecodive","DSHA",3.96992512347408
21,"EconGeo","DSHA",5.727
21,"entropart","DSHA",3.96992512347409
21,"forestmangr","DSHA",3.56
21,"HardyWeinberg","DSHA",3.96992512347409
21,"iNEXT","DSHA",3.97
21,"MCPAN","DSHA",3.96992512347409
21,"microbiome","DSHA",3.96992512347409
21,"OTUtable","DSHA",3.96992512347409
21,"pgirmess","DSHA",5.72739128833657
21,"SpiecEasi","DSHA",3.96992512347409
21,"sprex","DSHA",3.96992512347409
21,"tabula","DSHA",3.96992512347409
21,"triversity","DSHA",5.72739128833657
21,"vegan","DSHA",3.96992512347409
21,"wavethresh","DSHA",-30916.3305713001
21,"wiqid","DSHA",52.9805636906047
21,"abdiv","DSP",0.0313941753171857
21,"agricolae","DSP",0.0313941753171857
21,"antitrust","DSP",313.941753171857
21,"benthos","DSP",0.0290143084260731
21,"breakaway","DSP",0.0313941753171857
21,"concstats","DSP",0.0313941753171857
21,"DescTools","DSP",0.0313941753171857
21,"diverse","DSP",0.0476094844090988
21,"divseg","DSP",1.03139417531719
21,"EconGeo","DSP",0.0313941753171857
21,"hhi","DSP",0.123140987507436
21,"ineq","DSP",0.0313941753171857
21,"microbiome","DSP",0.0313941753171857
21,"PDtoolkit","DSP",0.0313941753171857
21,"politics","DSP",0.0313941753171857
21,"REAT","DSP",0.0313941753171857
21,"sprex","DSP",0.0313941753171857
21,"tabula","DSP",0.0313941753171857
21,"triversity","DSP",0.0313941753171857
21,"abdiv","EBP",0.107843137254902
21,"agricolae","EBP",0.107843137254902
21,"BiodiversityR","EBP",0.10784314
21,"diverse","EBP",0.149870801033592
21,"dyvDyn","EBP",0.107843137254902
21,"ecodive","EBP",0.107843137254902
21,"microbiome","EBP",0.107843137254902
21,"tabula","EBP",0.107843137254902
21,"triversity","EBP",0.107843137254902
21,"wiqid","EBP",1
21,"tabula","EBRI",0.866741284523412
21,"BAT","EBU",0.536764705882353
21,"microbiome","EBU",0.536764705882353
21,"BAT","ECAM",0.988375148039014
21,"microbiome","ECAM",0.708457120221826
21,"codyn","EEQ",0.275462411765082
21,"custom","EEQ",0.000624734475493668
21,"adiv","EEVAR",0.523300863407027
21,"codyn","EEVAR",0.755928750879717
21,"custom","EEVAR",0.523300863407027
21,"microbiome","EEVAR",0.523300863407027
21,"acid","EGIN",0.810631808278867
21,"DescTools","EGIN",0.810631808278867
21,"dplR","EGIN",0.810631808278867
21,"EconGeo","EGIN",0.811
21,"giniVarCI","EGIN",0.810631808278867
21,"ineq","EGIN",0.810631808278867
21,"microbiome","EGIN",0.810631808278867
21,"REAT","EGIN",0.810631808278867
21,"shipunov","EGIN",0.810631808278867
21,"wINEQ","EGIN",0.810631808278867
21,"abdiv","EHEI",0.530413915210252
21,"adiv","EHEI",0.530413915210252
21,"custom","EHUL",0.16421568627451
21,"benthos","EHURE",0.970985691573927
21,"BiodiversityR","EHURE",0.97098569
21,"mobr","EHURE",0.970985691573927
21,"vegan","EHURE",0.970985691574237
21,"custom","ELR",0.198882246565793
21,"abdiv","EMC",0.233078213807377
21,"tabula","EMC",0.91475202195378
21,"microbiome","EMN",0.16421568627451
21,"custom","ENHC",-0.0309342181264724
21,"custom","EPAT",0.0748199349583548
21,"abdiv","EPIE",0.863943760543658
21,"adiv","EPIE",0.863943760543658
21,"BiodiversityR","EPIE",0.86394376
21,"breakaway","EPIE",0.863943760543658
21,"chemodiv","EPIE",0.863943760543658
21,"diverse","EPIE",0.831462112955779
21,"forestmangr","EPIE",1
21,"microbiome","EPIE",0.863943760543658
21,"OTUtable","EPIE",0.863943760543658
21,"pctax","EPIE",0.8639
21,"sprex","EPIE",0.863943760543658
21,"tabula","EPIE",0.863943760543658
21,"custom","ESHE",0.535157208996007
21,"adiv","ESP",0.321747903837456
21,"codyn","ESP",0.477692526285877
21,"sprex","ESP",0.0401002537724655
21,"tabula","ESP",0.321747903837456
21,"abdiv","EST",0.45855614973262
21,"adiv","QHIL_0",99
21,"adiv","QHIL_1",52.9805636906047
21,"adiv","QHIL_2",31.8530424799082
21,"adiv","QHIL_3",22.8673458871504
21,"BAT","QHIL_0",99
21,"BAT","QHIL_1",52.9805636906047
21,"BAT","QHIL_2",31.8530424799082
21,"BAT","QHIL_3",22.8673458871504
21,"benthos","QHIL_0",225
21,"benthos","QHIL_1",52.9805636906047
21,"benthos","QHIL_2",31.8530424799082
21,"benthos","QHIL_3",22.8673458871504
21,"breakaway","QHIL_0",99
21,"breakaway","QHIL_1",52.9805636906047
21,"breakaway","QHIL_2",31.8530424799082
21,"breakaway","QHIL_3",22.8673458871504
21,"chemodiv","QHIL_0",99
21,"chemodiv","QHIL_1",52.9805636906047
21,"chemodiv","QHIL_2",31.8530424799082
21,"chemodiv","QHIL_3",22.8673458871504
21,"divDyn","QHIL_2",31.8530424799082
21,"divent","QHIL_0",99
21,"divent","QHIL_1",52.9805636906047
21,"divent","QHIL_2",31.8530424799082
21,"divent","QHIL_3",22.8673458871503
21,"entropart","QHIL_0",99
21,"entropart","QHIL_1",52.9805636906047
21,"entropart","QHIL_2",31.8530424799082
21,"entropart","QHIL_3",22.8673458871507
21,"EntropyEstimation","QHIL_1",60.4301027287656
21,"EntropyEstimation","QHIL_2",34.4657534246576
21,"EntropyEstimation","QHIL_3",24.2104923429636
21,"hilldiv","QHIL_0",99
21,"hilldiv","QHIL_1",52.9808863617856
21,"hilldiv","QHIL_2",31.8530424799082
21,"hilldiv","QHIL_3",22.8673458871504
21,"hillR","QHIL_0",99
21,"hillR","QHIL_1",52.9805636906047
21,"hillR","QHIL_2",31.8530424799082
21,"hillR","QHIL_3",22.8673458871504
21,"sprex","QHIL_0",99
21,"sprex","QHIL_1",52.9805636906047
21,"sprex","QHIL_2",31.8530424799082
21,"sprex","QHIL_3",22.8673458871504
21,"vegan","QHIL_0",99
21,"vegan","QHIL_1",52.9805636906047
21,"vegan","QHIL_2",31.8530424799082
21,"vegan","QHIL_3",22.8673458871504
21,"adiv","QREN_0",4.59511985013459
21,"adiv","QREN_1",3.96992512347409
21,"adiv","QREN_2",3.46113290272777
21,"adiv","QREN_3",3.12970994914229
21,"BiodiversityR","QREN_0",4.59511985013459
21,"BiodiversityR","QREN_1",3.96992512347409
21,"BiodiversityR","QREN_2",3.46113290272777
21,"BiodiversityR","QREN_3",3.12970994914229
21,"diverse","QREN_0",4.44265125649032
21,"diverse","QREN_1",3.69389620084709
21,"diverse","QREN_2",2.99432442875817
21,"diverse","QREN_3",2.62116846722256
21,"EntropyEstimation","QREN_1",4.10148737033505
21,"EntropyEstimation","QREN_2",3.53996617667194
21,"EntropyEstimation","QREN_3",3.1867861070903
21,"seewave","QREN_2",0.639045199953041
21,"seewave","QREN_3",0.577853023956496
21,"sprex","QREN_0",4.59511985013459
21,"sprex","QREN_1",3.96992512347409
21,"sprex","QREN_2",3.46113290272777
21,"sprex","QREN_3",3.12970994914229
21,"statcomp","QREN_1",0.732985880737786
21,"statcomp","QREN_2",0.639045188549134
21,"statcomp","QREN_3",0.577853015403565
21,"vegan","QREN_0",4.59511985013459
21,"vegan","QREN_1",3.96992512347409
21,"vegan","QREN_2",3.46113290272777
21,"vegan","QREN_3",3.12970994914229
21,"adiv","QTSA_0",98
21,"adiv","QTSA_1",3.96992512347409
21,"adiv","QTSA_2",0.968605824682814
21,"adiv","QTSA_3",0.499043822582378
21,"divent","QTSA_0",98
21,"divent","QTSA_1",3.96992512347409
21,"divent","QTSA_2",0.968605824682814
21,"divent","QTSA_3",0.499043822582378
21,"entropart","QTSA_0",98
21,"entropart","QTSA_1",3.96992512347409
21,"entropart","QTSA_2",0.968605824682814
21,"entropart","QTSA_3",0.499043822582378
21,"EntropyEstimation","QTSA_1",4.10148737033505
21,"EntropyEstimation","QTSA_2",0.970985691573927
21,"EntropyEstimation","QTSA_3",0.499146973031354
21,"vegan","QTSA_0",98
21,"vegan","QTSA_1",3.96992512347409
21,"vegan","QTSA_2",0.968605824682814
21,"vegan","QTSA_3",0.499043822582378
21,"BAT","RACE",161.934634919354
21,"ecodive","RACE",161.934634919354
21,"fossil","RACE",122.092592592593
21,"pctax","RACE",161.9346
21,"sprex","RACE",408
21,"tabula","RACE",161.934634919354
21,"vegan","RACE",161.934634919354
21,"wiqid","RACE",161.934634919354
21,"BiodiversityR","RBOO",99
21,"wiqid","RBOO",225
21,"BAT","RC1",138.260869565217
21,"BiodiversityR","RC1",99
21,"biosampleR","RC1",109.473684210526
21,"iNEXT","RC1",140.92
21,"microbiome","RC1",138.260869565217
21,"pctax","RC1",138.2609
21,"rareNMtests","RC1",99
21,"SpadeR","RC1",99
21,"SSP","RC1",99
21,"vegan","RC1",138.260869565217
21,"wiqid","RC1",141.022727272727
21,"BAT","RC1M",164.344365925394
21,"divent","RC1M",140.919730392157
21,"ecodive","RC1M",141.022727272727
21,"entropart","RC1M",140.919730392157
21,"fossil","RC1M",141.022727272727
21,"mobr","RC1M",140.919730392157
21,"OTUtable","RC1M",141.022727272727
21,"tabula","RC1M",140.919730392157
21,"wiqid","RC1M",141.022727272727
21,"BAT","RCA2",227.505482899666
21,"divDyn","RCA2",137.864295125165
21,"fossil","RCA2",141.022727272727
21,"tabula","RCA2",99
21,"wiqid","RCA2",99
21,"benthos","RHUR_2",1.97098569157424
21,"benthos","RHUR_3",2.9146631286589
21,"divent","RHUR_2",34.4657534347604
21,"divent","RHUR_3",34.8182458917801
21,"entropart","RHUR_2",1.97098569157424
21,"entropart","RHUR_3",2.9146631286589
21,"mobsim","RHUR_2",1.97098569157424
21,"mobsim","RHUR_3",2.9146631286589
21,"tabula","RHUR_2",1.97098569158056
21,"tabula","RHUR_3",2.91466312866906
21,"vegan","RHUR_2",1.97098569157424
21,"vegan","RHUR_3",2.9146631286589
21,"BAT","RICE",220.385379812258
21,"fossil","RICE",122.092592592593
21,"tabula","RICE",99
21,"wiqid","RICE",99
21,"BAT","RJA1",142
21,"BiodiversityR","RJA1",99
21,"divent","RJA1",163
21,"entropart","RJA1",163
21,"fossil","RJA1",141.894607843137
21,"SSP","RJA1",99
21,"tabula","RJA1",3.9508844859929
21,"wiqid","RJA1",142
21,"BAT","RJA2",163
21,"BiodiversityR","RJA2",99
21,"fossil","RJA2",162.529279279279
21,"SSP","RJA2",99
21,"wiqid","RJA2",163
21,"asbio","RLMD",154.868728278126
21,"sads","RLMD",0.842885201875219
21,"vegan","RLMD",134.549446952444
21,"wiqid","RMM",0
21,"divDyn","RSQ",158.571251548947
21,"ecodive","RSQ",158.571251548947
21,"tabula","RSQ",158.571251548947
22,"custom","RICH",91
22,"abdiv","D1SP",0.954831620155216
22,"ade4","D1SP",0.954831620155216
22,"adiv","D1SP",0.954831620155216
22,"agricolae","D1SP",0.954831620155216
22,"asbio","D1SP",0.954831620155216
22,"BiodiversityR","D1SP",0.95483162
22,"biosampleR","D1SP",0.948104093708489
22,"breakaway","D1SP",0.954831620155216
22,"catsim","D1SP",0.60641975308642
22,"concstats","D1SP",0.995737358838593
22,"CUB","D1SP",0.959094261316624
22,"DescTools","D1SP",0.954831620155216
22,"divent","D1SP",0.954831620155216
22,"diverse","D1SP",0.948104093708489
22,"ecodive","D1SP",0.954831620155216
22,"entropart","D1SP",0.954831620155216
22,"lawstat","D1SP",0.843023752563226
22,"MCPAN","D1SP",0.954831620155216
22,"microbiome","D1SP",0.954831620155216
22,"PCRA","D1SP",0.954831620155216
22,"RoughSets","D1SP",0.954831620155216
22,"simboot","D1SP",0.954831620155216
22,"sprex","D1SP",0.954831620155216
22,"untb","D1SP",0.957121384232327
22,"vegan","D1SP",0.954831620155216
22,"abdiv","DBRI",3.45868204902092
22,"ecodive","DBRI",3.45868204902092
22,"tabula","DBRI",3.45868204902092
22,"wiqid","DBRI",31.7750709201442
22,"BiodiversityR","DFIS",35.84847317
22,"ecodive","DFIS",35.848
22,"microbiome","DFIS",35.8484731689066
22,"preseqR","DFIS",14.418936918423
22,"sads","DFIS",35.8484717479651
22,"vegan","DFIS",35.8484731689066
22,"custom","DGLE",15.0775047553966
22,"custom","DGOO_1_1",3.75541299694752
22,"custom","DGOO_1_2",0.335762618304814
22,"custom","DGOO_1_3",1
22,"custom","DGOO_2_1",0.117402338114319
22,"custom","DGOO_2_2",1.06907292537702
22,"custom","DGOO_2_3",1
22,"custom","DGOO_3_1",0.0093748986691577
22,"custom","DGOO_3_2",0.0523712407176644
22,"custom","DGOO_3_3",1
22,"abdiv","DINVSP",22.1393816523061
22,"adiv","DINVSP",22.1393816523061
22,"asbio","DINVSP",22.1393816523061
22,"BiodiversityR","DINVSP",22.13938165
22,"breakaway","DINVSP",22.1393816523061
22,"chemodiv","DINVSP",22.1393816523061
22,"codyn","DINVSP",5.94233473980309
22,"divseg","DINVSP",1.04516837984478
22,"ecodive","DINVSP",22.1393816523061
22,"microbiome","DINVSP",22.1393816523061
22,"sprex","DINVSP",22.1393816523061
22,"vegan","DINVSP",22.1393816523061
22,"wiqid","DINVSP",22.1393816523061
22,"custom","DKO",0.165137614678899
22,"abdiv","DMC",0.827968735729785
22,"adiv","DMC",0.827968735729785
22,"agricolae","DMC",0.827968735729785
22,"ecodive","DMC",0.827968735729785
22,"forestHES","DMC",0.827968735729785
22,"tabula","DMC",0.827968735729785
22,"abdiv","DMG",14.9118178899527
22,"adiv","DMG",14.9118178899527
22,"agricolae","DMG",37.1138578594378
22,"ecodive","DMG",14.9118178899527
22,"tabula","DMG",14.9118178899527
22,"abdiv","DMN",4.45095549120512
22,"adiv","DMN",4.45095549120512
22,"ecodive","DMN",4.45095549120512
22,"tabula","DMN",4.45095549120512
22,"custom","DOD",217.703349282297
22,"abdiv","DQ",0
22,"ade4","DRAO",0.954831620155217
22,"BAT","DRAO",0.954831620155212
22,"SYNCSA","DRAO",0.954831620155216
22,"abdiv","DSHA",3.75541299694752
22,"adiv","DSHA",3.75541299694752
22,"aqp","DSHA",5.41791570718615
22,"asbio","DSHA",3.75541299694752
22,"benthos","DSHA",0
22,"BiodiversityR","DSHA",3.755413
22,"biosampleR","DSHA",3.68872115089303
22,"chemodiv","DSHA",3.75541299694752
22,"codyn","DSHA",3.75541299694752
22,"DescTools","DSHA",5.41791570718615
22,"divDyn","DSHA",3.75541299694752
22,"divent","DSHA",3.75541299694752
22,"diverse","DSHA",3.68872115089303
22,"ecodive","DSHA",3.75541299694751
22,"EconGeo","DSHA",5.418
22,"entropart","DSHA",3.75541299694752
22,"forestmangr","DSHA",3.56
22,"HardyWeinberg","DSHA",3.75541299694752
22,"iNEXT","DSHA",3.755
22,"MCPAN","DSHA",3.75541299694752
22,"microbiome","DSHA",3.75541299694752
22,"OTUtable","DSHA",3.75541299694752
22,"pgirmess","DSHA",5.41791570718615
22,"SpiecEasi","DSHA",3.75541299694752
22,"sprex","DSHA",3.75541299694752
22,"tabula","DSHA",3.75541299694752
22,"triversity","DSHA",5.41791570718614
22,"vegan","DSHA",3.75541299694752
22,"wavethresh","DSHA",-54238.0266815983
22,"wiqid","DSHA",42.7518725579033
22,"abdiv","DSP",0.0451683798447838
22,"agricolae","DSP",0.0451683798447838
22,"antitrust","DSP",451.683798447837
22,"benthos","DSP",0.0428786157676729
22,"breakaway","DSP",0.0451683798447838
22,"concstats","DSP",0.0451683798447838
22,"DescTools","DSP",0.0451683798447838
22,"diverse","DSP",0.0492840492840493
22,"divseg","DSP",1.04516837984478
22,"EconGeo","DSP",0.0451683798447838
22,"hhi","DSP",0.168284023668639
22,"ineq","DSP",0.0451683798447838
22,"microbiome","DSP",0.0451683798447838
22,"PDtoolkit","DSP",0.0451683798447838
22,"politics","DSP",0.0451683798447838
22,"REAT","DSP",0.0451683798447838
22,"sprex","DSP",0.0451683798447838
22,"tabula","DSP",0.0451683798447838
22,"triversity","DSP",0.0451683798447838
22,"abdiv","EBP",0.138755980861244
22,"agricolae","EBP",0.138755980861244
22,"BiodiversityR","EBP",0.13875598
22,"diverse","EBP",0.148351648351648
22,"dyvDyn","EBP",0.138755980861244
22,"ecodive","EBP",0.138755980861244
22,"microbiome","EBP",0.138755980861244
22,"tabula","EBP",0.138755980861244
22,"triversity","EBP",0.138755980861244
22,"wiqid","EBP",1
22,"tabula","EBRI",0.834400743119208
22,"BAT","EBU",0.526475279106858
22,"microbiome","EBU",0.526475279106858
22,"BAT","ECAM",0.986608712924502
22,"microbiome","ECAM",0.622272464377728
22,"codyn","EEQ",0.20613359810644
22,"custom","EEQ",0.000760121770156154
22,"adiv","EEVAR",0.505365710223627
22,"codyn","EEVAR",0.506553144246843
22,"custom","EEVAR",0.505365710223627
22,"microbiome","EEVAR",0.505365710223627
22,"acid","EGIN",0.839276980329612
22,"DescTools","EGIN",0.839276980329612
22,"dplR","EGIN",0.839276980329612
22,"EconGeo","EGIN",0.839
22,"giniVarCI","EGIN",0.839276980329612
22,"ineq","EGIN",0.839276980329612
22,"microbiome","EGIN",0.839276980329613
22,"REAT","EGIN",0.839276980329612
22,"shipunov","EGIN",0.839276980329613
22,"wINEQ","EGIN",0.839276980329612
22,"abdiv","EHEI",0.463909695087814
22,"adiv","EHEI",0.463909695087814
22,"custom","EHUL",0.239234449760766
22,"benthos","EHURE",0.957121384232327
22,"BiodiversityR","EHURE",0.95712138
22,"mobr","EHURE",0.957121384232327
22,"vegan","EHURE",0.957121384232227
22,"custom","ELR",0.174750388729269
22,"abdiv","EMC",0.270731079388396
22,"tabula","EMC",0.879687799200228
22,"microbiome","EMN",0.239234449760766
22,"custom","ENHC",-0.0345993370855716
22,"custom","EPAT",0.224257077427403
22,"abdiv","EPIE",0.832527147325707
22,"adiv","EPIE",0.832527147325707
22,"BiodiversityR","EPIE",0.83252715
22,"breakaway","EPIE",0.832527147325707
22,"chemodiv","EPIE",0.832527147325707
22,"diverse","EPIE",0.828117096750754
22,"forestmangr","EPIE",1
22,"microbiome","EPIE",0.832527147325707
22,"OTUtable","EPIE",0.832527147325707
22,"pctax","EPIE",0.8325
22,"sprex","EPIE",0.832527147325707
22,"tabula","EPIE",0.832527147325707
22,"custom","ESHE",0.469800797339596
22,"adiv","ESP",0.2432899082671
22,"codyn","ESP",0.396155649320206
22,"sprex","ESP",0.041268274691731
22,"tabula","ESP",0.2432899082671
22,"abdiv","EST",0.468321152531679
22,"adiv","QHIL_0",91
22,"adiv","QHIL_1",42.7518725579033
22,"adiv","QHIL_2",22.1393816523061
22,"adiv","QHIL_3",15.3625094152666
22,"BAT","QHIL_0",91
22,"BAT","QHIL_1",42.7518725579033
22,"BAT","QHIL_2",22.1393816523061
22,"BAT","QHIL_3",15.3625094152666
22,"benthos","QHIL_0",225
22,"benthos","QHIL_1",42.7518725579033
22,"benthos","QHIL_2",22.1393816523061
22,"benthos","QHIL_3",15.3625094152666
22,"breakaway","QHIL_0",91
22,"breakaway","QHIL_1",42.7518725579033
22,"breakaway","QHIL_2",22.1393816523061
22,"breakaway","QHIL_3",15.3625094152666
22,"chemodiv","QHIL_0",91
22,"chemodiv","QHIL_1",42.7518725579033
22,"chemodiv","QHIL_2",22.1393816523061
22,"chemodiv","QHIL_3",15.3625094152666
22,"divDyn","QHIL_2",22.1393816523061
22,"divent","QHIL_0",91
22,"divent","QHIL_1",42.7518725579033
22,"divent","QHIL_2",22.1393816523061
22,"divent","QHIL_3",15.3625094152664
22,"entropart","QHIL_0",91
22,"entropart","QHIL_1",42.7518725579033
22,"entropart","QHIL_2",22.1393816523061
22,"entropart","QHIL_3",15.3625094152665
22,"EntropyEstimation","QHIL_1",48.09376738344
22,"EntropyEstimation","QHIL_2",23.3216483810537
22,"EntropyEstimation","QHIL_3",15.9055828380345
22,"hilldiv","QHIL_0",91
22,"hilldiv","QHIL_1",42.752209476698
22,"hilldiv","QHIL_2",22.1393816523061
22,"hilldiv","QHIL_3",15.3625094152666
22,"hillR","QHIL_0",91
22,"hillR","QHIL_1",42.7518725579033
22,"hillR","QHIL_2",22.1393816523061
22,"hillR","QHIL_3",15.3625094152666
22,"sprex","QHIL_0",91
22,"sprex","QHIL_1",42.7518725579033
22,"sprex","QHIL_2",22.1393816523061
22,"sprex","QHIL_3",15.3625094152666
22,"vegan","QHIL_0",91
22,"vegan","QHIL_1",42.7518725579033
22,"vegan","QHIL_2",22.1393816523061
22,"vegan","QHIL_3",15.3625094152666
22,"adiv","QREN_0",4.51085950651685
22,"adiv","QREN_1",3.75541299694752
22,"adiv","QREN_2",3.09735799790701
22,"adiv","QREN_3",2.7319300877653
22,"BiodiversityR","QREN_0",4.51085950651685
22,"BiodiversityR","QREN_1",3.75541299694752
22,"BiodiversityR","QREN_2",3.09735799790701
22,"BiodiversityR","QREN_3",2.7319300877653
22,"diverse","QREN_0",4.45434729625351
22,"diverse","QREN_1",3.68872115089303
22,"diverse","QREN_2",2.95851536877074
22,"diverse","QREN_3",2.57520892344255
22,"EntropyEstimation","QREN_1",3.87315259248813
22,"EntropyEstimation","QREN_2",3.1493820442781
22,"EntropyEstimation","QREN_3",2.76667016948628
22,"seewave","QREN_2",0.571879734866284
22,"seewave","QREN_3",0.504409064266884
22,"sprex","QREN_0",4.51085950651685
22,"sprex","QREN_1",3.75541299694752
22,"sprex","QREN_2",3.09735799790701
22,"sprex","QREN_3",2.7319300877653
22,"statcomp","QREN_1",0.69337950149872
22,"statcomp","QREN_2",0.571879723028462
22,"statcomp","QREN_3",0.504409055388518
22,"vegan","QREN_0",4.51085950651685
22,"vegan","QREN_1",3.75541299694752
22,"vegan","QREN_2",3.09735799790701
22,"vegan","QREN_3",2.7319300877653
22,"adiv","QTSA_0",90
22,"adiv","QTSA_1",3.75541299694752
22,"adiv","QTSA_2",0.954831620155216
22,"adiv","QTSA_3",0.497881416038353
22,"divent","QTSA_0",90
22,"divent","QTSA_1",3.75541299694752
22,"divent","QTSA_2",0.954831620155216
22,"divent","QTSA_3",0.497881416038353
22,"entropart","QTSA_0",90
22,"entropart","QTSA_1",3.75541299694752
22,"entropart","QTSA_2",0.954831620155216
22,"entropart","QTSA_3",0.497881416038353
22,"EntropyEstimation","QTSA_1",3.87315259248813
22,"EntropyEstimation","QTSA_2",0.957121384232326
22,"EntropyEstimation","QTSA_3",0.49802361827873
22,"vegan","QTSA_0",90
22,"vegan","QTSA_1",3.75541299694752
22,"vegan","QTSA_2",0.954831620155216
22,"vegan","QTSA_3",0.497881416038353
22,"BAT","RACE",141.966707241886
22,"ecodive","RACE",141.966707241886
22,"fossil","RACE",108.688524590164
22,"pctax","RACE",141.9667
22,"sprex","RACE",418
22,"tabula","RACE",141.966707241886
22,"vegan","RACE",141.966707241886
22,"wiqid","RACE",141.966707241886
22,"BiodiversityR","RBOO",91
22,"wiqid","RBOO",225
22,"BAT","RC1",130
22,"BiodiversityR","RC1",91
22,"biosampleR","RC1",127.625
22,"iNEXT","RC1",133.149
22,"microbiome","RC1",130
22,"pctax","RC1",130
22,"rareNMtests","RC1",91
22,"SpadeR","RC1",91
22,"SSP","RC1",91
22,"vegan","RC1",130
22,"wiqid","RC1",133.25
22,"BAT","RC1M",153.877551020408
22,"divent","RC1M",133.148923444976
22,"ecodive","RC1M",133.25
22,"entropart","RC1M",133.148923444976
22,"fossil","RC1M",133.25
22,"mobr","RC1M",133.148923444976
22,"OTUtable","RC1M",133.25
22,"tabula","RC1M",133.148923444976
22,"wiqid","RC1M",133.25
22,"BAT","RCA2",228.848411061895
22,"divDyn","RCA2",129.571428571429
22,"fossil","RCA2",133.25
22,"tabula","RCA2",91
22,"wiqid","RCA2",91
22,"benthos","RHUR_2",1.95712138423223
22,"benthos","RHUR_3",2.8753169161395
22,"divent","RHUR_2",23.3216484314546
22,"divent","RHUR_3",23.7229188959378
22,"entropart","RHUR_2",1.95712138423224
22,"entropart","RHUR_3",2.8753169161395
22,"mobsim","RHUR_2",1.95712138423223
22,"mobsim","RHUR_3",2.8753169161395
22,"tabula","RHUR_2",1.95712138424465
22,"tabula","RHUR_3",2.87531691617961
22,"vegan","RHUR_2",1.95712138423223
22,"vegan","RHUR_3",2.8753169161395
22,"BAT","RICE",221.338862753036
22,"fossil","RICE",108.688524590164
22,"tabula","RICE",91
22,"wiqid","RICE",91
22,"BAT","RJA1",130
22,"BiodiversityR","RJA1",91
22,"divent","RJA1",151
22,"entropart","RJA1",151
22,"fossil","RJA1",129.906698564593
22,"SSP","RJA1",91
22,"tabula","RJA1",3.73175061768518
22,"wiqid","RJA1",130
22,"BAT","RJA2",151
22,"BiodiversityR","RJA2",91
22,"fossil","RJA2",150.569274723762
22,"SSP","RJA2",91
22,"wiqid","RJA2",151
22,"asbio","RLMD",154.193616660918
22,"sads","RLMD",0.878440493368282
22,"vegan","RLMD",129.149592828783
22,"wiqid","RMM",0
22,"divDyn","RSQ",161.125497298087
22,"ecodive","RSQ",161.125497298087
22,"tabula","RSQ",161.125497298087
23,"custom","RICH",99
23,"abdiv","D1SP",0.972352941176471
23,"ade4","D1SP",0.972352941176471
23,"adiv","D1SP",0.972352941176471
23,"agricolae","D1SP",0.972352941176471
23,"asbio","D1SP",0.972352941176471
23,"BiodiversityR","D1SP",0.97235294
23,"biosampleR","D1SP",0.964607755785585
23,"breakaway","D1SP",0.972352941176471
23,"catsim","D1SP",0.635377777777778
23,"concstats","D1SP",0.995659138655462
23,"CUB","D1SP",0.976693802521008
23,"DescTools","D1SP",0.972352941176471
23,"divent","D1SP",0.972352941176471
23,"diverse","D1SP",0.964607755785585
23,"ecodive","D1SP",0.972352941176471
23,"entropart","D1SP",0.972352941176471
23,"lawstat","D1SP",0.794275210084034
23,"MCPAN","D1SP",0.972352941176471
23,"microbiome","D1SP",0.972352941176471
23,"PCRA","D1SP",0.972352941176471
23,"RoughSets","D1SP",0.972352941176471
23,"simboot","D1SP",0.972352941176471
23,"sprex","D1SP",0.972352941176471
23,"untb","D1SP",0.975221238938053
23,"vegan","D1SP",0.972352941176471
23,"abdiv","DBRI",3.68046470986988
23,"ecodive","DBRI",3.68046470986988
23,"tabula","DBRI",3.68046470986988
23,"wiqid","DBRI",39.6648224247901
23,"BiodiversityR","DFIS",46.92764229
23,"ecodive","DFIS",46.928
23,"microbiome","DFIS",46.9276422867511
23,"preseqR","DFIS",9.49693521159992
23,"sads","DFIS",46.9276434133441
23,"vegan","DFIS",46.9276422867511
23,"custom","DGLE",16.9842037470558
23,"custom","DGOO_1_1",4.06257504046825
23,"custom","DGOO_1_2",0.300157875105765
23,"custom","DGOO_1_3",1
23,"custom","DGOO_2_1",0.0887174217728679
23,"custom","DGOO_2_2",1.07770982493456
23,"custom","DGOO_2_3",1
23,"custom","DGOO_3_1",0.00391875890144456
23,"custom","DGOO_3_2",0.0346555572214538
23,"custom","DGOO_3_3",1
23,"abdiv","DINVSP",36.1702127659574
23,"adiv","DINVSP",36.1702127659574
23,"asbio","DINVSP",36.1702127659574
23,"BiodiversityR","DINVSP",36.17021277
23,"breakaway","DINVSP",36.1702127659574
23,"chemodiv","DINVSP",36.1702127659574
23,"codyn","DINVSP",5.70801033591731
23,"divseg","DINVSP",1.02764705882353
23,"ecodive","DINVSP",36.1702127659574
23,"microbiome","DINVSP",36.1702127659574
23,"sprex","DINVSP",36.1702127659574
23,"vegan","DINVSP",36.1702127659574
23,"wiqid","DINVSP",36.1702127659574
23,"custom","DKO",0.0917431192660551
23,"abdiv","DMC",0.881533837377063
23,"adiv","DMC",0.881533837377063
23,"agricolae","DMC",0.881533837377063
23,"ecodive","DMC",0.881533837377063
23,"forestHES","DMC",0.881533837377063
23,"tabula","DMC",0.881533837377063
23,"abdiv","DMG",16.8126461334492
23,"adiv","DMG",16.8126461334492
23,"agricolae","DMG",38.4289054478839
23,"ecodive","DMG",16.8126461334492
23,"tabula","DMG",16.8126461334492
23,"abdiv","DMN",5.36902883101174
23,"adiv","DMN",5.36902883101174
23,"ecodive","DMN",5.36902883101174
23,"tabula","DMN",5.36902883101174
23,"custom","DOD",291.176470588235
23,"abdiv","DQ",0
23,"ade4","DRAO",0.972352941176471
23,"BAT","DRAO",0.972352941176453
23,"SYNCSA","DRAO",0.97235294117647
23,"abdiv","DSHA",4.06257504046825
23,"adiv","DSHA",4.06257504046825
23,"aqp","DSHA",5.86105686412282
23,"asbio","DSHA",4.06257504046825
23,"benthos","DSHA",0
23,"BiodiversityR","DSHA",4.06257504
23,"biosampleR","DSHA",3.81405950494229
23,"chemodiv","DSHA",4.06257504046825
23,"codyn","DSHA",4.06257504046825
23,"DescTools","DSHA",5.86105686412282
23,"divDyn","DSHA",4.06257504046825
23,"divent","DSHA",4.06257504046825
23,"diverse","DSHA",3.81405950494229
23,"ecodive","DSHA",4.06257504046825
23,"EconGeo","DSHA",5.861
23,"entropart","DSHA",4.06257504046825
23,"forestmangr","DSHA",3.56
23,"HardyWeinberg","DSHA",4.06257504046825
23,"iNEXT","DSHA",4.063
23,"MCPAN","DSHA",4.06257504046825
23,"microbiome","DSHA",4.06257504046825
23,"OTUtable","DSHA",4.06257504046825
23,"pgirmess","DSHA",5.86105686412282
23,"SpiecEasi","DSHA",4.06257504046825
23,"sprex","DSHA",4.06257504046825
23,"tabula","DSHA",4.06257504046825
23,"triversity","DSHA",5.86105686412282
23,"vegan","DSHA",4.06257504046825
23,"wavethresh","DSHA",-16747.1524738774
23,"wiqid","DSHA",58.1237896501943
23,"abdiv","DSP",0.0276470588235294
23,"agricolae","DSP",0.0276470588235294
23,"antitrust","DSP",276.470588235294
23,"benthos","DSP",0.0247787610619469
23,"breakaway","DSP",0.0276470588235294
23,"concstats","DSP",0.0276470588235294
23,"DescTools","DSP",0.0276470588235294
23,"diverse","DSP",0.0333043486391219
23,"divseg","DSP",1.02764705882353
23,"EconGeo","DSP",0.0276470588235294
23,"hhi","DSP",0.175192394748755
23,"ineq","DSP",0.0276470588235294
23,"microbiome","DSP",0.0276470588235294
23,"PDtoolkit","DSP",0.0276470588235294
23,"politics","DSP",0.0276470588235294
23,"REAT","DSP",0.0276470588235294
23,"sprex","DSP",0.0276470588235294
23,"tabula","DSP",0.0276470588235294
23,"triversity","DSP",0.0276470588235294
23,"abdiv","EBP",0.0764705882352941
23,"agricolae","EBP",0.0764705882352941
23,"BiodiversityR","EBP",0.07647059
23,"diverse","EBP",0.0842332613390929
23,"dyvDyn","EBP",0.0764705882352941
23,"ecodive","EBP",0.0764705882352941
23,"microbiome","EBP",0.0764705882352941
23,"tabula","EBP",0.0764705882352941
23,"triversity","EBP",0.0764705882352941
23,"wiqid","EBP",1
23,"tabula","EBRI",0.888319359832826
23,"BAT","EBU",0.581542617046819
23,"microbiome","EBU",0.581542617046819
23,"BAT","ECAM",0.989297537196697
23,"microbiome","ECAM",0.63784907902555
23,"codyn","EEQ",0.237239203525349
23,"custom","EEQ",0.000561472661627978
23,"adiv","EEVAR",0.588498230512254
23,"codyn","EEVAR",0.604452583698222
23,"custom","EEVAR",0.588498230512254
23,"microbiome","EEVAR",0.588498230512254
23,"acid","EGIN",0.790745098039216
23,"DescTools","EGIN",0.790745098039216
23,"dplR","EGIN",0.790745098039216
23,"EconGeo","EGIN",0.791
23,"giniVarCI","EGIN",0.790745098039216
23,"ineq","EGIN",0.790745098039216
23,"microbiome","EGIN",0.790745098039213
23,"REAT","EGIN",0.790745098039216
23,"shipunov","EGIN",0.790745098039213
23,"wINEQ","EGIN",0.790745098039216
23,"abdiv","EHEI",0.582895812757084
23,"adiv","EHEI",0.582895812757084
23,"custom","EHUL",0.144117647058824
23,"benthos","EHURE",0.975221238938053
23,"BiodiversityR","EHURE",0.97522124
23,"mobr","EHURE",0.975221238938053
23,"vegan","EHURE",0.975221238937991
23,"custom","ELR",0.218189257706938
23,"abdiv","EMC",0.233412952707054
23,"tabula","EMC",0.92688099796595
23,"microbiome","EMN",0.144117647058824
23,"custom","ENHC",-0.0278000551247675
23,"custom","EPAT",0.010276549603925
23,"abdiv","EPIE",0.884106437473934
23,"adiv","EPIE",0.884106437473934
23,"BiodiversityR","EPIE",0.88410644
23,"breakaway","EPIE",0.884106437473934
23,"chemodiv","EPIE",0.884106437473934
23,"diverse","EPIE",0.847604628722521
23,"forestmangr","EPIE",1
23,"microbiome","EPIE",0.884106437473934
23,"OTUtable","EPIE",0.884106437473934
23,"pctax","EPIE",0.8841
23,"sprex","EPIE",0.884106437473934
23,"tabula","EPIE",0.884106437473934
23,"custom","ESHE",0.587108986365599
23,"adiv","ESP",0.365355684504621
23,"codyn","ESP",0.380534022394487
23,"sprex","ESP",0.0410361115198813
23,"tabula","ESP",0.365355684504621
23,"abdiv","EST",0.414230540701129
23,"adiv","QHIL_0",99
23,"adiv","QHIL_1",58.1237896501943
23,"adiv","QHIL_2",36.1702127659574
23,"adiv","QHIL_3",27.0167800303632
23,"BAT","QHIL_0",99
23,"BAT","QHIL_1",58.1237896501943
23,"BAT","QHIL_2",36.1702127659574
23,"BAT","QHIL_3",27.0167800303632
23,"benthos","QHIL_0",225
23,"benthos","QHIL_1",58.1237896501943
23,"benthos","QHIL_2",36.1702127659574
23,"benthos","QHIL_3",27.0167800303632
23,"breakaway","QHIL_0",99
23,"breakaway","QHIL_1",58.1237896501943
23,"breakaway","QHIL_2",36.1702127659574
23,"breakaway","QHIL_3",27.0167800303632
23,"chemodiv","QHIL_0",99
23,"chemodiv","QHIL_1",58.1237896501943
23,"chemodiv","QHIL_2",36.1702127659574
23,"chemodiv","QHIL_3",27.0167800303632
23,"divDyn","QHIL_2",36.1702127659574
23,"divent","QHIL_0",99
23,"divent","QHIL_1",58.1237896501943
23,"divent","QHIL_2",36.1702127659574
23,"divent","QHIL_3",27.0167800303624
23,"entropart","QHIL_0",99
23,"entropart","QHIL_1",58.1237896501943
23,"entropart","QHIL_2",36.1702127659574
23,"entropart","QHIL_3",27.016780030363
23,"EntropyEstimation","QHIL_1",68.0888623743194
23,"EntropyEstimation","QHIL_2",40.3571428571424
23,"EntropyEstimation","QHIL_3",29.4429365952732
23,"hilldiv","QHIL_0",99
23,"hilldiv","QHIL_1",58.124108843684
23,"hilldiv","QHIL_2",36.1702127659574
23,"hilldiv","QHIL_3",27.0167800303632
23,"hillR","QHIL_0",99
23,"hillR","QHIL_1",58.1237896501943
23,"hillR","QHIL_2",36.1702127659574
23,"hillR","QHIL_3",27.0167800303632
23,"sprex","QHIL_0",99
23,"sprex","QHIL_1",58.1237896501943
23,"sprex","QHIL_2",36.1702127659574
23,"sprex","QHIL_3",27.0167800303632
23,"vegan","QHIL_0",99
23,"vegan","QHIL_1",58.1237896501943
23,"vegan","QHIL_2",36.1702127659574
23,"vegan","QHIL_3",27.0167800303632
23,"adiv","QREN_0",4.59511985013459
23,"adiv","QREN_1",4.06257504046825
23,"adiv","QREN_2",3.58823592833425
23,"adiv","QREN_3",3.29645815557004
23,"BiodiversityR","QREN_0",4.59511985013459
23,"BiodiversityR","QREN_1",4.06257504046825
23,"BiodiversityR","QREN_2",3.58823592833425
23,"BiodiversityR","QREN_3",3.29645815557004
23,"diverse","QREN_0",4.49980967033027
23,"diverse","QREN_1",3.81405950494229
23,"diverse","QREN_2",3.34126257283439
23,"diverse","QREN_3",3.09815600466513
23,"EntropyEstimation","QREN_1",4.22081365167898
23,"EntropyEstimation","QREN_2",3.69776840153117
23,"EntropyEstimation","QREN_3",3.38245403736687
23,"seewave","QREN_2",0.662512829524253
23,"seewave","QREN_3",0.608640528491047
23,"sprex","QREN_0",4.59511985013459
23,"sprex","QREN_1",4.06257504046825
23,"sprex","QREN_2",3.58823592833425
23,"sprex","QREN_3",3.29645815557004
23,"statcomp","QREN_1",0.750092269119445
23,"statcomp","QREN_2",0.662512815839565
23,"statcomp","QREN_3",0.608640518227531
23,"vegan","QREN_0",4.59511985013459
23,"vegan","QREN_1",4.06257504046825
23,"vegan","QREN_2",3.58823592833425
23,"vegan","QREN_3",3.29645815557004
23,"adiv","QTSA_0",98
23,"adiv","QTSA_1",4.06257504046825
23,"adiv","QTSA_2",0.972352941176471
23,"adiv","QTSA_3",0.499314980663546
23,"divent","QTSA_0",98
23,"divent","QTSA_1",4.06257504046825
23,"divent","QTSA_2",0.972352941176471
23,"divent","QTSA_3",0.499314980663546
23,"entropart","QTSA_0",98
23,"entropart","QTSA_1",4.06257504046825
23,"entropart","QTSA_2",0.972352941176471
23,"entropart","QTSA_3",0.499314980663546
23,"EntropyEstimation","QTSA_1",4.22081365167898
23,"EntropyEstimation","QTSA_2",0.975221238938053
23,"EntropyEstimation","QTSA_3",0.49942322323494
23,"vegan","QTSA_0",98
23,"vegan","QTSA_1",4.06257504046825
23,"vegan","QTSA_2",0.972352941176471
23,"vegan","QTSA_3",0.499314980663546
23,"BAT","RACE",155.213269474574
23,"ecodive","RACE",155.213269474574
23,"fossil","RACE",121
23,"pctax","RACE",155.2133
23,"sprex","RACE",340
23,"tabula","RACE",155.213269474574
23,"vegan","RACE",155.213269474574
23,"wiqid","RACE",155.213269474574
23,"BiodiversityR","RBOO",99
23,"wiqid","RBOO",225
23,"BAT","RC1",140.130434782609
23,"BiodiversityR","RC1",99
23,"biosampleR","RC1",141.230769230769
23,"iNEXT","RC1",142.871
23,"microbiome","RC1",140.130434782609
23,"pctax","RC1",140.1304
23,"rareNMtests","RC1",99
23,"SpadeR","RC1",99
23,"SSP","RC1",99
23,"vegan","RC1",140.130434782609
23,"wiqid","RC1",143
23,"BAT","RC1M",167.810520665593
23,"divent","RC1M",142.870588235294
23,"ecodive","RC1M",143
23,"entropart","RC1M",142.870588235294
23,"fossil","RC1M",143
23,"mobr","RC1M",142.870588235294
23,"OTUtable","RC1M",143
23,"tabula","RC1M",142.870588235294
23,"wiqid","RC1M",143
23,"BAT","RCA2",230.117746353096
23,"divDyn","RCA2",139.714975845411
23,"fossil","RCA2",143
23,"tabula","RCA2",99
23,"wiqid","RCA2",99
23,"benthos","RHUR_2",1.97522123893799
23,"benthos","RHUR_3",2.92681727034394
23,"divent","RHUR_2",40.357143470429
23,"divent","RHUR_3",40.6571923753445
23,"entropart","RHUR_2",1.97522123893799
23,"entropart","RHUR_3",2.92681727034395
23,"mobsim","RHUR_2",1.97522123893799
23,"mobsim","RHUR_3",2.92681727034394
23,"tabula","RHUR_2",1.97522123895834
23,"tabula","RHUR_3",2.92681727038829
23,"vegan","RHUR_2",1.97522123893799
23,"vegan","RHUR_3",2.92681727034394
23,"BAT","RICE",222.291641098779
23,"fossil","RICE",121
23,"tabula","RICE",99
23,"wiqid","RICE",99
23,"BAT","RJA1",143
23,"BiodiversityR","RJA1",99
23,"divent","RJA1",165
23,"entropart","RJA1",165
23,"fossil","RJA1",142.870588235294
23,"SSP","RJA1",99
23,"tabula","RJA1",4.04522650371653
23,"wiqid","RJA1",143
23,"BAT","RJA2",165
23,"BiodiversityR","RJA2",99
23,"fossil","RJA2",164.417456186014
23,"SSP","RJA2",99
23,"wiqid","RJA2",165
23,"asbio","RLMD",168.132557108075
23,"sads","RLMD",0.763439457676506
23,"vegan","RLMD",131.198975028959
23,"wiqid","RMM",0
23,"divDyn","RSQ",154.620581784186
23,"ecodive","RSQ",154.620581784186
23,"tabula","RSQ",154.620581784186
24,"custom","RICH",95
24,"abdiv","D1SP",0.969426801332778
24,"ade4","D1SP",0.969426801332778
24,"adiv","D1SP",0.969426801332778
24,"agricolae","D1SP",0.969426801332778
24,"asbio","D1SP",0.969426801332778
24,"BiodiversityR","D1SP",0.9694268
24,"biosampleR","D1SP",0.960265927977839
24,"breakaway","D1SP",0.969426801332778
24,"catsim","D1SP",0.628108641975309
24,"concstats","D1SP",0.995672201779764
24,"CUB","D1SP",0.973754599553014
24,"DescTools","D1SP",0.969426801332778
24,"divent","D1SP",0.969426801332778
24,"diverse","D1SP",0.960265927977839
24,"ecodive","D1SP",0.969426801332778
24,"entropart","D1SP",0.969426801332778
24,"lawstat","D1SP",0.813206086005831
24,"MCPAN","D1SP",0.969426801332778
24,"microbiome","D1SP",0.969426801332778
24,"PCRA","D1SP",0.969426801332778
24,"RoughSets","D1SP",0.969426801332778
24,"simboot","D1SP",0.969426801332778
24,"sprex","D1SP",0.969426801332778
24,"untb","D1SP",0.971906153765854
24,"vegan","D1SP",0.969426801332778
24,"abdiv","DBRI",3.64712497588262
24,"ecodive","DBRI",3.64712497588262
24,"tabula","DBRI",3.64712497588262
24,"wiqid","DBRI",38.3642093152039
24,"BiodiversityR","DFIS",39.87658462
24,"ecodive","DFIS",39.877
24,"microbiome","DFIS",39.8765846215039
24,"preseqR","DFIS",9.03510571649548
24,"sads","DFIS",39.8765813943735
24,"vegan","DFIS",39.8765846215039
24,"custom","DGLE",15.9095351282291
24,"custom","DGOO_1_1",3.9794271267543
24,"custom","DGOO_1_2",0.310710899994558
24,"custom","DGOO_1_3",1
24,"custom","DGOO_2_1",0.0945796780286788
24,"custom","DGOO_2_2",1.08940578017971
24,"custom","DGOO_2_3",1
24,"custom","DGOO_3_1",0.00468798965082593
24,"custom","DGOO_3_2",0.0380245410766115
24,"custom","DGOO_3_3",1
24,"abdiv","DINVSP",32.708386547467
24,"adiv","DINVSP",32.708386547467
24,"asbio","DINVSP",32.708386547467
24,"BiodiversityR","DINVSP",32.70838655
24,"breakaway","DINVSP",32.708386547467
24,"chemodiv","DINVSP",32.708386547467
24,"codyn","DINVSP",7.01369863013699
24,"divseg","DINVSP",1.03057319866722
24,"ecodive","DINVSP",32.708386547467
24,"microbiome","DINVSP",32.708386547467
24,"sprex","DINVSP",32.708386547467
24,"vegan","DINVSP",32.708386547467
24,"wiqid","DINVSP",32.708386547467
24,"custom","DKO",0.128440366972477
24,"abdiv","DMC",0.869041279434063
24,"adiv","DMC",0.869041279434063
24,"agricolae","DMC",0.869041279434063
24,"ecodive","DMC",0.869041279434063
24,"forestHES","DMC",0.869041279434063
24,"tabula","DMC",0.869041279434063
24,"abdiv","DMG",15.7420663374056
24,"adiv","DMG",15.7420663374056
24,"agricolae","DMG",37.5130091444559
24,"ecodive","DMG",15.7420663374056
24,"tabula","DMG",15.7420663374056
24,"abdiv","DMN",4.798224586623
24,"adiv","DMN",4.798224586623
24,"ecodive","DMN",4.798224586623
24,"tabula","DMN",4.798224586623
24,"custom","DOD",242.34693877551
24,"abdiv","DQ",0
24,"ade4","DRAO",0.969426801332777
24,"BAT","DRAO",0.969426801332731
24,"SYNCSA","DRAO",0.969426801332777
24,"abdiv","DSHA",3.9794271267543
24,"adiv","DSHA",3.9794271267543
24,"aqp","DSHA",5.74109978134745
24,"asbio","DSHA",3.9794271267543
24,"benthos","DSHA",0
24,"BiodiversityR","DSHA",3.97942713
24,"biosampleR","DSHA",3.8515981793755
24,"chemodiv","DSHA",3.9794271267543
24,"codyn","DSHA",3.9794271267543
24,"DescTools","DSHA",5.74109978134745
24,"divDyn","DSHA",3.9794271267543
24,"divent","DSHA",3.9794271267543
24,"diverse","DSHA",3.8515981793755
24,"ecodive","DSHA",3.9794271267543
24,"EconGeo","DSHA",5.741
24,"entropart","DSHA",3.9794271267543
24,"forestmangr","DSHA",3.56
24,"HardyWeinberg","DSHA",3.9794271267543
24,"iNEXT","DSHA",3.979
24,"MCPAN","DSHA",3.9794271267543
24,"microbiome","DSHA",3.9794271267543
24,"OTUtable","DSHA",3.9794271267543
24,"pgirmess","DSHA",5.74109978134745
24,"SpiecEasi","DSHA",3.9794271267543
24,"sprex","DSHA",3.9794271267543
24,"tabula","DSHA",3.9794271267543
24,"triversity","DSHA",5.74109978134745
24,"vegan","DSHA",3.9794271267543
24,"wavethresh","DSHA",-27038.9929574734
24,"wiqid","DSHA",53.4863845304271
24,"abdiv","DSP",0.030573198667222
24,"agricolae","DSP",0.030573198667222
24,"antitrust","DSP",305.73198667222
24,"benthos","DSP",0.0280938462341458
24,"breakaway","DSP",0.030573198667222
24,"concstats","DSP",0.030573198667222
24,"DescTools","DSP",0.030573198667222
24,"diverse","DSP",0.0377081945369754
24,"divseg","DSP",1.03057319866722
24,"EconGeo","DSP",0.030573198667222
24,"hhi","DSP",0.142578125
24,"ineq","DSP",0.030573198667222
24,"microbiome","DSP",0.030573198667222
24,"PDtoolkit","DSP",0.030573198667222
24,"politics","DSP",0.030573198667222
24,"REAT","DSP",0.030573198667222
24,"sprex","DSP",0.030573198667222
24,"tabula","DSP",0.030573198667222
24,"triversity","DSP",0.030573198667222
24,"abdiv","EBP",0.0969387755102041
24,"agricolae","EBP",0.0969387755102041
24,"BiodiversityR","EBP",0.09693878
24,"diverse","EBP",0.128421052631579
24,"dyvDyn","EBP",0.0969387755102041
24,"ecodive","EBP",0.0969387755102041
24,"microbiome","EBP",0.0969387755102041
24,"tabula","EBP",0.0969387755102041
24,"triversity","EBP",0.0969387755102041
24,"wiqid","EBP",1
24,"tabula","EBRI",0.876341365155553
24,"BAT","EBU",0.576937689969605
24,"microbiome","EBU",0.576937689969605
24,"BAT","ECAM",0.988318440478095
24,"microbiome","ECAM",0.680665950590763
24,"codyn","EEQ",0.21265362475088
24,"custom","EEQ",0.000670687495844898
24,"adiv","EEVAR",0.54455092818871
24,"codyn","EEVAR",0.537366883735226
24,"custom","EEVAR",0.54455092818871
24,"microbiome","EEVAR",0.54455092818871
24,"acid","EGIN",0.809591836734694
24,"DescTools","EGIN",0.809591836734694
24,"dplR","EGIN",0.809591836734694
24,"EconGeo","EGIN",0.81
24,"giniVarCI","EGIN",0.809591836734694
24,"ineq","EGIN",0.809591836734694
24,"microbiome","EGIN",0.809591836734693
24,"REAT","EGIN",0.809591836734694
24,"shipunov","EGIN",0.809591836734693
24,"wINEQ","EGIN",0.809591836734694
24,"abdiv","EHEI",0.558365792876884
24,"adiv","EHEI",0.558365792876884
24,"custom","EHUL",0.158163265306122
24,"benthos","EHURE",0.971906153765854
24,"BiodiversityR","EHURE",0.97190615
24,"mobr","EHURE",0.971906153765854
24,"vegan","EHURE",0.971906153765731
24,"custom","ELR",0.209324906929089
24,"abdiv","EMC",0.229884934638994
24,"tabula","EMC",0.919485264044052
24,"microbiome","EMN",0.158163265306122
24,"custom","ENHC",-0.0318684379836115
24,"custom","EPAT",0.0682004853220132
24,"abdiv","EPIE",0.873854788234221
24,"adiv","EPIE",0.873854788234221
24,"BiodiversityR","EPIE",0.87385479
24,"breakaway","EPIE",0.873854788234221
24,"chemodiv","EPIE",0.873854788234221
24,"diverse","EPIE",0.841932571800537
24,"forestmangr","EPIE",1
24,"microbiome","EPIE",0.873854788234221
24,"OTUtable","EPIE",0.873854788234221
24,"pctax","EPIE",0.8739
24,"sprex","EPIE",0.873854788234221
24,"tabula","EPIE",0.873854788234221
24,"custom","ESHE",0.563014574004496
24,"adiv","ESP",0.344298805762811
24,"codyn","ESP",0.438356164383562
24,"sprex","ESP",0.0418887065974137
24,"tabula","ESP",0.344298805762811
24,"abdiv","EST",0.418609022556391
24,"adiv","QHIL_0",95
24,"adiv","QHIL_1",53.4863845304271
24,"adiv","QHIL_2",32.708386547467
24,"adiv","QHIL_3",24.0056118751445
24,"BAT","QHIL_0",95
24,"BAT","QHIL_1",53.4863845304271
24,"BAT","QHIL_2",32.708386547467
24,"BAT","QHIL_3",24.0056118751445
24,"benthos","QHIL_0",225
24,"benthos","QHIL_1",53.4863845304271
24,"benthos","QHIL_2",32.708386547467
24,"benthos","QHIL_3",24.0056118751445
24,"breakaway","QHIL_0",95
24,"breakaway","QHIL_1",53.4863845304271
24,"breakaway","QHIL_2",32.708386547467
24,"breakaway","QHIL_3",24.0056118751445
24,"chemodiv","QHIL_0",95
24,"chemodiv","QHIL_1",53.4863845304271
24,"chemodiv","QHIL_2",32.708386547467
24,"chemodiv","QHIL_3",24.0056118751445
24,"divDyn","QHIL_2",32.708386547467
24,"divent","QHIL_0",95
24,"divent","QHIL_1",53.4863845304271
24,"divent","QHIL_2",32.7083865474669
24,"divent","QHIL_3",24.0056118751435
24,"entropart","QHIL_0",95
24,"entropart","QHIL_1",53.4863845304271
24,"entropart","QHIL_2",32.7083865474669
24,"entropart","QHIL_3",24.0056118751438
24,"EntropyEstimation","QHIL_1",60.957446315295
24,"EntropyEstimation","QHIL_2",35.5949837436126
24,"EntropyEstimation","QHIL_3",25.5990260782875
24,"hilldiv","QHIL_0",95
24,"hilldiv","QHIL_1",53.4866923274521
24,"hilldiv","QHIL_2",32.708386547467
24,"hilldiv","QHIL_3",24.0056118751445
24,"hillR","QHIL_0",95
24,"hillR","QHIL_1",53.4863845304271
24,"hillR","QHIL_2",32.708386547467
24,"hillR","QHIL_3",24.0056118751445
24,"sprex","QHIL_0",95
24,"sprex","QHIL_1",53.4863845304271
24,"sprex","QHIL_2",32.708386547467
24,"sprex","QHIL_3",24.0056118751445
24,"vegan","QHIL_0",95
24,"vegan","QHIL_1",53.4863845304271
24,"vegan","QHIL_2",32.708386547467
24,"vegan","QHIL_3",24.0056118751445
24,"adiv","QREN_0",4.55387689160054
24,"adiv","QREN_1",3.9794271267543
24,"adiv","QREN_2",3.48763151436207
24,"adiv","QREN_3",3.17828763114543
24,"BiodiversityR","QREN_0",4.55387689160054
24,"BiodiversityR","QREN_1",3.9794271267543
24,"BiodiversityR","QREN_2",3.48763151436207
24,"BiodiversityR","QREN_3",3.17828763114543
24,"diverse","QREN_0",4.57471097850338
24,"diverse","QREN_1",3.8515981793755
24,"diverse","QREN_2",3.22554622203005
24,"diverse","QREN_3",2.86483674199957
24,"EntropyEstimation","QREN_1",4.11017601934763
24,"EntropyEstimation","QREN_2",3.57220472185149
24,"EntropyEstimation","QREN_3",3.24255430694494
24,"seewave","QREN_2",0.643937763648009
24,"seewave","QREN_3",0.586822149677418
24,"sprex","QREN_0",4.55387689160054
24,"sprex","QREN_1",3.9794271267543
24,"sprex","QREN_2",3.48763151436207
24,"sprex","QREN_3",3.17828763114543
24,"statcomp","QREN_1",0.734740280134878
24,"statcomp","QREN_2",0.643937751401831
24,"statcomp","QREN_3",0.586822140492784
24,"vegan","QREN_0",4.55387689160054
24,"vegan","QREN_1",3.9794271267543
24,"vegan","QREN_2",3.48763151436207
24,"vegan","QREN_3",3.17828763114543
24,"adiv","QTSA_0",94
24,"adiv","QTSA_1",3.9794271267543
24,"adiv","QTSA_2",0.969426801332778
24,"adiv","QTSA_3",0.499132350253721
24,"divent","QTSA_0",94
24,"divent","QTSA_1",3.9794271267543
24,"divent","QTSA_2",0.969426801332778
24,"divent","QTSA_3",0.499132350253721
24,"entropart","QTSA_0",94
24,"entropart","QTSA_1",3.9794271267543
24,"entropart","QTSA_2",0.969426801332778
24,"entropart","QTSA_3",0.499132350253721
24,"EntropyEstimation","QTSA_1",4.11017601934763
24,"EntropyEstimation","QTSA_2",0.971906153765853
24,"EntropyEstimation","QTSA_3",0.499237002493304
24,"vegan","QTSA_0",94
24,"vegan","QTSA_1",3.9794271267543
24,"vegan","QTSA_2",0.969426801332778
24,"vegan","QTSA_3",0.499132350253721
24,"BAT","RACE",133.817676568955
24,"ecodive","RACE",133.817676568955
24,"fossil","RACE",112.760869565217
24,"pctax","RACE",133.8177
24,"sprex","RACE",392
24,"tabula","RACE",133.817676568955
24,"vegan","RACE",133.817676568955
24,"wiqid","RACE",133.817676568955
24,"BiodiversityR","RBOO",95
24,"wiqid","RBOO",225
24,"BAT","RC1",136.352941176471
24,"BiodiversityR","RC1",95
24,"biosampleR","RC1",136.176470588235
24,"iNEXT","RC1",140.01
24,"microbiome","RC1",136.352941176471
24,"pctax","RC1",136.3529
24,"rareNMtests","RC1",95
24,"SpadeR","RC1",95
24,"SSP","RC1",95
24,"vegan","RC1",136.352941176471
24,"wiqid","RC1",140.125
24,"BAT","RC1M",158.169411764706
24,"divent","RC1M",140.009885204082
24,"ecodive","RC1M",140.125
24,"entropart","RC1M",140.009885204082
24,"fossil","RC1M",140.125
24,"mobr","RC1M",140.009885204082
24,"OTUtable","RC1M",140.125
24,"tabula","RC1M",140.009885204082
24,"wiqid","RC1M",140.125
24,"BAT","RCA2",231.18365774978
24,"divDyn","RCA2",135.917647058824
24,"fossil","RCA2",140.125
24,"tabula","RCA2",95
24,"wiqid","RCA2",95
24,"benthos","RHUR_2",1.97190615376573
24,"benthos","RHUR_3",2.91724445631096
24,"divent","RHUR_2",35.5949888768456
24,"divent","RHUR_3",35.9148921277486
24,"entropart","RHUR_2",1.97190615376573
24,"entropart","RHUR_3",2.91724445631095
24,"mobsim","RHUR_2",1.97190615376573
24,"mobsim","RHUR_3",2.91724445631096
24,"tabula","RHUR_2",1.9719061537223
24,"tabula","RHUR_3",2.9172444563045
24,"vegan","RHUR_2",1.97190615376573
24,"vegan","RHUR_3",2.91724445631096
24,"BAT","RICE",223.84344727051
24,"fossil","RICE",112.760869565217
24,"tabula","RICE",95
24,"wiqid","RICE",95
24,"BAT","RJA1",133
24,"BiodiversityR","RJA1",95
24,"divent","RJA1",155
24,"entropart","RJA1",155
24,"fossil","RJA1",132.90306122449
24,"SSP","RJA1",95
24,"tabula","RJA1",3.96057362917925
24,"wiqid","RJA1",133
24,"BAT","RJA2",155
24,"BiodiversityR","RJA2",95
24,"fossil","RJA2",154.540711936949
24,"SSP","RJA2",95
24,"wiqid","RJA2",155
24,"asbio","RLMD",168.693170789916
24,"sads","RLMD",0.89379857424205
24,"vegan","RLMD",112.862770935684
24,"wiqid","RMM",0
24,"divDyn","RSQ",140.209804470391
24,"ecodive","RSQ",140.209804470391
24,"tabula","RSQ",140.209804470391
25,"custom","RICH",105
25,"abdiv","D1SP",0.972615220818575
25,"ade4","D1SP",0.972615220818575
25,"adiv","D1SP",0.972615220818575
25,"agricolae","D1SP",0.972615220818575
25,"asbio","D1SP",0.972615220818575
25,"BiodiversityR","D1SP",0.97261522
25,"biosampleR","D1SP",0.963580661359392
25,"breakaway","D1SP",0.972615220818575
25,"catsim","D1SP",0.670577777777778
25,"concstats","D1SP",0.995657967764203
25,"CUB","D1SP",0.976957253054372
25,"DescTools","D1SP",0.972615220818575
25,"divent","D1SP",0.972615220818575
25,"diverse","D1SP",0.963580661359392
25,"ecodive","D1SP",0.972615220818575
25,"entropart","D1SP",0.972615220818575
25,"lawstat","D1SP",0.794743859082094
25,"MCPAN","D1SP",0.972615220818575
25,"microbiome","D1SP",0.972615220818575
25,"PCRA","D1SP",0.972615220818575
25,"RoughSets","D1SP",0.972615220818575
25,"simboot","D1SP",0.972615220818575
25,"sprex","D1SP",0.972615220818575
25,"untb","D1SP",0.974820697509773
25,"vegan","D1SP",0.972615220818575
25,"abdiv","DBRI",3.74662691098846
25,"ecodive","DBRI",3.74662691098846
25,"tabula","DBRI",3.74662691098846
25,"wiqid","DBRI",42.3778962305433
25,"BiodiversityR","DFIS",43.53982501
25,"ecodive","DFIS",43.54
25,"microbiome","DFIS",43.5398250097871
25,"preseqR","DFIS",9.97749997303488
25,"sads","DFIS",43.539825047209
25,"vegan","DFIS",43.5398250097871
25,"custom","DGLE",17.2376717048888
25,"custom","DGOO_1_1",4.07471810327544
25,"custom","DGOO_1_2",0.300035571390944
25,"custom","DGOO_1_3",1
25,"custom","DGOO_2_1",0.0884295920850966
25,"custom","DGOO_2_2",1.07711420744172
25,"custom","DGOO_2_3",1
25,"custom","DGOO_3_1",0.00381091343778439
25,"custom","DGOO_3_2",0.0344581084125875
25,"custom","DGOO_3_3",1
25,"abdiv","DINVSP",36.5166355140187
25,"adiv","DINVSP",36.5166355140187
25,"asbio","DINVSP",36.5166355140187
25,"BiodiversityR","DINVSP",36.51663551
25,"breakaway","DINVSP",36.5166355140187
25,"chemodiv","DINVSP",36.5166355140187
25,"codyn","DINVSP",7.68181818181818
25,"divseg","DINVSP",1.02738477918143
25,"ecodive","DINVSP",36.5166355140187
25,"microbiome","DINVSP",36.5166355140187
25,"sprex","DINVSP",36.5166355140187
25,"vegan","DINVSP",36.5166355140187
25,"wiqid","DINVSP",36.5166355140187
25,"custom","DKO",0.036697247706422
25,"abdiv","DMC",0.876192768950037
25,"adiv","DMC",0.876192768950037
25,"agricolae","DMC",0.876192768950037
25,"ecodive","DMC",0.876192768950037
25,"forestHES","DMC",0.876192768950037
25,"tabula","DMC",0.876192768950037
25,"abdiv","DMG",17.0735034029374
25,"adiv","DMG",17.0735034029374
25,"agricolae","DMG",36.773699637096
25,"ecodive","DMG",17.0735034029374
25,"tabula","DMG",17.0735034029374
25,"abdiv","DMN",4.99434068862219
25,"adiv","DMN",4.99434068862219
25,"ecodive","DMN",4.99434068862219
25,"tabula","DMN",4.99434068862219
25,"custom","DOD",237.556561085973
25,"abdiv","DQ",0
25,"ade4","DRAO",0.972615220818574
25,"BAT","DRAO",0.972615220818526
25,"SYNCSA","DRAO",0.972615220818574
25,"abdiv","DSHA",4.07471810327544
25,"adiv","DSHA",4.07471810327544
25,"aqp","DSHA",5.87857560061595
25,"asbio","DSHA",4.07471810327544
25,"benthos","DSHA",0
25,"BiodiversityR","DSHA",4.0747181
25,"biosampleR","DSHA",3.72496715105979
25,"chemodiv","DSHA",4.07471810327544
25,"codyn","DSHA",4.07471810327544
25,"DescTools","DSHA",5.87857560061595
25,"divDyn","DSHA",4.07471810327544
25,"divent","DSHA",4.07471810327544
25,"diverse","DSHA",3.72496715105979
25,"ecodive","DSHA",4.07471810327543
25,"EconGeo","DSHA",5.879
25,"entropart","DSHA",4.07471810327544
25,"forestmangr","DSHA",3.56
25,"HardyWeinberg","DSHA",4.07471810327544
25,"iNEXT","DSHA",4.075
25,"MCPAN","DSHA",4.07471810327544
25,"microbiome","DSHA",4.07471810327544
25,"OTUtable","DSHA",4.07471810327544
25,"pgirmess","DSHA",5.87857560061595
25,"SpiecEasi","DSHA",4.07471810327544
25,"sprex","DSHA",4.07471810327544
25,"tabula","DSHA",4.07471810327544
25,"triversity","DSHA",5.87857560061595
25,"vegan","DSHA",4.07471810327544
25,"wavethresh","DSHA",-30625.0980820058
25,"wiqid","DSHA",58.8338931687099
25,"abdiv","DSP",0.0273847791814254
25,"agricolae","DSP",0.0273847791814254
25,"antitrust","DSP",273.847791814254
25,"benthos","DSP",0.0251793024902269
25,"breakaway","DSP",0.0273847791814254
25,"concstats","DSP",0.0273847791814254
25,"DescTools","DSP",0.0273847791814254
25,"diverse","DSP",0.0341250989707047
25,"divseg","DSP",1.02738477918143
25,"EconGeo","DSP",0.0273847791814254
25,"hhi","DSP",0.130177514792899
25,"ineq","DSP",0.0273847791814254
25,"microbiome","DSP",0.0273847791814254
25,"PDtoolkit","DSP",0.0273847791814254
25,"politics","DSP",0.0273847791814254
25,"REAT","DSP",0.0273847791814254
25,"sprex","DSP",0.0273847791814254
25,"tabula","DSP",0.0273847791814254
25,"triversity","DSP",0.0273847791814254
25,"abdiv","EBP",0.0791855203619909
25,"agricolae","EBP",0.0791855203619909
25,"BiodiversityR","EBP",0.07918552
25,"diverse","EBP",0.0783847980997625
25,"dyvDyn","EBP",0.0791855203619909
25,"ecodive","EBP",0.0791855203619909
25,"microbiome","EBP",0.0791855203619909
25,"tabula","EBP",0.0791855203619909
25,"triversity","EBP",0.0791855203619909
25,"wiqid","EBP",1
25,"tabula","EBRI",0.878416676778882
25,"BAT","EBU",0.569309084580578
25,"microbiome","EBU",0.569309084580578
25,"BAT","ECAM",0.989373145707987
25,"microbiome","ECAM",0.598836457659987
25,"codyn","EEQ",0.209268952621235
25,"custom","EEQ",0.00055065414121295
25,"adiv","EEVAR",0.54289146042874
25,"codyn","EEVAR",0.513742984973204
25,"custom","EEVAR",0.54289146042874
25,"microbiome","EEVAR",0.54289146042874
25,"acid","EGIN",0.791211664152841
25,"DescTools","EGIN",0.79121166415284
25,"dplR","EGIN",0.791211664152841
25,"EconGeo","EGIN",0.791
25,"giniVarCI","EGIN",0.79121166415284
25,"ineq","EGIN",0.79121166415284
25,"microbiome","EGIN",0.79121166415284
25,"REAT","EGIN",0.791211664152841
25,"shipunov","EGIN",0.79121166415284
25,"wINEQ","EGIN",0.791211664152841
25,"abdiv","EHEI",0.556095126622211
25,"adiv","EHEI",0.556095126622211
25,"custom","EHUL",0.138009049773756
25,"benthos","EHURE",0.974820697509773
25,"BiodiversityR","EHURE",0.9748207
25,"mobr","EHURE",0.974820697509773
25,"vegan","EHURE",0.974820697509874
25,"custom","ELR",0.208113266738898
25,"abdiv","EMC",0.216303030687064
25,"tabula","EMC",0.924764282005089
25,"microbiome","EMN",0.138009049773756
25,"custom","ENHC",-0.0289173987686637
25,"custom","EPAT",0.00181723946556222
25,"abdiv","EPIE",0.875537777870737
25,"adiv","EPIE",0.875537777870737
25,"BiodiversityR","EPIE",0.87553778
25,"breakaway","EPIE",0.875537777870737
25,"chemodiv","EPIE",0.875537777870737
25,"diverse","EPIE",0.857535453204116
25,"forestmangr","EPIE",1
25,"microbiome","EPIE",0.875537777870737
25,"OTUtable","EPIE",0.875537777870737
25,"pctax","EPIE",0.8755
25,"sprex","EPIE",0.875537777870737
25,"tabula","EPIE",0.875537777870737
25,"custom","ESHE",0.560322792082952
25,"adiv","ESP",0.347777481085892
25,"codyn","ESP",0.426767676767677
25,"sprex","ESP",0.0388068390788137
25,"tabula","ESP",0.347777481085892
25,"abdiv","EST",0.426589097177333
25,"adiv","QHIL_0",105
25,"adiv","QHIL_1",58.8338931687099
25,"adiv","QHIL_2",36.5166355140187
25,"adiv","QHIL_3",27.5687756303813
25,"BAT","QHIL_0",105
25,"BAT","QHIL_1",58.8338931687099
25,"BAT","QHIL_2",36.5166355140187
25,"BAT","QHIL_3",27.5687756303813
25,"benthos","QHIL_0",225
25,"benthos","QHIL_1",58.8338931687099
25,"benthos","QHIL_2",36.5166355140187
25,"benthos","QHIL_3",27.5687756303813
25,"breakaway","QHIL_0",105
25,"breakaway","QHIL_1",58.8338931687099
25,"breakaway","QHIL_2",36.5166355140187
25,"breakaway","QHIL_3",27.5687756303813
25,"chemodiv","QHIL_0",105
25,"chemodiv","QHIL_1",58.8338931687099
25,"chemodiv","QHIL_2",36.5166355140187
25,"chemodiv","QHIL_3",27.5687756303813
25,"divDyn","QHIL_2",36.5166355140187
25,"divent","QHIL_0",105
25,"divent","QHIL_1",58.8338931687099
25,"divent","QHIL_2",36.5166355140187
25,"divent","QHIL_3",27.5687756303795
25,"entropart","QHIL_0",105
25,"entropart","QHIL_1",58.8338931687099
25,"entropart","QHIL_2",36.5166355140187
25,"entropart","QHIL_3",27.5687756303806
25,"EntropyEstimation","QHIL_1",66.877379848562
25,"EntropyEstimation","QHIL_2",39.7151589242046
25,"EntropyEstimation","QHIL_3",29.5157157189524
25,"hilldiv","QHIL_0",105
25,"hilldiv","QHIL_1",58.8342307042953
25,"hilldiv","QHIL_2",36.5166355140187
25,"hilldiv","QHIL_3",27.5687756303813
25,"hillR","QHIL_0",105
25,"hillR","QHIL_1",58.8338931687099
25,"hillR","QHIL_2",36.5166355140187
25,"hillR","QHIL_3",27.5687756303813
25,"sprex","QHIL_0",105
25,"sprex","QHIL_1",58.8338931687099
25,"sprex","QHIL_2",36.5166355140187
25,"sprex","QHIL_3",27.5687756303813
25,"vegan","QHIL_0",105
25,"vegan","QHIL_1",58.8338931687099
25,"vegan","QHIL_2",36.5166355140187
25,"vegan","QHIL_3",27.5687756303813
25,"adiv","QREN_0",4.65396035015752
25,"adiv","QREN_1",4.07471810327544
25,"adiv","QREN_2",3.59776792426534
25,"adiv","QREN_3",3.31668381456032
25,"BiodiversityR","QREN_0",4.65396035015752
25,"BiodiversityR","QREN_1",4.07471810327544
25,"BiodiversityR","QREN_2",3.59776792426534
25,"BiodiversityR","QREN_3",3.31668381456032
25,"diverse","QREN_0",4.34380542185368
25,"diverse","QREN_1",3.72496715105979
25,"diverse","QREN_2",3.31265536408402
25,"diverse","QREN_3",3.1030136628161
25,"EntropyEstimation","QREN_1",4.20286079110354
25,"EntropyEstimation","QREN_2",3.68173295169372
25,"EntropyEstimation","QREN_3",3.38492285772788
25,"seewave","QREN_2",0.664272762945762
25,"seewave","QREN_3",0.612374883954214
25,"sprex","QREN_0",4.65396035015752
25,"sprex","QREN_1",4.07471810327544
25,"sprex","QREN_2",3.59776792426534
25,"sprex","QREN_3",3.31668381456032
25,"statcomp","QREN_1",0.752334299714417
25,"statcomp","QREN_2",0.66427275292035
25,"statcomp","QREN_3",0.612374876435154
25,"vegan","QREN_0",4.65396035015752
25,"vegan","QREN_1",4.07471810327544
25,"vegan","QREN_2",3.59776792426534
25,"vegan","QREN_3",3.31668381456032
25,"adiv","QTSA_0",104
25,"adiv","QTSA_1",4.07471810327544
25,"adiv","QTSA_2",0.972615220818575
25,"adiv","QTSA_3",0.499342137628046
25,"divent","QTSA_0",104
25,"divent","QTSA_1",4.07471810327544
25,"divent","QTSA_2",0.972615220818575
25,"divent","QTSA_3",0.499342137628046
25,"entropart","QTSA_0",104
25,"entropart","QTSA_1",4.07471810327544
25,"entropart","QTSA_2",0.972615220818575
25,"entropart","QTSA_3",0.499342137628046
25,"EntropyEstimation","QTSA_1",4.20286079110354
25,"EntropyEstimation","QTSA_2",0.974820697509773
25,"EntropyEstimation","QTSA_3",0.499426064131946
25,"vegan","QTSA_0",104
25,"vegan","QTSA_1",4.07471810327544
25,"vegan","QTSA_2",0.972615220818575
25,"vegan","QTSA_3",0.499342137628046
25,"BAT","RACE",148.773955773956
25,"ecodive","RACE",148.773955773956
25,"fossil","RACE",122.454545454545
25,"pctax","RACE",148.774
25,"sprex","RACE",442
25,"tabula","RACE",148.773955773956
25,"vegan","RACE",148.773955773956
25,"wiqid","RACE",148.773955773956
25,"BiodiversityR","RBOO",105
25,"wiqid","RBOO",225
25,"BAT","RC1",142.142857142857
25,"BiodiversityR","RC1",105
25,"biosampleR","RC1",100.214285714286
25,"iNEXT","RC1",144.91
25,"microbiome","RC1",142.142857142857
25,"pctax","RC1",142.1429
25,"rareNMtests","RC1",105
25,"SpadeR","RC1",105
25,"SSP","RC1",105
25,"vegan","RC1",142.142857142857
25,"wiqid","RC1",145
25,"BAT","RC1M",162.771298995789
25,"divent","RC1M",144.909502262443
25,"ecodive","RC1M",145
25,"entropart","RC1M",144.909502262443
25,"fossil","RC1M",145
25,"mobr","RC1M",144.909502262443
25,"OTUtable","RC1M",145
25,"tabula","RC1M",144.909502262443
25,"wiqid","RC1M",145
25,"BAT","RCA2",232.148401495548
25,"divDyn","RCA2",141.789115646258
25,"fossil","RCA2",145
25,"tabula","RCA2",105
25,"wiqid","RCA2",105
25,"benthos","RHUR_2",1.97482069750987
25,"benthos","RHUR_3",2.92560996426573
25,"divent","RHUR_2",39.715159017835
25,"divent","RHUR_3",39.9918474603325
25,"entropart","RHUR_2",1.97482069750987
25,"entropart","RHUR_3",2.92560996426573
25,"mobsim","RHUR_2",1.97482069750987
25,"mobsim","RHUR_3",2.92560996426573
25,"tabula","RHUR_2",1.97482069746788
25,"tabula","RHUR_3",2.9256099641958
25,"vegan","RHUR_2",1.97482069750987
25,"vegan","RHUR_3",2.92560996426573
25,"BAT","RICE",224.608535220041
25,"fossil","RICE",122.454545454545
25,"tabula","RICE",105
25,"wiqid","RICE",105
25,"BAT","RJA1",145
25,"BiodiversityR","RJA1",105
25,"divent","RJA1",165
25,"entropart","RJA1",165
25,"fossil","RJA1",144.909502262443
25,"SSP","RJA1",105
25,"tabula","RJA1",4.05761684675026
25,"wiqid","RJA1",145
25,"BAT","RJA2",165
25,"BiodiversityR","RJA2",105
25,"fossil","RJA2",164.592657575851
25,"SSP","RJA2",105
25,"wiqid","RJA2",165
25,"asbio","RLMD",186.916894144844
25,"sads","RLMD",0.908263399086133
25,"vegan","RLMD",125.046508139248
25,"wiqid","RMM",0
25,"divDyn","RSQ",149.7783055387
25,"ecodive","RSQ",149.7783055387
25,"tabula","RSQ",149.7783055387
26,"custom","RICH",91
26,"abdiv","D1SP",0.970956661374352
26,"ade4","D1SP",0.970956661374352
26,"adiv","D1SP",0.970956661374352
26,"agricolae","D1SP",0.970956661374352
26,"asbio","D1SP",0.970956661374352
26,"BiodiversityR","D1SP",0.97095666
26,"biosampleR","D1SP",0.956526692013043
26,"breakaway","D1SP",0.970956661374352
26,"catsim","D1SP",0.611634567901234
26,"concstats","D1SP",0.995665372047436
26,"CUB","D1SP",0.975291289326916
26,"DescTools","D1SP",0.970956661374352
26,"divent","D1SP",0.970956661374352
26,"diverse","D1SP",0.956526692013043
26,"ecodive","D1SP",0.970956661374352
26,"entropart","D1SP",0.970956661374352
26,"lawstat","D1SP",0.824368199368199
26,"MCPAN","D1SP",0.970956661374352
26,"microbiome","D1SP",0.970956661374352
26,"PCRA","D1SP",0.970956661374352
26,"RoughSets","D1SP",0.970956661374352
26,"simboot","D1SP",0.970956661374352
26,"sprex","D1SP",0.970956661374352
26,"untb","D1SP",0.973348180244732
26,"vegan","D1SP",0.970956661374352
26,"abdiv","DBRI",3.63572400507289
26,"ecodive","DBRI",3.63572400507289
26,"tabula","DBRI",3.63572400507289
26,"wiqid","DBRI",37.9293039670694
26,"BiodiversityR","DFIS",36.40222074
26,"ecodive","DFIS",36.402
26,"microbiome","DFIS",36.4022207401833
26,"preseqR","DFIS",9.48219272106296
26,"sads","DFIS",36.4022192216508
26,"vegan","DFIS",36.4022207401833
26,"custom","DGLE",15.1444215673843
26,"custom","DGOO_1_1",3.94774880065939
26,"custom","DGOO_1_2",0.316255483565664
26,"custom","DGOO_1_3",1
26,"custom","DGOO_2_1",0.0939273629621772
26,"custom","DGOO_2_2",1.11602249932134
26,"custom","DGOO_2_3",1
26,"custom","DGOO_3_1",0.00396872431860787
26,"custom","DGOO_3_2",0.0369380458815756
26,"custom","DGOO_3_3",1
26,"abdiv","DINVSP",34.4313032633548
26,"adiv","DINVSP",34.4313032633548
26,"asbio","DINVSP",34.4313032633548
26,"BiodiversityR","DINVSP",34.43130326
26,"breakaway","DINVSP",34.4313032633548
26,"chemodiv","DINVSP",34.4313032633548
26,"codyn","DINVSP",11.1021897810219
26,"divseg","DINVSP",1.02904333862565
26,"ecodive","DINVSP",34.4313032633548
26,"microbiome","DINVSP",34.4313032633548
26,"sprex","DINVSP",34.4313032633548
26,"vegan","DINVSP",34.4313032633548
26,"wiqid","DINVSP",34.4313032633548
26,"custom","DKO",0.165137614678899
26,"abdiv","DMC",0.872844218903632
26,"adiv","DMC",0.872844218903632
26,"agricolae","DMC",0.872844218903632
26,"ecodive","DMC",0.872844218903632
26,"forestHES","DMC",0.872844218903632
26,"tabula","DMC",0.872844218903632
26,"abdiv","DMG",14.9779993523581
26,"adiv","DMG",14.9779993523581
26,"agricolae","DMG",37.2785761658691
26,"ecodive","DMG",14.9779993523581
26,"tabula","DMG",14.9779993523581
26,"abdiv","DMN",4.51070253357915
26,"adiv","DMN",4.51070253357915
26,"ecodive","DMN",4.51070253357915
26,"tabula","DMN",4.51070253357915
26,"custom","DOD",223.587223587224
26,"abdiv","DQ",0
26,"ade4","DRAO",0.970956661374352
26,"BAT","DRAO",0.970956661374347
26,"SYNCSA","DRAO",0.970956661374352
26,"abdiv","DSHA",3.94774880065939
26,"adiv","DSHA",3.94774880065939
26,"aqp","DSHA",5.69539761738665
26,"asbio","DSHA",3.94774880065939
26,"benthos","DSHA",0
26,"BiodiversityR","DSHA",3.9477488
26,"biosampleR","DSHA",3.78487316846933
26,"chemodiv","DSHA",3.94774880065939
26,"codyn","DSHA",3.94774880065939
26,"DescTools","DSHA",5.69539761738665
26,"divDyn","DSHA",3.94774880065939
26,"divent","DSHA",3.94774880065939
26,"diverse","DSHA",3.78487316846933
26,"ecodive","DSHA",3.94774880065939
26,"EconGeo","DSHA",5.695
26,"entropart","DSHA",3.94774880065939
26,"forestmangr","DSHA",3.56
26,"HardyWeinberg","DSHA",3.94774880065939
26,"iNEXT","DSHA",3.948
26,"MCPAN","DSHA",3.94774880065939
26,"microbiome","DSHA",3.94774880065939
26,"OTUtable","DSHA",3.94774880065939
26,"pgirmess","DSHA",5.69539761738665
26,"SpiecEasi","DSHA",3.94774880065939
26,"sprex","DSHA",3.94774880065939
26,"tabula","DSHA",3.94774880065939
26,"triversity","DSHA",5.69539761738665
26,"vegan","DSHA",3.94774880065939
26,"wavethresh","DSHA",-26698.8529756853
26,"wiqid","DSHA",51.8185814741431
26,"abdiv","DSP",0.0290433386256482
26,"agricolae","DSP",0.0290433386256482
26,"antitrust","DSP",290.433386256482
26,"benthos","DSP",0.026651819755268
26,"breakaway","DSP",0.0290433386256482
26,"concstats","DSP",0.0290433386256482
26,"DescTools","DSP",0.0290433386256482
26,"diverse","DSP",0.0413848217598539
26,"divseg","DSP",1.02904333862565
26,"EconGeo","DSP",0.0290433386256482
26,"hhi","DSP",0.0900723208415516
26,"ineq","DSP",0.0290433386256482
26,"microbiome","DSP",0.0290433386256482
26,"PDtoolkit","DSP",0.0290433386256482
26,"politics","DSP",0.0290433386256482
26,"REAT","DSP",0.0290433386256482
26,"sprex","DSP",0.0290433386256482
26,"tabula","DSP",0.0290433386256482
26,"triversity","DSP",0.0290433386256482
26,"abdiv","EBP",0.0761670761670762
26,"agricolae","EBP",0.0761670761670762
26,"BiodiversityR","EBP",0.07616708
26,"diverse","EBP",0.130718954248366
26,"dyvDyn","EBP",0.0761670761670762
26,"ecodive","EBP",0.0761670761670762
26,"microbiome","EBP",0.0761670761670762
26,"tabula","EBP",0.0761670761670762
26,"triversity","EBP",0.0761670761670762
26,"wiqid","EBP",1
26,"tabula","EBRI",0.878652158081883
26,"BAT","EBU",0.562298662298662
26,"microbiome","EBU",0.562298662298662
26,"BAT","ECAM",0.987629187629188
26,"microbiome","ECAM",0.738531738531738
26,"codyn","EEQ",0.311701715426554
26,"custom","EEQ",0.000774146685256707
26,"adiv","EEVAR",0.513472307354989
26,"codyn","EEVAR",0.788900834295504
26,"custom","EEVAR",0.513472307354989
26,"microbiome","EEVAR",0.513472307354989
26,"acid","EGIN",0.820704340704341
26,"DescTools","EGIN",0.820704340704341
26,"dplR","EGIN",0.820704340704341
26,"EconGeo","EGIN",0.821
26,"giniVarCI","EGIN",0.820704340704341
26,"ineq","EGIN",0.820704340704341
26,"microbiome","EGIN",0.820704340704342
26,"REAT","EGIN",0.820704340704341
26,"shipunov","EGIN",0.820704340704342
26,"wINEQ","EGIN",0.820704340704341
26,"abdiv","EHEI",0.564650905268257
26,"adiv","EHEI",0.564650905268257
26,"custom","EHUL",0.135135135135135
26,"benthos","EHURE",0.973348180244732
26,"BiodiversityR","EHURE",0.97334818
26,"mobr","EHURE",0.973348180244732
26,"vegan","EHURE",0.973348180244991
26,"custom","ELR",0.211811008833385
26,"abdiv","EMC",0.218707673984795
26,"tabula","EMC",0.926726244220191
26,"microbiome","EMN",0.135135135135135
26,"custom","ENHC",-0.0352382488346962
26,"custom","EPAT",0.0902687879698866
26,"abdiv","EPIE",0.875165541058431
26,"adiv","EPIE",0.875165541058431
26,"BiodiversityR","EPIE",0.87516554
26,"breakaway","EPIE",0.875165541058431
26,"chemodiv","EPIE",0.875165541058431
26,"diverse","EPIE",0.845340282694462
26,"forestmangr","EPIE",1
26,"microbiome","EPIE",0.875165541058431
26,"OTUtable","EPIE",0.875165541058431
26,"pctax","EPIE",0.8752
26,"sprex","EPIE",0.875165541058431
26,"tabula","EPIE",0.875165541058431
26,"custom","ESHE",0.56943496125432
26,"adiv","ESP",0.378365969926976
26,"codyn","ESP",0.74014598540146
26,"sprex","ESP",0.0433818549523009
26,"tabula","ESP",0.378365969926976
26,"abdiv","EST",0.432891432891433
26,"adiv","QHIL_0",91
26,"adiv","QHIL_1",51.8185814741431
26,"adiv","QHIL_2",34.4313032633548
26,"adiv","QHIL_3",27.2908424541907
26,"BAT","QHIL_0",91
26,"BAT","QHIL_1",51.8185814741431
26,"BAT","QHIL_2",34.4313032633548
26,"BAT","QHIL_3",27.2908424541907
26,"benthos","QHIL_0",225
26,"benthos","QHIL_1",51.8185814741431
26,"benthos","QHIL_2",34.4313032633548
26,"benthos","QHIL_3",27.2908424541907
26,"breakaway","QHIL_0",91
26,"breakaway","QHIL_1",51.8185814741431
26,"breakaway","QHIL_2",34.4313032633548
26,"breakaway","QHIL_3",27.2908424541907
26,"chemodiv","QHIL_0",91
26,"chemodiv","QHIL_1",51.8185814741431
26,"chemodiv","QHIL_2",34.4313032633548
26,"chemodiv","QHIL_3",27.2908424541907
26,"divDyn","QHIL_2",34.4313032633548
26,"divent","QHIL_0",91
26,"divent","QHIL_1",51.8185814741431
26,"divent","QHIL_2",34.4313032633548
26,"divent","QHIL_3",27.2908424541908
26,"entropart","QHIL_0",91
26,"entropart","QHIL_1",51.8185814741431
26,"entropart","QHIL_2",34.4313032633548
26,"entropart","QHIL_3",27.2908424541908
26,"EntropyEstimation","QHIL_1",58.4468585337455
26,"EntropyEstimation","QHIL_2",37.5208900999091
26,"EntropyEstimation","QHIL_3",29.4997894076456
26,"hilldiv","QHIL_0",91
26,"hilldiv","QHIL_1",51.8188493587501
26,"hilldiv","QHIL_2",34.4313032633548
26,"hilldiv","QHIL_3",27.2908424541907
26,"hillR","QHIL_0",91
26,"hillR","QHIL_1",51.8185814741431
26,"hillR","QHIL_2",34.4313032633548
26,"hillR","QHIL_3",27.2908424541907
26,"sprex","QHIL_0",91
26,"sprex","QHIL_1",51.8185814741431
26,"sprex","QHIL_2",34.4313032633548
26,"sprex","QHIL_3",27.2908424541907
26,"vegan","QHIL_0",91
26,"vegan","QHIL_1",51.8185814741431
26,"vegan","QHIL_2",34.4313032633548
26,"vegan","QHIL_3",27.2908424541907
26,"adiv","QREN_0",4.51085950651685
26,"adiv","QREN_1",3.94774880065939
26,"adiv","QREN_2",3.53896612918574
26,"adiv","QREN_3",3.30655120467948
26,"BiodiversityR","QREN_0",4.51085950651685
26,"BiodiversityR","QREN_1",3.94774880065939
26,"BiodiversityR","QREN_2",3.53896612918574
26,"BiodiversityR","QREN_3",3.30655120467948
26,"diverse","QREN_0",4.47733681447821
26,"diverse","QREN_1",3.78487316846933
26,"diverse","QREN_2",3.1356081387181
26,"diverse","QREN_3",2.76427875259139
26,"EntropyEstimation","QREN_1",4.06811794025891
26,"EntropyEstimation","QREN_2",3.62489784720175
26,"EntropyEstimation","QREN_3",3.38438312459642
26,"seewave","QREN_2",0.653415914075928
26,"seewave","QREN_3",0.610504054304352
26,"sprex","QREN_0",4.51085950651685
26,"sprex","QREN_1",3.94774880065939
26,"sprex","QREN_2",3.53896612918574
26,"sprex","QREN_3",3.30655120467948
26,"statcomp","QREN_1",0.728891362326408
26,"statcomp","QREN_2",0.653415901918165
26,"statcomp","QREN_3",0.61050404518603
26,"vegan","QREN_0",4.51085950651685
26,"vegan","QREN_1",3.94774880065939
26,"vegan","QREN_2",3.53896612918574
26,"vegan","QREN_3",3.30655120467948
26,"adiv","QTSA_0",90
26,"adiv","QTSA_1",3.94774880065939
26,"adiv","QTSA_2",0.970956661374352
26,"adiv","QTSA_3",0.49932866990018
26,"divent","QTSA_0",90
26,"divent","QTSA_1",3.94774880065939
26,"divent","QTSA_2",0.970956661374352
26,"divent","QTSA_3",0.49932866990018
26,"entropart","QTSA_0",90
26,"entropart","QTSA_1",3.94774880065939
26,"entropart","QTSA_2",0.970956661374352
26,"entropart","QTSA_3",0.49932866990018
26,"EntropyEstimation","QTSA_1",4.06811794025891
26,"EntropyEstimation","QTSA_2",0.973348180244732
26,"EntropyEstimation","QTSA_3",0.49942544425303
26,"vegan","QTSA_0",90
26,"vegan","QTSA_1",3.94774880065939
26,"vegan","QTSA_2",0.970956661374352
26,"vegan","QTSA_3",0.49932866990018
26,"BAT","RACE",129.13199957849
26,"ecodive","RACE",129.13199957849
26,"fossil","RACE",107.647398843931
26,"pctax","RACE",129.132
26,"sprex","RACE",407
26,"tabula","RACE",129.13199957849
26,"vegan","RACE",129.13199957849
26,"wiqid","RACE",129.13199957849
26,"BiodiversityR","RBOO",91
26,"wiqid","RBOO",225
26,"BAT","RC1",130.375
26,"BiodiversityR","RC1",91
26,"biosampleR","RC1",108.647058823529
26,"iNEXT","RC1",134.094
26,"microbiome","RC1",130.375
26,"pctax","RC1",130.375
26,"rareNMtests","RC1",91
26,"SpadeR","RC1",91
26,"SSP","RC1",91
26,"vegan","RC1",130.375
26,"wiqid","RC1",134.2
26,"BAT","RC1M",150.779057480981
26,"divent","RC1M",134.093857493858
26,"ecodive","RC1M",134.2
26,"entropart","RC1M",134.093857493858
26,"fossil","RC1M",134.2
26,"mobr","RC1M",134.093857493858
26,"OTUtable","RC1M",134.2
26,"tabula","RC1M",134.093857493858
26,"wiqid","RC1M",134.2
26,"BAT","RCA2",232.223721787346
26,"divDyn","RCA2",129.942307692308
26,"fossil","RCA2",134.2
26,"tabula","RCA2",91
26,"wiqid","RCA2",91
26,"benthos","RHUR_2",1.97334818024499
26,"benthos","RHUR_3",2.92119365222868
26,"divent","RHUR_2",37.5208875978259
26,"divent","RHUR_3",37.7316950543292
26,"entropart","RHUR_2",1.97334818024498
26,"entropart","RHUR_3",2.92119365222868
26,"mobsim","RHUR_2",1.97334818024499
26,"mobsim","RHUR_3",2.92119365222868
26,"tabula","RHUR_2",1.97334818023792
26,"tabula","RHUR_3",2.92119365216994
26,"vegan","RHUR_2",1.97334818024499
26,"vegan","RHUR_3",2.92119365222868
26,"BAT","RICE",225.582704464599
26,"fossil","RICE",107.647398843931
26,"tabula","RICE",91
26,"wiqid","RICE",91
26,"BAT","RJA1",127
26,"BiodiversityR","RJA1",91
26,"divent","RJA1",148
26,"entropart","RJA1",148
26,"fossil","RJA1",126.911547911548
26,"SSP","RJA1",91
26,"tabula","RJA1",3.92826549640533
26,"wiqid","RJA1",127
26,"BAT","RJA2",148
26,"BiodiversityR","RJA2",91
26,"fossil","RJA2",147.5797618039
26,"SSP","RJA2",91
26,"wiqid","RJA2",148
26,"asbio","RLMD",158.002641484887
26,"sads","RLMD",0.948433677521894
26,"vegan","RLMD",118.356303557216
26,"wiqid","RMM",0
26,"divDyn","RSQ",129.399586138089
26,"ecodive","RSQ",129.399586138089
26,"tabula","RSQ",129.399586138089
27,"custom","RICH",99
27,"abdiv","D1SP",0.966996187222884
27,"ade4","D1SP",0.966996187222884
27,"adiv","D1SP",0.966996187222884
27,"agricolae","D1SP",0.966996187222884
27,"asbio","D1SP",0.966996187222884
27,"BiodiversityR","D1SP",0.96699619
27,"biosampleR","D1SP",0.958694554330444
27,"breakaway","D1SP",0.966996187222884
27,"catsim","D1SP",0.644701234567901
27,"concstats","D1SP",0.995683052735612
27,"CUB","D1SP",0.971313134487272
27,"DescTools","D1SP",0.966996187222884
27,"divent","D1SP",0.966996187222884
27,"diverse","D1SP",0.958694554330444
27,"ecodive","D1SP",0.966996187222883
27,"entropart","D1SP",0.966996187222884
27,"lawstat","D1SP",0.809416752312436
27,"MCPAN","D1SP",0.966996187222884
27,"microbiome","D1SP",0.966996187222884
27,"PCRA","D1SP",0.966996187222884
27,"RoughSets","D1SP",0.966996187222884
27,"simboot","D1SP",0.966996187222884
27,"sprex","D1SP",0.966996187222884
27,"untb","D1SP",0.969320697288323
27,"vegan","D1SP",0.966996187222884
27,"abdiv","DBRI",3.65453770077656
27,"ecodive","DBRI",3.65453770077656
27,"tabula","DBRI",3.65453770077656
27,"wiqid","DBRI",38.649649281563
27,"BiodiversityR","DFIS",41.03648755
27,"ecodive","DFIS",41.036
27,"microbiome","DFIS",41.036487550061
27,"preseqR","DFIS",7.05397285180306
27,"sads","DFIS",41.0364852915526
27,"vegan","DFIS",41.036487550061
27,"custom","DGLE",16.4095118750818
27,"custom","DGOO_1_1",3.98028141238691
27,"custom","DGOO_1_2",0.308653448044354
27,"custom","DGOO_1_3",1
27,"custom","DGOO_2_1",0.096642281518636
27,"custom","DGOO_2_2",1.07264044778785
27,"custom","DGOO_2_3",1
27,"custom","DGOO_3_1",0.00573260418403141
27,"custom","DGOO_3_2",0.0393034222948396
27,"custom","DGOO_3_3",1
27,"abdiv","DINVSP",30.2995295347622
27,"adiv","DINVSP",30.2995295347622
27,"asbio","DINVSP",30.2995295347622
27,"BiodiversityR","DINVSP",30.29952953
27,"breakaway","DINVSP",30.2995295347622
27,"chemodiv","DINVSP",30.2995295347622
27,"codyn","DINVSP",6.31313131313131
27,"divseg","DINVSP",1.03300381277712
27,"ecodive","DINVSP",30.2995295347621
27,"microbiome","DINVSP",30.2995295347622
27,"sprex","DINVSP",30.2995295347622
27,"vegan","DINVSP",30.2995295347622
27,"wiqid","DINVSP",30.2995295347622
27,"custom","DKO",0.0917431192660551
27,"abdiv","DMC",0.860467772860357
27,"adiv","DMC",0.860467772860357
27,"agricolae","DMC",0.860467772860357
27,"ecodive","DMC",0.860467772860357
27,"forestHES","DMC",0.860467772860357
27,"tabula","DMC",0.860467772860357
27,"abdiv","DMG",16.243759229879
27,"adiv","DMG",16.243759229879
27,"agricolae","DMG",37.1285925254377
27,"ecodive","DMG",16.243759229879
27,"tabula","DMG",16.243759229879
27,"abdiv","DMN",4.84805085805648
27,"adiv","DMN",4.84805085805648
27,"ecodive","DMN",4.84805085805648
27,"tabula","DMN",4.84805085805648
27,"custom","DOD",237.410071942446
27,"abdiv","DQ",0
27,"ade4","DRAO",0.966996187222884
27,"BAT","DRAO",0.96699618722281
27,"SYNCSA","DRAO",0.966996187222883
27,"abdiv","DSHA",3.98028141238691
27,"adiv","DSHA",3.98028141238691
27,"aqp","DSHA",5.74233225499312
27,"asbio","DSHA",3.98028141238691
27,"benthos","DSHA",0
27,"BiodiversityR","DSHA",3.98028141
27,"biosampleR","DSHA",3.74039189215439
27,"chemodiv","DSHA",3.98028141238691
27,"codyn","DSHA",3.98028141238691
27,"DescTools","DSHA",5.74233225499312
27,"divDyn","DSHA",3.98028141238691
27,"divent","DSHA",3.98028141238691
27,"diverse","DSHA",3.74039189215439
27,"ecodive","DSHA",3.98028141238692
27,"EconGeo","DSHA",5.742
27,"entropart","DSHA",3.98028141238691
27,"forestmangr","DSHA",3.56
27,"HardyWeinberg","DSHA",3.98028141238691
27,"iNEXT","DSHA",3.98
27,"MCPAN","DSHA",3.98028141238691
27,"microbiome","DSHA",3.98028141238691
27,"OTUtable","DSHA",3.98028141238691
27,"pgirmess","DSHA",5.74233225499312
27,"SpiecEasi","DSHA",3.98028141238691
27,"sprex","DSHA",3.98028141238691
27,"tabula","DSHA",3.98028141238691
27,"triversity","DSHA",5.74233225499312
27,"vegan","DSHA",3.98028141238691
27,"wavethresh","DSHA",-35637.7042718184
27,"wiqid","DSHA",53.5320967031179
27,"abdiv","DSP",0.0330038127771164
27,"agricolae","DSP",0.0330038127771164
27,"antitrust","DSP",330.038127771165
27,"benthos","DSP",0.0306793027116768
27,"breakaway","DSP",0.0330038127771164
27,"concstats","DSP",0.0330038127771164
27,"DescTools","DSP",0.0330038127771164
27,"diverse","DSP",0.03910155014236
27,"divseg","DSP",1.03300381277712
27,"EconGeo","DSP",0.0330038127771164
27,"hhi","DSP",0.1584
27,"ineq","DSP",0.0330038127771164
27,"microbiome","DSP",0.0330038127771164
27,"PDtoolkit","DSP",0.0330038127771164
27,"politics","DSP",0.0330038127771164
27,"REAT","DSP",0.0330038127771164
27,"sprex","DSP",0.0330038127771164
27,"tabula","DSP",0.0330038127771164
27,"triversity","DSP",0.0330038127771164
27,"abdiv","EBP",0.122302158273381
27,"agricolae","EBP",0.122302158273381
27,"BiodiversityR","EBP",0.12230216
27,"diverse","EBP",0.121559633027523
27,"dyvDyn","EBP",0.122302158273381
27,"ecodive","EBP",0.122302158273381
27,"microbiome","EBP",0.122302158273381
27,"tabula","EBP",0.122302158273381
27,"triversity","EBP",0.122302158273381
27,"wiqid","EBP",1
27,"tabula","EBRI",0.868686110891398
27,"BAT","EBU",0.55344295991778
27,"microbiome","EBU",0.55344295991778
27,"BAT","ECAM",0.988598360643582
27,"microbiome","ECAM",0.650316110747765
27,"codyn","EEQ",0.239545064913265
27,"custom","EEQ",0.000616399404543864
27,"adiv","EEVAR",0.54128939319281
27,"codyn","EEVAR",0.616291185396419
27,"custom","EEVAR",0.54128939319281
27,"microbiome","EEVAR",0.54128939319281
27,"acid","EGIN",0.805819344524381
27,"DescTools","EGIN",0.80581934452438
27,"dplR","EGIN",0.805819344524381
27,"EconGeo","EGIN",0.806
27,"giniVarCI","EGIN",0.805819344524381
27,"ineq","EGIN",0.80581934452438
27,"microbiome","EGIN",0.80581934452438
27,"REAT","EGIN",0.805819344524381
27,"shipunov","EGIN",0.80581934452438
27,"wINEQ","EGIN",0.805819344524381
27,"abdiv","EHEI",0.53604180309304
27,"adiv","EHEI",0.53604180309304
27,"custom","EHUL",0.170263788968825
27,"benthos","EHURE",0.969320697288323
27,"BiodiversityR","EHURE",0.9693207
27,"mobr","EHURE",0.969320697288323
27,"vegan","EHURE",0.969320697288366
27,"custom","ELR",0.200952630815088
27,"abdiv","EMC",0.23736594370097
27,"tabula","EMC",0.909765341895338
27,"microbiome","EMN",0.170263788968825
27,"custom","ENHC",-0.0305212425476211
27,"custom","EPAT",0.0676053581100603
27,"abdiv","EPIE",0.866197518715498
27,"adiv","EPIE",0.866197518715498
27,"BiodiversityR","EPIE",0.86619752
27,"breakaway","EPIE",0.866197518715498
27,"chemodiv","EPIE",0.866197518715498
27,"diverse","EPIE",0.839717166934958
27,"forestmangr","EPIE",1
27,"microbiome","EPIE",0.866197518715498
27,"OTUtable","EPIE",0.866197518715498
27,"pctax","EPIE",0.8662
27,"sprex","EPIE",0.866197518715498
27,"tabula","EPIE",0.866197518715498
27,"custom","ESHE",0.540728249526444
27,"adiv","ESP",0.306055853886486
27,"codyn","ESP",0.420875420875421
27,"sprex","ESP",0.040204862751383
27,"tabula","ESP",0.306055853886486
27,"abdiv","EST",0.442046362909672
27,"adiv","QHIL_0",99
27,"adiv","QHIL_1",53.5320967031179
27,"adiv","QHIL_2",30.2995295347622
27,"adiv","QHIL_3",20.4512974568507
27,"BAT","QHIL_0",99
27,"BAT","QHIL_1",53.5320967031179
27,"BAT","QHIL_2",30.2995295347622
27,"BAT","QHIL_3",20.4512974568507
27,"benthos","QHIL_0",225
27,"benthos","QHIL_1",53.5320967031179
27,"benthos","QHIL_2",30.2995295347622
27,"benthos","QHIL_3",20.4512974568507
27,"breakaway","QHIL_0",99
27,"breakaway","QHIL_1",53.5320967031179
27,"breakaway","QHIL_2",30.2995295347622
27,"breakaway","QHIL_3",20.4512974568507
27,"chemodiv","QHIL_0",99
27,"chemodiv","QHIL_1",53.5320967031179
27,"chemodiv","QHIL_2",30.2995295347622
27,"chemodiv","QHIL_3",20.4512974568507
27,"divDyn","QHIL_2",30.2995295347622
27,"divent","QHIL_0",99
27,"divent","QHIL_1",53.5320967031179
27,"divent","QHIL_2",30.2995295347622
27,"divent","QHIL_3",20.4512974568514
27,"entropart","QHIL_0",99
27,"entropart","QHIL_1",53.5320967031179
27,"entropart","QHIL_2",30.2995295347622
27,"entropart","QHIL_3",20.4512974568509
27,"EntropyEstimation","QHIL_1",60.8495327788718
27,"EntropyEstimation","QHIL_2",32.5952649379926
27,"EntropyEstimation","QHIL_3",21.4146532066585
27,"hilldiv","QHIL_0",99
27,"hilldiv","QHIL_1",53.53243708773
27,"hilldiv","QHIL_2",30.2995295347622
27,"hilldiv","QHIL_3",20.4512974568507
27,"hillR","QHIL_0",99
27,"hillR","QHIL_1",53.5320967031179
27,"hillR","QHIL_2",30.2995295347622
27,"hillR","QHIL_3",20.4512974568507
27,"sprex","QHIL_0",99
27,"sprex","QHIL_1",53.5320967031179
27,"sprex","QHIL_2",30.2995295347622
27,"sprex","QHIL_3",20.4512974568507
27,"vegan","QHIL_0",99
27,"vegan","QHIL_1",53.5320967031179
27,"vegan","QHIL_2",30.2995295347622
27,"vegan","QHIL_3",20.4512974568507
27,"adiv","QREN_0",4.59511985013459
27,"adiv","QREN_1",3.98028141238691
27,"adiv","QREN_2",3.41113218548924
27,"adiv","QREN_3",3.01804632579901
27,"BiodiversityR","QREN_0",4.59511985013459
27,"BiodiversityR","QREN_1",3.98028141238691
27,"BiodiversityR","QREN_2",3.41113218548924
27,"BiodiversityR","QREN_3",3.01804632579901
27,"diverse","QREN_0",4.45434729625351
27,"diverse","QREN_1",3.74039189215439
27,"diverse","QREN_2",3.18676093130172
27,"diverse","QREN_3",2.87650490717669
27,"EntropyEstimation","QREN_1",4.10840414116037
27,"EntropyEstimation","QREN_2",3.48416703052241
27,"EntropyEstimation","QREN_3",3.06407541699078
27,"seewave","QREN_2",0.629813332953082
27,"seewave","QREN_3",0.557236045678616
27,"sprex","QREN_0",4.59511985013459
27,"sprex","QREN_1",3.98028141238691
27,"sprex","QREN_2",3.41113218548924
27,"sprex","QREN_3",3.01804632579901
27,"statcomp","QREN_1",0.734898010894867
27,"statcomp","QREN_2",0.629813321795303
27,"statcomp","QREN_3",0.557236037310282
27,"vegan","QREN_0",4.59511985013459
27,"vegan","QREN_1",3.98028141238691
27,"vegan","QREN_2",3.41113218548924
27,"vegan","QREN_3",3.01804632579901
27,"adiv","QTSA_0",98
27,"adiv","QTSA_1",3.98028141238691
27,"adiv","QTSA_2",0.966996187222884
27,"adiv","QTSA_3",0.498804558651097
27,"divent","QTSA_0",98
27,"divent","QTSA_1",3.98028141238691
27,"divent","QTSA_2",0.966996187222884
27,"divent","QTSA_3",0.498804558651097
27,"entropart","QTSA_0",98
27,"entropart","QTSA_1",3.98028141238691
27,"entropart","QTSA_2",0.966996187222884
27,"entropart","QTSA_3",0.498804558651097
27,"EntropyEstimation","QTSA_1",4.10840414116037
27,"EntropyEstimation","QTSA_2",0.969320697288323
27,"EntropyEstimation","QTSA_3",0.498909695228062
27,"vegan","QTSA_0",98
27,"vegan","QTSA_1",3.98028141238691
27,"vegan","QTSA_2",0.966996187222884
27,"vegan","QTSA_3",0.498804558651097
27,"BAT","RACE",146.364277059428
27,"ecodive","RACE",146.364277059428
27,"fossil","RACE",116.978494623656
27,"pctax","RACE",146.3643
27,"sprex","RACE",417
27,"tabula","RACE",146.364277059428
27,"vegan","RACE",146.364277059428
27,"wiqid","RACE",146.364277059428
27,"BiodiversityR","RBOO",99
27,"wiqid","RBOO",225
27,"BAT","RC1",132.47619047619
27,"BiodiversityR","RC1",99
27,"biosampleR","RC1",126.071428571429
27,"iNEXT","RC1",135.013
27,"microbiome","RC1",132.47619047619
27,"pctax","RC1",132.4762
27,"rareNMtests","RC1",99
27,"SpadeR","RC1",99
27,"SSP","RC1",99
27,"vegan","RC1",132.47619047619
27,"wiqid","RC1",135.1
27,"BAT","RC1M",151.994159973958
27,"divent","RC1M",135.013429256595
27,"ecodive","RC1M",135.1
27,"entropart","RC1M",135.013429256595
27,"fossil","RC1M",135.1
27,"mobr","RC1M",135.013429256595
27,"OTUtable","RC1M",135.1
27,"tabula","RC1M",135.013429256595
27,"wiqid","RC1M",135.1
27,"BAT","RCA2",233.754075058301
27,"divDyn","RCA2",132.138047138047
27,"fossil","RCA2",135.1
27,"tabula","RCA2",99
27,"wiqid","RCA2",99
27,"benthos","RHUR_2",1.96932069728837
27,"benthos","RHUR_3",2.91014270140876
27,"divent","RHUR_2",32.5952664932684
27,"divent","RHUR_3",33.0495402078844
27,"entropart","RHUR_2",1.96932069728837
27,"entropart","RHUR_3",2.91014270140877
27,"mobsim","RHUR_2",1.96932069728837
27,"mobsim","RHUR_3",2.91014270140876
27,"tabula","RHUR_2",1.96932069732109
27,"tabula","RHUR_3",2.91014270144451
27,"vegan","RHUR_2",1.96932069728837
27,"vegan","RHUR_3",2.91014270140876
27,"BAT","RICE",226.698716923422
27,"fossil","RICE",116.978494623656
27,"tabula","RICE",99
27,"wiqid","RICE",99
27,"BAT","RJA1",137
27,"BiodiversityR","RJA1",99
27,"divent","RJA1",155
27,"entropart","RJA1",155
27,"fossil","RJA1",136.908872901679
27,"SSP","RJA1",99
27,"tabula","RJA1",3.96143135850902
27,"wiqid","RJA1",137
27,"BAT","RJA2",155
27,"BiodiversityR","RJA2",99
27,"fossil","RJA2",154.597007009777
27,"SSP","RJA2",99
27,"wiqid","RJA2",155
27,"asbio","RLMD",175.493108000213
27,"sads","RLMD",0.893065085740065
27,"vegan","RLMD",122.347654989624
27,"wiqid","RMM",0
27,"divDyn","RSQ",147.711350931951
27,"ecodive","RSQ",147.711350931951
27,"tabula","RSQ",147.711350931951
28,"custom","RICH",85
28,"abdiv","D1SP",0.949929558186274
28,"ade4","D1SP",0.949929558186274
28,"adiv","D1SP",0.949929558186274
28,"agricolae","D1SP",0.949929558186274
28,"asbio","D1SP",0.949929558186274
28,"BiodiversityR","D1SP",0.94992956
28,"biosampleR","D1SP",0.960787552112267
28,"breakaway","D1SP",0.949929558186274
28,"catsim","D1SP",0.583506172839506
28,"concstats","D1SP",0.995759243043811
28,"CUB","D1SP",0.954170315142462
28,"DescTools","D1SP",0.949929558186274
28,"divent","D1SP",0.949929558186274
28,"diverse","D1SP",0.960787552112267
28,"ecodive","D1SP",0.949929558186273
28,"entropart","D1SP",0.949929558186274
28,"lawstat","D1SP",0.848721853082318
28,"MCPAN","D1SP",0.949929558186274
28,"microbiome","D1SP",0.949929558186274
28,"PCRA","D1SP",0.949929558186274
28,"RoughSets","D1SP",0.949929558186274
28,"simboot","D1SP",0.949929558186274
28,"sprex","D1SP",0.949929558186274
28,"untb","D1SP",0.952390515590901
28,"vegan","D1SP",0.949929558186274
28,"abdiv","DBRI",3.39234984829882
28,"ecodive","DBRI",3.39234984829882
28,"tabula","DBRI",3.39234984829882
28,"wiqid","DBRI",29.7357447265716
28,"BiodiversityR","DFIS",33.65450585
28,"ecodive","DFIS",33.655
28,"microbiome","DFIS",33.6545058456339
28,"preseqR","DFIS",14.7622449402903
28,"sads","DFIS",33.6545038782976
28,"vegan","DFIS",33.6545058456339
28,"custom","DGLE",14.2655155312165
28,"custom","DGOO_1_1",3.69389620084709
28,"custom","DGOO_1_2",0.339879989606415
28,"custom","DGOO_1_3",1
28,"custom","DGOO_2_1",0.123750465208779
28,"custom","DGOO_2_2",1.05523395880232
28,"custom","DGOO_2_3",1
28,"custom","DGOO_3_1",0.0111412502726037
28,"custom","DGOO_3_2",0.056300489455205
28,"custom","DGOO_3_3",1
28,"abdiv","DINVSP",19.9718629150553
28,"adiv","DINVSP",19.9718629150553
28,"asbio","DINVSP",19.9718629150553
28,"BiodiversityR","DINVSP",19.97186292
28,"breakaway","DINVSP",19.9718629150553
28,"chemodiv","DINVSP",19.9718629150553
28,"codyn","DINVSP",8.02387267904509
28,"divseg","DINVSP",1.05007044181373
28,"ecodive","DINVSP",19.9718629150553
28,"microbiome","DINVSP",19.9718629150553
28,"sprex","DINVSP",19.9718629150553
28,"vegan","DINVSP",19.9718629150553
28,"wiqid","DINVSP",19.9718629150553
28,"custom","DKO",0.220183486238532
28,"abdiv","DMC",0.817807222412973
28,"adiv","DMC",0.817807222412973
28,"agricolae","DMC",0.817807222412973
28,"ecodive","DMC",0.817807222412973
28,"forestHES","DMC",0.817807222412973
28,"tabula","DMC",0.817807222412973
28,"abdiv","DMG",14.0976859367316
28,"adiv","DMG",14.0976859367316
28,"agricolae","DMG",37.5938291646175
28,"ecodive","DMG",14.0976859367316
28,"tabula","DMG",14.0976859367316
28,"abdiv","DMN",4.32079282609047
28,"adiv","DMN",4.32079282609047
28,"ecodive","DMN",4.32079282609047
28,"tabula","DMN",4.32079282609047
28,"custom","DOD",219.638242894057
28,"abdiv","DQ",0
28,"ade4","DRAO",0.949929558186274
28,"BAT","DRAO",0.949929558186258
28,"SYNCSA","DRAO",0.949929558186273
28,"abdiv","DSHA",3.69389620084709
28,"adiv","DSHA",3.69389620084709
28,"aqp","DSHA",5.32916573052067
28,"asbio","DSHA",3.69389620084709
28,"benthos","DSHA",0
28,"BiodiversityR","DSHA",3.6938962
28,"biosampleR","DSHA",3.82166945429945
28,"chemodiv","DSHA",3.69389620084709
28,"codyn","DSHA",3.69389620084709
28,"DescTools","DSHA",5.32916573052067
28,"divDyn","DSHA",3.69389620084709
28,"divent","DSHA",3.69389620084709
28,"diverse","DSHA",3.82166945429945
28,"ecodive","DSHA",3.69389620084708
28,"EconGeo","DSHA",5.329
28,"entropart","DSHA",3.69389620084709
28,"forestmangr","DSHA",3.56
28,"HardyWeinberg","DSHA",3.69389620084709
28,"iNEXT","DSHA",3.694
28,"MCPAN","DSHA",3.69389620084709
28,"microbiome","DSHA",3.69389620084709
28,"OTUtable","DSHA",3.69389620084709
28,"pgirmess","DSHA",5.32916573052067
28,"SpiecEasi","DSHA",3.69389620084709
28,"sprex","DSHA",3.69389620084709
28,"tabula","DSHA",3.69389620084709
28,"triversity","DSHA",5.32916573052067
28,"vegan","DSHA",3.69389620084709
28,"wavethresh","DSHA",-52296.4866983535
28,"wiqid","DSHA",40.2011740670732
28,"abdiv","DSP",0.0500704418137265
28,"agricolae","DSP",0.0500704418137265
28,"antitrust","DSP",500.704418137265
28,"benthos","DSP",0.0476094844090988
28,"breakaway","DSP",0.0500704418137265
28,"concstats","DSP",0.0500704418137265
28,"DescTools","DSP",0.0500704418137265
28,"diverse","DSP",0.0370582157081089
28,"divseg","DSP",1.05007044181373
28,"EconGeo","DSP",0.0500704418137265
28,"hhi","DSP",0.124628099173554
28,"ineq","DSP",0.0500704418137265
28,"microbiome","DSP",0.0500704418137265
28,"PDtoolkit","DSP",0.0500704418137265
28,"politics","DSP",0.0500704418137265
28,"REAT","DSP",0.0500704418137265
28,"sprex","DSP",0.0500704418137265
28,"tabula","DSP",0.0500704418137265
28,"triversity","DSP",0.0500704418137265
28,"abdiv","EBP",0.149870801033592
28,"agricolae","EBP",0.149870801033592
28,"BiodiversityR","EBP",0.1498708
28,"diverse","EBP",0.109619686800895
28,"dyvDyn","EBP",0.149870801033592
28,"ecodive","EBP",0.149870801033592
28,"microbiome","EBP",0.149870801033592
28,"tabula","EBP",0.149870801033592
28,"triversity","EBP",0.149870801033592
28,"wiqid","EBP",1
28,"tabula","EBRI",0.832475552769904
28,"BAT","EBU",0.542297280669374
28,"microbiome","EBU",0.542297280669374
28,"BAT","ECAM",0.985962550394835
28,"microbiome","ECAM",0.683416932664539
28,"codyn","EEQ",0.253693891634891
28,"custom","EEQ",0.000831082104101773
28,"adiv","EEVAR",0.538180917991497
28,"codyn","EEVAR",0.677184999263369
28,"custom","EEVAR",0.538180917991497
28,"microbiome","EEVAR",0.538180917991497
28,"acid","EGIN",0.844949755957508
28,"DescTools","EGIN",0.844949755957508
28,"dplR","EGIN",0.844949755957508
28,"EconGeo","EGIN",0.845
28,"giniVarCI","EGIN",0.844949755957508
28,"ineq","EGIN",0.844949755957508
28,"microbiome","EGIN",0.844949755957506
28,"REAT","EGIN",0.844949755957508
28,"shipunov","EGIN",0.844949755957506
28,"wINEQ","EGIN",0.844949755957508
28,"abdiv","EHEI",0.466680643655633
28,"adiv","EHEI",0.466680643655633
28,"custom","EHUL",0.260981912144703
28,"benthos","EHURE",0.952390515590901
28,"BiodiversityR","EHURE",0.95239052
28,"mobr","EHURE",0.952390515590901
28,"vegan","EHURE",0.952390515590957
28,"custom","ELR",0.176061731550366
28,"abdiv","EMC",0.285667255099661
28,"tabula","EMC",0.870673551021237
28,"microbiome","EMN",0.260981912144703
28,"custom","ENHC",-0.035335685253946
28,"custom","EPAT",0.267111970397575
28,"abdiv","EPIE",0.831462112955779
28,"adiv","EPIE",0.831462112955779
28,"BiodiversityR","EPIE",0.83146211
28,"breakaway","EPIE",0.831462112955779
28,"chemodiv","EPIE",0.831462112955779
28,"diverse","EPIE",0.845167656377581
28,"forestmangr","EPIE",1
28,"microbiome","EPIE",0.831462112955779
28,"OTUtable","EPIE",0.831462112955779
28,"pctax","EPIE",0.8315
28,"sprex","EPIE",0.831462112955779
28,"tabula","EPIE",0.831462112955779
28,"custom","ESHE",0.472954989024391
28,"adiv","ESP",0.234963093118298
28,"codyn","ESP",0.445770704391394
28,"sprex","ESP",0.0434576023629069
28,"tabula","ESP",0.234963093118298
28,"abdiv","EST",0.452317981456148
28,"adiv","QHIL_0",85
28,"adiv","QHIL_1",40.2011740670732
28,"adiv","QHIL_2",19.9718629150553
28,"adiv","QHIL_3",13.7517827083176
28,"BAT","QHIL_0",85
28,"BAT","QHIL_1",40.2011740670732
28,"BAT","QHIL_2",19.9718629150553
28,"BAT","QHIL_3",13.7517827083176
28,"benthos","QHIL_0",225
28,"benthos","QHIL_1",40.2011740670732
28,"benthos","QHIL_2",19.9718629150553
28,"benthos","QHIL_3",13.7517827083176
28,"breakaway","QHIL_0",85
28,"breakaway","QHIL_1",40.2011740670732
28,"breakaway","QHIL_2",19.9718629150553
28,"breakaway","QHIL_3",13.7517827083176
28,"chemodiv","QHIL_0",85
28,"chemodiv","QHIL_1",40.2011740670732
28,"chemodiv","QHIL_2",19.9718629150553
28,"chemodiv","QHIL_3",13.7517827083176
28,"divDyn","QHIL_2",19.9718629150553
28,"divent","QHIL_0",85
28,"divent","QHIL_1",40.2011740670732
28,"divent","QHIL_2",19.9718629150554
28,"divent","QHIL_3",13.7517827083178
28,"entropart","QHIL_0",85
28,"entropart","QHIL_1",40.2011740670732
28,"entropart","QHIL_2",19.9718629150554
28,"entropart","QHIL_3",13.7517827083178
28,"EntropyEstimation","QHIL_1",45.2438376432138
28,"EntropyEstimation","QHIL_2",21.0042182227219
28,"EntropyEstimation","QHIL_3",14.211353163314
28,"hilldiv","QHIL_0",85
28,"hilldiv","QHIL_1",40.2015060066683
28,"hilldiv","QHIL_2",19.9718629150553
28,"hilldiv","QHIL_3",13.7517827083176
28,"hillR","QHIL_0",85
28,"hillR","QHIL_1",40.2011740670732
28,"hillR","QHIL_2",19.9718629150553
28,"hillR","QHIL_3",13.7517827083176
28,"sprex","QHIL_0",85
28,"sprex","QHIL_1",40.2011740670732
28,"sprex","QHIL_2",19.9718629150553
28,"sprex","QHIL_3",13.7517827083176
28,"vegan","QHIL_0",85
28,"vegan","QHIL_1",40.2011740670732
28,"vegan","QHIL_2",19.9718629150553
28,"vegan","QHIL_3",13.7517827083176
28,"adiv","QREN_0",4.44265125649032
28,"adiv","QREN_1",3.69389620084709
28,"adiv","QREN_2",2.99432442875817
28,"adiv","QREN_3",2.62116846722256
28,"BiodiversityR","QREN_0",4.44265125649032
28,"BiodiversityR","QREN_1",3.69389620084709
28,"BiodiversityR","QREN_2",2.99432442875817
28,"BiodiversityR","QREN_3",2.62116846722256
28,"diverse","QREN_0",4.52178857704904
28,"diverse","QREN_1",3.82166945429945
28,"diverse","QREN_2",3.23876103443702
28,"diverse","QREN_3",2.92092305795025
28,"EntropyEstimation","QREN_1",3.8120664761916
28,"EntropyEstimation","QREN_2",3.04472328530086
28,"EntropyEstimation","QREN_3",2.65404116370576
28,"seewave","QREN_2",0.552856165644726
28,"seewave","QREN_3",0.483958628318499
28,"sprex","QREN_0",4.44265125649032
28,"sprex","QREN_1",3.69389620084709
28,"sprex","QREN_2",2.99432442875817
28,"sprex","QREN_3",2.62116846722256
28,"statcomp","QREN_1",0.682021367134115
28,"statcomp","QREN_2",0.552856152286144
28,"statcomp","QREN_3",0.483958618299563
28,"vegan","QREN_0",4.44265125649032
28,"vegan","QREN_1",3.69389620084709
28,"vegan","QREN_2",2.99432442875817
28,"vegan","QREN_3",2.62116846722256
28,"adiv","QTSA_0",84
28,"adiv","QTSA_1",3.69389620084709
28,"adiv","QTSA_2",0.949929558186274
28,"adiv","QTSA_3",0.497356057527559
28,"divent","QTSA_0",84
28,"divent","QTSA_1",3.69389620084709
28,"divent","QTSA_2",0.949929558186274
28,"divent","QTSA_3",0.497356057527559
28,"entropart","QTSA_0",84
28,"entropart","QTSA_1",3.69389620084709
28,"entropart","QTSA_2",0.949929558186274
28,"entropart","QTSA_3",0.497356057527559
28,"EntropyEstimation","QTSA_1",3.8120664761916
28,"EntropyEstimation","QTSA_2",0.952390515590901
28,"EntropyEstimation","QTSA_3",0.49752429359611
28,"vegan","QTSA_0",84
28,"vegan","QTSA_1",3.69389620084709
28,"vegan","QTSA_2",0.949929558186274
28,"vegan","QTSA_3",0.497356057527559
28,"BAT","RACE",116.301605866739
28,"ecodive","RACE",116.301605866739
28,"fossil","RACE",98.3097826086957
28,"pctax","RACE",116.3016
28,"sprex","RACE",387
28,"tabula","RACE",116.301605866739
28,"vegan","RACE",116.301605866739
28,"wiqid","RACE",116.301605866739
28,"BiodiversityR","RBOO",85
28,"wiqid","RBOO",225
28,"BAT","RC1",109.473684210526
28,"BiodiversityR","RC1",85
28,"biosampleR","RC1",127.0625
28,"iNEXT","RC1",111.625
28,"microbiome","RC1",109.473684210526
28,"pctax","RC1",109.4737
28,"rareNMtests","RC1",85
28,"SpadeR","RC1",85
28,"SSP","RC1",85
28,"vegan","RC1",109.473684210526
28,"wiqid","RC1",111.694444444444
28,"BAT","RC1M",124.034820615553
28,"divent","RC1M",111.625466551823
28,"ecodive","RC1M",111.694444444444
28,"entropart","RC1M",111.625466551823
28,"fossil","RC1M",111.694444444444
28,"mobr","RC1M",111.625466551823
28,"OTUtable","RC1M",111.694444444444
28,"tabula","RC1M",111.625466551823
28,"wiqid","RC1M",111.694444444444
28,"BAT","RCA2",235.531809443094
28,"divDyn","RCA2",109.185758513932
28,"fossil","RCA2",111.694444444444
28,"tabula","RCA2",85
28,"wiqid","RCA2",85
28,"benthos","RHUR_2",1.95239051559096
28,"benthos","RHUR_3",2.86212295958019
28,"divent","RHUR_2",21.0042226635068
28,"divent","RHUR_3",21.4199391571348
28,"entropart","RHUR_2",1.95239051559096
28,"entropart","RHUR_3",2.8621229595802
28,"mobsim","RHUR_2",1.95239051559096
28,"mobsim","RHUR_3",2.86212295958019
28,"tabula","RHUR_2",1.95239051556051
28,"tabula","RHUR_3",2.86212295956892
28,"vegan","RHUR_2",1.95239051559096
28,"vegan","RHUR_3",2.86212295958019
28,"BAT","RICE",228.006742685081
28,"fossil","RICE",98.3097826086957
28,"tabula","RICE",85
28,"wiqid","RICE",85
28,"BAT","RJA1",116
28,"BiodiversityR","RJA1",85
28,"divent","RJA1",116
28,"entropart","RJA1",116
28,"fossil","RJA1",115.919896640827
28,"SSP","RJA1",85
28,"tabula","RJA1",3.66872615417278
28,"wiqid","RJA1",116
28,"BAT","RJA2",129
28,"BiodiversityR","RJA2",85
28,"fossil","RJA2",128.658794232237
28,"SSP","RJA2",85
28,"wiqid","RJA2",129
28,"asbio","RLMD",154.368668259151
28,"sads","RLMD",0.908749818284938
28,"vegan","RLMD",103.050887251473
28,"wiqid","RMM",0
28,"divDyn","RSQ",133.97942691696
28,"ecodive","RSQ",133.97942691696
28,"tabula","RSQ",133.97942691696
29,"custom","RICH",86
29,"abdiv","D1SP",0.948104093708489
29,"ade4","D1SP",0.948104093708489
29,"adiv","D1SP",0.948104093708489
29,"agricolae","D1SP",0.948104093708489
29,"asbio","D1SP",0.948104093708489
29,"BiodiversityR","D1SP",0.94810409
29,"biosampleR","D1SP",0.798397568113045
29,"breakaway","D1SP",0.948104093708489
29,"catsim","D1SP",0.582992592592593
29,"concstats","D1SP",0.995767392438801
29,"CUB","D1SP",0.952336701269688
29,"DescTools","D1SP",0.948104093708489
29,"divent","D1SP",0.948104093708489
29,"diverse","D1SP",0.798397568113045
29,"ecodive","D1SP",0.948104093708489
29,"entropart","D1SP",0.948104093708489
29,"lawstat","D1SP",0.847282182103611
29,"MCPAN","D1SP",0.948104093708489
29,"microbiome","D1SP",0.948104093708489
29,"PCRA","D1SP",0.948104093708489
29,"RoughSets","D1SP",0.948104093708489
29,"simboot","D1SP",0.948104093708489
29,"sprex","D1SP",0.948104093708489
29,"untb","D1SP",0.950715950715951
29,"vegan","D1SP",0.948104093708489
29,"abdiv","DBRI",3.37261976655799
29,"ecodive","DBRI",3.37261976655799
29,"tabula","DBRI",3.37261976655799
29,"wiqid","DBRI",29.1548058832705
29,"BiodiversityR","DFIS",35.54362507
29,"ecodive","DFIS",35.544
29,"microbiome","DFIS",35.5436250714148
29,"preseqR","DFIS",16.3774699388196
29,"sads","DFIS",35.5436181795366
29,"vegan","DFIS",35.5436250714148
29,"custom","DGLE",14.5833061049947
29,"custom","DGOO_1_1",3.68872115089303
29,"custom","DGOO_1_2",0.338499214543201
29,"custom","DGOO_1_3",1
29,"custom","DGOO_2_1",0.125264848021008
29,"custom","DGOO_2_2",1.04454324017994
29,"custom","DGOO_2_3",1
29,"custom","DGOO_3_1",0.0119359070256461
29,"custom","DGOO_3_2",0.0571670928462837
29,"custom","DGOO_3_3",1
29,"abdiv","DINVSP",19.2693426410704
29,"adiv","DINVSP",19.2693426410704
29,"asbio","DINVSP",19.2693426410704
29,"BiodiversityR","DINVSP",19.26934264
29,"breakaway","DINVSP",19.2693426410704
29,"chemodiv","DINVSP",19.2693426410704
29,"codyn","DINVSP",5.95238095238095
29,"divseg","DINVSP",1.05189590629151
29,"ecodive","DINVSP",19.2693426410704
29,"microbiome","DINVSP",19.2693426410704
29,"sprex","DINVSP",19.2693426410704
29,"vegan","DINVSP",19.2693426410704
29,"wiqid","DINVSP",19.2693426410704
29,"custom","DKO",0.211009174311927
29,"abdiv","DMC",0.814905947265888
29,"adiv","DMC",0.814905947265888
29,"agricolae","DMC",0.814905947265888
29,"ecodive","DMC",0.814905947265888
29,"forestHES","DMC",0.814905947265888
29,"tabula","DMC",0.814905947265888
29,"abdiv","DMG",14.4137327781924
29,"adiv","DMG",14.4137327781924
29,"agricolae","DMG",37.9844252037071
29,"ecodive","DMG",14.4137327781924
29,"tabula","DMG",14.4137327781924
29,"abdiv","DMN",4.50762479790425
29,"adiv","DMN",4.50762479790425
29,"ecodive","DMN",4.50762479790425
29,"tabula","DMN",4.50762479790425
29,"custom","DOD",236.263736263736
29,"abdiv","DQ",0
29,"ade4","DRAO",0.948104093708488
29,"BAT","DRAO",0.948104093708524
29,"SYNCSA","DRAO",0.948104093708489
29,"abdiv","DSHA",3.68872115089303
29,"adiv","DSHA",3.68872115089303
29,"aqp","DSHA",5.3216997116156
29,"asbio","DSHA",3.68872115089303
29,"benthos","DSHA",0
29,"BiodiversityR","DSHA",3.68872115
29,"biosampleR","DSHA",2.64185942378918
29,"chemodiv","DSHA",3.68872115089303
29,"codyn","DSHA",3.68872115089303
29,"DescTools","DSHA",5.3216997116156
29,"divDyn","DSHA",3.68872115089303
29,"divent","DSHA",3.68872115089303
29,"diverse","DSHA",2.64185942378918
29,"ecodive","DSHA",3.68872115089302
29,"EconGeo","DSHA",5.322
29,"entropart","DSHA",3.68872115089303
29,"forestmangr","DSHA",3.56
29,"HardyWeinberg","DSHA",3.68872115089303
29,"iNEXT","DSHA",3.689
29,"MCPAN","DSHA",3.68872115089303
29,"microbiome","DSHA",3.68872115089303
29,"OTUtable","DSHA",3.68872115089303
29,"pgirmess","DSHA",5.3216997116156
29,"SpiecEasi","DSHA",3.68872115089303
29,"sprex","DSHA",3.68872115089303
29,"tabula","DSHA",3.68872115089303
29,"triversity","DSHA",5.3216997116156
29,"vegan","DSHA",3.68872115089303
29,"wavethresh","DSHA",-47903.4773809576
29,"wiqid","DSHA",39.9936683723353
29,"abdiv","DSP",0.0518959062915107
29,"agricolae","DSP",0.0518959062915107
29,"antitrust","DSP",518.959062915107
29,"benthos","DSP",0.0492840492840493
29,"breakaway","DSP",0.0518959062915107
29,"concstats","DSP",0.0518959062915107
29,"DescTools","DSP",0.0518959062915107
29,"diverse","DSP",0.200271769273433
29,"divseg","DSP",1.05189590629151
29,"EconGeo","DSP",0.0518959062915107
29,"hhi","DSP",0.168
29,"ineq","DSP",0.0518959062915107
29,"microbiome","DSP",0.0518959062915107
29,"PDtoolkit","DSP",0.0518959062915107
29,"politics","DSP",0.0518959062915107
29,"REAT","DSP",0.0518959062915107
29,"sprex","DSP",0.0518959062915107
29,"tabula","DSP",0.0518959062915107
29,"triversity","DSP",0.0518959062915107
29,"abdiv","EBP",0.148351648351648
29,"agricolae","EBP",0.148351648351648
29,"BiodiversityR","EBP",0.14835165
29,"diverse","EBP",0.410981697171381
29,"dyvDyn","EBP",0.148351648351648
29,"ecodive","EBP",0.148351648351648
29,"microbiome","EBP",0.148351648351648
29,"tabula","EBP",0.148351648351648
29,"triversity","EBP",0.148351648351648
29,"wiqid","EBP",1
29,"tabula","EBRI",0.828961053403069
29,"BAT","EBU",0.538914027149321
29,"microbiome","EBU",0.538914027149321
29,"BAT","ECAM",0.986103636445633
29,"microbiome","ECAM",0.659851776130846
29,"codyn","EEQ",0.219736419602878
29,"custom","EEQ",0.000798544036317286
29,"adiv","EEVAR",0.540282878855601
29,"codyn","EEVAR",0.532391303880322
29,"custom","EEVAR",0.540282878855601
29,"microbiome","EEVAR",0.540282878855601
29,"acid","EGIN",0.843516483516483
29,"DescTools","EGIN",0.843516483516484
29,"dplR","EGIN",0.843516483516484
29,"EconGeo","EGIN",0.844
29,"giniVarCI","EGIN",0.843516483516484
29,"ineq","EGIN",0.843516483516484
29,"microbiome","EGIN",0.843516483516485
29,"REAT","EGIN",0.843516483516483
29,"shipunov","EGIN",0.843516483516485
29,"wINEQ","EGIN",0.843516483516483
29,"abdiv","EHEI",0.458749039674533
29,"adiv","EHEI",0.458749039674533
29,"custom","EHUL",0.277472527472527
29,"benthos","EHURE",0.950715950715951
29,"BiodiversityR","EHURE",0.95071595
29,"mobr","EHURE",0.950715950715951
29,"vegan","EHURE",0.950715950715851
29,"custom","ELR",0.173092333778949
29,"abdiv","EMC",0.29704807474472
29,"tabula","EMC",0.865525258807004
29,"microbiome","EMN",0.277472527472527
29,"custom","ENHC",-0.0343508951728076
29,"custom","EPAT",0.270717103076046
29,"abdiv","EPIE",0.828117096750754
29,"adiv","EPIE",0.828117096750754
29,"BiodiversityR","EPIE",0.8281171
29,"breakaway","EPIE",0.828117096750754
29,"chemodiv","EPIE",0.828117096750754
29,"diverse","EPIE",0.597862574886245
29,"forestmangr","EPIE",1
29,"microbiome","EPIE",0.828117096750754
29,"OTUtable","EPIE",0.828117096750754
29,"pctax","EPIE",0.8281
29,"sprex","EPIE",0.828117096750754
29,"tabula","EPIE",0.828117096750754
29,"custom","ESHE",0.465042655492271
29,"adiv","ESP",0.224062123733377
29,"codyn","ESP",0.425170068027211
29,"sprex","ESP",0.0428921064057328
29,"tabula","ESP",0.224062123733377
29,"abdiv","EST",0.455724508050089
29,"adiv","QHIL_0",86
29,"adiv","QHIL_1",39.9936683723353
29,"adiv","QHIL_2",19.2693426410704
29,"adiv","QHIL_3",13.1340608850804
29,"BAT","QHIL_0",86
29,"BAT","QHIL_1",39.9936683723353
29,"BAT","QHIL_2",19.2693426410704
29,"BAT","QHIL_3",13.1340608850804
29,"benthos","QHIL_0",225
29,"benthos","QHIL_1",39.9936683723353
29,"benthos","QHIL_2",19.2693426410704
29,"benthos","QHIL_3",13.1340608850804
29,"breakaway","QHIL_0",86
29,"breakaway","QHIL_1",39.9936683723353
29,"breakaway","QHIL_2",19.2693426410704
29,"breakaway","QHIL_3",13.1340608850804
29,"chemodiv","QHIL_0",86
29,"chemodiv","QHIL_1",39.9936683723353
29,"chemodiv","QHIL_2",19.2693426410704
29,"chemodiv","QHIL_3",13.1340608850804
29,"divDyn","QHIL_2",19.2693426410704
29,"divent","QHIL_0",86
29,"divent","QHIL_1",39.9936683723353
29,"divent","QHIL_2",19.2693426410704
29,"divent","QHIL_3",13.1340608850805
29,"entropart","QHIL_0",86
29,"entropart","QHIL_1",39.9936683723353
29,"entropart","QHIL_2",19.2693426410704
29,"entropart","QHIL_3",13.1340608850804
29,"EntropyEstimation","QHIL_1",45.4480779326511
29,"EntropyEstimation","QHIL_2",20.2905405405405
29,"EntropyEstimation","QHIL_3",13.5718496036307
29,"hilldiv","QHIL_0",86
29,"hilldiv","QHIL_1",39.9940106992606
29,"hilldiv","QHIL_2",19.2693426410704
29,"hilldiv","QHIL_3",13.1340608850804
29,"hillR","QHIL_0",86
29,"hillR","QHIL_1",39.9936683723353
29,"hillR","QHIL_2",19.2693426410704
29,"hillR","QHIL_3",13.1340608850804
29,"sprex","QHIL_0",86
29,"sprex","QHIL_1",39.9936683723353
29,"sprex","QHIL_2",19.2693426410704
29,"sprex","QHIL_3",13.1340608850804
29,"vegan","QHIL_0",86
29,"vegan","QHIL_1",39.9936683723353
29,"vegan","QHIL_2",19.2693426410704
29,"vegan","QHIL_3",13.1340608850804
29,"adiv","QREN_0",4.45434729625351
29,"adiv","QREN_1",3.68872115089303
29,"adiv","QREN_2",2.95851536877074
29,"adiv","QREN_3",2.57520892344255
29,"BiodiversityR","QREN_0",4.45434729625351
29,"BiodiversityR","QREN_1",3.68872115089303
29,"BiodiversityR","QREN_2",2.95851536877074
29,"BiodiversityR","QREN_3",2.57520892344255
29,"diverse","QREN_0",4.4188406077966
29,"diverse","QREN_1",2.64185942378918
29,"diverse","QREN_2",1.60145767992636
29,"diverse","QREN_3",1.30517982910754
29,"EntropyEstimation","QREN_1",3.81657053001861
29,"EntropyEstimation","QREN_2",3.01015479421921
29,"EntropyEstimation","QREN_3",2.60799776548943
29,"seewave","QREN_2",0.546244571821492
29,"seewave","QREN_3",0.475472902916391
29,"sprex","QREN_0",4.45434729625351
29,"sprex","QREN_1",3.68872115089303
29,"sprex","QREN_2",2.95851536877074
29,"sprex","QREN_3",2.57520892344255
29,"statcomp","QREN_1",0.681065873408046
29,"statcomp","QREN_2",0.546244557720272
29,"statcomp","QREN_3",0.475472892340476
29,"vegan","QREN_0",4.45434729625351
29,"vegan","QREN_1",3.68872115089303
29,"vegan","QREN_2",2.95851536877074
29,"vegan","QREN_3",2.57520892344255
29,"adiv","QTSA_0",85
29,"adiv","QTSA_1",3.68872115089303
29,"adiv","QTSA_2",0.948104093708489
29,"adiv","QTSA_3",0.497101509015076
29,"divent","QTSA_0",85
29,"divent","QTSA_1",3.68872115089303
29,"divent","QTSA_2",0.948104093708489
29,"divent","QTSA_3",0.497101509015076
29,"entropart","QTSA_0",85
29,"entropart","QTSA_1",3.68872115089303
29,"entropart","QTSA_2",0.948104093708489
29,"entropart","QTSA_3",0.497101509015076
29,"EntropyEstimation","QTSA_1",3.81657053001861
29,"EntropyEstimation","QTSA_2",0.950715950715951
29,"EntropyEstimation","QTSA_3",0.497285486989153
29,"vegan","QTSA_0",85
29,"vegan","QTSA_1",3.68872115089303
29,"vegan","QTSA_2",0.948104093708489
29,"vegan","QTSA_3",0.497101509015076
29,"BAT","RACE",127.056472407133
29,"ecodive","RACE",127.056472407133
29,"fossil","RACE",104.737179487179
29,"pctax","RACE",127.0565
29,"sprex","RACE",364
29,"tabula","RACE",127.056472407133
29,"vegan","RACE",127.056472407133
29,"wiqid","RACE",127.056472407133
29,"BiodiversityR","RBOO",86
29,"wiqid","RBOO",225
29,"BAT","RC1",127.625
29,"BiodiversityR","RC1",86
29,"biosampleR","RC1",169
29,"iNEXT","RC1",131.508
29,"microbiome","RC1",127.625
29,"pctax","RC1",127.625
29,"rareNMtests","RC1",86
29,"SpadeR","RC1",86
29,"SSP","RC1",86
29,"vegan","RC1",127.625
29,"wiqid","RC1",131.633333333333
29,"BAT","RC1M",151.24839440238
29,"divent","RC1M",131.507967032967
29,"ecodive","RC1M",131.633333333333
29,"entropart","RC1M",131.507967032967
29,"fossil","RC1M",131.633333333333
29,"mobr","RC1M",131.507967032967
29,"OTUtable","RC1M",131.633333333333
29,"tabula","RC1M",131.507967032967
29,"wiqid","RC1M",131.633333333333
29,"BAT","RCA2",235.894488391637
29,"divDyn","RCA2",127.140988372093
29,"fossil","RCA2",131.633333333333
29,"tabula","RCA2",86
29,"wiqid","RCA2",86
29,"benthos","RHUR_2",1.95071595071585
29,"benthos","RHUR_3",2.85757687816946
29,"divent","RHUR_2",20.2905409491473
29,"divent","RHUR_3",20.7252199594401
29,"entropart","RHUR_2",1.95071595071585
29,"entropart","RHUR_3",2.85757687816945
29,"mobsim","RHUR_2",1.95071595071585
29,"mobsim","RHUR_3",2.85757687816946
29,"tabula","RHUR_2",1.95071595071717
29,"tabula","RHUR_3",2.85757687814429
29,"vegan","RHUR_2",1.95071595071585
29,"vegan","RHUR_3",2.85757687816946
29,"BAT","RICE",229.110087858151
29,"fossil","RICE",104.737179487179
29,"tabula","RICE",86
29,"wiqid","RICE",86
29,"BAT","RJA1",123
29,"BiodiversityR","RJA1",86
29,"divent","RJA1",145
29,"entropart","RJA1",145
29,"fossil","RJA1",122.898351648352
29,"SSP","RJA1",86
29,"tabula","RJA1",3.66340092271855
29,"wiqid","RJA1",123
29,"BAT","RJA2",145
29,"BiodiversityR","RJA2",86
29,"fossil","RJA2",144.513622740895
29,"SSP","RJA2",86
29,"wiqid","RJA2",145
29,"asbio","RLMD",153.763477289815
29,"sads","RLMD",0.830428107723453
29,"vegan","RLMD",108.875799602241
29,"wiqid","RMM",0
29,"divDyn","RSQ",158.793695964861
29,"ecodive","RSQ",158.793695964861
29,"tabula","RSQ",158.793695964861
30,"custom","RICH",97
30,"abdiv","D1SP",0.960265927977839
30,"ade4","D1SP",0.960265927977839
30,"adiv","D1SP",0.960265927977839
30,"agricolae","D1SP",0.960265927977839
30,"asbio","D1SP",0.960265927977839
30,"BiodiversityR","D1SP",0.96026593
30,"biosampleR","D1SP",0.964856679286101
30,"breakaway","D1SP",0.960265927977839
30,"catsim","D1SP",0.639130864197531
30,"concstats","D1SP",0.995713098535813
30,"CUB","D1SP",0.964552829442026
30,"DescTools","D1SP",0.960265927977839
30,"divent","D1SP",0.960265927977839
30,"diverse","D1SP",0.964856679286101
30,"ecodive","D1SP",0.960265927977839
30,"entropart","D1SP",0.960265927977839
30,"lawstat","D1SP",0.829755639097744
30,"MCPAN","D1SP",0.960265927977839
30,"microbiome","D1SP",0.960265927977839
30,"PCRA","D1SP",0.960265927977839
30,"RoughSets","D1SP",0.960265927977839
30,"simboot","D1SP",0.960265927977839
30,"sprex","D1SP",0.960265927977839
30,"untb","D1SP",0.962291805463025
30,"vegan","D1SP",0.960265927977839
30,"abdiv","DBRI",3.56536275575132
30,"ecodive","DBRI",3.56536275575132
30,"tabula","DBRI",3.56536275575132
30,"wiqid","DBRI",35.3522753197218
30,"BiodiversityR","DFIS",36.87417374
30,"ecodive","DFIS",36.874
30,"microbiome","DFIS",36.8741737392296
30,"preseqR","DFIS",12.2318459995506
30,"sads","DFIS",36.8741739020395
30,"vegan","DFIS",36.8741737392296
30,"custom","DGLE",15.7382842000058
30,"custom","DGOO_1_1",3.8515981793755
30,"custom","DGOO_1_2",0.326050638937341
30,"custom","DGOO_1_3",1
30,"custom","DGOO_2_1",0.109039556156479
30,"custom","DGOO_2_2",1.07167808855845
30,"custom","DGOO_2_3",1
30,"custom","DGOO_3_1",0.0075925391514077
30,"custom","DGOO_3_2",0.047371440811256
30,"custom","DGOO_3_3",1
30,"abdiv","DINVSP",25.1673173452315
30,"adiv","DINVSP",25.1673173452315
30,"asbio","DINVSP",25.1673173452315
30,"BiodiversityR","DINVSP",25.16731735
30,"breakaway","DINVSP",25.1673173452315
30,"chemodiv","DINVSP",25.1673173452315
30,"codyn","DINVSP",5.66050054406964
30,"divseg","DINVSP",1.03973407202216
30,"ecodive","DINVSP",25.1673173452315
30,"microbiome","DINVSP",25.1673173452315
30,"sprex","DINVSP",25.1673173452315
30,"vegan","DINVSP",25.1673173452315
30,"wiqid","DINVSP",25.1673173452315
30,"custom","DKO",0.110091743119266
30,"abdiv","DMC",0.839169673913391
30,"adiv","DMC",0.839169673913391
30,"agricolae","DMC",0.839169673913391
30,"ecodive","DMC",0.839169673913391
30,"forestHES","DMC",0.839169673913391
30,"tabula","DMC",0.839169673913391
30,"abdiv","DMG",15.5760338474284
30,"adiv","DMG",15.5760338474284
30,"agricolae","DMG",36.3440789773329
30,"ecodive","DMG",15.5760338474284
30,"tabula","DMG",15.5760338474284
30,"abdiv","DMN",4.4506652370889
30,"adiv","DMN",4.4506652370889
30,"ecodive","DMN",4.4506652370889
30,"tabula","DMN",4.4506652370889
30,"custom","DOD",204.210526315789
30,"abdiv","DQ",0
30,"ade4","DRAO",0.960265927977839
30,"BAT","DRAO",0.960265927977788
30,"SYNCSA","DRAO",0.960265927977839
30,"abdiv","DSHA",3.8515981793755
30,"adiv","DSHA",3.8515981793755
30,"aqp","DSHA",5.556681592882
30,"asbio","DSHA",3.8515981793755
30,"benthos","DSHA",0
30,"BiodiversityR","DSHA",3.85159818
30,"biosampleR","DSHA",3.84610879109741
30,"chemodiv","DSHA",3.8515981793755
30,"codyn","DSHA",3.8515981793755
30,"DescTools","DSHA",5.556681592882
30,"divDyn","DSHA",3.8515981793755
30,"divent","DSHA",3.8515981793755
30,"diverse","DSHA",3.84610879109741
30,"ecodive","DSHA",3.8515981793755
30,"EconGeo","DSHA",5.557
30,"entropart","DSHA",3.8515981793755
30,"forestmangr","DSHA",3.56
30,"HardyWeinberg","DSHA",3.8515981793755
30,"iNEXT","DSHA",3.852
30,"MCPAN","DSHA",3.8515981793755
30,"microbiome","DSHA",3.8515981793755
30,"OTUtable","DSHA",3.8515981793755
30,"pgirmess","DSHA",5.556681592882
30,"SpiecEasi","DSHA",3.8515981793755
30,"sprex","DSHA",3.8515981793755
30,"tabula","DSHA",3.8515981793755
30,"triversity","DSHA",5.556681592882
30,"vegan","DSHA",3.8515981793755
30,"wavethresh","DSHA",-61304.1347207301
30,"wiqid","DSHA",47.0682266223198
30,"abdiv","DSP",0.0397340720221607
30,"agricolae","DSP",0.0397340720221607
30,"antitrust","DSP",397.340720221606
30,"benthos","DSP",0.0377081945369754
30,"breakaway","DSP",0.0397340720221607
30,"concstats","DSP",0.0397340720221607
30,"DescTools","DSP",0.0397340720221607
30,"diverse","DSP",0.0328942375454003
30,"divseg","DSP",1.03973407202216
30,"EconGeo","DSP",0.0397340720221607
30,"hhi","DSP",0.176662821991542
30,"ineq","DSP",0.0397340720221607
30,"microbiome","DSP",0.0397340720221607
30,"PDtoolkit","DSP",0.0397340720221607
30,"politics","DSP",0.0397340720221607
30,"REAT","DSP",0.0397340720221607
30,"sprex","DSP",0.0397340720221607
30,"tabula","DSP",0.0397340720221607
30,"triversity","DSP",0.0397340720221607
30,"abdiv","EBP",0.128421052631579
30,"agricolae","EBP",0.128421052631579
30,"BiodiversityR","EBP",0.12842105
30,"diverse","EBP",0.0906976744186047
30,"dyvDyn","EBP",0.128421052631579
30,"ecodive","EBP",0.128421052631579
30,"microbiome","EBP",0.128421052631579
30,"tabula","EBP",0.128421052631579
30,"triversity","EBP",0.128421052631579
30,"wiqid","EBP",1
30,"tabula","EBRI",0.843281212364038
30,"BAT","EBU",0.536732456140351
30,"microbiome","EBU",0.536732456140351
30,"BAT","ECAM",0.987571893651655
30,"microbiome","ECAM",0.561106890938687
30,"codyn","EEQ",0.184635021747647
30,"custom","EEQ",0.000683488999985164
30,"adiv","EEVAR",0.503447485431908
30,"codyn","EEVAR",0.441562497749023
30,"custom","EEVAR",0.503447485431908
30,"microbiome","EEVAR",0.503447485431908
30,"acid","EGIN",0.82606783625731
30,"DescTools","EGIN",0.82606783625731
30,"dplR","EGIN",0.82606783625731
30,"EconGeo","EGIN",0.826
30,"giniVarCI","EGIN",0.82606783625731
30,"ineq","EGIN",0.82606783625731
30,"microbiome","EGIN",0.826067836257309
30,"REAT","EGIN",0.82606783625731
30,"shipunov","EGIN",0.826067836257309
30,"wINEQ","EGIN",0.82606783625731
30,"abdiv","EHEI",0.479877360649165
30,"adiv","EHEI",0.479877360649165
30,"custom","EHUL",0.204210526315789
30,"benthos","EHURE",0.962291805463025
30,"BiodiversityR","EHURE",0.96229181
30,"mobr","EHURE",0.962291805463025
30,"vegan","EHURE",0.96229180546288
30,"custom","ELR",0.180369092778644
30,"abdiv","EMC",0.249741582213052
30,"tabula","EMC",0.891148332826944
30,"microbiome","EMN",0.204210526315789
30,"custom","ENHC",-0.0331613640713909
30,"custom","EPAT",0.157250894408085
30,"abdiv","EPIE",0.841932571800537
30,"adiv","EPIE",0.841932571800537
30,"BiodiversityR","EPIE",0.84193257
30,"breakaway","EPIE",0.841932571800537
30,"chemodiv","EPIE",0.841932571800537
30,"diverse","EPIE",0.850572450604804
30,"forestmangr","EPIE",1
30,"microbiome","EPIE",0.841932571800537
30,"OTUtable","EPIE",0.841932571800537
30,"pctax","EPIE",0.8419
30,"sprex","EPIE",0.841932571800537
30,"tabula","EPIE",0.841932571800537
30,"custom","ESHE",0.485239449714637
30,"adiv","ESP",0.259456879847747
30,"codyn","ESP",0.332970620239391
30,"sprex","ESP",0.0397071977255207
30,"tabula","ESP",0.259456879847747
30,"abdiv","EST",0.45849158979924
30,"adiv","QHIL_0",97
30,"adiv","QHIL_1",47.0682266223198
30,"adiv","QHIL_2",25.1673173452315
30,"adiv","QHIL_3",17.5461884151073
30,"BAT","QHIL_0",97
30,"BAT","QHIL_1",47.0682266223198
30,"BAT","QHIL_2",25.1673173452315
30,"BAT","QHIL_3",17.5461884151073
30,"benthos","QHIL_0",225
30,"benthos","QHIL_1",47.0682266223198
30,"benthos","QHIL_2",25.1673173452315
30,"benthos","QHIL_3",17.5461884151073
30,"breakaway","QHIL_0",97
30,"breakaway","QHIL_1",47.0682266223198
30,"breakaway","QHIL_2",25.1673173452315
30,"breakaway","QHIL_3",17.5461884151073
30,"chemodiv","QHIL_0",97
30,"chemodiv","QHIL_1",47.0682266223198
30,"chemodiv","QHIL_2",25.1673173452315
30,"chemodiv","QHIL_3",17.5461884151073
30,"divDyn","QHIL_2",25.1673173452315
30,"divent","QHIL_0",97
30,"divent","QHIL_1",47.0682266223198
30,"divent","QHIL_2",25.1673173452314
30,"divent","QHIL_3",17.5461884151069
30,"entropart","QHIL_0",97
30,"entropart","QHIL_1",47.0682266223198
30,"entropart","QHIL_2",25.1673173452314
30,"entropart","QHIL_3",17.546188415107
30,"EntropyEstimation","QHIL_1",52.5372757448947
30,"EntropyEstimation","QHIL_2",26.5194346289751
30,"EntropyEstimation","QHIL_3",18.1814301412612
30,"hilldiv","QHIL_0",97
30,"hilldiv","QHIL_1",47.0685775439529
30,"hilldiv","QHIL_2",25.1673173452315
30,"hilldiv","QHIL_3",17.5461884151073
30,"hillR","QHIL_0",97
30,"hillR","QHIL_1",47.0682266223198
30,"hillR","QHIL_2",25.1673173452315
30,"hillR","QHIL_3",17.5461884151073
30,"sprex","QHIL_0",97
30,"sprex","QHIL_1",47.0682266223198
30,"sprex","QHIL_2",25.1673173452315
30,"sprex","QHIL_3",17.5461884151073
30,"vegan","QHIL_0",97
30,"vegan","QHIL_1",47.0682266223198
30,"vegan","QHIL_2",25.1673173452315
30,"vegan","QHIL_3",17.5461884151073
30,"adiv","QREN_0",4.57471097850338
30,"adiv","QREN_1",3.8515981793755
30,"adiv","QREN_2",3.22554622203005
30,"adiv","QREN_3",2.86483674199957
30,"BiodiversityR","QREN_0",4.57471097850338
30,"BiodiversityR","QREN_1",3.8515981793755
30,"BiodiversityR","QREN_2",3.22554622203005
30,"BiodiversityR","QREN_3",2.86483674199957
30,"diverse","QREN_0",4.52178857704904
30,"diverse","QREN_1",3.84610879109741
30,"diverse","QREN_2",3.34832070114617
30,"diverse","QREN_3",3.0903631258523
30,"EntropyEstimation","QREN_1",3.96152293184522
30,"EntropyEstimation","QREN_2",3.27787784642432
30,"EntropyEstimation","QREN_3",2.90040075129128
30,"seewave","QREN_2",0.595547725557663
30,"seewave","QREN_3",0.52894824129453
30,"sprex","QREN_0",4.57471097850338
30,"sprex","QREN_1",3.8515981793755
30,"sprex","QREN_2",3.22554622203005
30,"sprex","QREN_3",2.86483674199957
30,"statcomp","QREN_1",0.711138622505568
30,"statcomp","QREN_2",0.595547715606825
30,"statcomp","QREN_3",0.528948233831402
30,"vegan","QREN_0",4.57471097850338
30,"vegan","QREN_1",3.8515981793755
30,"vegan","QREN_2",3.22554622203005
30,"vegan","QREN_3",2.86483674199957
30,"adiv","QTSA_0",96
30,"adiv","QTSA_1",3.8515981793755
30,"adiv","QTSA_2",0.960265927977839
30,"adiv","QTSA_3",0.498375931185304
30,"divent","QTSA_0",96
30,"divent","QTSA_1",3.8515981793755
30,"divent","QTSA_2",0.960265927977839
30,"divent","QTSA_3",0.498375931185304
30,"entropart","QTSA_0",96
30,"entropart","QTSA_1",3.8515981793755
30,"entropart","QTSA_2",0.960265927977839
30,"entropart","QTSA_3",0.498375931185304
30,"EntropyEstimation","QTSA_1",3.96152293184522
30,"EntropyEstimation","QTSA_2",0.962291805463024
30,"EntropyEstimation","QTSA_3",0.498487435437685
30,"vegan","QTSA_0",96
30,"vegan","QTSA_1",3.8515981793755
30,"vegan","QTSA_2",0.960265927977839
30,"vegan","QTSA_3",0.498375931185304
30,"BAT","RACE",137.673716365665
30,"ecodive","RACE",137.673716365665
30,"fossil","RACE",112.431279620853
30,"pctax","RACE",137.6737
30,"sprex","RACE",475
30,"tabula","RACE",137.673716365665
30,"vegan","RACE",137.673716365665
30,"wiqid","RACE",137.673716365665
30,"BiodiversityR","RBOO",97
30,"wiqid","RBOO",225
30,"BAT","RC1",136.176470588235
30,"BiodiversityR","RC1",97
30,"biosampleR","RC1",121.75
30,"iNEXT","RC1",139.691
30,"microbiome","RC1",136.176470588235
30,"pctax","RC1",136.1765
30,"rareNMtests","RC1",97
30,"SpadeR","RC1",97
30,"SSP","RC1",97
30,"vegan","RC1",136.176470588235
30,"wiqid","RC1",139.78125
30,"BAT","RC1M",155.99000956531
30,"divent","RC1M",139.691184210526
30,"ecodive","RC1M",139.78125
30,"entropart","RC1M",139.691184210526
30,"fossil","RC1M",139.78125
30,"mobr","RC1M",139.691184210526
30,"OTUtable","RC1M",139.78125
30,"tabula","RC1M",139.691184210526
30,"wiqid","RC1M",139.78125
30,"BAT","RCA2",236.275964221537
30,"divDyn","RCA2",135.77258944815
30,"fossil","RCA2",139.78125
30,"tabula","RCA2",97
30,"wiqid","RCA2",97
30,"benthos","RHUR_2",1.96229180546288
30,"benthos","RHUR_3",2.88990054551391
30,"divent","RHUR_2",26.5194346190456
30,"divent","RHUR_3",26.9105773847716
30,"entropart","RHUR_2",1.96229180546288
30,"entropart","RHUR_3",2.88990054551391
30,"mobsim","RHUR_2",1.96229180546288
30,"mobsim","RHUR_3",2.88990054551391
30,"tabula","RHUR_2",1.96229180549343
30,"tabula","RHUR_3",2.88990054555872
30,"vegan","RHUR_2",1.96229180546288
30,"vegan","RHUR_3",2.88990054551391
30,"BAT","RICE",229.680171356742
30,"fossil","RICE",112.431279620853
30,"tabula","RICE",97
30,"wiqid","RICE",97
30,"BAT","RJA1",134
30,"BiodiversityR","RJA1",97
30,"divent","RJA1",155
30,"entropart","RJA1",155
30,"fossil","RJA1",133.922105263158
30,"SSP","RJA1",97
30,"tabula","RJA1",3.83012440390316
30,"wiqid","RJA1",134
30,"BAT","RJA2",155
30,"BiodiversityR","RJA2",97
30,"fossil","RJA2",154.633613146791
30,"SSP","RJA2",97
30,"wiqid","RJA2",155
30,"asbio","RLMD",175.565225939145
30,"sads","RLMD",0.957851353701821
30,"vegan","RLMD",123.42623192088
30,"wiqid","RMM",0
30,"divDyn","RSQ",152.275203120215
30,"ecodive","RSQ",152.275203120215
30,"tabula","RSQ",152.275203120215
31,"custom","RICH",77
31,"abdiv","D1SP",0.963580661359392
31,"ade4","D1SP",0.963580661359392
31,"adiv","D1SP",0.963580661359392
31,"agricolae","D1SP",0.963580661359392
31,"asbio","D1SP",0.963580661359392
31,"BiodiversityR","D1SP",0.96358066
31,"biosampleR","D1SP",0.956501519355265
31,"breakaway","D1SP",0.963580661359392
31,"catsim","D1SP",0.547516049382716
31,"concstats","D1SP",0.995698300618931
31,"CUB","D1SP",0.967882360740461
31,"DescTools","D1SP",0.963580661359392
31,"divent","D1SP",0.963580661359392
31,"diverse","D1SP",0.956501519355265
31,"ecodive","D1SP",0.963580661359392
31,"entropart","D1SP",0.963580661359392
31,"lawstat","D1SP",0.860896674584323
31,"MCPAN","D1SP",0.963580661359392
31,"microbiome","D1SP",0.963580661359392
31,"PCRA","D1SP",0.963580661359392
31,"RoughSets","D1SP",0.963580661359392
31,"simboot","D1SP",0.963580661359392
31,"sprex","D1SP",0.963580661359392
31,"untb","D1SP",0.965874901029295
31,"vegan","D1SP",0.963580661359392
31,"abdiv","DBRI",3.45960687948004
31,"ecodive","DBRI",3.45960687948004
31,"tabula","DBRI",3.45960687948004
31,"wiqid","DBRI",31.804471066552
31,"BiodiversityR","DFIS",27.62297543
31,"ecodive","DFIS",27.623
31,"microbiome","DFIS",27.622975434937
31,"preseqR","DFIS",11.6747319305241
31,"sads","DFIS",27.6229713457637
31,"vegan","DFIS",27.622975434937
31,"custom","DGLE",12.7427897936794
31,"custom","DGOO_1_1",3.72496715105979
31,"custom","DGOO_1_2",0.346645551600673
31,"custom","DGOO_1_3",1
31,"custom","DGOO_2_1",0.110126389908197
31,"custom","DGOO_2_2",1.14738714684099
31,"custom","DGOO_2_3",1
31,"custom","DGOO_3_1",0.00565655697053294
31,"custom","DGOO_3_2",0.0467606147842935
31,"custom","DGOO_3_3",1
31,"abdiv","DINVSP",27.4579395817196
31,"adiv","DINVSP",27.4579395817196
31,"asbio","DINVSP",27.4579395817196
31,"BiodiversityR","DINVSP",27.45793958
31,"breakaway","DINVSP",27.4579395817196
31,"chemodiv","DINVSP",27.4579395817196
31,"codyn","DINVSP",8.20338983050847
31,"divseg","DINVSP",1.03641933864061
31,"ecodive","DINVSP",27.4579395817196
31,"microbiome","DINVSP",27.4579395817196
31,"sprex","DINVSP",27.4579395817196
31,"vegan","DINVSP",27.4579395817196
31,"wiqid","DINVSP",27.4579395817196
31,"custom","DKO",0.293577981651376
31,"abdiv","DMC",0.850618073706739
31,"adiv","DMC",0.850618073706739
31,"agricolae","DMC",0.850618073706739
31,"ecodive","DMC",0.850618073706739
31,"forestHES","DMC",0.850618073706739
31,"tabula","DMC",0.850618073706739
31,"abdiv","DMG",12.5772990171381
31,"adiv","DMG",12.5772990171381
31,"agricolae","DMG",37.0699339452492
31,"ecodive","DMG",12.5772990171381
31,"tabula","DMG",12.5772990171381
31,"abdiv","DMN",3.75275037698006
31,"adiv","DMN",3.75275037698006
31,"ecodive","DMN",3.75275037698006
31,"tabula","DMN",3.75275037698006
31,"custom","DOD",182.897862232779
31,"abdiv","DQ",0
31,"ade4","DRAO",0.963580661359392
31,"BAT","DRAO",0.963580661359404
31,"SYNCSA","DRAO",0.963580661359393
31,"abdiv","DSHA",3.72496715105979
31,"adiv","DSHA",3.72496715105979
31,"aqp","DSHA",5.37399163630825
31,"asbio","DSHA",3.72496715105979
31,"benthos","DSHA",0
31,"BiodiversityR","DSHA",3.72496715
31,"biosampleR","DSHA",3.79170258849473
31,"chemodiv","DSHA",3.72496715105979
31,"codyn","DSHA",3.72496715105979
31,"DescTools","DSHA",5.37399163630825
31,"divDyn","DSHA",3.72496715105979
31,"divent","DSHA",3.72496715105979
31,"diverse","DSHA",3.79170258849473
31,"ecodive","DSHA",3.72496715105979
31,"EconGeo","DSHA",5.374
31,"entropart","DSHA",3.72496715105979
31,"forestmangr","DSHA",3.56
31,"HardyWeinberg","DSHA",3.72496715105979
31,"iNEXT","DSHA",3.725
31,"MCPAN","DSHA",3.72496715105979
31,"microbiome","DSHA",3.72496715105979
31,"OTUtable","DSHA",3.72496715105979
31,"pgirmess","DSHA",5.37399163630825
31,"SpiecEasi","DSHA",3.72496715105979
31,"sprex","DSHA",3.72496715105979
31,"tabula","DSHA",3.72496715105979
31,"triversity","DSHA",5.37399163630825
31,"vegan","DSHA",3.72496715105979
31,"wavethresh","DSHA",-38972.5669354019
31,"wiqid","DSHA",41.4698704811606
31,"abdiv","DSP",0.036419338640608
31,"agricolae","DSP",0.036419338640608
31,"antitrust","DSP",364.19338640608
31,"benthos","DSP",0.0341250989707047
31,"breakaway","DSP",0.036419338640608
31,"concstats","DSP",0.036419338640608
31,"DescTools","DSP",0.036419338640608
31,"diverse","DSP",0.0412945600932253
31,"divseg","DSP",1.03641933864061
31,"EconGeo","DSP",0.036419338640608
31,"hhi","DSP",0.121900826446281
31,"ineq","DSP",0.036419338640608
31,"microbiome","DSP",0.036419338640608
31,"PDtoolkit","DSP",0.036419338640608
31,"politics","DSP",0.036419338640608
31,"REAT","DSP",0.036419338640608
31,"sprex","DSP",0.036419338640608
31,"tabula","DSP",0.036419338640608
31,"triversity","DSP",0.036419338640608
31,"abdiv","EBP",0.0783847980997625
31,"agricolae","EBP",0.0783847980997625
31,"BiodiversityR","EBP",0.0783848
31,"diverse","EBP",0.149425287356322
31,"dyvDyn","EBP",0.0783847980997625
31,"ecodive","EBP",0.0783847980997625
31,"microbiome","EBP",0.0783847980997625
31,"tabula","EBP",0.0783847980997625
31,"triversity","EBP",0.0783847980997625
31,"wiqid","EBP",1
31,"tabula","EBRI",0.859923624669665
31,"BAT","EBU",0.541192649081135
31,"microbiome","EBU",0.541192649081135
31,"BAT","ECAM",0.984675032431002
31,"microbiome","ECAM",0.784495789246383
31,"codyn","EEQ",0.260617815422194
31,"custom","EEQ",0.00116096993244487
31,"adiv","EEVAR",0.474631481708533
31,"codyn","EEVAR",0.700221223267802
31,"custom","EEVAR",0.474631481708533
31,"microbiome","EEVAR",0.474631481708533
31,"acid","EGIN",0.857070467141726
31,"DescTools","EGIN",0.857070467141726
31,"dplR","EGIN",0.857070467141726
31,"EconGeo","EGIN",0.857
31,"giniVarCI","EGIN",0.857070467141726
31,"ineq","EGIN",0.857070467141726
31,"microbiome","EGIN",0.857070467141726
31,"REAT","EGIN",0.857070467141726
31,"shipunov","EGIN",0.857070467141726
31,"wINEQ","EGIN",0.857070467141726
31,"abdiv","EHEI",0.532498295804745
31,"adiv","EHEI",0.532498295804745
31,"custom","EHUL",0.149643705463183
31,"benthos","EHURE",0.965874901029295
31,"BiodiversityR","EHURE",0.9658749
31,"mobr","EHURE",0.965874901029295
31,"vegan","EHURE",0.965874901029249
31,"custom","ELR",0.200735694448177
31,"abdiv","EMC",0.232803989983694
31,"tabula","EMC",0.913234178908013
31,"microbiome","EMN",0.149643705463183
31,"custom","ENHC",-0.0447271324369835
31,"custom","EPAT",0.245466788426895
31,"abdiv","EPIE",0.857535453204116
31,"adiv","EPIE",0.857535453204116
31,"BiodiversityR","EPIE",0.85753545
31,"breakaway","EPIE",0.857535453204116
31,"chemodiv","EPIE",0.857535453204116
31,"diverse","EPIE",0.846865613557067
31,"forestmangr","EPIE",1
31,"microbiome","EPIE",0.857535453204116
31,"OTUtable","EPIE",0.857535453204116
31,"pctax","EPIE",0.8575
31,"sprex","EPIE",0.857535453204116
31,"tabula","EPIE",0.857535453204116
31,"custom","ESHE",0.538569746508579
31,"adiv","ESP",0.35659661794441
31,"codyn","ESP",0.63102998696219
31,"sprex","ESP",0.0483761967670103
31,"tabula","ESP",0.35659661794441
31,"abdiv","EST",0.452848813893945
31,"adiv","QHIL_0",77
31,"adiv","QHIL_1",41.4698704811606
31,"adiv","QHIL_2",27.4579395817196
31,"adiv","QHIL_3",22.2649493258624
31,"BAT","QHIL_0",77
31,"BAT","QHIL_1",41.4698704811606
31,"BAT","QHIL_2",27.4579395817196
31,"BAT","QHIL_3",22.2649493258624
31,"benthos","QHIL_0",225
31,"benthos","QHIL_1",41.4698704811606
31,"benthos","QHIL_2",27.4579395817196
31,"benthos","QHIL_3",22.2649493258624
31,"breakaway","QHIL_0",77
31,"breakaway","QHIL_1",41.4698704811606
31,"breakaway","QHIL_2",27.4579395817196
31,"breakaway","QHIL_3",22.2649493258624
31,"chemodiv","QHIL_0",77
31,"chemodiv","QHIL_1",41.4698704811606
31,"chemodiv","QHIL_2",27.4579395817196
31,"chemodiv","QHIL_3",22.2649493258624
31,"divDyn","QHIL_2",27.4579395817196
31,"divent","QHIL_0",77
31,"divent","QHIL_1",41.4698704811606
31,"divent","QHIL_2",27.4579395817196
31,"divent","QHIL_3",22.2649493258619
31,"entropart","QHIL_0",77
31,"entropart","QHIL_1",41.4698704811606
31,"entropart","QHIL_2",27.4579395817196
31,"entropart","QHIL_3",22.2649493258622
31,"EntropyEstimation","QHIL_1",45.7226372837224
31,"EntropyEstimation","QHIL_2",29.3039443155457
31,"EntropyEstimation","QHIL_3",23.6911279903417
31,"hilldiv","QHIL_0",77
31,"hilldiv","QHIL_1",41.4700977420517
31,"hilldiv","QHIL_2",27.4579395817196
31,"hilldiv","QHIL_3",22.2649493258624
31,"hillR","QHIL_0",77
31,"hillR","QHIL_1",41.4698704811606
31,"hillR","QHIL_2",27.4579395817196
31,"hillR","QHIL_3",22.2649493258624
31,"sprex","QHIL_0",77
31,"sprex","QHIL_1",41.4698704811606
31,"sprex","QHIL_2",27.4579395817196
31,"sprex","QHIL_3",22.2649493258624
31,"vegan","QHIL_0",77
31,"vegan","QHIL_1",41.4698704811606
31,"vegan","QHIL_2",27.4579395817196
31,"vegan","QHIL_3",22.2649493258624
31,"adiv","QREN_0",4.34380542185368
31,"adiv","QREN_1",3.72496715105979
31,"adiv","QREN_2",3.31265536408402
31,"adiv","QREN_3",3.1030136628161
31,"BiodiversityR","QREN_0",4.34380542185368
31,"BiodiversityR","QREN_1",3.72496715105979
31,"BiodiversityR","QREN_2",3.31265536408402
31,"BiodiversityR","QREN_3",3.1030136628161
31,"diverse","QREN_0",4.47733681447821
31,"diverse","QREN_1",3.79170258849473
31,"diverse","QREN_2",3.13502926920472
31,"diverse","QREN_3",2.72901759868949
31,"EntropyEstimation","QREN_1",3.82259352063399
31,"EntropyEstimation","QREN_2",3.3777221252408
31,"EntropyEstimation","QREN_3",3.1651006316569
31,"seewave","QREN_2",0.611631097725684
31,"seewave","QREN_3",0.572923964682177
31,"sprex","QREN_0",4.34380542185368
31,"sprex","QREN_1",3.72496715105979
31,"sprex","QREN_2",3.31265536408402
31,"sprex","QREN_3",3.1030136628161
31,"statcomp","QREN_1",0.687758142286965
31,"statcomp","QREN_2",0.611631084744243
31,"statcomp","QREN_3",0.572923954946096
31,"vegan","QREN_0",4.34380542185368
31,"vegan","QREN_1",3.72496715105979
31,"vegan","QREN_2",3.31265536408402
31,"vegan","QREN_3",3.1030136628161
31,"adiv","QTSA_0",76
31,"adiv","QTSA_1",3.72496715105979
31,"adiv","QTSA_2",0.963580661359392
31,"adiv","QTSA_3",0.498991382306853
31,"divent","QTSA_0",76
31,"divent","QTSA_1",3.72496715105979
31,"divent","QTSA_2",0.963580661359392
31,"divent","QTSA_3",0.498991382306853
31,"entropart","QTSA_0",76
31,"entropart","QTSA_1",3.72496715105979
31,"entropart","QTSA_2",0.963580661359392
31,"entropart","QTSA_3",0.498991382306853
31,"EntropyEstimation","QTSA_1",3.82259352063399
31,"EntropyEstimation","QTSA_2",0.965874901029296
31,"EntropyEstimation","QTSA_3",0.499109162426415
31,"vegan","QTSA_0",76
31,"vegan","QTSA_1",3.72496715105979
31,"vegan","QTSA_2",0.963580661359392
31,"vegan","QTSA_3",0.498991382306853
31,"BAT","RACE",102.501560919843
31,"ecodive","RACE",102.501560919843
31,"fossil","RACE",87.187134502924
31,"pctax","RACE",102.5016
31,"sprex","RACE",421
31,"tabula","RACE",102.501560919843
31,"vegan","RACE",102.501560919843
31,"wiqid","RACE",102.501560919843
31,"BiodiversityR","RBOO",77
31,"wiqid","RBOO",225
31,"BAT","RC1",100.214285714286
31,"BiodiversityR","RC1",77
31,"biosampleR","RC1",103.954545454545
31,"iNEXT","RC1",102.938
31,"microbiome","RC1",100.214285714286
31,"pctax","RC1",100.2143
31,"rareNMtests","RC1",77
31,"SpadeR","RC1",77
31,"SSP","RC1",77
31,"vegan","RC1",100.214285714286
31,"wiqid","RC1",103
31,"BAT","RC1M",111.640303110619
31,"divent","RC1M",102.938242280285
31,"ecodive","RC1M",103
31,"entropart","RC1M",102.938242280285
31,"fossil","RC1M",103
31,"mobr","RC1M",102.938242280285
31,"OTUtable","RC1M",103
31,"tabula","RC1M",102.938242280285
31,"wiqid","RC1M",103
31,"BAT","RCA2",235.743510064973
31,"divDyn","RCA2",99.9128014842301
31,"fossil","RCA2",103
31,"tabula","RCA2",77
31,"wiqid","RCA2",77
31,"benthos","RHUR_2",1.96587490102925
31,"benthos","RHUR_3",2.89940637823488
31,"divent","RHUR_2",29.3039307083855
31,"divent","RHUR_3",29.4858054013547
31,"entropart","RHUR_2",1.96587490102925
31,"entropart","RHUR_3",2.89940637823489
31,"mobsim","RHUR_2",1.96587490102925
31,"mobsim","RHUR_3",2.89940637823488
31,"tabula","RHUR_2",1.96587490101692
31,"tabula","RHUR_3",2.89940637820876
31,"vegan","RHUR_2",1.96587490102925
31,"vegan","RHUR_3",2.89940637823488
31,"BAT","RICE",230.817232192488
31,"fossil","RICE",87.187134502924
31,"tabula","RICE",77
31,"wiqid","RICE",77
31,"BAT","RJA1",103
31,"BiodiversityR","RJA1",77
31,"divent","RJA1",116
31,"entropart","RJA1",116
31,"fossil","RJA1",102.938242280285
31,"SSP","RJA1",77
31,"tabula","RJA1",3.70056060755178
31,"wiqid","RJA1",103
31,"BAT","RJA2",116
31,"BiodiversityR","RJA2",77
31,"fossil","RJA2",115.722016740188
31,"SSP","RJA2",77
31,"wiqid","RJA2",116
31,"asbio","RLMD",138.873401929486
31,"sads","RLMD",1.08279363975854
31,"vegan","RLMD",92.6288120293241
31,"wiqid","RMM",0
31,"divDyn","RSQ",101.900735566854
31,"ecodive","RSQ",101.900735566854
31,"tabula","RSQ",101.900735566854
32,"custom","RICH",88
32,"abdiv","D1SP",0.956526692013043
32,"ade4","D1SP",0.956526692013044
32,"adiv","D1SP",0.956526692013043
32,"agricolae","D1SP",0.956526692013043
32,"asbio","D1SP",0.956526692013043
32,"BiodiversityR","D1SP",0.95652669
32,"biosampleR","D1SP",0.936514371224519
32,"breakaway","D1SP",0.956526692013043
32,"catsim","D1SP",0.603812345679012
32,"concstats","D1SP",0.995729791553513
32,"CUB","D1SP",0.96079690045953
32,"DescTools","D1SP",0.956526692013044
32,"divent","D1SP",0.956526692013044
32,"diverse","D1SP",0.936514371224519
32,"ecodive","D1SP",0.956526692013043
32,"entropart","D1SP",0.956526692013044
32,"lawstat","D1SP",0.838663243075008
32,"MCPAN","D1SP",0.956526692013043
32,"microbiome","D1SP",0.956526692013043
32,"PCRA","D1SP",0.956526692013043
32,"RoughSets","D1SP",0.956526692013043
32,"simboot","D1SP",0.956526692013043
32,"sprex","D1SP",0.956526692013043
32,"untb","D1SP",0.958615178240146
32,"vegan","D1SP",0.956526692013043
32,"abdiv","DBRI",3.50789970513095
32,"ecodive","DBRI",3.50789970513095
32,"tabula","DBRI",3.50789970513095
32,"wiqid","DBRI",33.3780902812616
32,"BiodiversityR","DFIS",32.34465233
32,"ecodive","DFIS",32.345
32,"microbiome","DFIS",32.344652328273
32,"preseqR","DFIS",17.0461505086334
32,"sads","DFIS",32.3446499924881
32,"vegan","DFIS",32.344652328273
32,"custom","DGLE",14.3578526825498
32,"custom","DGOO_1_1",3.78487316846933
32,"custom","DGOO_1_2",0.330832165643468
32,"custom","DGOO_1_3",1
32,"custom","DGOO_2_1",0.114287459844766
32,"custom","DGOO_2_2",1.06729617114729
32,"custom","DGOO_2_3",1
32,"custom","DGOO_3_1",0.00890196105402347
32,"custom","DGOO_3_2",0.0505858319800545
32,"custom","DGOO_3_3",1
32,"abdiv","DINVSP",23.0026203734032
32,"adiv","DINVSP",23.0026203734032
32,"asbio","DINVSP",23.0026203734032
32,"BiodiversityR","DINVSP",23.00262037
32,"breakaway","DINVSP",23.0026203734032
32,"chemodiv","DINVSP",23.0026203734032
32,"codyn","DINVSP",6.76023391812865
32,"divseg","DINVSP",1.04347330798696
32,"ecodive","DINVSP",23.0026203734032
32,"microbiome","DINVSP",23.0026203734032
32,"sprex","DINVSP",23.0026203734032
32,"vegan","DINVSP",23.0026203734032
32,"wiqid","DINVSP",23.0026203734032
32,"custom","DKO",0.192660550458716
32,"abdiv","DMC",0.830250224689536
32,"adiv","DMC",0.830250224689536
32,"agricolae","DMC",0.830250224689536
32,"ecodive","DMC",0.830250224689536
32,"forestHES","DMC",0.830250224689536
32,"tabula","DMC",0.830250224689536
32,"abdiv","DMG",14.1946952657026
32,"adiv","DMG",14.1946952657026
32,"agricolae","DMG",36.547261373763
32,"ecodive","DMG",14.1946952657026
32,"tabula","DMG",14.1946952657026
32,"abdiv","DMN",4.10748824648216
32,"adiv","DMN",4.10748824648216
32,"ecodive","DMN",4.10748824648216
32,"tabula","DMN",4.10748824648216
32,"custom","DOD",191.721132897603
32,"abdiv","DQ",0
32,"ade4","DRAO",0.956526692013044
32,"BAT","DRAO",0.956526692013027
32,"SYNCSA","DRAO",0.956526692013043
32,"abdiv","DSHA",3.78487316846933
32,"adiv","DSHA",3.78487316846933
32,"aqp","DSHA",5.4604177505444
32,"asbio","DSHA",3.78487316846933
32,"benthos","DSHA",0
32,"BiodiversityR","DSHA",3.78487317
32,"biosampleR","DSHA",3.51608231975855
32,"chemodiv","DSHA",3.78487316846933
32,"codyn","DSHA",3.78487316846933
32,"DescTools","DSHA",5.4604177505444
32,"divDyn","DSHA",3.78487316846933
32,"divent","DSHA",3.78487316846933
32,"diverse","DSHA",3.51608231975855
32,"ecodive","DSHA",3.78487316846933
32,"EconGeo","DSHA",5.46
32,"entropart","DSHA",3.78487316846933
32,"forestmangr","DSHA",3.56
32,"HardyWeinberg","DSHA",3.78487316846933
32,"iNEXT","DSHA",3.785
32,"MCPAN","DSHA",3.78487316846933
32,"microbiome","DSHA",3.78487316846933
32,"OTUtable","DSHA",3.78487316846933
32,"pgirmess","DSHA",5.4604177505444
32,"SpiecEasi","DSHA",3.78487316846933
32,"sprex","DSHA",3.78487316846933
32,"tabula","DSHA",3.78487316846933
32,"triversity","DSHA",5.4604177505444
32,"vegan","DSHA",3.78487316846933
32,"wavethresh","DSHA",-64115.5490927786
32,"wiqid","DSHA",44.0300858014181
32,"abdiv","DSP",0.0434733079869566
32,"agricolae","DSP",0.0434733079869566
32,"antitrust","DSP",434.733079869566
32,"benthos","DSP",0.0413848217598539
32,"breakaway","DSP",0.0434733079869566
32,"concstats","DSP",0.0434733079869566
32,"DescTools","DSP",0.0434733079869566
32,"diverse","DSP",0.0613858207682507
32,"divseg","DSP",1.04347330798696
32,"EconGeo","DSP",0.0434733079869566
32,"hhi","DSP",0.147923875432526
32,"ineq","DSP",0.0434733079869566
32,"microbiome","DSP",0.0434733079869566
32,"PDtoolkit","DSP",0.0434733079869566
32,"politics","DSP",0.0434733079869566
32,"REAT","DSP",0.0434733079869566
32,"sprex","DSP",0.0434733079869566
32,"tabula","DSP",0.0434733079869566
32,"triversity","DSP",0.0434733079869566
32,"abdiv","EBP",0.130718954248366
32,"agricolae","EBP",0.130718954248366
32,"BiodiversityR","EBP",0.13071895
32,"diverse","EBP",0.178970917225951
32,"dyvDyn","EBP",0.130718954248366
32,"ecodive","EBP",0.130718954248366
32,"microbiome","EBP",0.130718954248366
32,"tabula","EBP",0.130718954248366
32,"triversity","EBP",0.130718954248366
32,"wiqid","EBP",1
32,"tabula","EBRI",0.846154358289312
32,"BAT","EBU",0.560438734880926
32,"microbiome","EBU",0.560438734880926
32,"BAT","ECAM",0.986713540635109
32,"microbiome","ECAM",0.658793820558526
32,"codyn","EEQ",0.205207070313255
32,"custom","EEQ",0.000818369608995913
32,"adiv","EEVAR",0.520951053944948
32,"codyn","EEVAR",0.520557578294283
32,"custom","EEVAR",0.520951053944948
32,"microbiome","EEVAR",0.520951053944948
32,"acid","EGIN",0.834935850883563
32,"DescTools","EGIN",0.834935850883563
32,"dplR","EGIN",0.834935850883563
32,"EconGeo","EGIN",0.835
32,"giniVarCI","EGIN",0.834935850883563
32,"ineq","EGIN",0.834935850883563
32,"microbiome","EGIN",0.834935850883564
32,"REAT","EGIN",0.834935850883563
32,"shipunov","EGIN",0.834935850883564
32,"wINEQ","EGIN",0.834935850883563
32,"abdiv","EHEI",0.494598687372621
32,"adiv","EHEI",0.494598687372621
32,"custom","EHUL",0.239651416122004
32,"benthos","EHURE",0.958615178240146
32,"BiodiversityR","EHURE",0.95861518
32,"mobr","EHURE",0.958615178240146
32,"vegan","EHURE",0.958615178240121
32,"custom","ELR",0.186181188038578
32,"abdiv","EMC",0.257184395922609
32,"tabula","EMC",0.885938862995399
32,"microbiome","EMN",0.239651416122004
32,"custom","ENHC",-0.0360238335825131
32,"custom","EPAT",0.203734023928503
32,"abdiv","EPIE",0.845340282694462
32,"adiv","EPIE",0.845340282694462
32,"BiodiversityR","EPIE",0.84534028
32,"breakaway","EPIE",0.845340282694462
32,"chemodiv","EPIE",0.845340282694462
32,"diverse","EPIE",0.797891157223455
32,"forestmangr","EPIE",1
32,"microbiome","EPIE",0.845340282694462
32,"OTUtable","EPIE",0.845340282694462
32,"pctax","EPIE",0.8453
32,"sprex","EPIE",0.845340282694462
32,"tabula","EPIE",0.845340282694462
32,"custom","ESHE",0.500341884107023
32,"adiv","ESP",0.261393413334127
32,"codyn","ESP",0.482873851294904
32,"sprex","ESP",0.0430099223689697
32,"tabula","ESP",0.261393413334127
32,"abdiv","EST",0.434566250742721
32,"adiv","QHIL_0",88
32,"adiv","QHIL_1",44.0300858014181
32,"adiv","QHIL_2",23.0026203734032
32,"adiv","QHIL_3",15.8675914032976
32,"BAT","QHIL_0",88
32,"BAT","QHIL_1",44.0300858014181
32,"BAT","QHIL_2",23.0026203734032
32,"BAT","QHIL_3",15.8675914032976
32,"benthos","QHIL_0",225
32,"benthos","QHIL_1",44.0300858014181
32,"benthos","QHIL_2",23.0026203734032
32,"benthos","QHIL_3",15.8675914032976
32,"breakaway","QHIL_0",88
32,"breakaway","QHIL_1",44.0300858014181
32,"breakaway","QHIL_2",23.0026203734032
32,"breakaway","QHIL_3",15.8675914032976
32,"chemodiv","QHIL_0",88
32,"chemodiv","QHIL_1",44.0300858014181
32,"chemodiv","QHIL_2",23.0026203734032
32,"chemodiv","QHIL_3",15.8675914032976
32,"divDyn","QHIL_2",23.0026203734032
32,"divent","QHIL_0",88
32,"divent","QHIL_1",44.0300858014181
32,"divent","QHIL_2",23.0026203734033
32,"divent","QHIL_3",15.8675914032979
32,"entropart","QHIL_0",88
32,"entropart","QHIL_1",44.0300858014181
32,"entropart","QHIL_2",23.0026203734033
32,"entropart","QHIL_3",15.8675914032979
32,"EntropyEstimation","QHIL_1",48.7733791872483
32,"EntropyEstimation","QHIL_2",24.163448275862
32,"EntropyEstimation","QHIL_3",16.392660347286
32,"hilldiv","QHIL_0",88
32,"hilldiv","QHIL_1",44.0304141099928
32,"hilldiv","QHIL_2",23.0026203734032
32,"hilldiv","QHIL_3",15.8675914032976
32,"hillR","QHIL_0",88
32,"hillR","QHIL_1",44.0300858014181
32,"hillR","QHIL_2",23.0026203734032
32,"hillR","QHIL_3",15.8675914032976
32,"sprex","QHIL_0",88
32,"sprex","QHIL_1",44.0300858014181
32,"sprex","QHIL_2",23.0026203734032
32,"sprex","QHIL_3",15.8675914032976
32,"vegan","QHIL_0",88
32,"vegan","QHIL_1",44.0300858014181
32,"vegan","QHIL_2",23.0026203734032
32,"vegan","QHIL_3",15.8675914032976
32,"adiv","QREN_0",4.47733681447821
32,"adiv","QREN_1",3.78487316846933
32,"adiv","QREN_2",3.1356081387181
32,"adiv","QREN_3",2.76427875259139
32,"BiodiversityR","QREN_0",4.47733681447821
32,"BiodiversityR","QREN_1",3.78487316846933
32,"BiodiversityR","QREN_2",3.1356081387181
32,"BiodiversityR","QREN_3",2.76427875259139
32,"diverse","QREN_0",4.40671924726425
32,"diverse","QREN_1",3.51608231975855
32,"diverse","QREN_2",2.75694171719376
32,"diverse","QREN_3",2.38462581559742
32,"EntropyEstimation","QREN_1",3.8871846555572
32,"EntropyEstimation","QREN_2",3.18484108953205
32,"EntropyEstimation","QREN_3",2.79683369485469
32,"seewave","QREN_2",0.578942036808782
32,"seewave","QREN_3",0.510381749244813
32,"sprex","QREN_0",4.47733681447821
32,"sprex","QREN_1",3.78487316846933
32,"sprex","QREN_2",3.1356081387181
32,"sprex","QREN_3",2.76427875259139
32,"statcomp","QREN_1",0.6988188710329
32,"statcomp","QREN_2",0.578942025787017
32,"statcomp","QREN_3",0.510381740978489
32,"vegan","QREN_0",4.47733681447821
32,"vegan","QREN_1",3.78487316846933
32,"vegan","QREN_2",3.1356081387181
32,"vegan","QREN_3",2.76427875259139
32,"adiv","QTSA_0",87
32,"adiv","QTSA_1",3.78487316846933
32,"adiv","QTSA_2",0.956526692013043
32,"adiv","QTSA_3",0.49801414293201
32,"divent","QTSA_0",87
32,"divent","QTSA_1",3.78487316846933
32,"divent","QTSA_2",0.956526692013044
32,"divent","QTSA_3",0.49801414293201
32,"entropart","QTSA_0",87
32,"entropart","QTSA_1",3.78487316846933
32,"entropart","QTSA_2",0.956526692013044
32,"entropart","QTSA_3",0.49801414293201
32,"EntropyEstimation","QTSA_1",3.8871846555572
32,"EntropyEstimation","QTSA_2",0.958615178240146
32,"EntropyEstimation","QTSA_3",0.498139322425577
32,"vegan","QTSA_0",87
32,"vegan","QTSA_1",3.78487316846933
32,"vegan","QTSA_2",0.956526692013043
32,"vegan","QTSA_3",0.49801414293201
32,"BAT","RACE",108.177036598327
32,"ecodive","RACE",108.177036598327
32,"fossil","RACE",98.304347826087
32,"pctax","RACE",108.177
32,"sprex","RACE",459
32,"tabula","RACE",108.177036598327
32,"vegan","RACE",108.177036598327
32,"wiqid","RACE",108.177036598327
32,"BiodiversityR","RBOO",88
32,"wiqid","RBOO",225
32,"BAT","RC1",108.647058823529
32,"BiodiversityR","RC1",88
32,"biosampleR","RC1",107.833333333333
32,"iNEXT","RC1",110.732
32,"microbiome","RC1",108.647058823529
32,"pctax","RC1",108.6471
32,"rareNMtests","RC1",88
32,"SpadeR","RC1",88
32,"SSP","RC1",88
32,"vegan","RC1",108.647058823529
32,"wiqid","RC1",110.78125
32,"BAT","RC1M",118.87481009966
32,"divent","RC1M",110.731617647059
32,"ecodive","RC1M",110.78125
32,"entropart","RC1M",110.731617647059
32,"fossil","RC1M",110.78125
32,"mobr","RC1M",110.731617647059
32,"OTUtable","RC1M",110.78125
32,"tabula","RC1M",110.731617647059
32,"wiqid","RC1M",110.78125
32,"BAT","RCA2",236.342378065891
32,"divDyn","RCA2",108.41243315508
32,"fossil","RCA2",110.78125
32,"tabula","RCA2",88
32,"wiqid","RCA2",88
32,"benthos","RHUR_2",1.95861517824012
32,"benthos","RHUR_3",2.87956688986918
32,"divent","RHUR_2",24.1634484189571
32,"divent","RHUR_3",24.5721761334644
32,"entropart","RHUR_2",1.95861517824011
32,"entropart","RHUR_3",2.87956688986918
32,"mobsim","RHUR_2",1.95861517824012
32,"mobsim","RHUR_3",2.87956688986918
32,"tabula","RHUR_2",1.95861517818416
32,"tabula","RHUR_3",2.87956688983533
32,"vegan","RHUR_2",1.95861517824012
32,"vegan","RHUR_3",2.87956688986918
32,"BAT","RICE",231.652580498748
32,"fossil","RICE",98.304347826087
32,"tabula","RICE",88
32,"wiqid","RICE",88
32,"BAT","RJA1",115
32,"BiodiversityR","RJA1",88
32,"divent","RJA1",115
32,"entropart","RJA1",115
32,"fossil","RJA1",114.941176470588
32,"SSP","RJA1",88
32,"tabula","RJA1",3.76193516525073
32,"wiqid","RJA1",115
32,"BAT","RJA2",126
32,"BiodiversityR","RJA2",88
32,"fossil","RJA2",125.751557876911
32,"SSP","RJA2",88
32,"wiqid","RJA2",126
32,"asbio","RLMD",170.15571973419
32,"sads","RLMD",1.06068289372299
32,"vegan","RLMD",98.9576705177644
32,"wiqid","RMM",0
32,"divDyn","RSQ",120.053532080363
32,"ecodive","RSQ",120.053532080363
32,"tabula","RSQ",120.053532080363
33,"custom","RICH",86
33,"abdiv","D1SP",0.958694554330444
33,"ade4","D1SP",0.958694554330444
33,"adiv","D1SP",0.958694554330444
33,"agricolae","D1SP",0.958694554330444
33,"asbio","D1SP",0.958694554330444
33,"BiodiversityR","D1SP",0.95869455
33,"biosampleR","D1SP",0.936020380918476
33,"breakaway","D1SP",0.958694554330444
33,"catsim","D1SP",0.588483950617284
33,"concstats","D1SP",0.995720113596739
33,"CUB","D1SP",0.962974440733705
33,"DescTools","D1SP",0.958694554330444
33,"divent","D1SP",0.958694554330444
33,"diverse","D1SP",0.936020380918476
33,"ecodive","D1SP",0.958694554330444
33,"entropart","D1SP",0.958694554330444
33,"lawstat","D1SP",0.852269003931848
33,"MCPAN","D1SP",0.958694554330444
33,"microbiome","D1SP",0.958694554330444
33,"PCRA","D1SP",0.958694554330444
33,"RoughSets","D1SP",0.958694554330444
33,"simboot","D1SP",0.958694554330444
33,"sprex","D1SP",0.958694554330444
33,"untb","D1SP",0.96089844985764
33,"vegan","D1SP",0.958694554330444
33,"abdiv","DBRI",3.46356841331516
33,"ecodive","DBRI",3.46356841331516
33,"tabula","DBRI",3.46356841331516
33,"wiqid","DBRI",31.9307154503852
33,"BiodiversityR","DFIS",32.08718465
33,"ecodive","DFIS",32.087
33,"microbiome","DFIS",32.0871846512748
33,"preseqR","DFIS",12.9437709895725
33,"sads","DFIS",32.0871836903876
33,"vegan","DFIS",32.0871846512748
33,"custom","DGLE",14.1502241422836
33,"custom","DGOO_1_1",3.74039189215439
33,"custom","DGOO_1_2",0.341588642696974
33,"custom","DGOO_1_3",1
33,"custom","DGOO_2_1",0.11459931865797
33,"custom","DGOO_2_2",1.1040164747901
33,"custom","DGOO_2_3",1
33,"custom","DGOO_3_1",0.00766889927374392
33,"custom","DGOO_3_2",0.0502753038777283
33,"custom","DGOO_3_3",1
33,"abdiv","DINVSP",24.2098828323994
33,"adiv","DINVSP",24.2098828323994
33,"asbio","DINVSP",24.2098828323994
33,"BiodiversityR","DINVSP",24.20988283
33,"breakaway","DINVSP",24.2098828323994
33,"chemodiv","DINVSP",24.2098828323994
33,"codyn","DINVSP",5.93220338983051
33,"divseg","DINVSP",1.04130544566956
33,"ecodive","DINVSP",24.2098828323994
33,"microbiome","DINVSP",24.2098828323994
33,"sprex","DINVSP",24.2098828323994
33,"vegan","DINVSP",24.2098828323994
33,"wiqid","DINVSP",24.2098828323994
33,"custom","DKO",0.211009174311927
33,"abdiv","DMC",0.836839953098626
33,"adiv","DMC",0.836839953098626
33,"agricolae","DMC",0.836839953098626
33,"ecodive","DMC",0.836839953098626
33,"forestHES","DMC",0.836839953098626
33,"tabula","DMC",0.836839953098626
33,"abdiv","DMG",13.985686652257
33,"adiv","DMG",13.985686652257
33,"agricolae","DMG",36.8563977659479
33,"ecodive","DMG",13.985686652257
33,"tabula","DMG",13.985686652257
33,"abdiv","DMN",4.11865302645095
33,"adiv","DMN",4.11865302645095
33,"ecodive","DMN",4.11865302645095
33,"tabula","DMN",4.11865302645095
33,"custom","DOD",197.247706422018
33,"abdiv","DQ",0
33,"ade4","DRAO",0.958694554330444
33,"BAT","DRAO",0.958694554330484
33,"SYNCSA","DRAO",0.958694554330444
33,"abdiv","DSHA",3.74039189215439
33,"adiv","DSHA",3.74039189215439
33,"aqp","DSHA",5.39624483379242
33,"asbio","DSHA",3.74039189215439
33,"benthos","DSHA",0
33,"BiodiversityR","DSHA",3.74039189
33,"biosampleR","DSHA",3.53049369519414
33,"chemodiv","DSHA",3.74039189215439
33,"codyn","DSHA",3.74039189215439
33,"DescTools","DSHA",5.39624483379242
33,"divDyn","DSHA",3.74039189215439
33,"divent","DSHA",3.74039189215439
33,"diverse","DSHA",3.53049369519414
33,"ecodive","DSHA",3.74039189215438
33,"EconGeo","DSHA",5.396
33,"entropart","DSHA",3.74039189215439
33,"forestmangr","DSHA",3.56
33,"HardyWeinberg","DSHA",3.74039189215439
33,"iNEXT","DSHA",3.74
33,"MCPAN","DSHA",3.74039189215439
33,"microbiome","DSHA",3.74039189215439
33,"OTUtable","DSHA",3.74039189215439
33,"pgirmess","DSHA",5.39624483379242
33,"SpiecEasi","DSHA",3.74039189215439
33,"sprex","DSHA",3.74039189215439
33,"tabula","DSHA",3.74039189215439
33,"triversity","DSHA",5.39624483379242
33,"vegan","DSHA",3.74039189215439
33,"wavethresh","DSHA",-51873.5496303423
33,"wiqid","DSHA",42.1144912701736
33,"abdiv","DSP",0.0413054456695564
33,"agricolae","DSP",0.0413054456695564
33,"antitrust","DSP",413.054456695564
33,"benthos","DSP",0.03910155014236
33,"breakaway","DSP",0.0413054456695564
33,"concstats","DSP",0.0413054456695564
33,"DescTools","DSP",0.0413054456695564
33,"diverse","DSP",0.0617668049422365
33,"divseg","DSP",1.04130544566956
33,"EconGeo","DSP",0.0413054456695564
33,"hhi","DSP",0.168571428571429
33,"ineq","DSP",0.0413054456695564
33,"microbiome","DSP",0.0413054456695564
33,"PDtoolkit","DSP",0.0413054456695564
33,"politics","DSP",0.0413054456695564
33,"REAT","DSP",0.0413054456695564
33,"sprex","DSP",0.0413054456695564
33,"tabula","DSP",0.0413054456695564
33,"triversity","DSP",0.0413054456695564
33,"abdiv","EBP",0.121559633027523
33,"agricolae","EBP",0.121559633027523
33,"BiodiversityR","EBP",0.12155963
33,"diverse","EBP",0.186320754716981
33,"dyvDyn","EBP",0.121559633027523
33,"ecodive","EBP",0.121559633027523
33,"microbiome","EBP",0.121559633027523
33,"tabula","EBP",0.121559633027523
33,"triversity","EBP",0.121559633027523
33,"wiqid","EBP",1
33,"tabula","EBRI",0.841133117454824
33,"BAT","EBU",0.525040474905559
33,"microbiome","EBU",0.525040474905559
33,"BAT","ECAM",0.985798014533315
33,"microbiome","ECAM",0.680525922765095
33,"codyn","EEQ",0.207322315731349
33,"custom","EEQ",0.000898615803576374
33,"adiv","EEVAR",0.483001494788254
33,"codyn","EEVAR",0.521918418325953
33,"custom","EEVAR",0.483001494788254
33,"microbiome","EEVAR",0.483001494788254
33,"acid","EGIN",0.848481141692151
33,"DescTools","EGIN",0.848481141692151
33,"dplR","EGIN",0.848481141692151
33,"EconGeo","EGIN",0.848
33,"giniVarCI","EGIN",0.848481141692151
33,"ineq","EGIN",0.848481141692151
33,"microbiome","EGIN",0.848481141692151
33,"REAT","EGIN",0.848481141692151
33,"shipunov","EGIN",0.848481141692151
33,"wINEQ","EGIN",0.848481141692151
33,"abdiv","EHEI",0.48369989729616
33,"adiv","EHEI",0.48369989729616
33,"custom","EHUL",0.206422018348624
33,"benthos","EHURE",0.96089844985764
33,"BiodiversityR","EHURE",0.96089845
33,"mobr","EHURE",0.96089844985764
33,"vegan","EHURE",0.960898449857646
33,"custom","ELR",0.182271241337542
33,"abdiv","EMC",0.252367406351126
33,"tabula","EMC",0.893064174503974
33,"microbiome","EMN",0.206422018348624
33,"custom","ENHC",-0.0386597222411202
33,"custom","EPAT",0.23472133888134
33,"abdiv","EPIE",0.839717166934958
33,"adiv","EPIE",0.839717166934958
33,"BiodiversityR","EPIE",0.83971717
33,"breakaway","EPIE",0.839717166934958
33,"chemodiv","EPIE",0.839717166934958
33,"diverse","EPIE",0.796804258780411
33,"forestmangr","EPIE",1
33,"microbiome","EPIE",0.839717166934958
33,"OTUtable","EPIE",0.839717166934958
33,"pctax","EPIE",0.8397
33,"sprex","EPIE",0.839717166934958
33,"tabula","EPIE",0.839717166934958
33,"custom","ESHE",0.489703386862484
33,"adiv","ESP",0.281510265493016
33,"codyn","ESP",0.370762711864407
33,"sprex","ESP",0.0434929289785394
33,"tabula","ESP",0.281510265493016
33,"abdiv","EST",0.469436739918925
33,"adiv","QHIL_0",86
33,"adiv","QHIL_1",42.1144912701736
33,"adiv","QHIL_2",24.2098828323994
33,"adiv","QHIL_3",17.7521193212926
33,"BAT","QHIL_0",86
33,"BAT","QHIL_1",42.1144912701736
33,"BAT","QHIL_2",24.2098828323994
33,"BAT","QHIL_3",17.7521193212926
33,"benthos","QHIL_0",225
33,"benthos","QHIL_1",42.1144912701736
33,"benthos","QHIL_2",24.2098828323994
33,"benthos","QHIL_3",17.7521193212926
33,"breakaway","QHIL_0",86
33,"breakaway","QHIL_1",42.1144912701736
33,"breakaway","QHIL_2",24.2098828323994
33,"breakaway","QHIL_3",17.7521193212926
33,"chemodiv","QHIL_0",86
33,"chemodiv","QHIL_1",42.1144912701736
33,"chemodiv","QHIL_2",24.2098828323994
33,"chemodiv","QHIL_3",17.7521193212926
33,"divDyn","QHIL_2",24.2098828323994
33,"divent","QHIL_0",86
33,"divent","QHIL_1",42.1144912701736
33,"divent","QHIL_2",24.2098828323994
33,"divent","QHIL_3",17.7521193212926
33,"entropart","QHIL_0",86
33,"entropart","QHIL_1",42.1144912701736
33,"entropart","QHIL_2",24.2098828323994
33,"entropart","QHIL_3",17.7521193212927
33,"EntropyEstimation","QHIL_1",46.8286170311231
33,"EntropyEstimation","QHIL_2",25.5744336569581
33,"EntropyEstimation","QHIL_3",18.5071518085541
33,"hilldiv","QHIL_0",86
33,"hilldiv","QHIL_1",42.114782490119
33,"hilldiv","QHIL_2",24.2098828323994
33,"hilldiv","QHIL_3",17.7521193212926
33,"hillR","QHIL_0",86
33,"hillR","QHIL_1",42.1144912701736
33,"hillR","QHIL_2",24.2098828323994
33,"hillR","QHIL_3",17.7521193212926
33,"sprex","QHIL_0",86
33,"sprex","QHIL_1",42.1144912701736
33,"sprex","QHIL_2",24.2098828323994
33,"sprex","QHIL_3",17.7521193212926
33,"vegan","QHIL_0",86
33,"vegan","QHIL_1",42.1144912701736
33,"vegan","QHIL_2",24.2098828323994
33,"vegan","QHIL_3",17.7521193212926
33,"adiv","QREN_0",4.45434729625351
33,"adiv","QREN_1",3.74039189215439
33,"adiv","QREN_2",3.18676093130172
33,"adiv","QREN_3",2.87650490717669
33,"BiodiversityR","QREN_0",4.45434729625351
33,"BiodiversityR","QREN_1",3.74039189215439
33,"BiodiversityR","QREN_2",3.18676093130172
33,"BiodiversityR","QREN_3",2.87650490717669
33,"diverse","QREN_0",4.43081679884331
33,"diverse","QREN_1",3.53049369519414
33,"diverse","QREN_2",2.74919069819022
33,"diverse","QREN_3",2.37939980780358
33,"EntropyEstimation","QREN_1",3.84649449107292
33,"EntropyEstimation","QREN_2",3.24159316719203
33,"EntropyEstimation","QREN_3",2.91815724162601
33,"seewave","QREN_2",0.588386617383631
33,"seewave","QREN_3",0.531102590680744
33,"sprex","QREN_0",4.45434729625351
33,"sprex","QREN_1",3.74039189215439
33,"sprex","QREN_2",3.18676093130172
33,"sprex","QREN_3",2.87650490717669
33,"statcomp","QREN_1",0.690606084523839
33,"statcomp","QREN_2",0.588386605611053
33,"statcomp","QREN_3",0.531102581851311
33,"vegan","QREN_0",4.45434729625351
33,"vegan","QREN_1",3.74039189215439
33,"vegan","QREN_2",3.18676093130172
33,"vegan","QREN_3",2.87650490717669
33,"adiv","QTSA_0",85
33,"adiv","QTSA_1",3.74039189215439
33,"adiv","QTSA_2",0.958694554330444
33,"adiv","QTSA_3",0.498413392190445
33,"divent","QTSA_0",85
33,"divent","QTSA_1",3.74039189215439
33,"divent","QTSA_2",0.958694554330444
33,"divent","QTSA_3",0.498413392190445
33,"entropart","QTSA_0",85
33,"entropart","QTSA_1",3.74039189215439
33,"entropart","QTSA_2",0.958694554330444
33,"entropart","QTSA_3",0.498413392190445
33,"EntropyEstimation","QTSA_1",3.84649449107292
33,"EntropyEstimation","QTSA_2",0.96089844985764
33,"EntropyEstimation","QTSA_3",0.498540208503113
33,"vegan","QTSA_0",85
33,"vegan","QTSA_1",3.74039189215439
33,"vegan","QTSA_2",0.958694554330444
33,"vegan","QTSA_3",0.498413392190445
33,"BAT","RACE",126.656885066417
33,"ecodive","RACE",126.656885066417
33,"fossil","RACE",101.023255813953
33,"pctax","RACE",126.6569
33,"sprex","RACE",436
33,"tabula","RACE",126.656885066417
33,"vegan","RACE",126.656885066417
33,"wiqid","RACE",126.656885066417
33,"BiodiversityR","RBOO",86
33,"wiqid","RBOO",225
33,"BAT","RC1",126.071428571429
33,"BiodiversityR","RC1",86
33,"biosampleR","RC1",108.473684210526
33,"iNEXT","RC1",130.36
33,"microbiome","RC1",126.071428571429
33,"pctax","RC1",126.0714
33,"rareNMtests","RC1",86
33,"SpadeR","RC1",86
33,"SSP","RC1",86
33,"vegan","RC1",126.071428571429
33,"wiqid","RC1",130.461538461538
33,"BAT","RC1M",145.776481495789
33,"divent","RC1M",130.359562455893
33,"ecodive","RC1M",130.461538461538
33,"entropart","RC1M",130.359562455893
33,"fossil","RC1M",130.461538461538
33,"mobr","RC1M",130.359562455893
33,"OTUtable","RC1M",130.461538461538
33,"tabula","RC1M",130.359562455893
33,"wiqid","RC1M",130.461538461538
33,"BAT","RCA2",236.754589150926
33,"divDyn","RCA2",125.605481727575
33,"fossil","RCA2",130.461538461538
33,"tabula","RCA2",86
33,"wiqid","RCA2",86
33,"benthos","RHUR_2",1.96089844985765
33,"benthos","RHUR_3",2.88561493256648
33,"divent","RHUR_2",25.5744336462698
33,"divent","RHUR_3",25.8895185852878
33,"entropart","RHUR_2",1.96089844985764
33,"entropart","RHUR_3",2.88561493256648
33,"mobsim","RHUR_2",1.96089844985765
33,"mobsim","RHUR_3",2.88561493256648
33,"tabula","RHUR_2",1.96089844985467
33,"tabula","RHUR_3",2.88561493262342
33,"vegan","RHUR_2",1.96089844985765
33,"vegan","RHUR_3",2.88561493256648
33,"BAT","RICE",232.639187033369
33,"fossil","RICE",101.023255813953
33,"tabula","RICE",86
33,"wiqid","RICE",86
33,"BAT","RJA1",120
33,"BiodiversityR","RJA1",86
33,"divent","RJA1",141
33,"entropart","RJA1",141
33,"fossil","RJA1",119.922018348624
33,"SSP","RJA1",86
33,"tabula","RJA1",3.71637525661931
33,"wiqid","RJA1",120
33,"BAT","RJA2",141
33,"BiodiversityR","RJA2",86
33,"fossil","RJA2",140.621491089318
33,"SSP","RJA2",86
33,"wiqid","RJA2",141
33,"asbio","RLMD",154.73691165207
33,"sads","RLMD",0.970276228707903
33,"vegan","RLMD",114.735018567702
33,"wiqid","RMM",0
33,"divDyn","RSQ",134.495031308102
33,"ecodive","RSQ",134.495031308102
33,"tabula","RSQ",134.495031308102
34,"custom","RICH",92
34,"abdiv","D1SP",0.960787552112267
34,"ade4","D1SP",0.960787552112267
34,"adiv","D1SP",0.960787552112267
34,"agricolae","D1SP",0.960787552112267
34,"asbio","D1SP",0.960787552112267
34,"BiodiversityR","D1SP",0.96078755
34,"biosampleR","D1SP",0.971611693223386
34,"breakaway","D1SP",0.960787552112267
34,"catsim","D1SP",0.617362962962963
34,"concstats","D1SP",0.995710769856642
34,"CUB","D1SP",0.965076782255626
34,"DescTools","D1SP",0.960787552112267
34,"divent","D1SP",0.960787552112267
34,"diverse","D1SP",0.971611693223386
34,"ecodive","D1SP",0.960787552112267
34,"entropart","D1SP",0.960787552112267
34,"lawstat","D1SP",0.836249600511346
34,"MCPAN","D1SP",0.960787552112267
34,"microbiome","D1SP",0.960787552112267
34,"PCRA","D1SP",0.960787552112267
34,"RoughSets","D1SP",0.960787552112267
34,"simboot","D1SP",0.960787552112267
34,"sprex","D1SP",0.960787552112267
34,"untb","D1SP",0.962941784291891
34,"vegan","D1SP",0.960787552112267
34,"abdiv","DBRI",3.53292002185756
34,"ecodive","DBRI",3.53292002185756
34,"tabula","DBRI",3.53292002185756
34,"wiqid","DBRI",34.2237559672372
34,"BiodiversityR","DFIS",35.12348119
34,"ecodive","DFIS",35.123
34,"microbiome","DFIS",35.1234811940739
34,"preseqR","DFIS",14.9408917023791
34,"sads","DFIS",35.1234787936766
34,"vegan","DFIS",35.1234811940739
34,"custom","DGLE",15.0756438588241
34,"custom","DGOO_1_1",3.82166945429945
34,"custom","DGOO_1_2",0.331332872007041
34,"custom","DGOO_1_3",1
34,"custom","DGOO_2_1",0.109976429082002
34,"custom","DGOO_2_2",1.08557891980171
34,"custom","DGOO_2_3",1
34,"custom","DGOO_3_1",0.00716538952817446
34,"custom","DGOO_3_2",0.0479921622086782
34,"custom","DGOO_3_3",1
34,"abdiv","DINVSP",25.5021059349075
34,"adiv","DINVSP",25.5021059349075
34,"asbio","DINVSP",25.5021059349075
34,"BiodiversityR","DINVSP",25.50210593
34,"breakaway","DINVSP",25.5021059349075
34,"chemodiv","DINVSP",25.5021059349075
34,"codyn","DINVSP",4.8828125
34,"divseg","DINVSP",1.03921244788773
34,"ecodive","DINVSP",25.5021059349075
34,"microbiome","DINVSP",25.5021059349075
34,"sprex","DINVSP",25.5021059349075
34,"vegan","DINVSP",25.5021059349075
34,"wiqid","DINVSP",25.5021059349075
34,"custom","DKO",0.155963302752294
34,"abdiv","DMC",0.841794165901039
34,"adiv","DMC",0.841794165901039
34,"agricolae","DMC",0.841794165901039
34,"ecodive","DMC",0.841794165901039
34,"forestHES","DMC",0.841794165901039
34,"tabula","DMC",0.841794165901039
34,"abdiv","DMG",14.9117781647064
34,"adiv","DMG",14.9117781647064
34,"agricolae","DMG",36.7059154823542
34,"ecodive","DMG",14.9117781647064
34,"tabula","DMG",14.9117781647064
34,"abdiv","DMN",4.3514506825317
34,"adiv","DMN",4.3514506825317
34,"ecodive","DMN",4.3514506825317
34,"tabula","DMN",4.3514506825317
34,"custom","DOD",205.816554809843
34,"abdiv","DQ",0
34,"ade4","DRAO",0.960787552112267
34,"BAT","DRAO",0.960787552112237
34,"SYNCSA","DRAO",0.960787552112267
34,"abdiv","DSHA",3.82166945429945
34,"adiv","DSHA",3.82166945429945
34,"aqp","DSHA",5.51350356963465
34,"asbio","DSHA",3.82166945429945
34,"benthos","DSHA",0
34,"BiodiversityR","DSHA",3.82166945
34,"biosampleR","DSHA",3.97656298765037
34,"chemodiv","DSHA",3.82166945429945
34,"codyn","DSHA",3.82166945429945
34,"DescTools","DSHA",5.51350356963465
34,"divDyn","DSHA",3.82166945429945
34,"divent","DSHA",3.82166945429945
34,"diverse","DSHA",3.97656298765037
34,"ecodive","DSHA",3.82166945429946
34,"EconGeo","DSHA",5.514
34,"entropart","DSHA",3.82166945429945
34,"forestmangr","DSHA",3.56
34,"HardyWeinberg","DSHA",3.82166945429945
34,"iNEXT","DSHA",3.822
34,"MCPAN","DSHA",3.82166945429945
34,"microbiome","DSHA",3.82166945429945
34,"OTUtable","DSHA",3.82166945429945
34,"pgirmess","DSHA",5.51350356963465
34,"SpiecEasi","DSHA",3.82166945429945
34,"sprex","DSHA",3.82166945429945
34,"tabula","DSHA",3.82166945429945
34,"triversity","DSHA",5.51350356963465
34,"vegan","DSHA",3.82166945429945
34,"wavethresh","DSHA",-51678.5325407031
34,"wiqid","DSHA",45.6804060491183
34,"abdiv","DSP",0.0392124478877328
34,"agricolae","DSP",0.0392124478877328
34,"antitrust","DSP",392.124478877328
34,"benthos","DSP",0.0370582157081089
34,"breakaway","DSP",0.0392124478877328
34,"concstats","DSP",0.0392124478877328
34,"DescTools","DSP",0.0392124478877328
34,"diverse","DSP",0.0264719129043781
34,"divseg","DSP",1.03921244788773
34,"EconGeo","DSP",0.0392124478877328
34,"hhi","DSP",0.2048
34,"ineq","DSP",0.0392124478877328
34,"microbiome","DSP",0.0392124478877328
34,"PDtoolkit","DSP",0.0392124478877328
34,"politics","DSP",0.0392124478877328
34,"REAT","DSP",0.0392124478877328
34,"sprex","DSP",0.0392124478877328
34,"tabula","DSP",0.0392124478877328
34,"triversity","DSP",0.0392124478877328
34,"abdiv","EBP",0.109619686800895
34,"agricolae","EBP",0.109619686800895
34,"BiodiversityR","EBP",0.10961969
34,"diverse","EBP",0.0767716535433071
34,"dyvDyn","EBP",0.109619686800895
34,"ecodive","EBP",0.109619686800895
34,"microbiome","EBP",0.109619686800895
34,"tabula","EBP",0.109619686800895
34,"triversity","EBP",0.109619686800895
34,"wiqid","EBP",1
34,"tabula","EBRI",0.846633673706517
34,"BAT","EBU",0.543870000245839
34,"microbiome","EBU",0.543870000245839
34,"BAT","ECAM",0.987023432748557
34,"microbiome","ECAM",0.552451123431573
34,"codyn","EEQ",0.197304205556976
34,"custom","EEQ",0.000752567934822722
34,"adiv","EEVAR",0.509837494876777
34,"codyn","EEVAR",0.497487112088839
34,"custom","EEVAR",0.509837494876777
34,"microbiome","EEVAR",0.509837494876777
34,"acid","EGIN",0.832532935620184
34,"DescTools","EGIN",0.832532935620184
34,"dplR","EGIN",0.832532935620184
34,"EconGeo","EGIN",0.833
34,"giniVarCI","EGIN",0.832532935620184
34,"ineq","EGIN",0.832532935620184
34,"microbiome","EGIN",0.832532935620183
34,"REAT","EGIN",0.832532935620184
34,"shipunov","EGIN",0.832532935620183
34,"wINEQ","EGIN",0.832532935620184
34,"abdiv","EHEI",0.490993473067234
34,"adiv","EHEI",0.490993473067234
34,"custom","EHUL",0.203579418344519
34,"benthos","EHURE",0.962941784291891
34,"BiodiversityR","EHURE",0.96294178
34,"mobr","EHURE",0.962941784291891
34,"vegan","EHURE",0.962941784292119
34,"custom","ELR",0.184669035712464
34,"abdiv","EMC",0.248549927373825
34,"tabula","EMC",0.895322490331034
34,"microbiome","EMN",0.203579418344519
34,"custom","ENHC",-0.0346319605894202
34,"custom","EPAT",0.178100359776436
34,"abdiv","EPIE",0.845167656377581
34,"adiv","EPIE",0.845167656377581
34,"BiodiversityR","EPIE",0.84516766
34,"breakaway","EPIE",0.845167656377581
34,"chemodiv","EPIE",0.845167656377581
34,"diverse","EPIE",0.875259735108697
34,"forestmangr","EPIE",1
34,"microbiome","EPIE",0.845167656377581
34,"OTUtable","EPIE",0.845167656377581
34,"pctax","EPIE",0.8452
34,"sprex","EPIE",0.845167656377581
34,"tabula","EPIE",0.845167656377581
34,"custom","ESHE",0.496526152707807
34,"adiv","ESP",0.277196803640299
34,"codyn","ESP",0.256990131578947
34,"sprex","ESP",0.0415398853728201
34,"tabula","ESP",0.277196803640299
34,"abdiv","EST",0.451172064974224
34,"adiv","QHIL_0",92
34,"adiv","QHIL_1",45.6804060491183
34,"adiv","QHIL_2",25.5021059349075
34,"adiv","QHIL_3",18.5584100438975
34,"BAT","QHIL_0",92
34,"BAT","QHIL_1",45.6804060491183
34,"BAT","QHIL_2",25.5021059349075
34,"BAT","QHIL_3",18.5584100438975
34,"benthos","QHIL_0",225
34,"benthos","QHIL_1",45.6804060491183
34,"benthos","QHIL_2",25.5021059349075
34,"benthos","QHIL_3",18.5584100438975
34,"breakaway","QHIL_0",92
34,"breakaway","QHIL_1",45.6804060491183
34,"breakaway","QHIL_2",25.5021059349075
34,"breakaway","QHIL_3",18.5584100438975
34,"chemodiv","QHIL_0",92
34,"chemodiv","QHIL_1",45.6804060491183
34,"chemodiv","QHIL_2",25.5021059349075
34,"chemodiv","QHIL_3",18.5584100438975
34,"divDyn","QHIL_2",25.5021059349075
34,"divent","QHIL_0",92
34,"divent","QHIL_1",45.6804060491183
34,"divent","QHIL_2",25.5021059349074
34,"divent","QHIL_3",18.5584100438974
34,"entropart","QHIL_0",92
34,"entropart","QHIL_1",45.6804060491183
34,"entropart","QHIL_2",25.5021059349074
34,"entropart","QHIL_3",18.5584100438976
34,"EntropyEstimation","QHIL_1",51.0239846943475
34,"EntropyEstimation","QHIL_2",26.9845695722804
34,"EntropyEstimation","QHIL_3",19.3593628128805
34,"hilldiv","QHIL_0",92
34,"hilldiv","QHIL_1",45.6807312431422
34,"hilldiv","QHIL_2",25.5021059349075
34,"hilldiv","QHIL_3",18.5584100438975
34,"hillR","QHIL_0",92
34,"hillR","QHIL_1",45.6804060491183
34,"hillR","QHIL_2",25.5021059349075
34,"hillR","QHIL_3",18.5584100438975
34,"sprex","QHIL_0",92
34,"sprex","QHIL_1",45.6804060491183
34,"sprex","QHIL_2",25.5021059349075
34,"sprex","QHIL_3",18.5584100438975
34,"vegan","QHIL_0",92
34,"vegan","QHIL_1",45.6804060491183
34,"vegan","QHIL_2",25.5021059349075
34,"vegan","QHIL_3",18.5584100438975
34,"adiv","QREN_0",4.52178857704904
34,"adiv","QREN_1",3.82166945429945
34,"adiv","QREN_2",3.23876103443702
34,"adiv","QREN_3",2.92092305795025
34,"BiodiversityR","QREN_0",4.52178857704904
34,"BiodiversityR","QREN_1",3.82166945429945
34,"BiodiversityR","QREN_2",3.23876103443702
34,"BiodiversityR","QREN_3",2.92092305795025
34,"diverse","QREN_0",4.54329478227
34,"diverse","QREN_1",3.97656298765037
34,"diverse","QREN_2",3.5617779518182
34,"diverse","QREN_3",3.31337547335842
34,"EntropyEstimation","QREN_1",3.93229581029799
34,"EntropyEstimation","QREN_2",3.29526520531454
34,"EntropyEstimation","QREN_3",2.96317616874897
34,"seewave","QREN_2",0.597987639340406
34,"seewave","QREN_3",0.539303721436234
34,"sprex","QREN_0",4.52178857704904
34,"sprex","QREN_1",3.82166945429945
34,"sprex","QREN_2",3.23876103443702
34,"sprex","QREN_3",2.92092305795025
34,"statcomp","QREN_1",0.705612741732776
34,"statcomp","QREN_2",0.597987628353197
34,"statcomp","QREN_3",0.539303713195826
34,"vegan","QREN_0",4.52178857704904
34,"vegan","QREN_1",3.82166945429945
34,"vegan","QREN_2",3.23876103443702
34,"vegan","QREN_3",2.92092305795025
34,"adiv","QTSA_0",91
34,"adiv","QTSA_1",3.82166945429945
34,"adiv","QTSA_2",0.960787552112267
34,"adiv","QTSA_3",0.498548261240491
34,"divent","QTSA_0",91
34,"divent","QTSA_1",3.82166945429945
34,"divent","QTSA_2",0.960787552112267
34,"divent","QTSA_3",0.498548261240491
34,"entropart","QTSA_0",91
34,"entropart","QTSA_1",3.82166945429945
34,"entropart","QTSA_2",0.960787552112267
34,"entropart","QTSA_3",0.498548261240491
34,"EntropyEstimation","QTSA_1",3.93229581029799
34,"EntropyEstimation","QTSA_2",0.962941784291893
34,"EntropyEstimation","QTSA_3",0.498665901529249
34,"vegan","QTSA_0",91
34,"vegan","QTSA_1",3.82166945429945
34,"vegan","QTSA_2",0.960787552112267
34,"vegan","QTSA_3",0.498548261240491
34,"BAT","RACE",124.460040499755
34,"ecodive","RACE",124.460040499755
34,"fossil","RACE",107.234972677596
34,"pctax","RACE",124.46
34,"sprex","RACE",447
34,"tabula","RACE",124.460040499755
34,"vegan","RACE",124.460040499755
34,"wiqid","RACE",124.460040499755
34,"BiodiversityR","RBOO",92
34,"wiqid","RBOO",225
34,"BAT","RC1",127.0625
34,"BiodiversityR","RC1",92
34,"biosampleR","RC1",111.55
34,"iNEXT","RC1",130.447
34,"microbiome","RC1",127.0625
34,"pctax","RC1",127.0625
34,"rareNMtests","RC1",92
34,"SpadeR","RC1",92
34,"SSP","RC1",92
34,"vegan","RC1",127.0625
34,"wiqid","RC1",130.533333333333
34,"BAT","RC1M",144.416499291115
34,"divent","RC1M",130.447129008203
34,"ecodive","RC1M",130.533333333333
34,"entropart","RC1M",130.447129008203
34,"fossil","RC1M",130.533333333333
34,"mobr","RC1M",130.447129008203
34,"OTUtable","RC1M",130.533333333333
34,"tabula","RC1M",130.447129008203
34,"wiqid","RC1M",130.533333333333
34,"BAT","RCA2",237.00877244297
34,"divDyn","RCA2",126.681385869565
34,"fossil","RCA2",130.533333333333
34,"tabula","RCA2",92
34,"wiqid","RCA2",92
34,"benthos","RHUR_2",1.96294178429212
34,"benthos","RHUR_3",2.89149354981771
34,"divent","RHUR_2",26.9845695637164
34,"divent","RHUR_3",27.3106739195272
34,"entropart","RHUR_2",1.96294178429213
34,"entropart","RHUR_3",2.89149354981771
34,"mobsim","RHUR_2",1.96294178429212
34,"mobsim","RHUR_3",2.89149354981771
34,"tabula","RHUR_2",1.96294178428226
34,"tabula","RHUR_3",2.89149354984716
34,"vegan","RHUR_2",1.96294178429212
34,"vegan","RHUR_3",2.89149354981771
34,"BAT","RICE",233.767189627155
34,"fossil","RICE",107.234972677596
34,"tabula","RICE",92
34,"wiqid","RICE",92
34,"BAT","RJA1",126
34,"BiodiversityR","RJA1",92
34,"divent","RJA1",145
34,"entropart","RJA1",145
34,"fossil","RJA1",125.923937360179
34,"SSP","RJA1",92
34,"tabula","RJA1",3.79961063520662
34,"wiqid","RJA1",126
34,"BAT","RJA2",145
34,"BiodiversityR","RJA2",92
34,"fossil","RJA2",144.644220061998
34,"SSP","RJA2",92
34,"wiqid","RJA2",145
34,"asbio","RLMD",169.475209441315
34,"sads","RLMD",0.965337985561412
34,"vegan","RLMD",111.382347622938
34,"wiqid","RMM",0
34,"divDyn","RSQ",138.050508183302
34,"ecodive","RSQ",138.050508183302
34,"tabula","RSQ",138.050508183302
35,"custom","RICH",83
35,"abdiv","D1SP",0.798397568113045
35,"ade4","D1SP",0.798397568113045
35,"adiv","D1SP",0.798397568113045
35,"agricolae","D1SP",0.798397568113045
35,"asbio","D1SP",0.798397568113045
35,"BiodiversityR","D1SP",0.79839757
35,"biosampleR","D1SP",0.913713141045747
35,"breakaway","D1SP",0.798397568113045
35,"catsim","D1SP",0.559051851851852
35,"concstats","D1SP",0.996435725142352
35,"CUB","D1SP",0.801961842970693
35,"DescTools","D1SP",0.798397568113045
35,"divent","D1SP",0.798397568113045
35,"diverse","D1SP",0.913713141045747
35,"ecodive","D1SP",0.798397568113045
35,"entropart","D1SP",0.798397568113045
35,"lawstat","D1SP",0.921425600190159
35,"MCPAN","D1SP",0.798397568113045
35,"microbiome","D1SP",0.798397568113045
35,"PCRA","D1SP",0.798397568113045
35,"RoughSets","D1SP",0.798397568113045
35,"simboot","D1SP",0.798397568113045
35,"sprex","D1SP",0.798397568113045
35,"untb","D1SP",0.799728230726567
35,"vegan","D1SP",0.798397568113045
35,"abdiv","DBRI",2.46195068127806
35,"ecodive","DBRI",2.46195068127806
35,"tabula","DBRI",2.46195068127806
35,"wiqid","DBRI",11.7276661805277
35,"BiodiversityR","DFIS",26.11064837
35,"ecodive","DFIS",26.111
35,"microbiome","DFIS",26.1106483708105
35,"preseqR","DFIS",24.7056569588835
35,"sads","DFIS",26.1106486614574
35,"vegan","DFIS",26.1106483708105
35,"custom","DGLE",12.9715978037652
35,"custom","DGOO_1_1",2.64185942378918
35,"custom","DGOO_1_2",0.322731646841618
35,"custom","DGOO_1_3",1
35,"custom","DGOO_2_1",0.224352757887379
35,"custom","DGOO_2_2",0.682902191633112
35,"custom","DGOO_2_3",1
35,"custom","DGOO_3_1",0.0697852059505369
35,"custom","DGOO_3_2",0.0836758428187235
35,"custom","DGOO_3_3",1
35,"abdiv","DINVSP",4.96025762507038
35,"adiv","DINVSP",4.96025762507038
35,"asbio","DINVSP",4.96025762507038
35,"BiodiversityR","DINVSP",4.96025763
35,"breakaway","DINVSP",4.96025762507038
35,"chemodiv","DINVSP",4.96025762507038
35,"codyn","DINVSP",1.88866189989786
35,"divseg","DINVSP",1.20160243188695
35,"ecodive","DINVSP",4.96025762507039
35,"microbiome","DINVSP",4.96025762507038
35,"sprex","DINVSP",4.96025762507038
35,"vegan","DINVSP",4.96025762507038
35,"wiqid","DINVSP",4.96025762507038
35,"custom","DKO",0.238532110091743
35,"abdiv","DMC",0.574429889400387
35,"adiv","DMC",0.574429889400387
35,"agricolae","DMC",0.574429889400387
35,"ecodive","DMC",0.574429889400387
35,"forestHES","DMC",0.574429889400387
35,"tabula","DMC",0.574429889400387
35,"abdiv","DMG",12.8153134928765
35,"adiv","DMG",12.8153134928765
35,"agricolae","DMG",35.0076856390772
35,"ecodive","DMG",12.8153134928765
35,"tabula","DMG",12.8153134928765
35,"abdiv","DMN",3.38564061825922
35,"adiv","DMN",3.38564061825922
35,"ecodive","DMN",3.38564061825922
35,"tabula","DMN",3.38564061825922
35,"custom","DOD",138.103161397671
35,"abdiv","DQ",0
35,"ade4","DRAO",0.798397568113046
35,"BAT","DRAO",0.798397568112983
35,"SYNCSA","DRAO",0.798397568113045
35,"abdiv","DSHA",2.64185942378918
35,"adiv","DSHA",2.64185942378918
35,"aqp","DSHA",3.81139748942642
35,"asbio","DSHA",2.64185942378918
35,"benthos","DSHA",0
35,"BiodiversityR","DSHA",2.64185942
35,"biosampleR","DSHA",3.23484857311241
35,"chemodiv","DSHA",2.64185942378918
35,"codyn","DSHA",2.64185942378918
35,"DescTools","DSHA",3.81139748942642
35,"divDyn","DSHA",2.64185942378918
35,"divent","DSHA",2.64185942378918
35,"diverse","DSHA",3.23484857311241
35,"ecodive","DSHA",2.64185942378918
35,"EconGeo","DSHA",3.811
35,"entropart","DSHA",2.64185942378918
35,"forestmangr","DSHA",3.56
35,"HardyWeinberg","DSHA",2.64185942378918
35,"iNEXT","DSHA",2.642
35,"MCPAN","DSHA",2.64185942378918
35,"microbiome","DSHA",2.64185942378918
35,"OTUtable","DSHA",2.64185942378918
35,"pgirmess","DSHA",3.81139748942642
35,"SpiecEasi","DSHA",2.64185942378918
35,"sprex","DSHA",2.64185942378918
35,"tabula","DSHA",2.64185942378918
35,"triversity","DSHA",3.81139748942642
35,"vegan","DSHA",2.64185942378918
35,"wavethresh","DSHA",-769805.68807248
35,"wiqid","DSHA",14.0392843319295
35,"abdiv","DSP",0.201602431886955
35,"agricolae","DSP",0.201602431886955
35,"antitrust","DSP",2016.02431886955
35,"benthos","DSP",0.200271769273433
35,"breakaway","DSP",0.201602431886955
35,"concstats","DSP",0.201602431886955
35,"DescTools","DSP",0.201602431886955
35,"diverse","DSP",0.0844144959603071
35,"divseg","DSP",1.20160243188695
35,"EconGeo","DSP",0.201602431886955
35,"hhi","DSP",0.52947539210384
35,"ineq","DSP",0.201602431886955
35,"microbiome","DSP",0.201602431886955
35,"PDtoolkit","DSP",0.201602431886955
35,"politics","DSP",0.201602431886955
35,"REAT","DSP",0.201602431886955
35,"sprex","DSP",0.201602431886955
35,"tabula","DSP",0.201602431886955
35,"triversity","DSP",0.201602431886955
35,"abdiv","EBP",0.410981697171381
35,"agricolae","EBP",0.410981697171381
35,"BiodiversityR","EBP",0.4109817
35,"diverse","EBP",0.198364008179959
35,"dyvDyn","EBP",0.410981697171381
35,"ecodive","EBP",0.410981697171381
35,"microbiome","EBP",0.410981697171381
35,"tabula","EBP",0.410981697171381
35,"triversity","EBP",0.410981697171381
35,"wiqid","EBP",1
35,"tabula","EBRI",0.591972118064112
35,"BAT","EBU",0.349377054502658
35,"microbiome","EBU",0.349377054502658
35,"BAT","ECAM",0.981075717178197
35,"microbiome","ECAM",0.710883467313514
35,"codyn","EEQ",0.154676705132575
35,"custom","EEQ",0.000898085069017956
35,"adiv","EEVAR",0.448690140317989
35,"codyn","EEVAR",0.364434180092465
35,"custom","EEVAR",0.448690140317989
35,"microbiome","EEVAR",0.448690140317989
35,"acid","EGIN",0.917330375300425
35,"DescTools","EGIN",0.917330375300425
35,"dplR","EGIN",0.917330375300425
35,"EconGeo","EGIN",0.917
35,"giniVarCI","EGIN",0.917330375300425
35,"ineq","EGIN",0.917330375300425
35,"microbiome","EGIN",0.917330375300425
35,"REAT","EGIN",0.917330375300425
35,"shipunov","EGIN",0.917330375300425
35,"wINEQ","EGIN",0.917330375300425
35,"abdiv","EHEI",0.159015662584506
35,"adiv","EHEI",0.159015662584506
35,"custom","EHUL",0.565723793677205
35,"benthos","EHURE",0.799728230726567
35,"BiodiversityR","EHURE",0.79972823
35,"mobr","EHURE",0.799728230726567
35,"vegan","EHURE",0.799728230726733
35,"custom","ELR",0.0629849277375269
35,"abdiv","EMC",0.519862992794724
35,"tabula","EMC",0.61893539060513
35,"microbiome","EMN",0.565723793677205
35,"custom","ENHC",-0.0372877973624
35,"custom","EPAT",1
35,"abdiv","EPIE",0.597862574886245
35,"adiv","EPIE",0.597862574886245
35,"BiodiversityR","EPIE",0.59786257
35,"breakaway","EPIE",0.597862574886245
35,"chemodiv","EPIE",0.597862574886245
35,"diverse","EPIE",0.738208332079925
35,"forestmangr","EPIE",1
35,"microbiome","EPIE",0.597862574886245
35,"OTUtable","EPIE",0.597862574886245
35,"pctax","EPIE",0.5979
35,"sprex","EPIE",0.597862574886245
35,"tabula","EPIE",0.597862574886245
35,"custom","ESHE",0.16914800399915
35,"adiv","ESP",0.0597621400610889
35,"codyn","ESP",0.134904421421275
35,"sprex","ESP",0.0318296316119178
35,"tabula","ESP",0.0597621400610889
35,"abdiv","EST",0.642784114828699
35,"adiv","QHIL_0",83
35,"adiv","QHIL_1",14.0392843319295
35,"adiv","QHIL_2",4.96025762507038
35,"adiv","QHIL_3",3.68835230717437
35,"BAT","QHIL_0",83
35,"BAT","QHIL_1",14.0392843319295
35,"BAT","QHIL_2",4.96025762507038
35,"BAT","QHIL_3",3.68835230717437
35,"benthos","QHIL_0",225
35,"benthos","QHIL_1",14.0392843319295
35,"benthos","QHIL_2",4.96025762507038
35,"benthos","QHIL_3",3.68835230717437
35,"breakaway","QHIL_0",83
35,"breakaway","QHIL_1",14.0392843319295
35,"breakaway","QHIL_2",4.96025762507038
35,"breakaway","QHIL_3",3.68835230717437
35,"chemodiv","QHIL_0",83
35,"chemodiv","QHIL_1",14.0392843319295
35,"chemodiv","QHIL_2",4.96025762507038
35,"chemodiv","QHIL_3",3.68835230717437
35,"divDyn","QHIL_2",4.96025762507038
35,"divent","QHIL_0",83
35,"divent","QHIL_1",14.0392843319295
35,"divent","QHIL_2",4.96025762507038
35,"divent","QHIL_3",3.68835230717437
35,"entropart","QHIL_0",83
35,"entropart","QHIL_1",14.0392843319295
35,"entropart","QHIL_2",4.96025762507038
35,"entropart","QHIL_3",3.68835230717437
35,"EntropyEstimation","QHIL_1",15.1378836119373
35,"EntropyEstimation","QHIL_2",4.99321498795314
35,"EntropyEstimation","QHIL_3",3.70444957588614
35,"hilldiv","QHIL_0",83
35,"hilldiv","QHIL_1",14.0395391074796
35,"hilldiv","QHIL_2",4.96025762507038
35,"hilldiv","QHIL_3",3.68835230717437
35,"hillR","QHIL_0",83
35,"hillR","QHIL_1",14.0392843319295
35,"hillR","QHIL_2",4.96025762507038
35,"hillR","QHIL_3",3.68835230717437
35,"sprex","QHIL_0",83
35,"sprex","QHIL_1",14.0392843319295
35,"sprex","QHIL_2",4.96025762507038
35,"sprex","QHIL_3",3.68835230717437
35,"vegan","QHIL_0",83
35,"vegan","QHIL_1",14.0392843319295
35,"vegan","QHIL_2",4.96025762507038
35,"vegan","QHIL_3",3.68835230717437
35,"adiv","QREN_0",4.4188406077966
35,"adiv","QREN_1",2.64185942378918
35,"adiv","QREN_2",1.60145767992636
35,"adiv","QREN_3",1.30517982910754
35,"BiodiversityR","QREN_0",4.4188406077966
35,"BiodiversityR","QREN_1",2.64185942378918
35,"BiodiversityR","QREN_2",1.60145767992636
35,"BiodiversityR","QREN_3",1.30517982910754
35,"diverse","QREN_0",4.38202663467388
35,"diverse","QREN_1",3.23484857311241
35,"diverse","QREN_2",2.45007796416451
35,"diverse","QREN_3",2.17076629866295
35,"EntropyEstimation","QREN_1",2.71720045038716
35,"EntropyEstimation","QREN_2",1.60807998846316
35,"EntropyEstimation","QREN_3",1.30953468519768
35,"seewave","QREN_2",0.295684645456188
35,"seewave","QREN_3",0.240981475161953
35,"sprex","QREN_0",4.4188406077966
35,"sprex","QREN_1",2.64185942378918
35,"sprex","QREN_2",1.60145767992636
35,"sprex","QREN_3",1.30517982910754
35,"statcomp","QREN_1",0.487778886579338
35,"statcomp","QREN_2",0.295684636731354
35,"statcomp","QREN_3",0.240981468618328
35,"vegan","QREN_0",4.4188406077966
35,"vegan","QREN_1",2.64185942378918
35,"vegan","QREN_2",1.60145767992636
35,"vegan","QREN_3",1.30517982910754
35,"adiv","QTSA_0",82
35,"adiv","QTSA_1",2.64185942378918
35,"adiv","QTSA_2",0.798397568113045
35,"adiv","QTSA_3",0.463245949392137
35,"divent","QTSA_0",82
35,"divent","QTSA_1",2.64185942378918
35,"divent","QTSA_2",0.798397568113045
35,"divent","QTSA_3",0.463245949392137
35,"entropart","QTSA_0",82
35,"entropart","QTSA_1",2.64185942378918
35,"entropart","QTSA_2",0.798397568113045
35,"entropart","QTSA_3",0.463245949392137
35,"EntropyEstimation","QTSA_1",2.71720045038716
35,"EntropyEstimation","QTSA_2",0.799728230726567
35,"EntropyEstimation","QTSA_3",0.463564676568546
35,"vegan","QTSA_0",82
35,"vegan","QTSA_1",2.64185942378918
35,"vegan","QTSA_2",0.798397568113045
35,"vegan","QTSA_3",0.463245949392137
35,"BAT","RACE",149.766024762427
35,"ecodive","RACE",149.766024762427
35,"fossil","RACE",109.46875
35,"pctax","RACE",149.766
35,"sprex","RACE",601
35,"tabula","RACE",149.766024762427
35,"vegan","RACE",149.766024762427
35,"wiqid","RACE",149.766024762427
35,"BiodiversityR","RBOO",83
35,"wiqid","RBOO",225
35,"BAT","RC1",169
35,"BiodiversityR","RC1",83
35,"biosampleR","RC1",107.1875
35,"iNEXT","RC1",179.639
35,"microbiome","RC1",169
35,"pctax","RC1",169
35,"rareNMtests","RC1",83
35,"SpadeR","RC1",83
35,"SSP","RC1",83
35,"vegan","RC1",169
35,"wiqid","RC1",179.8
35,"BAT","RC1M",216.493685585716
35,"divent","RC1M",179.638935108153
35,"ecodive","RC1M",179.8
35,"entropart","RC1M",179.638935108153
35,"fossil","RC1M",179.8
35,"mobr","RC1M",179.638935108153
35,"OTUtable","RC1M",179.8
35,"tabula","RC1M",179.638935108153
35,"wiqid","RC1M",179.8
35,"BAT","RCA2",236.9996065641
35,"divDyn","RCA2",167.963855421687
35,"fossil","RCA2",179.8
35,"tabula","RCA2",83
35,"wiqid","RCA2",83
35,"benthos","RHUR_2",1.79972823072673
35,"benthos","RHUR_3",2.4720553390427
35,"divent","RHUR_2",4.99321054102736
35,"divent","RHUR_3",5.32683423359314
35,"entropart","RHUR_2",1.79972823072674
35,"entropart","RHUR_3",2.4720553390427
35,"mobsim","RHUR_2",1.79972823072673
35,"mobsim","RHUR_3",2.4720553390427
35,"tabula","RHUR_2",1.79972823074148
35,"tabula","RHUR_3",2.47205533903345
35,"vegan","RHUR_2",1.79972823072673
35,"vegan","RHUR_3",2.4720553390427
35,"BAT","RICE",234.558649169733
35,"fossil","RICE",109.46875
35,"tabula","RICE",83
35,"wiqid","RICE",83
35,"BAT","RJA1",127
35,"BiodiversityR","RJA1",83
35,"divent","RJA1",227
35,"entropart","RJA1",227
35,"fossil","RJA1",126.926788685524
35,"SSP","RJA1",83
35,"tabula","RJA1",2.5687526926496
35,"wiqid","RJA1",127
35,"BAT","RJA2",161
35,"BiodiversityR","RJA2",83
35,"fossil","RJA2",160.610621186911
35,"SSP","RJA2",83
35,"wiqid","RJA2",161
35,"asbio","RLMD",142.834122531742
35,"sads","RLMD",0.759373070267091
35,"vegan","RLMD",211.456390699941
35,"wiqid","RMM",0
35,"divDyn","RSQ",477.288849919871
35,"ecodive","RSQ",477.288849919871
35,"tabula","RSQ",477.288849919871
36,"custom","RICH",92
36,"abdiv","D1SP",0.964856679286101
36,"ade4","D1SP",0.964856679286101
36,"adiv","D1SP",0.964856679286101
36,"agricolae","D1SP",0.964856679286101
36,"asbio","D1SP",0.964856679286101
36,"BiodiversityR","D1SP",0.96485668
36,"biosampleR","D1SP",0.97314422910324
36,"breakaway","D1SP",0.964856679286101
36,"catsim","D1SP",0.614755555555555
36,"concstats","D1SP",0.99569260411033
36,"CUB","D1SP",0.969164075175771
36,"DescTools","D1SP",0.964856679286101
36,"divent","D1SP",0.964856679286101
36,"diverse","D1SP",0.97314422910324
36,"ecodive","D1SP",0.964856679286101
36,"entropart","D1SP",0.964856679286101
36,"lawstat","D1SP",0.836233388704319
36,"MCPAN","D1SP",0.964856679286101
36,"microbiome","D1SP",0.964856679286101
36,"PCRA","D1SP",0.964856679286101
36,"RoughSets","D1SP",0.964856679286101
36,"simboot","D1SP",0.964856679286101
36,"sprex","D1SP",0.964856679286101
36,"untb","D1SP",0.9671057624546
36,"vegan","D1SP",0.964856679286101
36,"abdiv","DBRI",3.54990117652749
36,"ecodive","DBRI",3.54990117652749
36,"tabula","DBRI",3.54990117652749
36,"wiqid","DBRI",34.8098772846674
36,"BiodiversityR","DFIS",35.8877536
36,"ecodive","DFIS",35.888
36,"microbiome","DFIS",35.8877536032519
36,"preseqR","DFIS",11.9751592810479
36,"sads","DFIS",35.8877536828698
36,"vegan","DFIS",35.8877536032519
36,"custom","DGLE",15.1720413625785
36,"custom","DGOO_1_1",3.84610879109741
36,"custom","DGOO_1_2",0.331430789276203
36,"custom","DGOO_1_3",1
36,"custom","DGOO_2_1",0.105250448228465
36,"custom","DGOO_2_2",1.10931306678638
36,"custom","DGOO_2_3",1
36,"custom","DGOO_3_1",0.00562511378558872
36,"custom","DGOO_3_2",0.0445487238621873
36,"custom","DGOO_3_3",1
36,"abdiv","DINVSP",28.4549092028316
36,"adiv","DINVSP",28.4549092028316
36,"asbio","DINVSP",28.4549092028316
36,"BiodiversityR","DINVSP",28.4549092
36,"breakaway","DINVSP",28.4549092028316
36,"chemodiv","DINVSP",28.4549092028316
36,"codyn","DINVSP",8.79190751445087
36,"divseg","DINVSP",1.0351433207139
36,"ecodive","DINVSP",28.4549092028317
36,"microbiome","DINVSP",28.4549092028316
36,"sprex","DINVSP",28.4549092028316
36,"vegan","DINVSP",28.4549092028316
36,"wiqid","DINVSP",28.4549092028316
36,"custom","DKO",0.155963302752294
36,"abdiv","DMC",0.85370373091627
36,"adiv","DMC",0.85370373091627
36,"agricolae","DMC",0.85370373091627
36,"ecodive","DMC",0.85370373091627
36,"forestHES","DMC",0.85370373091627
36,"tabula","DMC",0.85370373091627
36,"abdiv","DMG",15.007127869507
36,"adiv","DMG",15.007127869507
36,"agricolae","DMG",36.9406224480172
36,"ecodive","DMG",15.007127869507
36,"tabula","DMG",15.007127869507
36,"abdiv","DMN",4.43663396396779
36,"adiv","DMN",4.43663396396779
36,"ecodive","DMN",4.43663396396779
36,"tabula","DMN",4.43663396396779
36,"custom","DOD",213.953488372093
36,"abdiv","DQ",0
36,"ade4","DRAO",0.9648566792861
36,"BAT","DRAO",0.964856679286083
36,"SYNCSA","DRAO",0.964856679286101
36,"abdiv","DSHA",3.84610879109741
36,"adiv","DSHA",3.84610879109741
36,"aqp","DSHA",5.54876207963568
36,"asbio","DSHA",3.84610879109741
36,"benthos","DSHA",0
36,"BiodiversityR","DSHA",3.84610879
36,"biosampleR","DSHA",4.05249535663453
36,"chemodiv","DSHA",3.84610879109741
36,"codyn","DSHA",3.84610879109741
36,"DescTools","DSHA",5.54876207963568
36,"divDyn","DSHA",3.84610879109741
36,"divent","DSHA",3.84610879109741
36,"diverse","DSHA",4.05249535663453
36,"ecodive","DSHA",3.84610879109741
36,"EconGeo","DSHA",5.549
36,"entropart","DSHA",3.84610879109741
36,"forestmangr","DSHA",3.56
36,"HardyWeinberg","DSHA",3.84610879109741
36,"iNEXT","DSHA",3.846
36,"MCPAN","DSHA",3.84610879109741
36,"microbiome","DSHA",3.84610879109741
36,"OTUtable","DSHA",3.84610879109741
36,"pgirmess","DSHA",5.54876207963568
36,"SpiecEasi","DSHA",3.84610879109741
36,"sprex","DSHA",3.84610879109741
36,"tabula","DSHA",3.84610879109741
36,"triversity","DSHA",5.54876207963568
36,"vegan","DSHA",3.84610879109741
36,"wavethresh","DSHA",-39883.3368172178
36,"wiqid","DSHA",46.8105587174504
36,"abdiv","DSP",0.0351433207138994
36,"agricolae","DSP",0.0351433207138994
36,"antitrust","DSP",351.433207138994
36,"benthos","DSP",0.0328942375454003
36,"breakaway","DSP",0.0351433207138994
36,"concstats","DSP",0.0351433207138994
36,"DescTools","DSP",0.0351433207138994
36,"diverse","DSP",0.0244289773079738
36,"divseg","DSP",1.0351433207139
36,"EconGeo","DSP",0.0351433207138994
36,"hhi","DSP",0.113740959894806
36,"ineq","DSP",0.0351433207138994
36,"microbiome","DSP",0.0351433207138994
36,"PDtoolkit","DSP",0.0351433207138994
36,"politics","DSP",0.0351433207138994
36,"REAT","DSP",0.0351433207138994
36,"sprex","DSP",0.0351433207138994
36,"tabula","DSP",0.0351433207138994
36,"triversity","DSP",0.0351433207138994
36,"abdiv","EBP",0.0906976744186047
36,"agricolae","EBP",0.0906976744186047
36,"BiodiversityR","EBP",0.09069767
36,"diverse","EBP",0.0771144278606965
36,"dyvDyn","EBP",0.0906976744186047
36,"ecodive","EBP",0.0906976744186047
36,"microbiome","EBP",0.0906976744186047
36,"tabula","EBP",0.0906976744186047
36,"triversity","EBP",0.0906976744186047
36,"wiqid","EBP",1
36,"tabula","EBRI",0.853144863039103
36,"BAT","EBU",0.522310247891643
36,"microbiome","EBU",0.522310247891643
36,"BAT","ECAM",0.987024300270003
36,"microbiome","ECAM",0.660288169868554
36,"codyn","EEQ",0.273050183308175
36,"custom","EEQ",0.000749204426076394
36,"adiv","EEVAR",0.50577754716865
36,"codyn","EEVAR",0.705587138463244
36,"custom","EEVAR",0.50577754716865
36,"microbiome","EEVAR",0.50577754716865
36,"acid","EGIN",0.832516795865633
36,"DescTools","EGIN",0.832516795865633
36,"dplR","EGIN",0.832516795865633
36,"EconGeo","EGIN",0.833
36,"giniVarCI","EGIN",0.832516795865633
36,"ineq","EGIN",0.832516795865633
36,"microbiome","EGIN",0.832516795865633
36,"REAT","EGIN",0.832516795865633
36,"shipunov","EGIN",0.832516795865633
36,"wINEQ","EGIN",0.832516795865633
36,"abdiv","EHEI",0.503412733158795
36,"adiv","EHEI",0.503412733158795
36,"custom","EHUL",0.165116279069767
36,"benthos","EHURE",0.9671057624546
36,"BiodiversityR","EHURE",0.96710576
36,"mobr","EHURE",0.9671057624546
36,"vegan","EHURE",0.967105762454798
36,"custom","ELR",0.18923782617471
36,"abdiv","EMC",0.237694030920864
36,"tabula","EMC",0.907106914666194
36,"microbiome","EMN",0.165116279069767
36,"custom","ENHC",-0.0344770544472623
36,"custom","EPAT",0.161075006878855
36,"abdiv","EPIE",0.850572450604804
36,"adiv","EPIE",0.850572450604804
36,"BiodiversityR","EPIE",0.85057245
36,"breakaway","EPIE",0.850572450604804
36,"chemodiv","EPIE",0.850572450604804
36,"diverse","EPIE",0.876220362851557
36,"forestmangr","EPIE",1
36,"microbiome","EPIE",0.850572450604804
36,"OTUtable","EPIE",0.850572450604804
36,"pctax","EPIE",0.8506
36,"sprex","EPIE",0.850572450604804
36,"tabula","EPIE",0.850572450604804
36,"custom","ESHE",0.508810420841852
36,"adiv","ESP",0.309292491335127
36,"codyn","ESP",0.676300578034682
36,"sprex","ESP",0.0418055303380153
36,"tabula","ESP",0.309292491335127
36,"abdiv","EST",0.472497472194135
36,"adiv","QHIL_0",92
36,"adiv","QHIL_1",46.8105587174504
36,"adiv","QHIL_2",28.4549092028316
36,"adiv","QHIL_3",21.9850598700627
36,"BAT","QHIL_0",92
36,"BAT","QHIL_1",46.8105587174504
36,"BAT","QHIL_2",28.4549092028316
36,"BAT","QHIL_3",21.9850598700627
36,"benthos","QHIL_0",225
36,"benthos","QHIL_1",46.8105587174504
36,"benthos","QHIL_2",28.4549092028316
36,"benthos","QHIL_3",21.9850598700627
36,"breakaway","QHIL_0",92
36,"breakaway","QHIL_1",46.8105587174504
36,"breakaway","QHIL_2",28.4549092028316
36,"breakaway","QHIL_3",21.9850598700627
36,"chemodiv","QHIL_0",92
36,"chemodiv","QHIL_1",46.8105587174504
36,"chemodiv","QHIL_2",28.4549092028316
36,"chemodiv","QHIL_3",21.9850598700627
36,"divDyn","QHIL_2",28.4549092028316
36,"divent","QHIL_0",92
36,"divent","QHIL_1",46.8105587174504
36,"divent","QHIL_2",28.4549092028317
36,"divent","QHIL_3",21.9850598700622
36,"entropart","QHIL_0",92
36,"entropart","QHIL_1",46.8105587174504
36,"entropart","QHIL_2",28.4549092028317
36,"entropart","QHIL_3",21.9850598700625
36,"EntropyEstimation","QHIL_1",52.5322404707419
36,"EntropyEstimation","QHIL_2",30.4004614370476
36,"EntropyEstimation","QHIL_3",23.2657283927914
36,"hilldiv","QHIL_0",92
36,"hilldiv","QHIL_1",46.8108606785787
36,"hilldiv","QHIL_2",28.4549092028316
36,"hilldiv","QHIL_3",21.9850598700627
36,"hillR","QHIL_0",92
36,"hillR","QHIL_1",46.8105587174504
36,"hillR","QHIL_2",28.4549092028316
36,"hillR","QHIL_3",21.9850598700627
36,"sprex","QHIL_0",92
36,"sprex","QHIL_1",46.8105587174504
36,"sprex","QHIL_2",28.4549092028316
36,"sprex","QHIL_3",21.9850598700627
36,"vegan","QHIL_0",92
36,"vegan","QHIL_1",46.8105587174504
36,"vegan","QHIL_2",28.4549092028316
36,"vegan","QHIL_3",21.9850598700627
36,"adiv","QREN_0",4.52178857704904
36,"adiv","QREN_1",3.84610879109741
36,"adiv","QREN_2",3.34832070114617
36,"adiv","QREN_3",3.0903631258523
36,"BiodiversityR","QREN_0",4.52178857704904
36,"BiodiversityR","QREN_1",3.84610879109741
36,"BiodiversityR","QREN_2",3.34832070114617
36,"BiodiversityR","QREN_3",3.0903631258523
36,"diverse","QREN_0",4.62497281328427
36,"diverse","QREN_1",4.05249535663453
36,"diverse","QREN_2",3.61727455014359
36,"diverse","QREN_3",3.36298483178029
36,"EntropyEstimation","QREN_1",3.96142708531736
36,"EntropyEstimation","QREN_2",3.41445778714723
36,"EntropyEstimation","QREN_3",3.14698139332967
36,"seewave","QREN_2",0.618216154494445
36,"seewave","QREN_3",0.570588235585483
36,"sprex","QREN_0",4.52178857704904
36,"sprex","QREN_1",3.84610879109741
36,"sprex","QREN_2",3.34832070114617
36,"sprex","QREN_3",3.0903631258523
36,"statcomp","QREN_1",0.710125091021576
36,"statcomp","QREN_2",0.618216143072858
36,"statcomp","QREN_3",0.570588227019292
36,"vegan","QREN_0",4.52178857704904
36,"vegan","QREN_1",3.84610879109741
36,"vegan","QREN_2",3.34832070114617
36,"vegan","QREN_3",3.0903631258523
36,"adiv","QTSA_0",91
36,"adiv","QTSA_1",3.84610879109741
36,"adiv","QTSA_2",0.964856679286101
36,"adiv","QTSA_3",0.498965537625618
36,"divent","QTSA_0",91
36,"divent","QTSA_1",3.84610879109741
36,"divent","QTSA_2",0.964856679286101
36,"divent","QTSA_3",0.498965537625618
36,"entropart","QTSA_0",91
36,"entropart","QTSA_1",3.84610879109741
36,"entropart","QTSA_2",0.964856679286101
36,"entropart","QTSA_3",0.498965537625618
36,"EntropyEstimation","QTSA_1",3.96142708531736
36,"EntropyEstimation","QTSA_2",0.967105762454601
36,"EntropyEstimation","QTSA_3",0.49907628776353
36,"vegan","QTSA_0",91
36,"vegan","QTSA_1",3.84610879109741
36,"vegan","QTSA_2",0.964856679286101
36,"vegan","QTSA_3",0.498965537625618
36,"BAT","RACE",136.318711545379
36,"ecodive","RACE",136.318711545379
36,"fossil","RACE",108.123595505618
36,"pctax","RACE",136.3187
36,"sprex","RACE",430
36,"tabula","RACE",136.318711545379
36,"vegan","RACE",136.318711545379
36,"wiqid","RACE",136.318711545379
36,"BiodiversityR","RBOO",92
36,"wiqid","RBOO",225
36,"BAT","RC1",121.75
36,"BiodiversityR","RC1",92
36,"biosampleR","RC1",151.5
36,"iNEXT","RC1",124.162
36,"microbiome","RC1",121.75
36,"pctax","RC1",121.75
36,"rareNMtests","RC1",92
36,"SpadeR","RC1",92
36,"SSP","RC1",92
36,"vegan","RC1",121.75
36,"wiqid","RC1",124.236842105263
36,"BAT","RC1M",139.370953449905
36,"divent","RC1M",124.161872705018
36,"ecodive","RC1M",124.236842105263
36,"entropart","RC1M",124.161872705018
36,"fossil","RC1M",124.236842105263
36,"mobr","RC1M",124.161872705018
36,"OTUtable","RC1M",124.236842105263
36,"tabula","RC1M",124.161872705018
36,"wiqid","RC1M",124.236842105263
36,"BAT","RCA2",236.763688224227
36,"divDyn","RCA2",121.426630434783
36,"fossil","RCA2",124.236842105263
36,"tabula","RCA2",92
36,"wiqid","RCA2",92
36,"benthos","RHUR_2",1.9671057624548
36,"benthos","RHUR_3",2.90316471183692
36,"divent","RHUR_2",30.4004435904639
36,"divent","RHUR_3",30.64346846946
36,"entropart","RHUR_2",1.96710576245479
36,"entropart","RHUR_3",2.90316471183692
36,"mobsim","RHUR_2",1.9671057624548
36,"mobsim","RHUR_3",2.90316471183692
36,"tabula","RHUR_2",1.96710576243842
36,"tabula","RHUR_3",2.90316471180895
36,"vegan","RHUR_2",1.9671057624548
36,"vegan","RHUR_3",2.90316471183692
36,"BAT","RICE",235.037613894682
36,"fossil","RICE",108.123595505618
36,"tabula","RICE",92
36,"wiqid","RICE",92
36,"BAT","RJA1",127
36,"BiodiversityR","RJA1",92
36,"divent","RJA1",143
36,"entropart","RJA1",143
36,"fossil","RJA1",126.918604651163
36,"SSP","RJA1",92
36,"tabula","RJA1",3.82451920335516
36,"wiqid","RJA1",127
36,"BAT","RJA2",143
36,"BiodiversityR","RJA2",92
36,"fossil","RJA2",142.644083048734
36,"SSP","RJA2",92
36,"wiqid","RJA2",143
36,"asbio","RLMD",160.473598702119
36,"sads","RLMD",0.924816571148296
36,"vegan","RLMD",120.524684420055
36,"wiqid","RMM",0
36,"divDyn","RSQ",135.81357331572
36,"ecodive","RSQ",135.81357331572
36,"tabula","RSQ",135.81357331572
37,"custom","RICH",88
37,"abdiv","D1SP",0.956501519355265
37,"ade4","D1SP",0.956501519355265
37,"adiv","D1SP",0.956501519355265
37,"agricolae","D1SP",0.956501519355265
37,"asbio","D1SP",0.956501519355265
37,"BiodiversityR","D1SP",0.95650152
37,"biosampleR","D1SP",0.973184905131975
37,"breakaway","D1SP",0.956501519355265
37,"catsim","D1SP",0.602153086419753
37,"concstats","D1SP",0.99572990393145
37,"CUB","D1SP",0.960771615423815
37,"DescTools","D1SP",0.956501519355265
37,"divent","D1SP",0.956501519355265
37,"diverse","D1SP",0.973184905131975
37,"ecodive","D1SP",0.956501519355265
37,"entropart","D1SP",0.956501519355265
37,"lawstat","D1SP",0.838711001642036
37,"MCPAN","D1SP",0.956501519355265
37,"microbiome","D1SP",0.956501519355265
37,"PCRA","D1SP",0.956501519355265
37,"RoughSets","D1SP",0.956501519355265
37,"simboot","D1SP",0.956501519355265
37,"sprex","D1SP",0.956501519355265
37,"untb","D1SP",0.958705439906775
37,"vegan","D1SP",0.956501519355265
37,"abdiv","DBRI",3.50388268522527
37,"ecodive","DBRI",3.50388268522527
37,"tabula","DBRI",3.50388268522527
37,"wiqid","DBRI",33.2442787698775
37,"BiodiversityR","DFIS",33.28234888
37,"ecodive","DFIS",33.282
37,"microbiome","DFIS",33.2823488795343
37,"preseqR","DFIS",11.0692536732178
37,"sads","DFIS",33.2823487301036
37,"vegan","DFIS",33.2823488795343
37,"custom","DGLE",14.4847716573982
37,"custom","DGOO_1_1",3.79170258849473
37,"custom","DGOO_1_2",0.328615201015573
37,"custom","DGOO_1_3",1
37,"custom","DGOO_2_1",0.11318861105718
37,"custom","DGOO_2_2",1.06812031112214
37,"custom","DGOO_2_3",1
37,"custom","DGOO_3_1",0.00908916466287038
37,"custom","DGOO_3_2",0.0493059630465059
37,"custom","DGOO_3_3",1
37,"abdiv","DINVSP",22.9893087109707
37,"adiv","DINVSP",22.9893087109707
37,"asbio","DINVSP",22.9893087109707
37,"BiodiversityR","DINVSP",22.98930871
37,"breakaway","DINVSP",22.9893087109707
37,"chemodiv","DINVSP",22.9893087109707
37,"codyn","DINVSP",5.50188679245283
37,"divseg","DINVSP",1.04349848064474
37,"ecodive","DINVSP",22.9893087109707
37,"microbiome","DINVSP",22.9893087109707
37,"sprex","DINVSP",22.9893087109707
37,"vegan","DINVSP",22.9893087109707
37,"wiqid","DINVSP",22.9893087109707
37,"custom","DKO",0.192660550458716
37,"abdiv","DMC",0.831294633194996
37,"adiv","DMC",0.831294633194996
37,"agricolae","DMC",0.831294633194996
37,"ecodive","DMC",0.831294633194996
37,"forestHES","DMC",0.831294633194996
37,"tabula","DMC",0.831294633194996
37,"abdiv","DMG",14.3201719794732
37,"adiv","DMG",14.3201719794732
37,"agricolae","DMG",36.8703278551954
37,"ecodive","DMG",14.3201719794732
37,"tabula","DMG",14.3201719794732
37,"abdiv","DMN",4.21927705307138
37,"adiv","DMN",4.21927705307138
37,"ecodive","DMN",4.21927705307138
37,"tabula","DMN",4.21927705307138
37,"custom","DOD",202.298850574713
37,"abdiv","DQ",0
37,"ade4","DRAO",0.956501519355265
37,"BAT","DRAO",0.956501519355291
37,"SYNCSA","DRAO",0.956501519355265
37,"abdiv","DSHA",3.79170258849473
37,"adiv","DSHA",3.79170258849473
37,"aqp","DSHA",5.47027052094719
37,"asbio","DSHA",3.79170258849473
37,"benthos","DSHA",0
37,"BiodiversityR","DSHA",3.79170259
37,"biosampleR","DSHA",3.9666137147767
37,"chemodiv","DSHA",3.79170258849473
37,"codyn","DSHA",3.79170258849473
37,"DescTools","DSHA",5.47027052094719
37,"divDyn","DSHA",3.79170258849473
37,"divent","DSHA",3.79170258849473
37,"diverse","DSHA",3.9666137147767
37,"ecodive","DSHA",3.79170258849473
37,"EconGeo","DSHA",5.47
37,"entropart","DSHA",3.79170258849473
37,"forestmangr","DSHA",3.56
37,"HardyWeinberg","DSHA",3.79170258849473
37,"iNEXT","DSHA",3.792
37,"MCPAN","DSHA",3.79170258849473
37,"microbiome","DSHA",3.79170258849473
37,"OTUtable","DSHA",3.79170258849473
37,"pgirmess","DSHA",5.47027052094719
37,"SpiecEasi","DSHA",3.79170258849473
37,"sprex","DSHA",3.79170258849473
37,"tabula","DSHA",3.79170258849473
37,"triversity","DSHA",5.47027052094719
37,"vegan","DSHA",3.79170258849473
37,"wavethresh","DSHA",-57176.116509192
37,"wiqid","DSHA",44.3318148957257
37,"abdiv","DSP",0.0434984806447351
37,"agricolae","DSP",0.0434984806447351
37,"antitrust","DSP",434.984806447351
37,"benthos","DSP",0.0412945600932253
37,"breakaway","DSP",0.0434984806447351
37,"concstats","DSP",0.0434984806447351
37,"DescTools","DSP",0.0434984806447351
37,"diverse","DSP",0.0244587149524511
37,"divseg","DSP",1.04349848064474
37,"EconGeo","DSP",0.0434984806447351
37,"hhi","DSP",0.181755829903978
37,"ineq","DSP",0.0434984806447351
37,"microbiome","DSP",0.0434984806447351
37,"PDtoolkit","DSP",0.0434984806447351
37,"politics","DSP",0.0434984806447351
37,"REAT","DSP",0.0434984806447351
37,"sprex","DSP",0.0434984806447351
37,"tabula","DSP",0.0434984806447351
37,"triversity","DSP",0.0434984806447351
37,"abdiv","EBP",0.149425287356322
37,"agricolae","EBP",0.149425287356322
37,"BiodiversityR","EBP",0.14942529
37,"diverse","EBP",0.0628019323671498
37,"dyvDyn","EBP",0.149425287356322
37,"ecodive","EBP",0.149425287356322
37,"microbiome","EBP",0.149425287356322
37,"tabula","EBP",0.149425287356322
37,"triversity","EBP",0.149425287356322
37,"wiqid","EBP",1
37,"tabula","EBRI",0.847487190443463
37,"BAT","EBU",0.550508653719117
37,"microbiome","EBU",0.550508653719117
37,"BAT","ECAM",0.986710745985419
37,"microbiome","ECAM",0.595611285266458
37,"codyn","EEQ",0.213849552871374
37,"custom","EEQ",0.000805311772097387
37,"adiv","EEVAR",0.528033185072205
37,"codyn","EEVAR",0.560168389751063
37,"custom","EEVAR",0.528033185072205
37,"microbiome","EEVAR",0.528033185072205
37,"acid","EGIN",0.834983397190294
37,"DescTools","EGIN",0.834983397190294
37,"dplR","EGIN",0.834983397190294
37,"EconGeo","EGIN",0.835
37,"giniVarCI","EGIN",0.834983397190294
37,"ineq","EGIN",0.834983397190294
37,"microbiome","EGIN",0.834983397190296
37,"REAT","EGIN",0.834983397190294
37,"shipunov","EGIN",0.834983397190296
37,"wINEQ","EGIN",0.834983397190294
37,"abdiv","EHEI",0.498066837881904
37,"adiv","EHEI",0.498066837881904
37,"custom","EHUL",0.225287356321839
37,"benthos","EHURE",0.958705439906775
37,"BiodiversityR","EHURE",0.95870544
37,"mobr","EHURE",0.958705439906775
37,"vegan","EHURE",0.95870543990642
37,"custom","ELR",0.187457049309832
37,"abdiv","EMC",0.260610024057256
37,"tabula","EMC",0.88587130463461
37,"microbiome","EMN",0.225287356321839
37,"custom","ENHC",-0.0354485550060482
37,"custom","EPAT",0.198976395397931
37,"abdiv","EPIE",0.846865613557067
37,"adiv","EPIE",0.846865613557067
37,"BiodiversityR","EPIE",0.84686561
37,"breakaway","EPIE",0.846865613557067
37,"chemodiv","EPIE",0.846865613557067
37,"diverse","EPIE",0.888198684206629
37,"forestmangr","EPIE",1
37,"microbiome","EPIE",0.846865613557067
37,"OTUtable","EPIE",0.846865613557067
37,"pctax","EPIE",0.8469
37,"sprex","EPIE",0.846865613557067
37,"tabula","EPIE",0.846865613557067
37,"custom","ESHE",0.503770623815064
37,"adiv","ESP",0.261242144442849
37,"codyn","ESP",0.392991913746631
37,"sprex","ESP",0.0430875294147128
37,"tabula","ESP",0.261242144442849
37,"abdiv","EST",0.444383490073145
37,"adiv","QHIL_0",88
37,"adiv","QHIL_1",44.3318148957257
37,"adiv","QHIL_2",22.9893087109707
37,"adiv","QHIL_3",15.3178313681619
37,"BAT","QHIL_0",88
37,"BAT","QHIL_1",44.3318148957257
37,"BAT","QHIL_2",22.9893087109707
37,"BAT","QHIL_3",15.3178313681619
37,"benthos","QHIL_0",225
37,"benthos","QHIL_1",44.3318148957257
37,"benthos","QHIL_2",22.9893087109707
37,"benthos","QHIL_3",15.3178313681619
37,"breakaway","QHIL_0",88
37,"breakaway","QHIL_1",44.3318148957257
37,"breakaway","QHIL_2",22.9893087109707
37,"breakaway","QHIL_3",15.3178313681619
37,"chemodiv","QHIL_0",88
37,"chemodiv","QHIL_1",44.3318148957257
37,"chemodiv","QHIL_2",22.9893087109707
37,"chemodiv","QHIL_3",15.3178313681619
37,"divDyn","QHIL_2",22.9893087109707
37,"divent","QHIL_0",88
37,"divent","QHIL_1",44.3318148957257
37,"divent","QHIL_2",22.9893087109707
37,"divent","QHIL_3",15.317831368162
37,"entropart","QHIL_0",88
37,"entropart","QHIL_1",44.3318148957257
37,"entropart","QHIL_2",22.9893087109707
37,"entropart","QHIL_3",15.3178313681618
37,"EntropyEstimation","QHIL_1",49.3980992130788
37,"EntropyEstimation","QHIL_2",24.2162647511544
37,"EntropyEstimation","QHIL_3",15.8112983609491
37,"hilldiv","QHIL_0",88
37,"hilldiv","QHIL_1",44.3321421726721
37,"hilldiv","QHIL_2",22.9893087109707
37,"hilldiv","QHIL_3",15.3178313681619
37,"hillR","QHIL_0",88
37,"hillR","QHIL_1",44.3318148957257
37,"hillR","QHIL_2",22.9893087109707
37,"hillR","QHIL_3",15.3178313681619
37,"sprex","QHIL_0",88
37,"sprex","QHIL_1",44.3318148957257
37,"sprex","QHIL_2",22.9893087109707
37,"sprex","QHIL_3",15.3178313681619
37,"vegan","QHIL_0",88
37,"vegan","QHIL_1",44.3318148957257
37,"vegan","QHIL_2",22.9893087109707
37,"vegan","QHIL_3",15.3178313681619
37,"adiv","QREN_0",4.47733681447821
37,"adiv","QREN_1",3.79170258849473
37,"adiv","QREN_2",3.13502926920472
37,"adiv","QREN_3",2.72901759868949
37,"BiodiversityR","QREN_0",4.47733681447821
37,"BiodiversityR","QREN_1",3.79170258849473
37,"BiodiversityR","QREN_2",3.13502926920472
37,"BiodiversityR","QREN_3",2.72901759868949
37,"diverse","QREN_0",4.46590811865458
37,"diverse","QREN_1",3.9666137147767
37,"diverse","QREN_2",3.61879030868198
37,"diverse","QREN_3",3.41910748270189
37,"EntropyEstimation","QREN_1",3.89991194598556
37,"EntropyEstimation","QREN_2",3.18702450456164
37,"EntropyEstimation","QREN_3",2.76072477061667
37,"seewave","QREN_2",0.578835158025732
37,"seewave","QREN_3",0.503871317603368
37,"sprex","QREN_0",4.47733681447821
37,"sprex","QREN_1",3.79170258849473
37,"sprex","QREN_2",3.13502926920472
37,"sprex","QREN_3",2.72901759868949
37,"statcomp","QREN_1",0.700079818858502
37,"statcomp","QREN_2",0.57883514639587
37,"statcomp","QREN_3",0.503871308880971
37,"vegan","QREN_0",4.47733681447821
37,"vegan","QREN_1",3.79170258849473
37,"vegan","QREN_2",3.13502926920472
37,"vegan","QREN_3",2.72901759868949
37,"adiv","QTSA_0",87
37,"adiv","QTSA_1",3.79170258849473
37,"adiv","QTSA_2",0.956501519355265
37,"adiv","QTSA_3",0.497869039321005
37,"divent","QTSA_0",87
37,"divent","QTSA_1",3.79170258849473
37,"divent","QTSA_2",0.956501519355265
37,"divent","QTSA_3",0.497869039321005
37,"entropart","QTSA_0",87
37,"entropart","QTSA_1",3.79170258849473
37,"entropart","QTSA_2",0.956501519355265
37,"entropart","QTSA_3",0.497869039321005
37,"EntropyEstimation","QTSA_1",3.89991194598556
37,"EntropyEstimation","QTSA_2",0.958705439906775
37,"EntropyEstimation","QTSA_3",0.497999977246613
37,"vegan","QTSA_0",87
37,"vegan","QTSA_1",3.79170258849473
37,"vegan","QTSA_2",0.956501519355265
37,"vegan","QTSA_3",0.497869039321005
37,"BAT","RACE",111.811393152302
37,"ecodive","RACE",111.811393152302
37,"fossil","RACE",98.7727272727273
37,"pctax","RACE",111.8114
37,"sprex","RACE",435
37,"tabula","RACE",111.811393152302
37,"vegan","RACE",111.811393152302
37,"wiqid","RACE",111.811393152302
37,"BiodiversityR","RBOO",88
37,"wiqid","RBOO",225
37,"BAT","RC1",103.954545454545
37,"BiodiversityR","RC1",88
37,"biosampleR","RC1",116
37,"iNEXT","RC1",105.317
37,"microbiome","RC1",103.954545454545
37,"pctax","RC1",103.9545
37,"rareNMtests","RC1",88
37,"SpadeR","RC1",88
37,"SSP","RC1",88
37,"vegan","RC1",103.954545454545
37,"wiqid","RC1",105.357142857143
37,"BAT","RC1M",113.740555738167
37,"divent","RC1M",105.31724137931
37,"ecodive","RC1M",105.357142857143
37,"entropart","RC1M",105.31724137931
37,"fossil","RC1M",105.357142857143
37,"mobr","RC1M",105.31724137931
37,"OTUtable","RC1M",105.357142857143
37,"tabula","RC1M",105.31724137931
37,"wiqid","RC1M",105.357142857143
37,"BAT","RCA2",236.329291559189
37,"divDyn","RCA2",103.773243801653
37,"fossil","RCA2",105.357142857143
37,"tabula","RCA2",88
37,"wiqid","RCA2",88
37,"benthos","RHUR_2",1.95870543990642
37,"benthos","RHUR_3",2.8801163652272
37,"divent","RHUR_2",24.2162649021747
37,"divent","RHUR_3",24.6863707193762
37,"entropart","RHUR_2",1.95870543990642
37,"entropart","RHUR_3",2.8801163652272
37,"mobsim","RHUR_2",1.95870543990642
37,"mobsim","RHUR_3",2.8801163652272
37,"tabula","RHUR_2",1.95870543996926
37,"tabula","RHUR_3",2.88011636521984
37,"vegan","RHUR_2",1.95870543990642
37,"vegan","RHUR_3",2.8801163652272
37,"BAT","RICE",235.32721158382
37,"fossil","RICE",98.7727272727273
37,"tabula","RICE",88
37,"wiqid","RICE",88
37,"BAT","RJA1",115
37,"BiodiversityR","RJA1",88
37,"divent","RJA1",115
37,"entropart","RJA1",115
37,"fossil","RJA1",114.937931034483
37,"SSP","RJA1",88
37,"tabula","RJA1",3.76889141222223
37,"wiqid","RJA1",115
37,"BAT","RJA2",121
37,"BiodiversityR","RJA2",88
37,"fossil","RJA2",120.772302558398
37,"SSP","RJA2",88
37,"wiqid","RJA2",121
37,"asbio","RLMD",157.66906854532
37,"sads","RLMD",1.01366187609563
37,"vegan","RLMD",100.827249832116
37,"wiqid","RMM",0
37,"divDyn","RSQ",120.113626511247
37,"ecodive","RSQ",120.113626511247
37,"tabula","RSQ",120.113626511247
38,"custom","RICH",82
38,"abdiv","D1SP",0.936514371224519
38,"ade4","D1SP",0.93651437122452
38,"adiv","D1SP",0.936514371224519
38,"agricolae","D1SP",0.936514371224519
38,"asbio","D1SP",0.936514371224519
38,"BiodiversityR","D1SP",0.93651437
38,"biosampleR","D1SP",0.956963217405478
38,"breakaway","D1SP",0.936514371224519
38,"catsim","D1SP",0.568533333333333
38,"concstats","D1SP",0.995819132271319
38,"CUB","D1SP",0.9406952389532
38,"DescTools","D1SP",0.93651437122452
38,"divent","D1SP",0.936514371224519
38,"diverse","D1SP",0.956963217405478
38,"ecodive","D1SP",0.936514371224519
38,"entropart","D1SP",0.936514371224519
38,"lawstat","D1SP",0.871564397571109
38,"MCPAN","D1SP",0.936514371224519
38,"microbiome","D1SP",0.936514371224519
38,"PCRA","D1SP",0.936514371224519
38,"RoughSets","D1SP",0.936514371224519
38,"simboot","D1SP",0.936514371224519
38,"sprex","D1SP",0.936514371224519
38,"untb","D1SP",0.938614179231749
38,"vegan","D1SP",0.936514371224519
38,"abdiv","DBRI",3.25999222199478
38,"ecodive","DBRI",3.25999222199478
38,"tabula","DBRI",3.25999222199478
38,"wiqid","DBRI",26.0493345298704
38,"BiodiversityR","DFIS",29.4613568
38,"ecodive","DFIS",29.461
38,"microbiome","DFIS",29.4613568022609
38,"preseqR","DFIS",19.0008870363127
38,"sads","DFIS",29.4613548895901
38,"vegan","DFIS",29.4613568022609
38,"custom","DGLE",13.4369869176475
38,"custom","DGOO_1_1",3.51608231975855
38,"custom","DGOO_1_2",0.354452556663821
38,"custom","DGOO_1_3",1
38,"custom","DGOO_2_1",0.140932975347175
38,"custom","DGOO_2_2",1.03493604211576
38,"custom","DGOO_2_3",1
38,"custom","DGOO_3_1",0.0160172787739436
38,"custom","DGOO_3_2",0.0655675348561942
38,"custom","DGOO_3_3",1
38,"abdiv","DINVSP",15.7515963736697
38,"adiv","DINVSP",15.7515963736697
38,"asbio","DINVSP",15.7515963736697
38,"BiodiversityR","DINVSP",15.75159637
38,"breakaway","DINVSP",15.7515963736697
38,"chemodiv","DINVSP",15.7515963736697
38,"codyn","DINVSP",5.35135135135135
38,"divseg","DINVSP",1.06348562877548
38,"ecodive","DINVSP",15.7515963736697
38,"microbiome","DINVSP",15.7515963736697
38,"sprex","DINVSP",15.7515963736697
38,"vegan","DINVSP",15.7515963736697
38,"wiqid","DINVSP",15.7515963736697
38,"custom","DKO",0.247706422018349
38,"abdiv","DMC",0.785173904827481
38,"adiv","DMC",0.785173904827481
38,"agricolae","DMC",0.785173904827481
38,"ecodive","DMC",0.785173904827481
38,"forestHES","DMC",0.785173904827481
38,"tabula","DMC",0.785173904827481
38,"abdiv","DMG",13.2731212235299
38,"adiv","DMG",13.2731212235299
38,"agricolae","DMG",36.7059154823542
38,"ecodive","DMG",13.2731212235299
38,"tabula","DMG",13.2731212235299
38,"abdiv","DMN",3.8784669126913
38,"adiv","DMN",3.8784669126913
38,"ecodive","DMN",3.8784669126913
38,"tabula","DMN",3.8784669126913
38,"custom","DOD",183.4451901566
38,"abdiv","DQ",0
38,"ade4","DRAO",0.936514371224519
38,"BAT","DRAO",0.936514371224486
38,"SYNCSA","DRAO",0.93651437122452
38,"abdiv","DSHA",3.51608231975855
38,"adiv","DSHA",3.51608231975855
38,"aqp","DSHA",5.07263452607302
38,"asbio","DSHA",3.51608231975855
38,"benthos","DSHA",0
38,"BiodiversityR","DSHA",3.51608232
38,"biosampleR","DSHA",3.73625368207106
38,"chemodiv","DSHA",3.51608231975855
38,"codyn","DSHA",3.51608231975855
38,"DescTools","DSHA",5.07263452607302
38,"divDyn","DSHA",3.51608231975855
38,"divent","DSHA",3.51608231975855
38,"diverse","DSHA",3.73625368207106
38,"ecodive","DSHA",3.51608231975855
38,"EconGeo","DSHA",5.073
38,"entropart","DSHA",3.51608231975855
38,"forestmangr","DSHA",3.56
38,"HardyWeinberg","DSHA",3.51608231975855
38,"iNEXT","DSHA",3.516
38,"MCPAN","DSHA",3.51608231975855
38,"microbiome","DSHA",3.51608231975855
38,"OTUtable","DSHA",3.51608231975855
38,"pgirmess","DSHA",5.07263452607302
38,"SpiecEasi","DSHA",3.51608231975855
38,"sprex","DSHA",3.51608231975855
38,"tabula","DSHA",3.51608231975855
38,"triversity","DSHA",5.07263452607302
38,"vegan","DSHA",3.51608231975855
38,"wavethresh","DSHA",-98502.557803059
38,"wiqid","DSHA",33.6523308031409
38,"abdiv","DSP",0.0634856287754806
38,"agricolae","DSP",0.0634856287754806
38,"antitrust","DSP",634.856287754806
38,"benthos","DSP",0.0613858207682507
38,"breakaway","DSP",0.0634856287754806
38,"concstats","DSP",0.0634856287754806
38,"DescTools","DSP",0.0634856287754806
38,"diverse","DSP",0.0406797303349027
38,"divseg","DSP",1.06348562877548
38,"EconGeo","DSP",0.0634856287754806
38,"hhi","DSP",0.186868686868687
38,"ineq","DSP",0.0634856287754806
38,"microbiome","DSP",0.0634856287754806
38,"PDtoolkit","DSP",0.0634856287754806
38,"politics","DSP",0.0634856287754806
38,"REAT","DSP",0.0634856287754806
38,"sprex","DSP",0.0634856287754806
38,"tabula","DSP",0.0634856287754806
38,"triversity","DSP",0.0634856287754806
38,"abdiv","EBP",0.178970917225951
38,"agricolae","EBP",0.178970917225951
38,"BiodiversityR","EBP",0.17897092
38,"diverse","EBP",0.135135135135135
38,"dyvDyn","EBP",0.178970917225951
38,"ecodive","EBP",0.178970917225951
38,"microbiome","EBP",0.178970917225951
38,"tabula","EBP",0.178970917225951
38,"triversity","EBP",0.178970917225951
38,"wiqid","EBP",1
38,"tabula","EBRI",0.798061707429548
38,"BAT","EBU",0.491728118872041
38,"microbiome","EBU",0.491728118872041
38,"BAT","ECAM",0.984272681404418
38,"microbiome","ECAM",0.616876739237191
38,"codyn","EEQ",0.209150377088682
38,"custom","EEQ",0.000978783907066294
38,"adiv","EEVAR",0.479019329207007
38,"codyn","EEVAR",0.516377107533631
38,"custom","EEVAR",0.479019329207007
38,"microbiome","EEVAR",0.479019329207007
38,"acid","EGIN",0.867690778026349
38,"DescTools","EGIN",0.867690778026348
38,"dplR","EGIN",0.867690778026349
38,"EconGeo","EGIN",0.868
38,"giniVarCI","EGIN",0.867690778026349
38,"ineq","EGIN",0.867690778026349
38,"microbiome","EGIN",0.867690778026349
38,"REAT","EGIN",0.867690778026349
38,"shipunov","EGIN",0.867690778026349
38,"wINEQ","EGIN",0.867690778026348
38,"abdiv","EHEI",0.403115195100505
38,"adiv","EHEI",0.403115195100505
38,"custom","EHUL",0.310961968680089
38,"benthos","EHURE",0.938614179231749
38,"BiodiversityR","EHURE",0.93861418
38,"mobr","EHURE",0.938614179231749
38,"vegan","EHURE",0.938614179231954
38,"custom","ELR",0.152839514197235
38,"abdiv","EMC",0.307632975643454
38,"tabula","EMC",0.840898115665302
38,"microbiome","EMN",0.31096196868009
38,"custom","ENHC",-0.040151696311489
38,"custom","EPAT",0.390983747305773
38,"abdiv","EPIE",0.797891157223455
38,"adiv","EPIE",0.797891157223455
38,"BiodiversityR","EPIE",0.79789116
38,"breakaway","EPIE",0.797891157223455
38,"chemodiv","EPIE",0.797891157223455
38,"diverse","EPIE",0.838788139670559
38,"forestmangr","EPIE",1
38,"microbiome","EPIE",0.797891157223455
38,"OTUtable","EPIE",0.797891157223455
38,"pctax","EPIE",0.7979
38,"sprex","EPIE",0.797891157223455
38,"tabula","EPIE",0.797891157223455
38,"custom","ESHE",0.410394278087085
38,"adiv","ESP",0.192092638703289
38,"codyn","ESP",0.334459459459459
38,"sprex","ESP",0.0428790526799823
38,"tabula","ESP",0.192092638703289
38,"abdiv","EST",0.502073443553227
38,"adiv","QHIL_0",82
38,"adiv","QHIL_1",33.6523308031409
38,"adiv","QHIL_2",15.7515963736697
38,"adiv","QHIL_3",10.8550001331601
38,"BAT","QHIL_0",82
38,"BAT","QHIL_1",33.6523308031409
38,"BAT","QHIL_2",15.7515963736697
38,"BAT","QHIL_3",10.8550001331601
38,"benthos","QHIL_0",225
38,"benthos","QHIL_1",33.6523308031409
38,"benthos","QHIL_2",15.7515963736697
38,"benthos","QHIL_3",10.8550001331601
38,"breakaway","QHIL_0",82
38,"breakaway","QHIL_1",33.6523308031409
38,"breakaway","QHIL_2",15.7515963736697
38,"breakaway","QHIL_3",10.8550001331601
38,"chemodiv","QHIL_0",82
38,"chemodiv","QHIL_1",33.6523308031409
38,"chemodiv","QHIL_2",15.7515963736697
38,"chemodiv","QHIL_3",10.8550001331601
38,"divDyn","QHIL_2",15.7515963736697
38,"divent","QHIL_0",82
38,"divent","QHIL_1",33.6523308031409
38,"divent","QHIL_2",15.7515963736697
38,"divent","QHIL_3",10.8550001331601
38,"entropart","QHIL_0",82
38,"entropart","QHIL_1",33.6523308031409
38,"entropart","QHIL_2",15.7515963736697
38,"entropart","QHIL_3",10.8550001331601
38,"EntropyEstimation","QHIL_1",37.1412685595342
38,"EntropyEstimation","QHIL_2",16.2904069292371
38,"EntropyEstimation","QHIL_3",11.0939287505949
38,"hilldiv","QHIL_0",82
38,"hilldiv","QHIL_1",33.6526487633901
38,"hilldiv","QHIL_2",15.7515963736697
38,"hilldiv","QHIL_3",10.8550001331601
38,"hillR","QHIL_0",82
38,"hillR","QHIL_1",33.6523308031409
38,"hillR","QHIL_2",15.7515963736697
38,"hillR","QHIL_3",10.8550001331601
38,"sprex","QHIL_0",82
38,"sprex","QHIL_1",33.6523308031409
38,"sprex","QHIL_2",15.7515963736697
38,"sprex","QHIL_3",10.8550001331601
38,"vegan","QHIL_0",82
38,"vegan","QHIL_1",33.6523308031409
38,"vegan","QHIL_2",15.7515963736697
38,"vegan","QHIL_3",10.8550001331601
38,"adiv","QREN_0",4.40671924726425
38,"adiv","QREN_1",3.51608231975855
38,"adiv","QREN_2",2.75694171719376
38,"adiv","QREN_3",2.38462581559742
38,"BiodiversityR","QREN_0",4.40671924726425
38,"BiodiversityR","QREN_1",3.51608231975855
38,"BiodiversityR","QREN_2",2.75694171719376
38,"BiodiversityR","QREN_3",2.38462581559742
38,"diverse","QREN_0",4.45434729625351
38,"diverse","QREN_1",3.73625368207106
38,"diverse","QREN_2",3.14570011976756
38,"diverse","QREN_3",2.79656188713898
38,"EntropyEstimation","QREN_1",3.61472871149457
38,"EntropyEstimation","QREN_2",2.79057640261117
38,"EntropyEstimation","QREN_3",2.40639799927556
38,"seewave","QREN_2",0.509027081561071
38,"seewave","QREN_3",0.44028464882472
38,"sprex","QREN_0",4.40671924726425
38,"sprex","QREN_1",3.51608231975855
38,"sprex","QREN_2",2.75694171719376
38,"sprex","QREN_3",2.38462581559742
38,"statcomp","QREN_1",0.649190756937862
38,"statcomp","QREN_2",0.509027069747755
38,"statcomp","QREN_3",0.440284639964734
38,"vegan","QREN_0",4.40671924726425
38,"vegan","QREN_1",3.51608231975855
38,"vegan","QREN_2",2.75694171719376
38,"vegan","QREN_3",2.38462581559742
38,"adiv","QTSA_0",81
38,"adiv","QTSA_1",3.51608231975855
38,"adiv","QTSA_2",0.936514371224519
38,"adiv","QTSA_3",0.495756635506372
38,"divent","QTSA_0",81
38,"divent","QTSA_1",3.51608231975855
38,"divent","QTSA_2",0.936514371224519
38,"divent","QTSA_3",0.495756635506372
38,"entropart","QTSA_0",81
38,"entropart","QTSA_1",3.51608231975855
38,"entropart","QTSA_2",0.936514371224519
38,"entropart","QTSA_3",0.495756635506372
38,"EntropyEstimation","QTSA_1",3.61472871149457
38,"EntropyEstimation","QTSA_2",0.938614179231751
38,"EntropyEstimation","QTSA_3",0.495937444943753
38,"vegan","QTSA_0",81
38,"vegan","QTSA_1",3.51608231975855
38,"vegan","QTSA_2",0.936514371224519
38,"vegan","QTSA_3",0.495756635506372
38,"BAT","RACE",121.347973684211
38,"ecodive","RACE",121.347973684211
38,"fossil","RACE",95.95
38,"pctax","RACE",121.348
38,"sprex","RACE",447
38,"tabula","RACE",121.347973684211
38,"vegan","RACE",121.347973684211
38,"wiqid","RACE",121.347973684211
38,"BiodiversityR","RBOO",82
38,"wiqid","RBOO",225
38,"BAT","RC1",107.833333333333
38,"BiodiversityR","RC1",82
38,"biosampleR","RC1",115.75
38,"iNEXT","RC1",110.201
38,"microbiome","RC1",107.833333333333
38,"pctax","RC1",107.8333
38,"rareNMtests","RC1",82
38,"SpadeR","RC1",82
38,"SSP","RC1",82
38,"vegan","RC1",107.833333333333
38,"wiqid","RC1",110.264705882353
38,"BAT","RC1M",123.244968272853
38,"divent","RC1M",110.201473878142
38,"ecodive","RC1M",110.264705882353
38,"entropart","RC1M",110.201473878142
38,"fossil","RC1M",110.264705882353
38,"mobr","RC1M",110.201473878142
38,"OTUtable","RC1M",110.264705882353
38,"tabula","RC1M",110.201473878142
38,"wiqid","RC1M",110.264705882353
38,"BAT","RCA2",236.36475859718
38,"divDyn","RCA2",107.518292682927
38,"fossil","RCA2",110.264705882353
38,"tabula","RCA2",82
38,"wiqid","RCA2",82
38,"benthos","RHUR_2",1.93861417923195
38,"benthos","RHUR_3",2.82396764780822
38,"divent","RHUR_2",16.2904073518226
38,"divent","RHUR_3",16.7022178803762
38,"entropart","RHUR_2",1.93861417923196
38,"entropart","RHUR_3",2.82396764780822
38,"mobsim","RHUR_2",1.93861417923195
38,"mobsim","RHUR_3",2.82396764780822
38,"tabula","RHUR_2",1.93861417921971
38,"tabula","RHUR_3",2.82396764782816
38,"vegan","RHUR_2",1.93861417923195
38,"vegan","RHUR_3",2.82396764780822
38,"BAT","RICE",236.023934099142
38,"fossil","RICE",95.95
38,"tabula","RICE",82
38,"wiqid","RICE",82
38,"BAT","RJA1",113
38,"BiodiversityR","RJA1",82
38,"divent","RJA1",127
38,"entropart","RJA1",127
38,"fossil","RJA1",112.930648769575
38,"SSP","RJA1",82
38,"tabula","RJA1",3.48606783554216
38,"wiqid","RJA1",113
38,"BAT","RJA2",127
38,"BiodiversityR","RJA2",82
38,"fossil","RJA2",126.697901305163
38,"SSP","RJA2",82
38,"wiqid","RJA2",127
38,"asbio","RLMD",140.549265929929
38,"sads","RLMD",0.960064504479708
38,"vegan","RLMD",106.478230694396
38,"wiqid","RMM",0
38,"divDyn","RSQ",143.795865502086
38,"ecodive","RSQ",143.795865502086
38,"tabula","RSQ",143.795865502086
39,"custom","RICH",84
39,"abdiv","D1SP",0.936020380918476
39,"ade4","D1SP",0.936020380918477
39,"adiv","D1SP",0.936020380918476
39,"agricolae","D1SP",0.936020380918476
39,"asbio","D1SP",0.936020380918476
39,"BiodiversityR","D1SP",0.93602038
39,"biosampleR","D1SP",0.957873279093262
39,"breakaway","D1SP",0.936020380918476
39,"catsim","D1SP",0.578291358024691
39,"concstats","D1SP",0.995821337585185
39,"CUB","D1SP",0.940199043333291
39,"DescTools","D1SP",0.936020380918477
39,"divent","D1SP",0.936020380918476
39,"diverse","D1SP",0.957873279093262
39,"ecodive","D1SP",0.936020380918476
39,"entropart","D1SP",0.936020380918476
39,"lawstat","D1SP",0.865439690026954
39,"MCPAN","D1SP",0.936020380918476
39,"microbiome","D1SP",0.936020380918476
39,"PCRA","D1SP",0.936020380918476
39,"RoughSets","D1SP",0.936020380918476
39,"simboot","D1SP",0.936020380918476
39,"sprex","D1SP",0.936020380918476
39,"untb","D1SP",0.938233195057763
39,"vegan","D1SP",0.936020380918476
39,"abdiv","DBRI",3.25818290788349
39,"ecodive","DBRI",3.25818290788349
39,"tabula","DBRI",3.25818290788349
39,"wiqid","DBRI",26.0022457133917
39,"BiodiversityR","DFIS",31.41425096
39,"ecodive","DFIS",31.414
39,"microbiome","DFIS",31.4142509572743
39,"preseqR","DFIS",13.8815444235695
39,"sads","DFIS",31.4142497482553
39,"vegan","DFIS",31.4142509572743
39,"custom","DGLE",13.8849092479198
39,"custom","DGOO_1_1",3.53049369519414
39,"custom","DGOO_1_2",0.353748432551877
39,"custom","DGOO_1_3",1
39,"custom","DGOO_2_1",0.141598903249909
39,"custom","DGOO_2_2",1.02400842900588
39,"custom","DGOO_2_3",1
39,"custom","DGOO_3_1",0.0161243444669049
39,"custom","DGOO_3_2",0.0664477901340249
39,"custom","DGOO_3_3",1
39,"abdiv","DINVSP",15.6299773952356
39,"adiv","DINVSP",15.6299773952356
39,"asbio","DINVSP",15.6299773952356
39,"BiodiversityR","DINVSP",15.6299774
39,"breakaway","DINVSP",15.6299773952356
39,"chemodiv","DINVSP",15.6299773952356
39,"codyn","DINVSP",4.32514619883041
39,"divseg","DINVSP",1.06397961908152
39,"ecodive","DINVSP",15.6299773952356
39,"microbiome","DINVSP",15.6299773952356
39,"sprex","DINVSP",15.6299773952356
39,"vegan","DINVSP",15.6299773952356
39,"wiqid","DINVSP",15.6299773952356
39,"custom","DKO",0.229357798165138
39,"abdiv","DMC",0.785190282766522
39,"adiv","DMC",0.785190282766522
39,"agricolae","DMC",0.785190282766522
39,"ecodive","DMC",0.785190282766522
39,"forestHES","DMC",0.785190282766522
39,"tabula","DMC",0.785190282766522
39,"abdiv","DMG",13.7196127092541
39,"adiv","DMG",13.7196127092541
39,"agricolae","DMG",37.0264246611195
39,"ecodive","DMG",13.7196127092541
39,"tabula","DMG",13.7196127092541
39,"abdiv","DMN",4.07940062190051
39,"adiv","DMN",4.07940062190051
39,"ecodive","DMN",4.07940062190051
39,"tabula","DMN",4.07940062190051
39,"custom","DOD",198.11320754717
39,"abdiv","DQ",0
39,"ade4","DRAO",0.936020380918478
39,"BAT","DRAO",0.936020380918419
39,"SYNCSA","DRAO",0.936020380918477
39,"abdiv","DSHA",3.53049369519414
39,"adiv","DSHA",3.53049369519414
39,"aqp","DSHA",5.09342574594633
39,"asbio","DSHA",3.53049369519414
39,"benthos","DSHA",0
39,"BiodiversityR","DSHA",3.5304937
39,"biosampleR","DSHA",3.70501552915814
39,"chemodiv","DSHA",3.53049369519414
39,"codyn","DSHA",3.53049369519414
39,"DescTools","DSHA",5.09342574594633
39,"divDyn","DSHA",3.53049369519414
39,"divent","DSHA",3.53049369519414
39,"diverse","DSHA",3.70501552915814
39,"ecodive","DSHA",3.53049369519413
39,"EconGeo","DSHA",5.093
39,"entropart","DSHA",3.53049369519414
39,"forestmangr","DSHA",3.56
39,"HardyWeinberg","DSHA",3.53049369519414
39,"iNEXT","DSHA",3.53
39,"MCPAN","DSHA",3.53049369519414
39,"microbiome","DSHA",3.53049369519414
39,"OTUtable","DSHA",3.53049369519414
39,"pgirmess","DSHA",5.09342574594633
39,"SpiecEasi","DSHA",3.53049369519414
39,"sprex","DSHA",3.53049369519414
39,"tabula","DSHA",3.53049369519414
39,"triversity","DSHA",5.09342574594633
39,"vegan","DSHA",3.53049369519414
39,"wavethresh","DSHA",-88255.8995428448
39,"wiqid","DSHA",34.1408186128568
39,"abdiv","DSP",0.0639796190815237
39,"agricolae","DSP",0.0639796190815237
39,"antitrust","DSP",639.796190815237
39,"benthos","DSP",0.0617668049422365
39,"breakaway","DSP",0.0639796190815237
39,"concstats","DSP",0.0639796190815237
39,"DescTools","DSP",0.0639796190815237
39,"diverse","DSP",0.0397789922815092
39,"divseg","DSP",1.06397961908152
39,"EconGeo","DSP",0.0639796190815237
39,"hhi","DSP",0.231206057328286
39,"ineq","DSP",0.0639796190815237
39,"microbiome","DSP",0.0639796190815237
39,"PDtoolkit","DSP",0.0639796190815237
39,"politics","DSP",0.0639796190815237
39,"REAT","DSP",0.0639796190815237
39,"sprex","DSP",0.0639796190815237
39,"tabula","DSP",0.0639796190815237
39,"triversity","DSP",0.0639796190815237
39,"abdiv","EBP",0.186320754716981
39,"agricolae","EBP",0.186320754716981
39,"BiodiversityR","EBP",0.18632075
39,"diverse","EBP",0.134474327628362
39,"dyvDyn","EBP",0.186320754716981
39,"ecodive","EBP",0.186320754716981
39,"microbiome","EBP",0.186320754716981
39,"tabula","EBP",0.186320754716981
39,"triversity","EBP",0.186320754716981
39,"wiqid","EBP",1
39,"tabula","EBRI",0.79590822078536
39,"BAT","EBU",0.505114798817913
39,"microbiome","EBU",0.505114798817913
39,"BAT","ECAM",0.984836921811234
39,"microbiome","ECAM",0.65990004492363
39,"codyn","EEQ",0.186490128498472
39,"custom","EEQ",0.000871606856730384
39,"adiv","EEVAR",0.512995834744485
39,"codyn","EEVAR",0.50566942370255
39,"custom","EEVAR",0.512995834744485
39,"microbiome","EEVAR",0.512995834744485
39,"acid","EGIN",0.861593291404612
39,"DescTools","EGIN",0.861593291404612
39,"dplR","EGIN",0.861593291404612
39,"EconGeo","EGIN",0.862
39,"giniVarCI","EGIN",0.861593291404612
39,"ineq","EGIN",0.861593291404612
39,"microbiome","EGIN",0.861593291404612
39,"REAT","EGIN",0.861593291404612
39,"shipunov","EGIN",0.861593291404612
39,"wINEQ","EGIN",0.861593291404612
39,"abdiv","EHEI",0.399286971239239
39,"adiv","EHEI",0.399286971239239
39,"custom","EHUL",0.287735849056604
39,"benthos","EHURE",0.938233195057763
39,"BiodiversityR","EHURE",0.9382332
39,"mobr","EHURE",0.938233195057763
39,"vegan","EHURE",0.938233195058074
39,"custom","ELR",0.151321750270281
39,"abdiv","EMC",0.314396252537087
39,"tabula","EMC",0.838551546372745
39,"microbiome","EMN",0.287735849056604
39,"custom","ENHC",-0.0366238494178237
39,"custom","EPAT",0.380944246047665
39,"abdiv","EPIE",0.796804258780411
39,"adiv","EPIE",0.796804258780411
39,"BiodiversityR","EPIE",0.79680426
39,"breakaway","EPIE",0.796804258780411
39,"chemodiv","EPIE",0.796804258780411
39,"diverse","EPIE",0.843112617475333
39,"forestmangr","EPIE",1
39,"microbiome","EPIE",0.796804258780411
39,"OTUtable","EPIE",0.796804258780411
39,"pctax","EPIE",0.7968
39,"sprex","EPIE",0.796804258780411
39,"tabula","EPIE",0.796804258780411
39,"custom","ESHE",0.406438316819724
39,"adiv","ESP",0.186071159467091
39,"codyn","ESP",0.308939014202172
39,"sprex","ESP",0.0420296868475493
39,"tabula","ESP",0.186071159467091
39,"abdiv","EST",0.488993710691824
39,"adiv","QHIL_0",84
39,"adiv","QHIL_1",34.1408186128568
39,"adiv","QHIL_2",15.6299773952356
39,"adiv","QHIL_3",10.7984197912886
39,"BAT","QHIL_0",84
39,"BAT","QHIL_1",34.1408186128568
39,"BAT","QHIL_2",15.6299773952356
39,"BAT","QHIL_3",10.7984197912886
39,"benthos","QHIL_0",225
39,"benthos","QHIL_1",34.1408186128568
39,"benthos","QHIL_2",15.6299773952356
39,"benthos","QHIL_3",10.7984197912886
39,"breakaway","QHIL_0",84
39,"breakaway","QHIL_1",34.1408186128568
39,"breakaway","QHIL_2",15.6299773952356
39,"breakaway","QHIL_3",10.7984197912886
39,"chemodiv","QHIL_0",84
39,"chemodiv","QHIL_1",34.1408186128568
39,"chemodiv","QHIL_2",15.6299773952356
39,"chemodiv","QHIL_3",10.7984197912886
39,"divDyn","QHIL_2",15.6299773952356
39,"divent","QHIL_0",84
39,"divent","QHIL_1",34.1408186128568
39,"divent","QHIL_2",15.6299773952356
39,"divent","QHIL_3",10.7984197912885
39,"entropart","QHIL_0",84
39,"entropart","QHIL_1",34.1408186128568
39,"entropart","QHIL_2",15.6299773952356
39,"entropart","QHIL_3",10.7984197912886
39,"EntropyEstimation","QHIL_1",37.9825177298108
39,"EntropyEstimation","QHIL_2",16.1899259794187
39,"EntropyEstimation","QHIL_3",11.0484024032806
39,"hilldiv","QHIL_0",84
39,"hilldiv","QHIL_1",34.1411561646689
39,"hilldiv","QHIL_2",15.6299773952356
39,"hilldiv","QHIL_3",10.7984197912886
39,"hillR","QHIL_0",84
39,"hillR","QHIL_1",34.1408186128568
39,"hillR","QHIL_2",15.6299773952356
39,"hillR","QHIL_3",10.7984197912886
39,"sprex","QHIL_0",84
39,"sprex","QHIL_1",34.1408186128568
39,"sprex","QHIL_2",15.6299773952356
39,"sprex","QHIL_3",10.7984197912886
39,"vegan","QHIL_0",84
39,"vegan","QHIL_1",34.1408186128568
39,"vegan","QHIL_2",15.6299773952356
39,"vegan","QHIL_3",10.7984197912886
39,"adiv","QREN_0",4.43081679884331
39,"adiv","QREN_1",3.53049369519414
39,"adiv","QREN_2",2.74919069819022
39,"adiv","QREN_3",2.37939980780358
39,"BiodiversityR","QREN_0",4.43081679884331
39,"BiodiversityR","QREN_1",3.53049369519414
39,"BiodiversityR","QREN_2",2.74919069819022
39,"BiodiversityR","QREN_3",2.37939980780358
39,"diverse","QREN_0",4.39444915467244
39,"diverse","QREN_1",3.70501552915814
39,"diverse","QREN_2",3.16707303875858
39,"diverse","QREN_3",2.83483216096763
39,"EntropyEstimation","QREN_1",3.63712599412461
39,"EntropyEstimation","QREN_2",2.78438919568519
39,"EntropyEstimation","QREN_3",2.40228583862259
39,"seewave","QREN_2",0.507595975063663
39,"seewave","QREN_3",0.439319746863852
39,"sprex","QREN_0",4.43081679884331
39,"sprex","QREN_1",3.53049369519414
39,"sprex","QREN_2",2.74919069819022
39,"sprex","QREN_3",2.37939980780358
39,"statcomp","QREN_1",0.651851596723942
39,"statcomp","QREN_2",0.507595962783715
39,"statcomp","QREN_3",0.43931973765389
39,"vegan","QREN_0",4.43081679884331
39,"vegan","QREN_1",3.53049369519414
39,"vegan","QREN_2",2.74919069819022
39,"vegan","QREN_3",2.37939980780358
39,"adiv","QTSA_0",83
39,"adiv","QTSA_1",3.53049369519414
39,"adiv","QTSA_2",0.936020380918476
39,"adiv","QTSA_3",0.495712051202503
39,"divent","QTSA_0",83
39,"divent","QTSA_1",3.53049369519414
39,"divent","QTSA_2",0.936020380918476
39,"divent","QTSA_3",0.495712051202503
39,"entropart","QTSA_0",83
39,"entropart","QTSA_1",3.53049369519414
39,"entropart","QTSA_2",0.936020380918476
39,"entropart","QTSA_3",0.495712051202503
39,"EntropyEstimation","QTSA_1",3.63712599412461
39,"EntropyEstimation","QTSA_2",0.938233195057764
39,"EntropyEstimation","QTSA_3",0.495903895413695
39,"vegan","QTSA_0",83
39,"vegan","QTSA_1",3.53049369519414
39,"vegan","QTSA_2",0.936020380918476
39,"vegan","QTSA_3",0.495712051202503
39,"BAT","RACE",116.493294401954
39,"ecodive","RACE",116.493294401954
39,"fossil","RACE",97.5083798882682
39,"pctax","RACE",116.4933
39,"sprex","RACE",424
39,"tabula","RACE",116.493294401954
39,"vegan","RACE",116.493294401954
39,"wiqid","RACE",116.493294401954
39,"BiodiversityR","RBOO",84
39,"wiqid","RBOO",225
39,"BAT","RC1",108.473684210526
39,"BiodiversityR","RC1",84
39,"biosampleR","RC1",127.75
39,"iNEXT","RC1",110.631
39,"microbiome","RC1",108.473684210526
39,"pctax","RC1",108.4737
39,"rareNMtests","RC1",84
39,"SpadeR","RC1",84
39,"SSP","RC1",84
39,"vegan","RC1",108.473684210526
39,"wiqid","RC1",110.694444444444
39,"BAT","RC1M",123.247381847476
39,"divent","RC1M",110.631485849057
39,"ecodive","RC1M",110.694444444444
39,"entropart","RC1M",110.631485849057
39,"fossil","RC1M",110.694444444444
39,"mobr","RC1M",110.631485849057
39,"OTUtable","RC1M",110.694444444444
39,"tabula","RC1M",110.631485849057
39,"wiqid","RC1M",110.694444444444
39,"BAT","RCA2",236.295211559079
39,"divDyn","RCA2",108.182330827068
39,"fossil","RCA2",110.694444444444
39,"tabula","RCA2",84
39,"wiqid","RCA2",84
39,"benthos","RHUR_2",1.93823319505807
39,"benthos","RHUR_3",2.82289179434589
39,"divent","RHUR_2",16.1899266462268
39,"divent","RHUR_3",16.5986582040563
39,"entropart","RHUR_2",1.93823319505807
39,"entropart","RHUR_3",2.82289179434591
39,"mobsim","RHUR_2",1.93823319505807
39,"mobsim","RHUR_3",2.82289179434589
39,"tabula","RHUR_2",1.93823319504619
39,"tabula","RHUR_3",2.82289179434307
39,"vegan","RHUR_2",1.93823319505807
39,"vegan","RHUR_3",2.82289179434589
39,"BAT","RICE",236.391989754907
39,"fossil","RICE",97.5083798882682
39,"tabula","RICE",84
39,"wiqid","RICE",84
39,"BAT","RJA1",115
39,"BiodiversityR","RJA1",84
39,"divent","RJA1",115
39,"entropart","RJA1",115
39,"fossil","RJA1",114.926886792453
39,"SSP","RJA1",84
39,"tabula","RJA1",3.50078359580928
39,"wiqid","RJA1",115
39,"BAT","RJA2",128
39,"BiodiversityR","RJA2",84
39,"fossil","RJA2",127.688578883982
39,"SSP","RJA2",84
39,"wiqid","RJA2",128
39,"asbio","RLMD",152.087177928173
39,"sads","RLMD",0.913515610716855
39,"vegan","RLMD",109.139677368539
39,"wiqid","RMM",0
39,"divDyn","RSQ",146.388086153568
39,"ecodive","RSQ",146.388086153568
39,"tabula","RSQ",146.388086153568
40,"custom","RICH",80
40,"abdiv","D1SP",0.913713141045747
40,"ade4","D1SP",0.913713141045747
40,"adiv","D1SP",0.913713141045747
40,"agricolae","D1SP",0.913713141045747
40,"asbio","D1SP",0.913713141045747
40,"BiodiversityR","D1SP",0.91371314
40,"biosampleR","D1SP",0.952885317750183
40,"breakaway","D1SP",0.913713141045747
40,"catsim","D1SP",0.557906172839506
40,"concstats","D1SP",0.995920923477474
40,"CUB","D1SP",0.917792217568272
40,"DescTools","D1SP",0.913713141045747
40,"divent","D1SP",0.913713141045747
40,"diverse","D1SP",0.952885317750183
40,"ecodive","D1SP",0.913713141045747
40,"entropart","D1SP",0.913713141045747
40,"lawstat","D1SP",0.892364154250657
40,"MCPAN","D1SP",0.913713141045747
40,"microbiome","D1SP",0.913713141045747
40,"PCRA","D1SP",0.913713141045747
40,"RoughSets","D1SP",0.913713141045747
40,"simboot","D1SP",0.913713141045747
40,"sprex","D1SP",0.913713141045747
40,"untb","D1SP",0.915585504039693
40,"vegan","D1SP",0.913713141045747
40,"abdiv","DBRI",3.00924089432059
40,"ecodive","DBRI",3.00924089432059
40,"tabula","DBRI",3.00924089432059
40,"wiqid","DBRI",20.2720054884787
40,"BiodiversityR","DFIS",27.17137992
40,"ecodive","DFIS",27.171
40,"microbiome","DFIS",27.171379924148
40,"preseqR","DFIS",20.1906608613005
40,"sads","DFIS",27.1713780673321
40,"vegan","DFIS",27.171379924148
40,"custom","DGLE",12.9191403339155
40,"custom","DGOO_1_1",3.23484857311241
40,"custom","DGOO_1_2",0.38319879884388
40,"custom","DGOO_1_3",1
40,"custom","DGOO_2_1",0.173471826485027
40,"custom","DGOO_2_2",0.978099838702963
40,"custom","DGOO_2_3",1
40,"custom","DGOO_3_1",0.0236795713367267
40,"custom","DGOO_3_2",0.0860336883654864
40,"custom","DGOO_3_3",1
40,"abdiv","DINVSP",11.5892502302137
40,"adiv","DINVSP",11.5892502302137
40,"asbio","DINVSP",11.5892502302137
40,"BiodiversityR","DINVSP",11.58925023
40,"breakaway","DINVSP",11.5892502302137
40,"chemodiv","DINVSP",11.5892502302137
40,"codyn","DINVSP",2.93098782138024
40,"divseg","DINVSP",1.08628685895425
40,"ecodive","DINVSP",11.5892502302137
40,"microbiome","DINVSP",11.5892502302137
40,"sprex","DINVSP",11.5892502302137
40,"vegan","DINVSP",11.5892502302137
40,"wiqid","DINVSP",11.5892502302137
40,"custom","DKO",0.26605504587156
40,"abdiv","DMC",0.739704337145473
40,"adiv","DMC",0.739704337145473
40,"agricolae","DMC",0.739704337145473
40,"ecodive","DMC",0.739704337145473
40,"forestHES","DMC",0.739704337145473
40,"tabula","DMC",0.739704337145473
40,"abdiv","DMG",12.7576510797415
40,"adiv","DMG",12.7576510797415
40,"agricolae","DMG",36.1735929349633
40,"ecodive","DMG",12.7576510797415
40,"tabula","DMG",12.7576510797415
40,"abdiv","DMN",3.61772505316908
40,"adiv","DMN",3.61772505316908
40,"ecodive","DMN",3.61772505316908
40,"tabula","DMN",3.61772505316908
40,"custom","DOD",163.59918200409
40,"abdiv","DQ",0
40,"ade4","DRAO",0.913713141045747
40,"BAT","DRAO",0.913713141045757
40,"SYNCSA","DRAO",0.913713141045746
40,"abdiv","DSHA",3.23484857311241
40,"adiv","DSHA",3.23484857311241
40,"aqp","DSHA",4.66689999445602
40,"asbio","DSHA",3.23484857311241
40,"benthos","DSHA",0
40,"BiodiversityR","DSHA",3.23484857
40,"biosampleR","DSHA",3.60951768660385
40,"chemodiv","DSHA",3.23484857311241
40,"codyn","DSHA",3.23484857311241
40,"DescTools","DSHA",4.66689999445602
40,"divDyn","DSHA",3.23484857311241
40,"divent","DSHA",3.23484857311241
40,"diverse","DSHA",3.60951768660385
40,"ecodive","DSHA",3.23484857311241
40,"EconGeo","DSHA",4.667
40,"entropart","DSHA",3.23484857311241
40,"forestmangr","DSHA",3.56
40,"HardyWeinberg","DSHA",3.23484857311241
40,"iNEXT","DSHA",3.235
40,"MCPAN","DSHA",3.23484857311241
40,"microbiome","DSHA",3.23484857311241
40,"OTUtable","DSHA",3.23484857311241
40,"pgirmess","DSHA",4.66689999445602
40,"SpiecEasi","DSHA",3.23484857311241
40,"sprex","DSHA",3.23484857311241
40,"tabula","DSHA",3.23484857311241
40,"triversity","DSHA",4.66689999445602
40,"vegan","DSHA",3.23484857311241
40,"wavethresh","DSHA",-172572.517248818
40,"wiqid","DSHA",25.4025248623156
40,"abdiv","DSP",0.0862868589542533
40,"agricolae","DSP",0.0862868589542533
40,"antitrust","DSP",862.868589542533
40,"benthos","DSP",0.0844144959603071
40,"breakaway","DSP",0.0862868589542533
40,"concstats","DSP",0.0862868589542533
40,"DescTools","DSP",0.0862868589542533
40,"diverse","DSP",0.0449636995912391
40,"divseg","DSP",1.08628685895425
40,"EconGeo","DSP",0.0862868589542533
40,"hhi","DSP",0.34118190212373
40,"ineq","DSP",0.0862868589542533
40,"microbiome","DSP",0.0862868589542533
40,"PDtoolkit","DSP",0.0862868589542533
40,"politics","DSP",0.0862868589542533
40,"REAT","DSP",0.0862868589542533
40,"sprex","DSP",0.0862868589542533
40,"tabula","DSP",0.0862868589542533
40,"triversity","DSP",0.0862868589542533
40,"abdiv","EBP",0.198364008179959
40,"agricolae","EBP",0.198364008179959
40,"BiodiversityR","EBP",0.19836401
40,"diverse","EBP",0.128378378378378
40,"dyvDyn","EBP",0.198364008179959
40,"ecodive","EBP",0.198364008179959
40,"microbiome","EBP",0.198364008179959
40,"tabula","EBP",0.198364008179959
40,"triversity","EBP",0.198364008179959
40,"wiqid","EBP",1
40,"tabula","EBRI",0.736043784176266
40,"BAT","EBU",0.445730113121586
40,"microbiome","EBU",0.445730113121586
40,"BAT","ECAM",0.982629882736663
40,"microbiome","ECAM",0.688803680981595
40,"codyn","EEQ",0.179248034339675
40,"custom","EEQ",0.000991144215531278
40,"adiv","EEVAR",0.475518990217386
40,"codyn","EEVAR",0.472689023418832
40,"custom","EEVAR",0.475518990217386
40,"microbiome","EEVAR",0.475518990217386
40,"acid","EGIN",0.888398091342877
40,"DescTools","EGIN",0.888398091342877
40,"dplR","EGIN",0.888398091342877
40,"EconGeo","EGIN",0.888
40,"giniVarCI","EGIN",0.888398091342877
40,"ineq","EGIN",0.888398091342877
40,"microbiome","EGIN",0.888398091342877
40,"REAT","EGIN",0.888398091342877
40,"shipunov","EGIN",0.888398091342877
40,"wINEQ","EGIN",0.888398091342877
40,"abdiv","EHEI",0.308892719776147
40,"adiv","EHEI",0.308892719776147
40,"custom","EHUL",0.331288343558282
40,"benthos","EHURE",0.915585504039693
40,"BiodiversityR","EHURE",0.9155855
40,"mobr","EHURE",0.915585504039693
40,"vegan","EHURE",0.915585504039748
40,"custom","ELR",0.118291982920156
40,"abdiv","EMC",0.350263841270204
40,"tabula","EMC",0.795154754978293
40,"microbiome","EMN",0.331288343558282
40,"custom","ENHC",-0.0396665532564622
40,"custom","EPAT",0.586901657146913
40,"abdiv","EPIE",0.738208332079925
40,"adiv","EPIE",0.738208332079925
40,"BiodiversityR","EPIE",0.73820833
40,"breakaway","EPIE",0.738208332079925
40,"chemodiv","EPIE",0.738208332079925
40,"diverse","EPIE",0.821381146887544
40,"forestmangr","EPIE",1
40,"microbiome","EPIE",0.738208332079925
40,"OTUtable","EPIE",0.738208332079925
40,"pctax","EPIE",0.7382
40,"sprex","EPIE",0.738208332079925
40,"tabula","EPIE",0.738208332079925
40,"custom","ESHE",0.317531560778945
40,"adiv","ESP",0.144865627877672
40,"codyn","ESP",0.162832656743347
40,"sprex","ESP",0.0404356071639052
40,"tabula","ESP",0.144865627877672
40,"abdiv","EST",0.547341513292434
40,"adiv","QHIL_0",80
40,"adiv","QHIL_1",25.4025248623156
40,"adiv","QHIL_2",11.5892502302137
40,"adiv","QHIL_3",8.76499807423986
40,"BAT","QHIL_0",80
40,"BAT","QHIL_1",25.4025248623156
40,"BAT","QHIL_2",11.5892502302137
40,"BAT","QHIL_3",8.76499807423986
40,"benthos","QHIL_0",225
40,"benthos","QHIL_1",25.4025248623156
40,"benthos","QHIL_2",11.5892502302137
40,"benthos","QHIL_3",8.76499807423986
40,"breakaway","QHIL_0",80
40,"breakaway","QHIL_1",25.4025248623156
40,"breakaway","QHIL_2",11.5892502302137
40,"breakaway","QHIL_3",8.76499807423986
40,"chemodiv","QHIL_0",80
40,"chemodiv","QHIL_1",25.4025248623156
40,"chemodiv","QHIL_2",11.5892502302137
40,"chemodiv","QHIL_3",8.76499807423986
40,"divDyn","QHIL_2",11.5892502302137
40,"divent","QHIL_0",80
40,"divent","QHIL_1",25.4025248623156
40,"divent","QHIL_2",11.5892502302137
40,"divent","QHIL_3",8.76499807423987
40,"entropart","QHIL_0",80
40,"entropart","QHIL_1",25.4025248623156
40,"entropart","QHIL_2",11.5892502302137
40,"entropart","QHIL_3",8.76499807423986
40,"EntropyEstimation","QHIL_1",27.7398662912168
40,"EntropyEstimation","QHIL_2",11.8463065925336
40,"EntropyEstimation","QHIL_3",8.91841467892964
40,"hilldiv","QHIL_0",80
40,"hilldiv","QHIL_1",25.4028239302963
40,"hilldiv","QHIL_2",11.5892502302137
40,"hilldiv","QHIL_3",8.76499807423986
40,"hillR","QHIL_0",80
40,"hillR","QHIL_1",25.4025248623156
40,"hillR","QHIL_2",11.5892502302137
40,"hillR","QHIL_3",8.76499807423986
40,"sprex","QHIL_0",80
40,"sprex","QHIL_1",25.4025248623156
40,"sprex","QHIL_2",11.5892502302137
40,"sprex","QHIL_3",8.76499807423986
40,"vegan","QHIL_0",80
40,"vegan","QHIL_1",25.4025248623156
40,"vegan","QHIL_2",11.5892502302137
40,"vegan","QHIL_3",8.76499807423986
40,"adiv","QREN_0",4.38202663467388
40,"adiv","QREN_1",3.23484857311241
40,"adiv","QREN_2",2.45007796416451
40,"adiv","QREN_3",2.17076629866295
40,"BiodiversityR","QREN_0",4.38202663467388
40,"BiodiversityR","QREN_1",3.23484857311241
40,"BiodiversityR","QREN_2",2.45007796416451
40,"BiodiversityR","QREN_3",2.17076629866295
40,"diverse","QREN_0",4.39444915467244
40,"diverse","QREN_1",3.60951768660385
40,"diverse","QREN_2",3.05517060148672
40,"diverse","QREN_3",2.76501817174917
40,"EntropyEstimation","QREN_1",3.32287059480358
40,"EntropyEstimation","QREN_2",2.47201613904388
40,"EntropyEstimation","QREN_3",2.18811820421928
40,"seewave","QREN_2",0.452369387848129
40,"seewave","QREN_3",0.400798763305412
40,"sprex","QREN_0",4.38202663467388
40,"sprex","QREN_1",3.23484857311241
40,"sprex","QREN_2",2.45007796416451
40,"sprex","QREN_3",2.17076629866295
40,"statcomp","QREN_1",0.59726525228295
40,"statcomp","QREN_2",0.452369376898423
40,"statcomp","QREN_3",0.400798755093133
40,"vegan","QREN_0",4.38202663467388
40,"vegan","QREN_1",3.23484857311241
40,"vegan","QREN_2",2.45007796416451
40,"vegan","QREN_3",2.17076629866295
40,"adiv","QTSA_0",79
40,"adiv","QTSA_1",3.23484857311241
40,"adiv","QTSA_2",0.913713141045747
40,"adiv","QTSA_3",0.493491718121095
40,"divent","QTSA_0",79
40,"divent","QTSA_1",3.23484857311241
40,"divent","QTSA_2",0.913713141045747
40,"divent","QTSA_3",0.493491718121095
40,"entropart","QTSA_0",79
40,"entropart","QTSA_1",3.23484857311241
40,"entropart","QTSA_2",0.913713141045747
40,"entropart","QTSA_3",0.493491718121095
40,"EntropyEstimation","QTSA_1",3.32287059480358
40,"EntropyEstimation","QTSA_2",0.915585504039692
40,"EntropyEstimation","QTSA_3",0.493713706112521
40,"vegan","QTSA_0",79
40,"vegan","QTSA_1",3.23484857311241
40,"vegan","QTSA_2",0.913713141045747
40,"vegan","QTSA_3",0.493491718121095
40,"BAT","RACE",106.546378968254
40,"ecodive","RACE",106.546378968254
40,"fossil","RACE",93.875
40,"pctax","RACE",106.5464
40,"sprex","RACE",489
40,"tabula","RACE",106.546378968254
40,"vegan","RACE",106.546378968254
40,"wiqid","RACE",106.546378968254
40,"BiodiversityR","RBOO",80
40,"wiqid","RBOO",225
40,"BAT","RC1",107.1875
40,"BiodiversityR","RC1",80
40,"biosampleR","RC1",118.4
40,"iNEXT","RC1",109.939
40,"microbiome","RC1",107.1875
40,"pctax","RC1",107.1875
40,"rareNMtests","RC1",80
40,"SpadeR","RC1",80
40,"SSP","RC1",80
40,"vegan","RC1",107.1875
40,"wiqid","RC1",110
40,"BAT","RC1M",122.2607421875
40,"divent","RC1M",109.938650306748
40,"ecodive","RC1M",110
40,"entropart","RC1M",109.938650306748
40,"fossil","RC1M",110
40,"mobr","RC1M",109.938650306748
40,"OTUtable","RC1M",110
40,"tabula","RC1M",109.938650306748
40,"wiqid","RC1M",110
40,"BAT","RCA2",235.93373248692
40,"divDyn","RCA2",106.84765625
40,"fossil","RCA2",110
40,"tabula","RCA2",80
40,"wiqid","RCA2",80
40,"benthos","RHUR_2",1.91558550403975
40,"benthos","RHUR_3",2.75932909989384
40,"divent","RHUR_2",11.8463066136999
40,"divent","RHUR_3",12.1223964888146
40,"entropart","RHUR_2",1.91558550403974
40,"entropart","RHUR_3",2.75932909989385
40,"mobsim","RHUR_2",1.91558550403975
40,"mobsim","RHUR_3",2.75932909989384
40,"tabula","RHUR_2",1.91558550405869
40,"tabula","RHUR_3",2.75932909992195
40,"vegan","RHUR_2",1.91558550403975
40,"vegan","RHUR_3",2.75932909989384
40,"BAT","RICE",236.942633270918
40,"fossil","RICE",93.875
40,"tabula","RICE",80
40,"wiqid","RICE",80
40,"BAT","RJA1",110
40,"BiodiversityR","RJA1",80
40,"divent","RJA1",125
40,"entropart","RJA1",125
40,"fossil","RJA1",109.938650306748
40,"SSP","RJA1",80
40,"tabula","RJA1",3.19510576489082
40,"wiqid","RJA1",110
40,"BAT","RJA2",125
40,"BiodiversityR","RJA2",80
40,"fossil","RJA2",124.723863522076
40,"SSP","RJA2",80
40,"wiqid","RJA2",125
40,"asbio","RLMD",147.016011763231
40,"sads","RLMD",0.928793765504211
40,"vegan","RLMD",109.704196887457
40,"wiqid","RMM",0
40,"divDyn","RSQ",158.445511805036
40,"ecodive","RSQ",158.445511805036
40,"tabula","RSQ",158.445511805036
41,"custom","RICH",102
41,"abdiv","D1SP",0.97314422910324
41,"ade4","D1SP",0.97314422910324
41,"adiv","D1SP",0.97314422910324
41,"agricolae","D1SP",0.97314422910324
41,"asbio","D1SP",0.97314422910324
41,"BiodiversityR","D1SP",0.97314423
41,"biosampleR","D1SP",0.964672796106003
41,"breakaway","D1SP",0.97314422910324
41,"catsim","D1SP",0.649797530864197
41,"concstats","D1SP",0.995655606120075
41,"CUB","D1SP",0.977488622983165
41,"DescTools","D1SP",0.97314422910324
41,"divent","D1SP",0.97314422910324
41,"diverse","D1SP",0.964672796106003
41,"ecodive","D1SP",0.97314422910324
41,"entropart","D1SP",0.97314422910324
41,"lawstat","D1SP",0.80123933901919
41,"MCPAN","D1SP",0.97314422910324
41,"microbiome","D1SP",0.97314422910324
41,"PCRA","D1SP",0.97314422910324
41,"RoughSets","D1SP",0.97314422910324
41,"simboot","D1SP",0.97314422910324
41,"sprex","D1SP",0.97314422910324
41,"untb","D1SP",0.975571022692026
41,"vegan","D1SP",0.97314422910324
41,"abdiv","DBRI",3.71079871792745
41,"ecodive","DBRI",3.71079871792745
41,"tabula","DBRI",3.71079871792745
41,"wiqid","DBRI",40.8864502294877
41,"BiodiversityR","DFIS",44.06386035
41,"ecodive","DFIS",44.064
41,"microbiome","DFIS",44.0638603492501
41,"preseqR","DFIS",8.69200999430771
41,"sads","DFIS",44.0638596364291
41,"vegan","DFIS",44.0638603492501
41,"custom","DGLE",17.0100583632764
41,"custom","DGOO_1_1",4.05249535663453
41,"custom","DGOO_1_2",0.303064861094775
41,"custom","DGOO_1_3",1
41,"custom","DGOO_2_1",0.0883076532677205
41,"custom","DGOO_2_2",1.09186486498013
41,"custom","DGOO_2_3",1
41,"custom","DGOO_3_1",0.00356474637396508
41,"custom","DGOO_3_2",0.0338928304654866
41,"custom","DGOO_3_3",1
41,"abdiv","DINVSP",37.2359447004608
41,"adiv","DINVSP",37.2359447004608
41,"asbio","DINVSP",37.2359447004608
41,"BiodiversityR","DINVSP",37.2359447
41,"breakaway","DINVSP",37.2359447004608
41,"chemodiv","DINVSP",37.2359447004608
41,"codyn","DINVSP",7.9295154185022
41,"divseg","DINVSP",1.02685577089676
41,"ecodive","DINVSP",37.2359447004608
41,"microbiome","DINVSP",37.2359447004608
41,"sprex","DINVSP",37.2359447004608
41,"vegan","DINVSP",37.2359447004608
41,"wiqid","DINVSP",37.2359447004608
41,"custom","DKO",0.0642201834862385
41,"abdiv","DMC",0.880013794392484
41,"adiv","DMC",0.880013794392484
41,"agricolae","DMC",0.880013794392484
41,"ecodive","DMC",0.880013794392484
41,"forestHES","DMC",0.880013794392484
41,"tabula","DMC",0.880013794392484
41,"abdiv","DMG",16.843293085205
41,"adiv","DMG",16.843293085205
41,"agricolae","DMG",37.3554222879795
41,"ecodive","DMG",16.843293085205
41,"tabula","DMG",16.843293085205
41,"abdiv","DMN",5.08729761414893
41,"adiv","DMN",5.08729761414893
41,"ecodive","DMN",5.08729761414893
41,"tabula","DMN",5.08729761414893
41,"custom","DOD",253.731343283582
41,"abdiv","DQ",0
41,"ade4","DRAO",0.97314422910324
41,"BAT","DRAO",0.973144229103171
41,"SYNCSA","DRAO",0.973144229103241
41,"abdiv","DSHA",4.05249535663453
41,"adiv","DSHA",4.05249535663453
41,"aqp","DSHA",5.84651495424219
41,"asbio","DSHA",4.05249535663453
41,"benthos","DSHA",0
41,"BiodiversityR","DSHA",4.05249536
41,"biosampleR","DSHA",3.81048858416173
41,"chemodiv","DSHA",4.05249535663453
41,"codyn","DSHA",4.05249535663453
41,"DescTools","DSHA",5.84651495424219
41,"divDyn","DSHA",4.05249535663453
41,"divent","DSHA",4.05249535663453
41,"diverse","DSHA",3.81048858416173
41,"ecodive","DSHA",4.05249535663453
41,"EconGeo","DSHA",5.847
41,"entropart","DSHA",4.05249535663453
41,"forestmangr","DSHA",3.56
41,"HardyWeinberg","DSHA",4.05249535663453
41,"iNEXT","DSHA",4.052
41,"MCPAN","DSHA",4.05249535663453
41,"microbiome","DSHA",4.05249535663453
41,"OTUtable","DSHA",4.05249535663453
41,"pgirmess","DSHA",5.84651495424219
41,"SpiecEasi","DSHA",4.05249535663453
41,"sprex","DSHA",4.05249535663453
41,"tabula","DSHA",4.05249535663453
41,"triversity","DSHA",5.84651495424218
41,"vegan","DSHA",4.05249535663453
41,"wavethresh","DSHA",-23507.4641318597
41,"wiqid","DSHA",57.5408630208022
41,"abdiv","DSP",0.02685577089676
41,"agricolae","DSP",0.02685577089676
41,"antitrust","DSP",268.5577089676
41,"benthos","DSP",0.0244289773079738
41,"breakaway","DSP",0.02685577089676
41,"concstats","DSP",0.02685577089676
41,"DescTools","DSP",0.02685577089676
41,"diverse","DSP",0.0330785493576191
41,"divseg","DSP",1.02685577089676
41,"EconGeo","DSP",0.02685577089676
41,"hhi","DSP",0.126111111111111
41,"ineq","DSP",0.02685577089676
41,"microbiome","DSP",0.02685577089676
41,"PDtoolkit","DSP",0.02685577089676
41,"politics","DSP",0.02685577089676
41,"REAT","DSP",0.02685577089676
41,"sprex","DSP",0.02685577089676
41,"tabula","DSP",0.02685577089676
41,"triversity","DSP",0.02685577089676
41,"abdiv","EBP",0.0771144278606965
41,"agricolae","EBP",0.0771144278606965
41,"BiodiversityR","EBP",0.07711443
41,"diverse","EBP",0.0837209302325581
41,"dyvDyn","EBP",0.0771144278606965
41,"ecodive","EBP",0.0771144278606965
41,"microbiome","EBP",0.0771144278606965
41,"tabula","EBP",0.0771144278606965
41,"triversity","EBP",0.0771144278606965
41,"wiqid","EBP",1
41,"tabula","EBRI",0.879228704834509
41,"BAT","EBU",0.548839958622728
41,"microbiome","EBU",0.548839958622728
41,"BAT","ECAM",0.98903560241889
41,"microbiome","ECAM",0.54143498195298
41,"codyn","EEQ",0.216389657271632
41,"custom","EEQ",0.000580091629539736
41,"adiv","EEVAR",0.535716303771575
41,"codyn","EEVAR",0.553036732651965
41,"custom","EEVAR",0.535716303771575
41,"microbiome","EEVAR",0.535716303771575
41,"acid","EGIN",0.797678275290216
41,"DescTools","EGIN",0.797678275290216
41,"dplR","EGIN",0.797678275290216
41,"EconGeo","EGIN",0.798
41,"giniVarCI","EGIN",0.797678275290216
41,"ineq","EGIN",0.797678275290216
41,"microbiome","EGIN",0.797678275290217
41,"REAT","EGIN",0.797678275290216
41,"shipunov","EGIN",0.797678275290217
41,"wINEQ","EGIN",0.797678275290216
41,"abdiv","EHEI",0.559810524958438
41,"adiv","EHEI",0.559810524958438
41,"custom","EHUL",0.131840796019901
41,"benthos","EHURE",0.975571022692026
41,"BiodiversityR","EHURE",0.97557102
41,"mobr","EHURE",0.975571022692026
41,"vegan","EHURE",0.975571022692413
41,"custom","ELR",0.20958515378827
41,"abdiv","EMC",0.218744142829129
41,"tabula","EMC",0.928009309353577
41,"microbiome","EMN",0.131840796019901
41,"custom","ENHC",-0.0295933074862534
41,"custom","EPAT",0.0172984330447021
41,"abdiv","EPIE",0.876220362851557
41,"adiv","EPIE",0.876220362851557
41,"BiodiversityR","EPIE",0.87622036
41,"breakaway","EPIE",0.876220362851557
41,"chemodiv","EPIE",0.876220362851557
41,"diverse","EPIE",0.855453859057349
41,"forestmangr","EPIE",1
41,"microbiome","EPIE",0.876220362851557
41,"OTUtable","EPIE",0.876220362851557
41,"pctax","EPIE",0.8762
41,"sprex","EPIE",0.876220362851557
41,"tabula","EPIE",0.876220362851557
41,"custom","ESHE",0.564126108047081
41,"adiv","ESP",0.365058281377067
41,"codyn","ESP",0.52863436123348
41,"sprex","ESP",0.0397303466336719
41,"tabula","ESP",0.365058281377067
41,"abdiv","EST",0.446736903716711
41,"adiv","QHIL_0",102
41,"adiv","QHIL_1",57.5408630208022
41,"adiv","QHIL_2",37.2359447004608
41,"adiv","QHIL_3",28.8752501434278
41,"BAT","QHIL_0",102
41,"BAT","QHIL_1",57.5408630208022
41,"BAT","QHIL_2",37.2359447004608
41,"BAT","QHIL_3",28.8752501434278
41,"benthos","QHIL_0",225
41,"benthos","QHIL_1",57.5408630208022
41,"benthos","QHIL_2",37.2359447004608
41,"benthos","QHIL_3",28.8752501434278
41,"breakaway","QHIL_0",102
41,"breakaway","QHIL_1",57.5408630208022
41,"breakaway","QHIL_2",37.2359447004608
41,"breakaway","QHIL_3",28.8752501434278
41,"chemodiv","QHIL_0",102
41,"chemodiv","QHIL_1",57.5408630208022
41,"chemodiv","QHIL_2",37.2359447004608
41,"chemodiv","QHIL_3",28.8752501434278
41,"divDyn","QHIL_2",37.2359447004608
41,"divent","QHIL_0",102
41,"divent","QHIL_1",57.5408630208022
41,"divent","QHIL_2",37.2359447004609
41,"divent","QHIL_3",28.8752501434273
41,"entropart","QHIL_0",102
41,"entropart","QHIL_1",57.5408630208022
41,"entropart","QHIL_2",37.2359447004609
41,"entropart","QHIL_3",28.8752501434273
41,"EntropyEstimation","QHIL_1",66.0309090012158
41,"EntropyEstimation","QHIL_2",40.9349923819223
41,"EntropyEstimation","QHIL_3",31.3279894403561
41,"hilldiv","QHIL_0",102
41,"hilldiv","QHIL_1",57.5411752851142
41,"hilldiv","QHIL_2",37.2359447004608
41,"hilldiv","QHIL_3",28.8752501434278
41,"hillR","QHIL_0",102
41,"hillR","QHIL_1",57.5408630208022
41,"hillR","QHIL_2",37.2359447004608
41,"hillR","QHIL_3",28.8752501434278
41,"sprex","QHIL_0",102
41,"sprex","QHIL_1",57.5408630208022
41,"sprex","QHIL_2",37.2359447004608
41,"sprex","QHIL_3",28.8752501434278
41,"vegan","QHIL_0",102
41,"vegan","QHIL_1",57.5408630208022
41,"vegan","QHIL_2",37.2359447004608
41,"vegan","QHIL_3",28.8752501434278
41,"adiv","QREN_0",4.62497281328427
41,"adiv","QREN_1",4.05249535663453
41,"adiv","QREN_2",3.61727455014359
41,"adiv","QREN_3",3.36298483178029
41,"BiodiversityR","QREN_0",4.62497281328427
41,"BiodiversityR","QREN_1",4.05249535663453
41,"BiodiversityR","QREN_2",3.61727455014359
41,"BiodiversityR","QREN_3",3.36298483178029
41,"diverse","QREN_0",4.45434729625351
41,"diverse","QREN_1",3.81048858416173
41,"diverse","QREN_2",3.34310196328486
41,"diverse","QREN_3",3.10601651372049
41,"EntropyEstimation","QREN_1",4.19012295059992
41,"EntropyEstimation","QREN_2",3.71198525672658
41,"EntropyEstimation","QREN_3",3.44451192928076
41,"seewave","QREN_2",0.667874363973265
41,"seewave","QREN_3",0.620923658709693
41,"sprex","QREN_0",4.62497281328427
41,"sprex","QREN_1",4.05249535663453
41,"sprex","QREN_2",3.61727455014359
41,"sprex","QREN_3",3.36298483178029
41,"statcomp","QREN_1",0.748231209854439
41,"statcomp","QREN_2",0.667874352674724
41,"statcomp","QREN_3",0.620923650235788
41,"vegan","QREN_0",4.62497281328427
41,"vegan","QREN_1",4.05249535663453
41,"vegan","QREN_2",3.61727455014359
41,"vegan","QREN_3",3.36298483178029
41,"adiv","QTSA_0",101
41,"adiv","QTSA_1",4.05249535663453
41,"adiv","QTSA_2",0.97314422910324
41,"adiv","QTSA_3",0.499400321478669
41,"divent","QTSA_0",101
41,"divent","QTSA_1",4.05249535663453
41,"divent","QTSA_2",0.97314422910324
41,"divent","QTSA_3",0.499400321478669
41,"entropart","QTSA_0",101
41,"entropart","QTSA_1",4.05249535663453
41,"entropart","QTSA_2",0.97314422910324
41,"entropart","QTSA_3",0.499400321478669
41,"EntropyEstimation","QTSA_1",4.19012295059992
41,"EntropyEstimation","QTSA_2",0.975571022692028
41,"EntropyEstimation","QTSA_3",0.499490546023003
41,"vegan","QTSA_0",101
41,"vegan","QTSA_1",4.05249535663453
41,"vegan","QTSA_2",0.97314422910324
41,"vegan","QTSA_3",0.499400321478669
41,"BAT","RACE",161.646486614734
41,"ecodive","RACE",161.646486614734
41,"fossil","RACE",126.545454545455
41,"pctax","RACE",161.6465
41,"sprex","RACE",402
41,"tabula","RACE",161.646486614734
41,"vegan","RACE",161.646486614734
41,"wiqid","RACE",161.646486614734
41,"BiodiversityR","RBOO",102
41,"wiqid","RBOO",225
41,"BAT","RC1",151.5
41,"BiodiversityR","RC1",102
41,"biosampleR","RC1",108.235294117647
41,"iNEXT","RC1",155.157
41,"microbiome","RC1",151.5
41,"pctax","RC1",151.5
41,"rareNMtests","RC1",102
41,"SpadeR","RC1",102
41,"SSP","RC1",102
41,"vegan","RC1",151.5
41,"wiqid","RC1",155.289473684211
41,"BAT","RC1M",180.987456747405
41,"divent","RC1M",155.156912804399
41,"ecodive","RC1M",155.289473684211
41,"entropart","RC1M",155.156912804399
41,"fossil","RC1M",155.289473684211
41,"mobr","RC1M",155.156912804399
41,"OTUtable","RC1M",155.289473684211
41,"tabula","RC1M",155.156912804399
41,"wiqid","RC1M",155.289473684211
41,"BAT","RCA2",236.118733505643
41,"divDyn","RCA2",151.014705882353
41,"fossil","RCA2",155.289473684211
41,"tabula","RCA2",102
41,"wiqid","RCA2",102
41,"benthos","RHUR_2",1.97557102269241
41,"benthos","RHUR_3",2.92773197603062
41,"divent","RHUR_2",40.9349944904338
41,"divent","RHUR_3",41.1760882440369
41,"entropart","RHUR_2",1.97557102269241
41,"entropart","RHUR_3",2.92773197603063
41,"mobsim","RHUR_2",1.97557102269241
41,"mobsim","RHUR_3",2.92773197603062
41,"tabula","RHUR_2",1.9755710226948
41,"tabula","RHUR_3",2.92773197600994
41,"vegan","RHUR_2",1.97557102269241
41,"vegan","RHUR_3",2.92773197603062
41,"BAT","RICE",237.21843523141
41,"fossil","RICE",126.545454545455
41,"tabula","RICE",102
41,"wiqid","RICE",102
41,"BAT","RJA1",147
41,"BiodiversityR","RJA1",102
41,"divent","RJA1",173
41,"entropart","RJA1",173
41,"fossil","RJA1",146.888059701493
41,"SSP","RJA1",102
41,"tabula","RJA1",4.03496365043434
41,"wiqid","RJA1",147
41,"BAT","RJA2",173
41,"BiodiversityR","RJA2",102
41,"fossil","RJA2",172.470031389189
41,"SSP","RJA2",102
41,"wiqid","RJA2",173
41,"asbio","RLMD",163.286981419411
41,"sads","RLMD",0.83399745686506
41,"vegan","RLMD",146.08199432721
41,"wiqid","RMM",0
41,"divDyn","RSQ",157.972715808781
41,"ecodive","RSQ",157.972715808781
41,"tabula","RSQ",157.972715808781
42,"custom","RICH",87
42,"abdiv","D1SP",0.973184905131975
42,"ade4","D1SP",0.973184905131975
42,"adiv","D1SP",0.973184905131975
42,"agricolae","D1SP",0.973184905131975
42,"asbio","D1SP",0.973184905131975
42,"BiodiversityR","D1SP",0.97318491
42,"biosampleR","D1SP",0.96720830449827
42,"breakaway","D1SP",0.973184905131975
42,"catsim","D1SP",0.598162962962963
42,"concstats","D1SP",0.995655424530661
42,"CUB","D1SP",0.977529480601314
42,"DescTools","D1SP",0.973184905131975
42,"divent","D1SP",0.973184905131975
42,"diverse","D1SP",0.96720830449827
42,"ecodive","D1SP",0.973184905131975
42,"entropart","D1SP",0.973184905131975
42,"lawstat","D1SP",0.823520531400966
42,"MCPAN","D1SP",0.973184905131975
42,"microbiome","D1SP",0.973184905131975
42,"PCRA","D1SP",0.973184905131975
42,"RoughSets","D1SP",0.973184905131975
42,"simboot","D1SP",0.973184905131975
42,"sprex","D1SP",0.973184905131975
42,"untb","D1SP",0.975541285047549
42,"vegan","D1SP",0.973184905131975
42,"abdiv","DBRI",3.66386124080349
42,"ecodive","DBRI",3.66386124080349
42,"tabula","DBRI",3.66386124080349
42,"wiqid","DBRI",39.0116859427156
42,"BiodiversityR","DFIS",33.59822141
42,"ecodive","DFIS",33.598
42,"microbiome","DFIS",33.5982214114807
42,"preseqR","DFIS",10.3227556647825
42,"sads","DFIS",33.5982190951779
42,"vegan","DFIS",33.5982214114807
42,"custom","DGLE",14.4377588844332
42,"custom","DGOO_1_1",3.9666137147767
42,"custom","DGOO_1_2",0.312479352496964
42,"custom","DGOO_1_3",1
42,"custom","DGOO_2_1",0.0900725217760915
42,"custom","DGOO_2_2",1.12575990940308
42,"custom","DGOO_2_3",1
42,"custom","DGOO_3_1",0.00333851934254689
42,"custom","DGOO_3_2",0.0340931876425461
42,"custom","DGOO_3_3",1
42,"abdiv","DINVSP",37.2924281984334
42,"adiv","DINVSP",37.2924281984334
42,"asbio","DINVSP",37.2924281984334
42,"BiodiversityR","DINVSP",37.2924282
42,"breakaway","DINVSP",37.2924281984334
42,"chemodiv","DINVSP",37.2924281984334
42,"codyn","DINVSP",6.73621103117506
42,"divseg","DINVSP",1.02681509486803
42,"ecodive","DINVSP",37.2924281984334
42,"microbiome","DINVSP",37.2924281984334
42,"sprex","DINVSP",37.2924281984334
42,"vegan","DINVSP",37.2924281984334
42,"wiqid","DINVSP",37.2924281984334
42,"custom","DKO",0.201834862385321
42,"abdiv","DMC",0.879470462905299
42,"adiv","DMC",0.879470462905299
42,"agricolae","DMC",0.879470462905299
42,"ecodive","DMC",0.879470462905299
42,"forestHES","DMC",0.879470462905299
42,"tabula","DMC",0.879470462905299
42,"abdiv","DMG",14.271807632888
42,"adiv","DMG",14.271807632888
42,"agricolae","DMG",37.1730803461268
42,"ecodive","DMG",14.271807632888
42,"tabula","DMG",14.271807632888
42,"abdiv","DMN",4.27581672849202
42,"adiv","DMN",4.27581672849202
42,"ecodive","DMN",4.27581672849202
42,"tabula","DMN",4.27581672849202
42,"custom","DOD",210.144927536232
42,"abdiv","DQ",0
42,"ade4","DRAO",0.973184905131976
42,"BAT","DRAO",0.973184905131995
42,"SYNCSA","DRAO",0.973184905131976
42,"abdiv","DSHA",3.9666137147767
42,"adiv","DSHA",3.9666137147767
42,"aqp","DSHA",5.7226139354305
42,"asbio","DSHA",3.9666137147767
42,"benthos","DSHA",0
42,"BiodiversityR","DSHA",3.96661371
42,"biosampleR","DSHA",3.92091754675343
42,"chemodiv","DSHA",3.9666137147767
42,"codyn","DSHA",3.9666137147767
42,"DescTools","DSHA",5.7226139354305
42,"divDyn","DSHA",3.9666137147767
42,"divent","DSHA",3.9666137147767
42,"diverse","DSHA",3.92091754675343
42,"ecodive","DSHA",3.96661371477671
42,"EconGeo","DSHA",5.723
42,"entropart","DSHA",3.9666137147767
42,"forestmangr","DSHA",3.56
42,"HardyWeinberg","DSHA",3.9666137147767
42,"iNEXT","DSHA",3.967
42,"MCPAN","DSHA",3.9666137147767
42,"microbiome","DSHA",3.9666137147767
42,"OTUtable","DSHA",3.9666137147767
42,"pgirmess","DSHA",5.7226139354305
42,"SpiecEasi","DSHA",3.9666137147767
42,"sprex","DSHA",3.9666137147767
42,"tabula","DSHA",3.9666137147767
42,"triversity","DSHA",5.7226139354305
42,"vegan","DSHA",3.9666137147767
42,"wavethresh","DSHA",-24513.6201467323
42,"wiqid","DSHA",52.8054135481097
42,"abdiv","DSP",0.0268150948680249
42,"agricolae","DSP",0.0268150948680249
42,"antitrust","DSP",268.150948680249
42,"benthos","DSP",0.0244587149524511
42,"breakaway","DSP",0.0268150948680249
42,"concstats","DSP",0.0268150948680249
42,"DescTools","DSP",0.0268150948680249
42,"diverse","DSP",0.0305105438401776
42,"divseg","DSP",1.02681509486803
42,"EconGeo","DSP",0.0268150948680249
42,"hhi","DSP",0.148451406194375
42,"ineq","DSP",0.0268150948680249
42,"microbiome","DSP",0.0268150948680249
42,"PDtoolkit","DSP",0.0268150948680249
42,"politics","DSP",0.0268150948680249
42,"REAT","DSP",0.0268150948680249
42,"sprex","DSP",0.0268150948680249
42,"tabula","DSP",0.0268150948680249
42,"triversity","DSP",0.0268150948680249
42,"abdiv","EBP",0.0628019323671498
42,"agricolae","EBP",0.0628019323671498
42,"BiodiversityR","EBP",0.06280193
42,"diverse","EBP",0.0776470588235294
42,"dyvDyn","EBP",0.0628019323671498
42,"ecodive","EBP",0.0628019323671498
42,"microbiome","EBP",0.0628019323671498
42,"tabula","EBP",0.0628019323671498
42,"triversity","EBP",0.0628019323671498
42,"wiqid","EBP",1
42,"tabula","EBRI",0.89124771699206
42,"BAT","EBU",0.577772160431412
42,"microbiome","EBU",0.577772160431412
42,"BAT","ECAM",0.987578562140119
42,"microbiome","ECAM",0.70847909378644
42,"codyn","EEQ",0.223692784744683
42,"custom","EEQ",0.000854770228059184
42,"adiv","EEVAR",0.519711079417524
42,"codyn","EEVAR",0.57250903931125
42,"custom","EEVAR",0.519711079417524
42,"microbiome","EEVAR",0.519711079417524
42,"acid","EGIN",0.819860440150295
42,"DescTools","EGIN",0.819860440150295
42,"dplR","EGIN",0.819860440150295
42,"EconGeo","EGIN",0.82
42,"giniVarCI","EGIN",0.819860440150295
42,"ineq","EGIN",0.819860440150295
42,"microbiome","EGIN",0.819860440150297
42,"REAT","EGIN",0.819860440150295
42,"shipunov","EGIN",0.819860440150297
42,"wINEQ","EGIN",0.819860440150295
42,"abdiv","EHEI",0.602388529629182
42,"adiv","EHEI",0.602388529629182
42,"custom","EHUL",0.123188405797101
42,"benthos","EHURE",0.975541285047549
42,"BiodiversityR","EHURE",0.97554129
42,"mobr","EHURE",0.975541285047549
42,"vegan","EHURE",0.975541285047546
42,"custom","ELR",0.225884023568669
42,"abdiv","EMC",0.20660586863404
42,"tabula","EMC",0.936668221933473
42,"microbiome","EMN",0.123188405797101
42,"custom","ENHC",-0.0371996498190246
42,"custom","EPAT",0.0771267856772242
42,"abdiv","EPIE",0.888198684206629
42,"adiv","EPIE",0.888198684206629
42,"BiodiversityR","EPIE",0.88819868
42,"breakaway","EPIE",0.888198684206629
42,"chemodiv","EPIE",0.888198684206629
42,"diverse","EPIE",0.847770939429398
42,"forestmangr","EPIE",1
42,"microbiome","EPIE",0.888198684206629
42,"OTUtable","EPIE",0.888198684206629
42,"pctax","EPIE",0.8882
42,"sprex","EPIE",0.888198684206629
42,"tabula","EPIE",0.888198684206629
42,"custom","ESHE",0.606958776415054
42,"adiv","ESP",0.428648599981993
42,"codyn","ESP",0.449080735411671
42,"sprex","ESP",0.0455932610893874
42,"tabula","ESP",0.428648599981993
42,"abdiv","EST",0.417374646010328
42,"adiv","QHIL_0",87
42,"adiv","QHIL_1",52.8054135481097
42,"adiv","QHIL_2",37.2924281984334
42,"adiv","QHIL_3",30.5421434613305
42,"BAT","QHIL_0",87
42,"BAT","QHIL_1",52.8054135481097
42,"BAT","QHIL_2",37.2924281984334
42,"BAT","QHIL_3",30.5421434613305
42,"benthos","QHIL_0",225
42,"benthos","QHIL_1",52.8054135481097
42,"benthos","QHIL_2",37.2924281984334
42,"benthos","QHIL_3",30.5421434613305
42,"breakaway","QHIL_0",87
42,"breakaway","QHIL_1",52.8054135481097
42,"breakaway","QHIL_2",37.2924281984334
42,"breakaway","QHIL_3",30.5421434613305
42,"chemodiv","QHIL_0",87
42,"chemodiv","QHIL_1",52.8054135481097
42,"chemodiv","QHIL_2",37.2924281984334
42,"chemodiv","QHIL_3",30.5421434613305
42,"divDyn","QHIL_2",37.2924281984334
42,"divent","QHIL_0",87
42,"divent","QHIL_1",52.8054135481097
42,"divent","QHIL_2",37.2924281984334
42,"divent","QHIL_3",30.5421434613306
42,"entropart","QHIL_0",87
42,"entropart","QHIL_1",52.8054135481097
42,"entropart","QHIL_2",37.2924281984334
42,"entropart","QHIL_3",30.5421434613306
42,"EntropyEstimation","QHIL_1",59.0816453531243
42,"EntropyEstimation","QHIL_2",40.8852223816351
42,"EntropyEstimation","QHIL_3",33.410393906587
42,"hilldiv","QHIL_0",87
42,"hilldiv","QHIL_1",52.8056474606246
42,"hilldiv","QHIL_2",37.2924281984334
42,"hilldiv","QHIL_3",30.5421434613305
42,"hillR","QHIL_0",87
42,"hillR","QHIL_1",52.8054135481097
42,"hillR","QHIL_2",37.2924281984334
42,"hillR","QHIL_3",30.5421434613305
42,"sprex","QHIL_0",87
42,"sprex","QHIL_1",52.8054135481097
42,"sprex","QHIL_2",37.2924281984334
42,"sprex","QHIL_3",30.5421434613305
42,"vegan","QHIL_0",87
42,"vegan","QHIL_1",52.8054135481097
42,"vegan","QHIL_2",37.2924281984334
42,"vegan","QHIL_3",30.5421434613305
42,"adiv","QREN_0",4.46590811865458
42,"adiv","QREN_1",3.9666137147767
42,"adiv","QREN_2",3.61879030868198
42,"adiv","QREN_3",3.41910748270189
42,"BiodiversityR","QREN_0",4.46590811865458
42,"BiodiversityR","QREN_1",3.9666137147767
42,"BiodiversityR","QREN_2",3.61879030868198
42,"BiodiversityR","QREN_3",3.41910748270189
42,"diverse","QREN_0",4.62497281328427
42,"diverse","QREN_1",3.92091754675343
42,"diverse","QREN_2",3.41757998157187
42,"diverse","QREN_3",3.17347029691631
42,"EntropyEstimation","QREN_1",4.07892030685433
42,"EntropyEstimation","QREN_2",3.71076868679776
42,"EntropyEstimation","QREN_3",3.50886704637959
42,"seewave","QREN_2",0.668154226586301
42,"seewave","QREN_3",0.631285847527913
42,"sprex","QREN_0",4.46590811865458
42,"sprex","QREN_1",3.9666137147767
42,"sprex","QREN_2",3.61879030868198
42,"sprex","QREN_3",3.41910748270189
42,"statcomp","QREN_1",0.732374479830958
42,"statcomp","QREN_2",0.668154214277322
42,"statcomp","QREN_3",0.631285838296179
42,"vegan","QREN_0",4.46590811865458
42,"vegan","QREN_1",3.9666137147767
42,"vegan","QREN_2",3.61879030868198
42,"vegan","QREN_3",3.41910748270189
42,"adiv","QTSA_0",86
42,"adiv","QTSA_1",3.9666137147767
42,"adiv","QTSA_2",0.973184905131975
42,"adiv","QTSA_3",0.499463992361447
42,"divent","QTSA_0",86
42,"divent","QTSA_1",3.9666137147767
42,"divent","QTSA_2",0.973184905131975
42,"divent","QTSA_3",0.499463992361447
42,"entropart","QTSA_0",86
42,"entropart","QTSA_1",3.9666137147767
42,"entropart","QTSA_2",0.973184905131975
42,"entropart","QTSA_3",0.499463992361447
42,"EntropyEstimation","QTSA_1",4.07892030685433
42,"EntropyEstimation","QTSA_2",0.975541285047549
42,"EntropyEstimation","QTSA_3",0.49955207344258
42,"vegan","QTSA_0",86
42,"vegan","QTSA_1",3.9666137147767
42,"vegan","QTSA_2",0.973184905131975
42,"vegan","QTSA_3",0.499463992361447
42,"BAT","RACE",113.10279552154
42,"ecodive","RACE",113.10279552154
42,"fossil","RACE",99.4046242774566
42,"pctax","RACE",113.1028
42,"sprex","RACE",NA
42,"tabula","RACE",113.10279552154
42,"vegan","RACE",113.10279552154
42,"wiqid","RACE",113.10279552154
42,"BiodiversityR","RBOO",87
42,"wiqid","RBOO",225
42,"BAT","RC1",116
42,"BiodiversityR","RC1",87
42,"biosampleR","RC1",171.176470588235
42,"iNEXT","RC1",119.268
42,"microbiome","RC1",116
42,"pctax","RC1",116
42,"rareNMtests","RC1",87
42,"SpadeR","RC1",87
42,"SSP","RC1",87
42,"vegan","RC1",116
42,"wiqid","RC1",119.346153846154
42,"BAT","RC1M",128.888888888889
42,"divent","RC1M",119.268023039762
42,"ecodive","RC1M",119.346153846154
42,"entropart","RC1M",119.268023039762
42,"fossil","RC1M",119.346153846154
42,"mobr","RC1M",119.268023039762
42,"OTUtable","RC1M",119.346153846154
42,"tabula","RC1M",119.268023039762
42,"wiqid","RC1M",119.346153846154
42,"BAT","RCA2",236.244347398785
42,"divDyn","RCA2",115.666666666667
42,"fossil","RCA2",119.346153846154
42,"tabula","RCA2",87
42,"wiqid","RCA2",87
42,"benthos","RHUR_2",1.97554128504755
42,"benthos","RHUR_3",2.92751970825739
42,"divent","RHUR_2",40.8852242996222
42,"divent","RHUR_3",41.0545054734575
42,"entropart","RHUR_2",1.97554128504754
42,"entropart","RHUR_3",2.92751970825739
42,"mobsim","RHUR_2",1.97554128504755
42,"mobsim","RHUR_3",2.92751970825739
42,"tabula","RHUR_2",1.97554128497752
42,"tabula","RHUR_3",2.9275197082574
42,"vegan","RHUR_2",1.97554128504755
42,"vegan","RHUR_3",2.92751970825739
42,"BAT","RICE",237.486473574577
42,"fossil","RICE",99.4046242774566
42,"tabula","RICE",87
42,"wiqid","RICE",87
42,"BAT","RJA1",116
42,"BiodiversityR","RJA1",87
42,"divent","RJA1",132
42,"entropart","RJA1",132
42,"fossil","RJA1",115.929951690821
42,"SSP","RJA1",87
42,"tabula","RJA1",3.94749871893009
42,"wiqid","RJA1",116
42,"BAT","RJA2",132
42,"BiodiversityR","RJA2",87
42,"fossil","RJA2",131.673837012083
42,"SSP","RJA2",87
42,"wiqid","RJA2",132
42,"asbio","RLMD",161.573972822564
42,"sads","RLMD",1.05071135411941
42,"vegan","RLMD",103.55166642957
42,"wiqid","RMM",0
42,"divDyn","RSQ",109.88841910785
42,"ecodive","RSQ",109.88841910785
42,"tabula","RSQ",109.88841910785
43,"custom","RICH",86
43,"abdiv","D1SP",0.956963217405478
43,"ade4","D1SP",0.956963217405478
43,"adiv","D1SP",0.956963217405478
43,"agricolae","D1SP",0.956963217405478
43,"asbio","D1SP",0.956963217405478
43,"BiodiversityR","D1SP",0.95696322
43,"biosampleR","D1SP",0.96764116707795
43,"breakaway","D1SP",0.956963217405478
43,"catsim","D1SP",0.585244444444444
43,"concstats","D1SP",0.99572784277944
43,"CUB","D1SP",0.961235374626038
43,"DescTools","D1SP",0.956963217405478
43,"divent","D1SP",0.956963217405478
43,"diverse","D1SP",0.96764116707795
43,"ecodive","D1SP",0.956963217405478
43,"entropart","D1SP",0.956963217405478
43,"lawstat","D1SP",0.850868725868726
43,"MCPAN","D1SP",0.956963217405478
43,"microbiome","D1SP",0.956963217405478
43,"PCRA","D1SP",0.956963217405478
43,"RoughSets","D1SP",0.956963217405478
43,"simboot","D1SP",0.956963217405478
43,"sprex","D1SP",0.956963217405478
43,"untb","D1SP",0.959320269665097
43,"vegan","D1SP",0.956963217405478
43,"abdiv","DBRI",3.44547121332826
43,"ecodive","DBRI",3.44547121332826
43,"tabula","DBRI",3.44547121332826
43,"wiqid","DBRI",31.3580562998903
43,"BiodiversityR","DFIS",33.31373851
43,"ecodive","DFIS",33.314
43,"microbiome","DFIS",33.31373851466
43,"preseqR","DFIS",12.4962711848651
43,"sads","DFIS",33.3137373539292
43,"vegan","DFIS",33.31373851466
43,"custom","DGLE",14.3123104922533
43,"custom","DGOO_1_1",3.73625368207106
43,"custom","DGOO_1_2",0.339613702449092
43,"custom","DGOO_1_3",1
43,"custom","DGOO_2_1",0.115732598196651
43,"custom","DGOO_2_2",1.09406384156367
43,"custom","DGOO_2_3",1
43,"custom","DGOO_3_1",0.00847210714310022
43,"custom","DGOO_3_2",0.0507775952943906
43,"custom","DGOO_3_3",1
43,"abdiv","DINVSP",23.2359377191752
43,"adiv","DINVSP",23.2359377191752
43,"asbio","DINVSP",23.2359377191752
43,"BiodiversityR","DINVSP",23.23593772
43,"breakaway","DINVSP",23.2359377191752
43,"chemodiv","DINVSP",23.2359377191752
43,"codyn","DINVSP",6.6780487804878
43,"divseg","DINVSP",1.04303678259452
43,"ecodive","DINVSP",23.2359377191752
43,"microbiome","DINVSP",23.2359377191752
43,"sprex","DINVSP",23.2359377191752
43,"vegan","DINVSP",23.2359377191752
43,"wiqid","DINVSP",23.2359377191752
43,"custom","DKO",0.211009174311927
43,"abdiv","DMC",0.833880854067634
43,"adiv","DMC",0.833880854067634
43,"agricolae","DMC",0.833880854067634
43,"ecodive","DMC",0.833880854067634
43,"forestHES","DMC",0.833880854067634
43,"tabula","DMC",0.833880854067634
43,"abdiv","DMG",14.1458882772271
43,"adiv","DMG",14.1458882772271
43,"agricolae","DMG",37.2785761658691
43,"ecodive","DMG",14.1458882772271
43,"tabula","DMG",14.1458882772271
43,"abdiv","DMN",4.26286173503084
43,"adiv","DMN",4.26286173503084
43,"ecodive","DMN",4.26286173503084
43,"tabula","DMN",4.26286173503084
43,"custom","DOD",211.302211302211
43,"abdiv","DQ",0
43,"ade4","DRAO",0.956963217405477
43,"BAT","DRAO",0.956963217405462
43,"SYNCSA","DRAO",0.956963217405478
43,"abdiv","DSHA",3.73625368207106
43,"adiv","DSHA",3.73625368207106
43,"aqp","DSHA",5.39027465862705
43,"asbio","DSHA",3.73625368207106
43,"benthos","DSHA",0
43,"BiodiversityR","DSHA",3.73625368
43,"biosampleR","DSHA",3.91372499062361
43,"chemodiv","DSHA",3.73625368207106
43,"codyn","DSHA",3.73625368207106
43,"DescTools","DSHA",5.39027465862705
43,"divDyn","DSHA",3.73625368207106
43,"divent","DSHA",3.73625368207106
43,"diverse","DSHA",3.91372499062361
43,"ecodive","DSHA",3.73625368207107
43,"EconGeo","DSHA",5.39
43,"entropart","DSHA",3.73625368207106
43,"forestmangr","DSHA",3.56
43,"HardyWeinberg","DSHA",3.73625368207106
43,"iNEXT","DSHA",3.736
43,"MCPAN","DSHA",3.73625368207106
43,"microbiome","DSHA",3.73625368207106
43,"OTUtable","DSHA",3.73625368207106
43,"pgirmess","DSHA",5.39027465862705
43,"SpiecEasi","DSHA",3.73625368207106
43,"sprex","DSHA",3.73625368207106
43,"tabula","DSHA",3.73625368207106
43,"triversity","DSHA",5.39027465862706
43,"vegan","DSHA",3.73625368207106
43,"wavethresh","DSHA",-47331.6800806865
43,"wiqid","DSHA",41.9405727616014
43,"abdiv","DSP",0.0430367825945222
43,"agricolae","DSP",0.0430367825945222
43,"antitrust","DSP",430.367825945221
43,"benthos","DSP",0.0406797303349027
43,"breakaway","DSP",0.0430367825945222
43,"concstats","DSP",0.0430367825945222
43,"DescTools","DSP",0.0430367825945222
43,"diverse","DSP",0.0300215354170304
43,"divseg","DSP",1.04303678259452
43,"EconGeo","DSP",0.0430367825945221
43,"hhi","DSP",0.149744338933528
43,"ineq","DSP",0.0430367825945222
43,"microbiome","DSP",0.0430367825945222
43,"PDtoolkit","DSP",0.0430367825945222
43,"politics","DSP",0.0430367825945222
43,"REAT","DSP",0.0430367825945222
43,"sprex","DSP",0.0430367825945222
43,"tabula","DSP",0.0430367825945222
43,"triversity","DSP",0.0430367825945222
43,"abdiv","EBP",0.135135135135135
43,"agricolae","EBP",0.135135135135135
43,"BiodiversityR","EBP",0.13513514
43,"diverse","EBP",0.0987951807228916
43,"dyvDyn","EBP",0.135135135135135
43,"ecodive","EBP",0.135135135135135
43,"microbiome","EBP",0.135135135135135
43,"tabula","EBP",0.135135135135135
43,"triversity","EBP",0.135135135135135
43,"wiqid","EBP",1
43,"tabula","EBRI",0.840810655022191
43,"BAT","EBU",0.517357999710941
43,"microbiome","EBU",0.517357999710941
43,"BAT","ECAM",0.985883831848264
43,"microbiome","ECAM",0.779069767441861
43,"codyn","EEQ",0.244981854810749
43,"custom","EEQ",0.000871343079858692
43,"adiv","EEVAR",0.494724591009994
43,"codyn","EEVAR",0.688326804054854
43,"custom","EEVAR",0.494724591009994
43,"microbiome","EEVAR",0.494724591009994
43,"acid","EGIN",0.847087087087087
43,"DescTools","EGIN",0.847087087087087
43,"dplR","EGIN",0.847087087087087
43,"EconGeo","EGIN",0.847
43,"giniVarCI","EGIN",0.847087087087087
43,"ineq","EGIN",0.847087087087087
43,"microbiome","EGIN",0.847087087087086
43,"REAT","EGIN",0.847087087087087
43,"shipunov","EGIN",0.847087087087086
43,"wINEQ","EGIN",0.847087087087087
43,"abdiv","EHEI",0.48165379719531
43,"adiv","EHEI",0.48165379719531
43,"custom","EHUL",0.223587223587224
43,"benthos","EHURE",0.959320269665097
43,"BiodiversityR","EHURE",0.95932027
43,"mobr","EHURE",0.959320269665097
43,"vegan","EHURE",0.959320269665332
43,"custom","ELR",0.18151852317586
43,"abdiv","EMC",0.262108129756064
43,"tabula","EMC",0.888338969320943
43,"microbiome","EMN",0.223587223587224
43,"custom","ENHC",-0.0374852951006212
43,"custom","EPAT",0.237604170261559
43,"abdiv","EPIE",0.838788139670559
43,"adiv","EPIE",0.838788139670559
43,"BiodiversityR","EPIE",0.83878814
43,"breakaway","EPIE",0.838788139670559
43,"chemodiv","EPIE",0.838788139670559
43,"diverse","EPIE",0.867622896472267
43,"forestmangr","EPIE",1
43,"microbiome","EPIE",0.838788139670559
43,"OTUtable","EPIE",0.838788139670559
43,"pctax","EPIE",0.8388
43,"sprex","EPIE",0.838788139670559
43,"tabula","EPIE",0.838788139670559
43,"custom","ESHE",0.487681078623272
43,"adiv","ESP",0.270185322315991
43,"codyn","ESP",0.55650406504065
43,"sprex","ESP",0.0434448102566403
43,"tabula","ESP",0.270185322315991
43,"abdiv","EST",0.477029884006628
43,"adiv","QHIL_0",86
43,"adiv","QHIL_1",41.9405727616014
43,"adiv","QHIL_2",23.2359377191752
43,"adiv","QHIL_3",16.3882053012079
43,"BAT","QHIL_0",86
43,"BAT","QHIL_1",41.9405727616014
43,"BAT","QHIL_2",23.2359377191752
43,"BAT","QHIL_3",16.3882053012079
43,"benthos","QHIL_0",225
43,"benthos","QHIL_1",41.9405727616014
43,"benthos","QHIL_2",23.2359377191752
43,"benthos","QHIL_3",16.3882053012079
43,"breakaway","QHIL_0",86
43,"breakaway","QHIL_1",41.9405727616014
43,"breakaway","QHIL_2",23.2359377191752
43,"breakaway","QHIL_3",16.3882053012079
43,"chemodiv","QHIL_0",86
43,"chemodiv","QHIL_1",41.9405727616014
43,"chemodiv","QHIL_2",23.2359377191752
43,"chemodiv","QHIL_3",16.3882053012079
43,"divDyn","QHIL_2",23.2359377191752
43,"divent","QHIL_0",86
43,"divent","QHIL_1",41.9405727616014
43,"divent","QHIL_2",23.2359377191752
43,"divent","QHIL_3",16.3882053012078
43,"entropart","QHIL_0",86
43,"entropart","QHIL_1",41.9405727616014
43,"entropart","QHIL_2",23.2359377191752
43,"entropart","QHIL_3",16.3882053012079
43,"EntropyEstimation","QHIL_1",47.006037804113
43,"EntropyEstimation","QHIL_2",24.582267182386
43,"EntropyEstimation","QHIL_3",17.0410208459103
43,"hilldiv","QHIL_0",86
43,"hilldiv","QHIL_1",41.9408721090779
43,"hilldiv","QHIL_2",23.2359377191752
43,"hilldiv","QHIL_3",16.3882053012079
43,"hillR","QHIL_0",86
43,"hillR","QHIL_1",41.9405727616014
43,"hillR","QHIL_2",23.2359377191752
43,"hillR","QHIL_3",16.3882053012079
43,"sprex","QHIL_0",86
43,"sprex","QHIL_1",41.9405727616014
43,"sprex","QHIL_2",23.2359377191752
43,"sprex","QHIL_3",16.3882053012079
43,"vegan","QHIL_0",86
43,"vegan","QHIL_1",41.9405727616014
43,"vegan","QHIL_2",23.2359377191752
43,"vegan","QHIL_3",16.3882053012079
43,"adiv","QREN_0",4.45434729625351
43,"adiv","QREN_1",3.73625368207106
43,"adiv","QREN_2",3.14570011976756
43,"adiv","QREN_3",2.79656188713898
43,"BiodiversityR","QREN_0",4.45434729625351
43,"BiodiversityR","QREN_1",3.73625368207106
43,"BiodiversityR","QREN_2",3.14570011976756
43,"BiodiversityR","QREN_3",2.79656188713898
43,"diverse","QREN_0",4.51085950651685
43,"diverse","QREN_1",3.91372499062361
43,"diverse","QREN_2",3.43086825289186
43,"diverse","QREN_3",3.14076707749681
43,"EntropyEstimation","QREN_1",3.85027605737657
43,"EntropyEstimation","QREN_2",3.20202533675927
43,"EntropyEstimation","QREN_3",2.83562342840426
43,"seewave","QREN_2",0.580805368156006
43,"seewave","QREN_3",0.51634233686459
43,"sprex","QREN_0",4.45434729625351
43,"sprex","QREN_1",3.73625368207106
43,"sprex","QREN_2",3.14570011976756
43,"sprex","QREN_3",2.79656188713898
43,"statcomp","QREN_1",0.689842027402292
43,"statcomp","QREN_2",0.580805355544595
43,"statcomp","QREN_3",0.516342327406032
43,"vegan","QREN_0",4.45434729625351
43,"vegan","QREN_1",3.73625368207106
43,"vegan","QREN_2",3.14570011976756
43,"vegan","QREN_3",2.79656188713898
43,"adiv","QTSA_0",85
43,"adiv","QTSA_1",3.73625368207106
43,"adiv","QTSA_2",0.956963217405478
43,"adiv","QTSA_3",0.498138310657553
43,"divent","QTSA_0",85
43,"divent","QTSA_1",3.73625368207106
43,"divent","QTSA_2",0.956963217405478
43,"divent","QTSA_3",0.498138310657553
43,"entropart","QTSA_0",85
43,"entropart","QTSA_1",3.73625368207106
43,"entropart","QTSA_2",0.956963217405478
43,"entropart","QTSA_3",0.498138310657553
43,"EntropyEstimation","QTSA_1",3.85027605737657
43,"EntropyEstimation","QTSA_2",0.959320269665097
43,"EntropyEstimation","QTSA_3",0.498278215519595
43,"vegan","QTSA_0",85
43,"vegan","QTSA_1",3.73625368207106
43,"vegan","QTSA_2",0.956963217405478
43,"vegan","QTSA_3",0.498138310657553
43,"BAT","RACE",132.940235567835
43,"ecodive","RACE",132.940235567835
43,"fossil","RACE",102.521739130435
43,"pctax","RACE",132.9402
43,"sprex","RACE",407
43,"tabula","RACE",132.940235567835
43,"vegan","RACE",132.940235567835
43,"wiqid","RACE",132.940235567835
43,"BiodiversityR","RBOO",86
43,"wiqid","RBOO",225
43,"BAT","RC1",115.75
43,"BiodiversityR","RC1",86
43,"biosampleR","RC1",117.105263157895
43,"iNEXT","RC1",118.158
43,"microbiome","RC1",115.75
43,"pctax","RC1",115.75
43,"rareNMtests","RC1",86
43,"SpadeR","RC1",86
43,"SSP","RC1",86
43,"vegan","RC1",115.75
43,"wiqid","RC1",118.236842105263
43,"BAT","RC1M",134.921680638183
43,"divent","RC1M",118.157636105005
43,"ecodive","RC1M",118.236842105263
43,"entropart","RC1M",118.157636105005
43,"fossil","RC1M",118.236842105263
43,"mobr","RC1M",118.157636105005
43,"OTUtable","RC1M",118.236842105263
43,"tabula","RC1M",118.157636105005
43,"wiqid","RC1M",118.236842105263
43,"BAT","RCA2",236.287455319278
43,"divDyn","RCA2",115.404069767442
43,"fossil","RCA2",118.236842105263
43,"tabula","RCA2",86
43,"wiqid","RCA2",86
43,"benthos","RHUR_2",1.95932026966533
43,"benthos","RHUR_3",2.88140437795665
43,"divent","RHUR_2",24.5822673979794
43,"divent","RHUR_3",24.958198235764
43,"entropart","RHUR_2",1.95932026966534
43,"entropart","RHUR_3",2.88140437795664
43,"mobsim","RHUR_2",1.95932026966533
43,"mobsim","RHUR_3",2.88140437795665
43,"tabula","RHUR_2",1.95932026965641
43,"tabula","RHUR_3",2.88140437789968
43,"vegan","RHUR_2",1.95932026966533
43,"vegan","RHUR_3",2.88140437795665
43,"BAT","RICE",237.814858467057
43,"fossil","RICE",102.521739130435
43,"tabula","RICE",86
43,"wiqid","RICE",86
43,"BAT","RJA1",121
43,"BiodiversityR","RJA1",86
43,"divent","RJA1",137
43,"entropart","RJA1",137
43,"fossil","RJA1",120.914004914005
43,"SSP","RJA1",86
43,"tabula","RJA1",3.71213308939683
43,"wiqid","RJA1",121
43,"BAT","RJA2",137
43,"BiodiversityR","RJA2",86
43,"fossil","RJA2",136.623963641205
43,"SSP","RJA2",86
43,"wiqid","RJA2",137
43,"asbio","RLMD",132.45798774558
43,"sads","RLMD",0.911351496113755
43,"vegan","RLMD",118.52238533607
43,"wiqid","RMM",0
43,"divDyn","RSQ",139.695761779155
43,"ecodive","RSQ",139.695761779155
43,"tabula","RSQ",139.695761779155
44,"custom","RICH",81
44,"abdiv","D1SP",0.957873279093262
44,"ade4","D1SP",0.957873279093262
44,"adiv","D1SP",0.957873279093262
44,"agricolae","D1SP",0.957873279093262
44,"asbio","D1SP",0.957873279093262
44,"BiodiversityR","D1SP",0.95787328
44,"biosampleR","D1SP",0.960955196375782
44,"breakaway","D1SP",0.957873279093262
44,"catsim","D1SP",0.562488888888889
44,"concstats","D1SP",0.995723780004048
44,"CUB","D1SP",0.962149499089214
44,"DescTools","D1SP",0.957873279093262
44,"divent","D1SP",0.957873279093262
44,"diverse","D1SP",0.960955196375782
44,"ecodive","D1SP",0.957873279093262
44,"entropart","D1SP",0.957873279093262
44,"lawstat","D1SP",0.859020258470136
44,"MCPAN","D1SP",0.957873279093262
44,"microbiome","D1SP",0.957873279093262
44,"PCRA","D1SP",0.957873279093262
44,"RoughSets","D1SP",0.957873279093262
44,"simboot","D1SP",0.957873279093262
44,"sprex","D1SP",0.957873279093262
44,"untb","D1SP",0.960221007718491
44,"vegan","D1SP",0.957873279093262
44,"abdiv","DBRI",3.42746516439659
44,"ecodive","DBRI",3.42746516439659
44,"tabula","DBRI",3.42746516439659
44,"wiqid","DBRI",30.7984746498177
44,"BiodiversityR","DFIS",30.28666321
44,"ecodive","DFIS",30.287
44,"microbiome","DFIS",30.2866632145084
44,"preseqR","DFIS",9.02508474462478
44,"sads","DFIS",30.2866605849592
44,"vegan","DFIS",30.2866632145084
44,"custom","DGLE",13.4692112775924
44,"custom","DGOO_1_1",3.70501552915814
44,"custom","DGOO_1_2",0.344311464249789
44,"custom","DGOO_1_3",1
44,"custom","DGOO_2_1",0.115688653555067
44,"custom","DGOO_2_2",1.11388343816264
44,"custom","DGOO_2_3",1
44,"custom","DGOO_3_1",0.00799445680871661
44,"custom","DGOO_3_2",0.0503153219022197
44,"custom","DGOO_3_3",1
44,"abdiv","DINVSP",23.7379026536115
44,"adiv","DINVSP",23.7379026536115
44,"asbio","DINVSP",23.7379026536115
44,"BiodiversityR","DINVSP",23.73790265
44,"breakaway","DINVSP",23.7379026536115
44,"chemodiv","DINVSP",23.7379026536115
44,"codyn","DINVSP",5.6864064602961
44,"divseg","DINVSP",1.04212672090674
44,"ecodive","DINVSP",23.7379026536115
44,"microbiome","DINVSP",23.7379026536115
44,"sprex","DINVSP",23.7379026536115
44,"vegan","DINVSP",23.7379026536115
44,"wiqid","DINVSP",23.7379026536115
44,"custom","DKO",0.256880733944954
44,"abdiv","DMC",0.836094250093617
44,"adiv","DMC",0.836094250093617
44,"agricolae","DMC",0.836094250093617
44,"ecodive","DMC",0.836094250093617
44,"forestHES","DMC",0.836094250093617
44,"tabula","DMC",0.836094250093617
44,"abdiv","DMG",13.3029247186098
44,"adiv","DMG",13.3029247186098
44,"agricolae","DMG",37.2481892121074
44,"ecodive","DMG",13.3029247186098
44,"tabula","DMG",13.3029247186098
44,"abdiv","DMN",4.0051922291166
44,"adiv","DMN",4.0051922291166
44,"ecodive","DMN",4.0051922291166
44,"tabula","DMN",4.0051922291166
44,"custom","DOD",198.044009779951
44,"abdiv","DQ",0
44,"ade4","DRAO",0.957873279093261
44,"BAT","DRAO",0.957873279093209
44,"SYNCSA","DRAO",0.957873279093261
44,"abdiv","DSHA",3.70501552915814
44,"adiv","DSHA",3.70501552915814
44,"aqp","DSHA",5.34520753033305
44,"asbio","DSHA",3.70501552915814
44,"benthos","DSHA",0
44,"BiodiversityR","DSHA",3.70501553
44,"biosampleR","DSHA",3.77885116513345
44,"chemodiv","DSHA",3.70501552915814
44,"codyn","DSHA",3.70501552915814
44,"DescTools","DSHA",5.34520753033305
44,"divDyn","DSHA",3.70501552915814
44,"divent","DSHA",3.70501552915814
44,"diverse","DSHA",3.77885116513345
44,"ecodive","DSHA",3.70501552915814
44,"EconGeo","DSHA",5.345
44,"entropart","DSHA",3.70501552915814
44,"forestmangr","DSHA",3.56
44,"HardyWeinberg","DSHA",3.70501552915814
44,"iNEXT","DSHA",3.705
44,"MCPAN","DSHA",3.70501552915814
44,"microbiome","DSHA",3.70501552915814
44,"OTUtable","DSHA",3.70501552915814
44,"pgirmess","DSHA",5.34520753033305
44,"SpiecEasi","DSHA",3.70501552915814
44,"sprex","DSHA",3.70501552915814
44,"tabula","DSHA",3.70501552915814
44,"triversity","DSHA",5.34520753033305
44,"vegan","DSHA",3.70501552915814
44,"wavethresh","DSHA",-46052.274098577
44,"wiqid","DSHA",40.6506785827936
44,"abdiv","DSP",0.0421267209067378
44,"agricolae","DSP",0.0421267209067378
44,"antitrust","DSP",421.267209067378
44,"benthos","DSP",0.0397789922815092
44,"breakaway","DSP",0.0421267209067378
44,"concstats","DSP",0.0421267209067378
44,"DescTools","DSP",0.0421267209067378
44,"diverse","DSP",0.0367890402524436
44,"divseg","DSP",1.04212672090674
44,"EconGeo","DSP",0.0421267209067378
44,"hhi","DSP",0.17585798816568
44,"ineq","DSP",0.0421267209067378
44,"microbiome","DSP",0.0421267209067378
44,"PDtoolkit","DSP",0.0421267209067378
44,"politics","DSP",0.0421267209067378
44,"REAT","DSP",0.0421267209067378
44,"sprex","DSP",0.0421267209067378
44,"tabula","DSP",0.0421267209067378
44,"triversity","DSP",0.0421267209067378
44,"abdiv","EBP",0.134474327628362
44,"agricolae","EBP",0.134474327628362
44,"BiodiversityR","EBP",0.13447433
44,"diverse","EBP",0.100702576112412
44,"dyvDyn","EBP",0.134474327628362
44,"ecodive","EBP",0.134474327628362
44,"microbiome","EBP",0.134474327628362
44,"tabula","EBP",0.134474327628362
44,"triversity","EBP",0.134474327628362
44,"wiqid","EBP",1
44,"tabula","EBRI",0.844690750489199
44,"BAT","EBU",0.53221271393643
44,"microbiome","EBU",0.53221271393643
44,"BAT","ECAM",0.985055389537867
44,"microbiome","ECAM",0.730025053578436
44,"codyn","EEQ",0.196704123723514
44,"custom","EEQ",0.00102995557112143
44,"adiv","EEVAR",0.473773369576989
44,"codyn","EEVAR",0.493165216569056
44,"custom","EEVAR",0.473773369576989
44,"microbiome","EEVAR",0.473773369576989
44,"acid","EGIN",0.855202390654713
44,"DescTools","EGIN",0.855202390654713
44,"dplR","EGIN",0.855202390654713
44,"EconGeo","EGIN",0.855
44,"giniVarCI","EGIN",0.855202390654713
44,"ineq","EGIN",0.855202390654713
44,"microbiome","EGIN",0.855202390654712
44,"REAT","EGIN",0.855202390654713
44,"shipunov","EGIN",0.855202390654712
44,"wINEQ","EGIN",0.855202390654713
44,"abdiv","EHEI",0.49563348228492
44,"adiv","EHEI",0.49563348228492
44,"custom","EHUL",0.198044009779951
44,"benthos","EHURE",0.960221007718491
44,"BiodiversityR","EHURE",0.96022101
44,"mobr","EHURE",0.960221007718491
44,"vegan","EHURE",0.960221007718095
44,"custom","ELR",0.186931861503475
44,"abdiv","EMC",0.255062026215507
44,"tabula","EMC",0.894096056448596
44,"microbiome","EMN",0.198044009779951
44,"custom","ENHC",-0.0417374110136095
44,"custom","EPAT",0.259365831865057
44,"abdiv","EPIE",0.843112617475333
44,"adiv","EPIE",0.843112617475333
44,"BiodiversityR","EPIE",0.84311262
44,"breakaway","EPIE",0.843112617475333
44,"chemodiv","EPIE",0.843112617475333
44,"diverse","EPIE",0.837723090172534
44,"forestmangr","EPIE",1
44,"microbiome","EPIE",0.843112617475333
44,"OTUtable","EPIE",0.843112617475333
44,"pctax","EPIE",0.8431
44,"sprex","EPIE",0.843112617475333
44,"tabula","EPIE",0.843112617475333
44,"custom","ESHE",0.501860229417205
44,"adiv","ESP",0.293060526587796
44,"codyn","ESP",0.437415881561238
44,"sprex","ESP",0.0457409324587425
44,"tabula","ESP",0.293060526587796
44,"abdiv","EST",0.462012134383773
44,"adiv","QHIL_0",81
44,"adiv","QHIL_1",40.6506785827936
44,"adiv","QHIL_2",23.7379026536115
44,"adiv","QHIL_3",17.0275421743482
44,"BAT","QHIL_0",81
44,"BAT","QHIL_1",40.6506785827936
44,"BAT","QHIL_2",23.7379026536115
44,"BAT","QHIL_3",17.0275421743482
44,"benthos","QHIL_0",225
44,"benthos","QHIL_1",40.6506785827936
44,"benthos","QHIL_2",23.7379026536115
44,"benthos","QHIL_3",17.0275421743482
44,"breakaway","QHIL_0",81
44,"breakaway","QHIL_1",40.6506785827936
44,"breakaway","QHIL_2",23.7379026536115
44,"breakaway","QHIL_3",17.0275421743482
44,"chemodiv","QHIL_0",81
44,"chemodiv","QHIL_1",40.6506785827936
44,"chemodiv","QHIL_2",23.7379026536115
44,"chemodiv","QHIL_3",17.0275421743482
44,"divDyn","QHIL_2",23.7379026536115
44,"divent","QHIL_0",81
44,"divent","QHIL_1",40.6506785827936
44,"divent","QHIL_2",23.7379026536115
44,"divent","QHIL_3",17.0275421743482
44,"entropart","QHIL_0",81
44,"entropart","QHIL_1",40.6506785827936
44,"entropart","QHIL_2",23.7379026536115
44,"entropart","QHIL_3",17.0275421743482
44,"EntropyEstimation","QHIL_1",45.2222625217173
44,"EntropyEstimation","QHIL_2",25.1388972582095
44,"EntropyEstimation","QHIL_3",17.7464788178785
44,"hilldiv","QHIL_0",81
44,"hilldiv","QHIL_1",40.6509450880018
44,"hilldiv","QHIL_2",23.7379026536115
44,"hilldiv","QHIL_3",17.0275421743482
44,"hillR","QHIL_0",81
44,"hillR","QHIL_1",40.6506785827936
44,"hillR","QHIL_2",23.7379026536115
44,"hillR","QHIL_3",17.0275421743482
44,"sprex","QHIL_0",81
44,"sprex","QHIL_1",40.6506785827936
44,"sprex","QHIL_2",23.7379026536115
44,"sprex","QHIL_3",17.0275421743482
44,"vegan","QHIL_0",81
44,"vegan","QHIL_1",40.6506785827936
44,"vegan","QHIL_2",23.7379026536115
44,"vegan","QHIL_3",17.0275421743482
44,"adiv","QREN_0",4.39444915467244
44,"adiv","QREN_1",3.70501552915814
44,"adiv","QREN_2",3.16707303875858
44,"adiv","QREN_3",2.83483216096763
44,"BiodiversityR","QREN_0",4.39444915467244
44,"BiodiversityR","QREN_1",3.70501552915814
44,"BiodiversityR","QREN_2",3.16707303875858
44,"BiodiversityR","QREN_3",2.83483216096763
44,"diverse","QREN_0",4.51085950651685
44,"diverse","QREN_1",3.77885116513345
44,"diverse","QREN_2",3.24304548135338
44,"diverse","QREN_3",2.9679747510274
44,"EntropyEstimation","QREN_1",3.81158949924961
44,"EntropyEstimation","QREN_2",3.22441633816701
44,"EntropyEstimation","QREN_3",2.87618711978467
44,"seewave","QREN_2",0.584751550743998
44,"seewave","QREN_3",0.52340835716885
44,"sprex","QREN_0",4.39444915467244
44,"sprex","QREN_1",3.70501552915814
44,"sprex","QREN_2",3.16707303875858
44,"sprex","QREN_3",2.83483216096763
44,"statcomp","QREN_1",0.6840743808313
44,"statcomp","QREN_2",0.584751537742828
44,"statcomp","QREN_3",0.523408347417972
44,"vegan","QREN_0",4.39444915467244
44,"vegan","QREN_1",3.70501552915814
44,"vegan","QREN_2",3.16707303875858
44,"vegan","QREN_3",2.83483216096763
44,"adiv","QTSA_0",80
44,"adiv","QTSA_1",3.70501552915814
44,"adiv","QTSA_2",0.957873279093262
44,"adiv","QTSA_3",0.49827548857844
44,"divent","QTSA_0",80
44,"divent","QTSA_1",3.70501552915814
44,"divent","QTSA_2",0.957873279093262
44,"divent","QTSA_3",0.49827548857844
44,"entropart","QTSA_0",80
44,"entropart","QTSA_1",3.70501552915814
44,"entropart","QTSA_2",0.957873279093262
44,"entropart","QTSA_3",0.49827548857844
44,"EntropyEstimation","QTSA_1",3.81158949924961
44,"EntropyEstimation","QTSA_2",0.96022100771849
44,"EntropyEstimation","QTSA_3",0.498412383462002
44,"vegan","QTSA_0",80
44,"vegan","QTSA_1",3.70501552915814
44,"vegan","QTSA_2",0.957873279093262
44,"vegan","QTSA_3",0.49827548857844
44,"BAT","RACE",122.48597368138
44,"ecodive","RACE",122.48597368138
44,"fossil","RACE",95.6586826347305
44,"pctax","RACE",122.486
44,"sprex","RACE",409
44,"tabula","RACE",122.48597368138
44,"vegan","RACE",122.48597368138
44,"wiqid","RACE",122.48597368138
44,"BiodiversityR","RBOO",81
44,"wiqid","RBOO",225
44,"BAT","RC1",127.75
44,"BiodiversityR","RC1",81
44,"biosampleR","RC1",128.05
44,"iNEXT","RC1",133.417
44,"microbiome","RC1",127.75
44,"pctax","RC1",127.75
44,"rareNMtests","RC1",81
44,"SpadeR","RC1",81
44,"SSP","RC1",81
44,"vegan","RC1",127.75
44,"wiqid","RC1",133.545454545455
44,"BAT","RC1M",150.258611492151
44,"divent","RC1M",133.416981551456
44,"ecodive","RC1M",133.545454545455
44,"entropart","RC1M",133.416981551456
44,"fossil","RC1M",133.545454545455
44,"mobr","RC1M",133.416981551456
44,"OTUtable","RC1M",133.545454545455
44,"tabula","RC1M",133.416981551456
44,"wiqid","RC1M",133.545454545455
44,"BAT","RCA2",236.560622129004
44,"divDyn","RCA2",127.172839506173
44,"fossil","RCA2",133.545454545455
44,"tabula","RCA2",81
44,"wiqid","RCA2",81
44,"benthos","RHUR_2",1.96022100771809
44,"benthos","RHUR_3",2.88383825623145
44,"divent","RHUR_2",25.1388975971039
44,"divent","RHUR_3",25.4883081815061
44,"entropart","RHUR_2",1.9602210077181
44,"entropart","RHUR_3",2.88383825623146
44,"mobsim","RHUR_2",1.96022100771809
44,"mobsim","RHUR_3",2.88383825623145
44,"tabula","RHUR_2",1.96022100775914
44,"tabula","RHUR_3",2.88383825622267
44,"vegan","RHUR_2",1.96022100771809
44,"vegan","RHUR_3",2.88383825623145
44,"BAT","RICE",238.070126041214
44,"fossil","RICE",95.6586826347305
44,"tabula","RICE",81
44,"wiqid","RICE",81
44,"BAT","RJA1",115
44,"BiodiversityR","RJA1",81
44,"divent","RJA1",156
44,"entropart","RJA1",156
44,"fossil","RJA1",114.916870415648
44,"SSP","RJA1",81
44,"tabula","RJA1",3.68010854354178
44,"wiqid","RJA1",115
44,"BAT","RJA2",138
44,"BiodiversityR","RJA2",81
44,"fossil","RJA2",137.581841171677
44,"SSP","RJA2",81
44,"wiqid","RJA2",138
44,"asbio","RLMD",139.270714361506
44,"sads","RLMD",0.96991655876459
44,"vegan","RLMD",111.86104065458
44,"wiqid","RMM",0
44,"divDyn","RSQ",130.513648215794
44,"ecodive","RSQ",130.513648215794
44,"tabula","RSQ",130.513648215794
45,"custom","RICH",81
45,"abdiv","D1SP",0.952885317750183
45,"ade4","D1SP",0.952885317750183
45,"adiv","D1SP",0.952885317750183
45,"agricolae","D1SP",0.952885317750183
45,"asbio","D1SP",0.952885317750183
45,"BiodiversityR","D1SP",0.95288532
45,"biosampleR","D1SP",0.967826683658465
45,"breakaway","D1SP",0.952885317750183
45,"catsim","D1SP",0.561422222222222
45,"concstats","D1SP",0.995746047688615
45,"CUB","D1SP",0.957139270061567
45,"DescTools","D1SP",0.952885317750183
45,"divent","D1SP",0.952885317750183
45,"diverse","D1SP",0.967826683658465
45,"ecodive","D1SP",0.952885317750183
45,"entropart","D1SP",0.952885317750183
45,"lawstat","D1SP",0.87067648005148
45,"MCPAN","D1SP",0.952885317750183
45,"microbiome","D1SP",0.952885317750183
45,"PCRA","D1SP",0.952885317750183
45,"RoughSets","D1SP",0.952885317750183
45,"simboot","D1SP",0.952885317750183
45,"sprex","D1SP",0.952885317750183
45,"untb","D1SP",0.955036300408761
45,"vegan","D1SP",0.952885317750183
45,"abdiv","DBRI",3.35393515858668
45,"ecodive","DBRI",3.35393515858668
45,"tabula","DBRI",3.35393515858668
45,"wiqid","DBRI",28.6151173997343
45,"BiodiversityR","DFIS",29.02041163
45,"ecodive","DFIS",29.02
45,"microbiome","DFIS",29.0204116289656
45,"preseqR","DFIS",14.470922283107
45,"sads","DFIS",29.0204076088467
45,"vegan","DFIS",29.0204116289656
45,"custom","DGLE",13.2877839856469
45,"custom","DGOO_1_1",3.60951768660385
45,"custom","DGOO_1_2",0.358320425243625
45,"custom","DGOO_1_3",1
45,"custom","DGOO_2_1",0.125389729448137
45,"custom","DGOO_2_2",1.11281820310292
45,"custom","DGOO_2_3",1
45,"custom","DGOO_3_1",0.00929298667467278
45,"custom","DGOO_3_2",0.056823724641074
45,"custom","DGOO_3_3",1
45,"abdiv","DINVSP",21.2248062015504
45,"adiv","DINVSP",21.2248062015504
45,"asbio","DINVSP",21.2248062015504
45,"BiodiversityR","DINVSP",21.2248062
45,"breakaway","DINVSP",21.2248062015504
45,"chemodiv","DINVSP",21.2248062015504
45,"codyn","DINVSP",2.41588296760711
45,"divseg","DINVSP",1.04711468224982
45,"ecodive","DINVSP",21.2248062015504
45,"microbiome","DINVSP",21.2248062015504
45,"sprex","DINVSP",21.2248062015504
45,"vegan","DINVSP",21.2248062015504
45,"wiqid","DINVSP",21.2248062015504
45,"custom","DKO",0.256880733944954
45,"abdiv","DMC",0.821948795965021
45,"adiv","DMC",0.821948795965021
45,"agricolae","DMC",0.821948795965021
45,"ecodive","DMC",0.821948795965021
45,"forestHES","DMC",0.821948795965021
45,"tabula","DMC",0.821948795965021
45,"abdiv","DMG",13.1237372697747
45,"adiv","DMG",13.1237372697747
45,"agricolae","DMG",36.7464643553692
45,"ecodive","DMG",13.1237372697747
45,"tabula","DMG",13.1237372697747
45,"abdiv","DMN",3.84408988279762
45,"adiv","DMN",3.84408988279762
45,"ecodive","DMN",3.84408988279762
45,"tabula","DMN",3.84408988279762
45,"custom","DOD",182.432432432432
45,"abdiv","DQ",0
45,"ade4","DRAO",0.952885317750181
45,"BAT","DRAO",0.952885317750147
45,"SYNCSA","DRAO",0.952885317750182
45,"abdiv","DSHA",3.60951768660385
45,"adiv","DSHA",3.60951768660385
45,"aqp","DSHA",5.20743326646437
45,"asbio","DSHA",3.60951768660385
45,"benthos","DSHA",0
45,"BiodiversityR","DSHA",3.60951769
45,"biosampleR","DSHA",3.96994030027638
45,"chemodiv","DSHA",3.60951768660385
45,"codyn","DSHA",3.60951768660385
45,"DescTools","DSHA",5.20743326646437
45,"divDyn","DSHA",3.60951768660385
45,"divent","DSHA",3.60951768660385
45,"diverse","DSHA",3.96994030027638
45,"ecodive","DSHA",3.60951768660385
45,"EconGeo","DSHA",5.207
45,"entropart","DSHA",3.60951768660385
45,"forestmangr","DSHA",3.56
45,"HardyWeinberg","DSHA",3.60951768660385
45,"iNEXT","DSHA",3.61
45,"MCPAN","DSHA",3.60951768660385
45,"microbiome","DSHA",3.60951768660385
45,"OTUtable","DSHA",3.60951768660385
45,"pgirmess","DSHA",5.20743326646437
45,"SpiecEasi","DSHA",3.60951768660385
45,"sprex","DSHA",3.60951768660385
45,"tabula","DSHA",3.60951768660385
45,"triversity","DSHA",5.20743326646437
45,"vegan","DSHA",3.60951768660385
45,"wavethresh","DSHA",-63798.3776627651
45,"wiqid","DSHA",36.9482278912922
45,"abdiv","DSP",0.0471146822498174
45,"agricolae","DSP",0.0471146822498174
45,"antitrust","DSP",471.146822498174
45,"benthos","DSP",0.0449636995912391
45,"breakaway","DSP",0.0471146822498174
45,"concstats","DSP",0.0471146822498174
45,"DescTools","DSP",0.0471146822498174
45,"diverse","DSP",0.0302530253025303
45,"divseg","DSP",1.04711468224982
45,"EconGeo","DSP",0.0471146822498174
45,"hhi","DSP",0.413927335640138
45,"ineq","DSP",0.0471146822498174
45,"microbiome","DSP",0.0471146822498174
45,"PDtoolkit","DSP",0.0471146822498174
45,"politics","DSP",0.0471146822498174
45,"REAT","DSP",0.0471146822498174
45,"sprex","DSP",0.0471146822498174
45,"tabula","DSP",0.0471146822498174
45,"triversity","DSP",0.0471146822498174
45,"abdiv","EBP",0.128378378378378
45,"agricolae","EBP",0.128378378378378
45,"BiodiversityR","EBP",0.12837838
45,"diverse","EBP",0.108910891089109
45,"dyvDyn","EBP",0.128378378378378
45,"ecodive","EBP",0.128378378378378
45,"microbiome","EBP",0.128378378378378
45,"tabula","EBP",0.128378378378378
45,"triversity","EBP",0.128378378378378
45,"wiqid","EBP",1
45,"tabula","EBRI",0.823257378469338
45,"BAT","EBU",0.491722972972973
45,"microbiome","EBU",0.491722972972973
45,"BAT","ECAM",0.984249527305083
45,"microbiome","ECAM",0.779891002113224
45,"codyn","EEQ",0.159914202166077
45,"custom","EEQ",0.0010572919411679
45,"adiv","EEVAR",0.44881706347686
45,"codyn","EEVAR",0.372909109809318
45,"custom","EEVAR",0.44881706347686
45,"microbiome","EEVAR",0.44881706347686
45,"acid","EGIN",0.866806806806807
45,"DescTools","EGIN",0.866806806806807
45,"dplR","EGIN",0.866806806806807
45,"EconGeo","EGIN",0.867
45,"giniVarCI","EGIN",0.866806806806807
45,"ineq","EGIN",0.866806806806807
45,"microbiome","EGIN",0.866806806806807
45,"REAT","EGIN",0.866806806806807
45,"shipunov","EGIN",0.866806806806807
45,"wINEQ","EGIN",0.866806806806807
45,"abdiv","EHEI",0.449352848641153
45,"adiv","EHEI",0.449352848641153
45,"custom","EHUL",0.222972972972973
45,"benthos","EHURE",0.955036300408761
45,"BiodiversityR","EHURE",0.9550363
45,"mobr","EHURE",0.955036300408761
45,"vegan","EHURE",0.955036300408568
45,"custom","ELR",0.169906167861546
45,"abdiv","EMC",0.26468458405606
45,"tabula","EMC",0.880808436422498
45,"microbiome","EMN",0.222972972972973
45,"custom","ENHC",-0.0428465143245347
45,"custom","EPAT",0.325893188310362
45,"abdiv","EPIE",0.821381146887544
45,"adiv","EPIE",0.821381146887544
45,"BiodiversityR","EPIE",0.82138115
45,"breakaway","EPIE",0.821381146887544
45,"chemodiv","EPIE",0.821381146887544
45,"diverse","EPIE",0.860202953701745
45,"forestmangr","EPIE",1
45,"microbiome","EPIE",0.821381146887544
45,"OTUtable","EPIE",0.821381146887544
45,"pctax","EPIE",0.8214
45,"sprex","EPIE",0.821381146887544
45,"tabula","EPIE",0.821381146887544
45,"custom","ESHE",0.456150961620892
45,"adiv","ESP",0.262034644463585
45,"codyn","ESP",0.268431440845234
45,"sprex","ESP",0.0445619467481956
45,"tabula","ESP",0.262034644463585
45,"abdiv","EST",0.502002002002002
45,"adiv","QHIL_0",81
45,"adiv","QHIL_1",36.9482278912922
45,"adiv","QHIL_2",21.2248062015504
45,"adiv","QHIL_3",15.8793285431674
45,"BAT","QHIL_0",81
45,"BAT","QHIL_1",36.9482278912922
45,"BAT","QHIL_2",21.2248062015504
45,"BAT","QHIL_3",15.8793285431674
45,"benthos","QHIL_0",225
45,"benthos","QHIL_1",36.9482278912922
45,"benthos","QHIL_2",21.2248062015504
45,"benthos","QHIL_3",15.8793285431674
45,"breakaway","QHIL_0",81
45,"breakaway","QHIL_1",36.9482278912922
45,"breakaway","QHIL_2",21.2248062015504
45,"breakaway","QHIL_3",15.8793285431674
45,"chemodiv","QHIL_0",81
45,"chemodiv","QHIL_1",36.9482278912922
45,"chemodiv","QHIL_2",21.2248062015504
45,"chemodiv","QHIL_3",15.8793285431674
45,"divDyn","QHIL_2",21.2248062015504
45,"divent","QHIL_0",81
45,"divent","QHIL_1",36.9482278912922
45,"divent","QHIL_2",21.2248062015504
45,"divent","QHIL_3",15.8793285431673
45,"entropart","QHIL_0",81
45,"entropart","QHIL_1",36.9482278912922
45,"entropart","QHIL_2",21.2248062015504
45,"entropart","QHIL_3",15.8793285431674
45,"EntropyEstimation","QHIL_1",40.7642061081692
45,"EntropyEstimation","QHIL_2",22.240162822252
45,"EntropyEstimation","QHIL_3",16.4789329358958
45,"hilldiv","QHIL_0",81
45,"hilldiv","QHIL_1",36.9484965831862
45,"hilldiv","QHIL_2",21.2248062015504
45,"hilldiv","QHIL_3",15.8793285431674
45,"hillR","QHIL_0",81
45,"hillR","QHIL_1",36.9482278912922
45,"hillR","QHIL_2",21.2248062015504
45,"hillR","QHIL_3",15.8793285431674
45,"sprex","QHIL_0",81
45,"sprex","QHIL_1",36.9482278912922
45,"sprex","QHIL_2",21.2248062015504
45,"sprex","QHIL_3",15.8793285431674
45,"vegan","QHIL_0",81
45,"vegan","QHIL_1",36.9482278912922
45,"vegan","QHIL_2",21.2248062015504
45,"vegan","QHIL_3",15.8793285431674
45,"adiv","QREN_0",4.39444915467244
45,"adiv","QREN_1",3.60951768660385
45,"adiv","QREN_2",3.05517060148672
45,"adiv","QREN_3",2.76501817174917
45,"BiodiversityR","QREN_0",4.39444915467244
45,"BiodiversityR","QREN_1",3.60951768660385
45,"BiodiversityR","QREN_2",3.05517060148672
45,"BiodiversityR","QREN_3",2.76501817174917
45,"diverse","QREN_0",4.61512051684126
45,"diverse","QREN_1",3.96994030027638
45,"diverse","QREN_2",3.43661785502653
45,"diverse","QREN_3",3.09849585303051
45,"EntropyEstimation","QREN_1",3.70780439508577
45,"EntropyEstimation","QREN_2",3.10189979050001
45,"EntropyEstimation","QREN_3",2.80208277334957
45,"seewave","QREN_2",0.564090478291003
45,"seewave","QREN_3",0.510518272385133
45,"sprex","QREN_0",4.39444915467244
45,"sprex","QREN_1",3.60951768660385
45,"sprex","QREN_2",3.05517060148672
45,"sprex","QREN_3",2.76501817174917
45,"statcomp","QREN_1",0.666442166606573
45,"statcomp","QREN_2",0.564090466314699
45,"statcomp","QREN_3",0.510518263402905
45,"vegan","QREN_0",4.39444915467244
45,"vegan","QREN_1",3.60951768660385
45,"vegan","QREN_2",3.05517060148672
45,"vegan","QREN_3",2.76501817174917
45,"adiv","QTSA_0",80
45,"adiv","QTSA_1",3.60951768660385
45,"adiv","QTSA_2",0.952885317750183
45,"adiv","QTSA_3",0.498017077523104
45,"divent","QTSA_0",80
45,"divent","QTSA_1",3.60951768660385
45,"divent","QTSA_2",0.952885317750183
45,"divent","QTSA_3",0.498017077523104
45,"entropart","QTSA_0",80
45,"entropart","QTSA_1",3.60951768660385
45,"entropart","QTSA_2",0.952885317750183
45,"entropart","QTSA_3",0.498017077523104
45,"EntropyEstimation","QTSA_1",3.70780439508577
45,"EntropyEstimation","QTSA_2",0.95503630040876
45,"EntropyEstimation","QTSA_3",0.498158753934879
45,"vegan","QTSA_0",80
45,"vegan","QTSA_1",3.60951768660385
45,"vegan","QTSA_2",0.952885317750183
45,"vegan","QTSA_3",0.498017077523104
45,"BAT","RACE",129.701000701179
45,"ecodive","RACE",129.701000701179
45,"fossil","RACE",95.9937888198758
45,"pctax","RACE",129.701
45,"sprex","RACE",NA
45,"tabula","RACE",129.701000701179
45,"vegan","RACE",129.701000701179
45,"wiqid","RACE",129.701000701179
45,"BiodiversityR","RBOO",81
45,"wiqid","RBOO",225
45,"BAT","RC1",118.4
45,"BiodiversityR","RC1",81
45,"biosampleR","RC1",136
45,"iNEXT","RC1",122.193
45,"microbiome","RC1",118.4
45,"pctax","RC1",118.4
45,"rareNMtests","RC1",81
45,"SpadeR","RC1",81
45,"SSP","RC1",81
45,"vegan","RC1",118.4
45,"wiqid","RC1",122.285714285714
45,"BAT","RC1M",139.261210181375
45,"divent","RC1M",122.192728442728
45,"ecodive","RC1M",122.285714285714
45,"entropart","RC1M",122.192728442728
45,"fossil","RC1M",122.285714285714
45,"mobr","RC1M",122.192728442728
45,"OTUtable","RC1M",122.285714285714
45,"tabula","RC1M",122.192728442728
45,"wiqid","RC1M",122.285714285714
45,"BAT","RCA2",236.572283233531
45,"divDyn","RCA2",117.938271604938
45,"fossil","RCA2",122.285714285714
45,"tabula","RCA2",81
45,"wiqid","RCA2",81
45,"benthos","RHUR_2",1.95503630040857
45,"benthos","RHUR_3",2.86879139335647
45,"divent","RHUR_2",22.2401466044001
45,"divent","RHUR_3",22.5260138065646
45,"entropart","RHUR_2",1.95503630040858
45,"entropart","RHUR_3",2.86879139335647
45,"mobsim","RHUR_2",1.95503630040857
45,"mobsim","RHUR_3",2.86879139335647
45,"tabula","RHUR_2",1.95503630042445
45,"tabula","RHUR_3",2.86879139335603
45,"vegan","RHUR_2",1.95503630040857
45,"vegan","RHUR_3",2.86879139335647
45,"BAT","RICE",238.679029574078
45,"fossil","RICE",95.9937888198758
45,"tabula","RICE",81
45,"wiqid","RICE",81
45,"BAT","RJA1",115
45,"BiodiversityR","RJA1",81
45,"divent","RJA1",135
45,"entropart","RJA1",135
45,"fossil","RJA1",114.923423423423
45,"SSP","RJA1",81
45,"tabula","RJA1",3.58217326128519
45,"wiqid","RJA1",115
45,"BAT","RJA2",135
45,"BiodiversityR","RJA2",81
45,"fossil","RJA2",134.635063957863
45,"SSP","RJA2",81
45,"wiqid","RJA2",135
45,"asbio","RLMD",130.187613508943
45,"sads","RLMD",0.968666827027551
45,"vegan","RLMD",127.425781801459
45,"wiqid","RMM",0
45,"divDyn","RSQ",136.236225576442
45,"ecodive","RSQ",136.236225576442
45,"tabula","RSQ",136.236225576442
46,"custom","RICH",86
46,"abdiv","D1SP",0.964672796106003
46,"ade4","D1SP",0.964672796106003
46,"adiv","D1SP",0.964672796106003
46,"agricolae","D1SP",0.964672796106003
46,"asbio","D1SP",0.964672796106003
46,"BiodiversityR","D1SP",0.9646728
46,"biosampleR","D1SP",0.967978395061728
46,"breakaway","D1SP",0.964672796106003
46,"catsim","D1SP",0.591407407407407
46,"concstats","D1SP",0.995693425017384
46,"CUB","D1SP",0.968979371088619
46,"DescTools","D1SP",0.964672796106003
46,"divent","D1SP",0.964672796106003
46,"diverse","D1SP",0.967978395061728
46,"ecodive","D1SP",0.964672796106003
46,"entropart","D1SP",0.964672796106003
46,"lawstat","D1SP",0.843272425249169
46,"MCPAN","D1SP",0.964672796106003
46,"microbiome","D1SP",0.964672796106003
46,"PCRA","D1SP",0.964672796106003
46,"RoughSets","D1SP",0.964672796106003
46,"simboot","D1SP",0.964672796106003
46,"sprex","D1SP",0.964672796106003
46,"untb","D1SP",0.966921450642381
46,"vegan","D1SP",0.964672796106003
46,"abdiv","DBRI",3.52609424520612
46,"ecodive","DBRI",3.52609424520612
46,"tabula","DBRI",3.52609424520612
46,"wiqid","DBRI",33.9909477053319
46,"BiodiversityR","DFIS",32.32597944
46,"ecodive","DFIS",32.326
46,"microbiome","DFIS",32.3259794386303
46,"preseqR","DFIS",12.5802272895751
46,"sads","DFIS",32.3259770818966
46,"vegan","DFIS",32.3259794386303
46,"custom","DGLE",14.1825604041495
46,"custom","DGOO_1_1",3.81048858416173
46,"custom","DGOO_1_2",0.335933185958441
46,"custom","DGOO_1_3",1
46,"custom","DGOO_2_1",0.106501942422535
46,"custom","DGOO_2_2",1.12118298328395
46,"custom","DGOO_2_3",1
46,"custom","DGOO_3_1",0.00555127936745819
46,"custom","DGOO_3_2",0.0451091755452297
46,"custom","DGOO_3_3",1
46,"abdiv","DINVSP",28.3067973055726
46,"adiv","DINVSP",28.3067973055726
46,"asbio","DINVSP",28.3067973055726
46,"BiodiversityR","DINVSP",28.30679731
46,"breakaway","DINVSP",28.3067973055726
46,"chemodiv","DINVSP",28.3067973055726
46,"codyn","DINVSP",3.92925026399155
46,"divseg","DINVSP",1.035327203894
46,"ecodive","DINVSP",28.3067973055725
46,"microbiome","DINVSP",28.3067973055726
46,"sprex","DINVSP",28.3067973055726
46,"vegan","DINVSP",28.3067973055726
46,"wiqid","DINVSP",28.3067973055726
46,"custom","DKO",0.211009174311927
46,"abdiv","DMC",0.853189108138378
46,"adiv","DMC",0.853189108138378
46,"agricolae","DMC",0.853189108138378
46,"ecodive","DMC",0.853189108138378
46,"forestHES","DMC",0.853189108138378
46,"tabula","DMC",0.853189108138378
46,"abdiv","DMG",14.0176469110779
46,"adiv","DMG",14.0176469110779
46,"agricolae","DMG",36.9406224480172
46,"ecodive","DMG",14.0176469110779
46,"tabula","DMG",14.0176469110779
46,"abdiv","DMN",4.14728827066554
46,"adiv","DMN",4.14728827066554
46,"ecodive","DMN",4.14728827066554
46,"tabula","DMN",4.14728827066554
46,"custom","DOD",200
46,"abdiv","DQ",0
46,"ade4","DRAO",0.964672796106003
46,"BAT","DRAO",0.964672796105978
46,"SYNCSA","DRAO",0.964672796106004
46,"abdiv","DSHA",3.81048858416173
46,"adiv","DSHA",3.81048858416173
46,"aqp","DSHA",5.49737298373414
46,"asbio","DSHA",3.81048858416173
46,"benthos","DSHA",0
46,"BiodiversityR","DSHA",3.81048858
46,"biosampleR","DSHA",3.90661620707035
46,"chemodiv","DSHA",3.81048858416173
46,"codyn","DSHA",3.81048858416173
46,"DescTools","DSHA",5.49737298373414
46,"divDyn","DSHA",3.81048858416173
46,"divent","DSHA",3.81048858416173
46,"diverse","DSHA",3.90661620707035
46,"ecodive","DSHA",3.81048858416173
46,"EconGeo","DSHA",5.497
46,"entropart","DSHA",3.81048858416173
46,"forestmangr","DSHA",3.56
46,"HardyWeinberg","DSHA",3.81048858416173
46,"iNEXT","DSHA",3.81
46,"MCPAN","DSHA",3.81048858416173
46,"microbiome","DSHA",3.81048858416173
46,"OTUtable","DSHA",3.81048858416173
46,"pgirmess","DSHA",5.49737298373414
46,"SpiecEasi","DSHA",3.81048858416173
46,"sprex","DSHA",3.81048858416173
46,"tabula","DSHA",3.81048858416173
46,"triversity","DSHA",5.49737298373414
46,"vegan","DSHA",3.81048858416173
46,"wavethresh","DSHA",-39832.8716584415
46,"wiqid","DSHA",45.1725040455537
46,"abdiv","DSP",0.0353272038939968
46,"agricolae","DSP",0.0353272038939968
46,"antitrust","DSP",353.272038939968
46,"benthos","DSP",0.0330785493576191
46,"breakaway","DSP",0.0353272038939968
46,"concstats","DSP",0.0353272038939968
46,"DescTools","DSP",0.0353272038939968
46,"diverse","DSP",0.0297757153905646
46,"divseg","DSP",1.035327203894
46,"EconGeo","DSP",0.0353272038939968
46,"hhi","DSP",0.254501478097286
46,"ineq","DSP",0.0353272038939968
46,"microbiome","DSP",0.0353272038939968
46,"PDtoolkit","DSP",0.0353272038939968
46,"politics","DSP",0.0353272038939968
46,"REAT","DSP",0.0353272038939968
46,"sprex","DSP",0.0353272038939968
46,"tabula","DSP",0.0353272038939968
46,"triversity","DSP",0.0353272038939968
46,"abdiv","EBP",0.0837209302325581
46,"agricolae","EBP",0.0837209302325581
46,"BiodiversityR","EBP",0.08372093
46,"diverse","EBP",0.099537037037037
46,"dyvDyn","EBP",0.0837209302325581
46,"ecodive","EBP",0.0837209302325581
46,"microbiome","EBP",0.0837209302325581
46,"tabula","EBP",0.0837209302325581
46,"triversity","EBP",0.0837209302325581
46,"wiqid","EBP",1
46,"tabula","EBRI",0.856789069682897
46,"BAT","EBU",0.536470588235294
46,"microbiome","EBU",0.536470588235294
46,"BAT","ECAM",0.986349378042185
46,"microbiome","ECAM",0.648323418063818
46,"codyn","EEQ",0.207474630296101
46,"custom","EEQ",0.000864583388893946
46,"adiv","EEVAR",0.508653696416664
46,"codyn","EEVAR",0.548436113200961
46,"custom","EEVAR",0.508653696416664
46,"microbiome","EEVAR",0.508653696416664
46,"acid","EGIN",0.839524547803618
46,"DescTools","EGIN",0.839524547803617
46,"dplR","EGIN",0.839524547803618
46,"EconGeo","EGIN",0.84
46,"giniVarCI","EGIN",0.839524547803618
46,"ineq","EGIN",0.839524547803618
46,"microbiome","EGIN",0.839524547803617
46,"REAT","EGIN",0.839524547803618
46,"shipunov","EGIN",0.839524547803617
46,"wINEQ","EGIN",0.839524547803618
46,"abdiv","EHEI",0.519676518182984
46,"adiv","EHEI",0.519676518182984
46,"custom","EHUL",0.16046511627907
46,"benthos","EHURE",0.966921450642381
46,"BiodiversityR","EHURE",0.96692145
46,"mobr","EHURE",0.966921450642381
46,"vegan","EHURE",0.966921450642564
46,"custom","ELR",0.195506300524624
46,"abdiv","EMC",0.234179554629701
46,"tabula","EMC",0.910193348750049
46,"microbiome","EMN",0.16046511627907
46,"custom","ENHC",-0.0371942231228217
46,"custom","EPAT",0.185889370639146
46,"abdiv","EPIE",0.855453859057349
46,"adiv","EPIE",0.855453859057349
46,"BiodiversityR","EPIE",0.85545386
46,"breakaway","EPIE",0.855453859057349
46,"chemodiv","EPIE",0.855453859057349
46,"diverse","EPIE",0.861893095335582
46,"forestmangr","EPIE",1
46,"microbiome","EPIE",0.855453859057349
46,"OTUtable","EPIE",0.855453859057349
46,"pctax","EPIE",0.8555
46,"sprex","EPIE",0.855453859057349
46,"tabula","EPIE",0.855453859057349
46,"custom","ESHE",0.525261674948299
46,"adiv","ESP",0.329148805878751
46,"codyn","ESP",0.261950017599437
46,"sprex","ESP",0.0443080067925783
46,"tabula","ESP",0.329148805878751
46,"abdiv","EST",0.458139534883721
46,"adiv","QHIL_0",86
46,"adiv","QHIL_1",45.1725040455537
46,"adiv","QHIL_2",28.3067973055726
46,"adiv","QHIL_3",22.3319081324236
46,"BAT","QHIL_0",86
46,"BAT","QHIL_1",45.1725040455537
46,"BAT","QHIL_2",28.3067973055726
46,"BAT","QHIL_3",22.3319081324236
46,"benthos","QHIL_0",225
46,"benthos","QHIL_1",45.1725040455537
46,"benthos","QHIL_2",28.3067973055726
46,"benthos","QHIL_3",22.3319081324236
46,"breakaway","QHIL_0",86
46,"breakaway","QHIL_1",45.1725040455537
46,"breakaway","QHIL_2",28.3067973055726
46,"breakaway","QHIL_3",22.3319081324236
46,"chemodiv","QHIL_0",86
46,"chemodiv","QHIL_1",45.1725040455537
46,"chemodiv","QHIL_2",28.3067973055726
46,"chemodiv","QHIL_3",22.3319081324236
46,"divDyn","QHIL_2",28.3067973055726
46,"divent","QHIL_0",86
46,"divent","QHIL_1",45.1725040455537
46,"divent","QHIL_2",28.3067973055725
46,"divent","QHIL_3",22.3319081324232
46,"entropart","QHIL_0",86
46,"entropart","QHIL_1",45.1725040455537
46,"entropart","QHIL_2",28.3067973055725
46,"entropart","QHIL_3",22.3319081324235
46,"EntropyEstimation","QHIL_1",50.2774727734983
46,"EntropyEstimation","QHIL_2",30.2310717797454
46,"EntropyEstimation","QHIL_3",23.6895183307854
46,"hilldiv","QHIL_0",86
46,"hilldiv","QHIL_1",45.1727792931293
46,"hilldiv","QHIL_2",28.3067973055726
46,"hilldiv","QHIL_3",22.3319081324236
46,"hillR","QHIL_0",86
46,"hillR","QHIL_1",45.1725040455537
46,"hillR","QHIL_2",28.3067973055726
46,"hillR","QHIL_3",22.3319081324236
46,"sprex","QHIL_0",86
46,"sprex","QHIL_1",45.1725040455537
46,"sprex","QHIL_2",28.3067973055726
46,"sprex","QHIL_3",22.3319081324236
46,"vegan","QHIL_0",86
46,"vegan","QHIL_1",45.1725040455537
46,"vegan","QHIL_2",28.3067973055726
46,"vegan","QHIL_3",22.3319081324236
46,"adiv","QREN_0",4.45434729625351
46,"adiv","QREN_1",3.81048858416173
46,"adiv","QREN_2",3.34310196328486
46,"adiv","QREN_3",3.10601651372049
46,"BiodiversityR","QREN_0",4.45434729625351
46,"BiodiversityR","QREN_1",3.81048858416173
46,"BiodiversityR","QREN_2",3.34310196328486
46,"BiodiversityR","QREN_3",3.10601651372049
46,"diverse","QREN_0",4.53259949315326
46,"diverse","QREN_1",3.90661620707035
46,"diverse","QREN_2",3.44134444967557
46,"diverse","QREN_3",3.15636873762219
46,"EntropyEstimation","QREN_1",3.9175571194019
46,"EntropyEstimation","QREN_2",3.40887026233904
46,"EntropyEstimation","QREN_3",3.16503268578946
46,"seewave","QREN_2",0.617252594980576
46,"seewave","QREN_3",0.573478394334173
46,"sprex","QREN_0",4.45434729625351
46,"sprex","QREN_1",3.81048858416173
46,"sprex","QREN_2",3.34310196328486
46,"sprex","QREN_3",3.10601651372049
46,"statcomp","QREN_1",0.703548365279716
46,"statcomp","QREN_2",0.61725258304373
46,"statcomp","QREN_3",0.573478385381537
46,"vegan","QREN_0",4.45434729625351
46,"vegan","QREN_1",3.81048858416173
46,"vegan","QREN_2",3.34310196328486
46,"vegan","QREN_3",3.10601651372049
46,"adiv","QTSA_0",85
46,"adiv","QTSA_1",3.81048858416173
46,"adiv","QTSA_2",0.964672796106003
46,"adiv","QTSA_3",0.498997421610676
46,"divent","QTSA_0",85
46,"divent","QTSA_1",3.81048858416173
46,"divent","QTSA_2",0.964672796106003
46,"divent","QTSA_3",0.498997421610676
46,"entropart","QTSA_0",85
46,"entropart","QTSA_1",3.81048858416173
46,"entropart","QTSA_2",0.964672796106003
46,"entropart","QTSA_3",0.498997421610676
46,"EntropyEstimation","QTSA_1",3.9175571194019
46,"EntropyEstimation","QTSA_2",0.966921450642382
46,"EntropyEstimation","QTSA_3",0.499109041360726
46,"vegan","QTSA_0",85
46,"vegan","QTSA_1",3.81048858416173
46,"vegan","QTSA_2",0.964672796106003
46,"vegan","QTSA_3",0.498997421610676
46,"BAT","RACE",108.343934660695
46,"ecodive","RACE",108.343934660695
46,"fossil","RACE",98.8834355828221
46,"pctax","RACE",108.3439
46,"sprex","RACE",NA
46,"tabula","RACE",108.343934660695
46,"vegan","RACE",108.343934660695
46,"wiqid","RACE",108.343934660695
46,"BiodiversityR","RBOO",86
46,"wiqid","RBOO",225
46,"BAT","RC1",108.235294117647
46,"BiodiversityR","RC1",86
46,"biosampleR","RC1",126.3
46,"iNEXT","RC1",110.443
46,"microbiome","RC1",108.235294117647
46,"pctax","RC1",108.2353
46,"rareNMtests","RC1",86
46,"SpadeR","RC1",86
46,"SSP","RC1",86
46,"vegan","RC1",108.235294117647
46,"wiqid","RC1",110.5
46,"BAT","RC1M",119.708586517354
46,"divent","RC1M",110.443023255814
46,"ecodive","RC1M",110.5
46,"entropart","RC1M",110.443023255814
46,"fossil","RC1M",110.5
46,"mobr","RC1M",110.443023255814
46,"OTUtable","RC1M",110.5
46,"tabula","RC1M",110.443023255814
46,"wiqid","RC1M",110.5
46,"BAT","RCA2",236.368970393122
46,"divDyn","RCA2",107.976744186047
46,"fossil","RCA2",110.5
46,"tabula","RCA2",86
46,"wiqid","RCA2",86
46,"benthos","RHUR_2",1.96692145064256
46,"benthos","RHUR_3",2.90254626920585
46,"divent","RHUR_2",30.2310635119266
46,"divent","RHUR_3",30.446793247362
46,"entropart","RHUR_2",1.96692145064256
46,"entropart","RHUR_3",2.90254626920586
46,"mobsim","RHUR_2",1.96692145064256
46,"mobsim","RHUR_3",2.90254626920585
46,"tabula","RHUR_2",1.96692145062391
46,"tabula","RHUR_3",2.90254626917584
46,"vegan","RHUR_2",1.96692145064256
46,"vegan","RHUR_3",2.90254626920585
46,"BAT","RICE",239.165409269756
46,"fossil","RICE",98.8834355828221
46,"tabula","RICE",86
46,"wiqid","RICE",86
46,"BAT","RJA1",114
46,"BiodiversityR","RJA1",86
46,"divent","RJA1",114
46,"entropart","RJA1",114
46,"fossil","RJA1",113.93488372093
46,"SSP","RJA1",86
46,"tabula","RJA1",3.78837044129363
46,"wiqid","RJA1",114
46,"BAT","RJA2",126
46,"BiodiversityR","RJA2",86
46,"fossil","RJA2",125.720843497588
46,"SSP","RJA2",86
46,"wiqid","RJA2",126
46,"asbio","RLMD",157.828687822327
46,"sads","RLMD",1.01281159226954
46,"vegan","RLMD",103.975494367417
46,"wiqid","RMM",0
46,"divDyn","RSQ",114.061986278851
46,"ecodive","RSQ",114.061986278851
46,"tabula","RSQ",114.061986278851
47,"custom","RICH",102
47,"abdiv","D1SP",0.96720830449827
47,"ade4","D1SP",0.96720830449827
47,"adiv","D1SP",0.96720830449827
47,"agricolae","D1SP",0.96720830449827
47,"asbio","D1SP",0.96720830449827
47,"BiodiversityR","D1SP",0.9672083
47,"biosampleR","D1SP",0.962755679140353
47,"breakaway","D1SP",0.96720830449827
47,"catsim","D1SP",0.644661728395062
47,"concstats","D1SP",0.99568210578349
47,"CUB","D1SP",0.97152619871478
47,"DescTools","D1SP",0.96720830449827
47,"divent","D1SP",0.96720830449827
47,"diverse","D1SP",0.962755679140353
47,"ecodive","D1SP",0.96720830449827
47,"entropart","D1SP",0.96720830449827
47,"lawstat","D1SP",0.820609243697479
47,"MCPAN","D1SP",0.96720830449827
47,"microbiome","D1SP",0.96720830449827
47,"PCRA","D1SP",0.96720830449827
47,"RoughSets","D1SP",0.96720830449827
47,"simboot","D1SP",0.96720830449827
47,"sprex","D1SP",0.96720830449827
47,"untb","D1SP",0.969489456159822
47,"vegan","D1SP",0.96720830449827
47,"abdiv","DBRI",3.60194498818655
47,"ecodive","DBRI",3.60194498818655
47,"tabula","DBRI",3.60194498818655
47,"wiqid","DBRI",36.6694868473989
47,"BiodiversityR","DFIS",42.56010696
47,"ecodive","DFIS",42.56
47,"microbiome","DFIS",42.560106958179
47,"preseqR","DFIS",10.8964164684892
47,"sads","DFIS",42.5601072389034
47,"vegan","DFIS",42.560106958179
47,"custom","DGLE",16.8536842655488
47,"custom","DGOO_1_1",3.92091754675343
47,"custom","DGOO_1_2",0.323798017188925
47,"custom","DGOO_1_3",1
47,"custom","DGOO_2_1",0.100801761540209
47,"custom","DGOO_2_2",1.09969670369476
47,"custom","DGOO_2_3",1
47,"custom","DGOO_3_1",0.00496185342385085
47,"custom","DGOO_3_2",0.041962070430667
47,"custom","DGOO_3_3",1
47,"abdiv","DINVSP",30.495525915921
47,"adiv","DINVSP",30.495525915921
47,"asbio","DINVSP",30.495525915921
47,"BiodiversityR","DINVSP",30.49552592
47,"breakaway","DINVSP",30.495525915921
47,"chemodiv","DINVSP",30.495525915921
47,"codyn","DINVSP",5.67487684729064
47,"divseg","DINVSP",1.03279169550173
47,"ecodive","DINVSP",30.495525915921
47,"microbiome","DINVSP",30.495525915921
47,"sprex","DINVSP",30.495525915921
47,"vegan","DINVSP",30.495525915921
47,"wiqid","DINVSP",30.495525915921
47,"custom","DKO",0.0642201834862385
47,"abdiv","DMC",0.860663539551272
47,"adiv","DMC",0.860663539551272
47,"agricolae","DMC",0.860663539551272
47,"ecodive","DMC",0.860663539551272
47,"forestHES","DMC",0.860663539551272
47,"tabula","DMC",0.860663539551272
47,"abdiv","DMG",16.688452066867
47,"adiv","DMG",16.688452066867
47,"agricolae","DMG",37.0120125047347
47,"ecodive","DMG",16.688452066867
47,"tabula","DMG",16.688452066867
47,"abdiv","DMN",4.94772675074119
47,"adiv","DMN",4.94772675074119
47,"ecodive","DMN",4.94772675074119
47,"tabula","DMN",4.94772675074119
47,"custom","DOD",240
47,"abdiv","DQ",0
47,"ade4","DRAO",0.967208304498268
47,"BAT","DRAO",0.967208304498206
47,"SYNCSA","DRAO",0.967208304498269
47,"abdiv","DSHA",3.92091754675343
47,"adiv","DSHA",3.92091754675343
47,"aqp","DSHA",5.6566883004357
47,"asbio","DSHA",3.92091754675343
47,"benthos","DSHA",0
47,"BiodiversityR","DSHA",3.92091755
47,"biosampleR","DSHA",3.77657518939042
47,"chemodiv","DSHA",3.92091754675343
47,"codyn","DSHA",3.92091754675343
47,"DescTools","DSHA",5.6566883004357
47,"divDyn","DSHA",3.92091754675343
47,"divent","DSHA",3.92091754675343
47,"diverse","DSHA",3.77657518939042
47,"ecodive","DSHA",3.92091754675344
47,"EconGeo","DSHA",5.657
47,"entropart","DSHA",3.92091754675343
47,"forestmangr","DSHA",3.56
47,"HardyWeinberg","DSHA",3.92091754675343
47,"iNEXT","DSHA",3.921
47,"MCPAN","DSHA",3.92091754675343
47,"microbiome","DSHA",3.92091754675343
47,"OTUtable","DSHA",3.92091754675343
47,"pgirmess","DSHA",5.6566883004357
47,"SpiecEasi","DSHA",3.92091754675343
47,"sprex","DSHA",3.92091754675343
47,"tabula","DSHA",3.92091754675343
47,"triversity","DSHA",5.6566883004357
47,"vegan","DSHA",3.92091754675343
47,"wavethresh","DSHA",-35278.4119386783
47,"wiqid","DSHA",50.4467107649002
47,"abdiv","DSP",0.0327916955017301
47,"agricolae","DSP",0.0327916955017301
47,"antitrust","DSP",327.916955017301
47,"benthos","DSP",0.0305105438401776
47,"breakaway","DSP",0.0327916955017301
47,"concstats","DSP",0.0327916955017301
47,"DescTools","DSP",0.0327916955017301
47,"diverse","DSP",0.0349018496208632
47,"divseg","DSP",1.03279169550173
47,"EconGeo","DSP",0.0327916955017301
47,"hhi","DSP",0.176215277777778
47,"ineq","DSP",0.0327916955017301
47,"microbiome","DSP",0.0327916955017301
47,"PDtoolkit","DSP",0.0327916955017301
47,"politics","DSP",0.0327916955017301
47,"REAT","DSP",0.0327916955017301
47,"sprex","DSP",0.0327916955017301
47,"tabula","DSP",0.0327916955017301
47,"triversity","DSP",0.0327916955017301
47,"abdiv","EBP",0.0776470588235294
47,"agricolae","EBP",0.0776470588235294
47,"BiodiversityR","EBP",0.07764706
47,"diverse","EBP",0.106796116504854
47,"dyvDyn","EBP",0.0776470588235294
47,"ecodive","EBP",0.0776470588235294
47,"microbiome","EBP",0.0776470588235294
47,"tabula","EBP",0.0776470588235294
47,"triversity","EBP",0.0776470588235294
47,"wiqid","EBP",1
47,"tabula","EBRI",0.850666634929671
47,"BAT","EBU",0.513663366336634
47,"microbiome","EBU",0.513663366336634
47,"BAT","ECAM",0.988193269153905
47,"microbiome","ECAM",0.594602076124567
47,"codyn","EEQ",0.229238458739439
47,"custom","EEQ",0.000585248638589122
47,"adiv","EEVAR",0.510627562002748
47,"codyn","EEVAR",0.602971197224465
47,"custom","EEVAR",0.510627562002748
47,"microbiome","EEVAR",0.510627562002748
47,"acid","EGIN",0.816962091503268
47,"DescTools","EGIN",0.816962091503268
47,"dplR","EGIN",0.816962091503268
47,"EconGeo","EGIN",0.817
47,"giniVarCI","EGIN",0.816962091503268
47,"ineq","EGIN",0.816962091503268
47,"microbiome","EGIN",0.816962091503267
47,"REAT","EGIN",0.816962091503268
47,"shipunov","EGIN",0.816962091503267
47,"wINEQ","EGIN",0.816962091503268
47,"abdiv","EHEI",0.489571393711883
47,"adiv","EHEI",0.489571393711883
47,"custom","EHUL",0.143529411764706
47,"benthos","EHURE",0.969489456159822
47,"BiodiversityR","EHURE",0.96948946
47,"mobr","EHURE",0.969489456159822
47,"vegan","EHURE",0.96948945615965
47,"custom","ELR",0.183745621436919
47,"abdiv","EMC",0.237419854138097
47,"tabula","EMC",0.908910805759871
47,"microbiome","EMN",0.143529411764706
47,"custom","ENHC",-0.0298565473351326
47,"custom","EPAT",0.108960439474589
47,"abdiv","EPIE",0.847770939429398
47,"adiv","EPIE",0.847770939429398
47,"BiodiversityR","EPIE",0.84777094
47,"breakaway","EPIE",0.847770939429398
47,"chemodiv","EPIE",0.847770939429398
47,"diverse","EPIE",0.85007239401769
47,"forestmangr","EPIE",1
47,"microbiome","EPIE",0.847770939429398
47,"OTUtable","EPIE",0.847770939429398
47,"pctax","EPIE",0.8478
47,"sprex","EPIE",0.847770939429398
47,"tabula","EPIE",0.847770939429398
47,"custom","ESHE",0.494575595734316
47,"adiv","ESP",0.298975744273735
47,"codyn","ESP",0.354679802955665
47,"sprex","ESP",0.0384403681054258
47,"tabula","ESP",0.298975744273735
47,"abdiv","EST",0.48156862745098
47,"adiv","QHIL_0",102
47,"adiv","QHIL_1",50.4467107649002
47,"adiv","QHIL_2",30.495525915921
47,"adiv","QHIL_3",23.8902469182486
47,"BAT","QHIL_0",102
47,"BAT","QHIL_1",50.4467107649002
47,"BAT","QHIL_2",30.495525915921
47,"BAT","QHIL_3",23.8902469182486
47,"benthos","QHIL_0",225
47,"benthos","QHIL_1",50.4467107649002
47,"benthos","QHIL_2",30.495525915921
47,"benthos","QHIL_3",23.8902469182486
47,"breakaway","QHIL_0",102
47,"breakaway","QHIL_1",50.4467107649002
47,"breakaway","QHIL_2",30.495525915921
47,"breakaway","QHIL_3",23.8902469182486
47,"chemodiv","QHIL_0",102
47,"chemodiv","QHIL_1",50.4467107649002
47,"chemodiv","QHIL_2",30.495525915921
47,"chemodiv","QHIL_3",23.8902469182486
47,"divDyn","QHIL_2",30.495525915921
47,"divent","QHIL_0",102
47,"divent","QHIL_1",50.4467107649002
47,"divent","QHIL_2",30.495525915921
47,"divent","QHIL_3",23.8902469182477
47,"entropart","QHIL_0",102
47,"entropart","QHIL_1",50.4467107649002
47,"entropart","QHIL_2",30.495525915921
47,"entropart","QHIL_3",23.8902469182484
47,"EntropyEstimation","QHIL_1",57.4879738817389
47,"EntropyEstimation","QHIL_2",32.7755547471803
47,"EntropyEstimation","QHIL_3",25.4610995830545
47,"hilldiv","QHIL_0",102
47,"hilldiv","QHIL_1",50.4470492381281
47,"hilldiv","QHIL_2",30.495525915921
47,"hilldiv","QHIL_3",23.8902469182486
47,"hillR","QHIL_0",102
47,"hillR","QHIL_1",50.4467107649002
47,"hillR","QHIL_2",30.495525915921
47,"hillR","QHIL_3",23.8902469182486
47,"sprex","QHIL_0",102
47,"sprex","QHIL_1",50.4467107649002
47,"sprex","QHIL_2",30.495525915921
47,"sprex","QHIL_3",23.8902469182486
47,"vegan","QHIL_0",102
47,"vegan","QHIL_1",50.4467107649002
47,"vegan","QHIL_2",30.495525915921
47,"vegan","QHIL_3",23.8902469182486
47,"adiv","QREN_0",4.62497281328427
47,"adiv","QREN_1",3.92091754675343
47,"adiv","QREN_2",3.41757998157187
47,"adiv","QREN_3",3.17347029691631
47,"BiodiversityR","QREN_0",4.62497281328427
47,"BiodiversityR","QREN_1",3.92091754675343
47,"BiodiversityR","QREN_2",3.41757998157187
47,"BiodiversityR","QREN_3",3.17347029691631
47,"diverse","QREN_0",4.44265125649032
47,"diverse","QREN_1",3.77657518939042
47,"diverse","QREN_2",3.29025580592349
47,"diverse","QREN_3",3.01318754687827
47,"EntropyEstimation","QREN_1",4.05157577604562
47,"EntropyEstimation","QREN_2",3.48968295543117
47,"EntropyEstimation","QREN_3",3.23715178084766
47,"seewave","QREN_2",0.631003819290947
47,"seewave","QREN_3",0.585932701512777
47,"sprex","QREN_0",4.62497281328427
47,"sprex","QREN_1",3.92091754675343
47,"sprex","QREN_2",3.41757998157187
47,"sprex","QREN_3",3.17347029691631
47,"statcomp","QREN_1",0.723937382172156
47,"statcomp","QREN_2",0.631003808603857
47,"statcomp","QREN_3",0.58593269349746
47,"vegan","QREN_0",4.62497281328427
47,"vegan","QREN_1",3.92091754675343
47,"vegan","QREN_2",3.41757998157187
47,"vegan","QREN_3",3.17347029691631
47,"adiv","QTSA_0",101
47,"adiv","QTSA_1",3.92091754675343
47,"adiv","QTSA_2",0.96720830449827
47,"adiv","QTSA_3",0.499123950335844
47,"divent","QTSA_0",101
47,"divent","QTSA_1",3.92091754675343
47,"divent","QTSA_2",0.96720830449827
47,"divent","QTSA_3",0.499123950335844
47,"entropart","QTSA_0",101
47,"entropart","QTSA_1",3.92091754675343
47,"entropart","QTSA_2",0.96720830449827
47,"entropart","QTSA_3",0.499123950335844
47,"EntropyEstimation","QTSA_1",4.05157577604562
47,"EntropyEstimation","QTSA_2",0.969489456159822
47,"EntropyEstimation","QTSA_3",0.499228713564912
47,"vegan","QTSA_0",101
47,"vegan","QTSA_1",3.92091754675343
47,"vegan","QTSA_2",0.96720830449827
47,"vegan","QTSA_3",0.499123950335844
47,"BAT","RACE",176.74346113009
47,"ecodive","RACE",176.74346113009
47,"fossil","RACE",132.839160839161
47,"pctax","RACE",176.7435
47,"sprex","RACE",425
47,"tabula","RACE",176.74346113009
47,"vegan","RACE",176.74346113009
47,"wiqid","RACE",176.74346113009
47,"BiodiversityR","RBOO",102
47,"wiqid","RBOO",225
47,"BAT","RC1",171.176470588235
47,"BiodiversityR","RC1",102
47,"biosampleR","RC1",116.166666666667
47,"iNEXT","RC1",176.855
47,"microbiome","RC1",171.176470588235
47,"pctax","RC1",171.1765
47,"rareNMtests","RC1",102
47,"SpadeR","RC1",102
47,"SSP","RC1",102
47,"vegan","RC1",171.176470588235
47,"wiqid","RC1",177.03125
47,"BAT","RC1M",210.679998643056
47,"divent","RC1M",176.854705882353
47,"ecodive","RC1M",177.03125
47,"entropart","RC1M",176.854705882353
47,"fossil","RC1M",177.03125
47,"mobr","RC1M",176.854705882353
47,"OTUtable","RC1M",177.03125
47,"tabula","RC1M",176.854705882353
47,"wiqid","RC1M",177.03125
47,"BAT","RCA2",236.216497044306
47,"divDyn","RCA2",170.498269896194
47,"fossil","RCA2",177.03125
47,"tabula","RCA2",102
47,"wiqid","RCA2",102
47,"benthos","RHUR_2",1.96948945615965
47,"benthos","RHUR_3",2.91001094134985
47,"divent","RHUR_2",32.7755557642112
47,"divent","RHUR_3",33.0006516772377
47,"entropart","RHUR_2",1.96948945615964
47,"entropart","RHUR_3",2.91001094134984
47,"mobsim","RHUR_2",1.96948945615965
47,"mobsim","RHUR_3",2.91001094134985
47,"tabula","RHUR_2",1.96948945618844
47,"tabula","RHUR_3",2.91001094136652
47,"vegan","RHUR_2",1.96948945615965
47,"vegan","RHUR_3",2.91001094134985
47,"BAT","RICE",239.219555152121
47,"fossil","RICE",132.839160839161
47,"tabula","RICE",102
47,"wiqid","RICE",102
47,"BAT","RJA1",151
47,"BiodiversityR","RJA1",102
47,"divent","RJA1",213
47,"entropart","RJA1",213
47,"fossil","RJA1",150.884705882353
47,"SSP","RJA1",102
47,"tabula","RJA1",3.90092217602127
47,"wiqid","RJA1",151
47,"BAT","RJA2",184
47,"BiodiversityR","RJA2",102
47,"fossil","RJA2",183.421087680355
47,"SSP","RJA2",102
47,"wiqid","RJA2",184
47,"asbio","RLMD",170.061736032367
47,"sads","RLMD",0.795012020698784
47,"vegan","RLMD",160.967405395644
47,"wiqid","RMM",0
47,"divDyn","RSQ",182.97344371879
47,"ecodive","RSQ",182.97344371879
47,"tabula","RSQ",182.97344371879
48,"custom","RICH",91
48,"abdiv","D1SP",0.96764116707795
48,"ade4","D1SP",0.967641167077951
48,"adiv","D1SP",0.96764116707795
48,"agricolae","D1SP",0.96764116707795
48,"asbio","D1SP",0.96764116707795
48,"BiodiversityR","D1SP",0.96764117
48,"biosampleR","D1SP",0.967201368343195
48,"breakaway","D1SP",0.96764116707795
48,"catsim","D1SP",0.614439506172839
48,"concstats","D1SP",0.995680173361259
48,"CUB","D1SP",0.971960993716691
48,"DescTools","D1SP",0.967641167077951
48,"divent","D1SP",0.96764116707795
48,"diverse","D1SP",0.967201368343195
48,"ecodive","D1SP",0.96764116707795
48,"entropart","D1SP",0.96764116707795
48,"lawstat","D1SP",0.826398450946644
48,"MCPAN","D1SP",0.96764116707795
48,"microbiome","D1SP",0.96764116707795
48,"PCRA","D1SP",0.96764116707795
48,"RoughSets","D1SP",0.96764116707795
48,"simboot","D1SP",0.96764116707795
48,"sprex","D1SP",0.96764116707795
48,"untb","D1SP",0.96997846458297
48,"vegan","D1SP",0.96764116707795
48,"abdiv","DBRI",3.60608124595244
48,"ecodive","DBRI",3.60608124595244
48,"tabula","DBRI",3.60608124595244
48,"wiqid","DBRI",36.8214754123909
48,"BiodiversityR","DFIS",35.99618053
48,"ecodive","DFIS",35.996
48,"microbiome","DFIS",35.9961805299941
48,"preseqR","DFIS",9.61981122292578
48,"sads","DFIS",35.9961801549917
48,"vegan","DFIS",35.9961805299941
48,"custom","DGLE",15.0955201712408
48,"custom","DGOO_1_1",3.91372499062361
48,"custom","DGOO_1_2",0.320026479995
48,"custom","DGOO_1_3",1
48,"custom","DGOO_2_1",0.0989178709491186
48,"custom","DGOO_2_2",1.10260280728513
48,"custom","DGOO_2_3",1
48,"custom","DGOO_3_1",0.00504166949522386
48,"custom","DGOO_3_2",0.0404865426013902
48,"custom","DGOO_3_3",1
48,"abdiv","DINVSP",30.903463125785
48,"adiv","DINVSP",30.903463125785
48,"asbio","DINVSP",30.903463125785
48,"BiodiversityR","DINVSP",30.90346313
48,"breakaway","DINVSP",30.903463125785
48,"chemodiv","DINVSP",30.903463125785
48,"codyn","DINVSP",8.34782608695652
48,"divseg","DINVSP",1.03235883292205
48,"ecodive","DINVSP",30.903463125785
48,"microbiome","DINVSP",30.903463125785
48,"sprex","DINVSP",30.903463125785
48,"vegan","DINVSP",30.903463125785
48,"wiqid","DINVSP",30.903463125785
48,"custom","DKO",0.165137614678899
48,"abdiv","DMC",0.86245041514592
48,"adiv","DMC",0.86245041514592
48,"agricolae","DMC",0.86245041514592
48,"ecodive","DMC",0.86245041514592
48,"forestHES","DMC",0.86245041514592
48,"tabula","DMC",0.86245041514592
48,"abdiv","DMG",14.9296353341942
48,"adiv","DMG",14.9296353341942
48,"agricolae","DMG",37.1582034984388
48,"ecodive","DMG",14.9296353341942
48,"tabula","DMG",14.9296353341942
48,"abdiv","DMN",4.46701431243173
48,"adiv","DMN",4.46701431243173
48,"ecodive","DMN",4.46701431243173
48,"tabula","DMN",4.46701431243173
48,"custom","DOD",219.277108433735
48,"abdiv","DQ",0
48,"ade4","DRAO",0.967641167077951
48,"BAT","DRAO",0.967641167077958
48,"SYNCSA","DRAO",0.967641167077951
48,"abdiv","DSHA",3.91372499062361
48,"adiv","DSHA",3.91372499062361
48,"aqp","DSHA",5.64631163537589
48,"asbio","DSHA",3.91372499062361
48,"benthos","DSHA",0
48,"BiodiversityR","DSHA",3.91372499
48,"biosampleR","DSHA",3.83681098928965
48,"chemodiv","DSHA",3.91372499062361
48,"codyn","DSHA",3.91372499062361
48,"DescTools","DSHA",5.64631163537589
48,"divDyn","DSHA",3.91372499062361
48,"divent","DSHA",3.91372499062361
48,"diverse","DSHA",3.83681098928965
48,"ecodive","DSHA",3.91372499062361
48,"EconGeo","DSHA",5.646
48,"entropart","DSHA",3.91372499062361
48,"forestmangr","DSHA",3.56
48,"HardyWeinberg","DSHA",3.91372499062361
48,"iNEXT","DSHA",3.914
48,"MCPAN","DSHA",3.91372499062361
48,"microbiome","DSHA",3.91372499062361
48,"OTUtable","DSHA",3.91372499062361
48,"pgirmess","DSHA",5.64631163537589
48,"SpiecEasi","DSHA",3.91372499062361
48,"sprex","DSHA",3.91372499062361
48,"tabula","DSHA",3.91372499062361
48,"triversity","DSHA",5.64631163537589
48,"vegan","DSHA",3.91372499062361
48,"wavethresh","DSHA",-33118.9317380675
48,"wiqid","DSHA",50.0851717197161
48,"abdiv","DSP",0.0323588329220496
48,"agricolae","DSP",0.0323588329220496
48,"antitrust","DSP",323.588329220496
48,"benthos","DSP",0.0300215354170304
48,"breakaway","DSP",0.0323588329220496
48,"concstats","DSP",0.0323588329220496
48,"DescTools","DSP",0.0323588329220496
48,"diverse","DSP",0.0304680259499537
48,"divseg","DSP",1.03235883292205
48,"EconGeo","DSP",0.0323588329220496
48,"hhi","DSP",0.119791666666667
48,"ineq","DSP",0.0323588329220496
48,"microbiome","DSP",0.0323588329220496
48,"PDtoolkit","DSP",0.0323588329220496
48,"politics","DSP",0.0323588329220496
48,"REAT","DSP",0.0323588329220496
48,"sprex","DSP",0.0323588329220496
48,"tabula","DSP",0.0323588329220496
48,"triversity","DSP",0.0323588329220496
48,"abdiv","EBP",0.0987951807228916
48,"agricolae","EBP",0.0987951807228916
48,"BiodiversityR","EBP",0.09879518
48,"diverse","EBP",0.0913461538461538
48,"dyvDyn","EBP",0.0987951807228916
48,"ecodive","EBP",0.0987951807228916
48,"microbiome","EBP",0.0987951807228916
48,"tabula","EBP",0.0987951807228916
48,"triversity","EBP",0.0987951807228916
48,"wiqid","EBP",1
48,"tabula","EBRI",0.870383327193315
48,"BAT","EBU",0.561178045515395
48,"microbiome","EBU",0.561178045515395
48,"BAT","ECAM",0.987518131132589
48,"microbiome","ECAM",0.741135972461274
48,"codyn","EEQ",0.250800322997643
48,"custom","EEQ",0.000755163903134352
48,"adiv","EEVAR",0.527806388752428
48,"codyn","EEVAR",0.677140871750115
48,"custom","EEVAR",0.527806388752428
48,"microbiome","EEVAR",0.527806388752428
48,"acid","EGIN",0.822725568942436
48,"DescTools","EGIN",0.822725568942437
48,"dplR","EGIN",0.822725568942436
48,"EconGeo","EGIN",0.823
48,"giniVarCI","EGIN",0.822725568942436
48,"ineq","EGIN",0.822725568942436
48,"microbiome","EGIN",0.822725568942438
48,"REAT","EGIN",0.822725568942436
48,"shipunov","EGIN",0.822725568942438
48,"wINEQ","EGIN",0.822725568942436
48,"abdiv","EHEI",0.545390796885734
48,"adiv","EHEI",0.545390796885734
48,"custom","EHUL",0.16144578313253
48,"benthos","EHURE",0.96997846458297
48,"BiodiversityR","EHURE",0.96997846
48,"mobr","EHURE",0.96997846458297
48,"vegan","EHURE",0.969978464583297
48,"custom","ELR",0.204725610924721
48,"abdiv","EMC",0.229602289557821
48,"tabula","EMC",0.91615335651608
48,"microbiome","EMN",0.16144578313253
48,"custom","ENHC",-0.0343734858464866
48,"custom","EPAT",0.113971042150031
48,"abdiv","EPIE",0.867622896472267
48,"adiv","EPIE",0.867622896472267
48,"BiodiversityR","EPIE",0.8676229
48,"breakaway","EPIE",0.867622896472267
48,"chemodiv","EPIE",0.867622896472267
48,"diverse","EPIE",0.870672891555682
48,"forestmangr","EPIE",1
48,"microbiome","EPIE",0.867622896472267
48,"OTUtable","EPIE",0.867622896472267
48,"pctax","EPIE",0.8676
48,"sprex","EPIE",0.867622896472267
48,"tabula","EPIE",0.867622896472267
48,"custom","ESHE",0.550386502414463
48,"adiv","ESP",0.339598495887748
48,"codyn","ESP",0.521739130434783
48,"sprex","ESP",0.0430079669299298
48,"tabula","ESP",0.339598495887748
48,"abdiv","EST",0.433999735204554
48,"adiv","QHIL_0",91
48,"adiv","QHIL_1",50.0851717197161
48,"adiv","QHIL_2",30.903463125785
48,"adiv","QHIL_3",23.121596114066
48,"BAT","QHIL_0",91
48,"BAT","QHIL_1",50.0851717197161
48,"BAT","QHIL_2",30.903463125785
48,"BAT","QHIL_3",23.121596114066
48,"benthos","QHIL_0",225
48,"benthos","QHIL_1",50.0851717197161
48,"benthos","QHIL_2",30.903463125785
48,"benthos","QHIL_3",23.121596114066
48,"breakaway","QHIL_0",91
48,"breakaway","QHIL_1",50.0851717197161
48,"breakaway","QHIL_2",30.903463125785
48,"breakaway","QHIL_3",23.121596114066
48,"chemodiv","QHIL_0",91
48,"chemodiv","QHIL_1",50.0851717197161
48,"chemodiv","QHIL_2",30.903463125785
48,"chemodiv","QHIL_3",23.121596114066
48,"divDyn","QHIL_2",30.903463125785
48,"divent","QHIL_0",91
48,"divent","QHIL_1",50.0851717197161
48,"divent","QHIL_2",30.9034631257851
48,"divent","QHIL_3",23.1215961140655
48,"entropart","QHIL_0",91
48,"entropart","QHIL_1",50.0851717197161
48,"entropart","QHIL_2",30.9034631257851
48,"entropart","QHIL_3",23.1215961140658
48,"EntropyEstimation","QHIL_1",56.3436294467504
48,"EntropyEstimation","QHIL_2",33.3094222566891
48,"EntropyEstimation","QHIL_3",24.5425241052563
48,"hilldiv","QHIL_0",91
48,"hilldiv","QHIL_1",50.0854643777796
48,"hilldiv","QHIL_2",30.903463125785
48,"hilldiv","QHIL_3",23.121596114066
48,"hillR","QHIL_0",91
48,"hillR","QHIL_1",50.0851717197161
48,"hillR","QHIL_2",30.903463125785
48,"hillR","QHIL_3",23.121596114066
48,"sprex","QHIL_0",91
48,"sprex","QHIL_1",50.0851717197161
48,"sprex","QHIL_2",30.903463125785
48,"sprex","QHIL_3",23.121596114066
48,"vegan","QHIL_0",91
48,"vegan","QHIL_1",50.0851717197161
48,"vegan","QHIL_2",30.903463125785
48,"vegan","QHIL_3",23.121596114066
48,"adiv","QREN_0",4.51085950651685
48,"adiv","QREN_1",3.91372499062361
48,"adiv","QREN_2",3.43086825289186
48,"adiv","QREN_3",3.14076707749681
48,"BiodiversityR","QREN_0",4.51085950651685
48,"BiodiversityR","QREN_1",3.91372499062361
48,"BiodiversityR","QREN_2",3.43086825289186
48,"BiodiversityR","QREN_3",3.14076707749681
48,"diverse","QREN_0",4.40671924726425
48,"diverse","QREN_1",3.83681098928965
48,"diverse","QREN_2",3.41736848224259
48,"diverse","QREN_3",3.16709698102671
48,"EntropyEstimation","QREN_1",4.03146918079843
48,"EntropyEstimation","QREN_2",3.50584030761474
48,"EntropyEstimation","QREN_3",3.20040729076828
48,"seewave","QREN_2",0.633457296337004
48,"seewave","QREN_3",0.579894553773822
48,"sprex","QREN_0",4.51085950651685
48,"sprex","QREN_1",3.91372499062361
48,"sprex","QREN_2",3.43086825289186
48,"sprex","QREN_3",3.14076707749681
48,"statcomp","QREN_1",0.722609386825746
48,"statcomp","QREN_2",0.633457284413608
48,"statcomp","QREN_3",0.579894544831274
48,"vegan","QREN_0",4.51085950651685
48,"vegan","QREN_1",3.91372499062361
48,"vegan","QREN_2",3.43086825289186
48,"vegan","QREN_3",3.14076707749681
48,"adiv","QTSA_0",90
48,"adiv","QTSA_1",3.91372499062361
48,"adiv","QTSA_2",0.96764116707795
48,"adiv","QTSA_3",0.499064735644567
48,"divent","QTSA_0",90
48,"divent","QTSA_1",3.91372499062361
48,"divent","QTSA_2",0.96764116707795
48,"divent","QTSA_3",0.499064735644567
48,"entropart","QTSA_0",90
48,"entropart","QTSA_1",3.91372499062361
48,"entropart","QTSA_2",0.96764116707795
48,"entropart","QTSA_3",0.499064735644567
48,"EntropyEstimation","QTSA_1",4.03146918079843
48,"EntropyEstimation","QTSA_2",0.96997846458297
48,"EntropyEstimation","QTSA_3",0.499169897824797
48,"vegan","QTSA_0",90
48,"vegan","QTSA_1",3.91372499062361
48,"vegan","QTSA_2",0.96764116707795
48,"vegan","QTSA_3",0.499064735644567
48,"BAT","RACE",119.45164929549
48,"ecodive","RACE",119.45164929549
48,"fossil","RACE",105.797687861272
48,"pctax","RACE",119.4516
48,"sprex","RACE",415
48,"tabula","RACE",119.45164929549
48,"vegan","RACE",119.45164929549
48,"wiqid","RACE",119.45164929549
48,"BiodiversityR","RBOO",91
48,"wiqid","RBOO",225
48,"BAT","RC1",117.105263157895
48,"BiodiversityR","RC1",91
48,"biosampleR","RC1",105.625
48,"iNEXT","RC1",119.376
48,"microbiome","RC1",117.105263157895
48,"pctax","RC1",117.1053
48,"rareNMtests","RC1",91
48,"SpadeR","RC1",91
48,"SSP","RC1",91
48,"vegan","RC1",117.105263157895
48,"wiqid","RC1",119.444444444444
48,"BAT","RC1M",131.586097534623
48,"divent","RC1M",119.375903614458
48,"ecodive","RC1M",119.444444444444
48,"entropart","RC1M",119.375903614458
48,"fossil","RC1M",119.444444444444
48,"mobr","RC1M",119.375903614458
48,"OTUtable","RC1M",119.444444444444
48,"tabula","RC1M",119.375903614458
48,"wiqid","RC1M",119.444444444444
48,"BAT","RCA2",235.966512382226
48,"divDyn","RCA2",116.818392134182
48,"fossil","RCA2",119.444444444444
48,"tabula","RCA2",91
48,"wiqid","RCA2",91
48,"benthos","RHUR_2",1.9699784645833
48,"benthos","RHUR_3",2.91159559809936
48,"divent","RHUR_2",33.3094225275169
48,"divent","RHUR_3",33.5982882883798
48,"entropart","RHUR_2",1.96997846458331
48,"entropart","RHUR_3",2.91159559809935
48,"mobsim","RHUR_2",1.9699784645833
48,"mobsim","RHUR_3",2.91159559809936
48,"tabula","RHUR_2",1.96997846458263
48,"tabula","RHUR_3",2.91159559803095
48,"vegan","RHUR_2",1.9699784645833
48,"vegan","RHUR_3",2.91159559809936
48,"BAT","RICE",239.589490543875
48,"fossil","RICE",105.797687861272
48,"tabula","RICE",91
48,"wiqid","RICE",91
48,"BAT","RJA1",123
48,"BiodiversityR","RJA1",91
48,"divent","RJA1",137
48,"entropart","RJA1",137
48,"fossil","RJA1",122.922891566265
48,"SSP","RJA1",91
48,"tabula","RJA1",3.89356949391065
48,"wiqid","RJA1",123
48,"BAT","RJA2",137
48,"BiodiversityR","RJA2",91
48,"fossil","RJA2",136.667365112624
48,"SSP","RJA2",91
48,"wiqid","RJA2",137
48,"asbio","RLMD",161.994217273639
48,"sads","RLMD",0.966613228903951
48,"vegan","RLMD",105.961825790889
48,"wiqid","RMM",0
48,"divDyn","RSQ",124.705338633182
48,"ecodive","RSQ",124.705338633182
48,"tabula","RSQ",124.705338633182
49,"custom","RICH",91
49,"abdiv","D1SP",0.960955196375782
49,"ade4","D1SP",0.960955196375782
49,"adiv","D1SP",0.960955196375782
49,"agricolae","D1SP",0.960955196375782
49,"asbio","D1SP",0.960955196375782
49,"BiodiversityR","D1SP",0.9609552
49,"biosampleR","D1SP",0.967199788976158
49,"breakaway","D1SP",0.960955196375782
49,"catsim","D1SP",0.605985185185185
49,"concstats","D1SP",0.995710021444751
49,"CUB","D1SP",0.965245174931031
49,"DescTools","D1SP",0.960955196375782
49,"divent","D1SP",0.960955196375782
49,"diverse","D1SP",0.967199788976158
49,"ecodive","D1SP",0.960955196375782
49,"entropart","D1SP",0.960955196375782
49,"lawstat","D1SP",0.845370525259284
49,"MCPAN","D1SP",0.960955196375782
49,"microbiome","D1SP",0.960955196375782
49,"PCRA","D1SP",0.960955196375782
49,"RoughSets","D1SP",0.960955196375782
49,"simboot","D1SP",0.960955196375782
49,"sprex","D1SP",0.960955196375782
49,"untb","D1SP",0.963210959747556
49,"vegan","D1SP",0.960955196375782
49,"abdiv","DBRI",3.48780922033026
49,"ecodive","DBRI",3.48780922033026
49,"tabula","DBRI",3.48780922033026
49,"wiqid","DBRI",32.7141995394527
49,"BiodiversityR","DFIS",35.41942035
49,"ecodive","DFIS",35.419
49,"microbiome","DFIS",35.4194203511917
49,"preseqR","DFIS",14.2764924397847
49,"sads","DFIS",35.419419259275
49,"vegan","DFIS",35.4194203511917
49,"custom","DGLE",15.0244750021211
49,"custom","DGOO_1_1",3.77885116513345
49,"custom","DGOO_1_2",0.339714050980717
49,"custom","DGOO_1_3",1
49,"custom","DGOO_2_1",0.11187876568021
49,"custom","DGOO_2_2",1.10628174350832
49,"custom","DGOO_2_3",1
49,"custom","DGOO_3_1",0.00679832468004269
49,"custom","DGOO_3_2",0.0488087421543428
49,"custom","DGOO_3_3",1
49,"abdiv","DINVSP",25.6116027531957
49,"adiv","DINVSP",25.6116027531957
49,"asbio","DINVSP",25.6116027531957
49,"BiodiversityR","DINVSP",25.61160275
49,"breakaway","DINVSP",25.6116027531957
49,"chemodiv","DINVSP",25.6116027531957
49,"codyn","DINVSP",8.265625
49,"divseg","DINVSP",1.03904480362422
49,"ecodive","DINVSP",25.6116027531957
49,"microbiome","DINVSP",25.6116027531957
49,"sprex","DINVSP",25.6116027531957
49,"vegan","DINVSP",25.6116027531957
49,"wiqid","DINVSP",25.6116027531957
49,"custom","DKO",0.165137614678899
49,"abdiv","DMC",0.843208121004548
49,"adiv","DMC",0.843208121004548
49,"agricolae","DMC",0.843208121004548
49,"ecodive","DMC",0.843208121004548
49,"forestHES","DMC",0.843208121004548
49,"tabula","DMC",0.843208121004548
49,"abdiv","DMG",14.8593708812186
49,"adiv","DMG",14.8593708812186
49,"agricolae","DMG",36.9833230821442
49,"ecodive","DMG",14.8593708812186
49,"tabula","DMG",14.8593708812186
49,"abdiv","DMN",4.40379865831203
49,"adiv","DMN",4.40379865831203
49,"ecodive","DMN",4.40379865831203
49,"tabula","DMN",4.40379865831203
49,"custom","DOD",213.114754098361
49,"abdiv","DQ",0
49,"ade4","DRAO",0.960955196375783
49,"BAT","DRAO",0.96095519637579
49,"SYNCSA","DRAO",0.960955196375783
49,"abdiv","DSHA",3.77885116513345
49,"adiv","DSHA",3.77885116513345
49,"aqp","DSHA",5.4517298361955
49,"asbio","DSHA",3.77885116513345
49,"benthos","DSHA",0
49,"BiodiversityR","DSHA",3.77885117
49,"biosampleR","DSHA",3.90838117687707
49,"chemodiv","DSHA",3.77885116513345
49,"codyn","DSHA",3.77885116513345
49,"DescTools","DSHA",5.4517298361955
49,"divDyn","DSHA",3.77885116513345
49,"divent","DSHA",3.77885116513345
49,"diverse","DSHA",3.90838117687707
49,"ecodive","DSHA",3.77885116513345
49,"EconGeo","DSHA",5.452
49,"entropart","DSHA",3.77885116513345
49,"forestmangr","DSHA",3.56
49,"HardyWeinberg","DSHA",3.77885116513345
49,"iNEXT","DSHA",3.779
49,"MCPAN","DSHA",3.77885116513345
49,"microbiome","DSHA",3.77885116513345
49,"OTUtable","DSHA",3.77885116513345
49,"pgirmess","DSHA",5.4517298361955
49,"SpiecEasi","DSHA",3.77885116513345
49,"sprex","DSHA",3.77885116513345
49,"tabula","DSHA",3.77885116513345
49,"triversity","DSHA",5.45172983619551
49,"vegan","DSHA",3.77885116513345
49,"wavethresh","DSHA",-45439.0038449352
49,"wiqid","DSHA",43.7657332427223
49,"abdiv","DSP",0.0390448036242178
49,"agricolae","DSP",0.0390448036242178
49,"antitrust","DSP",390.448036242178
49,"benthos","DSP",0.0367890402524436
49,"breakaway","DSP",0.0390448036242178
49,"concstats","DSP",0.0390448036242178
49,"DescTools","DSP",0.0390448036242178
49,"diverse","DSP",0.0305509091890142
49,"divseg","DSP",1.03904480362422
49,"EconGeo","DSP",0.0390448036242178
49,"hhi","DSP",0.120982986767486
49,"ineq","DSP",0.0390448036242178
49,"microbiome","DSP",0.0390448036242178
49,"PDtoolkit","DSP",0.0390448036242178
49,"politics","DSP",0.0390448036242178
49,"REAT","DSP",0.0390448036242178
49,"sprex","DSP",0.0390448036242178
49,"tabula","DSP",0.0390448036242178
49,"triversity","DSP",0.0390448036242178
49,"abdiv","EBP",0.100702576112412
49,"agricolae","EBP",0.100702576112412
49,"BiodiversityR","EBP",0.10070258
49,"diverse","EBP",0.0951276102088167
49,"dyvDyn","EBP",0.100702576112412
49,"ecodive","EBP",0.100702576112412
49,"microbiome","EBP",0.100702576112412
49,"tabula","EBP",0.100702576112412
49,"triversity","EBP",0.100702576112412
49,"wiqid","EBP",1
49,"tabula","EBRI",0.840176698245178
49,"BAT","EBU",0.510382513661202
49,"microbiome","EBU",0.510382513661202
49,"BAT","ECAM",0.98648034245224
49,"microbiome","ECAM",0.749234372185192
49,"codyn","EEQ",0.24892646853601
49,"custom","EEQ",0.000775888281452948
49,"adiv","EEVAR",0.489884256115512
49,"codyn","EEVAR",0.612645122128163
49,"custom","EEVAR",0.489884256115512
49,"microbiome","EEVAR",0.489884256115512
49,"acid","EGIN",0.841613322924798
49,"DescTools","EGIN",0.841613322924799
49,"dplR","EGIN",0.841613322924798
49,"EconGeo","EGIN",0.842
49,"giniVarCI","EGIN",0.841613322924798
49,"ineq","EGIN",0.841613322924798
49,"microbiome","EGIN",0.841613322924799
49,"REAT","EGIN",0.841613322924798
49,"shipunov","EGIN",0.841613322924799
49,"wINEQ","EGIN",0.841613322924798
49,"abdiv","EHEI",0.475174813808025
49,"adiv","EHEI",0.475174813808025
49,"custom","EHUL",0.192037470725995
49,"benthos","EHURE",0.963210959747556
49,"BiodiversityR","EHURE",0.96321096
49,"mobr","EHURE",0.963210959747556
49,"vegan","EHURE",0.963210959747822
49,"custom","ELR",0.17889459430879
49,"abdiv","EMC",0.250269301279933
49,"tabula","EMC",0.896367238409972
49,"microbiome","EMN",0.192037470725995
49,"custom","ENHC",-0.0353175900816199
49,"custom","EPAT",0.207929175899747
49,"abdiv","EPIE",0.837723090172534
49,"adiv","EPIE",0.837723090172534
49,"BiodiversityR","EPIE",0.83772309
49,"breakaway","EPIE",0.837723090172534
49,"chemodiv","EPIE",0.837723090172534
49,"diverse","EPIE",0.872925432868637
49,"forestmangr","EPIE",1
49,"microbiome","EPIE",0.837723090172534
49,"OTUtable","EPIE",0.837723090172534
49,"pctax","EPIE",0.8377
49,"sprex","EPIE",0.837723090172534
49,"tabula","EPIE",0.837723090172534
49,"custom","ESHE",0.480942123546399
49,"adiv","ESP",0.281446184101051
49,"codyn","ESP",0.551041666666667
49,"sprex","ESP",0.0415258369794884
49,"tabula","ESP",0.281446184101051
49,"abdiv","EST",0.484237074401009
49,"adiv","QHIL_0",91
49,"adiv","QHIL_1",43.7657332427223
49,"adiv","QHIL_2",25.6116027531957
49,"adiv","QHIL_3",19.4524835532772
49,"BAT","QHIL_0",91
49,"BAT","QHIL_1",43.7657332427223
49,"BAT","QHIL_2",25.6116027531957
49,"BAT","QHIL_3",19.4524835532772
49,"benthos","QHIL_0",225
49,"benthos","QHIL_1",43.7657332427223
49,"benthos","QHIL_2",25.6116027531957
49,"benthos","QHIL_3",19.4524835532772
49,"breakaway","QHIL_0",91
49,"breakaway","QHIL_1",43.7657332427223
49,"breakaway","QHIL_2",25.6116027531957
49,"breakaway","QHIL_3",19.4524835532772
49,"chemodiv","QHIL_0",91
49,"chemodiv","QHIL_1",43.7657332427223
49,"chemodiv","QHIL_2",25.6116027531957
49,"chemodiv","QHIL_3",19.4524835532772
49,"divDyn","QHIL_2",25.6116027531957
49,"divent","QHIL_0",91
49,"divent","QHIL_1",43.7657332427223
49,"divent","QHIL_2",25.6116027531957
49,"divent","QHIL_3",19.4524835532772
49,"entropart","QHIL_0",91
49,"entropart","QHIL_1",43.7657332427223
49,"entropart","QHIL_2",25.6116027531957
49,"entropart","QHIL_3",19.4524835532772
49,"EntropyEstimation","QHIL_1",49.1145868057158
49,"EntropyEstimation","QHIL_2",27.1820083682011
49,"EntropyEstimation","QHIL_3",20.4287186378321
49,"hilldiv","QHIL_0",91
49,"hilldiv","QHIL_1",43.7660393243863
49,"hilldiv","QHIL_2",25.6116027531957
49,"hilldiv","QHIL_3",19.4524835532772
49,"hillR","QHIL_0",91
49,"hillR","QHIL_1",43.7657332427223
49,"hillR","QHIL_2",25.6116027531957
49,"hillR","QHIL_3",19.4524835532772
49,"sprex","QHIL_0",91
49,"sprex","QHIL_1",43.7657332427223
49,"sprex","QHIL_2",25.6116027531957
49,"sprex","QHIL_3",19.4524835532772
49,"vegan","QHIL_0",91
49,"vegan","QHIL_1",43.7657332427223
49,"vegan","QHIL_2",25.6116027531957
49,"vegan","QHIL_3",19.4524835532772
49,"adiv","QREN_0",4.51085950651685
49,"adiv","QREN_1",3.77885116513345
49,"adiv","QREN_2",3.24304548135338
49,"adiv","QREN_3",2.9679747510274
49,"BiodiversityR","QREN_0",4.51085950651685
49,"BiodiversityR","QREN_1",3.77885116513345
49,"BiodiversityR","QREN_2",3.24304548135338
49,"BiodiversityR","QREN_3",2.9679747510274
49,"diverse","QREN_0",4.47733681447821
49,"diverse","QREN_1",3.90838117687707
49,"diverse","QREN_2",3.417320329959
49,"diverse","QREN_3",3.11274485242223
49,"EntropyEstimation","QREN_1",3.89415607429934
49,"EntropyEstimation","QREN_2",3.30255529739129
49,"EntropyEstimation","QREN_3",3.01694168722636
49,"seewave","QREN_2",0.598778697454885
49,"seewave","QREN_3",0.547991096489274
49,"sprex","QREN_0",4.51085950651685
49,"sprex","QREN_1",3.77885116513345
49,"sprex","QREN_2",3.24304548135338
49,"sprex","QREN_3",2.9679747510274
49,"statcomp","QREN_1",0.69770700033467
49,"statcomp","QREN_2",0.598778685866572
49,"statcomp","QREN_3",0.54799108779804
49,"vegan","QREN_0",4.51085950651685
49,"vegan","QREN_1",3.77885116513345
49,"vegan","QREN_2",3.24304548135338
49,"vegan","QREN_3",2.9679747510274
49,"adiv","QTSA_0",90
49,"adiv","QTSA_1",3.77885116513345
49,"adiv","QTSA_2",0.960955196375782
49,"adiv","QTSA_3",0.498678643848935
49,"divent","QTSA_0",90
49,"divent","QTSA_1",3.77885116513345
49,"divent","QTSA_2",0.960955196375782
49,"divent","QTSA_3",0.498678643848935
49,"entropart","QTSA_0",90
49,"entropart","QTSA_1",3.77885116513345
49,"entropart","QTSA_2",0.960955196375782
49,"entropart","QTSA_3",0.498678643848935
49,"EntropyEstimation","QTSA_1",3.89415607429934
49,"EntropyEstimation","QTSA_2",0.963210959747557
49,"EntropyEstimation","QTSA_3",0.498801914670278
49,"vegan","QTSA_0",90
49,"vegan","QTSA_1",3.77885116513345
49,"vegan","QTSA_2",0.960955196375782
49,"vegan","QTSA_3",0.498678643848935
49,"BAT","RACE",141.859406960227
49,"ecodive","RACE",141.859406960227
49,"fossil","RACE",110.74375
49,"pctax","RACE",141.8594
49,"sprex","RACE",427
49,"tabula","RACE",141.859406960227
49,"vegan","RACE",141.859406960227
49,"wiqid","RACE",141.859406960227
49,"BiodiversityR","RBOO",91
49,"wiqid","RBOO",225
49,"BAT","RC1",128.05
49,"BiodiversityR","RC1",91
49,"biosampleR","RC1",100
49,"iNEXT","RC1",130.933
49,"microbiome","RC1",128.05
49,"pctax","RC1",128.05
49,"rareNMtests","RC1",91
49,"SpadeR","RC1",91
49,"SSP","RC1",91
49,"vegan","RC1",128.05
49,"wiqid","RC1",131.026315789474
49,"BAT","RC1M",151.569387755102
49,"divent","RC1M",130.932577345002
49,"ecodive","RC1M",131.026315789474
49,"entropart","RC1M",130.932577345002
49,"fossil","RC1M",131.026315789474
49,"mobr","RC1M",130.932577345002
49,"OTUtable","RC1M",131.026315789474
49,"tabula","RC1M",130.932577345002
49,"wiqid","RC1M",131.026315789474
49,"BAT","RCA2",235.71296129322
49,"divDyn","RCA2",127.642857142857
49,"fossil","RCA2",131.026315789474
49,"tabula","RCA2",91
49,"wiqid","RCA2",91
49,"benthos","RHUR_2",1.96321095974782
49,"benthos","RHUR_3",2.89202904990229
49,"divent","RHUR_2",27.1820083602225
49,"divent","RHUR_3",27.4478202825393
49,"entropart","RHUR_2",1.96321095974781
49,"entropart","RHUR_3",2.89202904990228
49,"mobsim","RHUR_2",1.96321095974782
49,"mobsim","RHUR_3",2.89202904990229
49,"tabula","RHUR_2",1.96321095974142
49,"tabula","RHUR_3",2.89202904992372
49,"vegan","RHUR_2",1.96321095974782
49,"vegan","RHUR_3",2.89202904990229
49,"BAT","RICE",239.910390388744
49,"fossil","RICE",110.74375
49,"tabula","RICE",91
49,"wiqid","RICE",91
49,"BAT","RJA1",130
49,"BiodiversityR","RJA1",91
49,"divent","RJA1",150
49,"entropart","RJA1",150
49,"fossil","RJA1",129.908665105386
49,"SSP","RJA1",91
49,"tabula","RJA1",3.75581084654242
49,"wiqid","RJA1",130
49,"BAT","RJA2",150
49,"BiodiversityR","RJA2",91
49,"fossil","RJA2",149.585375641829
49,"SSP","RJA2",91
49,"wiqid","RJA2",150
49,"asbio","RLMD",145.128429230288
49,"sads","RLMD",0.883523937536358
49,"vegan","RLMD",136.383142004605
49,"wiqid","RMM",0
49,"divDyn","RSQ",151.566053249804
49,"ecodive","RSQ",151.566053249804
49,"tabula","RSQ",151.566053249804
50,"custom","RICH",93
50,"abdiv","D1SP",0.967978395061728
50,"ade4","D1SP",0.967978395061729
50,"adiv","D1SP",0.967978395061728
50,"agricolae","D1SP",0.967978395061728
50,"asbio","D1SP",0.967978395061728
50,"BiodiversityR","D1SP",0.9679784
50,"biosampleR","D1SP",0.953425672969435
50,"breakaway","D1SP",0.967978395061728
50,"catsim","D1SP",0.618785185185185
50,"concstats","D1SP",0.995678667879189
50,"CUB","D1SP",0.97229972718254
50,"DescTools","D1SP",0.967978395061729
50,"divent","D1SP",0.967978395061728
50,"diverse","D1SP",0.953425672969435
50,"ecodive","D1SP",0.967978395061728
50,"entropart","D1SP",0.967978395061728
50,"lawstat","D1SP",0.829365079365079
50,"MCPAN","D1SP",0.967978395061728
50,"microbiome","D1SP",0.967978395061728
50,"PCRA","D1SP",0.967978395061728
50,"RoughSets","D1SP",0.967978395061728
50,"simboot","D1SP",0.967978395061728
50,"sprex","D1SP",0.967978395061728
50,"untb","D1SP",0.970224284609435
50,"vegan","D1SP",0.967978395061728
50,"abdiv","DBRI",3.60712567325915
50,"ecodive","DBRI",3.60712567325915
50,"tabula","DBRI",3.60712567325915
50,"wiqid","DBRI",36.8599528567343
50,"BiodiversityR","DFIS",36.40426401
50,"ecodive","DFIS",36.404
50,"microbiome","DFIS",36.4042640135268
50,"preseqR","DFIS",9.88372553523556
50,"sads","DFIS",36.4042641404955
50,"vegan","DFIS",36.4042640135268
50,"custom","DGLE",15.3252270539762
50,"custom","DGOO_1_1",3.90661620707035
50,"custom","DGOO_1_2",0.32162366139783
50,"custom","DGOO_1_3",1
50,"custom","DGOO_2_1",0.0987439528828131
50,"custom","DGOO_2_2",1.1108665856408
50,"custom","DGOO_2_3",1
50,"custom","DGOO_3_1",0.00490078343766069
50,"custom","DGOO_3_2",0.0400319394811662
50,"custom","DGOO_3_3",1
50,"abdiv","DINVSP",31.2289156626506
50,"adiv","DINVSP",31.2289156626506
50,"asbio","DINVSP",31.2289156626506
50,"BiodiversityR","DINVSP",31.22891566
50,"breakaway","DINVSP",31.2289156626506
50,"chemodiv","DINVSP",31.2289156626506
50,"codyn","DINVSP",5.78703703703704
50,"divseg","DINVSP",1.03202160493827
50,"ecodive","DINVSP",31.2289156626506
50,"microbiome","DINVSP",31.2289156626506
50,"sprex","DINVSP",31.2289156626506
50,"vegan","DINVSP",31.2289156626506
50,"wiqid","DINVSP",31.2289156626506
50,"custom","DKO",0.146788990825688
50,"abdiv","DMC",0.862553824585628
50,"adiv","DMC",0.862553824585628
50,"agricolae","DMC",0.862553824585628
50,"ecodive","DMC",0.862553824585628
50,"forestHES","DMC",0.862553824585628
50,"tabula","DMC",0.862553824585628
50,"abdiv","DMG",15.160439666299
50,"adiv","DMG",15.160439666299
50,"agricolae","DMG",36.9123748396846
50,"ecodive","DMG",15.160439666299
50,"tabula","DMG",15.160439666299
50,"abdiv","DMN",4.4744645862196
50,"adiv","DMN",4.4744645862196
50,"ecodive","DMN",4.4744645862196
50,"tabula","DMN",4.4744645862196
50,"custom","DOD",215.277777777778
50,"abdiv","DQ",0
50,"ade4","DRAO",0.967978395061728
50,"BAT","DRAO",0.967978395061748
50,"SYNCSA","DRAO",0.967978395061728
50,"abdiv","DSHA",3.90661620707035
50,"adiv","DSHA",3.90661620707035
50,"aqp","DSHA",5.63605582859685
50,"asbio","DSHA",3.90661620707035
50,"benthos","DSHA",0
50,"BiodiversityR","DSHA",3.90661621
50,"biosampleR","DSHA",3.76133087438578
50,"chemodiv","DSHA",3.90661620707035
50,"codyn","DSHA",3.90661620707035
50,"DescTools","DSHA",5.63605582859685
50,"divDyn","DSHA",3.90661620707035
50,"divent","DSHA",3.90661620707035
50,"diverse","DSHA",3.76133087438578
50,"ecodive","DSHA",3.90661620707036
50,"EconGeo","DSHA",5.636
50,"entropart","DSHA",3.90661620707035
50,"forestmangr","DSHA",3.56
50,"HardyWeinberg","DSHA",3.90661620707035
50,"iNEXT","DSHA",3.907
50,"MCPAN","DSHA",3.90661620707035
50,"microbiome","DSHA",3.90661620707035
50,"OTUtable","DSHA",3.90661620707035
50,"pgirmess","DSHA",5.63605582859685
50,"SpiecEasi","DSHA",3.90661620707035
50,"sprex","DSHA",3.90661620707035
50,"tabula","DSHA",3.90661620707035
50,"triversity","DSHA",5.63605582859685
50,"vegan","DSHA",3.90661620707035
50,"wavethresh","DSHA",-35673.8397050894
50,"wiqid","DSHA",49.7303896034386
50,"abdiv","DSP",0.0320216049382716
50,"agricolae","DSP",0.0320216049382716
50,"antitrust","DSP",320.216049382716
50,"benthos","DSP",0.0297757153905646
50,"breakaway","DSP",0.0320216049382716
50,"concstats","DSP",0.0320216049382716
50,"DescTools","DSP",0.0320216049382716
50,"diverse","DSP",0.0442374994007383
50,"divseg","DSP",1.03202160493827
50,"EconGeo","DSP",0.0320216049382716
50,"hhi","DSP",0.1728
50,"ineq","DSP",0.0320216049382716
50,"microbiome","DSP",0.0320216049382716
50,"PDtoolkit","DSP",0.0320216049382716
50,"politics","DSP",0.0320216049382716
50,"REAT","DSP",0.0320216049382716
50,"sprex","DSP",0.0320216049382716
50,"tabula","DSP",0.0320216049382716
50,"triversity","DSP",0.0320216049382716
50,"abdiv","EBP",0.099537037037037
50,"agricolae","EBP",0.099537037037037
50,"BiodiversityR","EBP",0.09953704
50,"diverse","EBP",0.158924205378973
50,"dyvDyn","EBP",0.099537037037037
50,"ecodive","EBP",0.099537037037037
50,"microbiome","EBP",0.099537037037037
50,"tabula","EBP",0.099537037037037
50,"triversity","EBP",0.099537037037037
50,"wiqid","EBP",1
50,"tabula","EBRI",0.865043156897046
50,"BAT","EBU",0.531627415458937
50,"microbiome","EBU",0.531627415458937
50,"BAT","ECAM",0.987429224455873
50,"microbiome","ECAM",0.716298287534847
50,"codyn","EEQ",0.22341564635939
50,"custom","EEQ",0.000751847739085972
50,"adiv","EEVAR",0.496929097715807
50,"codyn","EEVAR",0.588642443419713
50,"custom","EEVAR",0.496929097715807
50,"microbiome","EEVAR",0.496929097715807
50,"acid","EGIN",0.825679012345679
50,"DescTools","EGIN",0.825679012345679
50,"dplR","EGIN",0.825679012345679
50,"EconGeo","EGIN",0.826
50,"giniVarCI","EGIN",0.825679012345679
50,"ineq","EGIN",0.825679012345679
50,"microbiome","EGIN",0.825679012345677
50,"REAT","EGIN",0.825679012345679
50,"shipunov","EGIN",0.825679012345677
50,"wINEQ","EGIN",0.825679012345679
50,"abdiv","EHEI",0.529678147863463
50,"adiv","EHEI",0.529678147863463
50,"custom","EHUL",0.162037037037037
50,"benthos","EHURE",0.970224284609435
50,"BiodiversityR","EHURE",0.97022428
50,"mobr","EHURE",0.970224284609435
50,"vegan","EHURE",0.970224284609763
50,"custom","ELR",0.198856390614686
50,"abdiv","EMC",0.227276027547678
50,"tabula","EMC",0.916043466895436
50,"microbiome","EMN",0.162037037037037
50,"custom","ENHC",-0.0349751706817905
50,"custom","EPAT",0.118923285726332
50,"abdiv","EPIE",0.861893095335582
50,"adiv","EPIE",0.861893095335582
50,"BiodiversityR","EPIE",0.8618931
50,"breakaway","EPIE",0.861893095335582
50,"chemodiv","EPIE",0.861893095335582
50,"diverse","EPIE",0.835886659648367
50,"forestmangr","EPIE",1
50,"microbiome","EPIE",0.861893095335582
50,"OTUtable","EPIE",0.861893095335582
50,"pctax","EPIE",0.8619
50,"sprex","EPIE",0.861893095335582
50,"tabula","EPIE",0.861893095335582
50,"custom","ESHE",0.534735372079985
50,"adiv","ESP",0.335794792071512
50,"codyn","ESP",0.413359788359788
50,"sprex","ESP",0.0420066258824769
50,"tabula","ESP",0.335794792071512
50,"abdiv","EST",0.463336320191159
50,"adiv","QHIL_0",93
50,"adiv","QHIL_1",49.7303896034386
50,"adiv","QHIL_2",31.2289156626506
50,"adiv","QHIL_3",23.4851601246396
50,"BAT","QHIL_0",93
50,"BAT","QHIL_1",49.7303896034386
50,"BAT","QHIL_2",31.2289156626506
50,"BAT","QHIL_3",23.4851601246396
50,"benthos","QHIL_0",225
50,"benthos","QHIL_1",49.7303896034386
50,"benthos","QHIL_2",31.2289156626506
50,"benthos","QHIL_3",23.4851601246396
50,"breakaway","QHIL_0",93
50,"breakaway","QHIL_1",49.7303896034386
50,"breakaway","QHIL_2",31.2289156626506
50,"breakaway","QHIL_3",23.4851601246396
50,"chemodiv","QHIL_0",93
50,"chemodiv","QHIL_1",49.7303896034386
50,"chemodiv","QHIL_2",31.2289156626506
50,"chemodiv","QHIL_3",23.4851601246396
50,"divDyn","QHIL_2",31.2289156626506
50,"divent","QHIL_0",93
50,"divent","QHIL_1",49.7303896034386
50,"divent","QHIL_2",31.2289156626505
50,"divent","QHIL_3",23.4851601246388
50,"entropart","QHIL_0",93
50,"entropart","QHIL_1",49.7303896034386
50,"entropart","QHIL_2",31.2289156626505
50,"entropart","QHIL_3",23.4851601246395
50,"EntropyEstimation","QHIL_1",55.8516564548452
50,"EntropyEstimation","QHIL_2",33.5844155844149
50,"EntropyEstimation","QHIL_3",24.9022253839544
50,"hilldiv","QHIL_0",93
50,"hilldiv","QHIL_1",49.7306784563149
50,"hilldiv","QHIL_2",31.2289156626506
50,"hilldiv","QHIL_3",23.4851601246396
50,"hillR","QHIL_0",93
50,"hillR","QHIL_1",49.7303896034386
50,"hillR","QHIL_2",31.2289156626506
50,"hillR","QHIL_3",23.4851601246396
50,"sprex","QHIL_0",93
50,"sprex","QHIL_1",49.7303896034386
50,"sprex","QHIL_2",31.2289156626506
50,"sprex","QHIL_3",23.4851601246396
50,"vegan","QHIL_0",93
50,"vegan","QHIL_1",49.7303896034386
50,"vegan","QHIL_2",31.2289156626506
50,"vegan","QHIL_3",23.4851601246396
50,"adiv","QREN_0",4.53259949315326
50,"adiv","QREN_1",3.90661620707035
50,"adiv","QREN_2",3.44134444967557
50,"adiv","QREN_3",3.15636873762219
50,"BiodiversityR","QREN_0",4.53259949315326
50,"BiodiversityR","QREN_1",3.90661620707035
50,"BiodiversityR","QREN_2",3.44134444967557
50,"BiodiversityR","QREN_3",3.15636873762219
50,"diverse","QREN_0",4.49980967033027
50,"diverse","QREN_1",3.76133087438578
50,"diverse","QREN_2",3.06670581175475
50,"diverse","QREN_3",2.65124823515902
50,"EntropyEstimation","QREN_1",4.02269918406993
50,"EntropyEstimation","QREN_2",3.5140621374781
50,"EntropyEstimation","QREN_3",3.21495717232672
50,"seewave","QREN_2",0.635391565006071
50,"seewave","QREN_3",0.582775160920362
50,"sprex","QREN_0",4.53259949315326
50,"sprex","QREN_1",3.90661620707035
50,"sprex","QREN_2",3.44134444967557
50,"sprex","QREN_3",3.15636873762219
50,"statcomp","QREN_1",0.721296858802749
50,"statcomp","QREN_2",0.63539155372284
50,"statcomp","QREN_3",0.582775152457939
50,"vegan","QREN_0",4.53259949315326
50,"vegan","QREN_1",3.90661620707035
50,"vegan","QREN_2",3.44134444967557
50,"vegan","QREN_3",3.15636873762219
50,"adiv","QTSA_0",92
50,"adiv","QTSA_1",3.90661620707035
50,"adiv","QTSA_2",0.967978395061728
50,"adiv","QTSA_3",0.499093468388012
50,"divent","QTSA_0",92
50,"divent","QTSA_1",3.90661620707035
50,"divent","QTSA_2",0.967978395061728
50,"divent","QTSA_3",0.499093468388012
50,"entropart","QTSA_0",92
50,"entropart","QTSA_1",3.90661620707035
50,"entropart","QTSA_2",0.967978395061728
50,"entropart","QTSA_3",0.499093468388012
50,"EntropyEstimation","QTSA_1",4.02269918406993
50,"EntropyEstimation","QTSA_2",0.970224284609435
50,"EntropyEstimation","QTSA_3",0.499193705522281
50,"vegan","QTSA_0",92
50,"vegan","QTSA_1",3.90661620707035
50,"vegan","QTSA_2",0.967978395061728
50,"vegan","QTSA_3",0.499093468388012
50,"BAT","RACE",142.122824404684
50,"ecodive","RACE",142.122824404684
50,"fossil","RACE",111.159509202454
50,"pctax","RACE",142.1228
50,"sprex","RACE",432
50,"tabula","RACE",142.122824404684
50,"vegan","RACE",142.122824404684
50,"wiqid","RACE",142.122824404684
50,"BiodiversityR","RBOO",93
50,"wiqid","RBOO",225
50,"BAT","RC1",126.3
50,"BiodiversityR","RC1",93
50,"biosampleR","RC1",129.176470588235
50,"iNEXT","RC1",128.943
50,"microbiome","RC1",126.3
50,"pctax","RC1",126.3
50,"rareNMtests","RC1",93
50,"SpadeR","RC1",93
50,"SSP","RC1",93
50,"vegan","RC1",126.3
50,"wiqid","RC1",129.026315789474
50,"BAT","RC1M",146.29129379119
50,"divent","RC1M",128.942921539961
50,"ecodive","RC1M",129.026315789474
50,"entropart","RC1M",128.942921539961
50,"fossil","RC1M",129.026315789474
50,"mobr","RC1M",128.942921539961
50,"OTUtable","RC1M",129.026315789474
50,"tabula","RC1M",128.942921539961
50,"wiqid","RC1M",129.026315789474
50,"BAT","RCA2",235.5
50,"divDyn","RCA2",125.941935483871
50,"fossil","RCA2",129.026315789474
50,"tabula","RCA2",93
50,"wiqid","RCA2",93
50,"benthos","RHUR_2",1.97022428460976
50,"benthos","RHUR_3",2.91228544278413
50,"divent","RHUR_2",33.5844157154624
50,"divent","RHUR_3",33.8652016121758
50,"entropart","RHUR_2",1.97022428460977
50,"entropart","RHUR_3",2.91228544278414
50,"mobsim","RHUR_2",1.97022428460976
50,"mobsim","RHUR_3",2.91228544278413
50,"tabula","RHUR_2",1.97022428465098
50,"tabula","RHUR_3",2.91228544287074
50,"vegan","RHUR_2",1.97022428460976
50,"vegan","RHUR_3",2.91228544278413
50,"BAT","RICE",239.700871138974
50,"fossil","RICE",111.159509202454
50,"tabula","RICE",93
50,"wiqid","RICE",93
50,"BAT","RJA1",130
50,"BiodiversityR","RJA1",93
50,"divent","RJA1",148
50,"entropart","RJA1",148
50,"fossil","RJA1",129.914351851852
50,"SSP","RJA1",93
50,"tabula","RJA1",3.88631631268449
50,"wiqid","RJA1",130
50,"BAT","RJA2",148
50,"BiodiversityR","RJA2",93
50,"fossil","RJA2",147.617953510355
50,"SSP","RJA2",93
50,"wiqid","RJA2",148
50,"asbio","RLMD",150.91548943846
50,"sads","RLMD",0.936944403338761
50,"vegan","RLMD",123.567620917507
50,"wiqid","RMM",0
50,"divDyn","RSQ",137.661043874159
50,"ecodive","RSQ",137.661043874159
50,"tabula","RSQ",137.661043874159
