"Sample","package","index","value","index_name"
1,"custom","RICH",93,"Species richness"
1,"abdiv","D1SP",0.974629304846939,"Simpson's reciprocal"
1,"ade4","D1SP",0.974629304846939,"Simpson's reciprocal"
1,"adiv","D1SP",0.974629304846939,"Simpson's reciprocal"
1,"agricolae","D1SP",0.974629304846939,"Simpson's reciprocal"
1,"asbio","D1SP",0.974629304846939,"Simpson's reciprocal"
1,"BiodiversityR","D1SP",0.9746293,"Simpson's reciprocal"
1,"biosampleR","D1SP",0.974629304846939,"Simpson's reciprocal"
1,"breakaway","D1SP",0.974629304846939,"Simpson's reciprocal"
1,"catsim","D1SP",0.626567901234568,"Simpson's reciprocal"
1,"concstats","D1SP",0.995648976317648,"Simpson's reciprocal"
1,"CUB","D1SP",0.978980328529291,"Simpson's reciprocal"
1,"DescTools","D1SP",0.974629304846939,"Simpson's reciprocal"
1,"divent","D1SP",0.974629304846939,"Simpson's reciprocal"
1,"diverse","D1SP",0.974629304846939,"Simpson's reciprocal"
1,"ecodive","D1SP",0.974629304846939,"Simpson's reciprocal"
1,"entropart","D1SP",0.974629304846939,"Simpson's reciprocal"
1,"lawstat","D1SP",0.814512914540816,"Simpson's reciprocal"
1,"MCPAN","D1SP",0.974629304846939,"Simpson's reciprocal"
1,"microbiome","D1SP",0.974629304846939,"Simpson's reciprocal"
1,"PCRA","D1SP",0.974629304846939,"Simpson's reciprocal"
1,"RoughSets","D1SP",0.974629304846939,"Simpson's reciprocal"
1,"simboot","D1SP",0.974629304846939,"Simpson's reciprocal"
1,"sprex","D1SP",0.974629304846939,"Simpson's reciprocal"
1,"untb","D1SP",0.976809683604986,"Simpson's reciprocal"
1,"vegan","D1SP",0.974629304846939,"Simpson's reciprocal"
1,"abdiv","DBRI",3.71934121102248,"Brillouin"
1,"ecodive","DBRI",3.71934121102248,"Brillouin"
1,"tabula","DBRI",3.71934121102248,"Brillouin"
1,"wiqid","DBRI",41.2372185330755,"Brillouin"
1,"BiodiversityR","DFIS",35.67297412,"Fisher's alpha"
1,"ecodive","DFIS",35.673,"Fisher's alpha"
1,"microbiome","DFIS",35.6729741177961,"Fisher's alpha"
1,"preseqR","DFIS",10.0110974503005,"Fisher's alpha"
1,"sads","DFIS",35.6729729418523,"Fisher's alpha"
1,"vegan","DFIS",35.6729741177961,"Fisher's alpha"
1,"custom","DGLE",15.233931184793,"Gleason"
1,"custom","DGOO_1_1",4.01841166223236,"Good m1 n1"
1,"custom","DGOO_1_2",0.30618969426926,"Good m1 n2"
1,"custom","DGOO_1_3",1,"Good m1 n3"
1,"custom","DGOO_2_1",0.0868666255492064,"Good m2 n1"
1,"custom","DGOO_2_2",1.11740314394094,"Good m2 n2"
1,"custom","DGOO_2_3",1,"Good m2 n3"
1,"custom","DGOO_3_1",0.00300785444347568,"Good m3 n1"
1,"custom","DGOO_3_2",0.0321922702980741,"Good m3 n2"
1,"custom","DGOO_3_3",1,"Good m3 n3"
1,"abdiv","DINVSP",39.4155538098979,"Simpson inverse"
1,"adiv","DINVSP",39.4155538098979,"Simpson inverse"
1,"asbio","DINVSP",39.4155538098979,"Simpson inverse"
1,"BiodiversityR","DINVSP",39.41555381,"Simpson inverse"
1,"breakaway","DINVSP",39.4155538098979,"Simpson inverse"
1,"chemodiv","DINVSP",39.4155538098979,"Simpson inverse"
1,"codyn","DINVSP",5.44530493707648,"Simpson inverse"
1,"divseg","DINVSP",1.02537069515306,"Simpson inverse"
1,"ecodive","DINVSP",39.4155538098979,"Simpson inverse"
1,"microbiome","DINVSP",39.4155538098979,"Simpson inverse"
1,"sprex","DINVSP",39.4155538098979,"Simpson inverse"
1,"vegan","DINVSP",39.4155538098979,"Simpson inverse"
1,"wiqid","DINVSP",39.4155538098979,"Simpson inverse"
1,"custom","DKO",0.146788990825688,"Kothe"
1,"abdiv","DMC",0.882408051269361,"McIntosh"
1,"adiv","DMC",0.882408051269361,"McIntosh"
1,"agricolae","DMC",0.882408051269361,"McIntosh"
1,"ecodive","DMC",0.882408051269361,"McIntosh"
1,"forestHES","DMC",0.882408051269361,"McIntosh"
1,"tabula","DMC",0.882408051269361,"McIntosh"
1,"abdiv","DMG",15.0701254731286,"Margalef"
1,"adiv","DMG",15.0701254731286,"Margalef"
1,"agricolae","DMG",36.6924794128348,"Margalef"
1,"ecodive","DMG",15.0701254731286,"Margalef"
1,"tabula","DMG",15.0701254731286,"Margalef"
1,"abdiv","DMN",4.39383699873227,"Menhinick"
1,"adiv","DMN",4.39383699873227,"Menhinick"
1,"ecodive","DMN",4.39383699873227,"Menhinick"
1,"tabula","DMN",4.39383699873227,"Menhinick"
1,"custom","DOD",207.589285714286,"Odum"
1,"abdiv","DQ",0,"Q-statistic"
1,"ade4","DRAO",0.974629304846938,"Rao"
1,"BAT","DRAO",0.974629304846965,"Rao"
1,"SYNCSA","DRAO",0.974629304846939,"Rao"
1,"abdiv","DSHA",4.01841166223236,"Shannon"
1,"adiv","DSHA",4.01841166223236,"Shannon"
1,"aqp","DSHA",5.797342577353,"Shannon"
1,"asbio","DSHA",4.01841166223236,"Shannon"
1,"benthos","DSHA",0,"Shannon"
1,"BiodiversityR","DSHA",4.01841166,"Shannon"
1,"biosampleR","DSHA",4.01841166223236,"Shannon"
1,"chemodiv","DSHA",4.01841166223236,"Shannon"
1,"codyn","DSHA",4.01841166223236,"Shannon"
1,"DescTools","DSHA",5.797342577353,"Shannon"
1,"divDyn","DSHA",4.01841166223236,"Shannon"
1,"divent","DSHA",4.01841166223236,"Shannon"
1,"diverse","DSHA",4.01841166223236,"Shannon"
1,"ecodive","DSHA",4.01841166223236,"Shannon"
1,"EconGeo","DSHA",5.797,"Shannon"
1,"entropart","DSHA",4.01841166223236,"Shannon"
1,"forestmangr","DSHA",3.56,"Shannon"
1,"HardyWeinberg","DSHA",4.01841166223236,"Shannon"
1,"iNEXT","DSHA",4.018,"Shannon"
1,"MCPAN","DSHA",4.01841166223236,"Shannon"
1,"microbiome","DSHA",4.01841166223236,"Shannon"
1,"OTUtable","DSHA",4.01841166223236,"Shannon"
1,"pgirmess","DSHA",5.797342577353,"Shannon"
1,"SpiecEasi","DSHA",4.01841166223236,"Shannon"
1,"sprex","DSHA",4.01841166223236,"Shannon"
1,"tabula","DSHA",4.01841166223236,"Shannon"
1,"triversity","DSHA",5.797342577353,"Shannon"
1,"vegan","DSHA",4.01841166223236,"Shannon"
1,"wavethresh","DSHA",-27302.2558504584,"Shannon"
1,"wiqid","DSHA",55.612703881371,"Shannon"
1,"abdiv","DSP",0.0253706951530612,"Simpson"
1,"agricolae","DSP",0.0253706951530612,"Simpson"
1,"antitrust","DSP",253.706951530612,"Simpson"
1,"benthos","DSP",0.0231903163950144,"Simpson"
1,"breakaway","DSP",0.0253706951530612,"Simpson"
1,"concstats","DSP",0.0253706951530612,"Simpson"
1,"DescTools","DSP",0.0253706951530612,"Simpson"
1,"diverse","DSP",0.0231903163950144,"Simpson"
1,"divseg","DSP",1.02537069515306,"Simpson"
1,"EconGeo","DSP",0.0253706951530612,"Simpson"
1,"hhi","DSP",0.183644444444444,"Simpson"
1,"ineq","DSP",0.0253706951530612,"Simpson"
1,"microbiome","DSP",0.0253706951530612,"Simpson"
1,"PDtoolkit","DSP",0.0253706951530612,"Simpson"
1,"politics","DSP",0.0253706951530612,"Simpson"
1,"REAT","DSP",0.0253706951530612,"Simpson"
1,"sprex","DSP",0.0253706951530612,"Simpson"
1,"tabula","DSP",0.0253706951530612,"Simpson"
1,"triversity","DSP",0.0253706951530612,"Simpson"
1,"abdiv","EBP",0.0558035714285714,"Berger-Parker"
1,"agricolae","EBP",0.0558035714285714,"Berger-Parker"
1,"BiodiversityR","EBP",0.05580357,"Berger-Parker"
1,"diverse","EBP",0.0558035714285714,"Berger-Parker"
1,"dyvDyn","EBP",0.0558035714285714,"Berger-Parker"
1,"ecodive","EBP",0.0558035714285714,"Berger-Parker"
1,"microbiome","EBP",0.0558035714285714,"Berger-Parker"
1,"tabula","EBP",0.0558035714285714,"Berger-Parker"
1,"triversity","EBP",0.0558035714285714,"Berger-Parker"
1,"wiqid","EBP",1,"Berger-Parker"
1,"tabula","EBRI",0.889603290929765,"Brillouin evenness"
1,"BAT","EBU",0.570603649068323,"Bulla"
1,"microbiome","EBU",0.570603649068323,"Bulla"
1,"BAT","ECAM",0.988206897415348,"Camargo"
1,"microbiome","ECAM",0.705549155145929,"Camargo"
1,"codyn","EEQ",0.181259377237171,"NHC EQ"
1,"custom","EEQ",0.00075796030591131,"NHC EQ"
1,"adiv","EEVAR",0.510161099252474,"NHC EVAR"
1,"codyn","EEVAR",0.484737301554611,"NHC EVAR"
1,"custom","EEVAR",0.510161099252474,"NHC EVAR"
1,"microbiome","EEVAR",0.510161099252474,"NHC EVAR"
1,"acid","EGIN",0.810892857142857,"Gini coefficient"
1,"DescTools","EGIN",0.810892857142857,"Gini coefficient"
1,"dplR","EGIN",0.810892857142857,"Gini coefficient"
1,"EconGeo","EGIN",0.811,"Gini coefficient"
1,"giniVarCI","EGIN",0.810892857142857,"Gini coefficient"
1,"ineq","EGIN",0.810892857142857,"Gini coefficient"
1,"microbiome","EGIN",0.810892857142861,"Gini coefficient"
1,"REAT","EGIN",0.810892857142857,"Gini coefficient"
1,"shipunov","EGIN",0.810892857142861,"Gini coefficient"
1,"wINEQ","EGIN",0.810892857142857,"Gini coefficient"
1,"abdiv","EHEI",0.593616346536641,"Heip"
1,"adiv","EHEI",0.593616346536641,"Heip"
1,"custom","EHUL",0.109375,"Hulburt"
1,"benthos","EHURE",0.976809683604986,"Hurlbert PIE"
1,"BiodiversityR","EHURE",0.97680968,"Hurlbert PIE"
1,"mobr","EHURE",0.976809683604986,"Hurlbert PIE"
1,"vegan","EHURE",0.97680968360503,"Hurlbert PIE"
1,"custom","ELR",0.222377939412083,"Ludwig-Reynolds"
1,"abdiv","EMC",0.2003718119574,"McIntosh evenness"
1,"tabula","EMC",0.93798243730924,"McIntosh evenness"
1,"microbiome","EMN",0.109375,"McNaughton"
1,"custom","ENHC",-0.0352597555691812,"NHC"
1,"custom","EPAT",0.0410424049064413,"Patten"
1,"abdiv","EPIE",0.886557850148109,"Pielou"
1,"adiv","EPIE",0.886557850148109,"Pielou"
1,"BiodiversityR","EPIE",0.88655785,"Pielou"
1,"breakaway","EPIE",0.886557850148109,"Pielou"
1,"chemodiv","EPIE",0.886557850148109,"Pielou"
1,"diverse","EPIE",0.886557850148109,"Pielou"
1,"forestmangr","EPIE",1,"Pielou"
1,"microbiome","EPIE",0.886557850148109,"Pielou"
1,"OTUtable","EPIE",0.886557850148109,"Pielou"
1,"pctax","EPIE",0.8866,"Pielou"
1,"sprex","EPIE",0.886557850148109,"Pielou"
1,"tabula","EPIE",0.886557850148109,"Pielou"
1,"custom","ESHE",0.597986063240548,"Sheldon"
1,"adiv","ESP",0.423823159246214,"Simpson evenness"
1,"codyn","ESP",0.45377541142304,"Simpson evenness"
1,"sprex","ESP",0.0432087275508856,"Simpson evenness"
1,"tabula","ESP",0.423823159246214,"Simpson evenness"
1,"abdiv","EST",0.424779185867896,"Strong"
1,"adiv","QHIL_0",93,"Hill q=0"
1,"adiv","QHIL_1",55.612703881371,"Hill q=1"
1,"adiv","QHIL_2",39.4155538098979,"Hill q=2"
1,"adiv","QHIL_3",32.6246010238405,"Hill q=3"
1,"BAT","QHIL_0",93,"Hill q=0"
1,"BAT","QHIL_1",55.612703881371,"Hill q=1"
1,"BAT","QHIL_2",39.4155538098979,"Hill q=2"
1,"BAT","QHIL_3",32.6246010238405,"Hill q=3"
1,"benthos","QHIL_0",225,"Hill q=0"
1,"benthos","QHIL_1",55.612703881371,"Hill q=1"
1,"benthos","QHIL_2",39.4155538098979,"Hill q=2"
1,"benthos","QHIL_3",32.6246010238405,"Hill q=3"
1,"breakaway","QHIL_0",93,"Hill q=0"
1,"breakaway","QHIL_1",55.612703881371,"Hill q=1"
1,"breakaway","QHIL_2",39.4155538098979,"Hill q=2"
1,"breakaway","QHIL_3",32.6246010238405,"Hill q=3"
1,"chemodiv","QHIL_0",93,"Hill q=0"
1,"chemodiv","QHIL_1",55.612703881371,"Hill q=1"
1,"chemodiv","QHIL_2",39.4155538098979,"Hill q=2"
1,"chemodiv","QHIL_3",32.6246010238405,"Hill q=3"
1,"divDyn","QHIL_2",39.4155538098979,"Hill q=2"
1,"divent","QHIL_0",93,"Hill q=0"
1,"divent","QHIL_1",55.612703881371,"Hill q=1"
1,"divent","QHIL_2",39.4155538098979,"Hill q=2"
1,"divent","QHIL_3",32.6246010238382,"Hill q=3"
1,"entropart","QHIL_0",93,"Hill q=0"
1,"entropart","QHIL_1",55.612703881371,"Hill q=1"
1,"entropart","QHIL_2",39.4155538098979,"Hill q=2"
1,"entropart","QHIL_3",32.6246010238401,"Hill q=3"
1,"EntropyEstimation","QHIL_1",62.1480648797217,"Hill q=1"
1,"EntropyEstimation","QHIL_2",43.1214470284251,"Hill q=2"
1,"EntropyEstimation","QHIL_3",35.6949998428504,"Hill q=3"
1,"hilldiv","QHIL_0",93,"Hill q=0"
1,"hilldiv","QHIL_1",55.612953438898,"Hill q=1"
1,"hilldiv","QHIL_2",39.4155538098979,"Hill q=2"
1,"hilldiv","QHIL_3",32.6246010238405,"Hill q=3"
1,"hillR","QHIL_0",93,"Hill q=0"
1,"hillR","QHIL_1",55.612703881371,"Hill q=1"
1,"hillR","QHIL_2",39.4155538098979,"Hill q=2"
1,"hillR","QHIL_3",32.6246010238405,"Hill q=3"
1,"sprex","QHIL_0",93,"Hill q=0"
1,"sprex","QHIL_1",55.612703881371,"Hill q=1"
1,"sprex","QHIL_2",39.4155538098979,"Hill q=2"
1,"sprex","QHIL_3",32.6246010238405,"Hill q=3"
1,"vegan","QHIL_0",93,"Hill q=0"
1,"vegan","QHIL_1",55.612703881371,"Hill q=1"
1,"vegan","QHIL_2",39.4155538098979,"Hill q=2"
1,"vegan","QHIL_3",32.6246010238405,"Hill q=3"
1,"adiv","QREN_0",4.53259949315326,"Renyi q=0"
1,"adiv","QREN_1",4.01841166223236,"Renyi q=1"
1,"adiv","QREN_2",3.67416050515267,"Renyi q=2"
1,"adiv","QREN_3",3.48506663641377,"Renyi q=3"
1,"BiodiversityR","QREN_0",4.53259949315326,"Renyi q=0"
1,"BiodiversityR","QREN_1",4.01841166223236,"Renyi q=1"
1,"BiodiversityR","QREN_2",3.67416050515267,"Renyi q=2"
1,"BiodiversityR","QREN_3",3.48506663641377,"Renyi q=3"
1,"diverse","QREN_0",4.53259949315326,"Renyi q=0"
1,"diverse","QREN_1",4.01841166223236,"Renyi q=1"
1,"diverse","QREN_2",3.67416050515267,"Renyi q=2"
1,"diverse","QREN_3",3.48506663641377,"Renyi q=3"
1,"EntropyEstimation","QREN_1",4.12951968118431,"Renyi q=1"
1,"EntropyEstimation","QREN_2",3.7640204842108,"Renyi q=2"
1,"EntropyEstimation","QREN_3",3.57501061855186,"Renyi q=3"
1,"seewave","QREN_2",0.678377484026296,"Renyi q=2"
1,"seewave","QREN_3",0.643464194126041,"Renyi q=3"
1,"sprex","QREN_0",4.53259949315326,"Renyi q=0"
1,"sprex","QREN_1",4.01841166223236,"Renyi q=1"
1,"sprex","QREN_2",3.67416050515267,"Renyi q=2"
1,"sprex","QREN_3",3.48506663641377,"Renyi q=3"
1,"statcomp","QREN_1",0.741938177622559,"Renyi q=1"
1,"statcomp","QREN_2",0.678377473146038,"Renyi q=2"
1,"statcomp","QREN_3",0.643464185965847,"Renyi q=3"
1,"vegan","QREN_0",4.53259949315326,"Renyi q=0"
1,"vegan","QREN_1",4.01841166223236,"Renyi q=1"
1,"vegan","QREN_2",3.67416050515267,"Renyi q=2"
1,"vegan","QREN_3",3.48506663641377,"Renyi q=3"
1,"adiv","QTSA_0",92,"Tsallis q=0"
1,"adiv","QTSA_1",4.01841166223236,"Tsallis q=1"
1,"adiv","QTSA_2",0.974629304846939,"Tsallis q=2"
1,"adiv","QTSA_3",0.49953023615801,"Tsallis q=3"
1,"divent","QTSA_0",92,"Tsallis q=0"
1,"divent","QTSA_1",4.01841166223236,"Tsallis q=1"
1,"divent","QTSA_2",0.974629304846939,"Tsallis q=2"
1,"divent","QTSA_3",0.49953023615801,"Tsallis q=3"
1,"entropart","QTSA_0",92,"Tsallis q=0"
1,"entropart","QTSA_1",4.01841166223236,"Tsallis q=1"
1,"entropart","QTSA_2",0.974629304846939,"Tsallis q=2"
1,"entropart","QTSA_3",0.49953023615801,"Tsallis q=3"
1,"EntropyEstimation","QTSA_1",4.12951968118431,"Tsallis q=1"
1,"EntropyEstimation","QTSA_2",0.976809683604986,"Tsallis q=2"
1,"EntropyEstimation","QTSA_3",0.499607576293376,"Tsallis q=3"
1,"vegan","QTSA_0",92,"Tsallis q=0"
1,"vegan","QTSA_1",4.01841166223236,"Tsallis q=1"
1,"vegan","QTSA_2",0.974629304846939,"Tsallis q=2"
1,"vegan","QTSA_3",0.49953023615801,"Tsallis q=3"
1,"BAT","RACE",122.848959044301,"ACE"
1,"ecodive","RACE",122.848959044301,"ACE"
1,"fossil","RACE",106.817142857143,"ACE"
1,"pctax","RACE",122.849,"ACE"
1,"sprex","RACE",448,"ACE"
1,"tabula","RACE",122.848959044301,"ACE"
1,"vegan","RACE",122.848959044301,"ACE"
1,"wiqid","RACE",122.848959044301,"ACE"
1,"BiodiversityR","RBOO",93,"Bootstrap estimator"
1,"wiqid","RBOO",225,"Bootstrap estimator"
1,"BAT","RC1",117.473684210526,"Chao 1"
1,"BiodiversityR","RC1",93,"Chao 1"
1,"biosampleR","RC1",117.473684210526,"Chao 1"
1,"iNEXT","RC1",119.635,"Chao 1"
1,"microbiome","RC1",117.473684210526,"Chao 1"
1,"pctax","RC1",117.4737,"Chao 1"
1,"rareNMtests","RC1",93,"Chao 1"
1,"SpadeR","RC1",93,"Chao 1"
1,"SSP","RC1",93,"Chao 1"
1,"vegan","RC1",117.473684210526,"Chao 1"
1,"wiqid","RC1",119.694444444444,"Chao 1"
1,"BAT","RC1M",130.526315789474,"Chao 1 modified"
1,"divent","RC1M",119.634858630952,"Chao 1 modified"
1,"ecodive","RC1M",119.694444444444,"Chao 1 modified"
1,"entropart","RC1M",119.634858630952,"Chao 1 modified"
1,"fossil","RC1M",119.694444444444,"Chao 1 modified"
1,"mobr","RC1M",119.634858630952,"Chao 1 modified"
1,"OTUtable","RC1M",119.694444444444,"Chao 1 modified"
1,"tabula","RC1M",119.634858630952,"Chao 1 modified"
1,"wiqid","RC1M",119.694444444444,"Chao 1 modified"
1,"BAT","RCA2",4184.39,"Chao 2"
1,"divDyn","RCA2",117.210526315789,"Chao 2"
1,"fossil","RCA2",119.694444444444,"Chao 2"
1,"tabula","RCA2",93,"Chao 2"
1,"wiqid","RCA2",93,"Chao 2"
1,"benthos","RHUR_2",1.97680968360503,"Hurlbert D k=2"
1,"benthos","RHUR_3",2.93121389822806,"Hurlbert D k=3"
1,"divent","RHUR_2",43.1214234527314,"Hurlbert D k=2"
1,"divent","RHUR_3",43.277540818113,"Hurlbert D k=3"
1,"entropart","RHUR_2",1.97680968360504,"Hurlbert D k=2"
1,"entropart","RHUR_3",2.93121389822807,"Hurlbert D k=3"
1,"mobsim","RHUR_2",1.97680968360503,"Hurlbert D k=2"
1,"mobsim","RHUR_3",2.93121389822806,"Hurlbert D k=3"
1,"tabula","RHUR_2",1.97680968358732,"Hurlbert D k=2"
1,"tabula","RHUR_3",2.93121389821112,"Hurlbert D k=3"
1,"vegan","RHUR_2",1.97680968360503,"Hurlbert D k=2"
1,"vegan","RHUR_3",2.93121389822806,"Hurlbert D k=3"
1,"BAT","RICE",NA,"ICE"
1,"fossil","RICE",106.817142857143,"ICE"
1,"tabula","RICE",93,"ICE"
1,"wiqid","RICE",93,"ICE"
1,"BAT","RJA1",124,"Jackknife 1"
1,"BiodiversityR","RJA1",93,"Jackknife 1"
1,"divent","RJA1",124,"Jackknife 1"
1,"entropart","RJA1",124,"Jackknife 1"
1,"fossil","RJA1",123.930803571429,"Jackknife 1"
1,"SSP","RJA1",93,"Jackknife 1"
1,"tabula","RJA1",4.00026697439327,"Jackknife 1"
1,"wiqid","RJA1",124,"Jackknife 1"
1,"BAT","RJA2",137,"Jackknife 2"
1,"BiodiversityR","RJA2",93,"Jackknife 2"
1,"fossil","RJA2",136.70526725791,"Jackknife 2"
1,"SSP","RJA2",93,"Jackknife 2"
1,"wiqid","RJA2",137,"Jackknife 2"
1,"asbio","RLMD",164.565179305113,NA
1,"sads","RLMD",1.04482257845239,NA
1,"vegan","RLMD",116.877096441216,NA
1,"wiqid","RMM",0,"Michaelis-Menten"
1,"divDyn","RSQ",117.736564874306,"Squares Richness Estimator"
1,"ecodive","RSQ",117.736564874306,"Squares Richness Estimator"
1,"tabula","RSQ",117.736564874306,"Squares Richness Estimator"
2,"custom","RICH",84,"Species richness"
2,"abdiv","D1SP",0.968339278636544,"Simpson's reciprocal"
2,"ade4","D1SP",0.968339278636544,"Simpson's reciprocal"
2,"adiv","D1SP",0.968339278636544,"Simpson's reciprocal"
2,"agricolae","D1SP",0.968339278636544,"Simpson's reciprocal"
2,"asbio","D1SP",0.968339278636544,"Simpson's reciprocal"
2,"BiodiversityR","D1SP",0.96833928,"Simpson's reciprocal"
2,"biosampleR","D1SP",0.966380755200631,"Simpson's reciprocal"
2,"breakaway","D1SP",0.968339278636544,"Simpson's reciprocal"
2,"catsim","D1SP",0.581728395061728,"Simpson's reciprocal"
2,"concstats","D1SP",0.995677056791801,"Simpson's reciprocal"
2,"CUB","D1SP",0.972662221844743,"Simpson's reciprocal"
2,"DescTools","D1SP",0.968339278636544,"Simpson's reciprocal"
2,"divent","D1SP",0.968339278636544,"Simpson's reciprocal"
2,"diverse","D1SP",0.966380755200631,"Simpson's reciprocal"
2,"ecodive","D1SP",0.968339278636544,"Simpson's reciprocal"
2,"entropart","D1SP",0.968339278636544,"Simpson's reciprocal"
2,"lawstat","D1SP",0.843288177339901,"Simpson's reciprocal"
2,"MCPAN","D1SP",0.968339278636544,"Simpson's reciprocal"
2,"microbiome","D1SP",0.968339278636544,"Simpson's reciprocal"
2,"PCRA","D1SP",0.968339278636544,"Simpson's reciprocal"
2,"RoughSets","D1SP",0.968339278636544,"Simpson's reciprocal"
2,"simboot","D1SP",0.968339278636544,"Simpson's reciprocal"
2,"sprex","D1SP",0.968339278636544,"Simpson's reciprocal"
2,"untb","D1SP",0.970570475131098,"Simpson's reciprocal"
2,"vegan","D1SP",0.968339278636544,"Simpson's reciprocal"
2,"abdiv","DBRI",3.57026455879208,"Brillouin"
2,"ecodive","DBRI",3.57026455879208,"Brillouin"
2,"tabula","DBRI",3.57026455879208,"Brillouin"
2,"wiqid","DBRI",35.5259906216482,"Brillouin"
2,"BiodiversityR","DFIS",30.99091261,"Fisher's alpha"
2,"ecodive","DFIS",30.991,"Fisher's alpha"
2,"microbiome","DFIS",30.9909126110778,"Fisher's alpha"
2,"preseqR","DFIS",10.2929132369251,"Fisher's alpha"
2,"sads","DFIS",30.9909111954765,"Fisher's alpha"
2,"vegan","DFIS",30.9909126110778,"Fisher's alpha"
2,"custom","DGLE",13.8263729456983,"Gleason"
2,"custom","DGOO_1_1",3.84847116819842,"Good m1 n1"
2,"custom","DGOO_1_2",0.32926608247199,"Good m1 n2"
2,"custom","DGOO_1_3",1,"Good m1 n3"
2,"custom","DGOO_2_1",0.100026057056818,"Good m2 n1"
2,"custom","DGOO_2_2",1.13623130944463,"Good m2 n2"
2,"custom","DGOO_2_3",1,"Good m2 n3"
2,"custom","DGOO_3_1",0.00453790785454586,"Good m3 n1"
2,"custom","DGOO_3_2",0.0403240934570872,"Good m3 n2"
2,"custom","DGOO_3_3",1,"Good m3 n3"
2,"abdiv","DINVSP",31.584877315974,"Simpson inverse"
2,"adiv","DINVSP",31.584877315974,"Simpson inverse"
2,"asbio","DINVSP",31.584877315974,"Simpson inverse"
2,"BiodiversityR","DINVSP",31.58487732,"Simpson inverse"
2,"breakaway","DINVSP",31.584877315974,"Simpson inverse"
2,"chemodiv","DINVSP",31.584877315974,"Simpson inverse"
2,"codyn","DINVSP",3.79683972911964,"Simpson inverse"
2,"divseg","DINVSP",1.03166072136346,"Simpson inverse"
2,"ecodive","DINVSP",31.584877315974,"Simpson inverse"
2,"microbiome","DINVSP",31.584877315974,"Simpson inverse"
2,"sprex","DINVSP",31.584877315974,"Simpson inverse"
2,"vegan","DINVSP",31.584877315974,"Simpson inverse"
2,"wiqid","DINVSP",31.584877315974,"Simpson inverse"
2,"custom","DKO",0.229357798165138,"Kothe"
2,"abdiv","DMC",0.863465398512435,"McIntosh"
2,"adiv","DMC",0.863465398512435,"McIntosh"
2,"agricolae","DMC",0.863465398512435,"McIntosh"
2,"ecodive","DMC",0.863465398512435,"McIntosh"
2,"forestHES","DMC",0.863465398512435,"McIntosh"
2,"tabula","DMC",0.863465398512435,"McIntosh"
2,"abdiv","DMG",13.6617732677733,"Margalef"
2,"adiv","DMG",13.6617732677733,"Margalef"
2,"agricolae","DMG",36.8703278551954,"Margalef"
2,"ecodive","DMG",13.6617732677733,"Margalef"
2,"tabula","DMG",13.6617732677733,"Margalef"
2,"abdiv","DMN",4.02749173247723,"Menhinick"
2,"adiv","DMN",4.02749173247723,"Menhinick"
2,"ecodive","DMN",4.02749173247723,"Menhinick"
2,"tabula","DMN",4.02749173247723,"Menhinick"
2,"custom","DOD",193.103448275862,"Odum"
2,"abdiv","DQ",0,"Q-statistic"
2,"ade4","DRAO",0.968339278636544,"Rao"
2,"BAT","DRAO",0.968339278636566,"Rao"
2,"SYNCSA","DRAO",0.968339278636544,"Rao"
2,"abdiv","DSHA",3.84847116819842,"Shannon"
2,"adiv","DSHA",3.84847116819842,"Shannon"
2,"aqp","DSHA",5.55217026936401,"Shannon"
2,"asbio","DSHA",3.84847116819842,"Shannon"
2,"benthos","DSHA",0,"Shannon"
2,"BiodiversityR","DSHA",3.84847117,"Shannon"
2,"biosampleR","DSHA",3.88980279226841,"Shannon"
2,"chemodiv","DSHA",3.84847116819842,"Shannon"
2,"codyn","DSHA",3.84847116819842,"Shannon"
2,"DescTools","DSHA",5.55217026936401,"Shannon"
2,"divDyn","DSHA",3.84847116819842,"Shannon"
2,"divent","DSHA",3.84847116819842,"Shannon"
2,"diverse","DSHA",3.88980279226841,"Shannon"
2,"ecodive","DSHA",3.84847116819842,"Shannon"
2,"EconGeo","DSHA",5.552,"Shannon"
2,"entropart","DSHA",3.84847116819842,"Shannon"
2,"forestmangr","DSHA",3.56,"Shannon"
2,"HardyWeinberg","DSHA",3.84847116819842,"Shannon"
2,"iNEXT","DSHA",3.848,"Shannon"
2,"MCPAN","DSHA",3.84847116819842,"Shannon"
2,"microbiome","DSHA",3.84847116819842,"Shannon"
2,"OTUtable","DSHA",3.84847116819842,"Shannon"
2,"pgirmess","DSHA",5.55217026936401,"Shannon"
2,"SpiecEasi","DSHA",3.84847116819842,"Shannon"
2,"sprex","DSHA",3.84847116819842,"Shannon"
2,"tabula","DSHA",3.84847116819842,"Shannon"
2,"triversity","DSHA",5.55217026936401,"Shannon"
2,"vegan","DSHA",3.84847116819842,"Shannon"
2,"wavethresh","DSHA",-34939.9348513517,"Shannon"
2,"wiqid","DSHA",46.9212736331505,"Shannon"
2,"abdiv","DSP",0.0316607213634562,"Simpson"
2,"agricolae","DSP",0.0316607213634562,"Simpson"
2,"antitrust","DSP",316.607213634562,"Simpson"
2,"benthos","DSP",0.029429524868902,"Simpson"
2,"breakaway","DSP",0.0316607213634562,"Simpson"
2,"concstats","DSP",0.0316607213634562,"Simpson"
2,"DescTools","DSP",0.0316607213634562,"Simpson"
2,"diverse","DSP",0.0316143054732266,"Simpson"
2,"divseg","DSP",1.03166072136346,"Simpson"
2,"EconGeo","DSP",0.0316607213634562,"Simpson"
2,"hhi","DSP",0.263376932223543,"Simpson"
2,"ineq","DSP",0.0316607213634562,"Simpson"
2,"microbiome","DSP",0.0316607213634562,"Simpson"
2,"PDtoolkit","DSP",0.0316607213634562,"Simpson"
2,"politics","DSP",0.0316607213634562,"Simpson"
2,"REAT","DSP",0.0316607213634562,"Simpson"
2,"sprex","DSP",0.0316607213634562,"Simpson"
2,"tabula","DSP",0.0316607213634562,"Simpson"
2,"triversity","DSP",0.0316607213634562,"Simpson"
2,"abdiv","EBP",0.0827586206896552,"Berger-Parker"
2,"agricolae","EBP",0.0827586206896552,"Berger-Parker"
2,"BiodiversityR","EBP",0.08275862,"Berger-Parker"
2,"diverse","EBP",0.0952380952380952,"Berger-Parker"
2,"dyvDyn","EBP",0.0827586206896552,"Berger-Parker"
2,"ecodive","EBP",0.0827586206896552,"Berger-Parker"
2,"microbiome","EBP",0.0827586206896552,"Berger-Parker"
2,"tabula","EBP",0.0827586206896552,"Berger-Parker"
2,"triversity","EBP",0.0827586206896552,"Berger-Parker"
2,"wiqid","EBP",1,"Berger-Parker"
2,"tabula","EBRI",0.871183771068966,"Brillouin evenness"
2,"BAT","EBU",0.553136684669713,"Bulla"
2,"microbiome","EBU",0.553136684669713,"Bulla"
2,"BAT","ECAM",0.986260312184699,"Camargo"
2,"microbiome","ECAM",0.726819923371647,"Camargo"
2,"codyn","EEQ",0.181246970002495,"NHC EQ"
2,"custom","EEQ",0.00097317615138467,"NHC EQ"
2,"adiv","EEVAR",0.477356016355311,"NHC EVAR"
2,"codyn","EEVAR",0.442889139719148,"NHC EVAR"
2,"custom","EEVAR",0.477356016355311,"NHC EVAR"
2,"microbiome","EEVAR",0.477356016355311,"NHC EVAR"
2,"acid","EGIN",0.839540229885057,"Gini coefficient"
2,"DescTools","EGIN",0.839540229885058,"Gini coefficient"
2,"dplR","EGIN",0.839540229885057,"Gini coefficient"
2,"EconGeo","EGIN",0.84,"Gini coefficient"
2,"giniVarCI","EGIN",0.839540229885057,"Gini coefficient"
2,"ineq","EGIN",0.839540229885057,"Gini coefficient"
2,"microbiome","EGIN",0.83954022988506,"Gini coefficient"
2,"REAT","EGIN",0.839540229885057,"Gini coefficient"
2,"shipunov","EGIN",0.83954022988506,"Gini coefficient"
2,"wINEQ","EGIN",0.839540229885057,"Gini coefficient"
2,"abdiv","EHEI",0.55326835702591,"Heip"
2,"adiv","EHEI",0.55326835702591,"Heip"
2,"custom","EHUL",0.144827586206897,"Hulburt"
2,"benthos","EHURE",0.970570475131098,"Hurlbert PIE"
2,"BiodiversityR","EHURE",0.97057048,"Hurlbert PIE"
2,"mobr","EHURE",0.970570475131098,"Hurlbert PIE"
2,"vegan","EHURE",0.970570475130758,"Hurlbert PIE"
2,"custom","ELR",0.207968336424286,"Ludwig-Reynolds"
2,"abdiv","EMC",0.219817155589936,"McIntosh evenness"
2,"tabula","EMC",0.922745151540891,"McIntosh evenness"
2,"microbiome","EMN",0.144827586206897,"McNaughton"
2,"custom","ENHC",-0.0408961750846904,"NHC"
2,"custom","EPAT",0.159429286941596,"Patten"
2,"abdiv","EPIE",0.868569237437909,"Pielou"
2,"adiv","EPIE",0.868569237437909,"Pielou"
2,"BiodiversityR","EPIE",0.86856924,"Pielou"
2,"breakaway","EPIE",0.868569237437909,"Pielou"
2,"chemodiv","EPIE",0.868569237437909,"Pielou"
2,"diverse","EPIE",0.856163418549943,"Pielou"
2,"forestmangr","EPIE",1,"Pielou"
2,"microbiome","EPIE",0.868569237437909,"Pielou"
2,"OTUtable","EPIE",0.868569237437909,"Pielou"
2,"pctax","EPIE",0.8686,"Pielou"
2,"sprex","EPIE",0.868569237437909,"Pielou"
2,"tabula","EPIE",0.868569237437909,"Pielou"
2,"custom","ESHE",0.558586590870839,"Sheldon"
2,"adiv","ESP",0.376010444237785,"Simpson evenness"
2,"codyn","ESP",0.345167248101785,"Simpson evenness"
2,"sprex","ESP",0.045815132954743,"Simpson evenness"
2,"tabula","ESP",0.376010444237785,"Simpson evenness"
2,"abdiv","EST",0.441543513957307,"Strong"
2,"adiv","QHIL_0",84,"Hill q=0"
2,"adiv","QHIL_1",46.9212736331505,"Hill q=1"
2,"adiv","QHIL_2",31.584877315974,"Hill q=2"
2,"adiv","QHIL_3",25.1834335539632,"Hill q=3"
2,"BAT","QHIL_0",84,"Hill q=0"
2,"BAT","QHIL_1",46.9212736331505,"Hill q=1"
2,"BAT","QHIL_2",31.584877315974,"Hill q=2"
2,"BAT","QHIL_3",25.1834335539632,"Hill q=3"
2,"benthos","QHIL_0",225,"Hill q=0"
2,"benthos","QHIL_1",46.9212736331505,"Hill q=1"
2,"benthos","QHIL_2",31.584877315974,"Hill q=2"
2,"benthos","QHIL_3",25.1834335539632,"Hill q=3"
2,"breakaway","QHIL_0",84,"Hill q=0"
2,"breakaway","QHIL_1",46.9212736331505,"Hill q=1"
2,"breakaway","QHIL_2",31.584877315974,"Hill q=2"
2,"breakaway","QHIL_3",25.1834335539632,"Hill q=3"
2,"chemodiv","QHIL_0",84,"Hill q=0"
2,"chemodiv","QHIL_1",46.9212736331505,"Hill q=1"
2,"chemodiv","QHIL_2",31.584877315974,"Hill q=2"
2,"chemodiv","QHIL_3",25.1834335539632,"Hill q=3"
2,"divDyn","QHIL_2",31.584877315974,"Hill q=2"
2,"divent","QHIL_0",84,"Hill q=0"
2,"divent","QHIL_1",46.9212736331505,"Hill q=1"
2,"divent","QHIL_2",31.584877315974,"Hill q=2"
2,"divent","QHIL_3",25.1834335539634,"Hill q=3"
2,"entropart","QHIL_0",84,"Hill q=0"
2,"entropart","QHIL_1",46.9212736331505,"Hill q=1"
2,"entropart","QHIL_2",31.584877315974,"Hill q=2"
2,"entropart","QHIL_3",25.1834335539634,"Hill q=3"
2,"EntropyEstimation","QHIL_1",52.0334687380643,"Hill q=1"
2,"EntropyEstimation","QHIL_2",33.9794816414691,"Hill q=2"
2,"EntropyEstimation","QHIL_3",26.9338514112861,"Hill q=3"
2,"hilldiv","QHIL_0",84,"Hill q=0"
2,"hilldiv","QHIL_1",46.921513248096,"Hill q=1"
2,"hilldiv","QHIL_2",31.584877315974,"Hill q=2"
2,"hilldiv","QHIL_3",25.1834335539632,"Hill q=3"
2,"hillR","QHIL_0",84,"Hill q=0"
2,"hillR","QHIL_1",46.9212736331505,"Hill q=1"
2,"hillR","QHIL_2",31.584877315974,"Hill q=2"
2,"hillR","QHIL_3",25.1834335539632,"Hill q=3"
2,"sprex","QHIL_0",84,"Hill q=0"
2,"sprex","QHIL_1",46.9212736331505,"Hill q=1"
2,"sprex","QHIL_2",31.584877315974,"Hill q=2"
2,"sprex","QHIL_3",25.1834335539632,"Hill q=3"
2,"vegan","QHIL_0",84,"Hill q=0"
2,"vegan","QHIL_1",46.9212736331505,"Hill q=1"
2,"vegan","QHIL_2",31.584877315974,"Hill q=2"
2,"vegan","QHIL_3",25.1834335539632,"Hill q=3"
2,"adiv","QREN_0",4.43081679884331,"Renyi q=0"
2,"adiv","QREN_1",3.84847116819842,"Renyi q=1"
2,"adiv","QREN_2",3.45267844009344,"Renyi q=2"
2,"adiv","QREN_3",3.22618637968388,"Renyi q=3"
2,"BiodiversityR","QREN_0",4.43081679884331,"Renyi q=0"
2,"BiodiversityR","QREN_1",3.84847116819842,"Renyi q=1"
2,"BiodiversityR","QREN_2",3.45267844009344,"Renyi q=2"
2,"BiodiversityR","QREN_3",3.22618637968388,"Renyi q=3"
2,"diverse","QREN_0",4.54329478227,"Renyi q=0"
2,"diverse","QREN_1",3.88980279226841,"Renyi q=1"
2,"diverse","QREN_2",3.39265661409248,"Renyi q=2"
2,"diverse","QREN_3",3.09663616979369,"Renyi q=3"
2,"EntropyEstimation","QREN_1",3.9518871411189,"Renyi q=1"
2,"EntropyEstimation","QREN_2",3.52575686131487,"Renyi q=2"
2,"EntropyEstimation","QREN_3",3.29338391224149,"Renyi q=3"
2,"seewave","QREN_2",0.63748421346025,"Renyi q=2"
2,"seewave","QREN_3",0.595665919891639,"Renyi q=3"
2,"sprex","QREN_0",4.43081679884331,"Renyi q=0"
2,"sprex","QREN_1",3.84847116819842,"Renyi q=1"
2,"sprex","QREN_2",3.45267844009344,"Renyi q=2"
2,"sprex","QREN_3",3.22618637968388,"Renyi q=3"
2,"statcomp","QREN_1",0.710561267777097,"Renyi q=1"
2,"statcomp","QREN_2",0.637484201490829,"Renyi q=2"
2,"statcomp","QREN_3",0.595665910914573,"Renyi q=3"
2,"vegan","QREN_0",4.43081679884331,"Renyi q=0"
2,"vegan","QREN_1",3.84847116819842,"Renyi q=1"
2,"vegan","QREN_2",3.45267844009344,"Renyi q=2"
2,"vegan","QREN_3",3.22618637968388,"Renyi q=3"
2,"adiv","QTSA_0",83,"Tsallis q=0"
2,"adiv","QTSA_1",3.84847116819842,"Tsallis q=1"
2,"adiv","QTSA_2",0.968339278636544,"Tsallis q=2"
2,"adiv","QTSA_3",0.499211611792201,"Tsallis q=3"
2,"divent","QTSA_0",83,"Tsallis q=0"
2,"divent","QTSA_1",3.84847116819842,"Tsallis q=1"
2,"divent","QTSA_2",0.968339278636544,"Tsallis q=2"
2,"divent","QTSA_3",0.499211611792201,"Tsallis q=3"
2,"entropart","QTSA_0",83,"Tsallis q=0"
2,"entropart","QTSA_1",3.84847116819842,"Tsallis q=1"
2,"entropart","QTSA_2",0.968339278636544,"Tsallis q=2"
2,"entropart","QTSA_3",0.499211611792201,"Tsallis q=3"
2,"EntropyEstimation","QTSA_1",3.9518871411189,"Tsallis q=1"
2,"EntropyEstimation","QTSA_2",0.970570475131098,"Tsallis q=2"
2,"EntropyEstimation","QTSA_3",0.49931075585652,"Tsallis q=3"
2,"vegan","QTSA_0",83,"Tsallis q=0"
2,"vegan","QTSA_1",3.84847116819842,"Tsallis q=1"
2,"vegan","QTSA_2",0.968339278636544,"Tsallis q=2"
2,"vegan","QTSA_3",0.499211611792201,"Tsallis q=3"
2,"BAT","RACE",117.317307367976,"ACE"
2,"ecodive","RACE",117.317307367976,"ACE"
2,"fossil","RACE",97.4207317073171,"ACE"
2,"pctax","RACE",117.3173,"ACE"
2,"sprex","RACE",435,"ACE"
2,"tabula","RACE",117.317307367976,"ACE"
2,"vegan","RACE",117.317307367976,"ACE"
2,"wiqid","RACE",117.317307367976,"ACE"
2,"BiodiversityR","RBOO",84,"Bootstrap estimator"
2,"wiqid","RBOO",225,"Bootstrap estimator"
2,"BAT","RC1",117.214285714286,"Chao 1"
2,"BiodiversityR","RC1",84,"Chao 1"
2,"biosampleR","RC1",129,"Chao 1"
2,"iNEXT","RC1",120.877,"Chao 1"
2,"microbiome","RC1",117.214285714286,"Chao 1"
2,"pctax","RC1",117.2143,"Chao 1"
2,"rareNMtests","RC1",84,"Chao 1"
2,"SpadeR","RC1",84,"Chao 1"
2,"SSP","RC1",84,"Chao 1"
2,"vegan","RC1",117.214285714286,"Chao 1"
2,"wiqid","RC1",120.961538461538,"Chao 1"
2,"BAT","RC1M",133.178419582119,"Chao 1 modified"
2,"divent","RC1M",120.876569407604,"Chao 1 modified"
2,"ecodive","RC1M",120.961538461538,"Chao 1 modified"
2,"entropart","RC1M",120.876569407604,"Chao 1 modified"
2,"fossil","RC1M",120.961538461538,"Chao 1 modified"
2,"mobr","RC1M",120.876569407604,"Chao 1 modified"
2,"OTUtable","RC1M",120.961538461538,"Chao 1 modified"
2,"tabula","RC1M",120.876569407604,"Chao 1 modified"
2,"wiqid","RC1M",120.961538461538,"Chao 1 modified"
2,"BAT","RCA2",154.38654827143,"Chao 2"
2,"divDyn","RCA2",116.81887755102,"Chao 2"
2,"fossil","RCA2",120.961538461538,"Chao 2"
2,"tabula","RCA2",84,"Chao 2"
2,"wiqid","RCA2",84,"Chao 2"
2,"benthos","RHUR_2",1.97057047513076,"Hurlbert D k=2"
2,"benthos","RHUR_3",2.91308991368037,"Hurlbert D k=3"
2,"divent","RHUR_2",33.9794816841937,"Hurlbert D k=2"
2,"divent","RHUR_3",34.1817919083811,"Hurlbert D k=3"
2,"entropart","RHUR_2",1.97057047513076,"Hurlbert D k=2"
2,"entropart","RHUR_3",2.91308991368035,"Hurlbert D k=3"
2,"mobsim","RHUR_2",1.97057047513076,"Hurlbert D k=2"
2,"mobsim","RHUR_3",2.91308991368037,"Hurlbert D k=3"
2,"tabula","RHUR_2",1.97057047519264,"Hurlbert D k=2"
2,"tabula","RHUR_3",2.91308991366952,"Hurlbert D k=3"
2,"vegan","RHUR_2",1.97057047513076,"Hurlbert D k=2"
2,"vegan","RHUR_3",2.91308991368037,"Hurlbert D k=3"
2,"BAT","RICE",216.151515451853,"ICE"
2,"fossil","RICE",97.4207317073171,"ICE"
2,"tabula","RICE",84,"ICE"
2,"wiqid","RICE",84,"ICE"
2,"BAT","RJA1",115,"Jackknife 1"
2,"BiodiversityR","RJA1",84,"Jackknife 1"
2,"divent","RJA1",133,"Jackknife 1"
2,"entropart","RJA1",133,"Jackknife 1"
2,"fossil","RJA1",114.928735632184,"Jackknife 1"
2,"SSP","RJA1",84,"Jackknife 1"
2,"tabula","RJA1",3.82693806889557,"Jackknife 1"
2,"wiqid","RJA1",115,"Jackknife 1"
2,"BAT","RJA2",133,"Jackknife 2"
2,"BiodiversityR","RJA2",84,"Jackknife 2"
2,"fossil","RJA2",132.662000105938,"Jackknife 2"
2,"SSP","RJA2",84,"Jackknife 2"
2,"wiqid","RJA2",133,"Jackknife 2"
2,"asbio","RLMD",144.970964727814,NA
2,"sads","RLMD",1.05167426431857,NA
2,"vegan","RLMD",103.144256433432,NA
2,"wiqid","RMM",0,"Michaelis-Menten"
2,"divDyn","RSQ",114.850499139968,"Squares Richness Estimator"
2,"ecodive","RSQ",114.850499139968,"Squares Richness Estimator"
2,"tabula","RSQ",114.850499139968,"Squares Richness Estimator"
3,"custom","RICH",90,"Species richness"
3,"abdiv","D1SP",0.964607755785585,"Simpson's reciprocal"
3,"ade4","D1SP",0.964607755785585,"Simpson's reciprocal"
3,"adiv","D1SP",0.964607755785585,"Simpson's reciprocal"
3,"agricolae","D1SP",0.964607755785585,"Simpson's reciprocal"
3,"asbio","D1SP",0.964607755785585,"Simpson's reciprocal"
3,"BiodiversityR","D1SP",0.96460776,"Simpson's reciprocal"
3,"biosampleR","D1SP",0.96583976467808,"Simpson's reciprocal"
3,"breakaway","D1SP",0.964607755785585,"Simpson's reciprocal"
3,"catsim","D1SP",0.60641975308642,"Simpson's reciprocal"
3,"concstats","D1SP",0.995693715375957,"Simpson's reciprocal"
3,"CUB","D1SP",0.968914040409627,"Simpson's reciprocal"
3,"DescTools","D1SP",0.964607755785585,"Simpson's reciprocal"
3,"divent","D1SP",0.964607755785585,"Simpson's reciprocal"
3,"diverse","D1SP",0.96583976467808,"Simpson's reciprocal"
3,"ecodive","D1SP",0.964607755785585,"Simpson's reciprocal"
3,"entropart","D1SP",0.964607755785585,"Simpson's reciprocal"
3,"lawstat","D1SP",0.844608145634064,"Simpson's reciprocal"
3,"MCPAN","D1SP",0.964607755785585,"Simpson's reciprocal"
3,"microbiome","D1SP",0.964607755785585,"Simpson's reciprocal"
3,"PCRA","D1SP",0.964607755785585,"Simpson's reciprocal"
3,"RoughSets","D1SP",0.964607755785585,"Simpson's reciprocal"
3,"simboot","D1SP",0.964607755785585,"Simpson's reciprocal"
3,"sprex","D1SP",0.964607755785585,"Simpson's reciprocal"
3,"untb","D1SP",0.966695651360878,"Simpson's reciprocal"
3,"vegan","D1SP",0.964607755785585,"Simpson's reciprocal"
3,"abdiv","DBRI",3.53997999857368,"Brillouin"
3,"ecodive","DBRI",3.53997999857368,"Brillouin"
3,"tabula","DBRI",3.53997999857368,"Brillouin"
3,"wiqid","DBRI",34.4662298102069,"Brillouin"
3,"BiodiversityR","DFIS",33.32032835,"Fisher's alpha"
3,"ecodive","DFIS",33.32,"Fisher's alpha"
3,"microbiome","DFIS",33.3203283546927,"Fisher's alpha"
3,"preseqR","DFIS",13.0978304636462,"Fisher's alpha"
3,"sads","DFIS",33.3203283656458,"Fisher's alpha"
3,"vegan","DFIS",33.3203283546927,"Fisher's alpha"
3,"custom","DGLE",14.6634086538732,"Gleason"
3,"custom","DGOO_1_1",3.81405950494229,"Good m1 n1"
3,"custom","DGOO_1_2",0.335658251828276,"Good m1 n2"
3,"custom","DGOO_1_3",1,"Good m1 n3"
3,"custom","DGOO_2_1",0.106461890428538,"Good m2 n1"
3,"custom","DGOO_2_2",1.12087036455329,"Good m2 n2"
3,"custom","DGOO_2_3",1,"Good m2 n3"
3,"custom","DGOO_3_1",0.00560010521880902,"Good m3 n1"
3,"custom","DGOO_3_2",0.045036919752166,"Good m3 n2"
3,"custom","DGOO_3_3",1,"Good m3 n3"
3,"abdiv","DINVSP",28.2547779095822,"Simpson inverse"
3,"adiv","DINVSP",28.2547779095822,"Simpson inverse"
3,"asbio","DINVSP",28.2547779095822,"Simpson inverse"
3,"BiodiversityR","DINVSP",28.25477791,"Simpson inverse"
3,"breakaway","DINVSP",28.2547779095822,"Simpson inverse"
3,"chemodiv","DINVSP",28.2547779095822,"Simpson inverse"
3,"codyn","DINVSP",5.69776876267748,"Simpson inverse"
3,"divseg","DINVSP",1.03539224421442,"Simpson inverse"
3,"ecodive","DINVSP",28.2547779095822,"Simpson inverse"
3,"microbiome","DINVSP",28.2547779095822,"Simpson inverse"
3,"sprex","DINVSP",28.2547779095822,"Simpson inverse"
3,"vegan","DINVSP",28.2547779095822,"Simpson inverse"
3,"wiqid","DINVSP",28.2547779095822,"Simpson inverse"
3,"custom","DKO",0.174311926605505,"Kothe"
3,"abdiv","DMC",0.851441580658115,"McIntosh"
3,"adiv","DMC",0.851441580658115,"McIntosh"
3,"agricolae","DMC",0.851441580658115,"McIntosh"
3,"ecodive","DMC",0.851441580658115,"McIntosh"
3,"forestHES","DMC",0.851441580658115,"McIntosh"
3,"tabula","DMC",0.851441580658115,"McIntosh"
3,"abdiv","DMG",14.5004818910524,"Margalef"
3,"adiv","DMG",14.5004818910524,"Margalef"
3,"agricolae","DMG",36.4955948718623,"Margalef"
3,"ecodive","DMG",14.5004818910524,"Margalef"
3,"tabula","DMG",14.5004818910524,"Margalef"
3,"abdiv","DMN",4.18265471106156,"Menhinick"
3,"adiv","DMN",4.18265471106156,"Menhinick"
3,"ecodive","DMN",4.18265471106156,"Menhinick"
3,"tabula","DMN",4.18265471106156,"Menhinick"
3,"custom","DOD",194.38444924406,"Odum"
3,"abdiv","DQ",0,"Q-statistic"
3,"ade4","DRAO",0.964607755785585,"Rao"
3,"BAT","DRAO",0.964607755785571,"Rao"
3,"SYNCSA","DRAO",0.964607755785586,"Rao"
3,"abdiv","DSHA",3.81405950494229,"Shannon"
3,"adiv","DSHA",3.81405950494229,"Shannon"
3,"aqp","DSHA",5.50252473343566,"Shannon"
3,"asbio","DSHA",3.81405950494229,"Shannon"
3,"benthos","DSHA",0,"Shannon"
3,"BiodiversityR","DSHA",3.8140595,"Shannon"
3,"biosampleR","DSHA",3.85981424398521,"Shannon"
3,"chemodiv","DSHA",3.81405950494229,"Shannon"
3,"codyn","DSHA",3.81405950494229,"Shannon"
3,"DescTools","DSHA",5.50252473343566,"Shannon"
3,"divDyn","DSHA",3.81405950494229,"Shannon"
3,"divent","DSHA",3.81405950494229,"Shannon"
3,"diverse","DSHA",3.85981424398521,"Shannon"
3,"ecodive","DSHA",3.81405950494229,"Shannon"
3,"EconGeo","DSHA",5.503,"Shannon"
3,"entropart","DSHA",3.81405950494229,"Shannon"
3,"forestmangr","DSHA",3.56,"Shannon"
3,"HardyWeinberg","DSHA",3.81405950494229,"Shannon"
3,"iNEXT","DSHA",3.814,"Shannon"
3,"MCPAN","DSHA",3.81405950494229,"Shannon"
3,"microbiome","DSHA",3.81405950494229,"Shannon"
3,"OTUtable","DSHA",3.81405950494229,"Shannon"
3,"pgirmess","DSHA",5.50252473343566,"Shannon"
3,"SpiecEasi","DSHA",3.81405950494229,"Shannon"
3,"sprex","DSHA",3.81405950494229,"Shannon"
3,"tabula","DSHA",3.81405950494229,"Shannon"
3,"triversity","DSHA",5.50252473343566,"Shannon"
3,"vegan","DSHA",3.81405950494229,"Shannon"
3,"wavethresh","DSHA",-47489.6123401541,"Shannon"
3,"wiqid","DSHA",45.3340998301171,"Shannon"
3,"abdiv","DSP",0.0353922442144153,"Simpson"
3,"agricolae","DSP",0.0353922442144153,"Simpson"
3,"antitrust","DSP",353.922442144153,"Simpson"
3,"benthos","DSP",0.0333043486391219,"Simpson"
3,"breakaway","DSP",0.0353922442144153,"Simpson"
3,"concstats","DSP",0.0353922442144153,"Simpson"
3,"DescTools","DSP",0.0353922442144153,"Simpson"
3,"diverse","DSP",0.0317456359102244,"Simpson"
3,"divseg","DSP",1.03539224421442,"Simpson"
3,"EconGeo","DSP",0.0353922442144153,"Simpson"
3,"hhi","DSP",0.175507297970808,"Simpson"
3,"ineq","DSP",0.0353922442144153,"Simpson"
3,"microbiome","DSP",0.0353922442144153,"Simpson"
3,"PDtoolkit","DSP",0.0353922442144153,"Simpson"
3,"politics","DSP",0.0353922442144153,"Simpson"
3,"REAT","DSP",0.0353922442144153,"Simpson"
3,"sprex","DSP",0.0353922442144153,"Simpson"
3,"tabula","DSP",0.0353922442144153,"Simpson"
3,"triversity","DSP",0.0353922442144153,"Simpson"
3,"abdiv","EBP",0.0842332613390929,"Berger-Parker"
3,"agricolae","EBP",0.0842332613390929,"Berger-Parker"
3,"BiodiversityR","EBP",0.08423326,"Berger-Parker"
3,"diverse","EBP",0.102244389027431,"Berger-Parker"
3,"dyvDyn","EBP",0.0842332613390929,"Berger-Parker"
3,"ecodive","EBP",0.0842332613390929,"Berger-Parker"
3,"microbiome","EBP",0.0842332613390929,"Berger-Parker"
3,"tabula","EBP",0.0842332613390929,"Berger-Parker"
3,"triversity","EBP",0.0842332613390929,"Berger-Parker"
3,"wiqid","EBP",1,"Berger-Parker"
3,"tabula","EBRI",0.84984990728688,"Brillouin evenness"
3,"BAT","EBU",0.522386973087097,"Bulla"
3,"microbiome","EBU",0.522386973087097,"Bulla"
3,"BAT","ECAM",0.986468857772277,"Camargo"
3,"microbiome","ECAM",0.676889848812095,"Camargo"
3,"codyn","EEQ",0.21232320172398,"NHC EQ"
3,"custom","EEQ",0.00084062109765577,"NHC EQ"
3,"adiv","EEVAR",0.468834208457809,"NHC EVAR"
3,"codyn","EEVAR",0.505975877537399,"NHC EVAR"
3,"custom","EEVAR",0.468834208457809,"NHC EVAR"
3,"microbiome","EEVAR",0.468834208457809,"NHC EVAR"
3,"acid","EGIN",0.840854331653468,"Gini coefficient"
3,"DescTools","EGIN",0.840854331653468,"Gini coefficient"
3,"dplR","EGIN",0.840854331653468,"Gini coefficient"
3,"EconGeo","EGIN",0.841,"Gini coefficient"
3,"giniVarCI","EGIN",0.840854331653467,"Gini coefficient"
3,"ineq","EGIN",0.840854331653468,"Gini coefficient"
3,"microbiome","EGIN",0.840854331653469,"Gini coefficient"
3,"REAT","EGIN",0.840854331653468,"Gini coefficient"
3,"shipunov","EGIN",0.840854331653469,"Gini coefficient"
3,"wINEQ","EGIN",0.840854331653468,"Gini coefficient"
3,"abdiv","EHEI",0.498135953147384,"Heip"
3,"adiv","EHEI",0.498135953147384,"Heip"
3,"custom","EHUL",0.159827213822894,"Hulburt"
3,"benthos","EHURE",0.966695651360878,"Hurlbert PIE"
3,"BiodiversityR","EHURE",0.96669565,"Hurlbert PIE"
3,"mobr","EHURE",0.966695651360878,"Hurlbert PIE"
3,"vegan","EHURE",0.966695651360769,"Hurlbert PIE"
3,"custom","ELR",0.187387452938358,"Ludwig-Reynolds"
3,"abdiv","EMC",0.232822698088145,"McIntosh evenness"
3,"tabula","EMC",0.907534243473551,"McIntosh evenness"
3,"microbiome","EMN",0.159827213822894,"McNaughton"
3,"custom","ENHC",-0.0378460030769222,"NHC"
3,"custom","EPAT",0.1834017341308,"Patten"
3,"abdiv","EPIE",0.847604628722521,"Pielou"
3,"adiv","EPIE",0.847604628722521,"Pielou"
3,"BiodiversityR","EPIE",0.84760463,"Pielou"
3,"breakaway","EPIE",0.847604628722521,"Pielou"
3,"chemodiv","EPIE",0.847604628722521,"Pielou"
3,"diverse","EPIE",0.864284293683146,"Pielou"
3,"forestmangr","EPIE",1,"Pielou"
3,"microbiome","EPIE",0.847604628722521,"Pielou"
3,"OTUtable","EPIE",0.847604628722521,"Pielou"
3,"pctax","EPIE",0.8476,"Pielou"
3,"sprex","EPIE",0.847604628722521,"Pielou"
3,"tabula","EPIE",0.847604628722521,"Pielou"
3,"custom","ESHE",0.503712220334635,"Sheldon"
3,"adiv","ESP",0.313941976773135,"Simpson evenness"
3,"codyn","ESP",0.438289904821345,"Simpson evenness"
3,"sprex","ESP",0.0423784389438033,"Simpson evenness"
3,"tabula","ESP",0.313941976773135,"Simpson evenness"
3,"abdiv","EST",0.47230621550276,"Strong"
3,"adiv","QHIL_0",90,"Hill q=0"
3,"adiv","QHIL_1",45.3340998301171,"Hill q=1"
3,"adiv","QHIL_2",28.2547779095822,"Hill q=2"
3,"adiv","QHIL_3",22.1570560797037,"Hill q=3"
3,"BAT","QHIL_0",90,"Hill q=0"
3,"BAT","QHIL_1",45.3340998301171,"Hill q=1"
3,"BAT","QHIL_2",28.2547779095822,"Hill q=2"
3,"BAT","QHIL_3",22.1570560797037,"Hill q=3"
3,"benthos","QHIL_0",225,"Hill q=0"
3,"benthos","QHIL_1",45.3340998301171,"Hill q=1"
3,"benthos","QHIL_2",28.2547779095822,"Hill q=2"
3,"benthos","QHIL_3",22.1570560797037,"Hill q=3"
3,"breakaway","QHIL_0",90,"Hill q=0"
3,"breakaway","QHIL_1",45.3340998301171,"Hill q=1"
3,"breakaway","QHIL_2",28.2547779095822,"Hill q=2"
3,"breakaway","QHIL_3",22.1570560797037,"Hill q=3"
3,"chemodiv","QHIL_0",90,"Hill q=0"
3,"chemodiv","QHIL_1",45.3340998301171,"Hill q=1"
3,"chemodiv","QHIL_2",28.2547779095822,"Hill q=2"
3,"chemodiv","QHIL_3",22.1570560797037,"Hill q=3"
3,"divDyn","QHIL_2",28.2547779095822,"Hill q=2"
3,"divent","QHIL_0",90,"Hill q=0"
3,"divent","QHIL_1",45.3340998301171,"Hill q=1"
3,"divent","QHIL_2",28.2547779095822,"Hill q=2"
3,"divent","QHIL_3",22.157056079704,"Hill q=3"
3,"entropart","QHIL_0",90,"Hill q=0"
3,"entropart","QHIL_1",45.3340998301171,"Hill q=1"
3,"entropart","QHIL_2",28.2547779095822,"Hill q=2"
3,"entropart","QHIL_3",22.157056079704,"Hill q=3"
3,"EntropyEstimation","QHIL_1",50.336483039011,"Hill q=1"
3,"EntropyEstimation","QHIL_2",30.0261089275687,"Hill q=2"
3,"EntropyEstimation","QHIL_3",23.3841037791858,"Hill q=3"
3,"hilldiv","QHIL_0",90,"Hill q=0"
3,"hilldiv","QHIL_1",45.3343825739576,"Hill q=1"
3,"hilldiv","QHIL_2",28.2547779095822,"Hill q=2"
3,"hilldiv","QHIL_3",22.1570560797037,"Hill q=3"
3,"hillR","QHIL_0",90,"Hill q=0"
3,"hillR","QHIL_1",45.3340998301171,"Hill q=1"
3,"hillR","QHIL_2",28.2547779095822,"Hill q=2"
3,"hillR","QHIL_3",22.1570560797037,"Hill q=3"
3,"sprex","QHIL_0",90,"Hill q=0"
3,"sprex","QHIL_1",45.3340998301171,"Hill q=1"
3,"sprex","QHIL_2",28.2547779095822,"Hill q=2"
3,"sprex","QHIL_3",22.1570560797037,"Hill q=3"
3,"vegan","QHIL_0",90,"Hill q=0"
3,"vegan","QHIL_1",45.3340998301171,"Hill q=1"
3,"vegan","QHIL_2",28.2547779095822,"Hill q=2"
3,"vegan","QHIL_3",22.1570560797037,"Hill q=3"
3,"adiv","QREN_0",4.49980967033027,"Renyi q=0"
3,"adiv","QREN_1",3.81405950494229,"Renyi q=1"
3,"adiv","QREN_2",3.34126257283439,"Renyi q=2"
3,"adiv","QREN_3",3.09815600466513,"Renyi q=3"
3,"BiodiversityR","QREN_0",4.49980967033027,"Renyi q=0"
3,"BiodiversityR","QREN_1",3.81405950494229,"Renyi q=1"
3,"BiodiversityR","QREN_2",3.34126257283439,"Renyi q=2"
3,"BiodiversityR","QREN_3",3.09815600466513,"Renyi q=3"
3,"diverse","QREN_0",4.46590811865458,"Renyi q=0"
3,"diverse","QREN_1",3.85981424398521,"Renyi q=1"
3,"diverse","QREN_2",3.37669302127052,"Renyi q=2"
3,"diverse","QREN_3",3.08634560296806,"Renyi q=3"
3,"EntropyEstimation","QREN_1",3.91873012312295,"Renyi q=1"
3,"EntropyEstimation","QREN_2",3.40206730075842,"Renyi q=2"
3,"EntropyEstimation","QREN_3",3.1520564658416,"Renyi q=3"
3,"seewave","QREN_2",0.616912978531526,"Renyi q=2"
3,"seewave","QREN_3",0.572027070831376,"Renyi q=3"
3,"sprex","QREN_0",4.49980967033027,"Renyi q=0"
3,"sprex","QREN_1",3.81405950494229,"Renyi q=1"
3,"sprex","QREN_2",3.34126257283439,"Renyi q=2"
3,"sprex","QREN_3",3.09815600466513,"Renyi q=3"
3,"statcomp","QREN_1",0.704207681118674,"Renyi q=1"
3,"statcomp","QREN_2",0.616912967764493,"Renyi q=2"
3,"statcomp","QREN_3",0.572027062756101,"Renyi q=3"
3,"vegan","QREN_0",4.49980967033027,"Renyi q=0"
3,"vegan","QREN_1",3.81405950494229,"Renyi q=1"
3,"vegan","QREN_2",3.34126257283439,"Renyi q=2"
3,"vegan","QREN_3",3.09815600466513,"Renyi q=3"
3,"adiv","QTSA_0",89,"Tsallis q=0"
3,"adiv","QTSA_1",3.81405950494229,"Tsallis q=1"
3,"adiv","QTSA_2",0.964607755785585,"Tsallis q=2"
3,"adiv","QTSA_3",0.498981535512024,"Tsallis q=3"
3,"divent","QTSA_0",89,"Tsallis q=0"
3,"divent","QTSA_1",3.81405950494229,"Tsallis q=1"
3,"divent","QTSA_2",0.964607755785585,"Tsallis q=2"
3,"divent","QTSA_3",0.498981535512024,"Tsallis q=3"
3,"entropart","QTSA_0",89,"Tsallis q=0"
3,"entropart","QTSA_1",3.81405950494229,"Tsallis q=1"
3,"entropart","QTSA_2",0.964607755785585,"Tsallis q=2"
3,"entropart","QTSA_3",0.498981535512024,"Tsallis q=3"
3,"EntropyEstimation","QTSA_1",3.91873012312295,"Tsallis q=1"
3,"EntropyEstimation","QTSA_2",0.966695651360878,"Tsallis q=2"
3,"EntropyEstimation","QTSA_3",0.499085616154342,"Tsallis q=3"
3,"vegan","QTSA_0",89,"Tsallis q=0"
3,"vegan","QTSA_1",3.81405950494229,"Tsallis q=1"
3,"vegan","QTSA_2",0.964607755785585,"Tsallis q=2"
3,"vegan","QTSA_3",0.498981535512024,"Tsallis q=3"
3,"BAT","RACE",134.669844406052,"ACE"
3,"ecodive","RACE",134.669844406052,"ACE"
3,"fossil","RACE",107.281437125749,"ACE"
3,"pctax","RACE",134.6698,"ACE"
3,"sprex","RACE",463,"ACE"
3,"tabula","RACE",134.669844406052,"ACE"
3,"vegan","RACE",134.669844406052,"ACE"
3,"wiqid","RACE",134.669844406052,"ACE"
3,"BiodiversityR","RBOO",90,"Bootstrap estimator"
3,"wiqid","RBOO",225,"Bootstrap estimator"
3,"BAT","RC1",141.230769230769,"Chao 1"
3,"BiodiversityR","RC1",90,"Chao 1"
3,"biosampleR","RC1",127.071428571429,"Chao 1"
3,"iNEXT","RC1",146.918,"Chao 1"
3,"microbiome","RC1",141.230769230769,"Chao 1"
3,"pctax","RC1",141.2308,"Chao 1"
3,"rareNMtests","RC1",90,"Chao 1"
3,"SpadeR","RC1",90,"Chao 1"
3,"SSP","RC1",90,"Chao 1"
3,"vegan","RC1",141.230769230769,"Chao 1"
3,"wiqid","RC1",147.041666666667,"Chao 1"
3,"BAT","RC1M",165.100512820513,"Chao 1 modified"
3,"divent","RC1M",146.918466522678,"Chao 1 modified"
3,"ecodive","RC1M",147.041666666667,"Chao 1 modified"
3,"entropart","RC1M",146.918466522678,"Chao 1 modified"
3,"fossil","RC1M",147.041666666667,"Chao 1 modified"
3,"mobr","RC1M",146.918466522678,"Chao 1 modified"
3,"OTUtable","RC1M",147.041666666667,"Chao 1 modified"
3,"tabula","RC1M",146.918466522678,"Chao 1 modified"
3,"wiqid","RC1M",147.041666666667,"Chao 1 modified"
3,"BAT","RCA2",172.265892782459,"Chao 2"
3,"divDyn","RCA2",140.661538461538,"Chao 2"
3,"fossil","RCA2",147.041666666667,"Chao 2"
3,"tabula","RCA2",90,"Chao 2"
3,"wiqid","RCA2",90,"Chao 2"
3,"benthos","RHUR_2",1.96669565136077,"Hurlbert D k=2"
3,"benthos","RHUR_3",2.90191572177371,"Hurlbert D k=3"
3,"divent","RHUR_2",30.0260998411728,"Hurlbert D k=2"
3,"divent","RHUR_3",30.2488883152213,"Hurlbert D k=3"
3,"entropart","RHUR_2",1.96669565136077,"Hurlbert D k=2"
3,"entropart","RHUR_3",2.90191572177372,"Hurlbert D k=3"
3,"mobsim","RHUR_2",1.96669565136077,"Hurlbert D k=2"
3,"mobsim","RHUR_3",2.90191572177371,"Hurlbert D k=3"
3,"tabula","RHUR_2",1.9666956513934,"Hurlbert D k=2"
3,"tabula","RHUR_3",2.90191572176117,"Hurlbert D k=3"
3,"vegan","RHUR_2",1.96669565136077,"Hurlbert D k=2"
3,"vegan","RHUR_3",2.90191572177371,"Hurlbert D k=3"
3,"BAT","RICE",186.773653173192,"ICE"
3,"fossil","RICE",107.281437125749,"ICE"
3,"tabula","RICE",90,"ICE"
3,"wiqid","RICE",90,"ICE"
3,"BAT","RJA1",127,"Jackknife 1"
3,"BiodiversityR","RJA1",90,"Jackknife 1"
3,"divent","RJA1",175,"Jackknife 1"
3,"entropart","RJA1",175,"Jackknife 1"
3,"fossil","RJA1",126.920086393089,"Jackknife 1"
3,"SSP","RJA1",90,"Jackknife 1"
3,"tabula","RJA1",3.79175917995609,"Jackknife 1"
3,"wiqid","RJA1",127,"Jackknife 1"
3,"BAT","RJA2",152,"Jackknife 2"
3,"BiodiversityR","RJA2",90,"Jackknife 2"
3,"fossil","RJA2",151.598216038821,"Jackknife 2"
3,"SSP","RJA2",90,"Jackknife 2"
3,"wiqid","RJA2",152,"Jackknife 2"
3,"asbio","RLMD",154.855391833441,NA
3,"sads","RLMD",0.979272623539585,NA
3,"vegan","RLMD",122.830519088419,NA
3,"wiqid","RMM",0,"Michaelis-Menten"
3,"divDyn","RSQ",139.216509744644,"Squares Richness Estimator"
3,"ecodive","RSQ",139.216509744644,"Squares Richness Estimator"
3,"tabula","RSQ",139.216509744644,"Squares Richness Estimator"
4,"custom","RICH",94,"Species richness"
4,"abdiv","D1SP",0.971611693223386,"Simpson's reciprocal"
4,"ade4","D1SP",0.971611693223387,"Simpson's reciprocal"
4,"adiv","D1SP",0.971611693223386,"Simpson's reciprocal"
4,"agricolae","D1SP",0.971611693223386,"Simpson's reciprocal"
4,"asbio","D1SP",0.971611693223386,"Simpson's reciprocal"
4,"BiodiversityR","D1SP",0.97161169,"Simpson's reciprocal"
4,"biosampleR","D1SP",0.955059870405208,"Simpson's reciprocal"
4,"breakaway","D1SP",0.971611693223386,"Simpson's reciprocal"
4,"catsim","D1SP",0.634192592592593,"Simpson's reciprocal"
4,"concstats","D1SP",0.99566244779811,"Simpson's reciprocal"
4,"CUB","D1SP",0.975949245425277,"Simpson's reciprocal"
4,"DescTools","D1SP",0.971611693223387,"Simpson's reciprocal"
4,"divent","D1SP",0.971611693223386,"Simpson's reciprocal"
4,"diverse","D1SP",0.955059870405208,"Simpson's reciprocal"
4,"ecodive","D1SP",0.971611693223386,"Simpson's reciprocal"
4,"entropart","D1SP",0.971611693223386,"Simpson's reciprocal"
4,"lawstat","D1SP",0.820075224971879,"Simpson's reciprocal"
4,"MCPAN","D1SP",0.971611693223386,"Simpson's reciprocal"
4,"microbiome","D1SP",0.971611693223386,"Simpson's reciprocal"
4,"PCRA","D1SP",0.971611693223386,"Simpson's reciprocal"
4,"RoughSets","D1SP",0.971611693223386,"Simpson's reciprocal"
4,"simboot","D1SP",0.971611693223386,"Simpson's reciprocal"
4,"sprex","D1SP",0.971611693223386,"Simpson's reciprocal"
4,"untb","D1SP",0.973528087095622,"Simpson's reciprocal"
4,"vegan","D1SP",0.971611693223386,"Simpson's reciprocal"
4,"abdiv","DBRI",3.70307973544363,"Brillouin"
4,"ecodive","DBRI",3.70307973544363,"Brillouin"
4,"tabula","DBRI",3.70307973544363,"Brillouin"
4,"wiqid","DBRI",40.5720633706686,"Brillouin"
4,"BiodiversityR","DFIS",33.92208782,"Fisher's alpha"
4,"ecodive","DFIS",33.922,"Fisher's alpha"
4,"microbiome","DFIS",33.9220878208122,"Fisher's alpha"
4,"preseqR","DFIS",13.0978304636462,"Fisher's alpha"
4,"sads","DFIS",33.9220868083407,"Fisher's alpha"
4,"vegan","DFIS",33.9220878208122,"Fisher's alpha"
4,"custom","DGLE",15.0871165881625,"Gleason"
4,"custom","DGOO_1_1",3.97656298765037,"Good m1 n1"
4,"custom","DGOO_1_2",0.312025363423136,"Good m1 n2"
4,"custom","DGOO_1_3",1,"Good m1 n3"
4,"custom","DGOO_2_1",0.0920979031682445,"Good m2 n1"
4,"custom","DGOO_2_2",1.10977362918812,"Good m2 n2"
4,"custom","DGOO_2_3",1,"Good m2 n3"
4,"custom","DGOO_3_1",0.00387801012222052,"Good m3 n1"
4,"custom","DGOO_3_2",0.0358714674724446,"Good m3 n2"
4,"custom","DGOO_3_3",1,"Good m3 n3"
4,"abdiv","DINVSP",35.2257712257712,"Simpson inverse"
4,"adiv","DINVSP",35.2257712257712,"Simpson inverse"
4,"asbio","DINVSP",35.2257712257712,"Simpson inverse"
4,"BiodiversityR","DINVSP",35.22577123,"Simpson inverse"
4,"breakaway","DINVSP",35.2257712257712,"Simpson inverse"
4,"chemodiv","DINVSP",35.2257712257712,"Simpson inverse"
4,"codyn","DINVSP",6.1089588377724,"Simpson inverse"
4,"divseg","DINVSP",1.02838830677661,"Simpson inverse"
4,"ecodive","DINVSP",35.2257712257712,"Simpson inverse"
4,"microbiome","DINVSP",35.2257712257712,"Simpson inverse"
4,"sprex","DINVSP",35.2257712257712,"Simpson inverse"
4,"vegan","DINVSP",35.2257712257712,"Simpson inverse"
4,"wiqid","DINVSP",35.2257712257712,"Simpson inverse"
4,"custom","DKO",0.137614678899083,"Kothe"
4,"abdiv","DMC",0.870116895944359,"McIntosh"
4,"adiv","DMC",0.870116895944359,"McIntosh"
4,"agricolae","DMC",0.870116895944359,"McIntosh"
4,"ecodive","DMC",0.870116895944359,"McIntosh"
4,"forestHES","DMC",0.870116895944359,"McIntosh"
4,"tabula","DMC",0.870116895944359,"McIntosh"
4,"abdiv","DMG",14.9266153478629,"Margalef"
4,"adiv","DMG",14.9266153478629,"Margalef"
4,"agricolae","DMG",35.9522778271106,"Margalef"
4,"ecodive","DMG",14.9266153478629,"Margalef"
4,"tabula","DMG",14.9266153478629,"Margalef"
4,"abdiv","DMN",4.17057559425573,"Menhinick"
4,"adiv","DMN",4.17057559425573,"Menhinick"
4,"ecodive","DMN",4.17057559425573,"Menhinick"
4,"tabula","DMN",4.17057559425573,"Menhinick"
4,"custom","DOD",185.03937007874,"Odum"
4,"abdiv","DQ",0,"Q-statistic"
4,"ade4","DRAO",0.971611693223386,"Rao"
4,"BAT","DRAO",0.971611693223338,"Rao"
4,"SYNCSA","DRAO",0.971611693223386,"Rao"
4,"abdiv","DSHA",3.97656298765037,"Shannon"
4,"adiv","DSHA",3.97656298765037,"Shannon"
4,"aqp","DSHA",5.73696770206578,"Shannon"
4,"asbio","DSHA",3.97656298765037,"Shannon"
4,"benthos","DSHA",0,"Shannon"
4,"BiodiversityR","DSHA",3.97656299,"Shannon"
4,"biosampleR","DSHA",3.69841358799739,"Shannon"
4,"chemodiv","DSHA",3.97656298765037,"Shannon"
4,"codyn","DSHA",3.97656298765037,"Shannon"
4,"DescTools","DSHA",5.73696770206578,"Shannon"
4,"divDyn","DSHA",3.97656298765037,"Shannon"
4,"divent","DSHA",3.97656298765037,"Shannon"
4,"diverse","DSHA",3.69841358799739,"Shannon"
4,"ecodive","DSHA",3.97656298765037,"Shannon"
4,"EconGeo","DSHA",5.737,"Shannon"
4,"entropart","DSHA",3.97656298765037,"Shannon"
4,"forestmangr","DSHA",3.56,"Shannon"
4,"HardyWeinberg","DSHA",3.97656298765037,"Shannon"
4,"iNEXT","DSHA",3.977,"Shannon"
4,"MCPAN","DSHA",3.97656298765037,"Shannon"
4,"microbiome","DSHA",3.97656298765037,"Shannon"
4,"OTUtable","DSHA",3.97656298765037,"Shannon"
4,"pgirmess","DSHA",5.73696770206578,"Shannon"
4,"SpiecEasi","DSHA",3.97656298765037,"Shannon"
4,"sprex","DSHA",3.97656298765037,"Shannon"
4,"tabula","DSHA",3.97656298765037,"Shannon"
4,"triversity","DSHA",5.73696770206579,"Shannon"
4,"vegan","DSHA",3.97656298765037,"Shannon"
4,"wavethresh","DSHA",-43754.7076035002,"Shannon"
4,"wiqid","DSHA",53.3334112579049,"Shannon"
4,"abdiv","DSP",0.0283883067766136,"Simpson"
4,"agricolae","DSP",0.0283883067766136,"Simpson"
4,"antitrust","DSP",283.883067766136,"Simpson"
4,"benthos","DSP",0.0264719129043781,"Simpson"
4,"breakaway","DSP",0.0283883067766136,"Simpson"
4,"concstats","DSP",0.0283883067766136,"Simpson"
4,"DescTools","DSP",0.0283883067766136,"Simpson"
4,"diverse","DSP",0.0423235272101205,"Simpson"
4,"divseg","DSP",1.02838830677661,"Simpson"
4,"EconGeo","DSP",0.0283883067766136,"Simpson"
4,"hhi","DSP",0.163694015061435,"Simpson"
4,"ineq","DSP",0.0283883067766136,"Simpson"
4,"microbiome","DSP",0.0283883067766136,"Simpson"
4,"PDtoolkit","DSP",0.0283883067766136,"Simpson"
4,"politics","DSP",0.0283883067766136,"Simpson"
4,"REAT","DSP",0.0283883067766136,"Simpson"
4,"sprex","DSP",0.0283883067766136,"Simpson"
4,"tabula","DSP",0.0283883067766136,"Simpson"
4,"triversity","DSP",0.0283883067766136,"Simpson"
4,"abdiv","EBP",0.0767716535433071,"Berger-Parker"
4,"agricolae","EBP",0.0767716535433071,"Berger-Parker"
4,"BiodiversityR","EBP",0.07677165,"Berger-Parker"
4,"diverse","EBP",0.12568306010929,"Berger-Parker"
4,"dyvDyn","EBP",0.0767716535433071,"Berger-Parker"
4,"ecodive","EBP",0.0767716535433071,"Berger-Parker"
4,"microbiome","EBP",0.0767716535433071,"Berger-Parker"
4,"tabula","EBP",0.0767716535433071,"Berger-Parker"
4,"triversity","EBP",0.0767716535433071,"Berger-Parker"
4,"wiqid","EBP",1,"Berger-Parker"
4,"tabula","EBRI",0.877815038688714,"Brillouin evenness"
4,"BAT","EBU",0.557319447972229,"Bulla"
4,"microbiome","EBU",0.557319447972229,"Bulla"
4,"BAT","ECAM",0.987943982980165,"Camargo"
4,"microbiome","ECAM",0.629753727592562,"Camargo"
4,"codyn","EEQ",0.180421671903853,"NHC EQ"
4,"custom","EEQ",0.00075784644386869,"NHC EQ"
4,"adiv","EEVAR",0.497912448077632,"NHC EVAR"
4,"codyn","EEVAR",0.476669102364639,"NHC EVAR"
4,"custom","EEVAR",0.497912448077632,"NHC EVAR"
4,"microbiome","EEVAR",0.497912448077632,"NHC EVAR"
4,"acid","EGIN",0.816430446194226,"Gini coefficient"
4,"DescTools","EGIN",0.816430446194226,"Gini coefficient"
4,"dplR","EGIN",0.816430446194226,"Gini coefficient"
4,"EconGeo","EGIN",0.816,"Gini coefficient"
4,"giniVarCI","EGIN",0.816430446194226,"Gini coefficient"
4,"ineq","EGIN",0.816430446194226,"Gini coefficient"
4,"microbiome","EGIN",0.816430446194225,"Gini coefficient"
4,"REAT","EGIN",0.816430446194226,"Gini coefficient"
4,"shipunov","EGIN",0.816430446194225,"Gini coefficient"
4,"wINEQ","EGIN",0.816430446194226,"Gini coefficient"
4,"abdiv","EHEI",0.562724852235537,"Heip"
4,"adiv","EHEI",0.562724852235537,"Heip"
4,"custom","EHUL",0.145669291338583,"Hulburt"
4,"benthos","EHURE",0.973528087095622,"Hurlbert PIE"
4,"BiodiversityR","EHURE",0.97352809,"Hurlbert PIE"
4,"mobr","EHURE",0.973528087095622,"Hurlbert PIE"
4,"vegan","EHURE",0.973528087095857,"Hurlbert PIE"
4,"custom","ELR",0.210970597089514,"Ludwig-Reynolds"
4,"abdiv","EMC",0.206190254406736,"McIntosh evenness"
4,"tabula","EMC",0.927138763228275,"McIntosh evenness"
4,"microbiome","EMN",0.145669291338583,"McNaughton"
4,"custom","ENHC",-0.0356338536658686,"NHC"
4,"custom","EPAT",0.0701957513717999,"Patten"
4,"abdiv","EPIE",0.875259735108697,"Pielou"
4,"adiv","EPIE",0.875259735108697,"Pielou"
4,"BiodiversityR","EPIE",0.87525974,"Pielou"
4,"breakaway","EPIE",0.875259735108697,"Pielou"
4,"chemodiv","EPIE",0.875259735108697,"Pielou"
4,"diverse","EPIE",0.834702438828633,"Pielou"
4,"forestmangr","EPIE",1,"Pielou"
4,"microbiome","EPIE",0.875259735108697,"Pielou"
4,"OTUtable","EPIE",0.875259735108697,"Pielou"
4,"pctax","EPIE",0.8753,"Pielou"
4,"sprex","EPIE",0.875259735108697,"Pielou"
4,"tabula","EPIE",0.875259735108697,"Pielou"
4,"custom","ESHE",0.567376715509627,"Sheldon"
4,"adiv","ESP",0.374742247082673,"Simpson evenness"
4,"codyn","ESP",0.436354202698028,"Simpson evenness"
4,"sprex","ESP",0.0423038615707486,"Simpson evenness"
4,"tabula","ESP",0.374742247082673,"Simpson evenness"
4,"abdiv","EST",0.437971184453007,"Strong"
4,"adiv","QHIL_0",94,"Hill q=0"
4,"adiv","QHIL_1",53.3334112579049,"Hill q=1"
4,"adiv","QHIL_2",35.2257712257712,"Hill q=2"
4,"adiv","QHIL_3",27.477719419636,"Hill q=3"
4,"BAT","QHIL_0",94,"Hill q=0"
4,"BAT","QHIL_1",53.3334112579049,"Hill q=1"
4,"BAT","QHIL_2",35.2257712257712,"Hill q=2"
4,"BAT","QHIL_3",27.477719419636,"Hill q=3"
4,"benthos","QHIL_0",225,"Hill q=0"
4,"benthos","QHIL_1",53.3334112579049,"Hill q=1"
4,"benthos","QHIL_2",35.2257712257712,"Hill q=2"
4,"benthos","QHIL_3",27.477719419636,"Hill q=3"
4,"breakaway","QHIL_0",94,"Hill q=0"
4,"breakaway","QHIL_1",53.3334112579049,"Hill q=1"
4,"breakaway","QHIL_2",35.2257712257712,"Hill q=2"
4,"breakaway","QHIL_3",27.477719419636,"Hill q=3"
4,"chemodiv","QHIL_0",94,"Hill q=0"
4,"chemodiv","QHIL_1",53.3334112579049,"Hill q=1"
4,"chemodiv","QHIL_2",35.2257712257712,"Hill q=2"
4,"chemodiv","QHIL_3",27.477719419636,"Hill q=3"
4,"divDyn","QHIL_2",35.2257712257712,"Hill q=2"
4,"divent","QHIL_0",94,"Hill q=0"
4,"divent","QHIL_1",53.3334112579049,"Hill q=1"
4,"divent","QHIL_2",35.2257712257713,"Hill q=2"
4,"divent","QHIL_3",27.4777194196366,"Hill q=3"
4,"entropart","QHIL_0",94,"Hill q=0"
4,"entropart","QHIL_1",53.3334112579049,"Hill q=1"
4,"entropart","QHIL_2",35.2257712257713,"Hill q=2"
4,"entropart","QHIL_3",27.4777194196366,"Hill q=3"
4,"EntropyEstimation","QHIL_1",58.8595514497621,"Hill q=1"
4,"EntropyEstimation","QHIL_2",37.7758873569963,"Hill q=2"
4,"EntropyEstimation","QHIL_3",29.2169072202721,"Hill q=3"
4,"hilldiv","QHIL_0",94,"Hill q=0"
4,"hilldiv","QHIL_1",53.333686978448,"Hill q=1"
4,"hilldiv","QHIL_2",35.2257712257712,"Hill q=2"
4,"hilldiv","QHIL_3",27.477719419636,"Hill q=3"
4,"hillR","QHIL_0",94,"Hill q=0"
4,"hillR","QHIL_1",53.3334112579049,"Hill q=1"
4,"hillR","QHIL_2",35.2257712257712,"Hill q=2"
4,"hillR","QHIL_3",27.477719419636,"Hill q=3"
4,"sprex","QHIL_0",94,"Hill q=0"
4,"sprex","QHIL_1",53.3334112579049,"Hill q=1"
4,"sprex","QHIL_2",35.2257712257712,"Hill q=2"
4,"sprex","QHIL_3",27.477719419636,"Hill q=3"
4,"vegan","QHIL_0",94,"Hill q=0"
4,"vegan","QHIL_1",53.3334112579049,"Hill q=1"
4,"vegan","QHIL_2",35.2257712257712,"Hill q=2"
4,"vegan","QHIL_3",27.477719419636,"Hill q=3"
4,"adiv","QREN_0",4.54329478227,"Renyi q=0"
4,"adiv","QREN_1",3.97656298765037,"Renyi q=1"
4,"adiv","QREN_2",3.5617779518182,"Renyi q=2"
4,"adiv","QREN_3",3.31337547335842,"Renyi q=3"
4,"BiodiversityR","QREN_0",4.54329478227,"Renyi q=0"
4,"BiodiversityR","QREN_1",3.97656298765037,"Renyi q=1"
4,"BiodiversityR","QREN_2",3.5617779518182,"Renyi q=2"
4,"BiodiversityR","QREN_3",3.31337547335842,"Renyi q=3"
4,"diverse","QREN_0",4.43081679884331,"Renyi q=0"
4,"diverse","QREN_1",3.69841358799739,"Renyi q=1"
4,"diverse","QREN_2",3.10242412849987,"Renyi q=2"
4,"diverse","QREN_3",2.78499421467132,"Renyi q=3"
4,"EntropyEstimation","QREN_1",4.07515412214704,"Renyi q=1"
4,"EntropyEstimation","QREN_2",3.63167099847182,"Renyi q=2"
4,"EntropyEstimation","QREN_3",3.37474755610296,"Renyi q=3"
4,"seewave","QREN_2",0.657627765161687,"Renyi q=2"
4,"seewave","QREN_3",0.611764049036266,"Renyi q=3"
4,"sprex","QREN_0",4.54329478227,"Renyi q=0"
4,"sprex","QREN_1",3.97656298765037,"Renyi q=1"
4,"sprex","QREN_2",3.5617779518182,"Renyi q=2"
4,"sprex","QREN_3",3.31337547335842,"Renyi q=3"
4,"statcomp","QREN_1",0.734211460709232,"Renyi q=1"
4,"statcomp","QREN_2",0.657627755639189,"Renyi q=2"
4,"statcomp","QREN_3",0.611764041894392,"Renyi q=3"
4,"vegan","QREN_0",4.54329478227,"Renyi q=0"
4,"vegan","QREN_1",3.97656298765037,"Renyi q=1"
4,"vegan","QREN_2",3.5617779518182,"Renyi q=2"
4,"vegan","QREN_3",3.31337547335842,"Renyi q=3"
4,"adiv","QTSA_0",93,"Tsallis q=0"
4,"adiv","QTSA_1",3.97656298765037,"Tsallis q=1"
4,"adiv","QTSA_2",0.971611693223386,"Tsallis q=2"
4,"adiv","QTSA_3",0.499337770329084,"Tsallis q=3"
4,"divent","QTSA_0",93,"Tsallis q=0"
4,"divent","QTSA_1",3.97656298765037,"Tsallis q=1"
4,"divent","QTSA_2",0.971611693223386,"Tsallis q=2"
4,"divent","QTSA_3",0.499337770329084,"Tsallis q=3"
4,"entropart","QTSA_0",93,"Tsallis q=0"
4,"entropart","QTSA_1",3.97656298765037,"Tsallis q=1"
4,"entropart","QTSA_2",0.971611693223386,"Tsallis q=2"
4,"entropart","QTSA_3",0.499337770329084,"Tsallis q=3"
4,"EntropyEstimation","QTSA_1",4.07515412214704,"Tsallis q=1"
4,"EntropyEstimation","QTSA_2",0.973528087095622,"Tsallis q=2"
4,"EntropyEstimation","QTSA_3",0.49941426453356,"Tsallis q=3"
4,"vegan","QTSA_0",93,"Tsallis q=0"
4,"vegan","QTSA_1",3.97656298765037,"Tsallis q=1"
4,"vegan","QTSA_2",0.971611693223386,"Tsallis q=2"
4,"vegan","QTSA_3",0.499337770329084,"Tsallis q=3"
4,"BAT","RACE",118.729941424772,"ACE"
4,"ecodive","RACE",118.729941424772,"ACE"
4,"fossil","RACE",104.188679245283,"ACE"
4,"pctax","RACE",118.7299,"ACE"
4,"sprex","RACE",508,"ACE"
4,"tabula","RACE",118.729941424772,"ACE"
4,"vegan","RACE",118.729941424772,"ACE"
4,"wiqid","RACE",118.729941424772,"ACE"
4,"BiodiversityR","RBOO",94,"Bootstrap estimator"
4,"wiqid","RBOO",225,"Bootstrap estimator"
4,"BAT","RC1",111.55,"Chao 1"
4,"BiodiversityR","RC1",94,"Chao 1"
4,"biosampleR","RC1",110.714285714286,"Chao 1"
4,"iNEXT","RC1",113.146,"Chao 1"
4,"microbiome","RC1",111.55,"Chao 1"
4,"pctax","RC1",111.55,"Chao 1"
4,"rareNMtests","RC1",94,"Chao 1"
4,"SpadeR","RC1",94,"Chao 1"
4,"SSP","RC1",94,"Chao 1"
4,"vegan","RC1",111.55,"Chao 1"
4,"wiqid","RC1",113.184210526316,"Chao 1"
4,"BAT","RC1M",120.753253734722,"Chao 1 modified"
4,"divent","RC1M",113.146446332366,"Chao 1 modified"
4,"ecodive","RC1M",113.184210526316,"Chao 1 modified"
4,"entropart","RC1M",113.146446332366,"Chao 1 modified"
4,"fossil","RC1M",113.184210526316,"Chao 1 modified"
4,"mobr","RC1M",113.146446332366,"Chao 1 modified"
4,"OTUtable","RC1M",113.184210526316,"Chao 1 modified"
4,"tabula","RC1M",113.146446332366,"Chao 1 modified"
4,"wiqid","RC1M",113.184210526316,"Chao 1 modified"
4,"BAT","RCA2",181.04833454454,"Chao 2"
4,"divDyn","RCA2",111.36329787234,"Chao 2"
4,"fossil","RCA2",113.184210526316,"Chao 2"
4,"tabula","RCA2",94,"Chao 2"
4,"wiqid","RCA2",94,"Chao 2"
4,"benthos","RHUR_2",1.97352808709586,"Hurlbert D k=2"
4,"benthos","RHUR_3",2.92175573221942,"Hurlbert D k=3"
4,"divent","RHUR_2",37.7758571775444,"Hurlbert D k=2"
4,"divent","RHUR_3",38.0051838387086,"Hurlbert D k=3"
4,"entropart","RHUR_2",1.97352808709584,"Hurlbert D k=2"
4,"entropart","RHUR_3",2.92175573221942,"Hurlbert D k=3"
4,"mobsim","RHUR_2",1.97352808709586,"Hurlbert D k=2"
4,"mobsim","RHUR_3",2.92175573221942,"Hurlbert D k=3"
4,"tabula","RHUR_2",1.97352808715543,"Hurlbert D k=2"
4,"tabula","RHUR_3",2.92175573220649,"Hurlbert D k=3"
4,"vegan","RHUR_2",1.97352808709586,"Hurlbert D k=2"
4,"vegan","RHUR_3",2.92175573221942,"Hurlbert D k=3"
4,"BAT","RICE",184.852192769659,"ICE"
4,"fossil","RICE",104.188679245283,"ICE"
4,"tabula","RICE",94,"ICE"
4,"wiqid","RICE",94,"ICE"
4,"BAT","RJA1",121,"Jackknife 1"
4,"BiodiversityR","RJA1",94,"Jackknife 1"
4,"divent","RJA1",121,"Jackknife 1"
4,"entropart","RJA1",121,"Jackknife 1"
4,"fossil","RJA1",120.946850393701,"Jackknife 1"
4,"SSP","RJA1",94,"Jackknife 1"
4,"tabula","RJA1",3.95765885872437,"Jackknife 1"
4,"wiqid","RJA1",121,"Jackknife 1"
4,"BAT","RJA2",129,"Jackknife 2"
4,"BiodiversityR","RJA2",94,"Jackknife 2"
4,"fossil","RJA2",128.79323331625,"Jackknife 2"
4,"SSP","RJA2",94,"Jackknife 2"
4,"wiqid","RJA2",129,"Jackknife 2"
4,"asbio","RLMD",176.191582886601,NA
4,"sads","RLMD",1.12511410965091,NA
4,"vegan","RLMD",107.938811852181,NA
4,"wiqid","RMM",0,"Michaelis-Menten"
4,"divDyn","RSQ",114.900628507471,"Squares Richness Estimator"
4,"ecodive","RSQ",114.900628507471,"Squares Richness Estimator"
4,"tabula","RSQ",114.900628507471,"Squares Richness Estimator"
5,"custom","RICH",101,"Species richness"
5,"abdiv","D1SP",0.967826683658465,"Simpson's reciprocal"
5,"ade4","D1SP",0.967826683658465,"Simpson's reciprocal"
5,"adiv","D1SP",0.967826683658465,"Simpson's reciprocal"
5,"agricolae","D1SP",0.967826683658465,"Simpson's reciprocal"
5,"asbio","D1SP",0.967826683658465,"Simpson's reciprocal"
5,"BiodiversityR","D1SP",0.96782668,"Simpson's reciprocal"
5,"biosampleR","D1SP",0.969207501150758,"Simpson's reciprocal"
5,"breakaway","D1SP",0.967826683658465,"Simpson's reciprocal"
5,"catsim","D1SP",0.65923950617284,"Simpson's reciprocal"
5,"concstats","D1SP",0.995679345162239,"Simpson's reciprocal"
5,"CUB","D1SP",0.972147338496226,"Simpson's reciprocal"
5,"DescTools","D1SP",0.967826683658465,"Simpson's reciprocal"
5,"divent","D1SP",0.967826683658465,"Simpson's reciprocal"
5,"diverse","D1SP",0.969207501150758,"Simpson's reciprocal"
5,"ecodive","D1SP",0.967826683658465,"Simpson's reciprocal"
5,"entropart","D1SP",0.967826683658465,"Simpson's reciprocal"
5,"lawstat","D1SP",0.81495756718529,"Simpson's reciprocal"
5,"MCPAN","D1SP",0.967826683658465,"Simpson's reciprocal"
5,"microbiome","D1SP",0.967826683658465,"Simpson's reciprocal"
5,"PCRA","D1SP",0.967826683658465,"Simpson's reciprocal"
5,"RoughSets","D1SP",0.967826683658465,"Simpson's reciprocal"
5,"simboot","D1SP",0.967826683658465,"Simpson's reciprocal"
5,"sprex","D1SP",0.967826683658465,"Simpson's reciprocal"
5,"untb","D1SP",0.96974697469747,"Simpson's reciprocal"
5,"vegan","D1SP",0.967826683658465,"Simpson's reciprocal"
5,"abdiv","DBRI",3.68428072415853,"Brillouin"
5,"ecodive","DBRI",3.68428072415853,"Brillouin"
5,"tabula","DBRI",3.68428072415853,"Brillouin"
5,"wiqid","DBRI",39.816473120503,"Brillouin"
5,"BiodiversityR","DFIS",37.9642295,"Fisher's alpha"
5,"ecodive","DFIS",37.964,"Fisher's alpha"
5,"microbiome","DFIS",37.9642295032581,"Fisher's alpha"
5,"preseqR","DFIS",10.7606779647449,"Fisher's alpha"
5,"sads","DFIS",37.9642294687631,"Fisher's alpha"
5,"vegan","DFIS",37.9642295032581,"Fisher's alpha"
5,"custom","DGLE",16.2260505942038,"Gleason"
5,"custom","DGOO_1_1",3.96994030027638,"Good m1 n1"
5,"custom","DGOO_1_2",0.312444305305825,"Good m1 n2"
5,"custom","DGOO_1_3",1,"Good m1 n3"
5,"custom","DGOO_2_1",0.0968604366341569,"Good m2 n1"
5,"custom","DGOO_2_2",1.08329844850156,"Good m2 n2"
5,"custom","DGOO_2_3",1,"Good m2 n3"
5,"custom","DGOO_3_1",0.00523169580753655,"Good m3 n1"
5,"custom","DGOO_3_2",0.0394836361777526,"Good m3 n2"
5,"custom","DGOO_3_3",1,"Good m3 n3"
5,"abdiv","DINVSP",31.0816575258988,"Simpson inverse"
5,"adiv","DINVSP",31.0816575258988,"Simpson inverse"
5,"asbio","DINVSP",31.0816575258988,"Simpson inverse"
5,"BiodiversityR","DINVSP",31.08165753,"Simpson inverse"
5,"breakaway","DINVSP",31.0816575258988,"Simpson inverse"
5,"chemodiv","DINVSP",31.0816575258988,"Simpson inverse"
5,"codyn","DINVSP",6.54831199068684,"Simpson inverse"
5,"divseg","DINVSP",1.03217331634154,"Simpson inverse"
5,"ecodive","DINVSP",31.0816575258988,"Simpson inverse"
5,"microbiome","DINVSP",31.0816575258988,"Simpson inverse"
5,"sprex","DINVSP",31.0816575258988,"Simpson inverse"
5,"vegan","DINVSP",31.0816575258988,"Simpson inverse"
5,"wiqid","DINVSP",31.0816575258988,"Simpson inverse"
5,"custom","DKO",0.073394495412844,"Kothe"
5,"abdiv","DMC",0.858849063795238,"McIntosh"
5,"adiv","DMC",0.858849063795238,"McIntosh"
5,"agricolae","DMC",0.858849063795238,"McIntosh"
5,"ecodive","DMC",0.858849063795238,"McIntosh"
5,"forestHES","DMC",0.858849063795238,"McIntosh"
5,"tabula","DMC",0.858849063795238,"McIntosh"
5,"abdiv","DMG",16.0653966279246,"Margalef"
5,"adiv","DMG",16.0653966279246,"Margalef"
5,"agricolae","DMG",35.9864884465511,"Margalef"
5,"ecodive","DMG",16.0653966279246,"Margalef"
5,"tabula","DMG",16.0653966279246,"Margalef"
5,"abdiv","DMN",4.49444101084885,"Menhinick"
5,"adiv","DMN",4.49444101084885,"Menhinick"
5,"ecodive","DMN",4.49444101084885,"Menhinick"
5,"tabula","DMN",4.49444101084885,"Menhinick"
5,"custom","DOD",200,"Odum"
5,"abdiv","DQ",0,"Q-statistic"
5,"ade4","DRAO",0.967826683658466,"Rao"
5,"BAT","DRAO",0.967826683658455,"Rao"
5,"SYNCSA","DRAO",0.967826683658465,"Rao"
5,"abdiv","DSHA",3.96994030027638,"Shannon"
5,"adiv","DSHA",3.96994030027638,"Shannon"
5,"aqp","DSHA",5.72741318383397,"Shannon"
5,"asbio","DSHA",3.96994030027638,"Shannon"
5,"benthos","DSHA",0,"Shannon"
5,"BiodiversityR","DSHA",3.9699403,"Shannon"
5,"biosampleR","DSHA",3.98237326973831,"Shannon"
5,"chemodiv","DSHA",3.96994030027638,"Shannon"
5,"codyn","DSHA",3.96994030027638,"Shannon"
5,"DescTools","DSHA",5.72741318383397,"Shannon"
5,"divDyn","DSHA",3.96994030027638,"Shannon"
5,"divent","DSHA",3.96994030027638,"Shannon"
5,"diverse","DSHA",3.98237326973831,"Shannon"
5,"ecodive","DSHA",3.96994030027638,"Shannon"
5,"EconGeo","DSHA",5.727,"Shannon"
5,"entropart","DSHA",3.96994030027638,"Shannon"
5,"forestmangr","DSHA",3.56,"Shannon"
5,"HardyWeinberg","DSHA",3.96994030027638,"Shannon"
5,"iNEXT","DSHA",3.97,"Shannon"
5,"MCPAN","DSHA",3.96994030027638,"Shannon"
5,"microbiome","DSHA",3.96994030027638,"Shannon"
5,"OTUtable","DSHA",3.96994030027638,"Shannon"
5,"pgirmess","DSHA",5.72741318383397,"Shannon"
5,"SpiecEasi","DSHA",3.96994030027638,"Shannon"
5,"sprex","DSHA",3.96994030027638,"Shannon"
5,"tabula","DSHA",3.96994030027638,"Shannon"
5,"triversity","DSHA",5.72741318383397,"Shannon"
5,"vegan","DSHA",3.96994030027638,"Shannon"
5,"wavethresh","DSHA",-52741.3381191569,"Shannon"
5,"wiqid","DSHA",52.9813677722467,"Shannon"
5,"abdiv","DSP",0.0321733163415351,"Simpson"
5,"agricolae","DSP",0.0321733163415351,"Simpson"
5,"antitrust","DSP",321.733163415351,"Simpson"
5,"benthos","DSP",0.0302530253025303,"Simpson"
5,"breakaway","DSP",0.0321733163415351,"Simpson"
5,"concstats","DSP",0.0321733163415351,"Simpson"
5,"DescTools","DSP",0.0321733163415351,"Simpson"
5,"diverse","DSP",0.0284169902679898,"Simpson"
5,"divseg","DSP",1.03217331634154,"Simpson"
5,"EconGeo","DSP",0.0321733163415351,"Simpson"
5,"hhi","DSP",0.152711111111111,"Simpson"
5,"ineq","DSP",0.0321733163415351,"Simpson"
5,"microbiome","DSP",0.0321733163415351,"Simpson"
5,"PDtoolkit","DSP",0.0321733163415351,"Simpson"
5,"politics","DSP",0.0321733163415351,"Simpson"
5,"REAT","DSP",0.0321733163415351,"Simpson"
5,"sprex","DSP",0.0321733163415351,"Simpson"
5,"tabula","DSP",0.0321733163415351,"Simpson"
5,"triversity","DSP",0.0321733163415351,"Simpson"
5,"abdiv","EBP",0.108910891089109,"Berger-Parker"
5,"agricolae","EBP",0.108910891089109,"Berger-Parker"
5,"BiodiversityR","EBP",0.10891089,"Berger-Parker"
5,"diverse","EBP",0.0953545232273839,"Berger-Parker"
5,"dyvDyn","EBP",0.108910891089109,"Berger-Parker"
5,"ecodive","EBP",0.108910891089109,"Berger-Parker"
5,"microbiome","EBP",0.108910891089109,"Berger-Parker"
5,"tabula","EBP",0.108910891089109,"Berger-Parker"
5,"triversity","EBP",0.108910891089109,"Berger-Parker"
5,"wiqid","EBP",1,"Berger-Parker"
5,"tabula","EBRI",0.861811380518522,"Brillouin evenness"
5,"BAT","EBU",0.55,"Bulla"
5,"microbiome","EBU",0.55,"Bulla"
5,"BAT","ECAM",0.988405842564455,"Camargo"
5,"microbiome","ECAM",0.695284776002353,"Camargo"
5,"codyn","EEQ",0.204957302063589,"NHC EQ"
5,"custom","EEQ",0.0006432378822486,"NHC EQ"
5,"adiv","EEVAR",0.499964715342313,"NHC EVAR"
5,"codyn","EEVAR",0.483150329388917,"NHC EVAR"
5,"custom","EEVAR",0.499964715342313,"NHC EVAR"
5,"microbiome","EEVAR",0.499964715342313,"NHC EVAR"
5,"acid","EGIN",0.811335533553355,"Gini coefficient"
5,"DescTools","EGIN",0.811335533553355,"Gini coefficient"
5,"dplR","EGIN",0.811335533553355,"Gini coefficient"
5,"EconGeo","EGIN",0.811,"Gini coefficient"
5,"giniVarCI","EGIN",0.811335533553355,"Gini coefficient"
5,"ineq","EGIN",0.811335533553355,"Gini coefficient"
5,"microbiome","EGIN",0.811335533553358,"Gini coefficient"
5,"REAT","EGIN",0.811335533553355,"Gini coefficient"
5,"shipunov","EGIN",0.811335533553358,"Gini coefficient"
5,"wINEQ","EGIN",0.811335533553355,"Gini coefficient"
5,"abdiv","EHEI",0.519813677722467,"Heip"
5,"adiv","EHEI",0.519813677722467,"Heip"
5,"custom","EHUL",0.17029702970297,"Hulburt"
5,"benthos","EHURE",0.96974697469747,"Hurlbert PIE"
5,"BiodiversityR","EHURE",0.96974697,"Hurlbert PIE"
5,"mobr","EHURE",0.96974697469747,"Hurlbert PIE"
5,"vegan","EHURE",0.969746974697366,"Hurlbert PIE"
5,"custom","ELR",0.194907559685528,"Ludwig-Reynolds"
5,"abdiv","EMC",0.223589766880709,"McIntosh evenness"
5,"tabula","EMC",0.911309462795152,"McIntosh evenness"
5,"microbiome","EMN",0.17029702970297,"McNaughton"
5,"custom","ENHC",-0.032494943180738,"NHC"
5,"custom","EPAT",0.0748093622322215,"Patten"
5,"abdiv","EPIE",0.860202953701745,"Pielou"
5,"adiv","EPIE",0.860202953701745,"Pielou"
5,"BiodiversityR","EPIE",0.86020295,"Pielou"
5,"breakaway","EPIE",0.860202953701745,"Pielou"
5,"chemodiv","EPIE",0.860202953701745,"Pielou"
5,"diverse","EPIE",0.878606917675807,"Pielou"
5,"forestmangr","EPIE",1,"Pielou"
5,"microbiome","EPIE",0.860202953701745,"Pielou"
5,"OTUtable","EPIE",0.860202953701745,"Pielou"
5,"pctax","EPIE",0.8602,"Pielou"
5,"sprex","EPIE",0.860202953701745,"Pielou"
5,"tabula","EPIE",0.860202953701745,"Pielou"
5,"custom","ESHE",0.524567997745017,"Sheldon"
5,"adiv","ESP",0.307739183424741,"Simpson evenness"
5,"codyn","ESP",0.385194822981579,"Simpson evenness"
5,"sprex","ESP",0.0393063396066968,"Simpson evenness"
5,"tabula","ESP",0.307739183424741,"Simpson evenness"
5,"abdiv","EST",0.445544554455446,"Strong"
5,"adiv","QHIL_0",101,"Hill q=0"
5,"adiv","QHIL_1",52.9813677722467,"Hill q=1"
5,"adiv","QHIL_2",31.0816575258988,"Hill q=2"
5,"adiv","QHIL_3",22.1645873986746,"Hill q=3"
5,"BAT","QHIL_0",101,"Hill q=0"
5,"BAT","QHIL_1",52.9813677722467,"Hill q=1"
5,"BAT","QHIL_2",31.0816575258988,"Hill q=2"
5,"BAT","QHIL_3",22.1645873986746,"Hill q=3"
5,"benthos","QHIL_0",225,"Hill q=0"
5,"benthos","QHIL_1",52.9813677722467,"Hill q=1"
5,"benthos","QHIL_2",31.0816575258988,"Hill q=2"
5,"benthos","QHIL_3",22.1645873986746,"Hill q=3"
5,"breakaway","QHIL_0",101,"Hill q=0"
5,"breakaway","QHIL_1",52.9813677722467,"Hill q=1"
5,"breakaway","QHIL_2",31.0816575258988,"Hill q=2"
5,"breakaway","QHIL_3",22.1645873986746,"Hill q=3"
5,"chemodiv","QHIL_0",101,"Hill q=0"
5,"chemodiv","QHIL_1",52.9813677722467,"Hill q=1"
5,"chemodiv","QHIL_2",31.0816575258988,"Hill q=2"
5,"chemodiv","QHIL_3",22.1645873986746,"Hill q=3"
5,"divDyn","QHIL_2",31.0816575258988,"Hill q=2"
5,"divent","QHIL_0",101,"Hill q=0"
5,"divent","QHIL_1",52.9813677722467,"Hill q=1"
5,"divent","QHIL_2",31.0816575258989,"Hill q=2"
5,"divent","QHIL_3",22.1645873986738,"Hill q=3"
5,"entropart","QHIL_0",101,"Hill q=0"
5,"entropart","QHIL_1",52.9813677722467,"Hill q=1"
5,"entropart","QHIL_2",31.0816575258989,"Hill q=2"
5,"entropart","QHIL_3",22.1645873986744,"Hill q=3"
5,"EntropyEstimation","QHIL_1",58.9866964462338,"Hill q=1"
5,"EntropyEstimation","QHIL_2",33.0545454545456,"Hill q=2"
5,"EntropyEstimation","QHIL_3",23.1663204749121,"Hill q=3"
5,"hilldiv","QHIL_0",101,"Hill q=0"
5,"hilldiv","QHIL_1",52.9817028373506,"Hill q=1"
5,"hilldiv","QHIL_2",31.0816575258988,"Hill q=2"
5,"hilldiv","QHIL_3",22.1645873986746,"Hill q=3"
5,"hillR","QHIL_0",101,"Hill q=0"
5,"hillR","QHIL_1",52.9813677722467,"Hill q=1"
5,"hillR","QHIL_2",31.0816575258988,"Hill q=2"
5,"hillR","QHIL_3",22.1645873986746,"Hill q=3"
5,"sprex","QHIL_0",101,"Hill q=0"
5,"sprex","QHIL_1",52.9813677722467,"Hill q=1"
5,"sprex","QHIL_2",31.0816575258988,"Hill q=2"
5,"sprex","QHIL_3",22.1645873986746,"Hill q=3"
5,"vegan","QHIL_0",101,"Hill q=0"
5,"vegan","QHIL_1",52.9813677722467,"Hill q=1"
5,"vegan","QHIL_2",31.0816575258988,"Hill q=2"
5,"vegan","QHIL_3",22.1645873986746,"Hill q=3"
5,"adiv","QREN_0",4.61512051684126,"Renyi q=0"
5,"adiv","QREN_1",3.96994030027638,"Renyi q=1"
5,"adiv","QREN_2",3.43661785502653,"Renyi q=2"
5,"adiv","QREN_3",3.09849585303051,"Renyi q=3"
5,"BiodiversityR","QREN_0",4.61512051684126,"Renyi q=0"
5,"BiodiversityR","QREN_1",3.96994030027638,"Renyi q=1"
5,"BiodiversityR","QREN_2",3.43661785502653,"Renyi q=2"
5,"BiodiversityR","QREN_3",3.09849585303051,"Renyi q=3"
5,"diverse","QREN_0",4.53259949315326,"Renyi q=0"
5,"diverse","QREN_1",3.98237326973831,"Renyi q=1"
5,"diverse","QREN_2",3.48048416252002,"Renyi q=2"
5,"diverse","QREN_3",3.14451888101324,"Renyi q=3"
5,"EntropyEstimation","QREN_1",4.07731193451825,"Renyi q=1"
5,"EntropyEstimation","QREN_2",3.49815908950496,"Renyi q=2"
5,"EntropyEstimation","QREN_3",3.14269952026201,"Renyi q=3"
5,"seewave","QREN_2",0.634518869468648,"Renyi q=2"
5,"seewave","QREN_3",0.572089817352917,"Renyi q=3"
5,"sprex","QREN_0",4.61512051684126,"Renyi q=0"
5,"sprex","QREN_1",3.96994030027638,"Renyi q=1"
5,"sprex","QREN_2",3.43661785502653,"Renyi q=2"
5,"sprex","QREN_3",3.09849585303051,"Renyi q=3"
5,"statcomp","QREN_1",0.73298868290192,"Renyi q=1"
5,"statcomp","QREN_2",0.63451886040144,"Renyi q=2"
5,"statcomp","QREN_3",0.572089810552511,"Renyi q=3"
5,"vegan","QREN_0",4.61512051684126,"Renyi q=0"
5,"vegan","QREN_1",3.96994030027638,"Renyi q=1"
5,"vegan","QREN_2",3.43661785502653,"Renyi q=2"
5,"vegan","QREN_3",3.09849585303051,"Renyi q=3"
5,"adiv","QTSA_0",100,"Tsallis q=0"
5,"adiv","QTSA_1",3.96994030027638,"Tsallis q=1"
5,"adiv","QTSA_2",0.967826683658465,"Tsallis q=2"
5,"adiv","QTSA_3",0.498982227523801,"Tsallis q=3"
5,"divent","QTSA_0",100,"Tsallis q=0"
5,"divent","QTSA_1",3.96994030027638,"Tsallis q=1"
5,"divent","QTSA_2",0.967826683658465,"Tsallis q=2"
5,"divent","QTSA_3",0.498982227523801,"Tsallis q=3"
5,"entropart","QTSA_0",100,"Tsallis q=0"
5,"entropart","QTSA_1",3.96994030027638,"Tsallis q=1"
5,"entropart","QTSA_2",0.967826683658465,"Tsallis q=2"
5,"entropart","QTSA_3",0.498982227523801,"Tsallis q=3"
5,"EntropyEstimation","QTSA_1",4.07731193451825,"Tsallis q=1"
5,"EntropyEstimation","QTSA_2",0.96974697469747,"Tsallis q=2"
5,"EntropyEstimation","QTSA_3",0.499068343358051,"Tsallis q=3"
5,"vegan","QTSA_0",100,"Tsallis q=0"
5,"vegan","QTSA_1",3.96994030027638,"Tsallis q=1"
5,"vegan","QTSA_2",0.967826683658465,"Tsallis q=2"
5,"vegan","QTSA_3",0.498982227523801,"Tsallis q=3"
5,"BAT","RACE",137.11408821799,"ACE"
5,"ecodive","RACE",137.11408821799,"ACE"
5,"fossil","RACE",115.594594594595,"ACE"
5,"pctax","RACE",137.1141,"ACE"
5,"sprex","RACE",505,"ACE"
5,"tabula","RACE",137.11408821799,"ACE"
5,"vegan","RACE",137.11408821799,"ACE"
5,"wiqid","RACE",137.11408821799,"ACE"
5,"BiodiversityR","RBOO",101,"Bootstrap estimator"
5,"wiqid","RBOO",225,"Bootstrap estimator"
5,"BAT","RC1",136,"Chao 1"
5,"BiodiversityR","RC1",101,"Chao 1"
5,"biosampleR","RC1",116.25,"Chao 1"
5,"iNEXT","RC1",139.042,"Chao 1"
5,"microbiome","RC1",136,"Chao 1"
5,"pctax","RC1",136,"Chao 1"
5,"rareNMtests","RC1",101,"Chao 1"
5,"SpadeR","RC1",101,"Chao 1"
5,"SSP","RC1",101,"Chao 1"
5,"vegan","RC1",136,"Chao 1"
5,"wiqid","RC1",139.117647058824,"Chao 1"
5,"BAT","RC1M",153.278306048427,"Chao 1 modified"
5,"divent","RC1M",139.042166569598,"Chao 1 modified"
5,"ecodive","RC1M",139.117647058824,"Chao 1 modified"
5,"entropart","RC1M",139.042166569598,"Chao 1 modified"
5,"fossil","RC1M",139.117647058824,"Chao 1 modified"
5,"mobr","RC1M",139.042166569598,"Chao 1 modified"
5,"OTUtable","RC1M",139.117647058824,"Chao 1 modified"
5,"tabula","RC1M",139.042166569598,"Chao 1 modified"
5,"wiqid","RC1M",139.117647058824,"Chao 1 modified"
5,"BAT","RCA2",185.508138854611,"Chao 2"
5,"divDyn","RCA2",135.653465346535,"Chao 2"
5,"fossil","RCA2",139.117647058824,"Chao 2"
5,"tabula","RCA2",101,"Chao 2"
5,"wiqid","RCA2",101,"Chao 2"
5,"benthos","RHUR_2",1.96974697469737,"Hurlbert D k=2"
5,"benthos","RHUR_3",2.91110423737639,"Hurlbert D k=3"
5,"divent","RHUR_2",33.054545970357,"Hurlbert D k=2"
5,"divent","RHUR_3",33.4106979094246,"Hurlbert D k=3"
5,"entropart","RHUR_2",1.96974697469736,"Hurlbert D k=2"
5,"entropart","RHUR_3",2.91110423737641,"Hurlbert D k=3"
5,"mobsim","RHUR_2",1.96974697469737,"Hurlbert D k=2"
5,"mobsim","RHUR_3",2.91110423737639,"Hurlbert D k=3"
5,"tabula","RHUR_2",1.96974697467287,"Hurlbert D k=2"
5,"tabula","RHUR_3",2.91110423742002,"Hurlbert D k=3"
5,"vegan","RHUR_2",1.96974697469737,"Hurlbert D k=2"
5,"vegan","RHUR_3",2.91110423737639,"Hurlbert D k=3"
5,"BAT","RICE",188.281135075476,"ICE"
5,"fossil","RICE",115.594594594595,"ICE"
5,"tabula","RICE",101,"ICE"
5,"wiqid","RICE",101,"ICE"
5,"BAT","RJA1",137,"Jackknife 1"
5,"BiodiversityR","RJA1",101,"Jackknife 1"
5,"divent","RJA1",156,"Jackknife 1"
5,"entropart","RJA1",156,"Jackknife 1"
5,"fossil","RJA1",136.928712871287,"Jackknife 1"
5,"SSP","RJA1",101,"Jackknife 1"
5,"tabula","RJA1",3.95090866314536,"Jackknife 1"
5,"wiqid","RJA1",137,"Jackknife 1"
5,"BAT","RJA2",156,"Jackknife 2"
5,"BiodiversityR","RJA2",101,"Jackknife 2"
5,"fossil","RJA2",155.673200534339,"Jackknife 2"
5,"SSP","RJA2",101,"Jackknife 2"
5,"wiqid","RJA2",156,"Jackknife 2"
5,"asbio","RLMD",184.558599945045,NA
5,"sads","RLMD",1.01191232896376,NA
5,"vegan","RLMD",120.711987798309,NA
5,"wiqid","RMM",0,"Michaelis-Menten"
5,"divDyn","RSQ",143.29970285096,"Squares Richness Estimator"
5,"ecodive","RSQ",143.29970285096,"Squares Richness Estimator"
5,"tabula","RSQ",143.29970285096,"Squares Richness Estimator"
6,"custom","RICH",85,"Species richness"
6,"abdiv","D1SP",0.962755679140353,"Simpson's reciprocal"
6,"ade4","D1SP",0.962755679140353,"Simpson's reciprocal"
6,"adiv","D1SP",0.962755679140353,"Simpson's reciprocal"
6,"agricolae","D1SP",0.962755679140353,"Simpson's reciprocal"
6,"asbio","D1SP",0.962755679140353,"Simpson's reciprocal"
6,"BiodiversityR","D1SP",0.96275568,"Simpson's reciprocal"
6,"biosampleR","D1SP",0.971862554992598,"Simpson's reciprocal"
6,"breakaway","D1SP",0.962755679140353,"Simpson's reciprocal"
6,"catsim","D1SP",0.582044444444444,"Simpson's reciprocal"
6,"concstats","D1SP",0.995701983575266,"Simpson's reciprocal"
6,"CUB","D1SP",0.967053695565086,"Simpson's reciprocal"
6,"DescTools","D1SP",0.962755679140353,"Simpson's reciprocal"
6,"divent","D1SP",0.962755679140353,"Simpson's reciprocal"
6,"diverse","D1SP",0.971862554992598,"Simpson's reciprocal"
6,"ecodive","D1SP",0.962755679140353,"Simpson's reciprocal"
6,"entropart","D1SP",0.962755679140353,"Simpson's reciprocal"
6,"lawstat","D1SP",0.849904646324549,"Simpson's reciprocal"
6,"MCPAN","D1SP",0.962755679140353,"Simpson's reciprocal"
6,"microbiome","D1SP",0.962755679140353,"Simpson's reciprocal"
6,"PCRA","D1SP",0.962755679140353,"Simpson's reciprocal"
6,"RoughSets","D1SP",0.962755679140353,"Simpson's reciprocal"
6,"simboot","D1SP",0.962755679140353,"Simpson's reciprocal"
6,"sprex","D1SP",0.962755679140353,"Simpson's reciprocal"
6,"untb","D1SP",0.965098150379137,"Simpson's reciprocal"
6,"vegan","D1SP",0.962755679140353,"Simpson's reciprocal"
6,"abdiv","DBRI",3.48927796830515,"Brillouin"
6,"ecodive","DBRI",3.48927796830515,"Brillouin"
6,"tabula","DBRI",3.48927796830515,"Brillouin"
6,"wiqid","DBRI",32.7622837569311,"Brillouin"
6,"BiodiversityR","DFIS",32.49374161,"Fisher's alpha"
6,"ecodive","DFIS",32.494,"Fisher's alpha"
6,"microbiome","DFIS",32.4937416117501,"Fisher's alpha"
6,"preseqR","DFIS",11.2901540467307,"Fisher's alpha"
6,"sads","DFIS",32.4937387262299,"Fisher's alpha"
6,"vegan","DFIS",32.4937416117501,"Fisher's alpha"
6,"custom","DGLE",14.1172015234226,"Gleason"
6,"custom","DGOO_1_1",3.77657518939042,"Good m1 n1"
6,"custom","DGOO_1_2",0.338586804827137,"Good m1 n2"
6,"custom","DGOO_1_3",1,"Good m1 n3"
6,"custom","DGOO_2_1",0.10909284346255,"Good m2 n1"
6,"custom","DGOO_2_2",1.12151530325414,"Good m2 n2"
6,"custom","DGOO_2_3",1,"Good m2 n3"
6,"custom","DGOO_3_1",0.00625487901069212,"Good m3 n1"
6,"custom","DGOO_3_2",0.0464772120414446,"Good m3 n2"
6,"custom","DGOO_3_3",1,"Good m3 n3"
6,"abdiv","DINVSP",26.8497310977539,"Simpson inverse"
6,"adiv","DINVSP",26.8497310977539,"Simpson inverse"
6,"asbio","DINVSP",26.8497310977539,"Simpson inverse"
6,"BiodiversityR","DINVSP",26.8497311,"Simpson inverse"
6,"breakaway","DINVSP",26.8497310977539,"Simpson inverse"
6,"chemodiv","DINVSP",26.8497310977539,"Simpson inverse"
6,"codyn","DINVSP",7.65822784810127,"Simpson inverse"
6,"divseg","DINVSP",1.03724432085965,"Simpson inverse"
6,"ecodive","DINVSP",26.8497310977539,"Simpson inverse"
6,"microbiome","DINVSP",26.8497310977539,"Simpson inverse"
6,"sprex","DINVSP",26.8497310977539,"Simpson inverse"
6,"vegan","DINVSP",26.8497310977539,"Simpson inverse"
6,"wiqid","DINVSP",26.8497310977539,"Simpson inverse"
6,"custom","DKO",0.220183486238532,"Kothe"
6,"abdiv","DMC",0.848831025592504,"McIntosh"
6,"adiv","DMC",0.848831025592504,"McIntosh"
6,"agricolae","DMC",0.848831025592504,"McIntosh"
6,"ecodive","DMC",0.848831025592504,"McIntosh"
6,"forestHES","DMC",0.848831025592504,"McIntosh"
6,"tabula","DMC",0.848831025592504,"McIntosh"
6,"abdiv","DMG",13.9511167996176,"Margalef"
6,"adiv","DMG",13.9511167996176,"Margalef"
6,"agricolae","DMG",37.2029781323136,"Margalef"
6,"ecodive","DMG",13.9511167996176,"Margalef"
6,"tabula","DMG",13.9511167996176,"Margalef"
6,"abdiv","DMN",4.18764943219825,"Menhinick"
6,"adiv","DMN",4.18764943219825,"Menhinick"
6,"ecodive","DMN",4.18764943219825,"Menhinick"
6,"tabula","DMN",4.18764943219825,"Menhinick"
6,"custom","DOD",206.31067961165,"Odum"
6,"abdiv","DQ",0,"Q-statistic"
6,"ade4","DRAO",0.962755679140352,"Rao"
6,"BAT","DRAO",0.962755679140338,"Rao"
6,"SYNCSA","DRAO",0.962755679140352,"Rao"
6,"abdiv","DSHA",3.77657518939042,"Shannon"
6,"adiv","DSHA",3.77657518939042,"Shannon"
6,"aqp","DSHA",5.44844629727786,"Shannon"
6,"asbio","DSHA",3.77657518939042,"Shannon"
6,"benthos","DSHA",0,"Shannon"
6,"BiodiversityR","DSHA",3.77657519,"Shannon"
6,"biosampleR","DSHA",4.01749389661912,"Shannon"
6,"chemodiv","DSHA",3.77657518939042,"Shannon"
6,"codyn","DSHA",3.77657518939042,"Shannon"
6,"DescTools","DSHA",5.44844629727786,"Shannon"
6,"divDyn","DSHA",3.77657518939042,"Shannon"
6,"divent","DSHA",3.77657518939042,"Shannon"
6,"diverse","DSHA",4.01749389661912,"Shannon"
6,"ecodive","DSHA",3.77657518939042,"Shannon"
6,"EconGeo","DSHA",5.448,"Shannon"
6,"entropart","DSHA",3.77657518939042,"Shannon"
6,"forestmangr","DSHA",3.56,"Shannon"
6,"HardyWeinberg","DSHA",3.77657518939042,"Shannon"
6,"iNEXT","DSHA",3.777,"Shannon"
6,"MCPAN","DSHA",3.77657518939042,"Shannon"
6,"microbiome","DSHA",3.77657518939042,"Shannon"
6,"OTUtable","DSHA",3.77657518939042,"Shannon"
6,"pgirmess","DSHA",5.44844629727786,"Shannon"
6,"SpiecEasi","DSHA",3.77657518939042,"Shannon"
6,"sprex","DSHA",3.77657518939042,"Shannon"
6,"tabula","DSHA",3.77657518939042,"Shannon"
6,"triversity","DSHA",5.44844629727786,"Shannon"
6,"vegan","DSHA",3.77657518939042,"Shannon"
6,"wavethresh","DSHA",-39094.1079877613,"Shannon"
6,"wiqid","DSHA",43.6662367642217,"Shannon"
6,"abdiv","DSP",0.0372443208596475,"Simpson"
6,"agricolae","DSP",0.0372443208596475,"Simpson"
6,"antitrust","DSP",372.443208596475,"Simpson"
6,"benthos","DSP",0.0349018496208632,"Simpson"
6,"breakaway","DSP",0.0372443208596475,"Simpson"
6,"concstats","DSP",0.0372443208596475,"Simpson"
6,"DescTools","DSP",0.0372443208596475,"Simpson"
6,"diverse","DSP",0.0259135032339634,"Simpson"
6,"divseg","DSP",1.03724432085965,"Simpson"
6,"EconGeo","DSP",0.0372443208596475,"Simpson"
6,"hhi","DSP",0.130578512396694,"Simpson"
6,"ineq","DSP",0.0372443208596475,"Simpson"
6,"microbiome","DSP",0.0372443208596475,"Simpson"
6,"PDtoolkit","DSP",0.0372443208596475,"Simpson"
6,"politics","DSP",0.0372443208596475,"Simpson"
6,"REAT","DSP",0.0372443208596475,"Simpson"
6,"sprex","DSP",0.0372443208596475,"Simpson"
6,"tabula","DSP",0.0372443208596475,"Simpson"
6,"triversity","DSP",0.0372443208596475,"Simpson"
6,"abdiv","EBP",0.106796116504854,"Berger-Parker"
6,"agricolae","EBP",0.106796116504854,"Berger-Parker"
6,"BiodiversityR","EBP",0.10679612,"Berger-Parker"
6,"diverse","EBP",0.0753424657534247,"Berger-Parker"
6,"dyvDyn","EBP",0.106796116504854,"Berger-Parker"
6,"ecodive","EBP",0.106796116504854,"Berger-Parker"
6,"microbiome","EBP",0.106796116504854,"Berger-Parker"
6,"tabula","EBP",0.106796116504854,"Berger-Parker"
6,"triversity","EBP",0.106796116504854,"Berger-Parker"
6,"wiqid","EBP",1,"Berger-Parker"
6,"tabula","EBRI",0.852366883033099,"Brillouin evenness"
6,"BAT","EBU",0.522249190938511,"Bulla"
6,"microbiome","EBU",0.522249190938511,"Bulla"
6,"BAT","ECAM",0.985888335916891,"Camargo"
6,"microbiome","ECAM",0.788406624785837,"Camargo"
6,"codyn","EEQ",0.233604429967606,"NHC EQ"
6,"custom","EEQ",0.00091465569720693,"NHC EQ"
6,"adiv","EEVAR",0.485295357639051,"NHC EVAR"
6,"codyn","EEVAR",0.598752155494775,"NHC EVAR"
6,"custom","EEVAR",0.485295357639051,"NHC EVAR"
6,"microbiome","EEVAR",0.485295357639051,"NHC EVAR"
6,"acid","EGIN",0.846127292340885,"Gini coefficient"
6,"DescTools","EGIN",0.846127292340885,"Gini coefficient"
6,"dplR","EGIN",0.846127292340885,"Gini coefficient"
6,"EconGeo","EGIN",0.846,"Gini coefficient"
6,"giniVarCI","EGIN",0.846127292340885,"Gini coefficient"
6,"ineq","EGIN",0.846127292340884,"Gini coefficient"
6,"microbiome","EGIN",0.846127292340887,"Gini coefficient"
6,"REAT","EGIN",0.846127292340885,"Gini coefficient"
6,"shipunov","EGIN",0.846127292340887,"Gini coefficient"
6,"wINEQ","EGIN",0.846127292340885,"Gini coefficient"
6,"abdiv","EHEI",0.507931390050259,"Heip"
6,"adiv","EHEI",0.507931390050259,"Heip"
6,"custom","EHUL",0.182038834951456,"Hulburt"
6,"benthos","EHURE",0.965098150379137,"Hurlbert PIE"
6,"BiodiversityR","EHURE",0.96509815,"Hurlbert PIE"
6,"mobr","EHURE",0.965098150379137,"Hurlbert PIE"
6,"vegan","EHURE",0.965098150378704,"Hurlbert PIE"
6,"custom","ELR",0.191237033081926,"Ludwig-Reynolds"
6,"abdiv","EMC",0.242317021898345,"McIntosh evenness"
6,"tabula","EMC",0.905194220881266,"McIntosh evenness"
6,"microbiome","EMN",0.182038834951456,"McNaughton"
6,"custom","ENHC",-0.0388924592341985,"NHC"
6,"custom","EPAT",0.209514705430753,"Patten"
6,"abdiv","EPIE",0.85007239401769,"Pielou"
6,"adiv","EPIE",0.85007239401769,"Pielou"
6,"BiodiversityR","EPIE",0.85007239,"Pielou"
6,"breakaway","EPIE",0.85007239401769,"Pielou"
6,"chemodiv","EPIE",0.85007239401769,"Pielou"
6,"diverse","EPIE",0.876231710542907,"Pielou"
6,"forestmangr","EPIE",1,"Pielou"
6,"microbiome","EPIE",0.85007239401769,"Pielou"
6,"OTUtable","EPIE",0.85007239401769,"Pielou"
6,"pctax","EPIE",0.8501,"Pielou"
6,"sprex","EPIE",0.85007239401769,"Pielou"
6,"tabula","EPIE",0.85007239401769,"Pielou"
6,"custom","ESHE",0.513720432520256,"Sheldon"
6,"adiv","ESP",0.31587918938534,"Simpson evenness"
6,"codyn","ESP",0.478639240506329,"Simpson evenness"
6,"sprex","ESP",0.0444302963457697,"Simpson evenness"
6,"tabula","ESP",0.31587918938534,"Simpson evenness"
6,"abdiv","EST",0.472130211307824,"Strong"
6,"adiv","QHIL_0",85,"Hill q=0"
6,"adiv","QHIL_1",43.6662367642217,"Hill q=1"
6,"adiv","QHIL_2",26.8497310977539,"Hill q=2"
6,"adiv","QHIL_3",20.3521701377439,"Hill q=3"
6,"BAT","QHIL_0",85,"Hill q=0"
6,"BAT","QHIL_1",43.6662367642217,"Hill q=1"
6,"BAT","QHIL_2",26.8497310977539,"Hill q=2"
6,"BAT","QHIL_3",20.3521701377439,"Hill q=3"
6,"benthos","QHIL_0",225,"Hill q=0"
6,"benthos","QHIL_1",43.6662367642217,"Hill q=1"
6,"benthos","QHIL_2",26.8497310977539,"Hill q=2"
6,"benthos","QHIL_3",20.3521701377439,"Hill q=3"
6,"breakaway","QHIL_0",85,"Hill q=0"
6,"breakaway","QHIL_1",43.6662367642217,"Hill q=1"
6,"breakaway","QHIL_2",26.8497310977539,"Hill q=2"
6,"breakaway","QHIL_3",20.3521701377439,"Hill q=3"
6,"chemodiv","QHIL_0",85,"Hill q=0"
6,"chemodiv","QHIL_1",43.6662367642217,"Hill q=1"
6,"chemodiv","QHIL_2",26.8497310977539,"Hill q=2"
6,"chemodiv","QHIL_3",20.3521701377439,"Hill q=3"
6,"divDyn","QHIL_2",26.8497310977539,"Hill q=2"
6,"divent","QHIL_0",85,"Hill q=0"
6,"divent","QHIL_1",43.6662367642217,"Hill q=1"
6,"divent","QHIL_2",26.8497310977539,"Hill q=2"
6,"divent","QHIL_3",20.3521701377438,"Hill q=3"
6,"entropart","QHIL_0",85,"Hill q=0"
6,"entropart","QHIL_1",43.6662367642217,"Hill q=1"
6,"entropart","QHIL_2",26.8497310977539,"Hill q=2"
6,"entropart","QHIL_3",20.352170137744,"Hill q=3"
6,"EntropyEstimation","QHIL_1",48.7988754954098,"Hill q=1"
6,"EntropyEstimation","QHIL_2",28.6517766497463,"Hill q=2"
6,"EntropyEstimation","QHIL_3",21.4639963064249,"Hill q=3"
6,"hilldiv","QHIL_0",85,"Hill q=0"
6,"hilldiv","QHIL_1",43.6665070873951,"Hill q=1"
6,"hilldiv","QHIL_2",26.8497310977539,"Hill q=2"
6,"hilldiv","QHIL_3",20.3521701377439,"Hill q=3"
6,"hillR","QHIL_0",85,"Hill q=0"
6,"hillR","QHIL_1",43.6662367642217,"Hill q=1"
6,"hillR","QHIL_2",26.8497310977539,"Hill q=2"
6,"hillR","QHIL_3",20.3521701377439,"Hill q=3"
6,"sprex","QHIL_0",85,"Hill q=0"
6,"sprex","QHIL_1",43.6662367642217,"Hill q=1"
6,"sprex","QHIL_2",26.8497310977539,"Hill q=2"
6,"sprex","QHIL_3",20.3521701377439,"Hill q=3"
6,"vegan","QHIL_0",85,"Hill q=0"
6,"vegan","QHIL_1",43.6662367642217,"Hill q=1"
6,"vegan","QHIL_2",26.8497310977539,"Hill q=2"
6,"vegan","QHIL_3",20.3521701377439,"Hill q=3"
6,"adiv","QREN_0",4.44265125649032,"Renyi q=0"
6,"adiv","QREN_1",3.77657518939042,"Renyi q=1"
6,"adiv","QREN_2",3.29025580592349,"Renyi q=2"
6,"adiv","QREN_3",3.01318754687827,"Renyi q=3"
6,"BiodiversityR","QREN_0",4.44265125649032,"Renyi q=0"
6,"BiodiversityR","QREN_1",3.77657518939042,"Renyi q=1"
6,"BiodiversityR","QREN_2",3.29025580592349,"Renyi q=2"
6,"BiodiversityR","QREN_3",3.01318754687827,"Renyi q=3"
6,"diverse","QREN_0",4.58496747867057,"Renyi q=0"
6,"diverse","QREN_1",4.01749389661912,"Renyi q=1"
6,"diverse","QREN_2",3.57065402717494,"Renyi q=2"
6,"diverse","QREN_3",3.30640325211524,"Renyi q=3"
6,"EntropyEstimation","QREN_1",3.88770726946676,"Renyi q=1"
6,"EntropyEstimation","QREN_2",3.35521545344562,"Renyi q=2"
6,"EntropyEstimation","QREN_3",3.06637694104098,"Renyi q=3"
6,"seewave","QREN_2",0.607495361892752,"Renyi q=2"
6,"seewave","QREN_3",0.556338947598301,"Renyi q=3"
6,"sprex","QREN_0",4.44265125649032,"Renyi q=0"
6,"sprex","QREN_1",3.77657518939042,"Renyi q=1"
6,"sprex","QREN_2",3.29025580592349,"Renyi q=2"
6,"sprex","QREN_3",3.01318754687827,"Renyi q=3"
6,"statcomp","QREN_1",0.697286776266796,"Renyi q=1"
6,"statcomp","QREN_2",0.607495349344764,"Renyi q=2"
6,"statcomp","QREN_3",0.55633893818731,"Renyi q=3"
6,"vegan","QREN_0",4.44265125649032,"Renyi q=0"
6,"vegan","QREN_1",3.77657518939042,"Renyi q=1"
6,"vegan","QREN_2",3.29025580592349,"Renyi q=2"
6,"vegan","QREN_3",3.01318754687827,"Renyi q=3"
6,"adiv","QTSA_0",84,"Tsallis q=0"
6,"adiv","QTSA_1",3.77657518939042,"Tsallis q=1"
6,"adiv","QTSA_2",0.962755679140353,"Tsallis q=2"
6,"adiv","QTSA_3",0.498792885254048,"Tsallis q=3"
6,"divent","QTSA_0",84,"Tsallis q=0"
6,"divent","QTSA_1",3.77657518939042,"Tsallis q=1"
6,"divent","QTSA_2",0.962755679140353,"Tsallis q=2"
6,"divent","QTSA_3",0.498792885254048,"Tsallis q=3"
6,"entropart","QTSA_0",84,"Tsallis q=0"
6,"entropart","QTSA_1",3.77657518939042,"Tsallis q=1"
6,"entropart","QTSA_2",0.962755679140353,"Tsallis q=2"
6,"entropart","QTSA_3",0.498792885254048,"Tsallis q=3"
6,"EntropyEstimation","QTSA_1",3.88770726946676,"Tsallis q=1"
6,"EntropyEstimation","QTSA_2",0.965098150379137,"Tsallis q=2"
6,"EntropyEstimation","QTSA_3",0.498914702420357,"Tsallis q=3"
6,"vegan","QTSA_0",84,"Tsallis q=0"
6,"vegan","QTSA_1",3.77657518939042,"Tsallis q=1"
6,"vegan","QTSA_2",0.962755679140353,"Tsallis q=2"
6,"vegan","QTSA_3",0.498792885254048,"Tsallis q=3"
6,"BAT","RACE",128.220438817691,"ACE"
6,"ecodive","RACE",128.220438817691,"ACE"
6,"fossil","RACE",100.361445783133,"ACE"
6,"pctax","RACE",128.2204,"ACE"
6,"sprex","RACE",412,"ACE"
6,"tabula","RACE",128.220438817691,"ACE"
6,"vegan","RACE",128.220438817691,"ACE"
6,"wiqid","RACE",128.220438817691,"ACE"
6,"BiodiversityR","RBOO",85,"Bootstrap estimator"
6,"wiqid","RBOO",225,"Bootstrap estimator"
6,"BAT","RC1",116.166666666667,"Chao 1"
6,"BiodiversityR","RC1",85,"Chao 1"
6,"biosampleR","RC1",161.909090909091,"Chao 1"
6,"iNEXT","RC1",118.917,"Chao 1"
6,"microbiome","RC1",116.166666666667,"Chao 1"
6,"pctax","RC1",116.1667,"Chao 1"
6,"rareNMtests","RC1",85,"Chao 1"
6,"SpadeR","RC1",85,"Chao 1"
6,"SSP","RC1",85,"Chao 1"
6,"vegan","RC1",116.166666666667,"Chao 1"
6,"wiqid","RC1",119,"Chao 1"
6,"BAT","RC1M",134.753333333333,"Chao 1 modified"
6,"divent","RC1M",118.917475728155,"Chao 1 modified"
6,"ecodive","RC1M",119,"Chao 1 modified"
6,"entropart","RC1M",118.917475728155,"Chao 1 modified"
6,"fossil","RC1M",119,"Chao 1 modified"
6,"mobr","RC1M",118.917475728155,"Chao 1 modified"
6,"OTUtable","RC1M",119,"Chao 1 modified"
6,"tabula","RC1M",118.917475728155,"Chao 1 modified"
6,"wiqid","RC1M",119,"Chao 1 modified"
6,"BAT","RCA2",191.093436977052,"Chao 2"
6,"divDyn","RCA2",115.8,"Chao 2"
6,"fossil","RCA2",119,"Chao 2"
6,"tabula","RCA2",85,"Chao 2"
6,"wiqid","RCA2",85,"Chao 2"
6,"benthos","RHUR_2",1.9650981503787,"Hurlbert D k=2"
6,"benthos","RHUR_3",2.89746504629621,"Hurlbert D k=3"
6,"divent","RHUR_2",28.6517571982644,"Hurlbert D k=2"
6,"divent","RHUR_3",28.921077865596,"Hurlbert D k=3"
6,"entropart","RHUR_2",1.96509815037871,"Hurlbert D k=2"
6,"entropart","RHUR_3",2.89746504629622,"Hurlbert D k=3"
6,"mobsim","RHUR_2",1.9650981503787,"Hurlbert D k=2"
6,"mobsim","RHUR_3",2.89746504629621,"Hurlbert D k=3"
6,"tabula","RHUR_2",1.96509815036966,"Hurlbert D k=2"
6,"tabula","RHUR_3",2.89746504632647,"Hurlbert D k=3"
6,"vegan","RHUR_2",1.9650981503787,"Hurlbert D k=2"
6,"vegan","RHUR_3",2.89746504629621,"Hurlbert D k=3"
6,"BAT","RICE",190.961890065905,"ICE"
6,"fossil","RICE",100.361445783133,"ICE"
6,"tabula","RICE",85,"ICE"
6,"wiqid","RICE",85,"ICE"
6,"BAT","RJA1",119,"Jackknife 1"
6,"BiodiversityR","RJA1",85,"Jackknife 1"
6,"divent","RJA1",136,"Jackknife 1"
6,"entropart","RJA1",136,"Jackknife 1"
6,"fossil","RJA1",118.917475728155,"Jackknife 1"
6,"SSP","RJA1",85,"Jackknife 1"
6,"tabula","RJA1",3.7534337810357,"Jackknife 1"
6,"wiqid","RJA1",119,"Jackknife 1"
6,"BAT","RJA2",136,"Jackknife 2"
6,"BiodiversityR","RJA2",85,"Jackknife 2"
6,"fossil","RJA2",135.628540382208,"Jackknife 2"
6,"SSP","RJA2",85,"Jackknife 2"
6,"wiqid","RJA2",136,"Jackknife 2"
6,"asbio","RLMD",134.219203493835,NA
6,"sads","RLMD",0.947215843134564,NA
6,"vegan","RLMD",114.996823992837,NA
6,"wiqid","RMM",0,"Michaelis-Menten"
6,"divDyn","RSQ",128.800160619464,"Squares Richness Estimator"
6,"ecodive","RSQ",128.800160619464,"Squares Richness Estimator"
6,"tabula","RSQ",128.800160619464,"Squares Richness Estimator"
7,"custom","RICH",82,"Species richness"
7,"abdiv","D1SP",0.967201368343195,"Simpson's reciprocal"
7,"ade4","D1SP",0.967201368343195,"Simpson's reciprocal"
7,"adiv","D1SP",0.967201368343195,"Simpson's reciprocal"
7,"agricolae","D1SP",0.967201368343195,"Simpson's reciprocal"
7,"asbio","D1SP",0.967201368343195,"Simpson's reciprocal"
7,"BiodiversityR","D1SP",0.96720137,"Simpson's reciprocal"
7,"biosampleR","D1SP",0.970905717658964,"Simpson's reciprocal"
7,"breakaway","D1SP",0.967201368343195,"Simpson's reciprocal"
7,"catsim","D1SP",0.573155555555556,"Simpson's reciprocal"
7,"concstats","D1SP",0.995682136748468,"Simpson's reciprocal"
7,"CUB","D1SP",0.971519231594727,"Simpson's reciprocal"
7,"DescTools","D1SP",0.967201368343195,"Simpson's reciprocal"
7,"divent","D1SP",0.967201368343195,"Simpson's reciprocal"
7,"diverse","D1SP",0.970905717658964,"Simpson's reciprocal"
7,"ecodive","D1SP",0.967201368343195,"Simpson's reciprocal"
7,"entropart","D1SP",0.967201368343195,"Simpson's reciprocal"
7,"lawstat","D1SP",0.843535370879121,"Simpson's reciprocal"
7,"MCPAN","D1SP",0.967201368343195,"Simpson's reciprocal"
7,"microbiome","D1SP",0.967201368343195,"Simpson's reciprocal"
7,"PCRA","D1SP",0.967201368343195,"Simpson's reciprocal"
7,"RoughSets","D1SP",0.967201368343195,"Simpson's reciprocal"
7,"simboot","D1SP",0.967201368343195,"Simpson's reciprocal"
7,"sprex","D1SP",0.967201368343195,"Simpson's reciprocal"
7,"untb","D1SP",0.969531974050046,"Simpson's reciprocal"
7,"vegan","D1SP",0.967201368343195,"Simpson's reciprocal"
7,"abdiv","DBRI",3.55245782533055,"Brillouin"
7,"ecodive","DBRI",3.55245782533055,"Brillouin"
7,"tabula","DBRI",3.55245782533055,"Brillouin"
7,"wiqid","DBRI",34.8989877793429,"Brillouin"
7,"BiodiversityR","DFIS",30.58382774,"Fisher's alpha"
7,"ecodive","DFIS",30.584,"Fisher's alpha"
7,"microbiome","DFIS",30.5838277394364,"Fisher's alpha"
7,"preseqR","DFIS",10.1644939310574,"Fisher's alpha"
7,"sads","DFIS",30.5838235738628,"Fisher's alpha"
7,"vegan","DFIS",30.5838277394364,"Fisher's alpha"
7,"custom","DGLE",13.5971280975866,"Gleason"
7,"custom","DGOO_1_1",3.83681098928965,"Good m1 n1"
7,"custom","DGOO_1_2",0.329807211195298,"Good m1 n2"
7,"custom","DGOO_1_3",1,"Good m1 n3"
7,"custom","DGOO_2_1",0.101545758094218,"Good m2 n1"
7,"custom","DGOO_2_2",1.13043452864735,"Good m2 n2"
7,"custom","DGOO_2_3",1,"Good m2 n3"
7,"custom","DGOO_3_1",0.00493506557871291,"Good m3 n1"
7,"custom","DGOO_3_2",0.0414740955370562,"Good m3 n2"
7,"custom","DGOO_3_3",1,"Good m3 n3"
7,"abdiv","DINVSP",30.4890768146582,"Simpson inverse"
7,"adiv","DINVSP",30.4890768146582,"Simpson inverse"
7,"asbio","DINVSP",30.4890768146582,"Simpson inverse"
7,"BiodiversityR","DINVSP",30.48907681,"Simpson inverse"
7,"breakaway","DINVSP",30.4890768146582,"Simpson inverse"
7,"chemodiv","DINVSP",30.4890768146582,"Simpson inverse"
7,"codyn","DINVSP",5.39550561797753,"Simpson inverse"
7,"divseg","DINVSP",1.0327986316568,"Simpson inverse"
7,"ecodive","DINVSP",30.4890768146582,"Simpson inverse"
7,"microbiome","DINVSP",30.4890768146582,"Simpson inverse"
7,"sprex","DINVSP",30.4890768146582,"Simpson inverse"
7,"vegan","DINVSP",30.4890768146582,"Simpson inverse"
7,"wiqid","DINVSP",30.4890768146582,"Simpson inverse"
7,"custom","DKO",0.247706422018349,"Kothe"
7,"abdiv","DMC",0.861115748087731,"McIntosh"
7,"adiv","DMC",0.861115748087731,"McIntosh"
7,"agricolae","DMC",0.861115748087731,"McIntosh"
7,"ecodive","DMC",0.861115748087731,"McIntosh"
7,"forestHES","DMC",0.861115748087731,"McIntosh"
7,"tabula","DMC",0.861115748087731,"McIntosh"
7,"abdiv","DMG",13.4313094622502,"Margalef"
7,"adiv","DMG",13.4313094622502,"Margalef"
7,"agricolae","DMG",37.1433743153586,"Margalef"
7,"ecodive","DMG",13.4313094622502,"Margalef"
7,"tabula","DMG",13.4313094622502,"Margalef"
7,"abdiv","DMN",4.02038077033277,"Menhinick"
7,"adiv","DMN",4.02038077033277,"Menhinick"
7,"ecodive","DMN",4.02038077033277,"Menhinick"
7,"tabula","DMN",4.02038077033277,"Menhinick"
7,"custom","DOD",197.115384615385,"Odum"
7,"abdiv","DQ",0,"Q-statistic"
7,"ade4","DRAO",0.967201368343195,"Rao"
7,"BAT","DRAO",0.967201368343172,"Rao"
7,"SYNCSA","DRAO",0.967201368343195,"Rao"
7,"abdiv","DSHA",3.83681098928965,"Shannon"
7,"adiv","DSHA",3.83681098928965,"Shannon"
7,"aqp","DSHA",5.53534818707645,"Shannon"
7,"asbio","DSHA",3.83681098928965,"Shannon"
7,"benthos","DSHA",0,"Shannon"
7,"BiodiversityR","DSHA",3.83681099,"Shannon"
7,"biosampleR","DSHA",3.95663477069268,"Shannon"
7,"chemodiv","DSHA",3.83681098928965,"Shannon"
7,"codyn","DSHA",3.83681098928965,"Shannon"
7,"DescTools","DSHA",5.53534818707645,"Shannon"
7,"divDyn","DSHA",3.83681098928965,"Shannon"
7,"divent","DSHA",3.83681098928965,"Shannon"
7,"diverse","DSHA",3.95663477069268,"Shannon"
7,"ecodive","DSHA",3.83681098928965,"Shannon"
7,"EconGeo","DSHA",5.535,"Shannon"
7,"entropart","DSHA",3.83681098928965,"Shannon"
7,"forestmangr","DSHA",3.56,"Shannon"
7,"HardyWeinberg","DSHA",3.83681098928965,"Shannon"
7,"iNEXT","DSHA",3.837,"Shannon"
7,"MCPAN","DSHA",3.83681098928965,"Shannon"
7,"microbiome","DSHA",3.83681098928965,"Shannon"
7,"OTUtable","DSHA",3.83681098928965,"Shannon"
7,"pgirmess","DSHA",5.53534818707645,"Shannon"
7,"SpiecEasi","DSHA",3.83681098928965,"Shannon"
7,"sprex","DSHA",3.83681098928965,"Shannon"
7,"tabula","DSHA",3.83681098928965,"Shannon"
7,"triversity","DSHA",5.53534818707645,"Shannon"
7,"vegan","DSHA",3.83681098928965,"Shannon"
7,"wavethresh","DSHA",-33314.13364898,"Shannon"
7,"wiqid","DSHA",46.3773405293508,"Shannon"
7,"abdiv","DSP",0.0327986316568047,"Simpson"
7,"agricolae","DSP",0.0327986316568047,"Simpson"
7,"antitrust","DSP",327.986316568047,"Simpson"
7,"benthos","DSP",0.0304680259499537,"Simpson"
7,"breakaway","DSP",0.0327986316568047,"Simpson"
7,"concstats","DSP",0.0327986316568047,"Simpson"
7,"DescTools","DSP",0.0327986316568047,"Simpson"
7,"diverse","DSP",0.0269881961855931,"Simpson"
7,"divseg","DSP",1.0327986316568,"Simpson"
7,"EconGeo","DSP",0.0327986316568047,"Simpson"
7,"hhi","DSP",0.185339441899209,"Simpson"
7,"ineq","DSP",0.0327986316568047,"Simpson"
7,"microbiome","DSP",0.0327986316568047,"Simpson"
7,"PDtoolkit","DSP",0.0327986316568047,"Simpson"
7,"politics","DSP",0.0327986316568047,"Simpson"
7,"REAT","DSP",0.0327986316568047,"Simpson"
7,"sprex","DSP",0.0327986316568047,"Simpson"
7,"tabula","DSP",0.0327986316568047,"Simpson"
7,"triversity","DSP",0.0327986316568047,"Simpson"
7,"abdiv","EBP",0.0913461538461538,"Berger-Parker"
7,"agricolae","EBP",0.0913461538461538,"Berger-Parker"
7,"BiodiversityR","EBP",0.09134615,"Berger-Parker"
7,"diverse","EBP",0.0714285714285714,"Berger-Parker"
7,"dyvDyn","EBP",0.0913461538461538,"Berger-Parker"
7,"ecodive","EBP",0.0913461538461538,"Berger-Parker"
7,"microbiome","EBP",0.0913461538461538,"Berger-Parker"
7,"tabula","EBP",0.0913461538461538,"Berger-Parker"
7,"triversity","EBP",0.0913461538461538,"Berger-Parker"
7,"wiqid","EBP",1,"Berger-Parker"
7,"tabula","EBRI",0.872708492393004,"Brillouin evenness"
7,"BAT","EBU",0.566061253561254,"Bulla"
7,"microbiome","EBU",0.566061253561254,"Bulla"
7,"BAT","ECAM",0.986163227016885,"Camargo"
7,"microbiome","ECAM",0.75342987804878,"Camargo"
7,"codyn","EEQ",0.216271756681993,"NHC EQ"
7,"custom","EEQ",0.00099320562108504,"NHC EQ"
7,"adiv","EEVAR",0.49650923863781,"NHC EVAR"
7,"codyn","EEVAR",0.59119423227001,"NHC EVAR"
7,"custom","EEVAR",0.49650923863781,"NHC EVAR"
7,"microbiome","EEVAR",0.49650923863781,"NHC EVAR"
7,"acid","EGIN",0.839786324786325,"Gini coefficient"
7,"DescTools","EGIN",0.839786324786325,"Gini coefficient"
7,"dplR","EGIN",0.839786324786325,"Gini coefficient"
7,"EconGeo","EGIN",0.84,"Gini coefficient"
7,"giniVarCI","EGIN",0.839786324786325,"Gini coefficient"
7,"ineq","EGIN",0.839786324786325,"Gini coefficient"
7,"microbiome","EGIN",0.839786324786324,"Gini coefficient"
7,"REAT","EGIN",0.839786324786325,"Gini coefficient"
7,"shipunov","EGIN",0.839786324786324,"Gini coefficient"
7,"wINEQ","EGIN",0.839786324786325,"Gini coefficient"
7,"abdiv","EHEI",0.560214080609269,"Heip"
7,"adiv","EHEI",0.560214080609269,"Heip"
7,"custom","EHUL",0.15625,"Hulburt"
7,"benthos","EHURE",0.969531974050046,"Hurlbert PIE"
7,"BiodiversityR","EHURE",0.96953197,"Hurlbert PIE"
7,"mobr","EHURE",0.969531974050046,"Hurlbert PIE"
7,"vegan","EHURE",0.969531974050136,"Hurlbert PIE"
7,"custom","ELR",0.210632964406855,"Ludwig-Reynolds"
7,"abdiv","EMC",0.224812116213492,"McIntosh evenness"
7,"tabula","EMC",0.920554290069449,"McIntosh evenness"
7,"microbiome","EMN",0.15625,"McNaughton"
7,"custom","ENHC",-0.0407439539700222,"NHC"
7,"custom","EPAT",0.167552202158645,"Patten"
7,"abdiv","EPIE",0.870672891555682,"Pielou"
7,"adiv","EPIE",0.870672891555682,"Pielou"
7,"BiodiversityR","EPIE",0.87067289,"Pielou"
7,"breakaway","EPIE",0.870672891555682,"Pielou"
7,"chemodiv","EPIE",0.870672891555682,"Pielou"
7,"diverse","EPIE",0.872928388371705,"Pielou"
7,"forestmangr","EPIE",1,"Pielou"
7,"microbiome","EPIE",0.870672891555682,"Pielou"
7,"OTUtable","EPIE",0.870672891555682,"Pielou"
7,"pctax","EPIE",0.8707,"Pielou"
7,"sprex","EPIE",0.870672891555682,"Pielou"
7,"tabula","EPIE",0.870672891555682,"Pielou"
7,"custom","ESHE",0.565577323528669,"Sheldon"
7,"adiv","ESP",0.371818009934856,"Simpson evenness"
7,"codyn","ESP",0.449625468164794,"Simpson evenness"
7,"sprex","ESP",0.0467903779181664,"Simpson evenness"
7,"tabula","ESP",0.371818009934856,"Simpson evenness"
7,"abdiv","EST",0.428646810506567,"Strong"
7,"adiv","QHIL_0",82,"Hill q=0"
7,"adiv","QHIL_1",46.3773405293508,"Hill q=1"
7,"adiv","QHIL_2",30.4890768146582,"Hill q=2"
7,"adiv","QHIL_3",23.7384709996454,"Hill q=3"
7,"BAT","QHIL_0",82,"Hill q=0"
7,"BAT","QHIL_1",46.3773405293508,"Hill q=1"
7,"BAT","QHIL_2",30.4890768146582,"Hill q=2"
7,"BAT","QHIL_3",23.7384709996454,"Hill q=3"
7,"benthos","QHIL_0",225,"Hill q=0"
7,"benthos","QHIL_1",46.3773405293508,"Hill q=1"
7,"benthos","QHIL_2",30.4890768146582,"Hill q=2"
7,"benthos","QHIL_3",23.7384709996454,"Hill q=3"
7,"breakaway","QHIL_0",82,"Hill q=0"
7,"breakaway","QHIL_1",46.3773405293508,"Hill q=1"
7,"breakaway","QHIL_2",30.4890768146582,"Hill q=2"
7,"breakaway","QHIL_3",23.7384709996454,"Hill q=3"
7,"chemodiv","QHIL_0",82,"Hill q=0"
7,"chemodiv","QHIL_1",46.3773405293508,"Hill q=1"
7,"chemodiv","QHIL_2",30.4890768146582,"Hill q=2"
7,"chemodiv","QHIL_3",23.7384709996454,"Hill q=3"
7,"divDyn","QHIL_2",30.4890768146582,"Hill q=2"
7,"divent","QHIL_0",82,"Hill q=0"
7,"divent","QHIL_1",46.3773405293508,"Hill q=1"
7,"divent","QHIL_2",30.4890768146582,"Hill q=2"
7,"divent","QHIL_3",23.738470999646,"Hill q=3"
7,"entropart","QHIL_0",82,"Hill q=0"
7,"entropart","QHIL_1",46.3773405293508,"Hill q=1"
7,"entropart","QHIL_2",30.4890768146582,"Hill q=2"
7,"entropart","QHIL_3",23.7384709996453,"Hill q=3"
7,"EntropyEstimation","QHIL_1",51.5296825196339,"Hill q=1"
7,"EntropyEstimation","QHIL_2",32.8212927756649,"Hill q=2"
7,"EntropyEstimation","QHIL_3",25.3116539511106,"Hill q=3"
7,"hilldiv","QHIL_0",82,"Hill q=0"
7,"hilldiv","QHIL_1",46.3775822672235,"Hill q=1"
7,"hilldiv","QHIL_2",30.4890768146582,"Hill q=2"
7,"hilldiv","QHIL_3",23.7384709996454,"Hill q=3"
7,"hillR","QHIL_0",82,"Hill q=0"
7,"hillR","QHIL_1",46.3773405293508,"Hill q=1"
7,"hillR","QHIL_2",30.4890768146582,"Hill q=2"
7,"hillR","QHIL_3",23.7384709996454,"Hill q=3"
7,"sprex","QHIL_0",82,"Hill q=0"
7,"sprex","QHIL_1",46.3773405293508,"Hill q=1"
7,"sprex","QHIL_2",30.4890768146582,"Hill q=2"
7,"sprex","QHIL_3",23.7384709996454,"Hill q=3"
7,"vegan","QHIL_0",82,"Hill q=0"
7,"vegan","QHIL_1",46.3773405293508,"Hill q=1"
7,"vegan","QHIL_2",30.4890768146582,"Hill q=2"
7,"vegan","QHIL_3",23.7384709996454,"Hill q=3"
7,"adiv","QREN_0",4.40671924726425,"Renyi q=0"
7,"adiv","QREN_1",3.83681098928965,"Renyi q=1"
7,"adiv","QREN_2",3.41736848224259,"Renyi q=2"
7,"adiv","QREN_3",3.16709698102671,"Renyi q=3"
7,"BiodiversityR","QREN_0",4.40671924726425,"Renyi q=0"
7,"BiodiversityR","QREN_1",3.83681098928965,"Renyi q=1"
7,"BiodiversityR","QREN_2",3.41736848224259,"Renyi q=2"
7,"BiodiversityR","QREN_3",3.16709698102671,"Renyi q=3"
7,"diverse","QREN_0",4.53259949315326,"Renyi q=0"
7,"diverse","QREN_1",3.95663477069268,"Renyi q=1"
7,"diverse","QREN_2",3.53721360723595,"Renyi q=2"
7,"diverse","QREN_3",3.30464864141805,"Renyi q=3"
7,"EntropyEstimation","QREN_1",3.94215800124283,"Renyi q=1"
7,"EntropyEstimation","QREN_2",3.49107747476019,"Renyi q=2"
7,"EntropyEstimation","QREN_3",3.2312649201545,"Renyi q=3"
7,"seewave","QREN_2",0.630964771185128,"Renyi q=2"
7,"seewave","QREN_3",0.584755967836225,"Renyi q=3"
7,"sprex","QREN_0",4.40671924726425,"Renyi q=0"
7,"sprex","QREN_1",3.83681098928965,"Renyi q=1"
7,"sprex","QREN_2",3.41736848224259,"Renyi q=2"
7,"sprex","QREN_3",3.16709698102671,"Renyi q=3"
7,"statcomp","QREN_1",0.708408394299341,"Renyi q=1"
7,"statcomp","QREN_2",0.630964758491494,"Renyi q=2"
7,"statcomp","QREN_3",0.584755958315999,"Renyi q=3"
7,"vegan","QREN_0",4.40671924726425,"Renyi q=0"
7,"vegan","QREN_1",3.83681098928965,"Renyi q=1"
7,"vegan","QREN_2",3.41736848224259,"Renyi q=2"
7,"vegan","QREN_3",3.16709698102671,"Renyi q=3"
7,"adiv","QTSA_0",81,"Tsallis q=0"
7,"adiv","QTSA_1",3.83681098928965,"Tsallis q=1"
7,"adiv","QTSA_2",0.967201368343195,"Tsallis q=2"
7,"adiv","QTSA_3",0.499112712181206,"Tsallis q=3"
7,"divent","QTSA_0",81,"Tsallis q=0"
7,"divent","QTSA_1",3.83681098928965,"Tsallis q=1"
7,"divent","QTSA_2",0.967201368343195,"Tsallis q=2"
7,"divent","QTSA_3",0.499112712181206,"Tsallis q=3"
7,"entropart","QTSA_0",81,"Tsallis q=0"
7,"entropart","QTSA_1",3.83681098928965,"Tsallis q=1"
7,"entropart","QTSA_2",0.967201368343195,"Tsallis q=2"
7,"entropart","QTSA_3",0.499112712181206,"Tsallis q=3"
7,"EntropyEstimation","QTSA_1",3.94215800124283,"Tsallis q=1"
7,"EntropyEstimation","QTSA_2",0.969531974050046,"Tsallis q=2"
7,"EntropyEstimation","QTSA_3",0.499219578984836,"Tsallis q=3"
7,"vegan","QTSA_0",81,"Tsallis q=0"
7,"vegan","QTSA_1",3.83681098928965,"Tsallis q=1"
7,"vegan","QTSA_2",0.967201368343195,"Tsallis q=2"
7,"vegan","QTSA_3",0.499112712181206,"Tsallis q=3"
7,"BAT","RACE",108.315823190263,"ACE"
7,"ecodive","RACE",108.315823190263,"ACE"
7,"fossil","RACE",92.4285714285714,"ACE"
7,"pctax","RACE",108.3158,"ACE"
7,"sprex","RACE",416,"ACE"
7,"tabula","RACE",108.315823190263,"ACE"
7,"vegan","RACE",108.315823190263,"ACE"
7,"wiqid","RACE",108.315823190263,"ACE"
7,"BiodiversityR","RBOO",82,"Bootstrap estimator"
7,"wiqid","RBOO",225,"Bootstrap estimator"
7,"BAT","RC1",105.625,"Chao 1"
7,"BiodiversityR","RC1",82,"Chao 1"
7,"biosampleR","RC1",113.714285714286,"Chao 1"
7,"iNEXT","RC1",108.071,"Chao 1"
7,"microbiome","RC1",105.625,"Chao 1"
7,"pctax","RC1",105.625,"Chao 1"
7,"rareNMtests","RC1",82,"Chao 1"
7,"SpadeR","RC1",82,"Chao 1"
7,"SSP","RC1",82,"Chao 1"
7,"vegan","RC1",105.625,"Chao 1"
7,"wiqid","RC1",108.133333333333,"Chao 1"
7,"BAT","RC1M",117.940585960738,"Chao 1 modified"
7,"divent","RC1M",108.070512820513,"Chao 1 modified"
7,"ecodive","RC1M",108.133333333333,"Chao 1 modified"
7,"entropart","RC1M",108.070512820513,"Chao 1 modified"
7,"fossil","RC1M",108.133333333333,"Chao 1 modified"
7,"mobr","RC1M",108.070512820513,"Chao 1 modified"
7,"OTUtable","RC1M",108.133333333333,"Chao 1 modified"
7,"tabula","RC1M",108.070512820513,"Chao 1 modified"
7,"wiqid","RC1M",108.133333333333,"Chao 1 modified"
7,"BAT","RCA2",196.776006387224,"Chao 2"
7,"divDyn","RCA2",105.336890243902,"Chao 2"
7,"fossil","RCA2",108.133333333333,"Chao 2"
7,"tabula","RCA2",82,"Chao 2"
7,"wiqid","RCA2",82,"Chao 2"
7,"benthos","RHUR_2",1.96953197405014,"Hurlbert D k=2"
7,"benthos","RHUR_3",2.91015676418051,"Hurlbert D k=3"
7,"divent","RHUR_2",32.8212936875572,"Hurlbert D k=2"
7,"divent","RHUR_3",33.0547665566786,"Hurlbert D k=3"
7,"entropart","RHUR_2",1.96953197405014,"Hurlbert D k=2"
7,"entropart","RHUR_3",2.91015676418053,"Hurlbert D k=3"
7,"mobsim","RHUR_2",1.96953197405014,"Hurlbert D k=2"
7,"mobsim","RHUR_3",2.91015676418051,"Hurlbert D k=3"
7,"tabula","RHUR_2",1.96953197409186,"Hurlbert D k=2"
7,"tabula","RHUR_3",2.91015676420229,"Hurlbert D k=3"
7,"vegan","RHUR_2",1.96953197405014,"Hurlbert D k=2"
7,"vegan","RHUR_3",2.91015676418051,"Hurlbert D k=3"
7,"BAT","RICE",195.415724451385,"ICE"
7,"fossil","RICE",92.4285714285714,"ICE"
7,"tabula","RICE",82,"ICE"
7,"wiqid","RICE",82,"ICE"
7,"BAT","RJA1",110,"Jackknife 1"
7,"BiodiversityR","RJA1",82,"Jackknife 1"
7,"divent","RJA1",123,"Jackknife 1"
7,"entropart","RJA1",123,"Jackknife 1"
7,"fossil","RJA1",109.932692307692,"Jackknife 1"
7,"SSP","RJA1",82,"Jackknife 1"
7,"tabula","RJA1",3.81501299986971,"Jackknife 1"
7,"wiqid","RJA1",110,"Jackknife 1"
7,"BAT","RJA2",123,"Jackknife 2"
7,"BiodiversityR","RJA2",82,"Jackknife 2"
7,"fossil","RJA2",122.704240037071,"Jackknife 2"
7,"SSP","RJA2",82,"Jackknife 2"
7,"wiqid","RJA2",123,"Jackknife 2"
7,"asbio","RLMD",149.168091258587,NA
7,"sads","RLMD",1.05924256342678,NA
7,"vegan","RLMD",97.9391678830625,NA
7,"wiqid","RMM",0,"Michaelis-Menten"
7,"divDyn","RSQ",108.059873506676,"Squares Richness Estimator"
7,"ecodive","RSQ",108.059873506676,"Squares Richness Estimator"
7,"tabula","RSQ",108.059873506676,"Squares Richness Estimator"
8,"custom","RICH",88,"Species richness"
8,"abdiv","D1SP",0.967199788976158,"Simpson's reciprocal"
8,"ade4","D1SP",0.967199788976158,"Simpson's reciprocal"
8,"adiv","D1SP",0.967199788976158,"Simpson's reciprocal"
8,"agricolae","D1SP",0.967199788976158,"Simpson's reciprocal"
8,"asbio","D1SP",0.967199788976158,"Simpson's reciprocal"
8,"BiodiversityR","D1SP",0.96719979,"Simpson's reciprocal"
8,"biosampleR","D1SP",0.968659834842304,"Simpson's reciprocal"
8,"breakaway","D1SP",0.967199788976158,"Simpson's reciprocal"
8,"catsim","D1SP",0.603614814814815,"Simpson's reciprocal"
8,"concstats","D1SP",0.995682143799214,"Simpson's reciprocal"
8,"CUB","D1SP",0.971517645176944,"Simpson's reciprocal"
8,"DescTools","D1SP",0.967199788976158,"Simpson's reciprocal"
8,"divent","D1SP",0.967199788976157,"Simpson's reciprocal"
8,"diverse","D1SP",0.968659834842304,"Simpson's reciprocal"
8,"ecodive","D1SP",0.967199788976158,"Simpson's reciprocal"
8,"entropart","D1SP",0.967199788976157,"Simpson's reciprocal"
8,"lawstat","D1SP",0.826586841233013,"Simpson's reciprocal"
8,"MCPAN","D1SP",0.967199788976158,"Simpson's reciprocal"
8,"microbiome","D1SP",0.967199788976158,"Simpson's reciprocal"
8,"PCRA","D1SP",0.967199788976158,"Simpson's reciprocal"
8,"RoughSets","D1SP",0.967199788976158,"Simpson's reciprocal"
8,"simboot","D1SP",0.967199788976158,"Simpson's reciprocal"
8,"sprex","D1SP",0.967199788976158,"Simpson's reciprocal"
8,"untb","D1SP",0.969449090810986,"Simpson's reciprocal"
8,"vegan","D1SP",0.967199788976158,"Simpson's reciprocal"
8,"abdiv","DBRI",3.61278347746365,"Brillouin"
8,"ecodive","DBRI",3.61278347746365,"Brillouin"
8,"tabula","DBRI",3.61278347746365,"Brillouin"
8,"wiqid","DBRI",37.0690903245199,"Brillouin"
8,"BiodiversityR","DFIS",33.4498071,"Fisher's alpha"
8,"ecodive","DFIS",33.45,"Fisher's alpha"
8,"microbiome","DFIS",33.4498070978758,"Fisher's alpha"
8,"preseqR","DFIS",13.3197386163588,"Fisher's alpha"
8,"sads","DFIS",33.4498055430133,"Fisher's alpha"
8,"vegan","DFIS",33.4498070978758,"Fisher's alpha"
8,"custom","DGLE",14.5068301937388,"Gleason"
8,"custom","DGOO_1_1",3.90838117687707,"Good m1 n1"
8,"custom","DGOO_1_2",0.319193760490986,"Good m1 n2"
8,"custom","DGOO_1_3",1,"Good m1 n3"
8,"custom","DGOO_2_1",0.0992019928036262,"Good m2 n1"
8,"custom","DGOO_2_2",1.09944378897106,"Good m2 n2"
8,"custom","DGOO_2_3",1,"Good m2 n3"
8,"custom","DGOO_3_1",0.00524716980754529,"Good m3 n1"
8,"custom","DGOO_3_2",0.0407670912298278,"Good m3 n2"
8,"custom","DGOO_3_3",1,"Good m3 n3"
8,"abdiv","DINVSP",30.487608731331,"Simpson inverse"
8,"adiv","DINVSP",30.487608731331,"Simpson inverse"
8,"asbio","DINVSP",30.487608731331,"Simpson inverse"
8,"BiodiversityR","DINVSP",30.48760873,"Simpson inverse"
8,"breakaway","DINVSP",30.487608731331,"Simpson inverse"
8,"chemodiv","DINVSP",30.487608731331,"Simpson inverse"
8,"codyn","DINVSP",7.25839793281654,"Simpson inverse"
8,"divseg","DINVSP",1.03280021102384,"Simpson inverse"
8,"ecodive","DINVSP",30.487608731331,"Simpson inverse"
8,"microbiome","DINVSP",30.487608731331,"Simpson inverse"
8,"sprex","DINVSP",30.487608731331,"Simpson inverse"
8,"vegan","DINVSP",30.487608731331,"Simpson inverse"
8,"wiqid","DINVSP",30.487608731331,"Simpson inverse"
8,"custom","DKO",0.192660550458716,"Kothe"
8,"abdiv","DMC",0.860332471614086,"McIntosh"
8,"adiv","DMC",0.860332471614086,"McIntosh"
8,"agricolae","DMC",0.860332471614086,"McIntosh"
8,"ecodive","DMC",0.860332471614086,"McIntosh"
8,"forestHES","DMC",0.860332471614086,"McIntosh"
8,"tabula","DMC",0.860332471614086,"McIntosh"
8,"abdiv","DMG",14.3419798506281,"Margalef"
8,"adiv","DMG",14.3419798506281,"Margalef"
8,"agricolae","DMG",36.9264768567896,"Margalef"
8,"ecodive","DMG",14.3419798506281,"Margalef"
8,"tabula","DMG",14.3419798506281,"Margalef"
8,"abdiv","DMN",4.23881084755998,"Menhinick"
8,"adiv","DMN",4.23881084755998,"Menhinick"
8,"ecodive","DMN",4.23881084755998,"Menhinick"
8,"tabula","DMN",4.23881084755998,"Menhinick"
8,"custom","DOD",204.176334106729,"Odum"
8,"abdiv","DQ",0,"Q-statistic"
8,"ade4","DRAO",0.967199788976158,"Rao"
8,"BAT","DRAO",0.967199788976151,"Rao"
8,"SYNCSA","DRAO",0.967199788976157,"Rao"
8,"abdiv","DSHA",3.90838117687707,"Shannon"
8,"adiv","DSHA",3.90838117687707,"Shannon"
8,"aqp","DSHA",5.63860214178432,"Shannon"
8,"asbio","DSHA",3.90838117687707,"Shannon"
8,"benthos","DSHA",0,"Shannon"
8,"BiodiversityR","DSHA",3.90838118,"Shannon"
8,"biosampleR","DSHA",3.91682141476042,"Shannon"
8,"chemodiv","DSHA",3.90838117687707,"Shannon"
8,"codyn","DSHA",3.90838117687707,"Shannon"
8,"DescTools","DSHA",5.63860214178432,"Shannon"
8,"divDyn","DSHA",3.90838117687707,"Shannon"
8,"divent","DSHA",3.90838117687707,"Shannon"
8,"diverse","DSHA",3.91682141476042,"Shannon"
8,"ecodive","DSHA",3.90838117687707,"Shannon"
8,"EconGeo","DSHA",5.639,"Shannon"
8,"entropart","DSHA",3.90838117687707,"Shannon"
8,"forestmangr","DSHA",3.56,"Shannon"
8,"HardyWeinberg","DSHA",3.90838117687707,"Shannon"
8,"iNEXT","DSHA",3.908,"Shannon"
8,"MCPAN","DSHA",3.90838117687707,"Shannon"
8,"microbiome","DSHA",3.90838117687707,"Shannon"
8,"OTUtable","DSHA",3.90838117687707,"Shannon"
8,"pgirmess","DSHA",5.63860214178432,"Shannon"
8,"SpiecEasi","DSHA",3.90838117687707,"Shannon"
8,"sprex","DSHA",3.90838117687707,"Shannon"
8,"tabula","DSHA",3.90838117687707,"Shannon"
8,"triversity","DSHA",5.63860214178432,"Shannon"
8,"vegan","DSHA",3.90838117687707,"Shannon"
8,"wavethresh","DSHA",-37065.8704156155,"Shannon"
8,"wiqid","DSHA",49.8182397431819,"Shannon"
8,"abdiv","DSP",0.0328002110238425,"Simpson"
8,"agricolae","DSP",0.0328002110238425,"Simpson"
8,"antitrust","DSP",328.002110238424,"Simpson"
8,"benthos","DSP",0.0305509091890142,"Simpson"
8,"breakaway","DSP",0.0328002110238425,"Simpson"
8,"concstats","DSP",0.0328002110238425,"Simpson"
8,"DescTools","DSP",0.0328002110238425,"Simpson"
8,"diverse","DSP",0.0291184682887914,"Simpson"
8,"divseg","DSP",1.03280021102384,"Simpson"
8,"EconGeo","DSP",0.0328002110238425,"Simpson"
8,"hhi","DSP",0.137771448914204,"Simpson"
8,"ineq","DSP",0.0328002110238425,"Simpson"
8,"microbiome","DSP",0.0328002110238425,"Simpson"
8,"PDtoolkit","DSP",0.0328002110238425,"Simpson"
8,"politics","DSP",0.0328002110238425,"Simpson"
8,"REAT","DSP",0.0328002110238425,"Simpson"
8,"sprex","DSP",0.0328002110238425,"Simpson"
8,"tabula","DSP",0.0328002110238425,"Simpson"
8,"triversity","DSP",0.0328002110238425,"Simpson"
8,"abdiv","EBP",0.0951276102088167,"Berger-Parker"
8,"agricolae","EBP",0.0951276102088167,"Berger-Parker"
8,"BiodiversityR","EBP",0.09512761,"Berger-Parker"
8,"diverse","EBP",0.0732265446224256,"Berger-Parker"
8,"dyvDyn","EBP",0.0951276102088167,"Berger-Parker"
8,"ecodive","EBP",0.0951276102088167,"Berger-Parker"
8,"microbiome","EBP",0.0951276102088167,"Berger-Parker"
8,"tabula","EBP",0.0951276102088167,"Berger-Parker"
8,"triversity","EBP",0.0951276102088167,"Berger-Parker"
8,"wiqid","EBP",1,"Berger-Parker"
8,"tabula","EBRI",0.874470998178843,"Brillouin evenness"
8,"BAT","EBU",0.578846307704616,"Bulla"
8,"microbiome","EBU",0.578846307704616,"Bulla"
8,"BAT","ECAM",0.987420205737672,"Camargo"
8,"microbiome","ECAM",0.715592701961612,"Camargo"
8,"codyn","EEQ",0.227627894089671,"NHC EQ"
8,"custom","EEQ",0.00079980096510463,"NHC EQ"
8,"adiv","EEVAR",0.540753901419887,"NHC EVAR"
8,"codyn","EEVAR",0.60146511124168,"NHC EVAR"
8,"custom","EEVAR",0.540753901419887,"NHC EVAR"
8,"microbiome","EEVAR",0.540753901419887,"NHC EVAR"
8,"acid","EGIN",0.822913121938644,"Gini coefficient"
8,"DescTools","EGIN",0.822913121938644,"Gini coefficient"
8,"dplR","EGIN",0.822913121938644,"Gini coefficient"
8,"EconGeo","EGIN",0.823,"Gini coefficient"
8,"giniVarCI","EGIN",0.822913121938644,"Gini coefficient"
8,"ineq","EGIN",0.822913121938644,"Gini coefficient"
8,"microbiome","EGIN",0.822913121938644,"Gini coefficient"
8,"REAT","EGIN",0.822913121938644,"Gini coefficient"
8,"shipunov","EGIN",0.822913121938644,"Gini coefficient"
8,"wINEQ","EGIN",0.822913121938644,"Gini coefficient"
8,"abdiv","EHEI",0.561129192450366,"Heip"
8,"adiv","EHEI",0.561129192450366,"Heip"
8,"custom","EHUL",0.178654292343387,"Hulburt"
8,"benthos","EHURE",0.969449090810986,"Hurlbert PIE"
8,"BiodiversityR","EHURE",0.96944909,"Hurlbert PIE"
8,"mobr","EHURE",0.969449090810986,"Hurlbert PIE"
8,"vegan","EHURE",0.969449090810782,"Hurlbert PIE"
8,"custom","ELR",0.210656393067433,"Ludwig-Reynolds"
8,"abdiv","EMC",0.22682846804217,"McIntosh evenness"
8,"tabula","EMC",0.916601794215898,"McIntosh evenness"
8,"microbiome","EMN",0.178654292343387,"McNaughton"
8,"custom","ENHC",-0.0352057768856502,"NHC"
8,"custom","EPAT",0.117693741976376,"Patten"
8,"abdiv","EPIE",0.872925432868637,"Pielou"
8,"adiv","EPIE",0.872925432868637,"Pielou"
8,"BiodiversityR","EPIE",0.87292543,"Pielou"
8,"breakaway","EPIE",0.872925432868637,"Pielou"
8,"chemodiv","EPIE",0.872925432868637,"Pielou"
8,"diverse","EPIE",0.864144608557848,"Pielou"
8,"forestmangr","EPIE",1,"Pielou"
8,"microbiome","EPIE",0.872925432868637,"Pielou"
8,"OTUtable","EPIE",0.872925432868637,"Pielou"
8,"pctax","EPIE",0.8729,"Pielou"
8,"sprex","EPIE",0.872925432868637,"Pielou"
8,"tabula","EPIE",0.872925432868637,"Pielou"
8,"custom","ESHE",0.566116360717976,"Sheldon"
8,"adiv","ESP",0.346450099219671,"Simpson evenness"
8,"codyn","ESP",0.518456995201181,"Simpson evenness"
8,"sprex","ESP",0.0444134224645122,"Simpson evenness"
8,"tabula","ESP",0.346450099219671,"Simpson evenness"
8,"abdiv","EST",0.416367854882936,"Strong"
8,"adiv","QHIL_0",88,"Hill q=0"
8,"adiv","QHIL_1",49.8182397431819,"Hill q=1"
8,"adiv","QHIL_2",30.487608731331,"Hill q=2"
8,"adiv","QHIL_3",22.4826713985933,"Hill q=3"
8,"BAT","QHIL_0",88,"Hill q=0"
8,"BAT","QHIL_1",49.8182397431819,"Hill q=1"
8,"BAT","QHIL_2",30.487608731331,"Hill q=2"
8,"BAT","QHIL_3",22.4826713985933,"Hill q=3"
8,"benthos","QHIL_0",225,"Hill q=0"
8,"benthos","QHIL_1",49.8182397431819,"Hill q=1"
8,"benthos","QHIL_2",30.487608731331,"Hill q=2"
8,"benthos","QHIL_3",22.4826713985933,"Hill q=3"
8,"breakaway","QHIL_0",88,"Hill q=0"
8,"breakaway","QHIL_1",49.8182397431819,"Hill q=1"
8,"breakaway","QHIL_2",30.487608731331,"Hill q=2"
8,"breakaway","QHIL_3",22.4826713985933,"Hill q=3"
8,"chemodiv","QHIL_0",88,"Hill q=0"
8,"chemodiv","QHIL_1",49.8182397431819,"Hill q=1"
8,"chemodiv","QHIL_2",30.487608731331,"Hill q=2"
8,"chemodiv","QHIL_3",22.4826713985933,"Hill q=3"
8,"divDyn","QHIL_2",30.487608731331,"Hill q=2"
8,"divent","QHIL_0",88,"Hill q=0"
8,"divent","QHIL_1",49.8182397431819,"Hill q=1"
8,"divent","QHIL_2",30.4876087313309,"Hill q=2"
8,"divent","QHIL_3",22.4826713985929,"Hill q=3"
8,"entropart","QHIL_0",88,"Hill q=0"
8,"entropart","QHIL_1",49.8182397431819,"Hill q=1"
8,"entropart","QHIL_2",30.4876087313309,"Hill q=2"
8,"entropart","QHIL_3",22.4826713985932,"Hill q=3"
8,"EntropyEstimation","QHIL_1",55.5441790106937,"Hill q=1"
8,"EntropyEstimation","QHIL_2",32.7322500883076,"Hill q=2"
8,"EntropyEstimation","QHIL_3",23.7481026247801,"Hill q=3"
8,"hilldiv","QHIL_0",88,"Hill q=0"
8,"hilldiv","QHIL_1",49.8185247606324,"Hill q=1"
8,"hilldiv","QHIL_2",30.487608731331,"Hill q=2"
8,"hilldiv","QHIL_3",22.4826713985933,"Hill q=3"
8,"hillR","QHIL_0",88,"Hill q=0"
8,"hillR","QHIL_1",49.8182397431819,"Hill q=1"
8,"hillR","QHIL_2",30.487608731331,"Hill q=2"
8,"hillR","QHIL_3",22.4826713985933,"Hill q=3"
8,"sprex","QHIL_0",88,"Hill q=0"
8,"sprex","QHIL_1",49.8182397431819,"Hill q=1"
8,"sprex","QHIL_2",30.487608731331,"Hill q=2"
8,"sprex","QHIL_3",22.4826713985933,"Hill q=3"
8,"vegan","QHIL_0",88,"Hill q=0"
8,"vegan","QHIL_1",49.8182397431819,"Hill q=1"
8,"vegan","QHIL_2",30.487608731331,"Hill q=2"
8,"vegan","QHIL_3",22.4826713985933,"Hill q=3"
8,"adiv","QREN_0",4.47733681447821,"Renyi q=0"
8,"adiv","QREN_1",3.90838117687707,"Renyi q=1"
8,"adiv","QREN_2",3.417320329959,"Renyi q=2"
8,"adiv","QREN_3",3.11274485242223,"Renyi q=3"
8,"BiodiversityR","QREN_0",4.47733681447821,"Renyi q=0"
8,"BiodiversityR","QREN_1",3.90838117687707,"Renyi q=1"
8,"BiodiversityR","QREN_2",3.417320329959,"Renyi q=2"
8,"BiodiversityR","QREN_3",3.11274485242223,"Renyi q=3"
8,"diverse","QREN_0",4.53259949315326,"Renyi q=0"
8,"diverse","QREN_1",3.91682141476042,"Renyi q=1"
8,"diverse","QREN_2",3.46285477219911,"Renyi q=2"
8,"diverse","QREN_3",3.22825176531983,"Renyi q=3"
8,"EntropyEstimation","QREN_1",4.01717872230862,"Renyi q=1"
8,"EntropyEstimation","QREN_2",3.4883608331195,"Renyi q=2"
8,"EntropyEstimation","QREN_3",3.16750263780637,"Renyi q=3"
8,"seewave","QREN_2",0.630955879647503,"Renyi q=2"
8,"seewave","QREN_3",0.574720678891979,"Renyi q=3"
8,"sprex","QREN_0",4.47733681447821,"Renyi q=0"
8,"sprex","QREN_1",3.90838117687707,"Renyi q=1"
8,"sprex","QREN_2",3.417320329959,"Renyi q=2"
8,"sprex","QREN_3",3.11274485242223,"Renyi q=3"
8,"statcomp","QREN_1",0.721622733449755,"Renyi q=1"
8,"statcomp","QREN_2",0.630955867909707,"Renyi q=2"
8,"statcomp","QREN_3",0.574720670088632,"Renyi q=3"
8,"vegan","QREN_0",4.47733681447821,"Renyi q=0"
8,"vegan","QREN_1",3.90838117687707,"Renyi q=1"
8,"vegan","QREN_2",3.417320329959,"Renyi q=2"
8,"vegan","QREN_3",3.11274485242223,"Renyi q=3"
8,"adiv","QTSA_0",87,"Tsallis q=0"
8,"adiv","QTSA_1",3.90838117687707,"Tsallis q=1"
8,"adiv","QTSA_2",0.967199788976158,"Tsallis q=2"
8,"adiv","QTSA_3",0.499010822615908,"Tsallis q=3"
8,"divent","QTSA_0",87,"Tsallis q=0"
8,"divent","QTSA_1",3.90838117687707,"Tsallis q=1"
8,"divent","QTSA_2",0.967199788976157,"Tsallis q=2"
8,"divent","QTSA_3",0.499010822615908,"Tsallis q=3"
8,"entropart","QTSA_0",87,"Tsallis q=0"
8,"entropart","QTSA_1",3.90838117687707,"Tsallis q=1"
8,"entropart","QTSA_2",0.967199788976157,"Tsallis q=2"
8,"entropart","QTSA_3",0.499010822615908,"Tsallis q=3"
8,"EntropyEstimation","QTSA_1",4.01717872230862,"Tsallis q=1"
8,"EntropyEstimation","QTSA_2",0.969449090810985,"Tsallis q=2"
8,"EntropyEstimation","QTSA_3",0.499113431757904,"Tsallis q=3"
8,"vegan","QTSA_0",87,"Tsallis q=0"
8,"vegan","QTSA_1",3.90838117687707,"Tsallis q=1"
8,"vegan","QTSA_2",0.967199788976158,"Tsallis q=2"
8,"vegan","QTSA_3",0.499010822615908,"Tsallis q=3"
8,"BAT","RACE",106.58852301511,"ACE"
8,"ecodive","RACE",106.58852301511,"ACE"
8,"fossil","RACE",96.8598130841121,"ACE"
8,"pctax","RACE",106.5885,"ACE"
8,"sprex","RACE",431,"ACE"
8,"tabula","RACE",106.58852301511,"ACE"
8,"vegan","RACE",106.58852301511,"ACE"
8,"wiqid","RACE",106.58852301511,"ACE"
8,"BiodiversityR","RBOO",88,"Bootstrap estimator"
8,"wiqid","RBOO",225,"Bootstrap estimator"
8,"BAT","RC1",100,"Chao 1"
8,"BiodiversityR","RC1",88,"Chao 1"
8,"biosampleR","RC1",114.565217391304,"Chao 1"
8,"iNEXT","RC1",101.061,"Chao 1"
8,"microbiome","RC1",100,"Chao 1"
8,"pctax","RC1",100,"Chao 1"
8,"rareNMtests","RC1",88,"Chao 1"
8,"SpadeR","RC1",88,"Chao 1"
8,"SSP","RC1",88,"Chao 1"
8,"vegan","RC1",100,"Chao 1"
8,"wiqid","RC1",101.090909090909,"Chao 1"
8,"BAT","RC1M",107.438016528926,"Chao 1 modified"
8,"divent","RC1M",101.060535751951,"Chao 1 modified"
8,"ecodive","RC1M",101.090909090909,"Chao 1 modified"
8,"entropart","RC1M",101.060535751951,"Chao 1 modified"
8,"fossil","RC1M",101.090909090909,"Chao 1 modified"
8,"mobr","RC1M",101.060535751951,"Chao 1 modified"
8,"OTUtable","RC1M",101.090909090909,"Chao 1 modified"
8,"tabula","RC1M",101.060535751951,"Chao 1 modified"
8,"wiqid","RC1M",101.090909090909,"Chao 1 modified"
8,"BAT","RCA2",199.35030383334,"Chao 2"
8,"divDyn","RCA2",99.8636363636364,"Chao 2"
8,"fossil","RCA2",101.090909090909,"Chao 2"
8,"tabula","RCA2",88,"Chao 2"
8,"wiqid","RCA2",88,"Chao 2"
8,"benthos","RHUR_2",1.96944909081078,"Hurlbert D k=2"
8,"benthos","RHUR_3",2.91012040891708,"Hurlbert D k=3"
8,"divent","RHUR_2",32.7322512156161,"Hurlbert D k=2"
8,"divent","RHUR_3",33.0412586815085,"Hurlbert D k=3"
8,"entropart","RHUR_2",1.96944909081077,"Hurlbert D k=2"
8,"entropart","RHUR_3",2.91012040891709,"Hurlbert D k=3"
8,"mobsim","RHUR_2",1.96944909081078,"Hurlbert D k=2"
8,"mobsim","RHUR_3",2.91012040891708,"Hurlbert D k=3"
8,"tabula","RHUR_2",1.96944909083826,"Hurlbert D k=2"
8,"tabula","RHUR_3",2.91012040888099,"Hurlbert D k=3"
8,"vegan","RHUR_2",1.96944909081078,"Hurlbert D k=2"
8,"vegan","RHUR_3",2.91012040891708,"Hurlbert D k=3"
8,"BAT","RICE",197.951258006737,"ICE"
8,"fossil","RICE",96.8598130841121,"ICE"
8,"tabula","RICE",88,"ICE"
8,"wiqid","RICE",88,"ICE"
8,"BAT","RJA1",112,"Jackknife 1"
8,"BiodiversityR","RJA1",88,"Jackknife 1"
8,"divent","RJA1",112,"Jackknife 1"
8,"entropart","RJA1",112,"Jackknife 1"
8,"fossil","RJA1",111.944315545244,"Jackknife 1"
8,"SSP","RJA1",88,"Jackknife 1"
8,"tabula","RJA1",3.88812076805338,"Jackknife 1"
8,"wiqid","RJA1",112,"Jackknife 1"
8,"BAT","RJA2",114,"Jackknife 2"
8,"BiodiversityR","RJA2",88,"Jackknife 2"
8,"fossil","RJA2",113.818906814871,"Jackknife 2"
8,"SSP","RJA2",88,"Jackknife 2"
8,"wiqid","RJA2",114,"Jackknife 2"
8,"asbio","RLMD",163.219207069876,NA
8,"sads","RLMD",1.06790760694121,NA
8,"vegan","RLMD",97.3181131962247,NA
8,"wiqid","RMM",0,"Michaelis-Menten"
8,"divDyn","RSQ",107.110193902499,"Squares Richness Estimator"
8,"ecodive","RSQ",107.110193902499,"Squares Richness Estimator"
8,"tabula","RSQ",107.110193902499,"Squares Richness Estimator"
9,"custom","RICH",90,"Species richness"
9,"abdiv","D1SP",0.953425672969435,"Simpson's reciprocal"
9,"ade4","D1SP",0.953425672969435,"Simpson's reciprocal"
9,"adiv","D1SP",0.953425672969435,"Simpson's reciprocal"
9,"agricolae","D1SP",0.953425672969435,"Simpson's reciprocal"
9,"asbio","D1SP",0.953425672969435,"Simpson's reciprocal"
9,"BiodiversityR","D1SP",0.95342567,"Simpson's reciprocal"
9,"biosampleR","D1SP",0.954512575691818,"Simpson's reciprocal"
9,"breakaway","D1SP",0.953425672969435,"Simpson's reciprocal"
9,"catsim","D1SP",0.604246913580247,"Simpson's reciprocal"
9,"concstats","D1SP",0.995743635388529,"Simpson's reciprocal"
9,"CUB","D1SP",0.957682037580905,"Simpson's reciprocal"
9,"DescTools","D1SP",0.953425672969435,"Simpson's reciprocal"
9,"divent","D1SP",0.953425672969435,"Simpson's reciprocal"
9,"diverse","D1SP",0.954512575691818,"Simpson's reciprocal"
9,"ecodive","D1SP",0.953425672969435,"Simpson's reciprocal"
9,"entropart","D1SP",0.953425672969435,"Simpson's reciprocal"
9,"lawstat","D1SP",0.841206776108977,"Simpson's reciprocal"
9,"MCPAN","D1SP",0.953425672969435,"Simpson's reciprocal"
9,"microbiome","D1SP",0.953425672969435,"Simpson's reciprocal"
9,"PCRA","D1SP",0.953425672969435,"Simpson's reciprocal"
9,"RoughSets","D1SP",0.953425672969435,"Simpson's reciprocal"
9,"simboot","D1SP",0.953425672969435,"Simpson's reciprocal"
9,"sprex","D1SP",0.953425672969435,"Simpson's reciprocal"
9,"untb","D1SP",0.955762500599262,"Simpson's reciprocal"
9,"vegan","D1SP",0.953425672969435,"Simpson's reciprocal"
9,"abdiv","DBRI",3.46023081987136,"Brillouin"
9,"ecodive","DBRI",3.46023081987136,"Brillouin"
9,"tabula","DBRI",3.46023081987136,"Brillouin"
9,"wiqid","DBRI",31.8243213527285,"Brillouin"
9,"BiodiversityR","DFIS",35.67236491,"Fisher's alpha"
9,"ecodive","DFIS",35.672,"Fisher's alpha"
9,"microbiome","DFIS",35.6723649139865,"Fisher's alpha"
9,"preseqR","DFIS",11.0692536732178,"Fisher's alpha"
9,"sads","DFIS",35.6723650972068,"Fisher's alpha"
9,"vegan","DFIS",35.6723649139865,"Fisher's alpha"
9,"custom","DGLE",14.965790308436,"Gleason"
9,"custom","DGOO_1_1",3.76133087438578,"Good m1 n1"
9,"custom","DGOO_1_2",0.331328196209988,"Good m1 n2"
9,"custom","DGOO_1_3",1,"Good m1 n3"
9,"custom","DGOO_2_1",0.117088839768411,"Good m2 n1"
9,"custom","DGOO_2_2",1.05968534921276,"Good m2 n2"
9,"custom","DGOO_2_3",1,"Good m2 n3"
9,"custom","DGOO_3_1",0.0102052318408184,"Good m3 n1"
9,"custom","DGOO_3_2",0.051536064469507,"Good m3 n2"
9,"custom","DGOO_3_3",1,"Good m3 n3"
9,"abdiv","DINVSP",21.4710563470671,"Simpson inverse"
9,"adiv","DINVSP",21.4710563470671,"Simpson inverse"
9,"asbio","DINVSP",21.4710563470671,"Simpson inverse"
9,"BiodiversityR","DINVSP",21.47105635,"Simpson inverse"
9,"breakaway","DINVSP",21.4710563470671,"Simpson inverse"
9,"chemodiv","DINVSP",21.4710563470671,"Simpson inverse"
9,"codyn","DINVSP",7.33641404805915,"Simpson inverse"
9,"divseg","DINVSP",1.04657432703057,"Simpson inverse"
9,"ecodive","DINVSP",21.4710563470671,"Simpson inverse"
9,"microbiome","DINVSP",21.4710563470671,"Simpson inverse"
9,"sprex","DINVSP",21.4710563470671,"Simpson inverse"
9,"vegan","DINVSP",21.4710563470671,"Simpson inverse"
9,"wiqid","DINVSP",21.4710563470671,"Simpson inverse"
9,"custom","DKO",0.174311926605505,"Kothe"
9,"abdiv","DMC",0.824981868627337,"McIntosh"
9,"adiv","DMC",0.824981868627337,"McIntosh"
9,"agricolae","DMC",0.824981868627337,"McIntosh"
9,"ecodive","DMC",0.824981868627337,"McIntosh"
9,"forestHES","DMC",0.824981868627337,"McIntosh"
9,"tabula","DMC",0.824981868627337,"McIntosh"
9,"abdiv","DMG",14.7995037494534,"Margalef"
9,"adiv","DMG",14.7995037494534,"Margalef"
9,"agricolae","DMG",37.2481892121074,"Margalef"
9,"ecodive","DMG",14.7995037494534,"Margalef"
9,"tabula","DMG",14.7995037494534,"Margalef"
9,"abdiv","DMN",4.45021358790734,"Menhinick"
9,"adiv","DMN",4.45021358790734,"Menhinick"
9,"ecodive","DMN",4.45021358790734,"Menhinick"
9,"tabula","DMN",4.45021358790734,"Menhinick"
9,"custom","DOD",220.048899755501,"Odum"
9,"abdiv","DQ",0,"Q-statistic"
9,"ade4","DRAO",0.953425672969434,"Rao"
9,"BAT","DRAO",0.953425672969401,"Rao"
9,"SYNCSA","DRAO",0.953425672969435,"Rao"
9,"abdiv","DSHA",3.76133087438578,"Shannon"
9,"adiv","DSHA",3.76133087438578,"Shannon"
9,"aqp","DSHA",5.42645339961892,"Shannon"
9,"asbio","DSHA",3.76133087438578,"Shannon"
9,"benthos","DSHA",0,"Shannon"
9,"BiodiversityR","DSHA",3.76133087,"Shannon"
9,"biosampleR","DSHA",3.73689656553853,"Shannon"
9,"chemodiv","DSHA",3.76133087438578,"Shannon"
9,"codyn","DSHA",3.76133087438578,"Shannon"
9,"DescTools","DSHA",5.42645339961892,"Shannon"
9,"divDyn","DSHA",3.76133087438578,"Shannon"
9,"divent","DSHA",3.76133087438578,"Shannon"
9,"diverse","DSHA",3.73689656553853,"Shannon"
9,"ecodive","DSHA",3.76133087438578,"Shannon"
9,"EconGeo","DSHA",5.426,"Shannon"
9,"entropart","DSHA",3.76133087438578,"Shannon"
9,"forestmangr","DSHA",3.56,"Shannon"
9,"HardyWeinberg","DSHA",3.76133087438578,"Shannon"
9,"iNEXT","DSHA",3.761,"Shannon"
9,"MCPAN","DSHA",3.76133087438578,"Shannon"
9,"microbiome","DSHA",3.76133087438578,"Shannon"
9,"OTUtable","DSHA",3.76133087438578,"Shannon"
9,"pgirmess","DSHA",5.42645339961892,"Shannon"
9,"SpiecEasi","DSHA",3.76133087438578,"Shannon"
9,"sprex","DSHA",3.76133087438578,"Shannon"
9,"tabula","DSHA",3.76133087438578,"Shannon"
9,"triversity","DSHA",5.42645339961892,"Shannon"
9,"vegan","DSHA",3.76133087438578,"Shannon"
9,"wavethresh","DSHA",-54532.2331508598,"Shannon"
9,"wiqid","DSHA",43.005622991385,"Shannon"
9,"abdiv","DSP",0.0465743270305653,"Simpson"
9,"agricolae","DSP",0.0465743270305653,"Simpson"
9,"antitrust","DSP",465.743270305653,"Simpson"
9,"benthos","DSP",0.0442374994007383,"Simpson"
9,"breakaway","DSP",0.0465743270305653,"Simpson"
9,"concstats","DSP",0.0465743270305653,"Simpson"
9,"DescTools","DSP",0.0465743270305653,"Simpson"
9,"diverse","DSP",0.042975549108993,"Simpson"
9,"divseg","DSP",1.04657432703057,"Simpson"
9,"EconGeo","DSP",0.0465743270305653,"Simpson"
9,"hhi","DSP",0.136306374401612,"Simpson"
9,"ineq","DSP",0.0465743270305653,"Simpson"
9,"microbiome","DSP",0.0465743270305653,"Simpson"
9,"PDtoolkit","DSP",0.0465743270305653,"Simpson"
9,"politics","DSP",0.0465743270305653,"Simpson"
9,"REAT","DSP",0.0465743270305653,"Simpson"
9,"sprex","DSP",0.0465743270305653,"Simpson"
9,"tabula","DSP",0.0465743270305653,"Simpson"
9,"triversity","DSP",0.0465743270305653,"Simpson"
9,"abdiv","EBP",0.158924205378973,"Berger-Parker"
9,"agricolae","EBP",0.158924205378973,"Berger-Parker"
9,"BiodiversityR","EBP",0.15892421,"Berger-Parker"
9,"diverse","EBP",0.110236220472441,"Berger-Parker"
9,"dyvDyn","EBP",0.158924205378973,"Berger-Parker"
9,"ecodive","EBP",0.158924205378973,"Berger-Parker"
9,"microbiome","EBP",0.158924205378973,"Berger-Parker"
9,"tabula","EBP",0.158924205378973,"Berger-Parker"
9,"triversity","EBP",0.158924205378973,"Berger-Parker"
9,"wiqid","EBP",1,"Berger-Parker"
9,"tabula","EBRI",0.837591167484343,"Brillouin evenness"
9,"BAT","EBU",0.537595121013159,"Bulla"
9,"microbiome","EBU",0.537595121013159,"Bulla"
9,"BAT","ECAM",0.986659096667063,"Camargo"
9,"microbiome","ECAM",0.73148600923662,"Camargo"
9,"codyn","EEQ",0.211663053880824,"NHC EQ"
9,"custom","EEQ",0.0007676879762553,"NHC EQ"
9,"adiv","EEVAR",0.517409177482922,"NHC EVAR"
9,"codyn","EEVAR",0.564513204289952,"NHC EVAR"
9,"custom","EEVAR",0.517409177482922,"NHC EVAR"
9,"microbiome","EEVAR",0.517409177482922,"NHC EVAR"
9,"acid","EGIN",0.83746807932627,"Gini coefficient"
9,"DescTools","EGIN",0.83746807932627,"Gini coefficient"
9,"dplR","EGIN",0.83746807932627,"Gini coefficient"
9,"EconGeo","EGIN",0.837,"Gini coefficient"
9,"giniVarCI","EGIN",0.83746807932627,"Gini coefficient"
9,"ineq","EGIN",0.83746807932627,"Gini coefficient"
9,"microbiome","EGIN",0.837468079326271,"Gini coefficient"
9,"REAT","EGIN",0.83746807932627,"Gini coefficient"
9,"shipunov","EGIN",0.837468079326271,"Gini coefficient"
9,"wINEQ","EGIN",0.83746807932627,"Gini coefficient"
9,"abdiv","EHEI",0.471973292038034,"Heip"
9,"adiv","EHEI",0.471973292038034,"Heip"
9,"custom","EHUL",0.23960880195599,"Hulburt"
9,"benthos","EHURE",0.955762500599262,"Hurlbert PIE"
9,"BiodiversityR","EHURE",0.9557625,"Hurlbert PIE"
9,"mobr","EHURE",0.955762500599262,"Hurlbert PIE"
9,"vegan","EHURE",0.955762500598825,"Hurlbert PIE"
9,"custom","ELR",0.177762747789893,"Ludwig-Reynolds"
9,"abdiv","EMC",0.275713463794593,"McIntosh evenness"
9,"tabula","EMC",0.876589820865309,"McIntosh evenness"
9,"microbiome","EMN",0.23960880195599,"McNaughton"
9,"custom","ENHC",-0.0345597081455011,"NHC"
9,"custom","EPAT",0.220134463437341,"Patten"
9,"abdiv","EPIE",0.835886659648367,"Pielou"
9,"adiv","EPIE",0.835886659648367,"Pielou"
9,"BiodiversityR","EPIE",0.83588666,"Pielou"
9,"breakaway","EPIE",0.835886659648367,"Pielou"
9,"chemodiv","EPIE",0.835886659648367,"Pielou"
9,"diverse","EPIE",0.824448877776057,"Pielou"
9,"forestmangr","EPIE",1,"Pielou"
9,"microbiome","EPIE",0.835886659648367,"Pielou"
9,"OTUtable","EPIE",0.835886659648367,"Pielou"
9,"pctax","EPIE",0.8359,"Pielou"
9,"sprex","EPIE",0.835886659648367,"Pielou"
9,"tabula","EPIE",0.835886659648367,"Pielou"
9,"custom","ESHE",0.477840255459834,"Sheldon"
9,"adiv","ESP",0.23856729274519,"Simpson evenness"
9,"codyn","ESP",0.48909426987061,"Simpson evenness"
9,"sprex","ESP",0.0417925652709532,"Simpson evenness"
9,"tabula","ESP",0.23856729274519,"Simpson evenness"
9,"abdiv","EST",0.457267046998098,"Strong"
9,"adiv","QHIL_0",90,"Hill q=0"
9,"adiv","QHIL_1",43.005622991385,"Hill q=1"
9,"adiv","QHIL_2",21.4710563470671,"Hill q=2"
9,"adiv","QHIL_3",14.1717172452847,"Hill q=3"
9,"BAT","QHIL_0",90,"Hill q=0"
9,"BAT","QHIL_1",43.005622991385,"Hill q=1"
9,"BAT","QHIL_2",21.4710563470671,"Hill q=2"
9,"BAT","QHIL_3",14.1717172452847,"Hill q=3"
9,"benthos","QHIL_0",225,"Hill q=0"
9,"benthos","QHIL_1",43.005622991385,"Hill q=1"
9,"benthos","QHIL_2",21.4710563470671,"Hill q=2"
9,"benthos","QHIL_3",14.1717172452847,"Hill q=3"
9,"breakaway","QHIL_0",90,"Hill q=0"
9,"breakaway","QHIL_1",43.005622991385,"Hill q=1"
9,"breakaway","QHIL_2",21.4710563470671,"Hill q=2"
9,"breakaway","QHIL_3",14.1717172452847,"Hill q=3"
9,"chemodiv","QHIL_0",90,"Hill q=0"
9,"chemodiv","QHIL_1",43.005622991385,"Hill q=1"
9,"chemodiv","QHIL_2",21.4710563470671,"Hill q=2"
9,"chemodiv","QHIL_3",14.1717172452847,"Hill q=3"
9,"divDyn","QHIL_2",21.4710563470671,"Hill q=2"
9,"divent","QHIL_0",90,"Hill q=0"
9,"divent","QHIL_1",43.005622991385,"Hill q=1"
9,"divent","QHIL_2",21.4710563470671,"Hill q=2"
9,"divent","QHIL_3",14.1717172452848,"Hill q=3"
9,"entropart","QHIL_0",90,"Hill q=0"
9,"entropart","QHIL_1",43.005622991385,"Hill q=1"
9,"entropart","QHIL_2",21.4710563470671,"Hill q=2"
9,"entropart","QHIL_3",14.1717172452847,"Hill q=3"
9,"EntropyEstimation","QHIL_1",48.4304168414493,"Hill q=1"
9,"EntropyEstimation","QHIL_2",22.6052560281762,"Hill q=2"
9,"EntropyEstimation","QHIL_3",14.6117302012505,"Hill q=3"
9,"hilldiv","QHIL_0",90,"Hill q=0"
9,"hilldiv","QHIL_1",43.0059644478515,"Hill q=1"
9,"hilldiv","QHIL_2",21.4710563470671,"Hill q=2"
9,"hilldiv","QHIL_3",14.1717172452847,"Hill q=3"
9,"hillR","QHIL_0",90,"Hill q=0"
9,"hillR","QHIL_1",43.005622991385,"Hill q=1"
9,"hillR","QHIL_2",21.4710563470671,"Hill q=2"
9,"hillR","QHIL_3",14.1717172452847,"Hill q=3"
9,"sprex","QHIL_0",90,"Hill q=0"
9,"sprex","QHIL_1",43.005622991385,"Hill q=1"
9,"sprex","QHIL_2",21.4710563470671,"Hill q=2"
9,"sprex","QHIL_3",14.1717172452847,"Hill q=3"
9,"vegan","QHIL_0",90,"Hill q=0"
9,"vegan","QHIL_1",43.005622991385,"Hill q=1"
9,"vegan","QHIL_2",21.4710563470671,"Hill q=2"
9,"vegan","QHIL_3",14.1717172452847,"Hill q=3"
9,"adiv","QREN_0",4.49980967033027,"Renyi q=0"
9,"adiv","QREN_1",3.76133087438578,"Renyi q=1"
9,"adiv","QREN_2",3.06670581175475,"Renyi q=2"
9,"adiv","QREN_3",2.65124823515902,"Renyi q=3"
9,"BiodiversityR","QREN_0",4.49980967033027,"Renyi q=0"
9,"BiodiversityR","QREN_1",3.76133087438578,"Renyi q=1"
9,"BiodiversityR","QREN_2",3.06670581175475,"Renyi q=2"
9,"BiodiversityR","QREN_3",2.65124823515902,"Renyi q=3"
9,"diverse","QREN_0",4.53259949315326,"Renyi q=0"
9,"diverse","QREN_1",3.73689656553853,"Renyi q=1"
9,"diverse","QREN_2",3.09031938005883,"Renyi q=2"
9,"diverse","QREN_3",2.80234347862295,"Renyi q=3"
9,"EntropyEstimation","QREN_1",3.88012806346976,"Renyi q=1"
9,"EntropyEstimation","QREN_2",3.118182446857,"Renyi q=2"
9,"EntropyEstimation","QREN_3",2.68182464457222,"Renyi q=3"
9,"seewave","QREN_2",0.566220278435242,"Renyi q=2"
9,"seewave","QREN_3",0.489512395964989,"Renyi q=3"
9,"sprex","QREN_0",4.49980967033027,"Renyi q=0"
9,"sprex","QREN_1",3.76133087438578,"Renyi q=1"
9,"sprex","QREN_2",3.06670581175475,"Renyi q=2"
9,"sprex","QREN_3",2.65124823515902,"Renyi q=3"
9,"statcomp","QREN_1",0.694472146944484,"Renyi q=1"
9,"statcomp","QREN_2",0.566220266246645,"Renyi q=2"
9,"statcomp","QREN_3",0.48951238682354,"Renyi q=3"
9,"vegan","QREN_0",4.49980967033027,"Renyi q=0"
9,"vegan","QREN_1",3.76133087438578,"Renyi q=1"
9,"vegan","QREN_2",3.06670581175475,"Renyi q=2"
9,"vegan","QREN_3",2.65124823515902,"Renyi q=3"
9,"adiv","QTSA_0",89,"Tsallis q=0"
9,"adiv","QTSA_1",3.76133087438578,"Tsallis q=1"
9,"adiv","QTSA_2",0.953425672969435,"Tsallis q=2"
9,"adiv","QTSA_3",0.497510425958669,"Tsallis q=3"
9,"divent","QTSA_0",89,"Tsallis q=0"
9,"divent","QTSA_1",3.76133087438578,"Tsallis q=1"
9,"divent","QTSA_2",0.953425672969435,"Tsallis q=2"
9,"divent","QTSA_3",0.497510425958669,"Tsallis q=3"
9,"entropart","QTSA_0",89,"Tsallis q=0"
9,"entropart","QTSA_1",3.76133087438578,"Tsallis q=1"
9,"entropart","QTSA_2",0.953425672969435,"Tsallis q=2"
9,"entropart","QTSA_3",0.497510425958669,"Tsallis q=3"
9,"EntropyEstimation","QTSA_1",3.88012806346976,"Tsallis q=1"
9,"EntropyEstimation","QTSA_2",0.955762500599261,"Tsallis q=2"
9,"EntropyEstimation","QTSA_3",0.497658108797185,"Tsallis q=3"
9,"vegan","QTSA_0",89,"Tsallis q=0"
9,"vegan","QTSA_1",3.76133087438578,"Tsallis q=1"
9,"vegan","QTSA_2",0.953425672969435,"Tsallis q=2"
9,"vegan","QTSA_3",0.497510425958669,"Tsallis q=3"
9,"BAT","RACE",131.027876412711,"ACE"
9,"ecodive","RACE",131.027876412711,"ACE"
9,"fossil","RACE",108.616352201258,"ACE"
9,"pctax","RACE",131.0279,"ACE"
9,"sprex","RACE",409,"ACE"
9,"tabula","RACE",131.027876412711,"ACE"
9,"vegan","RACE",131.027876412711,"ACE"
9,"wiqid","RACE",131.027876412711,"ACE"
9,"BiodiversityR","RBOO",90,"Bootstrap estimator"
9,"wiqid","RBOO",225,"Bootstrap estimator"
9,"BAT","RC1",129.176470588235,"Chao 1"
9,"BiodiversityR","RC1",90,"Chao 1"
9,"biosampleR","RC1",126.913043478261,"Chao 1"
9,"iNEXT","RC1",132.677,"Chao 1"
9,"microbiome","RC1",129.176470588235,"Chao 1"
9,"pctax","RC1",129.1765,"Chao 1"
9,"rareNMtests","RC1",90,"Chao 1"
9,"SpadeR","RC1",90,"Chao 1"
9,"SSP","RC1",90,"Chao 1"
9,"vegan","RC1",129.176470588235,"Chao 1"
9,"wiqid","RC1",132.78125,"Chao 1"
9,"BAT","RC1M",151.008888888889,"Chao 1 modified"
9,"divent","RC1M",132.676650366748,"Chao 1 modified"
9,"ecodive","RC1M",132.78125,"Chao 1 modified"
9,"entropart","RC1M",132.676650366748,"Chao 1 modified"
9,"fossil","RC1M",132.78125,"Chao 1 modified"
9,"mobr","RC1M",132.676650366748,"Chao 1 modified"
9,"OTUtable","RC1M",132.78125,"Chao 1 modified"
9,"tabula","RC1M",132.676650366748,"Chao 1 modified"
9,"wiqid","RC1M",132.78125,"Chao 1 modified"
9,"BAT","RCA2",202.598018566804,"Chao 2"
9,"divDyn","RCA2",128.741176470588,"Chao 2"
9,"fossil","RCA2",132.78125,"Chao 2"
9,"tabula","RCA2",90,"Chao 2"
9,"wiqid","RCA2",90,"Chao 2"
9,"benthos","RHUR_2",1.95576250059882,"Hurlbert D k=2"
9,"benthos","RHUR_3",2.87197128420341,"Hurlbert D k=3"
9,"divent","RHUR_2",22.6052560432177,"Hurlbert D k=2"
9,"divent","RHUR_3",23.0940281747999,"Hurlbert D k=3"
9,"entropart","RHUR_2",1.95576250059884,"Hurlbert D k=2"
9,"entropart","RHUR_3",2.8719712842034,"Hurlbert D k=3"
9,"mobsim","RHUR_2",1.95576250059882,"Hurlbert D k=2"
9,"mobsim","RHUR_3",2.87197128420341,"Hurlbert D k=3"
9,"tabula","RHUR_2",1.95576250064124,"Hurlbert D k=2"
9,"tabula","RHUR_3",2.87197128419624,"Hurlbert D k=3"
9,"vegan","RHUR_2",1.95576250059882,"Hurlbert D k=2"
9,"vegan","RHUR_3",2.87197128420341,"Hurlbert D k=3"
9,"BAT","RICE",199.986946853997,"ICE"
9,"fossil","RICE",108.616352201258,"ICE"
9,"tabula","RICE",90,"ICE"
9,"wiqid","RICE",90,"ICE"
9,"BAT","RJA1",127,"Jackknife 1"
9,"BiodiversityR","RJA1",90,"Jackknife 1"
9,"divent","RJA1",148,"Jackknife 1"
9,"entropart","RJA1",148,"Jackknife 1"
9,"fossil","RJA1",126.909535452323,"Jackknife 1"
9,"SSP","RJA1",90,"Jackknife 1"
9,"tabula","RJA1",3.73783917210375,"Jackknife 1"
9,"wiqid","RJA1",127,"Jackknife 1"
9,"BAT","RJA2",148,"Jackknife 2"
9,"BiodiversityR","RJA2",90,"Jackknife 2"
9,"fossil","RJA2",147.574476245266,"Jackknife 2"
9,"SSP","RJA2",90,"Jackknife 2"
9,"wiqid","RJA2",148,"Jackknife 2"
9,"asbio","RLMD",158.678934878591,NA
9,"sads","RLMD",0.891747827245225,NA
9,"vegan","RLMD",120.238251737152,NA
9,"wiqid","RMM",0,"Michaelis-Menten"
9,"divDyn","RSQ",155.055284810706,"Squares Richness Estimator"
9,"ecodive","RSQ",155.055284810706,"Squares Richness Estimator"
9,"tabula","RSQ",155.055284810706,"Squares Richness Estimator"
10,"custom","RICH",94,"Species richness"
10,"abdiv","D1SP",0.966380755200631,"Simpson's reciprocal"
10,"ade4","D1SP",0.966380755200631,"Simpson's reciprocal"
10,"adiv","D1SP",0.966380755200631,"Simpson's reciprocal"
10,"agricolae","D1SP",0.966380755200631,"Simpson's reciprocal"
10,"asbio","D1SP",0.966380755200631,"Simpson's reciprocal"
10,"BiodiversityR","D1SP",0.96638076,"Simpson's reciprocal"
10,"biosampleR","D1SP",0.967668529761064,"Simpson's reciprocal"
10,"breakaway","D1SP",0.966380755200631,"Simpson's reciprocal"
10,"catsim","D1SP",0.628069135802469,"Simpson's reciprocal"
10,"concstats","D1SP",0.995685800199997,"Simpson's reciprocal"
10,"CUB","D1SP",0.970694955000634,"Simpson's reciprocal"
10,"DescTools","D1SP",0.966380755200631,"Simpson's reciprocal"
10,"divent","D1SP",0.966380755200631,"Simpson's reciprocal"
10,"diverse","D1SP",0.967668529761064,"Simpson's reciprocal"
10,"ecodive","D1SP",0.966380755200631,"Simpson's reciprocal"
10,"entropart","D1SP",0.966380755200631,"Simpson's reciprocal"
10,"lawstat","D1SP",0.831558710440698,"Simpson's reciprocal"
10,"MCPAN","D1SP",0.966380755200631,"Simpson's reciprocal"
10,"microbiome","D1SP",0.966380755200631,"Simpson's reciprocal"
10,"PCRA","D1SP",0.966380755200631,"Simpson's reciprocal"
10,"RoughSets","D1SP",0.966380755200631,"Simpson's reciprocal"
10,"simboot","D1SP",0.966380755200631,"Simpson's reciprocal"
10,"sprex","D1SP",0.966380755200631,"Simpson's reciprocal"
10,"untb","D1SP",0.968385694526773,"Simpson's reciprocal"
10,"vegan","D1SP",0.966380755200631,"Simpson's reciprocal"
10,"abdiv","DBRI",3.61203823118394,"Brillouin"
10,"ecodive","DBRI",3.61203823118394,"Brillouin"
10,"tabula","DBRI",3.61203823118394,"Brillouin"
10,"wiqid","DBRI",37.0414750142452,"Brillouin"
10,"BiodiversityR","DFIS",34.82319699,"Fisher's alpha"
10,"ecodive","DFIS",34.823,"Fisher's alpha"
10,"microbiome","DFIS",34.8231969850481,"Fisher's alpha"
10,"preseqR","DFIS",15.1473089356246,"Fisher's alpha"
10,"sads","DFIS",34.8231964305833,"Fisher's alpha"
10,"vegan","DFIS",34.8231969850481,"Fisher's alpha"
10,"custom","DGLE",15.2103149988185,"Gleason"
10,"custom","DGOO_1_1",3.88980279226841,"Good m1 n1"
10,"custom","DGOO_1_2",0.323567683767569,"Good m1 n2"
10,"custom","DGOO_1_3",1,"Good m1 n3"
10,"custom","DGOO_2_1",0.101232390792169,"Good m2 n1"
10,"custom","DGOO_2_2",1.10425703633769,"Good m2 n2"
10,"custom","DGOO_2_3",1,"Good m2 n3"
10,"custom","DGOO_3_1",0.00540294013550754,"Good m3 n1"
10,"custom","DGOO_3_2",0.0418665001134766,"Good m3 n2"
10,"custom","DGOO_3_3",1,"Good m3 n3"
10,"abdiv","DINVSP",29.7448680351906,"Simpson inverse"
10,"adiv","DINVSP",29.7448680351906,"Simpson inverse"
10,"asbio","DINVSP",29.7448680351906,"Simpson inverse"
10,"BiodiversityR","DINVSP",29.74486804,"Simpson inverse"
10,"breakaway","DINVSP",29.7448680351906,"Simpson inverse"
10,"chemodiv","DINVSP",29.7448680351906,"Simpson inverse"
10,"codyn","DINVSP",6.71502590673575,"Simpson inverse"
10,"divseg","DINVSP",1.03361924479937,"Simpson inverse"
10,"ecodive","DINVSP",29.7448680351906,"Simpson inverse"
10,"microbiome","DINVSP",29.7448680351906,"Simpson inverse"
10,"sprex","DINVSP",29.7448680351906,"Simpson inverse"
10,"vegan","DINVSP",29.7448680351906,"Simpson inverse"
10,"wiqid","DINVSP",29.7448680351906,"Simpson inverse"
10,"custom","DKO",0.137614678899083,"Kothe"
10,"abdiv","DMC",0.855574471656877,"McIntosh"
10,"adiv","DMC",0.855574471656877,"McIntosh"
10,"agricolae","DMC",0.855574471656877,"McIntosh"
10,"ecodive","DMC",0.855574471656877,"McIntosh"
10,"forestHES","DMC",0.855574471656877,"McIntosh"
10,"tabula","DMC",0.855574471656877,"McIntosh"
10,"abdiv","DMG",15.048503137129,"Margalef"
10,"adiv","DMG",15.048503137129,"Margalef"
10,"agricolae","DMG",36.2458570184612,"Margalef"
10,"ecodive","DMG",15.048503137129,"Margalef"
10,"tabula","DMG",15.048503137129,"Margalef"
10,"abdiv","DMN",4.27714809881693,"Menhinick"
10,"adiv","DMN",4.27714809881693,"Menhinick"
10,"ecodive","DMN",4.27714809881693,"Menhinick"
10,"tabula","DMN",4.27714809881693,"Menhinick"
10,"custom","DOD",194.616977225673,"Odum"
10,"abdiv","DQ",0,"Q-statistic"
10,"ade4","DRAO",0.966380755200632,"Rao"
10,"BAT","DRAO",0.96638075520064,"Rao"
10,"SYNCSA","DRAO",0.966380755200631,"Rao"
10,"abdiv","DSHA",3.88980279226841,"Shannon"
10,"adiv","DSHA",3.88980279226841,"Shannon"
10,"aqp","DSHA",5.61179919844167,"Shannon"
10,"asbio","DSHA",3.88980279226841,"Shannon"
10,"benthos","DSHA",0,"Shannon"
10,"BiodiversityR","DSHA",3.88980279,"Shannon"
10,"biosampleR","DSHA",3.94498514011644,"Shannon"
10,"chemodiv","DSHA",3.88980279226841,"Shannon"
10,"codyn","DSHA",3.88980279226841,"Shannon"
10,"DescTools","DSHA",5.61179919844167,"Shannon"
10,"divDyn","DSHA",3.88980279226841,"Shannon"
10,"divent","DSHA",3.88980279226841,"Shannon"
10,"diverse","DSHA",3.94498514011644,"Shannon"
10,"ecodive","DSHA",3.88980279226841,"Shannon"
10,"EconGeo","DSHA",5.612,"Shannon"
10,"entropart","DSHA",3.88980279226841,"Shannon"
10,"forestmangr","DSHA",3.56,"Shannon"
10,"HardyWeinberg","DSHA",3.88980279226841,"Shannon"
10,"iNEXT","DSHA",3.89,"Shannon"
10,"MCPAN","DSHA",3.88980279226841,"Shannon"
10,"microbiome","DSHA",3.88980279226841,"Shannon"
10,"OTUtable","DSHA",3.88980279226841,"Shannon"
10,"pgirmess","DSHA",5.61179919844167,"Shannon"
10,"SpiecEasi","DSHA",3.88980279226841,"Shannon"
10,"sprex","DSHA",3.88980279226841,"Shannon"
10,"tabula","DSHA",3.88980279226841,"Shannon"
10,"triversity","DSHA",5.61179919844167,"Shannon"
10,"vegan","DSHA",3.88980279226841,"Shannon"
10,"wavethresh","DSHA",-49706.9347981656,"Shannon"
10,"wiqid","DSHA",48.9012418697817,"Shannon"
10,"abdiv","DSP",0.033619244799369,"Simpson"
10,"agricolae","DSP",0.033619244799369,"Simpson"
10,"antitrust","DSP",336.19244799369,"Simpson"
10,"benthos","DSP",0.0316143054732266,"Simpson"
10,"breakaway","DSP",0.033619244799369,"Simpson"
10,"concstats","DSP",0.033619244799369,"Simpson"
10,"DescTools","DSP",0.033619244799369,"Simpson"
10,"diverse","DSP",0.0295347403841349,"Simpson"
10,"divseg","DSP",1.03361924479937,"Simpson"
10,"EconGeo","DSP",0.033619244799369,"Simpson"
10,"hhi","DSP",0.14891975308642,"Simpson"
10,"ineq","DSP",0.033619244799369,"Simpson"
10,"microbiome","DSP",0.033619244799369,"Simpson"
10,"PDtoolkit","DSP",0.033619244799369,"Simpson"
10,"politics","DSP",0.033619244799369,"Simpson"
10,"REAT","DSP",0.033619244799369,"Simpson"
10,"sprex","DSP",0.033619244799369,"Simpson"
10,"tabula","DSP",0.033619244799369,"Simpson"
10,"triversity","DSP",0.033619244799369,"Simpson"
10,"abdiv","EBP",0.0952380952380952,"Berger-Parker"
10,"agricolae","EBP",0.0952380952380952,"Berger-Parker"
10,"BiodiversityR","EBP",0.0952381,"Berger-Parker"
10,"diverse","EBP",0.100864553314121,"Berger-Parker"
10,"dyvDyn","EBP",0.0952380952380952,"Berger-Parker"
10,"ecodive","EBP",0.0952380952380952,"Berger-Parker"
10,"microbiome","EBP",0.0952380952380952,"Berger-Parker"
10,"tabula","EBP",0.0952380952380952,"Berger-Parker"
10,"triversity","EBP",0.0952380952380952,"Berger-Parker"
10,"wiqid","EBP",1,"Berger-Parker"
10,"tabula","EBRI",0.858299752467157,"Brillouin evenness"
10,"BAT","EBU",0.537901556134375,"Bulla"
10,"microbiome","EBU",0.537901556134375,"Bulla"
10,"BAT","ECAM",0.987355490473869,"Camargo"
10,"microbiome","ECAM",0.696290912294613,"Camargo"
10,"codyn","EEQ",0.188642773491363,"NHC EQ"
10,"custom","EEQ",0.00076264674406585,"NHC EQ"
10,"adiv","EEVAR",0.4823002329905,"NHC EVAR"
10,"codyn","EEVAR",0.432830704973538,"NHC EVAR"
10,"custom","EEVAR",0.4823002329905,"NHC EVAR"
10,"microbiome","EEVAR",0.4823002329905,"NHC EVAR"
10,"acid","EGIN",0.82786289394985,"Gini coefficient"
10,"DescTools","EGIN",0.827862893949851,"Gini coefficient"
10,"dplR","EGIN",0.82786289394985,"Gini coefficient"
10,"EconGeo","EGIN",0.828,"Gini coefficient"
10,"giniVarCI","EGIN",0.82786289394985,"Gini coefficient"
10,"ineq","EGIN",0.827862893949851,"Gini coefficient"
10,"microbiome","EGIN",0.827862893949852,"Gini coefficient"
10,"REAT","EGIN",0.82786289394985,"Gini coefficient"
10,"shipunov","EGIN",0.827862893949852,"Gini coefficient"
10,"wINEQ","EGIN",0.827862893949851,"Gini coefficient"
10,"abdiv","EHEI",0.515067116879373,"Heip"
10,"adiv","EHEI",0.515067116879373,"Heip"
10,"custom","EHUL",0.182194616977226,"Hulburt"
10,"benthos","EHURE",0.968385694526773,"Hurlbert PIE"
10,"BiodiversityR","EHURE",0.96838569,"Hurlbert PIE"
10,"mobr","EHURE",0.968385694526773,"Hurlbert PIE"
10,"vegan","EHURE",0.968385694526882,"Hurlbert PIE"
10,"custom","ELR",0.193438296039192,"Ludwig-Reynolds"
10,"abdiv","EMC",0.227009362238031,"McIntosh evenness"
10,"tabula","EMC",0.910561759723314,"McIntosh evenness"
10,"microbiome","EMN",0.182194616977226,"McNaughton"
10,"custom","ENHC",-0.0358597560734828,"NHC"
10,"custom","EPAT",0.130636137134005,"Patten"
10,"abdiv","EPIE",0.856163418549943,"Pielou"
10,"adiv","EPIE",0.856163418549943,"Pielou"
10,"BiodiversityR","EPIE",0.85616342,"Pielou"
10,"breakaway","EPIE",0.856163418549943,"Pielou"
10,"chemodiv","EPIE",0.856163418549943,"Pielou"
10,"diverse","EPIE",0.878882764199465,"Pielou"
10,"forestmangr","EPIE",1,"Pielou"
10,"microbiome","EPIE",0.856163418549943,"Pielou"
10,"OTUtable","EPIE",0.856163418549943,"Pielou"
10,"pctax","EPIE",0.8562,"Pielou"
10,"sprex","EPIE",0.856163418549943,"Pielou"
10,"tabula","EPIE",0.856163418549943,"Pielou"
10,"custom","ESHE",0.520225977338103,"Sheldon"
10,"adiv","ESP",0.316434766331815,"Simpson evenness"
10,"codyn","ESP",0.479644707623982,"Simpson evenness"
10,"sprex","ESP",0.0413808807688128,"Simpson evenness"
10,"tabula","ESP",0.316434766331815,"Simpson evenness"
10,"abdiv","EST",0.457182502973437,"Strong"
10,"adiv","QHIL_0",94,"Hill q=0"
10,"adiv","QHIL_1",48.9012418697817,"Hill q=1"
10,"adiv","QHIL_2",29.7448680351906,"Hill q=2"
10,"adiv","QHIL_3",22.1234065905361,"Hill q=3"
10,"BAT","QHIL_0",94,"Hill q=0"
10,"BAT","QHIL_1",48.9012418697817,"Hill q=1"
10,"BAT","QHIL_2",29.7448680351906,"Hill q=2"
10,"BAT","QHIL_3",22.1234065905361,"Hill q=3"
10,"benthos","QHIL_0",225,"Hill q=0"
10,"benthos","QHIL_1",48.9012418697817,"Hill q=1"
10,"benthos","QHIL_2",29.7448680351906,"Hill q=2"
10,"benthos","QHIL_3",22.1234065905361,"Hill q=3"
10,"breakaway","QHIL_0",94,"Hill q=0"
10,"breakaway","QHIL_1",48.9012418697817,"Hill q=1"
10,"breakaway","QHIL_2",29.7448680351906,"Hill q=2"
10,"breakaway","QHIL_3",22.1234065905361,"Hill q=3"
10,"chemodiv","QHIL_0",94,"Hill q=0"
10,"chemodiv","QHIL_1",48.9012418697817,"Hill q=1"
10,"chemodiv","QHIL_2",29.7448680351906,"Hill q=2"
10,"chemodiv","QHIL_3",22.1234065905361,"Hill q=3"
10,"divDyn","QHIL_2",29.7448680351906,"Hill q=2"
10,"divent","QHIL_0",94,"Hill q=0"
10,"divent","QHIL_1",48.9012418697817,"Hill q=1"
10,"divent","QHIL_2",29.7448680351906,"Hill q=2"
10,"divent","QHIL_3",22.1234065905366,"Hill q=3"
10,"entropart","QHIL_0",94,"Hill q=0"
10,"entropart","QHIL_1",48.9012418697817,"Hill q=1"
10,"entropart","QHIL_2",29.7448680351906,"Hill q=2"
10,"entropart","QHIL_3",22.123406590536,"Hill q=3"
10,"EntropyEstimation","QHIL_1",54.288933570875,"Hill q=1"
10,"EntropyEstimation","QHIL_2",31.6312500000001,"Hill q=2"
10,"EntropyEstimation","QHIL_3",23.2219920504475,"Hill q=3"
10,"hilldiv","QHIL_0",94,"Hill q=0"
10,"hilldiv","QHIL_1",48.9015423363652,"Hill q=1"
10,"hilldiv","QHIL_2",29.7448680351906,"Hill q=2"
10,"hilldiv","QHIL_3",22.1234065905361,"Hill q=3"
10,"hillR","QHIL_0",94,"Hill q=0"
10,"hillR","QHIL_1",48.9012418697817,"Hill q=1"
10,"hillR","QHIL_2",29.7448680351906,"Hill q=2"
10,"hillR","QHIL_3",22.1234065905361,"Hill q=3"
10,"sprex","QHIL_0",94,"Hill q=0"
10,"sprex","QHIL_1",48.9012418697817,"Hill q=1"
10,"sprex","QHIL_2",29.7448680351906,"Hill q=2"
10,"sprex","QHIL_3",22.1234065905361,"Hill q=3"
10,"vegan","QHIL_0",94,"Hill q=0"
10,"vegan","QHIL_1",48.9012418697817,"Hill q=1"
10,"vegan","QHIL_2",29.7448680351906,"Hill q=2"
10,"vegan","QHIL_3",22.1234065905361,"Hill q=3"
10,"adiv","QREN_0",4.54329478227,"Renyi q=0"
10,"adiv","QREN_1",3.88980279226841,"Renyi q=1"
10,"adiv","QREN_2",3.39265661409248,"Renyi q=2"
10,"adiv","QREN_3",3.09663616979369,"Renyi q=3"
10,"BiodiversityR","QREN_0",4.54329478227,"Renyi q=0"
10,"BiodiversityR","QREN_1",3.88980279226841,"Renyi q=1"
10,"BiodiversityR","QREN_2",3.39265661409248,"Renyi q=2"
10,"BiodiversityR","QREN_3",3.09663616979369,"Renyi q=3"
10,"diverse","QREN_0",4.48863636973214,"Renyi q=0"
10,"diverse","QREN_1",3.94498514011644,"Renyi q=1"
10,"diverse","QREN_2",3.43171421228326,"Renyi q=2"
10,"diverse","QREN_3",3.10897529996468,"Renyi q=3"
10,"EntropyEstimation","QREN_1",3.99432040452817,"Renyi q=1"
10,"EntropyEstimation","QREN_2",3.45414555598025,"Renyi q=2"
10,"EntropyEstimation","QREN_3",3.14509976287625,"Renyi q=3"
10,"seewave","QREN_2",0.626402100477297,"Renyi q=2"
10,"seewave","QREN_3",0.571746456032564,"Renyi q=3"
10,"sprex","QREN_0",4.54329478227,"Renyi q=0"
10,"sprex","QREN_1",3.88980279226841,"Renyi q=1"
10,"sprex","QREN_2",3.39265661409248,"Renyi q=2"
10,"sprex","QREN_3",3.09663616979369,"Renyi q=3"
10,"statcomp","QREN_1",0.718192519231218,"Renyi q=1"
10,"statcomp","QREN_2",0.626402090461917,"Renyi q=2"
10,"statcomp","QREN_3",0.571746448521029,"Renyi q=3"
10,"vegan","QREN_0",4.54329478227,"Renyi q=0"
10,"vegan","QREN_1",3.88980279226841,"Renyi q=1"
10,"vegan","QREN_2",3.39265661409248,"Renyi q=2"
10,"vegan","QREN_3",3.09663616979369,"Renyi q=3"
10,"adiv","QTSA_0",93,"Tsallis q=0"
10,"adiv","QTSA_1",3.88980279226841,"Tsallis q=1"
10,"adiv","QTSA_2",0.966380755200631,"Tsallis q=2"
10,"adiv","QTSA_3",0.498978435006467,"Tsallis q=3"
10,"divent","QTSA_0",93,"Tsallis q=0"
10,"divent","QTSA_1",3.88980279226841,"Tsallis q=1"
10,"divent","QTSA_2",0.966380755200631,"Tsallis q=2"
10,"divent","QTSA_3",0.498978435006467,"Tsallis q=3"
10,"entropart","QTSA_0",93,"Tsallis q=0"
10,"entropart","QTSA_1",3.88980279226841,"Tsallis q=1"
10,"entropart","QTSA_2",0.966380755200631,"Tsallis q=2"
10,"entropart","QTSA_3",0.498978435006467,"Tsallis q=3"
10,"EntropyEstimation","QTSA_1",3.99432040452817,"Tsallis q=1"
10,"EntropyEstimation","QTSA_2",0.968385694526773,"Tsallis q=2"
10,"EntropyEstimation","QTSA_3",0.499072805044301,"Tsallis q=3"
10,"vegan","QTSA_0",93,"Tsallis q=0"
10,"vegan","QTSA_1",3.88980279226841,"Tsallis q=1"
10,"vegan","QTSA_2",0.966380755200631,"Tsallis q=2"
10,"vegan","QTSA_3",0.498978435006467,"Tsallis q=3"
10,"BAT","RACE",132.601933807827,"ACE"
10,"ecodive","RACE",132.601933807827,"ACE"
10,"fossil","RACE",109.491803278689,"ACE"
10,"pctax","RACE",132.6019,"ACE"
10,"sprex","RACE",483.34699438084,"ACE"
10,"tabula","RACE",132.601933807827,"ACE"
10,"vegan","RACE",132.601933807827,"ACE"
10,"wiqid","RACE",132.601933807827,"ACE"
10,"BiodiversityR","RBOO",94,"Bootstrap estimator"
10,"wiqid","RBOO",225,"Bootstrap estimator"
10,"BAT","RC1",129,"Chao 1"
10,"BiodiversityR","RC1",94,"Chao 1"
10,"biosampleR","RC1",102.5,"Chao 1"
10,"iNEXT","RC1",132.202,"Chao 1"
10,"microbiome","RC1",129,"Chao 1"
10,"pctax","RC1",129,"Chao 1"
10,"rareNMtests","RC1",94,"Chao 1"
10,"SpadeR","RC1",94,"Chao 1"
10,"SSP","RC1",93,"Chao 1"
10,"vegan","RC1",129,"Chao 1"
10,"wiqid","RC1",132.28125,"Chao 1"
10,"BAT","RC1M",146.884223630602,"Chao 1 modified"
10,"divent","RC1M",132.201992753623,"Chao 1 modified"
10,"ecodive","RC1M",132.28125,"Chao 1 modified"
10,"entropart","RC1M",132.201992753623,"Chao 1 modified"
10,"fossil","RC1M",132.28125,"Chao 1 modified"
10,"mobr","RC1M",132.201992753623,"Chao 1 modified"
10,"OTUtable","RC1M",132.28125,"Chao 1 modified"
10,"tabula","RC1M",132.201992753623,"Chao 1 modified"
10,"wiqid","RC1M",132.28125,"Chao 1 modified"
10,"BAT","RCA2",205.93695584773,"Chao 2"
10,"divDyn","RCA2",128.627659574468,"Chao 2"
10,"fossil","RCA2",132.28125,"Chao 2"
10,"tabula","RCA2",94,"Chao 2"
10,"wiqid","RCA2",94,"Chao 2"
10,"benthos","RHUR_2",1.96838569452688,"Hurlbert D k=2"
10,"benthos","RHUR_3",2.90701147349173,"Hurlbert D k=3"
10,"divent","RHUR_2",31.6312628437773,"Hurlbert D k=2"
10,"divent","RHUR_3",31.9251960504703,"Hurlbert D k=3"
10,"entropart","RHUR_2",1.96838569452689,"Hurlbert D k=2"
10,"entropart","RHUR_3",2.90701147349174,"Hurlbert D k=3"
10,"mobsim","RHUR_2",1.96838569452688,"Hurlbert D k=2"
10,"mobsim","RHUR_3",2.90701147349173,"Hurlbert D k=3"
10,"tabula","RHUR_2",1.96838569450722,"Hurlbert D k=2"
10,"tabula","RHUR_3",2.90701147344981,"Hurlbert D k=3"
10,"vegan","RHUR_2",1.96838569452688,"Hurlbert D k=2"
10,"vegan","RHUR_3",2.90701147349173,"Hurlbert D k=3"
10,"BAT","RICE",202.713404476029,"ICE"
10,"fossil","RICE",109.491803278689,"ICE"
10,"tabula","RICE",94,"ICE"
10,"wiqid","RICE",94,"ICE"
10,"BAT","RJA1",129,"Jackknife 1"
10,"BiodiversityR","RJA1",94,"Jackknife 1"
10,"divent","RJA1",148,"Jackknife 1"
10,"entropart","RJA1",148,"Jackknife 1"
10,"fossil","RJA1",128.927536231884,"Jackknife 1"
10,"SSP","RJA1",93,"Jackknife 1"
10,"tabula","RJA1",3.86914307534476,"Jackknife 1"
10,"wiqid","RJA1",129,"Jackknife 1"
10,"BAT","RJA2",148,"Jackknife 2"
10,"BiodiversityR","RJA2",94,"Jackknife 2"
10,"fossil","RJA2",147.664527546541,"Jackknife 2"
10,"SSP","RJA2",93,"Jackknife 2"
10,"wiqid","RJA2",148,"Jackknife 2"
10,"asbio","RLMD",161.484162376692,NA
10,"sads","RLMD",1.01404285083944,NA
10,"vegan","RLMD",121.082118729682,NA
10,"wiqid","RMM",0,"Michaelis-Menten"
10,"divDyn","RSQ",135.772681620355,"Squares Richness Estimator"
10,"ecodive","RSQ",135.772681620355,"Squares Richness Estimator"
10,"tabula","RSQ",135.772681620355,"Squares Richness Estimator"
11,"custom","RICH",87,"Species richness"
11,"abdiv","D1SP",0.96583976467808,"Simpson's reciprocal"
11,"ade4","D1SP",0.965839764678081,"Simpson's reciprocal"
11,"adiv","D1SP",0.96583976467808,"Simpson's reciprocal"
11,"agricolae","D1SP",0.96583976467808,"Simpson's reciprocal"
11,"asbio","D1SP",0.96583976467808,"Simpson's reciprocal"
11,"BiodiversityR","D1SP",0.96583976,"Simpson's reciprocal"
11,"biosampleR","D1SP",0.965581980809541,"Simpson's reciprocal"
11,"breakaway","D1SP",0.96583976467808,"Simpson's reciprocal"
11,"catsim","D1SP",0.593540740740741,"Simpson's reciprocal"
11,"concstats","D1SP",0.995688215336259,"Simpson's reciprocal"
11,"CUB","D1SP",0.970151549341822,"Simpson's reciprocal"
11,"DescTools","D1SP",0.965839764678081,"Simpson's reciprocal"
11,"divent","D1SP",0.96583976467808,"Simpson's reciprocal"
11,"diverse","D1SP",0.965581980809541,"Simpson's reciprocal"
11,"ecodive","D1SP",0.96583976467808,"Simpson's reciprocal"
11,"entropart","D1SP",0.96583976467808,"Simpson's reciprocal"
11,"lawstat","D1SP",0.83614624153901,"Simpson's reciprocal"
11,"MCPAN","D1SP",0.96583976467808,"Simpson's reciprocal"
11,"microbiome","D1SP",0.96583976467808,"Simpson's reciprocal"
11,"PCRA","D1SP",0.96583976467808,"Simpson's reciprocal"
11,"RoughSets","D1SP",0.96583976467808,"Simpson's reciprocal"
11,"simboot","D1SP",0.96583976467808,"Simpson's reciprocal"
11,"sprex","D1SP",0.96583976467808,"Simpson's reciprocal"
11,"untb","D1SP",0.968254364089776,"Simpson's reciprocal"
11,"vegan","D1SP",0.96583976467808,"Simpson's reciprocal"
11,"abdiv","DBRI",3.55633726353521,"Brillouin"
11,"ecodive","DBRI",3.55633726353521,"Brillouin"
11,"tabula","DBRI",3.55633726353521,"Brillouin"
11,"wiqid","DBRI",35.0346392013626,"Brillouin"
11,"BiodiversityR","DFIS",34.20589679,"Fisher's alpha"
11,"ecodive","DFIS",34.206,"Fisher's alpha"
11,"microbiome","DFIS",34.2058967945755,"Fisher's alpha"
11,"preseqR","DFIS",9.61981122292578,"Fisher's alpha"
11,"sads","DFIS",34.2058961266138,"Fisher's alpha"
11,"vegan","DFIS",34.2058967945755,"Fisher's alpha"
11,"custom","DGLE",14.5146079191728,"Gleason"
11,"custom","DGOO_1_1",3.85981424398521,"Good m1 n1"
11,"custom","DGOO_1_2",0.326517109563598,"Good m1 n2"
11,"custom","DGOO_1_3",1,"Good m1 n3"
11,"custom","DGOO_2_1",0.102540361939559,"Good m2 n1"
11,"custom","DGOO_2_2",1.11004316106161,"Good m2 n2"
11,"custom","DGOO_2_3",1,"Good m2 n3"
11,"custom","DGOO_3_1",0.00551277889160762,"Good m3 n1"
11,"custom","DGOO_3_2",0.042612691302716,"Good m3 n2"
11,"custom","DGOO_3_3",1,"Good m3 n3"
11,"abdiv","DINVSP",29.273803022028,"Simpson inverse"
11,"adiv","DINVSP",29.273803022028,"Simpson inverse"
11,"asbio","DINVSP",29.273803022028,"Simpson inverse"
11,"BiodiversityR","DINVSP",29.27380302,"Simpson inverse"
11,"breakaway","DINVSP",29.273803022028,"Simpson inverse"
11,"chemodiv","DINVSP",29.273803022028,"Simpson inverse"
11,"codyn","DINVSP",5.04,"Simpson inverse"
11,"divseg","DINVSP",1.03416023532192,"Simpson inverse"
11,"ecodive","DINVSP",29.273803022028,"Simpson inverse"
11,"microbiome","DINVSP",29.273803022028,"Simpson inverse"
11,"sprex","DINVSP",29.273803022028,"Simpson inverse"
11,"vegan","DINVSP",29.273803022028,"Simpson inverse"
11,"wiqid","DINVSP",29.273803022028,"Simpson inverse"
11,"custom","DKO",0.201834862385321,"Kothe"
11,"abdiv","DMC",0.858022733133082,"McIntosh"
11,"adiv","DMC",0.858022733133082,"McIntosh"
11,"agricolae","DMC",0.858022733133082,"McIntosh"
11,"ecodive","DMC",0.858022733133082,"McIntosh"
11,"forestHES","DMC",0.858022733133082,"McIntosh"
11,"tabula","DMC",0.858022733133082,"McIntosh"
11,"abdiv","DMG",14.3477733453892,"Margalef"
11,"adiv","DMG",14.3477733453892,"Margalef"
11,"agricolae","DMG",37.3709445275253,"Margalef"
11,"ecodive","DMG",14.3477733453892,"Margalef"
11,"tabula","DMG",14.3477733453892,"Margalef"
11,"abdiv","DMN",4.34457267411862,"Menhinick"
11,"adiv","DMN",4.34457267411862,"Menhinick"
11,"ecodive","DMN",4.34457267411862,"Menhinick"
11,"tabula","DMN",4.34457267411862,"Menhinick"
11,"custom","DOD",216.957605985037,"Odum"
11,"abdiv","DQ",0,"Q-statistic"
11,"ade4","DRAO",0.96583976467808,"Rao"
11,"BAT","DRAO",0.965839764678058,"Rao"
11,"SYNCSA","DRAO",0.96583976467808,"Rao"
11,"abdiv","DSHA",3.85981424398521,"Shannon"
11,"adiv","DSHA",3.85981424398521,"Shannon"
11,"aqp","DSHA",5.56853486855004,"Shannon"
11,"asbio","DSHA",3.85981424398521,"Shannon"
11,"benthos","DSHA",0,"Shannon"
11,"BiodiversityR","DSHA",3.85981424,"Shannon"
11,"biosampleR","DSHA",4.01309369612849,"Shannon"
11,"chemodiv","DSHA",3.85981424398521,"Shannon"
11,"codyn","DSHA",3.85981424398521,"Shannon"
11,"DescTools","DSHA",5.56853486855004,"Shannon"
11,"divDyn","DSHA",3.85981424398521,"Shannon"
11,"divent","DSHA",3.85981424398521,"Shannon"
11,"diverse","DSHA",4.01309369612849,"Shannon"
11,"ecodive","DSHA",3.8598142439852,"Shannon"
11,"EconGeo","DSHA",5.569,"Shannon"
11,"entropart","DSHA",3.85981424398521,"Shannon"
11,"forestmangr","DSHA",3.56,"Shannon"
11,"HardyWeinberg","DSHA",3.85981424398521,"Shannon"
11,"iNEXT","DSHA",3.86,"Shannon"
11,"MCPAN","DSHA",3.85981424398521,"Shannon"
11,"microbiome","DSHA",3.85981424398521,"Shannon"
11,"OTUtable","DSHA",3.85981424398521,"Shannon"
11,"pgirmess","DSHA",5.56853486855004,"Shannon"
11,"SpiecEasi","DSHA",3.85981424398521,"Shannon"
11,"sprex","DSHA",3.85981424398521,"Shannon"
11,"tabula","DSHA",3.85981424398521,"Shannon"
11,"triversity","DSHA",5.56853486855004,"Shannon"
11,"vegan","DSHA",3.85981424398521,"Shannon"
11,"wavethresh","DSHA",-32872.474759904,"Shannon"
11,"wiqid","DSHA",47.4565352131947,"Shannon"
11,"abdiv","DSP",0.0341602353219196,"Simpson"
11,"agricolae","DSP",0.0341602353219196,"Simpson"
11,"antitrust","DSP",341.602353219196,"Simpson"
11,"benthos","DSP",0.0317456359102244,"Simpson"
11,"breakaway","DSP",0.0341602353219196,"Simpson"
11,"concstats","DSP",0.0341602353219196,"Simpson"
11,"DescTools","DSP",0.0341602353219196,"Simpson"
11,"diverse","DSP",0.032182875716363,"Simpson"
11,"divseg","DSP",1.03416023532192,"Simpson"
11,"EconGeo","DSP",0.0341602353219196,"Simpson"
11,"hhi","DSP",0.198412698412698,"Simpson"
11,"ineq","DSP",0.0341602353219196,"Simpson"
11,"microbiome","DSP",0.0341602353219196,"Simpson"
11,"PDtoolkit","DSP",0.0341602353219196,"Simpson"
11,"politics","DSP",0.0341602353219196,"Simpson"
11,"REAT","DSP",0.0341602353219196,"Simpson"
11,"sprex","DSP",0.0341602353219196,"Simpson"
11,"tabula","DSP",0.0341602353219196,"Simpson"
11,"triversity","DSP",0.0341602353219196,"Simpson"
11,"abdiv","EBP",0.102244389027431,"Berger-Parker"
11,"agricolae","EBP",0.102244389027431,"Berger-Parker"
11,"BiodiversityR","EBP",0.10224439,"Berger-Parker"
11,"diverse","EBP",0.10161662817552,"Berger-Parker"
11,"dyvDyn","EBP",0.102244389027431,"Berger-Parker"
11,"ecodive","EBP",0.102244389027431,"Berger-Parker"
11,"microbiome","EBP",0.102244389027431,"Berger-Parker"
11,"tabula","EBP",0.102244389027431,"Berger-Parker"
11,"triversity","EBP",0.102244389027431,"Berger-Parker"
11,"wiqid","EBP",1,"Berger-Parker"
11,"tabula","EBRI",0.867080912353296,"Brillouin evenness"
11,"BAT","EBU",0.563156063330047,"Bulla"
11,"microbiome","EBU",0.563156063330047,"Bulla"
11,"BAT","ECAM",0.986822572011564,"Camargo"
11,"microbiome","ECAM",0.777452919425574,"Camargo"
11,"codyn","EEQ",0.211903752729953,"NHC EQ"
11,"custom","EEQ",0.00084701042161248,"NHC EQ"
11,"adiv","EEVAR",0.512116833323707,"NHC EVAR"
11,"codyn","EEVAR",0.548105668436056,"NHC EVAR"
11,"custom","EEVAR",0.512116833323707,"NHC EVAR"
11,"microbiome","EEVAR",0.512116833323707,"NHC EVAR"
11,"acid","EGIN",0.832430036021058,"Gini coefficient"
11,"DescTools","EGIN",0.832430036021059,"Gini coefficient"
11,"dplR","EGIN",0.832430036021058,"Gini coefficient"
11,"EconGeo","EGIN",0.832,"Gini coefficient"
11,"giniVarCI","EGIN",0.832430036021059,"Gini coefficient"
11,"ineq","EGIN",0.832430036021058,"Gini coefficient"
11,"microbiome","EGIN",0.832430036021059,"Gini coefficient"
11,"REAT","EGIN",0.832430036021058,"Gini coefficient"
11,"shipunov","EGIN",0.832430036021059,"Gini coefficient"
11,"wINEQ","EGIN",0.832430036021058,"Gini coefficient"
11,"abdiv","EHEI",0.540192269920869,"Heip"
11,"adiv","EHEI",0.540192269920869,"Heip"
11,"custom","EHUL",0.167082294264339,"Hulburt"
11,"benthos","EHURE",0.968254364089776,"Hurlbert PIE"
11,"BiodiversityR","EHURE",0.96825436,"Hurlbert PIE"
11,"mobr","EHURE",0.968254364089775,"Hurlbert PIE"
11,"vegan","EHURE",0.968254364089675,"Hurlbert PIE"
11,"custom","ELR",0.20300329830422,"Ludwig-Reynolds"
11,"abdiv","EMC",0.235183106182733,"McIntosh evenness"
11,"tabula","EMC",0.913066081688027,"McIntosh evenness"
11,"microbiome","EMN",0.167082294264339,"McNaughton"
11,"custom","ENHC",-0.0368616353615509,"NHC"
11,"custom","EPAT",0.15152727757814,"Patten"
11,"abdiv","EPIE",0.864284293683146,"Pielou"
11,"adiv","EPIE",0.864284293683146,"Pielou"
11,"BiodiversityR","EPIE",0.86428429,"Pielou"
11,"breakaway","EPIE",0.864284293683146,"Pielou"
11,"chemodiv","EPIE",0.864284293683146,"Pielou"
11,"diverse","EPIE",0.855424453029825,"Pielou"
11,"forestmangr","EPIE",1,"Pielou"
11,"microbiome","EPIE",0.864284293683146,"Pielou"
11,"OTUtable","EPIE",0.864284293683146,"Pielou"
11,"pctax","EPIE",0.8643,"Pielou"
11,"sprex","EPIE",0.864284293683146,"Pielou"
11,"tabula","EPIE",0.864284293683146,"Pielou"
11,"custom","ESHE",0.545477416243618,"Sheldon"
11,"adiv","ESP",0.336480494506069,"Simpson evenness"
11,"codyn","ESP",0.504,"Simpson evenness"
11,"sprex","ESP",0.0443656809653472,"Simpson evenness"
11,"tabula","ESP",0.336480494506069,"Simpson evenness"
11,"abdiv","EST",0.431822741995586,"Strong"
11,"adiv","QHIL_0",87,"Hill q=0"
11,"adiv","QHIL_1",47.4565352131947,"Hill q=1"
11,"adiv","QHIL_2",29.273803022028,"Hill q=2"
11,"adiv","QHIL_3",21.89691157638,"Hill q=3"
11,"BAT","QHIL_0",87,"Hill q=0"
11,"BAT","QHIL_1",47.4565352131947,"Hill q=1"
11,"BAT","QHIL_2",29.273803022028,"Hill q=2"
11,"BAT","QHIL_3",21.89691157638,"Hill q=3"
11,"benthos","QHIL_0",225,"Hill q=0"
11,"benthos","QHIL_1",47.4565352131947,"Hill q=1"
11,"benthos","QHIL_2",29.273803022028,"Hill q=2"
11,"benthos","QHIL_3",21.89691157638,"Hill q=3"
11,"breakaway","QHIL_0",87,"Hill q=0"
11,"breakaway","QHIL_1",47.4565352131947,"Hill q=1"
11,"breakaway","QHIL_2",29.273803022028,"Hill q=2"
11,"breakaway","QHIL_3",21.89691157638,"Hill q=3"
11,"chemodiv","QHIL_0",87,"Hill q=0"
11,"chemodiv","QHIL_1",47.4565352131947,"Hill q=1"
11,"chemodiv","QHIL_2",29.273803022028,"Hill q=2"
11,"chemodiv","QHIL_3",21.89691157638,"Hill q=3"
11,"divDyn","QHIL_2",29.273803022028,"Hill q=2"
11,"divent","QHIL_0",87,"Hill q=0"
11,"divent","QHIL_1",47.4565352131947,"Hill q=1"
11,"divent","QHIL_2",29.2738030220281,"Hill q=2"
11,"divent","QHIL_3",21.89691157638,"Hill q=3"
11,"entropart","QHIL_0",87,"Hill q=0"
11,"entropart","QHIL_1",47.4565352131947,"Hill q=1"
11,"entropart","QHIL_2",29.2738030220281,"Hill q=2"
11,"entropart","QHIL_3",21.8969115763797,"Hill q=3"
11,"EntropyEstimation","QHIL_1",53.3281945445172,"Hill q=1"
11,"EntropyEstimation","QHIL_2",31.5003927729772,"Hill q=2"
11,"EntropyEstimation","QHIL_3",23.2096954989334,"Hill q=3"
11,"hilldiv","QHIL_0",87,"Hill q=0"
11,"hilldiv","QHIL_1",47.4568129409812,"Hill q=1"
11,"hilldiv","QHIL_2",29.273803022028,"Hill q=2"
11,"hilldiv","QHIL_3",21.89691157638,"Hill q=3"
11,"hillR","QHIL_0",87,"Hill q=0"
11,"hillR","QHIL_1",47.4565352131947,"Hill q=1"
11,"hillR","QHIL_2",29.273803022028,"Hill q=2"
11,"hillR","QHIL_3",21.89691157638,"Hill q=3"
11,"sprex","QHIL_0",87,"Hill q=0"
11,"sprex","QHIL_1",47.4565352131947,"Hill q=1"
11,"sprex","QHIL_2",29.273803022028,"Hill q=2"
11,"sprex","QHIL_3",21.89691157638,"Hill q=3"
11,"vegan","QHIL_0",87,"Hill q=0"
11,"vegan","QHIL_1",47.4565352131947,"Hill q=1"
11,"vegan","QHIL_2",29.273803022028,"Hill q=2"
11,"vegan","QHIL_3",21.89691157638,"Hill q=3"
11,"adiv","QREN_0",4.46590811865458,"Renyi q=0"
11,"adiv","QREN_1",3.85981424398521,"Renyi q=1"
11,"adiv","QREN_2",3.37669302127052,"Renyi q=2"
11,"adiv","QREN_3",3.08634560296806,"Renyi q=3"
11,"BiodiversityR","QREN_0",4.46590811865458,"Renyi q=0"
11,"BiodiversityR","QREN_1",3.85981424398521,"Renyi q=1"
11,"BiodiversityR","QREN_2",3.37669302127052,"Renyi q=2"
11,"BiodiversityR","QREN_3",3.08634560296806,"Renyi q=3"
11,"diverse","QREN_0",4.69134788222914,"Renyi q=0"
11,"diverse","QREN_1",4.01309369612849,"Renyi q=1"
11,"diverse","QREN_2",3.36917503806914,"Renyi q=2"
11,"diverse","QREN_3",3.00376324923815,"Renyi q=3"
11,"EntropyEstimation","QREN_1",3.97646516963324,"Renyi q=1"
11,"EntropyEstimation","QREN_2",3.45000001473725,"Renyi q=2"
11,"EntropyEstimation","QREN_3",3.14457010080922,"Renyi q=3"
11,"seewave","QREN_2",0.623454670213294,"Renyi q=2"
11,"seewave","QREN_3",0.569846462471934,"Renyi q=3"
11,"sprex","QREN_0",4.46590811865458,"Renyi q=0"
11,"sprex","QREN_1",3.85981424398521,"Renyi q=1"
11,"sprex","QREN_2",3.37669302127052,"Renyi q=2"
11,"sprex","QREN_3",3.08634560296806,"Renyi q=3"
11,"statcomp","QREN_1",0.712655593019327,"Renyi q=1"
11,"statcomp","QREN_2",0.623454657505271,"Renyi q=2"
11,"statcomp","QREN_3",0.569846452940917,"Renyi q=3"
11,"vegan","QREN_0",4.46590811865458,"Renyi q=0"
11,"vegan","QREN_1",3.85981424398521,"Renyi q=1"
11,"vegan","QREN_2",3.37669302127052,"Renyi q=2"
11,"vegan","QREN_3",3.08634560296806,"Renyi q=3"
11,"adiv","QTSA_0",86,"Tsallis q=0"
11,"adiv","QTSA_1",3.85981424398521,"Tsallis q=1"
11,"adiv","QTSA_2",0.96583976467808,"Tsallis q=2"
11,"adiv","QTSA_3",0.498957192190015,"Tsallis q=3"
11,"divent","QTSA_0",86,"Tsallis q=0"
11,"divent","QTSA_1",3.85981424398521,"Tsallis q=1"
11,"divent","QTSA_2",0.96583976467808,"Tsallis q=2"
11,"divent","QTSA_3",0.498957192190015,"Tsallis q=3"
11,"entropart","QTSA_0",86,"Tsallis q=0"
11,"entropart","QTSA_1",3.85981424398521,"Tsallis q=1"
11,"entropart","QTSA_2",0.96583976467808,"Tsallis q=2"
11,"entropart","QTSA_3",0.498957192190015,"Tsallis q=3"
11,"EntropyEstimation","QTSA_1",3.97646516963324,"Tsallis q=1"
11,"EntropyEstimation","QTSA_2",0.968254364089775,"Tsallis q=2"
11,"EntropyEstimation","QTSA_3",0.499071822323889,"Tsallis q=3"
11,"vegan","QTSA_0",86,"Tsallis q=0"
11,"vegan","QTSA_1",3.85981424398521,"Tsallis q=1"
11,"vegan","QTSA_2",0.96583976467808,"Tsallis q=2"
11,"vegan","QTSA_3",0.498957192190015,"Tsallis q=3"
11,"BAT","RACE",124.809297725401,"ACE"
11,"ecodive","RACE",124.809297725401,"ACE"
11,"fossil","RACE",100.917098445596,"ACE"
11,"pctax","RACE",124.8093,"ACE"
11,"sprex","RACE",401,"ACE"
11,"tabula","RACE",124.809297725401,"ACE"
11,"vegan","RACE",124.809297725401,"ACE"
11,"wiqid","RACE",124.809297725401,"ACE"
11,"BiodiversityR","RBOO",87,"Bootstrap estimator"
11,"wiqid","RBOO",225,"Bootstrap estimator"
11,"BAT","RC1",127.071428571429,"Chao 1"
11,"BiodiversityR","RC1",87,"Chao 1"
11,"biosampleR","RC1",179.5,"Chao 1"
11,"iNEXT","RC1",131.351,"Chao 1"
11,"microbiome","RC1",127.071428571429,"Chao 1"
11,"pctax","RC1",127.0714,"Chao 1"
11,"rareNMtests","RC1",87,"Chao 1"
11,"SpadeR","RC1",87,"Chao 1"
11,"SSP","RC1",87,"Chao 1"
11,"vegan","RC1",127.071428571429,"Chao 1"
11,"wiqid","RC1",131.461538461538,"Chao 1"
11,"BAT","RC1M",146.478823396184,"Chao 1 modified"
11,"divent","RC1M",131.350661807021,"Chao 1 modified"
11,"ecodive","RC1M",131.461538461538,"Chao 1 modified"
11,"entropart","RC1M",131.350661807021,"Chao 1 modified"
11,"fossil","RC1M",131.461538461538,"Chao 1 modified"
11,"mobr","RC1M",131.350661807021,"Chao 1 modified"
11,"OTUtable","RC1M",131.461538461538,"Chao 1 modified"
11,"tabula","RC1M",131.350661807021,"Chao 1 modified"
11,"wiqid","RC1M",131.461538461538,"Chao 1 modified"
11,"BAT","RCA2",208.508711085955,"Chao 2"
11,"divDyn","RCA2",126.610837438424,"Chao 2"
11,"fossil","RCA2",131.461538461538,"Chao 2"
11,"tabula","RCA2",87,"Chao 2"
11,"wiqid","RCA2",87,"Chao 2"
11,"benthos","RHUR_2",1.96825436408967,"Hurlbert D k=2"
11,"benthos","RHUR_3",2.90661944762124,"Hurlbert D k=3"
11,"divent","RHUR_2",31.5004095773726,"Hurlbert D k=2"
11,"divent","RHUR_3",31.7897405202736,"Hurlbert D k=3"
11,"entropart","RHUR_2",1.96825436408969,"Hurlbert D k=2"
11,"entropart","RHUR_3",2.90661944762124,"Hurlbert D k=3"
11,"mobsim","RHUR_2",1.96825436408967,"Hurlbert D k=2"
11,"mobsim","RHUR_3",2.90661944762124,"Hurlbert D k=3"
11,"tabula","RHUR_2",1.9682543641143,"Hurlbert D k=2"
11,"tabula","RHUR_3",2.90661944767253,"Hurlbert D k=3"
11,"vegan","RHUR_2",1.96825436408967,"Hurlbert D k=2"
11,"vegan","RHUR_3",2.90661944762124,"Hurlbert D k=3"
11,"BAT","RICE",205.145210107049,"ICE"
11,"fossil","RICE",100.917098445596,"ICE"
11,"tabula","RICE",87,"ICE"
11,"wiqid","RICE",87,"ICE"
11,"BAT","RJA1",121,"Jackknife 1"
11,"BiodiversityR","RJA1",87,"Jackknife 1"
11,"divent","RJA1",142,"Jackknife 1"
11,"entropart","RJA1",142,"Jackknife 1"
11,"fossil","RJA1",120.915211970075,"Jackknife 1"
11,"SSP","RJA1",87,"Jackknife 1"
11,"tabula","RJA1",3.83885941318504,"Jackknife 1"
11,"wiqid","RJA1",121,"Jackknife 1"
11,"BAT","RJA2",142,"Jackknife 2"
11,"BiodiversityR","RJA2",87,"Jackknife 2"
11,"fossil","RJA2",141.588447630923,"Jackknife 2"
11,"SSP","RJA2",87,"Jackknife 2"
11,"wiqid","RJA2",142,"Jackknife 2"
11,"asbio","RLMD",159.153648926801,NA
11,"sads","RLMD",0.959636872415064,NA
11,"vegan","RLMD",107.800196131786,NA
11,"wiqid","RMM",0,"Michaelis-Menten"
11,"divDyn","RSQ",127.229265789424,"Squares Richness Estimator"
11,"ecodive","RSQ",127.229265789424,"Squares Richness Estimator"
11,"tabula","RSQ",127.229265789424,"Squares Richness Estimator"
12,"custom","RICH",84,"Species richness"
12,"abdiv","D1SP",0.955059870405208,"Simpson's reciprocal"
12,"ade4","D1SP",0.955059870405208,"Simpson's reciprocal"
12,"adiv","D1SP",0.955059870405208,"Simpson's reciprocal"
12,"agricolae","D1SP",0.955059870405208,"Simpson's reciprocal"
12,"asbio","D1SP",0.955059870405208,"Simpson's reciprocal"
12,"BiodiversityR","D1SP",0.95505987,"Simpson's reciprocal"
12,"biosampleR","D1SP",0.968339278636544,"Simpson's reciprocal"
12,"breakaway","D1SP",0.955059870405208,"Simpson's reciprocal"
12,"catsim","D1SP",0.573827160493827,"Simpson's reciprocal"
12,"concstats","D1SP",0.995736339864262,"Simpson's reciprocal"
12,"CUB","D1SP",0.959323530540945,"Simpson's reciprocal"
12,"DescTools","D1SP",0.955059870405208,"Simpson's reciprocal"
12,"divent","D1SP",0.955059870405208,"Simpson's reciprocal"
12,"diverse","D1SP",0.968339278636544,"Simpson's reciprocal"
12,"ecodive","D1SP",0.955059870405208,"Simpson's reciprocal"
12,"entropart","D1SP",0.955059870405208,"Simpson's reciprocal"
12,"lawstat","D1SP",0.853239656518345,"Simpson's reciprocal"
12,"MCPAN","D1SP",0.955059870405208,"Simpson's reciprocal"
12,"microbiome","D1SP",0.955059870405208,"Simpson's reciprocal"
12,"PCRA","D1SP",0.955059870405208,"Simpson's reciprocal"
12,"RoughSets","D1SP",0.955059870405208,"Simpson's reciprocal"
12,"simboot","D1SP",0.955059870405208,"Simpson's reciprocal"
12,"sprex","D1SP",0.955059870405208,"Simpson's reciprocal"
12,"untb","D1SP",0.957676472789879,"Simpson's reciprocal"
12,"vegan","D1SP",0.955059870405208,"Simpson's reciprocal"
12,"abdiv","DBRI",3.38990262543355,"Brillouin"
12,"ecodive","DBRI",3.38990262543355,"Brillouin"
12,"tabula","DBRI",3.38990262543355,"Brillouin"
12,"wiqid","DBRI",29.6630637017671,"Brillouin"
12,"BiodiversityR","DFIS",34.12040867,"Fisher's alpha"
12,"ecodive","DFIS",34.12,"Fisher's alpha"
12,"microbiome","DFIS",34.120408666445,"Fisher's alpha"
12,"preseqR","DFIS",13.7047080846128,"Fisher's alpha"
12,"sads","DFIS",34.1204063349296,"Fisher's alpha"
12,"vegan","DFIS",34.120408666445,"Fisher's alpha"
12,"custom","DGLE",14.2309364745168,"Gleason"
12,"custom","DGOO_1_1",3.69841358799739,"Good m1 n1"
12,"custom","DGOO_1_2",0.345944587219678,"Good m1 n2"
12,"custom","DGOO_1_3",1,"Good m1 n3"
12,"custom","DGOO_2_1",0.119944696418386,"Good m2 n1"
12,"custom","DGOO_2_2",1.09209577433605,"Good m2 n2"
12,"custom","DGOO_2_3",1,"Good m2 n3"
12,"custom","DGOO_3_1",0.00887378095303404,"Good m3 n1"
12,"custom","DGOO_3_2",0.0538491879947586,"Good m3 n2"
12,"custom","DGOO_3_3",1,"Good m3 n3"
12,"abdiv","DINVSP",22.2518272425249,"Simpson inverse"
12,"adiv","DINVSP",22.2518272425249,"Simpson inverse"
12,"asbio","DINVSP",22.2518272425249,"Simpson inverse"
12,"BiodiversityR","DINVSP",22.25182724,"Simpson inverse"
12,"breakaway","DINVSP",22.2518272425249,"Simpson inverse"
12,"chemodiv","DINVSP",22.2518272425249,"Simpson inverse"
12,"codyn","DINVSP",4.56603773584906,"Simpson inverse"
12,"divseg","DINVSP",1.04494012959479,"Simpson inverse"
12,"ecodive","DINVSP",22.2518272425249,"Simpson inverse"
12,"microbiome","DINVSP",22.2518272425249,"Simpson inverse"
12,"sprex","DINVSP",22.2518272425249,"Simpson inverse"
12,"vegan","DINVSP",22.2518272425249,"Simpson inverse"
12,"wiqid","DINVSP",22.2518272425249,"Simpson inverse"
12,"custom","DKO",0.229357798165138,"Kothe"
12,"abdiv","DMC",0.831470803648603,"McIntosh"
12,"adiv","DMC",0.831470803648603,"McIntosh"
12,"agricolae","DMC",0.831470803648603,"McIntosh"
12,"ecodive","DMC",0.831470803648603,"McIntosh"
12,"forestHES","DMC",0.831470803648603,"McIntosh"
12,"tabula","DMC",0.831470803648603,"McIntosh"
12,"abdiv","DMG",14.0615205641059,"Margalef"
12,"adiv","DMG",14.0615205641059,"Margalef"
12,"agricolae","DMG",37.9491639320447,"Margalef"
12,"ecodive","DMG",14.0615205641059,"Margalef"
12,"tabula","DMG",14.0615205641059,"Margalef"
12,"abdiv","DMN",4.39075033731026,"Menhinick"
12,"adiv","DMN",4.39075033731026,"Menhinick"
12,"ecodive","DMN",4.39075033731026,"Menhinick"
12,"tabula","DMN",4.39075033731026,"Menhinick"
12,"custom","DOD",229.508196721311,"Odum"
12,"abdiv","DQ",0,"Q-statistic"
12,"ade4","DRAO",0.955059870405208,"Rao"
12,"BAT","DRAO",0.955059870405179,"Rao"
12,"SYNCSA","DRAO",0.955059870405208,"Rao"
12,"abdiv","DSHA",3.69841358799739,"Shannon"
12,"adiv","DSHA",3.69841358799739,"Shannon"
12,"aqp","DSHA",5.33568294256019,"Shannon"
12,"asbio","DSHA",3.69841358799739,"Shannon"
12,"benthos","DSHA",0,"Shannon"
12,"BiodiversityR","DSHA",3.69841359,"Shannon"
12,"biosampleR","DSHA",3.84847116819842,"Shannon"
12,"chemodiv","DSHA",3.69841358799739,"Shannon"
12,"codyn","DSHA",3.69841358799739,"Shannon"
12,"DescTools","DSHA",5.33568294256019,"Shannon"
12,"divDyn","DSHA",3.69841358799739,"Shannon"
12,"divent","DSHA",3.69841358799739,"Shannon"
12,"diverse","DSHA",3.84847116819842,"Shannon"
12,"ecodive","DSHA",3.69841358799739,"Shannon"
12,"EconGeo","DSHA",5.336,"Shannon"
12,"entropart","DSHA",3.69841358799739,"Shannon"
12,"forestmangr","DSHA",3.56,"Shannon"
12,"HardyWeinberg","DSHA",3.69841358799739,"Shannon"
12,"iNEXT","DSHA",3.698,"Shannon"
12,"MCPAN","DSHA",3.69841358799739,"Shannon"
12,"microbiome","DSHA",3.69841358799739,"Shannon"
12,"OTUtable","DSHA",3.69841358799739,"Shannon"
12,"pgirmess","DSHA",5.33568294256019,"Shannon"
12,"SpiecEasi","DSHA",3.69841358799739,"Shannon"
12,"sprex","DSHA",3.69841358799739,"Shannon"
12,"tabula","DSHA",3.69841358799739,"Shannon"
12,"triversity","DSHA",5.33568294256019,"Shannon"
12,"vegan","DSHA",3.69841358799739,"Shannon"
12,"wavethresh","DSHA",-38933.0818273098,"Shannon"
12,"wiqid","DSHA",40.3831891409806,"Shannon"
12,"abdiv","DSP",0.0449401295947923,"Simpson"
12,"agricolae","DSP",0.0449401295947923,"Simpson"
12,"antitrust","DSP",449.401295947923,"Simpson"
12,"benthos","DSP",0.0423235272101205,"Simpson"
12,"breakaway","DSP",0.0449401295947923,"Simpson"
12,"concstats","DSP",0.0449401295947923,"Simpson"
12,"DescTools","DSP",0.0449401295947923,"Simpson"
12,"diverse","DSP",0.029429524868902,"Simpson"
12,"divseg","DSP",1.04494012959479,"Simpson"
12,"EconGeo","DSP",0.0449401295947923,"Simpson"
12,"hhi","DSP",0.21900826446281,"Simpson"
12,"ineq","DSP",0.0449401295947923,"Simpson"
12,"microbiome","DSP",0.0449401295947923,"Simpson"
12,"PDtoolkit","DSP",0.0449401295947923,"Simpson"
12,"politics","DSP",0.0449401295947923,"Simpson"
12,"REAT","DSP",0.0449401295947923,"Simpson"
12,"sprex","DSP",0.0449401295947923,"Simpson"
12,"tabula","DSP",0.0449401295947923,"Simpson"
12,"triversity","DSP",0.0449401295947923,"Simpson"
12,"abdiv","EBP",0.12568306010929,"Berger-Parker"
12,"agricolae","EBP",0.12568306010929,"Berger-Parker"
12,"BiodiversityR","EBP",0.12568306,"Berger-Parker"
12,"diverse","EBP",0.0827586206896552,"Berger-Parker"
12,"dyvDyn","EBP",0.12568306010929,"Berger-Parker"
12,"ecodive","EBP",0.12568306010929,"Berger-Parker"
12,"microbiome","EBP",0.12568306010929,"Berger-Parker"
12,"tabula","EBP",0.12568306010929,"Berger-Parker"
12,"triversity","EBP",0.12568306010929,"Berger-Parker"
12,"wiqid","EBP",1,"Berger-Parker"
12,"tabula","EBRI",0.836620943195704,"Brillouin evenness"
12,"BAT","EBU",0.513529527947857,"Bulla"
12,"microbiome","EBU",0.513529527947857,"Bulla"
12,"BAT","ECAM",0.985620859707369,"Camargo"
12,"microbiome","ECAM",0.742941712204007,"Camargo"
12,"codyn","EEQ",0.230973905797073,"NHC EQ"
12,"custom","EEQ",0.00085341181075164,"NHC EQ"
12,"adiv","EEVAR",0.523952966531091,"NHC EVAR"
12,"codyn","EEVAR",0.620627020472502,"NHC EVAR"
12,"custom","EEVAR",0.523952966531091,"NHC EVAR"
12,"microbiome","EEVAR",0.523952966531091,"NHC EVAR"
12,"acid","EGIN",0.849447480267152,"Gini coefficient"
12,"DescTools","EGIN",0.849447480267152,"Gini coefficient"
12,"dplR","EGIN",0.849447480267152,"Gini coefficient"
12,"EconGeo","EGIN",0.849,"Gini coefficient"
12,"giniVarCI","EGIN",0.849447480267153,"Gini coefficient"
12,"ineq","EGIN",0.849447480267152,"Gini coefficient"
12,"microbiome","EGIN",0.849447480267152,"Gini coefficient"
12,"REAT","EGIN",0.849447480267152,"Gini coefficient"
12,"shipunov","EGIN",0.849447480267152,"Gini coefficient"
12,"wINEQ","EGIN",0.849447480267152,"Gini coefficient"
12,"abdiv","EHEI",0.474496254710609,"Heip"
12,"adiv","EHEI",0.474496254710609,"Heip"
12,"custom","EHUL",0.229508196721311,"Hulburt"
12,"benthos","EHURE",0.957676472789879,"Hurlbert PIE"
12,"BiodiversityR","EHURE",0.95767647,"Hurlbert PIE"
12,"mobr","EHURE",0.95767647278988,"Hurlbert PIE"
12,"vegan","EHURE",0.957676472790033,"Hurlbert PIE"
12,"custom","ELR",0.178989699444634,"Ludwig-Reynolds"
12,"abdiv","EMC",0.274022918013926,"McIntosh evenness"
12,"tabula","EMC",0.884517948847372,"McIntosh evenness"
12,"microbiome","EMN",0.229508196721311,"McNaughton"
12,"custom","ENHC",-0.0358586537383032,"NHC"
12,"custom","EPAT",0.2639649901401,"Patten"
12,"abdiv","EPIE",0.834702438828633,"Pielou"
12,"adiv","EPIE",0.834702438828633,"Pielou"
12,"BiodiversityR","EPIE",0.83470244,"Pielou"
12,"breakaway","EPIE",0.834702438828633,"Pielou"
12,"chemodiv","EPIE",0.834702438828633,"Pielou"
12,"diverse","EPIE",0.868569237437909,"Pielou"
12,"forestmangr","EPIE",1,"Pielou"
12,"microbiome","EPIE",0.834702438828633,"Pielou"
12,"OTUtable","EPIE",0.834702438828633,"Pielou"
12,"pctax","EPIE",0.8347,"Pielou"
12,"sprex","EPIE",0.834702438828633,"Pielou"
12,"tabula","EPIE",0.834702438828633,"Pielou"
12,"custom","ESHE",0.48075225167834,"Sheldon"
12,"adiv","ESP",0.264902705268154,"Simpson evenness"
12,"codyn","ESP",0.326145552560647,"Simpson evenness"
12,"sprex","ESP",0.0440287331904451,"Simpson evenness"
12,"tabula","ESP",0.264902705268154,"Simpson evenness"
12,"abdiv","EST",0.480679156908665,"Strong"
12,"adiv","QHIL_0",84,"Hill q=0"
12,"adiv","QHIL_1",40.3831891409806,"Hill q=1"
12,"adiv","QHIL_2",22.2518272425249,"Hill q=2"
12,"adiv","QHIL_3",16.1997241557628,"Hill q=3"
12,"BAT","QHIL_0",84,"Hill q=0"
12,"BAT","QHIL_1",40.3831891409806,"Hill q=1"
12,"BAT","QHIL_2",22.2518272425249,"Hill q=2"
12,"BAT","QHIL_3",16.1997241557628,"Hill q=3"
12,"benthos","QHIL_0",225,"Hill q=0"
12,"benthos","QHIL_1",40.3831891409806,"Hill q=1"
12,"benthos","QHIL_2",22.2518272425249,"Hill q=2"
12,"benthos","QHIL_3",16.1997241557628,"Hill q=3"
12,"breakaway","QHIL_0",84,"Hill q=0"
12,"breakaway","QHIL_1",40.3831891409806,"Hill q=1"
12,"breakaway","QHIL_2",22.2518272425249,"Hill q=2"
12,"breakaway","QHIL_3",16.1997241557628,"Hill q=3"
12,"chemodiv","QHIL_0",84,"Hill q=0"
12,"chemodiv","QHIL_1",40.3831891409806,"Hill q=1"
12,"chemodiv","QHIL_2",22.2518272425249,"Hill q=2"
12,"chemodiv","QHIL_3",16.1997241557628,"Hill q=3"
12,"divDyn","QHIL_2",22.2518272425249,"Hill q=2"
12,"divent","QHIL_0",84,"Hill q=0"
12,"divent","QHIL_1",40.3831891409806,"Hill q=1"
12,"divent","QHIL_2",22.2518272425249,"Hill q=2"
12,"divent","QHIL_3",16.1997241557631,"Hill q=3"
12,"entropart","QHIL_0",84,"Hill q=0"
12,"entropart","QHIL_1",40.3831891409806,"Hill q=1"
12,"entropart","QHIL_2",22.2518272425249,"Hill q=2"
12,"entropart","QHIL_3",16.1997241557628,"Hill q=3"
12,"EntropyEstimation","QHIL_1",45.7185540603711,"Hill q=1"
12,"EntropyEstimation","QHIL_2",23.6275203395826,"Hill q=2"
12,"EntropyEstimation","QHIL_3",16.9379365730329,"Hill q=3"
12,"hilldiv","QHIL_0",84,"Hill q=0"
12,"hilldiv","QHIL_1",40.383490497656,"Hill q=1"
12,"hilldiv","QHIL_2",22.2518272425249,"Hill q=2"
12,"hilldiv","QHIL_3",16.1997241557628,"Hill q=3"
12,"hillR","QHIL_0",84,"Hill q=0"
12,"hillR","QHIL_1",40.3831891409806,"Hill q=1"
12,"hillR","QHIL_2",22.2518272425249,"Hill q=2"
12,"hillR","QHIL_3",16.1997241557628,"Hill q=3"
12,"sprex","QHIL_0",84,"Hill q=0"
12,"sprex","QHIL_1",40.3831891409806,"Hill q=1"
12,"sprex","QHIL_2",22.2518272425249,"Hill q=2"
12,"sprex","QHIL_3",16.1997241557628,"Hill q=3"
12,"vegan","QHIL_0",84,"Hill q=0"
12,"vegan","QHIL_1",40.3831891409806,"Hill q=1"
12,"vegan","QHIL_2",22.2518272425249,"Hill q=2"
12,"vegan","QHIL_3",16.1997241557628,"Hill q=3"
12,"adiv","QREN_0",4.43081679884331,"Renyi q=0"
12,"adiv","QREN_1",3.69841358799739,"Renyi q=1"
12,"adiv","QREN_2",3.10242412849987,"Renyi q=2"
12,"adiv","QREN_3",2.78499421467132,"Renyi q=3"
12,"BiodiversityR","QREN_0",4.43081679884331,"Renyi q=0"
12,"BiodiversityR","QREN_1",3.69841358799739,"Renyi q=1"
12,"BiodiversityR","QREN_2",3.10242412849987,"Renyi q=2"
12,"BiodiversityR","QREN_3",2.78499421467132,"Renyi q=3"
12,"diverse","QREN_0",4.43081679884331,"Renyi q=0"
12,"diverse","QREN_1",3.84847116819842,"Renyi q=1"
12,"diverse","QREN_2",3.45267844009344,"Renyi q=2"
12,"diverse","QREN_3",3.22618637968388,"Renyi q=3"
12,"EntropyEstimation","QREN_1",3.82250421245036,"Renyi q=1"
12,"EntropyEstimation","QREN_2",3.16241214873032,"Renyi q=2"
12,"EntropyEstimation","QREN_3",2.82955587383736,"Renyi q=3"
12,"seewave","QREN_2",0.572815120688368,"Renyi q=2"
12,"seewave","QREN_3",0.514206544495497,"Renyi q=3"
12,"sprex","QREN_0",4.43081679884331,"Renyi q=0"
12,"sprex","QREN_1",3.69841358799739,"Renyi q=1"
12,"sprex","QREN_2",3.10242412849987,"Renyi q=2"
12,"sprex","QREN_3",2.78499421467132,"Renyi q=3"
12,"statcomp","QREN_1",0.682855433494566,"Renyi q=1"
12,"statcomp","QREN_2",0.572815106462417,"Renyi q=2"
12,"statcomp","QREN_3",0.514206533826034,"Renyi q=3"
12,"vegan","QREN_0",4.43081679884331,"Renyi q=0"
12,"vegan","QREN_1",3.69841358799739,"Renyi q=1"
12,"vegan","QREN_2",3.10242412849987,"Renyi q=2"
12,"vegan","QREN_3",2.78499421467132,"Renyi q=3"
12,"adiv","QTSA_0",83,"Tsallis q=0"
12,"adiv","QTSA_1",3.69841358799739,"Tsallis q=1"
12,"adiv","QTSA_2",0.955059870405208,"Tsallis q=2"
12,"adiv","QTSA_3",0.498094737738695,"Tsallis q=3"
12,"divent","QTSA_0",83,"Tsallis q=0"
12,"divent","QTSA_1",3.69841358799739,"Tsallis q=1"
12,"divent","QTSA_2",0.955059870405208,"Tsallis q=2"
12,"divent","QTSA_3",0.498094737738695,"Tsallis q=3"
12,"entropart","QTSA_0",83,"Tsallis q=0"
12,"entropart","QTSA_1",3.69841358799739,"Tsallis q=1"
12,"entropart","QTSA_2",0.955059870405208,"Tsallis q=2"
12,"entropart","QTSA_3",0.498094737738695,"Tsallis q=3"
12,"EntropyEstimation","QTSA_1",3.82250421245036,"Tsallis q=1"
12,"EntropyEstimation","QTSA_2",0.95767647278988,"Tsallis q=2"
12,"EntropyEstimation","QTSA_3",0.498257194186905,"Tsallis q=3"
12,"vegan","QTSA_0",83,"Tsallis q=0"
12,"vegan","QTSA_1",3.69841358799739,"Tsallis q=1"
12,"vegan","QTSA_2",0.955059870405208,"Tsallis q=2"
12,"vegan","QTSA_3",0.498094737738695,"Tsallis q=3"
12,"BAT","RACE",128.001262239,"ACE"
12,"ecodive","RACE",128.001262239,"ACE"
12,"fossil","RACE",102.214285714286,"ACE"
12,"pctax","RACE",128.0013,"ACE"
12,"sprex","RACE",366,"ACE"
12,"tabula","RACE",128.001262239,"ACE"
12,"vegan","RACE",128.001262239,"ACE"
12,"wiqid","RACE",128.001262239,"ACE"
12,"BiodiversityR","RBOO",84,"Bootstrap estimator"
12,"wiqid","RBOO",225,"Bootstrap estimator"
12,"BAT","RC1",110.714285714286,"Chao 1"
12,"BiodiversityR","RC1",84,"Chao 1"
12,"biosampleR","RC1",117.214285714286,"Chao 1"
12,"iNEXT","RC1",112.821,"Chao 1"
12,"microbiome","RC1",110.714285714286,"Chao 1"
12,"pctax","RC1",110.7143,"Chao 1"
12,"rareNMtests","RC1",84,"Chao 1"
12,"SpadeR","RC1",84,"Chao 1"
12,"SSP","RC1",84,"Chao 1"
12,"vegan","RC1",110.714285714286,"Chao 1"
12,"wiqid","RC1",112.9,"Chao 1"
12,"BAT","RC1M",128.852850664075,"Chao 1 modified"
12,"divent","RC1M",112.821038251366,"Chao 1 modified"
12,"ecodive","RC1M",112.9,"Chao 1 modified"
12,"entropart","RC1M",112.821038251366,"Chao 1 modified"
12,"fossil","RC1M",112.9,"Chao 1 modified"
12,"mobr","RC1M",112.821038251366,"Chao 1 modified"
12,"OTUtable","RC1M",112.9,"Chao 1 modified"
12,"tabula","RC1M",112.821038251366,"Chao 1 modified"
12,"wiqid","RC1M",112.9,"Chao 1 modified"
12,"BAT","RCA2",211.870142002133,"Chao 2"
12,"divDyn","RCA2",110.396258503401,"Chao 2"
12,"fossil","RCA2",112.9,"Chao 2"
12,"tabula","RCA2",84,"Chao 2"
12,"wiqid","RCA2",84,"Chao 2"
12,"benthos","RHUR_2",1.95767647279003,"Hurlbert D k=2"
12,"benthos","RHUR_3",2.87651502999563,"Hurlbert D k=3"
12,"divent","RHUR_2",23.6275204162505,"Hurlbert D k=2"
12,"divent","RHUR_3",23.9564179422724,"Hurlbert D k=3"
12,"entropart","RHUR_2",1.95767647279004,"Hurlbert D k=2"
12,"entropart","RHUR_3",2.87651502999563,"Hurlbert D k=3"
12,"mobsim","RHUR_2",1.95767647279003,"Hurlbert D k=2"
12,"mobsim","RHUR_3",2.87651502999563,"Hurlbert D k=3"
12,"tabula","RHUR_2",1.95767647277704,"Hurlbert D k=2"
12,"tabula","RHUR_3",2.87651502999217,"Hurlbert D k=3"
12,"vegan","RHUR_2",1.95767647279003,"Hurlbert D k=2"
12,"vegan","RHUR_3",2.87651502999563,"Hurlbert D k=3"
12,"BAT","RICE",207.153524144524,"ICE"
12,"fossil","RICE",102.214285714286,"ICE"
12,"tabula","RICE",84,"ICE"
12,"wiqid","RICE",84,"ICE"
12,"BAT","RJA1",118,"Jackknife 1"
12,"BiodiversityR","RJA1",84,"Jackknife 1"
12,"divent","RJA1",118,"Jackknife 1"
12,"entropart","RJA1",118,"Jackknife 1"
12,"fossil","RJA1",117.907103825137,"Jackknife 1"
12,"SSP","RJA1",84,"Jackknife 1"
12,"tabula","RJA1",3.67333968760085,"Jackknife 1"
12,"wiqid","RJA1",118,"Jackknife 1"
12,"BAT","RJA2",132,"Jackknife 2"
12,"BiodiversityR","RJA2",84,"Jackknife 2"
12,"fossil","RJA2",131.606407665244,"Jackknife 2"
12,"SSP","RJA2",84,"Jackknife 2"
12,"wiqid","RJA2",132,"Jackknife 2"
12,"asbio","RLMD",137.692568285544,NA
12,"sads","RLMD",0.84599627671015,NA
12,"vegan","RLMD",117.872398924474,NA
12,"wiqid","RMM",0,"Michaelis-Menten"
12,"divDyn","RSQ",137.082532418002,"Squares Richness Estimator"
12,"ecodive","RSQ",137.082532418002,"Squares Richness Estimator"
12,"tabula","RSQ",137.082532418002,"Squares Richness Estimator"
13,"custom","RICH",93,"Species richness"
13,"abdiv","D1SP",0.969207501150758,"Simpson's reciprocal"
13,"ade4","D1SP",0.969207501150758,"Simpson's reciprocal"
13,"adiv","D1SP",0.969207501150758,"Simpson's reciprocal"
13,"agricolae","D1SP",0.969207501150758,"Simpson's reciprocal"
13,"asbio","D1SP",0.969207501150758,"Simpson's reciprocal"
13,"BiodiversityR","D1SP",0.9692075,"Simpson's reciprocal"
13,"biosampleR","D1SP",0.974858862970751,"Simpson's reciprocal"
13,"breakaway","D1SP",0.969207501150758,"Simpson's reciprocal"
13,"catsim","D1SP",0.625066666666667,"Simpson's reciprocal"
13,"concstats","D1SP",0.995673180798434,"Simpson's reciprocal"
13,"CUB","D1SP",0.973534320352324,"Simpson's reciprocal"
13,"DescTools","D1SP",0.969207501150758,"Simpson's reciprocal"
13,"divent","D1SP",0.969207501150758,"Simpson's reciprocal"
13,"diverse","D1SP",0.974858862970751,"Simpson's reciprocal"
13,"ecodive","D1SP",0.969207501150758,"Simpson's reciprocal"
13,"entropart","D1SP",0.969207501150758,"Simpson's reciprocal"
13,"lawstat","D1SP",0.812434509256025,"Simpson's reciprocal"
13,"MCPAN","D1SP",0.969207501150758,"Simpson's reciprocal"
13,"microbiome","D1SP",0.969207501150758,"Simpson's reciprocal"
13,"PCRA","D1SP",0.969207501150758,"Simpson's reciprocal"
13,"RoughSets","D1SP",0.969207501150758,"Simpson's reciprocal"
13,"simboot","D1SP",0.969207501150758,"Simpson's reciprocal"
13,"sprex","D1SP",0.969207501150758,"Simpson's reciprocal"
13,"untb","D1SP",0.97158300973201,"Simpson's reciprocal"
13,"vegan","D1SP",0.969207501150758,"Simpson's reciprocal"
13,"abdiv","DBRI",3.6619534350591,"Brillouin"
13,"ecodive","DBRI",3.6619534350591,"Brillouin"
13,"tabula","DBRI",3.6619534350591,"Brillouin"
13,"wiqid","DBRI",38.9373301749092,"Brillouin"
13,"BiodiversityR","DFIS",37.56973529,"Fisher's alpha"
13,"ecodive","DFIS",37.57,"Fisher's alpha"
13,"microbiome","DFIS",37.5697352924546,"Fisher's alpha"
13,"preseqR","DFIS",13.0978304636462,"Fisher's alpha"
13,"sads","DFIS",37.5697352777931,"Fisher's alpha"
13,"vegan","DFIS",37.5697352924546,"Fisher's alpha"
13,"custom","DGLE",15.4646499853839,"Gleason"
13,"custom","DGOO_1_1",3.98237326973831,"Good m1 n1"
13,"custom","DGOO_1_2",0.308545007577933,"Good m1 n2"
13,"custom","DGOO_1_3",1,"Good m1 n3"
13,"custom","DGOO_2_1",0.0941976805807141,"Good m2 n1"
13,"custom","DGOO_2_2",1.08536255514936,"Good m2 n2"
13,"custom","DGOO_2_3",1,"Good m2 n3"
13,"custom","DGOO_3_1",0.00487608518952443,"Good m3 n1"
13,"custom","DGOO_3_2",0.0378165193970466,"Good m3 n2"
13,"custom","DGOO_3_3",1,"Good m3 n3"
13,"abdiv","DINVSP",32.4754416618132,"Simpson inverse"
13,"adiv","DINVSP",32.4754416618132,"Simpson inverse"
13,"asbio","DINVSP",32.4754416618132,"Simpson inverse"
13,"BiodiversityR","DINVSP",32.47544166,"Simpson inverse"
13,"breakaway","DINVSP",32.4754416618132,"Simpson inverse"
13,"chemodiv","DINVSP",32.4754416618132,"Simpson inverse"
13,"codyn","DINVSP",7.29787234042553,"Simpson inverse"
13,"divseg","DINVSP",1.03079249884924,"Simpson inverse"
13,"ecodive","DINVSP",32.4754416618132,"Simpson inverse"
13,"microbiome","DINVSP",32.4754416618132,"Simpson inverse"
13,"sprex","DINVSP",32.4754416618132,"Simpson inverse"
13,"vegan","DINVSP",32.4754416618132,"Simpson inverse"
13,"wiqid","DINVSP",32.4754416618132,"Simpson inverse"
13,"custom","DKO",0.146788990825688,"Kothe"
13,"abdiv","DMC",0.867412891508063,"McIntosh"
13,"adiv","DMC",0.867412891508063,"McIntosh"
13,"agricolae","DMC",0.867412891508063,"McIntosh"
13,"ecodive","DMC",0.867412891508063,"McIntosh"
13,"forestHES","DMC",0.867412891508063,"McIntosh"
13,"tabula","DMC",0.867412891508063,"McIntosh"
13,"abdiv","DMG",15.2983634264012,"Margalef"
13,"adiv","DMG",15.2983634264012,"Margalef"
13,"agricolae","DMG",37.2481892121074,"Margalef"
13,"ecodive","DMG",15.2983634264012,"Margalef"
13,"tabula","DMG",15.2983634264012,"Margalef"
13,"abdiv","DMN",4.59855404083758,"Menhinick"
13,"adiv","DMN",4.59855404083758,"Menhinick"
13,"ecodive","DMN",4.59855404083758,"Menhinick"
13,"tabula","DMN",4.59855404083758,"Menhinick"
13,"custom","DOD",227.383863080685,"Odum"
13,"abdiv","DQ",0,"Q-statistic"
13,"ade4","DRAO",0.969207501150758,"Rao"
13,"BAT","DRAO",0.969207501150722,"Rao"
13,"SYNCSA","DRAO",0.969207501150758,"Rao"
13,"abdiv","DSHA",3.98237326973831,"Shannon"
13,"adiv","DSHA",3.98237326973831,"Shannon"
13,"aqp","DSHA",5.74535016722022,"Shannon"
13,"asbio","DSHA",3.98237326973831,"Shannon"
13,"benthos","DSHA",0,"Shannon"
13,"BiodiversityR","DSHA",3.98237327,"Shannon"
13,"biosampleR","DSHA",4.07732669104502,"Shannon"
13,"chemodiv","DSHA",3.98237326973831,"Shannon"
13,"codyn","DSHA",3.98237326973831,"Shannon"
13,"DescTools","DSHA",5.74535016722022,"Shannon"
13,"divDyn","DSHA",3.98237326973831,"Shannon"
13,"divent","DSHA",3.98237326973831,"Shannon"
13,"diverse","DSHA",4.07732669104502,"Shannon"
13,"ecodive","DSHA",3.98237326973831,"Shannon"
13,"EconGeo","DSHA",5.745,"Shannon"
13,"entropart","DSHA",3.98237326973831,"Shannon"
13,"forestmangr","DSHA",3.56,"Shannon"
13,"HardyWeinberg","DSHA",3.98237326973831,"Shannon"
13,"iNEXT","DSHA",3.982,"Shannon"
13,"MCPAN","DSHA",3.98237326973831,"Shannon"
13,"microbiome","DSHA",3.98237326973831,"Shannon"
13,"OTUtable","DSHA",3.98237326973831,"Shannon"
13,"pgirmess","DSHA",5.74535016722022,"Shannon"
13,"SpiecEasi","DSHA",3.98237326973831,"Shannon"
13,"sprex","DSHA",3.98237326973831,"Shannon"
13,"tabula","DSHA",3.98237326973831,"Shannon"
13,"triversity","DSHA",5.74535016722022,"Shannon"
13,"vegan","DSHA",3.98237326973831,"Shannon"
13,"wavethresh","DSHA",-30438.3291271081,"Shannon"
13,"wiqid","DSHA",53.6441954195263,"Shannon"
13,"abdiv","DSP",0.0307924988492417,"Simpson"
13,"agricolae","DSP",0.0307924988492417,"Simpson"
13,"antitrust","DSP",307.924988492417,"Simpson"
13,"benthos","DSP",0.0284169902679898,"Simpson"
13,"breakaway","DSP",0.0307924988492417,"Simpson"
13,"concstats","DSP",0.0307924988492417,"Simpson"
13,"DescTools","DSP",0.0307924988492417,"Simpson"
13,"diverse","DSP",0.0228634294054855,"Simpson"
13,"divseg","DSP",1.03079249884924,"Simpson"
13,"EconGeo","DSP",0.0307924988492417,"Simpson"
13,"hhi","DSP",0.137026239067055,"Simpson"
13,"ineq","DSP",0.0307924988492417,"Simpson"
13,"microbiome","DSP",0.0307924988492417,"Simpson"
13,"PDtoolkit","DSP",0.0307924988492417,"Simpson"
13,"politics","DSP",0.0307924988492417,"Simpson"
13,"REAT","DSP",0.0307924988492417,"Simpson"
13,"sprex","DSP",0.0307924988492417,"Simpson"
13,"tabula","DSP",0.0307924988492417,"Simpson"
13,"triversity","DSP",0.0307924988492417,"Simpson"
13,"abdiv","EBP",0.0953545232273839,"Berger-Parker"
13,"agricolae","EBP",0.0953545232273839,"Berger-Parker"
13,"BiodiversityR","EBP",0.09535452,"Berger-Parker"
13,"diverse","EBP",0.0769230769230769,"Berger-Parker"
13,"dyvDyn","EBP",0.0953545232273839,"Berger-Parker"
13,"ecodive","EBP",0.0953545232273839,"Berger-Parker"
13,"microbiome","EBP",0.0953545232273839,"Berger-Parker"
13,"tabula","EBP",0.0953545232273839,"Berger-Parker"
13,"triversity","EBP",0.0953545232273839,"Berger-Parker"
13,"wiqid","EBP",1,"Berger-Parker"
13,"tabula","EBRI",0.881319821105279,"Brillouin evenness"
13,"BAT","EBU",0.587115977463591,"Bulla"
13,"microbiome","EBU",0.587115977463591,"Bulla"
13,"BAT","ECAM",0.988315724620535,"Camargo"
13,"microbiome","ECAM",0.660856534427005,"Camargo"
13,"codyn","EEQ",0.235748195337128,"NHC EQ"
13,"custom","EEQ",0.00070364596956574,"NHC EQ"
13,"adiv","EEVAR",0.55085286244597,"NHC EVAR"
13,"codyn","EEVAR",0.571677850426583,"NHC EVAR"
13,"custom","EEVAR",0.55085286244597,"NHC EVAR"
13,"microbiome","EEVAR",0.55085286244597,"NHC EVAR"
13,"acid","EGIN",0.808823689214887,"Gini coefficient"
13,"DescTools","EGIN",0.808823689214887,"Gini coefficient"
13,"dplR","EGIN",0.808823689214887,"Gini coefficient"
13,"EconGeo","EGIN",0.809,"Gini coefficient"
13,"giniVarCI","EGIN",0.808823689214887,"Gini coefficient"
13,"ineq","EGIN",0.808823689214887,"Gini coefficient"
13,"microbiome","EGIN",0.808823689214886,"Gini coefficient"
13,"REAT","EGIN",0.808823689214887,"Gini coefficient"
13,"shipunov","EGIN",0.808823689214886,"Gini coefficient"
13,"wINEQ","EGIN",0.808823689214887,"Gini coefficient"
13,"abdiv","EHEI",0.572219515429633,"Heip"
13,"adiv","EHEI",0.572219515429633,"Heip"
13,"custom","EHUL",0.180929095354523,"Hulburt"
13,"benthos","EHURE",0.97158300973201,"Hurlbert PIE"
13,"BiodiversityR","EHURE",0.97158301,"Hurlbert PIE"
13,"mobr","EHURE",0.97158300973201,"Hurlbert PIE"
13,"vegan","EHURE",0.971583009731583,"Hurlbert PIE"
13,"custom","ELR",0.214506485141598,"Ludwig-Reynolds"
13,"abdiv","EMC",0.226301691625966,"McIntosh evenness"
13,"tabula","EMC",0.919912574782578,"McIntosh evenness"
13,"microbiome","EMN",0.180929095354523,"McNaughton"
13,"custom","ENHC",-0.0327312187518555,"NHC"
13,"custom","EPAT",0.0661480923129865,"Patten"
13,"abdiv","EPIE",0.878606917675807,"Pielou"
13,"adiv","EPIE",0.878606917675807,"Pielou"
13,"BiodiversityR","EPIE",0.87860692,"Pielou"
13,"breakaway","EPIE",0.878606917675807,"Pielou"
13,"chemodiv","EPIE",0.878606917675807,"Pielou"
13,"diverse","EPIE",0.885380241418847,"Pielou"
13,"forestmangr","EPIE",1,"Pielou"
13,"microbiome","EPIE",0.878606917675807,"Pielou"
13,"OTUtable","EPIE",0.878606917675807,"Pielou"
13,"pctax","EPIE",0.8786,"Pielou"
13,"sprex","EPIE",0.878606917675807,"Pielou"
13,"tabula","EPIE",0.878606917675807,"Pielou"
13,"custom","ESHE",0.576819305586304,"Sheldon"
13,"adiv","ESP",0.349198297438852,"Simpson evenness"
13,"codyn","ESP",0.429286608260325,"Simpson evenness"
13,"sprex","ESP",0.0428212179541753,"Simpson evenness"
13,"tabula","ESP",0.349198297438852,"Simpson evenness"
13,"abdiv","EST",0.408444409390856,"Strong"
13,"adiv","QHIL_0",93,"Hill q=0"
13,"adiv","QHIL_1",53.6441954195263,"Hill q=1"
13,"adiv","QHIL_2",32.4754416618132,"Hill q=2"
13,"adiv","QHIL_3",23.2085067335097,"Hill q=3"
13,"BAT","QHIL_0",93,"Hill q=0"
13,"BAT","QHIL_1",53.6441954195263,"Hill q=1"
13,"BAT","QHIL_2",32.4754416618132,"Hill q=2"
13,"BAT","QHIL_3",23.2085067335097,"Hill q=3"
13,"benthos","QHIL_0",225,"Hill q=0"
13,"benthos","QHIL_1",53.6441954195263,"Hill q=1"
13,"benthos","QHIL_2",32.4754416618132,"Hill q=2"
13,"benthos","QHIL_3",23.2085067335097,"Hill q=3"
13,"breakaway","QHIL_0",93,"Hill q=0"
13,"breakaway","QHIL_1",53.6441954195263,"Hill q=1"
13,"breakaway","QHIL_2",32.4754416618132,"Hill q=2"
13,"breakaway","QHIL_3",23.2085067335097,"Hill q=3"
13,"chemodiv","QHIL_0",93,"Hill q=0"
13,"chemodiv","QHIL_1",53.6441954195263,"Hill q=1"
13,"chemodiv","QHIL_2",32.4754416618132,"Hill q=2"
13,"chemodiv","QHIL_3",23.2085067335097,"Hill q=3"
13,"divDyn","QHIL_2",32.4754416618132,"Hill q=2"
13,"divent","QHIL_0",93,"Hill q=0"
13,"divent","QHIL_1",53.6441954195263,"Hill q=1"
13,"divent","QHIL_2",32.4754416618132,"Hill q=2"
13,"divent","QHIL_3",23.2085067335098,"Hill q=3"
13,"entropart","QHIL_0",93,"Hill q=0"
13,"entropart","QHIL_1",53.6441954195263,"Hill q=1"
13,"entropart","QHIL_2",32.4754416618132,"Hill q=2"
13,"entropart","QHIL_3",23.2085067335098,"Hill q=3"
13,"EntropyEstimation","QHIL_1",60.5988319146589,"Hill q=1"
13,"EntropyEstimation","QHIL_2",35.1902150991132,"Hill q=2"
13,"EntropyEstimation","QHIL_3",24.5828840679518,"Hill q=3"
13,"hilldiv","QHIL_0",93,"Hill q=0"
13,"hilldiv","QHIL_1",53.644496871478,"Hill q=1"
13,"hilldiv","QHIL_2",32.4754416618132,"Hill q=2"
13,"hilldiv","QHIL_3",23.2085067335097,"Hill q=3"
13,"hillR","QHIL_0",93,"Hill q=0"
13,"hillR","QHIL_1",53.6441954195263,"Hill q=1"
13,"hillR","QHIL_2",32.4754416618132,"Hill q=2"
13,"hillR","QHIL_3",23.2085067335097,"Hill q=3"
13,"sprex","QHIL_0",93,"Hill q=0"
13,"sprex","QHIL_1",53.6441954195263,"Hill q=1"
13,"sprex","QHIL_2",32.4754416618132,"Hill q=2"
13,"sprex","QHIL_3",23.2085067335097,"Hill q=3"
13,"vegan","QHIL_0",93,"Hill q=0"
13,"vegan","QHIL_1",53.6441954195263,"Hill q=1"
13,"vegan","QHIL_2",32.4754416618132,"Hill q=2"
13,"vegan","QHIL_3",23.2085067335097,"Hill q=3"
13,"adiv","QREN_0",4.53259949315326,"Renyi q=0"
13,"adiv","QREN_1",3.98237326973831,"Renyi q=1"
13,"adiv","QREN_2",3.48048416252002,"Renyi q=2"
13,"adiv","QREN_3",3.14451888101324,"Renyi q=3"
13,"BiodiversityR","QREN_0",4.53259949315326,"Renyi q=0"
13,"BiodiversityR","QREN_1",3.98237326973831,"Renyi q=1"
13,"BiodiversityR","QREN_2",3.48048416252002,"Renyi q=2"
13,"BiodiversityR","QREN_3",3.14451888101324,"Renyi q=3"
13,"diverse","QREN_0",4.60517018598809,"Renyi q=0"
13,"diverse","QREN_1",4.07732669104502,"Renyi q=1"
13,"diverse","QREN_2",3.68324984894903,"Renyi q=2"
13,"diverse","QREN_3",3.43451537575708,"Renyi q=3"
13,"EntropyEstimation","QREN_1",4.10427561755384,"Renyi q=1"
13,"EntropyEstimation","QREN_2",3.56076806382158,"Renyi q=2"
13,"EntropyEstimation","QREN_3",3.20205043118286,"Renyi q=3"
13,"seewave","QREN_2",0.642618114252663,"Renyi q=2"
13,"seewave","QREN_3",0.580587266835774,"Renyi q=3"
13,"sprex","QREN_0",4.53259949315326,"Renyi q=0"
13,"sprex","QREN_1",3.98237326973831,"Renyi q=1"
13,"sprex","QREN_2",3.48048416252002,"Renyi q=2"
13,"sprex","QREN_3",3.14451888101324,"Renyi q=3"
13,"statcomp","QREN_1",0.735284240321215,"Renyi q=1"
13,"statcomp","QREN_2",0.642618102334923,"Renyi q=2"
13,"statcomp","QREN_3",0.580587257897469,"Renyi q=3"
13,"vegan","QREN_0",4.53259949315326,"Renyi q=0"
13,"vegan","QREN_1",3.98237326973831,"Renyi q=1"
13,"vegan","QREN_2",3.48048416252002,"Renyi q=2"
13,"vegan","QREN_3",3.14451888101324,"Renyi q=3"
13,"adiv","QTSA_0",92,"Tsallis q=0"
13,"adiv","QTSA_1",3.98237326973831,"Tsallis q=1"
13,"adiv","QTSA_2",0.969207501150758,"Tsallis q=2"
13,"adiv","QTSA_3",0.499071727236877,"Tsallis q=3"
13,"divent","QTSA_0",92,"Tsallis q=0"
13,"divent","QTSA_1",3.98237326973831,"Tsallis q=1"
13,"divent","QTSA_2",0.969207501150758,"Tsallis q=2"
13,"divent","QTSA_3",0.499071727236877,"Tsallis q=3"
13,"entropart","QTSA_0",92,"Tsallis q=0"
13,"entropart","QTSA_1",3.98237326973831,"Tsallis q=1"
13,"entropart","QTSA_2",0.969207501150758,"Tsallis q=2"
13,"entropart","QTSA_3",0.499071727236877,"Tsallis q=3"
13,"EntropyEstimation","QTSA_1",4.10427561755384,"Tsallis q=1"
13,"EntropyEstimation","QTSA_2",0.971583009732009,"Tsallis q=2"
13,"EntropyEstimation","QTSA_3",0.499172621296165,"Tsallis q=3"
13,"vegan","QTSA_0",92,"Tsallis q=0"
13,"vegan","QTSA_1",3.98237326973831,"Tsallis q=1"
13,"vegan","QTSA_2",0.969207501150758,"Tsallis q=2"
13,"vegan","QTSA_3",0.499071727236877,"Tsallis q=3"
13,"BAT","RACE",122.213089749289,"ACE"
13,"ecodive","RACE",122.213089749289,"ACE"
13,"fossil","RACE",105.800995024876,"ACE"
13,"pctax","RACE",122.2131,"ACE"
13,"sprex","RACE",409,"ACE"
13,"tabula","RACE",122.213089749289,"ACE"
13,"vegan","RACE",122.213089749289,"ACE"
13,"wiqid","RACE",122.213089749289,"ACE"
13,"BiodiversityR","RBOO",93,"Bootstrap estimator"
13,"wiqid","RBOO",225,"Bootstrap estimator"
13,"BAT","RC1",116.25,"Chao 1"
13,"BiodiversityR","RC1",93,"Chao 1"
13,"biosampleR","RC1",133.47619047619,"Chao 1"
13,"iNEXT","RC1",118.228,"Chao 1"
13,"microbiome","RC1",116.25,"Chao 1"
13,"pctax","RC1",116.25,"Chao 1"
13,"rareNMtests","RC1",93,"Chao 1"
13,"SpadeR","RC1",93,"Chao 1"
13,"SSP","RC1",93,"Chao 1"
13,"vegan","RC1",116.25,"Chao 1"
13,"wiqid","RC1",118.289473684211,"Chao 1"
13,"BAT","RC1M",129.166666666667,"Chao 1 modified"
13,"divent","RC1M",118.227641230215,"Chao 1 modified"
13,"ecodive","RC1M",118.289473684211,"Chao 1 modified"
13,"entropart","RC1M",118.227641230215,"Chao 1 modified"
13,"fossil","RC1M",118.289473684211,"Chao 1 modified"
13,"mobr","RC1M",118.227641230215,"Chao 1 modified"
13,"OTUtable","RC1M",118.289473684211,"Chao 1 modified"
13,"tabula","RC1M",118.227641230215,"Chao 1 modified"
13,"wiqid","RC1M",118.289473684211,"Chao 1 modified"
13,"BAT","RCA2",213.495121878193,"Chao 2"
13,"divDyn","RCA2",116,"Chao 2"
13,"fossil","RCA2",118.289473684211,"Chao 2"
13,"tabula","RCA2",93,"Chao 2"
13,"wiqid","RCA2",93,"Chao 2"
13,"benthos","RHUR_2",1.97158300973158,"Hurlbert D k=2"
13,"benthos","RHUR_3",2.91640378660369,"Hurlbert D k=3"
13,"divent","RHUR_2",35.1902290597504,"Hurlbert D k=2"
13,"divent","RHUR_3",35.5503057329157,"Hurlbert D k=3"
13,"entropart","RHUR_2",1.97158300973157,"Hurlbert D k=2"
13,"entropart","RHUR_3",2.91640378660369,"Hurlbert D k=3"
13,"mobsim","RHUR_2",1.97158300973158,"Hurlbert D k=2"
13,"mobsim","RHUR_3",2.91640378660369,"Hurlbert D k=3"
13,"tabula","RHUR_2",1.97158300977752,"Hurlbert D k=2"
13,"tabula","RHUR_3",2.91640378659612,"Hurlbert D k=3"
13,"vegan","RHUR_2",1.97158300973158,"Hurlbert D k=2"
13,"vegan","RHUR_3",2.91640378660369,"Hurlbert D k=3"
13,"BAT","RICE",209.303855804241,"ICE"
13,"fossil","RICE",105.800995024876,"ICE"
13,"tabula","RICE",93,"ICE"
13,"wiqid","RICE",93,"ICE"
13,"BAT","RJA1",124,"Jackknife 1"
13,"BiodiversityR","RJA1",93,"Jackknife 1"
13,"divent","RJA1",124,"Jackknife 1"
13,"entropart","RJA1",124,"Jackknife 1"
13,"fossil","RJA1",123.924205378973,"Jackknife 1"
13,"SSP","RJA1",93,"Jackknife 1"
13,"tabula","RJA1",3.96357913512427,"Jackknife 1"
13,"wiqid","RJA1",124,"Jackknife 1"
13,"BAT","RJA2",136,"Jackknife 2"
13,"BiodiversityR","RJA2",93,"Jackknife 2"
13,"fossil","RJA2",135.684482717292,"Jackknife 2"
13,"SSP","RJA2",93,"Jackknife 2"
13,"wiqid","RJA2",136,"Jackknife 2"
13,"asbio","RLMD",172.627145118298,NA
13,"sads","RLMD",0.979018099799095,NA
13,"vegan","RLMD",106.155422835992,NA
13,"wiqid","RMM",0,"Michaelis-Menten"
13,"divDyn","RSQ",123.110530541734,"Squares Richness Estimator"
13,"ecodive","RSQ",123.110530541734,"Squares Richness Estimator"
13,"tabula","RSQ",123.110530541734,"Squares Richness Estimator"
14,"custom","RICH",98,"Species richness"
14,"abdiv","D1SP",0.971862554992598,"Simpson's reciprocal"
14,"ade4","D1SP",0.971862554992598,"Simpson's reciprocal"
14,"adiv","D1SP",0.971862554992598,"Simpson's reciprocal"
14,"agricolae","D1SP",0.971862554992598,"Simpson's reciprocal"
14,"asbio","D1SP",0.971862554992598,"Simpson's reciprocal"
14,"BiodiversityR","D1SP",0.97186255,"Simpson's reciprocal"
14,"biosampleR","D1SP",0.968605824682814,"Simpson's reciprocal"
14,"breakaway","D1SP",0.971862554992598,"Simpson's reciprocal"
14,"catsim","D1SP",0.64237037037037,"Simpson's reciprocal"
14,"concstats","D1SP",0.995661327879497,"Simpson's reciprocal"
14,"CUB","D1SP",0.976201227113101,"Simpson's reciprocal"
14,"DescTools","D1SP",0.971862554992598,"Simpson's reciprocal"
14,"divent","D1SP",0.971862554992598,"Simpson's reciprocal"
14,"diverse","D1SP",0.968605824682814,"Simpson's reciprocal"
14,"ecodive","D1SP",0.971862554992598,"Simpson's reciprocal"
14,"entropart","D1SP",0.971862554992598,"Simpson's reciprocal"
14,"lawstat","D1SP",0.808219178082192,"Simpson's reciprocal"
14,"MCPAN","D1SP",0.971862554992598,"Simpson's reciprocal"
14,"microbiome","D1SP",0.971862554992598,"Simpson's reciprocal"
14,"PCRA","D1SP",0.971862554992598,"Simpson's reciprocal"
14,"RoughSets","D1SP",0.971862554992598,"Simpson's reciprocal"
14,"simboot","D1SP",0.971862554992598,"Simpson's reciprocal"
14,"sprex","D1SP",0.971862554992598,"Simpson's reciprocal"
14,"untb","D1SP",0.974086496766037,"Simpson's reciprocal"
14,"vegan","D1SP",0.971862554992598,"Simpson's reciprocal"
14,"abdiv","DBRI",3.7035299639077,"Brillouin"
14,"ecodive","DBRI",3.7035299639077,"Brillouin"
14,"tabula","DBRI",3.7035299639077,"Brillouin"
14,"wiqid","DBRI",40.5903341811551,"Brillouin"
14,"BiodiversityR","DFIS",39.21837188,"Fisher's alpha"
14,"ecodive","DFIS",39.218,"Fisher's alpha"
14,"microbiome","DFIS",39.2183718770125,"Fisher's alpha"
14,"preseqR","DFIS",12.0638896615416,"Fisher's alpha"
14,"sads","DFIS",39.2183715392248,"Fisher's alpha"
14,"vegan","DFIS",39.2183718770125,"Fisher's alpha"
14,"custom","DGLE",16.1125407427886,"Gleason"
14,"custom","DGOO_1_1",4.01749389661912,"Good m1 n1"
14,"custom","DGOO_1_2",0.306915378352007,"Good m1 n2"
14,"custom","DGOO_1_3",1,"Good m1 n3"
14,"custom","DGOO_2_1",0.0907877932376208,"Good m2 n1"
14,"custom","DGOO_2_2",1.09414711074269,"Good m2 n2"
14,"custom","DGOO_2_3",1,"Good m2 n3"
14,"custom","DGOO_3_1",0.00390448641229334,"Good m3 n1"
14,"custom","DGOO_3_2",0.0355097103257226,"Good m3 n2"
14,"custom","DGOO_3_3",1,"Good m3 n3"
14,"abdiv","DINVSP",35.5398295665061,"Simpson inverse"
14,"adiv","DINVSP",35.5398295665061,"Simpson inverse"
14,"asbio","DINVSP",35.5398295665061,"Simpson inverse"
14,"BiodiversityR","DINVSP",35.53982957,"Simpson inverse"
14,"breakaway","DINVSP",35.5398295665061,"Simpson inverse"
14,"chemodiv","DINVSP",35.5398295665061,"Simpson inverse"
14,"codyn","DINVSP",8.96885813148789,"Simpson inverse"
14,"divseg","DINVSP",1.0281374450074,"Simpson inverse"
14,"ecodive","DINVSP",35.5398295665061,"Simpson inverse"
14,"microbiome","DINVSP",35.5398295665061,"Simpson inverse"
14,"sprex","DINVSP",35.5398295665061,"Simpson inverse"
14,"vegan","DINVSP",35.5398295665061,"Simpson inverse"
14,"wiqid","DINVSP",35.5398295665061,"Simpson inverse"
14,"custom","DKO",0.100917431192661,"Kothe"
14,"abdiv","DMC",0.874020097625853,"McIntosh"
14,"adiv","DMC",0.874020097625853,"McIntosh"
14,"agricolae","DMC",0.874020097625853,"McIntosh"
14,"ecodive","DMC",0.874020097625853,"McIntosh"
14,"forestHES","DMC",0.874020097625853,"McIntosh"
14,"tabula","DMC",0.874020097625853,"McIntosh"
14,"abdiv","DMG",15.9481270617398,"Margalef"
14,"adiv","DMG",15.9481270617398,"Margalef"
14,"agricolae","DMG",36.8286645549455,"Margalef"
14,"ecodive","DMG",15.9481270617398,"Margalef"
14,"tabula","DMG",15.9481270617398,"Margalef"
14,"abdiv","DMN",4.68262112916147,"Menhinick"
14,"adiv","DMN",4.68262112916147,"Menhinick"
14,"ecodive","DMN",4.68262112916147,"Menhinick"
14,"tabula","DMN",4.68262112916147,"Menhinick"
14,"custom","DOD",223.744292237443,"Odum"
14,"abdiv","DQ",0,"Q-statistic"
14,"ade4","DRAO",0.971862554992598,"Rao"
14,"BAT","DRAO",0.971862554992594,"Rao"
14,"SYNCSA","DRAO",0.971862554992597,"Rao"
14,"abdiv","DSHA",4.01749389661912,"Shannon"
14,"adiv","DSHA",4.01749389661912,"Shannon"
14,"aqp","DSHA",5.79601852145408,"Shannon"
14,"asbio","DSHA",4.01749389661912,"Shannon"
14,"benthos","DSHA",0,"Shannon"
14,"BiodiversityR","DSHA",4.0174939,"Shannon"
14,"biosampleR","DSHA",3.96992512347409,"Shannon"
14,"chemodiv","DSHA",4.01749389661912,"Shannon"
14,"codyn","DSHA",4.01749389661912,"Shannon"
14,"DescTools","DSHA",5.79601852145408,"Shannon"
14,"divDyn","DSHA",4.01749389661912,"Shannon"
14,"divent","DSHA",4.01749389661912,"Shannon"
14,"diverse","DSHA",3.96992512347409,"Shannon"
14,"ecodive","DSHA",4.01749389661912,"Shannon"
14,"EconGeo","DSHA",5.796,"Shannon"
14,"entropart","DSHA",4.01749389661912,"Shannon"
14,"forestmangr","DSHA",3.56,"Shannon"
14,"HardyWeinberg","DSHA",4.01749389661912,"Shannon"
14,"iNEXT","DSHA",4.017,"Shannon"
14,"MCPAN","DSHA",4.01749389661912,"Shannon"
14,"microbiome","DSHA",4.01749389661912,"Shannon"
14,"OTUtable","DSHA",4.01749389661912,"Shannon"
14,"pgirmess","DSHA",5.79601852145408,"Shannon"
14,"SpiecEasi","DSHA",4.01749389661912,"Shannon"
14,"sprex","DSHA",4.01749389661912,"Shannon"
14,"tabula","DSHA",4.01749389661912,"Shannon"
14,"triversity","DSHA",5.79601852145408,"Shannon"
14,"vegan","DSHA",4.01749389661912,"Shannon"
14,"wavethresh","DSHA",-30829.4485446679,"Shannon"
14,"wiqid","DSHA",55.5616878680415,"Shannon"
14,"abdiv","DSP",0.0281374450074018,"Simpson"
14,"agricolae","DSP",0.0281374450074018,"Simpson"
14,"antitrust","DSP",281.374450074018,"Simpson"
14,"benthos","DSP",0.0259135032339634,"Simpson"
14,"breakaway","DSP",0.0281374450074018,"Simpson"
14,"concstats","DSP",0.0281374450074018,"Simpson"
14,"DescTools","DSP",0.0281374450074018,"Simpson"
14,"diverse","DSP",0.0290143084260731,"Simpson"
14,"divseg","DSP",1.0281374450074,"Simpson"
14,"EconGeo","DSP",0.0281374450074018,"Simpson"
14,"hhi","DSP",0.111496913580247,"Simpson"
14,"ineq","DSP",0.0281374450074018,"Simpson"
14,"microbiome","DSP",0.0281374450074018,"Simpson"
14,"PDtoolkit","DSP",0.0281374450074018,"Simpson"
14,"politics","DSP",0.0281374450074018,"Simpson"
14,"REAT","DSP",0.0281374450074018,"Simpson"
14,"sprex","DSP",0.0281374450074018,"Simpson"
14,"tabula","DSP",0.0281374450074018,"Simpson"
14,"triversity","DSP",0.0281374450074018,"Simpson"
14,"abdiv","EBP",0.0753424657534247,"Berger-Parker"
14,"agricolae","EBP",0.0753424657534247,"Berger-Parker"
14,"BiodiversityR","EBP",0.07534247,"Berger-Parker"
14,"diverse","EBP",0.107843137254902,"Berger-Parker"
14,"dyvDyn","EBP",0.0753424657534247,"Berger-Parker"
14,"ecodive","EBP",0.0753424657534247,"Berger-Parker"
14,"microbiome","EBP",0.0753424657534247,"Berger-Parker"
14,"tabula","EBP",0.0753424657534247,"Berger-Parker"
14,"triversity","EBP",0.0753424657534247,"Berger-Parker"
14,"wiqid","EBP",1,"Berger-Parker"
14,"tabula","EBRI",0.879455711896773,"Brillouin evenness"
14,"BAT","EBU",0.575107094101586,"Bulla"
14,"microbiome","EBU",0.575107094101586,"Bulla"
14,"BAT","ECAM",0.988630108165283,"Camargo"
14,"microbiome","ECAM",0.663078930202218,"Camargo"
14,"codyn","EEQ",0.220912020482555,"NHC EQ"
14,"custom","EEQ",0.00065339704389267,"NHC EQ"
14,"adiv","EEVAR",0.52573331840412,"NHC EVAR"
14,"codyn","EEVAR",0.622002583474438,"NHC EVAR"
14,"custom","EEVAR",0.52573331840412,"NHC EVAR"
14,"microbiome","EEVAR",0.52573331840412,"NHC EVAR"
14,"acid","EGIN",0.804627092846271,"Gini coefficient"
14,"DescTools","EGIN",0.804627092846271,"Gini coefficient"
14,"dplR","EGIN",0.804627092846271,"Gini coefficient"
14,"EconGeo","EGIN",0.805,"Gini coefficient"
14,"giniVarCI","EGIN",0.804627092846271,"Gini coefficient"
14,"ineq","EGIN",0.804627092846271,"Gini coefficient"
14,"microbiome","EGIN",0.804627092846271,"Gini coefficient"
14,"REAT","EGIN",0.804627092846271,"Gini coefficient"
14,"shipunov","EGIN",0.804627092846271,"Gini coefficient"
14,"wINEQ","EGIN",0.804627092846271,"Gini coefficient"
14,"abdiv","EHEI",0.562491627505583,"Heip"
14,"adiv","EHEI",0.562491627505583,"Heip"
14,"custom","EHUL",0.146118721461187,"Hulburt"
14,"benthos","EHURE",0.974086496766037,"Hurlbert PIE"
14,"BiodiversityR","EHURE",0.9740865,"Hurlbert PIE"
14,"mobr","EHURE",0.974086496766037,"Hurlbert PIE"
14,"vegan","EHURE",0.974086496765886,"Hurlbert PIE"
14,"custom","ELR",0.210721677148837,"Ludwig-Reynolds"
14,"abdiv","EMC",0.21536791092647,"McIntosh evenness"
14,"tabula","EMC",0.925775221517694,"McIntosh evenness"
14,"microbiome","EMN",0.146118721461187,"McNaughton"
14,"custom","ENHC",-0.0320273991634491,"NHC"
14,"custom","EPAT",0.0416817546388779,"Patten"
14,"abdiv","EPIE",0.876231710542907,"Pielou"
14,"adiv","EPIE",0.876231710542907,"Pielou"
14,"BiodiversityR","EPIE",0.87623171,"Pielou"
14,"breakaway","EPIE",0.876231710542907,"Pielou"
14,"chemodiv","EPIE",0.876231710542907,"Pielou"
14,"diverse","EPIE",0.863943760543658,"Pielou"
14,"forestmangr","EPIE",1,"Pielou"
14,"microbiome","EPIE",0.876231710542907,"Pielou"
14,"OTUtable","EPIE",0.876231710542907,"Pielou"
14,"pctax","EPIE",0.8762,"Pielou"
14,"sprex","EPIE",0.876231710542907,"Pielou"
14,"tabula","EPIE",0.876231710542907,"Pielou"
14,"custom","ESHE",0.566955998653485,"Sheldon"
14,"adiv","ESP",0.362651322107205,"Simpson evenness"
14,"codyn","ESP",0.560553633217993,"Simpson evenness"
14,"sprex","ESP",0.0409948356797869,"Simpson evenness"
14,"tabula","ESP",0.362651322107205,"Simpson evenness"
14,"abdiv","EST",0.420557264001491,"Strong"
14,"adiv","QHIL_0",98,"Hill q=0"
14,"adiv","QHIL_1",55.5616878680415,"Hill q=1"
14,"adiv","QHIL_2",35.5398295665061,"Hill q=2"
14,"adiv","QHIL_3",27.2868050027523,"Hill q=3"
14,"BAT","QHIL_0",98,"Hill q=0"
14,"BAT","QHIL_1",55.5616878680415,"Hill q=1"
14,"BAT","QHIL_2",35.5398295665061,"Hill q=2"
14,"BAT","QHIL_3",27.2868050027523,"Hill q=3"
14,"benthos","QHIL_0",225,"Hill q=0"
14,"benthos","QHIL_1",55.5616878680415,"Hill q=1"
14,"benthos","QHIL_2",35.5398295665061,"Hill q=2"
14,"benthos","QHIL_3",27.2868050027523,"Hill q=3"
14,"breakaway","QHIL_0",98,"Hill q=0"
14,"breakaway","QHIL_1",55.5616878680415,"Hill q=1"
14,"breakaway","QHIL_2",35.5398295665061,"Hill q=2"
14,"breakaway","QHIL_3",27.2868050027523,"Hill q=3"
14,"chemodiv","QHIL_0",98,"Hill q=0"
14,"chemodiv","QHIL_1",55.5616878680415,"Hill q=1"
14,"chemodiv","QHIL_2",35.5398295665061,"Hill q=2"
14,"chemodiv","QHIL_3",27.2868050027523,"Hill q=3"
14,"divDyn","QHIL_2",35.5398295665061,"Hill q=2"
14,"divent","QHIL_0",98,"Hill q=0"
14,"divent","QHIL_1",55.5616878680415,"Hill q=1"
14,"divent","QHIL_2",35.5398295665061,"Hill q=2"
14,"divent","QHIL_3",27.286805002752,"Hill q=3"
14,"entropart","QHIL_0",98,"Hill q=0"
14,"entropart","QHIL_1",55.5616878680415,"Hill q=1"
14,"entropart","QHIL_2",35.5398295665061,"Hill q=2"
14,"entropart","QHIL_3",27.286805002752,"Hill q=3"
14,"EntropyEstimation","QHIL_1",62.6677744998569,"Hill q=1"
14,"EntropyEstimation","QHIL_2",38.589919354838,"Hill q=2"
14,"EntropyEstimation","QHIL_3",29.2508538471458,"Hill q=3"
14,"hilldiv","QHIL_0",98,"Hill q=0"
14,"hilldiv","QHIL_1",55.5619902945697,"Hill q=1"
14,"hilldiv","QHIL_2",35.5398295665061,"Hill q=2"
14,"hilldiv","QHIL_3",27.2868050027523,"Hill q=3"
14,"hillR","QHIL_0",98,"Hill q=0"
14,"hillR","QHIL_1",55.5616878680415,"Hill q=1"
14,"hillR","QHIL_2",35.5398295665061,"Hill q=2"
14,"hillR","QHIL_3",27.2868050027523,"Hill q=3"
14,"sprex","QHIL_0",98,"Hill q=0"
14,"sprex","QHIL_1",55.5616878680415,"Hill q=1"
14,"sprex","QHIL_2",35.5398295665061,"Hill q=2"
14,"sprex","QHIL_3",27.2868050027523,"Hill q=3"
14,"vegan","QHIL_0",98,"Hill q=0"
14,"vegan","QHIL_1",55.5616878680415,"Hill q=1"
14,"vegan","QHIL_2",35.5398295665061,"Hill q=2"
14,"vegan","QHIL_3",27.2868050027523,"Hill q=3"
14,"adiv","QREN_0",4.58496747867057,"Renyi q=0"
14,"adiv","QREN_1",4.01749389661912,"Renyi q=1"
14,"adiv","QREN_2",3.57065402717494,"Renyi q=2"
14,"adiv","QREN_3",3.30640325211524,"Renyi q=3"
14,"BiodiversityR","QREN_0",4.58496747867057,"Renyi q=0"
14,"BiodiversityR","QREN_1",4.01749389661912,"Renyi q=1"
14,"BiodiversityR","QREN_2",3.57065402717494,"Renyi q=2"
14,"BiodiversityR","QREN_3",3.30640325211524,"Renyi q=3"
14,"diverse","QREN_0",4.59511985013459,"Renyi q=0"
14,"diverse","QREN_1",3.96992512347409,"Renyi q=1"
14,"diverse","QREN_2",3.46113290272777,"Renyi q=2"
14,"diverse","QREN_3",3.12970994914229,"Renyi q=3"
14,"EntropyEstimation","QREN_1",4.13784735219479,"Renyi q=1"
14,"EntropyEstimation","QREN_2",3.65299108575304,"Renyi q=2"
14,"EntropyEstimation","QREN_3",3.37590876460722,"Renyi q=3"
14,"seewave","QREN_2",0.659266597737462,"Renyi q=2"
14,"seewave","QREN_3",0.610476736041053,"Renyi q=3"
14,"sprex","QREN_0",4.58496747867057,"Renyi q=0"
14,"sprex","QREN_1",4.01749389661912,"Renyi q=1"
14,"sprex","QREN_2",3.57065402717494,"Renyi q=2"
14,"sprex","QREN_3",3.30640325211524,"Renyi q=3"
14,"statcomp","QREN_1",0.741768726256246,"Renyi q=1"
14,"statcomp","QREN_2",0.659266587030337,"Renyi q=2"
14,"statcomp","QREN_3",0.610476728010709,"Renyi q=3"
14,"vegan","QREN_0",4.58496747867057,"Renyi q=0"
14,"vegan","QREN_1",4.01749389661912,"Renyi q=1"
14,"vegan","QREN_2",3.57065402717494,"Renyi q=2"
14,"vegan","QREN_3",3.30640325211524,"Renyi q=3"
14,"adiv","QTSA_0",97,"Tsallis q=0"
14,"adiv","QTSA_1",4.01749389661912,"Tsallis q=1"
14,"adiv","QTSA_2",0.971862554992598,"Tsallis q=2"
14,"adiv","QTSA_3",0.499328471220766,"Tsallis q=3"
14,"divent","QTSA_0",97,"Tsallis q=0"
14,"divent","QTSA_1",4.01749389661912,"Tsallis q=1"
14,"divent","QTSA_2",0.971862554992598,"Tsallis q=2"
14,"divent","QTSA_3",0.499328471220766,"Tsallis q=3"
14,"entropart","QTSA_0",97,"Tsallis q=0"
14,"entropart","QTSA_1",4.01749389661912,"Tsallis q=1"
14,"entropart","QTSA_2",0.971862554992598,"Tsallis q=2"
14,"entropart","QTSA_3",0.499328471220766,"Tsallis q=3"
14,"EntropyEstimation","QTSA_1",4.13784735219479,"Tsallis q=1"
14,"EntropyEstimation","QTSA_2",0.974086496766036,"Tsallis q=2"
14,"EntropyEstimation","QTSA_3",0.499415623277174,"Tsallis q=3"
14,"vegan","QTSA_0",97,"Tsallis q=0"
14,"vegan","QTSA_1",4.01749389661912,"Tsallis q=1"
14,"vegan","QTSA_2",0.971862554992598,"Tsallis q=2"
14,"vegan","QTSA_3",0.499328471220766,"Tsallis q=3"
14,"BAT","RACE",133.785845206007,"ACE"
14,"ecodive","RACE",133.785845206007,"ACE"
14,"fossil","RACE",116.457142857143,"ACE"
14,"pctax","RACE",133.7858,"ACE"
14,"sprex","RACE",438,"ACE"
14,"tabula","RACE",133.785845206007,"ACE"
14,"vegan","RACE",133.785845206007,"ACE"
14,"wiqid","RACE",133.785845206007,"ACE"
14,"BiodiversityR","RBOO",98,"Bootstrap estimator"
14,"wiqid","RBOO",225,"Bootstrap estimator"
14,"BAT","RC1",161.909090909091,"Chao 1"
14,"BiodiversityR","RC1",98,"Chao 1"
14,"biosampleR","RC1",138.260869565217,"Chao 1"
14,"iNEXT","RC1",170.035,"Chao 1"
14,"microbiome","RC1",161.909090909091,"Chao 1"
14,"pctax","RC1",161.9091,"Chao 1"
14,"rareNMtests","RC1",98,"Chao 1"
14,"SpadeR","RC1",98,"Chao 1"
14,"SSP","RC1",98,"Chao 1"
14,"vegan","RC1",161.909090909091,"Chao 1"
14,"wiqid","RC1",170.2,"Chao 1"
14,"BAT","RC1M",186.252773465601,"Chao 1 modified"
14,"divent","RC1M",170.035159817352,"Chao 1 modified"
14,"ecodive","RC1M",170.2,"Chao 1 modified"
14,"entropart","RC1M",170.035159817352,"Chao 1 modified"
14,"fossil","RC1M",170.2,"Chao 1 modified"
14,"mobr","RC1M",170.035159817352,"Chao 1 modified"
14,"OTUtable","RC1M",170.2,"Chao 1 modified"
14,"tabula","RC1M",170.035159817352,"Chao 1 modified"
14,"wiqid","RC1M",170.2,"Chao 1 modified"
14,"BAT","RCA2",215.405313753812,"Chao 2"
14,"divDyn","RCA2",161.256957328386,"Chao 2"
14,"fossil","RCA2",170.2,"Chao 2"
14,"tabula","RCA2",98,"Chao 2"
14,"wiqid","RCA2",98,"Chao 2"
14,"benthos","RHUR_2",1.97408649676589,"Hurlbert D k=2"
14,"benthos","RHUR_3",2.92342824374345,"Hurlbert D k=3"
14,"divent","RHUR_2",38.5899188083689,"Hurlbert D k=2"
14,"divent","RHUR_3",38.842693753702,"Hurlbert D k=3"
14,"entropart","RHUR_2",1.97408649676589,"Hurlbert D k=2"
14,"entropart","RHUR_3",2.92342824374344,"Hurlbert D k=3"
14,"mobsim","RHUR_2",1.97408649676589,"Hurlbert D k=2"
14,"mobsim","RHUR_3",2.92342824374345,"Hurlbert D k=3"
14,"tabula","RHUR_2",1.97408649677021,"Hurlbert D k=2"
14,"tabula","RHUR_3",2.92342824374817,"Hurlbert D k=3"
14,"vegan","RHUR_2",1.97408649676589,"Hurlbert D k=2"
14,"vegan","RHUR_3",2.92342824374345,"Hurlbert D k=3"
14,"BAT","RICE",210.192537947439,"ICE"
14,"fossil","RICE",116.457142857143,"ICE"
14,"tabula","RICE",98,"ICE"
14,"wiqid","RICE",98,"ICE"
14,"BAT","RJA1",136,"Jackknife 1"
14,"BiodiversityR","RJA1",98,"Jackknife 1"
14,"divent","RJA1",238,"Jackknife 1"
14,"entropart","RJA1",238,"Jackknife 1"
14,"fossil","RJA1",135.913242009132,"Jackknife 1"
14,"SSP","RJA1",98,"Jackknife 1"
14,"tabula","RJA1",3.99945336856704,"Jackknife 1"
14,"wiqid","RJA1",136,"Jackknife 1"
14,"BAT","RJA2",164,"Jackknife 2"
14,"BiodiversityR","RJA2",98,"Jackknife 2"
14,"fossil","RJA2",163.547892960513,"Jackknife 2"
14,"SSP","RJA2",98,"Jackknife 2"
14,"wiqid","RJA2",164,"Jackknife 2"
14,"asbio","RLMD",185.07478751829,NA
14,"sads","RLMD",0.960182215814892,NA
14,"vegan","RLMD",117.517942270891,NA
14,"wiqid","RMM",0,"Michaelis-Menten"
14,"divDyn","RSQ",139.434786306613,"Squares Richness Estimator"
14,"ecodive","RSQ",139.434786306613,"Squares Richness Estimator"
14,"tabula","RSQ",139.434786306613,"Squares Richness Estimator"
15,"custom","RICH",93,"Species richness"
15,"abdiv","D1SP",0.970905717658964,"Simpson's reciprocal"
15,"ade4","D1SP",0.970905717658964,"Simpson's reciprocal"
15,"adiv","D1SP",0.970905717658964,"Simpson's reciprocal"
15,"agricolae","D1SP",0.970905717658964,"Simpson's reciprocal"
15,"asbio","D1SP",0.970905717658964,"Simpson's reciprocal"
15,"BiodiversityR","D1SP",0.97090572,"Simpson's reciprocal"
15,"biosampleR","D1SP",0.954831620155216,"Simpson's reciprocal"
15,"breakaway","D1SP",0.970905717658964,"Simpson's reciprocal"
15,"catsim","D1SP",0.625896296296296,"Simpson's reciprocal"
15,"concstats","D1SP",0.995665599474737,"Simpson's reciprocal"
15,"CUB","D1SP",0.975240118184228,"Simpson's reciprocal"
15,"DescTools","D1SP",0.970905717658964,"Simpson's reciprocal"
15,"divent","D1SP",0.970905717658964,"Simpson's reciprocal"
15,"diverse","D1SP",0.954831620155216,"Simpson's reciprocal"
15,"ecodive","D1SP",0.970905717658964,"Simpson's reciprocal"
15,"entropart","D1SP",0.970905717658964,"Simpson's reciprocal"
15,"lawstat","D1SP",0.822414192949907,"Simpson's reciprocal"
15,"MCPAN","D1SP",0.970905717658964,"Simpson's reciprocal"
15,"microbiome","D1SP",0.970905717658964,"Simpson's reciprocal"
15,"PCRA","D1SP",0.970905717658964,"Simpson's reciprocal"
15,"RoughSets","D1SP",0.970905717658964,"Simpson's reciprocal"
15,"simboot","D1SP",0.970905717658964,"Simpson's reciprocal"
15,"sprex","D1SP",0.970905717658964,"Simpson's reciprocal"
15,"untb","D1SP",0.973011803814407,"Simpson's reciprocal"
15,"vegan","D1SP",0.970905717658964,"Simpson's reciprocal"
15,"abdiv","DBRI",3.66677632034567,"Brillouin"
15,"ecodive","DBRI",3.66677632034567,"Brillouin"
15,"tabula","DBRI",3.66677632034567,"Brillouin"
15,"wiqid","DBRI",39.1255740260755,"Brillouin"
15,"BiodiversityR","DFIS",35.07925548,"Fisher's alpha"
15,"ecodive","DFIS",35.079,"Fisher's alpha"
15,"microbiome","DFIS",35.0792554803343,"Fisher's alpha"
15,"preseqR","DFIS",12.0638896615416,"Fisher's alpha"
15,"sads","DFIS",35.0792556039661,"Fisher's alpha"
15,"vegan","DFIS",35.0792554803343,"Fisher's alpha"
15,"custom","DGLE",15.1575285488674,"Gleason"
15,"custom","DGOO_1_1",3.95663477069268,"Good m1 n1"
15,"custom","DGOO_1_2",0.315532254354679,"Good m1 n2"
15,"custom","DGOO_1_3",1,"Good m1 n3"
15,"custom","DGOO_2_1",0.0939054170348537,"Good m2 n1"
15,"custom","DGOO_2_2",1.11202230255622,"Good m2 n2"
15,"custom","DGOO_2_3",1,"Good m2 n3"
15,"custom","DGOO_3_1",0.00398943701934058,"Good m3 n1"
15,"custom","DGOO_3_2",0.0370611876781713,"Good m3 n2"
15,"custom","DGOO_3_3",1,"Good m3 n3"
15,"abdiv","DINVSP",34.3710144927536,"Simpson inverse"
15,"adiv","DINVSP",34.3710144927536,"Simpson inverse"
15,"asbio","DINVSP",34.3710144927536,"Simpson inverse"
15,"BiodiversityR","DINVSP",34.37101449,"Simpson inverse"
15,"breakaway","DINVSP",34.3710144927536,"Simpson inverse"
15,"chemodiv","DINVSP",34.3710144927536,"Simpson inverse"
15,"codyn","DINVSP",5.0259222333001,"Simpson inverse"
15,"divseg","DINVSP",1.02909428234104,"Simpson inverse"
15,"ecodive","DINVSP",34.3710144927537,"Simpson inverse"
15,"microbiome","DINVSP",34.3710144927536,"Simpson inverse"
15,"sprex","DINVSP",34.3710144927536,"Simpson inverse"
15,"vegan","DINVSP",34.3710144927536,"Simpson inverse"
15,"wiqid","DINVSP",34.3710144927536,"Simpson inverse"
15,"custom","DKO",0.146788990825688,"Kothe"
15,"abdiv","DMC",0.869900995533896,"McIntosh"
15,"adiv","DMC",0.869900995533896,"McIntosh"
15,"agricolae","DMC",0.869900995533896,"McIntosh"
15,"ecodive","DMC",0.869900995533896,"McIntosh"
15,"forestHES","DMC",0.869900995533896,"McIntosh"
15,"tabula","DMC",0.869900995533896,"McIntosh"
15,"abdiv","DMG",14.9945443709226,"Margalef"
15,"adiv","DMG",14.9945443709226,"Margalef"
15,"agricolae","DMG",36.5084558596376,"Margalef"
15,"ecodive","DMG",14.9945443709226,"Margalef"
15,"tabula","DMG",14.9945443709226,"Margalef"
15,"abdiv","DMN",4.32675157835289,"Menhinick"
15,"adiv","DMN",4.32675157835289,"Menhinick"
15,"ecodive","DMN",4.32675157835289,"Menhinick"
15,"tabula","DMN",4.32675157835289,"Menhinick"
15,"custom","DOD",201.298701298701,"Odum"
15,"abdiv","DQ",0,"Q-statistic"
15,"ade4","DRAO",0.970905717658964,"Rao"
15,"BAT","DRAO",0.970905717659001,"Rao"
15,"SYNCSA","DRAO",0.970905717658964,"Rao"
15,"abdiv","DSHA",3.95663477069268,"Shannon"
15,"adiv","DSHA",3.95663477069268,"Shannon"
15,"aqp","DSHA",5.70821736228717,"Shannon"
15,"asbio","DSHA",3.95663477069268,"Shannon"
15,"benthos","DSHA",0,"Shannon"
15,"BiodiversityR","DSHA",3.95663477,"Shannon"
15,"biosampleR","DSHA",3.75541299694752,"Shannon"
15,"chemodiv","DSHA",3.95663477069268,"Shannon"
15,"codyn","DSHA",3.95663477069268,"Shannon"
15,"DescTools","DSHA",5.70821736228717,"Shannon"
15,"divDyn","DSHA",3.95663477069268,"Shannon"
15,"divent","DSHA",3.95663477069268,"Shannon"
15,"diverse","DSHA",3.75541299694752,"Shannon"
15,"ecodive","DSHA",3.95663477069268,"Shannon"
15,"EconGeo","DSHA",5.708,"Shannon"
15,"entropart","DSHA",3.95663477069268,"Shannon"
15,"forestmangr","DSHA",3.56,"Shannon"
15,"HardyWeinberg","DSHA",3.95663477069268,"Shannon"
15,"iNEXT","DSHA",3.957,"Shannon"
15,"MCPAN","DSHA",3.95663477069268,"Shannon"
15,"microbiome","DSHA",3.95663477069268,"Shannon"
15,"OTUtable","DSHA",3.95663477069268,"Shannon"
15,"pgirmess","DSHA",5.70821736228717,"Shannon"
15,"SpiecEasi","DSHA",3.95663477069268,"Shannon"
15,"sprex","DSHA",3.95663477069268,"Shannon"
15,"tabula","DSHA",3.95663477069268,"Shannon"
15,"triversity","DSHA",5.70821736228717,"Shannon"
15,"vegan","DSHA",3.95663477069268,"Shannon"
15,"wavethresh","DSHA",-36116.6202800606,"Shannon"
15,"wiqid","DSHA",52.281091719047,"Shannon"
15,"abdiv","DSP",0.0290942823410356,"Simpson"
15,"agricolae","DSP",0.0290942823410356,"Simpson"
15,"antitrust","DSP",290.942823410356,"Simpson"
15,"benthos","DSP",0.0269881961855931,"Simpson"
15,"breakaway","DSP",0.0290942823410356,"Simpson"
15,"concstats","DSP",0.0290942823410356,"Simpson"
15,"DescTools","DSP",0.0290942823410356,"Simpson"
15,"diverse","DSP",0.0428786157676729,"Simpson"
15,"divseg","DSP",1.02909428234104,"Simpson"
15,"EconGeo","DSP",0.0290942823410356,"Simpson"
15,"hhi","DSP",0.198968458639159,"Simpson"
15,"ineq","DSP",0.0290942823410356,"Simpson"
15,"microbiome","DSP",0.0290942823410356,"Simpson"
15,"PDtoolkit","DSP",0.0290942823410356,"Simpson"
15,"politics","DSP",0.0290942823410356,"Simpson"
15,"REAT","DSP",0.0290942823410356,"Simpson"
15,"sprex","DSP",0.0290942823410356,"Simpson"
15,"tabula","DSP",0.0290942823410356,"Simpson"
15,"triversity","DSP",0.0290942823410356,"Simpson"
15,"abdiv","EBP",0.0714285714285714,"Berger-Parker"
15,"agricolae","EBP",0.0714285714285714,"Berger-Parker"
15,"BiodiversityR","EBP",0.07142857,"Berger-Parker"
15,"diverse","EBP",0.138755980861244,"Berger-Parker"
15,"dyvDyn","EBP",0.0714285714285714,"Berger-Parker"
15,"ecodive","EBP",0.0714285714285714,"Berger-Parker"
15,"microbiome","EBP",0.0714285714285714,"Berger-Parker"
15,"tabula","EBP",0.0714285714285714,"Berger-Parker"
15,"triversity","EBP",0.0714285714285714,"Berger-Parker"
15,"wiqid","EBP",1,"Berger-Parker"
15,"tabula","EBRI",0.874931505418934,"Brillouin evenness"
15,"BAT","EBU",0.562676453980802,"Bulla"
15,"microbiome","EBU",0.562676453980802,"Bulla"
15,"BAT","ECAM",0.98779317923778,"Camargo"
15,"microbiome","ECAM",0.625983335660755,"Camargo"
15,"codyn","EEQ",0.218099677675826,"NHC EQ"
15,"custom","EEQ",0.00075355285134546,"NHC EQ"
15,"adiv","EEVAR",0.508733992356231,"NHC EVAR"
15,"codyn","EEVAR",0.551494063327683,"NHC EVAR"
15,"custom","EEVAR",0.508733992356231,"NHC EVAR"
15,"microbiome","EEVAR",0.508733992356231,"NHC EVAR"
15,"acid","EGIN",0.818759018759019,"Gini coefficient"
15,"DescTools","EGIN",0.818759018759019,"Gini coefficient"
15,"dplR","EGIN",0.818759018759019,"Gini coefficient"
15,"EconGeo","EGIN",0.819,"Gini coefficient"
15,"giniVarCI","EGIN",0.818759018759019,"Gini coefficient"
15,"ineq","EGIN",0.818759018759019,"Gini coefficient"
15,"microbiome","EGIN",0.818759018759021,"Gini coefficient"
15,"REAT","EGIN",0.818759018759019,"Gini coefficient"
15,"shipunov","EGIN",0.818759018759021,"Gini coefficient"
15,"wINEQ","EGIN",0.818759018759019,"Gini coefficient"
15,"abdiv","EHEI",0.557403170859206,"Heip"
15,"adiv","EHEI",0.557403170859206,"Heip"
15,"custom","EHUL",0.138528138528139,"Hulburt"
15,"benthos","EHURE",0.973011803814407,"Hurlbert PIE"
15,"BiodiversityR","EHURE",0.9730118,"Hurlbert PIE"
15,"mobr","EHURE",0.973011803814407,"Hurlbert PIE"
15,"vegan","EHURE",0.97301180381439,"Hurlbert PIE"
15,"custom","ELR",0.209055856580825,"Ludwig-Reynolds"
15,"abdiv","EMC",0.212911047683412,"McIntosh evenness"
15,"tabula","EMC",0.925387781295952,"McIntosh evenness"
15,"microbiome","EMN",0.138528138528139,"McNaughton"
15,"custom","ENHC",-0.0350545556118653,"NHC"
15,"custom","EPAT",0.0840784900536689,"Patten"
15,"abdiv","EPIE",0.872928388371705,"Pielou"
15,"adiv","EPIE",0.872928388371705,"Pielou"
15,"BiodiversityR","EPIE",0.87292839,"Pielou"
15,"breakaway","EPIE",0.872928388371705,"Pielou"
15,"chemodiv","EPIE",0.872928388371705,"Pielou"
15,"diverse","EPIE",0.832527147325707,"Pielou"
15,"forestmangr","EPIE",1,"Pielou"
15,"microbiome","EPIE",0.872928388371705,"Pielou"
15,"OTUtable","EPIE",0.872928388371705,"Pielou"
15,"pctax","EPIE",0.8729,"Pielou"
15,"sprex","EPIE",0.872928388371705,"Pielou"
15,"tabula","EPIE",0.872928388371705,"Pielou"
15,"custom","ESHE",0.562162276548892,"Sheldon"
15,"adiv","ESP",0.369580800997351,"Simpson evenness"
15,"codyn","ESP",0.558435803700011,"Simpson evenness"
15,"sprex","ESP",0.0425444598999213,"Simpson evenness"
15,"tabula","ESP",0.369580800997351,"Simpson evenness"
15,"abdiv","EST",0.432621142298562,"Strong"
15,"adiv","QHIL_0",93,"Hill q=0"
15,"adiv","QHIL_1",52.281091719047,"Hill q=1"
15,"adiv","QHIL_2",34.3710144927536,"Hill q=2"
15,"adiv","QHIL_3",27.2389692616264,"Hill q=3"
15,"BAT","QHIL_0",93,"Hill q=0"
15,"BAT","QHIL_1",52.281091719047,"Hill q=1"
15,"BAT","QHIL_2",34.3710144927536,"Hill q=2"
15,"BAT","QHIL_3",27.2389692616264,"Hill q=3"
15,"benthos","QHIL_0",225,"Hill q=0"
15,"benthos","QHIL_1",52.281091719047,"Hill q=1"
15,"benthos","QHIL_2",34.3710144927536,"Hill q=2"
15,"benthos","QHIL_3",27.2389692616264,"Hill q=3"
15,"breakaway","QHIL_0",93,"Hill q=0"
15,"breakaway","QHIL_1",52.281091719047,"Hill q=1"
15,"breakaway","QHIL_2",34.3710144927536,"Hill q=2"
15,"breakaway","QHIL_3",27.2389692616264,"Hill q=3"
15,"chemodiv","QHIL_0",93,"Hill q=0"
15,"chemodiv","QHIL_1",52.281091719047,"Hill q=1"
15,"chemodiv","QHIL_2",34.3710144927536,"Hill q=2"
15,"chemodiv","QHIL_3",27.2389692616264,"Hill q=3"
15,"divDyn","QHIL_2",34.3710144927536,"Hill q=2"
15,"divent","QHIL_0",93,"Hill q=0"
15,"divent","QHIL_1",52.281091719047,"Hill q=1"
15,"divent","QHIL_2",34.3710144927536,"Hill q=2"
15,"divent","QHIL_3",27.2389692616247,"Hill q=3"
15,"entropart","QHIL_0",93,"Hill q=0"
15,"entropart","QHIL_1",52.281091719047,"Hill q=1"
15,"entropart","QHIL_2",34.3710144927536,"Hill q=2"
15,"entropart","QHIL_3",27.2389692616258,"Hill q=3"
15,"EntropyEstimation","QHIL_1",58.2265734128498,"Hill q=1"
15,"EntropyEstimation","QHIL_2",37.0532359081411,"Hill q=2"
15,"EntropyEstimation","QHIL_3",29.1624580296823,"Hill q=3"
15,"hilldiv","QHIL_0",93,"Hill q=0"
15,"hilldiv","QHIL_1",52.2813699012802,"Hill q=1"
15,"hilldiv","QHIL_2",34.3710144927536,"Hill q=2"
15,"hilldiv","QHIL_3",27.2389692616264,"Hill q=3"
15,"hillR","QHIL_0",93,"Hill q=0"
15,"hillR","QHIL_1",52.281091719047,"Hill q=1"
15,"hillR","QHIL_2",34.3710144927536,"Hill q=2"
15,"hillR","QHIL_3",27.2389692616264,"Hill q=3"
15,"sprex","QHIL_0",93,"Hill q=0"
15,"sprex","QHIL_1",52.281091719047,"Hill q=1"
15,"sprex","QHIL_2",34.3710144927536,"Hill q=2"
15,"sprex","QHIL_3",27.2389692616264,"Hill q=3"
15,"vegan","QHIL_0",93,"Hill q=0"
15,"vegan","QHIL_1",52.281091719047,"Hill q=1"
15,"vegan","QHIL_2",34.3710144927536,"Hill q=2"
15,"vegan","QHIL_3",27.2389692616264,"Hill q=3"
15,"adiv","QREN_0",4.53259949315326,"Renyi q=0"
15,"adiv","QREN_1",3.95663477069268,"Renyi q=1"
15,"adiv","QREN_2",3.53721360723595,"Renyi q=2"
15,"adiv","QREN_3",3.30464864141805,"Renyi q=3"
15,"BiodiversityR","QREN_0",4.53259949315326,"Renyi q=0"
15,"BiodiversityR","QREN_1",3.95663477069268,"Renyi q=1"
15,"BiodiversityR","QREN_2",3.53721360723595,"Renyi q=2"
15,"BiodiversityR","QREN_3",3.30464864141805,"Renyi q=3"
15,"diverse","QREN_0",4.51085950651685,"Renyi q=0"
15,"diverse","QREN_1",3.75541299694752,"Renyi q=1"
15,"diverse","QREN_2",3.09735799790701,"Renyi q=2"
15,"diverse","QREN_3",2.7319300877653,"Renyi q=3"
15,"EntropyEstimation","QREN_1",4.06434183838253,"Renyi q=1"
15,"EntropyEstimation","QREN_2",3.61235568687945,"Renyi q=2"
15,"EntropyEstimation","QREN_3",3.37288219815859,"Renyi q=3"
15,"seewave","QREN_2",0.653092336127875,"Renyi q=2"
15,"seewave","QREN_3",0.610152773927559,"Renyi q=3"
15,"sprex","QREN_0",4.53259949315326,"Renyi q=0"
15,"sprex","QREN_1",3.95663477069268,"Renyi q=1"
15,"sprex","QREN_2",3.53721360723595,"Renyi q=2"
15,"sprex","QREN_3",3.30464864141805,"Renyi q=3"
15,"statcomp","QREN_1",0.730532020618059,"Renyi q=1"
15,"statcomp","QREN_2",0.653092325577322,"Renyi q=2"
15,"statcomp","QREN_3",0.610152766014644,"Renyi q=3"
15,"vegan","QREN_0",4.53259949315326,"Renyi q=0"
15,"vegan","QREN_1",3.95663477069268,"Renyi q=1"
15,"vegan","QREN_2",3.53721360723595,"Renyi q=2"
15,"vegan","QREN_3",3.30464864141805,"Renyi q=3"
15,"adiv","QTSA_0",92,"Tsallis q=0"
15,"adiv","QTSA_1",3.95663477069268,"Tsallis q=1"
15,"adiv","QTSA_2",0.970905717658964,"Tsallis q=2"
15,"adiv","QTSA_3",0.499326110537951,"Tsallis q=3"
15,"divent","QTSA_0",92,"Tsallis q=0"
15,"divent","QTSA_1",3.95663477069268,"Tsallis q=1"
15,"divent","QTSA_2",0.970905717658964,"Tsallis q=2"
15,"divent","QTSA_3",0.499326110537951,"Tsallis q=3"
15,"entropart","QTSA_0",92,"Tsallis q=0"
15,"entropart","QTSA_1",3.95663477069268,"Tsallis q=1"
15,"entropart","QTSA_2",0.970905717658964,"Tsallis q=2"
15,"entropart","QTSA_3",0.499326110537951,"Tsallis q=3"
15,"EntropyEstimation","QTSA_1",4.06434183838253,"Tsallis q=1"
15,"EntropyEstimation","QTSA_2",0.973011803814406,"Tsallis q=2"
15,"EntropyEstimation","QTSA_3",0.499412075239671,"Tsallis q=3"
15,"vegan","QTSA_0",92,"Tsallis q=0"
15,"vegan","QTSA_1",3.95663477069268,"Tsallis q=1"
15,"vegan","QTSA_2",0.970905717658964,"Tsallis q=2"
15,"vegan","QTSA_3",0.499326110537951,"Tsallis q=3"
15,"BAT","RACE",119.245879120879,"ACE"
15,"ecodive","RACE",119.245879120879,"ACE"
15,"fossil","RACE",105.461538461538,"ACE"
15,"pctax","RACE",119.2459,"ACE"
15,"sprex","RACE",462,"ACE"
15,"tabula","RACE",119.245879120879,"ACE"
15,"vegan","RACE",119.245879120879,"ACE"
15,"wiqid","RACE",119.245879120879,"ACE"
15,"BiodiversityR","RBOO",93,"Bootstrap estimator"
15,"wiqid","RBOO",225,"Bootstrap estimator"
15,"BAT","RC1",113.714285714286,"Chao 1"
15,"BiodiversityR","RC1",93,"Chao 1"
15,"biosampleR","RC1",130,"Chao 1"
15,"iNEXT","RC1",115.451,"Chao 1"
15,"microbiome","RC1",113.714285714286,"Chao 1"
15,"pctax","RC1",113.7143,"Chao 1"
15,"rareNMtests","RC1",93,"Chao 1"
15,"SpadeR","RC1",93,"Chao 1"
15,"SSP","RC1",93,"Chao 1"
15,"vegan","RC1",113.714285714286,"Chao 1"
15,"wiqid","RC1",115.5,"Chao 1"
15,"BAT","RC1M",125.547197859373,"Chao 1 modified"
15,"divent","RC1M",115.451298701299,"Chao 1 modified"
15,"ecodive","RC1M",115.5,"Chao 1 modified"
15,"entropart","RC1M",115.451298701299,"Chao 1 modified"
15,"fossil","RC1M",115.5,"Chao 1 modified"
15,"mobr","RC1M",115.451298701299,"Chao 1 modified"
15,"OTUtable","RC1M",115.5,"Chao 1 modified"
15,"tabula","RC1M",115.451298701299,"Chao 1 modified"
15,"wiqid","RC1M",115.5,"Chao 1 modified"
15,"BAT","RCA2",217.302548860372,"Chao 2"
15,"divDyn","RCA2",113.491551459293,"Chao 2"
15,"fossil","RCA2",115.5,"Chao 2"
15,"tabula","RCA2",93,"Chao 2"
15,"wiqid","RCA2",93,"Chao 2"
15,"benthos","RHUR_2",1.97301180381439,"Hurlbert D k=2"
15,"benthos","RHUR_3",2.92021126096394,"Hurlbert D k=3"
15,"divent","RHUR_2",37.0532105603782,"Hurlbert D k=2"
15,"divent","RHUR_3",37.2629786800861,"Hurlbert D k=3"
15,"entropart","RHUR_2",1.97301180381439,"Hurlbert D k=2"
15,"entropart","RHUR_3",2.92021126096392,"Hurlbert D k=3"
15,"mobsim","RHUR_2",1.97301180381439,"Hurlbert D k=2"
15,"mobsim","RHUR_3",2.92021126096394,"Hurlbert D k=3"
15,"tabula","RHUR_2",1.97301180376886,"Hurlbert D k=2"
15,"tabula","RHUR_3",2.9202112609776,"Hurlbert D k=3"
15,"vegan","RHUR_2",1.97301180381439,"Hurlbert D k=2"
15,"vegan","RHUR_3",2.92021126096394,"Hurlbert D k=3"
15,"BAT","RICE",212.059210742096,"ICE"
15,"fossil","RICE",105.461538461538,"ICE"
15,"tabula","RICE",93,"ICE"
15,"wiqid","RICE",93,"ICE"
15,"BAT","RJA1",123,"Jackknife 1"
15,"BiodiversityR","RJA1",93,"Jackknife 1"
15,"divent","RJA1",123,"Jackknife 1"
15,"entropart","RJA1",123,"Jackknife 1"
15,"fossil","RJA1",122.935064935065,"Jackknife 1"
15,"SSP","RJA1",93,"Jackknife 1"
15,"tabula","RJA1",3.93732547112604,"Jackknife 1"
15,"wiqid","RJA1",123,"Jackknife 1"
15,"BAT","RJA2",133,"Jackknife 2"
15,"BiodiversityR","RJA2",93,"Jackknife 2"
15,"fossil","RJA2",132.740165835611,"Jackknife 2"
15,"SSP","RJA2",93,"Jackknife 2"
15,"wiqid","RJA2",133,"Jackknife 2"
15,"asbio","RLMD",166.475185091109,NA
15,"sads","RLMD",1.04407090026697,NA
15,"vegan","RLMD",108.781621011575,NA
15,"wiqid","RMM",0,"Michaelis-Menten"
15,"divDyn","RSQ",119.53165854909,"Squares Richness Estimator"
15,"ecodive","RSQ",119.53165854909,"Squares Richness Estimator"
15,"tabula","RSQ",119.53165854909,"Squares Richness Estimator"
16,"custom","RICH",93,"Species richness"
16,"abdiv","D1SP",0.968659834842304,"Simpson's reciprocal"
16,"ade4","D1SP",0.968659834842304,"Simpson's reciprocal"
16,"adiv","D1SP",0.968659834842304,"Simpson's reciprocal"
16,"agricolae","D1SP",0.968659834842304,"Simpson's reciprocal"
16,"asbio","D1SP",0.968659834842304,"Simpson's reciprocal"
16,"BiodiversityR","D1SP",0.96865983,"Simpson's reciprocal"
16,"biosampleR","D1SP",0.972352941176471,"Simpson's reciprocal"
16,"breakaway","D1SP",0.968659834842304,"Simpson's reciprocal"
16,"catsim","D1SP",0.622617283950617,"Simpson's reciprocal"
16,"concstats","D1SP",0.995675625737311,"Simpson's reciprocal"
16,"CUB","D1SP",0.972984209104993,"Simpson's reciprocal"
16,"DescTools","D1SP",0.968659834842304,"Simpson's reciprocal"
16,"divent","D1SP",0.968659834842304,"Simpson's reciprocal"
16,"diverse","D1SP",0.972352941176471,"Simpson's reciprocal"
16,"ecodive","D1SP",0.968659834842304,"Simpson's reciprocal"
16,"entropart","D1SP",0.968659834842304,"Simpson's reciprocal"
16,"lawstat","D1SP",0.826393429225237,"Simpson's reciprocal"
16,"MCPAN","D1SP",0.968659834842304,"Simpson's reciprocal"
16,"microbiome","D1SP",0.968659834842304,"Simpson's reciprocal"
16,"PCRA","D1SP",0.968659834842304,"Simpson's reciprocal"
16,"RoughSets","D1SP",0.968659834842304,"Simpson's reciprocal"
16,"simboot","D1SP",0.968659834842304,"Simpson's reciprocal"
16,"sprex","D1SP",0.968659834842304,"Simpson's reciprocal"
16,"untb","D1SP",0.970881531711209,"Simpson's reciprocal"
16,"vegan","D1SP",0.968659834842304,"Simpson's reciprocal"
16,"abdiv","DBRI",3.61745804618778,"Brillouin"
16,"ecodive","DBRI",3.61745804618778,"Brillouin"
16,"tabula","DBRI",3.61745804618778,"Brillouin"
16,"wiqid","DBRI",37.2427779759352,"Brillouin"
16,"BiodiversityR","DFIS",36.16927423,"Fisher's alpha"
16,"ecodive","DFIS",36.169,"Fisher's alpha"
16,"microbiome","DFIS",36.1692742334603,"Fisher's alpha"
16,"preseqR","DFIS",10.5854475467365,"Fisher's alpha"
16,"sads","DFIS",36.1692745156082,"Fisher's alpha"
16,"vegan","DFIS",36.1692742334603,"Fisher's alpha"
16,"custom","DGLE",15.2962207010792,"Gleason"
16,"custom","DGOO_1_1",3.91682141476042,"Good m1 n1"
16,"custom","DGOO_1_2",0.321932724282168,"Good m1 n2"
16,"custom","DGOO_1_3",1,"Good m1 n3"
16,"custom","DGOO_2_1",0.0983607915030466,"Good m2 n1"
16,"custom","DGOO_2_2",1.11009591472422,"Good m2 n2"
16,"custom","DGOO_2_3",1,"Good m2 n3"
16,"custom","DGOO_3_1",0.00454863430722877,"Good m3 n1"
16,"custom","DGOO_3_2",0.0401108873688013,"Good m3 n2"
16,"custom","DGOO_3_3",1,"Good m3 n3"
16,"abdiv","DINVSP",31.9079365079365,"Simpson inverse"
16,"adiv","DINVSP",31.9079365079365,"Simpson inverse"
16,"asbio","DINVSP",31.9079365079365,"Simpson inverse"
16,"BiodiversityR","DINVSP",31.90793651,"Simpson inverse"
16,"breakaway","DINVSP",31.9079365079365,"Simpson inverse"
16,"chemodiv","DINVSP",31.9079365079365,"Simpson inverse"
16,"codyn","DINVSP",4.57065217391304,"Simpson inverse"
16,"divseg","DINVSP",1.0313401651577,"Simpson inverse"
16,"ecodive","DINVSP",31.9079365079365,"Simpson inverse"
16,"microbiome","DINVSP",31.9079365079365,"Simpson inverse"
16,"sprex","DINVSP",31.9079365079365,"Simpson inverse"
16,"vegan","DINVSP",31.9079365079365,"Simpson inverse"
16,"wiqid","DINVSP",31.9079365079365,"Simpson inverse"
16,"custom","DKO",0.146788990825688,"Kothe"
16,"abdiv","DMC",0.864314218996645,"McIntosh"
16,"adiv","DMC",0.864314218996645,"McIntosh"
16,"agricolae","DMC",0.864314218996645,"McIntosh"
16,"ecodive","DMC",0.864314218996645,"McIntosh"
16,"forestHES","DMC",0.864314218996645,"McIntosh"
16,"tabula","DMC",0.864314218996645,"McIntosh"
16,"abdiv","DMG",15.1317452096698,"Margalef"
16,"adiv","DMG",15.1317452096698,"Margalef"
16,"agricolae","DMG",36.8425100757177,"Margalef"
16,"ecodive","DMG",15.1317452096698,"Margalef"
16,"tabula","DMG",15.1317452096698,"Margalef"
16,"abdiv","DMN",4.44879332108494,"Menhinick"
16,"adiv","DMN",4.44879332108494,"Menhinick"
16,"ecodive","DMN",4.44879332108494,"Menhinick"
16,"tabula","DMN",4.44879332108494,"Menhinick"
16,"custom","DOD",212.814645308924,"Odum"
16,"abdiv","DQ",0,"Q-statistic"
16,"ade4","DRAO",0.968659834842305,"Rao"
16,"BAT","DRAO",0.968659834842251,"Rao"
16,"SYNCSA","DRAO",0.968659834842304,"Rao"
16,"abdiv","DSHA",3.91682141476042,"Shannon"
16,"adiv","DSHA",3.91682141476042,"Shannon"
16,"aqp","DSHA",5.65077883112255,"Shannon"
16,"asbio","DSHA",3.91682141476042,"Shannon"
16,"benthos","DSHA",0,"Shannon"
16,"BiodiversityR","DSHA",3.91682141,"Shannon"
16,"biosampleR","DSHA",4.06257504046825,"Shannon"
16,"chemodiv","DSHA",3.91682141476042,"Shannon"
16,"codyn","DSHA",3.91682141476042,"Shannon"
16,"DescTools","DSHA",5.65077883112255,"Shannon"
16,"divDyn","DSHA",3.91682141476042,"Shannon"
16,"divent","DSHA",3.91682141476042,"Shannon"
16,"diverse","DSHA",4.06257504046825,"Shannon"
16,"ecodive","DSHA",3.91682141476042,"Shannon"
16,"EconGeo","DSHA",5.651,"Shannon"
16,"entropart","DSHA",3.91682141476042,"Shannon"
16,"forestmangr","DSHA",3.56,"Shannon"
16,"HardyWeinberg","DSHA",3.91682141476042,"Shannon"
16,"iNEXT","DSHA",3.917,"Shannon"
16,"MCPAN","DSHA",3.91682141476042,"Shannon"
16,"microbiome","DSHA",3.91682141476042,"Shannon"
16,"OTUtable","DSHA",3.91682141476042,"Shannon"
16,"pgirmess","DSHA",5.65077883112255,"Shannon"
16,"SpiecEasi","DSHA",3.91682141476042,"Shannon"
16,"sprex","DSHA",3.91682141476042,"Shannon"
16,"tabula","DSHA",3.91682141476042,"Shannon"
16,"triversity","DSHA",5.65077883112255,"Shannon"
16,"vegan","DSHA",3.91682141476042,"Shannon"
16,"wavethresh","DSHA",-35209.0763602036,"Shannon"
16,"wiqid","DSHA",50.2404970067064,"Shannon"
16,"abdiv","DSP",0.0313401651576958,"Simpson"
16,"agricolae","DSP",0.0313401651576958,"Simpson"
16,"antitrust","DSP",313.401651576957,"Simpson"
16,"benthos","DSP",0.0291184682887914,"Simpson"
16,"breakaway","DSP",0.0313401651576958,"Simpson"
16,"concstats","DSP",0.0313401651576958,"Simpson"
16,"DescTools","DSP",0.0313401651576958,"Simpson"
16,"diverse","DSP",0.0247787610619469,"Simpson"
16,"divseg","DSP",1.0313401651577,"Simpson"
16,"EconGeo","DSP",0.0313401651576957,"Simpson"
16,"hhi","DSP",0.218787158145065,"Simpson"
16,"ineq","DSP",0.0313401651576958,"Simpson"
16,"microbiome","DSP",0.0313401651576958,"Simpson"
16,"PDtoolkit","DSP",0.0313401651576958,"Simpson"
16,"politics","DSP",0.0313401651576958,"Simpson"
16,"REAT","DSP",0.0313401651576958,"Simpson"
16,"sprex","DSP",0.0313401651576958,"Simpson"
16,"tabula","DSP",0.0313401651576958,"Simpson"
16,"triversity","DSP",0.0313401651576958,"Simpson"
16,"abdiv","EBP",0.0732265446224256,"Berger-Parker"
16,"agricolae","EBP",0.0732265446224256,"Berger-Parker"
16,"BiodiversityR","EBP",0.07322654,"Berger-Parker"
16,"diverse","EBP",0.0764705882352941,"Berger-Parker"
16,"dyvDyn","EBP",0.0732265446224256,"Berger-Parker"
16,"ecodive","EBP",0.0732265446224256,"Berger-Parker"
16,"microbiome","EBP",0.0732265446224256,"Berger-Parker"
16,"tabula","EBP",0.0732265446224256,"Berger-Parker"
16,"triversity","EBP",0.0732265446224256,"Berger-Parker"
16,"wiqid","EBP",1,"Berger-Parker"
16,"tabula","EBRI",0.8668169415037,"Brillouin evenness"
16,"BAT","EBU",0.549323450402945,"Bulla"
16,"microbiome","EBU",0.549323450402945,"Bulla"
16,"BAT","ECAM",0.987584822780165,"Camargo"
16,"microbiome","ECAM",0.685785290716272,"Camargo"
16,"codyn","EEQ",0.210746588351317,"NHC EQ"
16,"custom","EEQ",0.00073246173173275,"NHC EQ"
16,"adiv","EEVAR",0.516367343219996,"NHC EVAR"
16,"codyn","EEVAR",0.582670665106223,"NHC EVAR"
16,"custom","EEVAR",0.516367343219996,"NHC EVAR"
16,"microbiome","EEVAR",0.516367343219996,"NHC EVAR"
16,"acid","EGIN",0.822720569539791,"Gini coefficient"
16,"DescTools","EGIN",0.822720569539791,"Gini coefficient"
16,"dplR","EGIN",0.822720569539792,"Gini coefficient"
16,"EconGeo","EGIN",0.823,"Gini coefficient"
16,"giniVarCI","EGIN",0.822720569539791,"Gini coefficient"
16,"ineq","EGIN",0.822720569539791,"Gini coefficient"
16,"microbiome","EGIN",0.82272056953979,"Gini coefficient"
16,"REAT","EGIN",0.822720569539791,"Gini coefficient"
16,"shipunov","EGIN",0.82272056953979,"Gini coefficient"
16,"wINEQ","EGIN",0.822720569539792,"Gini coefficient"
16,"abdiv","EHEI",0.535222793551156,"Heip"
16,"adiv","EHEI",0.535222793551156,"Heip"
16,"custom","EHUL",0.135011441647597,"Hulburt"
16,"benthos","EHURE",0.970881531711209,"Hurlbert PIE"
16,"BiodiversityR","EHURE",0.97088153,"Hurlbert PIE"
16,"mobr","EHURE",0.970881531711209,"Hurlbert PIE"
16,"vegan","EHURE",0.9708815317111,"Hurlbert PIE"
16,"custom","ELR",0.200896151771768,"Ludwig-Reynolds"
16,"abdiv","EMC",0.224153334525078,"McIntosh evenness"
16,"tabula","EMC",0.918179211789203,"McIntosh evenness"
16,"microbiome","EMN",0.135011441647597,"McNaughton"
16,"custom","ENHC",-0.034072646841248,"NHC"
16,"custom","EPAT",0.111813957688794,"Patten"
16,"abdiv","EPIE",0.864144608557848,"Pielou"
16,"adiv","EPIE",0.864144608557848,"Pielou"
16,"BiodiversityR","EPIE",0.86414461,"Pielou"
16,"breakaway","EPIE",0.864144608557848,"Pielou"
16,"chemodiv","EPIE",0.864144608557848,"Pielou"
16,"diverse","EPIE",0.884106437473934,"Pielou"
16,"forestmangr","EPIE",1,"Pielou"
16,"microbiome","EPIE",0.864144608557848,"Pielou"
16,"OTUtable","EPIE",0.864144608557848,"Pielou"
16,"pctax","EPIE",0.8641,"Pielou"
16,"sprex","EPIE",0.864144608557848,"Pielou"
16,"tabula","EPIE",0.864144608557848,"Pielou"
16,"custom","ESHE",0.540220397921574,"Sheldon"
16,"adiv","ESP",0.343096091483188,"Simpson evenness"
16,"codyn","ESP",0.326475155279503,"Simpson evenness"
16,"sprex","ESP",0.0421163592984992,"Simpson evenness"
16,"tabula","ESP",0.343096091483188,"Simpson evenness"
16,"abdiv","EST",0.445830565192786,"Strong"
16,"adiv","QHIL_0",93,"Hill q=0"
16,"adiv","QHIL_1",50.2404970067064,"Hill q=1"
16,"adiv","QHIL_2",31.9079365079365,"Hill q=2"
16,"adiv","QHIL_3",25.2355008068583,"Hill q=3"
16,"BAT","QHIL_0",93,"Hill q=0"
16,"BAT","QHIL_1",50.2404970067064,"Hill q=1"
16,"BAT","QHIL_2",31.9079365079365,"Hill q=2"
16,"BAT","QHIL_3",25.2355008068583,"Hill q=3"
16,"benthos","QHIL_0",225,"Hill q=0"
16,"benthos","QHIL_1",50.2404970067064,"Hill q=1"
16,"benthos","QHIL_2",31.9079365079365,"Hill q=2"
16,"benthos","QHIL_3",25.2355008068583,"Hill q=3"
16,"breakaway","QHIL_0",93,"Hill q=0"
16,"breakaway","QHIL_1",50.2404970067064,"Hill q=1"
16,"breakaway","QHIL_2",31.9079365079365,"Hill q=2"
16,"breakaway","QHIL_3",25.2355008068583,"Hill q=3"
16,"chemodiv","QHIL_0",93,"Hill q=0"
16,"chemodiv","QHIL_1",50.2404970067064,"Hill q=1"
16,"chemodiv","QHIL_2",31.9079365079365,"Hill q=2"
16,"chemodiv","QHIL_3",25.2355008068583,"Hill q=3"
16,"divDyn","QHIL_2",31.9079365079365,"Hill q=2"
16,"divent","QHIL_0",93,"Hill q=0"
16,"divent","QHIL_1",50.2404970067064,"Hill q=1"
16,"divent","QHIL_2",31.9079365079365,"Hill q=2"
16,"divent","QHIL_3",25.2355008068581,"Hill q=3"
16,"entropart","QHIL_0",93,"Hill q=0"
16,"entropart","QHIL_1",50.2404970067064,"Hill q=1"
16,"entropart","QHIL_2",31.9079365079365,"Hill q=2"
16,"entropart","QHIL_3",25.2355008068586,"Hill q=3"
16,"EntropyEstimation","QHIL_1",56.3241923326264,"Hill q=1"
16,"EntropyEstimation","QHIL_2",34.3424657534243,"Hill q=2"
16,"EntropyEstimation","QHIL_3",26.9677522412497,"Hill q=3"
16,"hilldiv","QHIL_0",93,"Hill q=0"
16,"hilldiv","QHIL_1",50.2407901519578,"Hill q=1"
16,"hilldiv","QHIL_2",31.9079365079365,"Hill q=2"
16,"hilldiv","QHIL_3",25.2355008068583,"Hill q=3"
16,"hillR","QHIL_0",93,"Hill q=0"
16,"hillR","QHIL_1",50.2404970067064,"Hill q=1"
16,"hillR","QHIL_2",31.9079365079365,"Hill q=2"
16,"hillR","QHIL_3",25.2355008068583,"Hill q=3"
16,"sprex","QHIL_0",93,"Hill q=0"
16,"sprex","QHIL_1",50.2404970067064,"Hill q=1"
16,"sprex","QHIL_2",31.9079365079365,"Hill q=2"
16,"sprex","QHIL_3",25.2355008068583,"Hill q=3"
16,"vegan","QHIL_0",93,"Hill q=0"
16,"vegan","QHIL_1",50.2404970067064,"Hill q=1"
16,"vegan","QHIL_2",31.9079365079365,"Hill q=2"
16,"vegan","QHIL_3",25.2355008068583,"Hill q=3"
16,"adiv","QREN_0",4.53259949315326,"Renyi q=0"
16,"adiv","QREN_1",3.91682141476042,"Renyi q=1"
16,"adiv","QREN_2",3.46285477219911,"Renyi q=2"
16,"adiv","QREN_3",3.22825176531983,"Renyi q=3"
16,"BiodiversityR","QREN_0",4.53259949315326,"Renyi q=0"
16,"BiodiversityR","QREN_1",3.91682141476042,"Renyi q=1"
16,"BiodiversityR","QREN_2",3.46285477219911,"Renyi q=2"
16,"BiodiversityR","QREN_3",3.22825176531983,"Renyi q=3"
16,"diverse","QREN_0",4.59511985013459,"Renyi q=0"
16,"diverse","QREN_1",4.06257504046825,"Renyi q=1"
16,"diverse","QREN_2",3.58823592833425,"Renyi q=2"
16,"diverse","QREN_3",3.29645815557004,"Renyi q=3"
16,"EntropyEstimation","QREN_1",4.03112414680363,"Renyi q=1"
16,"EntropyEstimation","QREN_2",3.53638265700989,"Renyi q=2"
16,"EntropyEstimation","QREN_3",3.29464179075109,"Renyi q=3"
16,"seewave","QREN_2",0.63936311653336,"Renyi q=2"
16,"seewave","QREN_3",0.596047261109637,"Renyi q=3"
16,"sprex","QREN_0",4.53259949315326,"Renyi q=0"
16,"sprex","QREN_1",3.91682141476042,"Renyi q=1"
16,"sprex","QREN_2",3.46285477219911,"Renyi q=2"
16,"sprex","QREN_3",3.22825176531983,"Renyi q=3"
16,"statcomp","QREN_1",0.723181094125623,"Renyi q=1"
16,"statcomp","QREN_2",0.639363105379228,"Renyi q=2"
16,"statcomp","QREN_3",0.596047252744038,"Renyi q=3"
16,"vegan","QREN_0",4.53259949315326,"Renyi q=0"
16,"vegan","QREN_1",3.91682141476042,"Renyi q=1"
16,"vegan","QREN_2",3.46285477219911,"Renyi q=2"
16,"vegan","QREN_3",3.22825176531983,"Renyi q=3"
16,"adiv","QTSA_0",92,"Tsallis q=0"
16,"adiv","QTSA_1",3.91682141476042,"Tsallis q=1"
16,"adiv","QTSA_2",0.968659834842304,"Tsallis q=2"
16,"adiv","QTSA_3",0.499214861726572,"Tsallis q=3"
16,"divent","QTSA_0",92,"Tsallis q=0"
16,"divent","QTSA_1",3.91682141476042,"Tsallis q=1"
16,"divent","QTSA_2",0.968659834842304,"Tsallis q=2"
16,"divent","QTSA_3",0.499214861726572,"Tsallis q=3"
16,"entropart","QTSA_0",92,"Tsallis q=0"
16,"entropart","QTSA_1",3.91682141476042,"Tsallis q=1"
16,"entropart","QTSA_2",0.968659834842304,"Tsallis q=2"
16,"entropart","QTSA_3",0.499214861726572,"Tsallis q=3"
16,"EntropyEstimation","QTSA_1",4.03112414680363,"Tsallis q=1"
16,"EntropyEstimation","QTSA_2",0.970881531711208,"Tsallis q=2"
16,"EntropyEstimation","QTSA_3",0.499312487648016,"Tsallis q=3"
16,"vegan","QTSA_0",92,"Tsallis q=0"
16,"vegan","QTSA_1",3.91682141476042,"Tsallis q=1"
16,"vegan","QTSA_2",0.968659834842304,"Tsallis q=2"
16,"vegan","QTSA_3",0.499214861726572,"Tsallis q=3"
16,"BAT","RACE",124.936721474838,"ACE"
16,"ecodive","RACE",124.936721474838,"ACE"
16,"fossil","RACE",106.833333333333,"ACE"
16,"pctax","RACE",124.9367,"ACE"
16,"sprex","RACE",437,"ACE"
16,"tabula","RACE",124.936721474838,"ACE"
16,"vegan","RACE",124.936721474838,"ACE"
16,"wiqid","RACE",124.936721474838,"ACE"
16,"BiodiversityR","RBOO",93,"Bootstrap estimator"
16,"wiqid","RBOO",225,"Bootstrap estimator"
16,"BAT","RC1",114.565217391304,"Chao 1"
16,"BiodiversityR","RC1",93,"Chao 1"
16,"biosampleR","RC1",140.130434782609,"Chao 1"
16,"iNEXT","RC1",116.219,"Chao 1"
16,"microbiome","RC1",114.565217391304,"Chao 1"
16,"pctax","RC1",114.5652,"Chao 1"
16,"rareNMtests","RC1",93,"Chao 1"
16,"SpadeR","RC1",93,"Chao 1"
16,"SSP","RC1",93,"Chao 1"
16,"vegan","RC1",114.565217391304,"Chao 1"
16,"wiqid","RC1",116.272727272727,"Chao 1"
16,"BAT","RC1M",128.129188094125,"Chao 1 modified"
16,"divent","RC1M",116.219471603911,"Chao 1 modified"
16,"ecodive","RC1M",116.272727272727,"Chao 1 modified"
16,"entropart","RC1M",116.219471603911,"Chao 1 modified"
16,"fossil","RC1M",116.272727272727,"Chao 1 modified"
16,"mobr","RC1M",116.219471603911,"Chao 1 modified"
16,"OTUtable","RC1M",116.272727272727,"Chao 1 modified"
16,"tabula","RC1M",116.219471603911,"Chao 1 modified"
16,"wiqid","RC1M",116.272727272727,"Chao 1 modified"
16,"BAT","RCA2",219.943483818907,"Chao 2"
16,"divDyn","RCA2",114.333333333333,"Chao 2"
16,"fossil","RCA2",116.272727272727,"Chao 2"
16,"tabula","RCA2",93,"Chao 2"
16,"wiqid","RCA2",93,"Chao 2"
16,"benthos","RHUR_2",1.9708815317111,"Hurlbert D k=2"
16,"benthos","RHUR_3",2.91401961983765,"Hurlbert D k=3"
16,"divent","RHUR_2",34.3424657676974,"Hurlbert D k=2"
16,"divent","RHUR_3",34.5551171059953,"Hurlbert D k=3"
16,"entropart","RHUR_2",1.97088153171109,"Hurlbert D k=2"
16,"entropart","RHUR_3",2.91401961983766,"Hurlbert D k=3"
16,"mobsim","RHUR_2",1.9708815317111,"Hurlbert D k=2"
16,"mobsim","RHUR_3",2.91401961983765,"Hurlbert D k=3"
16,"tabula","RHUR_2",1.97088153165849,"Hurlbert D k=2"
16,"tabula","RHUR_3",2.91401961979178,"Hurlbert D k=3"
16,"vegan","RHUR_2",1.9708815317111,"Hurlbert D k=2"
16,"vegan","RHUR_3",2.91401961983765,"Hurlbert D k=3"
16,"BAT","RICE",213.436933703059,"ICE"
16,"fossil","RICE",106.833333333333,"ICE"
16,"tabula","RICE",93,"ICE"
16,"wiqid","RICE",93,"ICE"
16,"BAT","RJA1",125,"Jackknife 1"
16,"BiodiversityR","RJA1",93,"Jackknife 1"
16,"divent","RJA1",125,"Jackknife 1"
16,"entropart","RJA1",125,"Jackknife 1"
16,"fossil","RJA1",124.926773455378,"Jackknife 1"
16,"SSP","RJA1",93,"Jackknife 1"
16,"tabula","RJA1",3.89678485442212,"Jackknife 1"
16,"wiqid","RJA1",125,"Jackknife 1"
16,"BAT","RJA2",135,"Jackknife 2"
16,"BiodiversityR","RJA2",93,"Jackknife 2"
16,"fossil","RJA2",134.711555014381,"Jackknife 2"
16,"SSP","RJA2",93,"Jackknife 2"
16,"wiqid","RJA2",135,"Jackknife 2"
16,"asbio","RLMD",161.159563121157,NA
16,"sads","RLMD",0.972690675166535,NA
16,"vegan","RLMD",110.272553924538,NA
16,"wiqid","RMM",0,"Michaelis-Menten"
16,"divDyn","RSQ",125.600362779465,"Squares Richness Estimator"
16,"ecodive","RSQ",125.600362779465,"Squares Richness Estimator"
16,"tabula","RSQ",125.600362779465,"Squares Richness Estimator"
17,"custom","RICH",93,"Species richness"
17,"abdiv","D1SP",0.954512575691818,"Simpson's reciprocal"
17,"ade4","D1SP",0.954512575691818,"Simpson's reciprocal"
17,"adiv","D1SP",0.954512575691818,"Simpson's reciprocal"
17,"agricolae","D1SP",0.954512575691818,"Simpson's reciprocal"
17,"asbio","D1SP",0.954512575691818,"Simpson's reciprocal"
17,"BiodiversityR","D1SP",0.95451258,"Simpson's reciprocal"
17,"biosampleR","D1SP",0.969426801332778,"Simpson's reciprocal"
17,"breakaway","D1SP",0.954512575691818,"Simpson's reciprocal"
17,"catsim","D1SP",0.611476543209877,"Simpson's reciprocal"
17,"concstats","D1SP",0.995738783144233,"Simpson's reciprocal"
17,"CUB","D1SP",0.958773792547585,"Simpson's reciprocal"
17,"DescTools","D1SP",0.954512575691818,"Simpson's reciprocal"
17,"divent","D1SP",0.954512575691818,"Simpson's reciprocal"
17,"diverse","D1SP",0.969426801332778,"Simpson's reciprocal"
17,"ecodive","D1SP",0.954512575691818,"Simpson's reciprocal"
17,"entropart","D1SP",0.954512575691818,"Simpson's reciprocal"
17,"lawstat","D1SP",0.838793588301462,"Simpson's reciprocal"
17,"MCPAN","D1SP",0.954512575691818,"Simpson's reciprocal"
17,"microbiome","D1SP",0.954512575691818,"Simpson's reciprocal"
17,"PCRA","D1SP",0.954512575691818,"Simpson's reciprocal"
17,"RoughSets","D1SP",0.954512575691818,"Simpson's reciprocal"
17,"simboot","D1SP",0.954512575691818,"Simpson's reciprocal"
17,"sprex","D1SP",0.954512575691818,"Simpson's reciprocal"
17,"untb","D1SP",0.957024450891007,"Simpson's reciprocal"
17,"vegan","D1SP",0.954512575691818,"Simpson's reciprocal"
17,"abdiv","DBRI",3.41597376263194,"Brillouin"
17,"ecodive","DBRI",3.41597376263194,"Brillouin"
17,"tabula","DBRI",3.41597376263194,"Brillouin"
17,"wiqid","DBRI",30.446582741861,"Brillouin"
17,"BiodiversityR","DFIS",39.21056921,"Fisher's alpha"
17,"ecodive","DFIS",39.211,"Fisher's alpha"
17,"microbiome","DFIS",39.2105692130468,"Fisher's alpha"
17,"preseqR","DFIS",13.2478229053954,"Fisher's alpha"
17,"sads","DFIS",39.2105647580999,"Fisher's alpha"
17,"vegan","DFIS",39.2105692130468,"Fisher's alpha"
17,"custom","DGLE",15.6491905799895,"Gleason"
17,"custom","DGOO_1_1",3.73689656553853,"Good m1 n1"
17,"custom","DGOO_1_2",0.344107799473412,"Good m1 n2"
17,"custom","DGOO_1_3",1,"Good m1 n3"
17,"custom","DGOO_2_1",0.121082695348573,"Good m2 n1"
17,"custom","DGOO_2_2",1.06908621591421,"Good m2 n2"
17,"custom","DGOO_2_3",1,"Good m2 n3"
17,"custom","DGOO_3_1",0.0089310175740657,"Good m3 n1"
17,"custom","DGOO_3_2",0.0557936606593095,"Good m3 n2"
17,"custom","DGOO_3_3",1,"Good m3 n3"
17,"abdiv","DINVSP",21.9840981372104,"Simpson inverse"
17,"adiv","DINVSP",21.9840981372104,"Simpson inverse"
17,"asbio","DINVSP",21.9840981372104,"Simpson inverse"
17,"BiodiversityR","DINVSP",21.98409814,"Simpson inverse"
17,"breakaway","DINVSP",21.9840981372104,"Simpson inverse"
17,"chemodiv","DINVSP",21.9840981372104,"Simpson inverse"
17,"codyn","DINVSP",2.86444007858546,"Simpson inverse"
17,"divseg","DINVSP",1.04548742430818,"Simpson inverse"
17,"ecodive","DINVSP",21.9840981372104,"Simpson inverse"
17,"microbiome","DINVSP",21.9840981372104,"Simpson inverse"
17,"sprex","DINVSP",21.9840981372104,"Simpson inverse"
17,"vegan","DINVSP",21.9840981372104,"Simpson inverse"
17,"wiqid","DINVSP",21.9840981372104,"Simpson inverse"
17,"custom","DKO",0.146788990825688,"Kothe"
17,"abdiv","DMC",0.82920357591977,"McIntosh"
17,"adiv","DMC",0.82920357591977,"McIntosh"
17,"agricolae","DMC",0.82920357591977,"McIntosh"
17,"ecodive","DMC",0.82920357591977,"McIntosh"
17,"forestHES","DMC",0.82920357591977,"McIntosh"
17,"tabula","DMC",0.82920357591977,"McIntosh"
17,"abdiv","DMG",15.480919713538,"Margalef"
17,"adiv","DMG",15.480919713538,"Margalef"
17,"agricolae","DMG",37.6926740851359,"Margalef"
17,"ecodive","DMG",15.480919713538,"Margalef"
17,"tabula","DMG",15.480919713538,"Margalef"
17,"abdiv","DMN",4.76453433208061,"Menhinick"
17,"adiv","DMN",4.76453433208061,"Menhinick"
17,"ecodive","DMN",4.76453433208061,"Menhinick"
17,"tabula","DMN",4.76453433208061,"Menhinick"
17,"custom","DOD",244.094488188976,"Odum"
17,"abdiv","DQ",0,"Q-statistic"
17,"ade4","DRAO",0.954512575691818,"Rao"
17,"BAT","DRAO",0.954512575691801,"Rao"
17,"SYNCSA","DRAO",0.954512575691818,"Rao"
17,"abdiv","DSHA",3.73689656553853,"Shannon"
17,"adiv","DSHA",3.73689656553853,"Shannon"
17,"aqp","DSHA",5.39120214341743,"Shannon"
17,"asbio","DSHA",3.73689656553853,"Shannon"
17,"benthos","DSHA",0,"Shannon"
17,"BiodiversityR","DSHA",3.73689657,"Shannon"
17,"biosampleR","DSHA",3.9794271267543,"Shannon"
17,"chemodiv","DSHA",3.73689656553853,"Shannon"
17,"codyn","DSHA",3.73689656553853,"Shannon"
17,"DescTools","DSHA",5.39120214341743,"Shannon"
17,"divDyn","DSHA",3.73689656553853,"Shannon"
17,"divent","DSHA",3.73689656553853,"Shannon"
17,"diverse","DSHA",3.9794271267543,"Shannon"
17,"ecodive","DSHA",3.73689656553852,"Shannon"
17,"EconGeo","DSHA",5.391,"Shannon"
17,"entropart","DSHA",3.73689656553853,"Shannon"
17,"forestmangr","DSHA",3.56,"Shannon"
17,"HardyWeinberg","DSHA",3.73689656553853,"Shannon"
17,"iNEXT","DSHA",3.737,"Shannon"
17,"MCPAN","DSHA",3.73689656553853,"Shannon"
17,"microbiome","DSHA",3.73689656553853,"Shannon"
17,"OTUtable","DSHA",3.73689656553853,"Shannon"
17,"pgirmess","DSHA",5.39120214341743,"Shannon"
17,"SpiecEasi","DSHA",3.73689656553853,"Shannon"
17,"sprex","DSHA",3.73689656553853,"Shannon"
17,"tabula","DSHA",3.73689656553853,"Shannon"
17,"triversity","DSHA",5.39120214341743,"Shannon"
17,"vegan","DSHA",3.73689656553853,"Shannon"
17,"wavethresh","DSHA",-43327.6382689349,"Shannon"
17,"wiqid","DSHA",41.9675443313049,"Shannon"
17,"abdiv","DSP",0.0454874243081819,"Simpson"
17,"agricolae","DSP",0.0454874243081819,"Simpson"
17,"antitrust","DSP",454.87424308182,"Simpson"
17,"benthos","DSP",0.042975549108993,"Simpson"
17,"breakaway","DSP",0.0454874243081819,"Simpson"
17,"concstats","DSP",0.0454874243081819,"Simpson"
17,"DescTools","DSP",0.0454874243081819,"Simpson"
17,"diverse","DSP",0.0280938462341458,"Simpson"
17,"divseg","DSP",1.04548742430818,"Simpson"
17,"EconGeo","DSP",0.045487424308182,"Simpson"
17,"hhi","DSP",0.349108367626886,"Simpson"
17,"ineq","DSP",0.0454874243081819,"Simpson"
17,"microbiome","DSP",0.0454874243081819,"Simpson"
17,"PDtoolkit","DSP",0.0454874243081819,"Simpson"
17,"politics","DSP",0.0454874243081819,"Simpson"
17,"REAT","DSP",0.0454874243081819,"Simpson"
17,"sprex","DSP",0.0454874243081819,"Simpson"
17,"tabula","DSP",0.0454874243081819,"Simpson"
17,"triversity","DSP",0.0454874243081819,"Simpson"
17,"abdiv","EBP",0.110236220472441,"Berger-Parker"
17,"agricolae","EBP",0.110236220472441,"Berger-Parker"
17,"BiodiversityR","EBP",0.11023622,"Berger-Parker"
17,"diverse","EBP",0.0969387755102041,"Berger-Parker"
17,"dyvDyn","EBP",0.110236220472441,"Berger-Parker"
17,"ecodive","EBP",0.110236220472441,"Berger-Parker"
17,"microbiome","EBP",0.110236220472441,"Berger-Parker"
17,"tabula","EBP",0.110236220472441,"Berger-Parker"
17,"triversity","EBP",0.110236220472441,"Berger-Parker"
17,"wiqid","EBP",1,"Berger-Parker"
17,"tabula","EBRI",0.825264504164228,"Brillouin evenness"
17,"BAT","EBU",0.518829168093119,"Bulla"
17,"microbiome","EBU",0.518829168093119,"Bulla"
17,"BAT","ECAM",0.98693553908847,"Camargo"
17,"microbiome","ECAM",0.671492676318686,"Camargo"
17,"codyn","EEQ",0.197176691569466,"NHC EQ"
17,"custom","EEQ",0.00065360139731322,"NHC EQ"
17,"adiv","EEVAR",0.546907175884262,"NHC EVAR"
17,"codyn","EEVAR",0.539018458116461,"NHC EVAR"
17,"custom","EEVAR",0.546907175884262,"NHC EVAR"
17,"microbiome","EEVAR",0.546907175884262,"NHC EVAR"
17,"acid","EGIN",0.8350656167979,"Gini coefficient"
17,"DescTools","EGIN",0.8350656167979,"Gini coefficient"
17,"dplR","EGIN",0.8350656167979,"Gini coefficient"
17,"EconGeo","EGIN",0.835,"Gini coefficient"
17,"giniVarCI","EGIN",0.8350656167979,"Gini coefficient"
17,"ineq","EGIN",0.8350656167979,"Gini coefficient"
17,"microbiome","EGIN",0.835065616797898,"Gini coefficient"
17,"REAT","EGIN",0.8350656167979,"Gini coefficient"
17,"shipunov","EGIN",0.835065616797898,"Gini coefficient"
17,"wINEQ","EGIN",0.8350656167979,"Gini coefficient"
17,"abdiv","EHEI",0.445299394905488,"Heip"
17,"adiv","EHEI",0.445299394905488,"Heip"
17,"custom","EHUL",0.204724409448819,"Hulburt"
17,"benthos","EHURE",0.957024450891007,"Hurlbert PIE"
17,"BiodiversityR","EHURE",0.95702445,"Hurlbert PIE"
17,"mobr","EHURE",0.957024450891007,"Hurlbert PIE"
17,"vegan","EHURE",0.957024450891221,"Hurlbert PIE"
17,"custom","ELR",0.167815182129763,"Ludwig-Reynolds"
17,"abdiv","EMC",0.281017745726538,"McIntosh evenness"
17,"tabula","EMC",0.877739540211856,"McIntosh evenness"
17,"microbiome","EMN",0.204724409448819,"McNaughton"
17,"custom","ENHC",-0.0304018262933979,"NHC"
17,"custom","EPAT",0.237156313677067,"Patten"
17,"abdiv","EPIE",0.824448877776057,"Pielou"
17,"adiv","EPIE",0.824448877776057,"Pielou"
17,"BiodiversityR","EPIE",0.82444888,"Pielou"
17,"breakaway","EPIE",0.824448877776057,"Pielou"
17,"chemodiv","EPIE",0.824448877776057,"Pielou"
17,"diverse","EPIE",0.873854788234221,"Pielou"
17,"forestmangr","EPIE",1,"Pielou"
17,"microbiome","EPIE",0.824448877776057,"Pielou"
17,"OTUtable","EPIE",0.824448877776057,"Pielou"
17,"pctax","EPIE",0.8244,"Pielou"
17,"sprex","EPIE",0.824448877776057,"Pielou"
17,"tabula","EPIE",0.824448877776057,"Pielou"
17,"custom","ESHE",0.451263917540913,"Sheldon"
17,"adiv","ESP",0.236388152013015,"Simpson evenness"
17,"codyn","ESP",0.204602862756104,"Simpson evenness"
17,"sprex","ESP",0.0401816835004143,"Simpson evenness"
17,"tabula","ESP",0.236388152013015,"Simpson evenness"
17,"abdiv","EST",0.475996951993904,"Strong"
17,"adiv","QHIL_0",93,"Hill q=0"
17,"adiv","QHIL_1",41.9675443313049,"Hill q=1"
17,"adiv","QHIL_2",21.9840981372104,"Hill q=2"
17,"adiv","QHIL_3",16.4832296406743,"Hill q=3"
17,"BAT","QHIL_0",93,"Hill q=0"
17,"BAT","QHIL_1",41.9675443313049,"Hill q=1"
17,"BAT","QHIL_2",21.9840981372104,"Hill q=2"
17,"BAT","QHIL_3",16.4832296406743,"Hill q=3"
17,"benthos","QHIL_0",225,"Hill q=0"
17,"benthos","QHIL_1",41.9675443313049,"Hill q=1"
17,"benthos","QHIL_2",21.9840981372104,"Hill q=2"
17,"benthos","QHIL_3",16.4832296406743,"Hill q=3"
17,"breakaway","QHIL_0",93,"Hill q=0"
17,"breakaway","QHIL_1",41.9675443313049,"Hill q=1"
17,"breakaway","QHIL_2",21.9840981372104,"Hill q=2"
17,"breakaway","QHIL_3",16.4832296406743,"Hill q=3"
17,"chemodiv","QHIL_0",93,"Hill q=0"
17,"chemodiv","QHIL_1",41.9675443313049,"Hill q=1"
17,"chemodiv","QHIL_2",21.9840981372104,"Hill q=2"
17,"chemodiv","QHIL_3",16.4832296406743,"Hill q=3"
17,"divDyn","QHIL_2",21.9840981372104,"Hill q=2"
17,"divent","QHIL_0",93,"Hill q=0"
17,"divent","QHIL_1",41.9675443313049,"Hill q=1"
17,"divent","QHIL_2",21.9840981372103,"Hill q=2"
17,"divent","QHIL_3",16.4832296406744,"Hill q=3"
17,"entropart","QHIL_0",93,"Hill q=0"
17,"entropart","QHIL_1",41.9675443313049,"Hill q=1"
17,"entropart","QHIL_2",21.9840981372103,"Hill q=2"
17,"entropart","QHIL_3",16.4832296406743,"Hill q=3"
17,"EntropyEstimation","QHIL_1",47.9171213669378,"Hill q=1"
17,"EntropyEstimation","QHIL_2",23.2690453230472,"Hill q=2"
17,"EntropyEstimation","QHIL_3",17.244935841423,"Hill q=3"
17,"hilldiv","QHIL_0",93,"Hill q=0"
17,"hilldiv","QHIL_1",41.9678990973736,"Hill q=1"
17,"hilldiv","QHIL_2",21.9840981372104,"Hill q=2"
17,"hilldiv","QHIL_3",16.4832296406743,"Hill q=3"
17,"hillR","QHIL_0",93,"Hill q=0"
17,"hillR","QHIL_1",41.9675443313049,"Hill q=1"
17,"hillR","QHIL_2",21.9840981372104,"Hill q=2"
17,"hillR","QHIL_3",16.4832296406743,"Hill q=3"
17,"sprex","QHIL_0",93,"Hill q=0"
17,"sprex","QHIL_1",41.9675443313049,"Hill q=1"
17,"sprex","QHIL_2",21.9840981372104,"Hill q=2"
17,"sprex","QHIL_3",16.4832296406743,"Hill q=3"
17,"vegan","QHIL_0",93,"Hill q=0"
17,"vegan","QHIL_1",41.9675443313049,"Hill q=1"
17,"vegan","QHIL_2",21.9840981372104,"Hill q=2"
17,"vegan","QHIL_3",16.4832296406743,"Hill q=3"
17,"adiv","QREN_0",4.53259949315326,"Renyi q=0"
17,"adiv","QREN_1",3.73689656553853,"Renyi q=1"
17,"adiv","QREN_2",3.09031938005883,"Renyi q=2"
17,"adiv","QREN_3",2.80234347862295,"Renyi q=3"
17,"BiodiversityR","QREN_0",4.53259949315326,"Renyi q=0"
17,"BiodiversityR","QREN_1",3.73689656553853,"Renyi q=1"
17,"BiodiversityR","QREN_2",3.09031938005883,"Renyi q=2"
17,"BiodiversityR","QREN_3",2.80234347862295,"Renyi q=3"
17,"diverse","QREN_0",4.55387689160054,"Renyi q=0"
17,"diverse","QREN_1",3.9794271267543,"Renyi q=1"
17,"diverse","QREN_2",3.48763151436207,"Renyi q=2"
17,"diverse","QREN_3",3.17828763114543,"Renyi q=3"
17,"EntropyEstimation","QREN_1",3.86947288036129,"Renyi q=1"
17,"EntropyEstimation","QREN_2",3.14712395038955,"Renyi q=2"
17,"EntropyEstimation","QREN_3",2.8475185259657,"Renyi q=3"
17,"seewave","QREN_2",0.570580162822013,"Renyi q=2"
17,"seewave","QREN_3",0.517409819332533,"Renyi q=3"
17,"sprex","QREN_0",4.53259949315326,"Renyi q=0"
17,"sprex","QREN_1",3.73689656553853,"Renyi q=1"
17,"sprex","QREN_2",3.09031938005883,"Renyi q=2"
17,"sprex","QREN_3",2.80234347862295,"Renyi q=3"
17,"statcomp","QREN_1",0.689960725989785,"Renyi q=1"
17,"statcomp","QREN_2",0.570580150028429,"Renyi q=2"
17,"statcomp","QREN_3",0.517409809737345,"Renyi q=3"
17,"vegan","QREN_0",4.53259949315326,"Renyi q=0"
17,"vegan","QREN_1",3.73689656553853,"Renyi q=1"
17,"vegan","QREN_2",3.09031938005883,"Renyi q=2"
17,"vegan","QREN_3",2.80234347862295,"Renyi q=3"
17,"adiv","QTSA_0",92,"Tsallis q=0"
17,"adiv","QTSA_1",3.73689656553853,"Tsallis q=1"
17,"adiv","QTSA_2",0.954512575691818,"Tsallis q=2"
17,"adiv","QTSA_3",0.498159713729751,"Tsallis q=3"
17,"divent","QTSA_0",92,"Tsallis q=0"
17,"divent","QTSA_1",3.73689656553853,"Tsallis q=1"
17,"divent","QTSA_2",0.954512575691818,"Tsallis q=2"
17,"divent","QTSA_3",0.498159713729751,"Tsallis q=3"
17,"entropart","QTSA_0",92,"Tsallis q=0"
17,"entropart","QTSA_1",3.73689656553853,"Tsallis q=1"
17,"entropart","QTSA_2",0.954512575691818,"Tsallis q=2"
17,"entropart","QTSA_3",0.498159713729751,"Tsallis q=3"
17,"EntropyEstimation","QTSA_1",3.86947288036129,"Tsallis q=1"
17,"EntropyEstimation","QTSA_2",0.957024450891007,"Tsallis q=2"
17,"EntropyEstimation","QTSA_3",0.498318693707239,"Tsallis q=3"
17,"vegan","QTSA_0",92,"Tsallis q=0"
17,"vegan","QTSA_1",3.73689656553853,"Tsallis q=1"
17,"vegan","QTSA_2",0.954512575691818,"Tsallis q=2"
17,"vegan","QTSA_3",0.498159713729751,"Tsallis q=3"
17,"BAT","RACE",137.197248677249,"ACE"
17,"ecodive","RACE",137.197248677249,"ACE"
17,"fossil","RACE",115.933333333333,"ACE"
17,"pctax","RACE",137.1972,"ACE"
17,"sprex","RACE",381,"ACE"
17,"tabula","RACE",137.197248677249,"ACE"
17,"vegan","RACE",137.197248677249,"ACE"
17,"wiqid","RACE",137.197248677249,"ACE"
17,"BiodiversityR","RBOO",93,"Bootstrap estimator"
17,"wiqid","RBOO",225,"Bootstrap estimator"
17,"BAT","RC1",126.913043478261,"Chao 1"
17,"BiodiversityR","RC1",93,"Chao 1"
17,"biosampleR","RC1",136.352941176471,"Chao 1"
17,"iNEXT","RC1",129.268,"Chao 1"
17,"microbiome","RC1",126.913043478261,"Chao 1"
17,"pctax","RC1",126.913,"Chao 1"
17,"rareNMtests","RC1",93,"Chao 1"
17,"SpadeR","RC1",93,"Chao 1"
17,"SSP","RC1",93,"Chao 1"
17,"vegan","RC1",126.913043478261,"Chao 1"
17,"wiqid","RC1",129.363636363636,"Chao 1"
17,"BAT","RC1M",150.391002729645,"Chao 1 modified"
17,"divent","RC1M",129.268193748509,"Chao 1 modified"
17,"ecodive","RC1M",129.363636363636,"Chao 1 modified"
17,"entropart","RC1M",129.268193748509,"Chao 1 modified"
17,"fossil","RC1M",129.363636363636,"Chao 1 modified"
17,"mobr","RC1M",129.268193748509,"Chao 1 modified"
17,"OTUtable","RC1M",129.363636363636,"Chao 1 modified"
17,"tabula","RC1M",129.268193748509,"Chao 1 modified"
17,"wiqid","RC1M",129.363636363636,"Chao 1 modified"
17,"BAT","RCA2",221.748888226792,"Chao 2"
17,"divDyn","RCA2",126.548387096774,"Chao 2"
17,"fossil","RCA2",129.363636363636,"Chao 2"
17,"tabula","RCA2",93,"Chao 2"
17,"wiqid","RCA2",93,"Chao 2"
17,"benthos","RHUR_2",1.95702445089122,"Hurlbert D k=2"
17,"benthos","RHUR_3",2.87443596525843,"Hurlbert D k=3"
17,"divent","RHUR_2",23.2690453698912,"Hurlbert D k=2"
17,"divent","RHUR_3",23.5540735637205,"Hurlbert D k=3"
17,"entropart","RHUR_2",1.95702445089123,"Hurlbert D k=2"
17,"entropart","RHUR_3",2.87443596525841,"Hurlbert D k=3"
17,"mobsim","RHUR_2",1.95702445089122,"Hurlbert D k=2"
17,"mobsim","RHUR_3",2.87443596525843,"Hurlbert D k=3"
17,"tabula","RHUR_2",1.95702445091569,"Hurlbert D k=2"
17,"tabula","RHUR_3",2.87443596523459,"Hurlbert D k=3"
17,"vegan","RHUR_2",1.95702445089122,"Hurlbert D k=2"
17,"vegan","RHUR_3",2.87443596525843,"Hurlbert D k=3"
17,"BAT","RICE",215.083721098969,"ICE"
17,"fossil","RICE",115.933333333333,"ICE"
17,"tabula","RICE",93,"ICE"
17,"wiqid","RICE",93,"ICE"
17,"BAT","RJA1",133,"Jackknife 1"
17,"BiodiversityR","RJA1",93,"Jackknife 1"
17,"divent","RJA1",151,"Jackknife 1"
17,"entropart","RJA1",151,"Jackknife 1"
17,"fossil","RJA1",132.89501312336,"Jackknife 1"
17,"SSP","RJA1",93,"Jackknife 1"
17,"tabula","RJA1",3.71278108745307,"Jackknife 1"
17,"wiqid","RJA1",133,"Jackknife 1"
17,"BAT","RJA2",151,"Jackknife 2"
17,"BiodiversityR","RJA2",93,"Jackknife 2"
17,"fossil","RJA2",150.543155131924,"Jackknife 2"
17,"SSP","RJA2",93,"Jackknife 2"
17,"wiqid","RJA2",151,"Jackknife 2"
17,"asbio","RLMD",160.981636480547,NA
17,"sads","RLMD",0.774604614893053,NA
17,"vegan","RLMD",126.019830159614,NA
17,"wiqid","RMM",0,"Michaelis-Menten"
17,"divDyn","RSQ",167.69404203873,"Squares Richness Estimator"
17,"ecodive","RSQ",167.69404203873,"Squares Richness Estimator"
17,"tabula","RSQ",167.69404203873,"Squares Richness Estimator"
18,"custom","RICH",89,"Species richness"
18,"abdiv","D1SP",0.967668529761064,"Simpson's reciprocal"
18,"ade4","D1SP",0.967668529761065,"Simpson's reciprocal"
18,"adiv","D1SP",0.967668529761064,"Simpson's reciprocal"
18,"agricolae","D1SP",0.967668529761064,"Simpson's reciprocal"
18,"asbio","D1SP",0.967668529761064,"Simpson's reciprocal"
18,"BiodiversityR","D1SP",0.96766853,"Simpson's reciprocal"
18,"biosampleR","D1SP",0.972615220818575,"Simpson's reciprocal"
18,"breakaway","D1SP",0.967668529761064,"Simpson's reciprocal"
18,"catsim","D1SP",0.601520987654321,"Simpson's reciprocal"
18,"concstats","D1SP",0.995680051206424,"Simpson's reciprocal"
18,"CUB","D1SP",0.971988478554641,"Simpson's reciprocal"
18,"DescTools","D1SP",0.967668529761065,"Simpson's reciprocal"
18,"divent","D1SP",0.967668529761064,"Simpson's reciprocal"
18,"diverse","D1SP",0.972615220818575,"Simpson's reciprocal"
18,"ecodive","D1SP",0.967668529761064,"Simpson's reciprocal"
18,"entropart","D1SP",0.967668529761064,"Simpson's reciprocal"
18,"lawstat","D1SP",0.815742074927954,"Simpson's reciprocal"
18,"MCPAN","D1SP",0.967668529761064,"Simpson's reciprocal"
18,"microbiome","D1SP",0.967668529761064,"Simpson's reciprocal"
18,"PCRA","D1SP",0.967668529761064,"Simpson's reciprocal"
18,"RoughSets","D1SP",0.967668529761064,"Simpson's reciprocal"
18,"simboot","D1SP",0.967668529761064,"Simpson's reciprocal"
18,"sprex","D1SP",0.967668529761064,"Simpson's reciprocal"
18,"untb","D1SP",0.970465259615865,"Simpson's reciprocal"
18,"vegan","D1SP",0.967668529761064,"Simpson's reciprocal"
18,"abdiv","DBRI",3.59447655123645,"Brillouin"
18,"ecodive","DBRI",3.59447655123645,"Brillouin"
18,"tabula","DBRI",3.59447655123645,"Brillouin"
18,"wiqid","DBRI",36.3966432228019,"Brillouin"
18,"BiodiversityR","DFIS",38.71442218,"Fisher's alpha"
18,"ecodive","DFIS",38.714,"Fisher's alpha"
18,"microbiome","DFIS",38.7144221758308,"Fisher's alpha"
18,"preseqR","DFIS",9.20999997510912,"Fisher's alpha"
18,"sads","DFIS",38.7144173182191,"Fisher's alpha"
18,"vegan","DFIS",38.7144221758308,"Fisher's alpha"
18,"custom","DGLE",15.2154314127192,"Gleason"
18,"custom","DGOO_1_1",3.94498514011644,"Good m1 n1"
18,"custom","DGOO_1_2",0.313842684756993,"Good m1 n2"
18,"custom","DGOO_1_3",1,"Good m1 n3"
18,"custom","DGOO_2_1",0.0974495075367149,"Good m2 n1"
18,"custom","DGOO_2_2",1.08692468056421,"Good m2 n2"
18,"custom","DGOO_2_3",1,"Good m2 n3"
18,"custom","DGOO_3_1",0.00523055190528379,"Good m3 n1"
18,"custom","DGOO_3_2",0.039979525539118,"Good m3 n2"
18,"custom","DGOO_3_3",1,"Good m3 n3"
18,"abdiv","DINVSP",30.9296172617519,"Simpson inverse"
18,"adiv","DINVSP",30.9296172617519,"Simpson inverse"
18,"asbio","DINVSP",30.9296172617519,"Simpson inverse"
18,"BiodiversityR","DINVSP",30.92961726,"Simpson inverse"
18,"breakaway","DINVSP",30.9296172617519,"Simpson inverse"
18,"chemodiv","DINVSP",30.9296172617519,"Simpson inverse"
18,"codyn","DINVSP",7.50649350649351,"Simpson inverse"
18,"divseg","DINVSP",1.03233147023894,"Simpson inverse"
18,"ecodive","DINVSP",30.9296172617519,"Simpson inverse"
18,"microbiome","DINVSP",30.9296172617519,"Simpson inverse"
18,"sprex","DINVSP",30.9296172617519,"Simpson inverse"
18,"vegan","DINVSP",30.9296172617519,"Simpson inverse"
18,"wiqid","DINVSP",30.9296172617519,"Simpson inverse"
18,"custom","DKO",0.18348623853211,"Kothe"
18,"abdiv","DMC",0.866718339504094,"McIntosh"
18,"adiv","DMC",0.866718339504094,"McIntosh"
18,"agricolae","DMC",0.866718339504094,"McIntosh"
18,"ecodive","DMC",0.866718339504094,"McIntosh"
18,"forestHES","DMC",0.866718339504094,"McIntosh"
18,"tabula","DMC",0.866718339504094,"McIntosh"
18,"abdiv","DMG",15.0444715092055,"Margalef"
18,"adiv","DMG",15.0444715092055,"Margalef"
18,"agricolae","DMG",38.2950183870684,"Margalef"
18,"ecodive","DMG",15.0444715092055,"Margalef"
18,"tabula","DMG",15.0444715092055,"Margalef"
18,"abdiv","DMN",4.77777033114567,"Menhinick"
18,"adiv","DMN",4.77777033114567,"Menhinick"
18,"ecodive","DMN",4.77777033114567,"Menhinick"
18,"tabula","DMN",4.77777033114567,"Menhinick"
18,"custom","DOD",256.484149855908,"Odum"
18,"abdiv","DQ",0,"Q-statistic"
18,"ade4","DRAO",0.967668529761065,"Rao"
18,"BAT","DRAO",0.967668529761031,"Rao"
18,"SYNCSA","DRAO",0.967668529761065,"Rao"
18,"abdiv","DSHA",3.94498514011644,"Shannon"
18,"adiv","DSHA",3.94498514011644,"Shannon"
18,"aqp","DSHA",5.69141049802663,"Shannon"
18,"asbio","DSHA",3.94498514011644,"Shannon"
18,"benthos","DSHA",0,"Shannon"
18,"BiodiversityR","DSHA",3.94498514,"Shannon"
18,"biosampleR","DSHA",4.07471810327544,"Shannon"
18,"chemodiv","DSHA",3.94498514011644,"Shannon"
18,"codyn","DSHA",3.94498514011644,"Shannon"
18,"DescTools","DSHA",5.69141049802663,"Shannon"
18,"divDyn","DSHA",3.94498514011644,"Shannon"
18,"divent","DSHA",3.94498514011644,"Shannon"
18,"diverse","DSHA",4.07471810327544,"Shannon"
18,"ecodive","DSHA",3.94498514011644,"Shannon"
18,"EconGeo","DSHA",5.691,"Shannon"
18,"entropart","DSHA",3.94498514011644,"Shannon"
18,"forestmangr","DSHA",3.56,"Shannon"
18,"HardyWeinberg","DSHA",3.94498514011644,"Shannon"
18,"iNEXT","DSHA",3.945,"Shannon"
18,"MCPAN","DSHA",3.94498514011644,"Shannon"
18,"microbiome","DSHA",3.94498514011644,"Shannon"
18,"OTUtable","DSHA",3.94498514011644,"Shannon"
18,"pgirmess","DSHA",5.69141049802663,"Shannon"
18,"SpiecEasi","DSHA",3.94498514011644,"Shannon"
18,"sprex","DSHA",3.94498514011644,"Shannon"
18,"tabula","DSHA",3.94498514011644,"Shannon"
18,"triversity","DSHA",5.69141049802663,"Shannon"
18,"vegan","DSHA",3.94498514011644,"Shannon"
18,"wavethresh","DSHA",-22075.2472306896,"Shannon"
18,"wiqid","DSHA",51.6755702134451,"Shannon"
18,"abdiv","DSP",0.0323314702389356,"Simpson"
18,"agricolae","DSP",0.0323314702389356,"Simpson"
18,"antitrust","DSP",323.314702389356,"Simpson"
18,"benthos","DSP",0.0295347403841349,"Simpson"
18,"breakaway","DSP",0.0323314702389356,"Simpson"
18,"concstats","DSP",0.0323314702389356,"Simpson"
18,"DescTools","DSP",0.0323314702389356,"Simpson"
18,"diverse","DSP",0.0251793024902269,"Simpson"
18,"divseg","DSP",1.03233147023894,"Simpson"
18,"EconGeo","DSP",0.0323314702389356,"Simpson"
18,"hhi","DSP",0.133217993079585,"Simpson"
18,"ineq","DSP",0.0323314702389356,"Simpson"
18,"microbiome","DSP",0.0323314702389356,"Simpson"
18,"PDtoolkit","DSP",0.0323314702389356,"Simpson"
18,"politics","DSP",0.0323314702389356,"Simpson"
18,"REAT","DSP",0.0323314702389356,"Simpson"
18,"sprex","DSP",0.0323314702389356,"Simpson"
18,"tabula","DSP",0.0323314702389356,"Simpson"
18,"triversity","DSP",0.0323314702389356,"Simpson"
18,"abdiv","EBP",0.100864553314121,"Berger-Parker"
18,"agricolae","EBP",0.100864553314121,"Berger-Parker"
18,"BiodiversityR","EBP",0.10086455,"Berger-Parker"
18,"diverse","EBP",0.0791855203619909,"Berger-Parker"
18,"dyvDyn","EBP",0.100864553314121,"Berger-Parker"
18,"ecodive","EBP",0.100864553314121,"Berger-Parker"
18,"microbiome","EBP",0.100864553314121,"Berger-Parker"
18,"tabula","EBP",0.100864553314121,"Berger-Parker"
18,"triversity","EBP",0.100864553314121,"Berger-Parker"
18,"wiqid","EBP",1,"Berger-Parker"
18,"tabula","EBRI",0.880732029897329,"Brillouin evenness"
18,"BAT","EBU",0.587798008907519,"Bulla"
18,"microbiome","EBU",0.587798008907519,"Bulla"
18,"BAT","ECAM",0.988067869054172,"Camargo"
18,"microbiome","ECAM",0.715442152640611,"Camargo"
18,"codyn","EEQ",0.259965004877741,"NHC EQ"
18,"custom","EEQ",0.00069817680975495,"NHC EQ"
18,"adiv","EEVAR",0.594330969253704,"NHC EVAR"
18,"codyn","EEVAR",0.654568026191789,"NHC EVAR"
18,"custom","EEVAR",0.594330969253704,"NHC EVAR"
18,"microbiome","EEVAR",0.594330969253704,"NHC EVAR"
18,"acid","EGIN",0.812116554594941,"Gini coefficient"
18,"DescTools","EGIN",0.812116554594941,"Gini coefficient"
18,"dplR","EGIN",0.812116554594941,"Gini coefficient"
18,"EconGeo","EGIN",0.812,"Gini coefficient"
18,"giniVarCI","EGIN",0.812116554594941,"Gini coefficient"
18,"ineq","EGIN",0.812116554594941,"Gini coefficient"
18,"microbiome","EGIN",0.81211655459494,"Gini coefficient"
18,"REAT","EGIN",0.812116554594941,"Gini coefficient"
18,"shipunov","EGIN",0.81211655459494,"Gini coefficient"
18,"wINEQ","EGIN",0.812116554594941,"Gini coefficient"
18,"abdiv","EHEI",0.575858752425512,"Heip"
18,"adiv","EHEI",0.575858752425512,"Heip"
18,"custom","EHUL",0.170028818443804,"Hulburt"
18,"benthos","EHURE",0.970465259615865,"Hurlbert PIE"
18,"BiodiversityR","EHURE",0.97046526,"Hurlbert PIE"
18,"mobr","EHURE",0.970465259615865,"Hurlbert PIE"
18,"vegan","EHURE",0.97046525961578,"Hurlbert PIE"
18,"custom","ELR",0.216027044231112,"Ludwig-Reynolds"
18,"abdiv","EMC",0.240745268546635,"McIntosh evenness"
18,"tabula","EMC",0.917438777087436,"McIntosh evenness"
18,"microbiome","EMN",0.170028818443804,"McNaughton"
18,"custom","ENHC",-0.031078868558064,"NHC"
18,"custom","EPAT",0.0921940569091312,"Patten"
18,"abdiv","EPIE",0.878882764199465,"Pielou"
18,"adiv","EPIE",0.878882764199465,"Pielou"
18,"BiodiversityR","EPIE",0.87888276,"Pielou"
18,"breakaway","EPIE",0.878882764199465,"Pielou"
18,"chemodiv","EPIE",0.878882764199465,"Pielou"
18,"diverse","EPIE",0.875537777870737,"Pielou"
18,"forestmangr","EPIE",1,"Pielou"
18,"microbiome","EPIE",0.878882764199465,"Pielou"
18,"OTUtable","EPIE",0.878882764199465,"Pielou"
18,"pctax","EPIE",0.8789,"Pielou"
18,"sprex","EPIE",0.878882764199465,"Pielou"
18,"tabula","EPIE",0.878882764199465,"Pielou"
18,"custom","ESHE",0.580624384420731,"Sheldon"
18,"adiv","ESP",0.347523789457886,"Simpson evenness"
18,"codyn","ESP",0.625541125541126,"Simpson evenness"
18,"sprex","ESP",0.0443256757316453,"Simpson evenness"
18,"tabula","ESP",0.347523789457886,"Simpson evenness"
18,"abdiv","EST",0.407570508046498,"Strong"
18,"adiv","QHIL_0",89,"Hill q=0"
18,"adiv","QHIL_1",51.6755702134451,"Hill q=1"
18,"adiv","QHIL_2",30.9296172617519,"Hill q=2"
18,"adiv","QHIL_3",22.3980813228997,"Hill q=3"
18,"BAT","QHIL_0",89,"Hill q=0"
18,"BAT","QHIL_1",51.6755702134451,"Hill q=1"
18,"BAT","QHIL_2",30.9296172617519,"Hill q=2"
18,"BAT","QHIL_3",22.3980813228997,"Hill q=3"
18,"benthos","QHIL_0",225,"Hill q=0"
18,"benthos","QHIL_1",51.6755702134451,"Hill q=1"
18,"benthos","QHIL_2",30.9296172617519,"Hill q=2"
18,"benthos","QHIL_3",22.3980813228997,"Hill q=3"
18,"breakaway","QHIL_0",89,"Hill q=0"
18,"breakaway","QHIL_1",51.6755702134451,"Hill q=1"
18,"breakaway","QHIL_2",30.9296172617519,"Hill q=2"
18,"breakaway","QHIL_3",22.3980813228997,"Hill q=3"
18,"chemodiv","QHIL_0",89,"Hill q=0"
18,"chemodiv","QHIL_1",51.6755702134451,"Hill q=1"
18,"chemodiv","QHIL_2",30.9296172617519,"Hill q=2"
18,"chemodiv","QHIL_3",22.3980813228997,"Hill q=3"
18,"divDyn","QHIL_2",30.9296172617519,"Hill q=2"
18,"divent","QHIL_0",89,"Hill q=0"
18,"divent","QHIL_1",51.6755702134451,"Hill q=1"
18,"divent","QHIL_2",30.9296172617518,"Hill q=2"
18,"divent","QHIL_3",22.3980813229003,"Hill q=3"
18,"entropart","QHIL_0",89,"Hill q=0"
18,"entropart","QHIL_1",51.6755702134451,"Hill q=1"
18,"entropart","QHIL_2",30.9296172617518,"Hill q=2"
18,"entropart","QHIL_3",22.3980813228997,"Hill q=3"
18,"EntropyEstimation","QHIL_1",59.3122358140057,"Hill q=1"
18,"EntropyEstimation","QHIL_2",33.8584320360981,"Hill q=2"
18,"EntropyEstimation","QHIL_3",23.9355375645999,"Hill q=3"
18,"hilldiv","QHIL_0",89,"Hill q=0"
18,"hilldiv","QHIL_1",51.6758696506595,"Hill q=1"
18,"hilldiv","QHIL_2",30.9296172617519,"Hill q=2"
18,"hilldiv","QHIL_3",22.3980813228997,"Hill q=3"
18,"hillR","QHIL_0",89,"Hill q=0"
18,"hillR","QHIL_1",51.6755702134451,"Hill q=1"
18,"hillR","QHIL_2",30.9296172617519,"Hill q=2"
18,"hillR","QHIL_3",22.3980813228997,"Hill q=3"
18,"sprex","QHIL_0",89,"Hill q=0"
18,"sprex","QHIL_1",51.6755702134451,"Hill q=1"
18,"sprex","QHIL_2",30.9296172617519,"Hill q=2"
18,"sprex","QHIL_3",22.3980813228997,"Hill q=3"
18,"vegan","QHIL_0",89,"Hill q=0"
18,"vegan","QHIL_1",51.6755702134451,"Hill q=1"
18,"vegan","QHIL_2",30.9296172617519,"Hill q=2"
18,"vegan","QHIL_3",22.3980813228997,"Hill q=3"
18,"adiv","QREN_0",4.48863636973214,"Renyi q=0"
18,"adiv","QREN_1",3.94498514011644,"Renyi q=1"
18,"adiv","QREN_2",3.43171421228326,"Renyi q=2"
18,"adiv","QREN_3",3.10897529996468,"Renyi q=3"
18,"BiodiversityR","QREN_0",4.48863636973214,"Renyi q=0"
18,"BiodiversityR","QREN_1",3.94498514011644,"Renyi q=1"
18,"BiodiversityR","QREN_2",3.43171421228326,"Renyi q=2"
18,"BiodiversityR","QREN_3",3.10897529996468,"Renyi q=3"
18,"diverse","QREN_0",4.65396035015752,"Renyi q=0"
18,"diverse","QREN_1",4.07471810327544,"Renyi q=1"
18,"diverse","QREN_2",3.59776792426534,"Renyi q=2"
18,"diverse","QREN_3",3.31668381456032,"Renyi q=3"
18,"EntropyEstimation","QREN_1",4.08281562222334,"Renyi q=1"
18,"EntropyEstimation","QREN_2",3.52218806837046,"Renyi q=2"
18,"EntropyEstimation","QREN_3",3.17536428194468,"Renyi q=3"
18,"seewave","QREN_2",0.633613492333465,"Renyi q=2"
18,"seewave","QREN_3",0.574024690806861,"Renyi q=3"
18,"sprex","QREN_0",4.48863636973214,"Renyi q=0"
18,"sprex","QREN_1",3.94498514011644,"Renyi q=1"
18,"sprex","QREN_2",3.43171421228326,"Renyi q=2"
18,"sprex","QREN_3",3.10897529996468,"Renyi q=3"
18,"statcomp","QREN_1",0.728381094728373,"Renyi q=1"
18,"statcomp","QREN_2",0.63361347786066,"Renyi q=2"
18,"statcomp","QREN_3",0.574024679952257,"Renyi q=3"
18,"vegan","QREN_0",4.48863636973214,"Renyi q=0"
18,"vegan","QREN_1",3.94498514011644,"Renyi q=1"
18,"vegan","QREN_2",3.43171421228326,"Renyi q=2"
18,"vegan","QREN_3",3.10897529996468,"Renyi q=3"
18,"adiv","QTSA_0",88,"Tsallis q=0"
18,"adiv","QTSA_1",3.94498514011644,"Tsallis q=1"
18,"adiv","QTSA_2",0.967668529761064,"Tsallis q=2"
18,"adiv","QTSA_3",0.499003336921568,"Tsallis q=3"
18,"divent","QTSA_0",88,"Tsallis q=0"
18,"divent","QTSA_1",3.94498514011644,"Tsallis q=1"
18,"divent","QTSA_2",0.967668529761064,"Tsallis q=2"
18,"divent","QTSA_3",0.499003336921568,"Tsallis q=3"
18,"entropart","QTSA_0",88,"Tsallis q=0"
18,"entropart","QTSA_1",3.94498514011644,"Tsallis q=1"
18,"entropart","QTSA_2",0.967668529761064,"Tsallis q=2"
18,"entropart","QTSA_3",0.499003336921568,"Tsallis q=3"
18,"EntropyEstimation","QTSA_1",4.08281562222334,"Tsallis q=1"
18,"EntropyEstimation","QTSA_2",0.970465259615866,"Tsallis q=2"
18,"EntropyEstimation","QTSA_3",0.499127262508574,"Tsallis q=3"
18,"vegan","QTSA_0",88,"Tsallis q=0"
18,"vegan","QTSA_1",3.94498514011644,"Tsallis q=1"
18,"vegan","QTSA_2",0.967668529761064,"Tsallis q=2"
18,"vegan","QTSA_3",0.499003336921568,"Tsallis q=3"
18,"BAT","RACE",115.975134633719,"ACE"
18,"ecodive","RACE",115.975134633719,"ACE"
18,"fossil","RACE",100.796954314721,"ACE"
18,"pctax","RACE",115.9751,"ACE"
18,"sprex","RACE",347,"ACE"
18,"tabula","RACE",115.975134633719,"ACE"
18,"vegan","RACE",115.975134633719,"ACE"
18,"wiqid","RACE",115.975134633719,"ACE"
18,"BiodiversityR","RBOO",89,"Bootstrap estimator"
18,"wiqid","RBOO",225,"Bootstrap estimator"
18,"BAT","RC1",102.5,"Chao 1"
18,"BiodiversityR","RC1",89,"Chao 1"
18,"biosampleR","RC1",142.142857142857,"Chao 1"
18,"iNEXT","RC1",103.477,"Chao 1"
18,"microbiome","RC1",102.5,"Chao 1"
18,"pctax","RC1",102.5,"Chao 1"
18,"rareNMtests","RC1",89,"Chao 1"
18,"SpadeR","RC1",89,"Chao 1"
18,"SSP","RC1",89,"Chao 1"
18,"vegan","RC1",102.5,"Chao 1"
18,"wiqid","RC1",103.518518518519,"Chao 1"
18,"BAT","RC1M",112.645183688928,"Chao 1 modified"
18,"divent","RC1M",103.476678407514,"Chao 1 modified"
18,"ecodive","RC1M",103.518518518519,"Chao 1 modified"
18,"entropart","RC1M",103.476678407514,"Chao 1 modified"
18,"fossil","RC1M",103.518518518519,"Chao 1 modified"
18,"mobr","RC1M",103.476678407514,"Chao 1 modified"
18,"OTUtable","RC1M",103.518518518519,"Chao 1 modified"
18,"tabula","RC1M",103.476678407514,"Chao 1 modified"
18,"wiqid","RC1M",103.518518518519,"Chao 1 modified"
18,"BAT","RCA2",224.175728740662,"Chao 2"
18,"divDyn","RCA2",102.348314606742,"Chao 2"
18,"fossil","RCA2",103.518518518519,"Chao 2"
18,"tabula","RCA2",89,"Chao 2"
18,"wiqid","RCA2",89,"Chao 2"
18,"benthos","RHUR_2",1.97046525961578,"Hurlbert D k=2"
18,"benthos","RHUR_3",2.91314125383049,"Hurlbert D k=3"
18,"divent","RHUR_2",33.8584320970888,"Hurlbert D k=2"
18,"divent","RHUR_3",34.2021954648049,"Hurlbert D k=3"
18,"entropart","RHUR_2",1.97046525961579,"Hurlbert D k=2"
18,"entropart","RHUR_3",2.9131412538305,"Hurlbert D k=3"
18,"mobsim","RHUR_2",1.97046525961578,"Hurlbert D k=2"
18,"mobsim","RHUR_3",2.91314125383049,"Hurlbert D k=3"
18,"tabula","RHUR_2",1.9704652595993,"Hurlbert D k=2"
18,"tabula","RHUR_3",2.9131412538159,"Hurlbert D k=3"
18,"vegan","RHUR_2",1.97046525961578,"Hurlbert D k=2"
18,"vegan","RHUR_3",2.91314125383049,"Hurlbert D k=3"
18,"BAT","RICE",216.474185766145,"ICE"
18,"fossil","RICE",100.796954314721,"ICE"
18,"tabula","RICE",89,"ICE"
18,"wiqid","RICE",89,"ICE"
18,"BAT","RJA1",117,"Jackknife 1"
18,"BiodiversityR","RJA1",89,"Jackknife 1"
18,"divent","RJA1",117,"Jackknife 1"
18,"entropart","RJA1",117,"Jackknife 1"
18,"fossil","RJA1",116.919308357349,"Jackknife 1"
18,"SSP","RJA1",89,"Jackknife 1"
18,"tabula","RJA1",3.925461841205,"Jackknife 1"
18,"wiqid","RJA1",117,"Jackknife 1"
18,"BAT","RJA2",118,"Jackknife 2"
18,"BiodiversityR","RJA2",89,"Jackknife 2"
18,"fossil","RJA2",117.749054655095,"Jackknife 2"
18,"SSP","RJA2",89,"Jackknife 2"
18,"wiqid","RJA2",118,"Jackknife 2"
18,"asbio","RLMD",156.705999824584,NA
18,"sads","RLMD",0.892819619536321,NA
18,"vegan","RLMD",100.729859080071,NA
18,"wiqid","RMM",0,"Michaelis-Menten"
18,"divDyn","RSQ",114.883562166609,"Squares Richness Estimator"
18,"ecodive","RSQ",114.883562166609,"Squares Richness Estimator"
18,"tabula","RSQ",114.883562166609,"Squares Richness Estimator"
19,"custom","RICH",109,"Species richness"
19,"abdiv","D1SP",0.965581980809541,"Simpson's reciprocal"
19,"ade4","D1SP",0.965581980809541,"Simpson's reciprocal"
19,"adiv","D1SP",0.965581980809541,"Simpson's reciprocal"
19,"agricolae","D1SP",0.965581980809541,"Simpson's reciprocal"
19,"asbio","D1SP",0.965581980809541,"Simpson's reciprocal"
19,"BiodiversityR","D1SP",0.96558198,"Simpson's reciprocal"
19,"biosampleR","D1SP",0.970956661374352,"Simpson's reciprocal"
19,"breakaway","D1SP",0.965581980809541,"Simpson's reciprocal"
19,"catsim","D1SP",0.677096296296296,"Simpson's reciprocal"
19,"concstats","D1SP",0.9956893661571,"Simpson's reciprocal"
19,"CUB","D1SP",0.969892614652441,"Simpson's reciprocal"
19,"DescTools","D1SP",0.965581980809541,"Simpson's reciprocal"
19,"divent","D1SP",0.965581980809541,"Simpson's reciprocal"
19,"diverse","D1SP",0.970956661374352,"Simpson's reciprocal"
19,"ecodive","D1SP",0.965581980809541,"Simpson's reciprocal"
19,"entropart","D1SP",0.965581980809541,"Simpson's reciprocal"
19,"lawstat","D1SP",0.794395414054767,"Simpson's reciprocal"
19,"MCPAN","D1SP",0.965581980809541,"Simpson's reciprocal"
19,"microbiome","D1SP",0.965581980809541,"Simpson's reciprocal"
19,"PCRA","D1SP",0.965581980809541,"Simpson's reciprocal"
19,"RoughSets","D1SP",0.965581980809541,"Simpson's reciprocal"
19,"simboot","D1SP",0.965581980809541,"Simpson's reciprocal"
19,"sprex","D1SP",0.965581980809541,"Simpson's reciprocal"
19,"untb","D1SP",0.967817124283637,"Simpson's reciprocal"
19,"vegan","D1SP",0.965581980809541,"Simpson's reciprocal"
19,"abdiv","DBRI",3.67557304949369,"Brillouin"
19,"ecodive","DBRI",3.67557304949369,"Brillouin"
19,"tabula","DBRI",3.67557304949369,"Brillouin"
19,"wiqid","DBRI",39.4712693684647,"Brillouin"
19,"BiodiversityR","DFIS",46.85169846,"Fisher's alpha"
19,"ecodive","DFIS",46.852,"Fisher's alpha"
19,"microbiome","DFIS",46.8516984556978,"Fisher's alpha"
19,"preseqR","DFIS",15.2963377407319,"Fisher's alpha"
19,"sads","DFIS",46.8516969219326,"Fisher's alpha"
19,"vegan","DFIS",46.8516984556978,"Fisher's alpha"
19,"custom","DGLE",17.9549842018731,"Gleason"
19,"custom","DGOO_1_1",4.01309369612849,"Good m1 n1"
19,"custom","DGOO_1_2",0.30697566263504,"Good m1 n2"
19,"custom","DGOO_1_3",1,"Good m1 n3"
19,"custom","DGOO_2_1",0.098766173655748,"Good m2 n1"
19,"custom","DGOO_2_2",1.04562542200316,"Good m2 n2"
19,"custom","DGOO_2_3",1,"Good m2 n3"
19,"custom","DGOO_3_1",0.00612342171919992,"Good m3 n1"
19,"custom","DGOO_3_2",0.0418736892697861,"Good m3 n2"
19,"custom","DGOO_3_3",1,"Good m3 n3"
19,"abdiv","DINVSP",29.0545482721215,"Simpson inverse"
19,"adiv","DINVSP",29.0545482721215,"Simpson inverse"
19,"asbio","DINVSP",29.0545482721215,"Simpson inverse"
19,"BiodiversityR","DINVSP",29.05454827,"Simpson inverse"
19,"breakaway","DINVSP",29.0545482721215,"Simpson inverse"
19,"chemodiv","DINVSP",29.0545482721215,"Simpson inverse"
19,"codyn","DINVSP",7.72532188841202,"Simpson inverse"
19,"divseg","DINVSP",1.03441801919046,"Simpson inverse"
19,"ecodive","DINVSP",29.0545482721215,"Simpson inverse"
19,"microbiome","DINVSP",29.0545482721215,"Simpson inverse"
19,"sprex","DINVSP",29.0545482721215,"Simpson inverse"
19,"vegan","DINVSP",29.0545482721215,"Simpson inverse"
19,"wiqid","DINVSP",29.0545482721215,"Simpson inverse"
19,"custom","DKO",0,"Kothe"
19,"abdiv","DMC",0.85559639889862,"McIntosh"
19,"adiv","DMC",0.85559639889862,"McIntosh"
19,"agricolae","DMC",0.85559639889862,"McIntosh"
19,"ecodive","DMC",0.85559639889862,"McIntosh"
19,"forestHES","DMC",0.85559639889862,"McIntosh"
19,"tabula","DMC",0.85559639889862,"McIntosh"
19,"abdiv","DMG",17.7902595761679,"Margalef"
19,"adiv","DMG",17.7902595761679,"Margalef"
19,"agricolae","DMG",36.8983161579778,"Margalef"
19,"ecodive","DMG",17.7902595761679,"Margalef"
19,"tabula","DMG",17.7902595761679,"Margalef"
19,"abdiv","DMN",5.23820571152112,"Menhinick"
19,"adiv","DMN",5.23820571152112,"Menhinick"
19,"ecodive","DMN",5.23820571152112,"Menhinick"
19,"tabula","DMN",5.23820571152112,"Menhinick"
19,"custom","DOD",251.732101616628,"Odum"
19,"abdiv","DQ",0,"Q-statistic"
19,"ade4","DRAO",0.96558198080954,"Rao"
19,"BAT","DRAO",0.965581980809525,"Rao"
19,"SYNCSA","DRAO",0.965581980809541,"Rao"
19,"abdiv","DSHA",4.01309369612849,"Shannon"
19,"adiv","DSHA",4.01309369612849,"Shannon"
19,"aqp","DSHA",5.78967037402734,"Shannon"
19,"asbio","DSHA",4.01309369612849,"Shannon"
19,"benthos","DSHA",0,"Shannon"
19,"BiodiversityR","DSHA",4.0130937,"Shannon"
19,"biosampleR","DSHA",3.94774880065939,"Shannon"
19,"chemodiv","DSHA",4.01309369612849,"Shannon"
19,"codyn","DSHA",4.01309369612849,"Shannon"
19,"DescTools","DSHA",5.78967037402734,"Shannon"
19,"divDyn","DSHA",4.01309369612849,"Shannon"
19,"divent","DSHA",4.01309369612849,"Shannon"
19,"diverse","DSHA",3.94774880065939,"Shannon"
19,"ecodive","DSHA",4.01309369612849,"Shannon"
19,"EconGeo","DSHA",5.79,"Shannon"
19,"entropart","DSHA",4.01309369612849,"Shannon"
19,"forestmangr","DSHA",3.56,"Shannon"
19,"HardyWeinberg","DSHA",4.01309369612849,"Shannon"
19,"iNEXT","DSHA",4.013,"Shannon"
19,"MCPAN","DSHA",4.01309369612849,"Shannon"
19,"microbiome","DSHA",4.01309369612849,"Shannon"
19,"OTUtable","DSHA",4.01309369612849,"Shannon"
19,"pgirmess","DSHA",5.78967037402734,"Shannon"
19,"SpiecEasi","DSHA",4.01309369612849,"Shannon"
19,"sprex","DSHA",4.01309369612849,"Shannon"
19,"tabula","DSHA",4.01309369612849,"Shannon"
19,"triversity","DSHA",5.78967037402733,"Shannon"
19,"vegan","DSHA",4.01309369612849,"Shannon"
19,"wavethresh","DSHA",-41313.7988525151,"Shannon"
19,"wiqid","DSHA",55.31774239991,"Shannon"
19,"abdiv","DSP",0.0344180191904592,"Simpson"
19,"agricolae","DSP",0.0344180191904592,"Simpson"
19,"antitrust","DSP",344.180191904592,"Simpson"
19,"benthos","DSP",0.032182875716363,"Simpson"
19,"breakaway","DSP",0.0344180191904592,"Simpson"
19,"concstats","DSP",0.0344180191904592,"Simpson"
19,"DescTools","DSP",0.0344180191904592,"Simpson"
19,"diverse","DSP",0.026651819755268,"Simpson"
19,"divseg","DSP",1.03441801919046,"Simpson"
19,"EconGeo","DSP",0.0344180191904592,"Simpson"
19,"hhi","DSP",0.129444444444444,"Simpson"
19,"ineq","DSP",0.0344180191904592,"Simpson"
19,"microbiome","DSP",0.0344180191904592,"Simpson"
19,"PDtoolkit","DSP",0.0344180191904592,"Simpson"
19,"politics","DSP",0.0344180191904592,"Simpson"
19,"REAT","DSP",0.0344180191904592,"Simpson"
19,"sprex","DSP",0.0344180191904592,"Simpson"
19,"tabula","DSP",0.0344180191904592,"Simpson"
19,"triversity","DSP",0.0344180191904592,"Simpson"
19,"abdiv","EBP",0.10161662817552,"Berger-Parker"
19,"agricolae","EBP",0.10161662817552,"Berger-Parker"
19,"BiodiversityR","EBP",0.10161663,"Berger-Parker"
19,"diverse","EBP",0.0761670761670762,"Berger-Parker"
19,"dyvDyn","EBP",0.10161662817552,"Berger-Parker"
19,"ecodive","EBP",0.10161662817552,"Berger-Parker"
19,"microbiome","EBP",0.10161662817552,"Berger-Parker"
19,"tabula","EBP",0.10161662817552,"Berger-Parker"
19,"triversity","EBP",0.10161662817552,"Berger-Parker"
19,"wiqid","EBP",1,"Berger-Parker"
19,"tabula","EBRI",0.856885360938252,"Brillouin evenness"
19,"BAT","EBU",0.564472671285604,"Bulla"
19,"microbiome","EBU",0.564472671285604,"Bulla"
19,"BAT","ECAM",0.989475947545316,"Camargo"
19,"microbiome","ECAM",0.622603131554972,"Camargo"
19,"codyn","EEQ",0.225337213060703,"NHC EQ"
19,"custom","EEQ",0.00048874272933888,"NHC EQ"
19,"adiv","EEVAR",0.55433719271703,"NHC EVAR"
19,"codyn","EEVAR",0.570702490737819,"NHC EVAR"
19,"custom","EEVAR",0.55433719271703,"NHC EVAR"
19,"microbiome","EEVAR",0.55433719271703,"NHC EVAR"
19,"acid","EGIN",0.79086476777008,"Gini coefficient"
19,"DescTools","EGIN",0.79086476777008,"Gini coefficient"
19,"dplR","EGIN",0.79086476777008,"Gini coefficient"
19,"EconGeo","EGIN",0.791,"Gini coefficient"
19,"giniVarCI","EGIN",0.79086476777008,"Gini coefficient"
19,"ineq","EGIN",0.79086476777008,"Gini coefficient"
19,"microbiome","EGIN",0.790864767770081,"Gini coefficient"
19,"REAT","EGIN",0.79086476777008,"Gini coefficient"
19,"shipunov","EGIN",0.790864767770081,"Gini coefficient"
19,"wINEQ","EGIN",0.79086476777008,"Gini coefficient"
19,"abdiv","EHEI",0.502942059258426,"Heip"
19,"adiv","EHEI",0.502942059258426,"Heip"
19,"custom","EHUL",0.198614318706697,"Hulburt"
19,"benthos","EHURE",0.967817124283637,"Hurlbert PIE"
19,"BiodiversityR","EHURE",0.96781712,"Hurlbert PIE"
19,"mobr","EHURE",0.967817124283637,"Hurlbert PIE"
19,"vegan","EHURE",0.96781712428357,"Hurlbert PIE"
19,"custom","ELR",0.188428334823562,"Ludwig-Reynolds"
19,"abdiv","EMC",0.247044707977874,"McIntosh evenness"
19,"tabula","EMC",0.900755820070688,"McIntosh evenness"
19,"microbiome","EMN",0.198614318706697,"McNaughton"
19,"custom","ENHC",-0.0266427800822815,"NHC"
19,"custom","EPAT",0.0447470983015287,"Patten"
19,"abdiv","EPIE",0.855424453029825,"Pielou"
19,"adiv","EPIE",0.855424453029825,"Pielou"
19,"BiodiversityR","EPIE",0.85542445,"Pielou"
19,"breakaway","EPIE",0.855424453029825,"Pielou"
19,"chemodiv","EPIE",0.855424453029825,"Pielou"
19,"diverse","EPIE",0.875165541058431,"Pielou"
19,"forestmangr","EPIE",1,"Pielou"
19,"microbiome","EPIE",0.855424453029825,"Pielou"
19,"OTUtable","EPIE",0.855424453029825,"Pielou"
19,"pctax","EPIE",0.8554,"Pielou"
19,"sprex","EPIE",0.855424453029825,"Pielou"
19,"tabula","EPIE",0.855424453029825,"Pielou"
19,"custom","ESHE",0.507502223852385,"Sheldon"
19,"adiv","ESP",0.26655548873506,"Simpson evenness"
19,"codyn","ESP",0.454430699318354,"Simpson evenness"
19,"sprex","ESP",0.036817373358977,"Simpson evenness"
19,"tabula","ESP",0.26655548873506,"Simpson evenness"
19,"abdiv","EST",0.431531665148209,"Strong"
19,"adiv","QHIL_0",109,"Hill q=0"
19,"adiv","QHIL_1",55.31774239991,"Hill q=1"
19,"adiv","QHIL_2",29.0545482721215,"Hill q=2"
19,"adiv","QHIL_3",20.1612662094276,"Hill q=3"
19,"BAT","QHIL_0",109,"Hill q=0"
19,"BAT","QHIL_1",55.31774239991,"Hill q=1"
19,"BAT","QHIL_2",29.0545482721215,"Hill q=2"
19,"BAT","QHIL_3",20.1612662094276,"Hill q=3"
19,"benthos","QHIL_0",225,"Hill q=0"
19,"benthos","QHIL_1",55.31774239991,"Hill q=1"
19,"benthos","QHIL_2",29.0545482721215,"Hill q=2"
19,"benthos","QHIL_3",20.1612662094276,"Hill q=3"
19,"breakaway","QHIL_0",109,"Hill q=0"
19,"breakaway","QHIL_1",55.31774239991,"Hill q=1"
19,"breakaway","QHIL_2",29.0545482721215,"Hill q=2"
19,"breakaway","QHIL_3",20.1612662094276,"Hill q=3"
19,"chemodiv","QHIL_0",109,"Hill q=0"
19,"chemodiv","QHIL_1",55.31774239991,"Hill q=1"
19,"chemodiv","QHIL_2",29.0545482721215,"Hill q=2"
19,"chemodiv","QHIL_3",20.1612662094276,"Hill q=3"
19,"divDyn","QHIL_2",29.0545482721215,"Hill q=2"
19,"divent","QHIL_0",109,"Hill q=0"
19,"divent","QHIL_1",55.31774239991,"Hill q=1"
19,"divent","QHIL_2",29.0545482721215,"Hill q=2"
19,"divent","QHIL_3",20.161266209428,"Hill q=3"
19,"entropart","QHIL_0",109,"Hill q=0"
19,"entropart","QHIL_1",55.31774239991,"Hill q=1"
19,"entropart","QHIL_2",29.0545482721215,"Hill q=2"
19,"entropart","QHIL_3",20.1612662094275,"Hill q=3"
19,"EntropyEstimation","QHIL_1",63.4133471945864,"Hill q=1"
19,"EntropyEstimation","QHIL_2",31.0724252491682,"Hill q=2"
19,"EntropyEstimation","QHIL_3",21.0915944175307,"Hill q=3"
19,"hilldiv","QHIL_0",109,"Hill q=0"
19,"hilldiv","QHIL_1",55.318152741318,"Hill q=1"
19,"hilldiv","QHIL_2",29.0545482721215,"Hill q=2"
19,"hilldiv","QHIL_3",20.1612662094276,"Hill q=3"
19,"hillR","QHIL_0",109,"Hill q=0"
19,"hillR","QHIL_1",55.31774239991,"Hill q=1"
19,"hillR","QHIL_2",29.0545482721215,"Hill q=2"
19,"hillR","QHIL_3",20.1612662094276,"Hill q=3"
19,"sprex","QHIL_0",109,"Hill q=0"
19,"sprex","QHIL_1",55.31774239991,"Hill q=1"
19,"sprex","QHIL_2",29.0545482721215,"Hill q=2"
19,"sprex","QHIL_3",20.1612662094276,"Hill q=3"
19,"vegan","QHIL_0",109,"Hill q=0"
19,"vegan","QHIL_1",55.31774239991,"Hill q=1"
19,"vegan","QHIL_2",29.0545482721215,"Hill q=2"
19,"vegan","QHIL_3",20.1612662094276,"Hill q=3"
19,"adiv","QREN_0",4.69134788222914,"Renyi q=0"
19,"adiv","QREN_1",4.01309369612849,"Renyi q=1"
19,"adiv","QREN_2",3.36917503806914,"Renyi q=2"
19,"adiv","QREN_3",3.00376324923815,"Renyi q=3"
19,"BiodiversityR","QREN_0",4.69134788222914,"Renyi q=0"
19,"BiodiversityR","QREN_1",4.01309369612849,"Renyi q=1"
19,"BiodiversityR","QREN_2",3.36917503806914,"Renyi q=2"
19,"BiodiversityR","QREN_3",3.00376324923815,"Renyi q=3"
19,"diverse","QREN_0",4.51085950651685,"Renyi q=0"
19,"diverse","QREN_1",3.94774880065939,"Renyi q=1"
19,"diverse","QREN_2",3.53896612918574,"Renyi q=2"
19,"diverse","QREN_3",3.30655120467948,"Renyi q=3"
19,"EntropyEstimation","QREN_1",4.14967436286012,"Renyi q=1"
19,"EntropyEstimation","QREN_2",3.4363207779437,"Renyi q=2"
19,"EntropyEstimation","QREN_3",3.04887459227467,"Renyi q=3"
19,"seewave","QREN_2",0.62206658692618,"Renyi q=2"
19,"seewave","QREN_3",0.554598893366219,"Renyi q=3"
19,"sprex","QREN_0",4.69134788222914,"Renyi q=0"
19,"sprex","QREN_1",4.01309369612849,"Renyi q=1"
19,"sprex","QREN_2",3.36917503806914,"Renyi q=2"
19,"sprex","QREN_3",3.00376324923815,"Renyi q=3"
19,"statcomp","QREN_1",0.740956296617971,"Renyi q=1"
19,"statcomp","QREN_2",0.622066577033514,"Renyi q=2"
19,"statcomp","QREN_3",0.554598885946719,"Renyi q=3"
19,"vegan","QREN_0",4.69134788222914,"Renyi q=0"
19,"vegan","QREN_1",4.01309369612849,"Renyi q=1"
19,"vegan","QREN_2",3.36917503806914,"Renyi q=2"
19,"vegan","QREN_3",3.00376324923815,"Renyi q=3"
19,"adiv","QTSA_0",108,"Tsallis q=0"
19,"adiv","QTSA_1",4.01309369612849,"Tsallis q=1"
19,"adiv","QTSA_2",0.965581980809541,"Tsallis q=2"
19,"adiv","QTSA_3",0.498769917057613,"Tsallis q=3"
19,"divent","QTSA_0",108,"Tsallis q=0"
19,"divent","QTSA_1",4.01309369612849,"Tsallis q=1"
19,"divent","QTSA_2",0.965581980809541,"Tsallis q=2"
19,"divent","QTSA_3",0.498769917057613,"Tsallis q=3"
19,"entropart","QTSA_0",108,"Tsallis q=0"
19,"entropart","QTSA_1",4.01309369612849,"Tsallis q=1"
19,"entropart","QTSA_2",0.965581980809541,"Tsallis q=2"
19,"entropart","QTSA_3",0.498769917057613,"Tsallis q=3"
19,"EntropyEstimation","QTSA_1",4.14967436286012,"Tsallis q=1"
19,"EntropyEstimation","QTSA_2",0.967817124283636,"Tsallis q=2"
19,"EntropyEstimation","QTSA_3",0.498876039156779,"Tsallis q=3"
19,"vegan","QTSA_0",108,"Tsallis q=0"
19,"vegan","QTSA_1",4.01309369612849,"Tsallis q=1"
19,"vegan","QTSA_2",0.965581980809541,"Tsallis q=2"
19,"vegan","QTSA_3",0.498769917057613,"Tsallis q=3"
19,"BAT","RACE",166.116286451101,"ACE"
19,"ecodive","RACE",166.116286451101,"ACE"
19,"fossil","RACE",131.985915492958,"ACE"
19,"pctax","RACE",166.1163,"ACE"
19,"sprex","RACE",433,"ACE"
19,"tabula","RACE",166.116286451101,"ACE"
19,"vegan","RACE",166.116286451101,"ACE"
19,"wiqid","RACE",166.116286451101,"ACE"
19,"BiodiversityR","RBOO",109,"Bootstrap estimator"
19,"wiqid","RBOO",225,"Bootstrap estimator"
19,"BAT","RC1",179.5,"Chao 1"
19,"BiodiversityR","RC1",109,"Chao 1"
19,"biosampleR","RC1",130.375,"Chao 1"
19,"iNEXT","RC1",185.623,"Chao 1"
19,"microbiome","RC1",179.5,"Chao 1"
19,"pctax","RC1",179.5,"Chao 1"
19,"rareNMtests","RC1",109,"Chao 1"
19,"SpadeR","RC1",109,"Chao 1"
19,"SSP","RC1",109,"Chao 1"
19,"vegan","RC1",179.5,"Chao 1"
19,"wiqid","RC1",185.8,"Chao 1"
19,"BAT","RC1M",214.309191145526,"Chao 1 modified"
19,"divent","RC1M",185.622632794457,"Chao 1 modified"
19,"ecodive","RC1M",185.8,"Chao 1 modified"
19,"entropart","RC1M",185.622632794457,"Chao 1 modified"
19,"fossil","RC1M",185.8,"Chao 1 modified"
19,"mobr","RC1M",185.622632794457,"Chao 1 modified"
19,"OTUtable","RC1M",185.8,"Chao 1 modified"
19,"tabula","RC1M",185.622632794457,"Chao 1 modified"
19,"wiqid","RC1M",185.8,"Chao 1 modified"
19,"BAT","RCA2",225.708032971125,"Chao 2"
19,"divDyn","RCA2",178.853211009174,"Chao 2"
19,"fossil","RCA2",185.8,"Chao 2"
19,"tabula","RCA2",109,"Chao 2"
19,"wiqid","RCA2",109,"Chao 2"
19,"benthos","RHUR_2",1.96781712428357,"Hurlbert D k=2"
19,"benthos","RHUR_3",2.90569929453732,"Hurlbert D k=3"
19,"divent","RHUR_2",31.0724036893288,"Hurlbert D k=2"
19,"divent","RHUR_3",31.4762272090258,"Hurlbert D k=3"
19,"entropart","RHUR_2",1.96781712428358,"Hurlbert D k=2"
19,"entropart","RHUR_3",2.90569929453733,"Hurlbert D k=3"
19,"mobsim","RHUR_2",1.96781712428357,"Hurlbert D k=2"
19,"mobsim","RHUR_3",2.90569929453732,"Hurlbert D k=3"
19,"tabula","RHUR_2",1.96781712426136,"Hurlbert D k=2"
19,"tabula","RHUR_3",2.90569929449,"Hurlbert D k=3"
19,"vegan","RHUR_2",1.96781712428357,"Hurlbert D k=2"
19,"vegan","RHUR_3",2.90569929453732,"Hurlbert D k=3"
19,"BAT","RICE",217.707736269997,"ICE"
19,"fossil","RICE",131.985915492958,"ICE"
19,"tabula","RICE",109,"ICE"
19,"wiqid","RICE",109,"ICE"
19,"BAT","RJA1",157,"Jackknife 1"
19,"BiodiversityR","RJA1",109,"Jackknife 1"
19,"divent","RJA1",262,"Jackknife 1"
19,"entropart","RJA1",262,"Jackknife 1"
19,"fossil","RJA1",156.889145496536,"Jackknife 1"
19,"SSP","RJA1",109,"Jackknife 1"
19,"tabula","RJA1",3.99485544311735,"Jackknife 1"
19,"wiqid","RJA1",157,"Jackknife 1"
19,"BAT","RJA2",190,"Jackknife 2"
19,"BiodiversityR","RJA2",109,"Jackknife 2"
19,"fossil","RJA2",189.438718886323,"Jackknife 2"
19,"SSP","RJA2",109,"Jackknife 2"
19,"wiqid","RJA2",190,"Jackknife 2"
19,"asbio","RLMD",199.621361419986,NA
19,"sads","RLMD",0.818333403738627,NA
19,"vegan","RLMD",138.578259382503,NA
19,"wiqid","RMM",0,"Michaelis-Menten"
19,"divDyn","RSQ",190.575533450018,"Squares Richness Estimator"
19,"ecodive","RSQ",190.575533450018,"Squares Richness Estimator"
19,"tabula","RSQ",190.575533450018,"Squares Richness Estimator"
20,"custom","RICH",100,"Species richness"
20,"abdiv","D1SP",0.974858862970751,"Simpson's reciprocal"
20,"ade4","D1SP",0.974858862970751,"Simpson's reciprocal"
20,"adiv","D1SP",0.974858862970751,"Simpson's reciprocal"
20,"agricolae","D1SP",0.974858862970751,"Simpson's reciprocal"
20,"asbio","D1SP",0.974858862970751,"Simpson's reciprocal"
20,"BiodiversityR","D1SP",0.97485886,"Simpson's reciprocal"
20,"biosampleR","D1SP",0.966996187222884,"Simpson's reciprocal"
20,"breakaway","D1SP",0.974858862970751,"Simpson's reciprocal"
20,"catsim","D1SP",0.651140740740741,"Simpson's reciprocal"
20,"concstats","D1SP",0.995647951504595,"Simpson's reciprocal"
20,"CUB","D1SP",0.979210911466156,"Simpson's reciprocal"
20,"DescTools","D1SP",0.974858862970751,"Simpson's reciprocal"
20,"divent","D1SP",0.974858862970751,"Simpson's reciprocal"
20,"diverse","D1SP",0.966996187222884,"Simpson's reciprocal"
20,"ecodive","D1SP",0.974858862970751,"Simpson's reciprocal"
20,"entropart","D1SP",0.974858862970751,"Simpson's reciprocal"
20,"lawstat","D1SP",0.79995004995005,"Simpson's reciprocal"
20,"MCPAN","D1SP",0.974858862970751,"Simpson's reciprocal"
20,"microbiome","D1SP",0.974858862970751,"Simpson's reciprocal"
20,"PCRA","D1SP",0.974858862970751,"Simpson's reciprocal"
20,"RoughSets","D1SP",0.974858862970751,"Simpson's reciprocal"
20,"simboot","D1SP",0.974858862970751,"Simpson's reciprocal"
20,"sprex","D1SP",0.974858862970751,"Simpson's reciprocal"
20,"untb","D1SP",0.977136570594515,"Simpson's reciprocal"
20,"vegan","D1SP",0.974858862970751,"Simpson's reciprocal"
20,"abdiv","DBRI",3.752397646201,"Brillouin"
20,"ecodive","DBRI",3.752397646201,"Brillouin"
20,"tabula","DBRI",3.752397646201,"Brillouin"
20,"wiqid","DBRI",42.6231548291491,"Brillouin"
20,"BiodiversityR","DFIS",40.99634216,"Fisher's alpha"
20,"ecodive","DFIS",40.996,"Fisher's alpha"
20,"microbiome","DFIS",40.9963421580402,"Fisher's alpha"
20,"preseqR","DFIS",8.1723123513669,"Fisher's alpha"
20,"sads","DFIS",40.9963393804082,"Fisher's alpha"
20,"vegan","DFIS",40.9963421580402,"Fisher's alpha"
20,"custom","DGLE",16.4976838633847,"Gleason"
20,"custom","DGOO_1_1",4.07732669104502,"Good m1 n1"
20,"custom","DGOO_1_2",0.298223686557973,"Good m1 n2"
20,"custom","DGOO_1_3",1,"Good m1 n3"
20,"custom","DGOO_2_1",0.084859544758865,"Good m2 n1"
20,"custom","DGOO_2_2",1.09491937410178,"Good m2 n2"
20,"custom","DGOO_2_3",1,"Good m2 n3"
20,"custom","DGOO_3_1",0.00315105932323965,"Good m3 n1"
20,"custom","DGOO_3_2",0.0314906593296787,"Good m3 n2"
20,"custom","DGOO_3_3",1,"Good m3 n3"
20,"abdiv","DINVSP",39.7754484547223,"Simpson inverse"
20,"adiv","DINVSP",39.7754484547223,"Simpson inverse"
20,"asbio","DINVSP",39.7754484547223,"Simpson inverse"
20,"BiodiversityR","DINVSP",39.77544845,"Simpson inverse"
20,"breakaway","DINVSP",39.7754484547223,"Simpson inverse"
20,"chemodiv","DINVSP",39.7754484547223,"Simpson inverse"
20,"codyn","DINVSP",6.8816199376947,"Simpson inverse"
20,"divseg","DINVSP",1.02514113702925,"Simpson inverse"
20,"ecodive","DINVSP",39.7754484547223,"Simpson inverse"
20,"microbiome","DINVSP",39.7754484547223,"Simpson inverse"
20,"sprex","DINVSP",39.7754484547223,"Simpson inverse"
20,"vegan","DINVSP",39.7754484547223,"Simpson inverse"
20,"wiqid","DINVSP",39.7754484547223,"Simpson inverse"
20,"custom","DKO",0.0825688073394495,"Kothe"
20,"abdiv","DMC",0.884126458308104,"McIntosh"
20,"adiv","DMC",0.884126458308104,"McIntosh"
20,"agricolae","DMC",0.884126458308104,"McIntosh"
20,"ecodive","DMC",0.884126458308104,"McIntosh"
20,"forestHES","DMC",0.884126458308104,"McIntosh"
20,"tabula","DMC",0.884126458308104,"McIntosh"
20,"abdiv","DMG",16.3327070247508,"Margalef"
20,"adiv","DMG",16.3327070247508,"Margalef"
20,"agricolae","DMG",36.9548118539816,"Margalef"
20,"ecodive","DMG",16.3327070247508,"Margalef"
20,"tabula","DMG",16.3327070247508,"Margalef"
20,"abdiv","DMN",4.82804549585268,"Menhinick"
20,"adiv","DMN",4.82804549585268,"Menhinick"
20,"ecodive","DMN",4.82804549585268,"Menhinick"
20,"tabula","DMN",4.82804549585268,"Menhinick"
20,"custom","DOD",233.100233100233,"Odum"
20,"abdiv","DQ",0,"Q-statistic"
20,"ade4","DRAO",0.974858862970751,"Rao"
20,"BAT","DRAO",0.974858862970761,"Rao"
20,"SYNCSA","DRAO",0.974858862970751,"Rao"
20,"abdiv","DSHA",4.07732669104502,"Shannon"
20,"adiv","DSHA",4.07732669104502,"Shannon"
20,"aqp","DSHA",5.88233899725485,"Shannon"
20,"asbio","DSHA",4.07732669104502,"Shannon"
20,"benthos","DSHA",0,"Shannon"
20,"BiodiversityR","DSHA",4.07732669,"Shannon"
20,"biosampleR","DSHA",3.98028141238691,"Shannon"
20,"chemodiv","DSHA",4.07732669104502,"Shannon"
20,"codyn","DSHA",4.07732669104502,"Shannon"
20,"DescTools","DSHA",5.88233899725485,"Shannon"
20,"divDyn","DSHA",4.07732669104502,"Shannon"
20,"divent","DSHA",4.07732669104502,"Shannon"
20,"diverse","DSHA",3.98028141238691,"Shannon"
20,"ecodive","DSHA",4.07732669104501,"Shannon"
20,"EconGeo","DSHA",5.882,"Shannon"
20,"entropart","DSHA",4.07732669104502,"Shannon"
20,"forestmangr","DSHA",3.56,"Shannon"
20,"HardyWeinberg","DSHA",4.07732669104502,"Shannon"
20,"iNEXT","DSHA",4.077,"Shannon"
20,"MCPAN","DSHA",4.07732669104502,"Shannon"
20,"microbiome","DSHA",4.07732669104502,"Shannon"
20,"OTUtable","DSHA",4.07732669104502,"Shannon"
20,"pgirmess","DSHA",5.88233899725485,"Shannon"
20,"SpiecEasi","DSHA",4.07732669104502,"Shannon"
20,"sprex","DSHA",4.07732669104502,"Shannon"
20,"tabula","DSHA",4.07732669104502,"Shannon"
20,"triversity","DSHA",5.88233899725485,"Shannon"
20,"vegan","DSHA",4.07732669104502,"Shannon"
20,"wavethresh","DSHA",-24857.4513738273,"Shannon"
20,"wiqid","DSHA",58.9875668914211,"Shannon"
20,"abdiv","DSP",0.0251411370292489,"Simpson"
20,"agricolae","DSP",0.0251411370292489,"Simpson"
20,"antitrust","DSP",251.411370292489,"Simpson"
20,"benthos","DSP",0.0228634294054855,"Simpson"
20,"breakaway","DSP",0.0251411370292489,"Simpson"
20,"concstats","DSP",0.0251411370292489,"Simpson"
20,"DescTools","DSP",0.0251411370292489,"Simpson"
20,"diverse","DSP",0.0306793027116768,"Simpson"
20,"divseg","DSP",1.02514113702925,"Simpson"
20,"EconGeo","DSP",0.0251411370292489,"Simpson"
20,"hhi","DSP",0.145314622000905,"Simpson"
20,"ineq","DSP",0.0251411370292489,"Simpson"
20,"microbiome","DSP",0.0251411370292489,"Simpson"
20,"PDtoolkit","DSP",0.0251411370292489,"Simpson"
20,"politics","DSP",0.0251411370292489,"Simpson"
20,"REAT","DSP",0.0251411370292489,"Simpson"
20,"sprex","DSP",0.0251411370292489,"Simpson"
20,"tabula","DSP",0.0251411370292489,"Simpson"
20,"triversity","DSP",0.0251411370292489,"Simpson"
20,"abdiv","EBP",0.0769230769230769,"Berger-Parker"
20,"agricolae","EBP",0.0769230769230769,"Berger-Parker"
20,"BiodiversityR","EBP",0.07692308,"Berger-Parker"
20,"diverse","EBP",0.122302158273381,"Berger-Parker"
20,"dyvDyn","EBP",0.0769230769230769,"Berger-Parker"
20,"ecodive","EBP",0.0769230769230769,"Berger-Parker"
20,"microbiome","EBP",0.0769230769230769,"Berger-Parker"
20,"tabula","EBP",0.0769230769230769,"Berger-Parker"
20,"triversity","EBP",0.0769230769230769,"Berger-Parker"
20,"wiqid","EBP",1,"Berger-Parker"
20,"tabula","EBRI",0.888969940243048,"Brillouin evenness"
20,"BAT","EBU",0.566362929999294,"Bulla"
20,"microbiome","EBU",0.566362929999294,"Bulla"
20,"BAT","ECAM",0.989052765416402,"Camargo"
20,"microbiome","ECAM",0.703776223776224,"Camargo"
20,"codyn","EEQ",0.222158554749756,"NHC EQ"
20,"custom","EEQ",0.00062714114270896,"NHC EQ"
20,"adiv","EEVAR",0.528838543913411,"NHC EVAR"
20,"codyn","EEVAR",0.597727029623221,"NHC EVAR"
20,"custom","EEVAR",0.528838543913411,"NHC EVAR"
20,"microbiome","EEVAR",0.528838543913411,"NHC EVAR"
20,"acid","EGIN",0.796394716394716,"Gini coefficient"
20,"DescTools","EGIN",0.796394716394716,"Gini coefficient"
20,"dplR","EGIN",0.796394716394716,"Gini coefficient"
20,"EconGeo","EGIN",0.796,"Gini coefficient"
20,"giniVarCI","EGIN",0.796394716394716,"Gini coefficient"
20,"ineq","EGIN",0.796394716394716,"Gini coefficient"
20,"microbiome","EGIN",0.796394716394715,"Gini coefficient"
20,"REAT","EGIN",0.796394716394716,"Gini coefficient"
20,"shipunov","EGIN",0.796394716394715,"Gini coefficient"
20,"wINEQ","EGIN",0.796394716394716,"Gini coefficient"
20,"abdiv","EHEI",0.585732998903243,"Heip"
20,"adiv","EHEI",0.585732998903243,"Heip"
20,"custom","EHUL",0.125874125874126,"Hulburt"
20,"benthos","EHURE",0.977136570594515,"Hurlbert PIE"
20,"BiodiversityR","EHURE",0.97713657,"Hurlbert PIE"
20,"mobr","EHURE",0.977136570594514,"Hurlbert PIE"
20,"vegan","EHURE",0.977136570594335,"Hurlbert PIE"
20,"custom","ELR",0.219195082263425,"Ludwig-Reynolds"
20,"abdiv","EMC",0.206033809684987,"McIntosh evenness"
20,"tabula","EMC",0.934933811844575,"McIntosh evenness"
20,"microbiome","EMN",0.125874125874126,"McNaughton"
20,"custom","ENHC",-0.0313673386118316,"NHC"
20,"custom","EPAT",0,"Patten"
20,"abdiv","EPIE",0.885380241418847,"Pielou"
20,"adiv","EPIE",0.885380241418847,"Pielou"
20,"BiodiversityR","EPIE",0.88538024,"Pielou"
20,"breakaway","EPIE",0.885380241418847,"Pielou"
20,"chemodiv","EPIE",0.885380241418847,"Pielou"
20,"diverse","EPIE",0.866197518715498,"Pielou"
20,"forestmangr","EPIE",1,"Pielou"
20,"microbiome","EPIE",0.885380241418847,"Pielou"
20,"OTUtable","EPIE",0.885380241418847,"Pielou"
20,"pctax","EPIE",0.8854,"Pielou"
20,"sprex","EPIE",0.885380241418847,"Pielou"
20,"tabula","EPIE",0.885380241418847,"Pielou"
20,"custom","ESHE",0.589875668914211,"Sheldon"
20,"adiv","ESP",0.397754484547223,"Simpson evenness"
20,"codyn","ESP",0.573468328141225,"Simpson evenness"
20,"sprex","ESP",0.0407732669104502,"Simpson evenness"
20,"tabula","ESP",0.397754484547223,"Simpson evenness"
20,"abdiv","EST",0.429300699300699,"Strong"
20,"adiv","QHIL_0",100,"Hill q=0"
20,"adiv","QHIL_1",58.9875668914211,"Hill q=1"
20,"adiv","QHIL_2",39.7754484547223,"Hill q=2"
20,"adiv","QHIL_3",31.0163776341472,"Hill q=3"
20,"BAT","QHIL_0",100,"Hill q=0"
20,"BAT","QHIL_1",58.9875668914211,"Hill q=1"
20,"BAT","QHIL_2",39.7754484547223,"Hill q=2"
20,"BAT","QHIL_3",31.0163776341472,"Hill q=3"
20,"benthos","QHIL_0",225,"Hill q=0"
20,"benthos","QHIL_1",58.9875668914211,"Hill q=1"
20,"benthos","QHIL_2",39.7754484547223,"Hill q=2"
20,"benthos","QHIL_3",31.0163776341472,"Hill q=3"
20,"breakaway","QHIL_0",100,"Hill q=0"
20,"breakaway","QHIL_1",58.9875668914211,"Hill q=1"
20,"breakaway","QHIL_2",39.7754484547223,"Hill q=2"
20,"breakaway","QHIL_3",31.0163776341472,"Hill q=3"
20,"chemodiv","QHIL_0",100,"Hill q=0"
20,"chemodiv","QHIL_1",58.9875668914211,"Hill q=1"
20,"chemodiv","QHIL_2",39.7754484547223,"Hill q=2"
20,"chemodiv","QHIL_3",31.0163776341472,"Hill q=3"
20,"divDyn","QHIL_2",39.7754484547223,"Hill q=2"
20,"divent","QHIL_0",100,"Hill q=0"
20,"divent","QHIL_1",58.9875668914211,"Hill q=1"
20,"divent","QHIL_2",39.7754484547223,"Hill q=2"
20,"divent","QHIL_3",31.0163776341462,"Hill q=3"
20,"entropart","QHIL_0",100,"Hill q=0"
20,"entropart","QHIL_1",58.9875668914211,"Hill q=1"
20,"entropart","QHIL_2",39.7754484547223,"Hill q=2"
20,"entropart","QHIL_3",31.0163776341478,"Hill q=3"
20,"EntropyEstimation","QHIL_1",66.8803143103491,"Hill q=1"
20,"EntropyEstimation","QHIL_2",43.7379704621248,"Hill q=2"
20,"EntropyEstimation","QHIL_3",33.6968198662704,"Hill q=3"
20,"hilldiv","QHIL_0",100,"Hill q=0"
20,"hilldiv","QHIL_1",58.9878533883023,"Hill q=1"
20,"hilldiv","QHIL_2",39.7754484547223,"Hill q=2"
20,"hilldiv","QHIL_3",31.0163776341472,"Hill q=3"
20,"hillR","QHIL_0",100,"Hill q=0"
20,"hillR","QHIL_1",58.9875668914211,"Hill q=1"
20,"hillR","QHIL_2",39.7754484547223,"Hill q=2"
20,"hillR","QHIL_3",31.0163776341472,"Hill q=3"
20,"sprex","QHIL_0",100,"Hill q=0"
20,"sprex","QHIL_1",58.9875668914211,"Hill q=1"
20,"sprex","QHIL_2",39.7754484547223,"Hill q=2"
20,"sprex","QHIL_3",31.0163776341472,"Hill q=3"
20,"vegan","QHIL_0",100,"Hill q=0"
20,"vegan","QHIL_1",58.9875668914211,"Hill q=1"
20,"vegan","QHIL_2",39.7754484547223,"Hill q=2"
20,"vegan","QHIL_3",31.0163776341472,"Hill q=3"
20,"adiv","QREN_0",4.60517018598809,"Renyi q=0"
20,"adiv","QREN_1",4.07732669104502,"Renyi q=1"
20,"adiv","QREN_2",3.68324984894903,"Renyi q=2"
20,"adiv","QREN_3",3.43451537575708,"Renyi q=3"
20,"BiodiversityR","QREN_0",4.60517018598809,"Renyi q=0"
20,"BiodiversityR","QREN_1",4.07732669104502,"Renyi q=1"
20,"BiodiversityR","QREN_2",3.68324984894903,"Renyi q=2"
20,"BiodiversityR","QREN_3",3.43451537575708,"Renyi q=3"
20,"diverse","QREN_0",4.59511985013459,"Renyi q=0"
20,"diverse","QREN_1",3.98028141238691,"Renyi q=1"
20,"diverse","QREN_2",3.41113218548924,"Renyi q=2"
20,"diverse","QREN_3",3.01804632579901,"Renyi q=3"
20,"EntropyEstimation","QREN_1",4.20290466838187,"Renyi q=1"
20,"EntropyEstimation","QREN_2",3.77821661412924,"Renyi q=2"
20,"EntropyEstimation","QREN_3",3.51740346691953,"Renyi q=3"
20,"seewave","QREN_2",0.68005569204828,"Renyi q=2"
20,"seewave","QREN_3",0.634130677870278,"Renyi q=3"
20,"sprex","QREN_0",4.60517018598809,"Renyi q=0"
20,"sprex","QREN_1",4.07732669104502,"Renyi q=1"
20,"sprex","QREN_2",3.68324984894903,"Renyi q=2"
20,"sprex","QREN_3",3.43451537575708,"Renyi q=3"
20,"statcomp","QREN_1",0.752815935499551,"Renyi q=1"
20,"statcomp","QREN_2",0.680055681288682,"Renyi q=2"
20,"statcomp","QREN_3",0.634130669800581,"Renyi q=3"
20,"vegan","QREN_0",4.60517018598809,"Renyi q=0"
20,"vegan","QREN_1",4.07732669104502,"Renyi q=1"
20,"vegan","QREN_2",3.68324984894903,"Renyi q=2"
20,"vegan","QREN_3",3.43451537575708,"Renyi q=3"
20,"adiv","QTSA_0",99,"Tsallis q=0"
20,"adiv","QTSA_1",4.07732669104502,"Tsallis q=1"
20,"adiv","QTSA_2",0.974858862970751,"Tsallis q=2"
20,"adiv","QTSA_3",0.499480257952555,"Tsallis q=3"
20,"divent","QTSA_0",99,"Tsallis q=0"
20,"divent","QTSA_1",4.07732669104502,"Tsallis q=1"
20,"divent","QTSA_2",0.974858862970751,"Tsallis q=2"
20,"divent","QTSA_3",0.499480257952555,"Tsallis q=3"
20,"entropart","QTSA_0",99,"Tsallis q=0"
20,"entropart","QTSA_1",4.07732669104502,"Tsallis q=1"
20,"entropart","QTSA_2",0.974858862970751,"Tsallis q=2"
20,"entropart","QTSA_3",0.499480257952555,"Tsallis q=3"
20,"EntropyEstimation","QTSA_1",4.20290466838187,"Tsallis q=1"
20,"EntropyEstimation","QTSA_2",0.977136570594515,"Tsallis q=2"
20,"EntropyEstimation","QTSA_3",0.4995596559102,"Tsallis q=3"
20,"vegan","QTSA_0",99,"Tsallis q=0"
20,"vegan","QTSA_1",4.07732669104502,"Tsallis q=1"
20,"vegan","QTSA_2",0.974858862970751,"Tsallis q=2"
20,"vegan","QTSA_3",0.499480257952555,"Tsallis q=3"
20,"BAT","RACE",147.592809595781,"ACE"
20,"ecodive","RACE",147.592809595781,"ACE"
20,"fossil","RACE",115.545454545455,"ACE"
20,"pctax","RACE",147.5928,"ACE"
20,"sprex","RACE",429,"ACE"
20,"tabula","RACE",147.592809595781,"ACE"
20,"vegan","RACE",147.592809595781,"ACE"
20,"wiqid","RACE",147.592809595781,"ACE"
20,"BiodiversityR","RBOO",100,"Bootstrap estimator"
20,"wiqid","RBOO",225,"Bootstrap estimator"
20,"BAT","RC1",133.47619047619,"Chao 1"
20,"BiodiversityR","RC1",100,"Chao 1"
20,"biosampleR","RC1",132.47619047619,"Chao 1"
20,"iNEXT","RC1",136.016,"Chao 1"
20,"microbiome","RC1",133.47619047619,"Chao 1"
20,"pctax","RC1",133.4762,"Chao 1"
20,"rareNMtests","RC1",100,"Chao 1"
20,"SpadeR","RC1",100,"Chao 1"
20,"SSP","RC1",100,"Chao 1"
20,"vegan","RC1",133.47619047619,"Chao 1"
20,"wiqid","RC1",136.1,"Chao 1"
20,"BAT","RC1M",152.750152380952,"Chao 1 modified"
20,"divent","RC1M",136.015850815851,"Chao 1 modified"
20,"ecodive","RC1M",136.1,"Chao 1 modified"
20,"entropart","RC1M",136.015850815851,"Chao 1 modified"
20,"fossil","RC1M",136.1,"Chao 1 modified"
20,"mobr","RC1M",136.015850815851,"Chao 1 modified"
20,"OTUtable","RC1M",136.1,"Chao 1 modified"
20,"tabula","RC1M",136.015850815851,"Chao 1 modified"
20,"wiqid","RC1M",136.1,"Chao 1 modified"
20,"BAT","RCA2",226.654939664421,"Chao 2"
20,"divDyn","RCA2",133.141428571429,"Chao 2"
20,"fossil","RCA2",136.1,"Chao 2"
20,"tabula","RCA2",100,"Chao 2"
20,"wiqid","RCA2",100,"Chao 2"
20,"benthos","RHUR_2",1.97713657059434,"Hurlbert D k=2"
20,"benthos","RHUR_3",2.93229039996301,"Hurlbert D k=3"
20,"divent","RHUR_2",43.7379704700297,"Hurlbert D k=2"
20,"divent","RHUR_3",43.9709838676314,"Hurlbert D k=3"
20,"entropart","RHUR_2",1.97713657059433,"Hurlbert D k=2"
20,"entropart","RHUR_3",2.93229039996302,"Hurlbert D k=3"
20,"mobsim","RHUR_2",1.97713657059434,"Hurlbert D k=2"
20,"mobsim","RHUR_3",2.93229039996301,"Hurlbert D k=3"
20,"tabula","RHUR_2",1.97713657051844,"Hurlbert D k=2"
20,"tabula","RHUR_3",2.93229039991154,"Hurlbert D k=3"
20,"vegan","RHUR_2",1.97713657059434,"Hurlbert D k=2"
20,"vegan","RHUR_3",2.93229039996301,"Hurlbert D k=3"
20,"BAT","RICE",219.046627565411,"ICE"
20,"fossil","RICE",115.545454545455,"ICE"
20,"tabula","RICE",100,"ICE"
20,"wiqid","RICE",100,"ICE"
20,"BAT","RJA1",138,"Jackknife 1"
20,"BiodiversityR","RJA1",100,"Jackknife 1"
20,"divent","RJA1",156,"Jackknife 1"
20,"entropart","RJA1",156,"Jackknife 1"
20,"fossil","RJA1",137.911421911422,"Jackknife 1"
20,"SSP","RJA1",100,"Jackknife 1"
20,"tabula","RJA1",4.06024110380279,"Jackknife 1"
20,"wiqid","RJA1",138,"Jackknife 1"
20,"BAT","RJA2",156,"Jackknife 2"
20,"BiodiversityR","RJA2",100,"Jackknife 2"
20,"fossil","RJA2",155.608282683049,"Jackknife 2"
20,"SSP","RJA2",100,"Jackknife 2"
20,"wiqid","RJA2",156,"Jackknife 2"
20,"asbio","RLMD",172.558887496441,NA
20,"sads","RLMD",0.93832792655346,NA
20,"vegan","RLMD",122.246393837686,NA
20,"wiqid","RMM",0,"Michaelis-Menten"
20,"divDyn","RSQ",137.069190694681,"Squares Richness Estimator"
20,"ecodive","RSQ",137.069190694681,"Squares Richness Estimator"
20,"tabula","RSQ",137.069190694681,"Squares Richness Estimator"
21,"custom","RICH",99,"Species richness"
21,"abdiv","D1SP",0.968605824682814,"Simpson's reciprocal"
21,"ade4","D1SP",0.968605824682815,"Simpson's reciprocal"
21,"adiv","D1SP",0.968605824682814,"Simpson's reciprocal"
21,"agricolae","D1SP",0.968605824682814,"Simpson's reciprocal"
21,"asbio","D1SP",0.968605824682814,"Simpson's reciprocal"
21,"BiodiversityR","D1SP",0.96860582,"Simpson's reciprocal"
21,"biosampleR","D1SP",0.949929558186274,"Simpson's reciprocal"
21,"breakaway","D1SP",0.968605824682814,"Simpson's reciprocal"
21,"catsim","D1SP",0.638182716049383,"Simpson's reciprocal"
21,"concstats","D1SP",0.995675866854095,"Simpson's reciprocal"
21,"CUB","D1SP",0.97292995782872,"Simpson's reciprocal"
21,"DescTools","D1SP",0.968605824682815,"Simpson's reciprocal"
21,"divent","D1SP",0.968605824682814,"Simpson's reciprocal"
21,"diverse","D1SP",0.949929558186274,"Simpson's reciprocal"
21,"ecodive","D1SP",0.968605824682814,"Simpson's reciprocal"
21,"entropart","D1SP",0.968605824682814,"Simpson's reciprocal"
21,"lawstat","D1SP",0.814250700280112,"Simpson's reciprocal"
21,"MCPAN","D1SP",0.968605824682814,"Simpson's reciprocal"
21,"microbiome","D1SP",0.968605824682814,"Simpson's reciprocal"
21,"PCRA","D1SP",0.968605824682814,"Simpson's reciprocal"
21,"RoughSets","D1SP",0.968605824682814,"Simpson's reciprocal"
21,"simboot","D1SP",0.968605824682814,"Simpson's reciprocal"
21,"sprex","D1SP",0.968605824682814,"Simpson's reciprocal"
21,"untb","D1SP",0.970985691573927,"Simpson's reciprocal"
21,"vegan","D1SP",0.968605824682814,"Simpson's reciprocal"
21,"abdiv","DBRI",3.64239782147882,"Brillouin"
21,"ecodive","DBRI",3.64239782147882,"Brillouin"
21,"tabula","DBRI",3.64239782147882,"Brillouin"
21,"wiqid","DBRI",38.183283742663,"Brillouin"
21,"BiodiversityR","DFIS",41.5872796,"Fisher's alpha"
21,"ecodive","DFIS",41.587,"Fisher's alpha"
21,"microbiome","DFIS",41.5872795981911,"Fisher's alpha"
21,"preseqR","DFIS",8.37656590563889,"Fisher's alpha"
21,"sads","DFIS",41.5872793186036,"Fisher's alpha"
21,"vegan","DFIS",41.5872795981911,"Fisher's alpha"
21,"custom","DGLE",16.4690733463886,"Gleason"
21,"custom","DGOO_1_1",3.96992512347409,"Good m1 n1"
21,"custom","DGOO_1_2",0.312621545940505,"Good m1 n2"
21,"custom","DGOO_1_3",1,"Good m1 n3"
21,"custom","DGOO_2_1",0.0958568637530403,"Good m2 n1"
21,"custom","DGOO_2_2",1.09037478099799,"Good m2 n2"
21,"custom","DGOO_2_3",1,"Good m2 n3"
21,"custom","DGOO_3_1",0.00496482078710298,"Good m3 n1"
21,"custom","DGOO_3_2",0.0385817898376451,"Good m3 n2"
21,"custom","DGOO_3_3",1,"Good m3 n3"
21,"abdiv","DINVSP",31.8530424799082,"Simpson inverse"
21,"adiv","DINVSP",31.8530424799082,"Simpson inverse"
21,"asbio","DINVSP",31.8530424799082,"Simpson inverse"
21,"BiodiversityR","DINVSP",31.85304248,"Simpson inverse"
21,"breakaway","DINVSP",31.8530424799082,"Simpson inverse"
21,"chemodiv","DINVSP",31.8530424799082,"Simpson inverse"
21,"codyn","DINVSP",8.1207729468599,"Simpson inverse"
21,"divseg","DINVSP",1.03139417531719,"Simpson inverse"
21,"ecodive","DINVSP",31.8530424799082,"Simpson inverse"
21,"microbiome","DINVSP",31.8530424799082,"Simpson inverse"
21,"sprex","DINVSP",31.8530424799082,"Simpson inverse"
21,"vegan","DINVSP",31.8530424799082,"Simpson inverse"
21,"wiqid","DINVSP",31.8530424799082,"Simpson inverse"
21,"custom","DKO",0.0917431192660551,"Kothe"
21,"abdiv","DMC",0.865673193886308,"McIntosh"
21,"adiv","DMC",0.865673193886308,"McIntosh"
21,"agricolae","DMC",0.865673193886308,"McIntosh"
21,"ecodive","DMC",0.865673193886308,"McIntosh"
21,"forestHES","DMC",0.865673193886308,"McIntosh"
21,"tabula","DMC",0.865673193886308,"McIntosh"
21,"abdiv","DMG",16.3027190701624,"Margalef"
21,"adiv","DMG",16.3027190701624,"Margalef"
21,"agricolae","DMG",37.2633578746569,"Margalef"
21,"ecodive","DMG",16.3027190701624,"Margalef"
21,"tabula","DMG",16.3027190701624,"Margalef"
21,"abdiv","DMN",4.90123033773454,"Menhinick"
21,"adiv","DMN",4.90123033773454,"Menhinick"
21,"ecodive","DMN",4.90123033773454,"Menhinick"
21,"tabula","DMN",4.90123033773454,"Menhinick"
21,"custom","DOD",242.647058823529,"Odum"
21,"abdiv","DQ",0,"Q-statistic"
21,"ade4","DRAO",0.968605824682814,"Rao"
21,"BAT","DRAO",0.968605824682874,"Rao"
21,"SYNCSA","DRAO",0.968605824682814,"Rao"
21,"abdiv","DSHA",3.96992512347409,"Shannon"
21,"adiv","DSHA",3.96992512347409,"Shannon"
21,"aqp","DSHA",5.72739128833657,"Shannon"
21,"asbio","DSHA",3.96992512347409,"Shannon"
21,"benthos","DSHA",0,"Shannon"
21,"BiodiversityR","DSHA",3.96992512,"Shannon"
21,"biosampleR","DSHA",3.69389620084709,"Shannon"
21,"chemodiv","DSHA",3.96992512347409,"Shannon"
21,"codyn","DSHA",3.96992512347409,"Shannon"
21,"DescTools","DSHA",5.72739128833657,"Shannon"
21,"divDyn","DSHA",3.96992512347409,"Shannon"
21,"divent","DSHA",3.96992512347409,"Shannon"
21,"diverse","DSHA",3.69389620084709,"Shannon"
21,"ecodive","DSHA",3.96992512347408,"Shannon"
21,"EconGeo","DSHA",5.727,"Shannon"
21,"entropart","DSHA",3.96992512347409,"Shannon"
21,"forestmangr","DSHA",3.56,"Shannon"
21,"HardyWeinberg","DSHA",3.96992512347409,"Shannon"
21,"iNEXT","DSHA",3.97,"Shannon"
21,"MCPAN","DSHA",3.96992512347409,"Shannon"
21,"microbiome","DSHA",3.96992512347409,"Shannon"
21,"OTUtable","DSHA",3.96992512347409,"Shannon"
21,"pgirmess","DSHA",5.72739128833657,"Shannon"
21,"SpiecEasi","DSHA",3.96992512347409,"Shannon"
21,"sprex","DSHA",3.96992512347409,"Shannon"
21,"tabula","DSHA",3.96992512347409,"Shannon"
21,"triversity","DSHA",5.72739128833657,"Shannon"
21,"vegan","DSHA",3.96992512347409,"Shannon"
21,"wavethresh","DSHA",-30916.3305713001,"Shannon"
21,"wiqid","DSHA",52.9805636906047,"Shannon"
21,"abdiv","DSP",0.0313941753171857,"Simpson"
21,"agricolae","DSP",0.0313941753171857,"Simpson"
21,"antitrust","DSP",313.941753171857,"Simpson"
21,"benthos","DSP",0.0290143084260731,"Simpson"
21,"breakaway","DSP",0.0313941753171857,"Simpson"
21,"concstats","DSP",0.0313941753171857,"Simpson"
21,"DescTools","DSP",0.0313941753171857,"Simpson"
21,"diverse","DSP",0.0476094844090988,"Simpson"
21,"divseg","DSP",1.03139417531719,"Simpson"
21,"EconGeo","DSP",0.0313941753171857,"Simpson"
21,"hhi","DSP",0.123140987507436,"Simpson"
21,"ineq","DSP",0.0313941753171857,"Simpson"
21,"microbiome","DSP",0.0313941753171857,"Simpson"
21,"PDtoolkit","DSP",0.0313941753171857,"Simpson"
21,"politics","DSP",0.0313941753171857,"Simpson"
21,"REAT","DSP",0.0313941753171857,"Simpson"
21,"sprex","DSP",0.0313941753171857,"Simpson"
21,"tabula","DSP",0.0313941753171857,"Simpson"
21,"triversity","DSP",0.0313941753171857,"Simpson"
21,"abdiv","EBP",0.107843137254902,"Berger-Parker"
21,"agricolae","EBP",0.107843137254902,"Berger-Parker"
21,"BiodiversityR","EBP",0.10784314,"Berger-Parker"
21,"diverse","EBP",0.149870801033592,"Berger-Parker"
21,"dyvDyn","EBP",0.107843137254902,"Berger-Parker"
21,"ecodive","EBP",0.107843137254902,"Berger-Parker"
21,"microbiome","EBP",0.107843137254902,"Berger-Parker"
21,"tabula","EBP",0.107843137254902,"Berger-Parker"
21,"triversity","EBP",0.107843137254902,"Berger-Parker"
21,"wiqid","EBP",1,"Berger-Parker"
21,"tabula","EBRI",0.866741284523412,"Brillouin evenness"
21,"BAT","EBU",0.536764705882353,"Bulla"
21,"microbiome","EBU",0.536764705882353,"Bulla"
21,"BAT","ECAM",0.988375148039014,"Camargo"
21,"microbiome","ECAM",0.708457120221826,"Camargo"
21,"codyn","EEQ",0.275462411765082,"NHC EQ"
21,"custom","EEQ",0.00062473447549366,"NHC EQ"
21,"adiv","EEVAR",0.523300863407027,"NHC EVAR"
21,"codyn","EEVAR",0.755928750879717,"NHC EVAR"
21,"custom","EEVAR",0.523300863407027,"NHC EVAR"
21,"microbiome","EEVAR",0.523300863407027,"NHC EVAR"
21,"acid","EGIN",0.810631808278867,"Gini coefficient"
21,"DescTools","EGIN",0.810631808278867,"Gini coefficient"
21,"dplR","EGIN",0.810631808278867,"Gini coefficient"
21,"EconGeo","EGIN",0.811,"Gini coefficient"
21,"giniVarCI","EGIN",0.810631808278867,"Gini coefficient"
21,"ineq","EGIN",0.810631808278867,"Gini coefficient"
21,"microbiome","EGIN",0.810631808278867,"Gini coefficient"
21,"REAT","EGIN",0.810631808278867,"Gini coefficient"
21,"shipunov","EGIN",0.810631808278867,"Gini coefficient"
21,"wINEQ","EGIN",0.810631808278867,"Gini coefficient"
21,"abdiv","EHEI",0.530413915210252,"Heip"
21,"adiv","EHEI",0.530413915210252,"Heip"
21,"custom","EHUL",0.16421568627451,"Hulburt"
21,"benthos","EHURE",0.970985691573927,"Hurlbert PIE"
21,"BiodiversityR","EHURE",0.97098569,"Hurlbert PIE"
21,"mobr","EHURE",0.970985691573927,"Hurlbert PIE"
21,"vegan","EHURE",0.970985691574237,"Hurlbert PIE"
21,"custom","ELR",0.198882246565793,"Ludwig-Reynolds"
21,"abdiv","EMC",0.233078213807377,"McIntosh evenness"
21,"tabula","EMC",0.91475202195378,"McIntosh evenness"
21,"microbiome","EMN",0.16421568627451,"McNaughton"
21,"custom","ENHC",-0.0309342181264724,"NHC"
21,"custom","EPAT",0.0748199349583548,"Patten"
21,"abdiv","EPIE",0.863943760543658,"Pielou"
21,"adiv","EPIE",0.863943760543658,"Pielou"
21,"BiodiversityR","EPIE",0.86394376,"Pielou"
21,"breakaway","EPIE",0.863943760543658,"Pielou"
21,"chemodiv","EPIE",0.863943760543658,"Pielou"
21,"diverse","EPIE",0.831462112955779,"Pielou"
21,"forestmangr","EPIE",1,"Pielou"
21,"microbiome","EPIE",0.863943760543658,"Pielou"
21,"OTUtable","EPIE",0.863943760543658,"Pielou"
21,"pctax","EPIE",0.8639,"Pielou"
21,"sprex","EPIE",0.863943760543658,"Pielou"
21,"tabula","EPIE",0.863943760543658,"Pielou"
21,"custom","ESHE",0.535157208996007,"Sheldon"
21,"adiv","ESP",0.321747903837456,"Simpson evenness"
21,"codyn","ESP",0.477692526285877,"Simpson evenness"
21,"sprex","ESP",0.0401002537724655,"Simpson evenness"
21,"tabula","ESP",0.321747903837456,"Simpson evenness"
21,"abdiv","EST",0.45855614973262,"Strong"
21,"adiv","QHIL_0",99,"Hill q=0"
21,"adiv","QHIL_1",52.9805636906047,"Hill q=1"
21,"adiv","QHIL_2",31.8530424799082,"Hill q=2"
21,"adiv","QHIL_3",22.8673458871504,"Hill q=3"
21,"BAT","QHIL_0",99,"Hill q=0"
21,"BAT","QHIL_1",52.9805636906047,"Hill q=1"
21,"BAT","QHIL_2",31.8530424799082,"Hill q=2"
21,"BAT","QHIL_3",22.8673458871504,"Hill q=3"
21,"benthos","QHIL_0",225,"Hill q=0"
21,"benthos","QHIL_1",52.9805636906047,"Hill q=1"
21,"benthos","QHIL_2",31.8530424799082,"Hill q=2"
21,"benthos","QHIL_3",22.8673458871504,"Hill q=3"
21,"breakaway","QHIL_0",99,"Hill q=0"
21,"breakaway","QHIL_1",52.9805636906047,"Hill q=1"
21,"breakaway","QHIL_2",31.8530424799082,"Hill q=2"
21,"breakaway","QHIL_3",22.8673458871504,"Hill q=3"
21,"chemodiv","QHIL_0",99,"Hill q=0"
21,"chemodiv","QHIL_1",52.9805636906047,"Hill q=1"
21,"chemodiv","QHIL_2",31.8530424799082,"Hill q=2"
21,"chemodiv","QHIL_3",22.8673458871504,"Hill q=3"
21,"divDyn","QHIL_2",31.8530424799082,"Hill q=2"
21,"divent","QHIL_0",99,"Hill q=0"
21,"divent","QHIL_1",52.9805636906047,"Hill q=1"
21,"divent","QHIL_2",31.8530424799082,"Hill q=2"
21,"divent","QHIL_3",22.8673458871503,"Hill q=3"
21,"entropart","QHIL_0",99,"Hill q=0"
21,"entropart","QHIL_1",52.9805636906047,"Hill q=1"
21,"entropart","QHIL_2",31.8530424799082,"Hill q=2"
21,"entropart","QHIL_3",22.8673458871507,"Hill q=3"
21,"EntropyEstimation","QHIL_1",60.4301027287656,"Hill q=1"
21,"EntropyEstimation","QHIL_2",34.4657534246576,"Hill q=2"
21,"EntropyEstimation","QHIL_3",24.2104923429636,"Hill q=3"
21,"hilldiv","QHIL_0",99,"Hill q=0"
21,"hilldiv","QHIL_1",52.9808863617856,"Hill q=1"
21,"hilldiv","QHIL_2",31.8530424799082,"Hill q=2"
21,"hilldiv","QHIL_3",22.8673458871504,"Hill q=3"
21,"hillR","QHIL_0",99,"Hill q=0"
21,"hillR","QHIL_1",52.9805636906047,"Hill q=1"
21,"hillR","QHIL_2",31.8530424799082,"Hill q=2"
21,"hillR","QHIL_3",22.8673458871504,"Hill q=3"
21,"sprex","QHIL_0",99,"Hill q=0"
21,"sprex","QHIL_1",52.9805636906047,"Hill q=1"
21,"sprex","QHIL_2",31.8530424799082,"Hill q=2"
21,"sprex","QHIL_3",22.8673458871504,"Hill q=3"
21,"vegan","QHIL_0",99,"Hill q=0"
21,"vegan","QHIL_1",52.9805636906047,"Hill q=1"
21,"vegan","QHIL_2",31.8530424799082,"Hill q=2"
21,"vegan","QHIL_3",22.8673458871504,"Hill q=3"
21,"adiv","QREN_0",4.59511985013459,"Renyi q=0"
21,"adiv","QREN_1",3.96992512347409,"Renyi q=1"
21,"adiv","QREN_2",3.46113290272777,"Renyi q=2"
21,"adiv","QREN_3",3.12970994914229,"Renyi q=3"
21,"BiodiversityR","QREN_0",4.59511985013459,"Renyi q=0"
21,"BiodiversityR","QREN_1",3.96992512347409,"Renyi q=1"
21,"BiodiversityR","QREN_2",3.46113290272777,"Renyi q=2"
21,"BiodiversityR","QREN_3",3.12970994914229,"Renyi q=3"
21,"diverse","QREN_0",4.44265125649032,"Renyi q=0"
21,"diverse","QREN_1",3.69389620084709,"Renyi q=1"
21,"diverse","QREN_2",2.99432442875817,"Renyi q=2"
21,"diverse","QREN_3",2.62116846722256,"Renyi q=3"
21,"EntropyEstimation","QREN_1",4.10148737033505,"Renyi q=1"
21,"EntropyEstimation","QREN_2",3.53996617667194,"Renyi q=2"
21,"EntropyEstimation","QREN_3",3.1867861070903,"Renyi q=3"
21,"seewave","QREN_2",0.639045199953041,"Renyi q=2"
21,"seewave","QREN_3",0.577853023956496,"Renyi q=3"
21,"sprex","QREN_0",4.59511985013459,"Renyi q=0"
21,"sprex","QREN_1",3.96992512347409,"Renyi q=1"
21,"sprex","QREN_2",3.46113290272777,"Renyi q=2"
21,"sprex","QREN_3",3.12970994914229,"Renyi q=3"
21,"statcomp","QREN_1",0.732985880737786,"Renyi q=1"
21,"statcomp","QREN_2",0.639045188549134,"Renyi q=2"
21,"statcomp","QREN_3",0.577853015403565,"Renyi q=3"
21,"vegan","QREN_0",4.59511985013459,"Renyi q=0"
21,"vegan","QREN_1",3.96992512347409,"Renyi q=1"
21,"vegan","QREN_2",3.46113290272777,"Renyi q=2"
21,"vegan","QREN_3",3.12970994914229,"Renyi q=3"
21,"adiv","QTSA_0",98,"Tsallis q=0"
21,"adiv","QTSA_1",3.96992512347409,"Tsallis q=1"
21,"adiv","QTSA_2",0.968605824682814,"Tsallis q=2"
21,"adiv","QTSA_3",0.499043822582378,"Tsallis q=3"
21,"divent","QTSA_0",98,"Tsallis q=0"
21,"divent","QTSA_1",3.96992512347409,"Tsallis q=1"
21,"divent","QTSA_2",0.968605824682814,"Tsallis q=2"
21,"divent","QTSA_3",0.499043822582378,"Tsallis q=3"
21,"entropart","QTSA_0",98,"Tsallis q=0"
21,"entropart","QTSA_1",3.96992512347409,"Tsallis q=1"
21,"entropart","QTSA_2",0.968605824682814,"Tsallis q=2"
21,"entropart","QTSA_3",0.499043822582378,"Tsallis q=3"
21,"EntropyEstimation","QTSA_1",4.10148737033505,"Tsallis q=1"
21,"EntropyEstimation","QTSA_2",0.970985691573927,"Tsallis q=2"
21,"EntropyEstimation","QTSA_3",0.499146973031354,"Tsallis q=3"
21,"vegan","QTSA_0",98,"Tsallis q=0"
21,"vegan","QTSA_1",3.96992512347409,"Tsallis q=1"
21,"vegan","QTSA_2",0.968605824682814,"Tsallis q=2"
21,"vegan","QTSA_3",0.499043822582378,"Tsallis q=3"
21,"BAT","RACE",161.934634919354,"ACE"
21,"ecodive","RACE",161.934634919354,"ACE"
21,"fossil","RACE",122.092592592593,"ACE"
21,"pctax","RACE",161.9346,"ACE"
21,"sprex","RACE",408,"ACE"
21,"tabula","RACE",161.934634919354,"ACE"
21,"vegan","RACE",161.934634919354,"ACE"
21,"wiqid","RACE",161.934634919354,"ACE"
21,"BiodiversityR","RBOO",99,"Bootstrap estimator"
21,"wiqid","RBOO",225,"Bootstrap estimator"
21,"BAT","RC1",138.260869565217,"Chao 1"
21,"BiodiversityR","RC1",99,"Chao 1"
21,"biosampleR","RC1",109.473684210526,"Chao 1"
21,"iNEXT","RC1",140.92,"Chao 1"
21,"microbiome","RC1",138.260869565217,"Chao 1"
21,"pctax","RC1",138.2609,"Chao 1"
21,"rareNMtests","RC1",99,"Chao 1"
21,"SpadeR","RC1",99,"Chao 1"
21,"SSP","RC1",99,"Chao 1"
21,"vegan","RC1",138.260869565217,"Chao 1"
21,"wiqid","RC1",141.022727272727,"Chao 1"
21,"BAT","RC1M",164.344365925394,"Chao 1 modified"
21,"divent","RC1M",140.919730392157,"Chao 1 modified"
21,"ecodive","RC1M",141.022727272727,"Chao 1 modified"
21,"entropart","RC1M",140.919730392157,"Chao 1 modified"
21,"fossil","RC1M",141.022727272727,"Chao 1 modified"
21,"mobr","RC1M",140.919730392157,"Chao 1 modified"
21,"OTUtable","RC1M",141.022727272727,"Chao 1 modified"
21,"tabula","RC1M",140.919730392157,"Chao 1 modified"
21,"wiqid","RC1M",141.022727272727,"Chao 1 modified"
21,"BAT","RCA2",227.505482899666,"Chao 2"
21,"divDyn","RCA2",137.864295125165,"Chao 2"
21,"fossil","RCA2",141.022727272727,"Chao 2"
21,"tabula","RCA2",99,"Chao 2"
21,"wiqid","RCA2",99,"Chao 2"
21,"benthos","RHUR_2",1.97098569157424,"Hurlbert D k=2"
21,"benthos","RHUR_3",2.9146631286589,"Hurlbert D k=3"
21,"divent","RHUR_2",34.4657534347604,"Hurlbert D k=2"
21,"divent","RHUR_3",34.8182458917801,"Hurlbert D k=3"
21,"entropart","RHUR_2",1.97098569157424,"Hurlbert D k=2"
21,"entropart","RHUR_3",2.9146631286589,"Hurlbert D k=3"
21,"mobsim","RHUR_2",1.97098569157424,"Hurlbert D k=2"
21,"mobsim","RHUR_3",2.9146631286589,"Hurlbert D k=3"
21,"tabula","RHUR_2",1.97098569158056,"Hurlbert D k=2"
21,"tabula","RHUR_3",2.91466312866906,"Hurlbert D k=3"
21,"vegan","RHUR_2",1.97098569157424,"Hurlbert D k=2"
21,"vegan","RHUR_3",2.9146631286589,"Hurlbert D k=3"
21,"BAT","RICE",220.385379812258,"ICE"
21,"fossil","RICE",122.092592592593,"ICE"
21,"tabula","RICE",99,"ICE"
21,"wiqid","RICE",99,"ICE"
21,"BAT","RJA1",142,"Jackknife 1"
21,"BiodiversityR","RJA1",99,"Jackknife 1"
21,"divent","RJA1",163,"Jackknife 1"
21,"entropart","RJA1",163,"Jackknife 1"
21,"fossil","RJA1",141.894607843137,"Jackknife 1"
21,"SSP","RJA1",99,"Jackknife 1"
21,"tabula","RJA1",3.9508844859929,"Jackknife 1"
21,"wiqid","RJA1",142,"Jackknife 1"
21,"BAT","RJA2",163,"Jackknife 2"
21,"BiodiversityR","RJA2",99,"Jackknife 2"
21,"fossil","RJA2",162.529279279279,"Jackknife 2"
21,"SSP","RJA2",99,"Jackknife 2"
21,"wiqid","RJA2",163,"Jackknife 2"
21,"asbio","RLMD",154.868728278126,NA
21,"sads","RLMD",0.842885201875219,NA
21,"vegan","RLMD",134.549446952444,NA
21,"wiqid","RMM",0,"Michaelis-Menten"
21,"divDyn","RSQ",158.571251548947,"Squares Richness Estimator"
21,"ecodive","RSQ",158.571251548947,"Squares Richness Estimator"
21,"tabula","RSQ",158.571251548947,"Squares Richness Estimator"
22,"custom","RICH",91,"Species richness"
22,"abdiv","D1SP",0.954831620155216,"Simpson's reciprocal"
22,"ade4","D1SP",0.954831620155216,"Simpson's reciprocal"
22,"adiv","D1SP",0.954831620155216,"Simpson's reciprocal"
22,"agricolae","D1SP",0.954831620155216,"Simpson's reciprocal"
22,"asbio","D1SP",0.954831620155216,"Simpson's reciprocal"
22,"BiodiversityR","D1SP",0.95483162,"Simpson's reciprocal"
22,"biosampleR","D1SP",0.948104093708489,"Simpson's reciprocal"
22,"breakaway","D1SP",0.954831620155216,"Simpson's reciprocal"
22,"catsim","D1SP",0.60641975308642,"Simpson's reciprocal"
22,"concstats","D1SP",0.995737358838593,"Simpson's reciprocal"
22,"CUB","D1SP",0.959094261316624,"Simpson's reciprocal"
22,"DescTools","D1SP",0.954831620155216,"Simpson's reciprocal"
22,"divent","D1SP",0.954831620155216,"Simpson's reciprocal"
22,"diverse","D1SP",0.948104093708489,"Simpson's reciprocal"
22,"ecodive","D1SP",0.954831620155216,"Simpson's reciprocal"
22,"entropart","D1SP",0.954831620155216,"Simpson's reciprocal"
22,"lawstat","D1SP",0.843023752563226,"Simpson's reciprocal"
22,"MCPAN","D1SP",0.954831620155216,"Simpson's reciprocal"
22,"microbiome","D1SP",0.954831620155216,"Simpson's reciprocal"
22,"PCRA","D1SP",0.954831620155216,"Simpson's reciprocal"
22,"RoughSets","D1SP",0.954831620155216,"Simpson's reciprocal"
22,"simboot","D1SP",0.954831620155216,"Simpson's reciprocal"
22,"sprex","D1SP",0.954831620155216,"Simpson's reciprocal"
22,"untb","D1SP",0.957121384232327,"Simpson's reciprocal"
22,"vegan","D1SP",0.954831620155216,"Simpson's reciprocal"
22,"abdiv","DBRI",3.45868204902092,"Brillouin"
22,"ecodive","DBRI",3.45868204902092,"Brillouin"
22,"tabula","DBRI",3.45868204902092,"Brillouin"
22,"wiqid","DBRI",31.7750709201442,"Brillouin"
22,"BiodiversityR","DFIS",35.84847317,"Fisher's alpha"
22,"ecodive","DFIS",35.848,"Fisher's alpha"
22,"microbiome","DFIS",35.8484731689066,"Fisher's alpha"
22,"preseqR","DFIS",14.418936918423,"Fisher's alpha"
22,"sads","DFIS",35.8484717479651,"Fisher's alpha"
22,"vegan","DFIS",35.8484731689066,"Fisher's alpha"
22,"custom","DGLE",15.0775047553966,"Gleason"
22,"custom","DGOO_1_1",3.75541299694752,"Good m1 n1"
22,"custom","DGOO_1_2",0.335762618304814,"Good m1 n2"
22,"custom","DGOO_1_3",1,"Good m1 n3"
22,"custom","DGOO_2_1",0.117402338114319,"Good m2 n1"
22,"custom","DGOO_2_2",1.06907292537702,"Good m2 n2"
22,"custom","DGOO_2_3",1,"Good m2 n3"
22,"custom","DGOO_3_1",0.0093748986691577,"Good m3 n1"
22,"custom","DGOO_3_2",0.0523712407176644,"Good m3 n2"
22,"custom","DGOO_3_3",1,"Good m3 n3"
22,"abdiv","DINVSP",22.1393816523061,"Simpson inverse"
22,"adiv","DINVSP",22.1393816523061,"Simpson inverse"
22,"asbio","DINVSP",22.1393816523061,"Simpson inverse"
22,"BiodiversityR","DINVSP",22.13938165,"Simpson inverse"
22,"breakaway","DINVSP",22.1393816523061,"Simpson inverse"
22,"chemodiv","DINVSP",22.1393816523061,"Simpson inverse"
22,"codyn","DINVSP",5.94233473980309,"Simpson inverse"
22,"divseg","DINVSP",1.04516837984478,"Simpson inverse"
22,"ecodive","DINVSP",22.1393816523061,"Simpson inverse"
22,"microbiome","DINVSP",22.1393816523061,"Simpson inverse"
22,"sprex","DINVSP",22.1393816523061,"Simpson inverse"
22,"vegan","DINVSP",22.1393816523061,"Simpson inverse"
22,"wiqid","DINVSP",22.1393816523061,"Simpson inverse"
22,"custom","DKO",0.165137614678899,"Kothe"
22,"abdiv","DMC",0.827968735729785,"McIntosh"
22,"adiv","DMC",0.827968735729785,"McIntosh"
22,"agricolae","DMC",0.827968735729785,"McIntosh"
22,"ecodive","DMC",0.827968735729785,"McIntosh"
22,"forestHES","DMC",0.827968735729785,"McIntosh"
22,"tabula","DMC",0.827968735729785,"McIntosh"
22,"abdiv","DMG",14.9118178899527,"Margalef"
22,"adiv","DMG",14.9118178899527,"Margalef"
22,"agricolae","DMG",37.1138578594378,"Margalef"
22,"ecodive","DMG",14.9118178899527,"Margalef"
22,"tabula","DMG",14.9118178899527,"Margalef"
22,"abdiv","DMN",4.45095549120512,"Menhinick"
22,"adiv","DMN",4.45095549120512,"Menhinick"
22,"ecodive","DMN",4.45095549120512,"Menhinick"
22,"tabula","DMN",4.45095549120512,"Menhinick"
22,"custom","DOD",217.703349282297,"Odum"
22,"abdiv","DQ",0,"Q-statistic"
22,"ade4","DRAO",0.954831620155217,"Rao"
22,"BAT","DRAO",0.954831620155212,"Rao"
22,"SYNCSA","DRAO",0.954831620155216,"Rao"
22,"abdiv","DSHA",3.75541299694752,"Shannon"
22,"adiv","DSHA",3.75541299694752,"Shannon"
22,"aqp","DSHA",5.41791570718615,"Shannon"
22,"asbio","DSHA",3.75541299694752,"Shannon"
22,"benthos","DSHA",0,"Shannon"
22,"BiodiversityR","DSHA",3.755413,"Shannon"
22,"biosampleR","DSHA",3.68872115089303,"Shannon"
22,"chemodiv","DSHA",3.75541299694752,"Shannon"
22,"codyn","DSHA",3.75541299694752,"Shannon"
22,"DescTools","DSHA",5.41791570718615,"Shannon"
22,"divDyn","DSHA",3.75541299694752,"Shannon"
22,"divent","DSHA",3.75541299694752,"Shannon"
22,"diverse","DSHA",3.68872115089303,"Shannon"
22,"ecodive","DSHA",3.75541299694751,"Shannon"
22,"EconGeo","DSHA",5.418,"Shannon"
22,"entropart","DSHA",3.75541299694752,"Shannon"
22,"forestmangr","DSHA",3.56,"Shannon"
22,"HardyWeinberg","DSHA",3.75541299694752,"Shannon"
22,"iNEXT","DSHA",3.755,"Shannon"
22,"MCPAN","DSHA",3.75541299694752,"Shannon"
22,"microbiome","DSHA",3.75541299694752,"Shannon"
22,"OTUtable","DSHA",3.75541299694752,"Shannon"
22,"pgirmess","DSHA",5.41791570718615,"Shannon"
22,"SpiecEasi","DSHA",3.75541299694752,"Shannon"
22,"sprex","DSHA",3.75541299694752,"Shannon"
22,"tabula","DSHA",3.75541299694752,"Shannon"
22,"triversity","DSHA",5.41791570718614,"Shannon"
22,"vegan","DSHA",3.75541299694752,"Shannon"
22,"wavethresh","DSHA",-54238.0266815983,"Shannon"
22,"wiqid","DSHA",42.7518725579033,"Shannon"
22,"abdiv","DSP",0.0451683798447838,"Simpson"
22,"agricolae","DSP",0.0451683798447838,"Simpson"
22,"antitrust","DSP",451.683798447837,"Simpson"
22,"benthos","DSP",0.0428786157676729,"Simpson"
22,"breakaway","DSP",0.0451683798447838,"Simpson"
22,"concstats","DSP",0.0451683798447838,"Simpson"
22,"DescTools","DSP",0.0451683798447838,"Simpson"
22,"diverse","DSP",0.0492840492840493,"Simpson"
22,"divseg","DSP",1.04516837984478,"Simpson"
22,"EconGeo","DSP",0.0451683798447838,"Simpson"
22,"hhi","DSP",0.168284023668639,"Simpson"
22,"ineq","DSP",0.0451683798447838,"Simpson"
22,"microbiome","DSP",0.0451683798447838,"Simpson"
22,"PDtoolkit","DSP",0.0451683798447838,"Simpson"
22,"politics","DSP",0.0451683798447838,"Simpson"
22,"REAT","DSP",0.0451683798447838,"Simpson"
22,"sprex","DSP",0.0451683798447838,"Simpson"
22,"tabula","DSP",0.0451683798447838,"Simpson"
22,"triversity","DSP",0.0451683798447838,"Simpson"
22,"abdiv","EBP",0.138755980861244,"Berger-Parker"
22,"agricolae","EBP",0.138755980861244,"Berger-Parker"
22,"BiodiversityR","EBP",0.13875598,"Berger-Parker"
22,"diverse","EBP",0.148351648351648,"Berger-Parker"
22,"dyvDyn","EBP",0.138755980861244,"Berger-Parker"
22,"ecodive","EBP",0.138755980861244,"Berger-Parker"
22,"microbiome","EBP",0.138755980861244,"Berger-Parker"
22,"tabula","EBP",0.138755980861244,"Berger-Parker"
22,"triversity","EBP",0.138755980861244,"Berger-Parker"
22,"wiqid","EBP",1,"Berger-Parker"
22,"tabula","EBRI",0.834400743119208,"Brillouin evenness"
22,"BAT","EBU",0.526475279106858,"Bulla"
22,"microbiome","EBU",0.526475279106858,"Bulla"
22,"BAT","ECAM",0.986608712924502,"Camargo"
22,"microbiome","ECAM",0.622272464377728,"Camargo"
22,"codyn","EEQ",0.20613359810644,"NHC EQ"
22,"custom","EEQ",0.00076012177015615,"NHC EQ"
22,"adiv","EEVAR",0.505365710223627,"NHC EVAR"
22,"codyn","EEVAR",0.506553144246843,"NHC EVAR"
22,"custom","EEVAR",0.505365710223627,"NHC EVAR"
22,"microbiome","EEVAR",0.505365710223627,"NHC EVAR"
22,"acid","EGIN",0.839276980329612,"Gini coefficient"
22,"DescTools","EGIN",0.839276980329612,"Gini coefficient"
22,"dplR","EGIN",0.839276980329612,"Gini coefficient"
22,"EconGeo","EGIN",0.839,"Gini coefficient"
22,"giniVarCI","EGIN",0.839276980329612,"Gini coefficient"
22,"ineq","EGIN",0.839276980329612,"Gini coefficient"
22,"microbiome","EGIN",0.839276980329613,"Gini coefficient"
22,"REAT","EGIN",0.839276980329612,"Gini coefficient"
22,"shipunov","EGIN",0.839276980329613,"Gini coefficient"
22,"wINEQ","EGIN",0.839276980329612,"Gini coefficient"
22,"abdiv","EHEI",0.463909695087814,"Heip"
22,"adiv","EHEI",0.463909695087814,"Heip"
22,"custom","EHUL",0.239234449760766,"Hulburt"
22,"benthos","EHURE",0.957121384232327,"Hurlbert PIE"
22,"BiodiversityR","EHURE",0.95712138,"Hurlbert PIE"
22,"mobr","EHURE",0.957121384232327,"Hurlbert PIE"
22,"vegan","EHURE",0.957121384232227,"Hurlbert PIE"
22,"custom","ELR",0.174750388729269,"Ludwig-Reynolds"
22,"abdiv","EMC",0.270731079388396,"McIntosh evenness"
22,"tabula","EMC",0.879687799200228,"McIntosh evenness"
22,"microbiome","EMN",0.239234449760766,"McNaughton"
22,"custom","ENHC",-0.0345993370855716,"NHC"
22,"custom","EPAT",0.224257077427403,"Patten"
22,"abdiv","EPIE",0.832527147325707,"Pielou"
22,"adiv","EPIE",0.832527147325707,"Pielou"
22,"BiodiversityR","EPIE",0.83252715,"Pielou"
22,"breakaway","EPIE",0.832527147325707,"Pielou"
22,"chemodiv","EPIE",0.832527147325707,"Pielou"
22,"diverse","EPIE",0.828117096750754,"Pielou"
22,"forestmangr","EPIE",1,"Pielou"
22,"microbiome","EPIE",0.832527147325707,"Pielou"
22,"OTUtable","EPIE",0.832527147325707,"Pielou"
22,"pctax","EPIE",0.8325,"Pielou"
22,"sprex","EPIE",0.832527147325707,"Pielou"
22,"tabula","EPIE",0.832527147325707,"Pielou"
22,"custom","ESHE",0.469800797339596,"Sheldon"
22,"adiv","ESP",0.2432899082671,"Simpson evenness"
22,"codyn","ESP",0.396155649320206,"Simpson evenness"
22,"sprex","ESP",0.041268274691731,"Simpson evenness"
22,"tabula","ESP",0.2432899082671,"Simpson evenness"
22,"abdiv","EST",0.468321152531679,"Strong"
22,"adiv","QHIL_0",91,"Hill q=0"
22,"adiv","QHIL_1",42.7518725579033,"Hill q=1"
22,"adiv","QHIL_2",22.1393816523061,"Hill q=2"
22,"adiv","QHIL_3",15.3625094152666,"Hill q=3"
22,"BAT","QHIL_0",91,"Hill q=0"
22,"BAT","QHIL_1",42.7518725579033,"Hill q=1"
22,"BAT","QHIL_2",22.1393816523061,"Hill q=2"
22,"BAT","QHIL_3",15.3625094152666,"Hill q=3"
22,"benthos","QHIL_0",225,"Hill q=0"
22,"benthos","QHIL_1",42.7518725579033,"Hill q=1"
22,"benthos","QHIL_2",22.1393816523061,"Hill q=2"
22,"benthos","QHIL_3",15.3625094152666,"Hill q=3"
22,"breakaway","QHIL_0",91,"Hill q=0"
22,"breakaway","QHIL_1",42.7518725579033,"Hill q=1"
22,"breakaway","QHIL_2",22.1393816523061,"Hill q=2"
22,"breakaway","QHIL_3",15.3625094152666,"Hill q=3"
22,"chemodiv","QHIL_0",91,"Hill q=0"
22,"chemodiv","QHIL_1",42.7518725579033,"Hill q=1"
22,"chemodiv","QHIL_2",22.1393816523061,"Hill q=2"
22,"chemodiv","QHIL_3",15.3625094152666,"Hill q=3"
22,"divDyn","QHIL_2",22.1393816523061,"Hill q=2"
22,"divent","QHIL_0",91,"Hill q=0"
22,"divent","QHIL_1",42.7518725579033,"Hill q=1"
22,"divent","QHIL_2",22.1393816523061,"Hill q=2"
22,"divent","QHIL_3",15.3625094152664,"Hill q=3"
22,"entropart","QHIL_0",91,"Hill q=0"
22,"entropart","QHIL_1",42.7518725579033,"Hill q=1"
22,"entropart","QHIL_2",22.1393816523061,"Hill q=2"
22,"entropart","QHIL_3",15.3625094152665,"Hill q=3"
22,"EntropyEstimation","QHIL_1",48.09376738344,"Hill q=1"
22,"EntropyEstimation","QHIL_2",23.3216483810537,"Hill q=2"
22,"EntropyEstimation","QHIL_3",15.9055828380345,"Hill q=3"
22,"hilldiv","QHIL_0",91,"Hill q=0"
22,"hilldiv","QHIL_1",42.752209476698,"Hill q=1"
22,"hilldiv","QHIL_2",22.1393816523061,"Hill q=2"
22,"hilldiv","QHIL_3",15.3625094152666,"Hill q=3"
22,"hillR","QHIL_0",91,"Hill q=0"
22,"hillR","QHIL_1",42.7518725579033,"Hill q=1"
22,"hillR","QHIL_2",22.1393816523061,"Hill q=2"
22,"hillR","QHIL_3",15.3625094152666,"Hill q=3"
22,"sprex","QHIL_0",91,"Hill q=0"
22,"sprex","QHIL_1",42.7518725579033,"Hill q=1"
22,"sprex","QHIL_2",22.1393816523061,"Hill q=2"
22,"sprex","QHIL_3",15.3625094152666,"Hill q=3"
22,"vegan","QHIL_0",91,"Hill q=0"
22,"vegan","QHIL_1",42.7518725579033,"Hill q=1"
22,"vegan","QHIL_2",22.1393816523061,"Hill q=2"
22,"vegan","QHIL_3",15.3625094152666,"Hill q=3"
22,"adiv","QREN_0",4.51085950651685,"Renyi q=0"
22,"adiv","QREN_1",3.75541299694752,"Renyi q=1"
22,"adiv","QREN_2",3.09735799790701,"Renyi q=2"
22,"adiv","QREN_3",2.7319300877653,"Renyi q=3"
22,"BiodiversityR","QREN_0",4.51085950651685,"Renyi q=0"
22,"BiodiversityR","QREN_1",3.75541299694752,"Renyi q=1"
22,"BiodiversityR","QREN_2",3.09735799790701,"Renyi q=2"
22,"BiodiversityR","QREN_3",2.7319300877653,"Renyi q=3"
22,"diverse","QREN_0",4.45434729625351,"Renyi q=0"
22,"diverse","QREN_1",3.68872115089303,"Renyi q=1"
22,"diverse","QREN_2",2.95851536877074,"Renyi q=2"
22,"diverse","QREN_3",2.57520892344255,"Renyi q=3"
22,"EntropyEstimation","QREN_1",3.87315259248813,"Renyi q=1"
22,"EntropyEstimation","QREN_2",3.1493820442781,"Renyi q=2"
22,"EntropyEstimation","QREN_3",2.76667016948628,"Renyi q=3"
22,"seewave","QREN_2",0.571879734866284,"Renyi q=2"
22,"seewave","QREN_3",0.504409064266884,"Renyi q=3"
22,"sprex","QREN_0",4.51085950651685,"Renyi q=0"
22,"sprex","QREN_1",3.75541299694752,"Renyi q=1"
22,"sprex","QREN_2",3.09735799790701,"Renyi q=2"
22,"sprex","QREN_3",2.7319300877653,"Renyi q=3"
22,"statcomp","QREN_1",0.69337950149872,"Renyi q=1"
22,"statcomp","QREN_2",0.571879723028462,"Renyi q=2"
22,"statcomp","QREN_3",0.504409055388518,"Renyi q=3"
22,"vegan","QREN_0",4.51085950651685,"Renyi q=0"
22,"vegan","QREN_1",3.75541299694752,"Renyi q=1"
22,"vegan","QREN_2",3.09735799790701,"Renyi q=2"
22,"vegan","QREN_3",2.7319300877653,"Renyi q=3"
22,"adiv","QTSA_0",90,"Tsallis q=0"
22,"adiv","QTSA_1",3.75541299694752,"Tsallis q=1"
22,"adiv","QTSA_2",0.954831620155216,"Tsallis q=2"
22,"adiv","QTSA_3",0.497881416038353,"Tsallis q=3"
22,"divent","QTSA_0",90,"Tsallis q=0"
22,"divent","QTSA_1",3.75541299694752,"Tsallis q=1"
22,"divent","QTSA_2",0.954831620155216,"Tsallis q=2"
22,"divent","QTSA_3",0.497881416038353,"Tsallis q=3"
22,"entropart","QTSA_0",90,"Tsallis q=0"
22,"entropart","QTSA_1",3.75541299694752,"Tsallis q=1"
22,"entropart","QTSA_2",0.954831620155216,"Tsallis q=2"
22,"entropart","QTSA_3",0.497881416038353,"Tsallis q=3"
22,"EntropyEstimation","QTSA_1",3.87315259248813,"Tsallis q=1"
22,"EntropyEstimation","QTSA_2",0.957121384232326,"Tsallis q=2"
22,"EntropyEstimation","QTSA_3",0.49802361827873,"Tsallis q=3"
22,"vegan","QTSA_0",90,"Tsallis q=0"
22,"vegan","QTSA_1",3.75541299694752,"Tsallis q=1"
22,"vegan","QTSA_2",0.954831620155216,"Tsallis q=2"
22,"vegan","QTSA_3",0.497881416038353,"Tsallis q=3"
22,"BAT","RACE",141.966707241886,"ACE"
22,"ecodive","RACE",141.966707241886,"ACE"
22,"fossil","RACE",108.688524590164,"ACE"
22,"pctax","RACE",141.9667,"ACE"
22,"sprex","RACE",418,"ACE"
22,"tabula","RACE",141.966707241886,"ACE"
22,"vegan","RACE",141.966707241886,"ACE"
22,"wiqid","RACE",141.966707241886,"ACE"
22,"BiodiversityR","RBOO",91,"Bootstrap estimator"
22,"wiqid","RBOO",225,"Bootstrap estimator"
22,"BAT","RC1",130,"Chao 1"
22,"BiodiversityR","RC1",91,"Chao 1"
22,"biosampleR","RC1",127.625,"Chao 1"
22,"iNEXT","RC1",133.149,"Chao 1"
22,"microbiome","RC1",130,"Chao 1"
22,"pctax","RC1",130,"Chao 1"
22,"rareNMtests","RC1",91,"Chao 1"
22,"SpadeR","RC1",91,"Chao 1"
22,"SSP","RC1",91,"Chao 1"
22,"vegan","RC1",130,"Chao 1"
22,"wiqid","RC1",133.25,"Chao 1"
22,"BAT","RC1M",153.877551020408,"Chao 1 modified"
22,"divent","RC1M",133.148923444976,"Chao 1 modified"
22,"ecodive","RC1M",133.25,"Chao 1 modified"
22,"entropart","RC1M",133.148923444976,"Chao 1 modified"
22,"fossil","RC1M",133.25,"Chao 1 modified"
22,"mobr","RC1M",133.148923444976,"Chao 1 modified"
22,"OTUtable","RC1M",133.25,"Chao 1 modified"
22,"tabula","RC1M",133.148923444976,"Chao 1 modified"
22,"wiqid","RC1M",133.25,"Chao 1 modified"
22,"BAT","RCA2",228.848411061895,"Chao 2"
22,"divDyn","RCA2",129.571428571429,"Chao 2"
22,"fossil","RCA2",133.25,"Chao 2"
22,"tabula","RCA2",91,"Chao 2"
22,"wiqid","RCA2",91,"Chao 2"
22,"benthos","RHUR_2",1.95712138423223,"Hurlbert D k=2"
22,"benthos","RHUR_3",2.8753169161395,"Hurlbert D k=3"
22,"divent","RHUR_2",23.3216484314546,"Hurlbert D k=2"
22,"divent","RHUR_3",23.7229188959378,"Hurlbert D k=3"
22,"entropart","RHUR_2",1.95712138423224,"Hurlbert D k=2"
22,"entropart","RHUR_3",2.8753169161395,"Hurlbert D k=3"
22,"mobsim","RHUR_2",1.95712138423223,"Hurlbert D k=2"
22,"mobsim","RHUR_3",2.8753169161395,"Hurlbert D k=3"
22,"tabula","RHUR_2",1.95712138424465,"Hurlbert D k=2"
22,"tabula","RHUR_3",2.87531691617961,"Hurlbert D k=3"
22,"vegan","RHUR_2",1.95712138423223,"Hurlbert D k=2"
22,"vegan","RHUR_3",2.8753169161395,"Hurlbert D k=3"
22,"BAT","RICE",221.338862753036,"ICE"
22,"fossil","RICE",108.688524590164,"ICE"
22,"tabula","RICE",91,"ICE"
22,"wiqid","RICE",91,"ICE"
22,"BAT","RJA1",130,"Jackknife 1"
22,"BiodiversityR","RJA1",91,"Jackknife 1"
22,"divent","RJA1",151,"Jackknife 1"
22,"entropart","RJA1",151,"Jackknife 1"
22,"fossil","RJA1",129.906698564593,"Jackknife 1"
22,"SSP","RJA1",91,"Jackknife 1"
22,"tabula","RJA1",3.73175061768518,"Jackknife 1"
22,"wiqid","RJA1",130,"Jackknife 1"
22,"BAT","RJA2",151,"Jackknife 2"
22,"BiodiversityR","RJA2",91,"Jackknife 2"
22,"fossil","RJA2",150.569274723762,"Jackknife 2"
22,"SSP","RJA2",91,"Jackknife 2"
22,"wiqid","RJA2",151,"Jackknife 2"
22,"asbio","RLMD",154.193616660918,NA
22,"sads","RLMD",0.878440493368282,NA
22,"vegan","RLMD",129.149592828783,NA
22,"wiqid","RMM",0,"Michaelis-Menten"
22,"divDyn","RSQ",161.125497298087,"Squares Richness Estimator"
22,"ecodive","RSQ",161.125497298087,"Squares Richness Estimator"
22,"tabula","RSQ",161.125497298087,"Squares Richness Estimator"
23,"custom","RICH",99,"Species richness"
23,"abdiv","D1SP",0.972352941176471,"Simpson's reciprocal"
23,"ade4","D1SP",0.972352941176471,"Simpson's reciprocal"
23,"adiv","D1SP",0.972352941176471,"Simpson's reciprocal"
23,"agricolae","D1SP",0.972352941176471,"Simpson's reciprocal"
23,"asbio","D1SP",0.972352941176471,"Simpson's reciprocal"
23,"BiodiversityR","D1SP",0.97235294,"Simpson's reciprocal"
23,"biosampleR","D1SP",0.964607755785585,"Simpson's reciprocal"
23,"breakaway","D1SP",0.972352941176471,"Simpson's reciprocal"
23,"catsim","D1SP",0.635377777777778,"Simpson's reciprocal"
23,"concstats","D1SP",0.995659138655462,"Simpson's reciprocal"
23,"CUB","D1SP",0.976693802521008,"Simpson's reciprocal"
23,"DescTools","D1SP",0.972352941176471,"Simpson's reciprocal"
23,"divent","D1SP",0.972352941176471,"Simpson's reciprocal"
23,"diverse","D1SP",0.964607755785585,"Simpson's reciprocal"
23,"ecodive","D1SP",0.972352941176471,"Simpson's reciprocal"
23,"entropart","D1SP",0.972352941176471,"Simpson's reciprocal"
23,"lawstat","D1SP",0.794275210084034,"Simpson's reciprocal"
23,"MCPAN","D1SP",0.972352941176471,"Simpson's reciprocal"
23,"microbiome","D1SP",0.972352941176471,"Simpson's reciprocal"
23,"PCRA","D1SP",0.972352941176471,"Simpson's reciprocal"
23,"RoughSets","D1SP",0.972352941176471,"Simpson's reciprocal"
23,"simboot","D1SP",0.972352941176471,"Simpson's reciprocal"
23,"sprex","D1SP",0.972352941176471,"Simpson's reciprocal"
23,"untb","D1SP",0.975221238938053,"Simpson's reciprocal"
23,"vegan","D1SP",0.972352941176471,"Simpson's reciprocal"
23,"abdiv","DBRI",3.68046470986988,"Brillouin"
23,"ecodive","DBRI",3.68046470986988,"Brillouin"
23,"tabula","DBRI",3.68046470986988,"Brillouin"
23,"wiqid","DBRI",39.6648224247901,"Brillouin"
23,"BiodiversityR","DFIS",46.92764229,"Fisher's alpha"
23,"ecodive","DFIS",46.928,"Fisher's alpha"
23,"microbiome","DFIS",46.9276422867511,"Fisher's alpha"
23,"preseqR","DFIS",9.49693521159992,"Fisher's alpha"
23,"sads","DFIS",46.9276434133441,"Fisher's alpha"
23,"vegan","DFIS",46.9276422867511,"Fisher's alpha"
23,"custom","DGLE",16.9842037470558,"Gleason"
23,"custom","DGOO_1_1",4.06257504046825,"Good m1 n1"
23,"custom","DGOO_1_2",0.300157875105765,"Good m1 n2"
23,"custom","DGOO_1_3",1,"Good m1 n3"
23,"custom","DGOO_2_1",0.0887174217728679,"Good m2 n1"
23,"custom","DGOO_2_2",1.07770982493456,"Good m2 n2"
23,"custom","DGOO_2_3",1,"Good m2 n3"
23,"custom","DGOO_3_1",0.00391875890144456,"Good m3 n1"
23,"custom","DGOO_3_2",0.0346555572214538,"Good m3 n2"
23,"custom","DGOO_3_3",1,"Good m3 n3"
23,"abdiv","DINVSP",36.1702127659574,"Simpson inverse"
23,"adiv","DINVSP",36.1702127659574,"Simpson inverse"
23,"asbio","DINVSP",36.1702127659574,"Simpson inverse"
23,"BiodiversityR","DINVSP",36.17021277,"Simpson inverse"
23,"breakaway","DINVSP",36.1702127659574,"Simpson inverse"
23,"chemodiv","DINVSP",36.1702127659574,"Simpson inverse"
23,"codyn","DINVSP",5.70801033591731,"Simpson inverse"
23,"divseg","DINVSP",1.02764705882353,"Simpson inverse"
23,"ecodive","DINVSP",36.1702127659574,"Simpson inverse"
23,"microbiome","DINVSP",36.1702127659574,"Simpson inverse"
23,"sprex","DINVSP",36.1702127659574,"Simpson inverse"
23,"vegan","DINVSP",36.1702127659574,"Simpson inverse"
23,"wiqid","DINVSP",36.1702127659574,"Simpson inverse"
23,"custom","DKO",0.0917431192660551,"Kothe"
23,"abdiv","DMC",0.881533837377063,"McIntosh"
23,"adiv","DMC",0.881533837377063,"McIntosh"
23,"agricolae","DMC",0.881533837377063,"McIntosh"
23,"ecodive","DMC",0.881533837377063,"McIntosh"
23,"forestHES","DMC",0.881533837377063,"McIntosh"
23,"tabula","DMC",0.881533837377063,"McIntosh"
23,"abdiv","DMG",16.8126461334492,"Margalef"
23,"adiv","DMG",16.8126461334492,"Margalef"
23,"agricolae","DMG",38.4289054478839,"Margalef"
23,"ecodive","DMG",16.8126461334492,"Margalef"
23,"tabula","DMG",16.8126461334492,"Margalef"
23,"abdiv","DMN",5.36902883101174,"Menhinick"
23,"adiv","DMN",5.36902883101174,"Menhinick"
23,"ecodive","DMN",5.36902883101174,"Menhinick"
23,"tabula","DMN",5.36902883101174,"Menhinick"
23,"custom","DOD",291.176470588235,"Odum"
23,"abdiv","DQ",0,"Q-statistic"
23,"ade4","DRAO",0.972352941176471,"Rao"
23,"BAT","DRAO",0.972352941176453,"Rao"
23,"SYNCSA","DRAO",0.97235294117647,"Rao"
23,"abdiv","DSHA",4.06257504046825,"Shannon"
23,"adiv","DSHA",4.06257504046825,"Shannon"
23,"aqp","DSHA",5.86105686412282,"Shannon"
23,"asbio","DSHA",4.06257504046825,"Shannon"
23,"benthos","DSHA",0,"Shannon"
23,"BiodiversityR","DSHA",4.06257504,"Shannon"
23,"biosampleR","DSHA",3.81405950494229,"Shannon"
23,"chemodiv","DSHA",4.06257504046825,"Shannon"
23,"codyn","DSHA",4.06257504046825,"Shannon"
23,"DescTools","DSHA",5.86105686412282,"Shannon"
23,"divDyn","DSHA",4.06257504046825,"Shannon"
23,"divent","DSHA",4.06257504046825,"Shannon"
23,"diverse","DSHA",3.81405950494229,"Shannon"
23,"ecodive","DSHA",4.06257504046825,"Shannon"
23,"EconGeo","DSHA",5.861,"Shannon"
23,"entropart","DSHA",4.06257504046825,"Shannon"
23,"forestmangr","DSHA",3.56,"Shannon"
23,"HardyWeinberg","DSHA",4.06257504046825,"Shannon"
23,"iNEXT","DSHA",4.063,"Shannon"
23,"MCPAN","DSHA",4.06257504046825,"Shannon"
23,"microbiome","DSHA",4.06257504046825,"Shannon"
23,"OTUtable","DSHA",4.06257504046825,"Shannon"
23,"pgirmess","DSHA",5.86105686412282,"Shannon"
23,"SpiecEasi","DSHA",4.06257504046825,"Shannon"
23,"sprex","DSHA",4.06257504046825,"Shannon"
23,"tabula","DSHA",4.06257504046825,"Shannon"
23,"triversity","DSHA",5.86105686412282,"Shannon"
23,"vegan","DSHA",4.06257504046825,"Shannon"
23,"wavethresh","DSHA",-16747.1524738774,"Shannon"
23,"wiqid","DSHA",58.1237896501943,"Shannon"
23,"abdiv","DSP",0.0276470588235294,"Simpson"
23,"agricolae","DSP",0.0276470588235294,"Simpson"
23,"antitrust","DSP",276.470588235294,"Simpson"
23,"benthos","DSP",0.0247787610619469,"Simpson"
23,"breakaway","DSP",0.0276470588235294,"Simpson"
23,"concstats","DSP",0.0276470588235294,"Simpson"
23,"DescTools","DSP",0.0276470588235294,"Simpson"
23,"diverse","DSP",0.0333043486391219,"Simpson"
23,"divseg","DSP",1.02764705882353,"Simpson"
23,"EconGeo","DSP",0.0276470588235294,"Simpson"
23,"hhi","DSP",0.175192394748755,"Simpson"
23,"ineq","DSP",0.0276470588235294,"Simpson"
23,"microbiome","DSP",0.0276470588235294,"Simpson"
23,"PDtoolkit","DSP",0.0276470588235294,"Simpson"
23,"politics","DSP",0.0276470588235294,"Simpson"
23,"REAT","DSP",0.0276470588235294,"Simpson"
23,"sprex","DSP",0.0276470588235294,"Simpson"
23,"tabula","DSP",0.0276470588235294,"Simpson"
23,"triversity","DSP",0.0276470588235294,"Simpson"
23,"abdiv","EBP",0.0764705882352941,"Berger-Parker"
23,"agricolae","EBP",0.0764705882352941,"Berger-Parker"
23,"BiodiversityR","EBP",0.07647059,"Berger-Parker"
23,"diverse","EBP",0.0842332613390929,"Berger-Parker"
23,"dyvDyn","EBP",0.0764705882352941,"Berger-Parker"
23,"ecodive","EBP",0.0764705882352941,"Berger-Parker"
23,"microbiome","EBP",0.0764705882352941,"Berger-Parker"
23,"tabula","EBP",0.0764705882352941,"Berger-Parker"
23,"triversity","EBP",0.0764705882352941,"Berger-Parker"
23,"wiqid","EBP",1,"Berger-Parker"
23,"tabula","EBRI",0.888319359832826,"Brillouin evenness"
23,"BAT","EBU",0.581542617046819,"Bulla"
23,"microbiome","EBU",0.581542617046819,"Bulla"
23,"BAT","ECAM",0.989297537196697,"Camargo"
23,"microbiome","ECAM",0.63784907902555,"Camargo"
23,"codyn","EEQ",0.237239203525349,"NHC EQ"
23,"custom","EEQ",0.00056147266162797,"NHC EQ"
23,"adiv","EEVAR",0.588498230512254,"NHC EVAR"
23,"codyn","EEVAR",0.604452583698222,"NHC EVAR"
23,"custom","EEVAR",0.588498230512254,"NHC EVAR"
23,"microbiome","EEVAR",0.588498230512254,"NHC EVAR"
23,"acid","EGIN",0.790745098039216,"Gini coefficient"
23,"DescTools","EGIN",0.790745098039216,"Gini coefficient"
23,"dplR","EGIN",0.790745098039216,"Gini coefficient"
23,"EconGeo","EGIN",0.791,"Gini coefficient"
23,"giniVarCI","EGIN",0.790745098039216,"Gini coefficient"
23,"ineq","EGIN",0.790745098039216,"Gini coefficient"
23,"microbiome","EGIN",0.790745098039213,"Gini coefficient"
23,"REAT","EGIN",0.790745098039216,"Gini coefficient"
23,"shipunov","EGIN",0.790745098039213,"Gini coefficient"
23,"wINEQ","EGIN",0.790745098039216,"Gini coefficient"
23,"abdiv","EHEI",0.582895812757084,"Heip"
23,"adiv","EHEI",0.582895812757084,"Heip"
23,"custom","EHUL",0.144117647058824,"Hulburt"
23,"benthos","EHURE",0.975221238938053,"Hurlbert PIE"
23,"BiodiversityR","EHURE",0.97522124,"Hurlbert PIE"
23,"mobr","EHURE",0.975221238938053,"Hurlbert PIE"
23,"vegan","EHURE",0.975221238937991,"Hurlbert PIE"
23,"custom","ELR",0.218189257706938,"Ludwig-Reynolds"
23,"abdiv","EMC",0.233412952707054,"McIntosh evenness"
23,"tabula","EMC",0.92688099796595,"McIntosh evenness"
23,"microbiome","EMN",0.144117647058824,"McNaughton"
23,"custom","ENHC",-0.0278000551247675,"NHC"
23,"custom","EPAT",0.010276549603925,"Patten"
23,"abdiv","EPIE",0.884106437473934,"Pielou"
23,"adiv","EPIE",0.884106437473934,"Pielou"
23,"BiodiversityR","EPIE",0.88410644,"Pielou"
23,"breakaway","EPIE",0.884106437473934,"Pielou"
23,"chemodiv","EPIE",0.884106437473934,"Pielou"
23,"diverse","EPIE",0.847604628722521,"Pielou"
23,"forestmangr","EPIE",1,"Pielou"
23,"microbiome","EPIE",0.884106437473934,"Pielou"
23,"OTUtable","EPIE",0.884106437473934,"Pielou"
23,"pctax","EPIE",0.8841,"Pielou"
23,"sprex","EPIE",0.884106437473934,"Pielou"
23,"tabula","EPIE",0.884106437473934,"Pielou"
23,"custom","ESHE",0.587108986365599,"Sheldon"
23,"adiv","ESP",0.365355684504621,"Simpson evenness"
23,"codyn","ESP",0.380534022394487,"Simpson evenness"
23,"sprex","ESP",0.0410361115198813,"Simpson evenness"
23,"tabula","ESP",0.365355684504621,"Simpson evenness"
23,"abdiv","EST",0.414230540701129,"Strong"
23,"adiv","QHIL_0",99,"Hill q=0"
23,"adiv","QHIL_1",58.1237896501943,"Hill q=1"
23,"adiv","QHIL_2",36.1702127659574,"Hill q=2"
23,"adiv","QHIL_3",27.0167800303632,"Hill q=3"
23,"BAT","QHIL_0",99,"Hill q=0"
23,"BAT","QHIL_1",58.1237896501943,"Hill q=1"
23,"BAT","QHIL_2",36.1702127659574,"Hill q=2"
23,"BAT","QHIL_3",27.0167800303632,"Hill q=3"
23,"benthos","QHIL_0",225,"Hill q=0"
23,"benthos","QHIL_1",58.1237896501943,"Hill q=1"
23,"benthos","QHIL_2",36.1702127659574,"Hill q=2"
23,"benthos","QHIL_3",27.0167800303632,"Hill q=3"
23,"breakaway","QHIL_0",99,"Hill q=0"
23,"breakaway","QHIL_1",58.1237896501943,"Hill q=1"
23,"breakaway","QHIL_2",36.1702127659574,"Hill q=2"
23,"breakaway","QHIL_3",27.0167800303632,"Hill q=3"
23,"chemodiv","QHIL_0",99,"Hill q=0"
23,"chemodiv","QHIL_1",58.1237896501943,"Hill q=1"
23,"chemodiv","QHIL_2",36.1702127659574,"Hill q=2"
23,"chemodiv","QHIL_3",27.0167800303632,"Hill q=3"
23,"divDyn","QHIL_2",36.1702127659574,"Hill q=2"
23,"divent","QHIL_0",99,"Hill q=0"
23,"divent","QHIL_1",58.1237896501943,"Hill q=1"
23,"divent","QHIL_2",36.1702127659574,"Hill q=2"
23,"divent","QHIL_3",27.0167800303624,"Hill q=3"
23,"entropart","QHIL_0",99,"Hill q=0"
23,"entropart","QHIL_1",58.1237896501943,"Hill q=1"
23,"entropart","QHIL_2",36.1702127659574,"Hill q=2"
23,"entropart","QHIL_3",27.016780030363,"Hill q=3"
23,"EntropyEstimation","QHIL_1",68.0888623743194,"Hill q=1"
23,"EntropyEstimation","QHIL_2",40.3571428571424,"Hill q=2"
23,"EntropyEstimation","QHIL_3",29.4429365952732,"Hill q=3"
23,"hilldiv","QHIL_0",99,"Hill q=0"
23,"hilldiv","QHIL_1",58.124108843684,"Hill q=1"
23,"hilldiv","QHIL_2",36.1702127659574,"Hill q=2"
23,"hilldiv","QHIL_3",27.0167800303632,"Hill q=3"
23,"hillR","QHIL_0",99,"Hill q=0"
23,"hillR","QHIL_1",58.1237896501943,"Hill q=1"
23,"hillR","QHIL_2",36.1702127659574,"Hill q=2"
23,"hillR","QHIL_3",27.0167800303632,"Hill q=3"
23,"sprex","QHIL_0",99,"Hill q=0"
23,"sprex","QHIL_1",58.1237896501943,"Hill q=1"
23,"sprex","QHIL_2",36.1702127659574,"Hill q=2"
23,"sprex","QHIL_3",27.0167800303632,"Hill q=3"
23,"vegan","QHIL_0",99,"Hill q=0"
23,"vegan","QHIL_1",58.1237896501943,"Hill q=1"
23,"vegan","QHIL_2",36.1702127659574,"Hill q=2"
23,"vegan","QHIL_3",27.0167800303632,"Hill q=3"
23,"adiv","QREN_0",4.59511985013459,"Renyi q=0"
23,"adiv","QREN_1",4.06257504046825,"Renyi q=1"
23,"adiv","QREN_2",3.58823592833425,"Renyi q=2"
23,"adiv","QREN_3",3.29645815557004,"Renyi q=3"
23,"BiodiversityR","QREN_0",4.59511985013459,"Renyi q=0"
23,"BiodiversityR","QREN_1",4.06257504046825,"Renyi q=1"
23,"BiodiversityR","QREN_2",3.58823592833425,"Renyi q=2"
23,"BiodiversityR","QREN_3",3.29645815557004,"Renyi q=3"
23,"diverse","QREN_0",4.49980967033027,"Renyi q=0"
23,"diverse","QREN_1",3.81405950494229,"Renyi q=1"
23,"diverse","QREN_2",3.34126257283439,"Renyi q=2"
23,"diverse","QREN_3",3.09815600466513,"Renyi q=3"
23,"EntropyEstimation","QREN_1",4.22081365167898,"Renyi q=1"
23,"EntropyEstimation","QREN_2",3.69776840153117,"Renyi q=2"
23,"EntropyEstimation","QREN_3",3.38245403736687,"Renyi q=3"
23,"seewave","QREN_2",0.662512829524253,"Renyi q=2"
23,"seewave","QREN_3",0.608640528491047,"Renyi q=3"
23,"sprex","QREN_0",4.59511985013459,"Renyi q=0"
23,"sprex","QREN_1",4.06257504046825,"Renyi q=1"
23,"sprex","QREN_2",3.58823592833425,"Renyi q=2"
23,"sprex","QREN_3",3.29645815557004,"Renyi q=3"
23,"statcomp","QREN_1",0.750092269119445,"Renyi q=1"
23,"statcomp","QREN_2",0.662512815839565,"Renyi q=2"
23,"statcomp","QREN_3",0.608640518227531,"Renyi q=3"
23,"vegan","QREN_0",4.59511985013459,"Renyi q=0"
23,"vegan","QREN_1",4.06257504046825,"Renyi q=1"
23,"vegan","QREN_2",3.58823592833425,"Renyi q=2"
23,"vegan","QREN_3",3.29645815557004,"Renyi q=3"
23,"adiv","QTSA_0",98,"Tsallis q=0"
23,"adiv","QTSA_1",4.06257504046825,"Tsallis q=1"
23,"adiv","QTSA_2",0.972352941176471,"Tsallis q=2"
23,"adiv","QTSA_3",0.499314980663546,"Tsallis q=3"
23,"divent","QTSA_0",98,"Tsallis q=0"
23,"divent","QTSA_1",4.06257504046825,"Tsallis q=1"
23,"divent","QTSA_2",0.972352941176471,"Tsallis q=2"
23,"divent","QTSA_3",0.499314980663546,"Tsallis q=3"
23,"entropart","QTSA_0",98,"Tsallis q=0"
23,"entropart","QTSA_1",4.06257504046825,"Tsallis q=1"
23,"entropart","QTSA_2",0.972352941176471,"Tsallis q=2"
23,"entropart","QTSA_3",0.499314980663546,"Tsallis q=3"
23,"EntropyEstimation","QTSA_1",4.22081365167898,"Tsallis q=1"
23,"EntropyEstimation","QTSA_2",0.975221238938053,"Tsallis q=2"
23,"EntropyEstimation","QTSA_3",0.49942322323494,"Tsallis q=3"
23,"vegan","QTSA_0",98,"Tsallis q=0"
23,"vegan","QTSA_1",4.06257504046825,"Tsallis q=1"
23,"vegan","QTSA_2",0.972352941176471,"Tsallis q=2"
23,"vegan","QTSA_3",0.499314980663546,"Tsallis q=3"
23,"BAT","RACE",155.213269474574,"ACE"
23,"ecodive","RACE",155.213269474574,"ACE"
23,"fossil","RACE",121,"ACE"
23,"pctax","RACE",155.2133,"ACE"
23,"sprex","RACE",340,"ACE"
23,"tabula","RACE",155.213269474574,"ACE"
23,"vegan","RACE",155.213269474574,"ACE"
23,"wiqid","RACE",155.213269474574,"ACE"
23,"BiodiversityR","RBOO",99,"Bootstrap estimator"
23,"wiqid","RBOO",225,"Bootstrap estimator"
23,"BAT","RC1",140.130434782609,"Chao 1"
23,"BiodiversityR","RC1",99,"Chao 1"
23,"biosampleR","RC1",141.230769230769,"Chao 1"
23,"iNEXT","RC1",142.871,"Chao 1"
23,"microbiome","RC1",140.130434782609,"Chao 1"
23,"pctax","RC1",140.1304,"Chao 1"
23,"rareNMtests","RC1",99,"Chao 1"
23,"SpadeR","RC1",99,"Chao 1"
23,"SSP","RC1",99,"Chao 1"
23,"vegan","RC1",140.130434782609,"Chao 1"
23,"wiqid","RC1",143,"Chao 1"
23,"BAT","RC1M",167.810520665593,"Chao 1 modified"
23,"divent","RC1M",142.870588235294,"Chao 1 modified"
23,"ecodive","RC1M",143,"Chao 1 modified"
23,"entropart","RC1M",142.870588235294,"Chao 1 modified"
23,"fossil","RC1M",143,"Chao 1 modified"
23,"mobr","RC1M",142.870588235294,"Chao 1 modified"
23,"OTUtable","RC1M",143,"Chao 1 modified"
23,"tabula","RC1M",142.870588235294,"Chao 1 modified"
23,"wiqid","RC1M",143,"Chao 1 modified"
23,"BAT","RCA2",230.117746353096,"Chao 2"
23,"divDyn","RCA2",139.714975845411,"Chao 2"
23,"fossil","RCA2",143,"Chao 2"
23,"tabula","RCA2",99,"Chao 2"
23,"wiqid","RCA2",99,"Chao 2"
23,"benthos","RHUR_2",1.97522123893799,"Hurlbert D k=2"
23,"benthos","RHUR_3",2.92681727034394,"Hurlbert D k=3"
23,"divent","RHUR_2",40.357143470429,"Hurlbert D k=2"
23,"divent","RHUR_3",40.6571923753445,"Hurlbert D k=3"
23,"entropart","RHUR_2",1.97522123893799,"Hurlbert D k=2"
23,"entropart","RHUR_3",2.92681727034395,"Hurlbert D k=3"
23,"mobsim","RHUR_2",1.97522123893799,"Hurlbert D k=2"
23,"mobsim","RHUR_3",2.92681727034394,"Hurlbert D k=3"
23,"tabula","RHUR_2",1.97522123895834,"Hurlbert D k=2"
23,"tabula","RHUR_3",2.92681727038829,"Hurlbert D k=3"
23,"vegan","RHUR_2",1.97522123893799,"Hurlbert D k=2"
23,"vegan","RHUR_3",2.92681727034394,"Hurlbert D k=3"
23,"BAT","RICE",222.291641098779,"ICE"
23,"fossil","RICE",121,"ICE"
23,"tabula","RICE",99,"ICE"
23,"wiqid","RICE",99,"ICE"
23,"BAT","RJA1",143,"Jackknife 1"
23,"BiodiversityR","RJA1",99,"Jackknife 1"
23,"divent","RJA1",165,"Jackknife 1"
23,"entropart","RJA1",165,"Jackknife 1"
23,"fossil","RJA1",142.870588235294,"Jackknife 1"
23,"SSP","RJA1",99,"Jackknife 1"
23,"tabula","RJA1",4.04522650371653,"Jackknife 1"
23,"wiqid","RJA1",143,"Jackknife 1"
23,"BAT","RJA2",165,"Jackknife 2"
23,"BiodiversityR","RJA2",99,"Jackknife 2"
23,"fossil","RJA2",164.417456186014,"Jackknife 2"
23,"SSP","RJA2",99,"Jackknife 2"
23,"wiqid","RJA2",165,"Jackknife 2"
23,"asbio","RLMD",168.132557108075,NA
23,"sads","RLMD",0.763439457676506,NA
23,"vegan","RLMD",131.198975028959,NA
23,"wiqid","RMM",0,"Michaelis-Menten"
23,"divDyn","RSQ",154.620581784186,"Squares Richness Estimator"
23,"ecodive","RSQ",154.620581784186,"Squares Richness Estimator"
23,"tabula","RSQ",154.620581784186,"Squares Richness Estimator"
24,"custom","RICH",95,"Species richness"
24,"abdiv","D1SP",0.969426801332778,"Simpson's reciprocal"
24,"ade4","D1SP",0.969426801332778,"Simpson's reciprocal"
24,"adiv","D1SP",0.969426801332778,"Simpson's reciprocal"
24,"agricolae","D1SP",0.969426801332778,"Simpson's reciprocal"
24,"asbio","D1SP",0.969426801332778,"Simpson's reciprocal"
24,"BiodiversityR","D1SP",0.9694268,"Simpson's reciprocal"
24,"biosampleR","D1SP",0.960265927977839,"Simpson's reciprocal"
24,"breakaway","D1SP",0.969426801332778,"Simpson's reciprocal"
24,"catsim","D1SP",0.628108641975309,"Simpson's reciprocal"
24,"concstats","D1SP",0.995672201779764,"Simpson's reciprocal"
24,"CUB","D1SP",0.973754599553014,"Simpson's reciprocal"
24,"DescTools","D1SP",0.969426801332778,"Simpson's reciprocal"
24,"divent","D1SP",0.969426801332778,"Simpson's reciprocal"
24,"diverse","D1SP",0.960265927977839,"Simpson's reciprocal"
24,"ecodive","D1SP",0.969426801332778,"Simpson's reciprocal"
24,"entropart","D1SP",0.969426801332778,"Simpson's reciprocal"
24,"lawstat","D1SP",0.813206086005831,"Simpson's reciprocal"
24,"MCPAN","D1SP",0.969426801332778,"Simpson's reciprocal"
24,"microbiome","D1SP",0.969426801332778,"Simpson's reciprocal"
24,"PCRA","D1SP",0.969426801332778,"Simpson's reciprocal"
24,"RoughSets","D1SP",0.969426801332778,"Simpson's reciprocal"
24,"simboot","D1SP",0.969426801332778,"Simpson's reciprocal"
24,"sprex","D1SP",0.969426801332778,"Simpson's reciprocal"
24,"untb","D1SP",0.971906153765854,"Simpson's reciprocal"
24,"vegan","D1SP",0.969426801332778,"Simpson's reciprocal"
24,"abdiv","DBRI",3.64712497588262,"Brillouin"
24,"ecodive","DBRI",3.64712497588262,"Brillouin"
24,"tabula","DBRI",3.64712497588262,"Brillouin"
24,"wiqid","DBRI",38.3642093152039,"Brillouin"
24,"BiodiversityR","DFIS",39.87658462,"Fisher's alpha"
24,"ecodive","DFIS",39.877,"Fisher's alpha"
24,"microbiome","DFIS",39.8765846215039,"Fisher's alpha"
24,"preseqR","DFIS",9.03510571649548,"Fisher's alpha"
24,"sads","DFIS",39.8765813943735,"Fisher's alpha"
24,"vegan","DFIS",39.8765846215039,"Fisher's alpha"
24,"custom","DGLE",15.9095351282291,"Gleason"
24,"custom","DGOO_1_1",3.9794271267543,"Good m1 n1"
24,"custom","DGOO_1_2",0.310710899994558,"Good m1 n2"
24,"custom","DGOO_1_3",1,"Good m1 n3"
24,"custom","DGOO_2_1",0.0945796780286788,"Good m2 n1"
24,"custom","DGOO_2_2",1.08940578017971,"Good m2 n2"
24,"custom","DGOO_2_3",1,"Good m2 n3"
24,"custom","DGOO_3_1",0.00468798965082593,"Good m3 n1"
24,"custom","DGOO_3_2",0.0380245410766115,"Good m3 n2"
24,"custom","DGOO_3_3",1,"Good m3 n3"
24,"abdiv","DINVSP",32.708386547467,"Simpson inverse"
24,"adiv","DINVSP",32.708386547467,"Simpson inverse"
24,"asbio","DINVSP",32.708386547467,"Simpson inverse"
24,"BiodiversityR","DINVSP",32.70838655,"Simpson inverse"
24,"breakaway","DINVSP",32.708386547467,"Simpson inverse"
24,"chemodiv","DINVSP",32.708386547467,"Simpson inverse"
24,"codyn","DINVSP",7.01369863013699,"Simpson inverse"
24,"divseg","DINVSP",1.03057319866722,"Simpson inverse"
24,"ecodive","DINVSP",32.708386547467,"Simpson inverse"
24,"microbiome","DINVSP",32.708386547467,"Simpson inverse"
24,"sprex","DINVSP",32.708386547467,"Simpson inverse"
24,"vegan","DINVSP",32.708386547467,"Simpson inverse"
24,"wiqid","DINVSP",32.708386547467,"Simpson inverse"
24,"custom","DKO",0.128440366972477,"Kothe"
24,"abdiv","DMC",0.869041279434063,"McIntosh"
24,"adiv","DMC",0.869041279434063,"McIntosh"
24,"agricolae","DMC",0.869041279434063,"McIntosh"
24,"ecodive","DMC",0.869041279434063,"McIntosh"
24,"forestHES","DMC",0.869041279434063,"McIntosh"
24,"tabula","DMC",0.869041279434063,"McIntosh"
24,"abdiv","DMG",15.7420663374056,"Margalef"
24,"adiv","DMG",15.7420663374056,"Margalef"
24,"agricolae","DMG",37.5130091444559,"Margalef"
24,"ecodive","DMG",15.7420663374056,"Margalef"
24,"tabula","DMG",15.7420663374056,"Margalef"
24,"abdiv","DMN",4.798224586623,"Menhinick"
24,"adiv","DMN",4.798224586623,"Menhinick"
24,"ecodive","DMN",4.798224586623,"Menhinick"
24,"tabula","DMN",4.798224586623,"Menhinick"
24,"custom","DOD",242.34693877551,"Odum"
24,"abdiv","DQ",0,"Q-statistic"
24,"ade4","DRAO",0.969426801332777,"Rao"
24,"BAT","DRAO",0.969426801332731,"Rao"
24,"SYNCSA","DRAO",0.969426801332777,"Rao"
24,"abdiv","DSHA",3.9794271267543,"Shannon"
24,"adiv","DSHA",3.9794271267543,"Shannon"
24,"aqp","DSHA",5.74109978134745,"Shannon"
24,"asbio","DSHA",3.9794271267543,"Shannon"
24,"benthos","DSHA",0,"Shannon"
24,"BiodiversityR","DSHA",3.97942713,"Shannon"
24,"biosampleR","DSHA",3.8515981793755,"Shannon"
24,"chemodiv","DSHA",3.9794271267543,"Shannon"
24,"codyn","DSHA",3.9794271267543,"Shannon"
24,"DescTools","DSHA",5.74109978134745,"Shannon"
24,"divDyn","DSHA",3.9794271267543,"Shannon"
24,"divent","DSHA",3.9794271267543,"Shannon"
24,"diverse","DSHA",3.8515981793755,"Shannon"
24,"ecodive","DSHA",3.9794271267543,"Shannon"
24,"EconGeo","DSHA",5.741,"Shannon"
24,"entropart","DSHA",3.9794271267543,"Shannon"
24,"forestmangr","DSHA",3.56,"Shannon"
24,"HardyWeinberg","DSHA",3.9794271267543,"Shannon"
24,"iNEXT","DSHA",3.979,"Shannon"
24,"MCPAN","DSHA",3.9794271267543,"Shannon"
24,"microbiome","DSHA",3.9794271267543,"Shannon"
24,"OTUtable","DSHA",3.9794271267543,"Shannon"
24,"pgirmess","DSHA",5.74109978134745,"Shannon"
24,"SpiecEasi","DSHA",3.9794271267543,"Shannon"
24,"sprex","DSHA",3.9794271267543,"Shannon"
24,"tabula","DSHA",3.9794271267543,"Shannon"
24,"triversity","DSHA",5.74109978134745,"Shannon"
24,"vegan","DSHA",3.9794271267543,"Shannon"
24,"wavethresh","DSHA",-27038.9929574734,"Shannon"
24,"wiqid","DSHA",53.4863845304271,"Shannon"
24,"abdiv","DSP",0.030573198667222,"Simpson"
24,"agricolae","DSP",0.030573198667222,"Simpson"
24,"antitrust","DSP",305.73198667222,"Simpson"
24,"benthos","DSP",0.0280938462341458,"Simpson"
24,"breakaway","DSP",0.030573198667222,"Simpson"
24,"concstats","DSP",0.030573198667222,"Simpson"
24,"DescTools","DSP",0.030573198667222,"Simpson"
24,"diverse","DSP",0.0377081945369754,"Simpson"
24,"divseg","DSP",1.03057319866722,"Simpson"
24,"EconGeo","DSP",0.030573198667222,"Simpson"
24,"hhi","DSP",0.142578125,"Simpson"
24,"ineq","DSP",0.030573198667222,"Simpson"
24,"microbiome","DSP",0.030573198667222,"Simpson"
24,"PDtoolkit","DSP",0.030573198667222,"Simpson"
24,"politics","DSP",0.030573198667222,"Simpson"
24,"REAT","DSP",0.030573198667222,"Simpson"
24,"sprex","DSP",0.030573198667222,"Simpson"
24,"tabula","DSP",0.030573198667222,"Simpson"
24,"triversity","DSP",0.030573198667222,"Simpson"
24,"abdiv","EBP",0.0969387755102041,"Berger-Parker"
24,"agricolae","EBP",0.0969387755102041,"Berger-Parker"
24,"BiodiversityR","EBP",0.09693878,"Berger-Parker"
24,"diverse","EBP",0.128421052631579,"Berger-Parker"
24,"dyvDyn","EBP",0.0969387755102041,"Berger-Parker"
24,"ecodive","EBP",0.0969387755102041,"Berger-Parker"
24,"microbiome","EBP",0.0969387755102041,"Berger-Parker"
24,"tabula","EBP",0.0969387755102041,"Berger-Parker"
24,"triversity","EBP",0.0969387755102041,"Berger-Parker"
24,"wiqid","EBP",1,"Berger-Parker"
24,"tabula","EBRI",0.876341365155553,"Brillouin evenness"
24,"BAT","EBU",0.576937689969605,"Bulla"
24,"microbiome","EBU",0.576937689969605,"Bulla"
24,"BAT","ECAM",0.988318440478095,"Camargo"
24,"microbiome","ECAM",0.680665950590763,"Camargo"
24,"codyn","EEQ",0.21265362475088,"NHC EQ"
24,"custom","EEQ",0.00067068749584489,"NHC EQ"
24,"adiv","EEVAR",0.54455092818871,"NHC EVAR"
24,"codyn","EEVAR",0.537366883735226,"NHC EVAR"
24,"custom","EEVAR",0.54455092818871,"NHC EVAR"
24,"microbiome","EEVAR",0.54455092818871,"NHC EVAR"
24,"acid","EGIN",0.809591836734694,"Gini coefficient"
24,"DescTools","EGIN",0.809591836734694,"Gini coefficient"
24,"dplR","EGIN",0.809591836734694,"Gini coefficient"
24,"EconGeo","EGIN",0.81,"Gini coefficient"
24,"giniVarCI","EGIN",0.809591836734694,"Gini coefficient"
24,"ineq","EGIN",0.809591836734694,"Gini coefficient"
24,"microbiome","EGIN",0.809591836734693,"Gini coefficient"
24,"REAT","EGIN",0.809591836734694,"Gini coefficient"
24,"shipunov","EGIN",0.809591836734693,"Gini coefficient"
24,"wINEQ","EGIN",0.809591836734694,"Gini coefficient"
24,"abdiv","EHEI",0.558365792876884,"Heip"
24,"adiv","EHEI",0.558365792876884,"Heip"
24,"custom","EHUL",0.158163265306122,"Hulburt"
24,"benthos","EHURE",0.971906153765854,"Hurlbert PIE"
24,"BiodiversityR","EHURE",0.97190615,"Hurlbert PIE"
24,"mobr","EHURE",0.971906153765854,"Hurlbert PIE"
24,"vegan","EHURE",0.971906153765731,"Hurlbert PIE"
24,"custom","ELR",0.209324906929089,"Ludwig-Reynolds"
24,"abdiv","EMC",0.229884934638994,"McIntosh evenness"
24,"tabula","EMC",0.919485264044052,"McIntosh evenness"
24,"microbiome","EMN",0.158163265306122,"McNaughton"
24,"custom","ENHC",-0.0318684379836115,"NHC"
24,"custom","EPAT",0.0682004853220132,"Patten"
24,"abdiv","EPIE",0.873854788234221,"Pielou"
24,"adiv","EPIE",0.873854788234221,"Pielou"
24,"BiodiversityR","EPIE",0.87385479,"Pielou"
24,"breakaway","EPIE",0.873854788234221,"Pielou"
24,"chemodiv","EPIE",0.873854788234221,"Pielou"
24,"diverse","EPIE",0.841932571800537,"Pielou"
24,"forestmangr","EPIE",1,"Pielou"
24,"microbiome","EPIE",0.873854788234221,"Pielou"
24,"OTUtable","EPIE",0.873854788234221,"Pielou"
24,"pctax","EPIE",0.8739,"Pielou"
24,"sprex","EPIE",0.873854788234221,"Pielou"
24,"tabula","EPIE",0.873854788234221,"Pielou"
24,"custom","ESHE",0.563014574004496,"Sheldon"
24,"adiv","ESP",0.344298805762811,"Simpson evenness"
24,"codyn","ESP",0.438356164383562,"Simpson evenness"
24,"sprex","ESP",0.0418887065974137,"Simpson evenness"
24,"tabula","ESP",0.344298805762811,"Simpson evenness"
24,"abdiv","EST",0.418609022556391,"Strong"
24,"adiv","QHIL_0",95,"Hill q=0"
24,"adiv","QHIL_1",53.4863845304271,"Hill q=1"
24,"adiv","QHIL_2",32.708386547467,"Hill q=2"
24,"adiv","QHIL_3",24.0056118751445,"Hill q=3"
24,"BAT","QHIL_0",95,"Hill q=0"
24,"BAT","QHIL_1",53.4863845304271,"Hill q=1"
24,"BAT","QHIL_2",32.708386547467,"Hill q=2"
24,"BAT","QHIL_3",24.0056118751445,"Hill q=3"
24,"benthos","QHIL_0",225,"Hill q=0"
24,"benthos","QHIL_1",53.4863845304271,"Hill q=1"
24,"benthos","QHIL_2",32.708386547467,"Hill q=2"
24,"benthos","QHIL_3",24.0056118751445,"Hill q=3"
24,"breakaway","QHIL_0",95,"Hill q=0"
24,"breakaway","QHIL_1",53.4863845304271,"Hill q=1"
24,"breakaway","QHIL_2",32.708386547467,"Hill q=2"
24,"breakaway","QHIL_3",24.0056118751445,"Hill q=3"
24,"chemodiv","QHIL_0",95,"Hill q=0"
24,"chemodiv","QHIL_1",53.4863845304271,"Hill q=1"
24,"chemodiv","QHIL_2",32.708386547467,"Hill q=2"
24,"chemodiv","QHIL_3",24.0056118751445,"Hill q=3"
24,"divDyn","QHIL_2",32.708386547467,"Hill q=2"
24,"divent","QHIL_0",95,"Hill q=0"
24,"divent","QHIL_1",53.4863845304271,"Hill q=1"
24,"divent","QHIL_2",32.7083865474669,"Hill q=2"
24,"divent","QHIL_3",24.0056118751435,"Hill q=3"
24,"entropart","QHIL_0",95,"Hill q=0"
24,"entropart","QHIL_1",53.4863845304271,"Hill q=1"
24,"entropart","QHIL_2",32.7083865474669,"Hill q=2"
24,"entropart","QHIL_3",24.0056118751438,"Hill q=3"
24,"EntropyEstimation","QHIL_1",60.957446315295,"Hill q=1"
24,"EntropyEstimation","QHIL_2",35.5949837436126,"Hill q=2"
24,"EntropyEstimation","QHIL_3",25.5990260782875,"Hill q=3"
24,"hilldiv","QHIL_0",95,"Hill q=0"
24,"hilldiv","QHIL_1",53.4866923274521,"Hill q=1"
24,"hilldiv","QHIL_2",32.708386547467,"Hill q=2"
24,"hilldiv","QHIL_3",24.0056118751445,"Hill q=3"
24,"hillR","QHIL_0",95,"Hill q=0"
24,"hillR","QHIL_1",53.4863845304271,"Hill q=1"
24,"hillR","QHIL_2",32.708386547467,"Hill q=2"
24,"hillR","QHIL_3",24.0056118751445,"Hill q=3"
24,"sprex","QHIL_0",95,"Hill q=0"
24,"sprex","QHIL_1",53.4863845304271,"Hill q=1"
24,"sprex","QHIL_2",32.708386547467,"Hill q=2"
24,"sprex","QHIL_3",24.0056118751445,"Hill q=3"
24,"vegan","QHIL_0",95,"Hill q=0"
24,"vegan","QHIL_1",53.4863845304271,"Hill q=1"
24,"vegan","QHIL_2",32.708386547467,"Hill q=2"
24,"vegan","QHIL_3",24.0056118751445,"Hill q=3"
24,"adiv","QREN_0",4.55387689160054,"Renyi q=0"
24,"adiv","QREN_1",3.9794271267543,"Renyi q=1"
24,"adiv","QREN_2",3.48763151436207,"Renyi q=2"
24,"adiv","QREN_3",3.17828763114543,"Renyi q=3"
24,"BiodiversityR","QREN_0",4.55387689160054,"Renyi q=0"
24,"BiodiversityR","QREN_1",3.9794271267543,"Renyi q=1"
24,"BiodiversityR","QREN_2",3.48763151436207,"Renyi q=2"
24,"BiodiversityR","QREN_3",3.17828763114543,"Renyi q=3"
24,"diverse","QREN_0",4.57471097850338,"Renyi q=0"
24,"diverse","QREN_1",3.8515981793755,"Renyi q=1"
24,"diverse","QREN_2",3.22554622203005,"Renyi q=2"
24,"diverse","QREN_3",2.86483674199957,"Renyi q=3"
24,"EntropyEstimation","QREN_1",4.11017601934763,"Renyi q=1"
24,"EntropyEstimation","QREN_2",3.57220472185149,"Renyi q=2"
24,"EntropyEstimation","QREN_3",3.24255430694494,"Renyi q=3"
24,"seewave","QREN_2",0.643937763648009,"Renyi q=2"
24,"seewave","QREN_3",0.586822149677418,"Renyi q=3"
24,"sprex","QREN_0",4.55387689160054,"Renyi q=0"
24,"sprex","QREN_1",3.9794271267543,"Renyi q=1"
24,"sprex","QREN_2",3.48763151436207,"Renyi q=2"
24,"sprex","QREN_3",3.17828763114543,"Renyi q=3"
24,"statcomp","QREN_1",0.734740280134878,"Renyi q=1"
24,"statcomp","QREN_2",0.643937751401831,"Renyi q=2"
24,"statcomp","QREN_3",0.586822140492784,"Renyi q=3"
24,"vegan","QREN_0",4.55387689160054,"Renyi q=0"
24,"vegan","QREN_1",3.9794271267543,"Renyi q=1"
24,"vegan","QREN_2",3.48763151436207,"Renyi q=2"
24,"vegan","QREN_3",3.17828763114543,"Renyi q=3"
24,"adiv","QTSA_0",94,"Tsallis q=0"
24,"adiv","QTSA_1",3.9794271267543,"Tsallis q=1"
24,"adiv","QTSA_2",0.969426801332778,"Tsallis q=2"
24,"adiv","QTSA_3",0.499132350253721,"Tsallis q=3"
24,"divent","QTSA_0",94,"Tsallis q=0"
24,"divent","QTSA_1",3.9794271267543,"Tsallis q=1"
24,"divent","QTSA_2",0.969426801332778,"Tsallis q=2"
24,"divent","QTSA_3",0.499132350253721,"Tsallis q=3"
24,"entropart","QTSA_0",94,"Tsallis q=0"
24,"entropart","QTSA_1",3.9794271267543,"Tsallis q=1"
24,"entropart","QTSA_2",0.969426801332778,"Tsallis q=2"
24,"entropart","QTSA_3",0.499132350253721,"Tsallis q=3"
24,"EntropyEstimation","QTSA_1",4.11017601934763,"Tsallis q=1"
24,"EntropyEstimation","QTSA_2",0.971906153765853,"Tsallis q=2"
24,"EntropyEstimation","QTSA_3",0.499237002493304,"Tsallis q=3"
24,"vegan","QTSA_0",94,"Tsallis q=0"
24,"vegan","QTSA_1",3.9794271267543,"Tsallis q=1"
24,"vegan","QTSA_2",0.969426801332778,"Tsallis q=2"
24,"vegan","QTSA_3",0.499132350253721,"Tsallis q=3"
24,"BAT","RACE",133.817676568955,"ACE"
24,"ecodive","RACE",133.817676568955,"ACE"
24,"fossil","RACE",112.760869565217,"ACE"
24,"pctax","RACE",133.8177,"ACE"
24,"sprex","RACE",392,"ACE"
24,"tabula","RACE",133.817676568955,"ACE"
24,"vegan","RACE",133.817676568955,"ACE"
24,"wiqid","RACE",133.817676568955,"ACE"
24,"BiodiversityR","RBOO",95,"Bootstrap estimator"
24,"wiqid","RBOO",225,"Bootstrap estimator"
24,"BAT","RC1",136.352941176471,"Chao 1"
24,"BiodiversityR","RC1",95,"Chao 1"
24,"biosampleR","RC1",136.176470588235,"Chao 1"
24,"iNEXT","RC1",140.01,"Chao 1"
24,"microbiome","RC1",136.352941176471,"Chao 1"
24,"pctax","RC1",136.3529,"Chao 1"
24,"rareNMtests","RC1",95,"Chao 1"
24,"SpadeR","RC1",95,"Chao 1"
24,"SSP","RC1",95,"Chao 1"
24,"vegan","RC1",136.352941176471,"Chao 1"
24,"wiqid","RC1",140.125,"Chao 1"
24,"BAT","RC1M",158.169411764706,"Chao 1 modified"
24,"divent","RC1M",140.009885204082,"Chao 1 modified"
24,"ecodive","RC1M",140.125,"Chao 1 modified"
24,"entropart","RC1M",140.009885204082,"Chao 1 modified"
24,"fossil","RC1M",140.125,"Chao 1 modified"
24,"mobr","RC1M",140.009885204082,"Chao 1 modified"
24,"OTUtable","RC1M",140.125,"Chao 1 modified"
24,"tabula","RC1M",140.009885204082,"Chao 1 modified"
24,"wiqid","RC1M",140.125,"Chao 1 modified"
24,"BAT","RCA2",231.18365774978,"Chao 2"
24,"divDyn","RCA2",135.917647058824,"Chao 2"
24,"fossil","RCA2",140.125,"Chao 2"
24,"tabula","RCA2",95,"Chao 2"
24,"wiqid","RCA2",95,"Chao 2"
24,"benthos","RHUR_2",1.97190615376573,"Hurlbert D k=2"
24,"benthos","RHUR_3",2.91724445631096,"Hurlbert D k=3"
24,"divent","RHUR_2",35.5949888768456,"Hurlbert D k=2"
24,"divent","RHUR_3",35.9148921277486,"Hurlbert D k=3"
24,"entropart","RHUR_2",1.97190615376573,"Hurlbert D k=2"
24,"entropart","RHUR_3",2.91724445631095,"Hurlbert D k=3"
24,"mobsim","RHUR_2",1.97190615376573,"Hurlbert D k=2"
24,"mobsim","RHUR_3",2.91724445631096,"Hurlbert D k=3"
24,"tabula","RHUR_2",1.9719061537223,"Hurlbert D k=2"
24,"tabula","RHUR_3",2.9172444563045,"Hurlbert D k=3"
24,"vegan","RHUR_2",1.97190615376573,"Hurlbert D k=2"
24,"vegan","RHUR_3",2.91724445631096,"Hurlbert D k=3"
24,"BAT","RICE",223.84344727051,"ICE"
24,"fossil","RICE",112.760869565217,"ICE"
24,"tabula","RICE",95,"ICE"
24,"wiqid","RICE",95,"ICE"
24,"BAT","RJA1",133,"Jackknife 1"
24,"BiodiversityR","RJA1",95,"Jackknife 1"
24,"divent","RJA1",155,"Jackknife 1"
24,"entropart","RJA1",155,"Jackknife 1"
24,"fossil","RJA1",132.90306122449,"Jackknife 1"
24,"SSP","RJA1",95,"Jackknife 1"
24,"tabula","RJA1",3.96057362917925,"Jackknife 1"
24,"wiqid","RJA1",133,"Jackknife 1"
24,"BAT","RJA2",155,"Jackknife 2"
24,"BiodiversityR","RJA2",95,"Jackknife 2"
24,"fossil","RJA2",154.540711936949,"Jackknife 2"
24,"SSP","RJA2",95,"Jackknife 2"
24,"wiqid","RJA2",155,"Jackknife 2"
24,"asbio","RLMD",168.693170789916,NA
24,"sads","RLMD",0.89379857424205,NA
24,"vegan","RLMD",112.862770935684,NA
24,"wiqid","RMM",0,"Michaelis-Menten"
24,"divDyn","RSQ",140.209804470391,"Squares Richness Estimator"
24,"ecodive","RSQ",140.209804470391,"Squares Richness Estimator"
24,"tabula","RSQ",140.209804470391,"Squares Richness Estimator"
25,"custom","RICH",105,"Species richness"
25,"abdiv","D1SP",0.972615220818575,"Simpson's reciprocal"
25,"ade4","D1SP",0.972615220818575,"Simpson's reciprocal"
25,"adiv","D1SP",0.972615220818575,"Simpson's reciprocal"
25,"agricolae","D1SP",0.972615220818575,"Simpson's reciprocal"
25,"asbio","D1SP",0.972615220818575,"Simpson's reciprocal"
25,"BiodiversityR","D1SP",0.97261522,"Simpson's reciprocal"
25,"biosampleR","D1SP",0.963580661359392,"Simpson's reciprocal"
25,"breakaway","D1SP",0.972615220818575,"Simpson's reciprocal"
25,"catsim","D1SP",0.670577777777778,"Simpson's reciprocal"
25,"concstats","D1SP",0.995657967764203,"Simpson's reciprocal"
25,"CUB","D1SP",0.976957253054372,"Simpson's reciprocal"
25,"DescTools","D1SP",0.972615220818575,"Simpson's reciprocal"
25,"divent","D1SP",0.972615220818575,"Simpson's reciprocal"
25,"diverse","D1SP",0.963580661359392,"Simpson's reciprocal"
25,"ecodive","D1SP",0.972615220818575,"Simpson's reciprocal"
25,"entropart","D1SP",0.972615220818575,"Simpson's reciprocal"
25,"lawstat","D1SP",0.794743859082094,"Simpson's reciprocal"
25,"MCPAN","D1SP",0.972615220818575,"Simpson's reciprocal"
25,"microbiome","D1SP",0.972615220818575,"Simpson's reciprocal"
25,"PCRA","D1SP",0.972615220818575,"Simpson's reciprocal"
25,"RoughSets","D1SP",0.972615220818575,"Simpson's reciprocal"
25,"simboot","D1SP",0.972615220818575,"Simpson's reciprocal"
25,"sprex","D1SP",0.972615220818575,"Simpson's reciprocal"
25,"untb","D1SP",0.974820697509773,"Simpson's reciprocal"
25,"vegan","D1SP",0.972615220818575,"Simpson's reciprocal"
25,"abdiv","DBRI",3.74662691098846,"Brillouin"
25,"ecodive","DBRI",3.74662691098846,"Brillouin"
25,"tabula","DBRI",3.74662691098846,"Brillouin"
25,"wiqid","DBRI",42.3778962305433,"Brillouin"
25,"BiodiversityR","DFIS",43.53982501,"Fisher's alpha"
25,"ecodive","DFIS",43.54,"Fisher's alpha"
25,"microbiome","DFIS",43.5398250097871,"Fisher's alpha"
25,"preseqR","DFIS",9.97749997303488,"Fisher's alpha"
25,"sads","DFIS",43.539825047209,"Fisher's alpha"
25,"vegan","DFIS",43.5398250097871,"Fisher's alpha"
25,"custom","DGLE",17.2376717048888,"Gleason"
25,"custom","DGOO_1_1",4.07471810327544,"Good m1 n1"
25,"custom","DGOO_1_2",0.300035571390944,"Good m1 n2"
25,"custom","DGOO_1_3",1,"Good m1 n3"
25,"custom","DGOO_2_1",0.0884295920850966,"Good m2 n1"
25,"custom","DGOO_2_2",1.07711420744172,"Good m2 n2"
25,"custom","DGOO_2_3",1,"Good m2 n3"
25,"custom","DGOO_3_1",0.00381091343778439,"Good m3 n1"
25,"custom","DGOO_3_2",0.0344581084125875,"Good m3 n2"
25,"custom","DGOO_3_3",1,"Good m3 n3"
25,"abdiv","DINVSP",36.5166355140187,"Simpson inverse"
25,"adiv","DINVSP",36.5166355140187,"Simpson inverse"
25,"asbio","DINVSP",36.5166355140187,"Simpson inverse"
25,"BiodiversityR","DINVSP",36.51663551,"Simpson inverse"
25,"breakaway","DINVSP",36.5166355140187,"Simpson inverse"
25,"chemodiv","DINVSP",36.5166355140187,"Simpson inverse"
25,"codyn","DINVSP",7.68181818181818,"Simpson inverse"
25,"divseg","DINVSP",1.02738477918143,"Simpson inverse"
25,"ecodive","DINVSP",36.5166355140187,"Simpson inverse"
25,"microbiome","DINVSP",36.5166355140187,"Simpson inverse"
25,"sprex","DINVSP",36.5166355140187,"Simpson inverse"
25,"vegan","DINVSP",36.5166355140187,"Simpson inverse"
25,"wiqid","DINVSP",36.5166355140187,"Simpson inverse"
25,"custom","DKO",0.036697247706422,"Kothe"
25,"abdiv","DMC",0.876192768950037,"McIntosh"
25,"adiv","DMC",0.876192768950037,"McIntosh"
25,"agricolae","DMC",0.876192768950037,"McIntosh"
25,"ecodive","DMC",0.876192768950037,"McIntosh"
25,"forestHES","DMC",0.876192768950037,"McIntosh"
25,"tabula","DMC",0.876192768950037,"McIntosh"
25,"abdiv","DMG",17.0735034029374,"Margalef"
25,"adiv","DMG",17.0735034029374,"Margalef"
25,"agricolae","DMG",36.773699637096,"Margalef"
25,"ecodive","DMG",17.0735034029374,"Margalef"
25,"tabula","DMG",17.0735034029374,"Margalef"
25,"abdiv","DMN",4.99434068862219,"Menhinick"
25,"adiv","DMN",4.99434068862219,"Menhinick"
25,"ecodive","DMN",4.99434068862219,"Menhinick"
25,"tabula","DMN",4.99434068862219,"Menhinick"
25,"custom","DOD",237.556561085973,"Odum"
25,"abdiv","DQ",0,"Q-statistic"
25,"ade4","DRAO",0.972615220818574,"Rao"
25,"BAT","DRAO",0.972615220818526,"Rao"
25,"SYNCSA","DRAO",0.972615220818574,"Rao"
25,"abdiv","DSHA",4.07471810327544,"Shannon"
25,"adiv","DSHA",4.07471810327544,"Shannon"
25,"aqp","DSHA",5.87857560061595,"Shannon"
25,"asbio","DSHA",4.07471810327544,"Shannon"
25,"benthos","DSHA",0,"Shannon"
25,"BiodiversityR","DSHA",4.0747181,"Shannon"
25,"biosampleR","DSHA",3.72496715105979,"Shannon"
25,"chemodiv","DSHA",4.07471810327544,"Shannon"
25,"codyn","DSHA",4.07471810327544,"Shannon"
25,"DescTools","DSHA",5.87857560061595,"Shannon"
25,"divDyn","DSHA",4.07471810327544,"Shannon"
25,"divent","DSHA",4.07471810327544,"Shannon"
25,"diverse","DSHA",3.72496715105979,"Shannon"
25,"ecodive","DSHA",4.07471810327543,"Shannon"
25,"EconGeo","DSHA",5.879,"Shannon"
25,"entropart","DSHA",4.07471810327544,"Shannon"
25,"forestmangr","DSHA",3.56,"Shannon"
25,"HardyWeinberg","DSHA",4.07471810327544,"Shannon"
25,"iNEXT","DSHA",4.075,"Shannon"
25,"MCPAN","DSHA",4.07471810327544,"Shannon"
25,"microbiome","DSHA",4.07471810327544,"Shannon"
25,"OTUtable","DSHA",4.07471810327544,"Shannon"
25,"pgirmess","DSHA",5.87857560061595,"Shannon"
25,"SpiecEasi","DSHA",4.07471810327544,"Shannon"
25,"sprex","DSHA",4.07471810327544,"Shannon"
25,"tabula","DSHA",4.07471810327544,"Shannon"
25,"triversity","DSHA",5.87857560061595,"Shannon"
25,"vegan","DSHA",4.07471810327544,"Shannon"
25,"wavethresh","DSHA",-30625.0980820058,"Shannon"
25,"wiqid","DSHA",58.8338931687099,"Shannon"
25,"abdiv","DSP",0.0273847791814254,"Simpson"
25,"agricolae","DSP",0.0273847791814254,"Simpson"
25,"antitrust","DSP",273.847791814254,"Simpson"
25,"benthos","DSP",0.0251793024902269,"Simpson"
25,"breakaway","DSP",0.0273847791814254,"Simpson"
25,"concstats","DSP",0.0273847791814254,"Simpson"
25,"DescTools","DSP",0.0273847791814254,"Simpson"
25,"diverse","DSP",0.0341250989707047,"Simpson"
25,"divseg","DSP",1.02738477918143,"Simpson"
25,"EconGeo","DSP",0.0273847791814254,"Simpson"
25,"hhi","DSP",0.130177514792899,"Simpson"
25,"ineq","DSP",0.0273847791814254,"Simpson"
25,"microbiome","DSP",0.0273847791814254,"Simpson"
25,"PDtoolkit","DSP",0.0273847791814254,"Simpson"
25,"politics","DSP",0.0273847791814254,"Simpson"
25,"REAT","DSP",0.0273847791814254,"Simpson"
25,"sprex","DSP",0.0273847791814254,"Simpson"
25,"tabula","DSP",0.0273847791814254,"Simpson"
25,"triversity","DSP",0.0273847791814254,"Simpson"
25,"abdiv","EBP",0.0791855203619909,"Berger-Parker"
25,"agricolae","EBP",0.0791855203619909,"Berger-Parker"
25,"BiodiversityR","EBP",0.07918552,"Berger-Parker"
25,"diverse","EBP",0.0783847980997625,"Berger-Parker"
25,"dyvDyn","EBP",0.0791855203619909,"Berger-Parker"
25,"ecodive","EBP",0.0791855203619909,"Berger-Parker"
25,"microbiome","EBP",0.0791855203619909,"Berger-Parker"
25,"tabula","EBP",0.0791855203619909,"Berger-Parker"
25,"triversity","EBP",0.0791855203619909,"Berger-Parker"
25,"wiqid","EBP",1,"Berger-Parker"
25,"tabula","EBRI",0.878416676778882,"Brillouin evenness"
25,"BAT","EBU",0.569309084580578,"Bulla"
25,"microbiome","EBU",0.569309084580578,"Bulla"
25,"BAT","ECAM",0.989373145707987,"Camargo"
25,"microbiome","ECAM",0.598836457659987,"Camargo"
25,"codyn","EEQ",0.209268952621235,"NHC EQ"
25,"custom","EEQ",0.00055065414121295,"NHC EQ"
25,"adiv","EEVAR",0.54289146042874,"NHC EVAR"
25,"codyn","EEVAR",0.513742984973204,"NHC EVAR"
25,"custom","EEVAR",0.54289146042874,"NHC EVAR"
25,"microbiome","EEVAR",0.54289146042874,"NHC EVAR"
25,"acid","EGIN",0.791211664152841,"Gini coefficient"
25,"DescTools","EGIN",0.79121166415284,"Gini coefficient"
25,"dplR","EGIN",0.791211664152841,"Gini coefficient"
25,"EconGeo","EGIN",0.791,"Gini coefficient"
25,"giniVarCI","EGIN",0.79121166415284,"Gini coefficient"
25,"ineq","EGIN",0.79121166415284,"Gini coefficient"
25,"microbiome","EGIN",0.79121166415284,"Gini coefficient"
25,"REAT","EGIN",0.791211664152841,"Gini coefficient"
25,"shipunov","EGIN",0.79121166415284,"Gini coefficient"
25,"wINEQ","EGIN",0.791211664152841,"Gini coefficient"
25,"abdiv","EHEI",0.556095126622211,"Heip"
25,"adiv","EHEI",0.556095126622211,"Heip"
25,"custom","EHUL",0.138009049773756,"Hulburt"
25,"benthos","EHURE",0.974820697509773,"Hurlbert PIE"
25,"BiodiversityR","EHURE",0.9748207,"Hurlbert PIE"
25,"mobr","EHURE",0.974820697509773,"Hurlbert PIE"
25,"vegan","EHURE",0.974820697509874,"Hurlbert PIE"
25,"custom","ELR",0.208113266738898,"Ludwig-Reynolds"
25,"abdiv","EMC",0.216303030687064,"McIntosh evenness"
25,"tabula","EMC",0.924764282005089,"McIntosh evenness"
25,"microbiome","EMN",0.138009049773756,"McNaughton"
25,"custom","ENHC",-0.0289173987686637,"NHC"
25,"custom","EPAT",0.00181723946556222,"Patten"
25,"abdiv","EPIE",0.875537777870737,"Pielou"
25,"adiv","EPIE",0.875537777870737,"Pielou"
25,"BiodiversityR","EPIE",0.87553778,"Pielou"
25,"breakaway","EPIE",0.875537777870737,"Pielou"
25,"chemodiv","EPIE",0.875537777870737,"Pielou"
25,"diverse","EPIE",0.857535453204116,"Pielou"
25,"forestmangr","EPIE",1,"Pielou"
25,"microbiome","EPIE",0.875537777870737,"Pielou"
25,"OTUtable","EPIE",0.875537777870737,"Pielou"
25,"pctax","EPIE",0.8755,"Pielou"
25,"sprex","EPIE",0.875537777870737,"Pielou"
25,"tabula","EPIE",0.875537777870737,"Pielou"
25,"custom","ESHE",0.560322792082952,"Sheldon"
25,"adiv","ESP",0.347777481085892,"Simpson evenness"
25,"codyn","ESP",0.426767676767677,"Simpson evenness"
25,"sprex","ESP",0.0388068390788137,"Simpson evenness"
25,"tabula","ESP",0.347777481085892,"Simpson evenness"
25,"abdiv","EST",0.426589097177333,"Strong"
25,"adiv","QHIL_0",105,"Hill q=0"
25,"adiv","QHIL_1",58.8338931687099,"Hill q=1"
25,"adiv","QHIL_2",36.5166355140187,"Hill q=2"
25,"adiv","QHIL_3",27.5687756303813,"Hill q=3"
25,"BAT","QHIL_0",105,"Hill q=0"
25,"BAT","QHIL_1",58.8338931687099,"Hill q=1"
25,"BAT","QHIL_2",36.5166355140187,"Hill q=2"
25,"BAT","QHIL_3",27.5687756303813,"Hill q=3"
25,"benthos","QHIL_0",225,"Hill q=0"
25,"benthos","QHIL_1",58.8338931687099,"Hill q=1"
25,"benthos","QHIL_2",36.5166355140187,"Hill q=2"
25,"benthos","QHIL_3",27.5687756303813,"Hill q=3"
25,"breakaway","QHIL_0",105,"Hill q=0"
25,"breakaway","QHIL_1",58.8338931687099,"Hill q=1"
25,"breakaway","QHIL_2",36.5166355140187,"Hill q=2"
25,"breakaway","QHIL_3",27.5687756303813,"Hill q=3"
25,"chemodiv","QHIL_0",105,"Hill q=0"
25,"chemodiv","QHIL_1",58.8338931687099,"Hill q=1"
25,"chemodiv","QHIL_2",36.5166355140187,"Hill q=2"
25,"chemodiv","QHIL_3",27.5687756303813,"Hill q=3"
25,"divDyn","QHIL_2",36.5166355140187,"Hill q=2"
25,"divent","QHIL_0",105,"Hill q=0"
25,"divent","QHIL_1",58.8338931687099,"Hill q=1"
25,"divent","QHIL_2",36.5166355140187,"Hill q=2"
25,"divent","QHIL_3",27.5687756303795,"Hill q=3"
25,"entropart","QHIL_0",105,"Hill q=0"
25,"entropart","QHIL_1",58.8338931687099,"Hill q=1"
25,"entropart","QHIL_2",36.5166355140187,"Hill q=2"
25,"entropart","QHIL_3",27.5687756303806,"Hill q=3"
25,"EntropyEstimation","QHIL_1",66.877379848562,"Hill q=1"
25,"EntropyEstimation","QHIL_2",39.7151589242046,"Hill q=2"
25,"EntropyEstimation","QHIL_3",29.5157157189524,"Hill q=3"
25,"hilldiv","QHIL_0",105,"Hill q=0"
25,"hilldiv","QHIL_1",58.8342307042953,"Hill q=1"
25,"hilldiv","QHIL_2",36.5166355140187,"Hill q=2"
25,"hilldiv","QHIL_3",27.5687756303813,"Hill q=3"
25,"hillR","QHIL_0",105,"Hill q=0"
25,"hillR","QHIL_1",58.8338931687099,"Hill q=1"
25,"hillR","QHIL_2",36.5166355140187,"Hill q=2"
25,"hillR","QHIL_3",27.5687756303813,"Hill q=3"
25,"sprex","QHIL_0",105,"Hill q=0"
25,"sprex","QHIL_1",58.8338931687099,"Hill q=1"
25,"sprex","QHIL_2",36.5166355140187,"Hill q=2"
25,"sprex","QHIL_3",27.5687756303813,"Hill q=3"
25,"vegan","QHIL_0",105,"Hill q=0"
25,"vegan","QHIL_1",58.8338931687099,"Hill q=1"
25,"vegan","QHIL_2",36.5166355140187,"Hill q=2"
25,"vegan","QHIL_3",27.5687756303813,"Hill q=3"
25,"adiv","QREN_0",4.65396035015752,"Renyi q=0"
25,"adiv","QREN_1",4.07471810327544,"Renyi q=1"
25,"adiv","QREN_2",3.59776792426534,"Renyi q=2"
25,"adiv","QREN_3",3.31668381456032,"Renyi q=3"
25,"BiodiversityR","QREN_0",4.65396035015752,"Renyi q=0"
25,"BiodiversityR","QREN_1",4.07471810327544,"Renyi q=1"
25,"BiodiversityR","QREN_2",3.59776792426534,"Renyi q=2"
25,"BiodiversityR","QREN_3",3.31668381456032,"Renyi q=3"
25,"diverse","QREN_0",4.34380542185368,"Renyi q=0"
25,"diverse","QREN_1",3.72496715105979,"Renyi q=1"
25,"diverse","QREN_2",3.31265536408402,"Renyi q=2"
25,"diverse","QREN_3",3.1030136628161,"Renyi q=3"
25,"EntropyEstimation","QREN_1",4.20286079110354,"Renyi q=1"
25,"EntropyEstimation","QREN_2",3.68173295169372,"Renyi q=2"
25,"EntropyEstimation","QREN_3",3.38492285772788,"Renyi q=3"
25,"seewave","QREN_2",0.664272762945762,"Renyi q=2"
25,"seewave","QREN_3",0.612374883954214,"Renyi q=3"
25,"sprex","QREN_0",4.65396035015752,"Renyi q=0"
25,"sprex","QREN_1",4.07471810327544,"Renyi q=1"
25,"sprex","QREN_2",3.59776792426534,"Renyi q=2"
25,"sprex","QREN_3",3.31668381456032,"Renyi q=3"
25,"statcomp","QREN_1",0.752334299714417,"Renyi q=1"
25,"statcomp","QREN_2",0.66427275292035,"Renyi q=2"
25,"statcomp","QREN_3",0.612374876435154,"Renyi q=3"
25,"vegan","QREN_0",4.65396035015752,"Renyi q=0"
25,"vegan","QREN_1",4.07471810327544,"Renyi q=1"
25,"vegan","QREN_2",3.59776792426534,"Renyi q=2"
25,"vegan","QREN_3",3.31668381456032,"Renyi q=3"
25,"adiv","QTSA_0",104,"Tsallis q=0"
25,"adiv","QTSA_1",4.07471810327544,"Tsallis q=1"
25,"adiv","QTSA_2",0.972615220818575,"Tsallis q=2"
25,"adiv","QTSA_3",0.499342137628046,"Tsallis q=3"
25,"divent","QTSA_0",104,"Tsallis q=0"
25,"divent","QTSA_1",4.07471810327544,"Tsallis q=1"
25,"divent","QTSA_2",0.972615220818575,"Tsallis q=2"
25,"divent","QTSA_3",0.499342137628046,"Tsallis q=3"
25,"entropart","QTSA_0",104,"Tsallis q=0"
25,"entropart","QTSA_1",4.07471810327544,"Tsallis q=1"
25,"entropart","QTSA_2",0.972615220818575,"Tsallis q=2"
25,"entropart","QTSA_3",0.499342137628046,"Tsallis q=3"
25,"EntropyEstimation","QTSA_1",4.20286079110354,"Tsallis q=1"
25,"EntropyEstimation","QTSA_2",0.974820697509773,"Tsallis q=2"
25,"EntropyEstimation","QTSA_3",0.499426064131946,"Tsallis q=3"
25,"vegan","QTSA_0",104,"Tsallis q=0"
25,"vegan","QTSA_1",4.07471810327544,"Tsallis q=1"
25,"vegan","QTSA_2",0.972615220818575,"Tsallis q=2"
25,"vegan","QTSA_3",0.499342137628046,"Tsallis q=3"
25,"BAT","RACE",148.773955773956,"ACE"
25,"ecodive","RACE",148.773955773956,"ACE"
25,"fossil","RACE",122.454545454545,"ACE"
25,"pctax","RACE",148.774,"ACE"
25,"sprex","RACE",442,"ACE"
25,"tabula","RACE",148.773955773956,"ACE"
25,"vegan","RACE",148.773955773956,"ACE"
25,"wiqid","RACE",148.773955773956,"ACE"
25,"BiodiversityR","RBOO",105,"Bootstrap estimator"
25,"wiqid","RBOO",225,"Bootstrap estimator"
25,"BAT","RC1",142.142857142857,"Chao 1"
25,"BiodiversityR","RC1",105,"Chao 1"
25,"biosampleR","RC1",100.214285714286,"Chao 1"
25,"iNEXT","RC1",144.91,"Chao 1"
25,"microbiome","RC1",142.142857142857,"Chao 1"
25,"pctax","RC1",142.1429,"Chao 1"
25,"rareNMtests","RC1",105,"Chao 1"
25,"SpadeR","RC1",105,"Chao 1"
25,"SSP","RC1",105,"Chao 1"
25,"vegan","RC1",142.142857142857,"Chao 1"
25,"wiqid","RC1",145,"Chao 1"
25,"BAT","RC1M",162.771298995789,"Chao 1 modified"
25,"divent","RC1M",144.909502262443,"Chao 1 modified"
25,"ecodive","RC1M",145,"Chao 1 modified"
25,"entropart","RC1M",144.909502262443,"Chao 1 modified"
25,"fossil","RC1M",145,"Chao 1 modified"
25,"mobr","RC1M",144.909502262443,"Chao 1 modified"
25,"OTUtable","RC1M",145,"Chao 1 modified"
25,"tabula","RC1M",144.909502262443,"Chao 1 modified"
25,"wiqid","RC1M",145,"Chao 1 modified"
25,"BAT","RCA2",232.148401495548,"Chao 2"
25,"divDyn","RCA2",141.789115646258,"Chao 2"
25,"fossil","RCA2",145,"Chao 2"
25,"tabula","RCA2",105,"Chao 2"
25,"wiqid","RCA2",105,"Chao 2"
25,"benthos","RHUR_2",1.97482069750987,"Hurlbert D k=2"
25,"benthos","RHUR_3",2.92560996426573,"Hurlbert D k=3"
25,"divent","RHUR_2",39.715159017835,"Hurlbert D k=2"
25,"divent","RHUR_3",39.9918474603325,"Hurlbert D k=3"
25,"entropart","RHUR_2",1.97482069750987,"Hurlbert D k=2"
25,"entropart","RHUR_3",2.92560996426573,"Hurlbert D k=3"
25,"mobsim","RHUR_2",1.97482069750987,"Hurlbert D k=2"
25,"mobsim","RHUR_3",2.92560996426573,"Hurlbert D k=3"
25,"tabula","RHUR_2",1.97482069746788,"Hurlbert D k=2"
25,"tabula","RHUR_3",2.9256099641958,"Hurlbert D k=3"
25,"vegan","RHUR_2",1.97482069750987,"Hurlbert D k=2"
25,"vegan","RHUR_3",2.92560996426573,"Hurlbert D k=3"
25,"BAT","RICE",224.608535220041,"ICE"
25,"fossil","RICE",122.454545454545,"ICE"
25,"tabula","RICE",105,"ICE"
25,"wiqid","RICE",105,"ICE"
25,"BAT","RJA1",145,"Jackknife 1"
25,"BiodiversityR","RJA1",105,"Jackknife 1"
25,"divent","RJA1",165,"Jackknife 1"
25,"entropart","RJA1",165,"Jackknife 1"
25,"fossil","RJA1",144.909502262443,"Jackknife 1"
25,"SSP","RJA1",105,"Jackknife 1"
25,"tabula","RJA1",4.05761684675026,"Jackknife 1"
25,"wiqid","RJA1",145,"Jackknife 1"
25,"BAT","RJA2",165,"Jackknife 2"
25,"BiodiversityR","RJA2",105,"Jackknife 2"
25,"fossil","RJA2",164.592657575851,"Jackknife 2"
25,"SSP","RJA2",105,"Jackknife 2"
25,"wiqid","RJA2",165,"Jackknife 2"
25,"asbio","RLMD",186.916894144844,NA
25,"sads","RLMD",0.908263399086133,NA
25,"vegan","RLMD",125.046508139248,NA
25,"wiqid","RMM",0,"Michaelis-Menten"
25,"divDyn","RSQ",149.7783055387,"Squares Richness Estimator"
25,"ecodive","RSQ",149.7783055387,"Squares Richness Estimator"
25,"tabula","RSQ",149.7783055387,"Squares Richness Estimator"
26,"custom","RICH",91,"Species richness"
26,"abdiv","D1SP",0.970956661374352,"Simpson's reciprocal"
26,"ade4","D1SP",0.970956661374352,"Simpson's reciprocal"
26,"adiv","D1SP",0.970956661374352,"Simpson's reciprocal"
26,"agricolae","D1SP",0.970956661374352,"Simpson's reciprocal"
26,"asbio","D1SP",0.970956661374352,"Simpson's reciprocal"
26,"BiodiversityR","D1SP",0.97095666,"Simpson's reciprocal"
26,"biosampleR","D1SP",0.956526692013043,"Simpson's reciprocal"
26,"breakaway","D1SP",0.970956661374352,"Simpson's reciprocal"
26,"catsim","D1SP",0.611634567901234,"Simpson's reciprocal"
26,"concstats","D1SP",0.995665372047436,"Simpson's reciprocal"
26,"CUB","D1SP",0.975291289326916,"Simpson's reciprocal"
26,"DescTools","D1SP",0.970956661374352,"Simpson's reciprocal"
26,"divent","D1SP",0.970956661374352,"Simpson's reciprocal"
26,"diverse","D1SP",0.956526692013043,"Simpson's reciprocal"
26,"ecodive","D1SP",0.970956661374352,"Simpson's reciprocal"
26,"entropart","D1SP",0.970956661374352,"Simpson's reciprocal"
26,"lawstat","D1SP",0.824368199368199,"Simpson's reciprocal"
26,"MCPAN","D1SP",0.970956661374352,"Simpson's reciprocal"
26,"microbiome","D1SP",0.970956661374352,"Simpson's reciprocal"
26,"PCRA","D1SP",0.970956661374352,"Simpson's reciprocal"
26,"RoughSets","D1SP",0.970956661374352,"Simpson's reciprocal"
26,"simboot","D1SP",0.970956661374352,"Simpson's reciprocal"
26,"sprex","D1SP",0.970956661374352,"Simpson's reciprocal"
26,"untb","D1SP",0.973348180244732,"Simpson's reciprocal"
26,"vegan","D1SP",0.970956661374352,"Simpson's reciprocal"
26,"abdiv","DBRI",3.63572400507289,"Brillouin"
26,"ecodive","DBRI",3.63572400507289,"Brillouin"
26,"tabula","DBRI",3.63572400507289,"Brillouin"
26,"wiqid","DBRI",37.9293039670694,"Brillouin"
26,"BiodiversityR","DFIS",36.40222074,"Fisher's alpha"
26,"ecodive","DFIS",36.402,"Fisher's alpha"
26,"microbiome","DFIS",36.4022207401833,"Fisher's alpha"
26,"preseqR","DFIS",9.48219272106296,"Fisher's alpha"
26,"sads","DFIS",36.4022192216508,"Fisher's alpha"
26,"vegan","DFIS",36.4022207401833,"Fisher's alpha"
26,"custom","DGLE",15.1444215673843,"Gleason"
26,"custom","DGOO_1_1",3.94774880065939,"Good m1 n1"
26,"custom","DGOO_1_2",0.316255483565664,"Good m1 n2"
26,"custom","DGOO_1_3",1,"Good m1 n3"
26,"custom","DGOO_2_1",0.0939273629621772,"Good m2 n1"
26,"custom","DGOO_2_2",1.11602249932134,"Good m2 n2"
26,"custom","DGOO_2_3",1,"Good m2 n3"
26,"custom","DGOO_3_1",0.00396872431860787,"Good m3 n1"
26,"custom","DGOO_3_2",0.0369380458815756,"Good m3 n2"
26,"custom","DGOO_3_3",1,"Good m3 n3"
26,"abdiv","DINVSP",34.4313032633548,"Simpson inverse"
26,"adiv","DINVSP",34.4313032633548,"Simpson inverse"
26,"asbio","DINVSP",34.4313032633548,"Simpson inverse"
26,"BiodiversityR","DINVSP",34.43130326,"Simpson inverse"
26,"breakaway","DINVSP",34.4313032633548,"Simpson inverse"
26,"chemodiv","DINVSP",34.4313032633548,"Simpson inverse"
26,"codyn","DINVSP",11.1021897810219,"Simpson inverse"
26,"divseg","DINVSP",1.02904333862565,"Simpson inverse"
26,"ecodive","DINVSP",34.4313032633548,"Simpson inverse"
26,"microbiome","DINVSP",34.4313032633548,"Simpson inverse"
26,"sprex","DINVSP",34.4313032633548,"Simpson inverse"
26,"vegan","DINVSP",34.4313032633548,"Simpson inverse"
26,"wiqid","DINVSP",34.4313032633548,"Simpson inverse"
26,"custom","DKO",0.165137614678899,"Kothe"
26,"abdiv","DMC",0.872844218903632,"McIntosh"
26,"adiv","DMC",0.872844218903632,"McIntosh"
26,"agricolae","DMC",0.872844218903632,"McIntosh"
26,"ecodive","DMC",0.872844218903632,"McIntosh"
26,"forestHES","DMC",0.872844218903632,"McIntosh"
26,"tabula","DMC",0.872844218903632,"McIntosh"
26,"abdiv","DMG",14.9779993523581,"Margalef"
26,"adiv","DMG",14.9779993523581,"Margalef"
26,"agricolae","DMG",37.2785761658691,"Margalef"
26,"ecodive","DMG",14.9779993523581,"Margalef"
26,"tabula","DMG",14.9779993523581,"Margalef"
26,"abdiv","DMN",4.51070253357915,"Menhinick"
26,"adiv","DMN",4.51070253357915,"Menhinick"
26,"ecodive","DMN",4.51070253357915,"Menhinick"
26,"tabula","DMN",4.51070253357915,"Menhinick"
26,"custom","DOD",223.587223587224,"Odum"
26,"abdiv","DQ",0,"Q-statistic"
26,"ade4","DRAO",0.970956661374352,"Rao"
26,"BAT","DRAO",0.970956661374347,"Rao"
26,"SYNCSA","DRAO",0.970956661374352,"Rao"
26,"abdiv","DSHA",3.94774880065939,"Shannon"
26,"adiv","DSHA",3.94774880065939,"Shannon"
26,"aqp","DSHA",5.69539761738665,"Shannon"
26,"asbio","DSHA",3.94774880065939,"Shannon"
26,"benthos","DSHA",0,"Shannon"
26,"BiodiversityR","DSHA",3.9477488,"Shannon"
26,"biosampleR","DSHA",3.78487316846933,"Shannon"
26,"chemodiv","DSHA",3.94774880065939,"Shannon"
26,"codyn","DSHA",3.94774880065939,"Shannon"
26,"DescTools","DSHA",5.69539761738665,"Shannon"
26,"divDyn","DSHA",3.94774880065939,"Shannon"
26,"divent","DSHA",3.94774880065939,"Shannon"
26,"diverse","DSHA",3.78487316846933,"Shannon"
26,"ecodive","DSHA",3.94774880065939,"Shannon"
26,"EconGeo","DSHA",5.695,"Shannon"
26,"entropart","DSHA",3.94774880065939,"Shannon"
26,"forestmangr","DSHA",3.56,"Shannon"
26,"HardyWeinberg","DSHA",3.94774880065939,"Shannon"
26,"iNEXT","DSHA",3.948,"Shannon"
26,"MCPAN","DSHA",3.94774880065939,"Shannon"
26,"microbiome","DSHA",3.94774880065939,"Shannon"
26,"OTUtable","DSHA",3.94774880065939,"Shannon"
26,"pgirmess","DSHA",5.69539761738665,"Shannon"
26,"SpiecEasi","DSHA",3.94774880065939,"Shannon"
26,"sprex","DSHA",3.94774880065939,"Shannon"
26,"tabula","DSHA",3.94774880065939,"Shannon"
26,"triversity","DSHA",5.69539761738665,"Shannon"
26,"vegan","DSHA",3.94774880065939,"Shannon"
26,"wavethresh","DSHA",-26698.8529756853,"Shannon"
26,"wiqid","DSHA",51.8185814741431,"Shannon"
26,"abdiv","DSP",0.0290433386256482,"Simpson"
26,"agricolae","DSP",0.0290433386256482,"Simpson"
26,"antitrust","DSP",290.433386256482,"Simpson"
26,"benthos","DSP",0.026651819755268,"Simpson"
26,"breakaway","DSP",0.0290433386256482,"Simpson"
26,"concstats","DSP",0.0290433386256482,"Simpson"
26,"DescTools","DSP",0.0290433386256482,"Simpson"
26,"diverse","DSP",0.0413848217598539,"Simpson"
26,"divseg","DSP",1.02904333862565,"Simpson"
26,"EconGeo","DSP",0.0290433386256482,"Simpson"
26,"hhi","DSP",0.0900723208415516,"Simpson"
26,"ineq","DSP",0.0290433386256482,"Simpson"
26,"microbiome","DSP",0.0290433386256482,"Simpson"
26,"PDtoolkit","DSP",0.0290433386256482,"Simpson"
26,"politics","DSP",0.0290433386256482,"Simpson"
26,"REAT","DSP",0.0290433386256482,"Simpson"
26,"sprex","DSP",0.0290433386256482,"Simpson"
26,"tabula","DSP",0.0290433386256482,"Simpson"
26,"triversity","DSP",0.0290433386256482,"Simpson"
26,"abdiv","EBP",0.0761670761670762,"Berger-Parker"
26,"agricolae","EBP",0.0761670761670762,"Berger-Parker"
26,"BiodiversityR","EBP",0.07616708,"Berger-Parker"
26,"diverse","EBP",0.130718954248366,"Berger-Parker"
26,"dyvDyn","EBP",0.0761670761670762,"Berger-Parker"
26,"ecodive","EBP",0.0761670761670762,"Berger-Parker"
26,"microbiome","EBP",0.0761670761670762,"Berger-Parker"
26,"tabula","EBP",0.0761670761670762,"Berger-Parker"
26,"triversity","EBP",0.0761670761670762,"Berger-Parker"
26,"wiqid","EBP",1,"Berger-Parker"
26,"tabula","EBRI",0.878652158081883,"Brillouin evenness"
26,"BAT","EBU",0.562298662298662,"Bulla"
26,"microbiome","EBU",0.562298662298662,"Bulla"
26,"BAT","ECAM",0.987629187629188,"Camargo"
26,"microbiome","ECAM",0.738531738531738,"Camargo"
26,"codyn","EEQ",0.311701715426554,"NHC EQ"
26,"custom","EEQ",0.0007741466852567,"NHC EQ"
26,"adiv","EEVAR",0.513472307354989,"NHC EVAR"
26,"codyn","EEVAR",0.788900834295504,"NHC EVAR"
26,"custom","EEVAR",0.513472307354989,"NHC EVAR"
26,"microbiome","EEVAR",0.513472307354989,"NHC EVAR"
26,"acid","EGIN",0.820704340704341,"Gini coefficient"
26,"DescTools","EGIN",0.820704340704341,"Gini coefficient"
26,"dplR","EGIN",0.820704340704341,"Gini coefficient"
26,"EconGeo","EGIN",0.821,"Gini coefficient"
26,"giniVarCI","EGIN",0.820704340704341,"Gini coefficient"
26,"ineq","EGIN",0.820704340704341,"Gini coefficient"
26,"microbiome","EGIN",0.820704340704342,"Gini coefficient"
26,"REAT","EGIN",0.820704340704341,"Gini coefficient"
26,"shipunov","EGIN",0.820704340704342,"Gini coefficient"
26,"wINEQ","EGIN",0.820704340704341,"Gini coefficient"
26,"abdiv","EHEI",0.564650905268257,"Heip"
26,"adiv","EHEI",0.564650905268257,"Heip"
26,"custom","EHUL",0.135135135135135,"Hulburt"
26,"benthos","EHURE",0.973348180244732,"Hurlbert PIE"
26,"BiodiversityR","EHURE",0.97334818,"Hurlbert PIE"
26,"mobr","EHURE",0.973348180244732,"Hurlbert PIE"
26,"vegan","EHURE",0.973348180244991,"Hurlbert PIE"
26,"custom","ELR",0.211811008833385,"Ludwig-Reynolds"
26,"abdiv","EMC",0.218707673984795,"McIntosh evenness"
26,"tabula","EMC",0.926726244220191,"McIntosh evenness"
26,"microbiome","EMN",0.135135135135135,"McNaughton"
26,"custom","ENHC",-0.0352382488346962,"NHC"
26,"custom","EPAT",0.0902687879698866,"Patten"
26,"abdiv","EPIE",0.875165541058431,"Pielou"
26,"adiv","EPIE",0.875165541058431,"Pielou"
26,"BiodiversityR","EPIE",0.87516554,"Pielou"
26,"breakaway","EPIE",0.875165541058431,"Pielou"
26,"chemodiv","EPIE",0.875165541058431,"Pielou"
26,"diverse","EPIE",0.845340282694462,"Pielou"
26,"forestmangr","EPIE",1,"Pielou"
26,"microbiome","EPIE",0.875165541058431,"Pielou"
26,"OTUtable","EPIE",0.875165541058431,"Pielou"
26,"pctax","EPIE",0.8752,"Pielou"
26,"sprex","EPIE",0.875165541058431,"Pielou"
26,"tabula","EPIE",0.875165541058431,"Pielou"
26,"custom","ESHE",0.56943496125432,"Sheldon"
26,"adiv","ESP",0.378365969926976,"Simpson evenness"
26,"codyn","ESP",0.74014598540146,"Simpson evenness"
26,"sprex","ESP",0.0433818549523009,"Simpson evenness"
26,"tabula","ESP",0.378365969926976,"Simpson evenness"
26,"abdiv","EST",0.432891432891433,"Strong"
26,"adiv","QHIL_0",91,"Hill q=0"
26,"adiv","QHIL_1",51.8185814741431,"Hill q=1"
26,"adiv","QHIL_2",34.4313032633548,"Hill q=2"
26,"adiv","QHIL_3",27.2908424541907,"Hill q=3"
26,"BAT","QHIL_0",91,"Hill q=0"
26,"BAT","QHIL_1",51.8185814741431,"Hill q=1"
26,"BAT","QHIL_2",34.4313032633548,"Hill q=2"
26,"BAT","QHIL_3",27.2908424541907,"Hill q=3"
26,"benthos","QHIL_0",225,"Hill q=0"
26,"benthos","QHIL_1",51.8185814741431,"Hill q=1"
26,"benthos","QHIL_2",34.4313032633548,"Hill q=2"
26,"benthos","QHIL_3",27.2908424541907,"Hill q=3"
26,"breakaway","QHIL_0",91,"Hill q=0"
26,"breakaway","QHIL_1",51.8185814741431,"Hill q=1"
26,"breakaway","QHIL_2",34.4313032633548,"Hill q=2"
26,"breakaway","QHIL_3",27.2908424541907,"Hill q=3"
26,"chemodiv","QHIL_0",91,"Hill q=0"
26,"chemodiv","QHIL_1",51.8185814741431,"Hill q=1"
26,"chemodiv","QHIL_2",34.4313032633548,"Hill q=2"
26,"chemodiv","QHIL_3",27.2908424541907,"Hill q=3"
26,"divDyn","QHIL_2",34.4313032633548,"Hill q=2"
26,"divent","QHIL_0",91,"Hill q=0"
26,"divent","QHIL_1",51.8185814741431,"Hill q=1"
26,"divent","QHIL_2",34.4313032633548,"Hill q=2"
26,"divent","QHIL_3",27.2908424541908,"Hill q=3"
26,"entropart","QHIL_0",91,"Hill q=0"
26,"entropart","QHIL_1",51.8185814741431,"Hill q=1"
26,"entropart","QHIL_2",34.4313032633548,"Hill q=2"
26,"entropart","QHIL_3",27.2908424541908,"Hill q=3"
26,"EntropyEstimation","QHIL_1",58.4468585337455,"Hill q=1"
26,"EntropyEstimation","QHIL_2",37.5208900999091,"Hill q=2"
26,"EntropyEstimation","QHIL_3",29.4997894076456,"Hill q=3"
26,"hilldiv","QHIL_0",91,"Hill q=0"
26,"hilldiv","QHIL_1",51.8188493587501,"Hill q=1"
26,"hilldiv","QHIL_2",34.4313032633548,"Hill q=2"
26,"hilldiv","QHIL_3",27.2908424541907,"Hill q=3"
26,"hillR","QHIL_0",91,"Hill q=0"
26,"hillR","QHIL_1",51.8185814741431,"Hill q=1"
26,"hillR","QHIL_2",34.4313032633548,"Hill q=2"
26,"hillR","QHIL_3",27.2908424541907,"Hill q=3"
26,"sprex","QHIL_0",91,"Hill q=0"
26,"sprex","QHIL_1",51.8185814741431,"Hill q=1"
26,"sprex","QHIL_2",34.4313032633548,"Hill q=2"
26,"sprex","QHIL_3",27.2908424541907,"Hill q=3"
26,"vegan","QHIL_0",91,"Hill q=0"
26,"vegan","QHIL_1",51.8185814741431,"Hill q=1"
26,"vegan","QHIL_2",34.4313032633548,"Hill q=2"
26,"vegan","QHIL_3",27.2908424541907,"Hill q=3"
26,"adiv","QREN_0",4.51085950651685,"Renyi q=0"
26,"adiv","QREN_1",3.94774880065939,"Renyi q=1"
26,"adiv","QREN_2",3.53896612918574,"Renyi q=2"
26,"adiv","QREN_3",3.30655120467948,"Renyi q=3"
26,"BiodiversityR","QREN_0",4.51085950651685,"Renyi q=0"
26,"BiodiversityR","QREN_1",3.94774880065939,"Renyi q=1"
26,"BiodiversityR","QREN_2",3.53896612918574,"Renyi q=2"
26,"BiodiversityR","QREN_3",3.30655120467948,"Renyi q=3"
26,"diverse","QREN_0",4.47733681447821,"Renyi q=0"
26,"diverse","QREN_1",3.78487316846933,"Renyi q=1"
26,"diverse","QREN_2",3.1356081387181,"Renyi q=2"
26,"diverse","QREN_3",2.76427875259139,"Renyi q=3"
26,"EntropyEstimation","QREN_1",4.06811794025891,"Renyi q=1"
26,"EntropyEstimation","QREN_2",3.62489784720175,"Renyi q=2"
26,"EntropyEstimation","QREN_3",3.38438312459642,"Renyi q=3"
26,"seewave","QREN_2",0.653415914075928,"Renyi q=2"
26,"seewave","QREN_3",0.610504054304352,"Renyi q=3"
26,"sprex","QREN_0",4.51085950651685,"Renyi q=0"
26,"sprex","QREN_1",3.94774880065939,"Renyi q=1"
26,"sprex","QREN_2",3.53896612918574,"Renyi q=2"
26,"sprex","QREN_3",3.30655120467948,"Renyi q=3"
26,"statcomp","QREN_1",0.728891362326408,"Renyi q=1"
26,"statcomp","QREN_2",0.653415901918165,"Renyi q=2"
26,"statcomp","QREN_3",0.61050404518603,"Renyi q=3"
26,"vegan","QREN_0",4.51085950651685,"Renyi q=0"
26,"vegan","QREN_1",3.94774880065939,"Renyi q=1"
26,"vegan","QREN_2",3.53896612918574,"Renyi q=2"
26,"vegan","QREN_3",3.30655120467948,"Renyi q=3"
26,"adiv","QTSA_0",90,"Tsallis q=0"
26,"adiv","QTSA_1",3.94774880065939,"Tsallis q=1"
26,"adiv","QTSA_2",0.970956661374352,"Tsallis q=2"
26,"adiv","QTSA_3",0.49932866990018,"Tsallis q=3"
26,"divent","QTSA_0",90,"Tsallis q=0"
26,"divent","QTSA_1",3.94774880065939,"Tsallis q=1"
26,"divent","QTSA_2",0.970956661374352,"Tsallis q=2"
26,"divent","QTSA_3",0.49932866990018,"Tsallis q=3"
26,"entropart","QTSA_0",90,"Tsallis q=0"
26,"entropart","QTSA_1",3.94774880065939,"Tsallis q=1"
26,"entropart","QTSA_2",0.970956661374352,"Tsallis q=2"
26,"entropart","QTSA_3",0.49932866990018,"Tsallis q=3"
26,"EntropyEstimation","QTSA_1",4.06811794025891,"Tsallis q=1"
26,"EntropyEstimation","QTSA_2",0.973348180244732,"Tsallis q=2"
26,"EntropyEstimation","QTSA_3",0.49942544425303,"Tsallis q=3"
26,"vegan","QTSA_0",90,"Tsallis q=0"
26,"vegan","QTSA_1",3.94774880065939,"Tsallis q=1"
26,"vegan","QTSA_2",0.970956661374352,"Tsallis q=2"
26,"vegan","QTSA_3",0.49932866990018,"Tsallis q=3"
26,"BAT","RACE",129.13199957849,"ACE"
26,"ecodive","RACE",129.13199957849,"ACE"
26,"fossil","RACE",107.647398843931,"ACE"
26,"pctax","RACE",129.132,"ACE"
26,"sprex","RACE",407,"ACE"
26,"tabula","RACE",129.13199957849,"ACE"
26,"vegan","RACE",129.13199957849,"ACE"
26,"wiqid","RACE",129.13199957849,"ACE"
26,"BiodiversityR","RBOO",91,"Bootstrap estimator"
26,"wiqid","RBOO",225,"Bootstrap estimator"
26,"BAT","RC1",130.375,"Chao 1"
26,"BiodiversityR","RC1",91,"Chao 1"
26,"biosampleR","RC1",108.647058823529,"Chao 1"
26,"iNEXT","RC1",134.094,"Chao 1"
26,"microbiome","RC1",130.375,"Chao 1"
26,"pctax","RC1",130.375,"Chao 1"
26,"rareNMtests","RC1",91,"Chao 1"
26,"SpadeR","RC1",91,"Chao 1"
26,"SSP","RC1",91,"Chao 1"
26,"vegan","RC1",130.375,"Chao 1"
26,"wiqid","RC1",134.2,"Chao 1"
26,"BAT","RC1M",150.779057480981,"Chao 1 modified"
26,"divent","RC1M",134.093857493858,"Chao 1 modified"
26,"ecodive","RC1M",134.2,"Chao 1 modified"
26,"entropart","RC1M",134.093857493858,"Chao 1 modified"
26,"fossil","RC1M",134.2,"Chao 1 modified"
26,"mobr","RC1M",134.093857493858,"Chao 1 modified"
26,"OTUtable","RC1M",134.2,"Chao 1 modified"
26,"tabula","RC1M",134.093857493858,"Chao 1 modified"
26,"wiqid","RC1M",134.2,"Chao 1 modified"
26,"BAT","RCA2",232.223721787346,"Chao 2"
26,"divDyn","RCA2",129.942307692308,"Chao 2"
26,"fossil","RCA2",134.2,"Chao 2"
26,"tabula","RCA2",91,"Chao 2"
26,"wiqid","RCA2",91,"Chao 2"
26,"benthos","RHUR_2",1.97334818024499,"Hurlbert D k=2"
26,"benthos","RHUR_3",2.92119365222868,"Hurlbert D k=3"
26,"divent","RHUR_2",37.5208875978259,"Hurlbert D k=2"
26,"divent","RHUR_3",37.7316950543292,"Hurlbert D k=3"
26,"entropart","RHUR_2",1.97334818024498,"Hurlbert D k=2"
26,"entropart","RHUR_3",2.92119365222868,"Hurlbert D k=3"
26,"mobsim","RHUR_2",1.97334818024499,"Hurlbert D k=2"
26,"mobsim","RHUR_3",2.92119365222868,"Hurlbert D k=3"
26,"tabula","RHUR_2",1.97334818023792,"Hurlbert D k=2"
26,"tabula","RHUR_3",2.92119365216994,"Hurlbert D k=3"
26,"vegan","RHUR_2",1.97334818024499,"Hurlbert D k=2"
26,"vegan","RHUR_3",2.92119365222868,"Hurlbert D k=3"
26,"BAT","RICE",225.582704464599,"ICE"
26,"fossil","RICE",107.647398843931,"ICE"
26,"tabula","RICE",91,"ICE"
26,"wiqid","RICE",91,"ICE"
26,"BAT","RJA1",127,"Jackknife 1"
26,"BiodiversityR","RJA1",91,"Jackknife 1"
26,"divent","RJA1",148,"Jackknife 1"
26,"entropart","RJA1",148,"Jackknife 1"
26,"fossil","RJA1",126.911547911548,"Jackknife 1"
26,"SSP","RJA1",91,"Jackknife 1"
26,"tabula","RJA1",3.92826549640533,"Jackknife 1"
26,"wiqid","RJA1",127,"Jackknife 1"
26,"BAT","RJA2",148,"Jackknife 2"
26,"BiodiversityR","RJA2",91,"Jackknife 2"
26,"fossil","RJA2",147.5797618039,"Jackknife 2"
26,"SSP","RJA2",91,"Jackknife 2"
26,"wiqid","RJA2",148,"Jackknife 2"
26,"asbio","RLMD",158.002641484887,NA
26,"sads","RLMD",0.948433677521894,NA
26,"vegan","RLMD",118.356303557216,NA
26,"wiqid","RMM",0,"Michaelis-Menten"
26,"divDyn","RSQ",129.399586138089,"Squares Richness Estimator"
26,"ecodive","RSQ",129.399586138089,"Squares Richness Estimator"
26,"tabula","RSQ",129.399586138089,"Squares Richness Estimator"
27,"custom","RICH",99,"Species richness"
27,"abdiv","D1SP",0.966996187222884,"Simpson's reciprocal"
27,"ade4","D1SP",0.966996187222884,"Simpson's reciprocal"
27,"adiv","D1SP",0.966996187222884,"Simpson's reciprocal"
27,"agricolae","D1SP",0.966996187222884,"Simpson's reciprocal"
27,"asbio","D1SP",0.966996187222884,"Simpson's reciprocal"
27,"BiodiversityR","D1SP",0.96699619,"Simpson's reciprocal"
27,"biosampleR","D1SP",0.958694554330444,"Simpson's reciprocal"
27,"breakaway","D1SP",0.966996187222884,"Simpson's reciprocal"
27,"catsim","D1SP",0.644701234567901,"Simpson's reciprocal"
27,"concstats","D1SP",0.995683052735612,"Simpson's reciprocal"
27,"CUB","D1SP",0.971313134487272,"Simpson's reciprocal"
27,"DescTools","D1SP",0.966996187222884,"Simpson's reciprocal"
27,"divent","D1SP",0.966996187222884,"Simpson's reciprocal"
27,"diverse","D1SP",0.958694554330444,"Simpson's reciprocal"
27,"ecodive","D1SP",0.966996187222883,"Simpson's reciprocal"
27,"entropart","D1SP",0.966996187222884,"Simpson's reciprocal"
27,"lawstat","D1SP",0.809416752312436,"Simpson's reciprocal"
27,"MCPAN","D1SP",0.966996187222884,"Simpson's reciprocal"
27,"microbiome","D1SP",0.966996187222884,"Simpson's reciprocal"
27,"PCRA","D1SP",0.966996187222884,"Simpson's reciprocal"
27,"RoughSets","D1SP",0.966996187222884,"Simpson's reciprocal"
27,"simboot","D1SP",0.966996187222884,"Simpson's reciprocal"
27,"sprex","D1SP",0.966996187222884,"Simpson's reciprocal"
27,"untb","D1SP",0.969320697288323,"Simpson's reciprocal"
27,"vegan","D1SP",0.966996187222884,"Simpson's reciprocal"
27,"abdiv","DBRI",3.65453770077656,"Brillouin"
27,"ecodive","DBRI",3.65453770077656,"Brillouin"
27,"tabula","DBRI",3.65453770077656,"Brillouin"
27,"wiqid","DBRI",38.649649281563,"Brillouin"
27,"BiodiversityR","DFIS",41.03648755,"Fisher's alpha"
27,"ecodive","DFIS",41.036,"Fisher's alpha"
27,"microbiome","DFIS",41.036487550061,"Fisher's alpha"
27,"preseqR","DFIS",7.05397285180306,"Fisher's alpha"
27,"sads","DFIS",41.0364852915526,"Fisher's alpha"
27,"vegan","DFIS",41.036487550061,"Fisher's alpha"
27,"custom","DGLE",16.4095118750818,"Gleason"
27,"custom","DGOO_1_1",3.98028141238691,"Good m1 n1"
27,"custom","DGOO_1_2",0.308653448044354,"Good m1 n2"
27,"custom","DGOO_1_3",1,"Good m1 n3"
27,"custom","DGOO_2_1",0.096642281518636,"Good m2 n1"
27,"custom","DGOO_2_2",1.07264044778785,"Good m2 n2"
27,"custom","DGOO_2_3",1,"Good m2 n3"
27,"custom","DGOO_3_1",0.00573260418403141,"Good m3 n1"
27,"custom","DGOO_3_2",0.0393034222948396,"Good m3 n2"
27,"custom","DGOO_3_3",1,"Good m3 n3"
27,"abdiv","DINVSP",30.2995295347622,"Simpson inverse"
27,"adiv","DINVSP",30.2995295347622,"Simpson inverse"
27,"asbio","DINVSP",30.2995295347622,"Simpson inverse"
27,"BiodiversityR","DINVSP",30.29952953,"Simpson inverse"
27,"breakaway","DINVSP",30.2995295347622,"Simpson inverse"
27,"chemodiv","DINVSP",30.2995295347622,"Simpson inverse"
27,"codyn","DINVSP",6.31313131313131,"Simpson inverse"
27,"divseg","DINVSP",1.03300381277712,"Simpson inverse"
27,"ecodive","DINVSP",30.2995295347621,"Simpson inverse"
27,"microbiome","DINVSP",30.2995295347622,"Simpson inverse"
27,"sprex","DINVSP",30.2995295347622,"Simpson inverse"
27,"vegan","DINVSP",30.2995295347622,"Simpson inverse"
27,"wiqid","DINVSP",30.2995295347622,"Simpson inverse"
27,"custom","DKO",0.0917431192660551,"Kothe"
27,"abdiv","DMC",0.860467772860357,"McIntosh"
27,"adiv","DMC",0.860467772860357,"McIntosh"
27,"agricolae","DMC",0.860467772860357,"McIntosh"
27,"ecodive","DMC",0.860467772860357,"McIntosh"
27,"forestHES","DMC",0.860467772860357,"McIntosh"
27,"tabula","DMC",0.860467772860357,"McIntosh"
27,"abdiv","DMG",16.243759229879,"Margalef"
27,"adiv","DMG",16.243759229879,"Margalef"
27,"agricolae","DMG",37.1285925254377,"Margalef"
27,"ecodive","DMG",16.243759229879,"Margalef"
27,"tabula","DMG",16.243759229879,"Margalef"
27,"abdiv","DMN",4.84805085805648,"Menhinick"
27,"adiv","DMN",4.84805085805648,"Menhinick"
27,"ecodive","DMN",4.84805085805648,"Menhinick"
27,"tabula","DMN",4.84805085805648,"Menhinick"
27,"custom","DOD",237.410071942446,"Odum"
27,"abdiv","DQ",0,"Q-statistic"
27,"ade4","DRAO",0.966996187222884,"Rao"
27,"BAT","DRAO",0.96699618722281,"Rao"
27,"SYNCSA","DRAO",0.966996187222883,"Rao"
27,"abdiv","DSHA",3.98028141238691,"Shannon"
27,"adiv","DSHA",3.98028141238691,"Shannon"
27,"aqp","DSHA",5.74233225499312,"Shannon"
27,"asbio","DSHA",3.98028141238691,"Shannon"
27,"benthos","DSHA",0,"Shannon"
27,"BiodiversityR","DSHA",3.98028141,"Shannon"
27,"biosampleR","DSHA",3.74039189215439,"Shannon"
27,"chemodiv","DSHA",3.98028141238691,"Shannon"
27,"codyn","DSHA",3.98028141238691,"Shannon"
27,"DescTools","DSHA",5.74233225499312,"Shannon"
27,"divDyn","DSHA",3.98028141238691,"Shannon"
27,"divent","DSHA",3.98028141238691,"Shannon"
27,"diverse","DSHA",3.74039189215439,"Shannon"
27,"ecodive","DSHA",3.98028141238692,"Shannon"
27,"EconGeo","DSHA",5.742,"Shannon"
27,"entropart","DSHA",3.98028141238691,"Shannon"
27,"forestmangr","DSHA",3.56,"Shannon"
27,"HardyWeinberg","DSHA",3.98028141238691,"Shannon"
27,"iNEXT","DSHA",3.98,"Shannon"
27,"MCPAN","DSHA",3.98028141238691,"Shannon"
27,"microbiome","DSHA",3.98028141238691,"Shannon"
27,"OTUtable","DSHA",3.98028141238691,"Shannon"
27,"pgirmess","DSHA",5.74233225499312,"Shannon"
27,"SpiecEasi","DSHA",3.98028141238691,"Shannon"
27,"sprex","DSHA",3.98028141238691,"Shannon"
27,"tabula","DSHA",3.98028141238691,"Shannon"
27,"triversity","DSHA",5.74233225499312,"Shannon"
27,"vegan","DSHA",3.98028141238691,"Shannon"
27,"wavethresh","DSHA",-35637.7042718184,"Shannon"
27,"wiqid","DSHA",53.5320967031179,"Shannon"
27,"abdiv","DSP",0.0330038127771164,"Simpson"
27,"agricolae","DSP",0.0330038127771164,"Simpson"
27,"antitrust","DSP",330.038127771165,"Simpson"
27,"benthos","DSP",0.0306793027116768,"Simpson"
27,"breakaway","DSP",0.0330038127771164,"Simpson"
27,"concstats","DSP",0.0330038127771164,"Simpson"
27,"DescTools","DSP",0.0330038127771164,"Simpson"
27,"diverse","DSP",0.03910155014236,"Simpson"
27,"divseg","DSP",1.03300381277712,"Simpson"
27,"EconGeo","DSP",0.0330038127771164,"Simpson"
27,"hhi","DSP",0.1584,"Simpson"
27,"ineq","DSP",0.0330038127771164,"Simpson"
27,"microbiome","DSP",0.0330038127771164,"Simpson"
27,"PDtoolkit","DSP",0.0330038127771164,"Simpson"
27,"politics","DSP",0.0330038127771164,"Simpson"
27,"REAT","DSP",0.0330038127771164,"Simpson"
27,"sprex","DSP",0.0330038127771164,"Simpson"
27,"tabula","DSP",0.0330038127771164,"Simpson"
27,"triversity","DSP",0.0330038127771164,"Simpson"
27,"abdiv","EBP",0.122302158273381,"Berger-Parker"
27,"agricolae","EBP",0.122302158273381,"Berger-Parker"
27,"BiodiversityR","EBP",0.12230216,"Berger-Parker"
27,"diverse","EBP",0.121559633027523,"Berger-Parker"
27,"dyvDyn","EBP",0.122302158273381,"Berger-Parker"
27,"ecodive","EBP",0.122302158273381,"Berger-Parker"
27,"microbiome","EBP",0.122302158273381,"Berger-Parker"
27,"tabula","EBP",0.122302158273381,"Berger-Parker"
27,"triversity","EBP",0.122302158273381,"Berger-Parker"
27,"wiqid","EBP",1,"Berger-Parker"
27,"tabula","EBRI",0.868686110891398,"Brillouin evenness"
27,"BAT","EBU",0.55344295991778,"Bulla"
27,"microbiome","EBU",0.55344295991778,"Bulla"
27,"BAT","ECAM",0.988598360643582,"Camargo"
27,"microbiome","ECAM",0.650316110747765,"Camargo"
27,"codyn","EEQ",0.239545064913265,"NHC EQ"
27,"custom","EEQ",0.00061639940454386,"NHC EQ"
27,"adiv","EEVAR",0.54128939319281,"NHC EVAR"
27,"codyn","EEVAR",0.616291185396419,"NHC EVAR"
27,"custom","EEVAR",0.54128939319281,"NHC EVAR"
27,"microbiome","EEVAR",0.54128939319281,"NHC EVAR"
27,"acid","EGIN",0.805819344524381,"Gini coefficient"
27,"DescTools","EGIN",0.80581934452438,"Gini coefficient"
27,"dplR","EGIN",0.805819344524381,"Gini coefficient"
27,"EconGeo","EGIN",0.806,"Gini coefficient"
27,"giniVarCI","EGIN",0.805819344524381,"Gini coefficient"
27,"ineq","EGIN",0.80581934452438,"Gini coefficient"
27,"microbiome","EGIN",0.80581934452438,"Gini coefficient"
27,"REAT","EGIN",0.805819344524381,"Gini coefficient"
27,"shipunov","EGIN",0.80581934452438,"Gini coefficient"
27,"wINEQ","EGIN",0.805819344524381,"Gini coefficient"
27,"abdiv","EHEI",0.53604180309304,"Heip"
27,"adiv","EHEI",0.53604180309304,"Heip"
27,"custom","EHUL",0.170263788968825,"Hulburt"
27,"benthos","EHURE",0.969320697288323,"Hurlbert PIE"
27,"BiodiversityR","EHURE",0.9693207,"Hurlbert PIE"
27,"mobr","EHURE",0.969320697288323,"Hurlbert PIE"
27,"vegan","EHURE",0.969320697288366,"Hurlbert PIE"
27,"custom","ELR",0.200952630815088,"Ludwig-Reynolds"
27,"abdiv","EMC",0.23736594370097,"McIntosh evenness"
27,"tabula","EMC",0.909765341895338,"McIntosh evenness"
27,"microbiome","EMN",0.170263788968825,"McNaughton"
27,"custom","ENHC",-0.0305212425476211,"NHC"
27,"custom","EPAT",0.0676053581100603,"Patten"
27,"abdiv","EPIE",0.866197518715498,"Pielou"
27,"adiv","EPIE",0.866197518715498,"Pielou"
27,"BiodiversityR","EPIE",0.86619752,"Pielou"
27,"breakaway","EPIE",0.866197518715498,"Pielou"
27,"chemodiv","EPIE",0.866197518715498,"Pielou"
27,"diverse","EPIE",0.839717166934958,"Pielou"
27,"forestmangr","EPIE",1,"Pielou"
27,"microbiome","EPIE",0.866197518715498,"Pielou"
27,"OTUtable","EPIE",0.866197518715498,"Pielou"
27,"pctax","EPIE",0.8662,"Pielou"
27,"sprex","EPIE",0.866197518715498,"Pielou"
27,"tabula","EPIE",0.866197518715498,"Pielou"
27,"custom","ESHE",0.540728249526444,"Sheldon"
27,"adiv","ESP",0.306055853886486,"Simpson evenness"
27,"codyn","ESP",0.420875420875421,"Simpson evenness"
27,"sprex","ESP",0.040204862751383,"Simpson evenness"
27,"tabula","ESP",0.306055853886486,"Simpson evenness"
27,"abdiv","EST",0.442046362909672,"Strong"
27,"adiv","QHIL_0",99,"Hill q=0"
27,"adiv","QHIL_1",53.5320967031179,"Hill q=1"
27,"adiv","QHIL_2",30.2995295347622,"Hill q=2"
27,"adiv","QHIL_3",20.4512974568507,"Hill q=3"
27,"BAT","QHIL_0",99,"Hill q=0"
27,"BAT","QHIL_1",53.5320967031179,"Hill q=1"
27,"BAT","QHIL_2",30.2995295347622,"Hill q=2"
27,"BAT","QHIL_3",20.4512974568507,"Hill q=3"
27,"benthos","QHIL_0",225,"Hill q=0"
27,"benthos","QHIL_1",53.5320967031179,"Hill q=1"
27,"benthos","QHIL_2",30.2995295347622,"Hill q=2"
27,"benthos","QHIL_3",20.4512974568507,"Hill q=3"
27,"breakaway","QHIL_0",99,"Hill q=0"
27,"breakaway","QHIL_1",53.5320967031179,"Hill q=1"
27,"breakaway","QHIL_2",30.2995295347622,"Hill q=2"
27,"breakaway","QHIL_3",20.4512974568507,"Hill q=3"
27,"chemodiv","QHIL_0",99,"Hill q=0"
27,"chemodiv","QHIL_1",53.5320967031179,"Hill q=1"
27,"chemodiv","QHIL_2",30.2995295347622,"Hill q=2"
27,"chemodiv","QHIL_3",20.4512974568507,"Hill q=3"
27,"divDyn","QHIL_2",30.2995295347622,"Hill q=2"
27,"divent","QHIL_0",99,"Hill q=0"
27,"divent","QHIL_1",53.5320967031179,"Hill q=1"
27,"divent","QHIL_2",30.2995295347622,"Hill q=2"
27,"divent","QHIL_3",20.4512974568514,"Hill q=3"
27,"entropart","QHIL_0",99,"Hill q=0"
27,"entropart","QHIL_1",53.5320967031179,"Hill q=1"
27,"entropart","QHIL_2",30.2995295347622,"Hill q=2"
27,"entropart","QHIL_3",20.4512974568509,"Hill q=3"
27,"EntropyEstimation","QHIL_1",60.8495327788718,"Hill q=1"
27,"EntropyEstimation","QHIL_2",32.5952649379926,"Hill q=2"
27,"EntropyEstimation","QHIL_3",21.4146532066585,"Hill q=3"
27,"hilldiv","QHIL_0",99,"Hill q=0"
27,"hilldiv","QHIL_1",53.53243708773,"Hill q=1"
27,"hilldiv","QHIL_2",30.2995295347622,"Hill q=2"
27,"hilldiv","QHIL_3",20.4512974568507,"Hill q=3"
27,"hillR","QHIL_0",99,"Hill q=0"
27,"hillR","QHIL_1",53.5320967031179,"Hill q=1"
27,"hillR","QHIL_2",30.2995295347622,"Hill q=2"
27,"hillR","QHIL_3",20.4512974568507,"Hill q=3"
27,"sprex","QHIL_0",99,"Hill q=0"
27,"sprex","QHIL_1",53.5320967031179,"Hill q=1"
27,"sprex","QHIL_2",30.2995295347622,"Hill q=2"
27,"sprex","QHIL_3",20.4512974568507,"Hill q=3"
27,"vegan","QHIL_0",99,"Hill q=0"
27,"vegan","QHIL_1",53.5320967031179,"Hill q=1"
27,"vegan","QHIL_2",30.2995295347622,"Hill q=2"
27,"vegan","QHIL_3",20.4512974568507,"Hill q=3"
27,"adiv","QREN_0",4.59511985013459,"Renyi q=0"
27,"adiv","QREN_1",3.98028141238691,"Renyi q=1"
27,"adiv","QREN_2",3.41113218548924,"Renyi q=2"
27,"adiv","QREN_3",3.01804632579901,"Renyi q=3"
27,"BiodiversityR","QREN_0",4.59511985013459,"Renyi q=0"
27,"BiodiversityR","QREN_1",3.98028141238691,"Renyi q=1"
27,"BiodiversityR","QREN_2",3.41113218548924,"Renyi q=2"
27,"BiodiversityR","QREN_3",3.01804632579901,"Renyi q=3"
27,"diverse","QREN_0",4.45434729625351,"Renyi q=0"
27,"diverse","QREN_1",3.74039189215439,"Renyi q=1"
27,"diverse","QREN_2",3.18676093130172,"Renyi q=2"
27,"diverse","QREN_3",2.87650490717669,"Renyi q=3"
27,"EntropyEstimation","QREN_1",4.10840414116037,"Renyi q=1"
27,"EntropyEstimation","QREN_2",3.48416703052241,"Renyi q=2"
27,"EntropyEstimation","QREN_3",3.06407541699078,"Renyi q=3"
27,"seewave","QREN_2",0.629813332953082,"Renyi q=2"
27,"seewave","QREN_3",0.557236045678616,"Renyi q=3"
27,"sprex","QREN_0",4.59511985013459,"Renyi q=0"
27,"sprex","QREN_1",3.98028141238691,"Renyi q=1"
27,"sprex","QREN_2",3.41113218548924,"Renyi q=2"
27,"sprex","QREN_3",3.01804632579901,"Renyi q=3"
27,"statcomp","QREN_1",0.734898010894867,"Renyi q=1"
27,"statcomp","QREN_2",0.629813321795303,"Renyi q=2"
27,"statcomp","QREN_3",0.557236037310282,"Renyi q=3"
27,"vegan","QREN_0",4.59511985013459,"Renyi q=0"
27,"vegan","QREN_1",3.98028141238691,"Renyi q=1"
27,"vegan","QREN_2",3.41113218548924,"Renyi q=2"
27,"vegan","QREN_3",3.01804632579901,"Renyi q=3"
27,"adiv","QTSA_0",98,"Tsallis q=0"
27,"adiv","QTSA_1",3.98028141238691,"Tsallis q=1"
27,"adiv","QTSA_2",0.966996187222884,"Tsallis q=2"
27,"adiv","QTSA_3",0.498804558651097,"Tsallis q=3"
27,"divent","QTSA_0",98,"Tsallis q=0"
27,"divent","QTSA_1",3.98028141238691,"Tsallis q=1"
27,"divent","QTSA_2",0.966996187222884,"Tsallis q=2"
27,"divent","QTSA_3",0.498804558651097,"Tsallis q=3"
27,"entropart","QTSA_0",98,"Tsallis q=0"
27,"entropart","QTSA_1",3.98028141238691,"Tsallis q=1"
27,"entropart","QTSA_2",0.966996187222884,"Tsallis q=2"
27,"entropart","QTSA_3",0.498804558651097,"Tsallis q=3"
27,"EntropyEstimation","QTSA_1",4.10840414116037,"Tsallis q=1"
27,"EntropyEstimation","QTSA_2",0.969320697288323,"Tsallis q=2"
27,"EntropyEstimation","QTSA_3",0.498909695228062,"Tsallis q=3"
27,"vegan","QTSA_0",98,"Tsallis q=0"
27,"vegan","QTSA_1",3.98028141238691,"Tsallis q=1"
27,"vegan","QTSA_2",0.966996187222884,"Tsallis q=2"
27,"vegan","QTSA_3",0.498804558651097,"Tsallis q=3"
27,"BAT","RACE",146.364277059428,"ACE"
27,"ecodive","RACE",146.364277059428,"ACE"
27,"fossil","RACE",116.978494623656,"ACE"
27,"pctax","RACE",146.3643,"ACE"
27,"sprex","RACE",417,"ACE"
27,"tabula","RACE",146.364277059428,"ACE"
27,"vegan","RACE",146.364277059428,"ACE"
27,"wiqid","RACE",146.364277059428,"ACE"
27,"BiodiversityR","RBOO",99,"Bootstrap estimator"
27,"wiqid","RBOO",225,"Bootstrap estimator"
27,"BAT","RC1",132.47619047619,"Chao 1"
27,"BiodiversityR","RC1",99,"Chao 1"
27,"biosampleR","RC1",126.071428571429,"Chao 1"
27,"iNEXT","RC1",135.013,"Chao 1"
27,"microbiome","RC1",132.47619047619,"Chao 1"
27,"pctax","RC1",132.4762,"Chao 1"
27,"rareNMtests","RC1",99,"Chao 1"
27,"SpadeR","RC1",99,"Chao 1"
27,"SSP","RC1",99,"Chao 1"
27,"vegan","RC1",132.47619047619,"Chao 1"
27,"wiqid","RC1",135.1,"Chao 1"
27,"BAT","RC1M",151.994159973958,"Chao 1 modified"
27,"divent","RC1M",135.013429256595,"Chao 1 modified"
27,"ecodive","RC1M",135.1,"Chao 1 modified"
27,"entropart","RC1M",135.013429256595,"Chao 1 modified"
27,"fossil","RC1M",135.1,"Chao 1 modified"
27,"mobr","RC1M",135.013429256595,"Chao 1 modified"
27,"OTUtable","RC1M",135.1,"Chao 1 modified"
27,"tabula","RC1M",135.013429256595,"Chao 1 modified"
27,"wiqid","RC1M",135.1,"Chao 1 modified"
27,"BAT","RCA2",233.754075058301,"Chao 2"
27,"divDyn","RCA2",132.138047138047,"Chao 2"
27,"fossil","RCA2",135.1,"Chao 2"
27,"tabula","RCA2",99,"Chao 2"
27,"wiqid","RCA2",99,"Chao 2"
27,"benthos","RHUR_2",1.96932069728837,"Hurlbert D k=2"
27,"benthos","RHUR_3",2.91014270140876,"Hurlbert D k=3"
27,"divent","RHUR_2",32.5952664932684,"Hurlbert D k=2"
27,"divent","RHUR_3",33.0495402078844,"Hurlbert D k=3"
27,"entropart","RHUR_2",1.96932069728837,"Hurlbert D k=2"
27,"entropart","RHUR_3",2.91014270140877,"Hurlbert D k=3"
27,"mobsim","RHUR_2",1.96932069728837,"Hurlbert D k=2"
27,"mobsim","RHUR_3",2.91014270140876,"Hurlbert D k=3"
27,"tabula","RHUR_2",1.96932069732109,"Hurlbert D k=2"
27,"tabula","RHUR_3",2.91014270144451,"Hurlbert D k=3"
27,"vegan","RHUR_2",1.96932069728837,"Hurlbert D k=2"
27,"vegan","RHUR_3",2.91014270140876,"Hurlbert D k=3"
27,"BAT","RICE",226.698716923422,"ICE"
27,"fossil","RICE",116.978494623656,"ICE"
27,"tabula","RICE",99,"ICE"
27,"wiqid","RICE",99,"ICE"
27,"BAT","RJA1",137,"Jackknife 1"
27,"BiodiversityR","RJA1",99,"Jackknife 1"
27,"divent","RJA1",155,"Jackknife 1"
27,"entropart","RJA1",155,"Jackknife 1"
27,"fossil","RJA1",136.908872901679,"Jackknife 1"
27,"SSP","RJA1",99,"Jackknife 1"
27,"tabula","RJA1",3.96143135850902,"Jackknife 1"
27,"wiqid","RJA1",137,"Jackknife 1"
27,"BAT","RJA2",155,"Jackknife 2"
27,"BiodiversityR","RJA2",99,"Jackknife 2"
27,"fossil","RJA2",154.597007009777,"Jackknife 2"
27,"SSP","RJA2",99,"Jackknife 2"
27,"wiqid","RJA2",155,"Jackknife 2"
27,"asbio","RLMD",175.493108000213,NA
27,"sads","RLMD",0.893065085740065,NA
27,"vegan","RLMD",122.347654989624,NA
27,"wiqid","RMM",0,"Michaelis-Menten"
27,"divDyn","RSQ",147.711350931951,"Squares Richness Estimator"
27,"ecodive","RSQ",147.711350931951,"Squares Richness Estimator"
27,"tabula","RSQ",147.711350931951,"Squares Richness Estimator"
28,"custom","RICH",85,"Species richness"
28,"abdiv","D1SP",0.949929558186274,"Simpson's reciprocal"
28,"ade4","D1SP",0.949929558186274,"Simpson's reciprocal"
28,"adiv","D1SP",0.949929558186274,"Simpson's reciprocal"
28,"agricolae","D1SP",0.949929558186274,"Simpson's reciprocal"
28,"asbio","D1SP",0.949929558186274,"Simpson's reciprocal"
28,"BiodiversityR","D1SP",0.94992956,"Simpson's reciprocal"
28,"biosampleR","D1SP",0.960787552112267,"Simpson's reciprocal"
28,"breakaway","D1SP",0.949929558186274,"Simpson's reciprocal"
28,"catsim","D1SP",0.583506172839506,"Simpson's reciprocal"
28,"concstats","D1SP",0.995759243043811,"Simpson's reciprocal"
28,"CUB","D1SP",0.954170315142462,"Simpson's reciprocal"
28,"DescTools","D1SP",0.949929558186274,"Simpson's reciprocal"
28,"divent","D1SP",0.949929558186274,"Simpson's reciprocal"
28,"diverse","D1SP",0.960787552112267,"Simpson's reciprocal"
28,"ecodive","D1SP",0.949929558186273,"Simpson's reciprocal"
28,"entropart","D1SP",0.949929558186274,"Simpson's reciprocal"
28,"lawstat","D1SP",0.848721853082318,"Simpson's reciprocal"
28,"MCPAN","D1SP",0.949929558186274,"Simpson's reciprocal"
28,"microbiome","D1SP",0.949929558186274,"Simpson's reciprocal"
28,"PCRA","D1SP",0.949929558186274,"Simpson's reciprocal"
28,"RoughSets","D1SP",0.949929558186274,"Simpson's reciprocal"
28,"simboot","D1SP",0.949929558186274,"Simpson's reciprocal"
28,"sprex","D1SP",0.949929558186274,"Simpson's reciprocal"
28,"untb","D1SP",0.952390515590901,"Simpson's reciprocal"
28,"vegan","D1SP",0.949929558186274,"Simpson's reciprocal"
28,"abdiv","DBRI",3.39234984829882,"Brillouin"
28,"ecodive","DBRI",3.39234984829882,"Brillouin"
28,"tabula","DBRI",3.39234984829882,"Brillouin"
28,"wiqid","DBRI",29.7357447265716,"Brillouin"
28,"BiodiversityR","DFIS",33.65450585,"Fisher's alpha"
28,"ecodive","DFIS",33.655,"Fisher's alpha"
28,"microbiome","DFIS",33.6545058456339,"Fisher's alpha"
28,"preseqR","DFIS",14.7622449402903,"Fisher's alpha"
28,"sads","DFIS",33.6545038782976,"Fisher's alpha"
28,"vegan","DFIS",33.6545058456339,"Fisher's alpha"
28,"custom","DGLE",14.2655155312165,"Gleason"
28,"custom","DGOO_1_1",3.69389620084709,"Good m1 n1"
28,"custom","DGOO_1_2",0.339879989606415,"Good m1 n2"
28,"custom","DGOO_1_3",1,"Good m1 n3"
28,"custom","DGOO_2_1",0.123750465208779,"Good m2 n1"
28,"custom","DGOO_2_2",1.05523395880232,"Good m2 n2"
28,"custom","DGOO_2_3",1,"Good m2 n3"
28,"custom","DGOO_3_1",0.0111412502726037,"Good m3 n1"
28,"custom","DGOO_3_2",0.056300489455205,"Good m3 n2"
28,"custom","DGOO_3_3",1,"Good m3 n3"
28,"abdiv","DINVSP",19.9718629150553,"Simpson inverse"
28,"adiv","DINVSP",19.9718629150553,"Simpson inverse"
28,"asbio","DINVSP",19.9718629150553,"Simpson inverse"
28,"BiodiversityR","DINVSP",19.97186292,"Simpson inverse"
28,"breakaway","DINVSP",19.9718629150553,"Simpson inverse"
28,"chemodiv","DINVSP",19.9718629150553,"Simpson inverse"
28,"codyn","DINVSP",8.02387267904509,"Simpson inverse"
28,"divseg","DINVSP",1.05007044181373,"Simpson inverse"
28,"ecodive","DINVSP",19.9718629150553,"Simpson inverse"
28,"microbiome","DINVSP",19.9718629150553,"Simpson inverse"
28,"sprex","DINVSP",19.9718629150553,"Simpson inverse"
28,"vegan","DINVSP",19.9718629150553,"Simpson inverse"
28,"wiqid","DINVSP",19.9718629150553,"Simpson inverse"
28,"custom","DKO",0.220183486238532,"Kothe"
28,"abdiv","DMC",0.817807222412973,"McIntosh"
28,"adiv","DMC",0.817807222412973,"McIntosh"
28,"agricolae","DMC",0.817807222412973,"McIntosh"
28,"ecodive","DMC",0.817807222412973,"McIntosh"
28,"forestHES","DMC",0.817807222412973,"McIntosh"
28,"tabula","DMC",0.817807222412973,"McIntosh"
28,"abdiv","DMG",14.0976859367316,"Margalef"
28,"adiv","DMG",14.0976859367316,"Margalef"
28,"agricolae","DMG",37.5938291646175,"Margalef"
28,"ecodive","DMG",14.0976859367316,"Margalef"
28,"tabula","DMG",14.0976859367316,"Margalef"
28,"abdiv","DMN",4.32079282609047,"Menhinick"
28,"adiv","DMN",4.32079282609047,"Menhinick"
28,"ecodive","DMN",4.32079282609047,"Menhinick"
28,"tabula","DMN",4.32079282609047,"Menhinick"
28,"custom","DOD",219.638242894057,"Odum"
28,"abdiv","DQ",0,"Q-statistic"
28,"ade4","DRAO",0.949929558186274,"Rao"
28,"BAT","DRAO",0.949929558186258,"Rao"
28,"SYNCSA","DRAO",0.949929558186273,"Rao"
28,"abdiv","DSHA",3.69389620084709,"Shannon"
28,"adiv","DSHA",3.69389620084709,"Shannon"
28,"aqp","DSHA",5.32916573052067,"Shannon"
28,"asbio","DSHA",3.69389620084709,"Shannon"
28,"benthos","DSHA",0,"Shannon"
28,"BiodiversityR","DSHA",3.6938962,"Shannon"
28,"biosampleR","DSHA",3.82166945429945,"Shannon"
28,"chemodiv","DSHA",3.69389620084709,"Shannon"
28,"codyn","DSHA",3.69389620084709,"Shannon"
28,"DescTools","DSHA",5.32916573052067,"Shannon"
28,"divDyn","DSHA",3.69389620084709,"Shannon"
28,"divent","DSHA",3.69389620084709,"Shannon"
28,"diverse","DSHA",3.82166945429945,"Shannon"
28,"ecodive","DSHA",3.69389620084708,"Shannon"
28,"EconGeo","DSHA",5.329,"Shannon"
28,"entropart","DSHA",3.69389620084709,"Shannon"
28,"forestmangr","DSHA",3.56,"Shannon"
28,"HardyWeinberg","DSHA",3.69389620084709,"Shannon"
28,"iNEXT","DSHA",3.694,"Shannon"
28,"MCPAN","DSHA",3.69389620084709,"Shannon"
28,"microbiome","DSHA",3.69389620084709,"Shannon"
28,"OTUtable","DSHA",3.69389620084709,"Shannon"
28,"pgirmess","DSHA",5.32916573052067,"Shannon"
28,"SpiecEasi","DSHA",3.69389620084709,"Shannon"
28,"sprex","DSHA",3.69389620084709,"Shannon"
28,"tabula","DSHA",3.69389620084709,"Shannon"
28,"triversity","DSHA",5.32916573052067,"Shannon"
28,"vegan","DSHA",3.69389620084709,"Shannon"
28,"wavethresh","DSHA",-52296.4866983535,"Shannon"
28,"wiqid","DSHA",40.2011740670732,"Shannon"
28,"abdiv","DSP",0.0500704418137265,"Simpson"
28,"agricolae","DSP",0.0500704418137265,"Simpson"
28,"antitrust","DSP",500.704418137265,"Simpson"
28,"benthos","DSP",0.0476094844090988,"Simpson"
28,"breakaway","DSP",0.0500704418137265,"Simpson"
28,"concstats","DSP",0.0500704418137265,"Simpson"
28,"DescTools","DSP",0.0500704418137265,"Simpson"
28,"diverse","DSP",0.0370582157081089,"Simpson"
28,"divseg","DSP",1.05007044181373,"Simpson"
28,"EconGeo","DSP",0.0500704418137265,"Simpson"
28,"hhi","DSP",0.124628099173554,"Simpson"
28,"ineq","DSP",0.0500704418137265,"Simpson"
28,"microbiome","DSP",0.0500704418137265,"Simpson"
28,"PDtoolkit","DSP",0.0500704418137265,"Simpson"
28,"politics","DSP",0.0500704418137265,"Simpson"
28,"REAT","DSP",0.0500704418137265,"Simpson"
28,"sprex","DSP",0.0500704418137265,"Simpson"
28,"tabula","DSP",0.0500704418137265,"Simpson"
28,"triversity","DSP",0.0500704418137265,"Simpson"
28,"abdiv","EBP",0.149870801033592,"Berger-Parker"
28,"agricolae","EBP",0.149870801033592,"Berger-Parker"
28,"BiodiversityR","EBP",0.1498708,"Berger-Parker"
28,"diverse","EBP",0.109619686800895,"Berger-Parker"
28,"dyvDyn","EBP",0.149870801033592,"Berger-Parker"
28,"ecodive","EBP",0.149870801033592,"Berger-Parker"
28,"microbiome","EBP",0.149870801033592,"Berger-Parker"
28,"tabula","EBP",0.149870801033592,"Berger-Parker"
28,"triversity","EBP",0.149870801033592,"Berger-Parker"
28,"wiqid","EBP",1,"Berger-Parker"
28,"tabula","EBRI",0.832475552769904,"Brillouin evenness"
28,"BAT","EBU",0.542297280669374,"Bulla"
28,"microbiome","EBU",0.542297280669374,"Bulla"
28,"BAT","ECAM",0.985962550394835,"Camargo"
28,"microbiome","ECAM",0.683416932664539,"Camargo"
28,"codyn","EEQ",0.253693891634891,"NHC EQ"
28,"custom","EEQ",0.00083108210410177,"NHC EQ"
28,"adiv","EEVAR",0.538180917991497,"NHC EVAR"
28,"codyn","EEVAR",0.677184999263369,"NHC EVAR"
28,"custom","EEVAR",0.538180917991497,"NHC EVAR"
28,"microbiome","EEVAR",0.538180917991497,"NHC EVAR"
28,"acid","EGIN",0.844949755957508,"Gini coefficient"
28,"DescTools","EGIN",0.844949755957508,"Gini coefficient"
28,"dplR","EGIN",0.844949755957508,"Gini coefficient"
28,"EconGeo","EGIN",0.845,"Gini coefficient"
28,"giniVarCI","EGIN",0.844949755957508,"Gini coefficient"
28,"ineq","EGIN",0.844949755957508,"Gini coefficient"
28,"microbiome","EGIN",0.844949755957506,"Gini coefficient"
28,"REAT","EGIN",0.844949755957508,"Gini coefficient"
28,"shipunov","EGIN",0.844949755957506,"Gini coefficient"
28,"wINEQ","EGIN",0.844949755957508,"Gini coefficient"
28,"abdiv","EHEI",0.466680643655633,"Heip"
28,"adiv","EHEI",0.466680643655633,"Heip"
28,"custom","EHUL",0.260981912144703,"Hulburt"
28,"benthos","EHURE",0.952390515590901,"Hurlbert PIE"
28,"BiodiversityR","EHURE",0.95239052,"Hurlbert PIE"
28,"mobr","EHURE",0.952390515590901,"Hurlbert PIE"
28,"vegan","EHURE",0.952390515590957,"Hurlbert PIE"
28,"custom","ELR",0.176061731550366,"Ludwig-Reynolds"
28,"abdiv","EMC",0.285667255099661,"McIntosh evenness"
28,"tabula","EMC",0.870673551021237,"McIntosh evenness"
28,"microbiome","EMN",0.260981912144703,"McNaughton"
28,"custom","ENHC",-0.035335685253946,"NHC"
28,"custom","EPAT",0.267111970397575,"Patten"
28,"abdiv","EPIE",0.831462112955779,"Pielou"
28,"adiv","EPIE",0.831462112955779,"Pielou"
28,"BiodiversityR","EPIE",0.83146211,"Pielou"
28,"breakaway","EPIE",0.831462112955779,"Pielou"
28,"chemodiv","EPIE",0.831462112955779,"Pielou"
28,"diverse","EPIE",0.845167656377581,"Pielou"
28,"forestmangr","EPIE",1,"Pielou"
28,"microbiome","EPIE",0.831462112955779,"Pielou"
28,"OTUtable","EPIE",0.831462112955779,"Pielou"
28,"pctax","EPIE",0.8315,"Pielou"
28,"sprex","EPIE",0.831462112955779,"Pielou"
28,"tabula","EPIE",0.831462112955779,"Pielou"
28,"custom","ESHE",0.472954989024391,"Sheldon"
28,"adiv","ESP",0.234963093118298,"Simpson evenness"
28,"codyn","ESP",0.445770704391394,"Simpson evenness"
28,"sprex","ESP",0.0434576023629069,"Simpson evenness"
28,"tabula","ESP",0.234963093118298,"Simpson evenness"
28,"abdiv","EST",0.452317981456148,"Strong"
28,"adiv","QHIL_0",85,"Hill q=0"
28,"adiv","QHIL_1",40.2011740670732,"Hill q=1"
28,"adiv","QHIL_2",19.9718629150553,"Hill q=2"
28,"adiv","QHIL_3",13.7517827083176,"Hill q=3"
28,"BAT","QHIL_0",85,"Hill q=0"
28,"BAT","QHIL_1",40.2011740670732,"Hill q=1"
28,"BAT","QHIL_2",19.9718629150553,"Hill q=2"
28,"BAT","QHIL_3",13.7517827083176,"Hill q=3"
28,"benthos","QHIL_0",225,"Hill q=0"
28,"benthos","QHIL_1",40.2011740670732,"Hill q=1"
28,"benthos","QHIL_2",19.9718629150553,"Hill q=2"
28,"benthos","QHIL_3",13.7517827083176,"Hill q=3"
28,"breakaway","QHIL_0",85,"Hill q=0"
28,"breakaway","QHIL_1",40.2011740670732,"Hill q=1"
28,"breakaway","QHIL_2",19.9718629150553,"Hill q=2"
28,"breakaway","QHIL_3",13.7517827083176,"Hill q=3"
28,"chemodiv","QHIL_0",85,"Hill q=0"
28,"chemodiv","QHIL_1",40.2011740670732,"Hill q=1"
28,"chemodiv","QHIL_2",19.9718629150553,"Hill q=2"
28,"chemodiv","QHIL_3",13.7517827083176,"Hill q=3"
28,"divDyn","QHIL_2",19.9718629150553,"Hill q=2"
28,"divent","QHIL_0",85,"Hill q=0"
28,"divent","QHIL_1",40.2011740670732,"Hill q=1"
28,"divent","QHIL_2",19.9718629150554,"Hill q=2"
28,"divent","QHIL_3",13.7517827083178,"Hill q=3"
28,"entropart","QHIL_0",85,"Hill q=0"
28,"entropart","QHIL_1",40.2011740670732,"Hill q=1"
28,"entropart","QHIL_2",19.9718629150554,"Hill q=2"
28,"entropart","QHIL_3",13.7517827083178,"Hill q=3"
28,"EntropyEstimation","QHIL_1",45.2438376432138,"Hill q=1"
28,"EntropyEstimation","QHIL_2",21.0042182227219,"Hill q=2"
28,"EntropyEstimation","QHIL_3",14.211353163314,"Hill q=3"
28,"hilldiv","QHIL_0",85,"Hill q=0"
28,"hilldiv","QHIL_1",40.2015060066683,"Hill q=1"
28,"hilldiv","QHIL_2",19.9718629150553,"Hill q=2"
28,"hilldiv","QHIL_3",13.7517827083176,"Hill q=3"
28,"hillR","QHIL_0",85,"Hill q=0"
28,"hillR","QHIL_1",40.2011740670732,"Hill q=1"
28,"hillR","QHIL_2",19.9718629150553,"Hill q=2"
28,"hillR","QHIL_3",13.7517827083176,"Hill q=3"
28,"sprex","QHIL_0",85,"Hill q=0"
28,"sprex","QHIL_1",40.2011740670732,"Hill q=1"
28,"sprex","QHIL_2",19.9718629150553,"Hill q=2"
28,"sprex","QHIL_3",13.7517827083176,"Hill q=3"
28,"vegan","QHIL_0",85,"Hill q=0"
28,"vegan","QHIL_1",40.2011740670732,"Hill q=1"
28,"vegan","QHIL_2",19.9718629150553,"Hill q=2"
28,"vegan","QHIL_3",13.7517827083176,"Hill q=3"
28,"adiv","QREN_0",4.44265125649032,"Renyi q=0"
28,"adiv","QREN_1",3.69389620084709,"Renyi q=1"
28,"adiv","QREN_2",2.99432442875817,"Renyi q=2"
28,"adiv","QREN_3",2.62116846722256,"Renyi q=3"
28,"BiodiversityR","QREN_0",4.44265125649032,"Renyi q=0"
28,"BiodiversityR","QREN_1",3.69389620084709,"Renyi q=1"
28,"BiodiversityR","QREN_2",2.99432442875817,"Renyi q=2"
28,"BiodiversityR","QREN_3",2.62116846722256,"Renyi q=3"
28,"diverse","QREN_0",4.52178857704904,"Renyi q=0"
28,"diverse","QREN_1",3.82166945429945,"Renyi q=1"
28,"diverse","QREN_2",3.23876103443702,"Renyi q=2"
28,"diverse","QREN_3",2.92092305795025,"Renyi q=3"
28,"EntropyEstimation","QREN_1",3.8120664761916,"Renyi q=1"
28,"EntropyEstimation","QREN_2",3.04472328530086,"Renyi q=2"
28,"EntropyEstimation","QREN_3",2.65404116370576,"Renyi q=3"
28,"seewave","QREN_2",0.552856165644726,"Renyi q=2"
28,"seewave","QREN_3",0.483958628318499,"Renyi q=3"
28,"sprex","QREN_0",4.44265125649032,"Renyi q=0"
28,"sprex","QREN_1",3.69389620084709,"Renyi q=1"
28,"sprex","QREN_2",2.99432442875817,"Renyi q=2"
28,"sprex","QREN_3",2.62116846722256,"Renyi q=3"
28,"statcomp","QREN_1",0.682021367134115,"Renyi q=1"
28,"statcomp","QREN_2",0.552856152286144,"Renyi q=2"
28,"statcomp","QREN_3",0.483958618299563,"Renyi q=3"
28,"vegan","QREN_0",4.44265125649032,"Renyi q=0"
28,"vegan","QREN_1",3.69389620084709,"Renyi q=1"
28,"vegan","QREN_2",2.99432442875817,"Renyi q=2"
28,"vegan","QREN_3",2.62116846722256,"Renyi q=3"
28,"adiv","QTSA_0",84,"Tsallis q=0"
28,"adiv","QTSA_1",3.69389620084709,"Tsallis q=1"
28,"adiv","QTSA_2",0.949929558186274,"Tsallis q=2"
28,"adiv","QTSA_3",0.497356057527559,"Tsallis q=3"
28,"divent","QTSA_0",84,"Tsallis q=0"
28,"divent","QTSA_1",3.69389620084709,"Tsallis q=1"
28,"divent","QTSA_2",0.949929558186274,"Tsallis q=2"
28,"divent","QTSA_3",0.497356057527559,"Tsallis q=3"
28,"entropart","QTSA_0",84,"Tsallis q=0"
28,"entropart","QTSA_1",3.69389620084709,"Tsallis q=1"
28,"entropart","QTSA_2",0.949929558186274,"Tsallis q=2"
28,"entropart","QTSA_3",0.497356057527559,"Tsallis q=3"
28,"EntropyEstimation","QTSA_1",3.8120664761916,"Tsallis q=1"
28,"EntropyEstimation","QTSA_2",0.952390515590901,"Tsallis q=2"
28,"EntropyEstimation","QTSA_3",0.49752429359611,"Tsallis q=3"
28,"vegan","QTSA_0",84,"Tsallis q=0"
28,"vegan","QTSA_1",3.69389620084709,"Tsallis q=1"
28,"vegan","QTSA_2",0.949929558186274,"Tsallis q=2"
28,"vegan","QTSA_3",0.497356057527559,"Tsallis q=3"
28,"BAT","RACE",116.301605866739,"ACE"
28,"ecodive","RACE",116.301605866739,"ACE"
28,"fossil","RACE",98.3097826086957,"ACE"
28,"pctax","RACE",116.3016,"ACE"
28,"sprex","RACE",387,"ACE"
28,"tabula","RACE",116.301605866739,"ACE"
28,"vegan","RACE",116.301605866739,"ACE"
28,"wiqid","RACE",116.301605866739,"ACE"
28,"BiodiversityR","RBOO",85,"Bootstrap estimator"
28,"wiqid","RBOO",225,"Bootstrap estimator"
28,"BAT","RC1",109.473684210526,"Chao 1"
28,"BiodiversityR","RC1",85,"Chao 1"
28,"biosampleR","RC1",127.0625,"Chao 1"
28,"iNEXT","RC1",111.625,"Chao 1"
28,"microbiome","RC1",109.473684210526,"Chao 1"
28,"pctax","RC1",109.4737,"Chao 1"
28,"rareNMtests","RC1",85,"Chao 1"
28,"SpadeR","RC1",85,"Chao 1"
28,"SSP","RC1",85,"Chao 1"
28,"vegan","RC1",109.473684210526,"Chao 1"
28,"wiqid","RC1",111.694444444444,"Chao 1"
28,"BAT","RC1M",124.034820615553,"Chao 1 modified"
28,"divent","RC1M",111.625466551823,"Chao 1 modified"
28,"ecodive","RC1M",111.694444444444,"Chao 1 modified"
28,"entropart","RC1M",111.625466551823,"Chao 1 modified"
28,"fossil","RC1M",111.694444444444,"Chao 1 modified"
28,"mobr","RC1M",111.625466551823,"Chao 1 modified"
28,"OTUtable","RC1M",111.694444444444,"Chao 1 modified"
28,"tabula","RC1M",111.625466551823,"Chao 1 modified"
28,"wiqid","RC1M",111.694444444444,"Chao 1 modified"
28,"BAT","RCA2",235.531809443094,"Chao 2"
28,"divDyn","RCA2",109.185758513932,"Chao 2"
28,"fossil","RCA2",111.694444444444,"Chao 2"
28,"tabula","RCA2",85,"Chao 2"
28,"wiqid","RCA2",85,"Chao 2"
28,"benthos","RHUR_2",1.95239051559096,"Hurlbert D k=2"
28,"benthos","RHUR_3",2.86212295958019,"Hurlbert D k=3"
28,"divent","RHUR_2",21.0042226635068,"Hurlbert D k=2"
28,"divent","RHUR_3",21.4199391571348,"Hurlbert D k=3"
28,"entropart","RHUR_2",1.95239051559096,"Hurlbert D k=2"
28,"entropart","RHUR_3",2.8621229595802,"Hurlbert D k=3"
28,"mobsim","RHUR_2",1.95239051559096,"Hurlbert D k=2"
28,"mobsim","RHUR_3",2.86212295958019,"Hurlbert D k=3"
28,"tabula","RHUR_2",1.95239051556051,"Hurlbert D k=2"
28,"tabula","RHUR_3",2.86212295956892,"Hurlbert D k=3"
28,"vegan","RHUR_2",1.95239051559096,"Hurlbert D k=2"
28,"vegan","RHUR_3",2.86212295958019,"Hurlbert D k=3"
28,"BAT","RICE",228.006742685081,"ICE"
28,"fossil","RICE",98.3097826086957,"ICE"
28,"tabula","RICE",85,"ICE"
28,"wiqid","RICE",85,"ICE"
28,"BAT","RJA1",116,"Jackknife 1"
28,"BiodiversityR","RJA1",85,"Jackknife 1"
28,"divent","RJA1",116,"Jackknife 1"
28,"entropart","RJA1",116,"Jackknife 1"
28,"fossil","RJA1",115.919896640827,"Jackknife 1"
28,"SSP","RJA1",85,"Jackknife 1"
28,"tabula","RJA1",3.66872615417278,"Jackknife 1"
28,"wiqid","RJA1",116,"Jackknife 1"
28,"BAT","RJA2",129,"Jackknife 2"
28,"BiodiversityR","RJA2",85,"Jackknife 2"
28,"fossil","RJA2",128.658794232237,"Jackknife 2"
28,"SSP","RJA2",85,"Jackknife 2"
28,"wiqid","RJA2",129,"Jackknife 2"
28,"asbio","RLMD",154.368668259151,NA
28,"sads","RLMD",0.908749818284938,NA
28,"vegan","RLMD",103.050887251473,NA
28,"wiqid","RMM",0,"Michaelis-Menten"
28,"divDyn","RSQ",133.97942691696,"Squares Richness Estimator"
28,"ecodive","RSQ",133.97942691696,"Squares Richness Estimator"
28,"tabula","RSQ",133.97942691696,"Squares Richness Estimator"
29,"custom","RICH",86,"Species richness"
29,"abdiv","D1SP",0.948104093708489,"Simpson's reciprocal"
29,"ade4","D1SP",0.948104093708489,"Simpson's reciprocal"
29,"adiv","D1SP",0.948104093708489,"Simpson's reciprocal"
29,"agricolae","D1SP",0.948104093708489,"Simpson's reciprocal"
29,"asbio","D1SP",0.948104093708489,"Simpson's reciprocal"
29,"BiodiversityR","D1SP",0.94810409,"Simpson's reciprocal"
29,"biosampleR","D1SP",0.798397568113045,"Simpson's reciprocal"
29,"breakaway","D1SP",0.948104093708489,"Simpson's reciprocal"
29,"catsim","D1SP",0.582992592592593,"Simpson's reciprocal"
29,"concstats","D1SP",0.995767392438801,"Simpson's reciprocal"
29,"CUB","D1SP",0.952336701269688,"Simpson's reciprocal"
29,"DescTools","D1SP",0.948104093708489,"Simpson's reciprocal"
29,"divent","D1SP",0.948104093708489,"Simpson's reciprocal"
29,"diverse","D1SP",0.798397568113045,"Simpson's reciprocal"
29,"ecodive","D1SP",0.948104093708489,"Simpson's reciprocal"
29,"entropart","D1SP",0.948104093708489,"Simpson's reciprocal"
29,"lawstat","D1SP",0.847282182103611,"Simpson's reciprocal"
29,"MCPAN","D1SP",0.948104093708489,"Simpson's reciprocal"
29,"microbiome","D1SP",0.948104093708489,"Simpson's reciprocal"
29,"PCRA","D1SP",0.948104093708489,"Simpson's reciprocal"
29,"RoughSets","D1SP",0.948104093708489,"Simpson's reciprocal"
29,"simboot","D1SP",0.948104093708489,"Simpson's reciprocal"
29,"sprex","D1SP",0.948104093708489,"Simpson's reciprocal"
29,"untb","D1SP",0.950715950715951,"Simpson's reciprocal"
29,"vegan","D1SP",0.948104093708489,"Simpson's reciprocal"
29,"abdiv","DBRI",3.37261976655799,"Brillouin"
29,"ecodive","DBRI",3.37261976655799,"Brillouin"
29,"tabula","DBRI",3.37261976655799,"Brillouin"
29,"wiqid","DBRI",29.1548058832705,"Brillouin"
29,"BiodiversityR","DFIS",35.54362507,"Fisher's alpha"
29,"ecodive","DFIS",35.544,"Fisher's alpha"
29,"microbiome","DFIS",35.5436250714148,"Fisher's alpha"
29,"preseqR","DFIS",16.3774699388196,"Fisher's alpha"
29,"sads","DFIS",35.5436181795366,"Fisher's alpha"
29,"vegan","DFIS",35.5436250714148,"Fisher's alpha"
29,"custom","DGLE",14.5833061049947,"Gleason"
29,"custom","DGOO_1_1",3.68872115089303,"Good m1 n1"
29,"custom","DGOO_1_2",0.338499214543201,"Good m1 n2"
29,"custom","DGOO_1_3",1,"Good m1 n3"
29,"custom","DGOO_2_1",0.125264848021008,"Good m2 n1"
29,"custom","DGOO_2_2",1.04454324017994,"Good m2 n2"
29,"custom","DGOO_2_3",1,"Good m2 n3"
29,"custom","DGOO_3_1",0.0119359070256461,"Good m3 n1"
29,"custom","DGOO_3_2",0.0571670928462837,"Good m3 n2"
29,"custom","DGOO_3_3",1,"Good m3 n3"
29,"abdiv","DINVSP",19.2693426410704,"Simpson inverse"
29,"adiv","DINVSP",19.2693426410704,"Simpson inverse"
29,"asbio","DINVSP",19.2693426410704,"Simpson inverse"
29,"BiodiversityR","DINVSP",19.26934264,"Simpson inverse"
29,"breakaway","DINVSP",19.2693426410704,"Simpson inverse"
29,"chemodiv","DINVSP",19.2693426410704,"Simpson inverse"
29,"codyn","DINVSP",5.95238095238095,"Simpson inverse"
29,"divseg","DINVSP",1.05189590629151,"Simpson inverse"
29,"ecodive","DINVSP",19.2693426410704,"Simpson inverse"
29,"microbiome","DINVSP",19.2693426410704,"Simpson inverse"
29,"sprex","DINVSP",19.2693426410704,"Simpson inverse"
29,"vegan","DINVSP",19.2693426410704,"Simpson inverse"
29,"wiqid","DINVSP",19.2693426410704,"Simpson inverse"
29,"custom","DKO",0.211009174311927,"Kothe"
29,"abdiv","DMC",0.814905947265888,"McIntosh"
29,"adiv","DMC",0.814905947265888,"McIntosh"
29,"agricolae","DMC",0.814905947265888,"McIntosh"
29,"ecodive","DMC",0.814905947265888,"McIntosh"
29,"forestHES","DMC",0.814905947265888,"McIntosh"
29,"tabula","DMC",0.814905947265888,"McIntosh"
29,"abdiv","DMG",14.4137327781924,"Margalef"
29,"adiv","DMG",14.4137327781924,"Margalef"
29,"agricolae","DMG",37.9844252037071,"Margalef"
29,"ecodive","DMG",14.4137327781924,"Margalef"
29,"tabula","DMG",14.4137327781924,"Margalef"
29,"abdiv","DMN",4.50762479790425,"Menhinick"
29,"adiv","DMN",4.50762479790425,"Menhinick"
29,"ecodive","DMN",4.50762479790425,"Menhinick"
29,"tabula","DMN",4.50762479790425,"Menhinick"
29,"custom","DOD",236.263736263736,"Odum"
29,"abdiv","DQ",0,"Q-statistic"
29,"ade4","DRAO",0.948104093708488,"Rao"
29,"BAT","DRAO",0.948104093708524,"Rao"
29,"SYNCSA","DRAO",0.948104093708489,"Rao"
29,"abdiv","DSHA",3.68872115089303,"Shannon"
29,"adiv","DSHA",3.68872115089303,"Shannon"
29,"aqp","DSHA",5.3216997116156,"Shannon"
29,"asbio","DSHA",3.68872115089303,"Shannon"
29,"benthos","DSHA",0,"Shannon"
29,"BiodiversityR","DSHA",3.68872115,"Shannon"
29,"biosampleR","DSHA",2.64185942378918,"Shannon"
29,"chemodiv","DSHA",3.68872115089303,"Shannon"
29,"codyn","DSHA",3.68872115089303,"Shannon"
29,"DescTools","DSHA",5.3216997116156,"Shannon"
29,"divDyn","DSHA",3.68872115089303,"Shannon"
29,"divent","DSHA",3.68872115089303,"Shannon"
29,"diverse","DSHA",2.64185942378918,"Shannon"
29,"ecodive","DSHA",3.68872115089302,"Shannon"
29,"EconGeo","DSHA",5.322,"Shannon"
29,"entropart","DSHA",3.68872115089303,"Shannon"
29,"forestmangr","DSHA",3.56,"Shannon"
29,"HardyWeinberg","DSHA",3.68872115089303,"Shannon"
29,"iNEXT","DSHA",3.689,"Shannon"
29,"MCPAN","DSHA",3.68872115089303,"Shannon"
29,"microbiome","DSHA",3.68872115089303,"Shannon"
29,"OTUtable","DSHA",3.68872115089303,"Shannon"
29,"pgirmess","DSHA",5.3216997116156,"Shannon"
29,"SpiecEasi","DSHA",3.68872115089303,"Shannon"
29,"sprex","DSHA",3.68872115089303,"Shannon"
29,"tabula","DSHA",3.68872115089303,"Shannon"
29,"triversity","DSHA",5.3216997116156,"Shannon"
29,"vegan","DSHA",3.68872115089303,"Shannon"
29,"wavethresh","DSHA",-47903.4773809576,"Shannon"
29,"wiqid","DSHA",39.9936683723353,"Shannon"
29,"abdiv","DSP",0.0518959062915107,"Simpson"
29,"agricolae","DSP",0.0518959062915107,"Simpson"
29,"antitrust","DSP",518.959062915107,"Simpson"
29,"benthos","DSP",0.0492840492840493,"Simpson"
29,"breakaway","DSP",0.0518959062915107,"Simpson"
29,"concstats","DSP",0.0518959062915107,"Simpson"
29,"DescTools","DSP",0.0518959062915107,"Simpson"
29,"diverse","DSP",0.200271769273433,"Simpson"
29,"divseg","DSP",1.05189590629151,"Simpson"
29,"EconGeo","DSP",0.0518959062915107,"Simpson"
29,"hhi","DSP",0.168,"Simpson"
29,"ineq","DSP",0.0518959062915107,"Simpson"
29,"microbiome","DSP",0.0518959062915107,"Simpson"
29,"PDtoolkit","DSP",0.0518959062915107,"Simpson"
29,"politics","DSP",0.0518959062915107,"Simpson"
29,"REAT","DSP",0.0518959062915107,"Simpson"
29,"sprex","DSP",0.0518959062915107,"Simpson"
29,"tabula","DSP",0.0518959062915107,"Simpson"
29,"triversity","DSP",0.0518959062915107,"Simpson"
29,"abdiv","EBP",0.148351648351648,"Berger-Parker"
29,"agricolae","EBP",0.148351648351648,"Berger-Parker"
29,"BiodiversityR","EBP",0.14835165,"Berger-Parker"
29,"diverse","EBP",0.410981697171381,"Berger-Parker"
29,"dyvDyn","EBP",0.148351648351648,"Berger-Parker"
29,"ecodive","EBP",0.148351648351648,"Berger-Parker"
29,"microbiome","EBP",0.148351648351648,"Berger-Parker"
29,"tabula","EBP",0.148351648351648,"Berger-Parker"
29,"triversity","EBP",0.148351648351648,"Berger-Parker"
29,"wiqid","EBP",1,"Berger-Parker"
29,"tabula","EBRI",0.828961053403069,"Brillouin evenness"
29,"BAT","EBU",0.538914027149321,"Bulla"
29,"microbiome","EBU",0.538914027149321,"Bulla"
29,"BAT","ECAM",0.986103636445633,"Camargo"
29,"microbiome","ECAM",0.659851776130846,"Camargo"
29,"codyn","EEQ",0.219736419602878,"NHC EQ"
29,"custom","EEQ",0.00079854403631728,"NHC EQ"
29,"adiv","EEVAR",0.540282878855601,"NHC EVAR"
29,"codyn","EEVAR",0.532391303880322,"NHC EVAR"
29,"custom","EEVAR",0.540282878855601,"NHC EVAR"
29,"microbiome","EEVAR",0.540282878855601,"NHC EVAR"
29,"acid","EGIN",0.843516483516483,"Gini coefficient"
29,"DescTools","EGIN",0.843516483516484,"Gini coefficient"
29,"dplR","EGIN",0.843516483516484,"Gini coefficient"
29,"EconGeo","EGIN",0.844,"Gini coefficient"
29,"giniVarCI","EGIN",0.843516483516484,"Gini coefficient"
29,"ineq","EGIN",0.843516483516484,"Gini coefficient"
29,"microbiome","EGIN",0.843516483516485,"Gini coefficient"
29,"REAT","EGIN",0.843516483516483,"Gini coefficient"
29,"shipunov","EGIN",0.843516483516485,"Gini coefficient"
29,"wINEQ","EGIN",0.843516483516483,"Gini coefficient"
29,"abdiv","EHEI",0.458749039674533,"Heip"
29,"adiv","EHEI",0.458749039674533,"Heip"
29,"custom","EHUL",0.277472527472527,"Hulburt"
29,"benthos","EHURE",0.950715950715951,"Hurlbert PIE"
29,"BiodiversityR","EHURE",0.95071595,"Hurlbert PIE"
29,"mobr","EHURE",0.950715950715951,"Hurlbert PIE"
29,"vegan","EHURE",0.950715950715851,"Hurlbert PIE"
29,"custom","ELR",0.173092333778949,"Ludwig-Reynolds"
29,"abdiv","EMC",0.29704807474472,"McIntosh evenness"
29,"tabula","EMC",0.865525258807004,"McIntosh evenness"
29,"microbiome","EMN",0.277472527472527,"McNaughton"
29,"custom","ENHC",-0.0343508951728076,"NHC"
29,"custom","EPAT",0.270717103076046,"Patten"
29,"abdiv","EPIE",0.828117096750754,"Pielou"
29,"adiv","EPIE",0.828117096750754,"Pielou"
29,"BiodiversityR","EPIE",0.8281171,"Pielou"
29,"breakaway","EPIE",0.828117096750754,"Pielou"
29,"chemodiv","EPIE",0.828117096750754,"Pielou"
29,"diverse","EPIE",0.597862574886245,"Pielou"
29,"forestmangr","EPIE",1,"Pielou"
29,"microbiome","EPIE",0.828117096750754,"Pielou"
29,"OTUtable","EPIE",0.828117096750754,"Pielou"
29,"pctax","EPIE",0.8281,"Pielou"
29,"sprex","EPIE",0.828117096750754,"Pielou"
29,"tabula","EPIE",0.828117096750754,"Pielou"
29,"custom","ESHE",0.465042655492271,"Sheldon"
29,"adiv","ESP",0.224062123733377,"Simpson evenness"
29,"codyn","ESP",0.425170068027211,"Simpson evenness"
29,"sprex","ESP",0.0428921064057328,"Simpson evenness"
29,"tabula","ESP",0.224062123733377,"Simpson evenness"
29,"abdiv","EST",0.455724508050089,"Strong"
29,"adiv","QHIL_0",86,"Hill q=0"
29,"adiv","QHIL_1",39.9936683723353,"Hill q=1"
29,"adiv","QHIL_2",19.2693426410704,"Hill q=2"
29,"adiv","QHIL_3",13.1340608850804,"Hill q=3"
29,"BAT","QHIL_0",86,"Hill q=0"
29,"BAT","QHIL_1",39.9936683723353,"Hill q=1"
29,"BAT","QHIL_2",19.2693426410704,"Hill q=2"
29,"BAT","QHIL_3",13.1340608850804,"Hill q=3"
29,"benthos","QHIL_0",225,"Hill q=0"
29,"benthos","QHIL_1",39.9936683723353,"Hill q=1"
29,"benthos","QHIL_2",19.2693426410704,"Hill q=2"
29,"benthos","QHIL_3",13.1340608850804,"Hill q=3"
29,"breakaway","QHIL_0",86,"Hill q=0"
29,"breakaway","QHIL_1",39.9936683723353,"Hill q=1"
29,"breakaway","QHIL_2",19.2693426410704,"Hill q=2"
29,"breakaway","QHIL_3",13.1340608850804,"Hill q=3"
29,"chemodiv","QHIL_0",86,"Hill q=0"
29,"chemodiv","QHIL_1",39.9936683723353,"Hill q=1"
29,"chemodiv","QHIL_2",19.2693426410704,"Hill q=2"
29,"chemodiv","QHIL_3",13.1340608850804,"Hill q=3"
29,"divDyn","QHIL_2",19.2693426410704,"Hill q=2"
29,"divent","QHIL_0",86,"Hill q=0"
29,"divent","QHIL_1",39.9936683723353,"Hill q=1"
29,"divent","QHIL_2",19.2693426410704,"Hill q=2"
29,"divent","QHIL_3",13.1340608850805,"Hill q=3"
29,"entropart","QHIL_0",86,"Hill q=0"
29,"entropart","QHIL_1",39.9936683723353,"Hill q=1"
29,"entropart","QHIL_2",19.2693426410704,"Hill q=2"
29,"entropart","QHIL_3",13.1340608850804,"Hill q=3"
29,"EntropyEstimation","QHIL_1",45.4480779326511,"Hill q=1"
29,"EntropyEstimation","QHIL_2",20.2905405405405,"Hill q=2"
29,"EntropyEstimation","QHIL_3",13.5718496036307,"Hill q=3"
29,"hilldiv","QHIL_0",86,"Hill q=0"
29,"hilldiv","QHIL_1",39.9940106992606,"Hill q=1"
29,"hilldiv","QHIL_2",19.2693426410704,"Hill q=2"
29,"hilldiv","QHIL_3",13.1340608850804,"Hill q=3"
29,"hillR","QHIL_0",86,"Hill q=0"
29,"hillR","QHIL_1",39.9936683723353,"Hill q=1"
29,"hillR","QHIL_2",19.2693426410704,"Hill q=2"
29,"hillR","QHIL_3",13.1340608850804,"Hill q=3"
29,"sprex","QHIL_0",86,"Hill q=0"
29,"sprex","QHIL_1",39.9936683723353,"Hill q=1"
29,"sprex","QHIL_2",19.2693426410704,"Hill q=2"
29,"sprex","QHIL_3",13.1340608850804,"Hill q=3"
29,"vegan","QHIL_0",86,"Hill q=0"
29,"vegan","QHIL_1",39.9936683723353,"Hill q=1"
29,"vegan","QHIL_2",19.2693426410704,"Hill q=2"
29,"vegan","QHIL_3",13.1340608850804,"Hill q=3"
29,"adiv","QREN_0",4.45434729625351,"Renyi q=0"
29,"adiv","QREN_1",3.68872115089303,"Renyi q=1"
29,"adiv","QREN_2",2.95851536877074,"Renyi q=2"
29,"adiv","QREN_3",2.57520892344255,"Renyi q=3"
29,"BiodiversityR","QREN_0",4.45434729625351,"Renyi q=0"
29,"BiodiversityR","QREN_1",3.68872115089303,"Renyi q=1"
29,"BiodiversityR","QREN_2",2.95851536877074,"Renyi q=2"
29,"BiodiversityR","QREN_3",2.57520892344255,"Renyi q=3"
29,"diverse","QREN_0",4.4188406077966,"Renyi q=0"
29,"diverse","QREN_1",2.64185942378918,"Renyi q=1"
29,"diverse","QREN_2",1.60145767992636,"Renyi q=2"
29,"diverse","QREN_3",1.30517982910754,"Renyi q=3"
29,"EntropyEstimation","QREN_1",3.81657053001861,"Renyi q=1"
29,"EntropyEstimation","QREN_2",3.01015479421921,"Renyi q=2"
29,"EntropyEstimation","QREN_3",2.60799776548943,"Renyi q=3"
29,"seewave","QREN_2",0.546244571821492,"Renyi q=2"
29,"seewave","QREN_3",0.475472902916391,"Renyi q=3"
29,"sprex","QREN_0",4.45434729625351,"Renyi q=0"
29,"sprex","QREN_1",3.68872115089303,"Renyi q=1"
29,"sprex","QREN_2",2.95851536877074,"Renyi q=2"
29,"sprex","QREN_3",2.57520892344255,"Renyi q=3"
29,"statcomp","QREN_1",0.681065873408046,"Renyi q=1"
29,"statcomp","QREN_2",0.546244557720272,"Renyi q=2"
29,"statcomp","QREN_3",0.475472892340476,"Renyi q=3"
29,"vegan","QREN_0",4.45434729625351,"Renyi q=0"
29,"vegan","QREN_1",3.68872115089303,"Renyi q=1"
29,"vegan","QREN_2",2.95851536877074,"Renyi q=2"
29,"vegan","QREN_3",2.57520892344255,"Renyi q=3"
29,"adiv","QTSA_0",85,"Tsallis q=0"
29,"adiv","QTSA_1",3.68872115089303,"Tsallis q=1"
29,"adiv","QTSA_2",0.948104093708489,"Tsallis q=2"
29,"adiv","QTSA_3",0.497101509015076,"Tsallis q=3"
29,"divent","QTSA_0",85,"Tsallis q=0"
29,"divent","QTSA_1",3.68872115089303,"Tsallis q=1"
29,"divent","QTSA_2",0.948104093708489,"Tsallis q=2"
29,"divent","QTSA_3",0.497101509015076,"Tsallis q=3"
29,"entropart","QTSA_0",85,"Tsallis q=0"
29,"entropart","QTSA_1",3.68872115089303,"Tsallis q=1"
29,"entropart","QTSA_2",0.948104093708489,"Tsallis q=2"
29,"entropart","QTSA_3",0.497101509015076,"Tsallis q=3"
29,"EntropyEstimation","QTSA_1",3.81657053001861,"Tsallis q=1"
29,"EntropyEstimation","QTSA_2",0.950715950715951,"Tsallis q=2"
29,"EntropyEstimation","QTSA_3",0.497285486989153,"Tsallis q=3"
29,"vegan","QTSA_0",85,"Tsallis q=0"
29,"vegan","QTSA_1",3.68872115089303,"Tsallis q=1"
29,"vegan","QTSA_2",0.948104093708489,"Tsallis q=2"
29,"vegan","QTSA_3",0.497101509015076,"Tsallis q=3"
29,"BAT","RACE",127.056472407133,"ACE"
29,"ecodive","RACE",127.056472407133,"ACE"
29,"fossil","RACE",104.737179487179,"ACE"
29,"pctax","RACE",127.0565,"ACE"
29,"sprex","RACE",364,"ACE"
29,"tabula","RACE",127.056472407133,"ACE"
29,"vegan","RACE",127.056472407133,"ACE"
29,"wiqid","RACE",127.056472407133,"ACE"
29,"BiodiversityR","RBOO",86,"Bootstrap estimator"
29,"wiqid","RBOO",225,"Bootstrap estimator"
29,"BAT","RC1",127.625,"Chao 1"
29,"BiodiversityR","RC1",86,"Chao 1"
29,"biosampleR","RC1",169,"Chao 1"
29,"iNEXT","RC1",131.508,"Chao 1"
29,"microbiome","RC1",127.625,"Chao 1"
29,"pctax","RC1",127.625,"Chao 1"
29,"rareNMtests","RC1",86,"Chao 1"
29,"SpadeR","RC1",86,"Chao 1"
29,"SSP","RC1",86,"Chao 1"
29,"vegan","RC1",127.625,"Chao 1"
29,"wiqid","RC1",131.633333333333,"Chao 1"
29,"BAT","RC1M",151.24839440238,"Chao 1 modified"
29,"divent","RC1M",131.507967032967,"Chao 1 modified"
29,"ecodive","RC1M",131.633333333333,"Chao 1 modified"
29,"entropart","RC1M",131.507967032967,"Chao 1 modified"
29,"fossil","RC1M",131.633333333333,"Chao 1 modified"
29,"mobr","RC1M",131.507967032967,"Chao 1 modified"
29,"OTUtable","RC1M",131.633333333333,"Chao 1 modified"
29,"tabula","RC1M",131.507967032967,"Chao 1 modified"
29,"wiqid","RC1M",131.633333333333,"Chao 1 modified"
29,"BAT","RCA2",235.894488391637,"Chao 2"
29,"divDyn","RCA2",127.140988372093,"Chao 2"
29,"fossil","RCA2",131.633333333333,"Chao 2"
29,"tabula","RCA2",86,"Chao 2"
29,"wiqid","RCA2",86,"Chao 2"
29,"benthos","RHUR_2",1.95071595071585,"Hurlbert D k=2"
29,"benthos","RHUR_3",2.85757687816946,"Hurlbert D k=3"
29,"divent","RHUR_2",20.2905409491473,"Hurlbert D k=2"
29,"divent","RHUR_3",20.7252199594401,"Hurlbert D k=3"
29,"entropart","RHUR_2",1.95071595071585,"Hurlbert D k=2"
29,"entropart","RHUR_3",2.85757687816945,"Hurlbert D k=3"
29,"mobsim","RHUR_2",1.95071595071585,"Hurlbert D k=2"
29,"mobsim","RHUR_3",2.85757687816946,"Hurlbert D k=3"
29,"tabula","RHUR_2",1.95071595071717,"Hurlbert D k=2"
29,"tabula","RHUR_3",2.85757687814429,"Hurlbert D k=3"
29,"vegan","RHUR_2",1.95071595071585,"Hurlbert D k=2"
29,"vegan","RHUR_3",2.85757687816946,"Hurlbert D k=3"
29,"BAT","RICE",229.110087858151,"ICE"
29,"fossil","RICE",104.737179487179,"ICE"
29,"tabula","RICE",86,"ICE"
29,"wiqid","RICE",86,"ICE"
29,"BAT","RJA1",123,"Jackknife 1"
29,"BiodiversityR","RJA1",86,"Jackknife 1"
29,"divent","RJA1",145,"Jackknife 1"
29,"entropart","RJA1",145,"Jackknife 1"
29,"fossil","RJA1",122.898351648352,"Jackknife 1"
29,"SSP","RJA1",86,"Jackknife 1"
29,"tabula","RJA1",3.66340092271855,"Jackknife 1"
29,"wiqid","RJA1",123,"Jackknife 1"
29,"BAT","RJA2",145,"Jackknife 2"
29,"BiodiversityR","RJA2",86,"Jackknife 2"
29,"fossil","RJA2",144.513622740895,"Jackknife 2"
29,"SSP","RJA2",86,"Jackknife 2"
29,"wiqid","RJA2",145,"Jackknife 2"
29,"asbio","RLMD",153.763477289815,NA
29,"sads","RLMD",0.830428107723453,NA
29,"vegan","RLMD",108.875799602241,NA
29,"wiqid","RMM",0,"Michaelis-Menten"
29,"divDyn","RSQ",158.793695964861,"Squares Richness Estimator"
29,"ecodive","RSQ",158.793695964861,"Squares Richness Estimator"
29,"tabula","RSQ",158.793695964861,"Squares Richness Estimator"
30,"custom","RICH",97,"Species richness"
30,"abdiv","D1SP",0.960265927977839,"Simpson's reciprocal"
30,"ade4","D1SP",0.960265927977839,"Simpson's reciprocal"
30,"adiv","D1SP",0.960265927977839,"Simpson's reciprocal"
30,"agricolae","D1SP",0.960265927977839,"Simpson's reciprocal"
30,"asbio","D1SP",0.960265927977839,"Simpson's reciprocal"
30,"BiodiversityR","D1SP",0.96026593,"Simpson's reciprocal"
30,"biosampleR","D1SP",0.964856679286101,"Simpson's reciprocal"
30,"breakaway","D1SP",0.960265927977839,"Simpson's reciprocal"
30,"catsim","D1SP",0.639130864197531,"Simpson's reciprocal"
30,"concstats","D1SP",0.995713098535813,"Simpson's reciprocal"
30,"CUB","D1SP",0.964552829442026,"Simpson's reciprocal"
30,"DescTools","D1SP",0.960265927977839,"Simpson's reciprocal"
30,"divent","D1SP",0.960265927977839,"Simpson's reciprocal"
30,"diverse","D1SP",0.964856679286101,"Simpson's reciprocal"
30,"ecodive","D1SP",0.960265927977839,"Simpson's reciprocal"
30,"entropart","D1SP",0.960265927977839,"Simpson's reciprocal"
30,"lawstat","D1SP",0.829755639097744,"Simpson's reciprocal"
30,"MCPAN","D1SP",0.960265927977839,"Simpson's reciprocal"
30,"microbiome","D1SP",0.960265927977839,"Simpson's reciprocal"
30,"PCRA","D1SP",0.960265927977839,"Simpson's reciprocal"
30,"RoughSets","D1SP",0.960265927977839,"Simpson's reciprocal"
30,"simboot","D1SP",0.960265927977839,"Simpson's reciprocal"
30,"sprex","D1SP",0.960265927977839,"Simpson's reciprocal"
30,"untb","D1SP",0.962291805463025,"Simpson's reciprocal"
30,"vegan","D1SP",0.960265927977839,"Simpson's reciprocal"
30,"abdiv","DBRI",3.56536275575132,"Brillouin"
30,"ecodive","DBRI",3.56536275575132,"Brillouin"
30,"tabula","DBRI",3.56536275575132,"Brillouin"
30,"wiqid","DBRI",35.3522753197218,"Brillouin"
30,"BiodiversityR","DFIS",36.87417374,"Fisher's alpha"
30,"ecodive","DFIS",36.874,"Fisher's alpha"
30,"microbiome","DFIS",36.8741737392296,"Fisher's alpha"
30,"preseqR","DFIS",12.2318459995506,"Fisher's alpha"
30,"sads","DFIS",36.8741739020395,"Fisher's alpha"
30,"vegan","DFIS",36.8741737392296,"Fisher's alpha"
30,"custom","DGLE",15.7382842000058,"Gleason"
30,"custom","DGOO_1_1",3.8515981793755,"Good m1 n1"
30,"custom","DGOO_1_2",0.326050638937341,"Good m1 n2"
30,"custom","DGOO_1_3",1,"Good m1 n3"
30,"custom","DGOO_2_1",0.109039556156479,"Good m2 n1"
30,"custom","DGOO_2_2",1.07167808855845,"Good m2 n2"
30,"custom","DGOO_2_3",1,"Good m2 n3"
30,"custom","DGOO_3_1",0.0075925391514077,"Good m3 n1"
30,"custom","DGOO_3_2",0.047371440811256,"Good m3 n2"
30,"custom","DGOO_3_3",1,"Good m3 n3"
30,"abdiv","DINVSP",25.1673173452315,"Simpson inverse"
30,"adiv","DINVSP",25.1673173452315,"Simpson inverse"
30,"asbio","DINVSP",25.1673173452315,"Simpson inverse"
30,"BiodiversityR","DINVSP",25.16731735,"Simpson inverse"
30,"breakaway","DINVSP",25.1673173452315,"Simpson inverse"
30,"chemodiv","DINVSP",25.1673173452315,"Simpson inverse"
30,"codyn","DINVSP",5.66050054406964,"Simpson inverse"
30,"divseg","DINVSP",1.03973407202216,"Simpson inverse"
30,"ecodive","DINVSP",25.1673173452315,"Simpson inverse"
30,"microbiome","DINVSP",25.1673173452315,"Simpson inverse"
30,"sprex","DINVSP",25.1673173452315,"Simpson inverse"
30,"vegan","DINVSP",25.1673173452315,"Simpson inverse"
30,"wiqid","DINVSP",25.1673173452315,"Simpson inverse"
30,"custom","DKO",0.110091743119266,"Kothe"
30,"abdiv","DMC",0.839169673913391,"McIntosh"
30,"adiv","DMC",0.839169673913391,"McIntosh"
30,"agricolae","DMC",0.839169673913391,"McIntosh"
30,"ecodive","DMC",0.839169673913391,"McIntosh"
30,"forestHES","DMC",0.839169673913391,"McIntosh"
30,"tabula","DMC",0.839169673913391,"McIntosh"
30,"abdiv","DMG",15.5760338474284,"Margalef"
30,"adiv","DMG",15.5760338474284,"Margalef"
30,"agricolae","DMG",36.3440789773329,"Margalef"
30,"ecodive","DMG",15.5760338474284,"Margalef"
30,"tabula","DMG",15.5760338474284,"Margalef"
30,"abdiv","DMN",4.4506652370889,"Menhinick"
30,"adiv","DMN",4.4506652370889,"Menhinick"
30,"ecodive","DMN",4.4506652370889,"Menhinick"
30,"tabula","DMN",4.4506652370889,"Menhinick"
30,"custom","DOD",204.210526315789,"Odum"
30,"abdiv","DQ",0,"Q-statistic"
30,"ade4","DRAO",0.960265927977839,"Rao"
30,"BAT","DRAO",0.960265927977788,"Rao"
30,"SYNCSA","DRAO",0.960265927977839,"Rao"
30,"abdiv","DSHA",3.8515981793755,"Shannon"
30,"adiv","DSHA",3.8515981793755,"Shannon"
30,"aqp","DSHA",5.556681592882,"Shannon"
30,"asbio","DSHA",3.8515981793755,"Shannon"
30,"benthos","DSHA",0,"Shannon"
30,"BiodiversityR","DSHA",3.85159818,"Shannon"
30,"biosampleR","DSHA",3.84610879109741,"Shannon"
30,"chemodiv","DSHA",3.8515981793755,"Shannon"
30,"codyn","DSHA",3.8515981793755,"Shannon"
30,"DescTools","DSHA",5.556681592882,"Shannon"
30,"divDyn","DSHA",3.8515981793755,"Shannon"
30,"divent","DSHA",3.8515981793755,"Shannon"
30,"diverse","DSHA",3.84610879109741,"Shannon"
30,"ecodive","DSHA",3.8515981793755,"Shannon"
30,"EconGeo","DSHA",5.557,"Shannon"
30,"entropart","DSHA",3.8515981793755,"Shannon"
30,"forestmangr","DSHA",3.56,"Shannon"
30,"HardyWeinberg","DSHA",3.8515981793755,"Shannon"
30,"iNEXT","DSHA",3.852,"Shannon"
30,"MCPAN","DSHA",3.8515981793755,"Shannon"
30,"microbiome","DSHA",3.8515981793755,"Shannon"
30,"OTUtable","DSHA",3.8515981793755,"Shannon"
30,"pgirmess","DSHA",5.556681592882,"Shannon"
30,"SpiecEasi","DSHA",3.8515981793755,"Shannon"
30,"sprex","DSHA",3.8515981793755,"Shannon"
30,"tabula","DSHA",3.8515981793755,"Shannon"
30,"triversity","DSHA",5.556681592882,"Shannon"
30,"vegan","DSHA",3.8515981793755,"Shannon"
30,"wavethresh","DSHA",-61304.1347207301,"Shannon"
30,"wiqid","DSHA",47.0682266223198,"Shannon"
30,"abdiv","DSP",0.0397340720221607,"Simpson"
30,"agricolae","DSP",0.0397340720221607,"Simpson"
30,"antitrust","DSP",397.340720221606,"Simpson"
30,"benthos","DSP",0.0377081945369754,"Simpson"
30,"breakaway","DSP",0.0397340720221607,"Simpson"
30,"concstats","DSP",0.0397340720221607,"Simpson"
30,"DescTools","DSP",0.0397340720221607,"Simpson"
30,"diverse","DSP",0.0328942375454003,"Simpson"
30,"divseg","DSP",1.03973407202216,"Simpson"
30,"EconGeo","DSP",0.0397340720221607,"Simpson"
30,"hhi","DSP",0.176662821991542,"Simpson"
30,"ineq","DSP",0.0397340720221607,"Simpson"
30,"microbiome","DSP",0.0397340720221607,"Simpson"
30,"PDtoolkit","DSP",0.0397340720221607,"Simpson"
30,"politics","DSP",0.0397340720221607,"Simpson"
30,"REAT","DSP",0.0397340720221607,"Simpson"
30,"sprex","DSP",0.0397340720221607,"Simpson"
30,"tabula","DSP",0.0397340720221607,"Simpson"
30,"triversity","DSP",0.0397340720221607,"Simpson"
30,"abdiv","EBP",0.128421052631579,"Berger-Parker"
30,"agricolae","EBP",0.128421052631579,"Berger-Parker"
30,"BiodiversityR","EBP",0.12842105,"Berger-Parker"
30,"diverse","EBP",0.0906976744186047,"Berger-Parker"
30,"dyvDyn","EBP",0.128421052631579,"Berger-Parker"
30,"ecodive","EBP",0.128421052631579,"Berger-Parker"
30,"microbiome","EBP",0.128421052631579,"Berger-Parker"
30,"tabula","EBP",0.128421052631579,"Berger-Parker"
30,"triversity","EBP",0.128421052631579,"Berger-Parker"
30,"wiqid","EBP",1,"Berger-Parker"
30,"tabula","EBRI",0.843281212364038,"Brillouin evenness"
30,"BAT","EBU",0.536732456140351,"Bulla"
30,"microbiome","EBU",0.536732456140351,"Bulla"
30,"BAT","ECAM",0.987571893651655,"Camargo"
30,"microbiome","ECAM",0.561106890938687,"Camargo"
30,"codyn","EEQ",0.184635021747647,"NHC EQ"
30,"custom","EEQ",0.00068348899998516,"NHC EQ"
30,"adiv","EEVAR",0.503447485431908,"NHC EVAR"
30,"codyn","EEVAR",0.441562497749023,"NHC EVAR"
30,"custom","EEVAR",0.503447485431908,"NHC EVAR"
30,"microbiome","EEVAR",0.503447485431908,"NHC EVAR"
30,"acid","EGIN",0.82606783625731,"Gini coefficient"
30,"DescTools","EGIN",0.82606783625731,"Gini coefficient"
30,"dplR","EGIN",0.82606783625731,"Gini coefficient"
30,"EconGeo","EGIN",0.826,"Gini coefficient"
30,"giniVarCI","EGIN",0.82606783625731,"Gini coefficient"
30,"ineq","EGIN",0.82606783625731,"Gini coefficient"
30,"microbiome","EGIN",0.826067836257309,"Gini coefficient"
30,"REAT","EGIN",0.82606783625731,"Gini coefficient"
30,"shipunov","EGIN",0.826067836257309,"Gini coefficient"
30,"wINEQ","EGIN",0.82606783625731,"Gini coefficient"
30,"abdiv","EHEI",0.479877360649165,"Heip"
30,"adiv","EHEI",0.479877360649165,"Heip"
30,"custom","EHUL",0.204210526315789,"Hulburt"
30,"benthos","EHURE",0.962291805463025,"Hurlbert PIE"
30,"BiodiversityR","EHURE",0.96229181,"Hurlbert PIE"
30,"mobr","EHURE",0.962291805463025,"Hurlbert PIE"
30,"vegan","EHURE",0.96229180546288,"Hurlbert PIE"
30,"custom","ELR",0.180369092778644,"Ludwig-Reynolds"
30,"abdiv","EMC",0.249741582213052,"McIntosh evenness"
30,"tabula","EMC",0.891148332826944,"McIntosh evenness"
30,"microbiome","EMN",0.204210526315789,"McNaughton"
30,"custom","ENHC",-0.0331613640713909,"NHC"
30,"custom","EPAT",0.157250894408085,"Patten"
30,"abdiv","EPIE",0.841932571800537,"Pielou"
30,"adiv","EPIE",0.841932571800537,"Pielou"
30,"BiodiversityR","EPIE",0.84193257,"Pielou"
30,"breakaway","EPIE",0.841932571800537,"Pielou"
30,"chemodiv","EPIE",0.841932571800537,"Pielou"
30,"diverse","EPIE",0.850572450604804,"Pielou"
30,"forestmangr","EPIE",1,"Pielou"
30,"microbiome","EPIE",0.841932571800537,"Pielou"
30,"OTUtable","EPIE",0.841932571800537,"Pielou"
30,"pctax","EPIE",0.8419,"Pielou"
30,"sprex","EPIE",0.841932571800537,"Pielou"
30,"tabula","EPIE",0.841932571800537,"Pielou"
30,"custom","ESHE",0.485239449714637,"Sheldon"
30,"adiv","ESP",0.259456879847747,"Simpson evenness"
30,"codyn","ESP",0.332970620239391,"Simpson evenness"
30,"sprex","ESP",0.0397071977255207,"Simpson evenness"
30,"tabula","ESP",0.259456879847747,"Simpson evenness"
30,"abdiv","EST",0.45849158979924,"Strong"
30,"adiv","QHIL_0",97,"Hill q=0"
30,"adiv","QHIL_1",47.0682266223198,"Hill q=1"
30,"adiv","QHIL_2",25.1673173452315,"Hill q=2"
30,"adiv","QHIL_3",17.5461884151073,"Hill q=3"
30,"BAT","QHIL_0",97,"Hill q=0"
30,"BAT","QHIL_1",47.0682266223198,"Hill q=1"
30,"BAT","QHIL_2",25.1673173452315,"Hill q=2"
30,"BAT","QHIL_3",17.5461884151073,"Hill q=3"
30,"benthos","QHIL_0",225,"Hill q=0"
30,"benthos","QHIL_1",47.0682266223198,"Hill q=1"
30,"benthos","QHIL_2",25.1673173452315,"Hill q=2"
30,"benthos","QHIL_3",17.5461884151073,"Hill q=3"
30,"breakaway","QHIL_0",97,"Hill q=0"
30,"breakaway","QHIL_1",47.0682266223198,"Hill q=1"
30,"breakaway","QHIL_2",25.1673173452315,"Hill q=2"
30,"breakaway","QHIL_3",17.5461884151073,"Hill q=3"
30,"chemodiv","QHIL_0",97,"Hill q=0"
30,"chemodiv","QHIL_1",47.0682266223198,"Hill q=1"
30,"chemodiv","QHIL_2",25.1673173452315,"Hill q=2"
30,"chemodiv","QHIL_3",17.5461884151073,"Hill q=3"
30,"divDyn","QHIL_2",25.1673173452315,"Hill q=2"
30,"divent","QHIL_0",97,"Hill q=0"
30,"divent","QHIL_1",47.0682266223198,"Hill q=1"
30,"divent","QHIL_2",25.1673173452314,"Hill q=2"
30,"divent","QHIL_3",17.5461884151069,"Hill q=3"
30,"entropart","QHIL_0",97,"Hill q=0"
30,"entropart","QHIL_1",47.0682266223198,"Hill q=1"
30,"entropart","QHIL_2",25.1673173452314,"Hill q=2"
30,"entropart","QHIL_3",17.546188415107,"Hill q=3"
30,"EntropyEstimation","QHIL_1",52.5372757448947,"Hill q=1"
30,"EntropyEstimation","QHIL_2",26.5194346289751,"Hill q=2"
30,"EntropyEstimation","QHIL_3",18.1814301412612,"Hill q=3"
30,"hilldiv","QHIL_0",97,"Hill q=0"
30,"hilldiv","QHIL_1",47.0685775439529,"Hill q=1"
30,"hilldiv","QHIL_2",25.1673173452315,"Hill q=2"
30,"hilldiv","QHIL_3",17.5461884151073,"Hill q=3"
30,"hillR","QHIL_0",97,"Hill q=0"
30,"hillR","QHIL_1",47.0682266223198,"Hill q=1"
30,"hillR","QHIL_2",25.1673173452315,"Hill q=2"
30,"hillR","QHIL_3",17.5461884151073,"Hill q=3"
30,"sprex","QHIL_0",97,"Hill q=0"
30,"sprex","QHIL_1",47.0682266223198,"Hill q=1"
30,"sprex","QHIL_2",25.1673173452315,"Hill q=2"
30,"sprex","QHIL_3",17.5461884151073,"Hill q=3"
30,"vegan","QHIL_0",97,"Hill q=0"
30,"vegan","QHIL_1",47.0682266223198,"Hill q=1"
30,"vegan","QHIL_2",25.1673173452315,"Hill q=2"
30,"vegan","QHIL_3",17.5461884151073,"Hill q=3"
30,"adiv","QREN_0",4.57471097850338,"Renyi q=0"
30,"adiv","QREN_1",3.8515981793755,"Renyi q=1"
30,"adiv","QREN_2",3.22554622203005,"Renyi q=2"
30,"adiv","QREN_3",2.86483674199957,"Renyi q=3"
30,"BiodiversityR","QREN_0",4.57471097850338,"Renyi q=0"
30,"BiodiversityR","QREN_1",3.8515981793755,"Renyi q=1"
30,"BiodiversityR","QREN_2",3.22554622203005,"Renyi q=2"
30,"BiodiversityR","QREN_3",2.86483674199957,"Renyi q=3"
30,"diverse","QREN_0",4.52178857704904,"Renyi q=0"
30,"diverse","QREN_1",3.84610879109741,"Renyi q=1"
30,"diverse","QREN_2",3.34832070114617,"Renyi q=2"
30,"diverse","QREN_3",3.0903631258523,"Renyi q=3"
30,"EntropyEstimation","QREN_1",3.96152293184522,"Renyi q=1"
30,"EntropyEstimation","QREN_2",3.27787784642432,"Renyi q=2"
30,"EntropyEstimation","QREN_3",2.90040075129128,"Renyi q=3"
30,"seewave","QREN_2",0.595547725557663,"Renyi q=2"
30,"seewave","QREN_3",0.52894824129453,"Renyi q=3"
30,"sprex","QREN_0",4.57471097850338,"Renyi q=0"
30,"sprex","QREN_1",3.8515981793755,"Renyi q=1"
30,"sprex","QREN_2",3.22554622203005,"Renyi q=2"
30,"sprex","QREN_3",2.86483674199957,"Renyi q=3"
30,"statcomp","QREN_1",0.711138622505568,"Renyi q=1"
30,"statcomp","QREN_2",0.595547715606825,"Renyi q=2"
30,"statcomp","QREN_3",0.528948233831402,"Renyi q=3"
30,"vegan","QREN_0",4.57471097850338,"Renyi q=0"
30,"vegan","QREN_1",3.8515981793755,"Renyi q=1"
30,"vegan","QREN_2",3.22554622203005,"Renyi q=2"
30,"vegan","QREN_3",2.86483674199957,"Renyi q=3"
30,"adiv","QTSA_0",96,"Tsallis q=0"
30,"adiv","QTSA_1",3.8515981793755,"Tsallis q=1"
30,"adiv","QTSA_2",0.960265927977839,"Tsallis q=2"
30,"adiv","QTSA_3",0.498375931185304,"Tsallis q=3"
30,"divent","QTSA_0",96,"Tsallis q=0"
30,"divent","QTSA_1",3.8515981793755,"Tsallis q=1"
30,"divent","QTSA_2",0.960265927977839,"Tsallis q=2"
30,"divent","QTSA_3",0.498375931185304,"Tsallis q=3"
30,"entropart","QTSA_0",96,"Tsallis q=0"
30,"entropart","QTSA_1",3.8515981793755,"Tsallis q=1"
30,"entropart","QTSA_2",0.960265927977839,"Tsallis q=2"
30,"entropart","QTSA_3",0.498375931185304,"Tsallis q=3"
30,"EntropyEstimation","QTSA_1",3.96152293184522,"Tsallis q=1"
30,"EntropyEstimation","QTSA_2",0.962291805463024,"Tsallis q=2"
30,"EntropyEstimation","QTSA_3",0.498487435437685,"Tsallis q=3"
30,"vegan","QTSA_0",96,"Tsallis q=0"
30,"vegan","QTSA_1",3.8515981793755,"Tsallis q=1"
30,"vegan","QTSA_2",0.960265927977839,"Tsallis q=2"
30,"vegan","QTSA_3",0.498375931185304,"Tsallis q=3"
30,"BAT","RACE",137.673716365665,"ACE"
30,"ecodive","RACE",137.673716365665,"ACE"
30,"fossil","RACE",112.431279620853,"ACE"
30,"pctax","RACE",137.6737,"ACE"
30,"sprex","RACE",475,"ACE"
30,"tabula","RACE",137.673716365665,"ACE"
30,"vegan","RACE",137.673716365665,"ACE"
30,"wiqid","RACE",137.673716365665,"ACE"
30,"BiodiversityR","RBOO",97,"Bootstrap estimator"
30,"wiqid","RBOO",225,"Bootstrap estimator"
30,"BAT","RC1",136.176470588235,"Chao 1"
30,"BiodiversityR","RC1",97,"Chao 1"
30,"biosampleR","RC1",121.75,"Chao 1"
30,"iNEXT","RC1",139.691,"Chao 1"
30,"microbiome","RC1",136.176470588235,"Chao 1"
30,"pctax","RC1",136.1765,"Chao 1"
30,"rareNMtests","RC1",97,"Chao 1"
30,"SpadeR","RC1",97,"Chao 1"
30,"SSP","RC1",97,"Chao 1"
30,"vegan","RC1",136.176470588235,"Chao 1"
30,"wiqid","RC1",139.78125,"Chao 1"
30,"BAT","RC1M",155.99000956531,"Chao 1 modified"
30,"divent","RC1M",139.691184210526,"Chao 1 modified"
30,"ecodive","RC1M",139.78125,"Chao 1 modified"
30,"entropart","RC1M",139.691184210526,"Chao 1 modified"
30,"fossil","RC1M",139.78125,"Chao 1 modified"
30,"mobr","RC1M",139.691184210526,"Chao 1 modified"
30,"OTUtable","RC1M",139.78125,"Chao 1 modified"
30,"tabula","RC1M",139.691184210526,"Chao 1 modified"
30,"wiqid","RC1M",139.78125,"Chao 1 modified"
30,"BAT","RCA2",236.275964221537,"Chao 2"
30,"divDyn","RCA2",135.77258944815,"Chao 2"
30,"fossil","RCA2",139.78125,"Chao 2"
30,"tabula","RCA2",97,"Chao 2"
30,"wiqid","RCA2",97,"Chao 2"
30,"benthos","RHUR_2",1.96229180546288,"Hurlbert D k=2"
30,"benthos","RHUR_3",2.88990054551391,"Hurlbert D k=3"
30,"divent","RHUR_2",26.5194346190456,"Hurlbert D k=2"
30,"divent","RHUR_3",26.9105773847716,"Hurlbert D k=3"
30,"entropart","RHUR_2",1.96229180546288,"Hurlbert D k=2"
30,"entropart","RHUR_3",2.88990054551391,"Hurlbert D k=3"
30,"mobsim","RHUR_2",1.96229180546288,"Hurlbert D k=2"
30,"mobsim","RHUR_3",2.88990054551391,"Hurlbert D k=3"
30,"tabula","RHUR_2",1.96229180549343,"Hurlbert D k=2"
30,"tabula","RHUR_3",2.88990054555872,"Hurlbert D k=3"
30,"vegan","RHUR_2",1.96229180546288,"Hurlbert D k=2"
30,"vegan","RHUR_3",2.88990054551391,"Hurlbert D k=3"
30,"BAT","RICE",229.680171356742,"ICE"
30,"fossil","RICE",112.431279620853,"ICE"
30,"tabula","RICE",97,"ICE"
30,"wiqid","RICE",97,"ICE"
30,"BAT","RJA1",134,"Jackknife 1"
30,"BiodiversityR","RJA1",97,"Jackknife 1"
30,"divent","RJA1",155,"Jackknife 1"
30,"entropart","RJA1",155,"Jackknife 1"
30,"fossil","RJA1",133.922105263158,"Jackknife 1"
30,"SSP","RJA1",97,"Jackknife 1"
30,"tabula","RJA1",3.83012440390316,"Jackknife 1"
30,"wiqid","RJA1",134,"Jackknife 1"
30,"BAT","RJA2",155,"Jackknife 2"
30,"BiodiversityR","RJA2",97,"Jackknife 2"
30,"fossil","RJA2",154.633613146791,"Jackknife 2"
30,"SSP","RJA2",97,"Jackknife 2"
30,"wiqid","RJA2",155,"Jackknife 2"
30,"asbio","RLMD",175.565225939145,NA
30,"sads","RLMD",0.957851353701821,NA
30,"vegan","RLMD",123.42623192088,NA
30,"wiqid","RMM",0,"Michaelis-Menten"
30,"divDyn","RSQ",152.275203120215,"Squares Richness Estimator"
30,"ecodive","RSQ",152.275203120215,"Squares Richness Estimator"
30,"tabula","RSQ",152.275203120215,"Squares Richness Estimator"
31,"custom","RICH",77,"Species richness"
31,"abdiv","D1SP",0.963580661359392,"Simpson's reciprocal"
31,"ade4","D1SP",0.963580661359392,"Simpson's reciprocal"
31,"adiv","D1SP",0.963580661359392,"Simpson's reciprocal"
31,"agricolae","D1SP",0.963580661359392,"Simpson's reciprocal"
31,"asbio","D1SP",0.963580661359392,"Simpson's reciprocal"
31,"BiodiversityR","D1SP",0.96358066,"Simpson's reciprocal"
31,"biosampleR","D1SP",0.956501519355265,"Simpson's reciprocal"
31,"breakaway","D1SP",0.963580661359392,"Simpson's reciprocal"
31,"catsim","D1SP",0.547516049382716,"Simpson's reciprocal"
31,"concstats","D1SP",0.995698300618931,"Simpson's reciprocal"
31,"CUB","D1SP",0.967882360740461,"Simpson's reciprocal"
31,"DescTools","D1SP",0.963580661359392,"Simpson's reciprocal"
31,"divent","D1SP",0.963580661359392,"Simpson's reciprocal"
31,"diverse","D1SP",0.956501519355265,"Simpson's reciprocal"
31,"ecodive","D1SP",0.963580661359392,"Simpson's reciprocal"
31,"entropart","D1SP",0.963580661359392,"Simpson's reciprocal"
31,"lawstat","D1SP",0.860896674584323,"Simpson's reciprocal"
31,"MCPAN","D1SP",0.963580661359392,"Simpson's reciprocal"
31,"microbiome","D1SP",0.963580661359392,"Simpson's reciprocal"
31,"PCRA","D1SP",0.963580661359392,"Simpson's reciprocal"
31,"RoughSets","D1SP",0.963580661359392,"Simpson's reciprocal"
31,"simboot","D1SP",0.963580661359392,"Simpson's reciprocal"
31,"sprex","D1SP",0.963580661359392,"Simpson's reciprocal"
31,"untb","D1SP",0.965874901029295,"Simpson's reciprocal"
31,"vegan","D1SP",0.963580661359392,"Simpson's reciprocal"
31,"abdiv","DBRI",3.45960687948004,"Brillouin"
31,"ecodive","DBRI",3.45960687948004,"Brillouin"
31,"tabula","DBRI",3.45960687948004,"Brillouin"
31,"wiqid","DBRI",31.804471066552,"Brillouin"
31,"BiodiversityR","DFIS",27.62297543,"Fisher's alpha"
31,"ecodive","DFIS",27.623,"Fisher's alpha"
31,"microbiome","DFIS",27.622975434937,"Fisher's alpha"
31,"preseqR","DFIS",11.6747319305241,"Fisher's alpha"
31,"sads","DFIS",27.6229713457637,"Fisher's alpha"
31,"vegan","DFIS",27.622975434937,"Fisher's alpha"
31,"custom","DGLE",12.7427897936794,"Gleason"
31,"custom","DGOO_1_1",3.72496715105979,"Good m1 n1"
31,"custom","DGOO_1_2",0.346645551600673,"Good m1 n2"
31,"custom","DGOO_1_3",1,"Good m1 n3"
31,"custom","DGOO_2_1",0.110126389908197,"Good m2 n1"
31,"custom","DGOO_2_2",1.14738714684099,"Good m2 n2"
31,"custom","DGOO_2_3",1,"Good m2 n3"
31,"custom","DGOO_3_1",0.00565655697053294,"Good m3 n1"
31,"custom","DGOO_3_2",0.0467606147842935,"Good m3 n2"
31,"custom","DGOO_3_3",1,"Good m3 n3"
31,"abdiv","DINVSP",27.4579395817196,"Simpson inverse"
31,"adiv","DINVSP",27.4579395817196,"Simpson inverse"
31,"asbio","DINVSP",27.4579395817196,"Simpson inverse"
31,"BiodiversityR","DINVSP",27.45793958,"Simpson inverse"
31,"breakaway","DINVSP",27.4579395817196,"Simpson inverse"
31,"chemodiv","DINVSP",27.4579395817196,"Simpson inverse"
31,"codyn","DINVSP",8.20338983050847,"Simpson inverse"
31,"divseg","DINVSP",1.03641933864061,"Simpson inverse"
31,"ecodive","DINVSP",27.4579395817196,"Simpson inverse"
31,"microbiome","DINVSP",27.4579395817196,"Simpson inverse"
31,"sprex","DINVSP",27.4579395817196,"Simpson inverse"
31,"vegan","DINVSP",27.4579395817196,"Simpson inverse"
31,"wiqid","DINVSP",27.4579395817196,"Simpson inverse"
31,"custom","DKO",0.293577981651376,"Kothe"
31,"abdiv","DMC",0.850618073706739,"McIntosh"
31,"adiv","DMC",0.850618073706739,"McIntosh"
31,"agricolae","DMC",0.850618073706739,"McIntosh"
31,"ecodive","DMC",0.850618073706739,"McIntosh"
31,"forestHES","DMC",0.850618073706739,"McIntosh"
31,"tabula","DMC",0.850618073706739,"McIntosh"
31,"abdiv","DMG",12.5772990171381,"Margalef"
31,"adiv","DMG",12.5772990171381,"Margalef"
31,"agricolae","DMG",37.0699339452492,"Margalef"
31,"ecodive","DMG",12.5772990171381,"Margalef"
31,"tabula","DMG",12.5772990171381,"Margalef"
31,"abdiv","DMN",3.75275037698006,"Menhinick"
31,"adiv","DMN",3.75275037698006,"Menhinick"
31,"ecodive","DMN",3.75275037698006,"Menhinick"
31,"tabula","DMN",3.75275037698006,"Menhinick"
31,"custom","DOD",182.897862232779,"Odum"
31,"abdiv","DQ",0,"Q-statistic"
31,"ade4","DRAO",0.963580661359392,"Rao"
31,"BAT","DRAO",0.963580661359404,"Rao"
31,"SYNCSA","DRAO",0.963580661359393,"Rao"
31,"abdiv","DSHA",3.72496715105979,"Shannon"
31,"adiv","DSHA",3.72496715105979,"Shannon"
31,"aqp","DSHA",5.37399163630825,"Shannon"
31,"asbio","DSHA",3.72496715105979,"Shannon"
31,"benthos","DSHA",0,"Shannon"
31,"BiodiversityR","DSHA",3.72496715,"Shannon"
31,"biosampleR","DSHA",3.79170258849473,"Shannon"
31,"chemodiv","DSHA",3.72496715105979,"Shannon"
31,"codyn","DSHA",3.72496715105979,"Shannon"
31,"DescTools","DSHA",5.37399163630825,"Shannon"
31,"divDyn","DSHA",3.72496715105979,"Shannon"
31,"divent","DSHA",3.72496715105979,"Shannon"
31,"diverse","DSHA",3.79170258849473,"Shannon"
31,"ecodive","DSHA",3.72496715105979,"Shannon"
31,"EconGeo","DSHA",5.374,"Shannon"
31,"entropart","DSHA",3.72496715105979,"Shannon"
31,"forestmangr","DSHA",3.56,"Shannon"
31,"HardyWeinberg","DSHA",3.72496715105979,"Shannon"
31,"iNEXT","DSHA",3.725,"Shannon"
31,"MCPAN","DSHA",3.72496715105979,"Shannon"
31,"microbiome","DSHA",3.72496715105979,"Shannon"
31,"OTUtable","DSHA",3.72496715105979,"Shannon"
31,"pgirmess","DSHA",5.37399163630825,"Shannon"
31,"SpiecEasi","DSHA",3.72496715105979,"Shannon"
31,"sprex","DSHA",3.72496715105979,"Shannon"
31,"tabula","DSHA",3.72496715105979,"Shannon"
31,"triversity","DSHA",5.37399163630825,"Shannon"
31,"vegan","DSHA",3.72496715105979,"Shannon"
31,"wavethresh","DSHA",-38972.5669354019,"Shannon"
31,"wiqid","DSHA",41.4698704811606,"Shannon"
31,"abdiv","DSP",0.036419338640608,"Simpson"
31,"agricolae","DSP",0.036419338640608,"Simpson"
31,"antitrust","DSP",364.19338640608,"Simpson"
31,"benthos","DSP",0.0341250989707047,"Simpson"
31,"breakaway","DSP",0.036419338640608,"Simpson"
31,"concstats","DSP",0.036419338640608,"Simpson"
31,"DescTools","DSP",0.036419338640608,"Simpson"
31,"diverse","DSP",0.0412945600932253,"Simpson"
31,"divseg","DSP",1.03641933864061,"Simpson"
31,"EconGeo","DSP",0.036419338640608,"Simpson"
31,"hhi","DSP",0.121900826446281,"Simpson"
31,"ineq","DSP",0.036419338640608,"Simpson"
31,"microbiome","DSP",0.036419338640608,"Simpson"
31,"PDtoolkit","DSP",0.036419338640608,"Simpson"
31,"politics","DSP",0.036419338640608,"Simpson"
31,"REAT","DSP",0.036419338640608,"Simpson"
31,"sprex","DSP",0.036419338640608,"Simpson"
31,"tabula","DSP",0.036419338640608,"Simpson"
31,"triversity","DSP",0.036419338640608,"Simpson"
31,"abdiv","EBP",0.0783847980997625,"Berger-Parker"
31,"agricolae","EBP",0.0783847980997625,"Berger-Parker"
31,"BiodiversityR","EBP",0.0783848,"Berger-Parker"
31,"diverse","EBP",0.149425287356322,"Berger-Parker"
31,"dyvDyn","EBP",0.0783847980997625,"Berger-Parker"
31,"ecodive","EBP",0.0783847980997625,"Berger-Parker"
31,"microbiome","EBP",0.0783847980997625,"Berger-Parker"
31,"tabula","EBP",0.0783847980997625,"Berger-Parker"
31,"triversity","EBP",0.0783847980997625,"Berger-Parker"
31,"wiqid","EBP",1,"Berger-Parker"
31,"tabula","EBRI",0.859923624669665,"Brillouin evenness"
31,"BAT","EBU",0.541192649081135,"Bulla"
31,"microbiome","EBU",0.541192649081135,"Bulla"
31,"BAT","ECAM",0.984675032431002,"Camargo"
31,"microbiome","ECAM",0.784495789246383,"Camargo"
31,"codyn","EEQ",0.260617815422194,"NHC EQ"
31,"custom","EEQ",0.00116096993244487,"NHC EQ"
31,"adiv","EEVAR",0.474631481708533,"NHC EVAR"
31,"codyn","EEVAR",0.700221223267802,"NHC EVAR"
31,"custom","EEVAR",0.474631481708533,"NHC EVAR"
31,"microbiome","EEVAR",0.474631481708533,"NHC EVAR"
31,"acid","EGIN",0.857070467141726,"Gini coefficient"
31,"DescTools","EGIN",0.857070467141726,"Gini coefficient"
31,"dplR","EGIN",0.857070467141726,"Gini coefficient"
31,"EconGeo","EGIN",0.857,"Gini coefficient"
31,"giniVarCI","EGIN",0.857070467141726,"Gini coefficient"
31,"ineq","EGIN",0.857070467141726,"Gini coefficient"
31,"microbiome","EGIN",0.857070467141726,"Gini coefficient"
31,"REAT","EGIN",0.857070467141726,"Gini coefficient"
31,"shipunov","EGIN",0.857070467141726,"Gini coefficient"
31,"wINEQ","EGIN",0.857070467141726,"Gini coefficient"
31,"abdiv","EHEI",0.532498295804745,"Heip"
31,"adiv","EHEI",0.532498295804745,"Heip"
31,"custom","EHUL",0.149643705463183,"Hulburt"
31,"benthos","EHURE",0.965874901029295,"Hurlbert PIE"
31,"BiodiversityR","EHURE",0.9658749,"Hurlbert PIE"
31,"mobr","EHURE",0.965874901029295,"Hurlbert PIE"
31,"vegan","EHURE",0.965874901029249,"Hurlbert PIE"
31,"custom","ELR",0.200735694448177,"Ludwig-Reynolds"
31,"abdiv","EMC",0.232803989983694,"McIntosh evenness"
31,"tabula","EMC",0.913234178908013,"McIntosh evenness"
31,"microbiome","EMN",0.149643705463183,"McNaughton"
31,"custom","ENHC",-0.0447271324369835,"NHC"
31,"custom","EPAT",0.245466788426895,"Patten"
31,"abdiv","EPIE",0.857535453204116,"Pielou"
31,"adiv","EPIE",0.857535453204116,"Pielou"
31,"BiodiversityR","EPIE",0.85753545,"Pielou"
31,"breakaway","EPIE",0.857535453204116,"Pielou"
31,"chemodiv","EPIE",0.857535453204116,"Pielou"
31,"diverse","EPIE",0.846865613557067,"Pielou"
31,"forestmangr","EPIE",1,"Pielou"
31,"microbiome","EPIE",0.857535453204116,"Pielou"
31,"OTUtable","EPIE",0.857535453204116,"Pielou"
31,"pctax","EPIE",0.8575,"Pielou"
31,"sprex","EPIE",0.857535453204116,"Pielou"
31,"tabula","EPIE",0.857535453204116,"Pielou"
31,"custom","ESHE",0.538569746508579,"Sheldon"
31,"adiv","ESP",0.35659661794441,"Simpson evenness"
31,"codyn","ESP",0.63102998696219,"Simpson evenness"
31,"sprex","ESP",0.0483761967670103,"Simpson evenness"
31,"tabula","ESP",0.35659661794441,"Simpson evenness"
31,"abdiv","EST",0.452848813893945,"Strong"
31,"adiv","QHIL_0",77,"Hill q=0"
31,"adiv","QHIL_1",41.4698704811606,"Hill q=1"
31,"adiv","QHIL_2",27.4579395817196,"Hill q=2"
31,"adiv","QHIL_3",22.2649493258624,"Hill q=3"
31,"BAT","QHIL_0",77,"Hill q=0"
31,"BAT","QHIL_1",41.4698704811606,"Hill q=1"
31,"BAT","QHIL_2",27.4579395817196,"Hill q=2"
31,"BAT","QHIL_3",22.2649493258624,"Hill q=3"
31,"benthos","QHIL_0",225,"Hill q=0"
31,"benthos","QHIL_1",41.4698704811606,"Hill q=1"
31,"benthos","QHIL_2",27.4579395817196,"Hill q=2"
31,"benthos","QHIL_3",22.2649493258624,"Hill q=3"
31,"breakaway","QHIL_0",77,"Hill q=0"
31,"breakaway","QHIL_1",41.4698704811606,"Hill q=1"
31,"breakaway","QHIL_2",27.4579395817196,"Hill q=2"
31,"breakaway","QHIL_3",22.2649493258624,"Hill q=3"
31,"chemodiv","QHIL_0",77,"Hill q=0"
31,"chemodiv","QHIL_1",41.4698704811606,"Hill q=1"
31,"chemodiv","QHIL_2",27.4579395817196,"Hill q=2"
31,"chemodiv","QHIL_3",22.2649493258624,"Hill q=3"
31,"divDyn","QHIL_2",27.4579395817196,"Hill q=2"
31,"divent","QHIL_0",77,"Hill q=0"
31,"divent","QHIL_1",41.4698704811606,"Hill q=1"
31,"divent","QHIL_2",27.4579395817196,"Hill q=2"
31,"divent","QHIL_3",22.2649493258619,"Hill q=3"
31,"entropart","QHIL_0",77,"Hill q=0"
31,"entropart","QHIL_1",41.4698704811606,"Hill q=1"
31,"entropart","QHIL_2",27.4579395817196,"Hill q=2"
31,"entropart","QHIL_3",22.2649493258622,"Hill q=3"
31,"EntropyEstimation","QHIL_1",45.7226372837224,"Hill q=1"
31,"EntropyEstimation","QHIL_2",29.3039443155457,"Hill q=2"
31,"EntropyEstimation","QHIL_3",23.6911279903417,"Hill q=3"
31,"hilldiv","QHIL_0",77,"Hill q=0"
31,"hilldiv","QHIL_1",41.4700977420517,"Hill q=1"
31,"hilldiv","QHIL_2",27.4579395817196,"Hill q=2"
31,"hilldiv","QHIL_3",22.2649493258624,"Hill q=3"
31,"hillR","QHIL_0",77,"Hill q=0"
31,"hillR","QHIL_1",41.4698704811606,"Hill q=1"
31,"hillR","QHIL_2",27.4579395817196,"Hill q=2"
31,"hillR","QHIL_3",22.2649493258624,"Hill q=3"
31,"sprex","QHIL_0",77,"Hill q=0"
31,"sprex","QHIL_1",41.4698704811606,"Hill q=1"
31,"sprex","QHIL_2",27.4579395817196,"Hill q=2"
31,"sprex","QHIL_3",22.2649493258624,"Hill q=3"
31,"vegan","QHIL_0",77,"Hill q=0"
31,"vegan","QHIL_1",41.4698704811606,"Hill q=1"
31,"vegan","QHIL_2",27.4579395817196,"Hill q=2"
31,"vegan","QHIL_3",22.2649493258624,"Hill q=3"
31,"adiv","QREN_0",4.34380542185368,"Renyi q=0"
31,"adiv","QREN_1",3.72496715105979,"Renyi q=1"
31,"adiv","QREN_2",3.31265536408402,"Renyi q=2"
31,"adiv","QREN_3",3.1030136628161,"Renyi q=3"
31,"BiodiversityR","QREN_0",4.34380542185368,"Renyi q=0"
31,"BiodiversityR","QREN_1",3.72496715105979,"Renyi q=1"
31,"BiodiversityR","QREN_2",3.31265536408402,"Renyi q=2"
31,"BiodiversityR","QREN_3",3.1030136628161,"Renyi q=3"
31,"diverse","QREN_0",4.47733681447821,"Renyi q=0"
31,"diverse","QREN_1",3.79170258849473,"Renyi q=1"
31,"diverse","QREN_2",3.13502926920472,"Renyi q=2"
31,"diverse","QREN_3",2.72901759868949,"Renyi q=3"
31,"EntropyEstimation","QREN_1",3.82259352063399,"Renyi q=1"
31,"EntropyEstimation","QREN_2",3.3777221252408,"Renyi q=2"
31,"EntropyEstimation","QREN_3",3.1651006316569,"Renyi q=3"
31,"seewave","QREN_2",0.611631097725684,"Renyi q=2"
31,"seewave","QREN_3",0.572923964682177,"Renyi q=3"
31,"sprex","QREN_0",4.34380542185368,"Renyi q=0"
31,"sprex","QREN_1",3.72496715105979,"Renyi q=1"
31,"sprex","QREN_2",3.31265536408402,"Renyi q=2"
31,"sprex","QREN_3",3.1030136628161,"Renyi q=3"
31,"statcomp","QREN_1",0.687758142286965,"Renyi q=1"
31,"statcomp","QREN_2",0.611631084744243,"Renyi q=2"
31,"statcomp","QREN_3",0.572923954946096,"Renyi q=3"
31,"vegan","QREN_0",4.34380542185368,"Renyi q=0"
31,"vegan","QREN_1",3.72496715105979,"Renyi q=1"
31,"vegan","QREN_2",3.31265536408402,"Renyi q=2"
31,"vegan","QREN_3",3.1030136628161,"Renyi q=3"
31,"adiv","QTSA_0",76,"Tsallis q=0"
31,"adiv","QTSA_1",3.72496715105979,"Tsallis q=1"
31,"adiv","QTSA_2",0.963580661359392,"Tsallis q=2"
31,"adiv","QTSA_3",0.498991382306853,"Tsallis q=3"
31,"divent","QTSA_0",76,"Tsallis q=0"
31,"divent","QTSA_1",3.72496715105979,"Tsallis q=1"
31,"divent","QTSA_2",0.963580661359392,"Tsallis q=2"
31,"divent","QTSA_3",0.498991382306853,"Tsallis q=3"
31,"entropart","QTSA_0",76,"Tsallis q=0"
31,"entropart","QTSA_1",3.72496715105979,"Tsallis q=1"
31,"entropart","QTSA_2",0.963580661359392,"Tsallis q=2"
31,"entropart","QTSA_3",0.498991382306853,"Tsallis q=3"
31,"EntropyEstimation","QTSA_1",3.82259352063399,"Tsallis q=1"
31,"EntropyEstimation","QTSA_2",0.965874901029296,"Tsallis q=2"
31,"EntropyEstimation","QTSA_3",0.499109162426415,"Tsallis q=3"
31,"vegan","QTSA_0",76,"Tsallis q=0"
31,"vegan","QTSA_1",3.72496715105979,"Tsallis q=1"
31,"vegan","QTSA_2",0.963580661359392,"Tsallis q=2"
31,"vegan","QTSA_3",0.498991382306853,"Tsallis q=3"
31,"BAT","RACE",102.501560919843,"ACE"
31,"ecodive","RACE",102.501560919843,"ACE"
31,"fossil","RACE",87.187134502924,"ACE"
31,"pctax","RACE",102.5016,"ACE"
31,"sprex","RACE",421,"ACE"
31,"tabula","RACE",102.501560919843,"ACE"
31,"vegan","RACE",102.501560919843,"ACE"
31,"wiqid","RACE",102.501560919843,"ACE"
31,"BiodiversityR","RBOO",77,"Bootstrap estimator"
31,"wiqid","RBOO",225,"Bootstrap estimator"
31,"BAT","RC1",100.214285714286,"Chao 1"
31,"BiodiversityR","RC1",77,"Chao 1"
31,"biosampleR","RC1",103.954545454545,"Chao 1"
31,"iNEXT","RC1",102.938,"Chao 1"
31,"microbiome","RC1",100.214285714286,"Chao 1"
31,"pctax","RC1",100.2143,"Chao 1"
31,"rareNMtests","RC1",77,"Chao 1"
31,"SpadeR","RC1",77,"Chao 1"
31,"SSP","RC1",77,"Chao 1"
31,"vegan","RC1",100.214285714286,"Chao 1"
31,"wiqid","RC1",103,"Chao 1"
31,"BAT","RC1M",111.640303110619,"Chao 1 modified"
31,"divent","RC1M",102.938242280285,"Chao 1 modified"
31,"ecodive","RC1M",103,"Chao 1 modified"
31,"entropart","RC1M",102.938242280285,"Chao 1 modified"
31,"fossil","RC1M",103,"Chao 1 modified"
31,"mobr","RC1M",102.938242280285,"Chao 1 modified"
31,"OTUtable","RC1M",103,"Chao 1 modified"
31,"tabula","RC1M",102.938242280285,"Chao 1 modified"
31,"wiqid","RC1M",103,"Chao 1 modified"
31,"BAT","RCA2",235.743510064973,"Chao 2"
31,"divDyn","RCA2",99.9128014842301,"Chao 2"
31,"fossil","RCA2",103,"Chao 2"
31,"tabula","RCA2",77,"Chao 2"
31,"wiqid","RCA2",77,"Chao 2"
31,"benthos","RHUR_2",1.96587490102925,"Hurlbert D k=2"
31,"benthos","RHUR_3",2.89940637823488,"Hurlbert D k=3"
31,"divent","RHUR_2",29.3039307083855,"Hurlbert D k=2"
31,"divent","RHUR_3",29.4858054013547,"Hurlbert D k=3"
31,"entropart","RHUR_2",1.96587490102925,"Hurlbert D k=2"
31,"entropart","RHUR_3",2.89940637823489,"Hurlbert D k=3"
31,"mobsim","RHUR_2",1.96587490102925,"Hurlbert D k=2"
31,"mobsim","RHUR_3",2.89940637823488,"Hurlbert D k=3"
31,"tabula","RHUR_2",1.96587490101692,"Hurlbert D k=2"
31,"tabula","RHUR_3",2.89940637820876,"Hurlbert D k=3"
31,"vegan","RHUR_2",1.96587490102925,"Hurlbert D k=2"
31,"vegan","RHUR_3",2.89940637823488,"Hurlbert D k=3"
31,"BAT","RICE",230.817232192488,"ICE"
31,"fossil","RICE",87.187134502924,"ICE"
31,"tabula","RICE",77,"ICE"
31,"wiqid","RICE",77,"ICE"
31,"BAT","RJA1",103,"Jackknife 1"
31,"BiodiversityR","RJA1",77,"Jackknife 1"
31,"divent","RJA1",116,"Jackknife 1"
31,"entropart","RJA1",116,"Jackknife 1"
31,"fossil","RJA1",102.938242280285,"Jackknife 1"
31,"SSP","RJA1",77,"Jackknife 1"
31,"tabula","RJA1",3.70056060755178,"Jackknife 1"
31,"wiqid","RJA1",103,"Jackknife 1"
31,"BAT","RJA2",116,"Jackknife 2"
31,"BiodiversityR","RJA2",77,"Jackknife 2"
31,"fossil","RJA2",115.722016740188,"Jackknife 2"
31,"SSP","RJA2",77,"Jackknife 2"
31,"wiqid","RJA2",116,"Jackknife 2"
31,"asbio","RLMD",138.873401929486,NA
31,"sads","RLMD",1.08279363975854,NA
31,"vegan","RLMD",92.6288120293241,NA
31,"wiqid","RMM",0,"Michaelis-Menten"
31,"divDyn","RSQ",101.900735566854,"Squares Richness Estimator"
31,"ecodive","RSQ",101.900735566854,"Squares Richness Estimator"
31,"tabula","RSQ",101.900735566854,"Squares Richness Estimator"
32,"custom","RICH",88,"Species richness"
32,"abdiv","D1SP",0.956526692013043,"Simpson's reciprocal"
32,"ade4","D1SP",0.956526692013044,"Simpson's reciprocal"
32,"adiv","D1SP",0.956526692013043,"Simpson's reciprocal"
32,"agricolae","D1SP",0.956526692013043,"Simpson's reciprocal"
32,"asbio","D1SP",0.956526692013043,"Simpson's reciprocal"
32,"BiodiversityR","D1SP",0.95652669,"Simpson's reciprocal"
32,"biosampleR","D1SP",0.936514371224519,"Simpson's reciprocal"
32,"breakaway","D1SP",0.956526692013043,"Simpson's reciprocal"
32,"catsim","D1SP",0.603812345679012,"Simpson's reciprocal"
32,"concstats","D1SP",0.995729791553513,"Simpson's reciprocal"
32,"CUB","D1SP",0.96079690045953,"Simpson's reciprocal"
32,"DescTools","D1SP",0.956526692013044,"Simpson's reciprocal"
32,"divent","D1SP",0.956526692013044,"Simpson's reciprocal"
32,"diverse","D1SP",0.936514371224519,"Simpson's reciprocal"
32,"ecodive","D1SP",0.956526692013043,"Simpson's reciprocal"
32,"entropart","D1SP",0.956526692013044,"Simpson's reciprocal"
32,"lawstat","D1SP",0.838663243075008,"Simpson's reciprocal"
32,"MCPAN","D1SP",0.956526692013043,"Simpson's reciprocal"
32,"microbiome","D1SP",0.956526692013043,"Simpson's reciprocal"
32,"PCRA","D1SP",0.956526692013043,"Simpson's reciprocal"
32,"RoughSets","D1SP",0.956526692013043,"Simpson's reciprocal"
32,"simboot","D1SP",0.956526692013043,"Simpson's reciprocal"
32,"sprex","D1SP",0.956526692013043,"Simpson's reciprocal"
32,"untb","D1SP",0.958615178240146,"Simpson's reciprocal"
32,"vegan","D1SP",0.956526692013043,"Simpson's reciprocal"
32,"abdiv","DBRI",3.50789970513095,"Brillouin"
32,"ecodive","DBRI",3.50789970513095,"Brillouin"
32,"tabula","DBRI",3.50789970513095,"Brillouin"
32,"wiqid","DBRI",33.3780902812616,"Brillouin"
32,"BiodiversityR","DFIS",32.34465233,"Fisher's alpha"
32,"ecodive","DFIS",32.345,"Fisher's alpha"
32,"microbiome","DFIS",32.344652328273,"Fisher's alpha"
32,"preseqR","DFIS",17.0461505086334,"Fisher's alpha"
32,"sads","DFIS",32.3446499924881,"Fisher's alpha"
32,"vegan","DFIS",32.344652328273,"Fisher's alpha"
32,"custom","DGLE",14.3578526825498,"Gleason"
32,"custom","DGOO_1_1",3.78487316846933,"Good m1 n1"
32,"custom","DGOO_1_2",0.330832165643468,"Good m1 n2"
32,"custom","DGOO_1_3",1,"Good m1 n3"
32,"custom","DGOO_2_1",0.114287459844766,"Good m2 n1"
32,"custom","DGOO_2_2",1.06729617114729,"Good m2 n2"
32,"custom","DGOO_2_3",1,"Good m2 n3"
32,"custom","DGOO_3_1",0.00890196105402347,"Good m3 n1"
32,"custom","DGOO_3_2",0.0505858319800545,"Good m3 n2"
32,"custom","DGOO_3_3",1,"Good m3 n3"
32,"abdiv","DINVSP",23.0026203734032,"Simpson inverse"
32,"adiv","DINVSP",23.0026203734032,"Simpson inverse"
32,"asbio","DINVSP",23.0026203734032,"Simpson inverse"
32,"BiodiversityR","DINVSP",23.00262037,"Simpson inverse"
32,"breakaway","DINVSP",23.0026203734032,"Simpson inverse"
32,"chemodiv","DINVSP",23.0026203734032,"Simpson inverse"
32,"codyn","DINVSP",6.76023391812865,"Simpson inverse"
32,"divseg","DINVSP",1.04347330798696,"Simpson inverse"
32,"ecodive","DINVSP",23.0026203734032,"Simpson inverse"
32,"microbiome","DINVSP",23.0026203734032,"Simpson inverse"
32,"sprex","DINVSP",23.0026203734032,"Simpson inverse"
32,"vegan","DINVSP",23.0026203734032,"Simpson inverse"
32,"wiqid","DINVSP",23.0026203734032,"Simpson inverse"
32,"custom","DKO",0.192660550458716,"Kothe"
32,"abdiv","DMC",0.830250224689536,"McIntosh"
32,"adiv","DMC",0.830250224689536,"McIntosh"
32,"agricolae","DMC",0.830250224689536,"McIntosh"
32,"ecodive","DMC",0.830250224689536,"McIntosh"
32,"forestHES","DMC",0.830250224689536,"McIntosh"
32,"tabula","DMC",0.830250224689536,"McIntosh"
32,"abdiv","DMG",14.1946952657026,"Margalef"
32,"adiv","DMG",14.1946952657026,"Margalef"
32,"agricolae","DMG",36.547261373763,"Margalef"
32,"ecodive","DMG",14.1946952657026,"Margalef"
32,"tabula","DMG",14.1946952657026,"Margalef"
32,"abdiv","DMN",4.10748824648216,"Menhinick"
32,"adiv","DMN",4.10748824648216,"Menhinick"
32,"ecodive","DMN",4.10748824648216,"Menhinick"
32,"tabula","DMN",4.10748824648216,"Menhinick"
32,"custom","DOD",191.721132897603,"Odum"
32,"abdiv","DQ",0,"Q-statistic"
32,"ade4","DRAO",0.956526692013044,"Rao"
32,"BAT","DRAO",0.956526692013027,"Rao"
32,"SYNCSA","DRAO",0.956526692013043,"Rao"
32,"abdiv","DSHA",3.78487316846933,"Shannon"
32,"adiv","DSHA",3.78487316846933,"Shannon"
32,"aqp","DSHA",5.4604177505444,"Shannon"
32,"asbio","DSHA",3.78487316846933,"Shannon"
32,"benthos","DSHA",0,"Shannon"
32,"BiodiversityR","DSHA",3.78487317,"Shannon"
32,"biosampleR","DSHA",3.51608231975855,"Shannon"
32,"chemodiv","DSHA",3.78487316846933,"Shannon"
32,"codyn","DSHA",3.78487316846933,"Shannon"
32,"DescTools","DSHA",5.4604177505444,"Shannon"
32,"divDyn","DSHA",3.78487316846933,"Shannon"
32,"divent","DSHA",3.78487316846933,"Shannon"
32,"diverse","DSHA",3.51608231975855,"Shannon"
32,"ecodive","DSHA",3.78487316846933,"Shannon"
32,"EconGeo","DSHA",5.46,"Shannon"
32,"entropart","DSHA",3.78487316846933,"Shannon"
32,"forestmangr","DSHA",3.56,"Shannon"
32,"HardyWeinberg","DSHA",3.78487316846933,"Shannon"
32,"iNEXT","DSHA",3.785,"Shannon"
32,"MCPAN","DSHA",3.78487316846933,"Shannon"
32,"microbiome","DSHA",3.78487316846933,"Shannon"
32,"OTUtable","DSHA",3.78487316846933,"Shannon"
32,"pgirmess","DSHA",5.4604177505444,"Shannon"
32,"SpiecEasi","DSHA",3.78487316846933,"Shannon"
32,"sprex","DSHA",3.78487316846933,"Shannon"
32,"tabula","DSHA",3.78487316846933,"Shannon"
32,"triversity","DSHA",5.4604177505444,"Shannon"
32,"vegan","DSHA",3.78487316846933,"Shannon"
32,"wavethresh","DSHA",-64115.5490927786,"Shannon"
32,"wiqid","DSHA",44.0300858014181,"Shannon"
32,"abdiv","DSP",0.0434733079869566,"Simpson"
32,"agricolae","DSP",0.0434733079869566,"Simpson"
32,"antitrust","DSP",434.733079869566,"Simpson"
32,"benthos","DSP",0.0413848217598539,"Simpson"
32,"breakaway","DSP",0.0434733079869566,"Simpson"
32,"concstats","DSP",0.0434733079869566,"Simpson"
32,"DescTools","DSP",0.0434733079869566,"Simpson"
32,"diverse","DSP",0.0613858207682507,"Simpson"
32,"divseg","DSP",1.04347330798696,"Simpson"
32,"EconGeo","DSP",0.0434733079869566,"Simpson"
32,"hhi","DSP",0.147923875432526,"Simpson"
32,"ineq","DSP",0.0434733079869566,"Simpson"
32,"microbiome","DSP",0.0434733079869566,"Simpson"
32,"PDtoolkit","DSP",0.0434733079869566,"Simpson"
32,"politics","DSP",0.0434733079869566,"Simpson"
32,"REAT","DSP",0.0434733079869566,"Simpson"
32,"sprex","DSP",0.0434733079869566,"Simpson"
32,"tabula","DSP",0.0434733079869566,"Simpson"
32,"triversity","DSP",0.0434733079869566,"Simpson"
32,"abdiv","EBP",0.130718954248366,"Berger-Parker"
32,"agricolae","EBP",0.130718954248366,"Berger-Parker"
32,"BiodiversityR","EBP",0.13071895,"Berger-Parker"
32,"diverse","EBP",0.178970917225951,"Berger-Parker"
32,"dyvDyn","EBP",0.130718954248366,"Berger-Parker"
32,"ecodive","EBP",0.130718954248366,"Berger-Parker"
32,"microbiome","EBP",0.130718954248366,"Berger-Parker"
32,"tabula","EBP",0.130718954248366,"Berger-Parker"
32,"triversity","EBP",0.130718954248366,"Berger-Parker"
32,"wiqid","EBP",1,"Berger-Parker"
32,"tabula","EBRI",0.846154358289312,"Brillouin evenness"
32,"BAT","EBU",0.560438734880926,"Bulla"
32,"microbiome","EBU",0.560438734880926,"Bulla"
32,"BAT","ECAM",0.986713540635109,"Camargo"
32,"microbiome","ECAM",0.658793820558526,"Camargo"
32,"codyn","EEQ",0.205207070313255,"NHC EQ"
32,"custom","EEQ",0.00081836960899591,"NHC EQ"
32,"adiv","EEVAR",0.520951053944948,"NHC EVAR"
32,"codyn","EEVAR",0.520557578294283,"NHC EVAR"
32,"custom","EEVAR",0.520951053944948,"NHC EVAR"
32,"microbiome","EEVAR",0.520951053944948,"NHC EVAR"
32,"acid","EGIN",0.834935850883563,"Gini coefficient"
32,"DescTools","EGIN",0.834935850883563,"Gini coefficient"
32,"dplR","EGIN",0.834935850883563,"Gini coefficient"
32,"EconGeo","EGIN",0.835,"Gini coefficient"
32,"giniVarCI","EGIN",0.834935850883563,"Gini coefficient"
32,"ineq","EGIN",0.834935850883563,"Gini coefficient"
32,"microbiome","EGIN",0.834935850883564,"Gini coefficient"
32,"REAT","EGIN",0.834935850883563,"Gini coefficient"
32,"shipunov","EGIN",0.834935850883564,"Gini coefficient"
32,"wINEQ","EGIN",0.834935850883563,"Gini coefficient"
32,"abdiv","EHEI",0.494598687372621,"Heip"
32,"adiv","EHEI",0.494598687372621,"Heip"
32,"custom","EHUL",0.239651416122004,"Hulburt"
32,"benthos","EHURE",0.958615178240146,"Hurlbert PIE"
32,"BiodiversityR","EHURE",0.95861518,"Hurlbert PIE"
32,"mobr","EHURE",0.958615178240146,"Hurlbert PIE"
32,"vegan","EHURE",0.958615178240121,"Hurlbert PIE"
32,"custom","ELR",0.186181188038578,"Ludwig-Reynolds"
32,"abdiv","EMC",0.257184395922609,"McIntosh evenness"
32,"tabula","EMC",0.885938862995399,"McIntosh evenness"
32,"microbiome","EMN",0.239651416122004,"McNaughton"
32,"custom","ENHC",-0.0360238335825131,"NHC"
32,"custom","EPAT",0.203734023928503,"Patten"
32,"abdiv","EPIE",0.845340282694462,"Pielou"
32,"adiv","EPIE",0.845340282694462,"Pielou"
32,"BiodiversityR","EPIE",0.84534028,"Pielou"
32,"breakaway","EPIE",0.845340282694462,"Pielou"
32,"chemodiv","EPIE",0.845340282694462,"Pielou"
32,"diverse","EPIE",0.797891157223455,"Pielou"
32,"forestmangr","EPIE",1,"Pielou"
32,"microbiome","EPIE",0.845340282694462,"Pielou"
32,"OTUtable","EPIE",0.845340282694462,"Pielou"
32,"pctax","EPIE",0.8453,"Pielou"
32,"sprex","EPIE",0.845340282694462,"Pielou"
32,"tabula","EPIE",0.845340282694462,"Pielou"
32,"custom","ESHE",0.500341884107023,"Sheldon"
32,"adiv","ESP",0.261393413334127,"Simpson evenness"
32,"codyn","ESP",0.482873851294904,"Simpson evenness"
32,"sprex","ESP",0.0430099223689697,"Simpson evenness"
32,"tabula","ESP",0.261393413334127,"Simpson evenness"
32,"abdiv","EST",0.434566250742721,"Strong"
32,"adiv","QHIL_0",88,"Hill q=0"
32,"adiv","QHIL_1",44.0300858014181,"Hill q=1"
32,"adiv","QHIL_2",23.0026203734032,"Hill q=2"
32,"adiv","QHIL_3",15.8675914032976,"Hill q=3"
32,"BAT","QHIL_0",88,"Hill q=0"
32,"BAT","QHIL_1",44.0300858014181,"Hill q=1"
32,"BAT","QHIL_2",23.0026203734032,"Hill q=2"
32,"BAT","QHIL_3",15.8675914032976,"Hill q=3"
32,"benthos","QHIL_0",225,"Hill q=0"
32,"benthos","QHIL_1",44.0300858014181,"Hill q=1"
32,"benthos","QHIL_2",23.0026203734032,"Hill q=2"
32,"benthos","QHIL_3",15.8675914032976,"Hill q=3"
32,"breakaway","QHIL_0",88,"Hill q=0"
32,"breakaway","QHIL_1",44.0300858014181,"Hill q=1"
32,"breakaway","QHIL_2",23.0026203734032,"Hill q=2"
32,"breakaway","QHIL_3",15.8675914032976,"Hill q=3"
32,"chemodiv","QHIL_0",88,"Hill q=0"
32,"chemodiv","QHIL_1",44.0300858014181,"Hill q=1"
32,"chemodiv","QHIL_2",23.0026203734032,"Hill q=2"
32,"chemodiv","QHIL_3",15.8675914032976,"Hill q=3"
32,"divDyn","QHIL_2",23.0026203734032,"Hill q=2"
32,"divent","QHIL_0",88,"Hill q=0"
32,"divent","QHIL_1",44.0300858014181,"Hill q=1"
32,"divent","QHIL_2",23.0026203734033,"Hill q=2"
32,"divent","QHIL_3",15.8675914032979,"Hill q=3"
32,"entropart","QHIL_0",88,"Hill q=0"
32,"entropart","QHIL_1",44.0300858014181,"Hill q=1"
32,"entropart","QHIL_2",23.0026203734033,"Hill q=2"
32,"entropart","QHIL_3",15.8675914032979,"Hill q=3"
32,"EntropyEstimation","QHIL_1",48.7733791872483,"Hill q=1"
32,"EntropyEstimation","QHIL_2",24.163448275862,"Hill q=2"
32,"EntropyEstimation","QHIL_3",16.392660347286,"Hill q=3"
32,"hilldiv","QHIL_0",88,"Hill q=0"
32,"hilldiv","QHIL_1",44.0304141099928,"Hill q=1"
32,"hilldiv","QHIL_2",23.0026203734032,"Hill q=2"
32,"hilldiv","QHIL_3",15.8675914032976,"Hill q=3"
32,"hillR","QHIL_0",88,"Hill q=0"
32,"hillR","QHIL_1",44.0300858014181,"Hill q=1"
32,"hillR","QHIL_2",23.0026203734032,"Hill q=2"
32,"hillR","QHIL_3",15.8675914032976,"Hill q=3"
32,"sprex","QHIL_0",88,"Hill q=0"
32,"sprex","QHIL_1",44.0300858014181,"Hill q=1"
32,"sprex","QHIL_2",23.0026203734032,"Hill q=2"
32,"sprex","QHIL_3",15.8675914032976,"Hill q=3"
32,"vegan","QHIL_0",88,"Hill q=0"
32,"vegan","QHIL_1",44.0300858014181,"Hill q=1"
32,"vegan","QHIL_2",23.0026203734032,"Hill q=2"
32,"vegan","QHIL_3",15.8675914032976,"Hill q=3"
32,"adiv","QREN_0",4.47733681447821,"Renyi q=0"
32,"adiv","QREN_1",3.78487316846933,"Renyi q=1"
32,"adiv","QREN_2",3.1356081387181,"Renyi q=2"
32,"adiv","QREN_3",2.76427875259139,"Renyi q=3"
32,"BiodiversityR","QREN_0",4.47733681447821,"Renyi q=0"
32,"BiodiversityR","QREN_1",3.78487316846933,"Renyi q=1"
32,"BiodiversityR","QREN_2",3.1356081387181,"Renyi q=2"
32,"BiodiversityR","QREN_3",2.76427875259139,"Renyi q=3"
32,"diverse","QREN_0",4.40671924726425,"Renyi q=0"
32,"diverse","QREN_1",3.51608231975855,"Renyi q=1"
32,"diverse","QREN_2",2.75694171719376,"Renyi q=2"
32,"diverse","QREN_3",2.38462581559742,"Renyi q=3"
32,"EntropyEstimation","QREN_1",3.8871846555572,"Renyi q=1"
32,"EntropyEstimation","QREN_2",3.18484108953205,"Renyi q=2"
32,"EntropyEstimation","QREN_3",2.79683369485469,"Renyi q=3"
32,"seewave","QREN_2",0.578942036808782,"Renyi q=2"
32,"seewave","QREN_3",0.510381749244813,"Renyi q=3"
32,"sprex","QREN_0",4.47733681447821,"Renyi q=0"
32,"sprex","QREN_1",3.78487316846933,"Renyi q=1"
32,"sprex","QREN_2",3.1356081387181,"Renyi q=2"
32,"sprex","QREN_3",2.76427875259139,"Renyi q=3"
32,"statcomp","QREN_1",0.6988188710329,"Renyi q=1"
32,"statcomp","QREN_2",0.578942025787017,"Renyi q=2"
32,"statcomp","QREN_3",0.510381740978489,"Renyi q=3"
32,"vegan","QREN_0",4.47733681447821,"Renyi q=0"
32,"vegan","QREN_1",3.78487316846933,"Renyi q=1"
32,"vegan","QREN_2",3.1356081387181,"Renyi q=2"
32,"vegan","QREN_3",2.76427875259139,"Renyi q=3"
32,"adiv","QTSA_0",87,"Tsallis q=0"
32,"adiv","QTSA_1",3.78487316846933,"Tsallis q=1"
32,"adiv","QTSA_2",0.956526692013043,"Tsallis q=2"
32,"adiv","QTSA_3",0.49801414293201,"Tsallis q=3"
32,"divent","QTSA_0",87,"Tsallis q=0"
32,"divent","QTSA_1",3.78487316846933,"Tsallis q=1"
32,"divent","QTSA_2",0.956526692013044,"Tsallis q=2"
32,"divent","QTSA_3",0.49801414293201,"Tsallis q=3"
32,"entropart","QTSA_0",87,"Tsallis q=0"
32,"entropart","QTSA_1",3.78487316846933,"Tsallis q=1"
32,"entropart","QTSA_2",0.956526692013044,"Tsallis q=2"
32,"entropart","QTSA_3",0.49801414293201,"Tsallis q=3"
32,"EntropyEstimation","QTSA_1",3.8871846555572,"Tsallis q=1"
32,"EntropyEstimation","QTSA_2",0.958615178240146,"Tsallis q=2"
32,"EntropyEstimation","QTSA_3",0.498139322425577,"Tsallis q=3"
32,"vegan","QTSA_0",87,"Tsallis q=0"
32,"vegan","QTSA_1",3.78487316846933,"Tsallis q=1"
32,"vegan","QTSA_2",0.956526692013043,"Tsallis q=2"
32,"vegan","QTSA_3",0.49801414293201,"Tsallis q=3"
32,"BAT","RACE",108.177036598327,"ACE"
32,"ecodive","RACE",108.177036598327,"ACE"
32,"fossil","RACE",98.304347826087,"ACE"
32,"pctax","RACE",108.177,"ACE"
32,"sprex","RACE",459,"ACE"
32,"tabula","RACE",108.177036598327,"ACE"
32,"vegan","RACE",108.177036598327,"ACE"
32,"wiqid","RACE",108.177036598327,"ACE"
32,"BiodiversityR","RBOO",88,"Bootstrap estimator"
32,"wiqid","RBOO",225,"Bootstrap estimator"
32,"BAT","RC1",108.647058823529,"Chao 1"
32,"BiodiversityR","RC1",88,"Chao 1"
32,"biosampleR","RC1",107.833333333333,"Chao 1"
32,"iNEXT","RC1",110.732,"Chao 1"
32,"microbiome","RC1",108.647058823529,"Chao 1"
32,"pctax","RC1",108.6471,"Chao 1"
32,"rareNMtests","RC1",88,"Chao 1"
32,"SpadeR","RC1",88,"Chao 1"
32,"SSP","RC1",88,"Chao 1"
32,"vegan","RC1",108.647058823529,"Chao 1"
32,"wiqid","RC1",110.78125,"Chao 1"
32,"BAT","RC1M",118.87481009966,"Chao 1 modified"
32,"divent","RC1M",110.731617647059,"Chao 1 modified"
32,"ecodive","RC1M",110.78125,"Chao 1 modified"
32,"entropart","RC1M",110.731617647059,"Chao 1 modified"
32,"fossil","RC1M",110.78125,"Chao 1 modified"
32,"mobr","RC1M",110.731617647059,"Chao 1 modified"
32,"OTUtable","RC1M",110.78125,"Chao 1 modified"
32,"tabula","RC1M",110.731617647059,"Chao 1 modified"
32,"wiqid","RC1M",110.78125,"Chao 1 modified"
32,"BAT","RCA2",236.342378065891,"Chao 2"
32,"divDyn","RCA2",108.41243315508,"Chao 2"
32,"fossil","RCA2",110.78125,"Chao 2"
32,"tabula","RCA2",88,"Chao 2"
32,"wiqid","RCA2",88,"Chao 2"
32,"benthos","RHUR_2",1.95861517824012,"Hurlbert D k=2"
32,"benthos","RHUR_3",2.87956688986918,"Hurlbert D k=3"
32,"divent","RHUR_2",24.1634484189571,"Hurlbert D k=2"
32,"divent","RHUR_3",24.5721761334644,"Hurlbert D k=3"
32,"entropart","RHUR_2",1.95861517824011,"Hurlbert D k=2"
32,"entropart","RHUR_3",2.87956688986918,"Hurlbert D k=3"
32,"mobsim","RHUR_2",1.95861517824012,"Hurlbert D k=2"
32,"mobsim","RHUR_3",2.87956688986918,"Hurlbert D k=3"
32,"tabula","RHUR_2",1.95861517818416,"Hurlbert D k=2"
32,"tabula","RHUR_3",2.87956688983533,"Hurlbert D k=3"
32,"vegan","RHUR_2",1.95861517824012,"Hurlbert D k=2"
32,"vegan","RHUR_3",2.87956688986918,"Hurlbert D k=3"
32,"BAT","RICE",231.652580498748,"ICE"
32,"fossil","RICE",98.304347826087,"ICE"
32,"tabula","RICE",88,"ICE"
32,"wiqid","RICE",88,"ICE"
32,"BAT","RJA1",115,"Jackknife 1"
32,"BiodiversityR","RJA1",88,"Jackknife 1"
32,"divent","RJA1",115,"Jackknife 1"
32,"entropart","RJA1",115,"Jackknife 1"
32,"fossil","RJA1",114.941176470588,"Jackknife 1"
32,"SSP","RJA1",88,"Jackknife 1"
32,"tabula","RJA1",3.76193516525073,"Jackknife 1"
32,"wiqid","RJA1",115,"Jackknife 1"
32,"BAT","RJA2",126,"Jackknife 2"
32,"BiodiversityR","RJA2",88,"Jackknife 2"
32,"fossil","RJA2",125.751557876911,"Jackknife 2"
32,"SSP","RJA2",88,"Jackknife 2"
32,"wiqid","RJA2",126,"Jackknife 2"
32,"asbio","RLMD",170.15571973419,NA
32,"sads","RLMD",1.06068289372299,NA
32,"vegan","RLMD",98.9576705177644,NA
32,"wiqid","RMM",0,"Michaelis-Menten"
32,"divDyn","RSQ",120.053532080363,"Squares Richness Estimator"
32,"ecodive","RSQ",120.053532080363,"Squares Richness Estimator"
32,"tabula","RSQ",120.053532080363,"Squares Richness Estimator"
33,"custom","RICH",86,"Species richness"
33,"abdiv","D1SP",0.958694554330444,"Simpson's reciprocal"
33,"ade4","D1SP",0.958694554330444,"Simpson's reciprocal"
33,"adiv","D1SP",0.958694554330444,"Simpson's reciprocal"
33,"agricolae","D1SP",0.958694554330444,"Simpson's reciprocal"
33,"asbio","D1SP",0.958694554330444,"Simpson's reciprocal"
33,"BiodiversityR","D1SP",0.95869455,"Simpson's reciprocal"
33,"biosampleR","D1SP",0.936020380918476,"Simpson's reciprocal"
33,"breakaway","D1SP",0.958694554330444,"Simpson's reciprocal"
33,"catsim","D1SP",0.588483950617284,"Simpson's reciprocal"
33,"concstats","D1SP",0.995720113596739,"Simpson's reciprocal"
33,"CUB","D1SP",0.962974440733705,"Simpson's reciprocal"
33,"DescTools","D1SP",0.958694554330444,"Simpson's reciprocal"
33,"divent","D1SP",0.958694554330444,"Simpson's reciprocal"
33,"diverse","D1SP",0.936020380918476,"Simpson's reciprocal"
33,"ecodive","D1SP",0.958694554330444,"Simpson's reciprocal"
33,"entropart","D1SP",0.958694554330444,"Simpson's reciprocal"
33,"lawstat","D1SP",0.852269003931848,"Simpson's reciprocal"
33,"MCPAN","D1SP",0.958694554330444,"Simpson's reciprocal"
33,"microbiome","D1SP",0.958694554330444,"Simpson's reciprocal"
33,"PCRA","D1SP",0.958694554330444,"Simpson's reciprocal"
33,"RoughSets","D1SP",0.958694554330444,"Simpson's reciprocal"
33,"simboot","D1SP",0.958694554330444,"Simpson's reciprocal"
33,"sprex","D1SP",0.958694554330444,"Simpson's reciprocal"
33,"untb","D1SP",0.96089844985764,"Simpson's reciprocal"
33,"vegan","D1SP",0.958694554330444,"Simpson's reciprocal"
33,"abdiv","DBRI",3.46356841331516,"Brillouin"
33,"ecodive","DBRI",3.46356841331516,"Brillouin"
33,"tabula","DBRI",3.46356841331516,"Brillouin"
33,"wiqid","DBRI",31.9307154503852,"Brillouin"
33,"BiodiversityR","DFIS",32.08718465,"Fisher's alpha"
33,"ecodive","DFIS",32.087,"Fisher's alpha"
33,"microbiome","DFIS",32.0871846512748,"Fisher's alpha"
33,"preseqR","DFIS",12.9437709895725,"Fisher's alpha"
33,"sads","DFIS",32.0871836903876,"Fisher's alpha"
33,"vegan","DFIS",32.0871846512748,"Fisher's alpha"
33,"custom","DGLE",14.1502241422836,"Gleason"
33,"custom","DGOO_1_1",3.74039189215439,"Good m1 n1"
33,"custom","DGOO_1_2",0.341588642696974,"Good m1 n2"
33,"custom","DGOO_1_3",1,"Good m1 n3"
33,"custom","DGOO_2_1",0.11459931865797,"Good m2 n1"
33,"custom","DGOO_2_2",1.1040164747901,"Good m2 n2"
33,"custom","DGOO_2_3",1,"Good m2 n3"
33,"custom","DGOO_3_1",0.00766889927374392,"Good m3 n1"
33,"custom","DGOO_3_2",0.0502753038777283,"Good m3 n2"
33,"custom","DGOO_3_3",1,"Good m3 n3"
33,"abdiv","DINVSP",24.2098828323994,"Simpson inverse"
33,"adiv","DINVSP",24.2098828323994,"Simpson inverse"
33,"asbio","DINVSP",24.2098828323994,"Simpson inverse"
33,"BiodiversityR","DINVSP",24.20988283,"Simpson inverse"
33,"breakaway","DINVSP",24.2098828323994,"Simpson inverse"
33,"chemodiv","DINVSP",24.2098828323994,"Simpson inverse"
33,"codyn","DINVSP",5.93220338983051,"Simpson inverse"
33,"divseg","DINVSP",1.04130544566956,"Simpson inverse"
33,"ecodive","DINVSP",24.2098828323994,"Simpson inverse"
33,"microbiome","DINVSP",24.2098828323994,"Simpson inverse"
33,"sprex","DINVSP",24.2098828323994,"Simpson inverse"
33,"vegan","DINVSP",24.2098828323994,"Simpson inverse"
33,"wiqid","DINVSP",24.2098828323994,"Simpson inverse"
33,"custom","DKO",0.211009174311927,"Kothe"
33,"abdiv","DMC",0.836839953098626,"McIntosh"
33,"adiv","DMC",0.836839953098626,"McIntosh"
33,"agricolae","DMC",0.836839953098626,"McIntosh"
33,"ecodive","DMC",0.836839953098626,"McIntosh"
33,"forestHES","DMC",0.836839953098626,"McIntosh"
33,"tabula","DMC",0.836839953098626,"McIntosh"
33,"abdiv","DMG",13.985686652257,"Margalef"
33,"adiv","DMG",13.985686652257,"Margalef"
33,"agricolae","DMG",36.8563977659479,"Margalef"
33,"ecodive","DMG",13.985686652257,"Margalef"
33,"tabula","DMG",13.985686652257,"Margalef"
33,"abdiv","DMN",4.11865302645095,"Menhinick"
33,"adiv","DMN",4.11865302645095,"Menhinick"
33,"ecodive","DMN",4.11865302645095,"Menhinick"
33,"tabula","DMN",4.11865302645095,"Menhinick"
33,"custom","DOD",197.247706422018,"Odum"
33,"abdiv","DQ",0,"Q-statistic"
33,"ade4","DRAO",0.958694554330444,"Rao"
33,"BAT","DRAO",0.958694554330484,"Rao"
33,"SYNCSA","DRAO",0.958694554330444,"Rao"
33,"abdiv","DSHA",3.74039189215439,"Shannon"
33,"adiv","DSHA",3.74039189215439,"Shannon"
33,"aqp","DSHA",5.39624483379242,"Shannon"
33,"asbio","DSHA",3.74039189215439,"Shannon"
33,"benthos","DSHA",0,"Shannon"
33,"BiodiversityR","DSHA",3.74039189,"Shannon"
33,"biosampleR","DSHA",3.53049369519414,"Shannon"
33,"chemodiv","DSHA",3.74039189215439,"Shannon"
33,"codyn","DSHA",3.74039189215439,"Shannon"
33,"DescTools","DSHA",5.39624483379242,"Shannon"
33,"divDyn","DSHA",3.74039189215439,"Shannon"
33,"divent","DSHA",3.74039189215439,"Shannon"
33,"diverse","DSHA",3.53049369519414,"Shannon"
33,"ecodive","DSHA",3.74039189215438,"Shannon"
33,"EconGeo","DSHA",5.396,"Shannon"
33,"entropart","DSHA",3.74039189215439,"Shannon"
33,"forestmangr","DSHA",3.56,"Shannon"
33,"HardyWeinberg","DSHA",3.74039189215439,"Shannon"
33,"iNEXT","DSHA",3.74,"Shannon"
33,"MCPAN","DSHA",3.74039189215439,"Shannon"
33,"microbiome","DSHA",3.74039189215439,"Shannon"
33,"OTUtable","DSHA",3.74039189215439,"Shannon"
33,"pgirmess","DSHA",5.39624483379242,"Shannon"
33,"SpiecEasi","DSHA",3.74039189215439,"Shannon"
33,"sprex","DSHA",3.74039189215439,"Shannon"
33,"tabula","DSHA",3.74039189215439,"Shannon"
33,"triversity","DSHA",5.39624483379242,"Shannon"
33,"vegan","DSHA",3.74039189215439,"Shannon"
33,"wavethresh","DSHA",-51873.5496303423,"Shannon"
33,"wiqid","DSHA",42.1144912701736,"Shannon"
33,"abdiv","DSP",0.0413054456695564,"Simpson"
33,"agricolae","DSP",0.0413054456695564,"Simpson"
33,"antitrust","DSP",413.054456695564,"Simpson"
33,"benthos","DSP",0.03910155014236,"Simpson"
33,"breakaway","DSP",0.0413054456695564,"Simpson"
33,"concstats","DSP",0.0413054456695564,"Simpson"
33,"DescTools","DSP",0.0413054456695564,"Simpson"
33,"diverse","DSP",0.0617668049422365,"Simpson"
33,"divseg","DSP",1.04130544566956,"Simpson"
33,"EconGeo","DSP",0.0413054456695564,"Simpson"
33,"hhi","DSP",0.168571428571429,"Simpson"
33,"ineq","DSP",0.0413054456695564,"Simpson"
33,"microbiome","DSP",0.0413054456695564,"Simpson"
33,"PDtoolkit","DSP",0.0413054456695564,"Simpson"
33,"politics","DSP",0.0413054456695564,"Simpson"
33,"REAT","DSP",0.0413054456695564,"Simpson"
33,"sprex","DSP",0.0413054456695564,"Simpson"
33,"tabula","DSP",0.0413054456695564,"Simpson"
33,"triversity","DSP",0.0413054456695564,"Simpson"
33,"abdiv","EBP",0.121559633027523,"Berger-Parker"
33,"agricolae","EBP",0.121559633027523,"Berger-Parker"
33,"BiodiversityR","EBP",0.12155963,"Berger-Parker"
33,"diverse","EBP",0.186320754716981,"Berger-Parker"
33,"dyvDyn","EBP",0.121559633027523,"Berger-Parker"
33,"ecodive","EBP",0.121559633027523,"Berger-Parker"
33,"microbiome","EBP",0.121559633027523,"Berger-Parker"
33,"tabula","EBP",0.121559633027523,"Berger-Parker"
33,"triversity","EBP",0.121559633027523,"Berger-Parker"
33,"wiqid","EBP",1,"Berger-Parker"
33,"tabula","EBRI",0.841133117454824,"Brillouin evenness"
33,"BAT","EBU",0.525040474905559,"Bulla"
33,"microbiome","EBU",0.525040474905559,"Bulla"
33,"BAT","ECAM",0.985798014533315,"Camargo"
33,"microbiome","ECAM",0.680525922765095,"Camargo"
33,"codyn","EEQ",0.207322315731349,"NHC EQ"
33,"custom","EEQ",0.00089861580357637,"NHC EQ"
33,"adiv","EEVAR",0.483001494788254,"NHC EVAR"
33,"codyn","EEVAR",0.521918418325953,"NHC EVAR"
33,"custom","EEVAR",0.483001494788254,"NHC EVAR"
33,"microbiome","EEVAR",0.483001494788254,"NHC EVAR"
33,"acid","EGIN",0.848481141692151,"Gini coefficient"
33,"DescTools","EGIN",0.848481141692151,"Gini coefficient"
33,"dplR","EGIN",0.848481141692151,"Gini coefficient"
33,"EconGeo","EGIN",0.848,"Gini coefficient"
33,"giniVarCI","EGIN",0.848481141692151,"Gini coefficient"
33,"ineq","EGIN",0.848481141692151,"Gini coefficient"
33,"microbiome","EGIN",0.848481141692151,"Gini coefficient"
33,"REAT","EGIN",0.848481141692151,"Gini coefficient"
33,"shipunov","EGIN",0.848481141692151,"Gini coefficient"
33,"wINEQ","EGIN",0.848481141692151,"Gini coefficient"
33,"abdiv","EHEI",0.48369989729616,"Heip"
33,"adiv","EHEI",0.48369989729616,"Heip"
33,"custom","EHUL",0.206422018348624,"Hulburt"
33,"benthos","EHURE",0.96089844985764,"Hurlbert PIE"
33,"BiodiversityR","EHURE",0.96089845,"Hurlbert PIE"
33,"mobr","EHURE",0.96089844985764,"Hurlbert PIE"
33,"vegan","EHURE",0.960898449857646,"Hurlbert PIE"
33,"custom","ELR",0.182271241337542,"Ludwig-Reynolds"
33,"abdiv","EMC",0.252367406351126,"McIntosh evenness"
33,"tabula","EMC",0.893064174503974,"McIntosh evenness"
33,"microbiome","EMN",0.206422018348624,"McNaughton"
33,"custom","ENHC",-0.0386597222411202,"NHC"
33,"custom","EPAT",0.23472133888134,"Patten"
33,"abdiv","EPIE",0.839717166934958,"Pielou"
33,"adiv","EPIE",0.839717166934958,"Pielou"
33,"BiodiversityR","EPIE",0.83971717,"Pielou"
33,"breakaway","EPIE",0.839717166934958,"Pielou"
33,"chemodiv","EPIE",0.839717166934958,"Pielou"
33,"diverse","EPIE",0.796804258780411,"Pielou"
33,"forestmangr","EPIE",1,"Pielou"
33,"microbiome","EPIE",0.839717166934958,"Pielou"
33,"OTUtable","EPIE",0.839717166934958,"Pielou"
33,"pctax","EPIE",0.8397,"Pielou"
33,"sprex","EPIE",0.839717166934958,"Pielou"
33,"tabula","EPIE",0.839717166934958,"Pielou"
33,"custom","ESHE",0.489703386862484,"Sheldon"
33,"adiv","ESP",0.281510265493016,"Simpson evenness"
33,"codyn","ESP",0.370762711864407,"Simpson evenness"
33,"sprex","ESP",0.0434929289785394,"Simpson evenness"
33,"tabula","ESP",0.281510265493016,"Simpson evenness"
33,"abdiv","EST",0.469436739918925,"Strong"
33,"adiv","QHIL_0",86,"Hill q=0"
33,"adiv","QHIL_1",42.1144912701736,"Hill q=1"
33,"adiv","QHIL_2",24.2098828323994,"Hill q=2"
33,"adiv","QHIL_3",17.7521193212926,"Hill q=3"
33,"BAT","QHIL_0",86,"Hill q=0"
33,"BAT","QHIL_1",42.1144912701736,"Hill q=1"
33,"BAT","QHIL_2",24.2098828323994,"Hill q=2"
33,"BAT","QHIL_3",17.7521193212926,"Hill q=3"
33,"benthos","QHIL_0",225,"Hill q=0"
33,"benthos","QHIL_1",42.1144912701736,"Hill q=1"
33,"benthos","QHIL_2",24.2098828323994,"Hill q=2"
33,"benthos","QHIL_3",17.7521193212926,"Hill q=3"
33,"breakaway","QHIL_0",86,"Hill q=0"
33,"breakaway","QHIL_1",42.1144912701736,"Hill q=1"
33,"breakaway","QHIL_2",24.2098828323994,"Hill q=2"
33,"breakaway","QHIL_3",17.7521193212926,"Hill q=3"
33,"chemodiv","QHIL_0",86,"Hill q=0"
33,"chemodiv","QHIL_1",42.1144912701736,"Hill q=1"
33,"chemodiv","QHIL_2",24.2098828323994,"Hill q=2"
33,"chemodiv","QHIL_3",17.7521193212926,"Hill q=3"
33,"divDyn","QHIL_2",24.2098828323994,"Hill q=2"
33,"divent","QHIL_0",86,"Hill q=0"
33,"divent","QHIL_1",42.1144912701736,"Hill q=1"
33,"divent","QHIL_2",24.2098828323994,"Hill q=2"
33,"divent","QHIL_3",17.7521193212926,"Hill q=3"
33,"entropart","QHIL_0",86,"Hill q=0"
33,"entropart","QHIL_1",42.1144912701736,"Hill q=1"
33,"entropart","QHIL_2",24.2098828323994,"Hill q=2"
33,"entropart","QHIL_3",17.7521193212927,"Hill q=3"
33,"EntropyEstimation","QHIL_1",46.8286170311231,"Hill q=1"
33,"EntropyEstimation","QHIL_2",25.5744336569581,"Hill q=2"
33,"EntropyEstimation","QHIL_3",18.5071518085541,"Hill q=3"
33,"hilldiv","QHIL_0",86,"Hill q=0"
33,"hilldiv","QHIL_1",42.114782490119,"Hill q=1"
33,"hilldiv","QHIL_2",24.2098828323994,"Hill q=2"
33,"hilldiv","QHIL_3",17.7521193212926,"Hill q=3"
33,"hillR","QHIL_0",86,"Hill q=0"
33,"hillR","QHIL_1",42.1144912701736,"Hill q=1"
33,"hillR","QHIL_2",24.2098828323994,"Hill q=2"
33,"hillR","QHIL_3",17.7521193212926,"Hill q=3"
33,"sprex","QHIL_0",86,"Hill q=0"
33,"sprex","QHIL_1",42.1144912701736,"Hill q=1"
33,"sprex","QHIL_2",24.2098828323994,"Hill q=2"
33,"sprex","QHIL_3",17.7521193212926,"Hill q=3"
33,"vegan","QHIL_0",86,"Hill q=0"
33,"vegan","QHIL_1",42.1144912701736,"Hill q=1"
33,"vegan","QHIL_2",24.2098828323994,"Hill q=2"
33,"vegan","QHIL_3",17.7521193212926,"Hill q=3"
33,"adiv","QREN_0",4.45434729625351,"Renyi q=0"
33,"adiv","QREN_1",3.74039189215439,"Renyi q=1"
33,"adiv","QREN_2",3.18676093130172,"Renyi q=2"
33,"adiv","QREN_3",2.87650490717669,"Renyi q=3"
33,"BiodiversityR","QREN_0",4.45434729625351,"Renyi q=0"
33,"BiodiversityR","QREN_1",3.74039189215439,"Renyi q=1"
33,"BiodiversityR","QREN_2",3.18676093130172,"Renyi q=2"
33,"BiodiversityR","QREN_3",2.87650490717669,"Renyi q=3"
33,"diverse","QREN_0",4.43081679884331,"Renyi q=0"
33,"diverse","QREN_1",3.53049369519414,"Renyi q=1"
33,"diverse","QREN_2",2.74919069819022,"Renyi q=2"
33,"diverse","QREN_3",2.37939980780358,"Renyi q=3"
33,"EntropyEstimation","QREN_1",3.84649449107292,"Renyi q=1"
33,"EntropyEstimation","QREN_2",3.24159316719203,"Renyi q=2"
33,"EntropyEstimation","QREN_3",2.91815724162601,"Renyi q=3"
33,"seewave","QREN_2",0.588386617383631,"Renyi q=2"
33,"seewave","QREN_3",0.531102590680744,"Renyi q=3"
33,"sprex","QREN_0",4.45434729625351,"Renyi q=0"
33,"sprex","QREN_1",3.74039189215439,"Renyi q=1"
33,"sprex","QREN_2",3.18676093130172,"Renyi q=2"
33,"sprex","QREN_3",2.87650490717669,"Renyi q=3"
33,"statcomp","QREN_1",0.690606084523839,"Renyi q=1"
33,"statcomp","QREN_2",0.588386605611053,"Renyi q=2"
33,"statcomp","QREN_3",0.531102581851311,"Renyi q=3"
33,"vegan","QREN_0",4.45434729625351,"Renyi q=0"
33,"vegan","QREN_1",3.74039189215439,"Renyi q=1"
33,"vegan","QREN_2",3.18676093130172,"Renyi q=2"
33,"vegan","QREN_3",2.87650490717669,"Renyi q=3"
33,"adiv","QTSA_0",85,"Tsallis q=0"
33,"adiv","QTSA_1",3.74039189215439,"Tsallis q=1"
33,"adiv","QTSA_2",0.958694554330444,"Tsallis q=2"
33,"adiv","QTSA_3",0.498413392190445,"Tsallis q=3"
33,"divent","QTSA_0",85,"Tsallis q=0"
33,"divent","QTSA_1",3.74039189215439,"Tsallis q=1"
33,"divent","QTSA_2",0.958694554330444,"Tsallis q=2"
33,"divent","QTSA_3",0.498413392190445,"Tsallis q=3"
33,"entropart","QTSA_0",85,"Tsallis q=0"
33,"entropart","QTSA_1",3.74039189215439,"Tsallis q=1"
33,"entropart","QTSA_2",0.958694554330444,"Tsallis q=2"
33,"entropart","QTSA_3",0.498413392190445,"Tsallis q=3"
33,"EntropyEstimation","QTSA_1",3.84649449107292,"Tsallis q=1"
33,"EntropyEstimation","QTSA_2",0.96089844985764,"Tsallis q=2"
33,"EntropyEstimation","QTSA_3",0.498540208503113,"Tsallis q=3"
33,"vegan","QTSA_0",85,"Tsallis q=0"
33,"vegan","QTSA_1",3.74039189215439,"Tsallis q=1"
33,"vegan","QTSA_2",0.958694554330444,"Tsallis q=2"
33,"vegan","QTSA_3",0.498413392190445,"Tsallis q=3"
33,"BAT","RACE",126.656885066417,"ACE"
33,"ecodive","RACE",126.656885066417,"ACE"
33,"fossil","RACE",101.023255813953,"ACE"
33,"pctax","RACE",126.6569,"ACE"
33,"sprex","RACE",436,"ACE"
33,"tabula","RACE",126.656885066417,"ACE"
33,"vegan","RACE",126.656885066417,"ACE"
33,"wiqid","RACE",126.656885066417,"ACE"
33,"BiodiversityR","RBOO",86,"Bootstrap estimator"
33,"wiqid","RBOO",225,"Bootstrap estimator"
33,"BAT","RC1",126.071428571429,"Chao 1"
33,"BiodiversityR","RC1",86,"Chao 1"
33,"biosampleR","RC1",108.473684210526,"Chao 1"
33,"iNEXT","RC1",130.36,"Chao 1"
33,"microbiome","RC1",126.071428571429,"Chao 1"
33,"pctax","RC1",126.0714,"Chao 1"
33,"rareNMtests","RC1",86,"Chao 1"
33,"SpadeR","RC1",86,"Chao 1"
33,"SSP","RC1",86,"Chao 1"
33,"vegan","RC1",126.071428571429,"Chao 1"
33,"wiqid","RC1",130.461538461538,"Chao 1"
33,"BAT","RC1M",145.776481495789,"Chao 1 modified"
33,"divent","RC1M",130.359562455893,"Chao 1 modified"
33,"ecodive","RC1M",130.461538461538,"Chao 1 modified"
33,"entropart","RC1M",130.359562455893,"Chao 1 modified"
33,"fossil","RC1M",130.461538461538,"Chao 1 modified"
33,"mobr","RC1M",130.359562455893,"Chao 1 modified"
33,"OTUtable","RC1M",130.461538461538,"Chao 1 modified"
33,"tabula","RC1M",130.359562455893,"Chao 1 modified"
33,"wiqid","RC1M",130.461538461538,"Chao 1 modified"
33,"BAT","RCA2",236.754589150926,"Chao 2"
33,"divDyn","RCA2",125.605481727575,"Chao 2"
33,"fossil","RCA2",130.461538461538,"Chao 2"
33,"tabula","RCA2",86,"Chao 2"
33,"wiqid","RCA2",86,"Chao 2"
33,"benthos","RHUR_2",1.96089844985765,"Hurlbert D k=2"
33,"benthos","RHUR_3",2.88561493256648,"Hurlbert D k=3"
33,"divent","RHUR_2",25.5744336462698,"Hurlbert D k=2"
33,"divent","RHUR_3",25.8895185852878,"Hurlbert D k=3"
33,"entropart","RHUR_2",1.96089844985764,"Hurlbert D k=2"
33,"entropart","RHUR_3",2.88561493256648,"Hurlbert D k=3"
33,"mobsim","RHUR_2",1.96089844985765,"Hurlbert D k=2"
33,"mobsim","RHUR_3",2.88561493256648,"Hurlbert D k=3"
33,"tabula","RHUR_2",1.96089844985467,"Hurlbert D k=2"
33,"tabula","RHUR_3",2.88561493262342,"Hurlbert D k=3"
33,"vegan","RHUR_2",1.96089844985765,"Hurlbert D k=2"
33,"vegan","RHUR_3",2.88561493256648,"Hurlbert D k=3"
33,"BAT","RICE",232.639187033369,"ICE"
33,"fossil","RICE",101.023255813953,"ICE"
33,"tabula","RICE",86,"ICE"
33,"wiqid","RICE",86,"ICE"
33,"BAT","RJA1",120,"Jackknife 1"
33,"BiodiversityR","RJA1",86,"Jackknife 1"
33,"divent","RJA1",141,"Jackknife 1"
33,"entropart","RJA1",141,"Jackknife 1"
33,"fossil","RJA1",119.922018348624,"Jackknife 1"
33,"SSP","RJA1",86,"Jackknife 1"
33,"tabula","RJA1",3.71637525661931,"Jackknife 1"
33,"wiqid","RJA1",120,"Jackknife 1"
33,"BAT","RJA2",141,"Jackknife 2"
33,"BiodiversityR","RJA2",86,"Jackknife 2"
33,"fossil","RJA2",140.621491089318,"Jackknife 2"
33,"SSP","RJA2",86,"Jackknife 2"
33,"wiqid","RJA2",141,"Jackknife 2"
33,"asbio","RLMD",154.73691165207,NA
33,"sads","RLMD",0.970276228707903,NA
33,"vegan","RLMD",114.735018567702,NA
33,"wiqid","RMM",0,"Michaelis-Menten"
33,"divDyn","RSQ",134.495031308102,"Squares Richness Estimator"
33,"ecodive","RSQ",134.495031308102,"Squares Richness Estimator"
33,"tabula","RSQ",134.495031308102,"Squares Richness Estimator"
34,"custom","RICH",92,"Species richness"
34,"abdiv","D1SP",0.960787552112267,"Simpson's reciprocal"
34,"ade4","D1SP",0.960787552112267,"Simpson's reciprocal"
34,"adiv","D1SP",0.960787552112267,"Simpson's reciprocal"
34,"agricolae","D1SP",0.960787552112267,"Simpson's reciprocal"
34,"asbio","D1SP",0.960787552112267,"Simpson's reciprocal"
34,"BiodiversityR","D1SP",0.96078755,"Simpson's reciprocal"
34,"biosampleR","D1SP",0.971611693223386,"Simpson's reciprocal"
34,"breakaway","D1SP",0.960787552112267,"Simpson's reciprocal"
34,"catsim","D1SP",0.617362962962963,"Simpson's reciprocal"
34,"concstats","D1SP",0.995710769856642,"Simpson's reciprocal"
34,"CUB","D1SP",0.965076782255626,"Simpson's reciprocal"
34,"DescTools","D1SP",0.960787552112267,"Simpson's reciprocal"
34,"divent","D1SP",0.960787552112267,"Simpson's reciprocal"
34,"diverse","D1SP",0.971611693223386,"Simpson's reciprocal"
34,"ecodive","D1SP",0.960787552112267,"Simpson's reciprocal"
34,"entropart","D1SP",0.960787552112267,"Simpson's reciprocal"
34,"lawstat","D1SP",0.836249600511346,"Simpson's reciprocal"
34,"MCPAN","D1SP",0.960787552112267,"Simpson's reciprocal"
34,"microbiome","D1SP",0.960787552112267,"Simpson's reciprocal"
34,"PCRA","D1SP",0.960787552112267,"Simpson's reciprocal"
34,"RoughSets","D1SP",0.960787552112267,"Simpson's reciprocal"
34,"simboot","D1SP",0.960787552112267,"Simpson's reciprocal"
34,"sprex","D1SP",0.960787552112267,"Simpson's reciprocal"
34,"untb","D1SP",0.962941784291891,"Simpson's reciprocal"
34,"vegan","D1SP",0.960787552112267,"Simpson's reciprocal"
34,"abdiv","DBRI",3.53292002185756,"Brillouin"
34,"ecodive","DBRI",3.53292002185756,"Brillouin"
34,"tabula","DBRI",3.53292002185756,"Brillouin"
34,"wiqid","DBRI",34.2237559672372,"Brillouin"
34,"BiodiversityR","DFIS",35.12348119,"Fisher's alpha"
34,"ecodive","DFIS",35.123,"Fisher's alpha"
34,"microbiome","DFIS",35.1234811940739,"Fisher's alpha"
34,"preseqR","DFIS",14.9408917023791,"Fisher's alpha"
34,"sads","DFIS",35.1234787936766,"Fisher's alpha"
34,"vegan","DFIS",35.1234811940739,"Fisher's alpha"
34,"custom","DGLE",15.0756438588241,"Gleason"
34,"custom","DGOO_1_1",3.82166945429945,"Good m1 n1"
34,"custom","DGOO_1_2",0.331332872007041,"Good m1 n2"
34,"custom","DGOO_1_3",1,"Good m1 n3"
34,"custom","DGOO_2_1",0.109976429082002,"Good m2 n1"
34,"custom","DGOO_2_2",1.08557891980171,"Good m2 n2"
34,"custom","DGOO_2_3",1,"Good m2 n3"
34,"custom","DGOO_3_1",0.00716538952817446,"Good m3 n1"
34,"custom","DGOO_3_2",0.0479921622086782,"Good m3 n2"
34,"custom","DGOO_3_3",1,"Good m3 n3"
34,"abdiv","DINVSP",25.5021059349075,"Simpson inverse"
34,"adiv","DINVSP",25.5021059349075,"Simpson inverse"
34,"asbio","DINVSP",25.5021059349075,"Simpson inverse"
34,"BiodiversityR","DINVSP",25.50210593,"Simpson inverse"
34,"breakaway","DINVSP",25.5021059349075,"Simpson inverse"
34,"chemodiv","DINVSP",25.5021059349075,"Simpson inverse"
34,"codyn","DINVSP",4.8828125,"Simpson inverse"
34,"divseg","DINVSP",1.03921244788773,"Simpson inverse"
34,"ecodive","DINVSP",25.5021059349075,"Simpson inverse"
34,"microbiome","DINVSP",25.5021059349075,"Simpson inverse"
34,"sprex","DINVSP",25.5021059349075,"Simpson inverse"
34,"vegan","DINVSP",25.5021059349075,"Simpson inverse"
34,"wiqid","DINVSP",25.5021059349075,"Simpson inverse"
34,"custom","DKO",0.155963302752294,"Kothe"
34,"abdiv","DMC",0.841794165901039,"McIntosh"
34,"adiv","DMC",0.841794165901039,"McIntosh"
34,"agricolae","DMC",0.841794165901039,"McIntosh"
34,"ecodive","DMC",0.841794165901039,"McIntosh"
34,"forestHES","DMC",0.841794165901039,"McIntosh"
34,"tabula","DMC",0.841794165901039,"McIntosh"
34,"abdiv","DMG",14.9117781647064,"Margalef"
34,"adiv","DMG",14.9117781647064,"Margalef"
34,"agricolae","DMG",36.7059154823542,"Margalef"
34,"ecodive","DMG",14.9117781647064,"Margalef"
34,"tabula","DMG",14.9117781647064,"Margalef"
34,"abdiv","DMN",4.3514506825317,"Menhinick"
34,"adiv","DMN",4.3514506825317,"Menhinick"
34,"ecodive","DMN",4.3514506825317,"Menhinick"
34,"tabula","DMN",4.3514506825317,"Menhinick"
34,"custom","DOD",205.816554809843,"Odum"
34,"abdiv","DQ",0,"Q-statistic"
34,"ade4","DRAO",0.960787552112267,"Rao"
34,"BAT","DRAO",0.960787552112237,"Rao"
34,"SYNCSA","DRAO",0.960787552112267,"Rao"
34,"abdiv","DSHA",3.82166945429945,"Shannon"
34,"adiv","DSHA",3.82166945429945,"Shannon"
34,"aqp","DSHA",5.51350356963465,"Shannon"
34,"asbio","DSHA",3.82166945429945,"Shannon"
34,"benthos","DSHA",0,"Shannon"
34,"BiodiversityR","DSHA",3.82166945,"Shannon"
34,"biosampleR","DSHA",3.97656298765037,"Shannon"
34,"chemodiv","DSHA",3.82166945429945,"Shannon"
34,"codyn","DSHA",3.82166945429945,"Shannon"
34,"DescTools","DSHA",5.51350356963465,"Shannon"
34,"divDyn","DSHA",3.82166945429945,"Shannon"
34,"divent","DSHA",3.82166945429945,"Shannon"
34,"diverse","DSHA",3.97656298765037,"Shannon"
34,"ecodive","DSHA",3.82166945429946,"Shannon"
34,"EconGeo","DSHA",5.514,"Shannon"
34,"entropart","DSHA",3.82166945429945,"Shannon"
34,"forestmangr","DSHA",3.56,"Shannon"
34,"HardyWeinberg","DSHA",3.82166945429945,"Shannon"
34,"iNEXT","DSHA",3.822,"Shannon"
34,"MCPAN","DSHA",3.82166945429945,"Shannon"
34,"microbiome","DSHA",3.82166945429945,"Shannon"
34,"OTUtable","DSHA",3.82166945429945,"Shannon"
34,"pgirmess","DSHA",5.51350356963465,"Shannon"
34,"SpiecEasi","DSHA",3.82166945429945,"Shannon"
34,"sprex","DSHA",3.82166945429945,"Shannon"
34,"tabula","DSHA",3.82166945429945,"Shannon"
34,"triversity","DSHA",5.51350356963465,"Shannon"
34,"vegan","DSHA",3.82166945429945,"Shannon"
34,"wavethresh","DSHA",-51678.5325407031,"Shannon"
34,"wiqid","DSHA",45.6804060491183,"Shannon"
34,"abdiv","DSP",0.0392124478877328,"Simpson"
34,"agricolae","DSP",0.0392124478877328,"Simpson"
34,"antitrust","DSP",392.124478877328,"Simpson"
34,"benthos","DSP",0.0370582157081089,"Simpson"
34,"breakaway","DSP",0.0392124478877328,"Simpson"
34,"concstats","DSP",0.0392124478877328,"Simpson"
34,"DescTools","DSP",0.0392124478877328,"Simpson"
34,"diverse","DSP",0.0264719129043781,"Simpson"
34,"divseg","DSP",1.03921244788773,"Simpson"
34,"EconGeo","DSP",0.0392124478877328,"Simpson"
34,"hhi","DSP",0.2048,"Simpson"
34,"ineq","DSP",0.0392124478877328,"Simpson"
34,"microbiome","DSP",0.0392124478877328,"Simpson"
34,"PDtoolkit","DSP",0.0392124478877328,"Simpson"
34,"politics","DSP",0.0392124478877328,"Simpson"
34,"REAT","DSP",0.0392124478877328,"Simpson"
34,"sprex","DSP",0.0392124478877328,"Simpson"
34,"tabula","DSP",0.0392124478877328,"Simpson"
34,"triversity","DSP",0.0392124478877328,"Simpson"
34,"abdiv","EBP",0.109619686800895,"Berger-Parker"
34,"agricolae","EBP",0.109619686800895,"Berger-Parker"
34,"BiodiversityR","EBP",0.10961969,"Berger-Parker"
34,"diverse","EBP",0.0767716535433071,"Berger-Parker"
34,"dyvDyn","EBP",0.109619686800895,"Berger-Parker"
34,"ecodive","EBP",0.109619686800895,"Berger-Parker"
34,"microbiome","EBP",0.109619686800895,"Berger-Parker"
34,"tabula","EBP",0.109619686800895,"Berger-Parker"
34,"triversity","EBP",0.109619686800895,"Berger-Parker"
34,"wiqid","EBP",1,"Berger-Parker"
34,"tabula","EBRI",0.846633673706517,"Brillouin evenness"
34,"BAT","EBU",0.543870000245839,"Bulla"
34,"microbiome","EBU",0.543870000245839,"Bulla"
34,"BAT","ECAM",0.987023432748557,"Camargo"
34,"microbiome","ECAM",0.552451123431573,"Camargo"
34,"codyn","EEQ",0.197304205556976,"NHC EQ"
34,"custom","EEQ",0.00075256793482272,"NHC EQ"
34,"adiv","EEVAR",0.509837494876777,"NHC EVAR"
34,"codyn","EEVAR",0.497487112088839,"NHC EVAR"
34,"custom","EEVAR",0.509837494876777,"NHC EVAR"
34,"microbiome","EEVAR",0.509837494876777,"NHC EVAR"
34,"acid","EGIN",0.832532935620184,"Gini coefficient"
34,"DescTools","EGIN",0.832532935620184,"Gini coefficient"
34,"dplR","EGIN",0.832532935620184,"Gini coefficient"
34,"EconGeo","EGIN",0.833,"Gini coefficient"
34,"giniVarCI","EGIN",0.832532935620184,"Gini coefficient"
34,"ineq","EGIN",0.832532935620184,"Gini coefficient"
34,"microbiome","EGIN",0.832532935620183,"Gini coefficient"
34,"REAT","EGIN",0.832532935620184,"Gini coefficient"
34,"shipunov","EGIN",0.832532935620183,"Gini coefficient"
34,"wINEQ","EGIN",0.832532935620184,"Gini coefficient"
34,"abdiv","EHEI",0.490993473067234,"Heip"
34,"adiv","EHEI",0.490993473067234,"Heip"
34,"custom","EHUL",0.203579418344519,"Hulburt"
34,"benthos","EHURE",0.962941784291891,"Hurlbert PIE"
34,"BiodiversityR","EHURE",0.96294178,"Hurlbert PIE"
34,"mobr","EHURE",0.962941784291891,"Hurlbert PIE"
34,"vegan","EHURE",0.962941784292119,"Hurlbert PIE"
34,"custom","ELR",0.184669035712464,"Ludwig-Reynolds"
34,"abdiv","EMC",0.248549927373825,"McIntosh evenness"
34,"tabula","EMC",0.895322490331034,"McIntosh evenness"
34,"microbiome","EMN",0.203579418344519,"McNaughton"
34,"custom","ENHC",-0.0346319605894202,"NHC"
34,"custom","EPAT",0.178100359776436,"Patten"
34,"abdiv","EPIE",0.845167656377581,"Pielou"
34,"adiv","EPIE",0.845167656377581,"Pielou"
34,"BiodiversityR","EPIE",0.84516766,"Pielou"
34,"breakaway","EPIE",0.845167656377581,"Pielou"
34,"chemodiv","EPIE",0.845167656377581,"Pielou"
34,"diverse","EPIE",0.875259735108697,"Pielou"
34,"forestmangr","EPIE",1,"Pielou"
34,"microbiome","EPIE",0.845167656377581,"Pielou"
34,"OTUtable","EPIE",0.845167656377581,"Pielou"
34,"pctax","EPIE",0.8452,"Pielou"
34,"sprex","EPIE",0.845167656377581,"Pielou"
34,"tabula","EPIE",0.845167656377581,"Pielou"
34,"custom","ESHE",0.496526152707807,"Sheldon"
34,"adiv","ESP",0.277196803640299,"Simpson evenness"
34,"codyn","ESP",0.256990131578947,"Simpson evenness"
34,"sprex","ESP",0.0415398853728201,"Simpson evenness"
34,"tabula","ESP",0.277196803640299,"Simpson evenness"
34,"abdiv","EST",0.451172064974224,"Strong"
34,"adiv","QHIL_0",92,"Hill q=0"
34,"adiv","QHIL_1",45.6804060491183,"Hill q=1"
34,"adiv","QHIL_2",25.5021059349075,"Hill q=2"
34,"adiv","QHIL_3",18.5584100438975,"Hill q=3"
34,"BAT","QHIL_0",92,"Hill q=0"
34,"BAT","QHIL_1",45.6804060491183,"Hill q=1"
34,"BAT","QHIL_2",25.5021059349075,"Hill q=2"
34,"BAT","QHIL_3",18.5584100438975,"Hill q=3"
34,"benthos","QHIL_0",225,"Hill q=0"
34,"benthos","QHIL_1",45.6804060491183,"Hill q=1"
34,"benthos","QHIL_2",25.5021059349075,"Hill q=2"
34,"benthos","QHIL_3",18.5584100438975,"Hill q=3"
34,"breakaway","QHIL_0",92,"Hill q=0"
34,"breakaway","QHIL_1",45.6804060491183,"Hill q=1"
34,"breakaway","QHIL_2",25.5021059349075,"Hill q=2"
34,"breakaway","QHIL_3",18.5584100438975,"Hill q=3"
34,"chemodiv","QHIL_0",92,"Hill q=0"
34,"chemodiv","QHIL_1",45.6804060491183,"Hill q=1"
34,"chemodiv","QHIL_2",25.5021059349075,"Hill q=2"
34,"chemodiv","QHIL_3",18.5584100438975,"Hill q=3"
34,"divDyn","QHIL_2",25.5021059349075,"Hill q=2"
34,"divent","QHIL_0",92,"Hill q=0"
34,"divent","QHIL_1",45.6804060491183,"Hill q=1"
34,"divent","QHIL_2",25.5021059349074,"Hill q=2"
34,"divent","QHIL_3",18.5584100438974,"Hill q=3"
34,"entropart","QHIL_0",92,"Hill q=0"
34,"entropart","QHIL_1",45.6804060491183,"Hill q=1"
34,"entropart","QHIL_2",25.5021059349074,"Hill q=2"
34,"entropart","QHIL_3",18.5584100438976,"Hill q=3"
34,"EntropyEstimation","QHIL_1",51.0239846943475,"Hill q=1"
34,"EntropyEstimation","QHIL_2",26.9845695722804,"Hill q=2"
34,"EntropyEstimation","QHIL_3",19.3593628128805,"Hill q=3"
34,"hilldiv","QHIL_0",92,"Hill q=0"
34,"hilldiv","QHIL_1",45.6807312431422,"Hill q=1"
34,"hilldiv","QHIL_2",25.5021059349075,"Hill q=2"
34,"hilldiv","QHIL_3",18.5584100438975,"Hill q=3"
34,"hillR","QHIL_0",92,"Hill q=0"
34,"hillR","QHIL_1",45.6804060491183,"Hill q=1"
34,"hillR","QHIL_2",25.5021059349075,"Hill q=2"
34,"hillR","QHIL_3",18.5584100438975,"Hill q=3"
34,"sprex","QHIL_0",92,"Hill q=0"
34,"sprex","QHIL_1",45.6804060491183,"Hill q=1"
34,"sprex","QHIL_2",25.5021059349075,"Hill q=2"
34,"sprex","QHIL_3",18.5584100438975,"Hill q=3"
34,"vegan","QHIL_0",92,"Hill q=0"
34,"vegan","QHIL_1",45.6804060491183,"Hill q=1"
34,"vegan","QHIL_2",25.5021059349075,"Hill q=2"
34,"vegan","QHIL_3",18.5584100438975,"Hill q=3"
34,"adiv","QREN_0",4.52178857704904,"Renyi q=0"
34,"adiv","QREN_1",3.82166945429945,"Renyi q=1"
34,"adiv","QREN_2",3.23876103443702,"Renyi q=2"
34,"adiv","QREN_3",2.92092305795025,"Renyi q=3"
34,"BiodiversityR","QREN_0",4.52178857704904,"Renyi q=0"
34,"BiodiversityR","QREN_1",3.82166945429945,"Renyi q=1"
34,"BiodiversityR","QREN_2",3.23876103443702,"Renyi q=2"
34,"BiodiversityR","QREN_3",2.92092305795025,"Renyi q=3"
34,"diverse","QREN_0",4.54329478227,"Renyi q=0"
34,"diverse","QREN_1",3.97656298765037,"Renyi q=1"
34,"diverse","QREN_2",3.5617779518182,"Renyi q=2"
34,"diverse","QREN_3",3.31337547335842,"Renyi q=3"
34,"EntropyEstimation","QREN_1",3.93229581029799,"Renyi q=1"
34,"EntropyEstimation","QREN_2",3.29526520531454,"Renyi q=2"
34,"EntropyEstimation","QREN_3",2.96317616874897,"Renyi q=3"
34,"seewave","QREN_2",0.597987639340406,"Renyi q=2"
34,"seewave","QREN_3",0.539303721436234,"Renyi q=3"
34,"sprex","QREN_0",4.52178857704904,"Renyi q=0"
34,"sprex","QREN_1",3.82166945429945,"Renyi q=1"
34,"sprex","QREN_2",3.23876103443702,"Renyi q=2"
34,"sprex","QREN_3",2.92092305795025,"Renyi q=3"
34,"statcomp","QREN_1",0.705612741732776,"Renyi q=1"
34,"statcomp","QREN_2",0.597987628353197,"Renyi q=2"
34,"statcomp","QREN_3",0.539303713195826,"Renyi q=3"
34,"vegan","QREN_0",4.52178857704904,"Renyi q=0"
34,"vegan","QREN_1",3.82166945429945,"Renyi q=1"
34,"vegan","QREN_2",3.23876103443702,"Renyi q=2"
34,"vegan","QREN_3",2.92092305795025,"Renyi q=3"
34,"adiv","QTSA_0",91,"Tsallis q=0"
34,"adiv","QTSA_1",3.82166945429945,"Tsallis q=1"
34,"adiv","QTSA_2",0.960787552112267,"Tsallis q=2"
34,"adiv","QTSA_3",0.498548261240491,"Tsallis q=3"
34,"divent","QTSA_0",91,"Tsallis q=0"
34,"divent","QTSA_1",3.82166945429945,"Tsallis q=1"
34,"divent","QTSA_2",0.960787552112267,"Tsallis q=2"
34,"divent","QTSA_3",0.498548261240491,"Tsallis q=3"
34,"entropart","QTSA_0",91,"Tsallis q=0"
34,"entropart","QTSA_1",3.82166945429945,"Tsallis q=1"
34,"entropart","QTSA_2",0.960787552112267,"Tsallis q=2"
34,"entropart","QTSA_3",0.498548261240491,"Tsallis q=3"
34,"EntropyEstimation","QTSA_1",3.93229581029799,"Tsallis q=1"
34,"EntropyEstimation","QTSA_2",0.962941784291893,"Tsallis q=2"
34,"EntropyEstimation","QTSA_3",0.498665901529249,"Tsallis q=3"
34,"vegan","QTSA_0",91,"Tsallis q=0"
34,"vegan","QTSA_1",3.82166945429945,"Tsallis q=1"
34,"vegan","QTSA_2",0.960787552112267,"Tsallis q=2"
34,"vegan","QTSA_3",0.498548261240491,"Tsallis q=3"
34,"BAT","RACE",124.460040499755,"ACE"
34,"ecodive","RACE",124.460040499755,"ACE"
34,"fossil","RACE",107.234972677596,"ACE"
34,"pctax","RACE",124.46,"ACE"
34,"sprex","RACE",447,"ACE"
34,"tabula","RACE",124.460040499755,"ACE"
34,"vegan","RACE",124.460040499755,"ACE"
34,"wiqid","RACE",124.460040499755,"ACE"
34,"BiodiversityR","RBOO",92,"Bootstrap estimator"
34,"wiqid","RBOO",225,"Bootstrap estimator"
34,"BAT","RC1",127.0625,"Chao 1"
34,"BiodiversityR","RC1",92,"Chao 1"
34,"biosampleR","RC1",111.55,"Chao 1"
34,"iNEXT","RC1",130.447,"Chao 1"
34,"microbiome","RC1",127.0625,"Chao 1"
34,"pctax","RC1",127.0625,"Chao 1"
34,"rareNMtests","RC1",92,"Chao 1"
34,"SpadeR","RC1",92,"Chao 1"
34,"SSP","RC1",92,"Chao 1"
34,"vegan","RC1",127.0625,"Chao 1"
34,"wiqid","RC1",130.533333333333,"Chao 1"
34,"BAT","RC1M",144.416499291115,"Chao 1 modified"
34,"divent","RC1M",130.447129008203,"Chao 1 modified"
34,"ecodive","RC1M",130.533333333333,"Chao 1 modified"
34,"entropart","RC1M",130.447129008203,"Chao 1 modified"
34,"fossil","RC1M",130.533333333333,"Chao 1 modified"
34,"mobr","RC1M",130.447129008203,"Chao 1 modified"
34,"OTUtable","RC1M",130.533333333333,"Chao 1 modified"
34,"tabula","RC1M",130.447129008203,"Chao 1 modified"
34,"wiqid","RC1M",130.533333333333,"Chao 1 modified"
34,"BAT","RCA2",237.00877244297,"Chao 2"
34,"divDyn","RCA2",126.681385869565,"Chao 2"
34,"fossil","RCA2",130.533333333333,"Chao 2"
34,"tabula","RCA2",92,"Chao 2"
34,"wiqid","RCA2",92,"Chao 2"
34,"benthos","RHUR_2",1.96294178429212,"Hurlbert D k=2"
34,"benthos","RHUR_3",2.89149354981771,"Hurlbert D k=3"
34,"divent","RHUR_2",26.9845695637164,"Hurlbert D k=2"
34,"divent","RHUR_3",27.3106739195272,"Hurlbert D k=3"
34,"entropart","RHUR_2",1.96294178429213,"Hurlbert D k=2"
34,"entropart","RHUR_3",2.89149354981771,"Hurlbert D k=3"
34,"mobsim","RHUR_2",1.96294178429212,"Hurlbert D k=2"
34,"mobsim","RHUR_3",2.89149354981771,"Hurlbert D k=3"
34,"tabula","RHUR_2",1.96294178428226,"Hurlbert D k=2"
34,"tabula","RHUR_3",2.89149354984716,"Hurlbert D k=3"
34,"vegan","RHUR_2",1.96294178429212,"Hurlbert D k=2"
34,"vegan","RHUR_3",2.89149354981771,"Hurlbert D k=3"
34,"BAT","RICE",233.767189627155,"ICE"
34,"fossil","RICE",107.234972677596,"ICE"
34,"tabula","RICE",92,"ICE"
34,"wiqid","RICE",92,"ICE"
34,"BAT","RJA1",126,"Jackknife 1"
34,"BiodiversityR","RJA1",92,"Jackknife 1"
34,"divent","RJA1",145,"Jackknife 1"
34,"entropart","RJA1",145,"Jackknife 1"
34,"fossil","RJA1",125.923937360179,"Jackknife 1"
34,"SSP","RJA1",92,"Jackknife 1"
34,"tabula","RJA1",3.79961063520662,"Jackknife 1"
34,"wiqid","RJA1",126,"Jackknife 1"
34,"BAT","RJA2",145,"Jackknife 2"
34,"BiodiversityR","RJA2",92,"Jackknife 2"
34,"fossil","RJA2",144.644220061998,"Jackknife 2"
34,"SSP","RJA2",92,"Jackknife 2"
34,"wiqid","RJA2",145,"Jackknife 2"
34,"asbio","RLMD",169.475209441315,NA
34,"sads","RLMD",0.965337985561412,NA
34,"vegan","RLMD",111.382347622938,NA
34,"wiqid","RMM",0,"Michaelis-Menten"
34,"divDyn","RSQ",138.050508183302,"Squares Richness Estimator"
34,"ecodive","RSQ",138.050508183302,"Squares Richness Estimator"
34,"tabula","RSQ",138.050508183302,"Squares Richness Estimator"
35,"custom","RICH",83,"Species richness"
35,"abdiv","D1SP",0.798397568113045,"Simpson's reciprocal"
35,"ade4","D1SP",0.798397568113045,"Simpson's reciprocal"
35,"adiv","D1SP",0.798397568113045,"Simpson's reciprocal"
35,"agricolae","D1SP",0.798397568113045,"Simpson's reciprocal"
35,"asbio","D1SP",0.798397568113045,"Simpson's reciprocal"
35,"BiodiversityR","D1SP",0.79839757,"Simpson's reciprocal"
35,"biosampleR","D1SP",0.913713141045747,"Simpson's reciprocal"
35,"breakaway","D1SP",0.798397568113045,"Simpson's reciprocal"
35,"catsim","D1SP",0.559051851851852,"Simpson's reciprocal"
35,"concstats","D1SP",0.996435725142352,"Simpson's reciprocal"
35,"CUB","D1SP",0.801961842970693,"Simpson's reciprocal"
35,"DescTools","D1SP",0.798397568113045,"Simpson's reciprocal"
35,"divent","D1SP",0.798397568113045,"Simpson's reciprocal"
35,"diverse","D1SP",0.913713141045747,"Simpson's reciprocal"
35,"ecodive","D1SP",0.798397568113045,"Simpson's reciprocal"
35,"entropart","D1SP",0.798397568113045,"Simpson's reciprocal"
35,"lawstat","D1SP",0.921425600190159,"Simpson's reciprocal"
35,"MCPAN","D1SP",0.798397568113045,"Simpson's reciprocal"
35,"microbiome","D1SP",0.798397568113045,"Simpson's reciprocal"
35,"PCRA","D1SP",0.798397568113045,"Simpson's reciprocal"
35,"RoughSets","D1SP",0.798397568113045,"Simpson's reciprocal"
35,"simboot","D1SP",0.798397568113045,"Simpson's reciprocal"
35,"sprex","D1SP",0.798397568113045,"Simpson's reciprocal"
35,"untb","D1SP",0.799728230726567,"Simpson's reciprocal"
35,"vegan","D1SP",0.798397568113045,"Simpson's reciprocal"
35,"abdiv","DBRI",2.46195068127806,"Brillouin"
35,"ecodive","DBRI",2.46195068127806,"Brillouin"
35,"tabula","DBRI",2.46195068127806,"Brillouin"
35,"wiqid","DBRI",11.7276661805277,"Brillouin"
35,"BiodiversityR","DFIS",26.11064837,"Fisher's alpha"
35,"ecodive","DFIS",26.111,"Fisher's alpha"
35,"microbiome","DFIS",26.1106483708105,"Fisher's alpha"
35,"preseqR","DFIS",24.7056569588835,"Fisher's alpha"
35,"sads","DFIS",26.1106486614574,"Fisher's alpha"
35,"vegan","DFIS",26.1106483708105,"Fisher's alpha"
35,"custom","DGLE",12.9715978037652,"Gleason"
35,"custom","DGOO_1_1",2.64185942378918,"Good m1 n1"
35,"custom","DGOO_1_2",0.322731646841618,"Good m1 n2"
35,"custom","DGOO_1_3",1,"Good m1 n3"
35,"custom","DGOO_2_1",0.224352757887379,"Good m2 n1"
35,"custom","DGOO_2_2",0.682902191633112,"Good m2 n2"
35,"custom","DGOO_2_3",1,"Good m2 n3"
35,"custom","DGOO_3_1",0.0697852059505369,"Good m3 n1"
35,"custom","DGOO_3_2",0.0836758428187235,"Good m3 n2"
35,"custom","DGOO_3_3",1,"Good m3 n3"
35,"abdiv","DINVSP",4.96025762507038,"Simpson inverse"
35,"adiv","DINVSP",4.96025762507038,"Simpson inverse"
35,"asbio","DINVSP",4.96025762507038,"Simpson inverse"
35,"BiodiversityR","DINVSP",4.96025763,"Simpson inverse"
35,"breakaway","DINVSP",4.96025762507038,"Simpson inverse"
35,"chemodiv","DINVSP",4.96025762507038,"Simpson inverse"
35,"codyn","DINVSP",1.88866189989786,"Simpson inverse"
35,"divseg","DINVSP",1.20160243188695,"Simpson inverse"
35,"ecodive","DINVSP",4.96025762507039,"Simpson inverse"
35,"microbiome","DINVSP",4.96025762507038,"Simpson inverse"
35,"sprex","DINVSP",4.96025762507038,"Simpson inverse"
35,"vegan","DINVSP",4.96025762507038,"Simpson inverse"
35,"wiqid","DINVSP",4.96025762507038,"Simpson inverse"
35,"custom","DKO",0.238532110091743,"Kothe"
35,"abdiv","DMC",0.574429889400387,"McIntosh"
35,"adiv","DMC",0.574429889400387,"McIntosh"
35,"agricolae","DMC",0.574429889400387,"McIntosh"
35,"ecodive","DMC",0.574429889400387,"McIntosh"
35,"forestHES","DMC",0.574429889400387,"McIntosh"
35,"tabula","DMC",0.574429889400387,"McIntosh"
35,"abdiv","DMG",12.8153134928765,"Margalef"
35,"adiv","DMG",12.8153134928765,"Margalef"
35,"agricolae","DMG",35.0076856390772,"Margalef"
35,"ecodive","DMG",12.8153134928765,"Margalef"
35,"tabula","DMG",12.8153134928765,"Margalef"
35,"abdiv","DMN",3.38564061825922,"Menhinick"
35,"adiv","DMN",3.38564061825922,"Menhinick"
35,"ecodive","DMN",3.38564061825922,"Menhinick"
35,"tabula","DMN",3.38564061825922,"Menhinick"
35,"custom","DOD",138.103161397671,"Odum"
35,"abdiv","DQ",0,"Q-statistic"
35,"ade4","DRAO",0.798397568113046,"Rao"
35,"BAT","DRAO",0.798397568112983,"Rao"
35,"SYNCSA","DRAO",0.798397568113045,"Rao"
35,"abdiv","DSHA",2.64185942378918,"Shannon"
35,"adiv","DSHA",2.64185942378918,"Shannon"
35,"aqp","DSHA",3.81139748942642,"Shannon"
35,"asbio","DSHA",2.64185942378918,"Shannon"
35,"benthos","DSHA",0,"Shannon"
35,"BiodiversityR","DSHA",2.64185942,"Shannon"
35,"biosampleR","DSHA",3.23484857311241,"Shannon"
35,"chemodiv","DSHA",2.64185942378918,"Shannon"
35,"codyn","DSHA",2.64185942378918,"Shannon"
35,"DescTools","DSHA",3.81139748942642,"Shannon"
35,"divDyn","DSHA",2.64185942378918,"Shannon"
35,"divent","DSHA",2.64185942378918,"Shannon"
35,"diverse","DSHA",3.23484857311241,"Shannon"
35,"ecodive","DSHA",2.64185942378918,"Shannon"
35,"EconGeo","DSHA",3.811,"Shannon"
35,"entropart","DSHA",2.64185942378918,"Shannon"
35,"forestmangr","DSHA",3.56,"Shannon"
35,"HardyWeinberg","DSHA",2.64185942378918,"Shannon"
35,"iNEXT","DSHA",2.642,"Shannon"
35,"MCPAN","DSHA",2.64185942378918,"Shannon"
35,"microbiome","DSHA",2.64185942378918,"Shannon"
35,"OTUtable","DSHA",2.64185942378918,"Shannon"
35,"pgirmess","DSHA",3.81139748942642,"Shannon"
35,"SpiecEasi","DSHA",2.64185942378918,"Shannon"
35,"sprex","DSHA",2.64185942378918,"Shannon"
35,"tabula","DSHA",2.64185942378918,"Shannon"
35,"triversity","DSHA",3.81139748942642,"Shannon"
35,"vegan","DSHA",2.64185942378918,"Shannon"
35,"wavethresh","DSHA",-769805.68807248,"Shannon"
35,"wiqid","DSHA",14.0392843319295,"Shannon"
35,"abdiv","DSP",0.201602431886955,"Simpson"
35,"agricolae","DSP",0.201602431886955,"Simpson"
35,"antitrust","DSP",2016.02431886955,"Simpson"
35,"benthos","DSP",0.200271769273433,"Simpson"
35,"breakaway","DSP",0.201602431886955,"Simpson"
35,"concstats","DSP",0.201602431886955,"Simpson"
35,"DescTools","DSP",0.201602431886955,"Simpson"
35,"diverse","DSP",0.0844144959603071,"Simpson"
35,"divseg","DSP",1.20160243188695,"Simpson"
35,"EconGeo","DSP",0.201602431886955,"Simpson"
35,"hhi","DSP",0.52947539210384,"Simpson"
35,"ineq","DSP",0.201602431886955,"Simpson"
35,"microbiome","DSP",0.201602431886955,"Simpson"
35,"PDtoolkit","DSP",0.201602431886955,"Simpson"
35,"politics","DSP",0.201602431886955,"Simpson"
35,"REAT","DSP",0.201602431886955,"Simpson"
35,"sprex","DSP",0.201602431886955,"Simpson"
35,"tabula","DSP",0.201602431886955,"Simpson"
35,"triversity","DSP",0.201602431886955,"Simpson"
35,"abdiv","EBP",0.410981697171381,"Berger-Parker"
35,"agricolae","EBP",0.410981697171381,"Berger-Parker"
35,"BiodiversityR","EBP",0.4109817,"Berger-Parker"
35,"diverse","EBP",0.198364008179959,"Berger-Parker"
35,"dyvDyn","EBP",0.410981697171381,"Berger-Parker"
35,"ecodive","EBP",0.410981697171381,"Berger-Parker"
35,"microbiome","EBP",0.410981697171381,"Berger-Parker"
35,"tabula","EBP",0.410981697171381,"Berger-Parker"
35,"triversity","EBP",0.410981697171381,"Berger-Parker"
35,"wiqid","EBP",1,"Berger-Parker"
35,"tabula","EBRI",0.591972118064112,"Brillouin evenness"
35,"BAT","EBU",0.349377054502658,"Bulla"
35,"microbiome","EBU",0.349377054502658,"Bulla"
35,"BAT","ECAM",0.981075717178197,"Camargo"
35,"microbiome","ECAM",0.710883467313514,"Camargo"
35,"codyn","EEQ",0.154676705132575,"NHC EQ"
35,"custom","EEQ",0.00089808506901795,"NHC EQ"
35,"adiv","EEVAR",0.448690140317989,"NHC EVAR"
35,"codyn","EEVAR",0.364434180092465,"NHC EVAR"
35,"custom","EEVAR",0.448690140317989,"NHC EVAR"
35,"microbiome","EEVAR",0.448690140317989,"NHC EVAR"
35,"acid","EGIN",0.917330375300425,"Gini coefficient"
35,"DescTools","EGIN",0.917330375300425,"Gini coefficient"
35,"dplR","EGIN",0.917330375300425,"Gini coefficient"
35,"EconGeo","EGIN",0.917,"Gini coefficient"
35,"giniVarCI","EGIN",0.917330375300425,"Gini coefficient"
35,"ineq","EGIN",0.917330375300425,"Gini coefficient"
35,"microbiome","EGIN",0.917330375300425,"Gini coefficient"
35,"REAT","EGIN",0.917330375300425,"Gini coefficient"
35,"shipunov","EGIN",0.917330375300425,"Gini coefficient"
35,"wINEQ","EGIN",0.917330375300425,"Gini coefficient"
35,"abdiv","EHEI",0.159015662584506,"Heip"
35,"adiv","EHEI",0.159015662584506,"Heip"
35,"custom","EHUL",0.565723793677205,"Hulburt"
35,"benthos","EHURE",0.799728230726567,"Hurlbert PIE"
35,"BiodiversityR","EHURE",0.79972823,"Hurlbert PIE"
35,"mobr","EHURE",0.799728230726567,"Hurlbert PIE"
35,"vegan","EHURE",0.799728230726733,"Hurlbert PIE"
35,"custom","ELR",0.0629849277375269,"Ludwig-Reynolds"
35,"abdiv","EMC",0.519862992794724,"McIntosh evenness"
35,"tabula","EMC",0.61893539060513,"McIntosh evenness"
35,"microbiome","EMN",0.565723793677205,"McNaughton"
35,"custom","ENHC",-0.0372877973624,"NHC"
35,"custom","EPAT",1,"Patten"
35,"abdiv","EPIE",0.597862574886245,"Pielou"
35,"adiv","EPIE",0.597862574886245,"Pielou"
35,"BiodiversityR","EPIE",0.59786257,"Pielou"
35,"breakaway","EPIE",0.597862574886245,"Pielou"
35,"chemodiv","EPIE",0.597862574886245,"Pielou"
35,"diverse","EPIE",0.738208332079925,"Pielou"
35,"forestmangr","EPIE",1,"Pielou"
35,"microbiome","EPIE",0.597862574886245,"Pielou"
35,"OTUtable","EPIE",0.597862574886245,"Pielou"
35,"pctax","EPIE",0.5979,"Pielou"
35,"sprex","EPIE",0.597862574886245,"Pielou"
35,"tabula","EPIE",0.597862574886245,"Pielou"
35,"custom","ESHE",0.16914800399915,"Sheldon"
35,"adiv","ESP",0.0597621400610889,"Simpson evenness"
35,"codyn","ESP",0.134904421421275,"Simpson evenness"
35,"sprex","ESP",0.0318296316119178,"Simpson evenness"
35,"tabula","ESP",0.0597621400610889,"Simpson evenness"
35,"abdiv","EST",0.642784114828699,"Strong"
35,"adiv","QHIL_0",83,"Hill q=0"
35,"adiv","QHIL_1",14.0392843319295,"Hill q=1"
35,"adiv","QHIL_2",4.96025762507038,"Hill q=2"
35,"adiv","QHIL_3",3.68835230717437,"Hill q=3"
35,"BAT","QHIL_0",83,"Hill q=0"
35,"BAT","QHIL_1",14.0392843319295,"Hill q=1"
35,"BAT","QHIL_2",4.96025762507038,"Hill q=2"
35,"BAT","QHIL_3",3.68835230717437,"Hill q=3"
35,"benthos","QHIL_0",225,"Hill q=0"
35,"benthos","QHIL_1",14.0392843319295,"Hill q=1"
35,"benthos","QHIL_2",4.96025762507038,"Hill q=2"
35,"benthos","QHIL_3",3.68835230717437,"Hill q=3"
35,"breakaway","QHIL_0",83,"Hill q=0"
35,"breakaway","QHIL_1",14.0392843319295,"Hill q=1"
35,"breakaway","QHIL_2",4.96025762507038,"Hill q=2"
35,"breakaway","QHIL_3",3.68835230717437,"Hill q=3"
35,"chemodiv","QHIL_0",83,"Hill q=0"
35,"chemodiv","QHIL_1",14.0392843319295,"Hill q=1"
35,"chemodiv","QHIL_2",4.96025762507038,"Hill q=2"
35,"chemodiv","QHIL_3",3.68835230717437,"Hill q=3"
35,"divDyn","QHIL_2",4.96025762507038,"Hill q=2"
35,"divent","QHIL_0",83,"Hill q=0"
35,"divent","QHIL_1",14.0392843319295,"Hill q=1"
35,"divent","QHIL_2",4.96025762507038,"Hill q=2"
35,"divent","QHIL_3",3.68835230717437,"Hill q=3"
35,"entropart","QHIL_0",83,"Hill q=0"
35,"entropart","QHIL_1",14.0392843319295,"Hill q=1"
35,"entropart","QHIL_2",4.96025762507038,"Hill q=2"
35,"entropart","QHIL_3",3.68835230717437,"Hill q=3"
35,"EntropyEstimation","QHIL_1",15.1378836119373,"Hill q=1"
35,"EntropyEstimation","QHIL_2",4.99321498795314,"Hill q=2"
35,"EntropyEstimation","QHIL_3",3.70444957588614,"Hill q=3"
35,"hilldiv","QHIL_0",83,"Hill q=0"
35,"hilldiv","QHIL_1",14.0395391074796,"Hill q=1"
35,"hilldiv","QHIL_2",4.96025762507038,"Hill q=2"
35,"hilldiv","QHIL_3",3.68835230717437,"Hill q=3"
35,"hillR","QHIL_0",83,"Hill q=0"
35,"hillR","QHIL_1",14.0392843319295,"Hill q=1"
35,"hillR","QHIL_2",4.96025762507038,"Hill q=2"
35,"hillR","QHIL_3",3.68835230717437,"Hill q=3"
35,"sprex","QHIL_0",83,"Hill q=0"
35,"sprex","QHIL_1",14.0392843319295,"Hill q=1"
35,"sprex","QHIL_2",4.96025762507038,"Hill q=2"
35,"sprex","QHIL_3",3.68835230717437,"Hill q=3"
35,"vegan","QHIL_0",83,"Hill q=0"
35,"vegan","QHIL_1",14.0392843319295,"Hill q=1"
35,"vegan","QHIL_2",4.96025762507038,"Hill q=2"
35,"vegan","QHIL_3",3.68835230717437,"Hill q=3"
35,"adiv","QREN_0",4.4188406077966,"Renyi q=0"
35,"adiv","QREN_1",2.64185942378918,"Renyi q=1"
35,"adiv","QREN_2",1.60145767992636,"Renyi q=2"
35,"adiv","QREN_3",1.30517982910754,"Renyi q=3"
35,"BiodiversityR","QREN_0",4.4188406077966,"Renyi q=0"
35,"BiodiversityR","QREN_1",2.64185942378918,"Renyi q=1"
35,"BiodiversityR","QREN_2",1.60145767992636,"Renyi q=2"
35,"BiodiversityR","QREN_3",1.30517982910754,"Renyi q=3"
35,"diverse","QREN_0",4.38202663467388,"Renyi q=0"
35,"diverse","QREN_1",3.23484857311241,"Renyi q=1"
35,"diverse","QREN_2",2.45007796416451,"Renyi q=2"
35,"diverse","QREN_3",2.17076629866295,"Renyi q=3"
35,"EntropyEstimation","QREN_1",2.71720045038716,"Renyi q=1"
35,"EntropyEstimation","QREN_2",1.60807998846316,"Renyi q=2"
35,"EntropyEstimation","QREN_3",1.30953468519768,"Renyi q=3"
35,"seewave","QREN_2",0.295684645456188,"Renyi q=2"
35,"seewave","QREN_3",0.240981475161953,"Renyi q=3"
35,"sprex","QREN_0",4.4188406077966,"Renyi q=0"
35,"sprex","QREN_1",2.64185942378918,"Renyi q=1"
35,"sprex","QREN_2",1.60145767992636,"Renyi q=2"
35,"sprex","QREN_3",1.30517982910754,"Renyi q=3"
35,"statcomp","QREN_1",0.487778886579338,"Renyi q=1"
35,"statcomp","QREN_2",0.295684636731354,"Renyi q=2"
35,"statcomp","QREN_3",0.240981468618328,"Renyi q=3"
35,"vegan","QREN_0",4.4188406077966,"Renyi q=0"
35,"vegan","QREN_1",2.64185942378918,"Renyi q=1"
35,"vegan","QREN_2",1.60145767992636,"Renyi q=2"
35,"vegan","QREN_3",1.30517982910754,"Renyi q=3"
35,"adiv","QTSA_0",82,"Tsallis q=0"
35,"adiv","QTSA_1",2.64185942378918,"Tsallis q=1"
35,"adiv","QTSA_2",0.798397568113045,"Tsallis q=2"
35,"adiv","QTSA_3",0.463245949392137,"Tsallis q=3"
35,"divent","QTSA_0",82,"Tsallis q=0"
35,"divent","QTSA_1",2.64185942378918,"Tsallis q=1"
35,"divent","QTSA_2",0.798397568113045,"Tsallis q=2"
35,"divent","QTSA_3",0.463245949392137,"Tsallis q=3"
35,"entropart","QTSA_0",82,"Tsallis q=0"
35,"entropart","QTSA_1",2.64185942378918,"Tsallis q=1"
35,"entropart","QTSA_2",0.798397568113045,"Tsallis q=2"
35,"entropart","QTSA_3",0.463245949392137,"Tsallis q=3"
35,"EntropyEstimation","QTSA_1",2.71720045038716,"Tsallis q=1"
35,"EntropyEstimation","QTSA_2",0.799728230726567,"Tsallis q=2"
35,"EntropyEstimation","QTSA_3",0.463564676568546,"Tsallis q=3"
35,"vegan","QTSA_0",82,"Tsallis q=0"
35,"vegan","QTSA_1",2.64185942378918,"Tsallis q=1"
35,"vegan","QTSA_2",0.798397568113045,"Tsallis q=2"
35,"vegan","QTSA_3",0.463245949392137,"Tsallis q=3"
35,"BAT","RACE",149.766024762427,"ACE"
35,"ecodive","RACE",149.766024762427,"ACE"
35,"fossil","RACE",109.46875,"ACE"
35,"pctax","RACE",149.766,"ACE"
35,"sprex","RACE",601,"ACE"
35,"tabula","RACE",149.766024762427,"ACE"
35,"vegan","RACE",149.766024762427,"ACE"
35,"wiqid","RACE",149.766024762427,"ACE"
35,"BiodiversityR","RBOO",83,"Bootstrap estimator"
35,"wiqid","RBOO",225,"Bootstrap estimator"
35,"BAT","RC1",169,"Chao 1"
35,"BiodiversityR","RC1",83,"Chao 1"
35,"biosampleR","RC1",107.1875,"Chao 1"
35,"iNEXT","RC1",179.639,"Chao 1"
35,"microbiome","RC1",169,"Chao 1"
35,"pctax","RC1",169,"Chao 1"
35,"rareNMtests","RC1",83,"Chao 1"
35,"SpadeR","RC1",83,"Chao 1"
35,"SSP","RC1",83,"Chao 1"
35,"vegan","RC1",169,"Chao 1"
35,"wiqid","RC1",179.8,"Chao 1"
35,"BAT","RC1M",216.493685585716,"Chao 1 modified"
35,"divent","RC1M",179.638935108153,"Chao 1 modified"
35,"ecodive","RC1M",179.8,"Chao 1 modified"
35,"entropart","RC1M",179.638935108153,"Chao 1 modified"
35,"fossil","RC1M",179.8,"Chao 1 modified"
35,"mobr","RC1M",179.638935108153,"Chao 1 modified"
35,"OTUtable","RC1M",179.8,"Chao 1 modified"
35,"tabula","RC1M",179.638935108153,"Chao 1 modified"
35,"wiqid","RC1M",179.8,"Chao 1 modified"
35,"BAT","RCA2",236.9996065641,"Chao 2"
35,"divDyn","RCA2",167.963855421687,"Chao 2"
35,"fossil","RCA2",179.8,"Chao 2"
35,"tabula","RCA2",83,"Chao 2"
35,"wiqid","RCA2",83,"Chao 2"
35,"benthos","RHUR_2",1.79972823072673,"Hurlbert D k=2"
35,"benthos","RHUR_3",2.4720553390427,"Hurlbert D k=3"
35,"divent","RHUR_2",4.99321054102736,"Hurlbert D k=2"
35,"divent","RHUR_3",5.32683423359314,"Hurlbert D k=3"
35,"entropart","RHUR_2",1.79972823072674,"Hurlbert D k=2"
35,"entropart","RHUR_3",2.4720553390427,"Hurlbert D k=3"
35,"mobsim","RHUR_2",1.79972823072673,"Hurlbert D k=2"
35,"mobsim","RHUR_3",2.4720553390427,"Hurlbert D k=3"
35,"tabula","RHUR_2",1.79972823074148,"Hurlbert D k=2"
35,"tabula","RHUR_3",2.47205533903345,"Hurlbert D k=3"
35,"vegan","RHUR_2",1.79972823072673,"Hurlbert D k=2"
35,"vegan","RHUR_3",2.4720553390427,"Hurlbert D k=3"
35,"BAT","RICE",234.558649169733,"ICE"
35,"fossil","RICE",109.46875,"ICE"
35,"tabula","RICE",83,"ICE"
35,"wiqid","RICE",83,"ICE"
35,"BAT","RJA1",127,"Jackknife 1"
35,"BiodiversityR","RJA1",83,"Jackknife 1"
35,"divent","RJA1",227,"Jackknife 1"
35,"entropart","RJA1",227,"Jackknife 1"
35,"fossil","RJA1",126.926788685524,"Jackknife 1"
35,"SSP","RJA1",83,"Jackknife 1"
35,"tabula","RJA1",2.5687526926496,"Jackknife 1"
35,"wiqid","RJA1",127,"Jackknife 1"
35,"BAT","RJA2",161,"Jackknife 2"
35,"BiodiversityR","RJA2",83,"Jackknife 2"
35,"fossil","RJA2",160.610621186911,"Jackknife 2"
35,"SSP","RJA2",83,"Jackknife 2"
35,"wiqid","RJA2",161,"Jackknife 2"
35,"asbio","RLMD",142.834122531742,NA
35,"sads","RLMD",0.759373070267091,NA
35,"vegan","RLMD",211.456390699941,NA
35,"wiqid","RMM",0,"Michaelis-Menten"
35,"divDyn","RSQ",477.288849919871,"Squares Richness Estimator"
35,"ecodive","RSQ",477.288849919871,"Squares Richness Estimator"
35,"tabula","RSQ",477.288849919871,"Squares Richness Estimator"
36,"custom","RICH",92,"Species richness"
36,"abdiv","D1SP",0.964856679286101,"Simpson's reciprocal"
36,"ade4","D1SP",0.964856679286101,"Simpson's reciprocal"
36,"adiv","D1SP",0.964856679286101,"Simpson's reciprocal"
36,"agricolae","D1SP",0.964856679286101,"Simpson's reciprocal"
36,"asbio","D1SP",0.964856679286101,"Simpson's reciprocal"
36,"BiodiversityR","D1SP",0.96485668,"Simpson's reciprocal"
36,"biosampleR","D1SP",0.97314422910324,"Simpson's reciprocal"
36,"breakaway","D1SP",0.964856679286101,"Simpson's reciprocal"
36,"catsim","D1SP",0.614755555555555,"Simpson's reciprocal"
36,"concstats","D1SP",0.99569260411033,"Simpson's reciprocal"
36,"CUB","D1SP",0.969164075175771,"Simpson's reciprocal"
36,"DescTools","D1SP",0.964856679286101,"Simpson's reciprocal"
36,"divent","D1SP",0.964856679286101,"Simpson's reciprocal"
36,"diverse","D1SP",0.97314422910324,"Simpson's reciprocal"
36,"ecodive","D1SP",0.964856679286101,"Simpson's reciprocal"
36,"entropart","D1SP",0.964856679286101,"Simpson's reciprocal"
36,"lawstat","D1SP",0.836233388704319,"Simpson's reciprocal"
36,"MCPAN","D1SP",0.964856679286101,"Simpson's reciprocal"
36,"microbiome","D1SP",0.964856679286101,"Simpson's reciprocal"
36,"PCRA","D1SP",0.964856679286101,"Simpson's reciprocal"
36,"RoughSets","D1SP",0.964856679286101,"Simpson's reciprocal"
36,"simboot","D1SP",0.964856679286101,"Simpson's reciprocal"
36,"sprex","D1SP",0.964856679286101,"Simpson's reciprocal"
36,"untb","D1SP",0.9671057624546,"Simpson's reciprocal"
36,"vegan","D1SP",0.964856679286101,"Simpson's reciprocal"
36,"abdiv","DBRI",3.54990117652749,"Brillouin"
36,"ecodive","DBRI",3.54990117652749,"Brillouin"
36,"tabula","DBRI",3.54990117652749,"Brillouin"
36,"wiqid","DBRI",34.8098772846674,"Brillouin"
36,"BiodiversityR","DFIS",35.8877536,"Fisher's alpha"
36,"ecodive","DFIS",35.888,"Fisher's alpha"
36,"microbiome","DFIS",35.8877536032519,"Fisher's alpha"
36,"preseqR","DFIS",11.9751592810479,"Fisher's alpha"
36,"sads","DFIS",35.8877536828698,"Fisher's alpha"
36,"vegan","DFIS",35.8877536032519,"Fisher's alpha"
36,"custom","DGLE",15.1720413625785,"Gleason"
36,"custom","DGOO_1_1",3.84610879109741,"Good m1 n1"
36,"custom","DGOO_1_2",0.331430789276203,"Good m1 n2"
36,"custom","DGOO_1_3",1,"Good m1 n3"
36,"custom","DGOO_2_1",0.105250448228465,"Good m2 n1"
36,"custom","DGOO_2_2",1.10931306678638,"Good m2 n2"
36,"custom","DGOO_2_3",1,"Good m2 n3"
36,"custom","DGOO_3_1",0.00562511378558872,"Good m3 n1"
36,"custom","DGOO_3_2",0.0445487238621873,"Good m3 n2"
36,"custom","DGOO_3_3",1,"Good m3 n3"
36,"abdiv","DINVSP",28.4549092028316,"Simpson inverse"
36,"adiv","DINVSP",28.4549092028316,"Simpson inverse"
36,"asbio","DINVSP",28.4549092028316,"Simpson inverse"
36,"BiodiversityR","DINVSP",28.4549092,"Simpson inverse"
36,"breakaway","DINVSP",28.4549092028316,"Simpson inverse"
36,"chemodiv","DINVSP",28.4549092028316,"Simpson inverse"
36,"codyn","DINVSP",8.79190751445087,"Simpson inverse"
36,"divseg","DINVSP",1.0351433207139,"Simpson inverse"
36,"ecodive","DINVSP",28.4549092028317,"Simpson inverse"
36,"microbiome","DINVSP",28.4549092028316,"Simpson inverse"
36,"sprex","DINVSP",28.4549092028316,"Simpson inverse"
36,"vegan","DINVSP",28.4549092028316,"Simpson inverse"
36,"wiqid","DINVSP",28.4549092028316,"Simpson inverse"
36,"custom","DKO",0.155963302752294,"Kothe"
36,"abdiv","DMC",0.85370373091627,"McIntosh"
36,"adiv","DMC",0.85370373091627,"McIntosh"
36,"agricolae","DMC",0.85370373091627,"McIntosh"
36,"ecodive","DMC",0.85370373091627,"McIntosh"
36,"forestHES","DMC",0.85370373091627,"McIntosh"
36,"tabula","DMC",0.85370373091627,"McIntosh"
36,"abdiv","DMG",15.007127869507,"Margalef"
36,"adiv","DMG",15.007127869507,"Margalef"
36,"agricolae","DMG",36.9406224480172,"Margalef"
36,"ecodive","DMG",15.007127869507,"Margalef"
36,"tabula","DMG",15.007127869507,"Margalef"
36,"abdiv","DMN",4.43663396396779,"Menhinick"
36,"adiv","DMN",4.43663396396779,"Menhinick"
36,"ecodive","DMN",4.43663396396779,"Menhinick"
36,"tabula","DMN",4.43663396396779,"Menhinick"
36,"custom","DOD",213.953488372093,"Odum"
36,"abdiv","DQ",0,"Q-statistic"
36,"ade4","DRAO",0.9648566792861,"Rao"
36,"BAT","DRAO",0.964856679286083,"Rao"
36,"SYNCSA","DRAO",0.964856679286101,"Rao"
36,"abdiv","DSHA",3.84610879109741,"Shannon"
36,"adiv","DSHA",3.84610879109741,"Shannon"
36,"aqp","DSHA",5.54876207963568,"Shannon"
36,"asbio","DSHA",3.84610879109741,"Shannon"
36,"benthos","DSHA",0,"Shannon"
36,"BiodiversityR","DSHA",3.84610879,"Shannon"
36,"biosampleR","DSHA",4.05249535663453,"Shannon"
36,"chemodiv","DSHA",3.84610879109741,"Shannon"
36,"codyn","DSHA",3.84610879109741,"Shannon"
36,"DescTools","DSHA",5.54876207963568,"Shannon"
36,"divDyn","DSHA",3.84610879109741,"Shannon"
36,"divent","DSHA",3.84610879109741,"Shannon"
36,"diverse","DSHA",4.05249535663453,"Shannon"
36,"ecodive","DSHA",3.84610879109741,"Shannon"
36,"EconGeo","DSHA",5.549,"Shannon"
36,"entropart","DSHA",3.84610879109741,"Shannon"
36,"forestmangr","DSHA",3.56,"Shannon"
36,"HardyWeinberg","DSHA",3.84610879109741,"Shannon"
36,"iNEXT","DSHA",3.846,"Shannon"
36,"MCPAN","DSHA",3.84610879109741,"Shannon"
36,"microbiome","DSHA",3.84610879109741,"Shannon"
36,"OTUtable","DSHA",3.84610879109741,"Shannon"
36,"pgirmess","DSHA",5.54876207963568,"Shannon"
36,"SpiecEasi","DSHA",3.84610879109741,"Shannon"
36,"sprex","DSHA",3.84610879109741,"Shannon"
36,"tabula","DSHA",3.84610879109741,"Shannon"
36,"triversity","DSHA",5.54876207963568,"Shannon"
36,"vegan","DSHA",3.84610879109741,"Shannon"
36,"wavethresh","DSHA",-39883.3368172178,"Shannon"
36,"wiqid","DSHA",46.8105587174504,"Shannon"
36,"abdiv","DSP",0.0351433207138994,"Simpson"
36,"agricolae","DSP",0.0351433207138994,"Simpson"
36,"antitrust","DSP",351.433207138994,"Simpson"
36,"benthos","DSP",0.0328942375454003,"Simpson"
36,"breakaway","DSP",0.0351433207138994,"Simpson"
36,"concstats","DSP",0.0351433207138994,"Simpson"
36,"DescTools","DSP",0.0351433207138994,"Simpson"
36,"diverse","DSP",0.0244289773079738,"Simpson"
36,"divseg","DSP",1.0351433207139,"Simpson"
36,"EconGeo","DSP",0.0351433207138994,"Simpson"
36,"hhi","DSP",0.113740959894806,"Simpson"
36,"ineq","DSP",0.0351433207138994,"Simpson"
36,"microbiome","DSP",0.0351433207138994,"Simpson"
36,"PDtoolkit","DSP",0.0351433207138994,"Simpson"
36,"politics","DSP",0.0351433207138994,"Simpson"
36,"REAT","DSP",0.0351433207138994,"Simpson"
36,"sprex","DSP",0.0351433207138994,"Simpson"
36,"tabula","DSP",0.0351433207138994,"Simpson"
36,"triversity","DSP",0.0351433207138994,"Simpson"
36,"abdiv","EBP",0.0906976744186047,"Berger-Parker"
36,"agricolae","EBP",0.0906976744186047,"Berger-Parker"
36,"BiodiversityR","EBP",0.09069767,"Berger-Parker"
36,"diverse","EBP",0.0771144278606965,"Berger-Parker"
36,"dyvDyn","EBP",0.0906976744186047,"Berger-Parker"
36,"ecodive","EBP",0.0906976744186047,"Berger-Parker"
36,"microbiome","EBP",0.0906976744186047,"Berger-Parker"
36,"tabula","EBP",0.0906976744186047,"Berger-Parker"
36,"triversity","EBP",0.0906976744186047,"Berger-Parker"
36,"wiqid","EBP",1,"Berger-Parker"
36,"tabula","EBRI",0.853144863039103,"Brillouin evenness"
36,"BAT","EBU",0.522310247891643,"Bulla"
36,"microbiome","EBU",0.522310247891643,"Bulla"
36,"BAT","ECAM",0.987024300270003,"Camargo"
36,"microbiome","ECAM",0.660288169868554,"Camargo"
36,"codyn","EEQ",0.273050183308175,"NHC EQ"
36,"custom","EEQ",0.00074920442607639,"NHC EQ"
36,"adiv","EEVAR",0.50577754716865,"NHC EVAR"
36,"codyn","EEVAR",0.705587138463244,"NHC EVAR"
36,"custom","EEVAR",0.50577754716865,"NHC EVAR"
36,"microbiome","EEVAR",0.50577754716865,"NHC EVAR"
36,"acid","EGIN",0.832516795865633,"Gini coefficient"
36,"DescTools","EGIN",0.832516795865633,"Gini coefficient"
36,"dplR","EGIN",0.832516795865633,"Gini coefficient"
36,"EconGeo","EGIN",0.833,"Gini coefficient"
36,"giniVarCI","EGIN",0.832516795865633,"Gini coefficient"
36,"ineq","EGIN",0.832516795865633,"Gini coefficient"
36,"microbiome","EGIN",0.832516795865633,"Gini coefficient"
36,"REAT","EGIN",0.832516795865633,"Gini coefficient"
36,"shipunov","EGIN",0.832516795865633,"Gini coefficient"
36,"wINEQ","EGIN",0.832516795865633,"Gini coefficient"
36,"abdiv","EHEI",0.503412733158795,"Heip"
36,"adiv","EHEI",0.503412733158795,"Heip"
36,"custom","EHUL",0.165116279069767,"Hulburt"
36,"benthos","EHURE",0.9671057624546,"Hurlbert PIE"
36,"BiodiversityR","EHURE",0.96710576,"Hurlbert PIE"
36,"mobr","EHURE",0.9671057624546,"Hurlbert PIE"
36,"vegan","EHURE",0.967105762454798,"Hurlbert PIE"
36,"custom","ELR",0.18923782617471,"Ludwig-Reynolds"
36,"abdiv","EMC",0.237694030920864,"McIntosh evenness"
36,"tabula","EMC",0.907106914666194,"McIntosh evenness"
36,"microbiome","EMN",0.165116279069767,"McNaughton"
36,"custom","ENHC",-0.0344770544472623,"NHC"
36,"custom","EPAT",0.161075006878855,"Patten"
36,"abdiv","EPIE",0.850572450604804,"Pielou"
36,"adiv","EPIE",0.850572450604804,"Pielou"
36,"BiodiversityR","EPIE",0.85057245,"Pielou"
36,"breakaway","EPIE",0.850572450604804,"Pielou"
36,"chemodiv","EPIE",0.850572450604804,"Pielou"
36,"diverse","EPIE",0.876220362851557,"Pielou"
36,"forestmangr","EPIE",1,"Pielou"
36,"microbiome","EPIE",0.850572450604804,"Pielou"
36,"OTUtable","EPIE",0.850572450604804,"Pielou"
36,"pctax","EPIE",0.8506,"Pielou"
36,"sprex","EPIE",0.850572450604804,"Pielou"
36,"tabula","EPIE",0.850572450604804,"Pielou"
36,"custom","ESHE",0.508810420841852,"Sheldon"
36,"adiv","ESP",0.309292491335127,"Simpson evenness"
36,"codyn","ESP",0.676300578034682,"Simpson evenness"
36,"sprex","ESP",0.0418055303380153,"Simpson evenness"
36,"tabula","ESP",0.309292491335127,"Simpson evenness"
36,"abdiv","EST",0.472497472194135,"Strong"
36,"adiv","QHIL_0",92,"Hill q=0"
36,"adiv","QHIL_1",46.8105587174504,"Hill q=1"
36,"adiv","QHIL_2",28.4549092028316,"Hill q=2"
36,"adiv","QHIL_3",21.9850598700627,"Hill q=3"
36,"BAT","QHIL_0",92,"Hill q=0"
36,"BAT","QHIL_1",46.8105587174504,"Hill q=1"
36,"BAT","QHIL_2",28.4549092028316,"Hill q=2"
36,"BAT","QHIL_3",21.9850598700627,"Hill q=3"
36,"benthos","QHIL_0",225,"Hill q=0"
36,"benthos","QHIL_1",46.8105587174504,"Hill q=1"
36,"benthos","QHIL_2",28.4549092028316,"Hill q=2"
36,"benthos","QHIL_3",21.9850598700627,"Hill q=3"
36,"breakaway","QHIL_0",92,"Hill q=0"
36,"breakaway","QHIL_1",46.8105587174504,"Hill q=1"
36,"breakaway","QHIL_2",28.4549092028316,"Hill q=2"
36,"breakaway","QHIL_3",21.9850598700627,"Hill q=3"
36,"chemodiv","QHIL_0",92,"Hill q=0"
36,"chemodiv","QHIL_1",46.8105587174504,"Hill q=1"
36,"chemodiv","QHIL_2",28.4549092028316,"Hill q=2"
36,"chemodiv","QHIL_3",21.9850598700627,"Hill q=3"
36,"divDyn","QHIL_2",28.4549092028316,"Hill q=2"
36,"divent","QHIL_0",92,"Hill q=0"
36,"divent","QHIL_1",46.8105587174504,"Hill q=1"
36,"divent","QHIL_2",28.4549092028317,"Hill q=2"
36,"divent","QHIL_3",21.9850598700622,"Hill q=3"
36,"entropart","QHIL_0",92,"Hill q=0"
36,"entropart","QHIL_1",46.8105587174504,"Hill q=1"
36,"entropart","QHIL_2",28.4549092028317,"Hill q=2"
36,"entropart","QHIL_3",21.9850598700625,"Hill q=3"
36,"EntropyEstimation","QHIL_1",52.5322404707419,"Hill q=1"
36,"EntropyEstimation","QHIL_2",30.4004614370476,"Hill q=2"
36,"EntropyEstimation","QHIL_3",23.2657283927914,"Hill q=3"
36,"hilldiv","QHIL_0",92,"Hill q=0"
36,"hilldiv","QHIL_1",46.8108606785787,"Hill q=1"
36,"hilldiv","QHIL_2",28.4549092028316,"Hill q=2"
36,"hilldiv","QHIL_3",21.9850598700627,"Hill q=3"
36,"hillR","QHIL_0",92,"Hill q=0"
36,"hillR","QHIL_1",46.8105587174504,"Hill q=1"
36,"hillR","QHIL_2",28.4549092028316,"Hill q=2"
36,"hillR","QHIL_3",21.9850598700627,"Hill q=3"
36,"sprex","QHIL_0",92,"Hill q=0"
36,"sprex","QHIL_1",46.8105587174504,"Hill q=1"
36,"sprex","QHIL_2",28.4549092028316,"Hill q=2"
36,"sprex","QHIL_3",21.9850598700627,"Hill q=3"
36,"vegan","QHIL_0",92,"Hill q=0"
36,"vegan","QHIL_1",46.8105587174504,"Hill q=1"
36,"vegan","QHIL_2",28.4549092028316,"Hill q=2"
36,"vegan","QHIL_3",21.9850598700627,"Hill q=3"
36,"adiv","QREN_0",4.52178857704904,"Renyi q=0"
36,"adiv","QREN_1",3.84610879109741,"Renyi q=1"
36,"adiv","QREN_2",3.34832070114617,"Renyi q=2"
36,"adiv","QREN_3",3.0903631258523,"Renyi q=3"
36,"BiodiversityR","QREN_0",4.52178857704904,"Renyi q=0"
36,"BiodiversityR","QREN_1",3.84610879109741,"Renyi q=1"
36,"BiodiversityR","QREN_2",3.34832070114617,"Renyi q=2"
36,"BiodiversityR","QREN_3",3.0903631258523,"Renyi q=3"
36,"diverse","QREN_0",4.62497281328427,"Renyi q=0"
36,"diverse","QREN_1",4.05249535663453,"Renyi q=1"
36,"diverse","QREN_2",3.61727455014359,"Renyi q=2"
36,"diverse","QREN_3",3.36298483178029,"Renyi q=3"
36,"EntropyEstimation","QREN_1",3.96142708531736,"Renyi q=1"
36,"EntropyEstimation","QREN_2",3.41445778714723,"Renyi q=2"
36,"EntropyEstimation","QREN_3",3.14698139332967,"Renyi q=3"
36,"seewave","QREN_2",0.618216154494445,"Renyi q=2"
36,"seewave","QREN_3",0.570588235585483,"Renyi q=3"
36,"sprex","QREN_0",4.52178857704904,"Renyi q=0"
36,"sprex","QREN_1",3.84610879109741,"Renyi q=1"
36,"sprex","QREN_2",3.34832070114617,"Renyi q=2"
36,"sprex","QREN_3",3.0903631258523,"Renyi q=3"
36,"statcomp","QREN_1",0.710125091021576,"Renyi q=1"
36,"statcomp","QREN_2",0.618216143072858,"Renyi q=2"
36,"statcomp","QREN_3",0.570588227019292,"Renyi q=3"
36,"vegan","QREN_0",4.52178857704904,"Renyi q=0"
36,"vegan","QREN_1",3.84610879109741,"Renyi q=1"
36,"vegan","QREN_2",3.34832070114617,"Renyi q=2"
36,"vegan","QREN_3",3.0903631258523,"Renyi q=3"
36,"adiv","QTSA_0",91,"Tsallis q=0"
36,"adiv","QTSA_1",3.84610879109741,"Tsallis q=1"
36,"adiv","QTSA_2",0.964856679286101,"Tsallis q=2"
36,"adiv","QTSA_3",0.498965537625618,"Tsallis q=3"
36,"divent","QTSA_0",91,"Tsallis q=0"
36,"divent","QTSA_1",3.84610879109741,"Tsallis q=1"
36,"divent","QTSA_2",0.964856679286101,"Tsallis q=2"
36,"divent","QTSA_3",0.498965537625618,"Tsallis q=3"
36,"entropart","QTSA_0",91,"Tsallis q=0"
36,"entropart","QTSA_1",3.84610879109741,"Tsallis q=1"
36,"entropart","QTSA_2",0.964856679286101,"Tsallis q=2"
36,"entropart","QTSA_3",0.498965537625618,"Tsallis q=3"
36,"EntropyEstimation","QTSA_1",3.96142708531736,"Tsallis q=1"
36,"EntropyEstimation","QTSA_2",0.967105762454601,"Tsallis q=2"
36,"EntropyEstimation","QTSA_3",0.49907628776353,"Tsallis q=3"
36,"vegan","QTSA_0",91,"Tsallis q=0"
36,"vegan","QTSA_1",3.84610879109741,"Tsallis q=1"
36,"vegan","QTSA_2",0.964856679286101,"Tsallis q=2"
36,"vegan","QTSA_3",0.498965537625618,"Tsallis q=3"
36,"BAT","RACE",136.318711545379,"ACE"
36,"ecodive","RACE",136.318711545379,"ACE"
36,"fossil","RACE",108.123595505618,"ACE"
36,"pctax","RACE",136.3187,"ACE"
36,"sprex","RACE",430,"ACE"
36,"tabula","RACE",136.318711545379,"ACE"
36,"vegan","RACE",136.318711545379,"ACE"
36,"wiqid","RACE",136.318711545379,"ACE"
36,"BiodiversityR","RBOO",92,"Bootstrap estimator"
36,"wiqid","RBOO",225,"Bootstrap estimator"
36,"BAT","RC1",121.75,"Chao 1"
36,"BiodiversityR","RC1",92,"Chao 1"
36,"biosampleR","RC1",151.5,"Chao 1"
36,"iNEXT","RC1",124.162,"Chao 1"
36,"microbiome","RC1",121.75,"Chao 1"
36,"pctax","RC1",121.75,"Chao 1"
36,"rareNMtests","RC1",92,"Chao 1"
36,"SpadeR","RC1",92,"Chao 1"
36,"SSP","RC1",92,"Chao 1"
36,"vegan","RC1",121.75,"Chao 1"
36,"wiqid","RC1",124.236842105263,"Chao 1"
36,"BAT","RC1M",139.370953449905,"Chao 1 modified"
36,"divent","RC1M",124.161872705018,"Chao 1 modified"
36,"ecodive","RC1M",124.236842105263,"Chao 1 modified"
36,"entropart","RC1M",124.161872705018,"Chao 1 modified"
36,"fossil","RC1M",124.236842105263,"Chao 1 modified"
36,"mobr","RC1M",124.161872705018,"Chao 1 modified"
36,"OTUtable","RC1M",124.236842105263,"Chao 1 modified"
36,"tabula","RC1M",124.161872705018,"Chao 1 modified"
36,"wiqid","RC1M",124.236842105263,"Chao 1 modified"
36,"BAT","RCA2",236.763688224227,"Chao 2"
36,"divDyn","RCA2",121.426630434783,"Chao 2"
36,"fossil","RCA2",124.236842105263,"Chao 2"
36,"tabula","RCA2",92,"Chao 2"
36,"wiqid","RCA2",92,"Chao 2"
36,"benthos","RHUR_2",1.9671057624548,"Hurlbert D k=2"
36,"benthos","RHUR_3",2.90316471183692,"Hurlbert D k=3"
36,"divent","RHUR_2",30.4004435904639,"Hurlbert D k=2"
36,"divent","RHUR_3",30.64346846946,"Hurlbert D k=3"
36,"entropart","RHUR_2",1.96710576245479,"Hurlbert D k=2"
36,"entropart","RHUR_3",2.90316471183692,"Hurlbert D k=3"
36,"mobsim","RHUR_2",1.9671057624548,"Hurlbert D k=2"
36,"mobsim","RHUR_3",2.90316471183692,"Hurlbert D k=3"
36,"tabula","RHUR_2",1.96710576243842,"Hurlbert D k=2"
36,"tabula","RHUR_3",2.90316471180895,"Hurlbert D k=3"
36,"vegan","RHUR_2",1.9671057624548,"Hurlbert D k=2"
36,"vegan","RHUR_3",2.90316471183692,"Hurlbert D k=3"
36,"BAT","RICE",235.037613894682,"ICE"
36,"fossil","RICE",108.123595505618,"ICE"
36,"tabula","RICE",92,"ICE"
36,"wiqid","RICE",92,"ICE"
36,"BAT","RJA1",127,"Jackknife 1"
36,"BiodiversityR","RJA1",92,"Jackknife 1"
36,"divent","RJA1",143,"Jackknife 1"
36,"entropart","RJA1",143,"Jackknife 1"
36,"fossil","RJA1",126.918604651163,"Jackknife 1"
36,"SSP","RJA1",92,"Jackknife 1"
36,"tabula","RJA1",3.82451920335516,"Jackknife 1"
36,"wiqid","RJA1",127,"Jackknife 1"
36,"BAT","RJA2",143,"Jackknife 2"
36,"BiodiversityR","RJA2",92,"Jackknife 2"
36,"fossil","RJA2",142.644083048734,"Jackknife 2"
36,"SSP","RJA2",92,"Jackknife 2"
36,"wiqid","RJA2",143,"Jackknife 2"
36,"asbio","RLMD",160.473598702119,NA
36,"sads","RLMD",0.924816571148296,NA
36,"vegan","RLMD",120.524684420055,NA
36,"wiqid","RMM",0,"Michaelis-Menten"
36,"divDyn","RSQ",135.81357331572,"Squares Richness Estimator"
36,"ecodive","RSQ",135.81357331572,"Squares Richness Estimator"
36,"tabula","RSQ",135.81357331572,"Squares Richness Estimator"
37,"custom","RICH",88,"Species richness"
37,"abdiv","D1SP",0.956501519355265,"Simpson's reciprocal"
37,"ade4","D1SP",0.956501519355265,"Simpson's reciprocal"
37,"adiv","D1SP",0.956501519355265,"Simpson's reciprocal"
37,"agricolae","D1SP",0.956501519355265,"Simpson's reciprocal"
37,"asbio","D1SP",0.956501519355265,"Simpson's reciprocal"
37,"BiodiversityR","D1SP",0.95650152,"Simpson's reciprocal"
37,"biosampleR","D1SP",0.973184905131975,"Simpson's reciprocal"
37,"breakaway","D1SP",0.956501519355265,"Simpson's reciprocal"
37,"catsim","D1SP",0.602153086419753,"Simpson's reciprocal"
37,"concstats","D1SP",0.99572990393145,"Simpson's reciprocal"
37,"CUB","D1SP",0.960771615423815,"Simpson's reciprocal"
37,"DescTools","D1SP",0.956501519355265,"Simpson's reciprocal"
37,"divent","D1SP",0.956501519355265,"Simpson's reciprocal"
37,"diverse","D1SP",0.973184905131975,"Simpson's reciprocal"
37,"ecodive","D1SP",0.956501519355265,"Simpson's reciprocal"
37,"entropart","D1SP",0.956501519355265,"Simpson's reciprocal"
37,"lawstat","D1SP",0.838711001642036,"Simpson's reciprocal"
37,"MCPAN","D1SP",0.956501519355265,"Simpson's reciprocal"
37,"microbiome","D1SP",0.956501519355265,"Simpson's reciprocal"
37,"PCRA","D1SP",0.956501519355265,"Simpson's reciprocal"
37,"RoughSets","D1SP",0.956501519355265,"Simpson's reciprocal"
37,"simboot","D1SP",0.956501519355265,"Simpson's reciprocal"
37,"sprex","D1SP",0.956501519355265,"Simpson's reciprocal"
37,"untb","D1SP",0.958705439906775,"Simpson's reciprocal"
37,"vegan","D1SP",0.956501519355265,"Simpson's reciprocal"
37,"abdiv","DBRI",3.50388268522527,"Brillouin"
37,"ecodive","DBRI",3.50388268522527,"Brillouin"
37,"tabula","DBRI",3.50388268522527,"Brillouin"
37,"wiqid","DBRI",33.2442787698775,"Brillouin"
37,"BiodiversityR","DFIS",33.28234888,"Fisher's alpha"
37,"ecodive","DFIS",33.282,"Fisher's alpha"
37,"microbiome","DFIS",33.2823488795343,"Fisher's alpha"
37,"preseqR","DFIS",11.0692536732178,"Fisher's alpha"
37,"sads","DFIS",33.2823487301036,"Fisher's alpha"
37,"vegan","DFIS",33.2823488795343,"Fisher's alpha"
37,"custom","DGLE",14.4847716573982,"Gleason"
37,"custom","DGOO_1_1",3.79170258849473,"Good m1 n1"
37,"custom","DGOO_1_2",0.328615201015573,"Good m1 n2"
37,"custom","DGOO_1_3",1,"Good m1 n3"
37,"custom","DGOO_2_1",0.11318861105718,"Good m2 n1"
37,"custom","DGOO_2_2",1.06812031112214,"Good m2 n2"
37,"custom","DGOO_2_3",1,"Good m2 n3"
37,"custom","DGOO_3_1",0.00908916466287038,"Good m3 n1"
37,"custom","DGOO_3_2",0.0493059630465059,"Good m3 n2"
37,"custom","DGOO_3_3",1,"Good m3 n3"
37,"abdiv","DINVSP",22.9893087109707,"Simpson inverse"
37,"adiv","DINVSP",22.9893087109707,"Simpson inverse"
37,"asbio","DINVSP",22.9893087109707,"Simpson inverse"
37,"BiodiversityR","DINVSP",22.98930871,"Simpson inverse"
37,"breakaway","DINVSP",22.9893087109707,"Simpson inverse"
37,"chemodiv","DINVSP",22.9893087109707,"Simpson inverse"
37,"codyn","DINVSP",5.50188679245283,"Simpson inverse"
37,"divseg","DINVSP",1.04349848064474,"Simpson inverse"
37,"ecodive","DINVSP",22.9893087109707,"Simpson inverse"
37,"microbiome","DINVSP",22.9893087109707,"Simpson inverse"
37,"sprex","DINVSP",22.9893087109707,"Simpson inverse"
37,"vegan","DINVSP",22.9893087109707,"Simpson inverse"
37,"wiqid","DINVSP",22.9893087109707,"Simpson inverse"
37,"custom","DKO",0.192660550458716,"Kothe"
37,"abdiv","DMC",0.831294633194996,"McIntosh"
37,"adiv","DMC",0.831294633194996,"McIntosh"
37,"agricolae","DMC",0.831294633194996,"McIntosh"
37,"ecodive","DMC",0.831294633194996,"McIntosh"
37,"forestHES","DMC",0.831294633194996,"McIntosh"
37,"tabula","DMC",0.831294633194996,"McIntosh"
37,"abdiv","DMG",14.3201719794732,"Margalef"
37,"adiv","DMG",14.3201719794732,"Margalef"
37,"agricolae","DMG",36.8703278551954,"Margalef"
37,"ecodive","DMG",14.3201719794732,"Margalef"
37,"tabula","DMG",14.3201719794732,"Margalef"
37,"abdiv","DMN",4.21927705307138,"Menhinick"
37,"adiv","DMN",4.21927705307138,"Menhinick"
37,"ecodive","DMN",4.21927705307138,"Menhinick"
37,"tabula","DMN",4.21927705307138,"Menhinick"
37,"custom","DOD",202.298850574713,"Odum"
37,"abdiv","DQ",0,"Q-statistic"
37,"ade4","DRAO",0.956501519355265,"Rao"
37,"BAT","DRAO",0.956501519355291,"Rao"
37,"SYNCSA","DRAO",0.956501519355265,"Rao"
37,"abdiv","DSHA",3.79170258849473,"Shannon"
37,"adiv","DSHA",3.79170258849473,"Shannon"
37,"aqp","DSHA",5.47027052094719,"Shannon"
37,"asbio","DSHA",3.79170258849473,"Shannon"
37,"benthos","DSHA",0,"Shannon"
37,"BiodiversityR","DSHA",3.79170259,"Shannon"
37,"biosampleR","DSHA",3.9666137147767,"Shannon"
37,"chemodiv","DSHA",3.79170258849473,"Shannon"
37,"codyn","DSHA",3.79170258849473,"Shannon"
37,"DescTools","DSHA",5.47027052094719,"Shannon"
37,"divDyn","DSHA",3.79170258849473,"Shannon"
37,"divent","DSHA",3.79170258849473,"Shannon"
37,"diverse","DSHA",3.9666137147767,"Shannon"
37,"ecodive","DSHA",3.79170258849473,"Shannon"
37,"EconGeo","DSHA",5.47,"Shannon"
37,"entropart","DSHA",3.79170258849473,"Shannon"
37,"forestmangr","DSHA",3.56,"Shannon"
37,"HardyWeinberg","DSHA",3.79170258849473,"Shannon"
37,"iNEXT","DSHA",3.792,"Shannon"
37,"MCPAN","DSHA",3.79170258849473,"Shannon"
37,"microbiome","DSHA",3.79170258849473,"Shannon"
37,"OTUtable","DSHA",3.79170258849473,"Shannon"
37,"pgirmess","DSHA",5.47027052094719,"Shannon"
37,"SpiecEasi","DSHA",3.79170258849473,"Shannon"
37,"sprex","DSHA",3.79170258849473,"Shannon"
37,"tabula","DSHA",3.79170258849473,"Shannon"
37,"triversity","DSHA",5.47027052094719,"Shannon"
37,"vegan","DSHA",3.79170258849473,"Shannon"
37,"wavethresh","DSHA",-57176.116509192,"Shannon"
37,"wiqid","DSHA",44.3318148957257,"Shannon"
37,"abdiv","DSP",0.0434984806447351,"Simpson"
37,"agricolae","DSP",0.0434984806447351,"Simpson"
37,"antitrust","DSP",434.984806447351,"Simpson"
37,"benthos","DSP",0.0412945600932253,"Simpson"
37,"breakaway","DSP",0.0434984806447351,"Simpson"
37,"concstats","DSP",0.0434984806447351,"Simpson"
37,"DescTools","DSP",0.0434984806447351,"Simpson"
37,"diverse","DSP",0.0244587149524511,"Simpson"
37,"divseg","DSP",1.04349848064474,"Simpson"
37,"EconGeo","DSP",0.0434984806447351,"Simpson"
37,"hhi","DSP",0.181755829903978,"Simpson"
37,"ineq","DSP",0.0434984806447351,"Simpson"
37,"microbiome","DSP",0.0434984806447351,"Simpson"
37,"PDtoolkit","DSP",0.0434984806447351,"Simpson"
37,"politics","DSP",0.0434984806447351,"Simpson"
37,"REAT","DSP",0.0434984806447351,"Simpson"
37,"sprex","DSP",0.0434984806447351,"Simpson"
37,"tabula","DSP",0.0434984806447351,"Simpson"
37,"triversity","DSP",0.0434984806447351,"Simpson"
37,"abdiv","EBP",0.149425287356322,"Berger-Parker"
37,"agricolae","EBP",0.149425287356322,"Berger-Parker"
37,"BiodiversityR","EBP",0.14942529,"Berger-Parker"
37,"diverse","EBP",0.0628019323671498,"Berger-Parker"
37,"dyvDyn","EBP",0.149425287356322,"Berger-Parker"
37,"ecodive","EBP",0.149425287356322,"Berger-Parker"
37,"microbiome","EBP",0.149425287356322,"Berger-Parker"
37,"tabula","EBP",0.149425287356322,"Berger-Parker"
37,"triversity","EBP",0.149425287356322,"Berger-Parker"
37,"wiqid","EBP",1,"Berger-Parker"
37,"tabula","EBRI",0.847487190443463,"Brillouin evenness"
37,"BAT","EBU",0.550508653719117,"Bulla"
37,"microbiome","EBU",0.550508653719117,"Bulla"
37,"BAT","ECAM",0.986710745985419,"Camargo"
37,"microbiome","ECAM",0.595611285266458,"Camargo"
37,"codyn","EEQ",0.213849552871374,"NHC EQ"
37,"custom","EEQ",0.00080531177209738,"NHC EQ"
37,"adiv","EEVAR",0.528033185072205,"NHC EVAR"
37,"codyn","EEVAR",0.560168389751063,"NHC EVAR"
37,"custom","EEVAR",0.528033185072205,"NHC EVAR"
37,"microbiome","EEVAR",0.528033185072205,"NHC EVAR"
37,"acid","EGIN",0.834983397190294,"Gini coefficient"
37,"DescTools","EGIN",0.834983397190294,"Gini coefficient"
37,"dplR","EGIN",0.834983397190294,"Gini coefficient"
37,"EconGeo","EGIN",0.835,"Gini coefficient"
37,"giniVarCI","EGIN",0.834983397190294,"Gini coefficient"
37,"ineq","EGIN",0.834983397190294,"Gini coefficient"
37,"microbiome","EGIN",0.834983397190296,"Gini coefficient"
37,"REAT","EGIN",0.834983397190294,"Gini coefficient"
37,"shipunov","EGIN",0.834983397190296,"Gini coefficient"
37,"wINEQ","EGIN",0.834983397190294,"Gini coefficient"
37,"abdiv","EHEI",0.498066837881904,"Heip"
37,"adiv","EHEI",0.498066837881904,"Heip"
37,"custom","EHUL",0.225287356321839,"Hulburt"
37,"benthos","EHURE",0.958705439906775,"Hurlbert PIE"
37,"BiodiversityR","EHURE",0.95870544,"Hurlbert PIE"
37,"mobr","EHURE",0.958705439906775,"Hurlbert PIE"
37,"vegan","EHURE",0.95870543990642,"Hurlbert PIE"
37,"custom","ELR",0.187457049309832,"Ludwig-Reynolds"
37,"abdiv","EMC",0.260610024057256,"McIntosh evenness"
37,"tabula","EMC",0.88587130463461,"McIntosh evenness"
37,"microbiome","EMN",0.225287356321839,"McNaughton"
37,"custom","ENHC",-0.0354485550060482,"NHC"
37,"custom","EPAT",0.198976395397931,"Patten"
37,"abdiv","EPIE",0.846865613557067,"Pielou"
37,"adiv","EPIE",0.846865613557067,"Pielou"
37,"BiodiversityR","EPIE",0.84686561,"Pielou"
37,"breakaway","EPIE",0.846865613557067,"Pielou"
37,"chemodiv","EPIE",0.846865613557067,"Pielou"
37,"diverse","EPIE",0.888198684206629,"Pielou"
37,"forestmangr","EPIE",1,"Pielou"
37,"microbiome","EPIE",0.846865613557067,"Pielou"
37,"OTUtable","EPIE",0.846865613557067,"Pielou"
37,"pctax","EPIE",0.8469,"Pielou"
37,"sprex","EPIE",0.846865613557067,"Pielou"
37,"tabula","EPIE",0.846865613557067,"Pielou"
37,"custom","ESHE",0.503770623815064,"Sheldon"
37,"adiv","ESP",0.261242144442849,"Simpson evenness"
37,"codyn","ESP",0.392991913746631,"Simpson evenness"
37,"sprex","ESP",0.0430875294147128,"Simpson evenness"
37,"tabula","ESP",0.261242144442849,"Simpson evenness"
37,"abdiv","EST",0.444383490073145,"Strong"
37,"adiv","QHIL_0",88,"Hill q=0"
37,"adiv","QHIL_1",44.3318148957257,"Hill q=1"
37,"adiv","QHIL_2",22.9893087109707,"Hill q=2"
37,"adiv","QHIL_3",15.3178313681619,"Hill q=3"
37,"BAT","QHIL_0",88,"Hill q=0"
37,"BAT","QHIL_1",44.3318148957257,"Hill q=1"
37,"BAT","QHIL_2",22.9893087109707,"Hill q=2"
37,"BAT","QHIL_3",15.3178313681619,"Hill q=3"
37,"benthos","QHIL_0",225,"Hill q=0"
37,"benthos","QHIL_1",44.3318148957257,"Hill q=1"
37,"benthos","QHIL_2",22.9893087109707,"Hill q=2"
37,"benthos","QHIL_3",15.3178313681619,"Hill q=3"
37,"breakaway","QHIL_0",88,"Hill q=0"
37,"breakaway","QHIL_1",44.3318148957257,"Hill q=1"
37,"breakaway","QHIL_2",22.9893087109707,"Hill q=2"
37,"breakaway","QHIL_3",15.3178313681619,"Hill q=3"
37,"chemodiv","QHIL_0",88,"Hill q=0"
37,"chemodiv","QHIL_1",44.3318148957257,"Hill q=1"
37,"chemodiv","QHIL_2",22.9893087109707,"Hill q=2"
37,"chemodiv","QHIL_3",15.3178313681619,"Hill q=3"
37,"divDyn","QHIL_2",22.9893087109707,"Hill q=2"
37,"divent","QHIL_0",88,"Hill q=0"
37,"divent","QHIL_1",44.3318148957257,"Hill q=1"
37,"divent","QHIL_2",22.9893087109707,"Hill q=2"
37,"divent","QHIL_3",15.317831368162,"Hill q=3"
37,"entropart","QHIL_0",88,"Hill q=0"
37,"entropart","QHIL_1",44.3318148957257,"Hill q=1"
37,"entropart","QHIL_2",22.9893087109707,"Hill q=2"
37,"entropart","QHIL_3",15.3178313681618,"Hill q=3"
37,"EntropyEstimation","QHIL_1",49.3980992130788,"Hill q=1"
37,"EntropyEstimation","QHIL_2",24.2162647511544,"Hill q=2"
37,"EntropyEstimation","QHIL_3",15.8112983609491,"Hill q=3"
37,"hilldiv","QHIL_0",88,"Hill q=0"
37,"hilldiv","QHIL_1",44.3321421726721,"Hill q=1"
37,"hilldiv","QHIL_2",22.9893087109707,"Hill q=2"
37,"hilldiv","QHIL_3",15.3178313681619,"Hill q=3"
37,"hillR","QHIL_0",88,"Hill q=0"
37,"hillR","QHIL_1",44.3318148957257,"Hill q=1"
37,"hillR","QHIL_2",22.9893087109707,"Hill q=2"
37,"hillR","QHIL_3",15.3178313681619,"Hill q=3"
37,"sprex","QHIL_0",88,"Hill q=0"
37,"sprex","QHIL_1",44.3318148957257,"Hill q=1"
37,"sprex","QHIL_2",22.9893087109707,"Hill q=2"
37,"sprex","QHIL_3",15.3178313681619,"Hill q=3"
37,"vegan","QHIL_0",88,"Hill q=0"
37,"vegan","QHIL_1",44.3318148957257,"Hill q=1"
37,"vegan","QHIL_2",22.9893087109707,"Hill q=2"
37,"vegan","QHIL_3",15.3178313681619,"Hill q=3"
37,"adiv","QREN_0",4.47733681447821,"Renyi q=0"
37,"adiv","QREN_1",3.79170258849473,"Renyi q=1"
37,"adiv","QREN_2",3.13502926920472,"Renyi q=2"
37,"adiv","QREN_3",2.72901759868949,"Renyi q=3"
37,"BiodiversityR","QREN_0",4.47733681447821,"Renyi q=0"
37,"BiodiversityR","QREN_1",3.79170258849473,"Renyi q=1"
37,"BiodiversityR","QREN_2",3.13502926920472,"Renyi q=2"
37,"BiodiversityR","QREN_3",2.72901759868949,"Renyi q=3"
37,"diverse","QREN_0",4.46590811865458,"Renyi q=0"
37,"diverse","QREN_1",3.9666137147767,"Renyi q=1"
37,"diverse","QREN_2",3.61879030868198,"Renyi q=2"
37,"diverse","QREN_3",3.41910748270189,"Renyi q=3"
37,"EntropyEstimation","QREN_1",3.89991194598556,"Renyi q=1"
37,"EntropyEstimation","QREN_2",3.18702450456164,"Renyi q=2"
37,"EntropyEstimation","QREN_3",2.76072477061667,"Renyi q=3"
37,"seewave","QREN_2",0.578835158025732,"Renyi q=2"
37,"seewave","QREN_3",0.503871317603368,"Renyi q=3"
37,"sprex","QREN_0",4.47733681447821,"Renyi q=0"
37,"sprex","QREN_1",3.79170258849473,"Renyi q=1"
37,"sprex","QREN_2",3.13502926920472,"Renyi q=2"
37,"sprex","QREN_3",2.72901759868949,"Renyi q=3"
37,"statcomp","QREN_1",0.700079818858502,"Renyi q=1"
37,"statcomp","QREN_2",0.57883514639587,"Renyi q=2"
37,"statcomp","QREN_3",0.503871308880971,"Renyi q=3"
37,"vegan","QREN_0",4.47733681447821,"Renyi q=0"
37,"vegan","QREN_1",3.79170258849473,"Renyi q=1"
37,"vegan","QREN_2",3.13502926920472,"Renyi q=2"
37,"vegan","QREN_3",2.72901759868949,"Renyi q=3"
37,"adiv","QTSA_0",87,"Tsallis q=0"
37,"adiv","QTSA_1",3.79170258849473,"Tsallis q=1"
37,"adiv","QTSA_2",0.956501519355265,"Tsallis q=2"
37,"adiv","QTSA_3",0.497869039321005,"Tsallis q=3"
37,"divent","QTSA_0",87,"Tsallis q=0"
37,"divent","QTSA_1",3.79170258849473,"Tsallis q=1"
37,"divent","QTSA_2",0.956501519355265,"Tsallis q=2"
37,"divent","QTSA_3",0.497869039321005,"Tsallis q=3"
37,"entropart","QTSA_0",87,"Tsallis q=0"
37,"entropart","QTSA_1",3.79170258849473,"Tsallis q=1"
37,"entropart","QTSA_2",0.956501519355265,"Tsallis q=2"
37,"entropart","QTSA_3",0.497869039321005,"Tsallis q=3"
37,"EntropyEstimation","QTSA_1",3.89991194598556,"Tsallis q=1"
37,"EntropyEstimation","QTSA_2",0.958705439906775,"Tsallis q=2"
37,"EntropyEstimation","QTSA_3",0.497999977246613,"Tsallis q=3"
37,"vegan","QTSA_0",87,"Tsallis q=0"
37,"vegan","QTSA_1",3.79170258849473,"Tsallis q=1"
37,"vegan","QTSA_2",0.956501519355265,"Tsallis q=2"
37,"vegan","QTSA_3",0.497869039321005,"Tsallis q=3"
37,"BAT","RACE",111.811393152302,"ACE"
37,"ecodive","RACE",111.811393152302,"ACE"
37,"fossil","RACE",98.7727272727273,"ACE"
37,"pctax","RACE",111.8114,"ACE"
37,"sprex","RACE",435,"ACE"
37,"tabula","RACE",111.811393152302,"ACE"
37,"vegan","RACE",111.811393152302,"ACE"
37,"wiqid","RACE",111.811393152302,"ACE"
37,"BiodiversityR","RBOO",88,"Bootstrap estimator"
37,"wiqid","RBOO",225,"Bootstrap estimator"
37,"BAT","RC1",103.954545454545,"Chao 1"
37,"BiodiversityR","RC1",88,"Chao 1"
37,"biosampleR","RC1",116,"Chao 1"
37,"iNEXT","RC1",105.317,"Chao 1"
37,"microbiome","RC1",103.954545454545,"Chao 1"
37,"pctax","RC1",103.9545,"Chao 1"
37,"rareNMtests","RC1",88,"Chao 1"
37,"SpadeR","RC1",88,"Chao 1"
37,"SSP","RC1",88,"Chao 1"
37,"vegan","RC1",103.954545454545,"Chao 1"
37,"wiqid","RC1",105.357142857143,"Chao 1"
37,"BAT","RC1M",113.740555738167,"Chao 1 modified"
37,"divent","RC1M",105.31724137931,"Chao 1 modified"
37,"ecodive","RC1M",105.357142857143,"Chao 1 modified"
37,"entropart","RC1M",105.31724137931,"Chao 1 modified"
37,"fossil","RC1M",105.357142857143,"Chao 1 modified"
37,"mobr","RC1M",105.31724137931,"Chao 1 modified"
37,"OTUtable","RC1M",105.357142857143,"Chao 1 modified"
37,"tabula","RC1M",105.31724137931,"Chao 1 modified"
37,"wiqid","RC1M",105.357142857143,"Chao 1 modified"
37,"BAT","RCA2",236.329291559189,"Chao 2"
37,"divDyn","RCA2",103.773243801653,"Chao 2"
37,"fossil","RCA2",105.357142857143,"Chao 2"
37,"tabula","RCA2",88,"Chao 2"
37,"wiqid","RCA2",88,"Chao 2"
37,"benthos","RHUR_2",1.95870543990642,"Hurlbert D k=2"
37,"benthos","RHUR_3",2.8801163652272,"Hurlbert D k=3"
37,"divent","RHUR_2",24.2162649021747,"Hurlbert D k=2"
37,"divent","RHUR_3",24.6863707193762,"Hurlbert D k=3"
37,"entropart","RHUR_2",1.95870543990642,"Hurlbert D k=2"
37,"entropart","RHUR_3",2.8801163652272,"Hurlbert D k=3"
37,"mobsim","RHUR_2",1.95870543990642,"Hurlbert D k=2"
37,"mobsim","RHUR_3",2.8801163652272,"Hurlbert D k=3"
37,"tabula","RHUR_2",1.95870543996926,"Hurlbert D k=2"
37,"tabula","RHUR_3",2.88011636521984,"Hurlbert D k=3"
37,"vegan","RHUR_2",1.95870543990642,"Hurlbert D k=2"
37,"vegan","RHUR_3",2.8801163652272,"Hurlbert D k=3"
37,"BAT","RICE",235.32721158382,"ICE"
37,"fossil","RICE",98.7727272727273,"ICE"
37,"tabula","RICE",88,"ICE"
37,"wiqid","RICE",88,"ICE"
37,"BAT","RJA1",115,"Jackknife 1"
37,"BiodiversityR","RJA1",88,"Jackknife 1"
37,"divent","RJA1",115,"Jackknife 1"
37,"entropart","RJA1",115,"Jackknife 1"
37,"fossil","RJA1",114.937931034483,"Jackknife 1"
37,"SSP","RJA1",88,"Jackknife 1"
37,"tabula","RJA1",3.76889141222223,"Jackknife 1"
37,"wiqid","RJA1",115,"Jackknife 1"
37,"BAT","RJA2",121,"Jackknife 2"
37,"BiodiversityR","RJA2",88,"Jackknife 2"
37,"fossil","RJA2",120.772302558398,"Jackknife 2"
37,"SSP","RJA2",88,"Jackknife 2"
37,"wiqid","RJA2",121,"Jackknife 2"
37,"asbio","RLMD",157.66906854532,NA
37,"sads","RLMD",1.01366187609563,NA
37,"vegan","RLMD",100.827249832116,NA
37,"wiqid","RMM",0,"Michaelis-Menten"
37,"divDyn","RSQ",120.113626511247,"Squares Richness Estimator"
37,"ecodive","RSQ",120.113626511247,"Squares Richness Estimator"
37,"tabula","RSQ",120.113626511247,"Squares Richness Estimator"
38,"custom","RICH",82,"Species richness"
38,"abdiv","D1SP",0.936514371224519,"Simpson's reciprocal"
38,"ade4","D1SP",0.93651437122452,"Simpson's reciprocal"
38,"adiv","D1SP",0.936514371224519,"Simpson's reciprocal"
38,"agricolae","D1SP",0.936514371224519,"Simpson's reciprocal"
38,"asbio","D1SP",0.936514371224519,"Simpson's reciprocal"
38,"BiodiversityR","D1SP",0.93651437,"Simpson's reciprocal"
38,"biosampleR","D1SP",0.956963217405478,"Simpson's reciprocal"
38,"breakaway","D1SP",0.936514371224519,"Simpson's reciprocal"
38,"catsim","D1SP",0.568533333333333,"Simpson's reciprocal"
38,"concstats","D1SP",0.995819132271319,"Simpson's reciprocal"
38,"CUB","D1SP",0.9406952389532,"Simpson's reciprocal"
38,"DescTools","D1SP",0.93651437122452,"Simpson's reciprocal"
38,"divent","D1SP",0.936514371224519,"Simpson's reciprocal"
38,"diverse","D1SP",0.956963217405478,"Simpson's reciprocal"
38,"ecodive","D1SP",0.936514371224519,"Simpson's reciprocal"
38,"entropart","D1SP",0.936514371224519,"Simpson's reciprocal"
38,"lawstat","D1SP",0.871564397571109,"Simpson's reciprocal"
38,"MCPAN","D1SP",0.936514371224519,"Simpson's reciprocal"
38,"microbiome","D1SP",0.936514371224519,"Simpson's reciprocal"
38,"PCRA","D1SP",0.936514371224519,"Simpson's reciprocal"
38,"RoughSets","D1SP",0.936514371224519,"Simpson's reciprocal"
38,"simboot","D1SP",0.936514371224519,"Simpson's reciprocal"
38,"sprex","D1SP",0.936514371224519,"Simpson's reciprocal"
38,"untb","D1SP",0.938614179231749,"Simpson's reciprocal"
38,"vegan","D1SP",0.936514371224519,"Simpson's reciprocal"
38,"abdiv","DBRI",3.25999222199478,"Brillouin"
38,"ecodive","DBRI",3.25999222199478,"Brillouin"
38,"tabula","DBRI",3.25999222199478,"Brillouin"
38,"wiqid","DBRI",26.0493345298704,"Brillouin"
38,"BiodiversityR","DFIS",29.4613568,"Fisher's alpha"
38,"ecodive","DFIS",29.461,"Fisher's alpha"
38,"microbiome","DFIS",29.4613568022609,"Fisher's alpha"
38,"preseqR","DFIS",19.0008870363127,"Fisher's alpha"
38,"sads","DFIS",29.4613548895901,"Fisher's alpha"
38,"vegan","DFIS",29.4613568022609,"Fisher's alpha"
38,"custom","DGLE",13.4369869176475,"Gleason"
38,"custom","DGOO_1_1",3.51608231975855,"Good m1 n1"
38,"custom","DGOO_1_2",0.354452556663821,"Good m1 n2"
38,"custom","DGOO_1_3",1,"Good m1 n3"
38,"custom","DGOO_2_1",0.140932975347175,"Good m2 n1"
38,"custom","DGOO_2_2",1.03493604211576,"Good m2 n2"
38,"custom","DGOO_2_3",1,"Good m2 n3"
38,"custom","DGOO_3_1",0.0160172787739436,"Good m3 n1"
38,"custom","DGOO_3_2",0.0655675348561942,"Good m3 n2"
38,"custom","DGOO_3_3",1,"Good m3 n3"
38,"abdiv","DINVSP",15.7515963736697,"Simpson inverse"
38,"adiv","DINVSP",15.7515963736697,"Simpson inverse"
38,"asbio","DINVSP",15.7515963736697,"Simpson inverse"
38,"BiodiversityR","DINVSP",15.75159637,"Simpson inverse"
38,"breakaway","DINVSP",15.7515963736697,"Simpson inverse"
38,"chemodiv","DINVSP",15.7515963736697,"Simpson inverse"
38,"codyn","DINVSP",5.35135135135135,"Simpson inverse"
38,"divseg","DINVSP",1.06348562877548,"Simpson inverse"
38,"ecodive","DINVSP",15.7515963736697,"Simpson inverse"
38,"microbiome","DINVSP",15.7515963736697,"Simpson inverse"
38,"sprex","DINVSP",15.7515963736697,"Simpson inverse"
38,"vegan","DINVSP",15.7515963736697,"Simpson inverse"
38,"wiqid","DINVSP",15.7515963736697,"Simpson inverse"
38,"custom","DKO",0.247706422018349,"Kothe"
38,"abdiv","DMC",0.785173904827481,"McIntosh"
38,"adiv","DMC",0.785173904827481,"McIntosh"
38,"agricolae","DMC",0.785173904827481,"McIntosh"
38,"ecodive","DMC",0.785173904827481,"McIntosh"
38,"forestHES","DMC",0.785173904827481,"McIntosh"
38,"tabula","DMC",0.785173904827481,"McIntosh"
38,"abdiv","DMG",13.2731212235299,"Margalef"
38,"adiv","DMG",13.2731212235299,"Margalef"
38,"agricolae","DMG",36.7059154823542,"Margalef"
38,"ecodive","DMG",13.2731212235299,"Margalef"
38,"tabula","DMG",13.2731212235299,"Margalef"
38,"abdiv","DMN",3.8784669126913,"Menhinick"
38,"adiv","DMN",3.8784669126913,"Menhinick"
38,"ecodive","DMN",3.8784669126913,"Menhinick"
38,"tabula","DMN",3.8784669126913,"Menhinick"
38,"custom","DOD",183.4451901566,"Odum"
38,"abdiv","DQ",0,"Q-statistic"
38,"ade4","DRAO",0.936514371224519,"Rao"
38,"BAT","DRAO",0.936514371224486,"Rao"
38,"SYNCSA","DRAO",0.93651437122452,"Rao"
38,"abdiv","DSHA",3.51608231975855,"Shannon"
38,"adiv","DSHA",3.51608231975855,"Shannon"
38,"aqp","DSHA",5.07263452607302,"Shannon"
38,"asbio","DSHA",3.51608231975855,"Shannon"
38,"benthos","DSHA",0,"Shannon"
38,"BiodiversityR","DSHA",3.51608232,"Shannon"
38,"biosampleR","DSHA",3.73625368207106,"Shannon"
38,"chemodiv","DSHA",3.51608231975855,"Shannon"
38,"codyn","DSHA",3.51608231975855,"Shannon"
38,"DescTools","DSHA",5.07263452607302,"Shannon"
38,"divDyn","DSHA",3.51608231975855,"Shannon"
38,"divent","DSHA",3.51608231975855,"Shannon"
38,"diverse","DSHA",3.73625368207106,"Shannon"
38,"ecodive","DSHA",3.51608231975855,"Shannon"
38,"EconGeo","DSHA",5.073,"Shannon"
38,"entropart","DSHA",3.51608231975855,"Shannon"
38,"forestmangr","DSHA",3.56,"Shannon"
38,"HardyWeinberg","DSHA",3.51608231975855,"Shannon"
38,"iNEXT","DSHA",3.516,"Shannon"
38,"MCPAN","DSHA",3.51608231975855,"Shannon"
38,"microbiome","DSHA",3.51608231975855,"Shannon"
38,"OTUtable","DSHA",3.51608231975855,"Shannon"
38,"pgirmess","DSHA",5.07263452607302,"Shannon"
38,"SpiecEasi","DSHA",3.51608231975855,"Shannon"
38,"sprex","DSHA",3.51608231975855,"Shannon"
38,"tabula","DSHA",3.51608231975855,"Shannon"
38,"triversity","DSHA",5.07263452607302,"Shannon"
38,"vegan","DSHA",3.51608231975855,"Shannon"
38,"wavethresh","DSHA",-98502.557803059,"Shannon"
38,"wiqid","DSHA",33.6523308031409,"Shannon"
38,"abdiv","DSP",0.0634856287754806,"Simpson"
38,"agricolae","DSP",0.0634856287754806,"Simpson"
38,"antitrust","DSP",634.856287754806,"Simpson"
38,"benthos","DSP",0.0613858207682507,"Simpson"
38,"breakaway","DSP",0.0634856287754806,"Simpson"
38,"concstats","DSP",0.0634856287754806,"Simpson"
38,"DescTools","DSP",0.0634856287754806,"Simpson"
38,"diverse","DSP",0.0406797303349027,"Simpson"
38,"divseg","DSP",1.06348562877548,"Simpson"
38,"EconGeo","DSP",0.0634856287754806,"Simpson"
38,"hhi","DSP",0.186868686868687,"Simpson"
38,"ineq","DSP",0.0634856287754806,"Simpson"
38,"microbiome","DSP",0.0634856287754806,"Simpson"
38,"PDtoolkit","DSP",0.0634856287754806,"Simpson"
38,"politics","DSP",0.0634856287754806,"Simpson"
38,"REAT","DSP",0.0634856287754806,"Simpson"
38,"sprex","DSP",0.0634856287754806,"Simpson"
38,"tabula","DSP",0.0634856287754806,"Simpson"
38,"triversity","DSP",0.0634856287754806,"Simpson"
38,"abdiv","EBP",0.178970917225951,"Berger-Parker"
38,"agricolae","EBP",0.178970917225951,"Berger-Parker"
38,"BiodiversityR","EBP",0.17897092,"Berger-Parker"
38,"diverse","EBP",0.135135135135135,"Berger-Parker"
38,"dyvDyn","EBP",0.178970917225951,"Berger-Parker"
38,"ecodive","EBP",0.178970917225951,"Berger-Parker"
38,"microbiome","EBP",0.178970917225951,"Berger-Parker"
38,"tabula","EBP",0.178970917225951,"Berger-Parker"
38,"triversity","EBP",0.178970917225951,"Berger-Parker"
38,"wiqid","EBP",1,"Berger-Parker"
38,"tabula","EBRI",0.798061707429548,"Brillouin evenness"
38,"BAT","EBU",0.491728118872041,"Bulla"
38,"microbiome","EBU",0.491728118872041,"Bulla"
38,"BAT","ECAM",0.984272681404418,"Camargo"
38,"microbiome","ECAM",0.616876739237191,"Camargo"
38,"codyn","EEQ",0.209150377088682,"NHC EQ"
38,"custom","EEQ",0.00097878390706629,"NHC EQ"
38,"adiv","EEVAR",0.479019329207007,"NHC EVAR"
38,"codyn","EEVAR",0.516377107533631,"NHC EVAR"
38,"custom","EEVAR",0.479019329207007,"NHC EVAR"
38,"microbiome","EEVAR",0.479019329207007,"NHC EVAR"
38,"acid","EGIN",0.867690778026349,"Gini coefficient"
38,"DescTools","EGIN",0.867690778026348,"Gini coefficient"
38,"dplR","EGIN",0.867690778026349,"Gini coefficient"
38,"EconGeo","EGIN",0.868,"Gini coefficient"
38,"giniVarCI","EGIN",0.867690778026349,"Gini coefficient"
38,"ineq","EGIN",0.867690778026349,"Gini coefficient"
38,"microbiome","EGIN",0.867690778026349,"Gini coefficient"
38,"REAT","EGIN",0.867690778026349,"Gini coefficient"
38,"shipunov","EGIN",0.867690778026349,"Gini coefficient"
38,"wINEQ","EGIN",0.867690778026348,"Gini coefficient"
38,"abdiv","EHEI",0.403115195100505,"Heip"
38,"adiv","EHEI",0.403115195100505,"Heip"
38,"custom","EHUL",0.310961968680089,"Hulburt"
38,"benthos","EHURE",0.938614179231749,"Hurlbert PIE"
38,"BiodiversityR","EHURE",0.93861418,"Hurlbert PIE"
38,"mobr","EHURE",0.938614179231749,"Hurlbert PIE"
38,"vegan","EHURE",0.938614179231954,"Hurlbert PIE"
38,"custom","ELR",0.152839514197235,"Ludwig-Reynolds"
38,"abdiv","EMC",0.307632975643454,"McIntosh evenness"
38,"tabula","EMC",0.840898115665302,"McIntosh evenness"
38,"microbiome","EMN",0.31096196868009,"McNaughton"
38,"custom","ENHC",-0.040151696311489,"NHC"
38,"custom","EPAT",0.390983747305773,"Patten"
38,"abdiv","EPIE",0.797891157223455,"Pielou"
38,"adiv","EPIE",0.797891157223455,"Pielou"
38,"BiodiversityR","EPIE",0.79789116,"Pielou"
38,"breakaway","EPIE",0.797891157223455,"Pielou"
38,"chemodiv","EPIE",0.797891157223455,"Pielou"
38,"diverse","EPIE",0.838788139670559,"Pielou"
38,"forestmangr","EPIE",1,"Pielou"
38,"microbiome","EPIE",0.797891157223455,"Pielou"
38,"OTUtable","EPIE",0.797891157223455,"Pielou"
38,"pctax","EPIE",0.7979,"Pielou"
38,"sprex","EPIE",0.797891157223455,"Pielou"
38,"tabula","EPIE",0.797891157223455,"Pielou"
38,"custom","ESHE",0.410394278087085,"Sheldon"
38,"adiv","ESP",0.192092638703289,"Simpson evenness"
38,"codyn","ESP",0.334459459459459,"Simpson evenness"
38,"sprex","ESP",0.0428790526799823,"Simpson evenness"
38,"tabula","ESP",0.192092638703289,"Simpson evenness"
38,"abdiv","EST",0.502073443553227,"Strong"
38,"adiv","QHIL_0",82,"Hill q=0"
38,"adiv","QHIL_1",33.6523308031409,"Hill q=1"
38,"adiv","QHIL_2",15.7515963736697,"Hill q=2"
38,"adiv","QHIL_3",10.8550001331601,"Hill q=3"
38,"BAT","QHIL_0",82,"Hill q=0"
38,"BAT","QHIL_1",33.6523308031409,"Hill q=1"
38,"BAT","QHIL_2",15.7515963736697,"Hill q=2"
38,"BAT","QHIL_3",10.8550001331601,"Hill q=3"
38,"benthos","QHIL_0",225,"Hill q=0"
38,"benthos","QHIL_1",33.6523308031409,"Hill q=1"
38,"benthos","QHIL_2",15.7515963736697,"Hill q=2"
38,"benthos","QHIL_3",10.8550001331601,"Hill q=3"
38,"breakaway","QHIL_0",82,"Hill q=0"
38,"breakaway","QHIL_1",33.6523308031409,"Hill q=1"
38,"breakaway","QHIL_2",15.7515963736697,"Hill q=2"
38,"breakaway","QHIL_3",10.8550001331601,"Hill q=3"
38,"chemodiv","QHIL_0",82,"Hill q=0"
38,"chemodiv","QHIL_1",33.6523308031409,"Hill q=1"
38,"chemodiv","QHIL_2",15.7515963736697,"Hill q=2"
38,"chemodiv","QHIL_3",10.8550001331601,"Hill q=3"
38,"divDyn","QHIL_2",15.7515963736697,"Hill q=2"
38,"divent","QHIL_0",82,"Hill q=0"
38,"divent","QHIL_1",33.6523308031409,"Hill q=1"
38,"divent","QHIL_2",15.7515963736697,"Hill q=2"
38,"divent","QHIL_3",10.8550001331601,"Hill q=3"
38,"entropart","QHIL_0",82,"Hill q=0"
38,"entropart","QHIL_1",33.6523308031409,"Hill q=1"
38,"entropart","QHIL_2",15.7515963736697,"Hill q=2"
38,"entropart","QHIL_3",10.8550001331601,"Hill q=3"
38,"EntropyEstimation","QHIL_1",37.1412685595342,"Hill q=1"
38,"EntropyEstimation","QHIL_2",16.2904069292371,"Hill q=2"
38,"EntropyEstimation","QHIL_3",11.0939287505949,"Hill q=3"
38,"hilldiv","QHIL_0",82,"Hill q=0"
38,"hilldiv","QHIL_1",33.6526487633901,"Hill q=1"
38,"hilldiv","QHIL_2",15.7515963736697,"Hill q=2"
38,"hilldiv","QHIL_3",10.8550001331601,"Hill q=3"
38,"hillR","QHIL_0",82,"Hill q=0"
38,"hillR","QHIL_1",33.6523308031409,"Hill q=1"
38,"hillR","QHIL_2",15.7515963736697,"Hill q=2"
38,"hillR","QHIL_3",10.8550001331601,"Hill q=3"
38,"sprex","QHIL_0",82,"Hill q=0"
38,"sprex","QHIL_1",33.6523308031409,"Hill q=1"
38,"sprex","QHIL_2",15.7515963736697,"Hill q=2"
38,"sprex","QHIL_3",10.8550001331601,"Hill q=3"
38,"vegan","QHIL_0",82,"Hill q=0"
38,"vegan","QHIL_1",33.6523308031409,"Hill q=1"
38,"vegan","QHIL_2",15.7515963736697,"Hill q=2"
38,"vegan","QHIL_3",10.8550001331601,"Hill q=3"
38,"adiv","QREN_0",4.40671924726425,"Renyi q=0"
38,"adiv","QREN_1",3.51608231975855,"Renyi q=1"
38,"adiv","QREN_2",2.75694171719376,"Renyi q=2"
38,"adiv","QREN_3",2.38462581559742,"Renyi q=3"
38,"BiodiversityR","QREN_0",4.40671924726425,"Renyi q=0"
38,"BiodiversityR","QREN_1",3.51608231975855,"Renyi q=1"
38,"BiodiversityR","QREN_2",2.75694171719376,"Renyi q=2"
38,"BiodiversityR","QREN_3",2.38462581559742,"Renyi q=3"
38,"diverse","QREN_0",4.45434729625351,"Renyi q=0"
38,"diverse","QREN_1",3.73625368207106,"Renyi q=1"
38,"diverse","QREN_2",3.14570011976756,"Renyi q=2"
38,"diverse","QREN_3",2.79656188713898,"Renyi q=3"
38,"EntropyEstimation","QREN_1",3.61472871149457,"Renyi q=1"
38,"EntropyEstimation","QREN_2",2.79057640261117,"Renyi q=2"
38,"EntropyEstimation","QREN_3",2.40639799927556,"Renyi q=3"
38,"seewave","QREN_2",0.509027081561071,"Renyi q=2"
38,"seewave","QREN_3",0.44028464882472,"Renyi q=3"
38,"sprex","QREN_0",4.40671924726425,"Renyi q=0"
38,"sprex","QREN_1",3.51608231975855,"Renyi q=1"
38,"sprex","QREN_2",2.75694171719376,"Renyi q=2"
38,"sprex","QREN_3",2.38462581559742,"Renyi q=3"
38,"statcomp","QREN_1",0.649190756937862,"Renyi q=1"
38,"statcomp","QREN_2",0.509027069747755,"Renyi q=2"
38,"statcomp","QREN_3",0.440284639964734,"Renyi q=3"
38,"vegan","QREN_0",4.40671924726425,"Renyi q=0"
38,"vegan","QREN_1",3.51608231975855,"Renyi q=1"
38,"vegan","QREN_2",2.75694171719376,"Renyi q=2"
38,"vegan","QREN_3",2.38462581559742,"Renyi q=3"
38,"adiv","QTSA_0",81,"Tsallis q=0"
38,"adiv","QTSA_1",3.51608231975855,"Tsallis q=1"
38,"adiv","QTSA_2",0.936514371224519,"Tsallis q=2"
38,"adiv","QTSA_3",0.495756635506372,"Tsallis q=3"
38,"divent","QTSA_0",81,"Tsallis q=0"
38,"divent","QTSA_1",3.51608231975855,"Tsallis q=1"
38,"divent","QTSA_2",0.936514371224519,"Tsallis q=2"
38,"divent","QTSA_3",0.495756635506372,"Tsallis q=3"
38,"entropart","QTSA_0",81,"Tsallis q=0"
38,"entropart","QTSA_1",3.51608231975855,"Tsallis q=1"
38,"entropart","QTSA_2",0.936514371224519,"Tsallis q=2"
38,"entropart","QTSA_3",0.495756635506372,"Tsallis q=3"
38,"EntropyEstimation","QTSA_1",3.61472871149457,"Tsallis q=1"
38,"EntropyEstimation","QTSA_2",0.938614179231751,"Tsallis q=2"
38,"EntropyEstimation","QTSA_3",0.495937444943753,"Tsallis q=3"
38,"vegan","QTSA_0",81,"Tsallis q=0"
38,"vegan","QTSA_1",3.51608231975855,"Tsallis q=1"
38,"vegan","QTSA_2",0.936514371224519,"Tsallis q=2"
38,"vegan","QTSA_3",0.495756635506372,"Tsallis q=3"
38,"BAT","RACE",121.347973684211,"ACE"
38,"ecodive","RACE",121.347973684211,"ACE"
38,"fossil","RACE",95.95,"ACE"
38,"pctax","RACE",121.348,"ACE"
38,"sprex","RACE",447,"ACE"
38,"tabula","RACE",121.347973684211,"ACE"
38,"vegan","RACE",121.347973684211,"ACE"
38,"wiqid","RACE",121.347973684211,"ACE"
38,"BiodiversityR","RBOO",82,"Bootstrap estimator"
38,"wiqid","RBOO",225,"Bootstrap estimator"
38,"BAT","RC1",107.833333333333,"Chao 1"
38,"BiodiversityR","RC1",82,"Chao 1"
38,"biosampleR","RC1",115.75,"Chao 1"
38,"iNEXT","RC1",110.201,"Chao 1"
38,"microbiome","RC1",107.833333333333,"Chao 1"
38,"pctax","RC1",107.8333,"Chao 1"
38,"rareNMtests","RC1",82,"Chao 1"
38,"SpadeR","RC1",82,"Chao 1"
38,"SSP","RC1",82,"Chao 1"
38,"vegan","RC1",107.833333333333,"Chao 1"
38,"wiqid","RC1",110.264705882353,"Chao 1"
38,"BAT","RC1M",123.244968272853,"Chao 1 modified"
38,"divent","RC1M",110.201473878142,"Chao 1 modified"
38,"ecodive","RC1M",110.264705882353,"Chao 1 modified"
38,"entropart","RC1M",110.201473878142,"Chao 1 modified"
38,"fossil","RC1M",110.264705882353,"Chao 1 modified"
38,"mobr","RC1M",110.201473878142,"Chao 1 modified"
38,"OTUtable","RC1M",110.264705882353,"Chao 1 modified"
38,"tabula","RC1M",110.201473878142,"Chao 1 modified"
38,"wiqid","RC1M",110.264705882353,"Chao 1 modified"
38,"BAT","RCA2",236.36475859718,"Chao 2"
38,"divDyn","RCA2",107.518292682927,"Chao 2"
38,"fossil","RCA2",110.264705882353,"Chao 2"
38,"tabula","RCA2",82,"Chao 2"
38,"wiqid","RCA2",82,"Chao 2"
38,"benthos","RHUR_2",1.93861417923195,"Hurlbert D k=2"
38,"benthos","RHUR_3",2.82396764780822,"Hurlbert D k=3"
38,"divent","RHUR_2",16.2904073518226,"Hurlbert D k=2"
38,"divent","RHUR_3",16.7022178803762,"Hurlbert D k=3"
38,"entropart","RHUR_2",1.93861417923196,"Hurlbert D k=2"
38,"entropart","RHUR_3",2.82396764780822,"Hurlbert D k=3"
38,"mobsim","RHUR_2",1.93861417923195,"Hurlbert D k=2"
38,"mobsim","RHUR_3",2.82396764780822,"Hurlbert D k=3"
38,"tabula","RHUR_2",1.93861417921971,"Hurlbert D k=2"
38,"tabula","RHUR_3",2.82396764782816,"Hurlbert D k=3"
38,"vegan","RHUR_2",1.93861417923195,"Hurlbert D k=2"
38,"vegan","RHUR_3",2.82396764780822,"Hurlbert D k=3"
38,"BAT","RICE",236.023934099142,"ICE"
38,"fossil","RICE",95.95,"ICE"
38,"tabula","RICE",82,"ICE"
38,"wiqid","RICE",82,"ICE"
38,"BAT","RJA1",113,"Jackknife 1"
38,"BiodiversityR","RJA1",82,"Jackknife 1"
38,"divent","RJA1",127,"Jackknife 1"
38,"entropart","RJA1",127,"Jackknife 1"
38,"fossil","RJA1",112.930648769575,"Jackknife 1"
38,"SSP","RJA1",82,"Jackknife 1"
38,"tabula","RJA1",3.48606783554216,"Jackknife 1"
38,"wiqid","RJA1",113,"Jackknife 1"
38,"BAT","RJA2",127,"Jackknife 2"
38,"BiodiversityR","RJA2",82,"Jackknife 2"
38,"fossil","RJA2",126.697901305163,"Jackknife 2"
38,"SSP","RJA2",82,"Jackknife 2"
38,"wiqid","RJA2",127,"Jackknife 2"
38,"asbio","RLMD",140.549265929929,NA
38,"sads","RLMD",0.960064504479708,NA
38,"vegan","RLMD",106.478230694396,NA
38,"wiqid","RMM",0,"Michaelis-Menten"
38,"divDyn","RSQ",143.795865502086,"Squares Richness Estimator"
38,"ecodive","RSQ",143.795865502086,"Squares Richness Estimator"
38,"tabula","RSQ",143.795865502086,"Squares Richness Estimator"
39,"custom","RICH",84,"Species richness"
39,"abdiv","D1SP",0.936020380918476,"Simpson's reciprocal"
39,"ade4","D1SP",0.936020380918477,"Simpson's reciprocal"
39,"adiv","D1SP",0.936020380918476,"Simpson's reciprocal"
39,"agricolae","D1SP",0.936020380918476,"Simpson's reciprocal"
39,"asbio","D1SP",0.936020380918476,"Simpson's reciprocal"
39,"BiodiversityR","D1SP",0.93602038,"Simpson's reciprocal"
39,"biosampleR","D1SP",0.957873279093262,"Simpson's reciprocal"
39,"breakaway","D1SP",0.936020380918476,"Simpson's reciprocal"
39,"catsim","D1SP",0.578291358024691,"Simpson's reciprocal"
39,"concstats","D1SP",0.995821337585185,"Simpson's reciprocal"
39,"CUB","D1SP",0.940199043333291,"Simpson's reciprocal"
39,"DescTools","D1SP",0.936020380918477,"Simpson's reciprocal"
39,"divent","D1SP",0.936020380918476,"Simpson's reciprocal"
39,"diverse","D1SP",0.957873279093262,"Simpson's reciprocal"
39,"ecodive","D1SP",0.936020380918476,"Simpson's reciprocal"
39,"entropart","D1SP",0.936020380918476,"Simpson's reciprocal"
39,"lawstat","D1SP",0.865439690026954,"Simpson's reciprocal"
39,"MCPAN","D1SP",0.936020380918476,"Simpson's reciprocal"
39,"microbiome","D1SP",0.936020380918476,"Simpson's reciprocal"
39,"PCRA","D1SP",0.936020380918476,"Simpson's reciprocal"
39,"RoughSets","D1SP",0.936020380918476,"Simpson's reciprocal"
39,"simboot","D1SP",0.936020380918476,"Simpson's reciprocal"
39,"sprex","D1SP",0.936020380918476,"Simpson's reciprocal"
39,"untb","D1SP",0.938233195057763,"Simpson's reciprocal"
39,"vegan","D1SP",0.936020380918476,"Simpson's reciprocal"
39,"abdiv","DBRI",3.25818290788349,"Brillouin"
39,"ecodive","DBRI",3.25818290788349,"Brillouin"
39,"tabula","DBRI",3.25818290788349,"Brillouin"
39,"wiqid","DBRI",26.0022457133917,"Brillouin"
39,"BiodiversityR","DFIS",31.41425096,"Fisher's alpha"
39,"ecodive","DFIS",31.414,"Fisher's alpha"
39,"microbiome","DFIS",31.4142509572743,"Fisher's alpha"
39,"preseqR","DFIS",13.8815444235695,"Fisher's alpha"
39,"sads","DFIS",31.4142497482553,"Fisher's alpha"
39,"vegan","DFIS",31.4142509572743,"Fisher's alpha"
39,"custom","DGLE",13.8849092479198,"Gleason"
39,"custom","DGOO_1_1",3.53049369519414,"Good m1 n1"
39,"custom","DGOO_1_2",0.353748432551877,"Good m1 n2"
39,"custom","DGOO_1_3",1,"Good m1 n3"
39,"custom","DGOO_2_1",0.141598903249909,"Good m2 n1"
39,"custom","DGOO_2_2",1.02400842900588,"Good m2 n2"
39,"custom","DGOO_2_3",1,"Good m2 n3"
39,"custom","DGOO_3_1",0.0161243444669049,"Good m3 n1"
39,"custom","DGOO_3_2",0.0664477901340249,"Good m3 n2"
39,"custom","DGOO_3_3",1,"Good m3 n3"
39,"abdiv","DINVSP",15.6299773952356,"Simpson inverse"
39,"adiv","DINVSP",15.6299773952356,"Simpson inverse"
39,"asbio","DINVSP",15.6299773952356,"Simpson inverse"
39,"BiodiversityR","DINVSP",15.6299774,"Simpson inverse"
39,"breakaway","DINVSP",15.6299773952356,"Simpson inverse"
39,"chemodiv","DINVSP",15.6299773952356,"Simpson inverse"
39,"codyn","DINVSP",4.32514619883041,"Simpson inverse"
39,"divseg","DINVSP",1.06397961908152,"Simpson inverse"
39,"ecodive","DINVSP",15.6299773952356,"Simpson inverse"
39,"microbiome","DINVSP",15.6299773952356,"Simpson inverse"
39,"sprex","DINVSP",15.6299773952356,"Simpson inverse"
39,"vegan","DINVSP",15.6299773952356,"Simpson inverse"
39,"wiqid","DINVSP",15.6299773952356,"Simpson inverse"
39,"custom","DKO",0.229357798165138,"Kothe"
39,"abdiv","DMC",0.785190282766522,"McIntosh"
39,"adiv","DMC",0.785190282766522,"McIntosh"
39,"agricolae","DMC",0.785190282766522,"McIntosh"
39,"ecodive","DMC",0.785190282766522,"McIntosh"
39,"forestHES","DMC",0.785190282766522,"McIntosh"
39,"tabula","DMC",0.785190282766522,"McIntosh"
39,"abdiv","DMG",13.7196127092541,"Margalef"
39,"adiv","DMG",13.7196127092541,"Margalef"
39,"agricolae","DMG",37.0264246611195,"Margalef"
39,"ecodive","DMG",13.7196127092541,"Margalef"
39,"tabula","DMG",13.7196127092541,"Margalef"
39,"abdiv","DMN",4.07940062190051,"Menhinick"
39,"adiv","DMN",4.07940062190051,"Menhinick"
39,"ecodive","DMN",4.07940062190051,"Menhinick"
39,"tabula","DMN",4.07940062190051,"Menhinick"
39,"custom","DOD",198.11320754717,"Odum"
39,"abdiv","DQ",0,"Q-statistic"
39,"ade4","DRAO",0.936020380918478,"Rao"
39,"BAT","DRAO",0.936020380918419,"Rao"
39,"SYNCSA","DRAO",0.936020380918477,"Rao"
39,"abdiv","DSHA",3.53049369519414,"Shannon"
39,"adiv","DSHA",3.53049369519414,"Shannon"
39,"aqp","DSHA",5.09342574594633,"Shannon"
39,"asbio","DSHA",3.53049369519414,"Shannon"
39,"benthos","DSHA",0,"Shannon"
39,"BiodiversityR","DSHA",3.5304937,"Shannon"
39,"biosampleR","DSHA",3.70501552915814,"Shannon"
39,"chemodiv","DSHA",3.53049369519414,"Shannon"
39,"codyn","DSHA",3.53049369519414,"Shannon"
39,"DescTools","DSHA",5.09342574594633,"Shannon"
39,"divDyn","DSHA",3.53049369519414,"Shannon"
39,"divent","DSHA",3.53049369519414,"Shannon"
39,"diverse","DSHA",3.70501552915814,"Shannon"
39,"ecodive","DSHA",3.53049369519413,"Shannon"
39,"EconGeo","DSHA",5.093,"Shannon"
39,"entropart","DSHA",3.53049369519414,"Shannon"
39,"forestmangr","DSHA",3.56,"Shannon"
39,"HardyWeinberg","DSHA",3.53049369519414,"Shannon"
39,"iNEXT","DSHA",3.53,"Shannon"
39,"MCPAN","DSHA",3.53049369519414,"Shannon"
39,"microbiome","DSHA",3.53049369519414,"Shannon"
39,"OTUtable","DSHA",3.53049369519414,"Shannon"
39,"pgirmess","DSHA",5.09342574594633,"Shannon"
39,"SpiecEasi","DSHA",3.53049369519414,"Shannon"
39,"sprex","DSHA",3.53049369519414,"Shannon"
39,"tabula","DSHA",3.53049369519414,"Shannon"
39,"triversity","DSHA",5.09342574594633,"Shannon"
39,"vegan","DSHA",3.53049369519414,"Shannon"
39,"wavethresh","DSHA",-88255.8995428448,"Shannon"
39,"wiqid","DSHA",34.1408186128568,"Shannon"
39,"abdiv","DSP",0.0639796190815237,"Simpson"
39,"agricolae","DSP",0.0639796190815237,"Simpson"
39,"antitrust","DSP",639.796190815237,"Simpson"
39,"benthos","DSP",0.0617668049422365,"Simpson"
39,"breakaway","DSP",0.0639796190815237,"Simpson"
39,"concstats","DSP",0.0639796190815237,"Simpson"
39,"DescTools","DSP",0.0639796190815237,"Simpson"
39,"diverse","DSP",0.0397789922815092,"Simpson"
39,"divseg","DSP",1.06397961908152,"Simpson"
39,"EconGeo","DSP",0.0639796190815237,"Simpson"
39,"hhi","DSP",0.231206057328286,"Simpson"
39,"ineq","DSP",0.0639796190815237,"Simpson"
39,"microbiome","DSP",0.0639796190815237,"Simpson"
39,"PDtoolkit","DSP",0.0639796190815237,"Simpson"
39,"politics","DSP",0.0639796190815237,"Simpson"
39,"REAT","DSP",0.0639796190815237,"Simpson"
39,"sprex","DSP",0.0639796190815237,"Simpson"
39,"tabula","DSP",0.0639796190815237,"Simpson"
39,"triversity","DSP",0.0639796190815237,"Simpson"
39,"abdiv","EBP",0.186320754716981,"Berger-Parker"
39,"agricolae","EBP",0.186320754716981,"Berger-Parker"
39,"BiodiversityR","EBP",0.18632075,"Berger-Parker"
39,"diverse","EBP",0.134474327628362,"Berger-Parker"
39,"dyvDyn","EBP",0.186320754716981,"Berger-Parker"
39,"ecodive","EBP",0.186320754716981,"Berger-Parker"
39,"microbiome","EBP",0.186320754716981,"Berger-Parker"
39,"tabula","EBP",0.186320754716981,"Berger-Parker"
39,"triversity","EBP",0.186320754716981,"Berger-Parker"
39,"wiqid","EBP",1,"Berger-Parker"
39,"tabula","EBRI",0.79590822078536,"Brillouin evenness"
39,"BAT","EBU",0.505114798817913,"Bulla"
39,"microbiome","EBU",0.505114798817913,"Bulla"
39,"BAT","ECAM",0.984836921811234,"Camargo"
39,"microbiome","ECAM",0.65990004492363,"Camargo"
39,"codyn","EEQ",0.186490128498472,"NHC EQ"
39,"custom","EEQ",0.00087160685673038,"NHC EQ"
39,"adiv","EEVAR",0.512995834744485,"NHC EVAR"
39,"codyn","EEVAR",0.50566942370255,"NHC EVAR"
39,"custom","EEVAR",0.512995834744485,"NHC EVAR"
39,"microbiome","EEVAR",0.512995834744485,"NHC EVAR"
39,"acid","EGIN",0.861593291404612,"Gini coefficient"
39,"DescTools","EGIN",0.861593291404612,"Gini coefficient"
39,"dplR","EGIN",0.861593291404612,"Gini coefficient"
39,"EconGeo","EGIN",0.862,"Gini coefficient"
39,"giniVarCI","EGIN",0.861593291404612,"Gini coefficient"
39,"ineq","EGIN",0.861593291404612,"Gini coefficient"
39,"microbiome","EGIN",0.861593291404612,"Gini coefficient"
39,"REAT","EGIN",0.861593291404612,"Gini coefficient"
39,"shipunov","EGIN",0.861593291404612,"Gini coefficient"
39,"wINEQ","EGIN",0.861593291404612,"Gini coefficient"
39,"abdiv","EHEI",0.399286971239239,"Heip"
39,"adiv","EHEI",0.399286971239239,"Heip"
39,"custom","EHUL",0.287735849056604,"Hulburt"
39,"benthos","EHURE",0.938233195057763,"Hurlbert PIE"
39,"BiodiversityR","EHURE",0.9382332,"Hurlbert PIE"
39,"mobr","EHURE",0.938233195057763,"Hurlbert PIE"
39,"vegan","EHURE",0.938233195058074,"Hurlbert PIE"
39,"custom","ELR",0.151321750270281,"Ludwig-Reynolds"
39,"abdiv","EMC",0.314396252537087,"McIntosh evenness"
39,"tabula","EMC",0.838551546372745,"McIntosh evenness"
39,"microbiome","EMN",0.287735849056604,"McNaughton"
39,"custom","ENHC",-0.0366238494178237,"NHC"
39,"custom","EPAT",0.380944246047665,"Patten"
39,"abdiv","EPIE",0.796804258780411,"Pielou"
39,"adiv","EPIE",0.796804258780411,"Pielou"
39,"BiodiversityR","EPIE",0.79680426,"Pielou"
39,"breakaway","EPIE",0.796804258780411,"Pielou"
39,"chemodiv","EPIE",0.796804258780411,"Pielou"
39,"diverse","EPIE",0.843112617475333,"Pielou"
39,"forestmangr","EPIE",1,"Pielou"
39,"microbiome","EPIE",0.796804258780411,"Pielou"
39,"OTUtable","EPIE",0.796804258780411,"Pielou"
39,"pctax","EPIE",0.7968,"Pielou"
39,"sprex","EPIE",0.796804258780411,"Pielou"
39,"tabula","EPIE",0.796804258780411,"Pielou"
39,"custom","ESHE",0.406438316819724,"Sheldon"
39,"adiv","ESP",0.186071159467091,"Simpson evenness"
39,"codyn","ESP",0.308939014202172,"Simpson evenness"
39,"sprex","ESP",0.0420296868475493,"Simpson evenness"
39,"tabula","ESP",0.186071159467091,"Simpson evenness"
39,"abdiv","EST",0.488993710691824,"Strong"
39,"adiv","QHIL_0",84,"Hill q=0"
39,"adiv","QHIL_1",34.1408186128568,"Hill q=1"
39,"adiv","QHIL_2",15.6299773952356,"Hill q=2"
39,"adiv","QHIL_3",10.7984197912886,"Hill q=3"
39,"BAT","QHIL_0",84,"Hill q=0"
39,"BAT","QHIL_1",34.1408186128568,"Hill q=1"
39,"BAT","QHIL_2",15.6299773952356,"Hill q=2"
39,"BAT","QHIL_3",10.7984197912886,"Hill q=3"
39,"benthos","QHIL_0",225,"Hill q=0"
39,"benthos","QHIL_1",34.1408186128568,"Hill q=1"
39,"benthos","QHIL_2",15.6299773952356,"Hill q=2"
39,"benthos","QHIL_3",10.7984197912886,"Hill q=3"
39,"breakaway","QHIL_0",84,"Hill q=0"
39,"breakaway","QHIL_1",34.1408186128568,"Hill q=1"
39,"breakaway","QHIL_2",15.6299773952356,"Hill q=2"
39,"breakaway","QHIL_3",10.7984197912886,"Hill q=3"
39,"chemodiv","QHIL_0",84,"Hill q=0"
39,"chemodiv","QHIL_1",34.1408186128568,"Hill q=1"
39,"chemodiv","QHIL_2",15.6299773952356,"Hill q=2"
39,"chemodiv","QHIL_3",10.7984197912886,"Hill q=3"
39,"divDyn","QHIL_2",15.6299773952356,"Hill q=2"
39,"divent","QHIL_0",84,"Hill q=0"
39,"divent","QHIL_1",34.1408186128568,"Hill q=1"
39,"divent","QHIL_2",15.6299773952356,"Hill q=2"
39,"divent","QHIL_3",10.7984197912885,"Hill q=3"
39,"entropart","QHIL_0",84,"Hill q=0"
39,"entropart","QHIL_1",34.1408186128568,"Hill q=1"
39,"entropart","QHIL_2",15.6299773952356,"Hill q=2"
39,"entropart","QHIL_3",10.7984197912886,"Hill q=3"
39,"EntropyEstimation","QHIL_1",37.9825177298108,"Hill q=1"
39,"EntropyEstimation","QHIL_2",16.1899259794187,"Hill q=2"
39,"EntropyEstimation","QHIL_3",11.0484024032806,"Hill q=3"
39,"hilldiv","QHIL_0",84,"Hill q=0"
39,"hilldiv","QHIL_1",34.1411561646689,"Hill q=1"
39,"hilldiv","QHIL_2",15.6299773952356,"Hill q=2"
39,"hilldiv","QHIL_3",10.7984197912886,"Hill q=3"
39,"hillR","QHIL_0",84,"Hill q=0"
39,"hillR","QHIL_1",34.1408186128568,"Hill q=1"
39,"hillR","QHIL_2",15.6299773952356,"Hill q=2"
39,"hillR","QHIL_3",10.7984197912886,"Hill q=3"
39,"sprex","QHIL_0",84,"Hill q=0"
39,"sprex","QHIL_1",34.1408186128568,"Hill q=1"
39,"sprex","QHIL_2",15.6299773952356,"Hill q=2"
39,"sprex","QHIL_3",10.7984197912886,"Hill q=3"
39,"vegan","QHIL_0",84,"Hill q=0"
39,"vegan","QHIL_1",34.1408186128568,"Hill q=1"
39,"vegan","QHIL_2",15.6299773952356,"Hill q=2"
39,"vegan","QHIL_3",10.7984197912886,"Hill q=3"
39,"adiv","QREN_0",4.43081679884331,"Renyi q=0"
39,"adiv","QREN_1",3.53049369519414,"Renyi q=1"
39,"adiv","QREN_2",2.74919069819022,"Renyi q=2"
39,"adiv","QREN_3",2.37939980780358,"Renyi q=3"
39,"BiodiversityR","QREN_0",4.43081679884331,"Renyi q=0"
39,"BiodiversityR","QREN_1",3.53049369519414,"Renyi q=1"
39,"BiodiversityR","QREN_2",2.74919069819022,"Renyi q=2"
39,"BiodiversityR","QREN_3",2.37939980780358,"Renyi q=3"
39,"diverse","QREN_0",4.39444915467244,"Renyi q=0"
39,"diverse","QREN_1",3.70501552915814,"Renyi q=1"
39,"diverse","QREN_2",3.16707303875858,"Renyi q=2"
39,"diverse","QREN_3",2.83483216096763,"Renyi q=3"
39,"EntropyEstimation","QREN_1",3.63712599412461,"Renyi q=1"
39,"EntropyEstimation","QREN_2",2.78438919568519,"Renyi q=2"
39,"EntropyEstimation","QREN_3",2.40228583862259,"Renyi q=3"
39,"seewave","QREN_2",0.507595975063663,"Renyi q=2"
39,"seewave","QREN_3",0.439319746863852,"Renyi q=3"
39,"sprex","QREN_0",4.43081679884331,"Renyi q=0"
39,"sprex","QREN_1",3.53049369519414,"Renyi q=1"
39,"sprex","QREN_2",2.74919069819022,"Renyi q=2"
39,"sprex","QREN_3",2.37939980780358,"Renyi q=3"
39,"statcomp","QREN_1",0.651851596723942,"Renyi q=1"
39,"statcomp","QREN_2",0.507595962783715,"Renyi q=2"
39,"statcomp","QREN_3",0.43931973765389,"Renyi q=3"
39,"vegan","QREN_0",4.43081679884331,"Renyi q=0"
39,"vegan","QREN_1",3.53049369519414,"Renyi q=1"
39,"vegan","QREN_2",2.74919069819022,"Renyi q=2"
39,"vegan","QREN_3",2.37939980780358,"Renyi q=3"
39,"adiv","QTSA_0",83,"Tsallis q=0"
39,"adiv","QTSA_1",3.53049369519414,"Tsallis q=1"
39,"adiv","QTSA_2",0.936020380918476,"Tsallis q=2"
39,"adiv","QTSA_3",0.495712051202503,"Tsallis q=3"
39,"divent","QTSA_0",83,"Tsallis q=0"
39,"divent","QTSA_1",3.53049369519414,"Tsallis q=1"
39,"divent","QTSA_2",0.936020380918476,"Tsallis q=2"
39,"divent","QTSA_3",0.495712051202503,"Tsallis q=3"
39,"entropart","QTSA_0",83,"Tsallis q=0"
39,"entropart","QTSA_1",3.53049369519414,"Tsallis q=1"
39,"entropart","QTSA_2",0.936020380918476,"Tsallis q=2"
39,"entropart","QTSA_3",0.495712051202503,"Tsallis q=3"
39,"EntropyEstimation","QTSA_1",3.63712599412461,"Tsallis q=1"
39,"EntropyEstimation","QTSA_2",0.938233195057764,"Tsallis q=2"
39,"EntropyEstimation","QTSA_3",0.495903895413695,"Tsallis q=3"
39,"vegan","QTSA_0",83,"Tsallis q=0"
39,"vegan","QTSA_1",3.53049369519414,"Tsallis q=1"
39,"vegan","QTSA_2",0.936020380918476,"Tsallis q=2"
39,"vegan","QTSA_3",0.495712051202503,"Tsallis q=3"
39,"BAT","RACE",116.493294401954,"ACE"
39,"ecodive","RACE",116.493294401954,"ACE"
39,"fossil","RACE",97.5083798882682,"ACE"
39,"pctax","RACE",116.4933,"ACE"
39,"sprex","RACE",424,"ACE"
39,"tabula","RACE",116.493294401954,"ACE"
39,"vegan","RACE",116.493294401954,"ACE"
39,"wiqid","RACE",116.493294401954,"ACE"
39,"BiodiversityR","RBOO",84,"Bootstrap estimator"
39,"wiqid","RBOO",225,"Bootstrap estimator"
39,"BAT","RC1",108.473684210526,"Chao 1"
39,"BiodiversityR","RC1",84,"Chao 1"
39,"biosampleR","RC1",127.75,"Chao 1"
39,"iNEXT","RC1",110.631,"Chao 1"
39,"microbiome","RC1",108.473684210526,"Chao 1"
39,"pctax","RC1",108.4737,"Chao 1"
39,"rareNMtests","RC1",84,"Chao 1"
39,"SpadeR","RC1",84,"Chao 1"
39,"SSP","RC1",84,"Chao 1"
39,"vegan","RC1",108.473684210526,"Chao 1"
39,"wiqid","RC1",110.694444444444,"Chao 1"
39,"BAT","RC1M",123.247381847476,"Chao 1 modified"
39,"divent","RC1M",110.631485849057,"Chao 1 modified"
39,"ecodive","RC1M",110.694444444444,"Chao 1 modified"
39,"entropart","RC1M",110.631485849057,"Chao 1 modified"
39,"fossil","RC1M",110.694444444444,"Chao 1 modified"
39,"mobr","RC1M",110.631485849057,"Chao 1 modified"
39,"OTUtable","RC1M",110.694444444444,"Chao 1 modified"
39,"tabula","RC1M",110.631485849057,"Chao 1 modified"
39,"wiqid","RC1M",110.694444444444,"Chao 1 modified"
39,"BAT","RCA2",236.295211559079,"Chao 2"
39,"divDyn","RCA2",108.182330827068,"Chao 2"
39,"fossil","RCA2",110.694444444444,"Chao 2"
39,"tabula","RCA2",84,"Chao 2"
39,"wiqid","RCA2",84,"Chao 2"
39,"benthos","RHUR_2",1.93823319505807,"Hurlbert D k=2"
39,"benthos","RHUR_3",2.82289179434589,"Hurlbert D k=3"
39,"divent","RHUR_2",16.1899266462268,"Hurlbert D k=2"
39,"divent","RHUR_3",16.5986582040563,"Hurlbert D k=3"
39,"entropart","RHUR_2",1.93823319505807,"Hurlbert D k=2"
39,"entropart","RHUR_3",2.82289179434591,"Hurlbert D k=3"
39,"mobsim","RHUR_2",1.93823319505807,"Hurlbert D k=2"
39,"mobsim","RHUR_3",2.82289179434589,"Hurlbert D k=3"
39,"tabula","RHUR_2",1.93823319504619,"Hurlbert D k=2"
39,"tabula","RHUR_3",2.82289179434307,"Hurlbert D k=3"
39,"vegan","RHUR_2",1.93823319505807,"Hurlbert D k=2"
39,"vegan","RHUR_3",2.82289179434589,"Hurlbert D k=3"
39,"BAT","RICE",236.391989754907,"ICE"
39,"fossil","RICE",97.5083798882682,"ICE"
39,"tabula","RICE",84,"ICE"
39,"wiqid","RICE",84,"ICE"
39,"BAT","RJA1",115,"Jackknife 1"
39,"BiodiversityR","RJA1",84,"Jackknife 1"
39,"divent","RJA1",115,"Jackknife 1"
39,"entropart","RJA1",115,"Jackknife 1"
39,"fossil","RJA1",114.926886792453,"Jackknife 1"
39,"SSP","RJA1",84,"Jackknife 1"
39,"tabula","RJA1",3.50078359580928,"Jackknife 1"
39,"wiqid","RJA1",115,"Jackknife 1"
39,"BAT","RJA2",128,"Jackknife 2"
39,"BiodiversityR","RJA2",84,"Jackknife 2"
39,"fossil","RJA2",127.688578883982,"Jackknife 2"
39,"SSP","RJA2",84,"Jackknife 2"
39,"wiqid","RJA2",128,"Jackknife 2"
39,"asbio","RLMD",152.087177928173,NA
39,"sads","RLMD",0.913515610716855,NA
39,"vegan","RLMD",109.139677368539,NA
39,"wiqid","RMM",0,"Michaelis-Menten"
39,"divDyn","RSQ",146.388086153568,"Squares Richness Estimator"
39,"ecodive","RSQ",146.388086153568,"Squares Richness Estimator"
39,"tabula","RSQ",146.388086153568,"Squares Richness Estimator"
40,"custom","RICH",80,"Species richness"
40,"abdiv","D1SP",0.913713141045747,"Simpson's reciprocal"
40,"ade4","D1SP",0.913713141045747,"Simpson's reciprocal"
40,"adiv","D1SP",0.913713141045747,"Simpson's reciprocal"
40,"agricolae","D1SP",0.913713141045747,"Simpson's reciprocal"
40,"asbio","D1SP",0.913713141045747,"Simpson's reciprocal"
40,"BiodiversityR","D1SP",0.91371314,"Simpson's reciprocal"
40,"biosampleR","D1SP",0.952885317750183,"Simpson's reciprocal"
40,"breakaway","D1SP",0.913713141045747,"Simpson's reciprocal"
40,"catsim","D1SP",0.557906172839506,"Simpson's reciprocal"
40,"concstats","D1SP",0.995920923477474,"Simpson's reciprocal"
40,"CUB","D1SP",0.917792217568272,"Simpson's reciprocal"
40,"DescTools","D1SP",0.913713141045747,"Simpson's reciprocal"
40,"divent","D1SP",0.913713141045747,"Simpson's reciprocal"
40,"diverse","D1SP",0.952885317750183,"Simpson's reciprocal"
40,"ecodive","D1SP",0.913713141045747,"Simpson's reciprocal"
40,"entropart","D1SP",0.913713141045747,"Simpson's reciprocal"
40,"lawstat","D1SP",0.892364154250657,"Simpson's reciprocal"
40,"MCPAN","D1SP",0.913713141045747,"Simpson's reciprocal"
40,"microbiome","D1SP",0.913713141045747,"Simpson's reciprocal"
40,"PCRA","D1SP",0.913713141045747,"Simpson's reciprocal"
40,"RoughSets","D1SP",0.913713141045747,"Simpson's reciprocal"
40,"simboot","D1SP",0.913713141045747,"Simpson's reciprocal"
40,"sprex","D1SP",0.913713141045747,"Simpson's reciprocal"
40,"untb","D1SP",0.915585504039693,"Simpson's reciprocal"
40,"vegan","D1SP",0.913713141045747,"Simpson's reciprocal"
40,"abdiv","DBRI",3.00924089432059,"Brillouin"
40,"ecodive","DBRI",3.00924089432059,"Brillouin"
40,"tabula","DBRI",3.00924089432059,"Brillouin"
40,"wiqid","DBRI",20.2720054884787,"Brillouin"
40,"BiodiversityR","DFIS",27.17137992,"Fisher's alpha"
40,"ecodive","DFIS",27.171,"Fisher's alpha"
40,"microbiome","DFIS",27.171379924148,"Fisher's alpha"
40,"preseqR","DFIS",20.1906608613005,"Fisher's alpha"
40,"sads","DFIS",27.1713780673321,"Fisher's alpha"
40,"vegan","DFIS",27.171379924148,"Fisher's alpha"
40,"custom","DGLE",12.9191403339155,"Gleason"
40,"custom","DGOO_1_1",3.23484857311241,"Good m1 n1"
40,"custom","DGOO_1_2",0.38319879884388,"Good m1 n2"
40,"custom","DGOO_1_3",1,"Good m1 n3"
40,"custom","DGOO_2_1",0.173471826485027,"Good m2 n1"
40,"custom","DGOO_2_2",0.978099838702963,"Good m2 n2"
40,"custom","DGOO_2_3",1,"Good m2 n3"
40,"custom","DGOO_3_1",0.0236795713367267,"Good m3 n1"
40,"custom","DGOO_3_2",0.0860336883654864,"Good m3 n2"
40,"custom","DGOO_3_3",1,"Good m3 n3"
40,"abdiv","DINVSP",11.5892502302137,"Simpson inverse"
40,"adiv","DINVSP",11.5892502302137,"Simpson inverse"
40,"asbio","DINVSP",11.5892502302137,"Simpson inverse"
40,"BiodiversityR","DINVSP",11.58925023,"Simpson inverse"
40,"breakaway","DINVSP",11.5892502302137,"Simpson inverse"
40,"chemodiv","DINVSP",11.5892502302137,"Simpson inverse"
40,"codyn","DINVSP",2.93098782138024,"Simpson inverse"
40,"divseg","DINVSP",1.08628685895425,"Simpson inverse"
40,"ecodive","DINVSP",11.5892502302137,"Simpson inverse"
40,"microbiome","DINVSP",11.5892502302137,"Simpson inverse"
40,"sprex","DINVSP",11.5892502302137,"Simpson inverse"
40,"vegan","DINVSP",11.5892502302137,"Simpson inverse"
40,"wiqid","DINVSP",11.5892502302137,"Simpson inverse"
40,"custom","DKO",0.26605504587156,"Kothe"
40,"abdiv","DMC",0.739704337145473,"McIntosh"
40,"adiv","DMC",0.739704337145473,"McIntosh"
40,"agricolae","DMC",0.739704337145473,"McIntosh"
40,"ecodive","DMC",0.739704337145473,"McIntosh"
40,"forestHES","DMC",0.739704337145473,"McIntosh"
40,"tabula","DMC",0.739704337145473,"McIntosh"
40,"abdiv","DMG",12.7576510797415,"Margalef"
40,"adiv","DMG",12.7576510797415,"Margalef"
40,"agricolae","DMG",36.1735929349633,"Margalef"
40,"ecodive","DMG",12.7576510797415,"Margalef"
40,"tabula","DMG",12.7576510797415,"Margalef"
40,"abdiv","DMN",3.61772505316908,"Menhinick"
40,"adiv","DMN",3.61772505316908,"Menhinick"
40,"ecodive","DMN",3.61772505316908,"Menhinick"
40,"tabula","DMN",3.61772505316908,"Menhinick"
40,"custom","DOD",163.59918200409,"Odum"
40,"abdiv","DQ",0,"Q-statistic"
40,"ade4","DRAO",0.913713141045747,"Rao"
40,"BAT","DRAO",0.913713141045757,"Rao"
40,"SYNCSA","DRAO",0.913713141045746,"Rao"
40,"abdiv","DSHA",3.23484857311241,"Shannon"
40,"adiv","DSHA",3.23484857311241,"Shannon"
40,"aqp","DSHA",4.66689999445602,"Shannon"
40,"asbio","DSHA",3.23484857311241,"Shannon"
40,"benthos","DSHA",0,"Shannon"
40,"BiodiversityR","DSHA",3.23484857,"Shannon"
40,"biosampleR","DSHA",3.60951768660385,"Shannon"
40,"chemodiv","DSHA",3.23484857311241,"Shannon"
40,"codyn","DSHA",3.23484857311241,"Shannon"
40,"DescTools","DSHA",4.66689999445602,"Shannon"
40,"divDyn","DSHA",3.23484857311241,"Shannon"
40,"divent","DSHA",3.23484857311241,"Shannon"
40,"diverse","DSHA",3.60951768660385,"Shannon"
40,"ecodive","DSHA",3.23484857311241,"Shannon"
40,"EconGeo","DSHA",4.667,"Shannon"
40,"entropart","DSHA",3.23484857311241,"Shannon"
40,"forestmangr","DSHA",3.56,"Shannon"
40,"HardyWeinberg","DSHA",3.23484857311241,"Shannon"
40,"iNEXT","DSHA",3.235,"Shannon"
40,"MCPAN","DSHA",3.23484857311241,"Shannon"
40,"microbiome","DSHA",3.23484857311241,"Shannon"
40,"OTUtable","DSHA",3.23484857311241,"Shannon"
40,"pgirmess","DSHA",4.66689999445602,"Shannon"
40,"SpiecEasi","DSHA",3.23484857311241,"Shannon"
40,"sprex","DSHA",3.23484857311241,"Shannon"
40,"tabula","DSHA",3.23484857311241,"Shannon"
40,"triversity","DSHA",4.66689999445602,"Shannon"
40,"vegan","DSHA",3.23484857311241,"Shannon"
40,"wavethresh","DSHA",-172572.517248818,"Shannon"
40,"wiqid","DSHA",25.4025248623156,"Shannon"
40,"abdiv","DSP",0.0862868589542533,"Simpson"
40,"agricolae","DSP",0.0862868589542533,"Simpson"
40,"antitrust","DSP",862.868589542533,"Simpson"
40,"benthos","DSP",0.0844144959603071,"Simpson"
40,"breakaway","DSP",0.0862868589542533,"Simpson"
40,"concstats","DSP",0.0862868589542533,"Simpson"
40,"DescTools","DSP",0.0862868589542533,"Simpson"
40,"diverse","DSP",0.0449636995912391,"Simpson"
40,"divseg","DSP",1.08628685895425,"Simpson"
40,"EconGeo","DSP",0.0862868589542533,"Simpson"
40,"hhi","DSP",0.34118190212373,"Simpson"
40,"ineq","DSP",0.0862868589542533,"Simpson"
40,"microbiome","DSP",0.0862868589542533,"Simpson"
40,"PDtoolkit","DSP",0.0862868589542533,"Simpson"
40,"politics","DSP",0.0862868589542533,"Simpson"
40,"REAT","DSP",0.0862868589542533,"Simpson"
40,"sprex","DSP",0.0862868589542533,"Simpson"
40,"tabula","DSP",0.0862868589542533,"Simpson"
40,"triversity","DSP",0.0862868589542533,"Simpson"
40,"abdiv","EBP",0.198364008179959,"Berger-Parker"
40,"agricolae","EBP",0.198364008179959,"Berger-Parker"
40,"BiodiversityR","EBP",0.19836401,"Berger-Parker"
40,"diverse","EBP",0.128378378378378,"Berger-Parker"
40,"dyvDyn","EBP",0.198364008179959,"Berger-Parker"
40,"ecodive","EBP",0.198364008179959,"Berger-Parker"
40,"microbiome","EBP",0.198364008179959,"Berger-Parker"
40,"tabula","EBP",0.198364008179959,"Berger-Parker"
40,"triversity","EBP",0.198364008179959,"Berger-Parker"
40,"wiqid","EBP",1,"Berger-Parker"
40,"tabula","EBRI",0.736043784176266,"Brillouin evenness"
40,"BAT","EBU",0.445730113121586,"Bulla"
40,"microbiome","EBU",0.445730113121586,"Bulla"
40,"BAT","ECAM",0.982629882736663,"Camargo"
40,"microbiome","ECAM",0.688803680981595,"Camargo"
40,"codyn","EEQ",0.179248034339675,"NHC EQ"
40,"custom","EEQ",0.00099114421553127,"NHC EQ"
40,"adiv","EEVAR",0.475518990217386,"NHC EVAR"
40,"codyn","EEVAR",0.472689023418832,"NHC EVAR"
40,"custom","EEVAR",0.475518990217386,"NHC EVAR"
40,"microbiome","EEVAR",0.475518990217386,"NHC EVAR"
40,"acid","EGIN",0.888398091342877,"Gini coefficient"
40,"DescTools","EGIN",0.888398091342877,"Gini coefficient"
40,"dplR","EGIN",0.888398091342877,"Gini coefficient"
40,"EconGeo","EGIN",0.888,"Gini coefficient"
40,"giniVarCI","EGIN",0.888398091342877,"Gini coefficient"
40,"ineq","EGIN",0.888398091342877,"Gini coefficient"
40,"microbiome","EGIN",0.888398091342877,"Gini coefficient"
40,"REAT","EGIN",0.888398091342877,"Gini coefficient"
40,"shipunov","EGIN",0.888398091342877,"Gini coefficient"
40,"wINEQ","EGIN",0.888398091342877,"Gini coefficient"
40,"abdiv","EHEI",0.308892719776147,"Heip"
40,"adiv","EHEI",0.308892719776147,"Heip"
40,"custom","EHUL",0.331288343558282,"Hulburt"
40,"benthos","EHURE",0.915585504039693,"Hurlbert PIE"
40,"BiodiversityR","EHURE",0.9155855,"Hurlbert PIE"
40,"mobr","EHURE",0.915585504039693,"Hurlbert PIE"
40,"vegan","EHURE",0.915585504039748,"Hurlbert PIE"
40,"custom","ELR",0.118291982920156,"Ludwig-Reynolds"
40,"abdiv","EMC",0.350263841270204,"McIntosh evenness"
40,"tabula","EMC",0.795154754978293,"McIntosh evenness"
40,"microbiome","EMN",0.331288343558282,"McNaughton"
40,"custom","ENHC",-0.0396665532564622,"NHC"
40,"custom","EPAT",0.586901657146913,"Patten"
40,"abdiv","EPIE",0.738208332079925,"Pielou"
40,"adiv","EPIE",0.738208332079925,"Pielou"
40,"BiodiversityR","EPIE",0.73820833,"Pielou"
40,"breakaway","EPIE",0.738208332079925,"Pielou"
40,"chemodiv","EPIE",0.738208332079925,"Pielou"
40,"diverse","EPIE",0.821381146887544,"Pielou"
40,"forestmangr","EPIE",1,"Pielou"
40,"microbiome","EPIE",0.738208332079925,"Pielou"
40,"OTUtable","EPIE",0.738208332079925,"Pielou"
40,"pctax","EPIE",0.7382,"Pielou"
40,"sprex","EPIE",0.738208332079925,"Pielou"
40,"tabula","EPIE",0.738208332079925,"Pielou"
40,"custom","ESHE",0.317531560778945,"Sheldon"
40,"adiv","ESP",0.144865627877672,"Simpson evenness"
40,"codyn","ESP",0.162832656743347,"Simpson evenness"
40,"sprex","ESP",0.0404356071639052,"Simpson evenness"
40,"tabula","ESP",0.144865627877672,"Simpson evenness"
40,"abdiv","EST",0.547341513292434,"Strong"
40,"adiv","QHIL_0",80,"Hill q=0"
40,"adiv","QHIL_1",25.4025248623156,"Hill q=1"
40,"adiv","QHIL_2",11.5892502302137,"Hill q=2"
40,"adiv","QHIL_3",8.76499807423986,"Hill q=3"
40,"BAT","QHIL_0",80,"Hill q=0"
40,"BAT","QHIL_1",25.4025248623156,"Hill q=1"
40,"BAT","QHIL_2",11.5892502302137,"Hill q=2"
40,"BAT","QHIL_3",8.76499807423986,"Hill q=3"
40,"benthos","QHIL_0",225,"Hill q=0"
40,"benthos","QHIL_1",25.4025248623156,"Hill q=1"
40,"benthos","QHIL_2",11.5892502302137,"Hill q=2"
40,"benthos","QHIL_3",8.76499807423986,"Hill q=3"
40,"breakaway","QHIL_0",80,"Hill q=0"
40,"breakaway","QHIL_1",25.4025248623156,"Hill q=1"
40,"breakaway","QHIL_2",11.5892502302137,"Hill q=2"
40,"breakaway","QHIL_3",8.76499807423986,"Hill q=3"
40,"chemodiv","QHIL_0",80,"Hill q=0"
40,"chemodiv","QHIL_1",25.4025248623156,"Hill q=1"
40,"chemodiv","QHIL_2",11.5892502302137,"Hill q=2"
40,"chemodiv","QHIL_3",8.76499807423986,"Hill q=3"
40,"divDyn","QHIL_2",11.5892502302137,"Hill q=2"
40,"divent","QHIL_0",80,"Hill q=0"
40,"divent","QHIL_1",25.4025248623156,"Hill q=1"
40,"divent","QHIL_2",11.5892502302137,"Hill q=2"
40,"divent","QHIL_3",8.76499807423987,"Hill q=3"
40,"entropart","QHIL_0",80,"Hill q=0"
40,"entropart","QHIL_1",25.4025248623156,"Hill q=1"
40,"entropart","QHIL_2",11.5892502302137,"Hill q=2"
40,"entropart","QHIL_3",8.76499807423986,"Hill q=3"
40,"EntropyEstimation","QHIL_1",27.7398662912168,"Hill q=1"
40,"EntropyEstimation","QHIL_2",11.8463065925336,"Hill q=2"
40,"EntropyEstimation","QHIL_3",8.91841467892964,"Hill q=3"
40,"hilldiv","QHIL_0",80,"Hill q=0"
40,"hilldiv","QHIL_1",25.4028239302963,"Hill q=1"
40,"hilldiv","QHIL_2",11.5892502302137,"Hill q=2"
40,"hilldiv","QHIL_3",8.76499807423986,"Hill q=3"
40,"hillR","QHIL_0",80,"Hill q=0"
40,"hillR","QHIL_1",25.4025248623156,"Hill q=1"
40,"hillR","QHIL_2",11.5892502302137,"Hill q=2"
40,"hillR","QHIL_3",8.76499807423986,"Hill q=3"
40,"sprex","QHIL_0",80,"Hill q=0"
40,"sprex","QHIL_1",25.4025248623156,"Hill q=1"
40,"sprex","QHIL_2",11.5892502302137,"Hill q=2"
40,"sprex","QHIL_3",8.76499807423986,"Hill q=3"
40,"vegan","QHIL_0",80,"Hill q=0"
40,"vegan","QHIL_1",25.4025248623156,"Hill q=1"
40,"vegan","QHIL_2",11.5892502302137,"Hill q=2"
40,"vegan","QHIL_3",8.76499807423986,"Hill q=3"
40,"adiv","QREN_0",4.38202663467388,"Renyi q=0"
40,"adiv","QREN_1",3.23484857311241,"Renyi q=1"
40,"adiv","QREN_2",2.45007796416451,"Renyi q=2"
40,"adiv","QREN_3",2.17076629866295,"Renyi q=3"
40,"BiodiversityR","QREN_0",4.38202663467388,"Renyi q=0"
40,"BiodiversityR","QREN_1",3.23484857311241,"Renyi q=1"
40,"BiodiversityR","QREN_2",2.45007796416451,"Renyi q=2"
40,"BiodiversityR","QREN_3",2.17076629866295,"Renyi q=3"
40,"diverse","QREN_0",4.39444915467244,"Renyi q=0"
40,"diverse","QREN_1",3.60951768660385,"Renyi q=1"
40,"diverse","QREN_2",3.05517060148672,"Renyi q=2"
40,"diverse","QREN_3",2.76501817174917,"Renyi q=3"
40,"EntropyEstimation","QREN_1",3.32287059480358,"Renyi q=1"
40,"EntropyEstimation","QREN_2",2.47201613904388,"Renyi q=2"
40,"EntropyEstimation","QREN_3",2.18811820421928,"Renyi q=3"
40,"seewave","QREN_2",0.452369387848129,"Renyi q=2"
40,"seewave","QREN_3",0.400798763305412,"Renyi q=3"
40,"sprex","QREN_0",4.38202663467388,"Renyi q=0"
40,"sprex","QREN_1",3.23484857311241,"Renyi q=1"
40,"sprex","QREN_2",2.45007796416451,"Renyi q=2"
40,"sprex","QREN_3",2.17076629866295,"Renyi q=3"
40,"statcomp","QREN_1",0.59726525228295,"Renyi q=1"
40,"statcomp","QREN_2",0.452369376898423,"Renyi q=2"
40,"statcomp","QREN_3",0.400798755093133,"Renyi q=3"
40,"vegan","QREN_0",4.38202663467388,"Renyi q=0"
40,"vegan","QREN_1",3.23484857311241,"Renyi q=1"
40,"vegan","QREN_2",2.45007796416451,"Renyi q=2"
40,"vegan","QREN_3",2.17076629866295,"Renyi q=3"
40,"adiv","QTSA_0",79,"Tsallis q=0"
40,"adiv","QTSA_1",3.23484857311241,"Tsallis q=1"
40,"adiv","QTSA_2",0.913713141045747,"Tsallis q=2"
40,"adiv","QTSA_3",0.493491718121095,"Tsallis q=3"
40,"divent","QTSA_0",79,"Tsallis q=0"
40,"divent","QTSA_1",3.23484857311241,"Tsallis q=1"
40,"divent","QTSA_2",0.913713141045747,"Tsallis q=2"
40,"divent","QTSA_3",0.493491718121095,"Tsallis q=3"
40,"entropart","QTSA_0",79,"Tsallis q=0"
40,"entropart","QTSA_1",3.23484857311241,"Tsallis q=1"
40,"entropart","QTSA_2",0.913713141045747,"Tsallis q=2"
40,"entropart","QTSA_3",0.493491718121095,"Tsallis q=3"
40,"EntropyEstimation","QTSA_1",3.32287059480358,"Tsallis q=1"
40,"EntropyEstimation","QTSA_2",0.915585504039692,"Tsallis q=2"
40,"EntropyEstimation","QTSA_3",0.493713706112521,"Tsallis q=3"
40,"vegan","QTSA_0",79,"Tsallis q=0"
40,"vegan","QTSA_1",3.23484857311241,"Tsallis q=1"
40,"vegan","QTSA_2",0.913713141045747,"Tsallis q=2"
40,"vegan","QTSA_3",0.493491718121095,"Tsallis q=3"
40,"BAT","RACE",106.546378968254,"ACE"
40,"ecodive","RACE",106.546378968254,"ACE"
40,"fossil","RACE",93.875,"ACE"
40,"pctax","RACE",106.5464,"ACE"
40,"sprex","RACE",489,"ACE"
40,"tabula","RACE",106.546378968254,"ACE"
40,"vegan","RACE",106.546378968254,"ACE"
40,"wiqid","RACE",106.546378968254,"ACE"
40,"BiodiversityR","RBOO",80,"Bootstrap estimator"
40,"wiqid","RBOO",225,"Bootstrap estimator"
40,"BAT","RC1",107.1875,"Chao 1"
40,"BiodiversityR","RC1",80,"Chao 1"
40,"biosampleR","RC1",118.4,"Chao 1"
40,"iNEXT","RC1",109.939,"Chao 1"
40,"microbiome","RC1",107.1875,"Chao 1"
40,"pctax","RC1",107.1875,"Chao 1"
40,"rareNMtests","RC1",80,"Chao 1"
40,"SpadeR","RC1",80,"Chao 1"
40,"SSP","RC1",80,"Chao 1"
40,"vegan","RC1",107.1875,"Chao 1"
40,"wiqid","RC1",110,"Chao 1"
40,"BAT","RC1M",122.2607421875,"Chao 1 modified"
40,"divent","RC1M",109.938650306748,"Chao 1 modified"
40,"ecodive","RC1M",110,"Chao 1 modified"
40,"entropart","RC1M",109.938650306748,"Chao 1 modified"
40,"fossil","RC1M",110,"Chao 1 modified"
40,"mobr","RC1M",109.938650306748,"Chao 1 modified"
40,"OTUtable","RC1M",110,"Chao 1 modified"
40,"tabula","RC1M",109.938650306748,"Chao 1 modified"
40,"wiqid","RC1M",110,"Chao 1 modified"
40,"BAT","RCA2",235.93373248692,"Chao 2"
40,"divDyn","RCA2",106.84765625,"Chao 2"
40,"fossil","RCA2",110,"Chao 2"
40,"tabula","RCA2",80,"Chao 2"
40,"wiqid","RCA2",80,"Chao 2"
40,"benthos","RHUR_2",1.91558550403975,"Hurlbert D k=2"
40,"benthos","RHUR_3",2.75932909989384,"Hurlbert D k=3"
40,"divent","RHUR_2",11.8463066136999,"Hurlbert D k=2"
40,"divent","RHUR_3",12.1223964888146,"Hurlbert D k=3"
40,"entropart","RHUR_2",1.91558550403974,"Hurlbert D k=2"
40,"entropart","RHUR_3",2.75932909989385,"Hurlbert D k=3"
40,"mobsim","RHUR_2",1.91558550403975,"Hurlbert D k=2"
40,"mobsim","RHUR_3",2.75932909989384,"Hurlbert D k=3"
40,"tabula","RHUR_2",1.91558550405869,"Hurlbert D k=2"
40,"tabula","RHUR_3",2.75932909992195,"Hurlbert D k=3"
40,"vegan","RHUR_2",1.91558550403975,"Hurlbert D k=2"
40,"vegan","RHUR_3",2.75932909989384,"Hurlbert D k=3"
40,"BAT","RICE",236.942633270918,"ICE"
40,"fossil","RICE",93.875,"ICE"
40,"tabula","RICE",80,"ICE"
40,"wiqid","RICE",80,"ICE"
40,"BAT","RJA1",110,"Jackknife 1"
40,"BiodiversityR","RJA1",80,"Jackknife 1"
40,"divent","RJA1",125,"Jackknife 1"
40,"entropart","RJA1",125,"Jackknife 1"
40,"fossil","RJA1",109.938650306748,"Jackknife 1"
40,"SSP","RJA1",80,"Jackknife 1"
40,"tabula","RJA1",3.19510576489082,"Jackknife 1"
40,"wiqid","RJA1",110,"Jackknife 1"
40,"BAT","RJA2",125,"Jackknife 2"
40,"BiodiversityR","RJA2",80,"Jackknife 2"
40,"fossil","RJA2",124.723863522076,"Jackknife 2"
40,"SSP","RJA2",80,"Jackknife 2"
40,"wiqid","RJA2",125,"Jackknife 2"
40,"asbio","RLMD",147.016011763231,NA
40,"sads","RLMD",0.928793765504211,NA
40,"vegan","RLMD",109.704196887457,NA
40,"wiqid","RMM",0,"Michaelis-Menten"
40,"divDyn","RSQ",158.445511805036,"Squares Richness Estimator"
40,"ecodive","RSQ",158.445511805036,"Squares Richness Estimator"
40,"tabula","RSQ",158.445511805036,"Squares Richness Estimator"
41,"custom","RICH",102,"Species richness"
41,"abdiv","D1SP",0.97314422910324,"Simpson's reciprocal"
41,"ade4","D1SP",0.97314422910324,"Simpson's reciprocal"
41,"adiv","D1SP",0.97314422910324,"Simpson's reciprocal"
41,"agricolae","D1SP",0.97314422910324,"Simpson's reciprocal"
41,"asbio","D1SP",0.97314422910324,"Simpson's reciprocal"
41,"BiodiversityR","D1SP",0.97314423,"Simpson's reciprocal"
41,"biosampleR","D1SP",0.964672796106003,"Simpson's reciprocal"
41,"breakaway","D1SP",0.97314422910324,"Simpson's reciprocal"
41,"catsim","D1SP",0.649797530864197,"Simpson's reciprocal"
41,"concstats","D1SP",0.995655606120075,"Simpson's reciprocal"
41,"CUB","D1SP",0.977488622983165,"Simpson's reciprocal"
41,"DescTools","D1SP",0.97314422910324,"Simpson's reciprocal"
41,"divent","D1SP",0.97314422910324,"Simpson's reciprocal"
41,"diverse","D1SP",0.964672796106003,"Simpson's reciprocal"
41,"ecodive","D1SP",0.97314422910324,"Simpson's reciprocal"
41,"entropart","D1SP",0.97314422910324,"Simpson's reciprocal"
41,"lawstat","D1SP",0.80123933901919,"Simpson's reciprocal"
41,"MCPAN","D1SP",0.97314422910324,"Simpson's reciprocal"
41,"microbiome","D1SP",0.97314422910324,"Simpson's reciprocal"
41,"PCRA","D1SP",0.97314422910324,"Simpson's reciprocal"
41,"RoughSets","D1SP",0.97314422910324,"Simpson's reciprocal"
41,"simboot","D1SP",0.97314422910324,"Simpson's reciprocal"
41,"sprex","D1SP",0.97314422910324,"Simpson's reciprocal"
41,"untb","D1SP",0.975571022692026,"Simpson's reciprocal"
41,"vegan","D1SP",0.97314422910324,"Simpson's reciprocal"
41,"abdiv","DBRI",3.71079871792745,"Brillouin"
41,"ecodive","DBRI",3.71079871792745,"Brillouin"
41,"tabula","DBRI",3.71079871792745,"Brillouin"
41,"wiqid","DBRI",40.8864502294877,"Brillouin"
41,"BiodiversityR","DFIS",44.06386035,"Fisher's alpha"
41,"ecodive","DFIS",44.064,"Fisher's alpha"
41,"microbiome","DFIS",44.0638603492501,"Fisher's alpha"
41,"preseqR","DFIS",8.69200999430771,"Fisher's alpha"
41,"sads","DFIS",44.0638596364291,"Fisher's alpha"
41,"vegan","DFIS",44.0638603492501,"Fisher's alpha"
41,"custom","DGLE",17.0100583632764,"Gleason"
41,"custom","DGOO_1_1",4.05249535663453,"Good m1 n1"
41,"custom","DGOO_1_2",0.303064861094775,"Good m1 n2"
41,"custom","DGOO_1_3",1,"Good m1 n3"
41,"custom","DGOO_2_1",0.0883076532677205,"Good m2 n1"
41,"custom","DGOO_2_2",1.09186486498013,"Good m2 n2"
41,"custom","DGOO_2_3",1,"Good m2 n3"
41,"custom","DGOO_3_1",0.00356474637396508,"Good m3 n1"
41,"custom","DGOO_3_2",0.0338928304654866,"Good m3 n2"
41,"custom","DGOO_3_3",1,"Good m3 n3"
41,"abdiv","DINVSP",37.2359447004608,"Simpson inverse"
41,"adiv","DINVSP",37.2359447004608,"Simpson inverse"
41,"asbio","DINVSP",37.2359447004608,"Simpson inverse"
41,"BiodiversityR","DINVSP",37.2359447,"Simpson inverse"
41,"breakaway","DINVSP",37.2359447004608,"Simpson inverse"
41,"chemodiv","DINVSP",37.2359447004608,"Simpson inverse"
41,"codyn","DINVSP",7.9295154185022,"Simpson inverse"
41,"divseg","DINVSP",1.02685577089676,"Simpson inverse"
41,"ecodive","DINVSP",37.2359447004608,"Simpson inverse"
41,"microbiome","DINVSP",37.2359447004608,"Simpson inverse"
41,"sprex","DINVSP",37.2359447004608,"Simpson inverse"
41,"vegan","DINVSP",37.2359447004608,"Simpson inverse"
41,"wiqid","DINVSP",37.2359447004608,"Simpson inverse"
41,"custom","DKO",0.0642201834862385,"Kothe"
41,"abdiv","DMC",0.880013794392484,"McIntosh"
41,"adiv","DMC",0.880013794392484,"McIntosh"
41,"agricolae","DMC",0.880013794392484,"McIntosh"
41,"ecodive","DMC",0.880013794392484,"McIntosh"
41,"forestHES","DMC",0.880013794392484,"McIntosh"
41,"tabula","DMC",0.880013794392484,"McIntosh"
41,"abdiv","DMG",16.843293085205,"Margalef"
41,"adiv","DMG",16.843293085205,"Margalef"
41,"agricolae","DMG",37.3554222879795,"Margalef"
41,"ecodive","DMG",16.843293085205,"Margalef"
41,"tabula","DMG",16.843293085205,"Margalef"
41,"abdiv","DMN",5.08729761414893,"Menhinick"
41,"adiv","DMN",5.08729761414893,"Menhinick"
41,"ecodive","DMN",5.08729761414893,"Menhinick"
41,"tabula","DMN",5.08729761414893,"Menhinick"
41,"custom","DOD",253.731343283582,"Odum"
41,"abdiv","DQ",0,"Q-statistic"
41,"ade4","DRAO",0.97314422910324,"Rao"
41,"BAT","DRAO",0.973144229103171,"Rao"
41,"SYNCSA","DRAO",0.973144229103241,"Rao"
41,"abdiv","DSHA",4.05249535663453,"Shannon"
41,"adiv","DSHA",4.05249535663453,"Shannon"
41,"aqp","DSHA",5.84651495424219,"Shannon"
41,"asbio","DSHA",4.05249535663453,"Shannon"
41,"benthos","DSHA",0,"Shannon"
41,"BiodiversityR","DSHA",4.05249536,"Shannon"
41,"biosampleR","DSHA",3.81048858416173,"Shannon"
41,"chemodiv","DSHA",4.05249535663453,"Shannon"
41,"codyn","DSHA",4.05249535663453,"Shannon"
41,"DescTools","DSHA",5.84651495424219,"Shannon"
41,"divDyn","DSHA",4.05249535663453,"Shannon"
41,"divent","DSHA",4.05249535663453,"Shannon"
41,"diverse","DSHA",3.81048858416173,"Shannon"
41,"ecodive","DSHA",4.05249535663453,"Shannon"
41,"EconGeo","DSHA",5.847,"Shannon"
41,"entropart","DSHA",4.05249535663453,"Shannon"
41,"forestmangr","DSHA",3.56,"Shannon"
41,"HardyWeinberg","DSHA",4.05249535663453,"Shannon"
41,"iNEXT","DSHA",4.052,"Shannon"
41,"MCPAN","DSHA",4.05249535663453,"Shannon"
41,"microbiome","DSHA",4.05249535663453,"Shannon"
41,"OTUtable","DSHA",4.05249535663453,"Shannon"
41,"pgirmess","DSHA",5.84651495424219,"Shannon"
41,"SpiecEasi","DSHA",4.05249535663453,"Shannon"
41,"sprex","DSHA",4.05249535663453,"Shannon"
41,"tabula","DSHA",4.05249535663453,"Shannon"
41,"triversity","DSHA",5.84651495424218,"Shannon"
41,"vegan","DSHA",4.05249535663453,"Shannon"
41,"wavethresh","DSHA",-23507.4641318597,"Shannon"
41,"wiqid","DSHA",57.5408630208022,"Shannon"
41,"abdiv","DSP",0.02685577089676,"Simpson"
41,"agricolae","DSP",0.02685577089676,"Simpson"
41,"antitrust","DSP",268.5577089676,"Simpson"
41,"benthos","DSP",0.0244289773079738,"Simpson"
41,"breakaway","DSP",0.02685577089676,"Simpson"
41,"concstats","DSP",0.02685577089676,"Simpson"
41,"DescTools","DSP",0.02685577089676,"Simpson"
41,"diverse","DSP",0.0330785493576191,"Simpson"
41,"divseg","DSP",1.02685577089676,"Simpson"
41,"EconGeo","DSP",0.02685577089676,"Simpson"
41,"hhi","DSP",0.126111111111111,"Simpson"
41,"ineq","DSP",0.02685577089676,"Simpson"
41,"microbiome","DSP",0.02685577089676,"Simpson"
41,"PDtoolkit","DSP",0.02685577089676,"Simpson"
41,"politics","DSP",0.02685577089676,"Simpson"
41,"REAT","DSP",0.02685577089676,"Simpson"
41,"sprex","DSP",0.02685577089676,"Simpson"
41,"tabula","DSP",0.02685577089676,"Simpson"
41,"triversity","DSP",0.02685577089676,"Simpson"
41,"abdiv","EBP",0.0771144278606965,"Berger-Parker"
41,"agricolae","EBP",0.0771144278606965,"Berger-Parker"
41,"BiodiversityR","EBP",0.07711443,"Berger-Parker"
41,"diverse","EBP",0.0837209302325581,"Berger-Parker"
41,"dyvDyn","EBP",0.0771144278606965,"Berger-Parker"
41,"ecodive","EBP",0.0771144278606965,"Berger-Parker"
41,"microbiome","EBP",0.0771144278606965,"Berger-Parker"
41,"tabula","EBP",0.0771144278606965,"Berger-Parker"
41,"triversity","EBP",0.0771144278606965,"Berger-Parker"
41,"wiqid","EBP",1,"Berger-Parker"
41,"tabula","EBRI",0.879228704834509,"Brillouin evenness"
41,"BAT","EBU",0.548839958622728,"Bulla"
41,"microbiome","EBU",0.548839958622728,"Bulla"
41,"BAT","ECAM",0.98903560241889,"Camargo"
41,"microbiome","ECAM",0.54143498195298,"Camargo"
41,"codyn","EEQ",0.216389657271632,"NHC EQ"
41,"custom","EEQ",0.00058009162953973,"NHC EQ"
41,"adiv","EEVAR",0.535716303771575,"NHC EVAR"
41,"codyn","EEVAR",0.553036732651965,"NHC EVAR"
41,"custom","EEVAR",0.535716303771575,"NHC EVAR"
41,"microbiome","EEVAR",0.535716303771575,"NHC EVAR"
41,"acid","EGIN",0.797678275290216,"Gini coefficient"
41,"DescTools","EGIN",0.797678275290216,"Gini coefficient"
41,"dplR","EGIN",0.797678275290216,"Gini coefficient"
41,"EconGeo","EGIN",0.798,"Gini coefficient"
41,"giniVarCI","EGIN",0.797678275290216,"Gini coefficient"
41,"ineq","EGIN",0.797678275290216,"Gini coefficient"
41,"microbiome","EGIN",0.797678275290217,"Gini coefficient"
41,"REAT","EGIN",0.797678275290216,"Gini coefficient"
41,"shipunov","EGIN",0.797678275290217,"Gini coefficient"
41,"wINEQ","EGIN",0.797678275290216,"Gini coefficient"
41,"abdiv","EHEI",0.559810524958438,"Heip"
41,"adiv","EHEI",0.559810524958438,"Heip"
41,"custom","EHUL",0.131840796019901,"Hulburt"
41,"benthos","EHURE",0.975571022692026,"Hurlbert PIE"
41,"BiodiversityR","EHURE",0.97557102,"Hurlbert PIE"
41,"mobr","EHURE",0.975571022692026,"Hurlbert PIE"
41,"vegan","EHURE",0.975571022692413,"Hurlbert PIE"
41,"custom","ELR",0.20958515378827,"Ludwig-Reynolds"
41,"abdiv","EMC",0.218744142829129,"McIntosh evenness"
41,"tabula","EMC",0.928009309353577,"McIntosh evenness"
41,"microbiome","EMN",0.131840796019901,"McNaughton"
41,"custom","ENHC",-0.0295933074862534,"NHC"
41,"custom","EPAT",0.0172984330447021,"Patten"
41,"abdiv","EPIE",0.876220362851557,"Pielou"
41,"adiv","EPIE",0.876220362851557,"Pielou"
41,"BiodiversityR","EPIE",0.87622036,"Pielou"
41,"breakaway","EPIE",0.876220362851557,"Pielou"
41,"chemodiv","EPIE",0.876220362851557,"Pielou"
41,"diverse","EPIE",0.855453859057349,"Pielou"
41,"forestmangr","EPIE",1,"Pielou"
41,"microbiome","EPIE",0.876220362851557,"Pielou"
41,"OTUtable","EPIE",0.876220362851557,"Pielou"
41,"pctax","EPIE",0.8762,"Pielou"
41,"sprex","EPIE",0.876220362851557,"Pielou"
41,"tabula","EPIE",0.876220362851557,"Pielou"
41,"custom","ESHE",0.564126108047081,"Sheldon"
41,"adiv","ESP",0.365058281377067,"Simpson evenness"
41,"codyn","ESP",0.52863436123348,"Simpson evenness"
41,"sprex","ESP",0.0397303466336719,"Simpson evenness"
41,"tabula","ESP",0.365058281377067,"Simpson evenness"
41,"abdiv","EST",0.446736903716711,"Strong"
41,"adiv","QHIL_0",102,"Hill q=0"
41,"adiv","QHIL_1",57.5408630208022,"Hill q=1"
41,"adiv","QHIL_2",37.2359447004608,"Hill q=2"
41,"adiv","QHIL_3",28.8752501434278,"Hill q=3"
41,"BAT","QHIL_0",102,"Hill q=0"
41,"BAT","QHIL_1",57.5408630208022,"Hill q=1"
41,"BAT","QHIL_2",37.2359447004608,"Hill q=2"
41,"BAT","QHIL_3",28.8752501434278,"Hill q=3"
41,"benthos","QHIL_0",225,"Hill q=0"
41,"benthos","QHIL_1",57.5408630208022,"Hill q=1"
41,"benthos","QHIL_2",37.2359447004608,"Hill q=2"
41,"benthos","QHIL_3",28.8752501434278,"Hill q=3"
41,"breakaway","QHIL_0",102,"Hill q=0"
41,"breakaway","QHIL_1",57.5408630208022,"Hill q=1"
41,"breakaway","QHIL_2",37.2359447004608,"Hill q=2"
41,"breakaway","QHIL_3",28.8752501434278,"Hill q=3"
41,"chemodiv","QHIL_0",102,"Hill q=0"
41,"chemodiv","QHIL_1",57.5408630208022,"Hill q=1"
41,"chemodiv","QHIL_2",37.2359447004608,"Hill q=2"
41,"chemodiv","QHIL_3",28.8752501434278,"Hill q=3"
41,"divDyn","QHIL_2",37.2359447004608,"Hill q=2"
41,"divent","QHIL_0",102,"Hill q=0"
41,"divent","QHIL_1",57.5408630208022,"Hill q=1"
41,"divent","QHIL_2",37.2359447004609,"Hill q=2"
41,"divent","QHIL_3",28.8752501434273,"Hill q=3"
41,"entropart","QHIL_0",102,"Hill q=0"
41,"entropart","QHIL_1",57.5408630208022,"Hill q=1"
41,"entropart","QHIL_2",37.2359447004609,"Hill q=2"
41,"entropart","QHIL_3",28.8752501434273,"Hill q=3"
41,"EntropyEstimation","QHIL_1",66.0309090012158,"Hill q=1"
41,"EntropyEstimation","QHIL_2",40.9349923819223,"Hill q=2"
41,"EntropyEstimation","QHIL_3",31.3279894403561,"Hill q=3"
41,"hilldiv","QHIL_0",102,"Hill q=0"
41,"hilldiv","QHIL_1",57.5411752851142,"Hill q=1"
41,"hilldiv","QHIL_2",37.2359447004608,"Hill q=2"
41,"hilldiv","QHIL_3",28.8752501434278,"Hill q=3"
41,"hillR","QHIL_0",102,"Hill q=0"
41,"hillR","QHIL_1",57.5408630208022,"Hill q=1"
41,"hillR","QHIL_2",37.2359447004608,"Hill q=2"
41,"hillR","QHIL_3",28.8752501434278,"Hill q=3"
41,"sprex","QHIL_0",102,"Hill q=0"
41,"sprex","QHIL_1",57.5408630208022,"Hill q=1"
41,"sprex","QHIL_2",37.2359447004608,"Hill q=2"
41,"sprex","QHIL_3",28.8752501434278,"Hill q=3"
41,"vegan","QHIL_0",102,"Hill q=0"
41,"vegan","QHIL_1",57.5408630208022,"Hill q=1"
41,"vegan","QHIL_2",37.2359447004608,"Hill q=2"
41,"vegan","QHIL_3",28.8752501434278,"Hill q=3"
41,"adiv","QREN_0",4.62497281328427,"Renyi q=0"
41,"adiv","QREN_1",4.05249535663453,"Renyi q=1"
41,"adiv","QREN_2",3.61727455014359,"Renyi q=2"
41,"adiv","QREN_3",3.36298483178029,"Renyi q=3"
41,"BiodiversityR","QREN_0",4.62497281328427,"Renyi q=0"
41,"BiodiversityR","QREN_1",4.05249535663453,"Renyi q=1"
41,"BiodiversityR","QREN_2",3.61727455014359,"Renyi q=2"
41,"BiodiversityR","QREN_3",3.36298483178029,"Renyi q=3"
41,"diverse","QREN_0",4.45434729625351,"Renyi q=0"
41,"diverse","QREN_1",3.81048858416173,"Renyi q=1"
41,"diverse","QREN_2",3.34310196328486,"Renyi q=2"
41,"diverse","QREN_3",3.10601651372049,"Renyi q=3"
41,"EntropyEstimation","QREN_1",4.19012295059992,"Renyi q=1"
41,"EntropyEstimation","QREN_2",3.71198525672658,"Renyi q=2"
41,"EntropyEstimation","QREN_3",3.44451192928076,"Renyi q=3"
41,"seewave","QREN_2",0.667874363973265,"Renyi q=2"
41,"seewave","QREN_3",0.620923658709693,"Renyi q=3"
41,"sprex","QREN_0",4.62497281328427,"Renyi q=0"
41,"sprex","QREN_1",4.05249535663453,"Renyi q=1"
41,"sprex","QREN_2",3.61727455014359,"Renyi q=2"
41,"sprex","QREN_3",3.36298483178029,"Renyi q=3"
41,"statcomp","QREN_1",0.748231209854439,"Renyi q=1"
41,"statcomp","QREN_2",0.667874352674724,"Renyi q=2"
41,"statcomp","QREN_3",0.620923650235788,"Renyi q=3"
41,"vegan","QREN_0",4.62497281328427,"Renyi q=0"
41,"vegan","QREN_1",4.05249535663453,"Renyi q=1"
41,"vegan","QREN_2",3.61727455014359,"Renyi q=2"
41,"vegan","QREN_3",3.36298483178029,"Renyi q=3"
41,"adiv","QTSA_0",101,"Tsallis q=0"
41,"adiv","QTSA_1",4.05249535663453,"Tsallis q=1"
41,"adiv","QTSA_2",0.97314422910324,"Tsallis q=2"
41,"adiv","QTSA_3",0.499400321478669,"Tsallis q=3"
41,"divent","QTSA_0",101,"Tsallis q=0"
41,"divent","QTSA_1",4.05249535663453,"Tsallis q=1"
41,"divent","QTSA_2",0.97314422910324,"Tsallis q=2"
41,"divent","QTSA_3",0.499400321478669,"Tsallis q=3"
41,"entropart","QTSA_0",101,"Tsallis q=0"
41,"entropart","QTSA_1",4.05249535663453,"Tsallis q=1"
41,"entropart","QTSA_2",0.97314422910324,"Tsallis q=2"
41,"entropart","QTSA_3",0.499400321478669,"Tsallis q=3"
41,"EntropyEstimation","QTSA_1",4.19012295059992,"Tsallis q=1"
41,"EntropyEstimation","QTSA_2",0.975571022692028,"Tsallis q=2"
41,"EntropyEstimation","QTSA_3",0.499490546023003,"Tsallis q=3"
41,"vegan","QTSA_0",101,"Tsallis q=0"
41,"vegan","QTSA_1",4.05249535663453,"Tsallis q=1"
41,"vegan","QTSA_2",0.97314422910324,"Tsallis q=2"
41,"vegan","QTSA_3",0.499400321478669,"Tsallis q=3"
41,"BAT","RACE",161.646486614734,"ACE"
41,"ecodive","RACE",161.646486614734,"ACE"
41,"fossil","RACE",126.545454545455,"ACE"
41,"pctax","RACE",161.6465,"ACE"
41,"sprex","RACE",402,"ACE"
41,"tabula","RACE",161.646486614734,"ACE"
41,"vegan","RACE",161.646486614734,"ACE"
41,"wiqid","RACE",161.646486614734,"ACE"
41,"BiodiversityR","RBOO",102,"Bootstrap estimator"
41,"wiqid","RBOO",225,"Bootstrap estimator"
41,"BAT","RC1",151.5,"Chao 1"
41,"BiodiversityR","RC1",102,"Chao 1"
41,"biosampleR","RC1",108.235294117647,"Chao 1"
41,"iNEXT","RC1",155.157,"Chao 1"
41,"microbiome","RC1",151.5,"Chao 1"
41,"pctax","RC1",151.5,"Chao 1"
41,"rareNMtests","RC1",102,"Chao 1"
41,"SpadeR","RC1",102,"Chao 1"
41,"SSP","RC1",102,"Chao 1"
41,"vegan","RC1",151.5,"Chao 1"
41,"wiqid","RC1",155.289473684211,"Chao 1"
41,"BAT","RC1M",180.987456747405,"Chao 1 modified"
41,"divent","RC1M",155.156912804399,"Chao 1 modified"
41,"ecodive","RC1M",155.289473684211,"Chao 1 modified"
41,"entropart","RC1M",155.156912804399,"Chao 1 modified"
41,"fossil","RC1M",155.289473684211,"Chao 1 modified"
41,"mobr","RC1M",155.156912804399,"Chao 1 modified"
41,"OTUtable","RC1M",155.289473684211,"Chao 1 modified"
41,"tabula","RC1M",155.156912804399,"Chao 1 modified"
41,"wiqid","RC1M",155.289473684211,"Chao 1 modified"
41,"BAT","RCA2",236.118733505643,"Chao 2"
41,"divDyn","RCA2",151.014705882353,"Chao 2"
41,"fossil","RCA2",155.289473684211,"Chao 2"
41,"tabula","RCA2",102,"Chao 2"
41,"wiqid","RCA2",102,"Chao 2"
41,"benthos","RHUR_2",1.97557102269241,"Hurlbert D k=2"
41,"benthos","RHUR_3",2.92773197603062,"Hurlbert D k=3"
41,"divent","RHUR_2",40.9349944904338,"Hurlbert D k=2"
41,"divent","RHUR_3",41.1760882440369,"Hurlbert D k=3"
41,"entropart","RHUR_2",1.97557102269241,"Hurlbert D k=2"
41,"entropart","RHUR_3",2.92773197603063,"Hurlbert D k=3"
41,"mobsim","RHUR_2",1.97557102269241,"Hurlbert D k=2"
41,"mobsim","RHUR_3",2.92773197603062,"Hurlbert D k=3"
41,"tabula","RHUR_2",1.9755710226948,"Hurlbert D k=2"
41,"tabula","RHUR_3",2.92773197600994,"Hurlbert D k=3"
41,"vegan","RHUR_2",1.97557102269241,"Hurlbert D k=2"
41,"vegan","RHUR_3",2.92773197603062,"Hurlbert D k=3"
41,"BAT","RICE",237.21843523141,"ICE"
41,"fossil","RICE",126.545454545455,"ICE"
41,"tabula","RICE",102,"ICE"
41,"wiqid","RICE",102,"ICE"
41,"BAT","RJA1",147,"Jackknife 1"
41,"BiodiversityR","RJA1",102,"Jackknife 1"
41,"divent","RJA1",173,"Jackknife 1"
41,"entropart","RJA1",173,"Jackknife 1"
41,"fossil","RJA1",146.888059701493,"Jackknife 1"
41,"SSP","RJA1",102,"Jackknife 1"
41,"tabula","RJA1",4.03496365043434,"Jackknife 1"
41,"wiqid","RJA1",147,"Jackknife 1"
41,"BAT","RJA2",173,"Jackknife 2"
41,"BiodiversityR","RJA2",102,"Jackknife 2"
41,"fossil","RJA2",172.470031389189,"Jackknife 2"
41,"SSP","RJA2",102,"Jackknife 2"
41,"wiqid","RJA2",173,"Jackknife 2"
41,"asbio","RLMD",163.286981419411,NA
41,"sads","RLMD",0.83399745686506,NA
41,"vegan","RLMD",146.08199432721,NA
41,"wiqid","RMM",0,"Michaelis-Menten"
41,"divDyn","RSQ",157.972715808781,"Squares Richness Estimator"
41,"ecodive","RSQ",157.972715808781,"Squares Richness Estimator"
41,"tabula","RSQ",157.972715808781,"Squares Richness Estimator"
42,"custom","RICH",87,"Species richness"
42,"abdiv","D1SP",0.973184905131975,"Simpson's reciprocal"
42,"ade4","D1SP",0.973184905131975,"Simpson's reciprocal"
42,"adiv","D1SP",0.973184905131975,"Simpson's reciprocal"
42,"agricolae","D1SP",0.973184905131975,"Simpson's reciprocal"
42,"asbio","D1SP",0.973184905131975,"Simpson's reciprocal"
42,"BiodiversityR","D1SP",0.97318491,"Simpson's reciprocal"
42,"biosampleR","D1SP",0.96720830449827,"Simpson's reciprocal"
42,"breakaway","D1SP",0.973184905131975,"Simpson's reciprocal"
42,"catsim","D1SP",0.598162962962963,"Simpson's reciprocal"
42,"concstats","D1SP",0.995655424530661,"Simpson's reciprocal"
42,"CUB","D1SP",0.977529480601314,"Simpson's reciprocal"
42,"DescTools","D1SP",0.973184905131975,"Simpson's reciprocal"
42,"divent","D1SP",0.973184905131975,"Simpson's reciprocal"
42,"diverse","D1SP",0.96720830449827,"Simpson's reciprocal"
42,"ecodive","D1SP",0.973184905131975,"Simpson's reciprocal"
42,"entropart","D1SP",0.973184905131975,"Simpson's reciprocal"
42,"lawstat","D1SP",0.823520531400966,"Simpson's reciprocal"
42,"MCPAN","D1SP",0.973184905131975,"Simpson's reciprocal"
42,"microbiome","D1SP",0.973184905131975,"Simpson's reciprocal"
42,"PCRA","D1SP",0.973184905131975,"Simpson's reciprocal"
42,"RoughSets","D1SP",0.973184905131975,"Simpson's reciprocal"
42,"simboot","D1SP",0.973184905131975,"Simpson's reciprocal"
42,"sprex","D1SP",0.973184905131975,"Simpson's reciprocal"
42,"untb","D1SP",0.975541285047549,"Simpson's reciprocal"
42,"vegan","D1SP",0.973184905131975,"Simpson's reciprocal"
42,"abdiv","DBRI",3.66386124080349,"Brillouin"
42,"ecodive","DBRI",3.66386124080349,"Brillouin"
42,"tabula","DBRI",3.66386124080349,"Brillouin"
42,"wiqid","DBRI",39.0116859427156,"Brillouin"
42,"BiodiversityR","DFIS",33.59822141,"Fisher's alpha"
42,"ecodive","DFIS",33.598,"Fisher's alpha"
42,"microbiome","DFIS",33.5982214114807,"Fisher's alpha"
42,"preseqR","DFIS",10.3227556647825,"Fisher's alpha"
42,"sads","DFIS",33.5982190951779,"Fisher's alpha"
42,"vegan","DFIS",33.5982214114807,"Fisher's alpha"
42,"custom","DGLE",14.4377588844332,"Gleason"
42,"custom","DGOO_1_1",3.9666137147767,"Good m1 n1"
42,"custom","DGOO_1_2",0.312479352496964,"Good m1 n2"
42,"custom","DGOO_1_3",1,"Good m1 n3"
42,"custom","DGOO_2_1",0.0900725217760915,"Good m2 n1"
42,"custom","DGOO_2_2",1.12575990940308,"Good m2 n2"
42,"custom","DGOO_2_3",1,"Good m2 n3"
42,"custom","DGOO_3_1",0.00333851934254689,"Good m3 n1"
42,"custom","DGOO_3_2",0.0340931876425461,"Good m3 n2"
42,"custom","DGOO_3_3",1,"Good m3 n3"
42,"abdiv","DINVSP",37.2924281984334,"Simpson inverse"
42,"adiv","DINVSP",37.2924281984334,"Simpson inverse"
42,"asbio","DINVSP",37.2924281984334,"Simpson inverse"
42,"BiodiversityR","DINVSP",37.2924282,"Simpson inverse"
42,"breakaway","DINVSP",37.2924281984334,"Simpson inverse"
42,"chemodiv","DINVSP",37.2924281984334,"Simpson inverse"
42,"codyn","DINVSP",6.73621103117506,"Simpson inverse"
42,"divseg","DINVSP",1.02681509486803,"Simpson inverse"
42,"ecodive","DINVSP",37.2924281984334,"Simpson inverse"
42,"microbiome","DINVSP",37.2924281984334,"Simpson inverse"
42,"sprex","DINVSP",37.2924281984334,"Simpson inverse"
42,"vegan","DINVSP",37.2924281984334,"Simpson inverse"
42,"wiqid","DINVSP",37.2924281984334,"Simpson inverse"
42,"custom","DKO",0.201834862385321,"Kothe"
42,"abdiv","DMC",0.879470462905299,"McIntosh"
42,"adiv","DMC",0.879470462905299,"McIntosh"
42,"agricolae","DMC",0.879470462905299,"McIntosh"
42,"ecodive","DMC",0.879470462905299,"McIntosh"
42,"forestHES","DMC",0.879470462905299,"McIntosh"
42,"tabula","DMC",0.879470462905299,"McIntosh"
42,"abdiv","DMG",14.271807632888,"Margalef"
42,"adiv","DMG",14.271807632888,"Margalef"
42,"agricolae","DMG",37.1730803461268,"Margalef"
42,"ecodive","DMG",14.271807632888,"Margalef"
42,"tabula","DMG",14.271807632888,"Margalef"
42,"abdiv","DMN",4.27581672849202,"Menhinick"
42,"adiv","DMN",4.27581672849202,"Menhinick"
42,"ecodive","DMN",4.27581672849202,"Menhinick"
42,"tabula","DMN",4.27581672849202,"Menhinick"
42,"custom","DOD",210.144927536232,"Odum"
42,"abdiv","DQ",0,"Q-statistic"
42,"ade4","DRAO",0.973184905131976,"Rao"
42,"BAT","DRAO",0.973184905131995,"Rao"
42,"SYNCSA","DRAO",0.973184905131976,"Rao"
42,"abdiv","DSHA",3.9666137147767,"Shannon"
42,"adiv","DSHA",3.9666137147767,"Shannon"
42,"aqp","DSHA",5.7226139354305,"Shannon"
42,"asbio","DSHA",3.9666137147767,"Shannon"
42,"benthos","DSHA",0,"Shannon"
42,"BiodiversityR","DSHA",3.96661371,"Shannon"
42,"biosampleR","DSHA",3.92091754675343,"Shannon"
42,"chemodiv","DSHA",3.9666137147767,"Shannon"
42,"codyn","DSHA",3.9666137147767,"Shannon"
42,"DescTools","DSHA",5.7226139354305,"Shannon"
42,"divDyn","DSHA",3.9666137147767,"Shannon"
42,"divent","DSHA",3.9666137147767,"Shannon"
42,"diverse","DSHA",3.92091754675343,"Shannon"
42,"ecodive","DSHA",3.96661371477671,"Shannon"
42,"EconGeo","DSHA",5.723,"Shannon"
42,"entropart","DSHA",3.9666137147767,"Shannon"
42,"forestmangr","DSHA",3.56,"Shannon"
42,"HardyWeinberg","DSHA",3.9666137147767,"Shannon"
42,"iNEXT","DSHA",3.967,"Shannon"
42,"MCPAN","DSHA",3.9666137147767,"Shannon"
42,"microbiome","DSHA",3.9666137147767,"Shannon"
42,"OTUtable","DSHA",3.9666137147767,"Shannon"
42,"pgirmess","DSHA",5.7226139354305,"Shannon"
42,"SpiecEasi","DSHA",3.9666137147767,"Shannon"
42,"sprex","DSHA",3.9666137147767,"Shannon"
42,"tabula","DSHA",3.9666137147767,"Shannon"
42,"triversity","DSHA",5.7226139354305,"Shannon"
42,"vegan","DSHA",3.9666137147767,"Shannon"
42,"wavethresh","DSHA",-24513.6201467323,"Shannon"
42,"wiqid","DSHA",52.8054135481097,"Shannon"
42,"abdiv","DSP",0.0268150948680249,"Simpson"
42,"agricolae","DSP",0.0268150948680249,"Simpson"
42,"antitrust","DSP",268.150948680249,"Simpson"
42,"benthos","DSP",0.0244587149524511,"Simpson"
42,"breakaway","DSP",0.0268150948680249,"Simpson"
42,"concstats","DSP",0.0268150948680249,"Simpson"
42,"DescTools","DSP",0.0268150948680249,"Simpson"
42,"diverse","DSP",0.0305105438401776,"Simpson"
42,"divseg","DSP",1.02681509486803,"Simpson"
42,"EconGeo","DSP",0.0268150948680249,"Simpson"
42,"hhi","DSP",0.148451406194375,"Simpson"
42,"ineq","DSP",0.0268150948680249,"Simpson"
42,"microbiome","DSP",0.0268150948680249,"Simpson"
42,"PDtoolkit","DSP",0.0268150948680249,"Simpson"
42,"politics","DSP",0.0268150948680249,"Simpson"
42,"REAT","DSP",0.0268150948680249,"Simpson"
42,"sprex","DSP",0.0268150948680249,"Simpson"
42,"tabula","DSP",0.0268150948680249,"Simpson"
42,"triversity","DSP",0.0268150948680249,"Simpson"
42,"abdiv","EBP",0.0628019323671498,"Berger-Parker"
42,"agricolae","EBP",0.0628019323671498,"Berger-Parker"
42,"BiodiversityR","EBP",0.06280193,"Berger-Parker"
42,"diverse","EBP",0.0776470588235294,"Berger-Parker"
42,"dyvDyn","EBP",0.0628019323671498,"Berger-Parker"
42,"ecodive","EBP",0.0628019323671498,"Berger-Parker"
42,"microbiome","EBP",0.0628019323671498,"Berger-Parker"
42,"tabula","EBP",0.0628019323671498,"Berger-Parker"
42,"triversity","EBP",0.0628019323671498,"Berger-Parker"
42,"wiqid","EBP",1,"Berger-Parker"
42,"tabula","EBRI",0.89124771699206,"Brillouin evenness"
42,"BAT","EBU",0.577772160431412,"Bulla"
42,"microbiome","EBU",0.577772160431412,"Bulla"
42,"BAT","ECAM",0.987578562140119,"Camargo"
42,"microbiome","ECAM",0.70847909378644,"Camargo"
42,"codyn","EEQ",0.223692784744683,"NHC EQ"
42,"custom","EEQ",0.00085477022805918,"NHC EQ"
42,"adiv","EEVAR",0.519711079417524,"NHC EVAR"
42,"codyn","EEVAR",0.57250903931125,"NHC EVAR"
42,"custom","EEVAR",0.519711079417524,"NHC EVAR"
42,"microbiome","EEVAR",0.519711079417524,"NHC EVAR"
42,"acid","EGIN",0.819860440150295,"Gini coefficient"
42,"DescTools","EGIN",0.819860440150295,"Gini coefficient"
42,"dplR","EGIN",0.819860440150295,"Gini coefficient"
42,"EconGeo","EGIN",0.82,"Gini coefficient"
42,"giniVarCI","EGIN",0.819860440150295,"Gini coefficient"
42,"ineq","EGIN",0.819860440150295,"Gini coefficient"
42,"microbiome","EGIN",0.819860440150297,"Gini coefficient"
42,"REAT","EGIN",0.819860440150295,"Gini coefficient"
42,"shipunov","EGIN",0.819860440150297,"Gini coefficient"
42,"wINEQ","EGIN",0.819860440150295,"Gini coefficient"
42,"abdiv","EHEI",0.602388529629182,"Heip"
42,"adiv","EHEI",0.602388529629182,"Heip"
42,"custom","EHUL",0.123188405797101,"Hulburt"
42,"benthos","EHURE",0.975541285047549,"Hurlbert PIE"
42,"BiodiversityR","EHURE",0.97554129,"Hurlbert PIE"
42,"mobr","EHURE",0.975541285047549,"Hurlbert PIE"
42,"vegan","EHURE",0.975541285047546,"Hurlbert PIE"
42,"custom","ELR",0.225884023568669,"Ludwig-Reynolds"
42,"abdiv","EMC",0.20660586863404,"McIntosh evenness"
42,"tabula","EMC",0.936668221933473,"McIntosh evenness"
42,"microbiome","EMN",0.123188405797101,"McNaughton"
42,"custom","ENHC",-0.0371996498190246,"NHC"
42,"custom","EPAT",0.0771267856772242,"Patten"
42,"abdiv","EPIE",0.888198684206629,"Pielou"
42,"adiv","EPIE",0.888198684206629,"Pielou"
42,"BiodiversityR","EPIE",0.88819868,"Pielou"
42,"breakaway","EPIE",0.888198684206629,"Pielou"
42,"chemodiv","EPIE",0.888198684206629,"Pielou"
42,"diverse","EPIE",0.847770939429398,"Pielou"
42,"forestmangr","EPIE",1,"Pielou"
42,"microbiome","EPIE",0.888198684206629,"Pielou"
42,"OTUtable","EPIE",0.888198684206629,"Pielou"
42,"pctax","EPIE",0.8882,"Pielou"
42,"sprex","EPIE",0.888198684206629,"Pielou"
42,"tabula","EPIE",0.888198684206629,"Pielou"
42,"custom","ESHE",0.606958776415054,"Sheldon"
42,"adiv","ESP",0.428648599981993,"Simpson evenness"
42,"codyn","ESP",0.449080735411671,"Simpson evenness"
42,"sprex","ESP",0.0455932610893874,"Simpson evenness"
42,"tabula","ESP",0.428648599981993,"Simpson evenness"
42,"abdiv","EST",0.417374646010328,"Strong"
42,"adiv","QHIL_0",87,"Hill q=0"
42,"adiv","QHIL_1",52.8054135481097,"Hill q=1"
42,"adiv","QHIL_2",37.2924281984334,"Hill q=2"
42,"adiv","QHIL_3",30.5421434613305,"Hill q=3"
42,"BAT","QHIL_0",87,"Hill q=0"
42,"BAT","QHIL_1",52.8054135481097,"Hill q=1"
42,"BAT","QHIL_2",37.2924281984334,"Hill q=2"
42,"BAT","QHIL_3",30.5421434613305,"Hill q=3"
42,"benthos","QHIL_0",225,"Hill q=0"
42,"benthos","QHIL_1",52.8054135481097,"Hill q=1"
42,"benthos","QHIL_2",37.2924281984334,"Hill q=2"
42,"benthos","QHIL_3",30.5421434613305,"Hill q=3"
42,"breakaway","QHIL_0",87,"Hill q=0"
42,"breakaway","QHIL_1",52.8054135481097,"Hill q=1"
42,"breakaway","QHIL_2",37.2924281984334,"Hill q=2"
42,"breakaway","QHIL_3",30.5421434613305,"Hill q=3"
42,"chemodiv","QHIL_0",87,"Hill q=0"
42,"chemodiv","QHIL_1",52.8054135481097,"Hill q=1"
42,"chemodiv","QHIL_2",37.2924281984334,"Hill q=2"
42,"chemodiv","QHIL_3",30.5421434613305,"Hill q=3"
42,"divDyn","QHIL_2",37.2924281984334,"Hill q=2"
42,"divent","QHIL_0",87,"Hill q=0"
42,"divent","QHIL_1",52.8054135481097,"Hill q=1"
42,"divent","QHIL_2",37.2924281984334,"Hill q=2"
42,"divent","QHIL_3",30.5421434613306,"Hill q=3"
42,"entropart","QHIL_0",87,"Hill q=0"
42,"entropart","QHIL_1",52.8054135481097,"Hill q=1"
42,"entropart","QHIL_2",37.2924281984334,"Hill q=2"
42,"entropart","QHIL_3",30.5421434613306,"Hill q=3"
42,"EntropyEstimation","QHIL_1",59.0816453531243,"Hill q=1"
42,"EntropyEstimation","QHIL_2",40.8852223816351,"Hill q=2"
42,"EntropyEstimation","QHIL_3",33.410393906587,"Hill q=3"
42,"hilldiv","QHIL_0",87,"Hill q=0"
42,"hilldiv","QHIL_1",52.8056474606246,"Hill q=1"
42,"hilldiv","QHIL_2",37.2924281984334,"Hill q=2"
42,"hilldiv","QHIL_3",30.5421434613305,"Hill q=3"
42,"hillR","QHIL_0",87,"Hill q=0"
42,"hillR","QHIL_1",52.8054135481097,"Hill q=1"
42,"hillR","QHIL_2",37.2924281984334,"Hill q=2"
42,"hillR","QHIL_3",30.5421434613305,"Hill q=3"
42,"sprex","QHIL_0",87,"Hill q=0"
42,"sprex","QHIL_1",52.8054135481097,"Hill q=1"
42,"sprex","QHIL_2",37.2924281984334,"Hill q=2"
42,"sprex","QHIL_3",30.5421434613305,"Hill q=3"
42,"vegan","QHIL_0",87,"Hill q=0"
42,"vegan","QHIL_1",52.8054135481097,"Hill q=1"
42,"vegan","QHIL_2",37.2924281984334,"Hill q=2"
42,"vegan","QHIL_3",30.5421434613305,"Hill q=3"
42,"adiv","QREN_0",4.46590811865458,"Renyi q=0"
42,"adiv","QREN_1",3.9666137147767,"Renyi q=1"
42,"adiv","QREN_2",3.61879030868198,"Renyi q=2"
42,"adiv","QREN_3",3.41910748270189,"Renyi q=3"
42,"BiodiversityR","QREN_0",4.46590811865458,"Renyi q=0"
42,"BiodiversityR","QREN_1",3.9666137147767,"Renyi q=1"
42,"BiodiversityR","QREN_2",3.61879030868198,"Renyi q=2"
42,"BiodiversityR","QREN_3",3.41910748270189,"Renyi q=3"
42,"diverse","QREN_0",4.62497281328427,"Renyi q=0"
42,"diverse","QREN_1",3.92091754675343,"Renyi q=1"
42,"diverse","QREN_2",3.41757998157187,"Renyi q=2"
42,"diverse","QREN_3",3.17347029691631,"Renyi q=3"
42,"EntropyEstimation","QREN_1",4.07892030685433,"Renyi q=1"
42,"EntropyEstimation","QREN_2",3.71076868679776,"Renyi q=2"
42,"EntropyEstimation","QREN_3",3.50886704637959,"Renyi q=3"
42,"seewave","QREN_2",0.668154226586301,"Renyi q=2"
42,"seewave","QREN_3",0.631285847527913,"Renyi q=3"
42,"sprex","QREN_0",4.46590811865458,"Renyi q=0"
42,"sprex","QREN_1",3.9666137147767,"Renyi q=1"
42,"sprex","QREN_2",3.61879030868198,"Renyi q=2"
42,"sprex","QREN_3",3.41910748270189,"Renyi q=3"
42,"statcomp","QREN_1",0.732374479830958,"Renyi q=1"
42,"statcomp","QREN_2",0.668154214277322,"Renyi q=2"
42,"statcomp","QREN_3",0.631285838296179,"Renyi q=3"
42,"vegan","QREN_0",4.46590811865458,"Renyi q=0"
42,"vegan","QREN_1",3.9666137147767,"Renyi q=1"
42,"vegan","QREN_2",3.61879030868198,"Renyi q=2"
42,"vegan","QREN_3",3.41910748270189,"Renyi q=3"
42,"adiv","QTSA_0",86,"Tsallis q=0"
42,"adiv","QTSA_1",3.9666137147767,"Tsallis q=1"
42,"adiv","QTSA_2",0.973184905131975,"Tsallis q=2"
42,"adiv","QTSA_3",0.499463992361447,"Tsallis q=3"
42,"divent","QTSA_0",86,"Tsallis q=0"
42,"divent","QTSA_1",3.9666137147767,"Tsallis q=1"
42,"divent","QTSA_2",0.973184905131975,"Tsallis q=2"
42,"divent","QTSA_3",0.499463992361447,"Tsallis q=3"
42,"entropart","QTSA_0",86,"Tsallis q=0"
42,"entropart","QTSA_1",3.9666137147767,"Tsallis q=1"
42,"entropart","QTSA_2",0.973184905131975,"Tsallis q=2"
42,"entropart","QTSA_3",0.499463992361447,"Tsallis q=3"
42,"EntropyEstimation","QTSA_1",4.07892030685433,"Tsallis q=1"
42,"EntropyEstimation","QTSA_2",0.975541285047549,"Tsallis q=2"
42,"EntropyEstimation","QTSA_3",0.49955207344258,"Tsallis q=3"
42,"vegan","QTSA_0",86,"Tsallis q=0"
42,"vegan","QTSA_1",3.9666137147767,"Tsallis q=1"
42,"vegan","QTSA_2",0.973184905131975,"Tsallis q=2"
42,"vegan","QTSA_3",0.499463992361447,"Tsallis q=3"
42,"BAT","RACE",113.10279552154,"ACE"
42,"ecodive","RACE",113.10279552154,"ACE"
42,"fossil","RACE",99.4046242774566,"ACE"
42,"pctax","RACE",113.1028,"ACE"
42,"sprex","RACE",NA,"ACE"
42,"tabula","RACE",113.10279552154,"ACE"
42,"vegan","RACE",113.10279552154,"ACE"
42,"wiqid","RACE",113.10279552154,"ACE"
42,"BiodiversityR","RBOO",87,"Bootstrap estimator"
42,"wiqid","RBOO",225,"Bootstrap estimator"
42,"BAT","RC1",116,"Chao 1"
42,"BiodiversityR","RC1",87,"Chao 1"
42,"biosampleR","RC1",171.176470588235,"Chao 1"
42,"iNEXT","RC1",119.268,"Chao 1"
42,"microbiome","RC1",116,"Chao 1"
42,"pctax","RC1",116,"Chao 1"
42,"rareNMtests","RC1",87,"Chao 1"
42,"SpadeR","RC1",87,"Chao 1"
42,"SSP","RC1",87,"Chao 1"
42,"vegan","RC1",116,"Chao 1"
42,"wiqid","RC1",119.346153846154,"Chao 1"
42,"BAT","RC1M",128.888888888889,"Chao 1 modified"
42,"divent","RC1M",119.268023039762,"Chao 1 modified"
42,"ecodive","RC1M",119.346153846154,"Chao 1 modified"
42,"entropart","RC1M",119.268023039762,"Chao 1 modified"
42,"fossil","RC1M",119.346153846154,"Chao 1 modified"
42,"mobr","RC1M",119.268023039762,"Chao 1 modified"
42,"OTUtable","RC1M",119.346153846154,"Chao 1 modified"
42,"tabula","RC1M",119.268023039762,"Chao 1 modified"
42,"wiqid","RC1M",119.346153846154,"Chao 1 modified"
42,"BAT","RCA2",236.244347398785,"Chao 2"
42,"divDyn","RCA2",115.666666666667,"Chao 2"
42,"fossil","RCA2",119.346153846154,"Chao 2"
42,"tabula","RCA2",87,"Chao 2"
42,"wiqid","RCA2",87,"Chao 2"
42,"benthos","RHUR_2",1.97554128504755,"Hurlbert D k=2"
42,"benthos","RHUR_3",2.92751970825739,"Hurlbert D k=3"
42,"divent","RHUR_2",40.8852242996222,"Hurlbert D k=2"
42,"divent","RHUR_3",41.0545054734575,"Hurlbert D k=3"
42,"entropart","RHUR_2",1.97554128504754,"Hurlbert D k=2"
42,"entropart","RHUR_3",2.92751970825739,"Hurlbert D k=3"
42,"mobsim","RHUR_2",1.97554128504755,"Hurlbert D k=2"
42,"mobsim","RHUR_3",2.92751970825739,"Hurlbert D k=3"
42,"tabula","RHUR_2",1.97554128497752,"Hurlbert D k=2"
42,"tabula","RHUR_3",2.9275197082574,"Hurlbert D k=3"
42,"vegan","RHUR_2",1.97554128504755,"Hurlbert D k=2"
42,"vegan","RHUR_3",2.92751970825739,"Hurlbert D k=3"
42,"BAT","RICE",237.486473574577,"ICE"
42,"fossil","RICE",99.4046242774566,"ICE"
42,"tabula","RICE",87,"ICE"
42,"wiqid","RICE",87,"ICE"
42,"BAT","RJA1",116,"Jackknife 1"
42,"BiodiversityR","RJA1",87,"Jackknife 1"
42,"divent","RJA1",132,"Jackknife 1"
42,"entropart","RJA1",132,"Jackknife 1"
42,"fossil","RJA1",115.929951690821,"Jackknife 1"
42,"SSP","RJA1",87,"Jackknife 1"
42,"tabula","RJA1",3.94749871893009,"Jackknife 1"
42,"wiqid","RJA1",116,"Jackknife 1"
42,"BAT","RJA2",132,"Jackknife 2"
42,"BiodiversityR","RJA2",87,"Jackknife 2"
42,"fossil","RJA2",131.673837012083,"Jackknife 2"
42,"SSP","RJA2",87,"Jackknife 2"
42,"wiqid","RJA2",132,"Jackknife 2"
42,"asbio","RLMD",161.573972822564,NA
42,"sads","RLMD",1.05071135411941,NA
42,"vegan","RLMD",103.55166642957,NA
42,"wiqid","RMM",0,"Michaelis-Menten"
42,"divDyn","RSQ",109.88841910785,"Squares Richness Estimator"
42,"ecodive","RSQ",109.88841910785,"Squares Richness Estimator"
42,"tabula","RSQ",109.88841910785,"Squares Richness Estimator"
43,"custom","RICH",86,"Species richness"
43,"abdiv","D1SP",0.956963217405478,"Simpson's reciprocal"
43,"ade4","D1SP",0.956963217405478,"Simpson's reciprocal"
43,"adiv","D1SP",0.956963217405478,"Simpson's reciprocal"
43,"agricolae","D1SP",0.956963217405478,"Simpson's reciprocal"
43,"asbio","D1SP",0.956963217405478,"Simpson's reciprocal"
43,"BiodiversityR","D1SP",0.95696322,"Simpson's reciprocal"
43,"biosampleR","D1SP",0.96764116707795,"Simpson's reciprocal"
43,"breakaway","D1SP",0.956963217405478,"Simpson's reciprocal"
43,"catsim","D1SP",0.585244444444444,"Simpson's reciprocal"
43,"concstats","D1SP",0.99572784277944,"Simpson's reciprocal"
43,"CUB","D1SP",0.961235374626038,"Simpson's reciprocal"
43,"DescTools","D1SP",0.956963217405478,"Simpson's reciprocal"
43,"divent","D1SP",0.956963217405478,"Simpson's reciprocal"
43,"diverse","D1SP",0.96764116707795,"Simpson's reciprocal"
43,"ecodive","D1SP",0.956963217405478,"Simpson's reciprocal"
43,"entropart","D1SP",0.956963217405478,"Simpson's reciprocal"
43,"lawstat","D1SP",0.850868725868726,"Simpson's reciprocal"
43,"MCPAN","D1SP",0.956963217405478,"Simpson's reciprocal"
43,"microbiome","D1SP",0.956963217405478,"Simpson's reciprocal"
43,"PCRA","D1SP",0.956963217405478,"Simpson's reciprocal"
43,"RoughSets","D1SP",0.956963217405478,"Simpson's reciprocal"
43,"simboot","D1SP",0.956963217405478,"Simpson's reciprocal"
43,"sprex","D1SP",0.956963217405478,"Simpson's reciprocal"
43,"untb","D1SP",0.959320269665097,"Simpson's reciprocal"
43,"vegan","D1SP",0.956963217405478,"Simpson's reciprocal"
43,"abdiv","DBRI",3.44547121332826,"Brillouin"
43,"ecodive","DBRI",3.44547121332826,"Brillouin"
43,"tabula","DBRI",3.44547121332826,"Brillouin"
43,"wiqid","DBRI",31.3580562998903,"Brillouin"
43,"BiodiversityR","DFIS",33.31373851,"Fisher's alpha"
43,"ecodive","DFIS",33.314,"Fisher's alpha"
43,"microbiome","DFIS",33.31373851466,"Fisher's alpha"
43,"preseqR","DFIS",12.4962711848651,"Fisher's alpha"
43,"sads","DFIS",33.3137373539292,"Fisher's alpha"
43,"vegan","DFIS",33.31373851466,"Fisher's alpha"
43,"custom","DGLE",14.3123104922533,"Gleason"
43,"custom","DGOO_1_1",3.73625368207106,"Good m1 n1"
43,"custom","DGOO_1_2",0.339613702449092,"Good m1 n2"
43,"custom","DGOO_1_3",1,"Good m1 n3"
43,"custom","DGOO_2_1",0.115732598196651,"Good m2 n1"
43,"custom","DGOO_2_2",1.09406384156367,"Good m2 n2"
43,"custom","DGOO_2_3",1,"Good m2 n3"
43,"custom","DGOO_3_1",0.00847210714310022,"Good m3 n1"
43,"custom","DGOO_3_2",0.0507775952943906,"Good m3 n2"
43,"custom","DGOO_3_3",1,"Good m3 n3"
43,"abdiv","DINVSP",23.2359377191752,"Simpson inverse"
43,"adiv","DINVSP",23.2359377191752,"Simpson inverse"
43,"asbio","DINVSP",23.2359377191752,"Simpson inverse"
43,"BiodiversityR","DINVSP",23.23593772,"Simpson inverse"
43,"breakaway","DINVSP",23.2359377191752,"Simpson inverse"
43,"chemodiv","DINVSP",23.2359377191752,"Simpson inverse"
43,"codyn","DINVSP",6.6780487804878,"Simpson inverse"
43,"divseg","DINVSP",1.04303678259452,"Simpson inverse"
43,"ecodive","DINVSP",23.2359377191752,"Simpson inverse"
43,"microbiome","DINVSP",23.2359377191752,"Simpson inverse"
43,"sprex","DINVSP",23.2359377191752,"Simpson inverse"
43,"vegan","DINVSP",23.2359377191752,"Simpson inverse"
43,"wiqid","DINVSP",23.2359377191752,"Simpson inverse"
43,"custom","DKO",0.211009174311927,"Kothe"
43,"abdiv","DMC",0.833880854067634,"McIntosh"
43,"adiv","DMC",0.833880854067634,"McIntosh"
43,"agricolae","DMC",0.833880854067634,"McIntosh"
43,"ecodive","DMC",0.833880854067634,"McIntosh"
43,"forestHES","DMC",0.833880854067634,"McIntosh"
43,"tabula","DMC",0.833880854067634,"McIntosh"
43,"abdiv","DMG",14.1458882772271,"Margalef"
43,"adiv","DMG",14.1458882772271,"Margalef"
43,"agricolae","DMG",37.2785761658691,"Margalef"
43,"ecodive","DMG",14.1458882772271,"Margalef"
43,"tabula","DMG",14.1458882772271,"Margalef"
43,"abdiv","DMN",4.26286173503084,"Menhinick"
43,"adiv","DMN",4.26286173503084,"Menhinick"
43,"ecodive","DMN",4.26286173503084,"Menhinick"
43,"tabula","DMN",4.26286173503084,"Menhinick"
43,"custom","DOD",211.302211302211,"Odum"
43,"abdiv","DQ",0,"Q-statistic"
43,"ade4","DRAO",0.956963217405477,"Rao"
43,"BAT","DRAO",0.956963217405462,"Rao"
43,"SYNCSA","DRAO",0.956963217405478,"Rao"
43,"abdiv","DSHA",3.73625368207106,"Shannon"
43,"adiv","DSHA",3.73625368207106,"Shannon"
43,"aqp","DSHA",5.39027465862705,"Shannon"
43,"asbio","DSHA",3.73625368207106,"Shannon"
43,"benthos","DSHA",0,"Shannon"
43,"BiodiversityR","DSHA",3.73625368,"Shannon"
43,"biosampleR","DSHA",3.91372499062361,"Shannon"
43,"chemodiv","DSHA",3.73625368207106,"Shannon"
43,"codyn","DSHA",3.73625368207106,"Shannon"
43,"DescTools","DSHA",5.39027465862705,"Shannon"
43,"divDyn","DSHA",3.73625368207106,"Shannon"
43,"divent","DSHA",3.73625368207106,"Shannon"
43,"diverse","DSHA",3.91372499062361,"Shannon"
43,"ecodive","DSHA",3.73625368207107,"Shannon"
43,"EconGeo","DSHA",5.39,"Shannon"
43,"entropart","DSHA",3.73625368207106,"Shannon"
43,"forestmangr","DSHA",3.56,"Shannon"
43,"HardyWeinberg","DSHA",3.73625368207106,"Shannon"
43,"iNEXT","DSHA",3.736,"Shannon"
43,"MCPAN","DSHA",3.73625368207106,"Shannon"
43,"microbiome","DSHA",3.73625368207106,"Shannon"
43,"OTUtable","DSHA",3.73625368207106,"Shannon"
43,"pgirmess","DSHA",5.39027465862705,"Shannon"
43,"SpiecEasi","DSHA",3.73625368207106,"Shannon"
43,"sprex","DSHA",3.73625368207106,"Shannon"
43,"tabula","DSHA",3.73625368207106,"Shannon"
43,"triversity","DSHA",5.39027465862706,"Shannon"
43,"vegan","DSHA",3.73625368207106,"Shannon"
43,"wavethresh","DSHA",-47331.6800806865,"Shannon"
43,"wiqid","DSHA",41.9405727616014,"Shannon"
43,"abdiv","DSP",0.0430367825945222,"Simpson"
43,"agricolae","DSP",0.0430367825945222,"Simpson"
43,"antitrust","DSP",430.367825945221,"Simpson"
43,"benthos","DSP",0.0406797303349027,"Simpson"
43,"breakaway","DSP",0.0430367825945222,"Simpson"
43,"concstats","DSP",0.0430367825945222,"Simpson"
43,"DescTools","DSP",0.0430367825945222,"Simpson"
43,"diverse","DSP",0.0300215354170304,"Simpson"
43,"divseg","DSP",1.04303678259452,"Simpson"
43,"EconGeo","DSP",0.0430367825945221,"Simpson"
43,"hhi","DSP",0.149744338933528,"Simpson"
43,"ineq","DSP",0.0430367825945222,"Simpson"
43,"microbiome","DSP",0.0430367825945222,"Simpson"
43,"PDtoolkit","DSP",0.0430367825945222,"Simpson"
43,"politics","DSP",0.0430367825945222,"Simpson"
43,"REAT","DSP",0.0430367825945222,"Simpson"
43,"sprex","DSP",0.0430367825945222,"Simpson"
43,"tabula","DSP",0.0430367825945222,"Simpson"
43,"triversity","DSP",0.0430367825945222,"Simpson"
43,"abdiv","EBP",0.135135135135135,"Berger-Parker"
43,"agricolae","EBP",0.135135135135135,"Berger-Parker"
43,"BiodiversityR","EBP",0.13513514,"Berger-Parker"
43,"diverse","EBP",0.0987951807228916,"Berger-Parker"
43,"dyvDyn","EBP",0.135135135135135,"Berger-Parker"
43,"ecodive","EBP",0.135135135135135,"Berger-Parker"
43,"microbiome","EBP",0.135135135135135,"Berger-Parker"
43,"tabula","EBP",0.135135135135135,"Berger-Parker"
43,"triversity","EBP",0.135135135135135,"Berger-Parker"
43,"wiqid","EBP",1,"Berger-Parker"
43,"tabula","EBRI",0.840810655022191,"Brillouin evenness"
43,"BAT","EBU",0.517357999710941,"Bulla"
43,"microbiome","EBU",0.517357999710941,"Bulla"
43,"BAT","ECAM",0.985883831848264,"Camargo"
43,"microbiome","ECAM",0.779069767441861,"Camargo"
43,"codyn","EEQ",0.244981854810749,"NHC EQ"
43,"custom","EEQ",0.00087134307985869,"NHC EQ"
43,"adiv","EEVAR",0.494724591009994,"NHC EVAR"
43,"codyn","EEVAR",0.688326804054854,"NHC EVAR"
43,"custom","EEVAR",0.494724591009994,"NHC EVAR"
43,"microbiome","EEVAR",0.494724591009994,"NHC EVAR"
43,"acid","EGIN",0.847087087087087,"Gini coefficient"
43,"DescTools","EGIN",0.847087087087087,"Gini coefficient"
43,"dplR","EGIN",0.847087087087087,"Gini coefficient"
43,"EconGeo","EGIN",0.847,"Gini coefficient"
43,"giniVarCI","EGIN",0.847087087087087,"Gini coefficient"
43,"ineq","EGIN",0.847087087087087,"Gini coefficient"
43,"microbiome","EGIN",0.847087087087086,"Gini coefficient"
43,"REAT","EGIN",0.847087087087087,"Gini coefficient"
43,"shipunov","EGIN",0.847087087087086,"Gini coefficient"
43,"wINEQ","EGIN",0.847087087087087,"Gini coefficient"
43,"abdiv","EHEI",0.48165379719531,"Heip"
43,"adiv","EHEI",0.48165379719531,"Heip"
43,"custom","EHUL",0.223587223587224,"Hulburt"
43,"benthos","EHURE",0.959320269665097,"Hurlbert PIE"
43,"BiodiversityR","EHURE",0.95932027,"Hurlbert PIE"
43,"mobr","EHURE",0.959320269665097,"Hurlbert PIE"
43,"vegan","EHURE",0.959320269665332,"Hurlbert PIE"
43,"custom","ELR",0.18151852317586,"Ludwig-Reynolds"
43,"abdiv","EMC",0.262108129756064,"McIntosh evenness"
43,"tabula","EMC",0.888338969320943,"McIntosh evenness"
43,"microbiome","EMN",0.223587223587224,"McNaughton"
43,"custom","ENHC",-0.0374852951006212,"NHC"
43,"custom","EPAT",0.237604170261559,"Patten"
43,"abdiv","EPIE",0.838788139670559,"Pielou"
43,"adiv","EPIE",0.838788139670559,"Pielou"
43,"BiodiversityR","EPIE",0.83878814,"Pielou"
43,"breakaway","EPIE",0.838788139670559,"Pielou"
43,"chemodiv","EPIE",0.838788139670559,"Pielou"
43,"diverse","EPIE",0.867622896472267,"Pielou"
43,"forestmangr","EPIE",1,"Pielou"
43,"microbiome","EPIE",0.838788139670559,"Pielou"
43,"OTUtable","EPIE",0.838788139670559,"Pielou"
43,"pctax","EPIE",0.8388,"Pielou"
43,"sprex","EPIE",0.838788139670559,"Pielou"
43,"tabula","EPIE",0.838788139670559,"Pielou"
43,"custom","ESHE",0.487681078623272,"Sheldon"
43,"adiv","ESP",0.270185322315991,"Simpson evenness"
43,"codyn","ESP",0.55650406504065,"Simpson evenness"
43,"sprex","ESP",0.0434448102566403,"Simpson evenness"
43,"tabula","ESP",0.270185322315991,"Simpson evenness"
43,"abdiv","EST",0.477029884006628,"Strong"
43,"adiv","QHIL_0",86,"Hill q=0"
43,"adiv","QHIL_1",41.9405727616014,"Hill q=1"
43,"adiv","QHIL_2",23.2359377191752,"Hill q=2"
43,"adiv","QHIL_3",16.3882053012079,"Hill q=3"
43,"BAT","QHIL_0",86,"Hill q=0"
43,"BAT","QHIL_1",41.9405727616014,"Hill q=1"
43,"BAT","QHIL_2",23.2359377191752,"Hill q=2"
43,"BAT","QHIL_3",16.3882053012079,"Hill q=3"
43,"benthos","QHIL_0",225,"Hill q=0"
43,"benthos","QHIL_1",41.9405727616014,"Hill q=1"
43,"benthos","QHIL_2",23.2359377191752,"Hill q=2"
43,"benthos","QHIL_3",16.3882053012079,"Hill q=3"
43,"breakaway","QHIL_0",86,"Hill q=0"
43,"breakaway","QHIL_1",41.9405727616014,"Hill q=1"
43,"breakaway","QHIL_2",23.2359377191752,"Hill q=2"
43,"breakaway","QHIL_3",16.3882053012079,"Hill q=3"
43,"chemodiv","QHIL_0",86,"Hill q=0"
43,"chemodiv","QHIL_1",41.9405727616014,"Hill q=1"
43,"chemodiv","QHIL_2",23.2359377191752,"Hill q=2"
43,"chemodiv","QHIL_3",16.3882053012079,"Hill q=3"
43,"divDyn","QHIL_2",23.2359377191752,"Hill q=2"
43,"divent","QHIL_0",86,"Hill q=0"
43,"divent","QHIL_1",41.9405727616014,"Hill q=1"
43,"divent","QHIL_2",23.2359377191752,"Hill q=2"
43,"divent","QHIL_3",16.3882053012078,"Hill q=3"
43,"entropart","QHIL_0",86,"Hill q=0"
43,"entropart","QHIL_1",41.9405727616014,"Hill q=1"
43,"entropart","QHIL_2",23.2359377191752,"Hill q=2"
43,"entropart","QHIL_3",16.3882053012079,"Hill q=3"
43,"EntropyEstimation","QHIL_1",47.006037804113,"Hill q=1"
43,"EntropyEstimation","QHIL_2",24.582267182386,"Hill q=2"
43,"EntropyEstimation","QHIL_3",17.0410208459103,"Hill q=3"
43,"hilldiv","QHIL_0",86,"Hill q=0"
43,"hilldiv","QHIL_1",41.9408721090779,"Hill q=1"
43,"hilldiv","QHIL_2",23.2359377191752,"Hill q=2"
43,"hilldiv","QHIL_3",16.3882053012079,"Hill q=3"
43,"hillR","QHIL_0",86,"Hill q=0"
43,"hillR","QHIL_1",41.9405727616014,"Hill q=1"
43,"hillR","QHIL_2",23.2359377191752,"Hill q=2"
43,"hillR","QHIL_3",16.3882053012079,"Hill q=3"
43,"sprex","QHIL_0",86,"Hill q=0"
43,"sprex","QHIL_1",41.9405727616014,"Hill q=1"
43,"sprex","QHIL_2",23.2359377191752,"Hill q=2"
43,"sprex","QHIL_3",16.3882053012079,"Hill q=3"
43,"vegan","QHIL_0",86,"Hill q=0"
43,"vegan","QHIL_1",41.9405727616014,"Hill q=1"
43,"vegan","QHIL_2",23.2359377191752,"Hill q=2"
43,"vegan","QHIL_3",16.3882053012079,"Hill q=3"
43,"adiv","QREN_0",4.45434729625351,"Renyi q=0"
43,"adiv","QREN_1",3.73625368207106,"Renyi q=1"
43,"adiv","QREN_2",3.14570011976756,"Renyi q=2"
43,"adiv","QREN_3",2.79656188713898,"Renyi q=3"
43,"BiodiversityR","QREN_0",4.45434729625351,"Renyi q=0"
43,"BiodiversityR","QREN_1",3.73625368207106,"Renyi q=1"
43,"BiodiversityR","QREN_2",3.14570011976756,"Renyi q=2"
43,"BiodiversityR","QREN_3",2.79656188713898,"Renyi q=3"
43,"diverse","QREN_0",4.51085950651685,"Renyi q=0"
43,"diverse","QREN_1",3.91372499062361,"Renyi q=1"
43,"diverse","QREN_2",3.43086825289186,"Renyi q=2"
43,"diverse","QREN_3",3.14076707749681,"Renyi q=3"
43,"EntropyEstimation","QREN_1",3.85027605737657,"Renyi q=1"
43,"EntropyEstimation","QREN_2",3.20202533675927,"Renyi q=2"
43,"EntropyEstimation","QREN_3",2.83562342840426,"Renyi q=3"
43,"seewave","QREN_2",0.580805368156006,"Renyi q=2"
43,"seewave","QREN_3",0.51634233686459,"Renyi q=3"
43,"sprex","QREN_0",4.45434729625351,"Renyi q=0"
43,"sprex","QREN_1",3.73625368207106,"Renyi q=1"
43,"sprex","QREN_2",3.14570011976756,"Renyi q=2"
43,"sprex","QREN_3",2.79656188713898,"Renyi q=3"
43,"statcomp","QREN_1",0.689842027402292,"Renyi q=1"
43,"statcomp","QREN_2",0.580805355544595,"Renyi q=2"
43,"statcomp","QREN_3",0.516342327406032,"Renyi q=3"
43,"vegan","QREN_0",4.45434729625351,"Renyi q=0"
43,"vegan","QREN_1",3.73625368207106,"Renyi q=1"
43,"vegan","QREN_2",3.14570011976756,"Renyi q=2"
43,"vegan","QREN_3",2.79656188713898,"Renyi q=3"
43,"adiv","QTSA_0",85,"Tsallis q=0"
43,"adiv","QTSA_1",3.73625368207106,"Tsallis q=1"
43,"adiv","QTSA_2",0.956963217405478,"Tsallis q=2"
43,"adiv","QTSA_3",0.498138310657553,"Tsallis q=3"
43,"divent","QTSA_0",85,"Tsallis q=0"
43,"divent","QTSA_1",3.73625368207106,"Tsallis q=1"
43,"divent","QTSA_2",0.956963217405478,"Tsallis q=2"
43,"divent","QTSA_3",0.498138310657553,"Tsallis q=3"
43,"entropart","QTSA_0",85,"Tsallis q=0"
43,"entropart","QTSA_1",3.73625368207106,"Tsallis q=1"
43,"entropart","QTSA_2",0.956963217405478,"Tsallis q=2"
43,"entropart","QTSA_3",0.498138310657553,"Tsallis q=3"
43,"EntropyEstimation","QTSA_1",3.85027605737657,"Tsallis q=1"
43,"EntropyEstimation","QTSA_2",0.959320269665097,"Tsallis q=2"
43,"EntropyEstimation","QTSA_3",0.498278215519595,"Tsallis q=3"
43,"vegan","QTSA_0",85,"Tsallis q=0"
43,"vegan","QTSA_1",3.73625368207106,"Tsallis q=1"
43,"vegan","QTSA_2",0.956963217405478,"Tsallis q=2"
43,"vegan","QTSA_3",0.498138310657553,"Tsallis q=3"
43,"BAT","RACE",132.940235567835,"ACE"
43,"ecodive","RACE",132.940235567835,"ACE"
43,"fossil","RACE",102.521739130435,"ACE"
43,"pctax","RACE",132.9402,"ACE"
43,"sprex","RACE",407,"ACE"
43,"tabula","RACE",132.940235567835,"ACE"
43,"vegan","RACE",132.940235567835,"ACE"
43,"wiqid","RACE",132.940235567835,"ACE"
43,"BiodiversityR","RBOO",86,"Bootstrap estimator"
43,"wiqid","RBOO",225,"Bootstrap estimator"
43,"BAT","RC1",115.75,"Chao 1"
43,"BiodiversityR","RC1",86,"Chao 1"
43,"biosampleR","RC1",117.105263157895,"Chao 1"
43,"iNEXT","RC1",118.158,"Chao 1"
43,"microbiome","RC1",115.75,"Chao 1"
43,"pctax","RC1",115.75,"Chao 1"
43,"rareNMtests","RC1",86,"Chao 1"
43,"SpadeR","RC1",86,"Chao 1"
43,"SSP","RC1",86,"Chao 1"
43,"vegan","RC1",115.75,"Chao 1"
43,"wiqid","RC1",118.236842105263,"Chao 1"
43,"BAT","RC1M",134.921680638183,"Chao 1 modified"
43,"divent","RC1M",118.157636105005,"Chao 1 modified"
43,"ecodive","RC1M",118.236842105263,"Chao 1 modified"
43,"entropart","RC1M",118.157636105005,"Chao 1 modified"
43,"fossil","RC1M",118.236842105263,"Chao 1 modified"
43,"mobr","RC1M",118.157636105005,"Chao 1 modified"
43,"OTUtable","RC1M",118.236842105263,"Chao 1 modified"
43,"tabula","RC1M",118.157636105005,"Chao 1 modified"
43,"wiqid","RC1M",118.236842105263,"Chao 1 modified"
43,"BAT","RCA2",236.287455319278,"Chao 2"
43,"divDyn","RCA2",115.404069767442,"Chao 2"
43,"fossil","RCA2",118.236842105263,"Chao 2"
43,"tabula","RCA2",86,"Chao 2"
43,"wiqid","RCA2",86,"Chao 2"
43,"benthos","RHUR_2",1.95932026966533,"Hurlbert D k=2"
43,"benthos","RHUR_3",2.88140437795665,"Hurlbert D k=3"
43,"divent","RHUR_2",24.5822673979794,"Hurlbert D k=2"
43,"divent","RHUR_3",24.958198235764,"Hurlbert D k=3"
43,"entropart","RHUR_2",1.95932026966534,"Hurlbert D k=2"
43,"entropart","RHUR_3",2.88140437795664,"Hurlbert D k=3"
43,"mobsim","RHUR_2",1.95932026966533,"Hurlbert D k=2"
43,"mobsim","RHUR_3",2.88140437795665,"Hurlbert D k=3"
43,"tabula","RHUR_2",1.95932026965641,"Hurlbert D k=2"
43,"tabula","RHUR_3",2.88140437789968,"Hurlbert D k=3"
43,"vegan","RHUR_2",1.95932026966533,"Hurlbert D k=2"
43,"vegan","RHUR_3",2.88140437795665,"Hurlbert D k=3"
43,"BAT","RICE",237.814858467057,"ICE"
43,"fossil","RICE",102.521739130435,"ICE"
43,"tabula","RICE",86,"ICE"
43,"wiqid","RICE",86,"ICE"
43,"BAT","RJA1",121,"Jackknife 1"
43,"BiodiversityR","RJA1",86,"Jackknife 1"
43,"divent","RJA1",137,"Jackknife 1"
43,"entropart","RJA1",137,"Jackknife 1"
43,"fossil","RJA1",120.914004914005,"Jackknife 1"
43,"SSP","RJA1",86,"Jackknife 1"
43,"tabula","RJA1",3.71213308939683,"Jackknife 1"
43,"wiqid","RJA1",121,"Jackknife 1"
43,"BAT","RJA2",137,"Jackknife 2"
43,"BiodiversityR","RJA2",86,"Jackknife 2"
43,"fossil","RJA2",136.623963641205,"Jackknife 2"
43,"SSP","RJA2",86,"Jackknife 2"
43,"wiqid","RJA2",137,"Jackknife 2"
43,"asbio","RLMD",132.45798774558,NA
43,"sads","RLMD",0.911351496113755,NA
43,"vegan","RLMD",118.52238533607,NA
43,"wiqid","RMM",0,"Michaelis-Menten"
43,"divDyn","RSQ",139.695761779155,"Squares Richness Estimator"
43,"ecodive","RSQ",139.695761779155,"Squares Richness Estimator"
43,"tabula","RSQ",139.695761779155,"Squares Richness Estimator"
44,"custom","RICH",81,"Species richness"
44,"abdiv","D1SP",0.957873279093262,"Simpson's reciprocal"
44,"ade4","D1SP",0.957873279093262,"Simpson's reciprocal"
44,"adiv","D1SP",0.957873279093262,"Simpson's reciprocal"
44,"agricolae","D1SP",0.957873279093262,"Simpson's reciprocal"
44,"asbio","D1SP",0.957873279093262,"Simpson's reciprocal"
44,"BiodiversityR","D1SP",0.95787328,"Simpson's reciprocal"
44,"biosampleR","D1SP",0.960955196375782,"Simpson's reciprocal"
44,"breakaway","D1SP",0.957873279093262,"Simpson's reciprocal"
44,"catsim","D1SP",0.562488888888889,"Simpson's reciprocal"
44,"concstats","D1SP",0.995723780004048,"Simpson's reciprocal"
44,"CUB","D1SP",0.962149499089214,"Simpson's reciprocal"
44,"DescTools","D1SP",0.957873279093262,"Simpson's reciprocal"
44,"divent","D1SP",0.957873279093262,"Simpson's reciprocal"
44,"diverse","D1SP",0.960955196375782,"Simpson's reciprocal"
44,"ecodive","D1SP",0.957873279093262,"Simpson's reciprocal"
44,"entropart","D1SP",0.957873279093262,"Simpson's reciprocal"
44,"lawstat","D1SP",0.859020258470136,"Simpson's reciprocal"
44,"MCPAN","D1SP",0.957873279093262,"Simpson's reciprocal"
44,"microbiome","D1SP",0.957873279093262,"Simpson's reciprocal"
44,"PCRA","D1SP",0.957873279093262,"Simpson's reciprocal"
44,"RoughSets","D1SP",0.957873279093262,"Simpson's reciprocal"
44,"simboot","D1SP",0.957873279093262,"Simpson's reciprocal"
44,"sprex","D1SP",0.957873279093262,"Simpson's reciprocal"
44,"untb","D1SP",0.960221007718491,"Simpson's reciprocal"
44,"vegan","D1SP",0.957873279093262,"Simpson's reciprocal"
44,"abdiv","DBRI",3.42746516439659,"Brillouin"
44,"ecodive","DBRI",3.42746516439659,"Brillouin"
44,"tabula","DBRI",3.42746516439659,"Brillouin"
44,"wiqid","DBRI",30.7984746498177,"Brillouin"
44,"BiodiversityR","DFIS",30.28666321,"Fisher's alpha"
44,"ecodive","DFIS",30.287,"Fisher's alpha"
44,"microbiome","DFIS",30.2866632145084,"Fisher's alpha"
44,"preseqR","DFIS",9.02508474462478,"Fisher's alpha"
44,"sads","DFIS",30.2866605849592,"Fisher's alpha"
44,"vegan","DFIS",30.2866632145084,"Fisher's alpha"
44,"custom","DGLE",13.4692112775924,"Gleason"
44,"custom","DGOO_1_1",3.70501552915814,"Good m1 n1"
44,"custom","DGOO_1_2",0.344311464249789,"Good m1 n2"
44,"custom","DGOO_1_3",1,"Good m1 n3"
44,"custom","DGOO_2_1",0.115688653555067,"Good m2 n1"
44,"custom","DGOO_2_2",1.11388343816264,"Good m2 n2"
44,"custom","DGOO_2_3",1,"Good m2 n3"
44,"custom","DGOO_3_1",0.00799445680871661,"Good m3 n1"
44,"custom","DGOO_3_2",0.0503153219022197,"Good m3 n2"
44,"custom","DGOO_3_3",1,"Good m3 n3"
44,"abdiv","DINVSP",23.7379026536115,"Simpson inverse"
44,"adiv","DINVSP",23.7379026536115,"Simpson inverse"
44,"asbio","DINVSP",23.7379026536115,"Simpson inverse"
44,"BiodiversityR","DINVSP",23.73790265,"Simpson inverse"
44,"breakaway","DINVSP",23.7379026536115,"Simpson inverse"
44,"chemodiv","DINVSP",23.7379026536115,"Simpson inverse"
44,"codyn","DINVSP",5.6864064602961,"Simpson inverse"
44,"divseg","DINVSP",1.04212672090674,"Simpson inverse"
44,"ecodive","DINVSP",23.7379026536115,"Simpson inverse"
44,"microbiome","DINVSP",23.7379026536115,"Simpson inverse"
44,"sprex","DINVSP",23.7379026536115,"Simpson inverse"
44,"vegan","DINVSP",23.7379026536115,"Simpson inverse"
44,"wiqid","DINVSP",23.7379026536115,"Simpson inverse"
44,"custom","DKO",0.256880733944954,"Kothe"
44,"abdiv","DMC",0.836094250093617,"McIntosh"
44,"adiv","DMC",0.836094250093617,"McIntosh"
44,"agricolae","DMC",0.836094250093617,"McIntosh"
44,"ecodive","DMC",0.836094250093617,"McIntosh"
44,"forestHES","DMC",0.836094250093617,"McIntosh"
44,"tabula","DMC",0.836094250093617,"McIntosh"
44,"abdiv","DMG",13.3029247186098,"Margalef"
44,"adiv","DMG",13.3029247186098,"Margalef"
44,"agricolae","DMG",37.2481892121074,"Margalef"
44,"ecodive","DMG",13.3029247186098,"Margalef"
44,"tabula","DMG",13.3029247186098,"Margalef"
44,"abdiv","DMN",4.0051922291166,"Menhinick"
44,"adiv","DMN",4.0051922291166,"Menhinick"
44,"ecodive","DMN",4.0051922291166,"Menhinick"
44,"tabula","DMN",4.0051922291166,"Menhinick"
44,"custom","DOD",198.044009779951,"Odum"
44,"abdiv","DQ",0,"Q-statistic"
44,"ade4","DRAO",0.957873279093261,"Rao"
44,"BAT","DRAO",0.957873279093209,"Rao"
44,"SYNCSA","DRAO",0.957873279093261,"Rao"
44,"abdiv","DSHA",3.70501552915814,"Shannon"
44,"adiv","DSHA",3.70501552915814,"Shannon"
44,"aqp","DSHA",5.34520753033305,"Shannon"
44,"asbio","DSHA",3.70501552915814,"Shannon"
44,"benthos","DSHA",0,"Shannon"
44,"BiodiversityR","DSHA",3.70501553,"Shannon"
44,"biosampleR","DSHA",3.77885116513345,"Shannon"
44,"chemodiv","DSHA",3.70501552915814,"Shannon"
44,"codyn","DSHA",3.70501552915814,"Shannon"
44,"DescTools","DSHA",5.34520753033305,"Shannon"
44,"divDyn","DSHA",3.70501552915814,"Shannon"
44,"divent","DSHA",3.70501552915814,"Shannon"
44,"diverse","DSHA",3.77885116513345,"Shannon"
44,"ecodive","DSHA",3.70501552915814,"Shannon"
44,"EconGeo","DSHA",5.345,"Shannon"
44,"entropart","DSHA",3.70501552915814,"Shannon"
44,"forestmangr","DSHA",3.56,"Shannon"
44,"HardyWeinberg","DSHA",3.70501552915814,"Shannon"
44,"iNEXT","DSHA",3.705,"Shannon"
44,"MCPAN","DSHA",3.70501552915814,"Shannon"
44,"microbiome","DSHA",3.70501552915814,"Shannon"
44,"OTUtable","DSHA",3.70501552915814,"Shannon"
44,"pgirmess","DSHA",5.34520753033305,"Shannon"
44,"SpiecEasi","DSHA",3.70501552915814,"Shannon"
44,"sprex","DSHA",3.70501552915814,"Shannon"
44,"tabula","DSHA",3.70501552915814,"Shannon"
44,"triversity","DSHA",5.34520753033305,"Shannon"
44,"vegan","DSHA",3.70501552915814,"Shannon"
44,"wavethresh","DSHA",-46052.274098577,"Shannon"
44,"wiqid","DSHA",40.6506785827936,"Shannon"
44,"abdiv","DSP",0.0421267209067378,"Simpson"
44,"agricolae","DSP",0.0421267209067378,"Simpson"
44,"antitrust","DSP",421.267209067378,"Simpson"
44,"benthos","DSP",0.0397789922815092,"Simpson"
44,"breakaway","DSP",0.0421267209067378,"Simpson"
44,"concstats","DSP",0.0421267209067378,"Simpson"
44,"DescTools","DSP",0.0421267209067378,"Simpson"
44,"diverse","DSP",0.0367890402524436,"Simpson"
44,"divseg","DSP",1.04212672090674,"Simpson"
44,"EconGeo","DSP",0.0421267209067378,"Simpson"
44,"hhi","DSP",0.17585798816568,"Simpson"
44,"ineq","DSP",0.0421267209067378,"Simpson"
44,"microbiome","DSP",0.0421267209067378,"Simpson"
44,"PDtoolkit","DSP",0.0421267209067378,"Simpson"
44,"politics","DSP",0.0421267209067378,"Simpson"
44,"REAT","DSP",0.0421267209067378,"Simpson"
44,"sprex","DSP",0.0421267209067378,"Simpson"
44,"tabula","DSP",0.0421267209067378,"Simpson"
44,"triversity","DSP",0.0421267209067378,"Simpson"
44,"abdiv","EBP",0.134474327628362,"Berger-Parker"
44,"agricolae","EBP",0.134474327628362,"Berger-Parker"
44,"BiodiversityR","EBP",0.13447433,"Berger-Parker"
44,"diverse","EBP",0.100702576112412,"Berger-Parker"
44,"dyvDyn","EBP",0.134474327628362,"Berger-Parker"
44,"ecodive","EBP",0.134474327628362,"Berger-Parker"
44,"microbiome","EBP",0.134474327628362,"Berger-Parker"
44,"tabula","EBP",0.134474327628362,"Berger-Parker"
44,"triversity","EBP",0.134474327628362,"Berger-Parker"
44,"wiqid","EBP",1,"Berger-Parker"
44,"tabula","EBRI",0.844690750489199,"Brillouin evenness"
44,"BAT","EBU",0.53221271393643,"Bulla"
44,"microbiome","EBU",0.53221271393643,"Bulla"
44,"BAT","ECAM",0.985055389537867,"Camargo"
44,"microbiome","ECAM",0.730025053578436,"Camargo"
44,"codyn","EEQ",0.196704123723514,"NHC EQ"
44,"custom","EEQ",0.00102995557112143,"NHC EQ"
44,"adiv","EEVAR",0.473773369576989,"NHC EVAR"
44,"codyn","EEVAR",0.493165216569056,"NHC EVAR"
44,"custom","EEVAR",0.473773369576989,"NHC EVAR"
44,"microbiome","EEVAR",0.473773369576989,"NHC EVAR"
44,"acid","EGIN",0.855202390654713,"Gini coefficient"
44,"DescTools","EGIN",0.855202390654713,"Gini coefficient"
44,"dplR","EGIN",0.855202390654713,"Gini coefficient"
44,"EconGeo","EGIN",0.855,"Gini coefficient"
44,"giniVarCI","EGIN",0.855202390654713,"Gini coefficient"
44,"ineq","EGIN",0.855202390654713,"Gini coefficient"
44,"microbiome","EGIN",0.855202390654712,"Gini coefficient"
44,"REAT","EGIN",0.855202390654713,"Gini coefficient"
44,"shipunov","EGIN",0.855202390654712,"Gini coefficient"
44,"wINEQ","EGIN",0.855202390654713,"Gini coefficient"
44,"abdiv","EHEI",0.49563348228492,"Heip"
44,"adiv","EHEI",0.49563348228492,"Heip"
44,"custom","EHUL",0.198044009779951,"Hulburt"
44,"benthos","EHURE",0.960221007718491,"Hurlbert PIE"
44,"BiodiversityR","EHURE",0.96022101,"Hurlbert PIE"
44,"mobr","EHURE",0.960221007718491,"Hurlbert PIE"
44,"vegan","EHURE",0.960221007718095,"Hurlbert PIE"
44,"custom","ELR",0.186931861503475,"Ludwig-Reynolds"
44,"abdiv","EMC",0.255062026215507,"McIntosh evenness"
44,"tabula","EMC",0.894096056448596,"McIntosh evenness"
44,"microbiome","EMN",0.198044009779951,"McNaughton"
44,"custom","ENHC",-0.0417374110136095,"NHC"
44,"custom","EPAT",0.259365831865057,"Patten"
44,"abdiv","EPIE",0.843112617475333,"Pielou"
44,"adiv","EPIE",0.843112617475333,"Pielou"
44,"BiodiversityR","EPIE",0.84311262,"Pielou"
44,"breakaway","EPIE",0.843112617475333,"Pielou"
44,"chemodiv","EPIE",0.843112617475333,"Pielou"
44,"diverse","EPIE",0.837723090172534,"Pielou"
44,"forestmangr","EPIE",1,"Pielou"
44,"microbiome","EPIE",0.843112617475333,"Pielou"
44,"OTUtable","EPIE",0.843112617475333,"Pielou"
44,"pctax","EPIE",0.8431,"Pielou"
44,"sprex","EPIE",0.843112617475333,"Pielou"
44,"tabula","EPIE",0.843112617475333,"Pielou"
44,"custom","ESHE",0.501860229417205,"Sheldon"
44,"adiv","ESP",0.293060526587796,"Simpson evenness"
44,"codyn","ESP",0.437415881561238,"Simpson evenness"
44,"sprex","ESP",0.0457409324587425,"Simpson evenness"
44,"tabula","ESP",0.293060526587796,"Simpson evenness"
44,"abdiv","EST",0.462012134383773,"Strong"
44,"adiv","QHIL_0",81,"Hill q=0"
44,"adiv","QHIL_1",40.6506785827936,"Hill q=1"
44,"adiv","QHIL_2",23.7379026536115,"Hill q=2"
44,"adiv","QHIL_3",17.0275421743482,"Hill q=3"
44,"BAT","QHIL_0",81,"Hill q=0"
44,"BAT","QHIL_1",40.6506785827936,"Hill q=1"
44,"BAT","QHIL_2",23.7379026536115,"Hill q=2"
44,"BAT","QHIL_3",17.0275421743482,"Hill q=3"
44,"benthos","QHIL_0",225,"Hill q=0"
44,"benthos","QHIL_1",40.6506785827936,"Hill q=1"
44,"benthos","QHIL_2",23.7379026536115,"Hill q=2"
44,"benthos","QHIL_3",17.0275421743482,"Hill q=3"
44,"breakaway","QHIL_0",81,"Hill q=0"
44,"breakaway","QHIL_1",40.6506785827936,"Hill q=1"
44,"breakaway","QHIL_2",23.7379026536115,"Hill q=2"
44,"breakaway","QHIL_3",17.0275421743482,"Hill q=3"
44,"chemodiv","QHIL_0",81,"Hill q=0"
44,"chemodiv","QHIL_1",40.6506785827936,"Hill q=1"
44,"chemodiv","QHIL_2",23.7379026536115,"Hill q=2"
44,"chemodiv","QHIL_3",17.0275421743482,"Hill q=3"
44,"divDyn","QHIL_2",23.7379026536115,"Hill q=2"
44,"divent","QHIL_0",81,"Hill q=0"
44,"divent","QHIL_1",40.6506785827936,"Hill q=1"
44,"divent","QHIL_2",23.7379026536115,"Hill q=2"
44,"divent","QHIL_3",17.0275421743482,"Hill q=3"
44,"entropart","QHIL_0",81,"Hill q=0"
44,"entropart","QHIL_1",40.6506785827936,"Hill q=1"
44,"entropart","QHIL_2",23.7379026536115,"Hill q=2"
44,"entropart","QHIL_3",17.0275421743482,"Hill q=3"
44,"EntropyEstimation","QHIL_1",45.2222625217173,"Hill q=1"
44,"EntropyEstimation","QHIL_2",25.1388972582095,"Hill q=2"
44,"EntropyEstimation","QHIL_3",17.7464788178785,"Hill q=3"
44,"hilldiv","QHIL_0",81,"Hill q=0"
44,"hilldiv","QHIL_1",40.6509450880018,"Hill q=1"
44,"hilldiv","QHIL_2",23.7379026536115,"Hill q=2"
44,"hilldiv","QHIL_3",17.0275421743482,"Hill q=3"
44,"hillR","QHIL_0",81,"Hill q=0"
44,"hillR","QHIL_1",40.6506785827936,"Hill q=1"
44,"hillR","QHIL_2",23.7379026536115,"Hill q=2"
44,"hillR","QHIL_3",17.0275421743482,"Hill q=3"
44,"sprex","QHIL_0",81,"Hill q=0"
44,"sprex","QHIL_1",40.6506785827936,"Hill q=1"
44,"sprex","QHIL_2",23.7379026536115,"Hill q=2"
44,"sprex","QHIL_3",17.0275421743482,"Hill q=3"
44,"vegan","QHIL_0",81,"Hill q=0"
44,"vegan","QHIL_1",40.6506785827936,"Hill q=1"
44,"vegan","QHIL_2",23.7379026536115,"Hill q=2"
44,"vegan","QHIL_3",17.0275421743482,"Hill q=3"
44,"adiv","QREN_0",4.39444915467244,"Renyi q=0"
44,"adiv","QREN_1",3.70501552915814,"Renyi q=1"
44,"adiv","QREN_2",3.16707303875858,"Renyi q=2"
44,"adiv","QREN_3",2.83483216096763,"Renyi q=3"
44,"BiodiversityR","QREN_0",4.39444915467244,"Renyi q=0"
44,"BiodiversityR","QREN_1",3.70501552915814,"Renyi q=1"
44,"BiodiversityR","QREN_2",3.16707303875858,"Renyi q=2"
44,"BiodiversityR","QREN_3",2.83483216096763,"Renyi q=3"
44,"diverse","QREN_0",4.51085950651685,"Renyi q=0"
44,"diverse","QREN_1",3.77885116513345,"Renyi q=1"
44,"diverse","QREN_2",3.24304548135338,"Renyi q=2"
44,"diverse","QREN_3",2.9679747510274,"Renyi q=3"
44,"EntropyEstimation","QREN_1",3.81158949924961,"Renyi q=1"
44,"EntropyEstimation","QREN_2",3.22441633816701,"Renyi q=2"
44,"EntropyEstimation","QREN_3",2.87618711978467,"Renyi q=3"
44,"seewave","QREN_2",0.584751550743998,"Renyi q=2"
44,"seewave","QREN_3",0.52340835716885,"Renyi q=3"
44,"sprex","QREN_0",4.39444915467244,"Renyi q=0"
44,"sprex","QREN_1",3.70501552915814,"Renyi q=1"
44,"sprex","QREN_2",3.16707303875858,"Renyi q=2"
44,"sprex","QREN_3",2.83483216096763,"Renyi q=3"
44,"statcomp","QREN_1",0.6840743808313,"Renyi q=1"
44,"statcomp","QREN_2",0.584751537742828,"Renyi q=2"
44,"statcomp","QREN_3",0.523408347417972,"Renyi q=3"
44,"vegan","QREN_0",4.39444915467244,"Renyi q=0"
44,"vegan","QREN_1",3.70501552915814,"Renyi q=1"
44,"vegan","QREN_2",3.16707303875858,"Renyi q=2"
44,"vegan","QREN_3",2.83483216096763,"Renyi q=3"
44,"adiv","QTSA_0",80,"Tsallis q=0"
44,"adiv","QTSA_1",3.70501552915814,"Tsallis q=1"
44,"adiv","QTSA_2",0.957873279093262,"Tsallis q=2"
44,"adiv","QTSA_3",0.49827548857844,"Tsallis q=3"
44,"divent","QTSA_0",80,"Tsallis q=0"
44,"divent","QTSA_1",3.70501552915814,"Tsallis q=1"
44,"divent","QTSA_2",0.957873279093262,"Tsallis q=2"
44,"divent","QTSA_3",0.49827548857844,"Tsallis q=3"
44,"entropart","QTSA_0",80,"Tsallis q=0"
44,"entropart","QTSA_1",3.70501552915814,"Tsallis q=1"
44,"entropart","QTSA_2",0.957873279093262,"Tsallis q=2"
44,"entropart","QTSA_3",0.49827548857844,"Tsallis q=3"
44,"EntropyEstimation","QTSA_1",3.81158949924961,"Tsallis q=1"
44,"EntropyEstimation","QTSA_2",0.96022100771849,"Tsallis q=2"
44,"EntropyEstimation","QTSA_3",0.498412383462002,"Tsallis q=3"
44,"vegan","QTSA_0",80,"Tsallis q=0"
44,"vegan","QTSA_1",3.70501552915814,"Tsallis q=1"
44,"vegan","QTSA_2",0.957873279093262,"Tsallis q=2"
44,"vegan","QTSA_3",0.49827548857844,"Tsallis q=3"
44,"BAT","RACE",122.48597368138,"ACE"
44,"ecodive","RACE",122.48597368138,"ACE"
44,"fossil","RACE",95.6586826347305,"ACE"
44,"pctax","RACE",122.486,"ACE"
44,"sprex","RACE",409,"ACE"
44,"tabula","RACE",122.48597368138,"ACE"
44,"vegan","RACE",122.48597368138,"ACE"
44,"wiqid","RACE",122.48597368138,"ACE"
44,"BiodiversityR","RBOO",81,"Bootstrap estimator"
44,"wiqid","RBOO",225,"Bootstrap estimator"
44,"BAT","RC1",127.75,"Chao 1"
44,"BiodiversityR","RC1",81,"Chao 1"
44,"biosampleR","RC1",128.05,"Chao 1"
44,"iNEXT","RC1",133.417,"Chao 1"
44,"microbiome","RC1",127.75,"Chao 1"
44,"pctax","RC1",127.75,"Chao 1"
44,"rareNMtests","RC1",81,"Chao 1"
44,"SpadeR","RC1",81,"Chao 1"
44,"SSP","RC1",81,"Chao 1"
44,"vegan","RC1",127.75,"Chao 1"
44,"wiqid","RC1",133.545454545455,"Chao 1"
44,"BAT","RC1M",150.258611492151,"Chao 1 modified"
44,"divent","RC1M",133.416981551456,"Chao 1 modified"
44,"ecodive","RC1M",133.545454545455,"Chao 1 modified"
44,"entropart","RC1M",133.416981551456,"Chao 1 modified"
44,"fossil","RC1M",133.545454545455,"Chao 1 modified"
44,"mobr","RC1M",133.416981551456,"Chao 1 modified"
44,"OTUtable","RC1M",133.545454545455,"Chao 1 modified"
44,"tabula","RC1M",133.416981551456,"Chao 1 modified"
44,"wiqid","RC1M",133.545454545455,"Chao 1 modified"
44,"BAT","RCA2",236.560622129004,"Chao 2"
44,"divDyn","RCA2",127.172839506173,"Chao 2"
44,"fossil","RCA2",133.545454545455,"Chao 2"
44,"tabula","RCA2",81,"Chao 2"
44,"wiqid","RCA2",81,"Chao 2"
44,"benthos","RHUR_2",1.96022100771809,"Hurlbert D k=2"
44,"benthos","RHUR_3",2.88383825623145,"Hurlbert D k=3"
44,"divent","RHUR_2",25.1388975971039,"Hurlbert D k=2"
44,"divent","RHUR_3",25.4883081815061,"Hurlbert D k=3"
44,"entropart","RHUR_2",1.9602210077181,"Hurlbert D k=2"
44,"entropart","RHUR_3",2.88383825623146,"Hurlbert D k=3"
44,"mobsim","RHUR_2",1.96022100771809,"Hurlbert D k=2"
44,"mobsim","RHUR_3",2.88383825623145,"Hurlbert D k=3"
44,"tabula","RHUR_2",1.96022100775914,"Hurlbert D k=2"
44,"tabula","RHUR_3",2.88383825622267,"Hurlbert D k=3"
44,"vegan","RHUR_2",1.96022100771809,"Hurlbert D k=2"
44,"vegan","RHUR_3",2.88383825623145,"Hurlbert D k=3"
44,"BAT","RICE",238.070126041214,"ICE"
44,"fossil","RICE",95.6586826347305,"ICE"
44,"tabula","RICE",81,"ICE"
44,"wiqid","RICE",81,"ICE"
44,"BAT","RJA1",115,"Jackknife 1"
44,"BiodiversityR","RJA1",81,"Jackknife 1"
44,"divent","RJA1",156,"Jackknife 1"
44,"entropart","RJA1",156,"Jackknife 1"
44,"fossil","RJA1",114.916870415648,"Jackknife 1"
44,"SSP","RJA1",81,"Jackknife 1"
44,"tabula","RJA1",3.68010854354178,"Jackknife 1"
44,"wiqid","RJA1",115,"Jackknife 1"
44,"BAT","RJA2",138,"Jackknife 2"
44,"BiodiversityR","RJA2",81,"Jackknife 2"
44,"fossil","RJA2",137.581841171677,"Jackknife 2"
44,"SSP","RJA2",81,"Jackknife 2"
44,"wiqid","RJA2",138,"Jackknife 2"
44,"asbio","RLMD",139.270714361506,NA
44,"sads","RLMD",0.96991655876459,NA
44,"vegan","RLMD",111.86104065458,NA
44,"wiqid","RMM",0,"Michaelis-Menten"
44,"divDyn","RSQ",130.513648215794,"Squares Richness Estimator"
44,"ecodive","RSQ",130.513648215794,"Squares Richness Estimator"
44,"tabula","RSQ",130.513648215794,"Squares Richness Estimator"
45,"custom","RICH",81,"Species richness"
45,"abdiv","D1SP",0.952885317750183,"Simpson's reciprocal"
45,"ade4","D1SP",0.952885317750183,"Simpson's reciprocal"
45,"adiv","D1SP",0.952885317750183,"Simpson's reciprocal"
45,"agricolae","D1SP",0.952885317750183,"Simpson's reciprocal"
45,"asbio","D1SP",0.952885317750183,"Simpson's reciprocal"
45,"BiodiversityR","D1SP",0.95288532,"Simpson's reciprocal"
45,"biosampleR","D1SP",0.967826683658465,"Simpson's reciprocal"
45,"breakaway","D1SP",0.952885317750183,"Simpson's reciprocal"
45,"catsim","D1SP",0.561422222222222,"Simpson's reciprocal"
45,"concstats","D1SP",0.995746047688615,"Simpson's reciprocal"
45,"CUB","D1SP",0.957139270061567,"Simpson's reciprocal"
45,"DescTools","D1SP",0.952885317750183,"Simpson's reciprocal"
45,"divent","D1SP",0.952885317750183,"Simpson's reciprocal"
45,"diverse","D1SP",0.967826683658465,"Simpson's reciprocal"
45,"ecodive","D1SP",0.952885317750183,"Simpson's reciprocal"
45,"entropart","D1SP",0.952885317750183,"Simpson's reciprocal"
45,"lawstat","D1SP",0.87067648005148,"Simpson's reciprocal"
45,"MCPAN","D1SP",0.952885317750183,"Simpson's reciprocal"
45,"microbiome","D1SP",0.952885317750183,"Simpson's reciprocal"
45,"PCRA","D1SP",0.952885317750183,"Simpson's reciprocal"
45,"RoughSets","D1SP",0.952885317750183,"Simpson's reciprocal"
45,"simboot","D1SP",0.952885317750183,"Simpson's reciprocal"
45,"sprex","D1SP",0.952885317750183,"Simpson's reciprocal"
45,"untb","D1SP",0.955036300408761,"Simpson's reciprocal"
45,"vegan","D1SP",0.952885317750183,"Simpson's reciprocal"
45,"abdiv","DBRI",3.35393515858668,"Brillouin"
45,"ecodive","DBRI",3.35393515858668,"Brillouin"
45,"tabula","DBRI",3.35393515858668,"Brillouin"
45,"wiqid","DBRI",28.6151173997343,"Brillouin"
45,"BiodiversityR","DFIS",29.02041163,"Fisher's alpha"
45,"ecodive","DFIS",29.02,"Fisher's alpha"
45,"microbiome","DFIS",29.0204116289656,"Fisher's alpha"
45,"preseqR","DFIS",14.470922283107,"Fisher's alpha"
45,"sads","DFIS",29.0204076088467,"Fisher's alpha"
45,"vegan","DFIS",29.0204116289656,"Fisher's alpha"
45,"custom","DGLE",13.2877839856469,"Gleason"
45,"custom","DGOO_1_1",3.60951768660385,"Good m1 n1"
45,"custom","DGOO_1_2",0.358320425243625,"Good m1 n2"
45,"custom","DGOO_1_3",1,"Good m1 n3"
45,"custom","DGOO_2_1",0.125389729448137,"Good m2 n1"
45,"custom","DGOO_2_2",1.11281820310292,"Good m2 n2"
45,"custom","DGOO_2_3",1,"Good m2 n3"
45,"custom","DGOO_3_1",0.00929298667467278,"Good m3 n1"
45,"custom","DGOO_3_2",0.056823724641074,"Good m3 n2"
45,"custom","DGOO_3_3",1,"Good m3 n3"
45,"abdiv","DINVSP",21.2248062015504,"Simpson inverse"
45,"adiv","DINVSP",21.2248062015504,"Simpson inverse"
45,"asbio","DINVSP",21.2248062015504,"Simpson inverse"
45,"BiodiversityR","DINVSP",21.2248062,"Simpson inverse"
45,"breakaway","DINVSP",21.2248062015504,"Simpson inverse"
45,"chemodiv","DINVSP",21.2248062015504,"Simpson inverse"
45,"codyn","DINVSP",2.41588296760711,"Simpson inverse"
45,"divseg","DINVSP",1.04711468224982,"Simpson inverse"
45,"ecodive","DINVSP",21.2248062015504,"Simpson inverse"
45,"microbiome","DINVSP",21.2248062015504,"Simpson inverse"
45,"sprex","DINVSP",21.2248062015504,"Simpson inverse"
45,"vegan","DINVSP",21.2248062015504,"Simpson inverse"
45,"wiqid","DINVSP",21.2248062015504,"Simpson inverse"
45,"custom","DKO",0.256880733944954,"Kothe"
45,"abdiv","DMC",0.821948795965021,"McIntosh"
45,"adiv","DMC",0.821948795965021,"McIntosh"
45,"agricolae","DMC",0.821948795965021,"McIntosh"
45,"ecodive","DMC",0.821948795965021,"McIntosh"
45,"forestHES","DMC",0.821948795965021,"McIntosh"
45,"tabula","DMC",0.821948795965021,"McIntosh"
45,"abdiv","DMG",13.1237372697747,"Margalef"
45,"adiv","DMG",13.1237372697747,"Margalef"
45,"agricolae","DMG",36.7464643553692,"Margalef"
45,"ecodive","DMG",13.1237372697747,"Margalef"
45,"tabula","DMG",13.1237372697747,"Margalef"
45,"abdiv","DMN",3.84408988279762,"Menhinick"
45,"adiv","DMN",3.84408988279762,"Menhinick"
45,"ecodive","DMN",3.84408988279762,"Menhinick"
45,"tabula","DMN",3.84408988279762,"Menhinick"
45,"custom","DOD",182.432432432432,"Odum"
45,"abdiv","DQ",0,"Q-statistic"
45,"ade4","DRAO",0.952885317750181,"Rao"
45,"BAT","DRAO",0.952885317750147,"Rao"
45,"SYNCSA","DRAO",0.952885317750182,"Rao"
45,"abdiv","DSHA",3.60951768660385,"Shannon"
45,"adiv","DSHA",3.60951768660385,"Shannon"
45,"aqp","DSHA",5.20743326646437,"Shannon"
45,"asbio","DSHA",3.60951768660385,"Shannon"
45,"benthos","DSHA",0,"Shannon"
45,"BiodiversityR","DSHA",3.60951769,"Shannon"
45,"biosampleR","DSHA",3.96994030027638,"Shannon"
45,"chemodiv","DSHA",3.60951768660385,"Shannon"
45,"codyn","DSHA",3.60951768660385,"Shannon"
45,"DescTools","DSHA",5.20743326646437,"Shannon"
45,"divDyn","DSHA",3.60951768660385,"Shannon"
45,"divent","DSHA",3.60951768660385,"Shannon"
45,"diverse","DSHA",3.96994030027638,"Shannon"
45,"ecodive","DSHA",3.60951768660385,"Shannon"
45,"EconGeo","DSHA",5.207,"Shannon"
45,"entropart","DSHA",3.60951768660385,"Shannon"
45,"forestmangr","DSHA",3.56,"Shannon"
45,"HardyWeinberg","DSHA",3.60951768660385,"Shannon"
45,"iNEXT","DSHA",3.61,"Shannon"
45,"MCPAN","DSHA",3.60951768660385,"Shannon"
45,"microbiome","DSHA",3.60951768660385,"Shannon"
45,"OTUtable","DSHA",3.60951768660385,"Shannon"
45,"pgirmess","DSHA",5.20743326646437,"Shannon"
45,"SpiecEasi","DSHA",3.60951768660385,"Shannon"
45,"sprex","DSHA",3.60951768660385,"Shannon"
45,"tabula","DSHA",3.60951768660385,"Shannon"
45,"triversity","DSHA",5.20743326646437,"Shannon"
45,"vegan","DSHA",3.60951768660385,"Shannon"
45,"wavethresh","DSHA",-63798.3776627651,"Shannon"
45,"wiqid","DSHA",36.9482278912922,"Shannon"
45,"abdiv","DSP",0.0471146822498174,"Simpson"
45,"agricolae","DSP",0.0471146822498174,"Simpson"
45,"antitrust","DSP",471.146822498174,"Simpson"
45,"benthos","DSP",0.0449636995912391,"Simpson"
45,"breakaway","DSP",0.0471146822498174,"Simpson"
45,"concstats","DSP",0.0471146822498174,"Simpson"
45,"DescTools","DSP",0.0471146822498174,"Simpson"
45,"diverse","DSP",0.0302530253025303,"Simpson"
45,"divseg","DSP",1.04711468224982,"Simpson"
45,"EconGeo","DSP",0.0471146822498174,"Simpson"
45,"hhi","DSP",0.413927335640138,"Simpson"
45,"ineq","DSP",0.0471146822498174,"Simpson"
45,"microbiome","DSP",0.0471146822498174,"Simpson"
45,"PDtoolkit","DSP",0.0471146822498174,"Simpson"
45,"politics","DSP",0.0471146822498174,"Simpson"
45,"REAT","DSP",0.0471146822498174,"Simpson"
45,"sprex","DSP",0.0471146822498174,"Simpson"
45,"tabula","DSP",0.0471146822498174,"Simpson"
45,"triversity","DSP",0.0471146822498174,"Simpson"
45,"abdiv","EBP",0.128378378378378,"Berger-Parker"
45,"agricolae","EBP",0.128378378378378,"Berger-Parker"
45,"BiodiversityR","EBP",0.12837838,"Berger-Parker"
45,"diverse","EBP",0.108910891089109,"Berger-Parker"
45,"dyvDyn","EBP",0.128378378378378,"Berger-Parker"
45,"ecodive","EBP",0.128378378378378,"Berger-Parker"
45,"microbiome","EBP",0.128378378378378,"Berger-Parker"
45,"tabula","EBP",0.128378378378378,"Berger-Parker"
45,"triversity","EBP",0.128378378378378,"Berger-Parker"
45,"wiqid","EBP",1,"Berger-Parker"
45,"tabula","EBRI",0.823257378469338,"Brillouin evenness"
45,"BAT","EBU",0.491722972972973,"Bulla"
45,"microbiome","EBU",0.491722972972973,"Bulla"
45,"BAT","ECAM",0.984249527305083,"Camargo"
45,"microbiome","ECAM",0.779891002113224,"Camargo"
45,"codyn","EEQ",0.159914202166077,"NHC EQ"
45,"custom","EEQ",0.0010572919411679,"NHC EQ"
45,"adiv","EEVAR",0.44881706347686,"NHC EVAR"
45,"codyn","EEVAR",0.372909109809318,"NHC EVAR"
45,"custom","EEVAR",0.44881706347686,"NHC EVAR"
45,"microbiome","EEVAR",0.44881706347686,"NHC EVAR"
45,"acid","EGIN",0.866806806806807,"Gini coefficient"
45,"DescTools","EGIN",0.866806806806807,"Gini coefficient"
45,"dplR","EGIN",0.866806806806807,"Gini coefficient"
45,"EconGeo","EGIN",0.867,"Gini coefficient"
45,"giniVarCI","EGIN",0.866806806806807,"Gini coefficient"
45,"ineq","EGIN",0.866806806806807,"Gini coefficient"
45,"microbiome","EGIN",0.866806806806807,"Gini coefficient"
45,"REAT","EGIN",0.866806806806807,"Gini coefficient"
45,"shipunov","EGIN",0.866806806806807,"Gini coefficient"
45,"wINEQ","EGIN",0.866806806806807,"Gini coefficient"
45,"abdiv","EHEI",0.449352848641153,"Heip"
45,"adiv","EHEI",0.449352848641153,"Heip"
45,"custom","EHUL",0.222972972972973,"Hulburt"
45,"benthos","EHURE",0.955036300408761,"Hurlbert PIE"
45,"BiodiversityR","EHURE",0.9550363,"Hurlbert PIE"
45,"mobr","EHURE",0.955036300408761,"Hurlbert PIE"
45,"vegan","EHURE",0.955036300408568,"Hurlbert PIE"
45,"custom","ELR",0.169906167861546,"Ludwig-Reynolds"
45,"abdiv","EMC",0.26468458405606,"McIntosh evenness"
45,"tabula","EMC",0.880808436422498,"McIntosh evenness"
45,"microbiome","EMN",0.222972972972973,"McNaughton"
45,"custom","ENHC",-0.0428465143245347,"NHC"
45,"custom","EPAT",0.325893188310362,"Patten"
45,"abdiv","EPIE",0.821381146887544,"Pielou"
45,"adiv","EPIE",0.821381146887544,"Pielou"
45,"BiodiversityR","EPIE",0.82138115,"Pielou"
45,"breakaway","EPIE",0.821381146887544,"Pielou"
45,"chemodiv","EPIE",0.821381146887544,"Pielou"
45,"diverse","EPIE",0.860202953701745,"Pielou"
45,"forestmangr","EPIE",1,"Pielou"
45,"microbiome","EPIE",0.821381146887544,"Pielou"
45,"OTUtable","EPIE",0.821381146887544,"Pielou"
45,"pctax","EPIE",0.8214,"Pielou"
45,"sprex","EPIE",0.821381146887544,"Pielou"
45,"tabula","EPIE",0.821381146887544,"Pielou"
45,"custom","ESHE",0.456150961620892,"Sheldon"
45,"adiv","ESP",0.262034644463585,"Simpson evenness"
45,"codyn","ESP",0.268431440845234,"Simpson evenness"
45,"sprex","ESP",0.0445619467481956,"Simpson evenness"
45,"tabula","ESP",0.262034644463585,"Simpson evenness"
45,"abdiv","EST",0.502002002002002,"Strong"
45,"adiv","QHIL_0",81,"Hill q=0"
45,"adiv","QHIL_1",36.9482278912922,"Hill q=1"
45,"adiv","QHIL_2",21.2248062015504,"Hill q=2"
45,"adiv","QHIL_3",15.8793285431674,"Hill q=3"
45,"BAT","QHIL_0",81,"Hill q=0"
45,"BAT","QHIL_1",36.9482278912922,"Hill q=1"
45,"BAT","QHIL_2",21.2248062015504,"Hill q=2"
45,"BAT","QHIL_3",15.8793285431674,"Hill q=3"
45,"benthos","QHIL_0",225,"Hill q=0"
45,"benthos","QHIL_1",36.9482278912922,"Hill q=1"
45,"benthos","QHIL_2",21.2248062015504,"Hill q=2"
45,"benthos","QHIL_3",15.8793285431674,"Hill q=3"
45,"breakaway","QHIL_0",81,"Hill q=0"
45,"breakaway","QHIL_1",36.9482278912922,"Hill q=1"
45,"breakaway","QHIL_2",21.2248062015504,"Hill q=2"
45,"breakaway","QHIL_3",15.8793285431674,"Hill q=3"
45,"chemodiv","QHIL_0",81,"Hill q=0"
45,"chemodiv","QHIL_1",36.9482278912922,"Hill q=1"
45,"chemodiv","QHIL_2",21.2248062015504,"Hill q=2"
45,"chemodiv","QHIL_3",15.8793285431674,"Hill q=3"
45,"divDyn","QHIL_2",21.2248062015504,"Hill q=2"
45,"divent","QHIL_0",81,"Hill q=0"
45,"divent","QHIL_1",36.9482278912922,"Hill q=1"
45,"divent","QHIL_2",21.2248062015504,"Hill q=2"
45,"divent","QHIL_3",15.8793285431673,"Hill q=3"
45,"entropart","QHIL_0",81,"Hill q=0"
45,"entropart","QHIL_1",36.9482278912922,"Hill q=1"
45,"entropart","QHIL_2",21.2248062015504,"Hill q=2"
45,"entropart","QHIL_3",15.8793285431674,"Hill q=3"
45,"EntropyEstimation","QHIL_1",40.7642061081692,"Hill q=1"
45,"EntropyEstimation","QHIL_2",22.240162822252,"Hill q=2"
45,"EntropyEstimation","QHIL_3",16.4789329358958,"Hill q=3"
45,"hilldiv","QHIL_0",81,"Hill q=0"
45,"hilldiv","QHIL_1",36.9484965831862,"Hill q=1"
45,"hilldiv","QHIL_2",21.2248062015504,"Hill q=2"
45,"hilldiv","QHIL_3",15.8793285431674,"Hill q=3"
45,"hillR","QHIL_0",81,"Hill q=0"
45,"hillR","QHIL_1",36.9482278912922,"Hill q=1"
45,"hillR","QHIL_2",21.2248062015504,"Hill q=2"
45,"hillR","QHIL_3",15.8793285431674,"Hill q=3"
45,"sprex","QHIL_0",81,"Hill q=0"
45,"sprex","QHIL_1",36.9482278912922,"Hill q=1"
45,"sprex","QHIL_2",21.2248062015504,"Hill q=2"
45,"sprex","QHIL_3",15.8793285431674,"Hill q=3"
45,"vegan","QHIL_0",81,"Hill q=0"
45,"vegan","QHIL_1",36.9482278912922,"Hill q=1"
45,"vegan","QHIL_2",21.2248062015504,"Hill q=2"
45,"vegan","QHIL_3",15.8793285431674,"Hill q=3"
45,"adiv","QREN_0",4.39444915467244,"Renyi q=0"
45,"adiv","QREN_1",3.60951768660385,"Renyi q=1"
45,"adiv","QREN_2",3.05517060148672,"Renyi q=2"
45,"adiv","QREN_3",2.76501817174917,"Renyi q=3"
45,"BiodiversityR","QREN_0",4.39444915467244,"Renyi q=0"
45,"BiodiversityR","QREN_1",3.60951768660385,"Renyi q=1"
45,"BiodiversityR","QREN_2",3.05517060148672,"Renyi q=2"
45,"BiodiversityR","QREN_3",2.76501817174917,"Renyi q=3"
45,"diverse","QREN_0",4.61512051684126,"Renyi q=0"
45,"diverse","QREN_1",3.96994030027638,"Renyi q=1"
45,"diverse","QREN_2",3.43661785502653,"Renyi q=2"
45,"diverse","QREN_3",3.09849585303051,"Renyi q=3"
45,"EntropyEstimation","QREN_1",3.70780439508577,"Renyi q=1"
45,"EntropyEstimation","QREN_2",3.10189979050001,"Renyi q=2"
45,"EntropyEstimation","QREN_3",2.80208277334957,"Renyi q=3"
45,"seewave","QREN_2",0.564090478291003,"Renyi q=2"
45,"seewave","QREN_3",0.510518272385133,"Renyi q=3"
45,"sprex","QREN_0",4.39444915467244,"Renyi q=0"
45,"sprex","QREN_1",3.60951768660385,"Renyi q=1"
45,"sprex","QREN_2",3.05517060148672,"Renyi q=2"
45,"sprex","QREN_3",2.76501817174917,"Renyi q=3"
45,"statcomp","QREN_1",0.666442166606573,"Renyi q=1"
45,"statcomp","QREN_2",0.564090466314699,"Renyi q=2"
45,"statcomp","QREN_3",0.510518263402905,"Renyi q=3"
45,"vegan","QREN_0",4.39444915467244,"Renyi q=0"
45,"vegan","QREN_1",3.60951768660385,"Renyi q=1"
45,"vegan","QREN_2",3.05517060148672,"Renyi q=2"
45,"vegan","QREN_3",2.76501817174917,"Renyi q=3"
45,"adiv","QTSA_0",80,"Tsallis q=0"
45,"adiv","QTSA_1",3.60951768660385,"Tsallis q=1"
45,"adiv","QTSA_2",0.952885317750183,"Tsallis q=2"
45,"adiv","QTSA_3",0.498017077523104,"Tsallis q=3"
45,"divent","QTSA_0",80,"Tsallis q=0"
45,"divent","QTSA_1",3.60951768660385,"Tsallis q=1"
45,"divent","QTSA_2",0.952885317750183,"Tsallis q=2"
45,"divent","QTSA_3",0.498017077523104,"Tsallis q=3"
45,"entropart","QTSA_0",80,"Tsallis q=0"
45,"entropart","QTSA_1",3.60951768660385,"Tsallis q=1"
45,"entropart","QTSA_2",0.952885317750183,"Tsallis q=2"
45,"entropart","QTSA_3",0.498017077523104,"Tsallis q=3"
45,"EntropyEstimation","QTSA_1",3.70780439508577,"Tsallis q=1"
45,"EntropyEstimation","QTSA_2",0.95503630040876,"Tsallis q=2"
45,"EntropyEstimation","QTSA_3",0.498158753934879,"Tsallis q=3"
45,"vegan","QTSA_0",80,"Tsallis q=0"
45,"vegan","QTSA_1",3.60951768660385,"Tsallis q=1"
45,"vegan","QTSA_2",0.952885317750183,"Tsallis q=2"
45,"vegan","QTSA_3",0.498017077523104,"Tsallis q=3"
45,"BAT","RACE",129.701000701179,"ACE"
45,"ecodive","RACE",129.701000701179,"ACE"
45,"fossil","RACE",95.9937888198758,"ACE"
45,"pctax","RACE",129.701,"ACE"
45,"sprex","RACE",NA,"ACE"
45,"tabula","RACE",129.701000701179,"ACE"
45,"vegan","RACE",129.701000701179,"ACE"
45,"wiqid","RACE",129.701000701179,"ACE"
45,"BiodiversityR","RBOO",81,"Bootstrap estimator"
45,"wiqid","RBOO",225,"Bootstrap estimator"
45,"BAT","RC1",118.4,"Chao 1"
45,"BiodiversityR","RC1",81,"Chao 1"
45,"biosampleR","RC1",136,"Chao 1"
45,"iNEXT","RC1",122.193,"Chao 1"
45,"microbiome","RC1",118.4,"Chao 1"
45,"pctax","RC1",118.4,"Chao 1"
45,"rareNMtests","RC1",81,"Chao 1"
45,"SpadeR","RC1",81,"Chao 1"
45,"SSP","RC1",81,"Chao 1"
45,"vegan","RC1",118.4,"Chao 1"
45,"wiqid","RC1",122.285714285714,"Chao 1"
45,"BAT","RC1M",139.261210181375,"Chao 1 modified"
45,"divent","RC1M",122.192728442728,"Chao 1 modified"
45,"ecodive","RC1M",122.285714285714,"Chao 1 modified"
45,"entropart","RC1M",122.192728442728,"Chao 1 modified"
45,"fossil","RC1M",122.285714285714,"Chao 1 modified"
45,"mobr","RC1M",122.192728442728,"Chao 1 modified"
45,"OTUtable","RC1M",122.285714285714,"Chao 1 modified"
45,"tabula","RC1M",122.192728442728,"Chao 1 modified"
45,"wiqid","RC1M",122.285714285714,"Chao 1 modified"
45,"BAT","RCA2",236.572283233531,"Chao 2"
45,"divDyn","RCA2",117.938271604938,"Chao 2"
45,"fossil","RCA2",122.285714285714,"Chao 2"
45,"tabula","RCA2",81,"Chao 2"
45,"wiqid","RCA2",81,"Chao 2"
45,"benthos","RHUR_2",1.95503630040857,"Hurlbert D k=2"
45,"benthos","RHUR_3",2.86879139335647,"Hurlbert D k=3"
45,"divent","RHUR_2",22.2401466044001,"Hurlbert D k=2"
45,"divent","RHUR_3",22.5260138065646,"Hurlbert D k=3"
45,"entropart","RHUR_2",1.95503630040858,"Hurlbert D k=2"
45,"entropart","RHUR_3",2.86879139335647,"Hurlbert D k=3"
45,"mobsim","RHUR_2",1.95503630040857,"Hurlbert D k=2"
45,"mobsim","RHUR_3",2.86879139335647,"Hurlbert D k=3"
45,"tabula","RHUR_2",1.95503630042445,"Hurlbert D k=2"
45,"tabula","RHUR_3",2.86879139335603,"Hurlbert D k=3"
45,"vegan","RHUR_2",1.95503630040857,"Hurlbert D k=2"
45,"vegan","RHUR_3",2.86879139335647,"Hurlbert D k=3"
45,"BAT","RICE",238.679029574078,"ICE"
45,"fossil","RICE",95.9937888198758,"ICE"
45,"tabula","RICE",81,"ICE"
45,"wiqid","RICE",81,"ICE"
45,"BAT","RJA1",115,"Jackknife 1"
45,"BiodiversityR","RJA1",81,"Jackknife 1"
45,"divent","RJA1",135,"Jackknife 1"
45,"entropart","RJA1",135,"Jackknife 1"
45,"fossil","RJA1",114.923423423423,"Jackknife 1"
45,"SSP","RJA1",81,"Jackknife 1"
45,"tabula","RJA1",3.58217326128519,"Jackknife 1"
45,"wiqid","RJA1",115,"Jackknife 1"
45,"BAT","RJA2",135,"Jackknife 2"
45,"BiodiversityR","RJA2",81,"Jackknife 2"
45,"fossil","RJA2",134.635063957863,"Jackknife 2"
45,"SSP","RJA2",81,"Jackknife 2"
45,"wiqid","RJA2",135,"Jackknife 2"
45,"asbio","RLMD",130.187613508943,NA
45,"sads","RLMD",0.968666827027551,NA
45,"vegan","RLMD",127.425781801459,NA
45,"wiqid","RMM",0,"Michaelis-Menten"
45,"divDyn","RSQ",136.236225576442,"Squares Richness Estimator"
45,"ecodive","RSQ",136.236225576442,"Squares Richness Estimator"
45,"tabula","RSQ",136.236225576442,"Squares Richness Estimator"
46,"custom","RICH",86,"Species richness"
46,"abdiv","D1SP",0.964672796106003,"Simpson's reciprocal"
46,"ade4","D1SP",0.964672796106003,"Simpson's reciprocal"
46,"adiv","D1SP",0.964672796106003,"Simpson's reciprocal"
46,"agricolae","D1SP",0.964672796106003,"Simpson's reciprocal"
46,"asbio","D1SP",0.964672796106003,"Simpson's reciprocal"
46,"BiodiversityR","D1SP",0.9646728,"Simpson's reciprocal"
46,"biosampleR","D1SP",0.967978395061728,"Simpson's reciprocal"
46,"breakaway","D1SP",0.964672796106003,"Simpson's reciprocal"
46,"catsim","D1SP",0.591407407407407,"Simpson's reciprocal"
46,"concstats","D1SP",0.995693425017384,"Simpson's reciprocal"
46,"CUB","D1SP",0.968979371088619,"Simpson's reciprocal"
46,"DescTools","D1SP",0.964672796106003,"Simpson's reciprocal"
46,"divent","D1SP",0.964672796106003,"Simpson's reciprocal"
46,"diverse","D1SP",0.967978395061728,"Simpson's reciprocal"
46,"ecodive","D1SP",0.964672796106003,"Simpson's reciprocal"
46,"entropart","D1SP",0.964672796106003,"Simpson's reciprocal"
46,"lawstat","D1SP",0.843272425249169,"Simpson's reciprocal"
46,"MCPAN","D1SP",0.964672796106003,"Simpson's reciprocal"
46,"microbiome","D1SP",0.964672796106003,"Simpson's reciprocal"
46,"PCRA","D1SP",0.964672796106003,"Simpson's reciprocal"
46,"RoughSets","D1SP",0.964672796106003,"Simpson's reciprocal"
46,"simboot","D1SP",0.964672796106003,"Simpson's reciprocal"
46,"sprex","D1SP",0.964672796106003,"Simpson's reciprocal"
46,"untb","D1SP",0.966921450642381,"Simpson's reciprocal"
46,"vegan","D1SP",0.964672796106003,"Simpson's reciprocal"
46,"abdiv","DBRI",3.52609424520612,"Brillouin"
46,"ecodive","DBRI",3.52609424520612,"Brillouin"
46,"tabula","DBRI",3.52609424520612,"Brillouin"
46,"wiqid","DBRI",33.9909477053319,"Brillouin"
46,"BiodiversityR","DFIS",32.32597944,"Fisher's alpha"
46,"ecodive","DFIS",32.326,"Fisher's alpha"
46,"microbiome","DFIS",32.3259794386303,"Fisher's alpha"
46,"preseqR","DFIS",12.5802272895751,"Fisher's alpha"
46,"sads","DFIS",32.3259770818966,"Fisher's alpha"
46,"vegan","DFIS",32.3259794386303,"Fisher's alpha"
46,"custom","DGLE",14.1825604041495,"Gleason"
46,"custom","DGOO_1_1",3.81048858416173,"Good m1 n1"
46,"custom","DGOO_1_2",0.335933185958441,"Good m1 n2"
46,"custom","DGOO_1_3",1,"Good m1 n3"
46,"custom","DGOO_2_1",0.106501942422535,"Good m2 n1"
46,"custom","DGOO_2_2",1.12118298328395,"Good m2 n2"
46,"custom","DGOO_2_3",1,"Good m2 n3"
46,"custom","DGOO_3_1",0.00555127936745819,"Good m3 n1"
46,"custom","DGOO_3_2",0.0451091755452297,"Good m3 n2"
46,"custom","DGOO_3_3",1,"Good m3 n3"
46,"abdiv","DINVSP",28.3067973055726,"Simpson inverse"
46,"adiv","DINVSP",28.3067973055726,"Simpson inverse"
46,"asbio","DINVSP",28.3067973055726,"Simpson inverse"
46,"BiodiversityR","DINVSP",28.30679731,"Simpson inverse"
46,"breakaway","DINVSP",28.3067973055726,"Simpson inverse"
46,"chemodiv","DINVSP",28.3067973055726,"Simpson inverse"
46,"codyn","DINVSP",3.92925026399155,"Simpson inverse"
46,"divseg","DINVSP",1.035327203894,"Simpson inverse"
46,"ecodive","DINVSP",28.3067973055725,"Simpson inverse"
46,"microbiome","DINVSP",28.3067973055726,"Simpson inverse"
46,"sprex","DINVSP",28.3067973055726,"Simpson inverse"
46,"vegan","DINVSP",28.3067973055726,"Simpson inverse"
46,"wiqid","DINVSP",28.3067973055726,"Simpson inverse"
46,"custom","DKO",0.211009174311927,"Kothe"
46,"abdiv","DMC",0.853189108138378,"McIntosh"
46,"adiv","DMC",0.853189108138378,"McIntosh"
46,"agricolae","DMC",0.853189108138378,"McIntosh"
46,"ecodive","DMC",0.853189108138378,"McIntosh"
46,"forestHES","DMC",0.853189108138378,"McIntosh"
46,"tabula","DMC",0.853189108138378,"McIntosh"
46,"abdiv","DMG",14.0176469110779,"Margalef"
46,"adiv","DMG",14.0176469110779,"Margalef"
46,"agricolae","DMG",36.9406224480172,"Margalef"
46,"ecodive","DMG",14.0176469110779,"Margalef"
46,"tabula","DMG",14.0176469110779,"Margalef"
46,"abdiv","DMN",4.14728827066554,"Menhinick"
46,"adiv","DMN",4.14728827066554,"Menhinick"
46,"ecodive","DMN",4.14728827066554,"Menhinick"
46,"tabula","DMN",4.14728827066554,"Menhinick"
46,"custom","DOD",200,"Odum"
46,"abdiv","DQ",0,"Q-statistic"
46,"ade4","DRAO",0.964672796106003,"Rao"
46,"BAT","DRAO",0.964672796105978,"Rao"
46,"SYNCSA","DRAO",0.964672796106004,"Rao"
46,"abdiv","DSHA",3.81048858416173,"Shannon"
46,"adiv","DSHA",3.81048858416173,"Shannon"
46,"aqp","DSHA",5.49737298373414,"Shannon"
46,"asbio","DSHA",3.81048858416173,"Shannon"
46,"benthos","DSHA",0,"Shannon"
46,"BiodiversityR","DSHA",3.81048858,"Shannon"
46,"biosampleR","DSHA",3.90661620707035,"Shannon"
46,"chemodiv","DSHA",3.81048858416173,"Shannon"
46,"codyn","DSHA",3.81048858416173,"Shannon"
46,"DescTools","DSHA",5.49737298373414,"Shannon"
46,"divDyn","DSHA",3.81048858416173,"Shannon"
46,"divent","DSHA",3.81048858416173,"Shannon"
46,"diverse","DSHA",3.90661620707035,"Shannon"
46,"ecodive","DSHA",3.81048858416173,"Shannon"
46,"EconGeo","DSHA",5.497,"Shannon"
46,"entropart","DSHA",3.81048858416173,"Shannon"
46,"forestmangr","DSHA",3.56,"Shannon"
46,"HardyWeinberg","DSHA",3.81048858416173,"Shannon"
46,"iNEXT","DSHA",3.81,"Shannon"
46,"MCPAN","DSHA",3.81048858416173,"Shannon"
46,"microbiome","DSHA",3.81048858416173,"Shannon"
46,"OTUtable","DSHA",3.81048858416173,"Shannon"
46,"pgirmess","DSHA",5.49737298373414,"Shannon"
46,"SpiecEasi","DSHA",3.81048858416173,"Shannon"
46,"sprex","DSHA",3.81048858416173,"Shannon"
46,"tabula","DSHA",3.81048858416173,"Shannon"
46,"triversity","DSHA",5.49737298373414,"Shannon"
46,"vegan","DSHA",3.81048858416173,"Shannon"
46,"wavethresh","DSHA",-39832.8716584415,"Shannon"
46,"wiqid","DSHA",45.1725040455537,"Shannon"
46,"abdiv","DSP",0.0353272038939968,"Simpson"
46,"agricolae","DSP",0.0353272038939968,"Simpson"
46,"antitrust","DSP",353.272038939968,"Simpson"
46,"benthos","DSP",0.0330785493576191,"Simpson"
46,"breakaway","DSP",0.0353272038939968,"Simpson"
46,"concstats","DSP",0.0353272038939968,"Simpson"
46,"DescTools","DSP",0.0353272038939968,"Simpson"
46,"diverse","DSP",0.0297757153905646,"Simpson"
46,"divseg","DSP",1.035327203894,"Simpson"
46,"EconGeo","DSP",0.0353272038939968,"Simpson"
46,"hhi","DSP",0.254501478097286,"Simpson"
46,"ineq","DSP",0.0353272038939968,"Simpson"
46,"microbiome","DSP",0.0353272038939968,"Simpson"
46,"PDtoolkit","DSP",0.0353272038939968,"Simpson"
46,"politics","DSP",0.0353272038939968,"Simpson"
46,"REAT","DSP",0.0353272038939968,"Simpson"
46,"sprex","DSP",0.0353272038939968,"Simpson"
46,"tabula","DSP",0.0353272038939968,"Simpson"
46,"triversity","DSP",0.0353272038939968,"Simpson"
46,"abdiv","EBP",0.0837209302325581,"Berger-Parker"
46,"agricolae","EBP",0.0837209302325581,"Berger-Parker"
46,"BiodiversityR","EBP",0.08372093,"Berger-Parker"
46,"diverse","EBP",0.099537037037037,"Berger-Parker"
46,"dyvDyn","EBP",0.0837209302325581,"Berger-Parker"
46,"ecodive","EBP",0.0837209302325581,"Berger-Parker"
46,"microbiome","EBP",0.0837209302325581,"Berger-Parker"
46,"tabula","EBP",0.0837209302325581,"Berger-Parker"
46,"triversity","EBP",0.0837209302325581,"Berger-Parker"
46,"wiqid","EBP",1,"Berger-Parker"
46,"tabula","EBRI",0.856789069682897,"Brillouin evenness"
46,"BAT","EBU",0.536470588235294,"Bulla"
46,"microbiome","EBU",0.536470588235294,"Bulla"
46,"BAT","ECAM",0.986349378042185,"Camargo"
46,"microbiome","ECAM",0.648323418063818,"Camargo"
46,"codyn","EEQ",0.207474630296101,"NHC EQ"
46,"custom","EEQ",0.00086458338889394,"NHC EQ"
46,"adiv","EEVAR",0.508653696416664,"NHC EVAR"
46,"codyn","EEVAR",0.548436113200961,"NHC EVAR"
46,"custom","EEVAR",0.508653696416664,"NHC EVAR"
46,"microbiome","EEVAR",0.508653696416664,"NHC EVAR"
46,"acid","EGIN",0.839524547803618,"Gini coefficient"
46,"DescTools","EGIN",0.839524547803617,"Gini coefficient"
46,"dplR","EGIN",0.839524547803618,"Gini coefficient"
46,"EconGeo","EGIN",0.84,"Gini coefficient"
46,"giniVarCI","EGIN",0.839524547803618,"Gini coefficient"
46,"ineq","EGIN",0.839524547803618,"Gini coefficient"
46,"microbiome","EGIN",0.839524547803617,"Gini coefficient"
46,"REAT","EGIN",0.839524547803618,"Gini coefficient"
46,"shipunov","EGIN",0.839524547803617,"Gini coefficient"
46,"wINEQ","EGIN",0.839524547803618,"Gini coefficient"
46,"abdiv","EHEI",0.519676518182984,"Heip"
46,"adiv","EHEI",0.519676518182984,"Heip"
46,"custom","EHUL",0.16046511627907,"Hulburt"
46,"benthos","EHURE",0.966921450642381,"Hurlbert PIE"
46,"BiodiversityR","EHURE",0.96692145,"Hurlbert PIE"
46,"mobr","EHURE",0.966921450642381,"Hurlbert PIE"
46,"vegan","EHURE",0.966921450642564,"Hurlbert PIE"
46,"custom","ELR",0.195506300524624,"Ludwig-Reynolds"
46,"abdiv","EMC",0.234179554629701,"McIntosh evenness"
46,"tabula","EMC",0.910193348750049,"McIntosh evenness"
46,"microbiome","EMN",0.16046511627907,"McNaughton"
46,"custom","ENHC",-0.0371942231228217,"NHC"
46,"custom","EPAT",0.185889370639146,"Patten"
46,"abdiv","EPIE",0.855453859057349,"Pielou"
46,"adiv","EPIE",0.855453859057349,"Pielou"
46,"BiodiversityR","EPIE",0.85545386,"Pielou"
46,"breakaway","EPIE",0.855453859057349,"Pielou"
46,"chemodiv","EPIE",0.855453859057349,"Pielou"
46,"diverse","EPIE",0.861893095335582,"Pielou"
46,"forestmangr","EPIE",1,"Pielou"
46,"microbiome","EPIE",0.855453859057349,"Pielou"
46,"OTUtable","EPIE",0.855453859057349,"Pielou"
46,"pctax","EPIE",0.8555,"Pielou"
46,"sprex","EPIE",0.855453859057349,"Pielou"
46,"tabula","EPIE",0.855453859057349,"Pielou"
46,"custom","ESHE",0.525261674948299,"Sheldon"
46,"adiv","ESP",0.329148805878751,"Simpson evenness"
46,"codyn","ESP",0.261950017599437,"Simpson evenness"
46,"sprex","ESP",0.0443080067925783,"Simpson evenness"
46,"tabula","ESP",0.329148805878751,"Simpson evenness"
46,"abdiv","EST",0.458139534883721,"Strong"
46,"adiv","QHIL_0",86,"Hill q=0"
46,"adiv","QHIL_1",45.1725040455537,"Hill q=1"
46,"adiv","QHIL_2",28.3067973055726,"Hill q=2"
46,"adiv","QHIL_3",22.3319081324236,"Hill q=3"
46,"BAT","QHIL_0",86,"Hill q=0"
46,"BAT","QHIL_1",45.1725040455537,"Hill q=1"
46,"BAT","QHIL_2",28.3067973055726,"Hill q=2"
46,"BAT","QHIL_3",22.3319081324236,"Hill q=3"
46,"benthos","QHIL_0",225,"Hill q=0"
46,"benthos","QHIL_1",45.1725040455537,"Hill q=1"
46,"benthos","QHIL_2",28.3067973055726,"Hill q=2"
46,"benthos","QHIL_3",22.3319081324236,"Hill q=3"
46,"breakaway","QHIL_0",86,"Hill q=0"
46,"breakaway","QHIL_1",45.1725040455537,"Hill q=1"
46,"breakaway","QHIL_2",28.3067973055726,"Hill q=2"
46,"breakaway","QHIL_3",22.3319081324236,"Hill q=3"
46,"chemodiv","QHIL_0",86,"Hill q=0"
46,"chemodiv","QHIL_1",45.1725040455537,"Hill q=1"
46,"chemodiv","QHIL_2",28.3067973055726,"Hill q=2"
46,"chemodiv","QHIL_3",22.3319081324236,"Hill q=3"
46,"divDyn","QHIL_2",28.3067973055726,"Hill q=2"
46,"divent","QHIL_0",86,"Hill q=0"
46,"divent","QHIL_1",45.1725040455537,"Hill q=1"
46,"divent","QHIL_2",28.3067973055725,"Hill q=2"
46,"divent","QHIL_3",22.3319081324232,"Hill q=3"
46,"entropart","QHIL_0",86,"Hill q=0"
46,"entropart","QHIL_1",45.1725040455537,"Hill q=1"
46,"entropart","QHIL_2",28.3067973055725,"Hill q=2"
46,"entropart","QHIL_3",22.3319081324235,"Hill q=3"
46,"EntropyEstimation","QHIL_1",50.2774727734983,"Hill q=1"
46,"EntropyEstimation","QHIL_2",30.2310717797454,"Hill q=2"
46,"EntropyEstimation","QHIL_3",23.6895183307854,"Hill q=3"
46,"hilldiv","QHIL_0",86,"Hill q=0"
46,"hilldiv","QHIL_1",45.1727792931293,"Hill q=1"
46,"hilldiv","QHIL_2",28.3067973055726,"Hill q=2"
46,"hilldiv","QHIL_3",22.3319081324236,"Hill q=3"
46,"hillR","QHIL_0",86,"Hill q=0"
46,"hillR","QHIL_1",45.1725040455537,"Hill q=1"
46,"hillR","QHIL_2",28.3067973055726,"Hill q=2"
46,"hillR","QHIL_3",22.3319081324236,"Hill q=3"
46,"sprex","QHIL_0",86,"Hill q=0"
46,"sprex","QHIL_1",45.1725040455537,"Hill q=1"
46,"sprex","QHIL_2",28.3067973055726,"Hill q=2"
46,"sprex","QHIL_3",22.3319081324236,"Hill q=3"
46,"vegan","QHIL_0",86,"Hill q=0"
46,"vegan","QHIL_1",45.1725040455537,"Hill q=1"
46,"vegan","QHIL_2",28.3067973055726,"Hill q=2"
46,"vegan","QHIL_3",22.3319081324236,"Hill q=3"
46,"adiv","QREN_0",4.45434729625351,"Renyi q=0"
46,"adiv","QREN_1",3.81048858416173,"Renyi q=1"
46,"adiv","QREN_2",3.34310196328486,"Renyi q=2"
46,"adiv","QREN_3",3.10601651372049,"Renyi q=3"
46,"BiodiversityR","QREN_0",4.45434729625351,"Renyi q=0"
46,"BiodiversityR","QREN_1",3.81048858416173,"Renyi q=1"
46,"BiodiversityR","QREN_2",3.34310196328486,"Renyi q=2"
46,"BiodiversityR","QREN_3",3.10601651372049,"Renyi q=3"
46,"diverse","QREN_0",4.53259949315326,"Renyi q=0"
46,"diverse","QREN_1",3.90661620707035,"Renyi q=1"
46,"diverse","QREN_2",3.44134444967557,"Renyi q=2"
46,"diverse","QREN_3",3.15636873762219,"Renyi q=3"
46,"EntropyEstimation","QREN_1",3.9175571194019,"Renyi q=1"
46,"EntropyEstimation","QREN_2",3.40887026233904,"Renyi q=2"
46,"EntropyEstimation","QREN_3",3.16503268578946,"Renyi q=3"
46,"seewave","QREN_2",0.617252594980576,"Renyi q=2"
46,"seewave","QREN_3",0.573478394334173,"Renyi q=3"
46,"sprex","QREN_0",4.45434729625351,"Renyi q=0"
46,"sprex","QREN_1",3.81048858416173,"Renyi q=1"
46,"sprex","QREN_2",3.34310196328486,"Renyi q=2"
46,"sprex","QREN_3",3.10601651372049,"Renyi q=3"
46,"statcomp","QREN_1",0.703548365279716,"Renyi q=1"
46,"statcomp","QREN_2",0.61725258304373,"Renyi q=2"
46,"statcomp","QREN_3",0.573478385381537,"Renyi q=3"
46,"vegan","QREN_0",4.45434729625351,"Renyi q=0"
46,"vegan","QREN_1",3.81048858416173,"Renyi q=1"
46,"vegan","QREN_2",3.34310196328486,"Renyi q=2"
46,"vegan","QREN_3",3.10601651372049,"Renyi q=3"
46,"adiv","QTSA_0",85,"Tsallis q=0"
46,"adiv","QTSA_1",3.81048858416173,"Tsallis q=1"
46,"adiv","QTSA_2",0.964672796106003,"Tsallis q=2"
46,"adiv","QTSA_3",0.498997421610676,"Tsallis q=3"
46,"divent","QTSA_0",85,"Tsallis q=0"
46,"divent","QTSA_1",3.81048858416173,"Tsallis q=1"
46,"divent","QTSA_2",0.964672796106003,"Tsallis q=2"
46,"divent","QTSA_3",0.498997421610676,"Tsallis q=3"
46,"entropart","QTSA_0",85,"Tsallis q=0"
46,"entropart","QTSA_1",3.81048858416173,"Tsallis q=1"
46,"entropart","QTSA_2",0.964672796106003,"Tsallis q=2"
46,"entropart","QTSA_3",0.498997421610676,"Tsallis q=3"
46,"EntropyEstimation","QTSA_1",3.9175571194019,"Tsallis q=1"
46,"EntropyEstimation","QTSA_2",0.966921450642382,"Tsallis q=2"
46,"EntropyEstimation","QTSA_3",0.499109041360726,"Tsallis q=3"
46,"vegan","QTSA_0",85,"Tsallis q=0"
46,"vegan","QTSA_1",3.81048858416173,"Tsallis q=1"
46,"vegan","QTSA_2",0.964672796106003,"Tsallis q=2"
46,"vegan","QTSA_3",0.498997421610676,"Tsallis q=3"
46,"BAT","RACE",108.343934660695,"ACE"
46,"ecodive","RACE",108.343934660695,"ACE"
46,"fossil","RACE",98.8834355828221,"ACE"
46,"pctax","RACE",108.3439,"ACE"
46,"sprex","RACE",NA,"ACE"
46,"tabula","RACE",108.343934660695,"ACE"
46,"vegan","RACE",108.343934660695,"ACE"
46,"wiqid","RACE",108.343934660695,"ACE"
46,"BiodiversityR","RBOO",86,"Bootstrap estimator"
46,"wiqid","RBOO",225,"Bootstrap estimator"
46,"BAT","RC1",108.235294117647,"Chao 1"
46,"BiodiversityR","RC1",86,"Chao 1"
46,"biosampleR","RC1",126.3,"Chao 1"
46,"iNEXT","RC1",110.443,"Chao 1"
46,"microbiome","RC1",108.235294117647,"Chao 1"
46,"pctax","RC1",108.2353,"Chao 1"
46,"rareNMtests","RC1",86,"Chao 1"
46,"SpadeR","RC1",86,"Chao 1"
46,"SSP","RC1",86,"Chao 1"
46,"vegan","RC1",108.235294117647,"Chao 1"
46,"wiqid","RC1",110.5,"Chao 1"
46,"BAT","RC1M",119.708586517354,"Chao 1 modified"
46,"divent","RC1M",110.443023255814,"Chao 1 modified"
46,"ecodive","RC1M",110.5,"Chao 1 modified"
46,"entropart","RC1M",110.443023255814,"Chao 1 modified"
46,"fossil","RC1M",110.5,"Chao 1 modified"
46,"mobr","RC1M",110.443023255814,"Chao 1 modified"
46,"OTUtable","RC1M",110.5,"Chao 1 modified"
46,"tabula","RC1M",110.443023255814,"Chao 1 modified"
46,"wiqid","RC1M",110.5,"Chao 1 modified"
46,"BAT","RCA2",236.368970393122,"Chao 2"
46,"divDyn","RCA2",107.976744186047,"Chao 2"
46,"fossil","RCA2",110.5,"Chao 2"
46,"tabula","RCA2",86,"Chao 2"
46,"wiqid","RCA2",86,"Chao 2"
46,"benthos","RHUR_2",1.96692145064256,"Hurlbert D k=2"
46,"benthos","RHUR_3",2.90254626920585,"Hurlbert D k=3"
46,"divent","RHUR_2",30.2310635119266,"Hurlbert D k=2"
46,"divent","RHUR_3",30.446793247362,"Hurlbert D k=3"
46,"entropart","RHUR_2",1.96692145064256,"Hurlbert D k=2"
46,"entropart","RHUR_3",2.90254626920586,"Hurlbert D k=3"
46,"mobsim","RHUR_2",1.96692145064256,"Hurlbert D k=2"
46,"mobsim","RHUR_3",2.90254626920585,"Hurlbert D k=3"
46,"tabula","RHUR_2",1.96692145062391,"Hurlbert D k=2"
46,"tabula","RHUR_3",2.90254626917584,"Hurlbert D k=3"
46,"vegan","RHUR_2",1.96692145064256,"Hurlbert D k=2"
46,"vegan","RHUR_3",2.90254626920585,"Hurlbert D k=3"
46,"BAT","RICE",239.165409269756,"ICE"
46,"fossil","RICE",98.8834355828221,"ICE"
46,"tabula","RICE",86,"ICE"
46,"wiqid","RICE",86,"ICE"
46,"BAT","RJA1",114,"Jackknife 1"
46,"BiodiversityR","RJA1",86,"Jackknife 1"
46,"divent","RJA1",114,"Jackknife 1"
46,"entropart","RJA1",114,"Jackknife 1"
46,"fossil","RJA1",113.93488372093,"Jackknife 1"
46,"SSP","RJA1",86,"Jackknife 1"
46,"tabula","RJA1",3.78837044129363,"Jackknife 1"
46,"wiqid","RJA1",114,"Jackknife 1"
46,"BAT","RJA2",126,"Jackknife 2"
46,"BiodiversityR","RJA2",86,"Jackknife 2"
46,"fossil","RJA2",125.720843497588,"Jackknife 2"
46,"SSP","RJA2",86,"Jackknife 2"
46,"wiqid","RJA2",126,"Jackknife 2"
46,"asbio","RLMD",157.828687822327,NA
46,"sads","RLMD",1.01281159226954,NA
46,"vegan","RLMD",103.975494367417,NA
46,"wiqid","RMM",0,"Michaelis-Menten"
46,"divDyn","RSQ",114.061986278851,"Squares Richness Estimator"
46,"ecodive","RSQ",114.061986278851,"Squares Richness Estimator"
46,"tabula","RSQ",114.061986278851,"Squares Richness Estimator"
47,"custom","RICH",102,"Species richness"
47,"abdiv","D1SP",0.96720830449827,"Simpson's reciprocal"
47,"ade4","D1SP",0.96720830449827,"Simpson's reciprocal"
47,"adiv","D1SP",0.96720830449827,"Simpson's reciprocal"
47,"agricolae","D1SP",0.96720830449827,"Simpson's reciprocal"
47,"asbio","D1SP",0.96720830449827,"Simpson's reciprocal"
47,"BiodiversityR","D1SP",0.9672083,"Simpson's reciprocal"
47,"biosampleR","D1SP",0.962755679140353,"Simpson's reciprocal"
47,"breakaway","D1SP",0.96720830449827,"Simpson's reciprocal"
47,"catsim","D1SP",0.644661728395062,"Simpson's reciprocal"
47,"concstats","D1SP",0.99568210578349,"Simpson's reciprocal"
47,"CUB","D1SP",0.97152619871478,"Simpson's reciprocal"
47,"DescTools","D1SP",0.96720830449827,"Simpson's reciprocal"
47,"divent","D1SP",0.96720830449827,"Simpson's reciprocal"
47,"diverse","D1SP",0.962755679140353,"Simpson's reciprocal"
47,"ecodive","D1SP",0.96720830449827,"Simpson's reciprocal"
47,"entropart","D1SP",0.96720830449827,"Simpson's reciprocal"
47,"lawstat","D1SP",0.820609243697479,"Simpson's reciprocal"
47,"MCPAN","D1SP",0.96720830449827,"Simpson's reciprocal"
47,"microbiome","D1SP",0.96720830449827,"Simpson's reciprocal"
47,"PCRA","D1SP",0.96720830449827,"Simpson's reciprocal"
47,"RoughSets","D1SP",0.96720830449827,"Simpson's reciprocal"
47,"simboot","D1SP",0.96720830449827,"Simpson's reciprocal"
47,"sprex","D1SP",0.96720830449827,"Simpson's reciprocal"
47,"untb","D1SP",0.969489456159822,"Simpson's reciprocal"
47,"vegan","D1SP",0.96720830449827,"Simpson's reciprocal"
47,"abdiv","DBRI",3.60194498818655,"Brillouin"
47,"ecodive","DBRI",3.60194498818655,"Brillouin"
47,"tabula","DBRI",3.60194498818655,"Brillouin"
47,"wiqid","DBRI",36.6694868473989,"Brillouin"
47,"BiodiversityR","DFIS",42.56010696,"Fisher's alpha"
47,"ecodive","DFIS",42.56,"Fisher's alpha"
47,"microbiome","DFIS",42.560106958179,"Fisher's alpha"
47,"preseqR","DFIS",10.8964164684892,"Fisher's alpha"
47,"sads","DFIS",42.5601072389034,"Fisher's alpha"
47,"vegan","DFIS",42.560106958179,"Fisher's alpha"
47,"custom","DGLE",16.8536842655488,"Gleason"
47,"custom","DGOO_1_1",3.92091754675343,"Good m1 n1"
47,"custom","DGOO_1_2",0.323798017188925,"Good m1 n2"
47,"custom","DGOO_1_3",1,"Good m1 n3"
47,"custom","DGOO_2_1",0.100801761540209,"Good m2 n1"
47,"custom","DGOO_2_2",1.09969670369476,"Good m2 n2"
47,"custom","DGOO_2_3",1,"Good m2 n3"
47,"custom","DGOO_3_1",0.00496185342385085,"Good m3 n1"
47,"custom","DGOO_3_2",0.041962070430667,"Good m3 n2"
47,"custom","DGOO_3_3",1,"Good m3 n3"
47,"abdiv","DINVSP",30.495525915921,"Simpson inverse"
47,"adiv","DINVSP",30.495525915921,"Simpson inverse"
47,"asbio","DINVSP",30.495525915921,"Simpson inverse"
47,"BiodiversityR","DINVSP",30.49552592,"Simpson inverse"
47,"breakaway","DINVSP",30.495525915921,"Simpson inverse"
47,"chemodiv","DINVSP",30.495525915921,"Simpson inverse"
47,"codyn","DINVSP",5.67487684729064,"Simpson inverse"
47,"divseg","DINVSP",1.03279169550173,"Simpson inverse"
47,"ecodive","DINVSP",30.495525915921,"Simpson inverse"
47,"microbiome","DINVSP",30.495525915921,"Simpson inverse"
47,"sprex","DINVSP",30.495525915921,"Simpson inverse"
47,"vegan","DINVSP",30.495525915921,"Simpson inverse"
47,"wiqid","DINVSP",30.495525915921,"Simpson inverse"
47,"custom","DKO",0.0642201834862385,"Kothe"
47,"abdiv","DMC",0.860663539551272,"McIntosh"
47,"adiv","DMC",0.860663539551272,"McIntosh"
47,"agricolae","DMC",0.860663539551272,"McIntosh"
47,"ecodive","DMC",0.860663539551272,"McIntosh"
47,"forestHES","DMC",0.860663539551272,"McIntosh"
47,"tabula","DMC",0.860663539551272,"McIntosh"
47,"abdiv","DMG",16.688452066867,"Margalef"
47,"adiv","DMG",16.688452066867,"Margalef"
47,"agricolae","DMG",37.0120125047347,"Margalef"
47,"ecodive","DMG",16.688452066867,"Margalef"
47,"tabula","DMG",16.688452066867,"Margalef"
47,"abdiv","DMN",4.94772675074119,"Menhinick"
47,"adiv","DMN",4.94772675074119,"Menhinick"
47,"ecodive","DMN",4.94772675074119,"Menhinick"
47,"tabula","DMN",4.94772675074119,"Menhinick"
47,"custom","DOD",240,"Odum"
47,"abdiv","DQ",0,"Q-statistic"
47,"ade4","DRAO",0.967208304498268,"Rao"
47,"BAT","DRAO",0.967208304498206,"Rao"
47,"SYNCSA","DRAO",0.967208304498269,"Rao"
47,"abdiv","DSHA",3.92091754675343,"Shannon"
47,"adiv","DSHA",3.92091754675343,"Shannon"
47,"aqp","DSHA",5.6566883004357,"Shannon"
47,"asbio","DSHA",3.92091754675343,"Shannon"
47,"benthos","DSHA",0,"Shannon"
47,"BiodiversityR","DSHA",3.92091755,"Shannon"
47,"biosampleR","DSHA",3.77657518939042,"Shannon"
47,"chemodiv","DSHA",3.92091754675343,"Shannon"
47,"codyn","DSHA",3.92091754675343,"Shannon"
47,"DescTools","DSHA",5.6566883004357,"Shannon"
47,"divDyn","DSHA",3.92091754675343,"Shannon"
47,"divent","DSHA",3.92091754675343,"Shannon"
47,"diverse","DSHA",3.77657518939042,"Shannon"
47,"ecodive","DSHA",3.92091754675344,"Shannon"
47,"EconGeo","DSHA",5.657,"Shannon"
47,"entropart","DSHA",3.92091754675343,"Shannon"
47,"forestmangr","DSHA",3.56,"Shannon"
47,"HardyWeinberg","DSHA",3.92091754675343,"Shannon"
47,"iNEXT","DSHA",3.921,"Shannon"
47,"MCPAN","DSHA",3.92091754675343,"Shannon"
47,"microbiome","DSHA",3.92091754675343,"Shannon"
47,"OTUtable","DSHA",3.92091754675343,"Shannon"
47,"pgirmess","DSHA",5.6566883004357,"Shannon"
47,"SpiecEasi","DSHA",3.92091754675343,"Shannon"
47,"sprex","DSHA",3.92091754675343,"Shannon"
47,"tabula","DSHA",3.92091754675343,"Shannon"
47,"triversity","DSHA",5.6566883004357,"Shannon"
47,"vegan","DSHA",3.92091754675343,"Shannon"
47,"wavethresh","DSHA",-35278.4119386783,"Shannon"
47,"wiqid","DSHA",50.4467107649002,"Shannon"
47,"abdiv","DSP",0.0327916955017301,"Simpson"
47,"agricolae","DSP",0.0327916955017301,"Simpson"
47,"antitrust","DSP",327.916955017301,"Simpson"
47,"benthos","DSP",0.0305105438401776,"Simpson"
47,"breakaway","DSP",0.0327916955017301,"Simpson"
47,"concstats","DSP",0.0327916955017301,"Simpson"
47,"DescTools","DSP",0.0327916955017301,"Simpson"
47,"diverse","DSP",0.0349018496208632,"Simpson"
47,"divseg","DSP",1.03279169550173,"Simpson"
47,"EconGeo","DSP",0.0327916955017301,"Simpson"
47,"hhi","DSP",0.176215277777778,"Simpson"
47,"ineq","DSP",0.0327916955017301,"Simpson"
47,"microbiome","DSP",0.0327916955017301,"Simpson"
47,"PDtoolkit","DSP",0.0327916955017301,"Simpson"
47,"politics","DSP",0.0327916955017301,"Simpson"
47,"REAT","DSP",0.0327916955017301,"Simpson"
47,"sprex","DSP",0.0327916955017301,"Simpson"
47,"tabula","DSP",0.0327916955017301,"Simpson"
47,"triversity","DSP",0.0327916955017301,"Simpson"
47,"abdiv","EBP",0.0776470588235294,"Berger-Parker"
47,"agricolae","EBP",0.0776470588235294,"Berger-Parker"
47,"BiodiversityR","EBP",0.07764706,"Berger-Parker"
47,"diverse","EBP",0.106796116504854,"Berger-Parker"
47,"dyvDyn","EBP",0.0776470588235294,"Berger-Parker"
47,"ecodive","EBP",0.0776470588235294,"Berger-Parker"
47,"microbiome","EBP",0.0776470588235294,"Berger-Parker"
47,"tabula","EBP",0.0776470588235294,"Berger-Parker"
47,"triversity","EBP",0.0776470588235294,"Berger-Parker"
47,"wiqid","EBP",1,"Berger-Parker"
47,"tabula","EBRI",0.850666634929671,"Brillouin evenness"
47,"BAT","EBU",0.513663366336634,"Bulla"
47,"microbiome","EBU",0.513663366336634,"Bulla"
47,"BAT","ECAM",0.988193269153905,"Camargo"
47,"microbiome","ECAM",0.594602076124567,"Camargo"
47,"codyn","EEQ",0.229238458739439,"NHC EQ"
47,"custom","EEQ",0.00058524863858912,"NHC EQ"
47,"adiv","EEVAR",0.510627562002748,"NHC EVAR"
47,"codyn","EEVAR",0.602971197224465,"NHC EVAR"
47,"custom","EEVAR",0.510627562002748,"NHC EVAR"
47,"microbiome","EEVAR",0.510627562002748,"NHC EVAR"
47,"acid","EGIN",0.816962091503268,"Gini coefficient"
47,"DescTools","EGIN",0.816962091503268,"Gini coefficient"
47,"dplR","EGIN",0.816962091503268,"Gini coefficient"
47,"EconGeo","EGIN",0.817,"Gini coefficient"
47,"giniVarCI","EGIN",0.816962091503268,"Gini coefficient"
47,"ineq","EGIN",0.816962091503268,"Gini coefficient"
47,"microbiome","EGIN",0.816962091503267,"Gini coefficient"
47,"REAT","EGIN",0.816962091503268,"Gini coefficient"
47,"shipunov","EGIN",0.816962091503267,"Gini coefficient"
47,"wINEQ","EGIN",0.816962091503268,"Gini coefficient"
47,"abdiv","EHEI",0.489571393711883,"Heip"
47,"adiv","EHEI",0.489571393711883,"Heip"
47,"custom","EHUL",0.143529411764706,"Hulburt"
47,"benthos","EHURE",0.969489456159822,"Hurlbert PIE"
47,"BiodiversityR","EHURE",0.96948946,"Hurlbert PIE"
47,"mobr","EHURE",0.969489456159822,"Hurlbert PIE"
47,"vegan","EHURE",0.96948945615965,"Hurlbert PIE"
47,"custom","ELR",0.183745621436919,"Ludwig-Reynolds"
47,"abdiv","EMC",0.237419854138097,"McIntosh evenness"
47,"tabula","EMC",0.908910805759871,"McIntosh evenness"
47,"microbiome","EMN",0.143529411764706,"McNaughton"
47,"custom","ENHC",-0.0298565473351326,"NHC"
47,"custom","EPAT",0.108960439474589,"Patten"
47,"abdiv","EPIE",0.847770939429398,"Pielou"
47,"adiv","EPIE",0.847770939429398,"Pielou"
47,"BiodiversityR","EPIE",0.84777094,"Pielou"
47,"breakaway","EPIE",0.847770939429398,"Pielou"
47,"chemodiv","EPIE",0.847770939429398,"Pielou"
47,"diverse","EPIE",0.85007239401769,"Pielou"
47,"forestmangr","EPIE",1,"Pielou"
47,"microbiome","EPIE",0.847770939429398,"Pielou"
47,"OTUtable","EPIE",0.847770939429398,"Pielou"
47,"pctax","EPIE",0.8478,"Pielou"
47,"sprex","EPIE",0.847770939429398,"Pielou"
47,"tabula","EPIE",0.847770939429398,"Pielou"
47,"custom","ESHE",0.494575595734316,"Sheldon"
47,"adiv","ESP",0.298975744273735,"Simpson evenness"
47,"codyn","ESP",0.354679802955665,"Simpson evenness"
47,"sprex","ESP",0.0384403681054258,"Simpson evenness"
47,"tabula","ESP",0.298975744273735,"Simpson evenness"
47,"abdiv","EST",0.48156862745098,"Strong"
47,"adiv","QHIL_0",102,"Hill q=0"
47,"adiv","QHIL_1",50.4467107649002,"Hill q=1"
47,"adiv","QHIL_2",30.495525915921,"Hill q=2"
47,"adiv","QHIL_3",23.8902469182486,"Hill q=3"
47,"BAT","QHIL_0",102,"Hill q=0"
47,"BAT","QHIL_1",50.4467107649002,"Hill q=1"
47,"BAT","QHIL_2",30.495525915921,"Hill q=2"
47,"BAT","QHIL_3",23.8902469182486,"Hill q=3"
47,"benthos","QHIL_0",225,"Hill q=0"
47,"benthos","QHIL_1",50.4467107649002,"Hill q=1"
47,"benthos","QHIL_2",30.495525915921,"Hill q=2"
47,"benthos","QHIL_3",23.8902469182486,"Hill q=3"
47,"breakaway","QHIL_0",102,"Hill q=0"
47,"breakaway","QHIL_1",50.4467107649002,"Hill q=1"
47,"breakaway","QHIL_2",30.495525915921,"Hill q=2"
47,"breakaway","QHIL_3",23.8902469182486,"Hill q=3"
47,"chemodiv","QHIL_0",102,"Hill q=0"
47,"chemodiv","QHIL_1",50.4467107649002,"Hill q=1"
47,"chemodiv","QHIL_2",30.495525915921,"Hill q=2"
47,"chemodiv","QHIL_3",23.8902469182486,"Hill q=3"
47,"divDyn","QHIL_2",30.495525915921,"Hill q=2"
47,"divent","QHIL_0",102,"Hill q=0"
47,"divent","QHIL_1",50.4467107649002,"Hill q=1"
47,"divent","QHIL_2",30.495525915921,"Hill q=2"
47,"divent","QHIL_3",23.8902469182477,"Hill q=3"
47,"entropart","QHIL_0",102,"Hill q=0"
47,"entropart","QHIL_1",50.4467107649002,"Hill q=1"
47,"entropart","QHIL_2",30.495525915921,"Hill q=2"
47,"entropart","QHIL_3",23.8902469182484,"Hill q=3"
47,"EntropyEstimation","QHIL_1",57.4879738817389,"Hill q=1"
47,"EntropyEstimation","QHIL_2",32.7755547471803,"Hill q=2"
47,"EntropyEstimation","QHIL_3",25.4610995830545,"Hill q=3"
47,"hilldiv","QHIL_0",102,"Hill q=0"
47,"hilldiv","QHIL_1",50.4470492381281,"Hill q=1"
47,"hilldiv","QHIL_2",30.495525915921,"Hill q=2"
47,"hilldiv","QHIL_3",23.8902469182486,"Hill q=3"
47,"hillR","QHIL_0",102,"Hill q=0"
47,"hillR","QHIL_1",50.4467107649002,"Hill q=1"
47,"hillR","QHIL_2",30.495525915921,"Hill q=2"
47,"hillR","QHIL_3",23.8902469182486,"Hill q=3"
47,"sprex","QHIL_0",102,"Hill q=0"
47,"sprex","QHIL_1",50.4467107649002,"Hill q=1"
47,"sprex","QHIL_2",30.495525915921,"Hill q=2"
47,"sprex","QHIL_3",23.8902469182486,"Hill q=3"
47,"vegan","QHIL_0",102,"Hill q=0"
47,"vegan","QHIL_1",50.4467107649002,"Hill q=1"
47,"vegan","QHIL_2",30.495525915921,"Hill q=2"
47,"vegan","QHIL_3",23.8902469182486,"Hill q=3"
47,"adiv","QREN_0",4.62497281328427,"Renyi q=0"
47,"adiv","QREN_1",3.92091754675343,"Renyi q=1"
47,"adiv","QREN_2",3.41757998157187,"Renyi q=2"
47,"adiv","QREN_3",3.17347029691631,"Renyi q=3"
47,"BiodiversityR","QREN_0",4.62497281328427,"Renyi q=0"
47,"BiodiversityR","QREN_1",3.92091754675343,"Renyi q=1"
47,"BiodiversityR","QREN_2",3.41757998157187,"Renyi q=2"
47,"BiodiversityR","QREN_3",3.17347029691631,"Renyi q=3"
47,"diverse","QREN_0",4.44265125649032,"Renyi q=0"
47,"diverse","QREN_1",3.77657518939042,"Renyi q=1"
47,"diverse","QREN_2",3.29025580592349,"Renyi q=2"
47,"diverse","QREN_3",3.01318754687827,"Renyi q=3"
47,"EntropyEstimation","QREN_1",4.05157577604562,"Renyi q=1"
47,"EntropyEstimation","QREN_2",3.48968295543117,"Renyi q=2"
47,"EntropyEstimation","QREN_3",3.23715178084766,"Renyi q=3"
47,"seewave","QREN_2",0.631003819290947,"Renyi q=2"
47,"seewave","QREN_3",0.585932701512777,"Renyi q=3"
47,"sprex","QREN_0",4.62497281328427,"Renyi q=0"
47,"sprex","QREN_1",3.92091754675343,"Renyi q=1"
47,"sprex","QREN_2",3.41757998157187,"Renyi q=2"
47,"sprex","QREN_3",3.17347029691631,"Renyi q=3"
47,"statcomp","QREN_1",0.723937382172156,"Renyi q=1"
47,"statcomp","QREN_2",0.631003808603857,"Renyi q=2"
47,"statcomp","QREN_3",0.58593269349746,"Renyi q=3"
47,"vegan","QREN_0",4.62497281328427,"Renyi q=0"
47,"vegan","QREN_1",3.92091754675343,"Renyi q=1"
47,"vegan","QREN_2",3.41757998157187,"Renyi q=2"
47,"vegan","QREN_3",3.17347029691631,"Renyi q=3"
47,"adiv","QTSA_0",101,"Tsallis q=0"
47,"adiv","QTSA_1",3.92091754675343,"Tsallis q=1"
47,"adiv","QTSA_2",0.96720830449827,"Tsallis q=2"
47,"adiv","QTSA_3",0.499123950335844,"Tsallis q=3"
47,"divent","QTSA_0",101,"Tsallis q=0"
47,"divent","QTSA_1",3.92091754675343,"Tsallis q=1"
47,"divent","QTSA_2",0.96720830449827,"Tsallis q=2"
47,"divent","QTSA_3",0.499123950335844,"Tsallis q=3"
47,"entropart","QTSA_0",101,"Tsallis q=0"
47,"entropart","QTSA_1",3.92091754675343,"Tsallis q=1"
47,"entropart","QTSA_2",0.96720830449827,"Tsallis q=2"
47,"entropart","QTSA_3",0.499123950335844,"Tsallis q=3"
47,"EntropyEstimation","QTSA_1",4.05157577604562,"Tsallis q=1"
47,"EntropyEstimation","QTSA_2",0.969489456159822,"Tsallis q=2"
47,"EntropyEstimation","QTSA_3",0.499228713564912,"Tsallis q=3"
47,"vegan","QTSA_0",101,"Tsallis q=0"
47,"vegan","QTSA_1",3.92091754675343,"Tsallis q=1"
47,"vegan","QTSA_2",0.96720830449827,"Tsallis q=2"
47,"vegan","QTSA_3",0.499123950335844,"Tsallis q=3"
47,"BAT","RACE",176.74346113009,"ACE"
47,"ecodive","RACE",176.74346113009,"ACE"
47,"fossil","RACE",132.839160839161,"ACE"
47,"pctax","RACE",176.7435,"ACE"
47,"sprex","RACE",425,"ACE"
47,"tabula","RACE",176.74346113009,"ACE"
47,"vegan","RACE",176.74346113009,"ACE"
47,"wiqid","RACE",176.74346113009,"ACE"
47,"BiodiversityR","RBOO",102,"Bootstrap estimator"
47,"wiqid","RBOO",225,"Bootstrap estimator"
47,"BAT","RC1",171.176470588235,"Chao 1"
47,"BiodiversityR","RC1",102,"Chao 1"
47,"biosampleR","RC1",116.166666666667,"Chao 1"
47,"iNEXT","RC1",176.855,"Chao 1"
47,"microbiome","RC1",171.176470588235,"Chao 1"
47,"pctax","RC1",171.1765,"Chao 1"
47,"rareNMtests","RC1",102,"Chao 1"
47,"SpadeR","RC1",102,"Chao 1"
47,"SSP","RC1",102,"Chao 1"
47,"vegan","RC1",171.176470588235,"Chao 1"
47,"wiqid","RC1",177.03125,"Chao 1"
47,"BAT","RC1M",210.679998643056,"Chao 1 modified"
47,"divent","RC1M",176.854705882353,"Chao 1 modified"
47,"ecodive","RC1M",177.03125,"Chao 1 modified"
47,"entropart","RC1M",176.854705882353,"Chao 1 modified"
47,"fossil","RC1M",177.03125,"Chao 1 modified"
47,"mobr","RC1M",176.854705882353,"Chao 1 modified"
47,"OTUtable","RC1M",177.03125,"Chao 1 modified"
47,"tabula","RC1M",176.854705882353,"Chao 1 modified"
47,"wiqid","RC1M",177.03125,"Chao 1 modified"
47,"BAT","RCA2",236.216497044306,"Chao 2"
47,"divDyn","RCA2",170.498269896194,"Chao 2"
47,"fossil","RCA2",177.03125,"Chao 2"
47,"tabula","RCA2",102,"Chao 2"
47,"wiqid","RCA2",102,"Chao 2"
47,"benthos","RHUR_2",1.96948945615965,"Hurlbert D k=2"
47,"benthos","RHUR_3",2.91001094134985,"Hurlbert D k=3"
47,"divent","RHUR_2",32.7755557642112,"Hurlbert D k=2"
47,"divent","RHUR_3",33.0006516772377,"Hurlbert D k=3"
47,"entropart","RHUR_2",1.96948945615964,"Hurlbert D k=2"
47,"entropart","RHUR_3",2.91001094134984,"Hurlbert D k=3"
47,"mobsim","RHUR_2",1.96948945615965,"Hurlbert D k=2"
47,"mobsim","RHUR_3",2.91001094134985,"Hurlbert D k=3"
47,"tabula","RHUR_2",1.96948945618844,"Hurlbert D k=2"
47,"tabula","RHUR_3",2.91001094136652,"Hurlbert D k=3"
47,"vegan","RHUR_2",1.96948945615965,"Hurlbert D k=2"
47,"vegan","RHUR_3",2.91001094134985,"Hurlbert D k=3"
47,"BAT","RICE",239.219555152121,"ICE"
47,"fossil","RICE",132.839160839161,"ICE"
47,"tabula","RICE",102,"ICE"
47,"wiqid","RICE",102,"ICE"
47,"BAT","RJA1",151,"Jackknife 1"
47,"BiodiversityR","RJA1",102,"Jackknife 1"
47,"divent","RJA1",213,"Jackknife 1"
47,"entropart","RJA1",213,"Jackknife 1"
47,"fossil","RJA1",150.884705882353,"Jackknife 1"
47,"SSP","RJA1",102,"Jackknife 1"
47,"tabula","RJA1",3.90092217602127,"Jackknife 1"
47,"wiqid","RJA1",151,"Jackknife 1"
47,"BAT","RJA2",184,"Jackknife 2"
47,"BiodiversityR","RJA2",102,"Jackknife 2"
47,"fossil","RJA2",183.421087680355,"Jackknife 2"
47,"SSP","RJA2",102,"Jackknife 2"
47,"wiqid","RJA2",184,"Jackknife 2"
47,"asbio","RLMD",170.061736032367,NA
47,"sads","RLMD",0.795012020698784,NA
47,"vegan","RLMD",160.967405395644,NA
47,"wiqid","RMM",0,"Michaelis-Menten"
47,"divDyn","RSQ",182.97344371879,"Squares Richness Estimator"
47,"ecodive","RSQ",182.97344371879,"Squares Richness Estimator"
47,"tabula","RSQ",182.97344371879,"Squares Richness Estimator"
48,"custom","RICH",91,"Species richness"
48,"abdiv","D1SP",0.96764116707795,"Simpson's reciprocal"
48,"ade4","D1SP",0.967641167077951,"Simpson's reciprocal"
48,"adiv","D1SP",0.96764116707795,"Simpson's reciprocal"
48,"agricolae","D1SP",0.96764116707795,"Simpson's reciprocal"
48,"asbio","D1SP",0.96764116707795,"Simpson's reciprocal"
48,"BiodiversityR","D1SP",0.96764117,"Simpson's reciprocal"
48,"biosampleR","D1SP",0.967201368343195,"Simpson's reciprocal"
48,"breakaway","D1SP",0.96764116707795,"Simpson's reciprocal"
48,"catsim","D1SP",0.614439506172839,"Simpson's reciprocal"
48,"concstats","D1SP",0.995680173361259,"Simpson's reciprocal"
48,"CUB","D1SP",0.971960993716691,"Simpson's reciprocal"
48,"DescTools","D1SP",0.967641167077951,"Simpson's reciprocal"
48,"divent","D1SP",0.96764116707795,"Simpson's reciprocal"
48,"diverse","D1SP",0.967201368343195,"Simpson's reciprocal"
48,"ecodive","D1SP",0.96764116707795,"Simpson's reciprocal"
48,"entropart","D1SP",0.96764116707795,"Simpson's reciprocal"
48,"lawstat","D1SP",0.826398450946644,"Simpson's reciprocal"
48,"MCPAN","D1SP",0.96764116707795,"Simpson's reciprocal"
48,"microbiome","D1SP",0.96764116707795,"Simpson's reciprocal"
48,"PCRA","D1SP",0.96764116707795,"Simpson's reciprocal"
48,"RoughSets","D1SP",0.96764116707795,"Simpson's reciprocal"
48,"simboot","D1SP",0.96764116707795,"Simpson's reciprocal"
48,"sprex","D1SP",0.96764116707795,"Simpson's reciprocal"
48,"untb","D1SP",0.96997846458297,"Simpson's reciprocal"
48,"vegan","D1SP",0.96764116707795,"Simpson's reciprocal"
48,"abdiv","DBRI",3.60608124595244,"Brillouin"
48,"ecodive","DBRI",3.60608124595244,"Brillouin"
48,"tabula","DBRI",3.60608124595244,"Brillouin"
48,"wiqid","DBRI",36.8214754123909,"Brillouin"
48,"BiodiversityR","DFIS",35.99618053,"Fisher's alpha"
48,"ecodive","DFIS",35.996,"Fisher's alpha"
48,"microbiome","DFIS",35.9961805299941,"Fisher's alpha"
48,"preseqR","DFIS",9.61981122292578,"Fisher's alpha"
48,"sads","DFIS",35.9961801549917,"Fisher's alpha"
48,"vegan","DFIS",35.9961805299941,"Fisher's alpha"
48,"custom","DGLE",15.0955201712408,"Gleason"
48,"custom","DGOO_1_1",3.91372499062361,"Good m1 n1"
48,"custom","DGOO_1_2",0.320026479995,"Good m1 n2"
48,"custom","DGOO_1_3",1,"Good m1 n3"
48,"custom","DGOO_2_1",0.0989178709491186,"Good m2 n1"
48,"custom","DGOO_2_2",1.10260280728513,"Good m2 n2"
48,"custom","DGOO_2_3",1,"Good m2 n3"
48,"custom","DGOO_3_1",0.00504166949522386,"Good m3 n1"
48,"custom","DGOO_3_2",0.0404865426013902,"Good m3 n2"
48,"custom","DGOO_3_3",1,"Good m3 n3"
48,"abdiv","DINVSP",30.903463125785,"Simpson inverse"
48,"adiv","DINVSP",30.903463125785,"Simpson inverse"
48,"asbio","DINVSP",30.903463125785,"Simpson inverse"
48,"BiodiversityR","DINVSP",30.90346313,"Simpson inverse"
48,"breakaway","DINVSP",30.903463125785,"Simpson inverse"
48,"chemodiv","DINVSP",30.903463125785,"Simpson inverse"
48,"codyn","DINVSP",8.34782608695652,"Simpson inverse"
48,"divseg","DINVSP",1.03235883292205,"Simpson inverse"
48,"ecodive","DINVSP",30.903463125785,"Simpson inverse"
48,"microbiome","DINVSP",30.903463125785,"Simpson inverse"
48,"sprex","DINVSP",30.903463125785,"Simpson inverse"
48,"vegan","DINVSP",30.903463125785,"Simpson inverse"
48,"wiqid","DINVSP",30.903463125785,"Simpson inverse"
48,"custom","DKO",0.165137614678899,"Kothe"
48,"abdiv","DMC",0.86245041514592,"McIntosh"
48,"adiv","DMC",0.86245041514592,"McIntosh"
48,"agricolae","DMC",0.86245041514592,"McIntosh"
48,"ecodive","DMC",0.86245041514592,"McIntosh"
48,"forestHES","DMC",0.86245041514592,"McIntosh"
48,"tabula","DMC",0.86245041514592,"McIntosh"
48,"abdiv","DMG",14.9296353341942,"Margalef"
48,"adiv","DMG",14.9296353341942,"Margalef"
48,"agricolae","DMG",37.1582034984388,"Margalef"
48,"ecodive","DMG",14.9296353341942,"Margalef"
48,"tabula","DMG",14.9296353341942,"Margalef"
48,"abdiv","DMN",4.46701431243173,"Menhinick"
48,"adiv","DMN",4.46701431243173,"Menhinick"
48,"ecodive","DMN",4.46701431243173,"Menhinick"
48,"tabula","DMN",4.46701431243173,"Menhinick"
48,"custom","DOD",219.277108433735,"Odum"
48,"abdiv","DQ",0,"Q-statistic"
48,"ade4","DRAO",0.967641167077951,"Rao"
48,"BAT","DRAO",0.967641167077958,"Rao"
48,"SYNCSA","DRAO",0.967641167077951,"Rao"
48,"abdiv","DSHA",3.91372499062361,"Shannon"
48,"adiv","DSHA",3.91372499062361,"Shannon"
48,"aqp","DSHA",5.64631163537589,"Shannon"
48,"asbio","DSHA",3.91372499062361,"Shannon"
48,"benthos","DSHA",0,"Shannon"
48,"BiodiversityR","DSHA",3.91372499,"Shannon"
48,"biosampleR","DSHA",3.83681098928965,"Shannon"
48,"chemodiv","DSHA",3.91372499062361,"Shannon"
48,"codyn","DSHA",3.91372499062361,"Shannon"
48,"DescTools","DSHA",5.64631163537589,"Shannon"
48,"divDyn","DSHA",3.91372499062361,"Shannon"
48,"divent","DSHA",3.91372499062361,"Shannon"
48,"diverse","DSHA",3.83681098928965,"Shannon"
48,"ecodive","DSHA",3.91372499062361,"Shannon"
48,"EconGeo","DSHA",5.646,"Shannon"
48,"entropart","DSHA",3.91372499062361,"Shannon"
48,"forestmangr","DSHA",3.56,"Shannon"
48,"HardyWeinberg","DSHA",3.91372499062361,"Shannon"
48,"iNEXT","DSHA",3.914,"Shannon"
48,"MCPAN","DSHA",3.91372499062361,"Shannon"
48,"microbiome","DSHA",3.91372499062361,"Shannon"
48,"OTUtable","DSHA",3.91372499062361,"Shannon"
48,"pgirmess","DSHA",5.64631163537589,"Shannon"
48,"SpiecEasi","DSHA",3.91372499062361,"Shannon"
48,"sprex","DSHA",3.91372499062361,"Shannon"
48,"tabula","DSHA",3.91372499062361,"Shannon"
48,"triversity","DSHA",5.64631163537589,"Shannon"
48,"vegan","DSHA",3.91372499062361,"Shannon"
48,"wavethresh","DSHA",-33118.9317380675,"Shannon"
48,"wiqid","DSHA",50.0851717197161,"Shannon"
48,"abdiv","DSP",0.0323588329220496,"Simpson"
48,"agricolae","DSP",0.0323588329220496,"Simpson"
48,"antitrust","DSP",323.588329220496,"Simpson"
48,"benthos","DSP",0.0300215354170304,"Simpson"
48,"breakaway","DSP",0.0323588329220496,"Simpson"
48,"concstats","DSP",0.0323588329220496,"Simpson"
48,"DescTools","DSP",0.0323588329220496,"Simpson"
48,"diverse","DSP",0.0304680259499537,"Simpson"
48,"divseg","DSP",1.03235883292205,"Simpson"
48,"EconGeo","DSP",0.0323588329220496,"Simpson"
48,"hhi","DSP",0.119791666666667,"Simpson"
48,"ineq","DSP",0.0323588329220496,"Simpson"
48,"microbiome","DSP",0.0323588329220496,"Simpson"
48,"PDtoolkit","DSP",0.0323588329220496,"Simpson"
48,"politics","DSP",0.0323588329220496,"Simpson"
48,"REAT","DSP",0.0323588329220496,"Simpson"
48,"sprex","DSP",0.0323588329220496,"Simpson"
48,"tabula","DSP",0.0323588329220496,"Simpson"
48,"triversity","DSP",0.0323588329220496,"Simpson"
48,"abdiv","EBP",0.0987951807228916,"Berger-Parker"
48,"agricolae","EBP",0.0987951807228916,"Berger-Parker"
48,"BiodiversityR","EBP",0.09879518,"Berger-Parker"
48,"diverse","EBP",0.0913461538461538,"Berger-Parker"
48,"dyvDyn","EBP",0.0987951807228916,"Berger-Parker"
48,"ecodive","EBP",0.0987951807228916,"Berger-Parker"
48,"microbiome","EBP",0.0987951807228916,"Berger-Parker"
48,"tabula","EBP",0.0987951807228916,"Berger-Parker"
48,"triversity","EBP",0.0987951807228916,"Berger-Parker"
48,"wiqid","EBP",1,"Berger-Parker"
48,"tabula","EBRI",0.870383327193315,"Brillouin evenness"
48,"BAT","EBU",0.561178045515395,"Bulla"
48,"microbiome","EBU",0.561178045515395,"Bulla"
48,"BAT","ECAM",0.987518131132589,"Camargo"
48,"microbiome","ECAM",0.741135972461274,"Camargo"
48,"codyn","EEQ",0.250800322997643,"NHC EQ"
48,"custom","EEQ",0.00075516390313435,"NHC EQ"
48,"adiv","EEVAR",0.527806388752428,"NHC EVAR"
48,"codyn","EEVAR",0.677140871750115,"NHC EVAR"
48,"custom","EEVAR",0.527806388752428,"NHC EVAR"
48,"microbiome","EEVAR",0.527806388752428,"NHC EVAR"
48,"acid","EGIN",0.822725568942436,"Gini coefficient"
48,"DescTools","EGIN",0.822725568942437,"Gini coefficient"
48,"dplR","EGIN",0.822725568942436,"Gini coefficient"
48,"EconGeo","EGIN",0.823,"Gini coefficient"
48,"giniVarCI","EGIN",0.822725568942436,"Gini coefficient"
48,"ineq","EGIN",0.822725568942436,"Gini coefficient"
48,"microbiome","EGIN",0.822725568942438,"Gini coefficient"
48,"REAT","EGIN",0.822725568942436,"Gini coefficient"
48,"shipunov","EGIN",0.822725568942438,"Gini coefficient"
48,"wINEQ","EGIN",0.822725568942436,"Gini coefficient"
48,"abdiv","EHEI",0.545390796885734,"Heip"
48,"adiv","EHEI",0.545390796885734,"Heip"
48,"custom","EHUL",0.16144578313253,"Hulburt"
48,"benthos","EHURE",0.96997846458297,"Hurlbert PIE"
48,"BiodiversityR","EHURE",0.96997846,"Hurlbert PIE"
48,"mobr","EHURE",0.96997846458297,"Hurlbert PIE"
48,"vegan","EHURE",0.969978464583297,"Hurlbert PIE"
48,"custom","ELR",0.204725610924721,"Ludwig-Reynolds"
48,"abdiv","EMC",0.229602289557821,"McIntosh evenness"
48,"tabula","EMC",0.91615335651608,"McIntosh evenness"
48,"microbiome","EMN",0.16144578313253,"McNaughton"
48,"custom","ENHC",-0.0343734858464866,"NHC"
48,"custom","EPAT",0.113971042150031,"Patten"
48,"abdiv","EPIE",0.867622896472267,"Pielou"
48,"adiv","EPIE",0.867622896472267,"Pielou"
48,"BiodiversityR","EPIE",0.8676229,"Pielou"
48,"breakaway","EPIE",0.867622896472267,"Pielou"
48,"chemodiv","EPIE",0.867622896472267,"Pielou"
48,"diverse","EPIE",0.870672891555682,"Pielou"
48,"forestmangr","EPIE",1,"Pielou"
48,"microbiome","EPIE",0.867622896472267,"Pielou"
48,"OTUtable","EPIE",0.867622896472267,"Pielou"
48,"pctax","EPIE",0.8676,"Pielou"
48,"sprex","EPIE",0.867622896472267,"Pielou"
48,"tabula","EPIE",0.867622896472267,"Pielou"
48,"custom","ESHE",0.550386502414463,"Sheldon"
48,"adiv","ESP",0.339598495887748,"Simpson evenness"
48,"codyn","ESP",0.521739130434783,"Simpson evenness"
48,"sprex","ESP",0.0430079669299298,"Simpson evenness"
48,"tabula","ESP",0.339598495887748,"Simpson evenness"
48,"abdiv","EST",0.433999735204554,"Strong"
48,"adiv","QHIL_0",91,"Hill q=0"
48,"adiv","QHIL_1",50.0851717197161,"Hill q=1"
48,"adiv","QHIL_2",30.903463125785,"Hill q=2"
48,"adiv","QHIL_3",23.121596114066,"Hill q=3"
48,"BAT","QHIL_0",91,"Hill q=0"
48,"BAT","QHIL_1",50.0851717197161,"Hill q=1"
48,"BAT","QHIL_2",30.903463125785,"Hill q=2"
48,"BAT","QHIL_3",23.121596114066,"Hill q=3"
48,"benthos","QHIL_0",225,"Hill q=0"
48,"benthos","QHIL_1",50.0851717197161,"Hill q=1"
48,"benthos","QHIL_2",30.903463125785,"Hill q=2"
48,"benthos","QHIL_3",23.121596114066,"Hill q=3"
48,"breakaway","QHIL_0",91,"Hill q=0"
48,"breakaway","QHIL_1",50.0851717197161,"Hill q=1"
48,"breakaway","QHIL_2",30.903463125785,"Hill q=2"
48,"breakaway","QHIL_3",23.121596114066,"Hill q=3"
48,"chemodiv","QHIL_0",91,"Hill q=0"
48,"chemodiv","QHIL_1",50.0851717197161,"Hill q=1"
48,"chemodiv","QHIL_2",30.903463125785,"Hill q=2"
48,"chemodiv","QHIL_3",23.121596114066,"Hill q=3"
48,"divDyn","QHIL_2",30.903463125785,"Hill q=2"
48,"divent","QHIL_0",91,"Hill q=0"
48,"divent","QHIL_1",50.0851717197161,"Hill q=1"
48,"divent","QHIL_2",30.9034631257851,"Hill q=2"
48,"divent","QHIL_3",23.1215961140655,"Hill q=3"
48,"entropart","QHIL_0",91,"Hill q=0"
48,"entropart","QHIL_1",50.0851717197161,"Hill q=1"
48,"entropart","QHIL_2",30.9034631257851,"Hill q=2"
48,"entropart","QHIL_3",23.1215961140658,"Hill q=3"
48,"EntropyEstimation","QHIL_1",56.3436294467504,"Hill q=1"
48,"EntropyEstimation","QHIL_2",33.3094222566891,"Hill q=2"
48,"EntropyEstimation","QHIL_3",24.5425241052563,"Hill q=3"
48,"hilldiv","QHIL_0",91,"Hill q=0"
48,"hilldiv","QHIL_1",50.0854643777796,"Hill q=1"
48,"hilldiv","QHIL_2",30.903463125785,"Hill q=2"
48,"hilldiv","QHIL_3",23.121596114066,"Hill q=3"
48,"hillR","QHIL_0",91,"Hill q=0"
48,"hillR","QHIL_1",50.0851717197161,"Hill q=1"
48,"hillR","QHIL_2",30.903463125785,"Hill q=2"
48,"hillR","QHIL_3",23.121596114066,"Hill q=3"
48,"sprex","QHIL_0",91,"Hill q=0"
48,"sprex","QHIL_1",50.0851717197161,"Hill q=1"
48,"sprex","QHIL_2",30.903463125785,"Hill q=2"
48,"sprex","QHIL_3",23.121596114066,"Hill q=3"
48,"vegan","QHIL_0",91,"Hill q=0"
48,"vegan","QHIL_1",50.0851717197161,"Hill q=1"
48,"vegan","QHIL_2",30.903463125785,"Hill q=2"
48,"vegan","QHIL_3",23.121596114066,"Hill q=3"
48,"adiv","QREN_0",4.51085950651685,"Renyi q=0"
48,"adiv","QREN_1",3.91372499062361,"Renyi q=1"
48,"adiv","QREN_2",3.43086825289186,"Renyi q=2"
48,"adiv","QREN_3",3.14076707749681,"Renyi q=3"
48,"BiodiversityR","QREN_0",4.51085950651685,"Renyi q=0"
48,"BiodiversityR","QREN_1",3.91372499062361,"Renyi q=1"
48,"BiodiversityR","QREN_2",3.43086825289186,"Renyi q=2"
48,"BiodiversityR","QREN_3",3.14076707749681,"Renyi q=3"
48,"diverse","QREN_0",4.40671924726425,"Renyi q=0"
48,"diverse","QREN_1",3.83681098928965,"Renyi q=1"
48,"diverse","QREN_2",3.41736848224259,"Renyi q=2"
48,"diverse","QREN_3",3.16709698102671,"Renyi q=3"
48,"EntropyEstimation","QREN_1",4.03146918079843,"Renyi q=1"
48,"EntropyEstimation","QREN_2",3.50584030761474,"Renyi q=2"
48,"EntropyEstimation","QREN_3",3.20040729076828,"Renyi q=3"
48,"seewave","QREN_2",0.633457296337004,"Renyi q=2"
48,"seewave","QREN_3",0.579894553773822,"Renyi q=3"
48,"sprex","QREN_0",4.51085950651685,"Renyi q=0"
48,"sprex","QREN_1",3.91372499062361,"Renyi q=1"
48,"sprex","QREN_2",3.43086825289186,"Renyi q=2"
48,"sprex","QREN_3",3.14076707749681,"Renyi q=3"
48,"statcomp","QREN_1",0.722609386825746,"Renyi q=1"
48,"statcomp","QREN_2",0.633457284413608,"Renyi q=2"
48,"statcomp","QREN_3",0.579894544831274,"Renyi q=3"
48,"vegan","QREN_0",4.51085950651685,"Renyi q=0"
48,"vegan","QREN_1",3.91372499062361,"Renyi q=1"
48,"vegan","QREN_2",3.43086825289186,"Renyi q=2"
48,"vegan","QREN_3",3.14076707749681,"Renyi q=3"
48,"adiv","QTSA_0",90,"Tsallis q=0"
48,"adiv","QTSA_1",3.91372499062361,"Tsallis q=1"
48,"adiv","QTSA_2",0.96764116707795,"Tsallis q=2"
48,"adiv","QTSA_3",0.499064735644567,"Tsallis q=3"
48,"divent","QTSA_0",90,"Tsallis q=0"
48,"divent","QTSA_1",3.91372499062361,"Tsallis q=1"
48,"divent","QTSA_2",0.96764116707795,"Tsallis q=2"
48,"divent","QTSA_3",0.499064735644567,"Tsallis q=3"
48,"entropart","QTSA_0",90,"Tsallis q=0"
48,"entropart","QTSA_1",3.91372499062361,"Tsallis q=1"
48,"entropart","QTSA_2",0.96764116707795,"Tsallis q=2"
48,"entropart","QTSA_3",0.499064735644567,"Tsallis q=3"
48,"EntropyEstimation","QTSA_1",4.03146918079843,"Tsallis q=1"
48,"EntropyEstimation","QTSA_2",0.96997846458297,"Tsallis q=2"
48,"EntropyEstimation","QTSA_3",0.499169897824797,"Tsallis q=3"
48,"vegan","QTSA_0",90,"Tsallis q=0"
48,"vegan","QTSA_1",3.91372499062361,"Tsallis q=1"
48,"vegan","QTSA_2",0.96764116707795,"Tsallis q=2"
48,"vegan","QTSA_3",0.499064735644567,"Tsallis q=3"
48,"BAT","RACE",119.45164929549,"ACE"
48,"ecodive","RACE",119.45164929549,"ACE"
48,"fossil","RACE",105.797687861272,"ACE"
48,"pctax","RACE",119.4516,"ACE"
48,"sprex","RACE",415,"ACE"
48,"tabula","RACE",119.45164929549,"ACE"
48,"vegan","RACE",119.45164929549,"ACE"
48,"wiqid","RACE",119.45164929549,"ACE"
48,"BiodiversityR","RBOO",91,"Bootstrap estimator"
48,"wiqid","RBOO",225,"Bootstrap estimator"
48,"BAT","RC1",117.105263157895,"Chao 1"
48,"BiodiversityR","RC1",91,"Chao 1"
48,"biosampleR","RC1",105.625,"Chao 1"
48,"iNEXT","RC1",119.376,"Chao 1"
48,"microbiome","RC1",117.105263157895,"Chao 1"
48,"pctax","RC1",117.1053,"Chao 1"
48,"rareNMtests","RC1",91,"Chao 1"
48,"SpadeR","RC1",91,"Chao 1"
48,"SSP","RC1",91,"Chao 1"
48,"vegan","RC1",117.105263157895,"Chao 1"
48,"wiqid","RC1",119.444444444444,"Chao 1"
48,"BAT","RC1M",131.586097534623,"Chao 1 modified"
48,"divent","RC1M",119.375903614458,"Chao 1 modified"
48,"ecodive","RC1M",119.444444444444,"Chao 1 modified"
48,"entropart","RC1M",119.375903614458,"Chao 1 modified"
48,"fossil","RC1M",119.444444444444,"Chao 1 modified"
48,"mobr","RC1M",119.375903614458,"Chao 1 modified"
48,"OTUtable","RC1M",119.444444444444,"Chao 1 modified"
48,"tabula","RC1M",119.375903614458,"Chao 1 modified"
48,"wiqid","RC1M",119.444444444444,"Chao 1 modified"
48,"BAT","RCA2",235.966512382226,"Chao 2"
48,"divDyn","RCA2",116.818392134182,"Chao 2"
48,"fossil","RCA2",119.444444444444,"Chao 2"
48,"tabula","RCA2",91,"Chao 2"
48,"wiqid","RCA2",91,"Chao 2"
48,"benthos","RHUR_2",1.9699784645833,"Hurlbert D k=2"
48,"benthos","RHUR_3",2.91159559809936,"Hurlbert D k=3"
48,"divent","RHUR_2",33.3094225275169,"Hurlbert D k=2"
48,"divent","RHUR_3",33.5982882883798,"Hurlbert D k=3"
48,"entropart","RHUR_2",1.96997846458331,"Hurlbert D k=2"
48,"entropart","RHUR_3",2.91159559809935,"Hurlbert D k=3"
48,"mobsim","RHUR_2",1.9699784645833,"Hurlbert D k=2"
48,"mobsim","RHUR_3",2.91159559809936,"Hurlbert D k=3"
48,"tabula","RHUR_2",1.96997846458263,"Hurlbert D k=2"
48,"tabula","RHUR_3",2.91159559803095,"Hurlbert D k=3"
48,"vegan","RHUR_2",1.9699784645833,"Hurlbert D k=2"
48,"vegan","RHUR_3",2.91159559809936,"Hurlbert D k=3"
48,"BAT","RICE",239.589490543875,"ICE"
48,"fossil","RICE",105.797687861272,"ICE"
48,"tabula","RICE",91,"ICE"
48,"wiqid","RICE",91,"ICE"
48,"BAT","RJA1",123,"Jackknife 1"
48,"BiodiversityR","RJA1",91,"Jackknife 1"
48,"divent","RJA1",137,"Jackknife 1"
48,"entropart","RJA1",137,"Jackknife 1"
48,"fossil","RJA1",122.922891566265,"Jackknife 1"
48,"SSP","RJA1",91,"Jackknife 1"
48,"tabula","RJA1",3.89356949391065,"Jackknife 1"
48,"wiqid","RJA1",123,"Jackknife 1"
48,"BAT","RJA2",137,"Jackknife 2"
48,"BiodiversityR","RJA2",91,"Jackknife 2"
48,"fossil","RJA2",136.667365112624,"Jackknife 2"
48,"SSP","RJA2",91,"Jackknife 2"
48,"wiqid","RJA2",137,"Jackknife 2"
48,"asbio","RLMD",161.994217273639,NA
48,"sads","RLMD",0.966613228903951,NA
48,"vegan","RLMD",105.961825790889,NA
48,"wiqid","RMM",0,"Michaelis-Menten"
48,"divDyn","RSQ",124.705338633182,"Squares Richness Estimator"
48,"ecodive","RSQ",124.705338633182,"Squares Richness Estimator"
48,"tabula","RSQ",124.705338633182,"Squares Richness Estimator"
49,"custom","RICH",91,"Species richness"
49,"abdiv","D1SP",0.960955196375782,"Simpson's reciprocal"
49,"ade4","D1SP",0.960955196375782,"Simpson's reciprocal"
49,"adiv","D1SP",0.960955196375782,"Simpson's reciprocal"
49,"agricolae","D1SP",0.960955196375782,"Simpson's reciprocal"
49,"asbio","D1SP",0.960955196375782,"Simpson's reciprocal"
49,"BiodiversityR","D1SP",0.9609552,"Simpson's reciprocal"
49,"biosampleR","D1SP",0.967199788976158,"Simpson's reciprocal"
49,"breakaway","D1SP",0.960955196375782,"Simpson's reciprocal"
49,"catsim","D1SP",0.605985185185185,"Simpson's reciprocal"
49,"concstats","D1SP",0.995710021444751,"Simpson's reciprocal"
49,"CUB","D1SP",0.965245174931031,"Simpson's reciprocal"
49,"DescTools","D1SP",0.960955196375782,"Simpson's reciprocal"
49,"divent","D1SP",0.960955196375782,"Simpson's reciprocal"
49,"diverse","D1SP",0.967199788976158,"Simpson's reciprocal"
49,"ecodive","D1SP",0.960955196375782,"Simpson's reciprocal"
49,"entropart","D1SP",0.960955196375782,"Simpson's reciprocal"
49,"lawstat","D1SP",0.845370525259284,"Simpson's reciprocal"
49,"MCPAN","D1SP",0.960955196375782,"Simpson's reciprocal"
49,"microbiome","D1SP",0.960955196375782,"Simpson's reciprocal"
49,"PCRA","D1SP",0.960955196375782,"Simpson's reciprocal"
49,"RoughSets","D1SP",0.960955196375782,"Simpson's reciprocal"
49,"simboot","D1SP",0.960955196375782,"Simpson's reciprocal"
49,"sprex","D1SP",0.960955196375782,"Simpson's reciprocal"
49,"untb","D1SP",0.963210959747556,"Simpson's reciprocal"
49,"vegan","D1SP",0.960955196375782,"Simpson's reciprocal"
49,"abdiv","DBRI",3.48780922033026,"Brillouin"
49,"ecodive","DBRI",3.48780922033026,"Brillouin"
49,"tabula","DBRI",3.48780922033026,"Brillouin"
49,"wiqid","DBRI",32.7141995394527,"Brillouin"
49,"BiodiversityR","DFIS",35.41942035,"Fisher's alpha"
49,"ecodive","DFIS",35.419,"Fisher's alpha"
49,"microbiome","DFIS",35.4194203511917,"Fisher's alpha"
49,"preseqR","DFIS",14.2764924397847,"Fisher's alpha"
49,"sads","DFIS",35.419419259275,"Fisher's alpha"
49,"vegan","DFIS",35.4194203511917,"Fisher's alpha"
49,"custom","DGLE",15.0244750021211,"Gleason"
49,"custom","DGOO_1_1",3.77885116513345,"Good m1 n1"
49,"custom","DGOO_1_2",0.339714050980717,"Good m1 n2"
49,"custom","DGOO_1_3",1,"Good m1 n3"
49,"custom","DGOO_2_1",0.11187876568021,"Good m2 n1"
49,"custom","DGOO_2_2",1.10628174350832,"Good m2 n2"
49,"custom","DGOO_2_3",1,"Good m2 n3"
49,"custom","DGOO_3_1",0.00679832468004269,"Good m3 n1"
49,"custom","DGOO_3_2",0.0488087421543428,"Good m3 n2"
49,"custom","DGOO_3_3",1,"Good m3 n3"
49,"abdiv","DINVSP",25.6116027531957,"Simpson inverse"
49,"adiv","DINVSP",25.6116027531957,"Simpson inverse"
49,"asbio","DINVSP",25.6116027531957,"Simpson inverse"
49,"BiodiversityR","DINVSP",25.61160275,"Simpson inverse"
49,"breakaway","DINVSP",25.6116027531957,"Simpson inverse"
49,"chemodiv","DINVSP",25.6116027531957,"Simpson inverse"
49,"codyn","DINVSP",8.265625,"Simpson inverse"
49,"divseg","DINVSP",1.03904480362422,"Simpson inverse"
49,"ecodive","DINVSP",25.6116027531957,"Simpson inverse"
49,"microbiome","DINVSP",25.6116027531957,"Simpson inverse"
49,"sprex","DINVSP",25.6116027531957,"Simpson inverse"
49,"vegan","DINVSP",25.6116027531957,"Simpson inverse"
49,"wiqid","DINVSP",25.6116027531957,"Simpson inverse"
49,"custom","DKO",0.165137614678899,"Kothe"
49,"abdiv","DMC",0.843208121004548,"McIntosh"
49,"adiv","DMC",0.843208121004548,"McIntosh"
49,"agricolae","DMC",0.843208121004548,"McIntosh"
49,"ecodive","DMC",0.843208121004548,"McIntosh"
49,"forestHES","DMC",0.843208121004548,"McIntosh"
49,"tabula","DMC",0.843208121004548,"McIntosh"
49,"abdiv","DMG",14.8593708812186,"Margalef"
49,"adiv","DMG",14.8593708812186,"Margalef"
49,"agricolae","DMG",36.9833230821442,"Margalef"
49,"ecodive","DMG",14.8593708812186,"Margalef"
49,"tabula","DMG",14.8593708812186,"Margalef"
49,"abdiv","DMN",4.40379865831203,"Menhinick"
49,"adiv","DMN",4.40379865831203,"Menhinick"
49,"ecodive","DMN",4.40379865831203,"Menhinick"
49,"tabula","DMN",4.40379865831203,"Menhinick"
49,"custom","DOD",213.114754098361,"Odum"
49,"abdiv","DQ",0,"Q-statistic"
49,"ade4","DRAO",0.960955196375783,"Rao"
49,"BAT","DRAO",0.96095519637579,"Rao"
49,"SYNCSA","DRAO",0.960955196375783,"Rao"
49,"abdiv","DSHA",3.77885116513345,"Shannon"
49,"adiv","DSHA",3.77885116513345,"Shannon"
49,"aqp","DSHA",5.4517298361955,"Shannon"
49,"asbio","DSHA",3.77885116513345,"Shannon"
49,"benthos","DSHA",0,"Shannon"
49,"BiodiversityR","DSHA",3.77885117,"Shannon"
49,"biosampleR","DSHA",3.90838117687707,"Shannon"
49,"chemodiv","DSHA",3.77885116513345,"Shannon"
49,"codyn","DSHA",3.77885116513345,"Shannon"
49,"DescTools","DSHA",5.4517298361955,"Shannon"
49,"divDyn","DSHA",3.77885116513345,"Shannon"
49,"divent","DSHA",3.77885116513345,"Shannon"
49,"diverse","DSHA",3.90838117687707,"Shannon"
49,"ecodive","DSHA",3.77885116513345,"Shannon"
49,"EconGeo","DSHA",5.452,"Shannon"
49,"entropart","DSHA",3.77885116513345,"Shannon"
49,"forestmangr","DSHA",3.56,"Shannon"
49,"HardyWeinberg","DSHA",3.77885116513345,"Shannon"
49,"iNEXT","DSHA",3.779,"Shannon"
49,"MCPAN","DSHA",3.77885116513345,"Shannon"
49,"microbiome","DSHA",3.77885116513345,"Shannon"
49,"OTUtable","DSHA",3.77885116513345,"Shannon"
49,"pgirmess","DSHA",5.4517298361955,"Shannon"
49,"SpiecEasi","DSHA",3.77885116513345,"Shannon"
49,"sprex","DSHA",3.77885116513345,"Shannon"
49,"tabula","DSHA",3.77885116513345,"Shannon"
49,"triversity","DSHA",5.45172983619551,"Shannon"
49,"vegan","DSHA",3.77885116513345,"Shannon"
49,"wavethresh","DSHA",-45439.0038449352,"Shannon"
49,"wiqid","DSHA",43.7657332427223,"Shannon"
49,"abdiv","DSP",0.0390448036242178,"Simpson"
49,"agricolae","DSP",0.0390448036242178,"Simpson"
49,"antitrust","DSP",390.448036242178,"Simpson"
49,"benthos","DSP",0.0367890402524436,"Simpson"
49,"breakaway","DSP",0.0390448036242178,"Simpson"
49,"concstats","DSP",0.0390448036242178,"Simpson"
49,"DescTools","DSP",0.0390448036242178,"Simpson"
49,"diverse","DSP",0.0305509091890142,"Simpson"
49,"divseg","DSP",1.03904480362422,"Simpson"
49,"EconGeo","DSP",0.0390448036242178,"Simpson"
49,"hhi","DSP",0.120982986767486,"Simpson"
49,"ineq","DSP",0.0390448036242178,"Simpson"
49,"microbiome","DSP",0.0390448036242178,"Simpson"
49,"PDtoolkit","DSP",0.0390448036242178,"Simpson"
49,"politics","DSP",0.0390448036242178,"Simpson"
49,"REAT","DSP",0.0390448036242178,"Simpson"
49,"sprex","DSP",0.0390448036242178,"Simpson"
49,"tabula","DSP",0.0390448036242178,"Simpson"
49,"triversity","DSP",0.0390448036242178,"Simpson"
49,"abdiv","EBP",0.100702576112412,"Berger-Parker"
49,"agricolae","EBP",0.100702576112412,"Berger-Parker"
49,"BiodiversityR","EBP",0.10070258,"Berger-Parker"
49,"diverse","EBP",0.0951276102088167,"Berger-Parker"
49,"dyvDyn","EBP",0.100702576112412,"Berger-Parker"
49,"ecodive","EBP",0.100702576112412,"Berger-Parker"
49,"microbiome","EBP",0.100702576112412,"Berger-Parker"
49,"tabula","EBP",0.100702576112412,"Berger-Parker"
49,"triversity","EBP",0.100702576112412,"Berger-Parker"
49,"wiqid","EBP",1,"Berger-Parker"
49,"tabula","EBRI",0.840176698245178,"Brillouin evenness"
49,"BAT","EBU",0.510382513661202,"Bulla"
49,"microbiome","EBU",0.510382513661202,"Bulla"
49,"BAT","ECAM",0.98648034245224,"Camargo"
49,"microbiome","ECAM",0.749234372185192,"Camargo"
49,"codyn","EEQ",0.24892646853601,"NHC EQ"
49,"custom","EEQ",0.00077588828145294,"NHC EQ"
49,"adiv","EEVAR",0.489884256115512,"NHC EVAR"
49,"codyn","EEVAR",0.612645122128163,"NHC EVAR"
49,"custom","EEVAR",0.489884256115512,"NHC EVAR"
49,"microbiome","EEVAR",0.489884256115512,"NHC EVAR"
49,"acid","EGIN",0.841613322924798,"Gini coefficient"
49,"DescTools","EGIN",0.841613322924799,"Gini coefficient"
49,"dplR","EGIN",0.841613322924798,"Gini coefficient"
49,"EconGeo","EGIN",0.842,"Gini coefficient"
49,"giniVarCI","EGIN",0.841613322924798,"Gini coefficient"
49,"ineq","EGIN",0.841613322924798,"Gini coefficient"
49,"microbiome","EGIN",0.841613322924799,"Gini coefficient"
49,"REAT","EGIN",0.841613322924798,"Gini coefficient"
49,"shipunov","EGIN",0.841613322924799,"Gini coefficient"
49,"wINEQ","EGIN",0.841613322924798,"Gini coefficient"
49,"abdiv","EHEI",0.475174813808025,"Heip"
49,"adiv","EHEI",0.475174813808025,"Heip"
49,"custom","EHUL",0.192037470725995,"Hulburt"
49,"benthos","EHURE",0.963210959747556,"Hurlbert PIE"
49,"BiodiversityR","EHURE",0.96321096,"Hurlbert PIE"
49,"mobr","EHURE",0.963210959747556,"Hurlbert PIE"
49,"vegan","EHURE",0.963210959747822,"Hurlbert PIE"
49,"custom","ELR",0.17889459430879,"Ludwig-Reynolds"
49,"abdiv","EMC",0.250269301279933,"McIntosh evenness"
49,"tabula","EMC",0.896367238409972,"McIntosh evenness"
49,"microbiome","EMN",0.192037470725995,"McNaughton"
49,"custom","ENHC",-0.0353175900816199,"NHC"
49,"custom","EPAT",0.207929175899747,"Patten"
49,"abdiv","EPIE",0.837723090172534,"Pielou"
49,"adiv","EPIE",0.837723090172534,"Pielou"
49,"BiodiversityR","EPIE",0.83772309,"Pielou"
49,"breakaway","EPIE",0.837723090172534,"Pielou"
49,"chemodiv","EPIE",0.837723090172534,"Pielou"
49,"diverse","EPIE",0.872925432868637,"Pielou"
49,"forestmangr","EPIE",1,"Pielou"
49,"microbiome","EPIE",0.837723090172534,"Pielou"
49,"OTUtable","EPIE",0.837723090172534,"Pielou"
49,"pctax","EPIE",0.8377,"Pielou"
49,"sprex","EPIE",0.837723090172534,"Pielou"
49,"tabula","EPIE",0.837723090172534,"Pielou"
49,"custom","ESHE",0.480942123546399,"Sheldon"
49,"adiv","ESP",0.281446184101051,"Simpson evenness"
49,"codyn","ESP",0.551041666666667,"Simpson evenness"
49,"sprex","ESP",0.0415258369794884,"Simpson evenness"
49,"tabula","ESP",0.281446184101051,"Simpson evenness"
49,"abdiv","EST",0.484237074401009,"Strong"
49,"adiv","QHIL_0",91,"Hill q=0"
49,"adiv","QHIL_1",43.7657332427223,"Hill q=1"
49,"adiv","QHIL_2",25.6116027531957,"Hill q=2"
49,"adiv","QHIL_3",19.4524835532772,"Hill q=3"
49,"BAT","QHIL_0",91,"Hill q=0"
49,"BAT","QHIL_1",43.7657332427223,"Hill q=1"
49,"BAT","QHIL_2",25.6116027531957,"Hill q=2"
49,"BAT","QHIL_3",19.4524835532772,"Hill q=3"
49,"benthos","QHIL_0",225,"Hill q=0"
49,"benthos","QHIL_1",43.7657332427223,"Hill q=1"
49,"benthos","QHIL_2",25.6116027531957,"Hill q=2"
49,"benthos","QHIL_3",19.4524835532772,"Hill q=3"
49,"breakaway","QHIL_0",91,"Hill q=0"
49,"breakaway","QHIL_1",43.7657332427223,"Hill q=1"
49,"breakaway","QHIL_2",25.6116027531957,"Hill q=2"
49,"breakaway","QHIL_3",19.4524835532772,"Hill q=3"
49,"chemodiv","QHIL_0",91,"Hill q=0"
49,"chemodiv","QHIL_1",43.7657332427223,"Hill q=1"
49,"chemodiv","QHIL_2",25.6116027531957,"Hill q=2"
49,"chemodiv","QHIL_3",19.4524835532772,"Hill q=3"
49,"divDyn","QHIL_2",25.6116027531957,"Hill q=2"
49,"divent","QHIL_0",91,"Hill q=0"
49,"divent","QHIL_1",43.7657332427223,"Hill q=1"
49,"divent","QHIL_2",25.6116027531957,"Hill q=2"
49,"divent","QHIL_3",19.4524835532772,"Hill q=3"
49,"entropart","QHIL_0",91,"Hill q=0"
49,"entropart","QHIL_1",43.7657332427223,"Hill q=1"
49,"entropart","QHIL_2",25.6116027531957,"Hill q=2"
49,"entropart","QHIL_3",19.4524835532772,"Hill q=3"
49,"EntropyEstimation","QHIL_1",49.1145868057158,"Hill q=1"
49,"EntropyEstimation","QHIL_2",27.1820083682011,"Hill q=2"
49,"EntropyEstimation","QHIL_3",20.4287186378321,"Hill q=3"
49,"hilldiv","QHIL_0",91,"Hill q=0"
49,"hilldiv","QHIL_1",43.7660393243863,"Hill q=1"
49,"hilldiv","QHIL_2",25.6116027531957,"Hill q=2"
49,"hilldiv","QHIL_3",19.4524835532772,"Hill q=3"
49,"hillR","QHIL_0",91,"Hill q=0"
49,"hillR","QHIL_1",43.7657332427223,"Hill q=1"
49,"hillR","QHIL_2",25.6116027531957,"Hill q=2"
49,"hillR","QHIL_3",19.4524835532772,"Hill q=3"
49,"sprex","QHIL_0",91,"Hill q=0"
49,"sprex","QHIL_1",43.7657332427223,"Hill q=1"
49,"sprex","QHIL_2",25.6116027531957,"Hill q=2"
49,"sprex","QHIL_3",19.4524835532772,"Hill q=3"
49,"vegan","QHIL_0",91,"Hill q=0"
49,"vegan","QHIL_1",43.7657332427223,"Hill q=1"
49,"vegan","QHIL_2",25.6116027531957,"Hill q=2"
49,"vegan","QHIL_3",19.4524835532772,"Hill q=3"
49,"adiv","QREN_0",4.51085950651685,"Renyi q=0"
49,"adiv","QREN_1",3.77885116513345,"Renyi q=1"
49,"adiv","QREN_2",3.24304548135338,"Renyi q=2"
49,"adiv","QREN_3",2.9679747510274,"Renyi q=3"
49,"BiodiversityR","QREN_0",4.51085950651685,"Renyi q=0"
49,"BiodiversityR","QREN_1",3.77885116513345,"Renyi q=1"
49,"BiodiversityR","QREN_2",3.24304548135338,"Renyi q=2"
49,"BiodiversityR","QREN_3",2.9679747510274,"Renyi q=3"
49,"diverse","QREN_0",4.47733681447821,"Renyi q=0"
49,"diverse","QREN_1",3.90838117687707,"Renyi q=1"
49,"diverse","QREN_2",3.417320329959,"Renyi q=2"
49,"diverse","QREN_3",3.11274485242223,"Renyi q=3"
49,"EntropyEstimation","QREN_1",3.89415607429934,"Renyi q=1"
49,"EntropyEstimation","QREN_2",3.30255529739129,"Renyi q=2"
49,"EntropyEstimation","QREN_3",3.01694168722636,"Renyi q=3"
49,"seewave","QREN_2",0.598778697454885,"Renyi q=2"
49,"seewave","QREN_3",0.547991096489274,"Renyi q=3"
49,"sprex","QREN_0",4.51085950651685,"Renyi q=0"
49,"sprex","QREN_1",3.77885116513345,"Renyi q=1"
49,"sprex","QREN_2",3.24304548135338,"Renyi q=2"
49,"sprex","QREN_3",2.9679747510274,"Renyi q=3"
49,"statcomp","QREN_1",0.69770700033467,"Renyi q=1"
49,"statcomp","QREN_2",0.598778685866572,"Renyi q=2"
49,"statcomp","QREN_3",0.54799108779804,"Renyi q=3"
49,"vegan","QREN_0",4.51085950651685,"Renyi q=0"
49,"vegan","QREN_1",3.77885116513345,"Renyi q=1"
49,"vegan","QREN_2",3.24304548135338,"Renyi q=2"
49,"vegan","QREN_3",2.9679747510274,"Renyi q=3"
49,"adiv","QTSA_0",90,"Tsallis q=0"
49,"adiv","QTSA_1",3.77885116513345,"Tsallis q=1"
49,"adiv","QTSA_2",0.960955196375782,"Tsallis q=2"
49,"adiv","QTSA_3",0.498678643848935,"Tsallis q=3"
49,"divent","QTSA_0",90,"Tsallis q=0"
49,"divent","QTSA_1",3.77885116513345,"Tsallis q=1"
49,"divent","QTSA_2",0.960955196375782,"Tsallis q=2"
49,"divent","QTSA_3",0.498678643848935,"Tsallis q=3"
49,"entropart","QTSA_0",90,"Tsallis q=0"
49,"entropart","QTSA_1",3.77885116513345,"Tsallis q=1"
49,"entropart","QTSA_2",0.960955196375782,"Tsallis q=2"
49,"entropart","QTSA_3",0.498678643848935,"Tsallis q=3"
49,"EntropyEstimation","QTSA_1",3.89415607429934,"Tsallis q=1"
49,"EntropyEstimation","QTSA_2",0.963210959747557,"Tsallis q=2"
49,"EntropyEstimation","QTSA_3",0.498801914670278,"Tsallis q=3"
49,"vegan","QTSA_0",90,"Tsallis q=0"
49,"vegan","QTSA_1",3.77885116513345,"Tsallis q=1"
49,"vegan","QTSA_2",0.960955196375782,"Tsallis q=2"
49,"vegan","QTSA_3",0.498678643848935,"Tsallis q=3"
49,"BAT","RACE",141.859406960227,"ACE"
49,"ecodive","RACE",141.859406960227,"ACE"
49,"fossil","RACE",110.74375,"ACE"
49,"pctax","RACE",141.8594,"ACE"
49,"sprex","RACE",427,"ACE"
49,"tabula","RACE",141.859406960227,"ACE"
49,"vegan","RACE",141.859406960227,"ACE"
49,"wiqid","RACE",141.859406960227,"ACE"
49,"BiodiversityR","RBOO",91,"Bootstrap estimator"
49,"wiqid","RBOO",225,"Bootstrap estimator"
49,"BAT","RC1",128.05,"Chao 1"
49,"BiodiversityR","RC1",91,"Chao 1"
49,"biosampleR","RC1",100,"Chao 1"
49,"iNEXT","RC1",130.933,"Chao 1"
49,"microbiome","RC1",128.05,"Chao 1"
49,"pctax","RC1",128.05,"Chao 1"
49,"rareNMtests","RC1",91,"Chao 1"
49,"SpadeR","RC1",91,"Chao 1"
49,"SSP","RC1",91,"Chao 1"
49,"vegan","RC1",128.05,"Chao 1"
49,"wiqid","RC1",131.026315789474,"Chao 1"
49,"BAT","RC1M",151.569387755102,"Chao 1 modified"
49,"divent","RC1M",130.932577345002,"Chao 1 modified"
49,"ecodive","RC1M",131.026315789474,"Chao 1 modified"
49,"entropart","RC1M",130.932577345002,"Chao 1 modified"
49,"fossil","RC1M",131.026315789474,"Chao 1 modified"
49,"mobr","RC1M",130.932577345002,"Chao 1 modified"
49,"OTUtable","RC1M",131.026315789474,"Chao 1 modified"
49,"tabula","RC1M",130.932577345002,"Chao 1 modified"
49,"wiqid","RC1M",131.026315789474,"Chao 1 modified"
49,"BAT","RCA2",235.71296129322,"Chao 2"
49,"divDyn","RCA2",127.642857142857,"Chao 2"
49,"fossil","RCA2",131.026315789474,"Chao 2"
49,"tabula","RCA2",91,"Chao 2"
49,"wiqid","RCA2",91,"Chao 2"
49,"benthos","RHUR_2",1.96321095974782,"Hurlbert D k=2"
49,"benthos","RHUR_3",2.89202904990229,"Hurlbert D k=3"
49,"divent","RHUR_2",27.1820083602225,"Hurlbert D k=2"
49,"divent","RHUR_3",27.4478202825393,"Hurlbert D k=3"
49,"entropart","RHUR_2",1.96321095974781,"Hurlbert D k=2"
49,"entropart","RHUR_3",2.89202904990228,"Hurlbert D k=3"
49,"mobsim","RHUR_2",1.96321095974782,"Hurlbert D k=2"
49,"mobsim","RHUR_3",2.89202904990229,"Hurlbert D k=3"
49,"tabula","RHUR_2",1.96321095974142,"Hurlbert D k=2"
49,"tabula","RHUR_3",2.89202904992372,"Hurlbert D k=3"
49,"vegan","RHUR_2",1.96321095974782,"Hurlbert D k=2"
49,"vegan","RHUR_3",2.89202904990229,"Hurlbert D k=3"
49,"BAT","RICE",239.910390388744,"ICE"
49,"fossil","RICE",110.74375,"ICE"
49,"tabula","RICE",91,"ICE"
49,"wiqid","RICE",91,"ICE"
49,"BAT","RJA1",130,"Jackknife 1"
49,"BiodiversityR","RJA1",91,"Jackknife 1"
49,"divent","RJA1",150,"Jackknife 1"
49,"entropart","RJA1",150,"Jackknife 1"
49,"fossil","RJA1",129.908665105386,"Jackknife 1"
49,"SSP","RJA1",91,"Jackknife 1"
49,"tabula","RJA1",3.75581084654242,"Jackknife 1"
49,"wiqid","RJA1",130,"Jackknife 1"
49,"BAT","RJA2",150,"Jackknife 2"
49,"BiodiversityR","RJA2",91,"Jackknife 2"
49,"fossil","RJA2",149.585375641829,"Jackknife 2"
49,"SSP","RJA2",91,"Jackknife 2"
49,"wiqid","RJA2",150,"Jackknife 2"
49,"asbio","RLMD",145.128429230288,NA
49,"sads","RLMD",0.883523937536358,NA
49,"vegan","RLMD",136.383142004605,NA
49,"wiqid","RMM",0,"Michaelis-Menten"
49,"divDyn","RSQ",151.566053249804,"Squares Richness Estimator"
49,"ecodive","RSQ",151.566053249804,"Squares Richness Estimator"
49,"tabula","RSQ",151.566053249804,"Squares Richness Estimator"
50,"custom","RICH",93,"Species richness"
50,"abdiv","D1SP",0.967978395061728,"Simpson's reciprocal"
50,"ade4","D1SP",0.967978395061729,"Simpson's reciprocal"
50,"adiv","D1SP",0.967978395061728,"Simpson's reciprocal"
50,"agricolae","D1SP",0.967978395061728,"Simpson's reciprocal"
50,"asbio","D1SP",0.967978395061728,"Simpson's reciprocal"
50,"BiodiversityR","D1SP",0.9679784,"Simpson's reciprocal"
50,"biosampleR","D1SP",0.953425672969435,"Simpson's reciprocal"
50,"breakaway","D1SP",0.967978395061728,"Simpson's reciprocal"
50,"catsim","D1SP",0.618785185185185,"Simpson's reciprocal"
50,"concstats","D1SP",0.995678667879189,"Simpson's reciprocal"
50,"CUB","D1SP",0.97229972718254,"Simpson's reciprocal"
50,"DescTools","D1SP",0.967978395061729,"Simpson's reciprocal"
50,"divent","D1SP",0.967978395061728,"Simpson's reciprocal"
50,"diverse","D1SP",0.953425672969435,"Simpson's reciprocal"
50,"ecodive","D1SP",0.967978395061728,"Simpson's reciprocal"
50,"entropart","D1SP",0.967978395061728,"Simpson's reciprocal"
50,"lawstat","D1SP",0.829365079365079,"Simpson's reciprocal"
50,"MCPAN","D1SP",0.967978395061728,"Simpson's reciprocal"
50,"microbiome","D1SP",0.967978395061728,"Simpson's reciprocal"
50,"PCRA","D1SP",0.967978395061728,"Simpson's reciprocal"
50,"RoughSets","D1SP",0.967978395061728,"Simpson's reciprocal"
50,"simboot","D1SP",0.967978395061728,"Simpson's reciprocal"
50,"sprex","D1SP",0.967978395061728,"Simpson's reciprocal"
50,"untb","D1SP",0.970224284609435,"Simpson's reciprocal"
50,"vegan","D1SP",0.967978395061728,"Simpson's reciprocal"
50,"abdiv","DBRI",3.60712567325915,"Brillouin"
50,"ecodive","DBRI",3.60712567325915,"Brillouin"
50,"tabula","DBRI",3.60712567325915,"Brillouin"
50,"wiqid","DBRI",36.8599528567343,"Brillouin"
50,"BiodiversityR","DFIS",36.40426401,"Fisher's alpha"
50,"ecodive","DFIS",36.404,"Fisher's alpha"
50,"microbiome","DFIS",36.4042640135268,"Fisher's alpha"
50,"preseqR","DFIS",9.88372553523556,"Fisher's alpha"
50,"sads","DFIS",36.4042641404955,"Fisher's alpha"
50,"vegan","DFIS",36.4042640135268,"Fisher's alpha"
50,"custom","DGLE",15.3252270539762,"Gleason"
50,"custom","DGOO_1_1",3.90661620707035,"Good m1 n1"
50,"custom","DGOO_1_2",0.32162366139783,"Good m1 n2"
50,"custom","DGOO_1_3",1,"Good m1 n3"
50,"custom","DGOO_2_1",0.0987439528828131,"Good m2 n1"
50,"custom","DGOO_2_2",1.1108665856408,"Good m2 n2"
50,"custom","DGOO_2_3",1,"Good m2 n3"
50,"custom","DGOO_3_1",0.00490078343766069,"Good m3 n1"
50,"custom","DGOO_3_2",0.0400319394811662,"Good m3 n2"
50,"custom","DGOO_3_3",1,"Good m3 n3"
50,"abdiv","DINVSP",31.2289156626506,"Simpson inverse"
50,"adiv","DINVSP",31.2289156626506,"Simpson inverse"
50,"asbio","DINVSP",31.2289156626506,"Simpson inverse"
50,"BiodiversityR","DINVSP",31.22891566,"Simpson inverse"
50,"breakaway","DINVSP",31.2289156626506,"Simpson inverse"
50,"chemodiv","DINVSP",31.2289156626506,"Simpson inverse"
50,"codyn","DINVSP",5.78703703703704,"Simpson inverse"
50,"divseg","DINVSP",1.03202160493827,"Simpson inverse"
50,"ecodive","DINVSP",31.2289156626506,"Simpson inverse"
50,"microbiome","DINVSP",31.2289156626506,"Simpson inverse"
50,"sprex","DINVSP",31.2289156626506,"Simpson inverse"
50,"vegan","DINVSP",31.2289156626506,"Simpson inverse"
50,"wiqid","DINVSP",31.2289156626506,"Simpson inverse"
50,"custom","DKO",0.146788990825688,"Kothe"
50,"abdiv","DMC",0.862553824585628,"McIntosh"
50,"adiv","DMC",0.862553824585628,"McIntosh"
50,"agricolae","DMC",0.862553824585628,"McIntosh"
50,"ecodive","DMC",0.862553824585628,"McIntosh"
50,"forestHES","DMC",0.862553824585628,"McIntosh"
50,"tabula","DMC",0.862553824585628,"McIntosh"
50,"abdiv","DMG",15.160439666299,"Margalef"
50,"adiv","DMG",15.160439666299,"Margalef"
50,"agricolae","DMG",36.9123748396846,"Margalef"
50,"ecodive","DMG",15.160439666299,"Margalef"
50,"tabula","DMG",15.160439666299,"Margalef"
50,"abdiv","DMN",4.4744645862196,"Menhinick"
50,"adiv","DMN",4.4744645862196,"Menhinick"
50,"ecodive","DMN",4.4744645862196,"Menhinick"
50,"tabula","DMN",4.4744645862196,"Menhinick"
50,"custom","DOD",215.277777777778,"Odum"
50,"abdiv","DQ",0,"Q-statistic"
50,"ade4","DRAO",0.967978395061728,"Rao"
50,"BAT","DRAO",0.967978395061748,"Rao"
50,"SYNCSA","DRAO",0.967978395061728,"Rao"
50,"abdiv","DSHA",3.90661620707035,"Shannon"
50,"adiv","DSHA",3.90661620707035,"Shannon"
50,"aqp","DSHA",5.63605582859685,"Shannon"
50,"asbio","DSHA",3.90661620707035,"Shannon"
50,"benthos","DSHA",0,"Shannon"
50,"BiodiversityR","DSHA",3.90661621,"Shannon"
50,"biosampleR","DSHA",3.76133087438578,"Shannon"
50,"chemodiv","DSHA",3.90661620707035,"Shannon"
50,"codyn","DSHA",3.90661620707035,"Shannon"
50,"DescTools","DSHA",5.63605582859685,"Shannon"
50,"divDyn","DSHA",3.90661620707035,"Shannon"
50,"divent","DSHA",3.90661620707035,"Shannon"
50,"diverse","DSHA",3.76133087438578,"Shannon"
50,"ecodive","DSHA",3.90661620707036,"Shannon"
50,"EconGeo","DSHA",5.636,"Shannon"
50,"entropart","DSHA",3.90661620707035,"Shannon"
50,"forestmangr","DSHA",3.56,"Shannon"
50,"HardyWeinberg","DSHA",3.90661620707035,"Shannon"
50,"iNEXT","DSHA",3.907,"Shannon"
50,"MCPAN","DSHA",3.90661620707035,"Shannon"
50,"microbiome","DSHA",3.90661620707035,"Shannon"
50,"OTUtable","DSHA",3.90661620707035,"Shannon"
50,"pgirmess","DSHA",5.63605582859685,"Shannon"
50,"SpiecEasi","DSHA",3.90661620707035,"Shannon"
50,"sprex","DSHA",3.90661620707035,"Shannon"
50,"tabula","DSHA",3.90661620707035,"Shannon"
50,"triversity","DSHA",5.63605582859685,"Shannon"
50,"vegan","DSHA",3.90661620707035,"Shannon"
50,"wavethresh","DSHA",-35673.8397050894,"Shannon"
50,"wiqid","DSHA",49.7303896034386,"Shannon"
50,"abdiv","DSP",0.0320216049382716,"Simpson"
50,"agricolae","DSP",0.0320216049382716,"Simpson"
50,"antitrust","DSP",320.216049382716,"Simpson"
50,"benthos","DSP",0.0297757153905646,"Simpson"
50,"breakaway","DSP",0.0320216049382716,"Simpson"
50,"concstats","DSP",0.0320216049382716,"Simpson"
50,"DescTools","DSP",0.0320216049382716,"Simpson"
50,"diverse","DSP",0.0442374994007383,"Simpson"
50,"divseg","DSP",1.03202160493827,"Simpson"
50,"EconGeo","DSP",0.0320216049382716,"Simpson"
50,"hhi","DSP",0.1728,"Simpson"
50,"ineq","DSP",0.0320216049382716,"Simpson"
50,"microbiome","DSP",0.0320216049382716,"Simpson"
50,"PDtoolkit","DSP",0.0320216049382716,"Simpson"
50,"politics","DSP",0.0320216049382716,"Simpson"
50,"REAT","DSP",0.0320216049382716,"Simpson"
50,"sprex","DSP",0.0320216049382716,"Simpson"
50,"tabula","DSP",0.0320216049382716,"Simpson"
50,"triversity","DSP",0.0320216049382716,"Simpson"
50,"abdiv","EBP",0.099537037037037,"Berger-Parker"
50,"agricolae","EBP",0.099537037037037,"Berger-Parker"
50,"BiodiversityR","EBP",0.09953704,"Berger-Parker"
50,"diverse","EBP",0.158924205378973,"Berger-Parker"
50,"dyvDyn","EBP",0.099537037037037,"Berger-Parker"
50,"ecodive","EBP",0.099537037037037,"Berger-Parker"
50,"microbiome","EBP",0.099537037037037,"Berger-Parker"
50,"tabula","EBP",0.099537037037037,"Berger-Parker"
50,"triversity","EBP",0.099537037037037,"Berger-Parker"
50,"wiqid","EBP",1,"Berger-Parker"
50,"tabula","EBRI",0.865043156897046,"Brillouin evenness"
50,"BAT","EBU",0.531627415458937,"Bulla"
50,"microbiome","EBU",0.531627415458937,"Bulla"
50,"BAT","ECAM",0.987429224455873,"Camargo"
50,"microbiome","ECAM",0.716298287534847,"Camargo"
50,"codyn","EEQ",0.22341564635939,"NHC EQ"
50,"custom","EEQ",0.00075184773908597,"NHC EQ"
50,"adiv","EEVAR",0.496929097715807,"NHC EVAR"
50,"codyn","EEVAR",0.588642443419713,"NHC EVAR"
50,"custom","EEVAR",0.496929097715807,"NHC EVAR"
50,"microbiome","EEVAR",0.496929097715807,"NHC EVAR"
50,"acid","EGIN",0.825679012345679,"Gini coefficient"
50,"DescTools","EGIN",0.825679012345679,"Gini coefficient"
50,"dplR","EGIN",0.825679012345679,"Gini coefficient"
50,"EconGeo","EGIN",0.826,"Gini coefficient"
50,"giniVarCI","EGIN",0.825679012345679,"Gini coefficient"
50,"ineq","EGIN",0.825679012345679,"Gini coefficient"
50,"microbiome","EGIN",0.825679012345677,"Gini coefficient"
50,"REAT","EGIN",0.825679012345679,"Gini coefficient"
50,"shipunov","EGIN",0.825679012345677,"Gini coefficient"
50,"wINEQ","EGIN",0.825679012345679,"Gini coefficient"
50,"abdiv","EHEI",0.529678147863463,"Heip"
50,"adiv","EHEI",0.529678147863463,"Heip"
50,"custom","EHUL",0.162037037037037,"Hulburt"
50,"benthos","EHURE",0.970224284609435,"Hurlbert PIE"
50,"BiodiversityR","EHURE",0.97022428,"Hurlbert PIE"
50,"mobr","EHURE",0.970224284609435,"Hurlbert PIE"
50,"vegan","EHURE",0.970224284609763,"Hurlbert PIE"
50,"custom","ELR",0.198856390614686,"Ludwig-Reynolds"
50,"abdiv","EMC",0.227276027547678,"McIntosh evenness"
50,"tabula","EMC",0.916043466895436,"McIntosh evenness"
50,"microbiome","EMN",0.162037037037037,"McNaughton"
50,"custom","ENHC",-0.0349751706817905,"NHC"
50,"custom","EPAT",0.118923285726332,"Patten"
50,"abdiv","EPIE",0.861893095335582,"Pielou"
50,"adiv","EPIE",0.861893095335582,"Pielou"
50,"BiodiversityR","EPIE",0.8618931,"Pielou"
50,"breakaway","EPIE",0.861893095335582,"Pielou"
50,"chemodiv","EPIE",0.861893095335582,"Pielou"
50,"diverse","EPIE",0.835886659648367,"Pielou"
50,"forestmangr","EPIE",1,"Pielou"
50,"microbiome","EPIE",0.861893095335582,"Pielou"
50,"OTUtable","EPIE",0.861893095335582,"Pielou"
50,"pctax","EPIE",0.8619,"Pielou"
50,"sprex","EPIE",0.861893095335582,"Pielou"
50,"tabula","EPIE",0.861893095335582,"Pielou"
50,"custom","ESHE",0.534735372079985,"Sheldon"
50,"adiv","ESP",0.335794792071512,"Simpson evenness"
50,"codyn","ESP",0.413359788359788,"Simpson evenness"
50,"sprex","ESP",0.0420066258824769,"Simpson evenness"
50,"tabula","ESP",0.335794792071512,"Simpson evenness"
50,"abdiv","EST",0.463336320191159,"Strong"
50,"adiv","QHIL_0",93,"Hill q=0"
50,"adiv","QHIL_1",49.7303896034386,"Hill q=1"
50,"adiv","QHIL_2",31.2289156626506,"Hill q=2"
50,"adiv","QHIL_3",23.4851601246396,"Hill q=3"
50,"BAT","QHIL_0",93,"Hill q=0"
50,"BAT","QHIL_1",49.7303896034386,"Hill q=1"
50,"BAT","QHIL_2",31.2289156626506,"Hill q=2"
50,"BAT","QHIL_3",23.4851601246396,"Hill q=3"
50,"benthos","QHIL_0",225,"Hill q=0"
50,"benthos","QHIL_1",49.7303896034386,"Hill q=1"
50,"benthos","QHIL_2",31.2289156626506,"Hill q=2"
50,"benthos","QHIL_3",23.4851601246396,"Hill q=3"
50,"breakaway","QHIL_0",93,"Hill q=0"
50,"breakaway","QHIL_1",49.7303896034386,"Hill q=1"
50,"breakaway","QHIL_2",31.2289156626506,"Hill q=2"
50,"breakaway","QHIL_3",23.4851601246396,"Hill q=3"
50,"chemodiv","QHIL_0",93,"Hill q=0"
50,"chemodiv","QHIL_1",49.7303896034386,"Hill q=1"
50,"chemodiv","QHIL_2",31.2289156626506,"Hill q=2"
50,"chemodiv","QHIL_3",23.4851601246396,"Hill q=3"
50,"divDyn","QHIL_2",31.2289156626506,"Hill q=2"
50,"divent","QHIL_0",93,"Hill q=0"
50,"divent","QHIL_1",49.7303896034386,"Hill q=1"
50,"divent","QHIL_2",31.2289156626505,"Hill q=2"
50,"divent","QHIL_3",23.4851601246388,"Hill q=3"
50,"entropart","QHIL_0",93,"Hill q=0"
50,"entropart","QHIL_1",49.7303896034386,"Hill q=1"
50,"entropart","QHIL_2",31.2289156626505,"Hill q=2"
50,"entropart","QHIL_3",23.4851601246395,"Hill q=3"
50,"EntropyEstimation","QHIL_1",55.8516564548452,"Hill q=1"
50,"EntropyEstimation","QHIL_2",33.5844155844149,"Hill q=2"
50,"EntropyEstimation","QHIL_3",24.9022253839544,"Hill q=3"
50,"hilldiv","QHIL_0",93,"Hill q=0"
50,"hilldiv","QHIL_1",49.7306784563149,"Hill q=1"
50,"hilldiv","QHIL_2",31.2289156626506,"Hill q=2"
50,"hilldiv","QHIL_3",23.4851601246396,"Hill q=3"
50,"hillR","QHIL_0",93,"Hill q=0"
50,"hillR","QHIL_1",49.7303896034386,"Hill q=1"
50,"hillR","QHIL_2",31.2289156626506,"Hill q=2"
50,"hillR","QHIL_3",23.4851601246396,"Hill q=3"
50,"sprex","QHIL_0",93,"Hill q=0"
50,"sprex","QHIL_1",49.7303896034386,"Hill q=1"
50,"sprex","QHIL_2",31.2289156626506,"Hill q=2"
50,"sprex","QHIL_3",23.4851601246396,"Hill q=3"
50,"vegan","QHIL_0",93,"Hill q=0"
50,"vegan","QHIL_1",49.7303896034386,"Hill q=1"
50,"vegan","QHIL_2",31.2289156626506,"Hill q=2"
50,"vegan","QHIL_3",23.4851601246396,"Hill q=3"
50,"adiv","QREN_0",4.53259949315326,"Renyi q=0"
50,"adiv","QREN_1",3.90661620707035,"Renyi q=1"
50,"adiv","QREN_2",3.44134444967557,"Renyi q=2"
50,"adiv","QREN_3",3.15636873762219,"Renyi q=3"
50,"BiodiversityR","QREN_0",4.53259949315326,"Renyi q=0"
50,"BiodiversityR","QREN_1",3.90661620707035,"Renyi q=1"
50,"BiodiversityR","QREN_2",3.44134444967557,"Renyi q=2"
50,"BiodiversityR","QREN_3",3.15636873762219,"Renyi q=3"
50,"diverse","QREN_0",4.49980967033027,"Renyi q=0"
50,"diverse","QREN_1",3.76133087438578,"Renyi q=1"
50,"diverse","QREN_2",3.06670581175475,"Renyi q=2"
50,"diverse","QREN_3",2.65124823515902,"Renyi q=3"
50,"EntropyEstimation","QREN_1",4.02269918406993,"Renyi q=1"
50,"EntropyEstimation","QREN_2",3.5140621374781,"Renyi q=2"
50,"EntropyEstimation","QREN_3",3.21495717232672,"Renyi q=3"
50,"seewave","QREN_2",0.635391565006071,"Renyi q=2"
50,"seewave","QREN_3",0.582775160920362,"Renyi q=3"
50,"sprex","QREN_0",4.53259949315326,"Renyi q=0"
50,"sprex","QREN_1",3.90661620707035,"Renyi q=1"
50,"sprex","QREN_2",3.44134444967557,"Renyi q=2"
50,"sprex","QREN_3",3.15636873762219,"Renyi q=3"
50,"statcomp","QREN_1",0.721296858802749,"Renyi q=1"
50,"statcomp","QREN_2",0.63539155372284,"Renyi q=2"
50,"statcomp","QREN_3",0.582775152457939,"Renyi q=3"
50,"vegan","QREN_0",4.53259949315326,"Renyi q=0"
50,"vegan","QREN_1",3.90661620707035,"Renyi q=1"
50,"vegan","QREN_2",3.44134444967557,"Renyi q=2"
50,"vegan","QREN_3",3.15636873762219,"Renyi q=3"
50,"adiv","QTSA_0",92,"Tsallis q=0"
50,"adiv","QTSA_1",3.90661620707035,"Tsallis q=1"
50,"adiv","QTSA_2",0.967978395061728,"Tsallis q=2"
50,"adiv","QTSA_3",0.499093468388012,"Tsallis q=3"
50,"divent","QTSA_0",92,"Tsallis q=0"
50,"divent","QTSA_1",3.90661620707035,"Tsallis q=1"
50,"divent","QTSA_2",0.967978395061728,"Tsallis q=2"
50,"divent","QTSA_3",0.499093468388012,"Tsallis q=3"
50,"entropart","QTSA_0",92,"Tsallis q=0"
50,"entropart","QTSA_1",3.90661620707035,"Tsallis q=1"
50,"entropart","QTSA_2",0.967978395061728,"Tsallis q=2"
50,"entropart","QTSA_3",0.499093468388012,"Tsallis q=3"
50,"EntropyEstimation","QTSA_1",4.02269918406993,"Tsallis q=1"
50,"EntropyEstimation","QTSA_2",0.970224284609435,"Tsallis q=2"
50,"EntropyEstimation","QTSA_3",0.499193705522281,"Tsallis q=3"
50,"vegan","QTSA_0",92,"Tsallis q=0"
50,"vegan","QTSA_1",3.90661620707035,"Tsallis q=1"
50,"vegan","QTSA_2",0.967978395061728,"Tsallis q=2"
50,"vegan","QTSA_3",0.499093468388012,"Tsallis q=3"
50,"BAT","RACE",142.122824404684,"ACE"
50,"ecodive","RACE",142.122824404684,"ACE"
50,"fossil","RACE",111.159509202454,"ACE"
50,"pctax","RACE",142.1228,"ACE"
50,"sprex","RACE",432,"ACE"
50,"tabula","RACE",142.122824404684,"ACE"
50,"vegan","RACE",142.122824404684,"ACE"
50,"wiqid","RACE",142.122824404684,"ACE"
50,"BiodiversityR","RBOO",93,"Bootstrap estimator"
50,"wiqid","RBOO",225,"Bootstrap estimator"
50,"BAT","RC1",126.3,"Chao 1"
50,"BiodiversityR","RC1",93,"Chao 1"
50,"biosampleR","RC1",129.176470588235,"Chao 1"
50,"iNEXT","RC1",128.943,"Chao 1"
50,"microbiome","RC1",126.3,"Chao 1"
50,"pctax","RC1",126.3,"Chao 1"
50,"rareNMtests","RC1",93,"Chao 1"
50,"SpadeR","RC1",93,"Chao 1"
50,"SSP","RC1",93,"Chao 1"
50,"vegan","RC1",126.3,"Chao 1"
50,"wiqid","RC1",129.026315789474,"Chao 1"
50,"BAT","RC1M",146.29129379119,"Chao 1 modified"
50,"divent","RC1M",128.942921539961,"Chao 1 modified"
50,"ecodive","RC1M",129.026315789474,"Chao 1 modified"
50,"entropart","RC1M",128.942921539961,"Chao 1 modified"
50,"fossil","RC1M",129.026315789474,"Chao 1 modified"
50,"mobr","RC1M",128.942921539961,"Chao 1 modified"
50,"OTUtable","RC1M",129.026315789474,"Chao 1 modified"
50,"tabula","RC1M",128.942921539961,"Chao 1 modified"
50,"wiqid","RC1M",129.026315789474,"Chao 1 modified"
50,"BAT","RCA2",235.5,"Chao 2"
50,"divDyn","RCA2",125.941935483871,"Chao 2"
50,"fossil","RCA2",129.026315789474,"Chao 2"
50,"tabula","RCA2",93,"Chao 2"
50,"wiqid","RCA2",93,"Chao 2"
50,"benthos","RHUR_2",1.97022428460976,"Hurlbert D k=2"
50,"benthos","RHUR_3",2.91228544278413,"Hurlbert D k=3"
50,"divent","RHUR_2",33.5844157154624,"Hurlbert D k=2"
50,"divent","RHUR_3",33.8652016121758,"Hurlbert D k=3"
50,"entropart","RHUR_2",1.97022428460977,"Hurlbert D k=2"
50,"entropart","RHUR_3",2.91228544278414,"Hurlbert D k=3"
50,"mobsim","RHUR_2",1.97022428460976,"Hurlbert D k=2"
50,"mobsim","RHUR_3",2.91228544278413,"Hurlbert D k=3"
50,"tabula","RHUR_2",1.97022428465098,"Hurlbert D k=2"
50,"tabula","RHUR_3",2.91228544287074,"Hurlbert D k=3"
50,"vegan","RHUR_2",1.97022428460976,"Hurlbert D k=2"
50,"vegan","RHUR_3",2.91228544278413,"Hurlbert D k=3"
50,"BAT","RICE",239.700871138974,"ICE"
50,"fossil","RICE",111.159509202454,"ICE"
50,"tabula","RICE",93,"ICE"
50,"wiqid","RICE",93,"ICE"
50,"BAT","RJA1",130,"Jackknife 1"
50,"BiodiversityR","RJA1",93,"Jackknife 1"
50,"divent","RJA1",148,"Jackknife 1"
50,"entropart","RJA1",148,"Jackknife 1"
50,"fossil","RJA1",129.914351851852,"Jackknife 1"
50,"SSP","RJA1",93,"Jackknife 1"
50,"tabula","RJA1",3.88631631268449,"Jackknife 1"
50,"wiqid","RJA1",130,"Jackknife 1"
50,"BAT","RJA2",148,"Jackknife 2"
50,"BiodiversityR","RJA2",93,"Jackknife 2"
50,"fossil","RJA2",147.617953510355,"Jackknife 2"
50,"SSP","RJA2",93,"Jackknife 2"
50,"wiqid","RJA2",148,"Jackknife 2"
50,"asbio","RLMD",150.91548943846,NA
50,"sads","RLMD",0.936944403338761,NA
50,"vegan","RLMD",123.567620917507,NA
50,"wiqid","RMM",0,"Michaelis-Menten"
50,"divDyn","RSQ",137.661043874159,"Squares Richness Estimator"
50,"ecodive","RSQ",137.661043874159,"Squares Richness Estimator"
50,"tabula","RSQ",137.661043874159,"Squares Richness Estimator"
