"Sample","package","index","value"
1,"abdiv","D1SP",0.828775510204082
1,"ade4","D1SP",0.828775510204082
1,"adiv","D1SP",0.828775510204082
1,"agricolae","D1SP",1
1,"asbio","D1SP",0.828775510204082
1,"BiodiversityR","D1SP",0.82877551
1,"biosampleR","D1SP",0.828775510204082
1,"breakaway","D1SP",0.828775510204082
1,"catsim","D1SP",0.768979591836735
1,"concstats","D1SP",0.97562424969988
1,"CUB","D1SP",0.853151260504202
1,"DescTools","D1SP",0.828775510204082
1,"divent","D1SP",0.828775510204082
1,"diverse","D1SP",0.828775510204082
1,"ecodive","D1SP",0.828775510204082
1,"entropart","D1SP",0.828775510204082
1,"lawstat","D1SP",0.795378151260504
1,"MCPAN","D1SP",-3355
1,"microbiome","D1SP",0.828775510204082
1,"PCRA","D1SP",0.828775510204082
1,"RoughSets","D1SP",0.828775510204082
1,"simboot","D1SP",-3355
1,"sprex","D1SP",0.828775510204082
1,"untb","D1SP",0.834737923946557
1,"vegan","D1SP",0.828775510204082
1,"abdiv","DBRI",2.08252746039484
1,"ecodive","DBRI",2.08252746039484
1,"tabula","DBRI",2.08252746039484
1,"wiqid","DBRI",8.02472548051004
1,"BiodiversityR","DFIS",6.38515508
1,"ecodive","DFIS",6.385
1,"microbiome","DFIS",6.38515507963988
1,"preseqR","DFIS",6.02131095308609
1,"sads","DFIS",6.38515467860307
1,"vegan","DFIS",6.38515507963988
1,"abdiv","DINVSP",5.84028605482718
1,"adiv","DINVSP",5.84028605482718
1,"asbio","DINVSP",5.84028605482718
1,"BiodiversityR","DINVSP",5.84028605
1,"breakaway","DINVSP",5.84028605482718
1,"chemodiv","DINVSP",5.84028605482718
1,"codyn","DINVSP",5.84028605482718
1,"divseg","DINVSP",1.17122448979592
1,"ecodive","DINVSP",5.84028605482717
1,"microbiome","DINVSP",5.84028605482718
1,"sprex","DINVSP",5.84028605482718
1,"vegan","DINVSP",5.84028605482718
1,"asbio","DLMD",37.4268551689424
1,"Compositional","DLMD",0.999958992306093
1,"sads","DLMD",1.27547704199003
1,"vegan","DLMD",23.5121788699862
1,"abdiv","DMC",0.64032448616116
1,"adiv","DMC",0.64032448616116
1,"agricolae","DMC",0.64032448616116
1,"ecodive","DMC",0.64032448616116
1,"forestHES","DMC",0.64032448616116
1,"tabula","DMC",0.64032448616116
1,"abdiv","DMG",3.84487552419213
1,"adiv","DMG",3.84487552419213
1,"agricolae","DMG",6.88030356960696
1,"ecodive","DMG",3.84487552419213
1,"tabula","DMG",3.84487552419213
1,"abdiv","DMN",1.69030850945703
1,"adiv","DMN",1.69030850945703
1,"ecodive","DMN",1.69030850945703
1,"tabula","DMN",1.69030850945703
1,"abdiv","DQ",5.91655497307444
1,"ade4","DRAO",0.828775510204082
1,"BAT","DRAO",0.828775510204082
1,"chemodiv","DRAO",401.84318391657
1,"diverse","DRAO",200.921591958285
1,"SYNCSA","DRAO",0.828775510204082
1,"abdiv","DSHA",2.28577509566694
1,"adiv","DSHA",2.28577509566694
1,"aqp","DSHA",-536.424927057429
1,"asbio","DSHA",2.28577509566694
1,"benthos","DSHA",0
1,"BiodiversityR","DSHA",2.2857751
1,"biosampleR","DSHA",2.28577509566694
1,"chemodiv","DSHA",2.28577509566694
1,"codyn","DSHA",2.28577509566694
1,"DescTools","DSHA",3.29767639510619
1,"divDyn","DSHA",2.28577509566694
1,"divent","DSHA",2.28577509566694
1,"diverse","DSHA",2.28577509566694
1,"ecodive","DSHA",2.28577509566694
1,"EconGeo","DSHA",3.298
1,"entropart","DSHA",2.38420510136614
1,"forestmangr","DSHA",3.56
1,"HardyWeinberg","DSHA",2.28577509566694
1,"iNEXT","DSHA",2.286
1,"MCPAN","DSHA",2.28577509566694
1,"microbiome","DSHA",2.28577509566694
1,"OTUtable","DSHA",2.28577509566694
1,"pgirmess","DSHA",3.29767639510619
1,"SpiecEasi","DSHA",2.28577509566694
1,"sprex","DSHA",2.28577509566694
1,"tabula","DSHA",2.28577509566694
1,"triversity","DSHA",20
1,"vegan","DSHA",2.28577509566694
1,"wavethresh","DSHA",-23807.6421763696
1,"wiqid","DSHA",6.05099502487562
1,"abdiv","DSP",0.171224489795918
1,"agricolae","DSP",0.171224489795918
1,"antitrust","DSP",1712.24489795918
1,"benthos","DSP",0.165262076053443
1,"breakaway","DSP",0.171224489795918
1,"concstats","DSP",0.171224489795918
1,"DescTools","DSP",0.171224489795918
1,"diverse","DSP",0.165262076053443
1,"divseg","DSP",1.17122448979592
1,"EconGeo","DSP",0.171224489795918
1,"hhi","DSP",0.171224489795918
1,"ineq","DSP",0.171224489795918
1,"microbiome","DSP",0.171224489795918
1,"PDtoolkit","DSP",0.171224489795918
1,"politics","DSP",0.171224489795918
1,"REAT","DSP",0.171224489795918
1,"sprex","DSP",0.171224489795918
1,"tabula","DSP",0.171224489795918
1,"triversity","DSP",0.171224489795918
1,"wiqid","DSP",6.05099502487562
1,"abdiv","EBP",0.357142857142857
1,"agricolae","EBP",0.357142857142857
1,"BiodiversityR","EBP",0.35714286
1,"diverse","EBP",0.357142857142857
1,"dyvDyn","EBP",0.357142857142857
1,"ecodive","EBP",0.357142857142857
1,"microbiome","EBP",0.357142857142857
1,"tabula","EBP",0.357142857142857
1,"triversity","EBP",0.357142857142857
1,"wiqid","EBP",1
1,"tabula","EBRI",0.757839642481135
1,"BAT","EBU",0.503759398496241
1,"microbiome","EBU",0.503759398496241
1,"BAT","ECAM",0.936616541353383
1,"microbiome","ECAM",0.397857142857143
1,"codyn","EEQ",0.178214976841818
1,"adiv","EEVAR",0.458765364581015
1,"codyn","EEVAR",0.451735418719053
1,"microbiome","EEVAR",0.458765364581015
1,"acid","EGIN",0.77265306122449
1,"DescTools","EGIN",0.77265306122449
1,"dplR","EGIN",0.77265306122449
1,"EconGeo","EGIN",0.773
1,"giniVarCI","EGIN",0.77265306122449
1,"ineq","EGIN",0.77265306122449
1,"microbiome","EGIN",0.77265306122449
1,"REAT","EGIN",0.77265306122449
1,"shipunov","EGIN",0.77265306122449
1,"wINEQ","EGIN",0.77265306122449
1,"adiv","EGSP",0.872395273899033
1,"abdiv","EHEI",0.464910790689576
1,"adiv","EHEI",0.464910790689576
1,"benthos","EHURE",0.834737923946557
1,"BiodiversityR","EHURE",0.83473792
1,"mobr","EHURE",0.834737923946557
1,"vegan","EHURE",0.834737923946542
1,"abdiv","EMC",0.478458187703615
1,"tabula","EMC",0.755039055048023
1,"microbiome","EMN",0.478571428571429
1,"abdiv","EPIE",0.763010471878786
1,"adiv","EPIE",0.763010471878786
1,"BiodiversityR","EPIE",0.76301047
1,"breakaway","EPIE",0.763010471878786
1,"chemodiv","EPIE",0.763010471878786
1,"diverse","EPIE",0.763010471878786
1,"forestmangr","EPIE",1
1,"microbiome","EPIE",0.763010471878786
1,"OTUtable","EPIE",0.763010471878786
1,"pctax","EPIE",0.763
1,"sprex","EPIE",0.763010471878786
1,"tabula","EPIE",0.763010471878786
1,"adiv","ESP",0.292014302741359
1,"codyn","ESP",0.292014302741359
1,"sprex","ESP",0.114288754783347
1,"tabula","ESP",0.292014302741359
1,"abdiv","EST",0.471428571428571
1,"adiv","QHIL_0",20
1,"adiv","QHIL_1",9.83330502310194
1,"adiv","QHIL_2",5.84028605482718
1,"adiv","QHIL_3",4.48207811705616
1,"BAT","QHIL_0",20
1,"BAT","QHIL_1",9.83330502310194
1,"BAT","QHIL_2",5.84028605482718
1,"BAT","QHIL_3",4.48207811705616
1,"benthos","QHIL_0",35
1,"benthos","QHIL_1",9.83330502310194
1,"benthos","QHIL_2",5.84028605482718
1,"benthos","QHIL_3",4.48207811705616
1,"breakaway","QHIL_0",20
1,"breakaway","QHIL_1",9.83330502310194
1,"breakaway","QHIL_2",5.84028605482718
1,"breakaway","QHIL_3",4.48207811705616
1,"chemodiv","QHIL_0",20
1,"chemodiv","QHIL_1",9.83330502310194
1,"chemodiv","QHIL_2",5.84028605482718
1,"chemodiv","QHIL_3",4.48207811705616
1,"divDyn","QHIL_2",5.84028605482718
1,"divent","QHIL_0",20
1,"divent","QHIL_1",9.83330502310194
1,"divent","QHIL_2",5.84028605482717
1,"divent","QHIL_3",4.48207811705616
1,"entropart","QHIL_0",20
1,"entropart","QHIL_1",9.83330502310194
1,"entropart","QHIL_2",5.84028605482717
1,"entropart","QHIL_3",4.48207811705616
1,"EntropyEstimation","QHIL_1",10.5756494818895
1,"EntropyEstimation","QHIL_2",6.05099502487562
1,"EntropyEstimation","QHIL_3",4.60197743056297
1,"extremefit","QHIL",NA
1,"hilldiv","QHIL_0",20
1,"hilldiv","QHIL_1",9.83337095610258
1,"hilldiv","QHIL_2",5.84028605482718
1,"hilldiv","QHIL_3",4.48207811705616
1,"hillR","QHIL_0",20
1,"hillR","QHIL_1",9.83330502310194
1,"hillR","QHIL_2",5.84028605482718
1,"hillR","QHIL_3",4.48207811705616
1,"sprex","QHIL_0",20
1,"sprex","QHIL_1",9.83330502310194
1,"sprex","QHIL_2",5.84028605482718
1,"sprex","QHIL_3",4.48207811705616
1,"vegan","QHIL_0",20
1,"vegan","QHIL_1",9.83330502310194
1,"vegan","QHIL_2",5.84028605482717
1,"vegan","QHIL_3",4.48207811705616
1,"adiv","QREN_0",2.99573227355399
1,"adiv","QREN_1",2.28577509566694
1,"adiv","QREN_2",1.76477977763151
1,"adiv","QREN_3",1.50008680428891
1,"BiodiversityR","QREN_0",2.99573227355399
1,"BiodiversityR","QREN_1",2.28577509566694
1,"BiodiversityR","QREN_2",1.76477977763151
1,"BiodiversityR","QREN_3",1.50008680428891
1,"diverse","QREN_0",2.99573227355399
1,"diverse","QREN_1",2.28577509566694
1,"diverse","QREN_2",1.76477977763151
1,"diverse","QREN_3",1.50008680428891
1,"EntropyEstimation","QREN_1",2.35855413977355
1,"EntropyEstimation","QREN_2",1.80022272544114
1,"EntropyEstimation","QREN_3",1.52648608733408
1,"seewave","QREN_2",0.496373285691972
1,"seewave","QREN_3",0.421924040745513
1,"sprex","QREN_0",2.99573227355399
1,"sprex","QREN_1",2.28577509566694
1,"sprex","QREN_2",1.76477977763151
1,"sprex","QREN_3",1.50008680428891
1,"statcomp","QREN_1",0.642911764512129
1,"statcomp","QREN_2",0.496373279664834
1,"statcomp","QREN_3",0.42192403622516
1,"vegan","QREN_0",2.99573227355399
1,"vegan","QREN_1",2.28577509566694
1,"vegan","QREN_2",1.76477977763151
1,"vegan","QREN_3",1.50008680428891
1,"adiv","QTSA_0",19
1,"adiv","QTSA_1",2.28577509566694
1,"adiv","QTSA_2",0.828775510204082
1,"adiv","QTSA_3",0.475110787172012
1,"divent","QTSA_0",19
1,"divent","QTSA_1",2.28577509566694
1,"divent","QTSA_2",0.828775510204082
1,"divent","QTSA_3",0.475110787172012
1,"entropart","QTSA_0",24
1,"entropart","QTSA_1",2.38420510136614
1,"entropart","QTSA_2",0.834680389400607
1,"entropart","QTSA_3",0.476055007405522
1,"EntropyEstimation","QTSA_1",2.35855413977355
1,"EntropyEstimation","QTSA_2",0.834737923946557
1,"EntropyEstimation","QTSA_3",0.476390812815586
1,"vegan","QTSA_0",19
1,"vegan","QTSA_1",2.28577509566694
1,"vegan","QTSA_2",0.828775510204082
1,"vegan","QTSA_3",0.475110787172012
1,"BAT","RACE",23.5632798573975
1,"ecodive","RACE",23.5632798573975
1,"fossil","RACE",21.6666666666667
1,"pctax","RACE",23.5633
1,"sprex","RACE",156.7631396104
1,"tabula","RACE",23.5632798573975
1,"vegan","RACE",23.5632798573975
1,"wiqid","RACE",23.5632798573975
1,"BiodiversityR","RBOO",20
1,"wiqid","RBOO",35
1,"BAT","RC1",22.5
1,"BiodiversityR","RC1",20
1,"biosampleR","RC1",22.5
1,"iNEXT","RC1",24.137
1,"microbiome","RC1",22.5
1,"pctax","RC1",22.5
1,"rareNMtests","RC1",20
1,"SpadeR","RC1",20
1,"SSP","RC1",19
1,"vegan","RC1",22.5
1,"wiqid","RC1",24.1666666666667
1,"BAT","RC1M",23.90625
1,"divent","RC1M",24.1369047619048
1,"ecodive","RC1M",24.1666666666667
1,"entropart","RC1M",24.1369047619048
1,"fossil","RC1M",24.1666666666667
1,"mobr","RC1M",24.1369047619048
1,"OTUtable","RC1M",24.1666666666667
1,"tabula","RC1M",24.1369047619048
1,"wiqid","RC1M",24.1666666666667
1,"BAT","RCA2",128.5
1,"divDyn","RCA2",22.375
1,"fossil","RCA2",24.1666666666667
1,"tabula","RCA2",20
1,"wiqid","RCA2",20
1,"benthos","RHUR_2",1.83473792394654
1,"benthos","RHUR_3",2.5514321462085
1,"divent","RHUR_2",6.05101567011729
1,"divent","RHUR_3",6.33612362875489
1,"entropart","RHUR_2",1.83473792394654
1,"entropart","RHUR_3",2.5514321462085
1,"mobsim","RHUR_2",1.83473792394654
1,"mobsim","RHUR_3",2.5514321462085
1,"tabula","RHUR_2",1.83473792394968
1,"tabula","RHUR_3",2.55143214620969
1,"vegan","RHUR_2",1.83473792394654
1,"vegan","RHUR_3",2.5514321462085
1,"BAT","RICE",NA
1,"fossil","RICE",21.6666666666667
1,"tabula","RICE",20
1,"wiqid","RICE",20
1,"BAT","RJA1",25
1,"BiodiversityR","RJA1",20
1,"divent","RJA1",25
1,"entropart","RJA1",25
1,"fossil","RJA1",24.9642857142857
1,"SSP","RJA1",19
1,"tabula","RJA1",2.18082826656774
1,"wiqid","RJA1",25
1,"BAT","RJA2",27
1,"BiodiversityR","RJA2",20
1,"fossil","RJA2",26.8498458376156
1,"SSP","RJA2",19
1,"wiqid","RJA2",27
1,"wiqid","RMM",0
1,"divDyn","RSQ",24.3025641025641
1,"ecodive","RSQ",24.3025641025641
1,"tabula","RSQ",24.3025641025641
2,"abdiv","D1SP",0.709345065716195
2,"ade4","D1SP",0.709345065716195
2,"adiv","D1SP",0.709345065716195
2,"agricolae","D1SP",1
2,"asbio","D1SP",0.709345065716195
2,"BiodiversityR","D1SP",0.70934507
2,"biosampleR","D1SP",0.887719552910437
2,"breakaway","D1SP",0.709345065716195
2,"catsim","D1SP",0.819591836734694
2,"concstats","D1SP",0.979136909831877
2,"CUB","D1SP",0.730208155884318
2,"DescTools","D1SP",0.709345065716195
2,"divent","D1SP",0.709345065716195
2,"diverse","D1SP",0.887719552910437
2,"ecodive","D1SP",0.709345065716195
2,"entropart","D1SP",0.709345065716195
2,"lawstat","D1SP",0.846795434591747
2,"MCPAN","D1SP",-20875
2,"microbiome","D1SP",0.709345065716195
2,"PCRA","D1SP",0.709345065716195
2,"RoughSets","D1SP",0.709345065716195
2,"simboot","D1SP",-20875
2,"sprex","D1SP",0.709345065716195
2,"untb","D1SP",0.712001788808765
2,"vegan","D1SP",0.709345065716195
2,"abdiv","DBRI",1.80390120854607
2,"ecodive","DBRI",1.80390120854607
2,"tabula","DBRI",1.80390120854607
2,"wiqid","DBRI",6.0732944968131
2,"BiodiversityR","DFIS",6.02526859
2,"ecodive","DFIS",6.025
2,"microbiome","DFIS",6.0252685904752
2,"preseqR","DFIS",7.87978781691913
2,"sads","DFIS",6.02526623756101
2,"vegan","DFIS",6.0252685904752
2,"abdiv","DINVSP",3.44050584403142
2,"adiv","DINVSP",3.44050584403142
2,"asbio","DINVSP",3.44050584403142
2,"BiodiversityR","DINVSP",3.44050584
2,"breakaway","DINVSP",3.44050584403142
2,"chemodiv","DINVSP",3.44050584403142
2,"codyn","DINVSP",3.44050584403142
2,"divseg","DINVSP",1.2906549342838
2,"ecodive","DINVSP",3.44050584403142
2,"microbiome","DINVSP",3.44050584403142
2,"sprex","DINVSP",3.44050584403142
2,"vegan","DINVSP",3.44050584403142
2,"asbio","DLMD",37.6340074851959
2,"Compositional","DLMD",0.999958992306093
2,"sads","DLMD",1.36091377691431
2,"vegan","DLMD",39.7141827865574
2,"abdiv","DMC",0.490859805880895
2,"adiv","DMC",0.490859805880895
2,"agricolae","DMC",0.490859805880895
2,"ecodive","DMC",0.490859805880895
2,"forestHES","DMC",0.490859805880895
2,"tabula","DMC",0.490859805880895
2,"abdiv","DMG",3.93490453057536
2,"adiv","DMG",3.93490453057536
2,"agricolae","DMG",6.08121609270737
2,"ecodive","DMG",3.93490453057536
2,"tabula","DMG",3.93490453057536
2,"abdiv","DMN",1.40494861009751
2,"adiv","DMN",1.40494861009751
2,"ecodive","DMN",1.40494861009751
2,"tabula","DMN",1.40494861009751
2,"abdiv","DQ",6.25167851051884
2,"ade4","DRAO",0.709345065716195
2,"BAT","DRAO",0.709345065716196
2,"chemodiv","DRAO",421.246606027423
2,"diverse","DRAO",57.6534291365125
2,"SYNCSA","DRAO",0.709345065716195
2,"abdiv","DSHA",1.93042838599021
2,"adiv","DSHA",1.93042838599021
2,"aqp","DSHA",-1415.32668796117
2,"asbio","DSHA",1.93042838599021
2,"benthos","DSHA",0
2,"BiodiversityR","DSHA",1.93042839
2,"biosampleR","DSHA",2.47691915111123
2,"chemodiv","DSHA",1.93042838599021
2,"codyn","DSHA",1.93042838599021
2,"DescTools","DSHA",2.78501945925936
2,"divDyn","DSHA",1.93042838599021
2,"divent","DSHA",1.93042838599021
2,"diverse","DSHA",2.47691915111123
2,"ecodive","DSHA",1.93042838599021
2,"EconGeo","DSHA",2.785
2,"entropart","DSHA",1.99352512594252
2,"forestmangr","DSHA",3.56
2,"HardyWeinberg","DSHA",1.93042838599021
2,"iNEXT","DSHA",1.93
2,"MCPAN","DSHA",1.93042838599021
2,"microbiome","DSHA",1.93042838599021
2,"OTUtable","DSHA",1.93042838599021
2,"pgirmess","DSHA",2.78501945925936
2,"SpiecEasi","DSHA",1.93042838599021
2,"sprex","DSHA",1.93042838599021
2,"tabula","DSHA",1.93042838599021
2,"triversity","DSHA",23
2,"vegan","DSHA",1.93042838599021
2,"wavethresh","DSHA",-198211.356130775
2,"wiqid","DSHA",3.47224378881988
2,"abdiv","DSP",0.290654934283805
2,"agricolae","DSP",0.290654934283805
2,"antitrust","DSP",2906.54934283805
2,"benthos","DSP",0.287998211191235
2,"breakaway","DSP",0.290654934283805
2,"concstats","DSP",0.290654934283805
2,"DescTools","DSP",0.290654934283805
2,"diverse","DSP",0.106900328587076
2,"divseg","DSP",1.2906549342838
2,"EconGeo","DSP",0.290654934283805
2,"hhi","DSP",0.290654934283805
2,"ineq","DSP",0.290654934283805
2,"microbiome","DSP",0.290654934283805
2,"PDtoolkit","DSP",0.290654934283805
2,"politics","DSP",0.290654934283805
2,"REAT","DSP",0.290654934283805
2,"sprex","DSP",0.290654934283805
2,"tabula","DSP",0.290654934283805
2,"triversity","DSP",0.290654934283805
2,"wiqid","DSP",3.47224378881988
2,"abdiv","EBP",0.514925373134328
2,"agricolae","EBP",0.514925373134328
2,"BiodiversityR","EBP",0.51492537
2,"diverse","EBP",0.198795180722892
2,"dyvDyn","EBP",0.514925373134328
2,"ecodive","EBP",0.514925373134328
2,"microbiome","EBP",0.514925373134328
2,"tabula","EBP",0.514925373134328
2,"triversity","EBP",0.514925373134328
2,"wiqid","EBP",1
2,"tabula","EBRI",0.60866450635894
2,"BAT","EBU",0.39246947082768
2,"microbiome","EBU",0.39246947082768
2,"BAT","ECAM",0.933632234086485
2,"microbiome","ECAM",0.251460090850097
2,"codyn","EEQ",0.149031381397538
2,"adiv","EEVAR",0.350650468298212
2,"codyn","EEVAR",0.346275458374568
2,"microbiome","EEVAR",0.350650468298212
2,"acid","EGIN",0.822601279317697
2,"DescTools","EGIN",0.822601279317697
2,"dplR","EGIN",0.822601279317697
2,"EconGeo","EGIN",0.823
2,"giniVarCI","EGIN",0.822601279317697
2,"ineq","EGIN",0.822601279317697
2,"microbiome","EGIN",0.822601279317697
2,"REAT","EGIN",0.822601279317697
2,"shipunov","EGIN",0.822601279317697
2,"wINEQ","EGIN",0.822601279317697
2,"adiv","EGSP",0.741588023248749
2,"abdiv","EHEI",0.267839192886418
2,"adiv","EHEI",0.267839192886418
2,"benthos","EHURE",0.712001788808765
2,"BiodiversityR","EHURE",0.71200179
2,"mobr","EHURE",0.712001788808765
2,"vegan","EHURE",0.71200178880875
2,"abdiv","EMC",0.587231859431442
2,"tabula","EMC",0.582292058371702
2,"microbiome","EMN",0.615671641791045
2,"abdiv","EPIE",0.615669573295054
2,"adiv","EPIE",0.615669573295054
2,"BiodiversityR","EPIE",0.61566957
2,"breakaway","EPIE",0.615669573295054
2,"chemodiv","EPIE",0.615669573295054
2,"diverse","EPIE",0.841219386320053
2,"forestmangr","EPIE",1
2,"microbiome","EPIE",0.615669573295054
2,"OTUtable","EPIE",0.615669573295054
2,"pctax","EPIE",0.6157
2,"sprex","EPIE",0.615669573295054
2,"tabula","EPIE",0.615669573295054
2,"adiv","ESP",0.149587210610062
2,"codyn","ESP",0.149587210610062
2,"sprex","ESP",0.0839316689560961
2,"tabula","ESP",0.149587210610062
2,"abdiv","EST",0.581116158338741
2,"adiv","QHIL_0",23
2,"adiv","QHIL_1",6.89246224350119
2,"adiv","QHIL_2",3.44050584403142
2,"adiv","QHIL_3",2.68777974497271
2,"BAT","QHIL_0",23
2,"BAT","QHIL_1",6.89246224350119
2,"BAT","QHIL_2",3.44050584403142
2,"BAT","QHIL_3",2.68777974497271
2,"benthos","QHIL_0",35
2,"benthos","QHIL_1",6.89246224350119
2,"benthos","QHIL_2",3.44050584403142
2,"benthos","QHIL_3",2.68777974497271
2,"breakaway","QHIL_0",23
2,"breakaway","QHIL_1",6.89246224350119
2,"breakaway","QHIL_2",3.44050584403142
2,"breakaway","QHIL_3",2.68777974497271
2,"chemodiv","QHIL_0",23
2,"chemodiv","QHIL_1",6.89246224350119
2,"chemodiv","QHIL_2",3.44050584403142
2,"chemodiv","QHIL_3",2.68777974497271
2,"divDyn","QHIL_2",3.44050584403142
2,"divent","QHIL_0",23
2,"divent","QHIL_1",6.89246224350119
2,"divent","QHIL_2",3.44050584403142
2,"divent","QHIL_3",2.68777974497271
2,"entropart","QHIL_0",23
2,"entropart","QHIL_1",6.89246224350119
2,"entropart","QHIL_2",3.44050584403142
2,"entropart","QHIL_3",2.68777974497271
2,"EntropyEstimation","QHIL_1",7.20300990168434
2,"EntropyEstimation","QHIL_2",3.47224378881987
2,"EntropyEstimation","QHIL_3",2.70442838678992
2,"extremefit","QHIL",NA
2,"hilldiv","QHIL_0",23
2,"hilldiv","QHIL_1",6.89253585858294
2,"hilldiv","QHIL_2",3.44050584403142
2,"hilldiv","QHIL_3",2.68777974497271
2,"hillR","QHIL_0",23
2,"hillR","QHIL_1",6.89246224350119
2,"hillR","QHIL_2",3.44050584403142
2,"hillR","QHIL_3",2.68777974497271
2,"sprex","QHIL_0",23
2,"sprex","QHIL_1",6.89246224350119
2,"sprex","QHIL_2",3.44050584403142
2,"sprex","QHIL_3",2.68777974497271
2,"vegan","QHIL_0",23
2,"vegan","QHIL_1",6.89246224350119
2,"vegan","QHIL_2",3.44050584403142
2,"vegan","QHIL_3",2.68777974497271
2,"adiv","QREN_0",3.13549421592915
2,"adiv","QREN_1",1.93042838599021
2,"adiv","QREN_2",1.23561850825841
2,"adiv","QREN_3",0.988715479189311
2,"BiodiversityR","QREN_0",3.13549421592915
2,"BiodiversityR","QREN_1",1.93042838599021
2,"BiodiversityR","QREN_2",1.23561850825841
2,"BiodiversityR","QREN_3",0.988715479189311
2,"diverse","QREN_0",2.94443897916644
2,"diverse","QREN_1",2.47691915111123
2,"diverse","QREN_2",2.18675554558008
2,"diverse","QREN_3",2.03258020900571
2,"EntropyEstimation","QREN_1",1.97449898056744
2,"EntropyEstimation","QREN_2",1.24480101000703
2,"EntropyEstimation","QREN_3",0.994890572699753
2,"seewave","QREN_2",0.347537989486184
2,"seewave","QREN_3",0.278092459248992
2,"sprex","QREN_0",3.13549421592915
2,"sprex","QREN_1",1.93042838599021
2,"sprex","QREN_2",1.23561850825841
2,"sprex","QREN_3",0.988715479189311
2,"statcomp","QREN_1",0.542964669732367
2,"statcomp","QREN_2",0.347537986967381
2,"statcomp","QREN_3",0.27809245735989
2,"vegan","QREN_0",3.13549421592915
2,"vegan","QREN_1",1.93042838599021
2,"vegan","QREN_2",1.23561850825841
2,"vegan","QREN_3",0.988715479189311
2,"adiv","QTSA_0",22
2,"adiv","QTSA_1",1.93042838599021
2,"adiv","QTSA_2",0.709345065716195
2,"adiv","QTSA_3",0.430787800527325
2,"divent","QTSA_0",22
2,"divent","QTSA_1",1.93042838599021
2,"divent","QTSA_2",0.709345065716195
2,"divent","QTSA_3",0.430787800527326
2,"entropart","QTSA_0",28
2,"entropart","QTSA_1",1.99352512594252
2,"entropart","QTSA_2",0.711992721923866
2,"entropart","QTSA_3",0.431235498932914
2,"EntropyEstimation","QTSA_1",1.97449898056744
2,"EntropyEstimation","QTSA_2",0.712001788808765
2,"EntropyEstimation","QTSA_3",0.431637327428919
2,"vegan","QTSA_0",22
2,"vegan","QTSA_1",1.93042838599021
2,"vegan","QTSA_2",0.709345065716195
2,"vegan","QTSA_3",0.430787800527325
2,"BAT","RACE",28.4339622641509
2,"ecodive","RACE",28.4339622641509
2,"fossil","RACE",25.25
2,"pctax","RACE",28.434
2,"sprex","RACE",268.569892612032
2,"tabula","RACE",28.4339622641509
2,"vegan","RACE",28.4339622641509
2,"wiqid","RACE",28.4339622641509
2,"BiodiversityR","RBOO",23
2,"wiqid","RBOO",35
2,"BAT","RC1",25.5
2,"BiodiversityR","RC1",23
2,"biosampleR","RC1",19.25
2,"iNEXT","RC1",26.587
2,"microbiome","RC1",25.5
2,"pctax","RC1",25.5
2,"rareNMtests","RC1",23
2,"SpadeR","RC1",23
2,"SSP","RC1",22
2,"vegan","RC1",25.5
2,"wiqid","RC1",26.6
2,"BAT","RC1M",27.2353497164461
2,"divent","RC1M",26.5865671641791
2,"ecodive","RC1M",26.6
2,"entropart","RC1M",26.5865671641791
2,"fossil","RC1M",26.6
2,"mobr","RC1M",26.5865671641791
2,"OTUtable","RC1M",26.6
2,"tabula","RC1M",26.5865671641791
2,"wiqid","RC1M",26.6
2,"BAT","RCA2",36.5301026530659
2,"divDyn","RCA2",25.3913043478261
2,"fossil","RCA2",26.6
2,"tabula","RCA2",23
2,"wiqid","RCA2",23
2,"benthos","RHUR_2",1.71200178880875
2,"benthos","RHUR_3",2.2727307115684
2,"divent","RHUR_2",3.47224633458466
2,"divent","RHUR_3",3.75925366472269
2,"entropart","RHUR_2",1.71200178880875
2,"entropart","RHUR_3",2.2727307115684
2,"mobsim","RHUR_2",1.71200178880875
2,"mobsim","RHUR_3",2.2727307115684
2,"tabula","RHUR_2",1.71200991367424
2,"tabula","RHUR_3",2.27273226065259
2,"vegan","RHUR_2",1.71200178880875
2,"vegan","RHUR_3",2.2727307115684
2,"BAT","RICE",NA
2,"fossil","RICE",25.25
2,"tabula","RICE",23
2,"wiqid","RICE",23
2,"BAT","RJA1",29
2,"BiodiversityR","RJA1",23
2,"divent","RJA1",29
2,"entropart","RJA1",29
2,"fossil","RJA1",28.9776119402985
2,"SSP","RJA1",22
2,"tabula","RJA1",1.78337739843084
2,"wiqid","RJA1",29
2,"BAT","RJA2",30
2,"BiodiversityR","RJA2",23
2,"fossil","RJA2",29.9215719157024
2,"SSP","RJA2",22
2,"wiqid","RJA2",30
2,"wiqid","RMM",0
2,"divDyn","RSQ",33.4837206707028
2,"ecodive","RSQ",33.4837206707028
2,"tabula","RSQ",33.4837206707028
3,"abdiv","D1SP",0.741299572204879
3,"ade4","D1SP",0.741299572204879
3,"adiv","D1SP",0.741299572204879
3,"agricolae","D1SP",1
3,"asbio","D1SP",0.741299572204879
3,"BiodiversityR","D1SP",0.74129957
3,"biosampleR","D1SP",0.889274691358025
3,"breakaway","D1SP",0.741299572204879
3,"catsim","D1SP",0.747755102040816
3,"concstats","D1SP",0.978197071405739
3,"CUB","D1SP",0.76310250079914
3,"DescTools","D1SP",0.741299572204879
3,"divent","D1SP",0.741299572204879
3,"diverse","D1SP",0.889274691358025
3,"ecodive","D1SP",0.741299572204879
3,"entropart","D1SP",0.741299572204879
3,"lawstat","D1SP",0.840290955091714
3,"MCPAN","D1SP",-8949
3,"microbiome","D1SP",0.741299572204879
3,"PCRA","D1SP",0.741299572204879
3,"RoughSets","D1SP",0.741299572204879
3,"simboot","D1SP",-8949
3,"sprex","D1SP",0.741299572204879
3,"untb","D1SP",0.7453065969195
3,"vegan","D1SP",0.741299572204879
3,"abdiv","DBRI",1.84364762924433
3,"ecodive","DBRI",1.84364762924433
3,"tabula","DBRI",1.84364762924433
3,"wiqid","DBRI",6.31954763745077
3,"BiodiversityR","DFIS",5.29751122
3,"ecodive","DFIS",5.298
3,"microbiome","DFIS",5.29751122179693
3,"preseqR","DFIS",6.31235647070891
3,"sads","DFIS",5.29750560135951
3,"vegan","DFIS",5.29751122179693
3,"abdiv","DINVSP",3.86547486033519
3,"adiv","DINVSP",3.86547486033519
3,"asbio","DINVSP",3.86547486033519
3,"BiodiversityR","DINVSP",3.86547486
3,"breakaway","DINVSP",3.86547486033519
3,"chemodiv","DINVSP",3.86547486033519
3,"codyn","DINVSP",3.86547486033519
3,"divseg","DINVSP",1.25870042779512
3,"ecodive","DINVSP",3.8654748603352
3,"microbiome","DINVSP",3.86547486033519
3,"sprex","DINVSP",3.86547486033519
3,"vegan","DINVSP",3.86547486033519
3,"asbio","DLMD",NA
3,"Compositional","DLMD",0.999958992306093
3,"sads","DLMD",1.44892668310865
3,"vegan","DLMD",22.980061734521
3,"abdiv","DMC",0.530254097210805
3,"adiv","DMC",0.530254097210805
3,"agricolae","DMC",0.530254097210805
3,"ecodive","DMC",0.530254097210805
3,"forestHES","DMC",0.530254097210805
3,"tabula","DMC",0.530254097210805
3,"abdiv","DMG",3.44448384582905
3,"adiv","DMG",3.44448384582905
3,"agricolae","DMG",6.50624726434376
3,"ecodive","DMG",3.44448384582905
3,"tabula","DMG",3.44448384582905
3,"abdiv","DMN",1.39314759270286
3,"adiv","DMN",1.39314759270286
3,"ecodive","DMN",1.39314759270286
3,"tabula","DMN",1.39314759270286
3,"abdiv","DQ",5.64582826474227
3,"ade4","DRAO",0.741299572204879
3,"BAT","DRAO",0.741299572204878
3,"chemodiv","DRAO",424.256687630315
3,"diverse","DRAO",49.4330016764737
3,"SYNCSA","DRAO",0.741299572204879
3,"abdiv","DSHA",1.99564653126028
3,"adiv","DSHA",1.99564653126028
3,"aqp","DSHA",-866.76919901903
3,"asbio","DSHA",1.99564653126028
3,"benthos","DSHA",0
3,"BiodiversityR","DSHA",1.99564653
3,"biosampleR","DSHA",2.57284443806123
3,"chemodiv","DSHA",1.99564653126028
3,"codyn","DSHA",1.99564653126028
3,"DescTools","DSHA",2.87910935401647
3,"divDyn","DSHA",1.99564653126028
3,"divent","DSHA",1.99564653126028
3,"diverse","DSHA",2.57284443806123
3,"ecodive","DSHA",1.99564653126028
3,"EconGeo","DSHA",2.879
3,"entropart","DSHA",2.04269471172342
3,"forestmangr","DSHA",3.56
3,"HardyWeinberg","DSHA",1.99564653126028
3,"iNEXT","DSHA",1.996
3,"MCPAN","DSHA",1.99564653126028
3,"microbiome","DSHA",1.99564653126028
3,"OTUtable","DSHA",1.99564653126028
3,"pgirmess","DSHA",2.87910935401647
3,"SpiecEasi","DSHA",1.99564653126028
3,"sprex","DSHA",1.99564653126028
3,"tabula","DSHA",1.99564653126028
3,"triversity","DSHA",19
3,"vegan","DSHA",1.99564653126028
3,"wavethresh","DSHA",-76424.8932939269
3,"wiqid","DSHA",3.92628936558649
3,"abdiv","DSP",0.258700427795121
3,"agricolae","DSP",0.258700427795121
3,"antitrust","DSP",2587.00427795121
3,"benthos","DSP",0.2546934030805
3,"breakaway","DSP",0.258700427795121
3,"concstats","DSP",0.258700427795121
3,"DescTools","DSP",0.258700427795121
3,"diverse","DSP",0.106589147286822
3,"divseg","DSP",1.25870042779512
3,"EconGeo","DSP",0.258700427795121
3,"hhi","DSP",0.258700427795121
3,"ineq","DSP",0.258700427795121
3,"microbiome","DSP",0.258700427795121
3,"PDtoolkit","DSP",0.258700427795121
3,"politics","DSP",0.258700427795121
3,"REAT","DSP",0.258700427795121
3,"sprex","DSP",0.258700427795121
3,"tabula","DSP",0.258700427795121
3,"triversity","DSP",0.258700427795121
3,"wiqid","DSP",3.92628936558649
3,"abdiv","EBP",0.478494623655914
3,"agricolae","EBP",0.478494623655914
3,"BiodiversityR","EBP",0.47849462
3,"diverse","EBP",0.194444444444444
3,"dyvDyn","EBP",0.478494623655914
3,"ecodive","EBP",0.478494623655914
3,"microbiome","EBP",0.478494623655914
3,"tabula","EBP",0.478494623655914
3,"triversity","EBP",0.478494623655914
3,"wiqid","EBP",1
3,"tabula","EBRI",0.670092894293015
3,"BAT","EBU",0.450418160095579
3,"microbiome","EBU",0.450418160095579
3,"BAT","ECAM",0.926491856882349
3,"microbiome","ECAM",0.32597623089983
3,"codyn","EEQ",0.158467156508177
3,"adiv","EEVAR",0.428648186330639
3,"codyn","EEVAR",0.420887225486613
3,"microbiome","EEVAR",0.428648186330639
3,"acid","EGIN",0.816282642089094
3,"DescTools","EGIN",0.816282642089094
3,"dplR","EGIN",0.816282642089094
3,"EconGeo","EGIN",0.816
3,"giniVarCI","EGIN",0.816282642089094
3,"ineq","EGIN",0.816282642089094
3,"microbiome","EGIN",0.816282642089094
3,"REAT","EGIN",0.816282642089094
3,"shipunov","EGIN",0.816282642089094
3,"wINEQ","EGIN",0.816282642089094
3,"adiv","EGSP",0.782482881771817
3,"abdiv","EHEI",0.353164332996207
3,"adiv","EHEI",0.353164332996207
3,"benthos","EHURE",0.7453065969195
3,"BiodiversityR","EHURE",0.7453066
3,"mobr","EHURE",0.7453065969195
3,"vegan","EHURE",0.745306596919471
3,"abdiv","EMC",0.562942183523267
3,"tabula","EMC",0.63766417511587
3,"microbiome","EMN",0.586021505376344
3,"abdiv","EPIE",0.677768004492741
3,"adiv","EPIE",0.677768004492741
3,"BiodiversityR","EPIE",0.677768
3,"breakaway","EPIE",0.677768004492741
3,"chemodiv","EPIE",0.677768004492741
3,"diverse","EPIE",0.799299065277417
3,"forestmangr","EPIE",1
3,"microbiome","EPIE",0.677768004492741
3,"OTUtable","EPIE",0.677768004492741
3,"pctax","EPIE",0.6778
3,"sprex","EPIE",0.677768004492741
3,"tabula","EPIE",0.677768004492741
3,"adiv","ESP",0.2034460452808
3,"codyn","ESP",0.2034460452808
3,"sprex","ESP",0.105034027961067
3,"tabula","ESP",0.2034460452808
3,"abdiv","EST",0.520656479909451
3,"adiv","QHIL_0",19
3,"adiv","QHIL_1",7.35695799393173
3,"adiv","QHIL_2",3.86547486033519
3,"adiv","QHIL_3",2.9888095275283
3,"BAT","QHIL_0",19
3,"BAT","QHIL_1",7.35695799393173
3,"BAT","QHIL_2",3.86547486033519
3,"BAT","QHIL_3",2.9888095275283
3,"benthos","QHIL_0",35
3,"benthos","QHIL_1",7.35695799393173
3,"benthos","QHIL_2",3.86547486033519
3,"benthos","QHIL_3",2.9888095275283
3,"breakaway","QHIL_0",19
3,"breakaway","QHIL_1",7.35695799393173
3,"breakaway","QHIL_2",3.86547486033519
3,"breakaway","QHIL_3",2.9888095275283
3,"chemodiv","QHIL_0",19
3,"chemodiv","QHIL_1",7.35695799393173
3,"chemodiv","QHIL_2",3.86547486033519
3,"chemodiv","QHIL_3",2.9888095275283
3,"divDyn","QHIL_2",3.86547486033519
3,"divent","QHIL_0",19
3,"divent","QHIL_1",7.35695799393173
3,"divent","QHIL_2",3.8654748603352
3,"divent","QHIL_3",2.9888095275283
3,"entropart","QHIL_0",19
3,"entropart","QHIL_1",7.35695799393173
3,"entropart","QHIL_2",3.8654748603352
3,"entropart","QHIL_3",2.9888095275283
3,"EntropyEstimation","QHIL_1",7.74516264105437
3,"EntropyEstimation","QHIL_2",3.92628936558649
3,"EntropyEstimation","QHIL_3",3.02073197296134
3,"extremefit","QHIL",NA
3,"hilldiv","QHIL_0",19
3,"hilldiv","QHIL_1",7.35702496040737
3,"hilldiv","QHIL_2",3.86547486033519
3,"hilldiv","QHIL_3",2.9888095275283
3,"hillR","QHIL_0",19
3,"hillR","QHIL_1",7.35695799393173
3,"hillR","QHIL_2",3.86547486033519
3,"hillR","QHIL_3",2.9888095275283
3,"sprex","QHIL_0",19
3,"sprex","QHIL_1",7.35695799393173
3,"sprex","QHIL_2",3.86547486033519
3,"sprex","QHIL_3",2.9888095275283
3,"vegan","QHIL_0",19
3,"vegan","QHIL_1",7.35695799393173
3,"vegan","QHIL_2",3.8654748603352
3,"vegan","QHIL_3",2.9888095275283
3,"adiv","QREN_0",2.94443897916644
3,"adiv","QREN_1",1.99564653126028
3,"adiv","QREN_2",1.3520845361575
3,"adiv","QREN_3",1.09487515679098
3,"BiodiversityR","QREN_0",2.94443897916644
3,"BiodiversityR","QREN_1",1.99564653126028
3,"BiodiversityR","QREN_2",1.3520845361575
3,"BiodiversityR","QREN_3",1.09487515679098
3,"diverse","QREN_0",3.2188758248682
3,"diverse","QREN_1",2.57284443806123
3,"diverse","QREN_2",2.20070284171254
3,"diverse","QREN_3",2.02894368038706
3,"EntropyEstimation","QREN_1",2.0470684731389
3,"EntropyEstimation","QREN_2",1.36769479807617
3,"EntropyEstimation","QREN_3",1.10549917717143
3,"seewave","QREN_2",0.38029597383368
3,"seewave","QREN_3",0.307951612826211
3,"sprex","QREN_0",2.94443897916644
3,"sprex","QREN_1",1.99564653126028
3,"sprex","QREN_2",1.3520845361575
3,"sprex","QREN_3",1.09487515679098
3,"statcomp","QREN_1",0.561308343584302
3,"statcomp","QREN_2",0.380295968994688
3,"statcomp","QREN_3",0.307951609196967
3,"vegan","QREN_0",2.94443897916644
3,"vegan","QREN_1",1.99564653126028
3,"vegan","QREN_2",1.3520845361575
3,"vegan","QREN_3",1.09487515679098
3,"adiv","QTSA_0",18
3,"adiv","QTSA_1",1.99564653126028
3,"adiv","QTSA_2",0.741299572204879
3,"adiv","QTSA_3",0.444027651900835
3,"divent","QTSA_0",18
3,"divent","QTSA_1",1.99564653126028
3,"divent","QTSA_2",0.741299572204879
3,"divent","QTSA_3",0.444027651900835
3,"entropart","QTSA_0",21
3,"entropart","QTSA_1",2.04269471172342
3,"entropart","QTSA_2",0.745301994665393
3,"entropart","QTSA_3",0.445111439321289
3,"EntropyEstimation","QTSA_1",2.0470684731389
3,"EntropyEstimation","QTSA_2",0.7453065969195
3,"EntropyEstimation","QTSA_3",0.445204408475797
3,"vegan","QTSA_0",18
3,"vegan","QTSA_1",1.99564653126028
3,"vegan","QTSA_2",0.741299572204879
3,"vegan","QTSA_3",0.444027651900835
3,"BAT","RACE",20.8909807972205
3,"ecodive","RACE",20.8909807972205
3,"fossil","RACE",19.8421052631579
3,"pctax","RACE",20.891
3,"sprex","RACE",188.521002164304
3,"tabula","RACE",20.8909807972205
3,"vegan","RACE",20.8909807972205
3,"wiqid","RACE",20.8909807972205
3,"BiodiversityR","RBOO",19
3,"wiqid","RBOO",35
3,"BAT","RC1",19.75
3,"BiodiversityR","RC1",19
3,"biosampleR","RC1",30
3,"iNEXT","RC1",20.492
3,"microbiome","RC1",19.75
3,"pctax","RC1",19.75
3,"rareNMtests","RC1",19
3,"SpadeR","RC1",19
3,"SSP","RC1",18
3,"vegan","RC1",19.75
3,"wiqid","RC1",20.5
3,"BAT","RC1M",20.2423822714681
3,"divent","RC1M",20.491935483871
3,"ecodive","RC1M",20.5
3,"entropart","RC1M",20.491935483871
3,"fossil","RC1M",20.5
3,"mobr","RC1M",20.491935483871
3,"OTUtable","RC1M",20.5
3,"tabula","RC1M",20.491935483871
3,"wiqid","RC1M",20.5
3,"BAT","RCA2",34.5623609542631
3,"divDyn","RCA2",19.7105263157895
3,"fossil","RCA2",20.5
3,"tabula","RCA2",19
3,"wiqid","RCA2",19
3,"benthos","RHUR_2",1.74530659691947
3,"benthos","RHUR_3",2.34551097380687
3,"divent","RHUR_2",3.9262610857701
3,"divent","RHUR_3",4.22184922058242
3,"entropart","RHUR_2",1.74530659691947
3,"entropart","RHUR_3",2.34551097380687
3,"mobsim","RHUR_2",1.74530659691947
3,"mobsim","RHUR_3",2.34551097380687
3,"tabula","RHUR_2",1.74537217905552
3,"tabula","RHUR_3",2.34553292487564
3,"vegan","RHUR_2",1.74530659691947
3,"vegan","RHUR_3",2.34551097380687
3,"BAT","RICE",38.6520224387745
3,"fossil","RICE",19.8421052631579
3,"tabula","RICE",19
3,"wiqid","RICE",19
3,"BAT","RJA1",22
3,"BiodiversityR","RJA1",19
3,"divent","RJA1",22
3,"entropart","RJA1",22
3,"fossil","RJA1",21.9838709677419
3,"SSP","RJA1",18
3,"tabula","RJA1",1.8536505532652
3,"wiqid","RJA1",22
3,"BAT","RJA2",22
3,"BiodiversityR","RJA2",19
3,"fossil","RJA2",21.9515257192677
3,"SSP","RJA2",18
3,"wiqid","RJA2",22
3,"wiqid","RMM",0
3,"divDyn","RSQ",21.3321462694346
3,"ecodive","RSQ",21.3321462694346
3,"tabula","RSQ",21.3321462694346
4,"abdiv","D1SP",0.809746197858086
4,"ade4","D1SP",0.809746197858086
4,"adiv","D1SP",0.809746197858086
4,"agricolae","D1SP",1
4,"asbio","D1SP",0.809746197858086
4,"BiodiversityR","D1SP",0.8097462
4,"biosampleR","D1SP",0.852740858295312
4,"breakaway","D1SP",0.809746197858086
4,"catsim","D1SP",0.817959183673469
4,"concstats","D1SP",0.976183935357115
4,"CUB","D1SP",0.833562262500971
4,"DescTools","D1SP",0.809746197858086
4,"divent","D1SP",0.809746197858086
4,"diverse","D1SP",0.852740858295312
4,"ecodive","D1SP",0.809746197858086
4,"entropart","D1SP",0.809746197858086
4,"lawstat","D1SP",0.815919374742904
4,"MCPAN","D1SP",-15561
4,"microbiome","D1SP",0.809746197858086
4,"PCRA","D1SP",0.809746197858086
4,"RoughSets","D1SP",0.809746197858086
4,"simboot","D1SP",-15561
4,"sprex","D1SP",0.809746197858086
4,"untb","D1SP",0.812587412587413
4,"vegan","D1SP",0.809746197858086
4,"abdiv","DBRI",2.07400597415105
4,"ecodive","DBRI",2.07400597415105
4,"tabula","DBRI",2.07400597415105
4,"wiqid","DBRI",7.95663342750981
4,"BiodiversityR","DFIS",5.8936351
4,"ecodive","DFIS",5.894
4,"microbiome","DFIS",5.89363510308537
4,"preseqR","DFIS",14.3176352971571
4,"sads","DFIS",5.89363256341946
4,"vegan","DFIS",5.89363510308537
4,"abdiv","DINVSP",5.25613674334918
4,"adiv","DINVSP",5.25613674334918
4,"asbio","DINVSP",5.25613674334918
4,"BiodiversityR","DINVSP",5.25613674
4,"breakaway","DINVSP",5.25613674334918
4,"chemodiv","DINVSP",5.25613674334918
4,"codyn","DINVSP",5.25613674334918
4,"divseg","DINVSP",1.19025380214191
4,"ecodive","DINVSP",5.25613674334918
4,"microbiome","DINVSP",5.25613674334918
4,"sprex","DINVSP",5.25613674334918
4,"vegan","DINVSP",5.25613674334918
4,"asbio","DLMD",29.359183783432
4,"Compositional","DLMD",0.999958992306093
4,"sads","DLMD",1.53798782424734
4,"vegan","DLMD",30.0348397420222
4,"abdiv","DMC",0.599253685009937
4,"adiv","DMC",0.599253685009937
4,"agricolae","DMC",0.599253685009937
4,"ecodive","DMC",0.599253685009937
4,"forestHES","DMC",0.599253685009937
4,"tabula","DMC",0.599253685009937
4,"abdiv","DMG",3.88968031352419
4,"adiv","DMG",3.88968031352419
4,"agricolae","DMG",6.01132412090102
4,"ecodive","DMG",3.88968031352419
4,"tabula","DMG",3.88968031352419
4,"abdiv","DMN",1.36001851077489
4,"adiv","DMN",1.36001851077489
4,"ecodive","DMN",1.36001851077489
4,"tabula","DMN",1.36001851077489
4,"abdiv","DQ",5.91655497307444
4,"ade4","DRAO",0.809746197858086
4,"BAT","DRAO",0.809746197858086
4,"chemodiv","DRAO",416.630645680764
4,"diverse","DRAO",56.96861471445
4,"SYNCSA","DRAO",0.809746197858086
4,"abdiv","DSHA",2.19930866615162
4,"adiv","DSHA",2.19930866615162
4,"aqp","DSHA",-1426.26473439087
4,"asbio","DSHA",2.19930866615162
4,"benthos","DSHA",0
4,"BiodiversityR","DSHA",2.19930867
4,"biosampleR","DSHA",2.24718804757461
4,"chemodiv","DSHA",2.19930866615162
4,"codyn","DSHA",2.19930866615162
4,"DescTools","DSHA",3.17293170604107
4,"divDyn","DSHA",2.19930866615162
4,"divent","DSHA",2.19930866615162
4,"diverse","DSHA",2.24718804757461
4,"ecodive","DSHA",2.19930866615162
4,"EconGeo","DSHA",3.173
4,"entropart","DSHA",2.25064353088602
4,"forestmangr","DSHA",3.56
4,"HardyWeinberg","DSHA",2.19930866615162
4,"iNEXT","DSHA",2.199
4,"MCPAN","DSHA",2.19930866615162
4,"microbiome","DSHA",2.19930866615162
4,"OTUtable","DSHA",2.19930866615162
4,"pgirmess","DSHA",3.17293170604107
4,"SpiecEasi","DSHA",2.19930866615162
4,"sprex","DSHA",2.19930866615162
4,"tabula","DSHA",2.19930866615162
4,"triversity","DSHA",23
4,"vegan","DSHA",2.19930866615162
4,"wavethresh","DSHA",-135447.931334105
4,"wiqid","DSHA",5.33582089552239
4,"abdiv","DSP",0.190253802141914
4,"agricolae","DSP",0.190253802141914
4,"antitrust","DSP",1902.53802141914
4,"benthos","DSP",0.187412587412587
4,"breakaway","DSP",0.190253802141914
4,"concstats","DSP",0.190253802141914
4,"DescTools","DSP",0.190253802141914
4,"diverse","DSP",0.143236779165559
4,"divseg","DSP",1.19025380214191
4,"EconGeo","DSP",0.190253802141914
4,"hhi","DSP",0.190253802141914
4,"ineq","DSP",0.190253802141914
4,"microbiome","DSP",0.190253802141914
4,"PDtoolkit","DSP",0.190253802141914
4,"politics","DSP",0.190253802141914
4,"REAT","DSP",0.190253802141914
4,"sprex","DSP",0.190253802141914
4,"tabula","DSP",0.190253802141914
4,"triversity","DSP",0.190253802141914
4,"wiqid","DSP",5.33582089552239
4,"abdiv","EBP",0.377622377622378
4,"agricolae","EBP",0.377622377622378
4,"BiodiversityR","EBP",0.37762238
4,"diverse","EBP",0.276995305164319
4,"dyvDyn","EBP",0.377622377622378
4,"ecodive","EBP",0.377622377622378
4,"microbiome","EBP",0.377622377622378
4,"tabula","EBP",0.377622377622378
4,"triversity","EBP",0.377622377622378
4,"wiqid","EBP",1
4,"tabula","EBRI",0.697837530228026
4,"BAT","EBU",0.448664971392244
4,"microbiome","EBU",0.448664971392244
4,"BAT","ECAM",0.93778158600293
4,"microbiome","ECAM",0.308300395256917
4,"codyn","EEQ",0.143315505275449
4,"adiv","EEVAR",0.329257387133923
4,"codyn","EEVAR",0.325043112615247
4,"microbiome","EEVAR",0.329257387133923
4,"acid","EGIN",0.792607392607393
4,"DescTools","EGIN",0.792607392607392
4,"dplR","EGIN",0.792607392607393
4,"EconGeo","EGIN",0.793
4,"giniVarCI","EGIN",0.792607392607393
4,"ineq","EGIN",0.792607392607393
4,"microbiome","EGIN",0.792607392607393
4,"REAT","EGIN",0.792607392607393
4,"shipunov","EGIN",0.792607392607393
4,"wINEQ","EGIN",0.792607392607393
4,"adiv","EGSP",0.846552843215272
4,"abdiv","EHEI",0.364489834470078
4,"adiv","EHEI",0.364489834470078
4,"benthos","EHURE",0.812587412587413
4,"BiodiversityR","EHURE",0.81258741
4,"mobr","EHURE",0.812587412587413
4,"vegan","EHURE",0.812587412587427
4,"abdiv","EMC",0.47245477806093
4,"tabula","EMC",0.71235545131171
4,"microbiome","EMN",0.541958041958042
4,"abdiv","EPIE",0.701423289183105
4,"adiv","EPIE",0.701423289183105
4,"BiodiversityR","EPIE",0.70142329
4,"breakaway","EPIE",0.701423289183105
4,"chemodiv","EPIE",0.701423289183105
4,"diverse","EPIE",0.763197357280869
4,"forestmangr","EPIE",1
4,"microbiome","EPIE",0.701423289183105
4,"OTUtable","EPIE",0.701423289183105
4,"pctax","EPIE",0.7014
4,"sprex","EPIE",0.701423289183105
4,"tabula","EPIE",0.701423289183105
4,"adiv","ESP",0.228527684493443
4,"codyn","ESP",0.228527684493443
4,"sprex","ESP",0.0956221159196358
4,"tabula","ESP",0.228527684493443
4,"abdiv","EST",0.527363940407419
4,"adiv","QHIL_0",23
4,"adiv","QHIL_1",9.01877635834171
4,"adiv","QHIL_2",5.25613674334918
4,"adiv","QHIL_3",4.09998403204622
4,"BAT","QHIL_0",23
4,"BAT","QHIL_1",9.01877635834171
4,"BAT","QHIL_2",5.25613674334918
4,"BAT","QHIL_3",4.09998403204622
4,"benthos","QHIL_0",35
4,"benthos","QHIL_1",9.01877635834171
4,"benthos","QHIL_2",5.25613674334918
4,"benthos","QHIL_3",4.09998403204622
4,"breakaway","QHIL_0",23
4,"breakaway","QHIL_1",9.01877635834171
4,"breakaway","QHIL_2",5.25613674334918
4,"breakaway","QHIL_3",4.09998403204622
4,"chemodiv","QHIL_0",23
4,"chemodiv","QHIL_1",9.01877635834171
4,"chemodiv","QHIL_2",5.25613674334918
4,"chemodiv","QHIL_3",4.09998403204622
4,"divDyn","QHIL_2",5.25613674334918
4,"divent","QHIL_0",23
4,"divent","QHIL_1",9.01877635834171
4,"divent","QHIL_2",5.25613674334918
4,"divent","QHIL_3",4.09998403204622
4,"entropart","QHIL_0",23
4,"entropart","QHIL_1",9.01877635834171
4,"entropart","QHIL_2",5.25613674334918
4,"entropart","QHIL_3",4.09998403204622
4,"EntropyEstimation","QHIL_1",9.39661956958349
4,"EntropyEstimation","QHIL_2",5.3358208955224
4,"EntropyEstimation","QHIL_3",4.14777337094444
4,"extremefit","QHIL",NA
4,"hilldiv","QHIL_0",23
4,"hilldiv","QHIL_1",9.018845213616
4,"hilldiv","QHIL_2",5.25613674334918
4,"hilldiv","QHIL_3",4.09998403204622
4,"hillR","QHIL_0",23
4,"hillR","QHIL_1",9.01877635834171
4,"hillR","QHIL_2",5.25613674334918
4,"hillR","QHIL_3",4.09998403204622
4,"sprex","QHIL_0",23
4,"sprex","QHIL_1",9.01877635834171
4,"sprex","QHIL_2",5.25613674334918
4,"sprex","QHIL_3",4.09998403204622
4,"vegan","QHIL_0",23
4,"vegan","QHIL_1",9.01877635834171
4,"vegan","QHIL_2",5.25613674334918
4,"vegan","QHIL_3",4.09998403204622
4,"adiv","QREN_0",3.13549421592915
4,"adiv","QREN_1",2.19930866615162
4,"adiv","QREN_2",1.65939629746283
4,"adiv","QREN_3",1.41098307907981
4,"BiodiversityR","QREN_0",3.13549421592915
4,"BiodiversityR","QREN_1",2.19930866615162
4,"BiodiversityR","QREN_2",1.65939629746283
4,"BiodiversityR","QREN_3",1.41098307907981
4,"diverse","QREN_0",2.94443897916644
4,"diverse","QREN_1",2.24718804757461
4,"diverse","QREN_2",1.91556137549337
4,"diverse","QREN_3",1.74974706811765
4,"EntropyEstimation","QREN_1",2.24035000434001
4,"EntropyEstimation","QREN_2",1.6744427427431
4,"EntropyEstimation","QREN_3",1.42257165313324
4,"seewave","QREN_2",0.466732448456616
4,"seewave","QREN_3",0.396862152726172
4,"sprex","QREN_0",3.13549421592915
4,"sprex","QREN_1",2.19930866615162
4,"sprex","QREN_2",1.65939629746283
4,"sprex","QREN_3",1.41098307907981
4,"statcomp","QREN_1",0.61859166194555
4,"statcomp","QREN_2",0.466732446096339
4,"statcomp","QREN_3",0.396862150955964
4,"vegan","QREN_0",3.13549421592915
4,"vegan","QREN_1",2.19930866615162
4,"vegan","QREN_2",1.65939629746283
4,"vegan","QREN_3",1.41098307907981
4,"adiv","QTSA_0",22
4,"adiv","QTSA_1",2.19930866615162
4,"adiv","QTSA_2",0.809746197858086
4,"adiv","QTSA_3",0.470255568432741
4,"divent","QTSA_0",22
4,"divent","QTSA_1",2.19930866615162
4,"divent","QTSA_2",0.809746197858086
4,"divent","QTSA_3",0.470255568432741
4,"entropart","QTSA_0",27
4,"entropart","QTSA_1",2.25064353088602
4,"entropart","QTSA_2",0.812585672415896
4,"entropart","QTSA_3",0.470710107663439
4,"EntropyEstimation","QTSA_1",2.24035000434001
4,"EntropyEstimation","QTSA_2",0.812587412587413
4,"EntropyEstimation","QTSA_3",0.470937031833993
4,"vegan","QTSA_0",22
4,"vegan","QTSA_1",2.19930866615162
4,"vegan","QTSA_2",0.809746197858086
4,"vegan","QTSA_3",0.470255568432741
4,"BAT","RACE",28.4956951530612
4,"ecodive","RACE",28.4956951530612
4,"fossil","RACE",24.5178571428571
4,"pctax","RACE",28.4957
4,"sprex","RACE",314.953072907409
4,"tabula","RACE",28.4956951530612
4,"vegan","RACE",28.4956951530612
4,"wiqid","RACE",28.4956951530612
4,"BiodiversityR","RBOO",23
4,"wiqid","RBOO",35
4,"BAT","RC1",24.4285714285714
4,"BiodiversityR","RC1",23
4,"biosampleR","RC1",22.3333333333333
4,"iNEXT","RC1",25.076
4,"microbiome","RC1",24.4285714285714
4,"pctax","RC1",24.4286
4,"rareNMtests","RC1",23
4,"SpadeR","RC1",23
4,"SSP","RC1",22
4,"vegan","RC1",24.4285714285714
4,"wiqid","RC1",25.0833333333333
4,"BAT","RC1M",25.5830407777478
4,"divent","RC1M",25.0760489510489
4,"ecodive","RC1M",25.0833333333333
4,"entropart","RC1M",25.0760489510489
4,"fossil","RC1M",25.0833333333333
4,"mobr","RC1M",25.0760489510489
4,"OTUtable","RC1M",25.0833333333333
4,"tabula","RC1M",25.0760489510489
4,"wiqid","RC1M",25.0833333333333
4,"BAT","RCA2",34.3948847957598
4,"divDyn","RCA2",24.3664596273292
4,"fossil","RCA2",25.0833333333333
4,"tabula","RCA2",23
4,"wiqid","RCA2",23
4,"benthos","RHUR_2",1.81258741258743
4,"benthos","RHUR_3",2.49588817409433
4,"divent","RHUR_2",5.33582147738107
4,"divent","RHUR_3",5.59662823090853
4,"entropart","RHUR_2",1.81258741258743
4,"entropart","RHUR_3",2.49588817409433
4,"mobsim","RHUR_2",1.81258741258743
4,"mobsim","RHUR_3",2.49588817409433
4,"tabula","RHUR_2",1.81258741257599
4,"tabula","RHUR_3",2.495888174083
4,"vegan","RHUR_2",1.81258741258743
4,"vegan","RHUR_3",2.49588817409433
4,"BAT","RICE",36.0253740104418
4,"fossil","RICE",24.5178571428571
4,"tabula","RICE",23
4,"wiqid","RICE",23
4,"BAT","RJA1",28
4,"BiodiversityR","RJA1",23
4,"divent","RJA1",28
4,"entropart","RJA1",28
4,"fossil","RJA1",27.9825174825175
4,"SSP","RJA1",22
4,"tabula","RJA1",2.08738212187836
4,"wiqid","RJA1",28
4,"BAT","RJA2",27
4,"BiodiversityR","RJA2",23
4,"fossil","RJA2",26.957968347442
4,"SSP","RJA2",22
4,"wiqid","RJA2",27
4,"wiqid","RMM",0
4,"divDyn","RSQ",27.7630415886191
4,"ecodive","RSQ",27.7630415886191
4,"tabula","RSQ",27.7630415886191
5,"abdiv","D1SP",0.885634201156536
5,"ade4","D1SP",0.885634201156537
5,"adiv","D1SP",0.885634201156536
5,"agricolae","D1SP",1
5,"asbio","D1SP",0.885634201156536
5,"BiodiversityR","D1SP",0.8856342
5,"biosampleR","D1SP",0.756168406268952
5,"breakaway","D1SP",0.885634201156536
5,"catsim","D1SP",0.760816326530612
5,"concstats","D1SP",0.973951935260102
5,"CUB","D1SP",0.911682265896435
5,"DescTools","D1SP",0.885634201156537
5,"divent","D1SP",0.885634201156536
5,"diverse","D1SP",0.756168406268952
5,"ecodive","D1SP",0.885634201156536
5,"entropart","D1SP",0.885634201156536
5,"lawstat","D1SP",0.770026603606267
5,"MCPAN","D1SP",-4528
5,"microbiome","D1SP",0.885634201156536
5,"PCRA","D1SP",0.885634201156536
5,"RoughSets","D1SP",0.885634201156536
5,"simboot","D1SP",-4528
5,"sprex","D1SP",0.885634201156536
5,"untb","D1SP",0.890107101162378
5,"vegan","D1SP",0.885634201156536
5,"abdiv","DBRI",2.29780707503468
5,"ecodive","DBRI",2.29780707503468
5,"tabula","DBRI",2.29780707503468
5,"wiqid","DBRI",9.95233378610214
5,"BiodiversityR","DFIS",5.16802569
5,"ecodive","DFIS",5.168
5,"microbiome","DFIS",5.16802568695514
5,"preseqR","DFIS",11.7140450787977
5,"sads","DFIS",5.16802526769468
5,"vegan","DFIS",5.16802568695514
5,"abdiv","DINVSP",8.74387281960698
5,"adiv","DINVSP",8.74387281960698
5,"asbio","DINVSP",8.74387281960698
5,"BiodiversityR","DINVSP",8.74387282
5,"breakaway","DINVSP",8.74387281960698
5,"chemodiv","DINVSP",8.74387281960698
5,"codyn","DINVSP",8.74387281960698
5,"divseg","DINVSP",1.11436579884346
5,"ecodive","DINVSP",8.74387281960698
5,"microbiome","DINVSP",8.74387281960698
5,"sprex","DINVSP",8.74387281960698
5,"vegan","DINVSP",8.74387281960698
5,"asbio","DLMD",42.5965526552037
5,"Compositional","DLMD",0.999958992306093
5,"sads","DLMD",1.76132286176834
5,"vegan","DLMD",20.6399752163834
5,"abdiv","DMC",0.712314508937171
5,"adiv","DMC",0.712314508937171
5,"agricolae","DMC",0.712314508937171
5,"ecodive","DMC",0.712314508937171
5,"forestHES","DMC",0.712314508937171
5,"tabula","DMC",0.712314508937171
5,"abdiv","DMG",3.40052209272434
5,"adiv","DMG",3.40052209272434
5,"agricolae","DMG",6.42320839736821
5,"ecodive","DMG",3.40052209272434
5,"tabula","DMG",3.40052209272434
5,"abdiv","DMN",1.34687428951584
5,"adiv","DMN",1.34687428951584
5,"ecodive","DMN",1.34687428951584
5,"tabula","DMN",1.34687428951584
5,"abdiv","DQ",4.92600136196937
5,"ade4","DRAO",0.885634201156537
5,"BAT","DRAO",0.885634201156537
5,"chemodiv","DRAO",147.235604678308
5,"diverse","DRAO",55.0046856164412
5,"SYNCSA","DRAO",0.885634201156537
5,"abdiv","DSHA",2.45414151003693
5,"adiv","DSHA",2.45414151003693
5,"aqp","DSHA",-815.113320040351
5,"asbio","DSHA",2.45414151003693
5,"benthos","DSHA",0
5,"BiodiversityR","DSHA",2.45414151
5,"biosampleR","DSHA",1.851997092018
5,"chemodiv","DSHA",2.45414151003693
5,"codyn","DSHA",2.45414151003693
5,"DescTools","DSHA",3.54057778617003
5,"divDyn","DSHA",2.45414151003693
5,"divent","DSHA",2.45414151003693
5,"diverse","DSHA",1.851997092018
5,"ecodive","DSHA",2.45414151003693
5,"EconGeo","DSHA",3.541
5,"entropart","DSHA",2.50798706267996
5,"forestmangr","DSHA",3.56
5,"HardyWeinberg","DSHA",2.45414151003693
5,"iNEXT","DSHA",2.454
5,"MCPAN","DSHA",2.45414151003693
5,"microbiome","DSHA",2.45414151003693
5,"OTUtable","DSHA",2.45414151003693
5,"pgirmess","DSHA",3.54057778617003
5,"SpiecEasi","DSHA",2.45414151003693
5,"sprex","DSHA",2.45414151003693
5,"tabula","DSHA",2.45414151003693
5,"triversity","DSHA",19
5,"vegan","DSHA",2.45414151003693
5,"wavethresh","DSHA",-30210.3196444047
5,"wiqid","DSHA",9.09976905311778
5,"abdiv","DSP",0.114365798843464
5,"agricolae","DSP",0.114365798843464
5,"antitrust","DSP",1143.65798843463
5,"benthos","DSP",0.109892898837622
5,"breakaway","DSP",0.114365798843464
5,"concstats","DSP",0.114365798843464
5,"DescTools","DSP",0.114365798843464
5,"diverse","DSP",0.239535182331792
5,"divseg","DSP",1.11436579884346
5,"EconGeo","DSP",0.114365798843464
5,"hhi","DSP",0.114365798843464
5,"ineq","DSP",0.114365798843464
5,"microbiome","DSP",0.114365798843464
5,"PDtoolkit","DSP",0.114365798843464
5,"politics","DSP",0.114365798843464
5,"REAT","DSP",0.114365798843464
5,"sprex","DSP",0.114365798843464
5,"tabula","DSP",0.114365798843464
5,"triversity","DSP",0.114365798843464
5,"wiqid","DSP",9.09976905311778
5,"abdiv","EBP",0.21608040201005
5,"agricolae","EBP",0.21608040201005
5,"BiodiversityR","EBP",0.2160804
5,"diverse","EBP",0.355932203389831
5,"dyvDyn","EBP",0.21608040201005
5,"ecodive","EBP",0.21608040201005
5,"microbiome","EBP",0.21608040201005
5,"tabula","EBP",0.21608040201005
5,"triversity","EBP",0.21608040201005
5,"wiqid","EBP",1
5,"tabula","EBRI",0.832343646023933
5,"BAT","EBU",0.572026800670017
5,"microbiome","EBU",0.572026800670017
5,"BAT","ECAM",0.940462546651386
5,"microbiome","ECAM",0.440888653795292
5,"codyn","EEQ",0.164463827454197
5,"adiv","EEVAR",0.417772209996511
5,"codyn","EEVAR",0.410079409253578
5,"microbiome","EEVAR",0.417772209996511
5,"acid","EGIN",0.74802584350323
5,"DescTools","EGIN",0.74802584350323
5,"dplR","EGIN",0.74802584350323
5,"EconGeo","EGIN",0.748
5,"giniVarCI","EGIN",0.74802584350323
5,"ineq","EGIN",0.74802584350323
5,"microbiome","EGIN",0.748025843503231
5,"REAT","EGIN",0.748025843503231
5,"shipunov","EGIN",0.748025843503231
5,"wINEQ","EGIN",0.74802584350323
5,"adiv","EGSP",0.934836101220788
5,"abdiv","EHEI",0.590913305171348
5,"adiv","EHEI",0.590913305171348
5,"benthos","EHURE",0.890107101162378
5,"BiodiversityR","EHURE",0.8901071
5,"mobr","EHURE",0.890107101162377
5,"vegan","EHURE",0.890107101162374
5,"abdiv","EMC",0.371709199965384
5,"tabula","EMC",0.858854639632588
5,"microbiome","EMN",0.376884422110553
5,"abdiv","EPIE",0.833483569332344
5,"adiv","EPIE",0.833483569332344
5,"BiodiversityR","EPIE",0.83348357
5,"breakaway","EPIE",0.833483569332344
5,"chemodiv","EPIE",0.833483569332344
5,"diverse","EPIE",0.640747020503004
5,"forestmangr","EPIE",1
5,"microbiome","EPIE",0.833483569332344
5,"OTUtable","EPIE",0.833483569332344
5,"pctax","EPIE",0.8335
5,"sprex","EPIE",0.833483569332344
5,"tabula","EPIE",0.833483569332344
5,"adiv","ESP",0.460203832610894
5,"codyn","ESP",0.460203832610894
5,"sprex","ESP",0.129165342633522
5,"tabula","ESP",0.460203832610894
5,"abdiv","EST",0.405448294102089
5,"adiv","QHIL_0",19
5,"adiv","QHIL_1",11.6364394930843
5,"adiv","QHIL_2",8.74387281960698
5,"adiv","QHIL_3",7.43622245816474
5,"BAT","QHIL_0",19
5,"BAT","QHIL_1",11.6364394930843
5,"BAT","QHIL_2",8.74387281960698
5,"BAT","QHIL_3",7.43622245816474
5,"benthos","QHIL_0",35
5,"benthos","QHIL_1",11.6364394930843
5,"benthos","QHIL_2",8.74387281960698
5,"benthos","QHIL_3",7.43622245816474
5,"breakaway","QHIL_0",19
5,"breakaway","QHIL_1",11.6364394930843
5,"breakaway","QHIL_2",8.74387281960698
5,"breakaway","QHIL_3",7.43622245816474
5,"chemodiv","QHIL_0",19
5,"chemodiv","QHIL_1",11.6364394930843
5,"chemodiv","QHIL_2",8.74387281960698
5,"chemodiv","QHIL_3",7.43622245816474
5,"divDyn","QHIL_2",8.74387281960698
5,"divent","QHIL_0",19
5,"divent","QHIL_1",11.6364394930843
5,"divent","QHIL_2",8.74387281960698
5,"divent","QHIL_3",7.43622245816475
5,"entropart","QHIL_0",19
5,"entropart","QHIL_1",11.6364394930843
5,"entropart","QHIL_2",8.74387281960698
5,"entropart","QHIL_3",7.43622245816475
5,"EntropyEstimation","QHIL_1",12.2036075172103
5,"EntropyEstimation","QHIL_2",9.09976905311779
5,"EntropyEstimation","QHIL_3",7.74734117947641
5,"extremefit","QHIL",NA
5,"hilldiv","QHIL_0",19
5,"hilldiv","QHIL_1",11.6364835136936
5,"hilldiv","QHIL_2",8.74387281960698
5,"hilldiv","QHIL_3",7.43622245816474
5,"hillR","QHIL_0",19
5,"hillR","QHIL_1",11.6364394930843
5,"hillR","QHIL_2",8.74387281960698
5,"hillR","QHIL_3",7.43622245816474
5,"sprex","QHIL_0",19
5,"sprex","QHIL_1",11.6364394930843
5,"sprex","QHIL_2",8.74387281960698
5,"sprex","QHIL_3",7.43622245816474
5,"vegan","QHIL_0",19
5,"vegan","QHIL_1",11.6364394930843
5,"vegan","QHIL_2",8.74387281960698
5,"vegan","QHIL_3",7.43622245816474
5,"adiv","QREN_0",2.94443897916644
5,"adiv","QREN_1",2.45414151003693
5,"adiv","QREN_2",2.16835320589277
5,"adiv","QREN_3",2.00636298578674
5,"BiodiversityR","QREN_0",2.94443897916644
5,"BiodiversityR","QREN_1",2.45414151003693
5,"BiodiversityR","QREN_2",2.16835320589277
5,"BiodiversityR","QREN_3",2.00636298578674
5,"diverse","QREN_0",2.89037175789616
5,"diverse","QREN_1",1.851997092018
5,"diverse","QREN_2",1.4112774816063
5,"diverse","QREN_3",1.26757929796737
5,"EntropyEstimation","QREN_1",2.50173160616113
5,"EntropyEstimation","QREN_2",2.20824903442249
5,"EntropyEstimation","QREN_3",2.04734971088609
5,"seewave","QREN_2",0.609884935165757
5,"seewave","QREN_3",0.564322525712584
5,"sprex","QREN_0",2.94443897916644
5,"sprex","QREN_1",2.45414151003693
5,"sprex","QREN_2",2.16835320589277
5,"sprex","QREN_3",2.00636298578674
5,"statcomp","QREN_1",0.690267582130576
5,"statcomp","QREN_2",0.609884930642881
5,"statcomp","QREN_3",0.564322522320426
5,"vegan","QREN_0",2.94443897916644
5,"vegan","QREN_1",2.45414151003693
5,"vegan","QREN_2",2.16835320589277
5,"vegan","QREN_3",2.00636298578674
5,"adiv","QTSA_0",18
5,"adiv","QTSA_1",2.45414151003693
5,"adiv","QTSA_2",0.885634201156536
5,"adiv","QTSA_3",0.490957984285205
5,"divent","QTSA_0",18
5,"divent","QTSA_1",2.45414151003693
5,"divent","QTSA_2",0.885634201156536
5,"divent","QTSA_3",0.490957984285205
5,"entropart","QTSA_0",21
5,"entropart","QTSA_1",2.50798706267996
5,"entropart","QTSA_2",0.888921076365699
5,"entropart","QTSA_3",0.491357323230429
5,"EntropyEstimation","QTSA_1",2.50173160616113
5,"EntropyEstimation","QTSA_2",0.890107101162378
5,"EntropyEstimation","QTSA_3",0.491669623304957
5,"vegan","QTSA_0",18
5,"vegan","QTSA_1",2.45414151003693
5,"vegan","QTSA_2",0.885634201156536
5,"vegan","QTSA_3",0.490957984285205
5,"BAT","RACE",20.9007421150278
5,"ecodive","RACE",20.9007421150278
5,"fossil","RACE",19.8571428571429
5,"pctax","RACE",20.9007
5,"sprex","RACE",200.733038178799
5,"tabula","RACE",20.9007421150278
5,"vegan","RACE",20.9007421150278
5,"wiqid","RACE",20.9007421150278
5,"BiodiversityR","RBOO",19
5,"wiqid","RBOO",35
5,"BAT","RC1",20
5,"BiodiversityR","RC1",19
5,"biosampleR","RC1",21
5,"iNEXT","RC1",21.239
5,"microbiome","RC1",20
5,"pctax","RC1",20
5,"rareNMtests","RC1",19
5,"SpadeR","RC1",19
5,"SSP","RC1",18
5,"vegan","RC1",20
5,"wiqid","RC1",21.25
5,"BAT","RC1M",20.4986149584488
5,"divent","RC1M",21.2386934673367
5,"ecodive","RC1M",21.25
5,"entropart","RC1M",21.2386934673367
5,"fossil","RC1M",21.25
5,"mobr","RC1M",21.2386934673367
5,"OTUtable","RC1M",21.25
5,"tabula","RC1M",21.2386934673367
5,"wiqid","RC1M",21.25
5,"BAT","RCA2",34.4186972194472
5,"divDyn","RCA2",19.9473684210526
5,"fossil","RCA2",21.25
5,"tabula","RCA2",19
5,"wiqid","RCA2",19
5,"benthos","RHUR_2",1.89010710116237
5,"benthos","RHUR_3",2.68698205687725
5,"divent","RHUR_2",9.09976902156165
5,"divent","RHUR_3",9.23830328629564
5,"entropart","RHUR_2",1.89010710116237
5,"entropart","RHUR_3",2.68698205687725
5,"mobsim","RHUR_2",1.89010710116237
5,"mobsim","RHUR_3",2.68698205687725
5,"tabula","RHUR_2",1.89015276737784
5,"tabula","RHUR_3",2.68699674078288
5,"vegan","RHUR_2",1.89010710116237
5,"vegan","RHUR_3",2.68698205687725
5,"BAT","RICE",36.4137319980794
5,"fossil","RICE",19.8571428571429
5,"tabula","RICE",19
5,"wiqid","RICE",19
5,"BAT","RJA1",22
5,"BiodiversityR","RJA1",19
5,"divent","RJA1",22
5,"entropart","RJA1",22
5,"fossil","RJA1",21.9849246231156
5,"SSP","RJA1",18
5,"tabula","RJA1",2.36604935476367
5,"wiqid","RJA1",22
5,"BAT","RJA2",23
5,"BiodiversityR","RJA2",19
5,"fossil","RJA2",22.9396477336176
5,"SSP","RJA2",18
5,"wiqid","RJA2",23
5,"wiqid","RMM",0
5,"divDyn","RSQ",20.0307758446288
5,"ecodive","RSQ",20.0307758446288
5,"tabula","RSQ",20.0307758446288
6,"abdiv","D1SP",0.895858611295529
6,"ade4","D1SP",0.895858611295529
6,"adiv","D1SP",0.895858611295529
6,"agricolae","D1SP",1
6,"asbio","D1SP",0.895858611295529
6,"BiodiversityR","D1SP",0.89585861
6,"biosampleR","D1SP",0.891391771810782
6,"breakaway","D1SP",0.895858611295529
6,"catsim","D1SP",0.809795918367347
6,"concstats","D1SP",0.973651217314837
6,"CUB","D1SP",0.922207393980692
6,"DescTools","D1SP",0.895858611295529
6,"divent","D1SP",0.895858611295529
6,"diverse","D1SP",0.891391771810782
6,"ecodive","D1SP",0.895858611295529
6,"entropart","D1SP",0.895858611295529
6,"lawstat","D1SP",0.742189698846046
6,"MCPAN","D1SP",-4548
6,"microbiome","D1SP",0.895858611295529
6,"PCRA","D1SP",0.895858611295529
6,"RoughSets","D1SP",0.895858611295529
6,"simboot","D1SP",-4548
6,"sprex","D1SP",0.895858611295529
6,"untb","D1SP",0.900165623849834
6,"vegan","D1SP",0.895858611295529
6,"abdiv","DBRI",2.39276681894552
6,"ecodive","DBRI",2.39276681894552
6,"tabula","DBRI",2.39276681894552
6,"wiqid","DBRI",10.9437314163627
6,"BiodiversityR","DFIS",5.819442
6,"ecodive","DFIS",5.819
6,"microbiome","DFIS",5.81944199563695
6,"preseqR","DFIS",14.2205016462444
6,"sads","DFIS",5.81944198282433
6,"vegan","DFIS",5.81944199563695
6,"abdiv","DINVSP",9.60233018245768
6,"adiv","DINVSP",9.60233018245768
6,"asbio","DINVSP",9.60233018245768
6,"BiodiversityR","DINVSP",9.60233018
6,"breakaway","DINVSP",9.60233018245768
6,"chemodiv","DINVSP",9.60233018245768
6,"codyn","DINVSP",9.60233018245768
6,"divseg","DINVSP",1.10414138870447
6,"ecodive","DINVSP",9.60233018245768
6,"microbiome","DINVSP",9.60233018245768
6,"sprex","DINVSP",9.60233018245768
6,"vegan","DINVSP",9.60233018245768
6,"asbio","DLMD",35.7300513779748
6,"Compositional","DLMD",0.999958992306093
6,"sads","DLMD",1.73291999582396
6,"vegan","DLMD",23.4073559014676
6,"abdiv","DMC",0.727621158604934
6,"adiv","DMC",0.727621158604934
6,"agricolae","DMC",0.727621158604934
6,"ecodive","DMC",0.727621158604934
6,"forestHES","DMC",0.727621158604934
6,"tabula","DMC",0.727621158604934
6,"abdiv","DMG",3.74368189198277
6,"adiv","DMG",3.74368189198277
6,"agricolae","DMG",6.36425921637072
6,"ecodive","DMG",3.74368189198277
6,"tabula","DMG",3.74368189198277
6,"abdiv","DMN",1.45260037411876
6,"adiv","DMN",1.45260037411876
6,"ecodive","DMN",1.45260037411876
6,"tabula","DMN",1.45260037411876
6,"abdiv","DQ",5.77446246996802
6,"ade4","DRAO",0.895858611295529
6,"BAT","DRAO",0.895858611295529
6,"chemodiv","DRAO",134.140744279476
6,"diverse","DRAO",56.2225076901199
6,"SYNCSA","DRAO",0.895858611295529
6,"abdiv","DSHA",2.55750479292843
6,"adiv","DSHA",2.55750479292843
6,"aqp","DSHA",-839.690866907115
6,"asbio","DSHA",2.55750479292843
6,"benthos","DSHA",0
6,"BiodiversityR","DSHA",2.55750479
6,"biosampleR","DSHA",2.56237755804038
6,"chemodiv","DSHA",2.55750479292843
6,"codyn","DSHA",2.55750479292843
6,"DescTools","DSHA",3.6896994818076
6,"divDyn","DSHA",2.55750479292843
6,"divent","DSHA",2.55750479292843
6,"diverse","DSHA",2.56237755804038
6,"ecodive","DSHA",2.55750479292843
6,"EconGeo","DSHA",3.69
6,"entropart","DSHA",2.60810594793764
6,"forestmangr","DSHA",3.56
6,"HardyWeinberg","DSHA",2.55750479292843
6,"iNEXT","DSHA",2.558
6,"MCPAN","DSHA",2.55750479292843
6,"microbiome","DSHA",2.55750479292843
6,"OTUtable","DSHA",2.55750479292843
6,"pgirmess","DSHA",3.6896994818076
6,"SpiecEasi","DSHA",2.55750479292843
6,"sprex","DSHA",2.55750479292843
6,"tabula","DSHA",2.55750479292843
6,"triversity","DSHA",21
6,"vegan","DSHA",2.55750479292843
6,"wavethresh","DSHA",-30007.9481685723
6,"wiqid","DSHA",10.0165898617512
6,"abdiv","DSP",0.104141388704471
6,"agricolae","DSP",0.104141388704471
6,"antitrust","DSP",1041.41388704471
6,"benthos","DSP",0.0998343761501656
6,"breakaway","DSP",0.104141388704471
6,"concstats","DSP",0.104141388704471
6,"DescTools","DSP",0.104141388704471
6,"diverse","DSP",0.105282139488431
6,"divseg","DSP",1.10414138870447
6,"EconGeo","DSP",0.104141388704471
6,"hhi","DSP",0.104141388704471
6,"ineq","DSP",0.104141388704471
6,"microbiome","DSP",0.104141388704471
6,"PDtoolkit","DSP",0.104141388704471
6,"politics","DSP",0.104141388704471
6,"REAT","DSP",0.104141388704471
6,"sprex","DSP",0.104141388704471
6,"tabula","DSP",0.104141388704471
6,"triversity","DSP",0.104141388704471
6,"wiqid","DSP",10.0165898617512
6,"abdiv","EBP",0.186602870813397
6,"agricolae","EBP",0.186602870813397
6,"BiodiversityR","EBP",0.18660287
6,"diverse","EBP",0.226765799256506
6,"dyvDyn","EBP",0.186602870813397
6,"ecodive","EBP",0.186602870813397
6,"microbiome","EBP",0.186602870813397
6,"tabula","EBP",0.186602870813397
6,"triversity","EBP",0.186602870813397
6,"wiqid","EBP",1
6,"tabula","EBRI",0.838724870986877
6,"BAT","EBU",0.571291866028708
6,"microbiome","EBU",0.571291866028708
6,"BAT","ECAM",0.946502620186831
6,"microbiome","ECAM",0.445887445887446
6,"codyn","EEQ",0.169569095191205
6,"adiv","EEVAR",0.439499639485594
6,"codyn","EEVAR",0.433321734425383
6,"microbiome","EEVAR",0.439499639485594
6,"acid","EGIN",0.720984278879016
6,"DescTools","EGIN",0.720984278879016
6,"dplR","EGIN",0.720984278879016
6,"EconGeo","EGIN",0.721
6,"giniVarCI","EGIN",0.720984278879016
6,"ineq","EGIN",0.720984278879016
6,"microbiome","EGIN",0.720984278879016
6,"REAT","EGIN",0.720984278879016
6,"shipunov","EGIN",0.720984278879016
6,"wINEQ","EGIN",0.720984278879016
6,"adiv","EGSP",0.940651541860305
6,"abdiv","EHEI",0.595179000440232
6,"adiv","EHEI",0.595179000440232
6,"benthos","EHURE",0.900165623849834
6,"BiodiversityR","EHURE",0.90016562
6,"mobr","EHURE",0.900165623849834
6,"vegan","EHURE",0.900165623849864
6,"abdiv","EMC",0.356758737742858
6,"tabula","EMC",0.866341838964801
6,"microbiome","EMN",0.368421052631579
6,"abdiv","EPIE",0.840034798640156
6,"adiv","EPIE",0.840034798640156
6,"BiodiversityR","EPIE",0.8400348
6,"breakaway","EPIE",0.840034798640156
6,"chemodiv","EPIE",0.840034798640156
6,"diverse","EPIE",0.817216483775609
6,"forestmangr","EPIE",1
6,"microbiome","EPIE",0.840034798640156
6,"OTUtable","EPIE",0.840034798640156
6,"pctax","EPIE",0.84
6,"sprex","EPIE",0.840034798640156
6,"tabula","EPIE",0.840034798640156
6,"adiv","ESP",0.457253818212271
6,"codyn","ESP",0.457253818212271
6,"sprex","ESP",0.121785942520402
6,"tabula","ESP",0.457253818212271
6,"abdiv","EST",0.40829346092504
6,"adiv","QHIL_0",21
6,"adiv","QHIL_1",12.9035800088046
6,"adiv","QHIL_2",9.60233018245768
6,"adiv","QHIL_3",8.12351475888305
6,"BAT","QHIL_0",21
6,"BAT","QHIL_1",12.9035800088046
6,"BAT","QHIL_2",9.60233018245768
6,"BAT","QHIL_3",8.12351475888305
6,"benthos","QHIL_0",35
6,"benthos","QHIL_1",12.9035800088046
6,"benthos","QHIL_2",9.60233018245768
6,"benthos","QHIL_3",8.12351475888305
6,"breakaway","QHIL_0",21
6,"breakaway","QHIL_1",12.9035800088046
6,"breakaway","QHIL_2",9.60233018245768
6,"breakaway","QHIL_3",8.12351475888305
6,"chemodiv","QHIL_0",21
6,"chemodiv","QHIL_1",12.9035800088046
6,"chemodiv","QHIL_2",9.60233018245768
6,"chemodiv","QHIL_3",8.12351475888305
6,"divDyn","QHIL_2",9.60233018245768
6,"divent","QHIL_0",21
6,"divent","QHIL_1",12.9035800088046
6,"divent","QHIL_2",9.60233018245768
6,"divent","QHIL_3",8.12351475888304
6,"entropart","QHIL_0",21
6,"entropart","QHIL_1",12.9035800088046
6,"entropart","QHIL_2",9.60233018245768
6,"entropart","QHIL_3",8.12351475888304
6,"EntropyEstimation","QHIL_1",13.5692767754283
6,"EntropyEstimation","QHIL_2",10.0165898617512
6,"EntropyEstimation","QHIL_3",8.48087183209484
6,"extremefit","QHIL",NA
6,"hilldiv","QHIL_0",21
6,"hilldiv","QHIL_1",12.9036300453893
6,"hilldiv","QHIL_2",9.60233018245768
6,"hilldiv","QHIL_3",8.12351475888305
6,"hillR","QHIL_0",21
6,"hillR","QHIL_1",12.9035800088046
6,"hillR","QHIL_2",9.60233018245768
6,"hillR","QHIL_3",8.12351475888305
6,"sprex","QHIL_0",21
6,"sprex","QHIL_1",12.9035800088046
6,"sprex","QHIL_2",9.60233018245768
6,"sprex","QHIL_3",8.12351475888305
6,"vegan","QHIL_0",21
6,"vegan","QHIL_1",12.9035800088046
6,"vegan","QHIL_2",9.60233018245768
6,"vegan","QHIL_3",8.12351475888305
6,"adiv","QREN_0",3.04452243772342
6,"adiv","QREN_1",2.55750479292843
6,"adiv","QREN_2",2.26200579635962
6,"adiv","QREN_3",2.09476291259934
6,"BiodiversityR","QREN_0",3.04452243772342
6,"BiodiversityR","QREN_1",2.55750479292843
6,"BiodiversityR","QREN_2",2.26200579635962
6,"BiodiversityR","QREN_3",2.09476291259934
6,"diverse","QREN_0",3.13549421592915
6,"diverse","QREN_1",2.56237755804038
6,"diverse","QREN_2",2.2200081083375
6,"diverse","QREN_3",2.02218221321853
6,"EntropyEstimation","QREN_1",2.60780817658482
6,"EntropyEstimation","QREN_2",2.30424270457168
6,"EntropyEstimation","QREN_3",2.13781325490773
6,"seewave","QREN_2",0.636226262699338
6,"seewave","QREN_3",0.589186455564535
6,"sprex","QREN_0",3.04452243772342
6,"sprex","QREN_1",2.55750479292843
6,"sprex","QREN_2",2.26200579635962
6,"sprex","QREN_3",2.09476291259934
6,"statcomp","QREN_1",0.719340202055221
6,"statcomp","QREN_2",0.636226258931176
6,"statcomp","QREN_3",0.589186452738414
6,"vegan","QREN_0",3.04452243772342
6,"vegan","QREN_1",2.55750479292843
6,"vegan","QREN_2",2.26200579635962
6,"vegan","QREN_3",2.09476291259934
6,"adiv","QTSA_0",20
6,"adiv","QTSA_1",2.55750479292843
6,"adiv","QTSA_2",0.895858611295529
6,"adiv","QTSA_3",0.492423265718652
6,"divent","QTSA_0",20
6,"divent","QTSA_1",2.55750479292843
6,"divent","QTSA_2",0.895858611295529
6,"divent","QTSA_3",0.492423265718652
6,"entropart","QTSA_0",23
6,"entropart","QTSA_1",2.60810594793764
6,"entropart","QTSA_2",0.898706940663793
6,"entropart","QTSA_3",0.492742203297836
6,"EntropyEstimation","QTSA_1",2.60780817658482
6,"EntropyEstimation","QTSA_2",0.900165623849834
6,"EntropyEstimation","QTSA_3",0.493048332293184
6,"vegan","QTSA_0",20
6,"vegan","QTSA_1",2.55750479292843
6,"vegan","QTSA_2",0.895858611295529
6,"vegan","QTSA_3",0.492423265718652
6,"BAT","RACE",22.6935155680117
6,"ecodive","RACE",22.6935155680117
6,"fossil","RACE",21.7377049180328
6,"pctax","RACE",22.6935
6,"sprex","RACE",222.043770898656
6,"tabula","RACE",22.6935155680117
6,"vegan","RACE",22.6935155680117
6,"wiqid","RACE",22.6935155680117
6,"BiodiversityR","RBOO",21
6,"wiqid","RBOO",35
6,"BAT","RC1",22
6,"BiodiversityR","RC1",21
6,"biosampleR","RC1",23.1428571428571
6,"iNEXT","RC1",23.239
6,"microbiome","RC1",22
6,"pctax","RC1",22
6,"rareNMtests","RC1",21
6,"SpadeR","RC1",21
6,"SSP","RC1",20
6,"vegan","RC1",22
6,"wiqid","RC1",23.25
6,"BAT","RC1M",22.4489795918367
6,"divent","RC1M",23.2392344497608
6,"ecodive","RC1M",23.25
6,"entropart","RC1M",23.2392344497608
6,"fossil","RC1M",23.25
6,"mobr","RC1M",23.2392344497608
6,"OTUtable","RC1M",23.25
6,"tabula","RC1M",23.2392344497608
6,"wiqid","RC1M",23.25
6,"BAT","RCA2",34.3546635031635
6,"divDyn","RCA2",21.952380952381
6,"fossil","RCA2",23.25
6,"tabula","RCA2",21
6,"wiqid","RCA2",21
6,"benthos","RHUR_2",1.90016562384986
6,"benthos","RHUR_3",2.71440020696311
6,"divent","RHUR_2",10.0165669159174
6,"divent","RHUR_3",10.1595706097641
6,"entropart","RHUR_2",1.90016562384987
6,"entropart","RHUR_3",2.71440020696311
6,"mobsim","RHUR_2",1.90016562384986
6,"mobsim","RHUR_3",2.71440020696311
6,"tabula","RHUR_2",1.90018853543742
6,"tabula","RHUR_3",2.71440757454467
6,"vegan","RHUR_2",1.90016562384986
6,"vegan","RHUR_3",2.71440020696311
6,"BAT","RICE",35.5069039777515
6,"fossil","RICE",21.7377049180328
6,"tabula","RICE",21
6,"wiqid","RICE",21
6,"BAT","RJA1",24
6,"BiodiversityR","RJA1",21
6,"divent","RJA1",24
6,"entropart","RJA1",24
6,"fossil","RJA1",23.9856459330144
6,"SSP","RJA1",20
6,"tabula","RJA1",2.47684595376102
6,"wiqid","RJA1",24
6,"BAT","RJA2",25
6,"BiodiversityR","RJA2",21
6,"fossil","RJA2",24.9425377254325
6,"SSP","RJA2",20
6,"wiqid","RJA2",25
6,"wiqid","RMM",0
6,"divDyn","RSQ",21.9386262552157
6,"ecodive","RSQ",21.9386262552157
6,"tabula","RSQ",21.9386262552157
7,"abdiv","D1SP",0.868770004572474
7,"ade4","D1SP",0.868770004572474
7,"adiv","D1SP",0.868770004572474
7,"agricolae","D1SP",1
7,"asbio","D1SP",0.868770004572474
7,"BiodiversityR","D1SP",0.86877
7,"biosampleR","D1SP",0.8446
7,"breakaway","D1SP",0.868770004572474
7,"catsim","D1SP",0.674285714285714
7,"concstats","D1SP",0.974447941041986
7,"CUB","D1SP",0.894322063530488
7,"DescTools","D1SP",0.868770004572474
7,"divent","D1SP",0.868770004572474
7,"diverse","D1SP",0.8446
7,"ecodive","D1SP",0.868770004572474
7,"entropart","D1SP",0.868770004572474
7,"lawstat","D1SP",0.810457516339869
7,"MCPAN","D1SP",-3443
7,"microbiome","D1SP",0.868770004572474
7,"PCRA","D1SP",0.868770004572474
7,"RoughSets","D1SP",0.868770004572474
7,"simboot","D1SP",-3443
7,"sprex","D1SP",0.868770004572474
7,"untb","D1SP",0.874166091557396
7,"vegan","D1SP",0.868770004572474
7,"abdiv","DBRI",2.12477246049547
7,"ecodive","DBRI",2.12477246049547
7,"tabula","DBRI",2.12477246049547
7,"wiqid","DBRI",8.37099253991502
7,"BiodiversityR","DFIS",4.4059174
7,"ecodive","DFIS",4.406
7,"microbiome","DFIS",4.40591740252655
7,"preseqR","DFIS",10.227392752922
7,"sads","DFIS",4.40591455883657
7,"vegan","DFIS",4.40591740252655
7,"abdiv","DINVSP",7.62020905923345
7,"adiv","DINVSP",7.62020905923345
7,"asbio","DINVSP",7.62020905923345
7,"BiodiversityR","DINVSP",7.62020906
7,"breakaway","DINVSP",7.62020905923345
7,"chemodiv","DINVSP",7.62020905923345
7,"codyn","DINVSP",7.62020905923345
7,"divseg","DINVSP",1.13122999542753
7,"ecodive","DINVSP",7.62020905923345
7,"microbiome","DINVSP",7.62020905923345
7,"sprex","DINVSP",7.62020905923345
7,"vegan","DINVSP",7.62020905923345
7,"asbio","DLMD",26.0566385010026
7,"Compositional","DLMD",0.999958992306093
7,"sads","DLMD",1.72653866624615
7,"vegan","DLMD",18.2744213870119
7,"abdiv","DMC",0.692121382794592
7,"adiv","DMC",0.692121382794592
7,"agricolae","DMC",0.692121382794592
7,"ecodive","DMC",0.692121382794592
7,"forestHES","DMC",0.692121382794592
7,"tabula","DMC",0.692121382794592
7,"abdiv","DMG",2.94834711946832
7,"adiv","DMG",2.94834711946832
7,"agricolae","DMG",6.68292013746153
7,"ecodive","DMG",2.94834711946832
7,"tabula","DMG",2.94834711946832
7,"abdiv","DMN",1.25707872210942
7,"adiv","DMN",1.25707872210942
7,"ecodive","DMN",1.25707872210942
7,"tabula","DMN",1.25707872210942
7,"abdiv","DQ",0
7,"ade4","DRAO",0.868770004572474
7,"BAT","DRAO",0.868770004572474
7,"chemodiv","DRAO",114.238332662047
7,"diverse","DRAO",188.314305103403
7,"SYNCSA","DRAO",0.868770004572474
7,"abdiv","DSHA",2.28188850040498
7,"adiv","DSHA",2.28188850040498
7,"aqp","DSHA",-655.740486277187
7,"asbio","DSHA",2.28188850040498
7,"benthos","DSHA",0
7,"BiodiversityR","DSHA",2.2818885
7,"biosampleR","DSHA",2.24117596362769
7,"chemodiv","DSHA",2.28188850040498
7,"codyn","DSHA",2.28188850040498
7,"DescTools","DSHA",3.29206922339581
7,"divDyn","DSHA",2.28188850040498
7,"divent","DSHA",2.28188850040498
7,"diverse","DSHA",2.24117596362769
7,"ecodive","DSHA",2.28188850040498
7,"EconGeo","DSHA",3.292
7,"entropart","DSHA",2.32744777166666
7,"forestmangr","DSHA",3.56
7,"HardyWeinberg","DSHA",2.28188850040498
7,"iNEXT","DSHA",2.282
7,"MCPAN","DSHA",2.28188850040498
7,"microbiome","DSHA",2.28188850040498
7,"OTUtable","DSHA",2.28188850040498
7,"pgirmess","DSHA",3.29206922339581
7,"SpiecEasi","DSHA",2.28188850040498
7,"sprex","DSHA",2.28188850040498
7,"tabula","DSHA",2.28188850040498
7,"triversity","DSHA",16
7,"vegan","DSHA",2.28188850040498
7,"wavethresh","DSHA",-22218.5353479716
7,"wiqid","DSHA",7.94698354661792
7,"abdiv","DSP",0.131229995427526
7,"agricolae","DSP",0.131229995427526
7,"antitrust","DSP",1312.29995427526
7,"benthos","DSP",0.125833908442604
7,"breakaway","DSP",0.131229995427526
7,"concstats","DSP",0.131229995427526
7,"DescTools","DSP",0.131229995427526
7,"diverse","DSP",0.146868686868687
7,"divseg","DSP",1.13122999542753
7,"EconGeo","DSP",0.131229995427526
7,"hhi","DSP",0.131229995427526
7,"ineq","DSP",0.131229995427526
7,"microbiome","DSP",0.131229995427526
7,"PDtoolkit","DSP",0.131229995427526
7,"politics","DSP",0.131229995427526
7,"REAT","DSP",0.131229995427526
7,"sprex","DSP",0.131229995427526
7,"tabula","DSP",0.131229995427526
7,"triversity","DSP",0.131229995427526
7,"wiqid","DSP",7.94698354661792
7,"abdiv","EBP",0.228395061728395
7,"agricolae","EBP",0.228395061728395
7,"BiodiversityR","EBP",0.22839506
7,"diverse","EBP",0.29
7,"dyvDyn","EBP",0.228395061728395
7,"ecodive","EBP",0.228395061728395
7,"microbiome","EBP",0.228395061728395
7,"tabula","EBP",0.228395061728395
7,"triversity","EBP",0.228395061728395
7,"wiqid","EBP",1
7,"tabula","EBRI",0.821143680974579
7,"BAT","EBU",0.530041152263374
7,"microbiome","EBU",0.530041152263374
7,"BAT","ECAM",0.928703703703704
7,"microbiome","ECAM",0.433641975308642
7,"codyn","EEQ",0.161253540696471
7,"adiv","EEVAR",0.428831783246243
7,"codyn","EEVAR",0.417842782725414
7,"microbiome","EEVAR",0.428831783246243
7,"acid","EGIN",0.787301587301587
7,"DescTools","EGIN",0.787301587301587
7,"dplR","EGIN",0.787301587301587
7,"EconGeo","EGIN",0.787
7,"giniVarCI","EGIN",0.787301587301587
7,"ineq","EGIN",0.787301587301587
7,"microbiome","EGIN",0.787301587301587
7,"REAT","EGIN",0.787301587301587
7,"shipunov","EGIN",0.787301587301587
7,"wINEQ","EGIN",0.787301587301587
7,"adiv","EGSP",0.926688004877305
7,"abdiv","EHEI",0.586344074624208
7,"adiv","EHEI",0.586344074624208
7,"benthos","EHURE",0.874166091557396
7,"BiodiversityR","EHURE",0.87416609
7,"mobr","EHURE",0.874166091557396
7,"vegan","EHURE",0.874166091557386
7,"abdiv","EMC",0.399083300298492
7,"tabula","EMC",0.850324255107121
7,"microbiome","EMN",0.395061728395062
7,"abdiv","EPIE",0.823017305848953
7,"adiv","EPIE",0.823017305848953
7,"BiodiversityR","EPIE",0.82301731
7,"breakaway","EPIE",0.823017305848953
7,"chemodiv","EPIE",0.823017305848953
7,"diverse","EPIE",0.775393669518482
7,"forestmangr","EPIE",1
7,"microbiome","EPIE",0.823017305848953
7,"OTUtable","EPIE",0.823017305848953
7,"pctax","EPIE",0.823
7,"sprex","EPIE",0.823017305848953
7,"tabula","EPIE",0.823017305848953
7,"adiv","ESP",0.476263066202091
7,"codyn","ESP",0.476263066202091
7,"sprex","ESP",0.142618031275311
7,"tabula","ESP",0.476263066202091
7,"abdiv","EST",0.440586419753086
7,"adiv","QHIL_0",16
7,"adiv","QHIL_1",9.79516111936312
7,"adiv","QHIL_2",7.62020905923345
7,"adiv","QHIL_3",6.71789543686817
7,"BAT","QHIL_0",16
7,"BAT","QHIL_1",9.79516111936312
7,"BAT","QHIL_2",7.62020905923345
7,"BAT","QHIL_3",6.71789543686817
7,"benthos","QHIL_0",35
7,"benthos","QHIL_1",9.79516111936312
7,"benthos","QHIL_2",7.62020905923345
7,"benthos","QHIL_3",6.71789543686817
7,"breakaway","QHIL_0",16
7,"breakaway","QHIL_1",9.79516111936312
7,"breakaway","QHIL_2",7.62020905923345
7,"breakaway","QHIL_3",6.71789543686817
7,"chemodiv","QHIL_0",16
7,"chemodiv","QHIL_1",9.79516111936312
7,"chemodiv","QHIL_2",7.62020905923345
7,"chemodiv","QHIL_3",6.71789543686817
7,"divDyn","QHIL_2",7.62020905923345
7,"divent","QHIL_0",16
7,"divent","QHIL_1",9.79516111936312
7,"divent","QHIL_2",7.62020905923345
7,"divent","QHIL_3",6.71789543686814
7,"entropart","QHIL_0",16
7,"entropart","QHIL_1",9.79516111936312
7,"entropart","QHIL_2",7.62020905923345
7,"entropart","QHIL_3",6.71789543686816
7,"EntropyEstimation","QHIL_1",10.2840824932754
7,"EntropyEstimation","QHIL_2",7.94698354661792
7,"EntropyEstimation","QHIL_3",7.04011168390905
7,"extremefit","QHIL",NA
7,"hilldiv","QHIL_0",16
7,"hilldiv","QHIL_1",9.79519638166833
7,"hilldiv","QHIL_2",7.62020905923345
7,"hilldiv","QHIL_3",6.71789543686817
7,"hillR","QHIL_0",16
7,"hillR","QHIL_1",9.79516111936312
7,"hillR","QHIL_2",7.62020905923345
7,"hillR","QHIL_3",6.71789543686817
7,"sprex","QHIL_0",16
7,"sprex","QHIL_1",9.79516111936312
7,"sprex","QHIL_2",7.62020905923345
7,"sprex","QHIL_3",6.71789543686817
7,"vegan","QHIL_0",16
7,"vegan","QHIL_1",9.79516111936312
7,"vegan","QHIL_2",7.62020905923345
7,"vegan","QHIL_3",6.71789543686817
7,"adiv","QREN_0",2.77258872223978
7,"adiv","QREN_1",2.28188850040498
7,"adiv","QREN_2",2.03080380491715
7,"adiv","QREN_3",1.90477492644679
7,"BiodiversityR","QREN_0",2.77258872223978
7,"BiodiversityR","QREN_1",2.28188850040498
7,"BiodiversityR","QREN_2",2.03080380491715
7,"BiodiversityR","QREN_3",1.90477492644679
7,"diverse","QREN_0",2.89037175789616
7,"diverse","QREN_1",2.24117596362769
7,"diverse","QREN_2",1.86175284104859
7,"diverse","QREN_3",1.67021109147385
7,"EntropyEstimation","QREN_1",2.33059731088794
7,"EntropyEstimation","QREN_2",2.07279242856681
7,"EntropyEstimation","QREN_3",1.95162403423574
7,"seewave","QREN_2",0.571196910471598
7,"seewave","QREN_3",0.535749218106491
7,"sprex","QREN_0",2.77258872223978
7,"sprex","QREN_1",2.28188850040498
7,"sprex","QREN_2",2.03080380491715
7,"sprex","QREN_3",1.90477492644679
7,"statcomp","QREN_1",0.641818595799885
7,"statcomp","QREN_2",0.57119690387399
7,"statcomp","QREN_3",0.535749213158285
7,"vegan","QREN_0",2.77258872223978
7,"vegan","QREN_1",2.28188850040498
7,"vegan","QREN_2",2.03080380491715
7,"vegan","QREN_3",1.90477492644679
7,"adiv","QTSA_0",15
7,"adiv","QTSA_1",2.28188850040498
7,"adiv","QTSA_2",0.868770004572474
7,"adiv","QTSA_3",0.488920924429993
7,"divent","QTSA_0",15
7,"divent","QTSA_1",2.28188850040498
7,"divent","QTSA_2",0.868770004572474
7,"divent","QTSA_3",0.488920924429993
7,"entropart","QTSA_0",17
7,"entropart","QTSA_1",2.32744777166666
7,"entropart","QTSA_2",0.871881960140208
7,"entropart","QTSA_3",0.489323363519949
7,"EntropyEstimation","QTSA_1",2.33059731088794
7,"EntropyEstimation","QTSA_2",0.874166091557396
7,"EntropyEstimation","QTSA_3",0.489911864504256
7,"vegan","QTSA_0",15
7,"vegan","QTSA_1",2.28188850040498
7,"vegan","QTSA_2",0.868770004572474
7,"vegan","QTSA_3",0.488920924429993
7,"BAT","RACE",17.1613750976632
7,"ecodive","RACE",17.1613750976632
7,"fossil","RACE",16.5789473684211
7,"pctax","RACE",17.1614
7,"sprex","RACE",174.017408859008
7,"tabula","RACE",17.1613750976632
7,"vegan","RACE",17.1613750976632
7,"wiqid","RACE",17.1613750976632
7,"BiodiversityR","RBOO",16
7,"wiqid","RBOO",35
7,"BAT","RC1",16.5
7,"BiodiversityR","RC1",16
7,"biosampleR","RC1",36
7,"iNEXT","RC1",17.988
7,"microbiome","RC1",16.5
7,"pctax","RC1",16.5
7,"rareNMtests","RC1",16
7,"SpadeR","RC1",16
7,"SSP","RC1",15
7,"vegan","RC1",16.5
7,"wiqid","RC1",18
7,"BAT","RC1M",16.7578125
7,"divent","RC1M",17.9876543209877
7,"ecodive","RC1M",18
7,"entropart","RC1M",17.9876543209877
7,"fossil","RC1M",18
7,"mobr","RC1M",17.9876543209877
7,"OTUtable","RC1M",18
7,"tabula","RC1M",17.9876543209877
7,"wiqid","RC1M",18
7,"BAT","RCA2",35.077773308391
7,"divDyn","RCA2",16.46875
7,"fossil","RCA2",18
7,"tabula","RCA2",16
7,"wiqid","RCA2",16
7,"benthos","RHUR_2",1.87416609155739
7,"benthos","RHUR_3",2.64267454566367
7,"divent","RHUR_2",7.94698384457518
7,"divent","RHUR_3",8.04796878586819
7,"entropart","RHUR_2",1.87416609155738
7,"entropart","RHUR_3",2.64267454566367
7,"mobsim","RHUR_2",1.87416609155739
7,"mobsim","RHUR_3",2.64267454566367
7,"tabula","RHUR_2",1.87416609155812
7,"tabula","RHUR_3",2.64267454566387
7,"vegan","RHUR_2",1.87416609155739
7,"vegan","RHUR_3",2.64267454566367
7,"BAT","RICE",35.0993856782934
7,"fossil","RICE",16.5789473684211
7,"tabula","RICE",16
7,"wiqid","RICE",16
7,"BAT","RJA1",18
7,"BiodiversityR","RJA1",16
7,"divent","RJA1",18
7,"entropart","RJA1",18
7,"fossil","RJA1",17.9876543209877
7,"SSP","RJA1",15
7,"tabula","RJA1",2.17425069143379
7,"wiqid","RJA1",18
7,"BAT","RJA2",19
7,"BiodiversityR","RJA2",16
7,"fossil","RJA2",18.9444061038264
7,"SSP","RJA2",15
7,"wiqid","RJA2",19
7,"wiqid","RMM",0
7,"divDyn","RSQ",16.5255608118419
7,"ecodive","RSQ",16.5255608118419
7,"tabula","RSQ",16.5255608118419
8,"abdiv","D1SP",0.887755102040816
8,"ade4","D1SP",0.887755102040817
8,"adiv","D1SP",0.887755102040816
8,"agricolae","D1SP",1
8,"asbio","D1SP",0.887755102040816
8,"BiodiversityR","D1SP",0.8877551
8,"biosampleR","D1SP",0.842172388139016
8,"breakaway","D1SP",0.887755102040816
8,"catsim","D1SP",0.793469387755102
8,"concstats","D1SP",0.973889555822329
8,"CUB","D1SP",0.913865546218487
8,"DescTools","D1SP",0.887755102040817
8,"divent","D1SP",0.887755102040816
8,"diverse","D1SP",0.842172388139016
8,"ecodive","D1SP",0.887755102040816
8,"entropart","D1SP",0.887755102040816
8,"lawstat","D1SP",0.741830065359477
8,"MCPAN","D1SP",-1781
8,"microbiome","D1SP",0.887755102040816
8,"PCRA","D1SP",0.887755102040816
8,"RoughSets","D1SP",0.887755102040816
8,"simboot","D1SP",-1781
8,"sprex","D1SP",0.887755102040816
8,"untb","D1SP",0.894857142857143
8,"vegan","D1SP",0.887755102040816
8,"abdiv","DBRI",2.30151509844851
8,"ecodive","DBRI",2.30151509844851
8,"tabula","DBRI",2.30151509844851
8,"wiqid","DBRI",9.98930577694511
8,"BiodiversityR","DFIS",7.19597017
8,"ecodive","DFIS",7.196
8,"microbiome","DFIS",7.19597017158374
8,"preseqR","DFIS",10.3227556647825
8,"sads","DFIS",7.19596886983267
8,"vegan","DFIS",7.19597017158374
8,"abdiv","DINVSP",8.90909090909091
8,"adiv","DINVSP",8.90909090909091
8,"asbio","DINVSP",8.90909090909091
8,"BiodiversityR","DINVSP",8.90909091
8,"breakaway","DINVSP",8.90909090909091
8,"chemodiv","DINVSP",8.90909090909091
8,"codyn","DINVSP",8.90909090909091
8,"divseg","DINVSP",1.11224489795918
8,"ecodive","DINVSP",8.90909090909091
8,"microbiome","DINVSP",8.90909090909091
8,"sprex","DINVSP",8.90909090909091
8,"vegan","DINVSP",8.90909090909091
8,"asbio","DLMD",41.4206191614793
8,"Compositional","DLMD",0.999958992306093
8,"sads","DLMD",1.27070141086503
8,"vegan","DLMD",23.7568471349435
8,"abdiv","DMC",0.730004250389943
8,"adiv","DMC",0.730004250389943
8,"agricolae","DMC",0.730004250389943
8,"ecodive","DMC",0.730004250389943
8,"forestHES","DMC",0.730004250389943
8,"tabula","DMC",0.730004250389943
8,"abdiv","DMG",4.13540822987444
8,"adiv","DMG",4.13540822987444
8,"agricolae","DMG",7.03019399078655
8,"ecodive","DMG",4.13540822987444
8,"tabula","DMG",4.13540822987444
8,"abdiv","DMN",1.87082869338697
8,"adiv","DMN",1.87082869338697
8,"ecodive","DMN",1.87082869338697
8,"tabula","DMN",1.87082869338697
8,"abdiv","DQ",5.64582826474227
8,"ade4","DRAO",0.887755102040816
8,"BAT","DRAO",0.887755102040814
8,"chemodiv","DRAO",115.542050687374
8,"diverse","DRAO",60.6608868603187
8,"SYNCSA","DRAO",0.887755102040816
8,"abdiv","DSHA",2.53987142731388
8,"adiv","DSHA",2.53987142731388
8,"aqp","DSHA",-417.440521363145
8,"asbio","DSHA",2.53987142731388
8,"benthos","DSHA",0
8,"BiodiversityR","DSHA",2.53987143
8,"biosampleR","DSHA",2.26693887322499
8,"chemodiv","DSHA",2.53987142731388
8,"codyn","DSHA",2.53987142731388
8,"DescTools","DSHA",3.6642599126813
8,"divDyn","DSHA",2.53987142731388
8,"divent","DSHA",2.53987142731388
8,"diverse","DSHA",2.26693887322499
8,"ecodive","DSHA",2.53987142731388
8,"EconGeo","DSHA",3.664
8,"entropart","DSHA",2.65400044167931
8,"forestmangr","DSHA",3.56
8,"HardyWeinberg","DSHA",2.53987142731388
8,"iNEXT","DSHA",2.54
8,"MCPAN","DSHA",2.53987142731388
8,"microbiome","DSHA",2.53987142731388
8,"OTUtable","DSHA",2.53987142731388
8,"pgirmess","DSHA",3.6642599126813
8,"SpiecEasi","DSHA",2.53987142731388
8,"sprex","DSHA",2.53987142731388
8,"tabula","DSHA",2.53987142731388
8,"triversity","DSHA",21
8,"vegan","DSHA",2.53987142731388
8,"wavethresh","DSHA",-10374.0486457868
8,"wiqid","DSHA",9.51086956521739
8,"abdiv","DSP",0.112244897959184
8,"agricolae","DSP",0.112244897959184
8,"antitrust","DSP",1122.44897959184
8,"benthos","DSP",0.105142857142857
8,"breakaway","DSP",0.112244897959184
8,"concstats","DSP",0.112244897959184
8,"DescTools","DSP",0.112244897959184
8,"diverse","DSP",0.149054982817869
8,"divseg","DSP",1.11224489795918
8,"EconGeo","DSP",0.112244897959184
8,"hhi","DSP",0.112244897959184
8,"ineq","DSP",0.112244897959184
8,"microbiome","DSP",0.112244897959184
8,"PDtoolkit","DSP",0.112244897959184
8,"politics","DSP",0.112244897959184
8,"REAT","DSP",0.112244897959184
8,"sprex","DSP",0.112244897959184
8,"tabula","DSP",0.112244897959184
8,"triversity","DSP",0.112244897959184
8,"wiqid","DSP",9.51086956521739
8,"abdiv","EBP",0.206349206349206
8,"agricolae","EBP",0.206349206349206
8,"BiodiversityR","EBP",0.20634921
8,"diverse","EBP",0.309278350515464
8,"dyvDyn","EBP",0.206349206349206
8,"ecodive","EBP",0.206349206349206
8,"microbiome","EBP",0.206349206349206
8,"tabula","EBP",0.206349206349206
8,"triversity","EBP",0.206349206349206
8,"wiqid","EBP",1
8,"tabula","EBRI",0.832004229912817
8,"BAT","EBU",0.575
8,"microbiome","EBU",0.575
8,"BAT","ECAM",0.946560846560847
8,"microbiome","ECAM",0.437641723356009
8,"codyn","EEQ",0.192982895786686
8,"adiv","EEVAR",0.503265033185325
8,"codyn","EEVAR",0.49696176453493
8,"microbiome","EEVAR",0.503265033185325
8,"acid","EGIN",0.720634920634921
8,"DescTools","EGIN",0.720634920634921
8,"dplR","EGIN",0.720634920634921
8,"EconGeo","EGIN",0.721
8,"giniVarCI","EGIN",0.72063492063492
8,"ineq","EGIN",0.720634920634921
8,"microbiome","EGIN",0.72063492063492
8,"REAT","EGIN",0.720634920634921
8,"shipunov","EGIN",0.72063492063492
8,"wINEQ","EGIN",0.720634920634921
8,"adiv","EGSP",0.932142857142857
8,"abdiv","EHEI",0.583902040813846
8,"adiv","EHEI",0.583902040813846
8,"benthos","EHURE",0.894857142857143
8,"BiodiversityR","EHURE",0.89485714
8,"mobr","EHURE",0.894857142857143
8,"vegan","EHURE",0.894857142857149
8,"abdiv","EMC",0.397888885283295
8,"tabula","EMC",0.850582655403161
8,"microbiome","EMN",0.404761904761905
8,"abdiv","EPIE",0.834242965610428
8,"adiv","EPIE",0.834242965610428
8,"BiodiversityR","EPIE",0.83424297
8,"breakaway","EPIE",0.834242965610428
8,"chemodiv","EPIE",0.834242965610428
8,"diverse","EPIE",0.800129957731841
8,"forestmangr","EPIE",1
8,"microbiome","EPIE",0.834242965610428
8,"OTUtable","EPIE",0.834242965610428
8,"pctax","EPIE",0.8342
8,"sprex","EPIE",0.834242965610428
8,"tabula","EPIE",0.834242965610428
8,"adiv","ESP",0.424242424242424
8,"codyn","ESP",0.424242424242424
8,"sprex","ESP",0.120946258443518
8,"tabula","ESP",0.424242424242424
8,"abdiv","EST",0.404761904761905
8,"adiv","QHIL_0",21
8,"adiv","QHIL_1",12.6780408162769
8,"adiv","QHIL_2",8.90909090909091
8,"adiv","QHIL_3",7.32949928582146
8,"BAT","QHIL_0",21
8,"BAT","QHIL_1",12.6780408162769
8,"BAT","QHIL_2",8.90909090909091
8,"BAT","QHIL_3",7.32949928582146
8,"benthos","QHIL_0",35
8,"benthos","QHIL_1",12.6780408162769
8,"benthos","QHIL_2",8.90909090909091
8,"benthos","QHIL_3",7.32949928582146
8,"breakaway","QHIL_0",21
8,"breakaway","QHIL_1",12.6780408162769
8,"breakaway","QHIL_2",8.90909090909091
8,"breakaway","QHIL_3",7.32949928582146
8,"chemodiv","QHIL_0",21
8,"chemodiv","QHIL_1",12.6780408162769
8,"chemodiv","QHIL_2",8.90909090909091
8,"chemodiv","QHIL_3",7.32949928582146
8,"divDyn","QHIL_2",8.90909090909091
8,"divent","QHIL_0",21
8,"divent","QHIL_1",12.6780408162769
8,"divent","QHIL_2",8.9090909090909
8,"divent","QHIL_3",7.32949928582145
8,"entropart","QHIL_0",21
8,"entropart","QHIL_1",12.6780408162769
8,"entropart","QHIL_2",8.9090909090909
8,"entropart","QHIL_3",7.32949928582144
8,"EntropyEstimation","QHIL_1",13.8025764430542
8,"EntropyEstimation","QHIL_2",9.51086956521739
8,"EntropyEstimation","QHIL_3",7.79497404164211
8,"extremefit","QHIL",NA
8,"hilldiv","QHIL_0",21
8,"hilldiv","QHIL_1",12.6780975998228
8,"hilldiv","QHIL_2",8.90909090909091
8,"hilldiv","QHIL_3",7.32949928582146
8,"hillR","QHIL_0",21
8,"hillR","QHIL_1",12.6780408162769
8,"hillR","QHIL_2",8.90909090909091
8,"hillR","QHIL_3",7.32949928582146
8,"sprex","QHIL_0",21
8,"sprex","QHIL_1",12.6780408162769
8,"sprex","QHIL_2",8.90909090909091
8,"sprex","QHIL_3",7.32949928582146
8,"vegan","QHIL_0",21
8,"vegan","QHIL_1",12.6780408162769
8,"vegan","QHIL_2",8.90909090909091
8,"vegan","QHIL_3",7.32949928582146
8,"adiv","QREN_0",3.04452243772342
8,"adiv","QREN_1",2.53987142731388
8,"adiv","QREN_2",2.1870722058722
8,"adiv","QREN_3",1.99190720330903
8,"BiodiversityR","QREN_0",3.04452243772342
8,"BiodiversityR","QREN_1",2.53987142731388
8,"BiodiversityR","QREN_2",2.1870722058722
8,"BiodiversityR","QREN_3",1.99190720330903
8,"diverse","QREN_0",2.83321334405622
8,"diverse","QREN_1",2.26693887322499
8,"diverse","QREN_2",1.84625190576997
8,"diverse","QREN_3",1.62796417143211
8,"EntropyEstimation","QREN_1",2.62485527350916
8,"EntropyEstimation","QREN_2",2.25243530930857
8,"EntropyEstimation","QREN_3",2.0534791723749
8,"seewave","QREN_2",0.6151499628923
8,"seewave","QREN_3",0.560256600908221
8,"sprex","QREN_0",3.04452243772342
8,"sprex","QREN_1",2.53987142731388
8,"sprex","QREN_2",2.1870722058722
8,"sprex","QREN_3",1.99190720330903
8,"statcomp","QREN_1",0.714380528540958
8,"statcomp","QREN_2",0.615149956641935
8,"statcomp","QREN_3",0.560256596220448
8,"vegan","QREN_0",3.04452243772342
8,"vegan","QREN_1",2.53987142731388
8,"vegan","QREN_2",2.1870722058722
8,"vegan","QREN_3",1.99190720330903
8,"adiv","QTSA_0",20
8,"adiv","QTSA_1",2.53987142731388
8,"adiv","QTSA_2",0.887755102040816
8,"adiv","QTSA_3",0.490692749763045
8,"divent","QTSA_0",20
8,"divent","QTSA_1",2.53987142731388
8,"divent","QTSA_2",0.887755102040816
8,"divent","QTSA_3",0.490692749763045
8,"entropart","QTSA_0",25
8,"entropart","QTSA_1",2.65400044167931
8,"entropart","QTSA_2",0.894784376820297
8,"entropart","QTSA_3",0.491543094681538
8,"EntropyEstimation","QTSA_1",2.62485527350916
8,"EntropyEstimation","QTSA_2",0.894857142857143
8,"EntropyEstimation","QTSA_3",0.491771121351766
8,"vegan","QTSA_0",20
8,"vegan","QTSA_1",2.53987142731388
8,"vegan","QTSA_2",0.887755102040816
8,"vegan","QTSA_3",0.490692749763045
8,"BAT","RACE",24.5694833339726
8,"ecodive","RACE",24.5694833339726
8,"fossil","RACE",22.551724137931
8,"pctax","RACE",24.5695
8,"sprex","RACE",128.57222240452
8,"tabula","RACE",24.5694833339726
8,"vegan","RACE",24.5694833339726
8,"wiqid","RACE",24.5694833339726
8,"BiodiversityR","RBOO",21
8,"wiqid","RBOO",35
8,"BAT","RC1",23.5
8,"BiodiversityR","RC1",21
8,"biosampleR","RC1",17.5
8,"iNEXT","RC1",25.134
8,"microbiome","RC1",23.5
8,"pctax","RC1",23.5
8,"rareNMtests","RC1",21
8,"SpadeR","RC1",21
8,"SSP","RC1",20
8,"vegan","RC1",23.5
8,"wiqid","RC1",25.1666666666667
8,"BAT","RC1M",24.8321995464853
8,"divent","RC1M",25.1335978835979
8,"ecodive","RC1M",25.1666666666667
8,"entropart","RC1M",25.1335978835979
8,"fossil","RC1M",25.1666666666667
8,"mobr","RC1M",25.1335978835979
8,"OTUtable","RC1M",25.1666666666667
8,"tabula","RC1M",25.1335978835979
8,"wiqid","RC1M",25.1666666666667
8,"BAT","RCA2",34.2790270562771
8,"divDyn","RCA2",23.3809523809524
8,"fossil","RCA2",25.1666666666667
8,"tabula","RCA2",21
8,"wiqid","RCA2",21
8,"benthos","RHUR_2",1.89485714285715
8,"benthos","RHUR_3",2.70102918586786
8,"divent","RHUR_2",9.51085391012821
8,"divent","RHUR_3",9.68921504058781
8,"entropart","RHUR_2",1.89485714285715
8,"entropart","RHUR_3",2.70102918586785
8,"mobsim","RHUR_2",1.89485714285715
8,"mobsim","RHUR_3",2.70102918586786
8,"tabula","RHUR_2",1.89485714285496
8,"tabula","RHUR_3",2.70102918586572
8,"vegan","RHUR_2",1.89485714285715
8,"vegan","RHUR_3",2.70102918586786
8,"BAT","RICE",35.0096352018765
8,"fossil","RICE",22.551724137931
8,"tabula","RICE",21
8,"wiqid","RICE",21
8,"BAT","RJA1",26
8,"BiodiversityR","RJA1",21
8,"divent","RJA1",26
8,"entropart","RJA1",26
8,"fossil","RJA1",25.9603174603175
8,"SSP","RJA1",20
8,"tabula","RJA1",2.45771200572363
8,"wiqid","RJA1",26
8,"BAT","RJA2",28
8,"BiodiversityR","RJA2",21
8,"fossil","RJA2",27.8331428571429
8,"SSP","RJA2",20
8,"wiqid","RJA2",28
8,"wiqid","RMM",0
8,"divDyn","RSQ",23.8248050218756
8,"ecodive","RSQ",23.8248050218756
8,"tabula","RSQ",23.8248050218756
9,"abdiv","D1SP",0.86509352898407
9,"ade4","D1SP",0.86509352898407
9,"adiv","D1SP",0.86509352898407
9,"agricolae","D1SP",1
9,"asbio","D1SP",0.86509352898407
9,"BiodiversityR","D1SP",0.86509353
9,"biosampleR","D1SP",0.785925925925926
9,"breakaway","D1SP",0.86509352898407
9,"catsim","D1SP",0.677551020408163
9,"concstats","D1SP",0.974556072676939
9,"CUB","D1SP",0.890537456307131
9,"DescTools","D1SP",0.86509352898407
9,"divent","D1SP",0.86509352898407
9,"diverse","D1SP",0.785925925925926
9,"ecodive","D1SP",0.86509352898407
9,"entropart","D1SP",0.86509352898407
9,"lawstat","D1SP",0.812529890004782
9,"MCPAN","D1SP",-2040
9,"microbiome","D1SP",0.86509352898407
9,"PCRA","D1SP",0.86509352898407
9,"RoughSets","D1SP",0.86509352898407
9,"simboot","D1SP",-2040
9,"sprex","D1SP",0.86509352898407
9,"untb","D1SP",0.872184459549514
9,"vegan","D1SP",0.86509352898407
9,"abdiv","DBRI",2.08550504667707
9,"ecodive","DBRI",2.08550504667707
9,"tabula","DBRI",2.08550504667707
9,"wiqid","DBRI",8.04865540204225
9,"BiodiversityR","DFIS",4.90701582
9,"ecodive","DFIS",4.907
9,"microbiome","DFIS",4.90701582331615
9,"preseqR","DFIS",7.96567453559659
9,"sads","DFIS",4.90701550062461
9,"vegan","DFIS",4.90701582331615
9,"abdiv","DINVSP",7.4125428711416
9,"adiv","DINVSP",7.4125428711416
9,"asbio","DINVSP",7.4125428711416
9,"BiodiversityR","DINVSP",7.41254287
9,"breakaway","DINVSP",7.4125428711416
9,"chemodiv","DINVSP",7.4125428711416
9,"codyn","DINVSP",7.4125428711416
9,"divseg","DINVSP",1.13490647101593
9,"ecodive","DINVSP",7.4125428711416
9,"microbiome","DINVSP",7.4125428711416
9,"sprex","DINVSP",7.4125428711416
9,"vegan","DINVSP",7.4125428711416
9,"asbio","DLMD",34.7662714945631
9,"Compositional","DLMD",0.999958992306093
9,"sads","DLMD",1.4640081225344
9,"vegan","DLMD",24.6133506709929
9,"abdiv","DMC",0.695406532908194
9,"adiv","DMC",0.695406532908194
9,"agricolae","DMC",0.695406532908194
9,"ecodive","DMC",0.695406532908194
9,"forestHES","DMC",0.695406532908194
9,"tabula","DMC",0.695406532908194
9,"abdiv","DMG",3.11708756196211
9,"adiv","DMG",3.11708756196211
9,"agricolae","DMG",7.06539847378078
9,"ecodive","DMG",3.11708756196211
9,"tabula","DMG",3.11708756196211
9,"abdiv","DMN",1.44267141546789
9,"adiv","DMN",1.44267141546789
9,"ecodive","DMN",1.44267141546789
9,"tabula","DMN",1.44267141546789
9,"abdiv","DQ",0
9,"ade4","DRAO",0.86509352898407
9,"BAT","DRAO",0.865093528984071
9,"chemodiv","DRAO",350.906264425584
9,"diverse","DRAO",51.1421725695558
9,"SYNCSA","DRAO",0.86509352898407
9,"abdiv","DSHA",2.27728918808146
9,"adiv","DSHA",2.27728918808146
9,"aqp","DSHA",-449.820924503959
9,"asbio","DSHA",2.27728918808146
9,"benthos","DSHA",0
9,"BiodiversityR","DSHA",2.27728919
9,"biosampleR","DSHA",1.91061528727681
9,"chemodiv","DSHA",2.27728918808146
9,"codyn","DSHA",2.27728918808146
9,"DescTools","DSHA",3.28543381831518
9,"divDyn","DSHA",2.27728918808146
9,"divent","DSHA",2.27728918808146
9,"diverse","DSHA",1.91061528727681
9,"ecodive","DSHA",2.27728918808146
9,"EconGeo","DSHA",3.285
9,"entropart","DSHA",2.34991909457714
9,"forestmangr","DSHA",3.56
9,"HardyWeinberg","DSHA",2.27728918808146
9,"iNEXT","DSHA",2.277
9,"MCPAN","DSHA",2.27728918808146
9,"microbiome","DSHA",2.27728918808146
9,"OTUtable","DSHA",2.27728918808146
9,"pgirmess","DSHA",3.28543381831518
9,"SpiecEasi","DSHA",2.27728918808146
9,"sprex","DSHA",2.27728918808146
9,"tabula","DSHA",2.27728918808146
9,"triversity","DSHA",16
9,"vegan","DSHA",2.27728918808146
9,"wavethresh","DSHA",-12249.0578533246
9,"wiqid","DSHA",7.82377476538061
9,"abdiv","DSP",0.13490647101593
9,"agricolae","DSP",0.13490647101593
9,"antitrust","DSP",1349.0647101593
9,"benthos","DSP",0.127815540450486
9,"breakaway","DSP",0.13490647101593
9,"concstats","DSP",0.13490647101593
9,"DescTools","DSP",0.13490647101593
9,"diverse","DSP",0.205243445692884
9,"divseg","DSP",1.13490647101593
9,"EconGeo","DSP",0.13490647101593
9,"hhi","DSP",0.13490647101593
9,"ineq","DSP",0.13490647101593
9,"microbiome","DSP",0.13490647101593
9,"PDtoolkit","DSP",0.13490647101593
9,"politics","DSP",0.13490647101593
9,"REAT","DSP",0.13490647101593
9,"sprex","DSP",0.13490647101593
9,"tabula","DSP",0.13490647101593
9,"triversity","DSP",0.13490647101593
9,"wiqid","DSP",7.82377476538061
9,"abdiv","EBP",0.24390243902439
9,"agricolae","EBP",0.24390243902439
9,"BiodiversityR","EBP",0.24390244
9,"diverse","EBP",0.344444444444444
9,"dyvDyn","EBP",0.24390243902439
9,"ecodive","EBP",0.24390243902439
9,"microbiome","EBP",0.24390243902439
9,"tabula","EBP",0.24390243902439
9,"triversity","EBP",0.24390243902439
9,"wiqid","EBP",1
9,"tabula","EBRI",0.819679837119068
9,"BAT","EBU",0.550135501355014
9,"microbiome","EBU",0.550135501355014
9,"BAT","ECAM",0.928116531165312
9,"microbiome","ECAM",0.4375
9,"codyn","EEQ",0.17182721264329
9,"adiv","EEVAR",0.444009004414338
9,"codyn","EEVAR",0.432904234559707
9,"microbiome","EEVAR",0.444009004414338
9,"acid","EGIN",0.78931475029036
9,"DescTools","EGIN",0.78931475029036
9,"dplR","EGIN",0.78931475029036
9,"EconGeo","EGIN",0.789
9,"giniVarCI","EGIN",0.78931475029036
9,"ineq","EGIN",0.78931475029036
9,"microbiome","EGIN",0.78931475029036
9,"REAT","EGIN",0.78931475029036
9,"shipunov","EGIN",0.78931475029036
9,"wINEQ","EGIN",0.78931475029036
9,"adiv","EGSP",0.922766430916342
9,"abdiv","EHEI",0.583347570485861
9,"adiv","EHEI",0.583347570485861
9,"benthos","EHURE",0.872184459549514
9,"BiodiversityR","EHURE",0.87218446
9,"mobr","EHURE",0.872184459549513
9,"vegan","EHURE",0.872184459549535
9,"abdiv","EMC",0.418040802855568
9,"tabula","EMC",0.843605116614568
9,"microbiome","EMN",0.40650406504065
9,"abdiv","EPIE",0.821358454578795
9,"adiv","EPIE",0.821358454578795
9,"BiodiversityR","EPIE",0.82135845
9,"breakaway","EPIE",0.821358454578795
9,"chemodiv","EPIE",0.821358454578795
9,"diverse","EPIE",0.723976423640391
9,"forestmangr","EPIE",1
9,"microbiome","EPIE",0.821358454578795
9,"OTUtable","EPIE",0.821358454578795
9,"pctax","EPIE",0.8214
9,"sprex","EPIE",0.821358454578795
9,"tabula","EPIE",0.821358454578795
9,"adiv","ESP",0.46328392944635
9,"codyn","ESP",0.46328392944635
9,"sprex","ESP",0.142330574255091
9,"tabula","ESP",0.46328392944635
9,"abdiv","EST",0.421747967479675
9,"adiv","QHIL_0",16
9,"adiv","QHIL_1",9.75021355728792
9,"adiv","QHIL_2",7.4125428711416
9,"adiv","QHIL_3",6.41075609262972
9,"BAT","QHIL_0",16
9,"BAT","QHIL_1",9.75021355728792
9,"BAT","QHIL_2",7.4125428711416
9,"BAT","QHIL_3",6.41075609262972
9,"benthos","QHIL_0",35
9,"benthos","QHIL_1",9.75021355728792
9,"benthos","QHIL_2",7.4125428711416
9,"benthos","QHIL_3",6.41075609262972
9,"breakaway","QHIL_0",16
9,"breakaway","QHIL_1",9.75021355728792
9,"breakaway","QHIL_2",7.4125428711416
9,"breakaway","QHIL_3",6.41075609262972
9,"chemodiv","QHIL_0",16
9,"chemodiv","QHIL_1",9.75021355728792
9,"chemodiv","QHIL_2",7.4125428711416
9,"chemodiv","QHIL_3",6.41075609262972
9,"divDyn","QHIL_2",7.4125428711416
9,"divent","QHIL_0",16
9,"divent","QHIL_1",9.75021355728792
9,"divent","QHIL_2",7.4125428711416
9,"divent","QHIL_3",6.41075609262973
9,"entropart","QHIL_0",16
9,"entropart","QHIL_1",9.75021355728792
9,"entropart","QHIL_2",7.4125428711416
9,"entropart","QHIL_3",6.41075609262972
9,"EntropyEstimation","QHIL_1",10.4042158738168
9,"EntropyEstimation","QHIL_2",7.82377476538061
9,"EntropyEstimation","QHIL_3",6.78837808699004
9,"extremefit","QHIL",NA
9,"hilldiv","QHIL_0",16
9,"hilldiv","QHIL_1",9.75025053230627
9,"hilldiv","QHIL_2",7.4125428711416
9,"hilldiv","QHIL_3",6.41075609262972
9,"hillR","QHIL_0",16
9,"hillR","QHIL_1",9.75021355728792
9,"hillR","QHIL_2",7.4125428711416
9,"hillR","QHIL_3",6.41075609262972
9,"sprex","QHIL_0",16
9,"sprex","QHIL_1",9.75021355728792
9,"sprex","QHIL_2",7.4125428711416
9,"sprex","QHIL_3",6.41075609262972
9,"vegan","QHIL_0",16
9,"vegan","QHIL_1",9.75021355728792
9,"vegan","QHIL_2",7.4125428711416
9,"vegan","QHIL_3",6.41075609262972
9,"adiv","QREN_0",2.77258872223978
9,"adiv","QREN_1",2.27728918808146
9,"adiv","QREN_2",2.00317354793499
9,"adiv","QREN_3",1.85797721914486
9,"BiodiversityR","QREN_0",2.77258872223978
9,"BiodiversityR","QREN_1",2.27728918808146
9,"BiodiversityR","QREN_2",2.00317354793499
9,"BiodiversityR","QREN_3",1.85797721914486
9,"diverse","QREN_0",2.63905732961526
9,"diverse","QREN_1",1.91061528727681
9,"diverse","QREN_2",1.54143318332004
9,"diverse","QREN_3",1.39077528530468
9,"EntropyEstimation","QREN_1",2.34221109648849
9,"EntropyEstimation","QREN_2",2.05716714466229
9,"EntropyEstimation","QREN_3",1.9152120451417
9,"seewave","QREN_2",0.563425449262519
9,"seewave","QREN_3",0.522586596356263
9,"sprex","QREN_0",2.77258872223978
9,"sprex","QREN_1",2.27728918808146
9,"sprex","QREN_2",2.00317354793499
9,"sprex","QREN_3",1.85797721914486
9,"statcomp","QREN_1",0.640524963715495
9,"statcomp","QREN_2",0.563425440572988
9,"statcomp","QREN_3",0.522586589839114
9,"vegan","QREN_0",2.77258872223978
9,"vegan","QREN_1",2.27728918808146
9,"vegan","QREN_2",2.00317354793499
9,"vegan","QREN_3",1.85797721914486
9,"adiv","QTSA_0",15
9,"adiv","QTSA_1",2.27728918808146
9,"adiv","QTSA_2",0.86509352898407
9,"adiv","QTSA_3",0.487833896780372
9,"divent","QTSA_0",15
9,"divent","QTSA_1",2.27728918808146
9,"divent","QTSA_2",0.86509352898407
9,"divent","QTSA_3",0.487833896780372
9,"entropart","QTSA_0",18
9,"entropart","QTSA_1",2.34991909457714
9,"entropart","QTSA_2",0.871101822699368
9,"entropart","QTSA_3",0.488684939929924
9,"EntropyEstimation","QTSA_1",2.34221109648849
9,"EntropyEstimation","QTSA_2",0.872184459549514
9,"EntropyEstimation","QTSA_3",0.489149794627604
9,"vegan","QTSA_0",15
9,"vegan","QTSA_1",2.27728918808146
9,"vegan","QTSA_2",0.86509352898407
9,"vegan","QTSA_3",0.487833896780372
9,"BAT","RACE",18.3960167412325
9,"ecodive","RACE",18.3960167412325
9,"fossil","RACE",16.9230769230769
9,"pctax","RACE",18.396
9,"sprex","RACE",123.819802305781
9,"tabula","RACE",18.3960167412325
9,"vegan","RACE",18.3960167412325
9,"wiqid","RACE",18.3960167412325
9,"BiodiversityR","RBOO",16
9,"wiqid","RBOO",35
9,"BAT","RC1",16.75
9,"BiodiversityR","RC1",16
9,"biosampleR","RC1",16.5
9,"iNEXT","RC1",17.488
9,"microbiome","RC1",16.75
9,"pctax","RC1",16.75
9,"rareNMtests","RC1",16
9,"SpadeR","RC1",16
9,"SSP","RC1",15
9,"vegan","RC1",16.75
9,"wiqid","RC1",17.5
9,"BAT","RC1M",17.3388671875
9,"divent","RC1M",17.4878048780488
9,"ecodive","RC1M",17.5
9,"entropart","RC1M",17.4878048780488
9,"fossil","RC1M",17.5
9,"mobr","RC1M",17.4878048780488
9,"OTUtable","RC1M",17.5
9,"tabula","RC1M",17.4878048780488
9,"wiqid","RC1M",17.5
9,"BAT","RCA2",34.3194873737374
9,"divDyn","RCA2",16.703125
9,"fossil","RCA2",17.5
9,"tabula","RCA2",16
9,"wiqid","RCA2",16
9,"benthos","RHUR_2",1.87218445954954
9,"benthos","RHUR_3",2.63825378939338
9,"divent","RHUR_2",7.82377555522102
9,"divent","RHUR_3",7.94518307615111
9,"entropart","RHUR_2",1.87218445954954
9,"entropart","RHUR_3",2.63825378939338
9,"mobsim","RHUR_2",1.87218445954954
9,"mobsim","RHUR_3",2.63825378939338
9,"tabula","RHUR_2",1.87218445955106
9,"tabula","RHUR_3",2.63825378939366
9,"vegan","RHUR_2",1.87218445954954
9,"vegan","RHUR_3",2.63825378939338
9,"BAT","RICE",35.1744496209482
9,"fossil","RICE",16.9230769230769
9,"tabula","RICE",16
9,"wiqid","RICE",16
9,"BAT","RJA1",19
9,"BiodiversityR","RJA1",16
9,"divent","RJA1",19
9,"entropart","RJA1",19
9,"fossil","RJA1",18.9756097560976
9,"SSP","RJA1",15
9,"tabula","RJA1",2.16923086996701
9,"wiqid","RJA1",19
9,"BAT","RJA2",19
9,"BiodiversityR","RJA2",16
9,"fossil","RJA2",18.9266293482607
9,"SSP","RJA2",15
9,"wiqid","RJA2",19
9,"wiqid","RMM",0
9,"divDyn","RSQ",17.2180226775413
9,"ecodive","RSQ",17.2180226775413
9,"tabula","RSQ",17.2180226775413
10,"abdiv","D1SP",0.887719552910437
10,"ade4","D1SP",0.887719552910437
10,"adiv","D1SP",0.887719552910437
10,"agricolae","D1SP",1
10,"asbio","D1SP",0.887719552910437
10,"BiodiversityR","D1SP",0.88771955
10,"biosampleR","D1SP",0.861103131284114
10,"breakaway","D1SP",0.887719552910437
10,"catsim","D1SP",0.760816326530612
10,"concstats","D1SP",0.973890601384987
10,"CUB","D1SP",0.91382895152545
10,"DescTools","D1SP",0.887719552910437
10,"divent","D1SP",0.887719552910437
10,"diverse","D1SP",0.861103131284114
10,"ecodive","D1SP",0.887719552910437
10,"entropart","D1SP",0.887719552910437
10,"lawstat","D1SP",0.763642806520198
10,"MCPAN","D1SP",-3093
10,"microbiome","D1SP",0.887719552910437
10,"PCRA","D1SP",0.887719552910437
10,"RoughSets","D1SP",0.887719552910437
10,"simboot","D1SP",-3093
10,"sprex","D1SP",0.887719552910437
10,"untb","D1SP",0.893099671412924
10,"vegan","D1SP",0.887719552910437
10,"abdiv","DBRI",2.29528911547263
10,"ecodive","DBRI",2.29528911547263
10,"tabula","DBRI",2.29528911547263
10,"wiqid","DBRI",9.92730573511424
10,"BiodiversityR","DFIS",5.53276736
10,"ecodive","DFIS",5.533
10,"microbiome","DFIS",5.53276736392236
10,"preseqR","DFIS",11.2855741995067
10,"sads","DFIS",5.53276747238648
10,"vegan","DFIS",5.53276736392236
10,"abdiv","DINVSP",8.90627020038785
10,"adiv","DINVSP",8.90627020038785
10,"asbio","DINVSP",8.90627020038785
10,"BiodiversityR","DINVSP",8.9062702
10,"breakaway","DINVSP",8.90627020038785
10,"chemodiv","DINVSP",8.90627020038785
10,"codyn","DINVSP",8.90627020038785
10,"divseg","DINVSP",1.11228044708956
10,"ecodive","DINVSP",8.90627020038785
10,"microbiome","DINVSP",8.90627020038785
10,"sprex","DINVSP",8.90627020038785
10,"vegan","DINVSP",8.90627020038785
10,"asbio","DLMD",25.2338453590641
10,"Compositional","DLMD",0.999958992306093
10,"sads","DLMD",1.6518381606885
10,"vegan","DLMD",19.8683498777313
10,"abdiv","DMC",0.720867415738301
10,"adiv","DMC",0.720867415738301
10,"agricolae","DMC",0.720867415738301
10,"ecodive","DMC",0.720867415738301
10,"forestHES","DMC",0.720867415738301
10,"tabula","DMC",0.720867415738301
10,"abdiv","DMG",3.52113517191848
10,"adiv","DMG",3.52113517191848
10,"agricolae","DMG",6.65103310251269
10,"ecodive","DMG",3.52113517191848
10,"tabula","DMG",3.52113517191848
10,"abdiv","DMN",1.47468599884203
10,"adiv","DMN",1.47468599884203
10,"ecodive","DMN",1.47468599884203
10,"tabula","DMN",1.47468599884203
10,"abdiv","DQ",6.25167851051884
10,"ade4","DRAO",0.887719552910437
10,"BAT","DRAO",0.887719552910438
10,"chemodiv","DRAO",115.306858273025
10,"diverse","DRAO",75.5536223254379
10,"SYNCSA","DRAO",0.887719552910437
10,"abdiv","DSHA",2.47691915111123
10,"adiv","DSHA",2.47691915111123
10,"aqp","DSHA",-631.06567558907
10,"asbio","DSHA",2.47691915111123
10,"benthos","DSHA",0
10,"BiodiversityR","DSHA",2.47691915
10,"biosampleR","DSHA",2.32484210153417
10,"chemodiv","DSHA",2.47691915111123
10,"codyn","DSHA",2.47691915111123
10,"DescTools","DSHA",3.57343897599108
10,"divDyn","DSHA",2.47691915111123
10,"divent","DSHA",2.47691915111123
10,"diverse","DSHA",2.32484210153417
10,"ecodive","DSHA",2.47691915111123
10,"EconGeo","DSHA",3.573
10,"entropart","DSHA",2.52006531851735
10,"forestmangr","DSHA",3.56
10,"HardyWeinberg","DSHA",2.47691915111123
10,"iNEXT","DSHA",2.477
10,"MCPAN","DSHA",2.47691915111123
10,"microbiome","DSHA",2.47691915111123
10,"OTUtable","DSHA",2.47691915111123
10,"pgirmess","DSHA",3.57343897599108
10,"SpiecEasi","DSHA",2.47691915111123
10,"sprex","DSHA",2.47691915111123
10,"tabula","DSHA",2.47691915111123
10,"triversity","DSHA",19
10,"vegan","DSHA",2.47691915111123
10,"wavethresh","DSHA",-19384.1798682022
10,"wiqid","DSHA",9.35450819672131
10,"abdiv","DSP",0.112280447089563
10,"agricolae","DSP",0.112280447089563
10,"antitrust","DSP",1122.80447089563
10,"benthos","DSP",0.106900328587076
10,"breakaway","DSP",0.112280447089563
10,"concstats","DSP",0.112280447089563
10,"DescTools","DSP",0.112280447089563
10,"diverse","DSP",0.131537012892945
10,"divseg","DSP",1.11228044708956
10,"EconGeo","DSP",0.112280447089563
10,"hhi","DSP",0.112280447089563
10,"ineq","DSP",0.112280447089563
10,"microbiome","DSP",0.112280447089563
10,"PDtoolkit","DSP",0.112280447089563
10,"politics","DSP",0.112280447089563
10,"REAT","DSP",0.112280447089563
10,"sprex","DSP",0.112280447089563
10,"tabula","DSP",0.112280447089563
10,"triversity","DSP",0.112280447089563
10,"wiqid","DSP",9.35450819672131
10,"abdiv","EBP",0.198795180722892
10,"agricolae","EBP",0.198795180722892
10,"BiodiversityR","EBP",0.19879518
10,"diverse","EBP",0.271186440677966
10,"dyvDyn","EBP",0.198795180722892
10,"ecodive","EBP",0.198795180722892
10,"microbiome","EBP",0.198795180722892
10,"tabula","EBP",0.198795180722892
10,"triversity","EBP",0.198795180722892
10,"wiqid","EBP",1
10,"tabula","EBRI",0.839585459144336
10,"BAT","EBU",0.563922356091031
10,"microbiome","EBU",0.563922356091031
10,"BAT","ECAM",0.941731839639259
10,"microbiome","ECAM",0.438807863031072
10,"codyn","EEQ",0.17703691315567
10,"adiv","EEVAR",0.486733552016518
10,"codyn","EEVAR",0.478762372446244
10,"microbiome","EEVAR",0.486733552016518
10,"acid","EGIN",0.741824440619621
10,"DescTools","EGIN",0.741824440619621
10,"dplR","EGIN",0.741824440619621
10,"EconGeo","EGIN",0.742
10,"giniVarCI","EGIN",0.741824440619621
10,"ineq","EGIN",0.741824440619621
10,"microbiome","EGIN",0.741824440619621
10,"REAT","EGIN",0.741824440619621
10,"shipunov","EGIN",0.741824440619621
10,"wINEQ","EGIN",0.741824440619621
10,"adiv","EGSP",0.937037305849906
10,"abdiv","EHEI",0.605807322195248
10,"adiv","EHEI",0.605807322195248
10,"benthos","EHURE",0.893099671412924
10,"BiodiversityR","EHURE",0.89309967
10,"mobr","EHURE",0.893099671412924
10,"vegan","EHURE",0.893099671412881
10,"abdiv","EMC",0.375681723797033
10,"tabula","EMC",0.862874162626138
10,"microbiome","EMN",0.373493975903614
10,"abdiv","EPIE",0.841219386320053
10,"adiv","EPIE",0.841219386320053
10,"BiodiversityR","EPIE",0.84121939
10,"breakaway","EPIE",0.841219386320053
10,"chemodiv","EPIE",0.841219386320053
10,"diverse","EPIE",0.804340166687199
10,"forestmangr","EPIE",1
10,"microbiome","EPIE",0.841219386320053
10,"OTUtable","EPIE",0.841219386320053
10,"pctax","EPIE",0.8412
10,"sprex","EPIE",0.841219386320053
10,"tabula","EPIE",0.841219386320053
10,"adiv","ESP",0.468751063178308
10,"codyn","ESP",0.468751063178308
10,"sprex","ESP",0.13036416584796
10,"tabula","ESP",0.468751063178308
10,"abdiv","EST",0.413126188966392
10,"adiv","QHIL_0",19
10,"adiv","QHIL_1",11.9045317995145
10,"adiv","QHIL_2",8.90627020038785
10,"adiv","QHIL_3",7.63375766009409
10,"BAT","QHIL_0",19
10,"BAT","QHIL_1",11.9045317995145
10,"BAT","QHIL_2",8.90627020038785
10,"BAT","QHIL_3",7.63375766009409
10,"benthos","QHIL_0",35
10,"benthos","QHIL_1",11.9045317995145
10,"benthos","QHIL_2",8.90627020038785
10,"benthos","QHIL_3",7.63375766009409
10,"breakaway","QHIL_0",19
10,"breakaway","QHIL_1",11.9045317995145
10,"breakaway","QHIL_2",8.90627020038785
10,"breakaway","QHIL_3",7.63375766009409
10,"chemodiv","QHIL_0",19
10,"chemodiv","QHIL_1",11.9045317995145
10,"chemodiv","QHIL_2",8.90627020038785
10,"chemodiv","QHIL_3",7.63375766009409
10,"divDyn","QHIL_2",8.90627020038785
10,"divent","QHIL_0",19
10,"divent","QHIL_1",11.9045317995145
10,"divent","QHIL_2",8.90627020038785
10,"divent","QHIL_3",7.6337576600941
10,"entropart","QHIL_0",19
10,"entropart","QHIL_1",11.9045317995145
10,"entropart","QHIL_2",8.90627020038785
10,"entropart","QHIL_3",7.6337576600941
10,"EntropyEstimation","QHIL_1",12.6028760124409
10,"EntropyEstimation","QHIL_2",9.35450819672129
10,"EntropyEstimation","QHIL_3",8.03677596573335
10,"extremefit","QHIL",NA
10,"hilldiv","QHIL_0",19
10,"hilldiv","QHIL_1",11.904577710923
10,"hilldiv","QHIL_2",8.90627020038785
10,"hilldiv","QHIL_3",7.63375766009409
10,"hillR","QHIL_0",19
10,"hillR","QHIL_1",11.9045317995145
10,"hillR","QHIL_2",8.90627020038785
10,"hillR","QHIL_3",7.63375766009409
10,"sprex","QHIL_0",19
10,"sprex","QHIL_1",11.9045317995145
10,"sprex","QHIL_2",8.90627020038785
10,"sprex","QHIL_3",7.63375766009409
10,"vegan","QHIL_0",19
10,"vegan","QHIL_1",11.9045317995145
10,"vegan","QHIL_2",8.90627020038785
10,"vegan","QHIL_3",7.63375766009409
10,"adiv","QREN_0",2.94443897916644
10,"adiv","QREN_1",2.47691915111123
10,"adiv","QREN_2",2.18675554558007
10,"adiv","QREN_3",2.03258020900571
10,"BiodiversityR","QREN_0",2.94443897916644
10,"BiodiversityR","QREN_1",2.47691915111123
10,"BiodiversityR","QREN_2",2.18675554558008
10,"BiodiversityR","QREN_3",2.03258020900571
10,"diverse","QREN_0",2.89037175789616
10,"diverse","QREN_1",2.32484210153417
10,"diverse","QREN_2",1.97402357291809
10,"diverse","QREN_3",1.78808953660471
10,"EntropyEstimation","QREN_1",2.53392504286686
10,"EntropyEstimation","QREN_2",2.23585838717592
10,"EntropyEstimation","QREN_3",2.08402800348226
10,"seewave","QREN_2",0.615060896159096
10,"seewave","QREN_3",0.571696550748408
10,"sprex","QREN_0",2.94443897916644
10,"sprex","QREN_1",2.47691915111123
10,"sprex","QREN_2",2.18675554558007
10,"sprex","QREN_3",2.03258020900571
10,"statcomp","QREN_1",0.696674167556354
10,"statcomp","QREN_2",0.615060890737093
10,"statcomp","QREN_3",0.571696546681906
10,"vegan","QREN_0",2.94443897916644
10,"vegan","QREN_1",2.47691915111123
10,"vegan","QREN_2",2.18675554558008
10,"vegan","QREN_3",2.03258020900571
10,"adiv","QTSA_0",18
10,"adiv","QTSA_1",2.47691915111123
10,"adiv","QTSA_2",0.887719552910437
10,"adiv","QTSA_3",0.491419881879091
10,"divent","QTSA_0",18
10,"divent","QTSA_1",2.47691915111123
10,"divent","QTSA_2",0.887719552910437
10,"divent","QTSA_3",0.491419881879091
10,"entropart","QTSA_0",20
10,"entropart","QTSA_1",2.52006531851735
10,"entropart","QTSA_2",0.89028961816051
10,"entropart","QTSA_3",0.491720448267023
10,"EntropyEstimation","QTSA_1",2.53392504286686
10,"EntropyEstimation","QTSA_2",0.893099671412924
10,"EntropyEstimation","QTSA_3",0.492258835786605
10,"vegan","QTSA_0",18
10,"vegan","QTSA_1",2.47691915111123
10,"vegan","QTSA_2",0.887719552910437
10,"vegan","QTSA_3",0.491419881879091
10,"BAT","RACE",19.9706630803106
10,"ecodive","RACE",19.9706630803106
10,"fossil","RACE",19.5283018867925
10,"pctax","RACE",19.9707
10,"sprex","RACE",197.876960214714
10,"tabula","RACE",19.9706630803106
10,"vegan","RACE",19.9706630803106
10,"wiqid","RACE",19.9706630803106
10,"BiodiversityR","RBOO",19
10,"wiqid","RBOO",35
10,"BAT","RC1",19.25
10,"BiodiversityR","RC1",19
10,"biosampleR","RC1",19.2
10,"iNEXT","RC1",19.663
10,"microbiome","RC1",19.25
10,"pctax","RC1",19.25
10,"rareNMtests","RC1",19
10,"SpadeR","RC1",19
10,"SSP","RC1",18
10,"vegan","RC1",19.25
10,"wiqid","RC1",19.6666666666667
10,"BAT","RC1M",19.463296398892
10,"divent","RC1M",19.6626506024096
10,"ecodive","RC1M",19.6666666666667
10,"entropart","RC1M",19.6626506024096
10,"fossil","RC1M",19.6666666666667
10,"mobr","RC1M",19.6626506024096
10,"OTUtable","RC1M",19.6666666666667
10,"tabula","RC1M",19.6626506024096
10,"wiqid","RC1M",19.6666666666667
10,"BAT","RCA2",34.757873015873
10,"divDyn","RCA2",19.2368421052632
10,"fossil","RCA2",19.6666666666667
10,"tabula","RCA2",19
10,"wiqid","RCA2",19
10,"benthos","RHUR_2",1.89309967141288
10,"benthos","RHUR_3",2.69478134266552
10,"divent","RHUR_2",9.35448099546307
10,"divent","RHUR_3",9.48352607820199
10,"entropart","RHUR_2",1.89309967141288
10,"entropart","RHUR_3",2.69478134266552
10,"mobsim","RHUR_2",1.89309967141288
10,"mobsim","RHUR_3",2.69478134266552
10,"tabula","RHUR_2",1.89309967141492
10,"tabula","RHUR_3",2.69478134266701
10,"vegan","RHUR_2",1.89309967141288
10,"vegan","RHUR_3",2.69478134266552
10,"BAT","RICE",35.2508645711897
10,"fossil","RICE",19.5283018867925
10,"tabula","RICE",19
10,"wiqid","RICE",19
10,"BAT","RJA1",21
10,"BiodiversityR","RJA1",19
10,"divent","RJA1",21
10,"entropart","RJA1",21
10,"fossil","RJA1",20.9879518072289
10,"SSP","RJA1",18
10,"tabula","RJA1",2.39023546591702
10,"wiqid","RJA1",21
10,"BAT","RJA2",20
10,"BiodiversityR","RJA2",19
10,"fossil","RJA2",19.9818181818182
10,"SSP","RJA2",18
10,"wiqid","RJA2",20
10,"wiqid","RMM",0
10,"divDyn","RSQ",19.449741987063
10,"ecodive","RSQ",19.449741987063
10,"tabula","RSQ",19.449741987063
11,"abdiv","D1SP",0.889274691358025
11,"ade4","D1SP",0.889274691358025
11,"adiv","D1SP",0.889274691358025
11,"agricolae","D1SP",1
11,"asbio","D1SP",0.889274691358025
11,"BiodiversityR","D1SP",0.88927469
11,"biosampleR","D1SP",0.911232404481471
11,"breakaway","D1SP",0.889274691358025
11,"catsim","D1SP",0.857142857142857
11,"concstats","D1SP",0.973844862018882
11,"CUB","D1SP",0.915429829339143
11,"DescTools","D1SP",0.889274691358025
11,"divent","D1SP",0.889274691358025
11,"diverse","D1SP",0.911232404481471
11,"ecodive","D1SP",0.889274691358025
11,"entropart","D1SP",0.889274691358025
11,"lawstat","D1SP",0.732843137254902
11,"MCPAN","D1SP",-5165
11,"microbiome","D1SP",0.889274691358025
11,"PCRA","D1SP",0.889274691358025
11,"RoughSets","D1SP",0.889274691358025
11,"simboot","D1SP",-5165
11,"sprex","D1SP",0.889274691358025
11,"untb","D1SP",0.893410852713178
11,"vegan","D1SP",0.889274691358025
11,"abdiv","DBRI",2.39499065295968
11,"ecodive","DBRI",2.39499065295968
11,"tabula","DBRI",2.39499065295968
11,"wiqid","DBRI",10.96809553937
11,"BiodiversityR","DFIS",7.31195269
11,"ecodive","DFIS",7.312
11,"microbiome","DFIS",7.3119526937976
11,"preseqR","DFIS",13.2478229053954
11,"sads","DFIS",7.31195299460818
11,"vegan","DFIS",7.3119526937976
11,"abdiv","DINVSP",9.03135888501742
11,"adiv","DINVSP",9.03135888501742
11,"asbio","DINVSP",9.03135888501742
11,"BiodiversityR","DINVSP",9.03135889
11,"breakaway","DINVSP",9.03135888501742
11,"chemodiv","DINVSP",9.03135888501742
11,"codyn","DINVSP",9.03135888501742
11,"divseg","DINVSP",1.11072530864198
11,"ecodive","DINVSP",9.03135888501742
11,"microbiome","DINVSP",9.03135888501742
11,"sprex","DINVSP",9.03135888501742
11,"vegan","DINVSP",9.03135888501742
11,"asbio","DLMD",51.9117000288937
11,"Compositional","DLMD",0.999958992306093
11,"sads","DLMD",1.45905110647312
11,"vegan","DLMD",31.2780931483616
11,"abdiv","DMC",0.715960838304154
11,"adiv","DMC",0.715960838304154
11,"agricolae","DMC",0.715960838304154
11,"ecodive","DMC",0.715960838304154
11,"forestHES","DMC",0.715960838304154
11,"tabula","DMC",0.715960838304154
11,"abdiv","DMG",4.46488501240998
11,"adiv","DMG",4.46488501240998
11,"agricolae","DMG",6.3252537675808
11,"ecodive","DMG",4.46488501240998
11,"tabula","DMG",4.46488501240998
11,"abdiv","DMN",1.70103454359943
11,"adiv","DMN",1.70103454359943
11,"ecodive","DMN",1.70103454359943
11,"tabula","DMN",1.70103454359943
11,"abdiv","DQ",7.49451867310857
11,"ade4","DRAO",0.889274691358025
11,"BAT","DRAO",0.889274691358019
11,"chemodiv","DRAO",98.8660033529473
11,"diverse","DRAO",96.1828911153093
11,"SYNCSA","DRAO",0.889274691358025
11,"abdiv","DSHA",2.57284443806123
11,"adiv","DSHA",2.57284443806123
11,"aqp","DSHA",-873.300439525057
11,"asbio","DSHA",2.57284443806123
11,"benthos","DSHA",0
11,"BiodiversityR","DSHA",2.57284444
11,"biosampleR","DSHA",2.65467015397119
11,"chemodiv","DSHA",2.57284443806123
11,"codyn","DSHA",2.57284443806123
11,"DescTools","DSHA",3.71182991176969
11,"divDyn","DSHA",2.57284443806123
11,"divent","DSHA",2.57284443806123
11,"diverse","DSHA",2.65467015397119
11,"ecodive","DSHA",2.57284443806123
11,"EconGeo","DSHA",3.712
11,"entropart","DSHA",2.66279192769616
11,"forestmangr","DSHA",3.56
11,"HardyWeinberg","DSHA",2.57284443806123
11,"iNEXT","DSHA",2.573
11,"MCPAN","DSHA",2.57284443806123
11,"microbiome","DSHA",2.57284443806123
11,"OTUtable","DSHA",2.57284443806123
11,"pgirmess","DSHA",3.71182991176969
11,"SpiecEasi","DSHA",2.57284443806123
11,"sprex","DSHA",2.57284443806123
11,"tabula","DSHA",2.57284443806123
11,"triversity","DSHA",25
11,"vegan","DSHA",2.57284443806123
11,"wavethresh","DSHA",-35332.659940576
11,"wiqid","DSHA",9.38181818181818
11,"abdiv","DSP",0.110725308641975
11,"agricolae","DSP",0.110725308641975
11,"antitrust","DSP",1107.25308641975
11,"benthos","DSP",0.106589147286822
11,"breakaway","DSP",0.110725308641975
11,"concstats","DSP",0.110725308641975
11,"DescTools","DSP",0.110725308641975
11,"diverse","DSP",0.0809792843691149
11,"divseg","DSP",1.11072530864198
11,"EconGeo","DSP",0.110725308641975
11,"hhi","DSP",0.110725308641975
11,"ineq","DSP",0.110725308641975
11,"microbiome","DSP",0.110725308641975
11,"PDtoolkit","DSP",0.110725308641975
11,"politics","DSP",0.110725308641975
11,"REAT","DSP",0.110725308641975
11,"sprex","DSP",0.110725308641975
11,"tabula","DSP",0.110725308641975
11,"triversity","DSP",0.110725308641975
11,"wiqid","DSP",9.38181818181818
11,"abdiv","EBP",0.194444444444444
11,"agricolae","EBP",0.194444444444444
11,"BiodiversityR","EBP",0.19444444
11,"diverse","EBP",0.152542372881356
11,"dyvDyn","EBP",0.194444444444444
11,"ecodive","EBP",0.194444444444444
11,"microbiome","EBP",0.194444444444444
11,"tabula","EBP",0.194444444444444
11,"triversity","EBP",0.194444444444444
11,"wiqid","EBP",1
11,"tabula","EBRI",0.79784211337047
11,"BAT","EBU",0.50733024691358
11,"microbiome","EBU",0.50733024691358
11,"BAT","ECAM",0.950277777777778
11,"microbiome","ECAM",0.375185185185185
11,"codyn","EEQ",0.168046644195542
11,"adiv","EEVAR",0.409925507315469
11,"codyn","EEVAR",0.406314350412219
11,"microbiome","EEVAR",0.409925507315469
11,"acid","EGIN",0.711904761904762
11,"DescTools","EGIN",0.711904761904762
11,"dplR","EGIN",0.711904761904762
11,"EconGeo","EGIN",0.712
11,"giniVarCI","EGIN",0.711904761904761
11,"ineq","EGIN",0.711904761904762
11,"microbiome","EGIN",0.711904761904762
11,"REAT","EGIN",0.711904761904762
11,"shipunov","EGIN",0.711904761904762
11,"wINEQ","EGIN",0.711904761904762
11,"adiv","EGSP",0.926327803497942
11,"abdiv","EHEI",0.504293428170647
11,"adiv","EHEI",0.504293428170647
11,"benthos","EHURE",0.893410852713178
11,"BiodiversityR","EHURE",0.89341085
11,"mobr","EHURE",0.893410852713178
11,"vegan","EHURE",0.893410852713134
11,"abdiv","EMC",0.374226593477939
11,"tabula","EMC",0.834057341989203
11,"microbiome","EMN",0.361111111111111
11,"abdiv","EPIE",0.799299065277417
11,"adiv","EPIE",0.799299065277417
11,"BiodiversityR","EPIE",0.79929907
11,"breakaway","EPIE",0.799299065277417
11,"chemodiv","EPIE",0.799299065277417
11,"diverse","EPIE",0.871949610578746
11,"forestmangr","EPIE",1
11,"microbiome","EPIE",0.799299065277417
11,"OTUtable","EPIE",0.799299065277417
11,"pctax","EPIE",0.7993
11,"sprex","EPIE",0.799299065277417
11,"tabula","EPIE",0.799299065277417
11,"adiv","ESP",0.361254355400697
11,"codyn","ESP",0.361254355400697
11,"sprex","ESP",0.102913777522449
11,"tabula","ESP",0.361254355400697
11,"abdiv","EST",0.472962962962963
11,"adiv","QHIL_0",25
11,"adiv","QHIL_1",13.1030422760955
11,"adiv","QHIL_2",9.03135888501742
11,"adiv","QHIL_3",7.60604769647038
11,"BAT","QHIL_0",25
11,"BAT","QHIL_1",13.1030422760955
11,"BAT","QHIL_2",9.03135888501742
11,"BAT","QHIL_3",7.60604769647038
11,"benthos","QHIL_0",35
11,"benthos","QHIL_1",13.1030422760955
11,"benthos","QHIL_2",9.03135888501742
11,"benthos","QHIL_3",7.60604769647038
11,"breakaway","QHIL_0",25
11,"breakaway","QHIL_1",13.1030422760955
11,"breakaway","QHIL_2",9.03135888501742
11,"breakaway","QHIL_3",7.60604769647038
11,"chemodiv","QHIL_0",25
11,"chemodiv","QHIL_1",13.1030422760955
11,"chemodiv","QHIL_2",9.03135888501742
11,"chemodiv","QHIL_3",7.60604769647038
11,"divDyn","QHIL_2",9.03135888501742
11,"divent","QHIL_0",25
11,"divent","QHIL_1",13.1030422760955
11,"divent","QHIL_2",9.03135888501741
11,"divent","QHIL_3",7.60604769647037
11,"entropart","QHIL_0",25
11,"entropart","QHIL_1",13.1030422760955
11,"entropart","QHIL_2",9.03135888501741
11,"entropart","QHIL_3",7.60604769647038
11,"EntropyEstimation","QHIL_1",13.9020888277062
11,"EntropyEstimation","QHIL_2",9.38181818181821
11,"EntropyEstimation","QHIL_3",7.90267699882972
11,"extremefit","QHIL",NA
11,"hilldiv","QHIL_0",25
11,"hilldiv","QHIL_1",13.1031109834652
11,"hilldiv","QHIL_2",9.03135888501742
11,"hilldiv","QHIL_3",7.60604769647038
11,"hillR","QHIL_0",25
11,"hillR","QHIL_1",13.1030422760955
11,"hillR","QHIL_2",9.03135888501742
11,"hillR","QHIL_3",7.60604769647038
11,"sprex","QHIL_0",25
11,"sprex","QHIL_1",13.1030422760955
11,"sprex","QHIL_2",9.03135888501742
11,"sprex","QHIL_3",7.60604769647038
11,"vegan","QHIL_0",25
11,"vegan","QHIL_1",13.1030422760955
11,"vegan","QHIL_2",9.03135888501742
11,"vegan","QHIL_3",7.60604769647038
11,"adiv","QREN_0",3.2188758248682
11,"adiv","QREN_1",2.57284443806123
11,"adiv","QREN_2",2.20070284171254
11,"adiv","QREN_3",2.02894368038706
11,"BiodiversityR","QREN_0",3.2188758248682
11,"BiodiversityR","QREN_1",2.57284443806123
11,"BiodiversityR","QREN_2",2.20070284171254
11,"BiodiversityR","QREN_3",2.02894368038706
11,"diverse","QREN_0",3.04452243772342
11,"diverse","QREN_1",2.65467015397119
11,"diverse","QREN_2",2.42173361091369
11,"diverse","QREN_3",2.29600425266176
11,"EntropyEstimation","QREN_1",2.63203910422098
11,"EntropyEstimation","QREN_2",2.2387735802491
11,"EntropyEstimation","QREN_3",2.06720156268404
11,"seewave","QREN_2",0.618983799310462
11,"seewave","QREN_3",0.570673715270942
11,"sprex","QREN_0",3.2188758248682
11,"sprex","QREN_1",2.57284443806123
11,"sprex","QREN_2",2.20070284171254
11,"sprex","QREN_3",2.02894368038706
11,"statcomp","QREN_1",0.723654729034717
11,"statcomp","QREN_2",0.618983796706143
11,"statcomp","QREN_3",0.570673713317703
11,"vegan","QREN_0",3.2188758248682
11,"vegan","QREN_1",2.57284443806123
11,"vegan","QREN_2",2.20070284171254
11,"vegan","QREN_3",2.02894368038706
11,"adiv","QTSA_0",24
11,"adiv","QTSA_1",2.57284443806123
11,"adiv","QTSA_2",0.889274691358025
11,"adiv","QTSA_3",0.491357250704923
11,"divent","QTSA_0",24
11,"divent","QTSA_1",2.57284443806123
11,"divent","QTSA_2",0.889274691358025
11,"divent","QTSA_3",0.491357250704923
11,"entropart","QTSA_0",30
11,"entropart","QTSA_1",2.66279192769616
11,"entropart","QTSA_2",0.89334846129864
11,"entropart","QTSA_3",0.491782502251539
11,"EntropyEstimation","QTSA_1",2.63203910422098
11,"EntropyEstimation","QTSA_2",0.893410852713179
11,"EntropyEstimation","QTSA_3",0.491993890217103
11,"vegan","QTSA_0",24
11,"vegan","QTSA_1",2.57284443806123
11,"vegan","QTSA_2",0.889274691358025
11,"vegan","QTSA_3",0.491357250704923
11,"BAT","RACE",28.8195097210482
11,"ecodive","RACE",28.8195097210482
11,"fossil","RACE",26.8461538461538
11,"pctax","RACE",28.8195
11,"sprex","RACE",240.462236250707
11,"tabula","RACE",28.8195097210482
11,"vegan","RACE",28.8195097210482
11,"wiqid","RACE",28.8195097210482
11,"BiodiversityR","RBOO",25
11,"wiqid","RBOO",35
11,"BAT","RC1",30
11,"BiodiversityR","RC1",25
11,"biosampleR","RC1",21.8571428571429
11,"iNEXT","RC1",33.958
11,"microbiome","RC1",30
11,"pctax","RC1",30
11,"rareNMtests","RC1",25
11,"SpadeR","RC1",25
11,"SSP","RC1",24
11,"vegan","RC1",30
11,"wiqid","RC1",34
11,"BAT","RC1M",31.728
11,"divent","RC1M",33.9583333333333
11,"ecodive","RC1M",34
11,"entropart","RC1M",33.9583333333333
11,"fossil","RC1M",34
11,"mobr","RC1M",33.9583333333333
11,"OTUtable","RC1M",34
11,"tabula","RC1M",33.9583333333333
11,"wiqid","RC1M",34
11,"BAT","RCA2",34.7002738095238
11,"divDyn","RCA2",29.8
11,"fossil","RCA2",34
11,"tabula","RCA2",25
11,"wiqid","RCA2",25
11,"benthos","RHUR_2",1.89341085271313
11,"benthos","RHUR_3",2.69624477770525
11,"divent","RHUR_2",9.38183866379891
11,"divent","RHUR_3",9.53093604513924
11,"entropart","RHUR_2",1.89341085271313
11,"entropart","RHUR_3",2.69624477770525
11,"mobsim","RHUR_2",1.89341085271313
11,"mobsim","RHUR_3",2.69624477770525
11,"tabula","RHUR_2",1.89341085271248
11,"tabula","RHUR_3",2.69624477770148
11,"vegan","RHUR_2",1.89341085271313
11,"vegan","RHUR_3",2.69624477770525
11,"BAT","RICE",35.0793332376693
11,"fossil","RICE",26.8461538461538
11,"tabula","RICE",25
11,"wiqid","RICE",25
11,"BAT","RJA1",31
11,"BiodiversityR","RJA1",25
11,"divent","RJA1",31
11,"entropart","RJA1",31
11,"fossil","RJA1",30.9722222222222
11,"SSP","RJA1",24
11,"tabula","RJA1",2.49350024889736
11,"wiqid","RJA1",31
11,"BAT","RJA2",35
11,"BiodiversityR","RJA2",25
11,"fossil","RJA2",34.861068044789
11,"SSP","RJA2",24
11,"wiqid","RJA2",35
11,"wiqid","RMM",0
11,"divDyn","RSQ",28.9989678751129
11,"ecodive","RSQ",28.9989678751129
11,"tabula","RSQ",28.9989678751129
12,"abdiv","D1SP",0.852740858295312
12,"ade4","D1SP",0.852740858295312
12,"adiv","D1SP",0.852740858295312
12,"agricolae","D1SP",1
12,"asbio","D1SP",0.852740858295312
12,"BiodiversityR","D1SP",0.85274086
12,"biosampleR","D1SP",0.709345065716195
12,"breakaway","D1SP",0.852740858295312
12,"catsim","D1SP",0.754285714285714
12,"concstats","D1SP",0.974919386520726
12,"CUB","D1SP",0.877821471774586
12,"DescTools","D1SP",0.852740858295312
12,"divent","D1SP",0.852740858295312
12,"diverse","D1SP",0.709345065716195
12,"ecodive","D1SP",0.852740858295312
12,"entropart","D1SP",0.852740858295312
12,"lawstat","D1SP",0.819663076498205
12,"MCPAN","D1SP",-6680
12,"microbiome","D1SP",0.852740858295312
12,"PCRA","D1SP",0.852740858295312
12,"RoughSets","D1SP",0.852740858295312
12,"simboot","D1SP",-6680
12,"sprex","D1SP",0.852740858295312
12,"untb","D1SP",0.856763220834441
12,"vegan","D1SP",0.852740858295312
12,"abdiv","DBRI",2.10905508061129
12,"ecodive","DBRI",2.10905508061129
12,"tabula","DBRI",2.10905508061129
12,"wiqid","DBRI",8.24045104266901
12,"BiodiversityR","DFIS",5.04464168
12,"ecodive","DFIS",5.045
12,"microbiome","DFIS",5.0446416800135
12,"preseqR","DFIS",11.6314294986824
12,"sads","DFIS",5.04464079267851
12,"vegan","DFIS",5.0446416800135
12,"abdiv","DINVSP",6.79074988774136
12,"adiv","DINVSP",6.79074988774136
12,"asbio","DINVSP",6.79074988774136
12,"BiodiversityR","DINVSP",6.79074989
12,"breakaway","DINVSP",6.79074988774136
12,"chemodiv","DINVSP",6.79074988774136
12,"codyn","DINVSP",6.79074988774136
12,"divseg","DINVSP",1.14725914170469
12,"ecodive","DINVSP",6.79074988774136
12,"microbiome","DINVSP",6.79074988774136
12,"sprex","DINVSP",6.79074988774136
12,"vegan","DINVSP",6.79074988774136
12,"asbio","DLMD",33.1278807925597
12,"Compositional","DLMD",0.999958992306093
12,"sads","DLMD",1.57201998718175
12,"vegan","DLMD",30.5039709363386
12,"abdiv","DMC",0.661587650372936
12,"adiv","DMC",0.661587650372936
12,"agricolae","DMC",0.661587650372936
12,"ecodive","DMC",0.661587650372936
12,"forestHES","DMC",0.661587650372936
12,"tabula","DMC",0.661587650372936
12,"abdiv","DMG",3.35739956779956
12,"adiv","DMG",3.35739956779956
12,"agricolae","DMG",6.34175473917695
12,"ecodive","DMG",3.35739956779956
12,"tabula","DMG",3.35739956779956
12,"abdiv","DMN",1.30185854867231
12,"adiv","DMN",1.30185854867231
12,"ecodive","DMN",1.30185854867231
12,"tabula","DMN",1.30185854867231
12,"abdiv","DQ",3.94436998204963
12,"ade4","DRAO",0.852740858295312
12,"BAT","DRAO",0.852740858295314
12,"chemodiv","DRAO",113.9372294289
12,"diverse","DRAO",210.623303013712
12,"SYNCSA","DRAO",0.852740858295312
12,"abdiv","DSHA",2.24718804757461
12,"adiv","DSHA",2.24718804757461
12,"aqp","DSHA",-956.945646993586
12,"asbio","DSHA",2.24718804757461
12,"benthos","DSHA",0
12,"BiodiversityR","DSHA",2.24718805
12,"biosampleR","DSHA",1.93042838599021
12,"chemodiv","DSHA",2.24718804757461
12,"codyn","DSHA",2.24718804757461
12,"DescTools","DSHA",3.24200705218084
12,"divDyn","DSHA",2.24718804757461
12,"divent","DSHA",2.24718804757461
12,"diverse","DSHA",1.93042838599021
12,"ecodive","DSHA",2.24718804757461
12,"EconGeo","DSHA",3.242
12,"entropart","DSHA",2.3257804490599
12,"forestmangr","DSHA",3.56
12,"HardyWeinberg","DSHA",2.24718804757461
12,"iNEXT","DSHA",2.247
12,"MCPAN","DSHA",2.24718804757461
12,"microbiome","DSHA",2.24718804757461
12,"OTUtable","DSHA",2.24718804757461
12,"pgirmess","DSHA",3.24200705218084
12,"SpiecEasi","DSHA",2.24718804757461
12,"sprex","DSHA",2.24718804757461
12,"tabula","DSHA",2.24718804757461
12,"triversity","DSHA",19
12,"vegan","DSHA",2.24718804757461
12,"wavethresh","DSHA",-48989.8303020316
12,"wiqid","DSHA",6.98144712430427
12,"abdiv","DSP",0.147259141704688
12,"agricolae","DSP",0.147259141704688
12,"antitrust","DSP",1472.59141704688
12,"benthos","DSP",0.143236779165559
12,"breakaway","DSP",0.147259141704688
12,"concstats","DSP",0.147259141704688
12,"DescTools","DSP",0.147259141704688
12,"diverse","DSP",0.287998211191235
12,"divseg","DSP",1.14725914170469
12,"EconGeo","DSP",0.147259141704688
12,"hhi","DSP",0.147259141704688
12,"ineq","DSP",0.147259141704688
12,"microbiome","DSP",0.147259141704688
12,"PDtoolkit","DSP",0.147259141704688
12,"politics","DSP",0.147259141704688
12,"REAT","DSP",0.147259141704688
12,"sprex","DSP",0.147259141704688
12,"tabula","DSP",0.147259141704688
12,"triversity","DSP",0.147259141704688
12,"wiqid","DSP",6.98144712430427
12,"abdiv","EBP",0.276995305164319
12,"agricolae","EBP",0.276995305164319
12,"BiodiversityR","EBP",0.27699531
12,"diverse","EBP",0.514925373134328
12,"dyvDyn","EBP",0.276995305164319
12,"ecodive","EBP",0.276995305164319
12,"microbiome","EBP",0.276995305164319
12,"tabula","EBP",0.276995305164319
12,"triversity","EBP",0.276995305164319
12,"wiqid","EBP",1
12,"tabula","EBRI",0.761312071407689
12,"BAT","EBU",0.476004173187272
12,"microbiome","EBU",0.476004173187272
12,"BAT","ECAM",0.930593306427258
12,"microbiome","ECAM",0.353101062515443
12,"codyn","EEQ",0.149721325235582
12,"adiv","EEVAR",0.3321158482978
12,"codyn","EEVAR",0.325261475163369
12,"microbiome","EEVAR",0.3321158482978
12,"acid","EGIN",0.796244131455399
12,"DescTools","EGIN",0.796244131455399
12,"dplR","EGIN",0.796244131455399
12,"EconGeo","EGIN",0.796
12,"giniVarCI","EGIN",0.796244131455399
12,"ineq","EGIN",0.796244131455399
12,"microbiome","EGIN",0.796244131455399
12,"REAT","EGIN",0.796244131455399
12,"shipunov","EGIN",0.796244131455399
12,"wINEQ","EGIN",0.796244131455399
12,"adiv","EGSP",0.900115350422829
12,"abdiv","EHEI",0.470060791641891
12,"adiv","EHEI",0.470060791641891
12,"benthos","EHURE",0.856763220834441
12,"BiodiversityR","EHURE",0.85676322
12,"mobr","EHURE",0.856763220834441
12,"vegan","EHURE",0.856763220834455
12,"abdiv","EMC",0.419066897881764
12,"tabula","EMC",0.799726179991501
12,"microbiome","EMN",0.436619718309859
12,"abdiv","EPIE",0.763197357280869
12,"adiv","EPIE",0.763197357280869
12,"BiodiversityR","EPIE",0.76319736
12,"breakaway","EPIE",0.763197357280869
12,"chemodiv","EPIE",0.763197357280869
12,"diverse","EPIE",0.615669573295054
12,"forestmangr","EPIE",1
12,"microbiome","EPIE",0.763197357280869
12,"OTUtable","EPIE",0.763197357280869
12,"pctax","EPIE",0.7632
12,"sprex","EPIE",0.763197357280869
12,"tabula","EPIE",0.763197357280869
12,"adiv","ESP",0.357407888828492
12,"codyn","ESP",0.357407888828492
12,"sprex","ESP",0.118273055135506
12,"tabula","ESP",0.357407888828492
12,"abdiv","EST",0.496417099085742
12,"adiv","QHIL_0",19
12,"adiv","QHIL_1",9.46109424955404
12,"adiv","QHIL_2",6.79074988774136
12,"adiv","QHIL_3",5.75314733757724
12,"BAT","QHIL_0",19
12,"BAT","QHIL_1",9.46109424955404
12,"BAT","QHIL_2",6.79074988774136
12,"BAT","QHIL_3",5.75314733757724
12,"benthos","QHIL_0",35
12,"benthos","QHIL_1",9.46109424955404
12,"benthos","QHIL_2",6.79074988774136
12,"benthos","QHIL_3",5.75314733757724
12,"breakaway","QHIL_0",19
12,"breakaway","QHIL_1",9.46109424955404
12,"breakaway","QHIL_2",6.79074988774136
12,"breakaway","QHIL_3",5.75314733757724
12,"chemodiv","QHIL_0",19
12,"chemodiv","QHIL_1",9.46109424955404
12,"chemodiv","QHIL_2",6.79074988774136
12,"chemodiv","QHIL_3",5.75314733757724
12,"divDyn","QHIL_2",6.79074988774136
12,"divent","QHIL_0",19
12,"divent","QHIL_1",9.46109424955404
12,"divent","QHIL_2",6.79074988774136
12,"divent","QHIL_3",5.75314733757724
12,"entropart","QHIL_0",19
12,"entropart","QHIL_1",9.46109424955404
12,"entropart","QHIL_2",6.79074988774136
12,"entropart","QHIL_3",5.75314733757724
12,"EntropyEstimation","QHIL_1",9.89758371251086
12,"EntropyEstimation","QHIL_2",6.98144712430426
12,"EntropyEstimation","QHIL_3",5.914778142201
12,"extremefit","QHIL",NA
12,"hilldiv","QHIL_0",19
12,"hilldiv","QHIL_1",9.46114043753714
12,"hilldiv","QHIL_2",6.79074988774136
12,"hilldiv","QHIL_3",5.75314733757724
12,"hillR","QHIL_0",19
12,"hillR","QHIL_1",9.46109424955404
12,"hillR","QHIL_2",6.79074988774136
12,"hillR","QHIL_3",5.75314733757724
12,"sprex","QHIL_0",19
12,"sprex","QHIL_1",9.46109424955404
12,"sprex","QHIL_2",6.79074988774136
12,"sprex","QHIL_3",5.75314733757724
12,"vegan","QHIL_0",19
12,"vegan","QHIL_1",9.46109424955404
12,"vegan","QHIL_2",6.79074988774136
12,"vegan","QHIL_3",5.75314733757724
12,"adiv","QREN_0",2.94443897916644
12,"adiv","QREN_1",2.24718804757461
12,"adiv","QREN_2",1.91556137549337
12,"adiv","QREN_3",1.74974706811765
12,"BiodiversityR","QREN_0",2.94443897916644
12,"BiodiversityR","QREN_1",2.24718804757461
12,"BiodiversityR","QREN_2",1.91556137549337
12,"BiodiversityR","QREN_3",1.74974706811765
12,"diverse","QREN_0",3.13549421592915
12,"diverse","QREN_1",1.93042838599021
12,"diverse","QREN_2",1.23561850825841
12,"diverse","QREN_3",0.988715479189311
12,"EntropyEstimation","QREN_1",2.2922906579074
12,"EntropyEstimation","QREN_2",1.94325621968444
12,"EntropyEstimation","QREN_3",1.77745398906859
12,"seewave","QREN_2",0.538783083227687
12,"seewave","QREN_3",0.492145086535424
12,"sprex","QREN_0",2.94443897916644
12,"sprex","QREN_1",2.24718804757461
12,"sprex","QREN_2",1.91556137549337
12,"sprex","QREN_3",1.74974706811765
12,"statcomp","QREN_1",0.632058523865933
12,"statcomp","QREN_2",0.538783079002089
12,"statcomp","QREN_3",0.492145083366225
12,"vegan","QREN_0",2.94443897916644
12,"vegan","QREN_1",2.24718804757461
12,"vegan","QREN_2",1.91556137549337
12,"vegan","QREN_3",1.74974706811765
12,"adiv","QTSA_0",18
12,"adiv","QTSA_1",2.24718804757461
12,"adiv","QTSA_2",0.852740858295312
12,"adiv","QTSA_3",0.48489366847562
12,"divent","QTSA_0",18
12,"divent","QTSA_1",2.24718804757461
12,"divent","QTSA_2",0.852740858295312
12,"divent","QTSA_3",0.48489366847562
12,"entropart","QTSA_0",23
12,"entropart","QTSA_1",2.3257804490599
12,"entropart","QTSA_2",0.856719531079208
12,"entropart","QTSA_3",0.485357978028974
12,"EntropyEstimation","QTSA_1",2.2922906579074
12,"EntropyEstimation","QTSA_2",0.85676322083444
12,"EntropyEstimation","QTSA_3",0.48570799742567
12,"vegan","QTSA_0",18
12,"vegan","QTSA_1",2.24718804757461
12,"vegan","QTSA_2",0.852740858295312
12,"vegan","QTSA_3",0.48489366847562
12,"BAT","RACE",22.7946428571429
12,"ecodive","RACE",22.7946428571429
12,"fossil","RACE",21.5
12,"pctax","RACE",22.7946
12,"sprex","RACE",244.728100006623
12,"tabula","RACE",22.7946428571429
12,"vegan","RACE",22.7946428571429
12,"wiqid","RACE",22.7946428571429
12,"BiodiversityR","RBOO",19
12,"wiqid","RBOO",35
12,"BAT","RC1",22.3333333333333
12,"BiodiversityR","RC1",19
12,"biosampleR","RC1",25.5
12,"iNEXT","RC1",25.221
12,"microbiome","RC1",22.3333333333333
12,"pctax","RC1",22.3333
12,"rareNMtests","RC1",19
12,"SpadeR","RC1",19
12,"SSP","RC1",18
12,"vegan","RC1",22.3333333333333
12,"wiqid","RC1",25.25
12,"BAT","RC1M",23.8799630655586
12,"divent","RC1M",25.2206572769953
12,"ecodive","RC1M",25.25
12,"entropart","RC1M",25.2206572769953
12,"fossil","RC1M",25.25
12,"mobr","RC1M",25.2206572769953
12,"OTUtable","RC1M",25.25
12,"tabula","RC1M",25.2206572769953
12,"wiqid","RC1M",25.25
12,"BAT","RCA2",34.8250357142857
12,"divDyn","RCA2",22.1578947368421
12,"fossil","RCA2",25.25
12,"tabula","RCA2",19
12,"wiqid","RCA2",19
12,"benthos","RHUR_2",1.85676322083445
12,"benthos","RHUR_3",2.59887366765201
12,"divent","RHUR_2",6.98141737056268
12,"divent","RHUR_3",7.12925819961428
12,"entropart","RHUR_2",1.85676322083445
12,"entropart","RHUR_3",2.59887366765201
12,"mobsim","RHUR_2",1.85676322083445
12,"mobsim","RHUR_3",2.59887366765201
12,"tabula","RHUR_2",1.8567813102999
12,"tabula","RHUR_3",2.59887883083969
12,"vegan","RHUR_2",1.85676322083445
12,"vegan","RHUR_3",2.59887366765201
12,"BAT","RICE",35.0345460610179
12,"fossil","RICE",21.5
12,"tabula","RICE",19
12,"wiqid","RICE",19
12,"BAT","RJA1",24
12,"BiodiversityR","RJA1",19
12,"divent","RJA1",24
12,"entropart","RJA1",24
12,"fossil","RJA1",23.9765258215962
12,"SSP","RJA1",18
12,"tabula","RJA1",2.13802311575299
12,"wiqid","RJA1",24
12,"BAT","RJA2",27
12,"BiodiversityR","RJA2",19
12,"fossil","RJA2",26.8872796527593
12,"SSP","RJA2",18
12,"wiqid","RJA2",27
12,"wiqid","RMM",0
12,"divDyn","RSQ",22.689203516367
12,"ecodive","RSQ",22.689203516367
12,"tabula","RSQ",22.689203516367
13,"abdiv","D1SP",0.756168406268952
13,"ade4","D1SP",0.756168406268952
13,"adiv","D1SP",0.756168406268952
13,"agricolae","D1SP",1
13,"asbio","D1SP",0.756168406268952
13,"BiodiversityR","D1SP",0.75616841
13,"biosampleR","D1SP",0.873286862003781
13,"breakaway","D1SP",0.756168406268952
13,"catsim","D1SP",0.713469387755102
13,"concstats","D1SP",0.977759752756795
13,"CUB","D1SP",0.778408653512156
13,"DescTools","D1SP",0.756168406268952
13,"divent","D1SP",0.756168406268952
13,"diverse","D1SP",0.873286862003781
13,"ecodive","D1SP",0.756168406268952
13,"entropart","D1SP",0.756168406268952
13,"lawstat","D1SP",0.875041542040545
13,"MCPAN","D1SP",-7638
13,"microbiome","D1SP",0.756168406268952
13,"PCRA","D1SP",0.756168406268952
13,"RoughSets","D1SP",0.756168406268952
13,"simboot","D1SP",-7638
13,"sprex","D1SP",0.756168406268952
13,"untb","D1SP",0.760464817668208
13,"vegan","D1SP",0.756168406268952
13,"abdiv","DBRI",1.71272726362948
13,"ecodive","DBRI",1.71272726362948
13,"tabula","DBRI",1.71272726362948
13,"wiqid","DBRI",5.54406099399247
13,"BiodiversityR","DFIS",5.01036822
13,"ecodive","DFIS",5.01
13,"microbiome","DFIS",5.0103682189788
13,"preseqR","DFIS",19.2406132127566
13,"sads","DFIS",5.01036057200796
13,"vegan","DFIS",5.0103682189788
13,"abdiv","DINVSP",4.10119125539992
13,"adiv","DINVSP",4.10119125539992
13,"asbio","DINVSP",4.10119125539992
13,"BiodiversityR","DINVSP",4.10119126
13,"breakaway","DINVSP",4.10119125539992
13,"chemodiv","DINVSP",4.10119125539992
13,"codyn","DINVSP",4.10119125539992
13,"divseg","DINVSP",1.24383159373105
13,"ecodive","DINVSP",4.10119125539992
13,"microbiome","DINVSP",4.10119125539992
13,"sprex","DINVSP",4.10119125539992
13,"vegan","DINVSP",4.10119125539992
13,"asbio","DLMD",27.7445842702156
13,"Compositional","DLMD",0.999958992306093
13,"sads","DLMD",1.20709337058347
13,"vegan","DLMD",126.038967241811
13,"abdiv","DMC",0.547348137636142
13,"adiv","DMC",0.547348137636142
13,"agricolae","DMC",0.547348137636142
13,"ecodive","DMC",0.547348137636142
13,"forestHES","DMC",0.547348137636142
13,"tabula","DMC",0.547348137636142
13,"abdiv","DMG",3.28429448109238
13,"adiv","DMG",3.28429448109238
13,"agricolae","DMG",6.56858896218475
13,"ecodive","DMG",3.28429448109238
13,"tabula","DMG",3.28429448109238
13,"abdiv","DMN",1.35296285040509
13,"adiv","DMN",1.35296285040509
13,"ecodive","DMN",1.35296285040509
13,"tabula","DMN",1.35296285040509
13,"abdiv","DQ",5.4214210885152
13,"ade4","DRAO",0.756168406268952
13,"BAT","DRAO",0.756168406268953
13,"chemodiv","DRAO",110.009371232882
13,"diverse","DRAO",56.3528226223924
13,"SYNCSA","DRAO",0.756168406268952
13,"abdiv","DSHA",1.851997092018
13,"adiv","DSHA",1.851997092018
13,"aqp","DSHA",-848.84571975475
13,"asbio","DSHA",1.851997092018
13,"benthos","DSHA",0
13,"BiodiversityR","DSHA",1.85199709
13,"biosampleR","DSHA",2.45675319140555
13,"chemodiv","DSHA",1.851997092018
13,"codyn","DSHA",1.851997092018
13,"DescTools","DSHA",2.67186702039515
13,"divDyn","DSHA",1.851997092018
13,"divent","DSHA",1.851997092018
13,"diverse","DSHA",2.45675319140555
13,"ecodive","DSHA",1.851997092018
13,"EconGeo","DSHA",2.672
13,"entropart","DSHA",1.9357046330341
13,"forestmangr","DSHA",3.56
13,"HardyWeinberg","DSHA",1.851997092018
13,"iNEXT","DSHA",1.852
13,"MCPAN","DSHA",1.851997092018
13,"microbiome","DSHA",1.851997092018
13,"OTUtable","DSHA",1.851997092018
13,"pgirmess","DSHA",2.67186702039515
13,"SpiecEasi","DSHA",1.851997092018
13,"sprex","DSHA",1.851997092018
13,"tabula","DSHA",1.851997092018
13,"triversity","DSHA",18
13,"vegan","DSHA",1.851997092018
13,"wavethresh","DSHA",-61022.5035579657
13,"wiqid","DSHA",4.1747520771911
13,"abdiv","DSP",0.243831593731048
13,"agricolae","DSP",0.243831593731048
13,"antitrust","DSP",2438.31593731048
13,"benthos","DSP",0.239535182331792
13,"breakaway","DSP",0.243831593731048
13,"concstats","DSP",0.243831593731048
13,"DescTools","DSP",0.243831593731048
13,"diverse","DSP",0.121941078641007
13,"divseg","DSP",1.24383159373105
13,"EconGeo","DSP",0.243831593731048
13,"hhi","DSP",0.243831593731048
13,"ineq","DSP",0.243831593731048
13,"microbiome","DSP",0.243831593731048
13,"PDtoolkit","DSP",0.243831593731048
13,"politics","DSP",0.243831593731048
13,"REAT","DSP",0.243831593731048
13,"sprex","DSP",0.243831593731048
13,"tabula","DSP",0.243831593731048
13,"triversity","DSP",0.243831593731048
13,"wiqid","DSP",4.1747520771911
13,"abdiv","EBP",0.355932203389831
13,"agricolae","EBP",0.355932203389831
13,"BiodiversityR","EBP",0.3559322
13,"diverse","EBP",0.277173913043478
13,"dyvDyn","EBP",0.355932203389831
13,"ecodive","EBP",0.355932203389831
13,"microbiome","EBP",0.355932203389831
13,"tabula","EBP",0.355932203389831
13,"triversity","EBP",0.355932203389831
13,"wiqid","EBP",1
13,"tabula","EBRI",0.634589995760641
13,"BAT","EBU",0.378863409770688
13,"microbiome","EBU",0.378863409770688
13,"BAT","ECAM",0.916657435102101
13,"microbiome","ECAM",0.270558694287508
13,"codyn","EEQ",0.146485044712125
13,"adiv","EEVAR",0.336979648031841
13,"codyn","EEVAR",0.329217568104431
13,"microbiome","EEVAR",0.336979648031841
13,"acid","EGIN",0.850040355125101
13,"DescTools","EGIN",0.850040355125101
13,"dplR","EGIN",0.850040355125101
13,"EconGeo","EGIN",0.85
13,"giniVarCI","EGIN",0.850040355125101
13,"ineq","EGIN",0.850040355125101
13,"microbiome","EGIN",0.850040355125101
13,"REAT","EGIN",0.850040355125101
13,"shipunov","EGIN",0.850040355125101
13,"wINEQ","EGIN",0.850040355125101
13,"adiv","EGSP",0.800648900755361
13,"abdiv","EHEI",0.316031374031225
13,"adiv","EHEI",0.316031374031225
13,"benthos","EHURE",0.760464817668208
13,"BiodiversityR","EHURE",0.76046482
13,"mobr","EHURE",0.760464817668208
13,"vegan","EHURE",0.760464817668197
13,"abdiv","EMC",0.54607729653202
13,"tabula","EMC",0.662316406351278
13,"microbiome","EMN",0.677966101694915
13,"abdiv","EPIE",0.640747020503004
13,"adiv","EPIE",0.640747020503004
13,"BiodiversityR","EPIE",0.64074702
13,"breakaway","EPIE",0.640747020503004
13,"chemodiv","EPIE",0.640747020503004
13,"diverse","EPIE",0.820084362375607
13,"forestmangr","EPIE",1
13,"microbiome","EPIE",0.640747020503004
13,"OTUtable","EPIE",0.640747020503004
13,"pctax","EPIE",0.6407
13,"sprex","EPIE",0.640747020503004
13,"tabula","EPIE",0.640747020503004
13,"adiv","ESP",0.227843958633329
13,"codyn","ESP",0.227843958633329
13,"sprex","ESP",0.102888727334333
13,"tabula","ESP",0.227843958633329
13,"abdiv","EST",0.586629001883239
13,"adiv","QHIL_0",18
13,"adiv","QHIL_1",6.37253335853082
13,"adiv","QHIL_2",4.10119125539992
13,"adiv","QHIL_3",3.55224322384562
13,"BAT","QHIL_0",18
13,"BAT","QHIL_1",6.37253335853082
13,"BAT","QHIL_2",4.10119125539992
13,"BAT","QHIL_3",3.55224322384562
13,"benthos","QHIL_0",35
13,"benthos","QHIL_1",6.37253335853082
13,"benthos","QHIL_2",4.10119125539992
13,"benthos","QHIL_3",3.55224322384562
13,"breakaway","QHIL_0",18
13,"breakaway","QHIL_1",6.37253335853082
13,"breakaway","QHIL_2",4.10119125539992
13,"breakaway","QHIL_3",3.55224322384562
13,"chemodiv","QHIL_0",18
13,"chemodiv","QHIL_1",6.37253335853082
13,"chemodiv","QHIL_2",4.10119125539992
13,"chemodiv","QHIL_3",3.55224322384562
13,"divDyn","QHIL_2",4.10119125539992
13,"divent","QHIL_0",18
13,"divent","QHIL_1",6.37253335853082
13,"divent","QHIL_2",4.10119125539992
13,"divent","QHIL_3",3.55224322384562
13,"entropart","QHIL_0",18
13,"entropart","QHIL_1",6.37253335853082
13,"entropart","QHIL_2",4.10119125539992
13,"entropart","QHIL_3",3.55224322384562
13,"EntropyEstimation","QHIL_1",6.71354511493325
13,"EntropyEstimation","QHIL_2",4.1747520771911
13,"EntropyEstimation","QHIL_3",3.61618142296819
13,"extremefit","QHIL",NA
13,"hilldiv","QHIL_0",18
13,"hilldiv","QHIL_1",6.37258132520309
13,"hilldiv","QHIL_2",4.10119125539992
13,"hilldiv","QHIL_3",3.55224322384562
13,"hillR","QHIL_0",18
13,"hillR","QHIL_1",6.37253335853082
13,"hillR","QHIL_2",4.10119125539992
13,"hillR","QHIL_3",3.55224322384562
13,"sprex","QHIL_0",18
13,"sprex","QHIL_1",6.37253335853082
13,"sprex","QHIL_2",4.10119125539992
13,"sprex","QHIL_3",3.55224322384562
13,"vegan","QHIL_0",18
13,"vegan","QHIL_1",6.37253335853082
13,"vegan","QHIL_2",4.10119125539992
13,"vegan","QHIL_3",3.55224322384562
13,"adiv","QREN_0",2.89037175789616
13,"adiv","QREN_1",1.851997092018
13,"adiv","QREN_2",1.4112774816063
13,"adiv","QREN_3",1.26757929796737
13,"BiodiversityR","QREN_0",2.89037175789616
13,"BiodiversityR","QREN_1",1.851997092018
13,"BiodiversityR","QREN_2",1.4112774816063
13,"BiodiversityR","QREN_3",1.26757929796737
13,"diverse","QREN_0",2.99573227355399
13,"diverse","QREN_1",2.45675319140555
13,"diverse","QREN_2",2.06582950329591
13,"diverse","QREN_3",1.82640347346179
13,"EntropyEstimation","QREN_1",1.90412714453981
13,"EntropyEstimation","QREN_2",1.42905497383088
13,"EntropyEstimation","QREN_3",1.28541861355237
13,"seewave","QREN_2",0.396944961901739
13,"seewave","QREN_3",0.356527487731576
13,"sprex","QREN_0",2.89037175789616
13,"sprex","QREN_1",1.851997092018
13,"sprex","QREN_2",1.4112774816063
13,"sprex","QREN_3",1.26757929796737
13,"statcomp","QREN_1",0.520904580926503
13,"statcomp","QREN_2",0.396944956498882
13,"statcomp","QREN_3",0.356527483679432
13,"vegan","QREN_0",2.89037175789616
13,"vegan","QREN_1",1.851997092018
13,"vegan","QREN_2",1.4112774816063
13,"vegan","QREN_3",1.26757929796737
13,"adiv","QTSA_0",17
13,"adiv","QTSA_1",1.851997092018
13,"adiv","QTSA_2",0.756168406268952
13,"adiv","QTSA_3",0.460375425162477
13,"divent","QTSA_0",17
13,"divent","QTSA_1",1.851997092018
13,"divent","QTSA_2",0.756168406268952
13,"divent","QTSA_3",0.460375425162477
13,"entropart","QTSA_0",23
13,"entropart","QTSA_1",1.9357046330341
13,"entropart","QTSA_2",0.760431412792527
13,"entropart","QTSA_3",0.461085098522033
13,"EntropyEstimation","QTSA_1",1.90412714453981
13,"EntropyEstimation","QTSA_2",0.760464817668207
13,"EntropyEstimation","QTSA_3",0.461764252696456
13,"vegan","QTSA_0",17
13,"vegan","QTSA_1",1.851997092018
13,"vegan","QTSA_2",0.756168406268952
13,"vegan","QTSA_3",0.460375425162477
13,"BAT","RACE",27.1818181818182
13,"ecodive","RACE",27.1818181818182
13,"fossil","RACE",21
13,"pctax","RACE",27.1818
13,"sprex","RACE",177.968187554978
13,"tabula","RACE",27.1818181818182
13,"vegan","RACE",27.1818181818182
13,"wiqid","RACE",27.1818181818182
13,"BiodiversityR","RBOO",18
13,"wiqid","RBOO",35
13,"BAT","RC1",21
13,"BiodiversityR","RC1",18
13,"biosampleR","RC1",21
13,"iNEXT","RC1",22.475
13,"microbiome","RC1",21
13,"pctax","RC1",21
13,"rareNMtests","RC1",18
13,"SpadeR","RC1",18
13,"SSP","RC1",17
13,"vegan","RC1",21
13,"wiqid","RC1",22.5
13,"BAT","RC1M",23.3333333333333
13,"divent","RC1M",22.4745762711864
13,"ecodive","RC1M",22.5
13,"entropart","RC1M",22.4745762711864
13,"fossil","RC1M",22.5
13,"mobr","RC1M",22.4745762711864
13,"OTUtable","RC1M",22.5
13,"tabula","RC1M",22.4745762711864
13,"wiqid","RC1M",22.5
13,"BAT","RCA2",34.9550873015873
13,"divDyn","RCA2",20.8333333333333
13,"fossil","RCA2",22.5
13,"tabula","RCA2",18
13,"wiqid","RCA2",18
13,"benthos","RHUR_2",1.7604648176682
13,"benthos","RHUR_3",2.35786594761172
13,"divent","RHUR_2",4.17475004584018
13,"divent","RHUR_3",4.31065203933205
13,"entropart","RHUR_2",1.76046481766819
13,"entropart","RHUR_3",2.35786594761172
13,"mobsim","RHUR_2",1.7604648176682
13,"mobsim","RHUR_3",2.35786594761172
13,"tabula","RHUR_2",1.76058649189369
13,"tabula","RHUR_3",2.35790778530247
13,"vegan","RHUR_2",1.7604648176682
13,"vegan","RHUR_3",2.35786594761172
13,"BAT","RICE",35.0212716720844
13,"fossil","RICE",21
13,"tabula","RICE",18
13,"wiqid","RICE",18
13,"BAT","RJA1",24
13,"BiodiversityR","RJA1",18
13,"divent","RJA1",24
13,"entropart","RJA1",24
13,"fossil","RJA1",23.9661016949153
13,"SSP","RJA1",17
13,"tabula","RJA1",1.72075676128891
13,"wiqid","RJA1",24
13,"BAT","RJA2",26
13,"BiodiversityR","RJA2",18
13,"fossil","RJA2",25.8642783769902
13,"SSP","RJA2",17
13,"wiqid","RJA2",26
13,"wiqid","RMM",0
13,"divDyn","RSQ",26.8083021043528
13,"ecodive","RSQ",26.8083021043528
13,"tabula","RSQ",26.8083021043528
14,"abdiv","D1SP",0.891391771810782
14,"ade4","D1SP",0.891391771810782
14,"adiv","D1SP",0.891391771810782
14,"agricolae","D1SP",1
14,"asbio","D1SP",0.891391771810782
14,"BiodiversityR","D1SP",0.89139177
14,"biosampleR","D1SP",0.840382789100738
14,"breakaway","D1SP",0.891391771810782
14,"catsim","D1SP",0.829387755102041
14,"concstats","D1SP",0.973782594946742
14,"CUB","D1SP",0.91760917686404
14,"DescTools","D1SP",0.891391771810782
14,"divent","D1SP",0.891391771810782
14,"diverse","D1SP",0.840382789100738
14,"ecodive","D1SP",0.891391771810782
14,"entropart","D1SP",0.891391771810782
14,"lawstat","D1SP",0.739558276842335
14,"MCPAN","D1SP",-7858
14,"microbiome","D1SP",0.891391771810782
14,"PCRA","D1SP",0.891391771810782
14,"RoughSets","D1SP",0.891391771810782
14,"simboot","D1SP",-7858
14,"sprex","D1SP",0.891391771810782
14,"untb","D1SP",0.894717860511569
14,"vegan","D1SP",0.891391771810782
14,"abdiv","DBRI",2.41853192065311
14,"ecodive","DBRI",2.41853192065311
14,"tabula","DBRI",2.41853192065311
14,"wiqid","DBRI",11.2293616140137
14,"BiodiversityR","DFIS",6.01754977
14,"ecodive","DFIS",6.018
14,"microbiome","DFIS",6.01754977048768
14,"preseqR","DFIS",13.9307134994882
14,"sads","DFIS",6.01754767964721
14,"vegan","DFIS",6.01754977048768
14,"abdiv","DINVSP",9.20740552233108
14,"adiv","DINVSP",9.20740552233108
14,"asbio","DINVSP",9.20740552233108
14,"BiodiversityR","DINVSP",9.20740552
14,"breakaway","DINVSP",9.20740552233108
14,"chemodiv","DINVSP",9.20740552233108
14,"codyn","DINVSP",9.20740552233108
14,"divseg","DINVSP",1.10860822818922
14,"ecodive","DINVSP",9.20740552233109
14,"microbiome","DINVSP",9.20740552233108
14,"sprex","DINVSP",9.20740552233108
14,"vegan","DINVSP",9.20740552233108
14,"asbio","DLMD",49.80731738159
14,"Compositional","DLMD",0.999958992306093
14,"sads","DLMD",1.80204894013432
14,"vegan","DLMD",26.4728175617174
14,"abdiv","DMC",0.713974147052376
14,"adiv","DMC",0.713974147052376
14,"agricolae","DMC",0.713974147052376
14,"ecodive","DMC",0.713974147052376
14,"forestHES","DMC",0.713974147052376
14,"tabula","DMC",0.713974147052376
14,"abdiv","DMG",3.93228506482236
14,"adiv","DMG",3.93228506482236
14,"agricolae","DMG",6.07716782745273
14,"ecodive","DMG",3.93228506482236
14,"tabula","DMG",3.93228506482236
14,"abdiv","DMN",1.40233474995429
14,"adiv","DMN",1.40233474995429
14,"ecodive","DMN",1.40233474995429
14,"tabula","DMN",1.40233474995429
14,"abdiv","DQ",5.64582826474227
14,"ade4","DRAO",0.891391771810782
14,"BAT","DRAO",0.891391771810783
14,"chemodiv","DRAO",112.44501538024
14,"diverse","DRAO",56.8490603813623
14,"SYNCSA","DRAO",0.891391771810782
14,"abdiv","DSHA",2.56237755804038
14,"adiv","DSHA",2.56237755804038
14,"aqp","DSHA",-1176.80316803869
14,"asbio","DSHA",2.56237755804038
14,"benthos","DSHA",0
14,"BiodiversityR","DSHA",2.56237756
14,"biosampleR","DSHA",2.14817426119648
14,"chemodiv","DSHA",2.56237755804038
14,"codyn","DSHA",2.56237755804038
14,"DescTools","DSHA",3.69672939587003
14,"divDyn","DSHA",2.56237755804038
14,"divent","DSHA",2.56237755804038
14,"diverse","DSHA",2.14817426119648
14,"ecodive","DSHA",2.56237755804038
14,"EconGeo","DSHA",3.697
14,"entropart","DSHA",2.59181721963769
14,"forestmangr","DSHA",3.56
14,"HardyWeinberg","DSHA",2.56237755804038
14,"iNEXT","DSHA",2.562
14,"MCPAN","DSHA",2.56237755804038
14,"microbiome","DSHA",2.56237755804038
14,"OTUtable","DSHA",2.56237755804038
14,"pgirmess","DSHA",3.69672939587003
14,"SpiecEasi","DSHA",2.56237755804038
14,"sprex","DSHA",2.56237755804038
14,"tabula","DSHA",2.56237755804038
14,"triversity","DSHA",23
14,"vegan","DSHA",2.56237755804038
14,"wavethresh","DSHA",-57029.075608652
14,"wiqid","DSHA",9.49828722002635
14,"abdiv","DSP",0.108608228189218
14,"agricolae","DSP",0.108608228189218
14,"antitrust","DSP",1086.08228189218
14,"benthos","DSP",0.105282139488431
14,"breakaway","DSP",0.108608228189218
14,"concstats","DSP",0.108608228189218
14,"DescTools","DSP",0.108608228189218
14,"diverse","DSP",0.152372531682877
14,"divseg","DSP",1.10860822818922
14,"EconGeo","DSP",0.108608228189218
14,"hhi","DSP",0.108608228189218
14,"ineq","DSP",0.108608228189218
14,"microbiome","DSP",0.108608228189218
14,"PDtoolkit","DSP",0.108608228189218
14,"politics","DSP",0.108608228189218
14,"REAT","DSP",0.108608228189218
14,"sprex","DSP",0.108608228189218
14,"tabula","DSP",0.108608228189218
14,"triversity","DSP",0.108608228189218
14,"wiqid","DSP",9.49828722002635
14,"abdiv","EBP",0.226765799256506
14,"agricolae","EBP",0.226765799256506
14,"BiodiversityR","EBP",0.2267658
14,"diverse","EBP",0.264957264957265
14,"dyvDyn","EBP",0.226765799256506
14,"ecodive","EBP",0.226765799256506
14,"microbiome","EBP",0.226765799256506
14,"tabula","EBP",0.226765799256506
14,"triversity","EBP",0.226765799256506
14,"wiqid","EBP",1
14,"tabula","EBRI",0.815901008578126
14,"BAT","EBU",0.531936465021967
14,"microbiome","EBU",0.531936465021967
14,"BAT","ECAM",0.948043551728698
14,"microbiome","ECAM",0.40035558428964
14,"codyn","EEQ",0.155329593592417
14,"adiv","EEVAR",0.404255427186259
14,"codyn","EEVAR",0.399564938627224
14,"microbiome","EEVAR",0.404255427186259
14,"acid","EGIN",0.718428040361126
14,"DescTools","EGIN",0.718428040361126
14,"dplR","EGIN",0.718428040361126
14,"EconGeo","EGIN",0.718
14,"giniVarCI","EGIN",0.718428040361126
14,"ineq","EGIN",0.718428040361126
14,"microbiome","EGIN",0.718428040361126
14,"REAT","EGIN",0.718428040361126
14,"shipunov","EGIN",0.718428040361126
14,"wINEQ","EGIN",0.718428040361126
14,"adiv","EGSP",0.931909579620363
14,"abdiv","EHEI",0.543936798303761
14,"adiv","EHEI",0.543936798303761
14,"benthos","EHURE",0.894717860511569
14,"BiodiversityR","EHURE",0.89471786
14,"mobr","EHURE",0.894717860511569
14,"vegan","EHURE",0.894717860511526
14,"abdiv","EMC",0.358846241117925
14,"tabula","EMC",0.84706833190275
14,"microbiome","EMN",0.379182156133829
14,"abdiv","EPIE",0.817216483775609
14,"adiv","EPIE",0.817216483775609
14,"BiodiversityR","EPIE",0.81721648
14,"breakaway","EPIE",0.817216483775609
14,"chemodiv","EPIE",0.817216483775609
14,"diverse","EPIE",0.774790088398368
14,"forestmangr","EPIE",1
14,"microbiome","EPIE",0.817216483775609
14,"OTUtable","EPIE",0.817216483775609
14,"pctax","EPIE",0.8172
14,"sprex","EPIE",0.817216483775609
14,"tabula","EPIE",0.817216483775609
14,"adiv","ESP",0.400321979231786
14,"codyn","ESP",0.400321979231786
14,"sprex","ESP",0.111407719914799
14,"tabula","ESP",0.400321979231786
14,"abdiv","EST",0.447712946500727
14,"adiv","QHIL_0",23
14,"adiv","QHIL_1",12.9666095626827
14,"adiv","QHIL_2",9.20740552233108
14,"adiv","QHIL_3",7.55479312799825
14,"BAT","QHIL_0",23
14,"BAT","QHIL_1",12.9666095626827
14,"BAT","QHIL_2",9.20740552233108
14,"BAT","QHIL_3",7.55479312799825
14,"benthos","QHIL_0",35
14,"benthos","QHIL_1",12.9666095626827
14,"benthos","QHIL_2",9.20740552233108
14,"benthos","QHIL_3",7.55479312799825
14,"breakaway","QHIL_0",23
14,"breakaway","QHIL_1",12.9666095626827
14,"breakaway","QHIL_2",9.20740552233108
14,"breakaway","QHIL_3",7.55479312799825
14,"chemodiv","QHIL_0",23
14,"chemodiv","QHIL_1",12.9666095626827
14,"chemodiv","QHIL_2",9.20740552233108
14,"chemodiv","QHIL_3",7.55479312799825
14,"divDyn","QHIL_2",9.20740552233108
14,"divent","QHIL_0",23
14,"divent","QHIL_1",12.9666095626827
14,"divent","QHIL_2",9.20740552233109
14,"divent","QHIL_3",7.55479312799825
14,"entropart","QHIL_0",23
14,"entropart","QHIL_1",12.9666095626827
14,"entropart","QHIL_2",9.20740552233109
14,"entropart","QHIL_3",7.55479312799822
14,"EntropyEstimation","QHIL_1",13.5349699988515
14,"EntropyEstimation","QHIL_2",9.49828722002637
14,"EntropyEstimation","QHIL_3",7.7800342811809
14,"extremefit","QHIL",NA
14,"hilldiv","QHIL_0",23
14,"hilldiv","QHIL_1",12.9666682249551
14,"hilldiv","QHIL_2",9.20740552233108
14,"hilldiv","QHIL_3",7.55479312799825
14,"hillR","QHIL_0",23
14,"hillR","QHIL_1",12.9666095626827
14,"hillR","QHIL_2",9.20740552233108
14,"hillR","QHIL_3",7.55479312799825
14,"sprex","QHIL_0",23
14,"sprex","QHIL_1",12.9666095626827
14,"sprex","QHIL_2",9.20740552233108
14,"sprex","QHIL_3",7.55479312799825
14,"vegan","QHIL_0",23
14,"vegan","QHIL_1",12.9666095626827
14,"vegan","QHIL_2",9.20740552233109
14,"vegan","QHIL_3",7.55479312799825
14,"adiv","QREN_0",3.13549421592915
14,"adiv","QREN_1",2.56237755804038
14,"adiv","QREN_2",2.2200081083375
14,"adiv","QREN_3",2.02218221321853
14,"BiodiversityR","QREN_0",3.13549421592915
14,"BiodiversityR","QREN_1",2.56237755804038
14,"BiodiversityR","QREN_2",2.2200081083375
14,"BiodiversityR","QREN_3",2.02218221321853
14,"diverse","QREN_0",2.77258872223978
14,"diverse","QREN_1",2.14817426119648
14,"diverse","QREN_2",1.83497676206582
14,"diverse","QREN_3",1.69792822181767
14,"EntropyEstimation","QREN_1",2.60527670650315
14,"EntropyEstimation","QREN_2",2.25111148972302
14,"EntropyEstimation","QREN_3",2.05156074450204
14,"seewave","QREN_2",0.624413722331711
14,"seewave","QREN_3",0.568771941575489
14,"sprex","QREN_0",3.13549421592915
14,"sprex","QREN_1",2.56237755804038
14,"sprex","QREN_2",2.2200081083375
14,"sprex","QREN_3",2.02218221321853
14,"statcomp","QREN_1",0.720710747224828
14,"statcomp","QREN_2",0.624413719822271
14,"statcomp","QREN_3",0.568771939693409
14,"vegan","QREN_0",3.13549421592915
14,"vegan","QREN_1",2.56237755804038
14,"vegan","QREN_2",2.2200081083375
14,"vegan","QREN_3",2.02218221321853
14,"adiv","QTSA_0",22
14,"adiv","QTSA_1",2.56237755804038
14,"adiv","QTSA_2",0.891391771810782
14,"adiv","QTSA_3",0.491239581550763
14,"divent","QTSA_0",22
14,"divent","QTSA_1",2.56237755804038
14,"divent","QTSA_2",0.891391771810782
14,"divent","QTSA_3",0.491239581550763
14,"entropart","QTSA_0",24
14,"entropart","QTSA_1",2.59181721963769
14,"entropart","QTSA_2",0.892937050341942
14,"entropart","QTSA_3",0.491428904100243
14,"EntropyEstimation","QTSA_1",2.60527670650315
14,"EntropyEstimation","QTSA_2",0.894717860511569
14,"EntropyEstimation","QTSA_3",0.491739487683341
14,"vegan","QTSA_0",22
14,"vegan","QTSA_1",2.56237755804038
14,"vegan","QTSA_2",0.891391771810782
14,"vegan","QTSA_3",0.491239581550763
14,"BAT","RACE",24.0142003876429
14,"ecodive","RACE",24.0142003876429
14,"fossil","RACE",23.5660377358491
14,"pctax","RACE",24.0142
14,"sprex","RACE",320.994894005914
14,"tabula","RACE",24.0142003876429
14,"vegan","RACE",24.0142003876429
14,"wiqid","RACE",24.0142003876429
14,"BiodiversityR","RBOO",23
14,"wiqid","RBOO",35
14,"BAT","RC1",23.1428571428571
14,"BiodiversityR","RC1",23
14,"biosampleR","RC1",17.2
14,"iNEXT","RC1",23.332
14,"microbiome","RC1",23.1428571428571
14,"pctax","RC1",23.1429
14,"rareNMtests","RC1",23
14,"SpadeR","RC1",23
14,"SSP","RC1",22
14,"vegan","RC1",23.1428571428571
14,"wiqid","RC1",23.3333333333333
14,"BAT","RC1M",23.3178503915744
14,"divent","RC1M",23.3320941759603
14,"ecodive","RC1M",23.3333333333333
14,"entropart","RC1M",23.3320941759603
14,"fossil","RC1M",23.3333333333333
14,"mobr","RC1M",23.3320941759603
14,"OTUtable","RC1M",23.3333333333333
14,"tabula","RC1M",23.3320941759603
14,"wiqid","RC1M",23.3333333333333
14,"BAT","RCA2",35.1597261904762
14,"divDyn","RCA2",23.1366459627329
14,"fossil","RCA2",23.3333333333333
14,"tabula","RCA2",23
14,"wiqid","RCA2",23
14,"benthos","RHUR_2",1.89471786051153
14,"benthos","RHUR_3",2.70067460616802
14,"divent","RHUR_2",9.49828751406364
14,"divent","RHUR_3",9.67731619985116
14,"entropart","RHUR_2",1.89471786051153
14,"entropart","RHUR_3",2.70067460616802
14,"mobsim","RHUR_2",1.89471786051153
14,"mobsim","RHUR_3",2.70067460616802
14,"tabula","RHUR_2",1.89471786050319
14,"tabula","RHUR_3",2.70067460616041
14,"vegan","RHUR_2",1.89471786051153
14,"vegan","RHUR_3",2.70067460616802
14,"BAT","RICE",35.0725904465832
14,"fossil","RICE",23.5660377358491
14,"tabula","RICE",23
14,"wiqid","RICE",23
14,"BAT","RJA1",25
14,"BiodiversityR","RJA1",23
14,"divent","RJA1",25
14,"entropart","RJA1",25
14,"fossil","RJA1",24.9925650557621
14,"SSP","RJA1",22
14,"tabula","RJA1",2.48217919152915
14,"wiqid","RJA1",25
14,"BAT","RJA2",21
14,"BiodiversityR","RJA2",23
14,"fossil","RJA2",21.022221605726
14,"SSP","RJA2",22
14,"wiqid","RJA2",21
14,"wiqid","RMM",0
14,"divDyn","RSQ",23.4347092581069
14,"ecodive","RSQ",23.4347092581069
14,"tabula","RSQ",23.4347092581069
15,"abdiv","D1SP",0.8446
15,"ade4","D1SP",0.8446
15,"adiv","D1SP",0.8446
15,"agricolae","D1SP",1
15,"asbio","D1SP",0.8446
15,"BiodiversityR","D1SP",0.8446
15,"biosampleR","D1SP",0.755949161709032
15,"breakaway","D1SP",0.8446
15,"catsim","D1SP",0.68734693877551
15,"concstats","D1SP",0.975158823529412
15,"CUB","D1SP",0.869441176470588
15,"DescTools","D1SP",0.8446
15,"divent","D1SP",0.8446
15,"diverse","D1SP",0.755949161709032
15,"ecodive","D1SP",0.8446
15,"entropart","D1SP",0.8446
15,"lawstat","D1SP",0.811764705882353
15,"MCPAN","D1SP",-1553
15,"microbiome","D1SP",0.8446
15,"PCRA","D1SP",0.8446
15,"RoughSets","D1SP",0.8446
15,"simboot","D1SP",-1553
15,"sprex","D1SP",0.8446
15,"untb","D1SP",0.853131313131313
15,"vegan","D1SP",0.8446
15,"abdiv","DBRI",2.0080813071768
15,"ecodive","DBRI",2.0080813071768
15,"tabula","DBRI",2.0080813071768
15,"wiqid","DBRI",7.44901126276738
15,"BiodiversityR","DFIS",6.40545118
15,"ecodive","DFIS",6.405
15,"microbiome","DFIS",6.40545117602716
15,"preseqR","DFIS",8.43453967760456
15,"sads","DFIS",6.40544799060985
15,"vegan","DFIS",6.40545117602716
15,"abdiv","DINVSP",6.43500643500644
15,"adiv","DINVSP",6.43500643500644
15,"asbio","DINVSP",6.43500643500644
15,"BiodiversityR","DINVSP",6.43500644
15,"breakaway","DINVSP",6.43500643500644
15,"chemodiv","DINVSP",6.43500643500644
15,"codyn","DINVSP",6.43500643500644
15,"divseg","DINVSP",1.1554
15,"ecodive","DINVSP",6.43500643500644
15,"microbiome","DINVSP",6.43500643500644
15,"sprex","DINVSP",6.43500643500644
15,"vegan","DINVSP",6.43500643500644
15,"asbio","DLMD",23.8229394554361
15,"Compositional","DLMD",0.999958992306093
15,"sads","DLMD",1.01495467438614
15,"vegan","DLMD",5924.83452490352
15,"abdiv","DMC",0.673102147901622
15,"adiv","DMC",0.673102147901622
15,"agricolae","DMC",0.673102147901622
15,"ecodive","DMC",0.673102147901622
15,"forestHES","DMC",0.673102147901622
15,"tabula","DMC",0.673102147901622
15,"abdiv","DMG",3.69150309617764
15,"adiv","DMG",3.69150309617764
15,"agricolae","DMG",7.38300619235528
15,"ecodive","DMG",3.69150309617764
15,"tabula","DMG",3.69150309617764
15,"abdiv","DMN",1.8
15,"adiv","DMN",1.8
15,"ecodive","DMN",1.8
15,"tabula","DMN",1.8
15,"abdiv","DQ",6.68067845080676
15,"ade4","DRAO",0.8446
15,"BAT","DRAO",0.8446
15,"chemodiv","DRAO",376.628610206806
15,"diverse","DRAO",54.5997412491913
15,"SYNCSA","DRAO",0.8446
15,"abdiv","DSHA",2.24117596362769
15,"adiv","DSHA",2.24117596362769
15,"aqp","DSHA",-341.052274128951
15,"asbio","DSHA",2.24117596362769
15,"benthos","DSHA",0
15,"BiodiversityR","DSHA",2.24117596
15,"biosampleR","DSHA",1.75099521105059
15,"chemodiv","DSHA",2.24117596362769
15,"codyn","DSHA",2.24117596362769
15,"DescTools","DSHA",3.23333344848522
15,"divDyn","DSHA",2.24117596362769
15,"divent","DSHA",2.24117596362769
15,"diverse","DSHA",1.75099521105059
15,"ecodive","DSHA",2.24117596362769
15,"EconGeo","DSHA",3.233
15,"entropart","DSHA",2.52002985658993
15,"forestmangr","DSHA",3.56
15,"HardyWeinberg","DSHA",2.24117596362769
15,"iNEXT","DSHA",2.241
15,"MCPAN","DSHA",2.24117596362769
15,"microbiome","DSHA",2.24117596362769
15,"OTUtable","DSHA",2.24117596362769
15,"pgirmess","DSHA",3.23333344848522
15,"SpiecEasi","DSHA",2.24117596362769
15,"sprex","DSHA",2.24117596362769
15,"tabula","DSHA",2.24117596362769
15,"triversity","DSHA",18
15,"vegan","DSHA",2.24117596362769
15,"wavethresh","DSHA",-9340.65771929419
15,"wiqid","DSHA",6.80880330123796
15,"abdiv","DSP",0.1554
15,"agricolae","DSP",0.1554
15,"antitrust","DSP",1554
15,"benthos","DSP",0.146868686868687
15,"breakaway","DSP",0.1554
15,"concstats","DSP",0.1554
15,"DescTools","DSP",0.1554
15,"diverse","DSP",0.239630082959336
15,"divseg","DSP",1.1554
15,"EconGeo","DSP",0.1554
15,"hhi","DSP",0.1554
15,"ineq","DSP",0.1554
15,"microbiome","DSP",0.1554
15,"PDtoolkit","DSP",0.1554
15,"politics","DSP",0.1554
15,"REAT","DSP",0.1554
15,"sprex","DSP",0.1554
15,"tabula","DSP",0.1554
15,"triversity","DSP",0.1554
15,"wiqid","DSP",6.80880330123796
15,"abdiv","EBP",0.29
15,"agricolae","EBP",0.29
15,"BiodiversityR","EBP",0.29
15,"diverse","EBP",0.401162790697674
15,"dyvDyn","EBP",0.29
15,"ecodive","EBP",0.29
15,"microbiome","EBP",0.29
15,"tabula","EBP",0.29
15,"triversity","EBP",0.29
15,"wiqid","EBP",1
15,"tabula","EBRI",0.773389198592216
15,"BAT","EBU",0.522352941176471
15,"microbiome","EBU",0.522352941176471
15,"BAT","ECAM",0.930718954248366
15,"microbiome","ECAM",0.367222222222222
15,"codyn","EEQ",0.184542091125972
15,"adiv","EEVAR",0.416717727913574
15,"codyn","EEVAR",0.408088373895922
15,"microbiome","EEVAR",0.416717727913574
15,"acid","EGIN",0.788571428571429
15,"DescTools","EGIN",0.788571428571428
15,"dplR","EGIN",0.788571428571429
15,"EconGeo","EGIN",0.789
15,"giniVarCI","EGIN",0.788571428571429
15,"ineq","EGIN",0.788571428571429
15,"microbiome","EGIN",0.788571428571428
15,"REAT","EGIN",0.788571428571429
15,"shipunov","EGIN",0.788571428571428
15,"wINEQ","EGIN",0.788571428571429
15,"adiv","EGSP",0.894282352941176
15,"abdiv","EHEI",0.494375529464734
15,"adiv","EHEI",0.494375529464734
15,"benthos","EHURE",0.853131313131313
15,"BiodiversityR","EHURE",0.85313131
15,"mobr","EHURE",0.853131313131313
15,"vegan","EHURE",0.853131313131271
15,"abdiv","EMC",0.474364543619426
15,"tabula","EMC",0.79261248819727
15,"microbiome","EMN",0.5
15,"abdiv","EPIE",0.775393669518482
15,"adiv","EPIE",0.775393669518482
15,"BiodiversityR","EPIE",0.77539367
15,"breakaway","EPIE",0.775393669518482
15,"chemodiv","EPIE",0.775393669518482
15,"diverse","EPIE",0.663492676495157
15,"forestmangr","EPIE",1
15,"microbiome","EPIE",0.775393669518482
15,"OTUtable","EPIE",0.775393669518482
15,"pctax","EPIE",0.7754
15,"sprex","EPIE",0.775393669518482
15,"tabula","EPIE",0.775393669518482
15,"adiv","ESP",0.357500357500358
15,"codyn","ESP",0.357500357500358
15,"sprex","ESP",0.124509775757094
15,"tabula","ESP",0.357500357500358
15,"abdiv","EST",0.451111111111111
15,"adiv","QHIL_0",18
15,"adiv","QHIL_1",9.40438400090047
15,"adiv","QHIL_2",6.43500643500644
15,"adiv","QHIL_3",5.3132892688732
15,"BAT","QHIL_0",18
15,"BAT","QHIL_1",9.40438400090047
15,"BAT","QHIL_2",6.43500643500644
15,"BAT","QHIL_3",5.3132892688732
15,"benthos","QHIL_0",35
15,"benthos","QHIL_1",9.40438400090047
15,"benthos","QHIL_2",6.43500643500644
15,"benthos","QHIL_3",5.3132892688732
15,"breakaway","QHIL_0",18
15,"breakaway","QHIL_1",9.40438400090047
15,"breakaway","QHIL_2",6.43500643500644
15,"breakaway","QHIL_3",5.3132892688732
15,"chemodiv","QHIL_0",18
15,"chemodiv","QHIL_1",9.40438400090047
15,"chemodiv","QHIL_2",6.43500643500644
15,"chemodiv","QHIL_3",5.3132892688732
15,"divDyn","QHIL_2",6.43500643500644
15,"divent","QHIL_0",18
15,"divent","QHIL_1",9.40438400090047
15,"divent","QHIL_2",6.43500643500644
15,"divent","QHIL_3",5.3132892688732
15,"entropart","QHIL_0",18
15,"entropart","QHIL_1",9.40438400090047
15,"entropart","QHIL_2",6.43500643500644
15,"entropart","QHIL_3",5.3132892688732
15,"EntropyEstimation","QHIL_1",10.3230302955772
15,"EntropyEstimation","QHIL_2",6.80880330123797
15,"EntropyEstimation","QHIL_3",5.5979647464347
15,"extremefit","QHIL",NA
15,"hilldiv","QHIL_0",18
15,"hilldiv","QHIL_1",9.40443321813819
15,"hilldiv","QHIL_2",6.43500643500644
15,"hilldiv","QHIL_3",5.3132892688732
15,"hillR","QHIL_0",18
15,"hillR","QHIL_1",9.40438400090047
15,"hillR","QHIL_2",6.43500643500644
15,"hillR","QHIL_3",5.3132892688732
15,"sprex","QHIL_0",18
15,"sprex","QHIL_1",9.40438400090047
15,"sprex","QHIL_2",6.43500643500644
15,"sprex","QHIL_3",5.3132892688732
15,"vegan","QHIL_0",18
15,"vegan","QHIL_1",9.40438400090047
15,"vegan","QHIL_2",6.43500643500644
15,"vegan","QHIL_3",5.3132892688732
15,"adiv","QREN_0",2.89037175789616
15,"adiv","QREN_1",2.24117596362769
15,"adiv","QREN_2",1.86175284104859
15,"adiv","QREN_3",1.67021109147385
15,"BiodiversityR","QREN_0",2.89037175789616
15,"BiodiversityR","QREN_1",2.24117596362769
15,"BiodiversityR","QREN_2",1.86175284104859
15,"BiodiversityR","QREN_3",1.67021109147385
15,"diverse","QREN_0",2.63905732961526
15,"diverse","QREN_1",1.75099521105059
15,"diverse","QREN_2",1.41037872174003
15,"diverse","QREN_3",1.26533412989027
15,"EntropyEstimation","QREN_1",2.33437735024396
15,"EntropyEstimation","QREN_2",1.91821637802922
15,"EntropyEstimation","QREN_3",1.7224030935448
15,"seewave","QREN_2",0.523648555035892
15,"seewave","QREN_3",0.469774291598938
15,"sprex","QREN_0",2.89037175789616
15,"sprex","QREN_1",2.24117596362769
15,"sprex","QREN_2",1.86175284104859
15,"sprex","QREN_3",1.67021109147385
15,"statcomp","QREN_1",0.630367526573141
15,"statcomp","QREN_2",0.523648545472834
15,"statcomp","QREN_3",0.469774284426645
15,"vegan","QREN_0",2.89037175789616
15,"vegan","QREN_1",2.24117596362769
15,"vegan","QREN_2",1.86175284104859
15,"vegan","QREN_3",1.67021109147385
15,"adiv","QTSA_0",17
15,"adiv","QTSA_1",2.24117596362769
15,"adiv","QTSA_2",0.8446
15,"adiv","QTSA_3",0.482289
15,"divent","QTSA_0",17
15,"divent","QTSA_1",2.24117596362769
15,"divent","QTSA_2",0.8446
15,"divent","QTSA_3",0.482289
15,"entropart","QTSA_0",42
15,"entropart","QTSA_1",2.52002985658993
15,"entropart","QTSA_2",0.852962870447933
15,"entropart","QTSA_3",0.482903959450661
15,"EntropyEstimation","QTSA_1",2.33437735024396
15,"EntropyEstimation","QTSA_2",0.853131313131313
15,"EntropyEstimation","QTSA_3",0.48404452690167
15,"vegan","QTSA_0",17
15,"vegan","QTSA_1",2.24117596362769
15,"vegan","QTSA_2",0.8446
15,"vegan","QTSA_3",0.482289
15,"BAT","RACE",29.9419441780281
15,"ecodive","RACE",29.9419441780281
15,"fossil","RACE",21.5121951219512
15,"pctax","RACE",29.9419
15,"sprex","RACE",105.73480119403
15,"tabula","RACE",29.9419441780281
15,"vegan","RACE",29.9419441780281
15,"wiqid","RACE",29.9419441780281
15,"BiodiversityR","RBOO",18
15,"wiqid","RBOO",35
15,"BAT","RC1",36
15,"BiodiversityR","RC1",18
15,"biosampleR","RC1",19
15,"iNEXT","RC1",58.095
15,"microbiome","RC1",36
15,"pctax","RC1",36
15,"rareNMtests","RC1",18
15,"SpadeR","RC1",18
15,"SSP","RC1",17
15,"vegan","RC1",36
15,"wiqid","RC1",58.5
15,"BAT","RC1M",45
15,"divent","RC1M",58.095
15,"ecodive","RC1M",58.5
15,"entropart","RC1M",58.095
15,"fossil","RC1M",58.5
15,"mobr","RC1M",58.095
15,"OTUtable","RC1M",58.5
15,"tabula","RC1M",58.095
15,"wiqid","RC1M",58.5
15,"BAT","RCA2",35.1675119047619
15,"divDyn","RCA2",35
15,"fossil","RCA2",58.5
15,"tabula","RCA2",18
15,"wiqid","RCA2",18
15,"benthos","RHUR_2",1.85313131313127
15,"benthos","RHUR_3",2.59130488559056
15,"divent","RHUR_2",6.80877696420632
15,"divent","RHUR_3",6.99041280077468
15,"entropart","RHUR_2",1.85313131313127
15,"entropart","RHUR_3",2.59130488559056
15,"mobsim","RHUR_2",1.85313131313127
15,"mobsim","RHUR_3",2.59130488559056
15,"tabula","RHUR_2",1.85313131313172
15,"tabula","RHUR_3",2.59130488559018
15,"vegan","RHUR_2",1.85313131313127
15,"vegan","RHUR_3",2.59130488559056
15,"BAT","RICE",35.1720311828194
15,"fossil","RICE",21.5121951219512
15,"tabula","RICE",18
15,"wiqid","RICE",18
15,"BAT","RJA1",27
15,"BiodiversityR","RJA1",18
15,"divent","RJA1",42
15,"entropart","RJA1",42
15,"fossil","RJA1",26.91
15,"SSP","RJA1",17
15,"tabula","RJA1",2.13305064332512
15,"wiqid","RJA1",27
15,"BAT","RJA2",35
15,"BiodiversityR","RJA2",18
15,"fossil","RJA2",34.489898989899
15,"SSP","RJA2",17
15,"wiqid","RJA2",35
15,"wiqid","RMM",0
15,"divDyn","RSQ",30.7946737141695
15,"ecodive","RSQ",30.7946737141695
15,"tabula","RSQ",30.7946737141695
16,"abdiv","D1SP",0.842172388139016
16,"ade4","D1SP",0.842172388139016
16,"adiv","D1SP",0.842172388139016
16,"agricolae","D1SP",1
16,"asbio","D1SP",0.842172388139016
16,"BiodiversityR","D1SP",0.84217239
16,"biosampleR","D1SP",0.85230909922268
16,"breakaway","D1SP",0.842172388139016
16,"catsim","D1SP",0.695510204081633
16,"concstats","D1SP",0.975230223878264
16,"CUB","D1SP",0.866942164260752
16,"DescTools","D1SP",0.842172388139016
16,"divent","D1SP",0.842172388139016
16,"diverse","D1SP",0.85230909922268
16,"ecodive","D1SP",0.842172388139016
16,"entropart","D1SP",0.842172388139016
16,"lawstat","D1SP",0.804123711340206
16,"MCPAN","D1SP",-1484
16,"microbiome","D1SP",0.842172388139016
16,"PCRA","D1SP",0.842172388139016
16,"RoughSets","D1SP",0.842172388139016
16,"simboot","D1SP",-1484
16,"sprex","D1SP",0.842172388139016
16,"untb","D1SP",0.850945017182131
16,"vegan","D1SP",0.842172388139016
16,"abdiv","DBRI",2.02699459768715
16,"ecodive","DBRI",2.02699459768715
16,"tabula","DBRI",2.02699459768715
16,"wiqid","DBRI",7.59123731850488
16,"BiodiversityR","DFIS",5.96962806
16,"ecodive","DFIS",5.97
16,"microbiome","DFIS",5.9696280622833
16,"preseqR","DFIS",7.56739080881676
16,"sads","DFIS",5.96962534475573
16,"vegan","DFIS",5.9696280622833
16,"abdiv","DINVSP",6.33602693602694
16,"adiv","DINVSP",6.33602693602694
16,"asbio","DINVSP",6.33602693602694
16,"BiodiversityR","DINVSP",6.33602694
16,"breakaway","DINVSP",6.33602693602694
16,"chemodiv","DINVSP",6.33602693602694
16,"codyn","DINVSP",6.33602693602694
16,"divseg","DINVSP",1.15782761186098
16,"ecodive","DINVSP",6.33602693602694
16,"microbiome","DINVSP",6.33602693602694
16,"sprex","DINVSP",6.33602693602694
16,"vegan","DINVSP",6.33602693602694
16,"asbio","DLMD",32.5139346184954
16,"Compositional","DLMD",0.999958992306093
16,"sads","DLMD",1.20786812953117
16,"vegan","DLMD",18.5231073160812
16,"abdiv","DMC",0.670838049730225
16,"adiv","DMC",0.670838049730225
16,"agricolae","DMC",0.670838049730225
16,"ecodive","DMC",0.670838049730225
16,"forestHES","DMC",0.670838049730225
16,"tabula","DMC",0.670838049730225
16,"abdiv","DMG",3.49748871025605
16,"adiv","DMG",3.49748871025605
16,"agricolae","DMG",7.43216350929411
16,"ecodive","DMG",3.49748871025605
16,"tabula","DMG",3.49748871025605
16,"abdiv","DMN",1.72608848072715
16,"adiv","DMN",1.72608848072715
16,"ecodive","DMN",1.72608848072715
16,"tabula","DMN",1.72608848072715
16,"abdiv","DQ",6.68067845080676
16,"ade4","DRAO",0.842172388139016
16,"BAT","DRAO",0.842172388139015
16,"chemodiv","DRAO",121.321773720637
16,"diverse","DRAO",113.973844923862
16,"SYNCSA","DRAO",0.842172388139016
16,"abdiv","DSHA",2.26693887322499
16,"adiv","DSHA",2.26693887322499
16,"aqp","DSHA",-322.952903063341
16,"asbio","DSHA",2.26693887322499
16,"benthos","DSHA",0
16,"BiodiversityR","DSHA",2.26693887
16,"biosampleR","DSHA",2.22923289456105
16,"chemodiv","DSHA",2.26693887322499
16,"codyn","DSHA",2.26693887322499
16,"DescTools","DSHA",3.27050147040011
16,"divDyn","DSHA",2.26693887322499
16,"divent","DSHA",2.26693887322499
16,"diverse","DSHA",2.22923289456105
16,"ecodive","DSHA",2.26693887322499
16,"EconGeo","DSHA",3.271
16,"entropart","DSHA",2.36631905696717
16,"forestmangr","DSHA",3.56
16,"HardyWeinberg","DSHA",2.26693887322499
16,"iNEXT","DSHA",2.267
16,"MCPAN","DSHA",2.26693887322499
16,"microbiome","DSHA",2.26693887322499
16,"OTUtable","DSHA",2.26693887322499
16,"pgirmess","DSHA",3.27050147040011
16,"SpiecEasi","DSHA",2.26693887322499
16,"sprex","DSHA",2.26693887322499
16,"tabula","DSHA",2.26693887322499
16,"triversity","DSHA",17
16,"vegan","DSHA",2.26693887322499
16,"wavethresh","DSHA",-9001.43747010909
16,"wiqid","DSHA",6.70893371757925
16,"abdiv","DSP",0.157827611860984
16,"agricolae","DSP",0.157827611860984
16,"antitrust","DSP",1578.27611860984
16,"benthos","DSP",0.149054982817869
16,"breakaway","DSP",0.157827611860984
16,"concstats","DSP",0.157827611860984
16,"DescTools","DSP",0.157827611860984
16,"diverse","DSP",0.137037037037037
16,"divseg","DSP",1.15782761186098
16,"EconGeo","DSP",0.157827611860984
16,"hhi","DSP",0.157827611860984
16,"ineq","DSP",0.157827611860984
16,"microbiome","DSP",0.157827611860984
16,"PDtoolkit","DSP",0.157827611860984
16,"politics","DSP",0.157827611860984
16,"REAT","DSP",0.157827611860984
16,"sprex","DSP",0.157827611860984
16,"tabula","DSP",0.157827611860984
16,"triversity","DSP",0.157827611860984
16,"wiqid","DSP",6.70893371757925
16,"abdiv","EBP",0.309278350515464
16,"agricolae","EBP",0.309278350515464
16,"BiodiversityR","EBP",0.30927835
16,"diverse","EBP",0.246913580246914
16,"dyvDyn","EBP",0.309278350515464
16,"ecodive","EBP",0.309278350515464
16,"microbiome","EBP",0.309278350515464
16,"tabula","EBP",0.309278350515464
16,"triversity","EBP",0.309278350515464
16,"wiqid","EBP",1
16,"tabula","EBRI",0.795814716159965
16,"BAT","EBU",0.545747422680412
16,"microbiome","EBU",0.545747422680412
16,"BAT","ECAM",0.931322013341419
16,"microbiome","ECAM",0.404487568223166
16,"codyn","EEQ",0.188259842500427
16,"adiv","EEVAR",0.532025155444845
16,"codyn","EEVAR",0.521991408429741
16,"microbiome","EEVAR",0.532025155444845
16,"acid","EGIN",0.781148748159057
16,"DescTools","EGIN",0.781148748159057
16,"dplR","EGIN",0.781148748159057
16,"EconGeo","EGIN",0.781
16,"giniVarCI","EGIN",0.781148748159057
16,"ineq","EGIN",0.781148748159058
16,"microbiome","EGIN",0.781148748159057
16,"REAT","EGIN",0.781148748159057
16,"shipunov","EGIN",0.781148748159057
16,"wINEQ","EGIN",0.781148748159057
16,"adiv","EGSP",0.894808162397704
16,"abdiv","EHEI",0.54061351532716
16,"adiv","EHEI",0.54061351532716
16,"benthos","EHURE",0.850945017182131
16,"BiodiversityR","EHURE",0.85094502
16,"mobr","EHURE",0.850945017182131
16,"vegan","EHURE",0.850945017182129
16,"abdiv","EMC",0.475170319888079
16,"tabula","EMC",0.795713680444979
16,"microbiome","EMN",0.505154639175258
16,"abdiv","EPIE",0.800129957731841
16,"adiv","EPIE",0.800129957731841
16,"BiodiversityR","EPIE",0.80012996
16,"breakaway","EPIE",0.800129957731841
16,"chemodiv","EPIE",0.800129957731841
16,"diverse","EPIE",0.823187433399028
16,"forestmangr","EPIE",1
16,"microbiome","EPIE",0.800129957731841
16,"OTUtable","EPIE",0.800129957731841
16,"pctax","EPIE",0.8001
16,"sprex","EPIE",0.800129957731841
16,"tabula","EPIE",0.800129957731841
16,"adiv","ESP",0.372707466825114
16,"codyn","ESP",0.372707466825114
16,"sprex","ESP",0.133349345483823
16,"tabula","ESP",0.372707466825114
16,"abdiv","EST",0.427531837477259
16,"adiv","QHIL_0",17
16,"adiv","QHIL_1",9.64981624523456
16,"adiv","QHIL_2",6.33602693602694
16,"adiv","QHIL_3",5.09349467415833
16,"BAT","QHIL_0",17
16,"BAT","QHIL_1",9.64981624523456
16,"BAT","QHIL_2",6.33602693602694
16,"BAT","QHIL_3",5.09349467415833
16,"benthos","QHIL_0",35
16,"benthos","QHIL_1",9.64981624523456
16,"benthos","QHIL_2",6.33602693602694
16,"benthos","QHIL_3",5.09349467415833
16,"breakaway","QHIL_0",17
16,"breakaway","QHIL_1",9.64981624523456
16,"breakaway","QHIL_2",6.33602693602694
16,"breakaway","QHIL_3",5.09349467415833
16,"chemodiv","QHIL_0",17
16,"chemodiv","QHIL_1",9.64981624523456
16,"chemodiv","QHIL_2",6.33602693602694
16,"chemodiv","QHIL_3",5.09349467415833
16,"divDyn","QHIL_2",6.33602693602694
16,"divent","QHIL_0",17
16,"divent","QHIL_1",9.64981624523456
16,"divent","QHIL_2",6.33602693602694
16,"divent","QHIL_3",5.09349467415833
16,"entropart","QHIL_0",17
16,"entropart","QHIL_1",9.64981624523456
16,"entropart","QHIL_2",6.33602693602694
16,"entropart","QHIL_3",5.09349467415833
16,"EntropyEstimation","QHIL_1",10.5419139343776
16,"EntropyEstimation","QHIL_2",6.70893371757925
16,"EntropyEstimation","QHIL_3",5.34906148421256
16,"extremefit","QHIL",NA
16,"hilldiv","QHIL_0",17
16,"hilldiv","QHIL_1",9.64986804840274
16,"hilldiv","QHIL_2",6.33602693602694
16,"hilldiv","QHIL_3",5.09349467415833
16,"hillR","QHIL_0",17
16,"hillR","QHIL_1",9.64981624523456
16,"hillR","QHIL_2",6.33602693602694
16,"hillR","QHIL_3",5.09349467415833
16,"sprex","QHIL_0",17
16,"sprex","QHIL_1",9.64981624523456
16,"sprex","QHIL_2",6.33602693602694
16,"sprex","QHIL_3",5.09349467415833
16,"vegan","QHIL_0",17
16,"vegan","QHIL_1",9.64981624523456
16,"vegan","QHIL_2",6.33602693602694
16,"vegan","QHIL_3",5.09349467415833
16,"adiv","QREN_0",2.83321334405622
16,"adiv","QREN_1",2.26693887322499
16,"adiv","QREN_2",1.84625190576997
16,"adiv","QREN_3",1.62796417143211
16,"BiodiversityR","QREN_0",2.83321334405622
16,"BiodiversityR","QREN_1",2.26693887322499
16,"BiodiversityR","QREN_2",1.84625190576997
16,"BiodiversityR","QREN_3",1.62796417143211
16,"diverse","QREN_0",2.70805020110221
16,"diverse","QREN_1",2.22923289456105
16,"diverse","QREN_2",1.91263369745411
16,"diverse","QREN_3",1.74612449994877
16,"EntropyEstimation","QREN_1",2.35535911433002
16,"EntropyEstimation","QREN_2",1.90344002890447
16,"EntropyEstimation","QREN_3",1.67692112200774
16,"seewave","QREN_2",0.51928866343115
16,"seewave","QREN_3",0.457891652550375
16,"sprex","QREN_0",2.83321334405622
16,"sprex","QREN_1",2.26693887322499
16,"sprex","QREN_2",1.84625190576997
16,"sprex","QREN_3",1.62796417143211
16,"statcomp","QREN_1",0.637613767771395
16,"statcomp","QREN_2",0.519288652992396
16,"statcomp","QREN_3",0.45789164472131
16,"vegan","QREN_0",2.83321334405622
16,"vegan","QREN_1",2.26693887322499
16,"vegan","QREN_2",1.84625190576997
16,"vegan","QREN_3",1.62796417143211
16,"adiv","QTSA_0",16
16,"adiv","QTSA_1",2.26693887322499
16,"adiv","QTSA_2",0.842172388139016
16,"adiv","QTSA_3",0.480727489473229
16,"divent","QTSA_0",16
16,"divent","QTSA_1",2.26693887322499
16,"divent","QTSA_2",0.842172388139016
16,"divent","QTSA_3",0.480727489473229
16,"entropart","QTSA_0",19
16,"entropart","QTSA_1",2.36631905696717
16,"entropart","QTSA_2",0.85115895485342
16,"entropart","QTSA_3",0.482400926626245
16,"EntropyEstimation","QTSA_1",2.35535911433002
16,"EntropyEstimation","QTSA_2",0.850945017182131
16,"EntropyEstimation","QTSA_3",0.48252509495388
16,"vegan","QTSA_0",16
16,"vegan","QTSA_1",2.26693887322499
16,"vegan","QTSA_2",0.842172388139016
16,"vegan","QTSA_3",0.480727489473229
16,"BAT","RACE",18.7943262411348
16,"ecodive","RACE",18.7943262411348
16,"fossil","RACE",18
16,"pctax","RACE",18.7943
16,"sprex","RACE",103.894442931707
16,"tabula","RACE",18.7943262411348
16,"vegan","RACE",18.7943262411348
16,"wiqid","RACE",18.7943262411348
16,"BiodiversityR","RBOO",17
16,"wiqid","RBOO",35
16,"BAT","RC1",17.5
16,"BiodiversityR","RC1",17
16,"biosampleR","RC1",17
16,"iNEXT","RC1",17.891
16,"microbiome","RC1",17.5
16,"pctax","RC1",17.5
16,"rareNMtests","RC1",17
16,"SpadeR","RC1",17
16,"SSP","RC1",16
16,"vegan","RC1",17.5
16,"wiqid","RC1",17.9
16,"BAT","RC1M",18.0449826989619
16,"divent","RC1M",17.8907216494845
16,"ecodive","RC1M",17.9
16,"entropart","RC1M",17.8907216494845
16,"fossil","RC1M",17.9
16,"mobr","RC1M",17.8907216494845
16,"OTUtable","RC1M",17.9
16,"tabula","RC1M",17.8907216494845
16,"wiqid","RC1M",17.9
16,"BAT","RCA2",35.1057619047619
16,"divDyn","RCA2",17.4705882352941
16,"fossil","RCA2",17.9
16,"tabula","RCA2",17
16,"wiqid","RCA2",17
16,"benthos","RHUR_2",1.85094501718213
16,"benthos","RHUR_3",2.58778486163862
16,"divent","RHUR_2",6.70890865917534
16,"divent","RHUR_3",6.92757246489695
16,"entropart","RHUR_2",1.85094501718213
16,"entropart","RHUR_3",2.58778486163862
16,"mobsim","RHUR_2",1.85094501718213
16,"mobsim","RHUR_3",2.58778486163862
16,"tabula","RHUR_2",1.85094501718347
16,"tabula","RHUR_3",2.58778486163969
16,"vegan","RHUR_2",1.85094501718213
16,"vegan","RHUR_3",2.58778486163862
16,"BAT","RICE",35.0499701922317
16,"fossil","RICE",18
16,"tabula","RICE",17
16,"wiqid","RICE",17
16,"BAT","RJA1",20
16,"BiodiversityR","RJA1",17
16,"divent","RJA1",20
16,"entropart","RJA1",20
16,"fossil","RJA1",19.9690721649485
16,"SSP","RJA1",16
16,"tabula","RJA1",2.16034016884938
16,"wiqid","RJA1",20
16,"BAT","RJA2",18
16,"BiodiversityR","RJA2",17
16,"fossil","RJA2",17.9685352233677
16,"SSP","RJA2",16
16,"wiqid","RJA2",18
16,"wiqid","RMM",0
16,"divDyn","RSQ",18.4281897841419
16,"ecodive","RSQ",18.4281897841419
16,"tabula","RSQ",18.4281897841419
17,"abdiv","D1SP",0.785925925925926
17,"ade4","D1SP",0.785925925925926
17,"adiv","D1SP",0.785925925925926
17,"agricolae","D1SP",1
17,"asbio","D1SP",0.785925925925926
17,"BiodiversityR","D1SP",0.78592593
17,"biosampleR","D1SP",0.828125
17,"breakaway","D1SP",0.785925925925926
17,"catsim","D1SP",0.604081632653061
17,"concstats","D1SP",0.976884531590414
17,"CUB","D1SP",0.809041394335512
17,"DescTools","D1SP",0.785925925925926
17,"divent","D1SP",0.785925925925926
17,"diverse","D1SP",0.828125
17,"ecodive","D1SP",0.785925925925926
17,"entropart","D1SP",0.785925925925926
17,"lawstat","D1SP",0.873856209150327
17,"MCPAN","D1SP",-1733
17,"microbiome","D1SP",0.785925925925926
17,"PCRA","D1SP",0.785925925925926
17,"RoughSets","D1SP",0.785925925925926
17,"simboot","D1SP",-1733
17,"sprex","D1SP",0.785925925925926
17,"untb","D1SP",0.794756554307116
17,"vegan","D1SP",0.785925925925926
17,"abdiv","DBRI",1.7112119025387
17,"ecodive","DBRI",1.7112119025387
17,"tabula","DBRI",1.7112119025387
17,"wiqid","DBRI",5.53566610193011
17,"BiodiversityR","DFIS",4.64422218
17,"ecodive","DFIS",4.644
17,"microbiome","DFIS",4.6442221802933
17,"preseqR","DFIS",9.48219272106296
17,"sads","DFIS",4.6442162661111
17,"vegan","DFIS",4.6442221802933
17,"abdiv","DINVSP",4.67128027681661
17,"adiv","DINVSP",4.67128027681661
17,"asbio","DINVSP",4.67128027681661
17,"BiodiversityR","DINVSP",4.67128028
17,"breakaway","DINVSP",4.67128027681661
17,"chemodiv","DINVSP",4.67128027681661
17,"codyn","DINVSP",4.67128027681661
17,"divseg","DINVSP",1.21407407407407
17,"ecodive","DINVSP",4.67128027681661
17,"microbiome","DINVSP",4.67128027681661
17,"sprex","DINVSP",4.67128027681661
17,"vegan","DINVSP",4.67128027681661
17,"asbio","DLMD",21.244565344774
17,"Compositional","DLMD",0.999958992306093
17,"sads","DLMD",1.09165402157855
17,"vegan","DLMD",23.5450337684949
17,"abdiv","DMC",0.600630631769544
17,"adiv","DMC",0.600630631769544
17,"agricolae","DMC",0.600630631769544
17,"ecodive","DMC",0.600630631769544
17,"forestHES","DMC",0.600630631769544
17,"tabula","DMC",0.600630631769544
17,"abdiv","DMG",2.88901108100554
17,"adiv","DMG",2.88901108100554
17,"agricolae","DMG",7.55587513493755
17,"ecodive","DMG",2.88901108100554
17,"tabula","DMG",2.88901108100554
17,"abdiv","DMN",1.47572957474524
17,"adiv","DMN",1.47572957474524
17,"ecodive","DMN",1.47572957474524
17,"tabula","DMN",1.47572957474524
17,"abdiv","DQ",0
17,"ade4","DRAO",0.785925925925926
17,"BAT","DRAO",0.785925925925925
17,"chemodiv","DRAO",102.284345139112
17,"diverse","DRAO",54.4568984386406
17,"SYNCSA","DRAO",0.785925925925926
17,"abdiv","DSHA",1.91061528727681
17,"adiv","DSHA",1.91061528727681
17,"aqp","DSHA",-336.187610669589
17,"asbio","DSHA",1.91061528727681
17,"benthos","DSHA",0
17,"BiodiversityR","DSHA",1.91061529
17,"biosampleR","DSHA",2.05622663798673
17,"chemodiv","DSHA",1.91061528727681
17,"codyn","DSHA",1.91061528727681
17,"DescTools","DSHA",2.7564352000009
17,"divDyn","DSHA",1.91061528727681
17,"divent","DSHA",1.91061528727681
17,"diverse","DSHA",2.05622663798673
17,"ecodive","DSHA",1.91061528727681
17,"EconGeo","DSHA",2.756
17,"entropart","DSHA",2.03419119191963
17,"forestmangr","DSHA",3.56
17,"HardyWeinberg","DSHA",1.91061528727681
17,"iNEXT","DSHA",1.911
17,"MCPAN","DSHA",1.91061528727681
17,"microbiome","DSHA",1.91061528727681
17,"OTUtable","DSHA",1.91061528727681
17,"pgirmess","DSHA",2.7564352000009
17,"SpiecEasi","DSHA",1.91061528727681
17,"sprex","DSHA",1.91061528727681
17,"tabula","DSHA",1.91061528727681
17,"triversity","DSHA",14
17,"vegan","DSHA",1.91061528727681
17,"wavethresh","DSHA",-11029.3277573637
17,"wiqid","DSHA",4.87226277372263
17,"abdiv","DSP",0.214074074074074
17,"agricolae","DSP",0.214074074074074
17,"antitrust","DSP",2140.74074074074
17,"benthos","DSP",0.205243445692884
17,"breakaway","DSP",0.214074074074074
17,"concstats","DSP",0.214074074074074
17,"DescTools","DSP",0.214074074074074
17,"diverse","DSP",0.161392405063291
17,"divseg","DSP",1.21407407407407
17,"EconGeo","DSP",0.214074074074074
17,"hhi","DSP",0.214074074074074
17,"ineq","DSP",0.214074074074074
17,"microbiome","DSP",0.214074074074074
17,"PDtoolkit","DSP",0.214074074074074
17,"politics","DSP",0.214074074074074
17,"REAT","DSP",0.214074074074074
17,"sprex","DSP",0.214074074074074
17,"tabula","DSP",0.214074074074074
17,"triversity","DSP",0.214074074074074
17,"wiqid","DSP",4.87226277372263
17,"abdiv","EBP",0.344444444444444
17,"agricolae","EBP",0.344444444444444
17,"BiodiversityR","EBP",0.34444444
17,"diverse","EBP",0.275
17,"dyvDyn","EBP",0.344444444444444
17,"ecodive","EBP",0.344444444444444
17,"microbiome","EBP",0.344444444444444
17,"tabula","EBP",0.344444444444444
17,"triversity","EBP",0.344444444444444
17,"wiqid","EBP",1
17,"tabula","EBRI",0.718434254335122
17,"BAT","EBU",0.434188034188034
17,"microbiome","EBU",0.434188034188034
17,"BAT","ECAM",0.904273504273504
17,"microbiome","ECAM",0.581746031746032
17,"codyn","EEQ",0.168101946967804
17,"adiv","EEVAR",0.408806704440408
17,"codyn","EEVAR",0.395121506111321
17,"microbiome","EEVAR",0.408806704440408
17,"acid","EGIN",0.848888888888889
17,"DescTools","EGIN",0.848888888888889
17,"dplR","EGIN",0.848888888888889
17,"EconGeo","EGIN",0.849
17,"giniVarCI","EGIN",0.848888888888889
17,"ineq","EGIN",0.848888888888889
17,"microbiome","EGIN",0.848888888888889
17,"REAT","EGIN",0.848888888888889
17,"shipunov","EGIN",0.848888888888889
17,"wINEQ","EGIN",0.848888888888889
17,"adiv","EGSP",0.846381766381766
17,"abdiv","EHEI",0.442865012822871
17,"adiv","EHEI",0.442865012822871
17,"benthos","EHURE",0.794756554307116
17,"BiodiversityR","EHURE",0.79475655
17,"mobr","EHURE",0.794756554307116
17,"vegan","EHURE",0.794756554307137
17,"abdiv","EMC",0.54020453136926
17,"tabula","EMC",0.733301737092957
17,"microbiome","EMN",0.611111111111111
17,"abdiv","EPIE",0.723976423640391
17,"adiv","EPIE",0.723976423640391
17,"BiodiversityR","EPIE",0.72397642
17,"breakaway","EPIE",0.723976423640391
17,"chemodiv","EPIE",0.723976423640391
17,"diverse","EPIE",0.801663639870739
17,"forestmangr","EPIE",1
17,"microbiome","EPIE",0.723976423640391
17,"OTUtable","EPIE",0.723976423640391
17,"pctax","EPIE",0.724
17,"sprex","EPIE",0.723976423640391
17,"tabula","EPIE",0.723976423640391
17,"adiv","ESP",0.333662876915472
17,"codyn","ESP",0.333662876915472
17,"sprex","ESP",0.136472520519772
17,"tabula","ESP",0.333662876915472
17,"abdiv","EST",0.525396825396825
17,"adiv","QHIL_0",14
17,"adiv","QHIL_1",6.75724516669732
17,"adiv","QHIL_2",4.67128027681661
17,"adiv","QHIL_3",4.01796391415021
17,"BAT","QHIL_0",14
17,"BAT","QHIL_1",6.75724516669732
17,"BAT","QHIL_2",4.67128027681661
17,"BAT","QHIL_3",4.01796391415021
17,"benthos","QHIL_0",35
17,"benthos","QHIL_1",6.75724516669732
17,"benthos","QHIL_2",4.67128027681661
17,"benthos","QHIL_3",4.01796391415021
17,"breakaway","QHIL_0",14
17,"breakaway","QHIL_1",6.75724516669732
17,"breakaway","QHIL_2",4.67128027681661
17,"breakaway","QHIL_3",4.01796391415021
17,"chemodiv","QHIL_0",14
17,"chemodiv","QHIL_1",6.75724516669732
17,"chemodiv","QHIL_2",4.67128027681661
17,"chemodiv","QHIL_3",4.01796391415021
17,"divDyn","QHIL_2",4.67128027681661
17,"divent","QHIL_0",14
17,"divent","QHIL_1",6.75724516669732
17,"divent","QHIL_2",4.67128027681661
17,"divent","QHIL_3",4.01796391415021
17,"entropart","QHIL_0",14
17,"entropart","QHIL_1",6.75724516669732
17,"entropart","QHIL_2",4.67128027681661
17,"entropart","QHIL_3",4.01796391415021
17,"EntropyEstimation","QHIL_1",7.31084749919263
17,"EntropyEstimation","QHIL_2",4.87226277372263
17,"EntropyEstimation","QHIL_3",4.19084280337514
17,"extremefit","QHIL",NA
17,"hilldiv","QHIL_0",14
17,"hilldiv","QHIL_1",6.75728331991315
17,"hilldiv","QHIL_2",4.67128027681661
17,"hilldiv","QHIL_3",4.01796391415021
17,"hillR","QHIL_0",14
17,"hillR","QHIL_1",6.75724516669732
17,"hillR","QHIL_2",4.67128027681661
17,"hillR","QHIL_3",4.01796391415021
17,"sprex","QHIL_0",14
17,"sprex","QHIL_1",6.75724516669732
17,"sprex","QHIL_2",4.67128027681661
17,"sprex","QHIL_3",4.01796391415021
17,"vegan","QHIL_0",14
17,"vegan","QHIL_1",6.75724516669732
17,"vegan","QHIL_2",4.67128027681661
17,"vegan","QHIL_3",4.01796391415021
17,"adiv","QREN_0",2.63905732961526
17,"adiv","QREN_1",1.91061528727681
17,"adiv","QREN_2",1.54143318332004
17,"adiv","QREN_3",1.39077528530468
17,"BiodiversityR","QREN_0",2.63905732961526
17,"BiodiversityR","QREN_1",1.91061528727681
17,"BiodiversityR","QREN_2",1.54143318332004
17,"BiodiversityR","QREN_3",1.39077528530468
17,"diverse","QREN_0",2.56494935746154
17,"diverse","QREN_1",2.05622663798673
17,"diverse","QREN_2",1.7609878105613
17,"diverse","QREN_3",1.62084637812134
17,"EntropyEstimation","QREN_1",1.98935920400357
17,"EntropyEstimation","QREN_2",1.58355846444628
17,"EntropyEstimation","QREN_3",1.43290186009707
17,"seewave","QREN_2",0.433553397115491
17,"seewave","QREN_3",0.391178387109039
17,"sprex","QREN_0",2.63905732961526
17,"sprex","QREN_1",1.91061528727681
17,"sprex","QREN_2",1.54143318332004
17,"sprex","QREN_3",1.39077528530468
17,"statcomp","QREN_1",0.537391910505779
17,"statcomp","QREN_2",0.433553383989725
17,"statcomp","QREN_3",0.391178377264715
17,"vegan","QREN_0",2.63905732961526
17,"vegan","QREN_1",1.91061528727681
17,"vegan","QREN_2",1.54143318332004
17,"vegan","QREN_3",1.39077528530468
17,"adiv","QTSA_0",13
17,"adiv","QTSA_1",1.91061528727681
17,"adiv","QTSA_2",0.785925925925926
17,"adiv","QTSA_3",0.469028806584362
17,"divent","QTSA_0",13
17,"divent","QTSA_1",1.91061528727681
17,"divent","QTSA_2",0.785925925925926
17,"divent","QTSA_3",0.469028806584362
17,"entropart","QTSA_0",18
17,"entropart","QTSA_1",2.03419119191963
17,"entropart","QTSA_2",0.794618193645522
17,"entropart","QTSA_3",0.470440090787852
17,"EntropyEstimation","QTSA_1",1.98935920400357
17,"EntropyEstimation","QTSA_2",0.794756554307116
17,"EntropyEstimation","QTSA_3",0.471531324480763
17,"vegan","QTSA_0",13
17,"vegan","QTSA_1",1.91061528727681
17,"vegan","QTSA_2",0.785925925925926
17,"vegan","QTSA_3",0.469028806584362
17,"BAT","RACE",21.2843137254902
17,"ecodive","RACE",21.2843137254902
17,"fossil","RACE",16
17,"pctax","RACE",21.2843
17,"sprex","RACE",103.689249046785
17,"tabula","RACE",21.2843137254902
17,"vegan","RACE",21.2843137254902
17,"wiqid","RACE",21.2843137254902
17,"BiodiversityR","RBOO",14
17,"wiqid","RBOO",35
17,"BAT","RC1",16.5
17,"BiodiversityR","RC1",14
17,"biosampleR","RC1",19
17,"iNEXT","RC1",18.12
17,"microbiome","RC1",16.5
17,"pctax","RC1",16.5
17,"rareNMtests","RC1",14
17,"SpadeR","RC1",14
17,"SSP","RC1",13
17,"vegan","RC1",16.5
17,"wiqid","RC1",18.1666666666667
17,"BAT","RC1M",18.6045918367347
17,"divent","RC1M",18.1203703703704
17,"ecodive","RC1M",18.1666666666667
17,"entropart","RC1M",18.1203703703704
17,"fossil","RC1M",18.1666666666667
17,"mobr","RC1M",18.1203703703704
17,"OTUtable","RC1M",18.1666666666667
17,"tabula","RC1M",18.1203703703704
17,"wiqid","RC1M",18.1666666666667
17,"BAT","RCA2",35.24
17,"divDyn","RCA2",16.3214285714286
17,"fossil","RCA2",18.1666666666667
17,"tabula","RCA2",14
17,"wiqid","RCA2",14
17,"benthos","RHUR_2",1.79475655430714
17,"benthos","RHUR_3",2.44120701395985
17,"divent","RHUR_2",4.87226254108946
17,"divent","RHUR_3",5.01163196447031
17,"entropart","RHUR_2",1.79475655430713
17,"entropart","RHUR_3",2.44120701395985
17,"mobsim","RHUR_2",1.79475655430714
17,"mobsim","RHUR_3",2.44120701395985
17,"tabula","RHUR_2",1.79475655430715
17,"tabula","RHUR_3",2.44120701395946
17,"vegan","RHUR_2",1.79475655430714
17,"vegan","RHUR_3",2.44120701395985
17,"BAT","RICE",35.0461448548899
17,"fossil","RICE",16
17,"tabula","RICE",14
17,"wiqid","RICE",14
17,"BAT","RJA1",19
17,"BiodiversityR","RJA1",14
17,"divent","RJA1",19
17,"entropart","RJA1",19
17,"fossil","RJA1",18.9444444444444
17,"SSP","RJA1",13
17,"tabula","RJA1",1.76170257098374
17,"wiqid","RJA1",19
17,"BAT","RJA2",21
17,"BiodiversityR","RJA2",14
17,"fossil","RJA2",20.7662921348315
17,"SSP","RJA2",13
17,"wiqid","RJA2",21
17,"wiqid","RMM",0
17,"divDyn","RSQ",19.3985056039851
17,"ecodive","RSQ",19.3985056039851
17,"tabula","RSQ",19.3985056039851
18,"abdiv","D1SP",0.861103131284114
18,"ade4","D1SP",0.861103131284114
18,"adiv","D1SP",0.861103131284114
18,"agricolae","D1SP",1
18,"asbio","D1SP",0.861103131284114
18,"BiodiversityR","D1SP",0.86110313
18,"biosampleR","D1SP",0.808116861656421
18,"breakaway","D1SP",0.861103131284114
18,"catsim","D1SP",0.724897959183674
18,"concstats","D1SP",0.974673437315173
18,"CUB","D1SP",0.886429693968941
18,"DescTools","D1SP",0.861103131284114
18,"divent","D1SP",0.861103131284114
18,"diverse","D1SP",0.808116861656421
18,"ecodive","D1SP",0.861103131284114
18,"entropart","D1SP",0.861103131284114
18,"lawstat","D1SP",0.799601196410768
18,"MCPAN","D1SP",-1933
18,"microbiome","D1SP",0.861103131284114
18,"PCRA","D1SP",0.861103131284114
18,"RoughSets","D1SP",0.861103131284114
18,"simboot","D1SP",-1933
18,"sprex","D1SP",0.861103131284114
18,"untb","D1SP",0.868462987107055
18,"vegan","D1SP",0.861103131284114
18,"abdiv","DBRI",2.10948090357199
18,"ecodive","DBRI",2.10948090357199
18,"tabula","DBRI",2.10948090357199
18,"wiqid","DBRI",8.2439607631363
18,"BiodiversityR","DFIS",5.91784927
18,"ecodive","DFIS",5.918
18,"microbiome","DFIS",5.91784926994105
18,"preseqR","DFIS",7.44901864399976
18,"sads","DFIS",5.91784874402066
18,"vegan","DFIS",5.91784926994105
18,"abdiv","DINVSP",7.19958634953464
18,"adiv","DINVSP",7.19958634953464
18,"asbio","DINVSP",7.19958634953464
18,"BiodiversityR","DINVSP",7.19958635
18,"breakaway","DINVSP",7.19958634953464
18,"chemodiv","DINVSP",7.19958634953464
18,"codyn","DINVSP",7.19958634953464
18,"divseg","DINVSP",1.13889686871589
18,"ecodive","DINVSP",7.19958634953464
18,"microbiome","DINVSP",7.19958634953464
18,"sprex","DINVSP",7.19958634953464
18,"vegan","DINVSP",7.19958634953464
18,"asbio","DLMD",35.0644972818793
18,"Compositional","DLMD",0.999958992306093
18,"sads","DLMD",1.28240018739003
18,"vegan","DLMD",20.7111304789159
18,"abdiv","DMC",0.690915197209575
18,"adiv","DMC",0.690915197209575
18,"agricolae","DMC",0.690915197209575
18,"ecodive","DMC",0.690915197209575
18,"forestHES","DMC",0.690915197209575
18,"tabula","DMC",0.690915197209575
18,"abdiv","DMG",3.56342985088939
18,"adiv","DMG",3.56342985088939
18,"agricolae","DMG",7.12685970177878
18,"ecodive","DMG",3.56342985088939
18,"tabula","DMG",3.56342985088939
18,"abdiv","DMN",1.65703431221698
18,"adiv","DMN",1.65703431221698
18,"ecodive","DMN",1.65703431221698
18,"tabula","DMN",1.65703431221698
18,"abdiv","DQ",5.64582826474227
18,"ade4","DRAO",0.861103131284114
18,"BAT","DRAO",0.861103131284113
18,"chemodiv","DRAO",151.107244650876
18,"diverse","DRAO",55.4946021569485
18,"SYNCSA","DRAO",0.861103131284114
18,"abdiv","DSHA",2.32484210153417
18,"adiv","DSHA",2.32484210153417
18,"aqp","DSHA",-416.375375678176
18,"asbio","DSHA",2.32484210153417
18,"benthos","DSHA",0
18,"BiodiversityR","DSHA",2.3248421
18,"biosampleR","DSHA",2.05845264623166
18,"chemodiv","DSHA",2.32484210153417
18,"codyn","DSHA",2.32484210153417
18,"DescTools","DSHA",3.35403817073323
18,"divDyn","DSHA",2.32484210153417
18,"divent","DSHA",2.32484210153417
18,"diverse","DSHA",2.05845264623166
18,"ecodive","DSHA",2.32484210153417
18,"EconGeo","DSHA",3.354
18,"entropart","DSHA",2.4169121326656
18,"forestmangr","DSHA",3.56
18,"HardyWeinberg","DSHA",2.32484210153417
18,"iNEXT","DSHA",2.325
18,"MCPAN","DSHA",2.32484210153417
18,"microbiome","DSHA",2.32484210153417
18,"OTUtable","DSHA",2.32484210153417
18,"pgirmess","DSHA",3.35403817073323
18,"SpiecEasi","DSHA",2.32484210153417
18,"sprex","DSHA",2.32484210153417
18,"tabula","DSHA",2.32484210153417
18,"triversity","DSHA",18
18,"vegan","DSHA",2.32484210153417
18,"wavethresh","DSHA",-11776.3112853353
18,"wiqid","DSHA",7.60242290748899
18,"abdiv","DSP",0.138896868715886
18,"agricolae","DSP",0.138896868715886
18,"antitrust","DSP",1388.96868715886
18,"benthos","DSP",0.131537012892945
18,"breakaway","DSP",0.138896868715886
18,"concstats","DSP",0.138896868715886
18,"DescTools","DSP",0.138896868715886
18,"diverse","DSP",0.185259229641477
18,"divseg","DSP",1.13889686871589
18,"EconGeo","DSP",0.138896868715886
18,"hhi","DSP",0.138896868715886
18,"ineq","DSP",0.138896868715886
18,"microbiome","DSP",0.138896868715886
18,"PDtoolkit","DSP",0.138896868715886
18,"politics","DSP",0.138896868715886
18,"REAT","DSP",0.138896868715886
18,"sprex","DSP",0.138896868715886
18,"tabula","DSP",0.138896868715886
18,"triversity","DSP",0.138896868715886
18,"wiqid","DSP",7.60242290748899
18,"abdiv","EBP",0.271186440677966
18,"agricolae","EBP",0.271186440677966
18,"BiodiversityR","EBP",0.27118644
18,"diverse","EBP",0.308943089430894
18,"dyvDyn","EBP",0.271186440677966
18,"ecodive","EBP",0.271186440677966
18,"microbiome","EBP",0.271186440677966
18,"tabula","EBP",0.271186440677966
18,"triversity","EBP",0.271186440677966
18,"wiqid","EBP",1
18,"tabula","EBRI",0.802031920244
18,"BAT","EBU",0.518444666001994
18,"microbiome","EBU",0.518444666001994
18,"BAT","ECAM",0.933421956353163
18,"microbiome","ECAM",0.386064030131827
18,"codyn","EEQ",0.178485596905
18,"adiv","EEVAR",0.464205445611912
18,"codyn","EEVAR",0.455310241358906
18,"microbiome","EEVAR",0.464205445611912
18,"acid","EGIN",0.776755447941889
18,"DescTools","EGIN",0.776755447941889
18,"dplR","EGIN",0.776755447941889
18,"EconGeo","EGIN",0.777
18,"giniVarCI","EGIN",0.776755447941889
18,"ineq","EGIN",0.776755447941889
18,"microbiome","EGIN",0.776755447941889
18,"REAT","EGIN",0.776755447941889
18,"shipunov","EGIN",0.776755447941889
18,"wINEQ","EGIN",0.776755447941889
18,"adiv","EGSP",0.911756256653768
18,"abdiv","EHEI",0.542650908010216
18,"adiv","EHEI",0.542650908010216
18,"benthos","EHURE",0.868462987107055
18,"BiodiversityR","EHURE",0.86846299
18,"mobr","EHURE",0.868462987107055
18,"vegan","EHURE",0.868462987107075
18,"abdiv","EMC",0.435056123385483
18,"tabula","EMC",0.820768223345875
18,"microbiome","EMN",0.432203389830508
18,"abdiv","EPIE",0.804340166687199
18,"adiv","EPIE",0.804340166687199
18,"BiodiversityR","EPIE",0.80434017
18,"breakaway","EPIE",0.804340166687199
18,"chemodiv","EPIE",0.804340166687199
18,"diverse","EPIE",0.699098422754342
18,"forestmangr","EPIE",1
18,"microbiome","EPIE",0.804340166687199
18,"OTUtable","EPIE",0.804340166687199
18,"pctax","EPIE",0.8043
18,"sprex","EPIE",0.804340166687199
18,"tabula","EPIE",0.804340166687199
18,"adiv","ESP",0.399977019418591
18,"codyn","ESP",0.399977019418591
18,"sprex","ESP",0.129157894529676
18,"tabula","ESP",0.399977019418591
18,"abdiv","EST",0.454802259887006
18,"adiv","QHIL_0",18
18,"adiv","QHIL_1",10.2250654361737
18,"adiv","QHIL_2",7.19958634953464
18,"adiv","QHIL_3",5.97802076009348
18,"BAT","QHIL_0",18
18,"BAT","QHIL_1",10.2250654361737
18,"BAT","QHIL_2",7.19958634953464
18,"BAT","QHIL_3",5.97802076009348
18,"benthos","QHIL_0",35
18,"benthos","QHIL_1",10.2250654361737
18,"benthos","QHIL_2",7.19958634953464
18,"benthos","QHIL_3",5.97802076009348
18,"breakaway","QHIL_0",18
18,"breakaway","QHIL_1",10.2250654361737
18,"breakaway","QHIL_2",7.19958634953464
18,"breakaway","QHIL_3",5.97802076009348
18,"chemodiv","QHIL_0",18
18,"chemodiv","QHIL_1",10.2250654361737
18,"chemodiv","QHIL_2",7.19958634953464
18,"chemodiv","QHIL_3",5.97802076009348
18,"divDyn","QHIL_2",7.19958634953464
18,"divent","QHIL_0",18
18,"divent","QHIL_1",10.2250654361737
18,"divent","QHIL_2",7.19958634953464
18,"divent","QHIL_3",5.97802076009348
18,"entropart","QHIL_0",18
18,"entropart","QHIL_1",10.2250654361737
18,"entropart","QHIL_2",7.19958634953464
18,"entropart","QHIL_3",5.97802076009347
18,"EntropyEstimation","QHIL_1",11.0462964028952
18,"EntropyEstimation","QHIL_2",7.60242290748897
18,"EntropyEstimation","QHIL_3",6.29533004701823
18,"extremefit","QHIL",NA
18,"hilldiv","QHIL_0",18
18,"hilldiv","QHIL_1",10.225113770873
18,"hilldiv","QHIL_2",7.19958634953464
18,"hilldiv","QHIL_3",5.97802076009348
18,"hillR","QHIL_0",18
18,"hillR","QHIL_1",10.2250654361737
18,"hillR","QHIL_2",7.19958634953464
18,"hillR","QHIL_3",5.97802076009348
18,"sprex","QHIL_0",18
18,"sprex","QHIL_1",10.2250654361737
18,"sprex","QHIL_2",7.19958634953464
18,"sprex","QHIL_3",5.97802076009348
18,"vegan","QHIL_0",18
18,"vegan","QHIL_1",10.2250654361737
18,"vegan","QHIL_2",7.19958634953464
18,"vegan","QHIL_3",5.97802076009348
18,"adiv","QREN_0",2.89037175789616
18,"adiv","QREN_1",2.32484210153417
18,"adiv","QREN_2",1.97402357291809
18,"adiv","QREN_3",1.78808953660471
18,"BiodiversityR","QREN_0",2.89037175789616
18,"BiodiversityR","QREN_1",2.32484210153417
18,"BiodiversityR","QREN_2",1.97402357291809
18,"BiodiversityR","QREN_3",1.78808953660471
18,"diverse","QREN_0",2.94443897916644
18,"diverse","QREN_1",2.05845264623166
18,"diverse","QREN_2",1.65086874672021
18,"diverse","QREN_3",1.49824432935713
18,"EntropyEstimation","QREN_1",2.40209520462389
18,"EntropyEstimation","QREN_2",2.02846700010218
18,"EntropyEstimation","QREN_3",1.83980809614863
18,"seewave","QREN_2",0.555226539734252
18,"seewave","QREN_3",0.502929538062107
18,"sprex","QREN_0",2.89037175789616
18,"sprex","QREN_1",2.32484210153417
18,"sprex","QREN_2",1.97402357291809
18,"sprex","QREN_3",1.78808953660471
18,"statcomp","QREN_1",0.653900001160575
18,"statcomp","QREN_2",0.555226531629966
18,"statcomp","QREN_3",0.502929531983892
18,"vegan","QREN_0",2.89037175789616
18,"vegan","QREN_1",2.32484210153417
18,"vegan","QREN_2",1.97402357291809
18,"vegan","QREN_3",1.78808953660471
18,"adiv","QTSA_0",17
18,"adiv","QTSA_1",2.32484210153417
18,"adiv","QTSA_2",0.861103131284114
18,"adiv","QTSA_3",0.486008793498848
18,"divent","QTSA_0",17
18,"divent","QTSA_1",2.32484210153417
18,"divent","QTSA_2",0.861103131284114
18,"divent","QTSA_3",0.486008793498848
18,"entropart","QTSA_0",21
18,"entropart","QTSA_1",2.4169121326656
18,"entropart","QTSA_2",0.868450567536829
18,"entropart","QTSA_3",0.48709955343817
18,"EntropyEstimation","QTSA_1",2.40209520462389
18,"EntropyEstimation","QTSA_2",0.868462987107055
18,"EntropyEstimation","QTSA_3",0.487383671267365
18,"vegan","QTSA_0",17
18,"vegan","QTSA_1",2.32484210153417
18,"vegan","QTSA_2",0.861103131284114
18,"vegan","QTSA_3",0.486008793498848
18,"BAT","RACE",21.6407424173834
18,"ecodive","RACE",21.6407424173834
18,"fossil","RACE",19.2765957446809
18,"pctax","RACE",21.6407
18,"sprex","RACE",142.637993348501
18,"tabula","RACE",21.6407424173834
18,"vegan","RACE",21.6407424173834
18,"wiqid","RACE",21.6407424173834
18,"BiodiversityR","RBOO",18
18,"wiqid","RBOO",35
18,"BAT","RC1",19.2
18,"BiodiversityR","RC1",18
18,"biosampleR","RC1",26.2
18,"iNEXT","RC1",19.983
18,"microbiome","RC1",19.2
18,"pctax","RC1",19.2
18,"rareNMtests","RC1",18
18,"SpadeR","RC1",18
18,"SSP","RC1",17
18,"vegan","RC1",19.2
18,"wiqid","RC1",20
18,"BAT","RC1M",20.1481481481481
18,"divent","RC1M",19.9830508474576
18,"ecodive","RC1M",20
18,"entropart","RC1M",19.9830508474576
18,"fossil","RC1M",20
18,"mobr","RC1M",19.9830508474576
18,"OTUtable","RC1M",20
18,"tabula","RC1M",19.9830508474576
18,"wiqid","RC1M",20
18,"BAT","RCA2",35.1456666666667
18,"divDyn","RCA2",19.1333333333333
18,"fossil","RCA2",20
18,"tabula","RCA2",18
18,"wiqid","RCA2",18
18,"benthos","RHUR_2",1.86846298710708
18,"benthos","RHUR_3",2.63062161878638
18,"divent","RHUR_2",7.60242693466208
18,"divent","RHUR_3",7.77350482328043
18,"entropart","RHUR_2",1.86846298710707
18,"entropart","RHUR_3",2.63062161878638
18,"mobsim","RHUR_2",1.86846298710708
18,"mobsim","RHUR_3",2.63062161878638
18,"tabula","RHUR_2",1.86846298710754
18,"tabula","RHUR_3",2.63062161878787
18,"vegan","RHUR_2",1.86846298710708
18,"vegan","RHUR_3",2.63062161878638
18,"BAT","RICE",35.062611901433
18,"fossil","RICE",19.2765957446809
18,"tabula","RICE",18
18,"wiqid","RICE",18
18,"BAT","RJA1",22
18,"BiodiversityR","RJA1",18
18,"divent","RJA1",22
18,"entropart","RJA1",22
18,"fossil","RJA1",21.9661016949153
18,"SSP","RJA1",17
18,"tabula","RJA1",2.22302412734667
18,"wiqid","RJA1",22
18,"BAT","RJA2",22
18,"BiodiversityR","RJA2",18
18,"fossil","RJA2",21.8980153556425
18,"SSP","RJA2",17
18,"wiqid","RJA2",22
18,"wiqid","RMM",0
18,"divDyn","RSQ",20.233901241698
18,"ecodive","RSQ",20.233901241698
18,"tabula","RSQ",20.233901241698
19,"abdiv","D1SP",0.911232404481471
19,"ade4","D1SP",0.911232404481471
19,"adiv","D1SP",0.911232404481471
19,"agricolae","D1SP",1
19,"asbio","D1SP",0.911232404481471
19,"BiodiversityR","D1SP",0.9112324
19,"biosampleR","D1SP",0.814305555555556
19,"breakaway","D1SP",0.911232404481471
19,"catsim","D1SP",0.786938775510204
19,"concstats","D1SP",0.973199046927016
19,"CUB","D1SP",0.938033357554455
19,"DescTools","D1SP",0.911232404481471
19,"divent","D1SP",0.911232404481471
19,"diverse","D1SP",0.814305555555556
19,"ecodive","D1SP",0.911232404481471
19,"entropart","D1SP",0.911232404481471
19,"lawstat","D1SP",0.711365902293121
19,"MCPAN","D1SP",-1235
19,"microbiome","D1SP",0.911232404481471
19,"PCRA","D1SP",0.911232404481471
19,"RoughSets","D1SP",0.911232404481471
19,"simboot","D1SP",-1235
19,"sprex","D1SP",0.911232404481471
19,"untb","D1SP",0.919020715630885
19,"vegan","D1SP",0.911232404481471
19,"abdiv","DBRI",2.39883199192783
19,"ecodive","DBRI",2.39883199192783
19,"tabula","DBRI",2.39883199192783
19,"wiqid","DBRI",11.0103087378663
19,"BiodiversityR","DFIS",7.43062308
19,"ecodive","DFIS",7.431
19,"microbiome","DFIS",7.43062308276055
19,"preseqR","DFIS",7.30588505364111
19,"sads","DFIS",7.43062071244981
19,"vegan","DFIS",7.43062308276055
19,"abdiv","DINVSP",11.2653721682848
19,"adiv","DINVSP",11.2653721682848
19,"asbio","DINVSP",11.2653721682848
19,"BiodiversityR","DINVSP",11.26537217
19,"breakaway","DINVSP",11.2653721682848
19,"chemodiv","DINVSP",11.2653721682848
19,"codyn","DINVSP",11.2653721682848
19,"divseg","DINVSP",1.08876759551853
19,"ecodive","DINVSP",11.2653721682848
19,"microbiome","DINVSP",11.2653721682848
19,"sprex","DINVSP",11.2653721682848
19,"vegan","DINVSP",11.2653721682848
19,"asbio","DLMD",40.4595103233749
19,"Compositional","DLMD",0.999958992306093
19,"sads","DLMD",1.28464413339449
19,"vegan","DLMD",23.4269519459376
19,"abdiv","DMC",0.77324396430413
19,"adiv","DMC",0.77324396430413
19,"agricolae","DMC",0.77324396430413
19,"ecodive","DMC",0.77324396430413
19,"forestHES","DMC",0.77324396430413
19,"tabula","DMC",0.77324396430413
19,"abdiv","DMG",4.19227041281105
19,"adiv","DMG",4.19227041281105
19,"agricolae","DMG",7.12685970177878
19,"ecodive","DMG",4.19227041281105
19,"tabula","DMG",4.19227041281105
19,"abdiv","DMN",1.93320669758648
19,"adiv","DMN",1.93320669758648
19,"ecodive","DMN",1.93320669758648
19,"tabula","DMN",1.93320669758648
19,"abdiv","DQ",7.25543814516621
19,"ade4","DRAO",0.91123240448147
19,"BAT","DRAO",0.911232404481472
19,"chemodiv","DRAO",192.365782230619
19,"diverse","DRAO",97.0573308769132
19,"SYNCSA","DRAO",0.911232404481471
19,"abdiv","DSHA",2.65467015397119
19,"adiv","DSHA",2.65467015397119
19,"aqp","DSHA",-360.226102797736
19,"asbio","DSHA",2.65467015397119
19,"benthos","DSHA",0
19,"BiodiversityR","DSHA",2.65467015
19,"biosampleR","DSHA",2.03679127607165
19,"chemodiv","DSHA",2.65467015397119
19,"codyn","DSHA",2.65467015397119
19,"DescTools","DSHA",3.82987946633018
19,"divDyn","DSHA",2.65467015397119
19,"divent","DSHA",2.65467015397119
19,"diverse","DSHA",2.03679127607165
19,"ecodive","DSHA",2.65467015397119
19,"EconGeo","DSHA",3.83
19,"entropart","DSHA",2.72558554684528
19,"forestmangr","DSHA",3.56
19,"HardyWeinberg","DSHA",2.65467015397119
19,"iNEXT","DSHA",2.655
19,"MCPAN","DSHA",2.65467015397119
19,"microbiome","DSHA",2.65467015397119
19,"OTUtable","DSHA",2.65467015397119
19,"pgirmess","DSHA",3.82987946633018
19,"SpiecEasi","DSHA",2.65467015397119
19,"sprex","DSHA",2.65467015397119
19,"tabula","DSHA",2.65467015397119
19,"triversity","DSHA",21
19,"vegan","DSHA",2.65467015397119
19,"wavethresh","DSHA",-6218.42594045501
19,"wiqid","DSHA",12.3488372093023
19,"abdiv","DSP",0.0887675955185292
19,"agricolae","DSP",0.0887675955185292
19,"antitrust","DSP",887.675955185291
19,"benthos","DSP",0.0809792843691149
19,"breakaway","DSP",0.0887675955185292
19,"concstats","DSP",0.0887675955185292
19,"DescTools","DSP",0.0887675955185292
19,"diverse","DSP",0.178851540616247
19,"divseg","DSP",1.08876759551853
19,"EconGeo","DSP",0.0887675955185292
19,"hhi","DSP",0.0887675955185292
19,"ineq","DSP",0.0887675955185292
19,"microbiome","DSP",0.0887675955185292
19,"PDtoolkit","DSP",0.0887675955185292
19,"politics","DSP",0.0887675955185292
19,"REAT","DSP",0.0887675955185292
19,"sprex","DSP",0.0887675955185292
19,"tabula","DSP",0.0887675955185292
19,"triversity","DSP",0.0887675955185292
19,"wiqid","DSP",12.3488372093023
19,"abdiv","EBP",0.152542372881356
19,"agricolae","EBP",0.152542372881356
19,"BiodiversityR","EBP",0.15254237
19,"diverse","EBP",0.291666666666667
19,"dyvDyn","EBP",0.152542372881356
19,"ecodive","EBP",0.152542372881356
19,"microbiome","EBP",0.152542372881356
19,"tabula","EBP",0.152542372881356
19,"triversity","EBP",0.152542372881356
19,"wiqid","EBP",1
19,"tabula","EBRI",0.872529553340764
19,"BAT","EBU",0.59364406779661
19,"microbiome","EBU",0.59364406779661
19,"BAT","ECAM",0.951493139628733
19,"microbiome","ECAM",0.483454398708636
19,"codyn","EEQ",0.196966154315502
19,"adiv","EEVAR",0.529661319810638
19,"codyn","EEVAR",0.52337991657959
19,"microbiome","EEVAR",0.529661319810638
19,"acid","EGIN",0.691041162227603
19,"DescTools","EGIN",0.691041162227603
19,"dplR","EGIN",0.691041162227603
19,"EconGeo","EGIN",0.691
19,"giniVarCI","EGIN",0.691041162227603
19,"ineq","EGIN",0.691041162227603
19,"microbiome","EGIN",0.691041162227602
19,"REAT","EGIN",0.691041162227603
19,"shipunov","EGIN",0.691041162227602
19,"wINEQ","EGIN",0.691041162227603
19,"adiv","EGSP",0.956794024705544
19,"abdiv","EHEI",0.661014738895591
19,"adiv","EHEI",0.661014738895591
19,"benthos","EHURE",0.919020715630885
19,"BiodiversityR","EHURE",0.91902072
19,"mobr","EHURE",0.919020715630885
19,"vegan","EHURE",0.919020715630908
19,"abdiv","EMC",0.358369819712539
19,"tabula","EMC",0.898026545808155
19,"microbiome","EMN",0.288135593220339
19,"abdiv","EPIE",0.871949610578746
19,"adiv","EPIE",0.871949610578746
19,"BiodiversityR","EPIE",0.87194961
19,"breakaway","EPIE",0.871949610578746
19,"chemodiv","EPIE",0.871949610578746
19,"diverse","EPIE",0.71889795392381
19,"forestmangr","EPIE",1
19,"microbiome","EPIE",0.871949610578746
19,"OTUtable","EPIE",0.871949610578746
19,"pctax","EPIE",0.8719
19,"sprex","EPIE",0.871949610578746
19,"tabula","EPIE",0.871949610578746
19,"adiv","ESP",0.536446293727847
19,"codyn","ESP",0.536446293727847
19,"sprex","ESP",0.126412864474819
19,"tabula","ESP",0.536446293727847
19,"abdiv","EST",0.387005649717514
19,"adiv","QHIL_0",21
19,"adiv","QHIL_1",14.2202947779118
19,"adiv","QHIL_2",11.2653721682848
19,"adiv","QHIL_3",9.93440765975588
19,"BAT","QHIL_0",21
19,"BAT","QHIL_1",14.2202947779118
19,"BAT","QHIL_2",11.2653721682848
19,"BAT","QHIL_3",9.93440765975588
19,"benthos","QHIL_0",35
19,"benthos","QHIL_1",14.2202947779118
19,"benthos","QHIL_2",11.2653721682848
19,"benthos","QHIL_3",9.93440765975588
19,"breakaway","QHIL_0",21
19,"breakaway","QHIL_1",14.2202947779118
19,"breakaway","QHIL_2",11.2653721682848
19,"breakaway","QHIL_3",9.93440765975588
19,"chemodiv","QHIL_0",21
19,"chemodiv","QHIL_1",14.2202947779118
19,"chemodiv","QHIL_2",11.2653721682848
19,"chemodiv","QHIL_3",9.93440765975588
19,"divDyn","QHIL_2",11.2653721682848
19,"divent","QHIL_0",21
19,"divent","QHIL_1",14.2202947779118
19,"divent","QHIL_2",11.2653721682848
19,"divent","QHIL_3",9.93440765975583
19,"entropart","QHIL_0",21
19,"entropart","QHIL_1",14.2202947779118
19,"entropart","QHIL_2",11.2653721682848
19,"entropart","QHIL_3",9.93440765975586
19,"EntropyEstimation","QHIL_1",15.5683487765229
19,"EntropyEstimation","QHIL_2",12.3488372093023
19,"EntropyEstimation","QHIL_3",11.024810569231
19,"extremefit","QHIL",NA
19,"hilldiv","QHIL_0",21
19,"hilldiv","QHIL_1",14.2203391990903
19,"hilldiv","QHIL_2",11.2653721682848
19,"hilldiv","QHIL_3",9.93440765975588
19,"hillR","QHIL_0",21
19,"hillR","QHIL_1",14.2202947779118
19,"hillR","QHIL_2",11.2653721682848
19,"hillR","QHIL_3",9.93440765975588
19,"sprex","QHIL_0",21
19,"sprex","QHIL_1",14.2202947779118
19,"sprex","QHIL_2",11.2653721682848
19,"sprex","QHIL_3",9.93440765975588
19,"vegan","QHIL_0",21
19,"vegan","QHIL_1",14.2202947779118
19,"vegan","QHIL_2",11.2653721682848
19,"vegan","QHIL_3",9.93440765975588
19,"adiv","QREN_0",3.04452243772342
19,"adiv","QREN_1",2.65467015397119
19,"adiv","QREN_2",2.42173361091369
19,"adiv","QREN_3",2.29600425266176
19,"BiodiversityR","QREN_0",3.04452243772342
19,"BiodiversityR","QREN_1",2.65467015397119
19,"BiodiversityR","QREN_2",2.42173361091369
19,"BiodiversityR","QREN_3",2.29600425266176
19,"diverse","QREN_0",2.83321334405622
19,"diverse","QREN_1",2.03679127607165
19,"diverse","QREN_2",1.6836527279022
19,"diverse","QREN_3",1.55395303522293
19,"EntropyEstimation","QREN_1",2.74523992861786
19,"EntropyEstimation","QREN_2",2.51356190554837
19,"EntropyEstimation","QREN_3",2.40014823925614
19,"seewave","QREN_2",0.681152335230995
19,"seewave","QREN_3",0.645788887824537
19,"sprex","QREN_0",3.04452243772342
19,"sprex","QREN_1",2.65467015397119
19,"sprex","QREN_2",2.42173361091369
19,"sprex","QREN_3",2.29600425266176
19,"statcomp","QREN_1",0.746669554726828
19,"statcomp","QREN_2",0.681152328556877
19,"statcomp","QREN_3",0.645788882818948
19,"vegan","QREN_0",3.04452243772342
19,"vegan","QREN_1",2.65467015397119
19,"vegan","QREN_2",2.42173361091369
19,"vegan","QREN_3",2.29600425266176
19,"adiv","QTSA_0",20
19,"adiv","QTSA_1",2.65467015397119
19,"adiv","QTSA_2",0.911232404481471
19,"adiv","QTSA_3",0.494933756615818
19,"divent","QTSA_0",20
19,"divent","QTSA_1",2.65467015397119
19,"divent","QTSA_2",0.911232404481471
19,"divent","QTSA_3",0.494933756615818
19,"entropart","QTSA_0",24
19,"entropart","QTSA_1",2.72558554684528
19,"entropart","QTSA_2",0.916136825910645
19,"entropart","QTSA_3",0.495406859078356
19,"EntropyEstimation","QTSA_1",2.74523992861786
19,"EntropyEstimation","QTSA_2",0.919020715630885
19,"EntropyEstimation","QTSA_3",0.495886346266241
19,"vegan","QTSA_0",20
19,"vegan","QTSA_1",2.65467015397119
19,"vegan","QTSA_2",0.911232404481471
19,"vegan","QTSA_3",0.494933756615818
19,"BAT","RACE",24.0849758140206
19,"ecodive","RACE",24.0849758140206
19,"fossil","RACE",22.2592592592593
19,"pctax","RACE",24.085
19,"sprex","RACE",125.351434579932
19,"tabula","RACE",24.0849758140206
19,"vegan","RACE",24.0849758140206
19,"wiqid","RACE",24.0849758140206
19,"BiodiversityR","RBOO",21
19,"wiqid","RBOO",35
19,"BAT","RC1",21.8571428571429
19,"BiodiversityR","RC1",21
19,"biosampleR","RC1",22.25
19,"iNEXT","RC1",22.322
19,"microbiome","RC1",21.8571428571429
19,"pctax","RC1",21.8571
19,"rareNMtests","RC1",21
19,"SpadeR","RC1",21
19,"SSP","RC1",20
19,"vegan","RC1",21.8571428571429
19,"wiqid","RC1",22.3333333333333
19,"BAT","RC1M",22.6501457725948
19,"divent","RC1M",22.3220338983051
19,"ecodive","RC1M",22.3333333333333
19,"entropart","RC1M",22.3220338983051
19,"fossil","RC1M",22.3333333333333
19,"mobr","RC1M",22.3220338983051
19,"OTUtable","RC1M",22.3333333333333
19,"tabula","RC1M",22.3220338983051
19,"wiqid","RC1M",22.3333333333333
19,"BAT","RCA2",35.1036666666667
19,"divDyn","RCA2",21.8163265306122
19,"fossil","RCA2",22.3333333333333
19,"tabula","RCA2",21
19,"wiqid","RCA2",21
19,"benthos","RHUR_2",1.91902071563091
19,"benthos","RHUR_3",2.76528945436011
19,"divent","RHUR_2",12.3488372717887
19,"divent","RHUR_3",12.4391893031477
19,"entropart","RHUR_2",1.91902071563091
19,"entropart","RHUR_3",2.76528945436011
19,"mobsim","RHUR_2",1.91902071563091
19,"mobsim","RHUR_3",2.76528945436011
19,"tabula","RHUR_2",1.91902071563123
19,"tabula","RHUR_3",2.76528945436168
19,"vegan","RHUR_2",1.91902071563091
19,"vegan","RHUR_3",2.76528945436011
19,"BAT","RICE",35.0595454059302
19,"fossil","RICE",22.2592592592593
19,"tabula","RICE",21
19,"wiqid","RICE",21
19,"BAT","RJA1",25
19,"BiodiversityR","RJA1",21
19,"divent","RJA1",25
19,"entropart","RJA1",25
19,"fossil","RJA1",24.9661016949153
19,"SSP","RJA1",20
19,"tabula","RJA1",2.58180604592961
19,"wiqid","RJA1",25
19,"BAT","RJA2",23
19,"BiodiversityR","RJA2",21
19,"fossil","RJA2",22.9487179487179
19,"SSP","RJA2",20
19,"wiqid","RJA2",23
19,"wiqid","RMM",0
19,"divDyn","RSQ",22.428901734104
19,"ecodive","RSQ",22.428901734104
19,"tabula","RSQ",22.428901734104
20,"abdiv","D1SP",0.873286862003781
20,"ade4","D1SP",0.873286862003781
20,"adiv","D1SP",0.873286862003781
20,"agricolae","D1SP",1
20,"asbio","D1SP",0.873286862003781
20,"BiodiversityR","D1SP",0.87328686
20,"biosampleR","D1SP",0.812723445487654
20,"breakaway","D1SP",0.873286862003781
20,"catsim","D1SP",0.777142857142857
20,"concstats","D1SP",0.974315092294006
20,"CUB","D1SP",0.898971769709774
20,"DescTools","D1SP",0.873286862003781
20,"divent","D1SP",0.873286862003781
20,"diverse","D1SP",0.812723445487654
20,"ecodive","D1SP",0.873286862003781
20,"entropart","D1SP",0.873286862003781
20,"lawstat","D1SP",0.763427109974425
20,"MCPAN","D1SP",-4289
20,"microbiome","D1SP",0.873286862003781
20,"PCRA","D1SP",0.873286862003781
20,"RoughSets","D1SP",0.873286862003781
20,"simboot","D1SP",-4289
20,"sprex","D1SP",0.873286862003781
20,"untb","D1SP",0.878058921358993
20,"vegan","D1SP",0.873286862003781
20,"abdiv","DBRI",2.28373827199602
20,"ecodive","DBRI",2.28373827199602
20,"tabula","DBRI",2.28373827199602
20,"wiqid","DBRI",9.81329669829957
20,"BiodiversityR","DFIS",5.70850875
20,"ecodive","DFIS",5.709
20,"microbiome","DFIS",5.70850875190819
20,"preseqR","DFIS",8.81746606475383
20,"sads","DFIS",5.70853347776813
20,"vegan","DFIS",5.70850875190819
20,"abdiv","DINVSP",7.89184149184149
20,"adiv","DINVSP",7.89184149184149
20,"asbio","DINVSP",7.89184149184149
20,"BiodiversityR","DINVSP",7.89184149
20,"breakaway","DINVSP",7.89184149184149
20,"chemodiv","DINVSP",7.89184149184149
20,"codyn","DINVSP",7.89184149184149
20,"divseg","DINVSP",1.12671313799622
20,"ecodive","DINVSP",7.8918414918415
20,"microbiome","DINVSP",7.89184149184149
20,"sprex","DINVSP",7.89184149184149
20,"vegan","DINVSP",7.89184149184149
20,"asbio","DLMD",NA
20,"Compositional","DLMD",0.999958992306093
20,"sads","DLMD",1.64555943446511
20,"vegan","DLMD",20.9724710043177
20,"abdiv","DMC",0.695289535616751
20,"adiv","DMC",0.695289535616751
20,"agricolae","DMC",0.695289535616751
20,"ecodive","DMC",0.695289535616751
20,"forestHES","DMC",0.695289535616751
20,"tabula","DMC",0.695289535616751
20,"abdiv","DMG",3.64338141122401
20,"adiv","DMG",3.64338141122401
20,"agricolae","DMG",6.51973515692718
20,"ecodive","DMG",3.64338141122401
20,"tabula","DMG",3.64338141122401
20,"abdiv","DMN",1.47441956154897
20,"adiv","DMN",1.47441956154897
20,"ecodive","DMN",1.47441956154897
20,"tabula","DMN",1.47441956154897
20,"abdiv","DQ",6.68067845080676
20,"ade4","DRAO",0.873286862003781
20,"BAT","DRAO",0.873286862003782
20,"chemodiv","DRAO",112.705645244785
20,"diverse","DRAO",58.0161930738769
20,"SYNCSA","DRAO",0.873286862003781
20,"abdiv","DSHA",2.45675319140555
20,"adiv","DSHA",2.45675319140555
20,"aqp","DSHA",-732.175801063568
20,"asbio","DSHA",2.45675319140555
20,"benthos","DSHA",0
20,"BiodiversityR","DSHA",2.45675319
20,"biosampleR","DSHA",2.23502351199203
20,"chemodiv","DSHA",2.45675319140555
20,"codyn","DSHA",2.45675319140555
20,"DescTools","DSHA",3.54434564592893
20,"divDyn","DSHA",2.45675319140555
20,"divent","DSHA",2.45675319140555
20,"diverse","DSHA",2.23502351199203
20,"ecodive","DSHA",2.45675319140555
20,"EconGeo","DSHA",3.544
20,"entropart","DSHA",2.51376730477155
20,"forestmangr","DSHA",3.56
20,"HardyWeinberg","DSHA",2.45675319140555
20,"iNEXT","DSHA",2.457
20,"MCPAN","DSHA",2.45675319140555
20,"microbiome","DSHA",2.45675319140555
20,"OTUtable","DSHA",2.45675319140555
20,"pgirmess","DSHA",3.54434564592893
20,"SpiecEasi","DSHA",2.45675319140555
20,"sprex","DSHA",2.45675319140555
20,"tabula","DSHA",2.45675319140555
20,"triversity","DSHA",20
20,"vegan","DSHA",2.45675319140555
20,"wavethresh","DSHA",-29653.6005425702
20,"wiqid","DSHA",8.20068192888456
20,"abdiv","DSP",0.126713137996219
20,"agricolae","DSP",0.126713137996219
20,"antitrust","DSP",1267.13137996219
20,"benthos","DSP",0.121941078641007
20,"breakaway","DSP",0.126713137996219
20,"concstats","DSP",0.126713137996219
20,"DescTools","DSP",0.126713137996219
20,"diverse","DSP",0.182551418201371
20,"divseg","DSP",1.12671313799622
20,"EconGeo","DSP",0.126713137996219
20,"hhi","DSP",0.126713137996219
20,"ineq","DSP",0.126713137996219
20,"microbiome","DSP",0.126713137996219
20,"PDtoolkit","DSP",0.126713137996219
20,"politics","DSP",0.126713137996219
20,"REAT","DSP",0.126713137996219
20,"sprex","DSP",0.126713137996219
20,"tabula","DSP",0.126713137996219
20,"triversity","DSP",0.126713137996219
20,"wiqid","DSP",8.20068192888456
20,"abdiv","EBP",0.277173913043478
20,"agricolae","EBP",0.277173913043478
20,"BiodiversityR","EBP",0.27717391
20,"diverse","EBP",0.38150289017341
20,"dyvDyn","EBP",0.277173913043478
20,"ecodive","EBP",0.277173913043478
20,"microbiome","EBP",0.277173913043478
20,"tabula","EBP",0.277173913043478
20,"triversity","EBP",0.277173913043478
20,"wiqid","EBP",1
20,"tabula","EBRI",0.817798408048498
20,"BAT","EBU",0.560640732265446
20,"microbiome","EBU",0.560640732265446
20,"BAT","ECAM",0.94233409610984
20,"microbiome","ECAM",0.410597826086956
20,"codyn","EEQ",0.172574364165857
20,"adiv","EEVAR",0.455928196857508
20,"codyn","EEVAR",0.448907382811388
20,"microbiome","EEVAR",0.455928196857508
20,"acid","EGIN",0.741614906832298
20,"DescTools","EGIN",0.741614906832298
20,"dplR","EGIN",0.741614906832298
20,"EconGeo","EGIN",0.742
20,"giniVarCI","EGIN",0.741614906832298
20,"ineq","EGIN",0.741614906832298
20,"microbiome","EGIN",0.741614906832298
20,"REAT","EGIN",0.741614906832298
20,"shipunov","EGIN",0.741614906832298
20,"wINEQ","EGIN",0.741614906832298
20,"adiv","EGSP",0.919249328425032
20,"abdiv","EHEI",0.561414204486989
20,"adiv","EHEI",0.561414204486989
20,"benthos","EHURE",0.878058921358993
20,"BiodiversityR","EHURE",0.87805892
20,"mobr","EHURE",0.878058921358993
20,"vegan","EHURE",0.878058921359019
20,"abdiv","EMC",0.396819687066379
20,"tabula","EMC",0.829517967361945
20,"microbiome","EMN",0.41304347826087
20,"abdiv","EPIE",0.820084362375607
20,"adiv","EPIE",0.820084362375607
20,"BiodiversityR","EPIE",0.82008436
20,"breakaway","EPIE",0.820084362375607
20,"chemodiv","EPIE",0.820084362375607
20,"diverse","EPIE",0.723064644280039
20,"forestmangr","EPIE",1
20,"microbiome","EPIE",0.820084362375607
20,"OTUtable","EPIE",0.820084362375607
20,"pctax","EPIE",0.8201
20,"sprex","EPIE",0.820084362375607
20,"tabula","EPIE",0.820084362375607
20,"adiv","ESP",0.394592074592075
20,"codyn","ESP",0.394592074592075
20,"sprex","ESP",0.122837659570278
20,"tabula","ESP",0.394592074592075
20,"abdiv","EST",0.417391304347826
20,"adiv","QHIL_0",20
20,"adiv","QHIL_1",11.6668698852528
20,"adiv","QHIL_2",7.89184149184149
20,"adiv","QHIL_3",6.21150658910179
20,"BAT","QHIL_0",20
20,"BAT","QHIL_1",11.6668698852528
20,"BAT","QHIL_2",7.89184149184149
20,"BAT","QHIL_3",6.21150658910179
20,"benthos","QHIL_0",35
20,"benthos","QHIL_1",11.6668698852528
20,"benthos","QHIL_2",7.89184149184149
20,"benthos","QHIL_3",6.21150658910179
20,"breakaway","QHIL_0",20
20,"breakaway","QHIL_1",11.6668698852528
20,"breakaway","QHIL_2",7.89184149184149
20,"breakaway","QHIL_3",6.21150658910179
20,"chemodiv","QHIL_0",20
20,"chemodiv","QHIL_1",11.6668698852528
20,"chemodiv","QHIL_2",7.89184149184149
20,"chemodiv","QHIL_3",6.21150658910179
20,"divDyn","QHIL_2",7.89184149184149
20,"divent","QHIL_0",20
20,"divent","QHIL_1",11.6668698852528
20,"divent","QHIL_2",7.89184149184149
20,"divent","QHIL_3",6.21150658910179
20,"entropart","QHIL_0",20
20,"entropart","QHIL_1",11.6668698852528
20,"entropart","QHIL_2",7.89184149184149
20,"entropart","QHIL_3",6.21150658910178
20,"EntropyEstimation","QHIL_1",12.319368935947
20,"EntropyEstimation","QHIL_2",8.20068192888455
20,"EntropyEstimation","QHIL_3",6.41418009379833
20,"extremefit","QHIL",NA
20,"hilldiv","QHIL_0",20
20,"hilldiv","QHIL_1",11.6669255027775
20,"hilldiv","QHIL_2",7.89184149184149
20,"hilldiv","QHIL_3",6.21150658910179
20,"hillR","QHIL_0",20
20,"hillR","QHIL_1",11.6668698852528
20,"hillR","QHIL_2",7.89184149184149
20,"hillR","QHIL_3",6.21150658910179
20,"sprex","QHIL_0",20
20,"sprex","QHIL_1",11.6668698852528
20,"sprex","QHIL_2",7.89184149184149
20,"sprex","QHIL_3",6.21150658910179
20,"vegan","QHIL_0",20
20,"vegan","QHIL_1",11.6668698852528
20,"vegan","QHIL_2",7.89184149184149
20,"vegan","QHIL_3",6.21150658910179
20,"adiv","QREN_0",2.99573227355399
20,"adiv","QREN_1",2.45675319140555
20,"adiv","QREN_2",2.06582950329591
20,"adiv","QREN_3",1.82640347346179
20,"BiodiversityR","QREN_0",2.99573227355399
20,"BiodiversityR","QREN_1",2.45675319140555
20,"BiodiversityR","QREN_2",2.06582950329591
20,"BiodiversityR","QREN_3",1.82640347346179
20,"diverse","QREN_0",3.09104245335832
20,"diverse","QREN_1",2.23502351199203
20,"diverse","QREN_2",1.6751688534893
20,"diverse","QREN_3",1.41154098691979
20,"EntropyEstimation","QREN_1",2.51117273406187
20,"EntropyEstimation","QREN_2",2.10421731287153
20,"EntropyEstimation","QREN_3",1.85851117911163
20,"seewave","QREN_2",0.581048461042893
20,"seewave","QREN_3",0.513705959051708
20,"sprex","QREN_0",2.99573227355399
20,"sprex","QREN_1",2.45675319140555
20,"sprex","QREN_2",2.06582950329591
20,"sprex","QREN_3",1.82640347346179
20,"statcomp","QREN_1",0.691002160383804
20,"statcomp","QREN_2",0.581048456457027
20,"statcomp","QREN_3",0.513705955612309
20,"vegan","QREN_0",2.99573227355399
20,"vegan","QREN_1",2.45675319140555
20,"vegan","QREN_2",2.06582950329591
20,"vegan","QREN_3",1.82640347346179
20,"adiv","QTSA_0",19
20,"adiv","QTSA_1",2.45675319140555
20,"adiv","QTSA_2",0.873286862003781
20,"adiv","QTSA_3",0.487040862322265
20,"divent","QTSA_0",19
20,"divent","QTSA_1",2.45675319140555
20,"divent","QTSA_2",0.873286862003781
20,"divent","QTSA_3",0.487040862322265
20,"entropart","QTSA_0",22
20,"entropart","QTSA_1",2.51376730477155
20,"entropart","QTSA_2",0.877224186984295
20,"entropart","QTSA_3",0.487658600902647
20,"EntropyEstimation","QTSA_1",2.51117273406187
20,"EntropyEstimation","QTSA_2",0.878058921358992
20,"EntropyEstimation","QTSA_3",0.487846882269548
20,"vegan","QTSA_0",19
20,"vegan","QTSA_1",2.45675319140555
20,"vegan","QTSA_2",0.873286862003781
20,"vegan","QTSA_3",0.487040862322265
20,"BAT","RACE",21.4903104098782
20,"ecodive","RACE",21.4903104098782
20,"fossil","RACE",20.8571428571429
20,"pctax","RACE",21.4903
20,"sprex","RACE",184.644082539699
20,"tabula","RACE",21.4903104098782
20,"vegan","RACE",21.4903104098782
20,"wiqid","RACE",21.4903104098782
20,"BiodiversityR","RBOO",20
20,"wiqid","RBOO",35
20,"BAT","RC1",21
20,"BiodiversityR","RC1",20
20,"biosampleR","RC1",29
20,"iNEXT","RC1",22.238
20,"microbiome","RC1",21
20,"pctax","RC1",21
20,"rareNMtests","RC1",20
20,"SpadeR","RC1",20
20,"SSP","RC1",19
20,"vegan","RC1",21
20,"wiqid","RC1",22.25
20,"BAT","RC1M",21.4725
20,"divent","RC1M",22.2377717391304
20,"ecodive","RC1M",22.25
20,"entropart","RC1M",22.2377717391304
20,"fossil","RC1M",22.25
20,"mobr","RC1M",22.2377717391304
20,"OTUtable","RC1M",22.25
20,"tabula","RC1M",22.2377717391304
20,"wiqid","RC1M",22.25
20,"BAT","RCA2",35.0625952380952
20,"divDyn","RCA2",20.95
20,"fossil","RCA2",22.25
20,"tabula","RCA2",20
20,"wiqid","RCA2",20
20,"benthos","RHUR_2",1.87805892135902
20,"benthos","RHUR_3",2.65848299953793
20,"divent","RHUR_2",8.20068196173713
20,"divent","RHUR_3",8.43729162670695
20,"entropart","RHUR_2",1.87805892135902
20,"entropart","RHUR_3",2.65848299953794
20,"mobsim","RHUR_2",1.87805892135902
20,"mobsim","RHUR_3",2.65848299953793
20,"tabula","RHUR_2",1.87816098368763
20,"tabula","RHUR_3",2.65851806578715
20,"vegan","RHUR_2",1.87805892135902
20,"vegan","RHUR_3",2.65848299953793
20,"BAT","RICE",35.1130200573516
20,"fossil","RICE",20.8571428571429
20,"tabula","RICE",20
20,"wiqid","RICE",20
20,"BAT","RJA1",23
20,"BiodiversityR","RJA1",20
20,"divent","RJA1",23
20,"entropart","RJA1",23
20,"fossil","RJA1",22.9836956521739
20,"SSP","RJA1",19
20,"tabula","RJA1",2.36744910982708
20,"wiqid","RJA1",23
20,"BAT","RJA2",24
20,"BiodiversityR","RJA2",20
20,"fossil","RJA2",23.9347232121644
20,"SSP","RJA2",19
20,"wiqid","RJA2",24
20,"wiqid","RMM",0
20,"divDyn","RSQ",21.14244289265
20,"ecodive","RSQ",21.14244289265
20,"tabula","RSQ",21.14244289265
21,"abdiv","D1SP",0.840382789100738
21,"ade4","D1SP",0.840382789100738
21,"adiv","D1SP",0.840382789100738
21,"agricolae","D1SP",1
21,"asbio","D1SP",0.840382789100738
21,"BiodiversityR","D1SP",0.84038279
21,"biosampleR","D1SP",0.859832805778752
21,"breakaway","D1SP",0.840382789100738
21,"catsim","D1SP",0.671020408163265
21,"concstats","D1SP",0.975282859144096
21,"CUB","D1SP",0.865099929956642
21,"DescTools","D1SP",0.840382789100738
21,"divent","D1SP",0.840382789100738
21,"diverse","D1SP",0.859832805778752
21,"ecodive","D1SP",0.840382789100738
21,"entropart","D1SP",0.840382789100738
21,"lawstat","D1SP",0.837606837606838
21,"MCPAN","D1SP",-2184
21,"microbiome","D1SP",0.840382789100738
21,"PCRA","D1SP",0.840382789100738
21,"RoughSets","D1SP",0.840382789100738
21,"simboot","D1SP",-2184
21,"sprex","D1SP",0.840382789100738
21,"untb","D1SP",0.847627468317123
21,"vegan","D1SP",0.840382789100738
21,"abdiv","DBRI",1.9573675945012
21,"ecodive","DBRI",1.9573675945012
21,"tabula","DBRI",1.9573675945012
21,"wiqid","DBRI",7.08066333358498
21,"BiodiversityR","DFIS",5.0121214
21,"ecodive","DFIS",5.012
21,"microbiome","DFIS",5.01212140467503
21,"preseqR","DFIS",9.48219272106296
21,"sads","DFIS",5.0121210051325
21,"vegan","DFIS",5.01212140467503
21,"abdiv","DINVSP",6.2649885583524
21,"adiv","DINVSP",6.2649885583524
21,"asbio","DINVSP",6.2649885583524
21,"BiodiversityR","DINVSP",6.26498856
21,"breakaway","DINVSP",6.2649885583524
21,"chemodiv","DINVSP",6.2649885583524
21,"codyn","DINVSP",6.2649885583524
21,"divseg","DINVSP",1.15961721089926
21,"ecodive","DINVSP",6.2649885583524
21,"microbiome","DINVSP",6.2649885583524
21,"sprex","DINVSP",6.2649885583524
21,"vegan","DINVSP",6.2649885583524
21,"asbio","DLMD",25.8369829157571
21,"Compositional","DLMD",0.999958992306093
21,"sads","DLMD",1.29152258389546
21,"vegan","DLMD",38.1112373004063
21,"abdiv","DMC",0.661648167642519
21,"adiv","DMC",0.661648167642519
21,"agricolae","DMC",0.661648167642519
21,"ecodive","DMC",0.661648167642519
21,"forestHES","DMC",0.661648167642519
21,"tabula","DMC",0.661648167642519
21,"abdiv","DMG",3.14982195219567
21,"adiv","DMG",3.14982195219567
21,"agricolae","DMG",7.13959642497685
21,"ecodive","DMG",3.14982195219567
21,"tabula","DMG",3.14982195219567
21,"abdiv","DMN",1.47920052326728
21,"adiv","DMN",1.47920052326728
21,"ecodive","DMN",1.47920052326728
21,"tabula","DMN",1.47920052326728
21,"abdiv","DQ",0
21,"ade4","DRAO",0.840382789100738
21,"BAT","DRAO",0.840382789100738
21,"chemodiv","DRAO",113.698120762725
21,"diverse","DRAO",65.204450185134
21,"SYNCSA","DRAO",0.840382789100738
21,"abdiv","DSHA",2.14817426119648
21,"adiv","DSHA",2.14817426119648
21,"aqp","DSHA",-441.230910820822
21,"asbio","DSHA",2.14817426119648
21,"benthos","DSHA",0
21,"BiodiversityR","DSHA",2.14817426
21,"biosampleR","DSHA",2.32674415127102
21,"chemodiv","DSHA",2.14817426119648
21,"codyn","DSHA",2.14817426119648
21,"DescTools","DSHA",3.09916035359347
21,"divDyn","DSHA",2.14817426119648
21,"divent","DSHA",2.14817426119648
21,"diverse","DSHA",2.32674415127102
21,"ecodive","DSHA",2.14817426119648
21,"EconGeo","DSHA",3.099
21,"entropart","DSHA",2.23733028444441
21,"forestmangr","DSHA",3.56
21,"HardyWeinberg","DSHA",2.14817426119648
21,"iNEXT","DSHA",2.148
21,"MCPAN","DSHA",2.14817426119648
21,"microbiome","DSHA",2.14817426119648
21,"OTUtable","DSHA",2.14817426119648
21,"pgirmess","DSHA",3.09916035359347
21,"SpiecEasi","DSHA",2.14817426119648
21,"sprex","DSHA",2.14817426119648
21,"tabula","DSHA",2.14817426119648
21,"triversity","DSHA",16
21,"vegan","DSHA",2.14817426119648
21,"wavethresh","DSHA",-13646.4890595684
21,"wiqid","DSHA",6.56286266924565
21,"abdiv","DSP",0.159617210899262
21,"agricolae","DSP",0.159617210899262
21,"antitrust","DSP",1596.17210899262
21,"benthos","DSP",0.152372531682877
21,"breakaway","DSP",0.159617210899262
21,"concstats","DSP",0.159617210899262
21,"DescTools","DSP",0.159617210899262
21,"diverse","DSP",0.132350532350532
21,"divseg","DSP",1.15961721089926
21,"EconGeo","DSP",0.159617210899262
21,"hhi","DSP",0.159617210899262
21,"ineq","DSP",0.159617210899262
21,"microbiome","DSP",0.159617210899262
21,"PDtoolkit","DSP",0.159617210899262
21,"politics","DSP",0.159617210899262
21,"REAT","DSP",0.159617210899262
21,"sprex","DSP",0.159617210899262
21,"tabula","DSP",0.159617210899262
21,"triversity","DSP",0.159617210899262
21,"wiqid","DSP",6.56286266924565
21,"abdiv","EBP",0.264957264957265
21,"agricolae","EBP",0.264957264957265
21,"BiodiversityR","EBP",0.26495726
21,"diverse","EBP",0.27027027027027
21,"dyvDyn","EBP",0.264957264957265
21,"ecodive","EBP",0.264957264957265
21,"microbiome","EBP",0.264957264957265
21,"tabula","EBP",0.264957264957265
21,"triversity","EBP",0.264957264957265
21,"wiqid","EBP",1
21,"tabula","EBRI",0.771928130214943
21,"BAT","EBU",0.476353276353276
21,"microbiome","EBU",0.476353276353276
21,"BAT","ECAM",0.921011396011396
21,"microbiome","ECAM",0.368055555555556
21,"codyn","EEQ",0.165408997164553
21,"adiv","EEVAR",0.411898089160098
21,"codyn","EEVAR",0.401067351879352
21,"microbiome","EEVAR",0.411898089160098
21,"acid","EGIN",0.813675213675214
21,"DescTools","EGIN",0.813675213675214
21,"dplR","EGIN",0.813675213675214
21,"EconGeo","EGIN",0.814
21,"giniVarCI","EGIN",0.813675213675214
21,"ineq","EGIN",0.813675213675214
21,"microbiome","EGIN",0.813675213675214
21,"REAT","EGIN",0.813675213675214
21,"shipunov","EGIN",0.813675213675214
21,"wINEQ","EGIN",0.813675213675214
21,"adiv","EGSP",0.89640830837412
21,"abdiv","EHEI",0.504613265828351
21,"adiv","EHEI",0.504613265828351
21,"benthos","EHURE",0.847627468317123
21,"BiodiversityR","EHURE",0.84762747
21,"mobr","EHURE",0.847627468317123
21,"vegan","EHURE",0.847627468317143
21,"abdiv","EMC",0.457944346272078
21,"tabula","EMC",0.800638363873721
21,"microbiome","EMN",0.47008547008547
21,"abdiv","EPIE",0.774790088398368
21,"adiv","EPIE",0.774790088398368
21,"BiodiversityR","EPIE",0.77479009
21,"breakaway","EPIE",0.774790088398368
21,"chemodiv","EPIE",0.774790088398368
21,"diverse","EPIE",0.804998230734374
21,"forestmangr","EPIE",1
21,"microbiome","EPIE",0.774790088398368
21,"OTUtable","EPIE",0.774790088398368
21,"pctax","EPIE",0.7748
21,"sprex","EPIE",0.774790088398368
21,"tabula","EPIE",0.774790088398368
21,"adiv","ESP",0.391561784897025
21,"codyn","ESP",0.391561784897025
21,"sprex","ESP",0.13426089132478
21,"tabula","ESP",0.391561784897025
21,"abdiv","EST",0.490918803418803
21,"adiv","QHIL_0",16
21,"adiv","QHIL_1",8.56919898742526
21,"adiv","QHIL_2",6.2649885583524
21,"adiv","QHIL_3",5.46261832665698
21,"BAT","QHIL_0",16
21,"BAT","QHIL_1",8.56919898742526
21,"BAT","QHIL_2",6.2649885583524
21,"BAT","QHIL_3",5.46261832665698
21,"benthos","QHIL_0",35
21,"benthos","QHIL_1",8.56919898742526
21,"benthos","QHIL_2",6.2649885583524
21,"benthos","QHIL_3",5.46261832665698
21,"breakaway","QHIL_0",16
21,"breakaway","QHIL_1",8.56919898742526
21,"breakaway","QHIL_2",6.2649885583524
21,"breakaway","QHIL_3",5.46261832665698
21,"chemodiv","QHIL_0",16
21,"chemodiv","QHIL_1",8.56919898742526
21,"chemodiv","QHIL_2",6.2649885583524
21,"chemodiv","QHIL_3",5.46261832665698
21,"divDyn","QHIL_2",6.2649885583524
21,"divent","QHIL_0",16
21,"divent","QHIL_1",8.56919898742526
21,"divent","QHIL_2",6.2649885583524
21,"divent","QHIL_3",5.46261832665699
21,"entropart","QHIL_0",16
21,"entropart","QHIL_1",8.56919898742526
21,"entropart","QHIL_2",6.2649885583524
21,"entropart","QHIL_3",5.46261832665698
21,"EntropyEstimation","QHIL_1",9.18118664321045
21,"EntropyEstimation","QHIL_2",6.56286266924564
21,"EntropyEstimation","QHIL_3",5.74118685974776
21,"extremefit","QHIL",NA
21,"hilldiv","QHIL_0",16
21,"hilldiv","QHIL_1",8.56923922153426
21,"hilldiv","QHIL_2",6.2649885583524
21,"hilldiv","QHIL_3",5.46261832665698
21,"hillR","QHIL_0",16
21,"hillR","QHIL_1",8.56919898742526
21,"hillR","QHIL_2",6.2649885583524
21,"hillR","QHIL_3",5.46261832665698
21,"sprex","QHIL_0",16
21,"sprex","QHIL_1",8.56919898742526
21,"sprex","QHIL_2",6.2649885583524
21,"sprex","QHIL_3",5.46261832665698
21,"vegan","QHIL_0",16
21,"vegan","QHIL_1",8.56919898742526
21,"vegan","QHIL_2",6.2649885583524
21,"vegan","QHIL_3",5.46261832665698
21,"adiv","QREN_0",2.77258872223978
21,"adiv","QREN_1",2.14817426119648
21,"adiv","QREN_2",1.83497676206582
21,"adiv","QREN_3",1.69792822181767
21,"BiodiversityR","QREN_0",2.77258872223978
21,"BiodiversityR","QREN_1",2.14817426119648
21,"BiodiversityR","QREN_2",1.83497676206582
21,"BiodiversityR","QREN_3",1.69792822181767
21,"diverse","QREN_0",2.89037175789616
21,"diverse","QREN_1",2.32674415127102
21,"diverse","QREN_2",1.96491932447799
21,"diverse","QREN_3",1.77255855055938
21,"EntropyEstimation","QREN_1",2.21715646024481
21,"EntropyEstimation","QREN_2",1.8814268902758
21,"EntropyEstimation","QREN_3",1.74766595894841
21,"seewave","QREN_2",0.516117342889838
21,"seewave","QREN_3",0.477570189137922
21,"sprex","QREN_0",2.77258872223978
21,"sprex","QREN_1",2.14817426119648
21,"sprex","QREN_2",1.83497676206582
21,"sprex","QREN_3",1.69792822181767
21,"statcomp","QREN_1",0.604209271228584
21,"statcomp","QREN_2",0.51611733375469
21,"statcomp","QREN_3",0.47757018228656
21,"vegan","QREN_0",2.77258872223978
21,"vegan","QREN_1",2.14817426119648
21,"vegan","QREN_2",1.83497676206582
21,"vegan","QREN_3",1.69792822181767
21,"adiv","QTSA_0",15
21,"adiv","QTSA_1",2.14817426119648
21,"adiv","QTSA_2",0.840382789100738
21,"adiv","QTSA_3",0.483244079562291
21,"divent","QTSA_0",15
21,"divent","QTSA_1",2.14817426119648
21,"divent","QTSA_2",0.840382789100738
21,"divent","QTSA_3",0.483244079562291
21,"entropart","QTSA_0",19
21,"entropart","QTSA_1",2.23733028444441
21,"entropart","QTSA_2",0.847614896363712
21,"entropart","QTSA_3",0.484322285362144
21,"EntropyEstimation","QTSA_1",2.21715646024481
21,"EntropyEstimation","QTSA_2",0.847627468317123
21,"EntropyEstimation","QTSA_3",0.484830661592281
21,"vegan","QTSA_0",15
21,"vegan","QTSA_1",2.14817426119648
21,"vegan","QTSA_2",0.840382789100738
21,"vegan","QTSA_3",0.483244079562291
21,"BAT","RACE",19.7168724279835
21,"ecodive","RACE",19.7168724279835
21,"fossil","RACE",17.7777777777778
21,"pctax","RACE",19.7169
21,"sprex","RACE",118.566056159088
21,"tabula","RACE",19.7168724279835
21,"vegan","RACE",19.7168724279835
21,"wiqid","RACE",19.7168724279835
21,"BiodiversityR","RBOO",16
21,"wiqid","RBOO",35
21,"BAT","RC1",17.2
21,"BiodiversityR","RC1",16
21,"biosampleR","RC1",20.5
21,"iNEXT","RC1",17.983
21,"microbiome","RC1",17.2
21,"pctax","RC1",17.2
21,"rareNMtests","RC1",16
21,"SpadeR","RC1",16
21,"SSP","RC1",15
21,"vegan","RC1",17.2
21,"wiqid","RC1",18
21,"BAT","RC1M",18.275
21,"divent","RC1M",17.982905982906
21,"ecodive","RC1M",18
21,"entropart","RC1M",17.982905982906
21,"fossil","RC1M",18
21,"mobr","RC1M",17.982905982906
21,"OTUtable","RC1M",18
21,"tabula","RC1M",17.982905982906
21,"wiqid","RC1M",18
21,"BAT","RCA2",35.078
21,"divDyn","RCA2",17.125
21,"fossil","RCA2",18
21,"tabula","RCA2",16
21,"wiqid","RCA2",16
21,"benthos","RHUR_2",1.84762746831714
21,"benthos","RHUR_3",2.57322108176678
21,"divent","RHUR_2",6.56283832297095
21,"divent","RHUR_3",6.67856755991917
21,"entropart","RHUR_2",1.84762746831714
21,"entropart","RHUR_3",2.57322108176677
21,"mobsim","RHUR_2",1.84762746831714
21,"mobsim","RHUR_3",2.57322108176678
21,"tabula","RHUR_2",1.84762746831834
21,"tabula","RHUR_3",2.57322108176717
21,"vegan","RHUR_2",1.84762746831714
21,"vegan","RHUR_3",2.57322108176678
21,"BAT","RICE",35.1517110067035
21,"fossil","RICE",17.7777777777778
21,"tabula","RICE",16
21,"wiqid","RICE",16
21,"BAT","RJA1",20
21,"BiodiversityR","RJA1",16
21,"divent","RJA1",20
21,"entropart","RJA1",20
21,"fossil","RJA1",19.965811965812
21,"SSP","RJA1",15
21,"tabula","RJA1",2.02701349212558
21,"wiqid","RJA1",20
21,"BAT","RJA2",20
21,"BiodiversityR","RJA2",16
21,"fossil","RJA2",19.8971411730032
21,"SSP","RJA2",15
21,"wiqid","RJA2",20
21,"wiqid","RMM",0
21,"divDyn","RSQ",18.565871559633
21,"ecodive","RSQ",18.565871559633
21,"tabula","RSQ",18.565871559633
22,"abdiv","D1SP",0.755949161709032
22,"ade4","D1SP",0.755949161709032
22,"adiv","D1SP",0.755949161709032
22,"agricolae","D1SP",1
22,"asbio","D1SP",0.755949161709032
22,"BiodiversityR","D1SP",0.75594916
22,"biosampleR","D1SP",0.758866975083191
22,"breakaway","D1SP",0.755949161709032
22,"catsim","D1SP",0.60734693877551
22,"concstats","D1SP",0.977766201126205
22,"CUB","D1SP",0.778182960582827
22,"DescTools","D1SP",0.755949161709032
22,"divent","D1SP",0.755949161709032
22,"diverse","D1SP",0.758866975083191
22,"ecodive","D1SP",0.755949161709032
22,"entropart","D1SP",0.755949161709032
22,"lawstat","D1SP",0.899452804377565
22,"MCPAN","D1SP",-7219
22,"microbiome","D1SP",0.755949161709032
22,"PCRA","D1SP",0.755949161709032
22,"RoughSets","D1SP",0.755949161709032
22,"simboot","D1SP",-7219
22,"sprex","D1SP",0.755949161709032
22,"untb","D1SP",0.760369917040664
22,"vegan","D1SP",0.755949161709032
22,"abdiv","DBRI",1.63537996958731
22,"ecodive","DBRI",1.63537996958731
22,"tabula","DBRI",1.63537996958731
22,"wiqid","DBRI",5.13140740539989
22,"BiodiversityR","DFIS",3.60198351
22,"ecodive","DFIS",3.602
22,"microbiome","DFIS",3.60198351312689
22,"preseqR","DFIS",12.5954937449575
22,"sads","DFIS",3.60199852817939
22,"vegan","DFIS",3.60198351312689
22,"abdiv","DINVSP",4.09750692520776
22,"adiv","DINVSP",4.09750692520776
22,"asbio","DINVSP",4.09750692520776
22,"BiodiversityR","DINVSP",4.09750693
22,"breakaway","DINVSP",4.09750692520776
22,"chemodiv","DINVSP",4.09750692520776
22,"codyn","DINVSP",4.09750692520776
22,"divseg","DINVSP",1.24405083829097
22,"ecodive","DINVSP",4.09750692520776
22,"microbiome","DINVSP",4.09750692520776
22,"sprex","DINVSP",4.09750692520776
22,"vegan","DINVSP",4.09750692520776
22,"asbio","DLMD",20.9797289751479
22,"Compositional","DLMD",0.999958992306093
22,"sads","DLMD",1.42368448569112
22,"vegan","DLMD",32.3903550601577
22,"abdiv","DMC",0.547750571220132
22,"adiv","DMC",0.547750571220132
22,"agricolae","DMC",0.547750571220132
22,"ecodive","DMC",0.547750571220132
22,"forestHES","DMC",0.547750571220132
22,"tabula","DMC",0.547750571220132
22,"abdiv","DMG",2.52550052429539
22,"adiv","DMG",2.52550052429539
22,"agricolae","DMG",6.60515521738794
22,"ecodive","DMG",2.52550052429539
22,"tabula","DMG",2.52550052429539
22,"abdiv","DMN",1.06748999232823
22,"adiv","DMN",1.06748999232823
22,"ecodive","DMN",1.06748999232823
22,"tabula","DMN",1.06748999232823
22,"abdiv","DQ",0
22,"ade4","DRAO",0.755949161709032
22,"BAT","DRAO",0.755949161709032
22,"chemodiv","DRAO",109.199482498383
22,"diverse","DRAO",49.6659951022685
22,"SYNCSA","DRAO",0.755949161709032
22,"abdiv","DSHA",1.75099521105059
22,"adiv","DSHA",1.75099521105059
22,"aqp","DSHA",-842.819375301043
22,"asbio","DSHA",1.75099521105059
22,"benthos","DSHA",0
22,"BiodiversityR","DSHA",1.75099521
22,"biosampleR","DSHA",1.64167062992938
22,"chemodiv","DSHA",1.75099521105059
22,"codyn","DSHA",1.75099521105059
22,"DescTools","DSHA",2.52615210760301
22,"divDyn","DSHA",1.75099521105059
22,"divent","DSHA",1.75099521105059
22,"diverse","DSHA",1.64167062992938
22,"ecodive","DSHA",1.75099521105059
22,"EconGeo","DSHA",2.526
22,"entropart","DSHA",1.83401359198298
22,"forestmangr","DSHA",3.56
22,"HardyWeinberg","DSHA",1.75099521105059
22,"iNEXT","DSHA",1.751
22,"MCPAN","DSHA",1.75099521105059
22,"microbiome","DSHA",1.75099521105059
22,"OTUtable","DSHA",1.75099521105059
22,"pgirmess","DSHA",2.52615210760301
22,"SpiecEasi","DSHA",1.75099521105059
22,"sprex","DSHA",1.75099521105059
22,"tabula","DSHA",1.75099521105059
22,"triversity","DSHA",14
22,"vegan","DSHA",1.75099521105059
22,"wavethresh","DSHA",-56877.4711035749
22,"wiqid","DSHA",4.17309875141884
22,"abdiv","DSP",0.244050838290968
22,"agricolae","DSP",0.244050838290968
22,"antitrust","DSP",2440.50838290968
22,"benthos","DSP",0.239630082959336
22,"breakaway","DSP",0.244050838290968
22,"concstats","DSP",0.244050838290968
22,"DescTools","DSP",0.244050838290968
22,"diverse","DSP",0.234234234234234
22,"divseg","DSP",1.24405083829097
22,"EconGeo","DSP",0.244050838290968
22,"hhi","DSP",0.244050838290968
22,"ineq","DSP",0.244050838290968
22,"microbiome","DSP",0.244050838290968
22,"PDtoolkit","DSP",0.244050838290968
22,"politics","DSP",0.244050838290968
22,"REAT","DSP",0.244050838290968
22,"sprex","DSP",0.244050838290968
22,"tabula","DSP",0.244050838290968
22,"triversity","DSP",0.244050838290968
22,"wiqid","DSP",4.17309875141884
22,"abdiv","EBP",0.401162790697674
22,"agricolae","EBP",0.401162790697674
22,"BiodiversityR","EBP",0.40116279
22,"diverse","EBP",0.378378378378378
22,"dyvDyn","EBP",0.401162790697674
22,"ecodive","EBP",0.401162790697674
22,"microbiome","EBP",0.401162790697674
22,"tabula","EBP",0.401162790697674
22,"triversity","EBP",0.401162790697674
22,"wiqid","EBP",1
22,"tabula","EBRI",0.659085287331253
22,"BAT","EBU",0.368515205724508
22,"microbiome","EBU",0.368515205724508
22,"BAT","ECAM",0.894709941221569
22,"microbiome","ECAM",0.42358803986711
22,"codyn","EEQ",0.138465856014557
22,"adiv","EEVAR",0.286741939884118
22,"codyn","EEVAR",0.275642718375239
22,"microbiome","EEVAR",0.286741939884118
22,"acid","EGIN",0.87375415282392
22,"DescTools","EGIN",0.87375415282392
22,"dplR","EGIN",0.87375415282392
22,"EconGeo","EGIN",0.874
22,"giniVarCI","EGIN",0.87375415282392
22,"ineq","EGIN",0.87375415282392
22,"microbiome","EGIN",0.87375415282392
22,"REAT","EGIN",0.87375415282392
22,"shipunov","EGIN",0.87375415282392
22,"wINEQ","EGIN",0.87375415282392
22,"adiv","EGSP",0.814099097225111
22,"abdiv","EHEI",0.366179428533469
22,"adiv","EHEI",0.366179428533469
22,"benthos","EHURE",0.760369917040664
22,"BiodiversityR","EHURE",0.76036992
22,"mobr","EHURE",0.760369917040664
22,"vegan","EHURE",0.760369917040636
22,"abdiv","EMC",0.534268835052029
22,"tabula","EMC",0.690539399111038
22,"microbiome","EMN",0.622093023255814
22,"abdiv","EPIE",0.663492676495157
22,"adiv","EPIE",0.663492676495157
22,"BiodiversityR","EPIE",0.66349268
22,"breakaway","EPIE",0.663492676495157
22,"chemodiv","EPIE",0.663492676495157
22,"diverse","EPIE",0.747156502281455
22,"forestmangr","EPIE",1
22,"microbiome","EPIE",0.663492676495157
22,"OTUtable","EPIE",0.663492676495157
22,"pctax","EPIE",0.6635
22,"sprex","EPIE",0.663492676495157
22,"tabula","EPIE",0.663492676495157
22,"adiv","ESP",0.292679066086268
22,"codyn","ESP",0.292679066086268
22,"sprex","ESP",0.125071086503614
22,"tabula","ESP",0.292679066086268
22,"abdiv","EST",0.586378737541528
22,"adiv","QHIL_0",14
22,"adiv","QHIL_1",5.76033257093509
22,"adiv","QHIL_2",4.09750692520776
22,"adiv","QHIL_3",3.54427678709851
22,"BAT","QHIL_0",14
22,"BAT","QHIL_1",5.76033257093509
22,"BAT","QHIL_2",4.09750692520776
22,"BAT","QHIL_3",3.54427678709851
22,"benthos","QHIL_0",35
22,"benthos","QHIL_1",5.76033257093509
22,"benthos","QHIL_2",4.09750692520776
22,"benthos","QHIL_3",3.54427678709851
22,"breakaway","QHIL_0",14
22,"breakaway","QHIL_1",5.76033257093509
22,"breakaway","QHIL_2",4.09750692520776
22,"breakaway","QHIL_3",3.54427678709851
22,"chemodiv","QHIL_0",14
22,"chemodiv","QHIL_1",5.76033257093509
22,"chemodiv","QHIL_2",4.09750692520776
22,"chemodiv","QHIL_3",3.54427678709851
22,"divDyn","QHIL_2",4.09750692520776
22,"divent","QHIL_0",14
22,"divent","QHIL_1",5.76033257093509
22,"divent","QHIL_2",4.09750692520776
22,"divent","QHIL_3",3.54427678709851
22,"entropart","QHIL_0",14
22,"entropart","QHIL_1",5.76033257093509
22,"entropart","QHIL_2",4.09750692520776
22,"entropart","QHIL_3",3.54427678709851
22,"EntropyEstimation","QHIL_1",6.00055233328245
22,"EntropyEstimation","QHIL_2",4.17309875141884
22,"EntropyEstimation","QHIL_3",3.60961000460013
22,"extremefit","QHIL",NA
22,"hilldiv","QHIL_0",14
22,"hilldiv","QHIL_1",5.7603648302836
22,"hilldiv","QHIL_2",4.09750692520776
22,"hilldiv","QHIL_3",3.54427678709851
22,"hillR","QHIL_0",14
22,"hillR","QHIL_1",5.76033257093509
22,"hillR","QHIL_2",4.09750692520776
22,"hillR","QHIL_3",3.54427678709851
22,"sprex","QHIL_0",14
22,"sprex","QHIL_1",5.76033257093509
22,"sprex","QHIL_2",4.09750692520776
22,"sprex","QHIL_3",3.54427678709851
22,"vegan","QHIL_0",14
22,"vegan","QHIL_1",5.76033257093509
22,"vegan","QHIL_2",4.09750692520776
22,"vegan","QHIL_3",3.54427678709851
22,"adiv","QREN_0",2.63905732961526
22,"adiv","QREN_1",1.75099521105059
22,"adiv","QREN_2",1.41037872174003
22,"adiv","QREN_3",1.26533412989027
22,"BiodiversityR","QREN_0",2.63905732961526
22,"BiodiversityR","QREN_1",1.75099521105059
22,"BiodiversityR","QREN_2",1.41037872174003
22,"BiodiversityR","QREN_3",1.26533412989027
22,"diverse","QREN_0",2.19722457733622
22,"diverse","QREN_1",1.64167062992938
22,"diverse","QREN_2",1.42240652716206
22,"diverse","QREN_3",1.31217638368217
22,"EntropyEstimation","QREN_1",1.79185152053828
22,"EntropyEstimation","QREN_2",1.4286588657001
22,"EntropyEstimation","QREN_3",1.28359973454219
22,"seewave","QREN_2",0.396692172402327
22,"seewave","QREN_3",0.355895998456518
22,"sprex","QREN_0",2.63905732961526
22,"sprex","QREN_1",1.75099521105059
22,"sprex","QREN_2",1.41037872174003
22,"sprex","QREN_3",1.26533412989027
22,"statcomp","QREN_1",0.49249614405321
22,"statcomp","QREN_2",0.396692165534194
22,"statcomp","QREN_3",0.355895993305418
22,"vegan","QREN_0",2.63905732961526
22,"vegan","QREN_1",1.75099521105059
22,"vegan","QREN_2",1.41037872174003
22,"vegan","QREN_3",1.26533412989027
22,"adiv","QTSA_0",13
22,"adiv","QTSA_1",1.75099521105059
22,"adiv","QTSA_2",0.755949161709032
22,"adiv","QTSA_3",0.460197097425384
22,"divent","QTSA_0",13
22,"divent","QTSA_1",1.75099521105059
22,"divent","QTSA_2",0.755949161709032
22,"divent","QTSA_3",0.460197097425384
22,"entropart","QTSA_0",18
22,"entropart","QTSA_1",1.83401359198298
22,"entropart","QTSA_2",0.760256732118072
22,"entropart","QTSA_3",0.460767731269584
22,"EntropyEstimation","QTSA_1",1.79185152053828
22,"EntropyEstimation","QTSA_2",0.760369917040664
22,"EntropyEstimation","QTSA_3",0.461624907000744
22,"vegan","QTSA_0",13
22,"vegan","QTSA_1",1.75099521105059
22,"vegan","QTSA_2",0.755949161709032
22,"vegan","QTSA_3",0.460197097425384
22,"BAT","RACE",18.4455429230516
22,"ecodive","RACE",18.4455429230516
22,"fossil","RACE",16.9411764705882
22,"pctax","RACE",18.4455
22,"sprex","RACE",172.814588349805
22,"tabula","RACE",18.4455429230516
22,"vegan","RACE",18.4455429230516
22,"wiqid","RACE",18.4455429230516
22,"BiodiversityR","RBOO",14
22,"wiqid","RBOO",35
22,"BAT","RC1",19
22,"BiodiversityR","RC1",14
22,"biosampleR","RC1",9.33333333333333
22,"iNEXT","RC1",26.427
22,"microbiome","RC1",19
22,"pctax","RC1",19
22,"rareNMtests","RC1",14
22,"SpadeR","RC1",14
22,"SSP","RC1",13
22,"vegan","RC1",19
22,"wiqid","RC1",26.5
22,"BAT","RC1M",21.4234693877551
22,"divent","RC1M",26.4273255813953
22,"ecodive","RC1M",26.5
22,"entropart","RC1M",26.4273255813953
22,"fossil","RC1M",26.5
22,"mobr","RC1M",26.4273255813954
22,"OTUtable","RC1M",26.5
22,"tabula","RC1M",26.4273255813954
22,"wiqid","RC1M",26.5
22,"BAT","RCA2",35.0571666666667
22,"divDyn","RCA2",18.6428571428571
22,"fossil","RCA2",26.5
22,"tabula","RCA2",14
22,"wiqid","RCA2",14
22,"benthos","RHUR_2",1.76036991704064
22,"benthos","RHUR_3",2.35785993712046
22,"divent","RHUR_2",4.17309667957312
22,"divent","RHUR_3",4.31060800057009
22,"entropart","RHUR_2",1.76036991704063
22,"entropart","RHUR_3",2.35785993712046
22,"mobsim","RHUR_2",1.76036991704064
22,"mobsim","RHUR_3",2.35785993712046
22,"tabula","RHUR_2",1.7606229164185
22,"tabula","RHUR_3",2.35795237158821
22,"vegan","RHUR_2",1.76036991704064
22,"vegan","RHUR_3",2.35785993712046
22,"BAT","RICE",35.1721047887339
22,"fossil","RICE",16.9411764705882
22,"tabula","RICE",14
22,"wiqid","RICE",14
22,"BAT","RJA1",19
22,"BiodiversityR","RJA1",14
22,"divent","RJA1",19
22,"entropart","RJA1",19
22,"fossil","RJA1",18.9709302325581
22,"SSP","RJA1",13
22,"tabula","RJA1",1.56372525283651
22,"wiqid","RJA1",19
22,"BAT","RJA2",23
22,"BiodiversityR","RJA2",14
22,"fossil","RJA2",22.842989256086
22,"SSP","RJA2",13
22,"wiqid","RJA2",23
22,"wiqid","RMM",0
22,"divDyn","RSQ",20.1157416819137
22,"ecodive","RSQ",20.1157416819137
22,"tabula","RSQ",20.1157416819137
23,"abdiv","D1SP",0.85230909922268
23,"ade4","D1SP",0.85230909922268
23,"adiv","D1SP",0.85230909922268
23,"agricolae","D1SP",1
23,"asbio","D1SP",0.85230909922268
23,"BiodiversityR","D1SP",0.8523091
23,"biosampleR","D1SP",0.741299572204879
23,"breakaway","D1SP",0.85230909922268
23,"catsim","D1SP",0.643265306122449
23,"concstats","D1SP",0.97493208531698
23,"CUB","D1SP",0.8773770139057
23,"DescTools","D1SP",0.85230909922268
23,"divent","D1SP",0.852309099222679
23,"diverse","D1SP",0.741299572204879
23,"ecodive","D1SP",0.85230909922268
23,"entropart","D1SP",0.852309099222679
23,"lawstat","D1SP",0.818445896877269
23,"MCPAN","D1SP",-968
23,"microbiome","D1SP",0.85230909922268
23,"PCRA","D1SP",0.85230909922268
23,"RoughSets","D1SP",0.85230909922268
23,"simboot","D1SP",-968
23,"sprex","D1SP",0.85230909922268
23,"untb","D1SP",0.862962962962963
23,"vegan","D1SP",0.85230909922268
23,"abdiv","DBRI",1.98093516845665
23,"ecodive","DBRI",1.98093516845665
23,"tabula","DBRI",1.98093516845665
23,"wiqid","DBRI",7.2495193379622
23,"BiodiversityR","DFIS",5.4152853
23,"ecodive","DFIS",5.415
23,"microbiome","DFIS",5.41528530148173
23,"preseqR","DFIS",8.41843778483151
23,"sads","DFIS",5.41527959656288
23,"vegan","DFIS",5.41528530148173
23,"abdiv","DINVSP",6.77089783281734
23,"adiv","DINVSP",6.77089783281734
23,"asbio","DINVSP",6.77089783281734
23,"BiodiversityR","DINVSP",6.77089783
23,"breakaway","DINVSP",6.77089783281734
23,"chemodiv","DINVSP",6.77089783281734
23,"codyn","DINVSP",6.77089783281734
23,"divseg","DINVSP",1.14769090077732
23,"ecodive","DINVSP",6.77089783281734
23,"microbiome","DINVSP",6.77089783281734
23,"sprex","DINVSP",6.77089783281734
23,"vegan","DINVSP",6.77089783281734
23,"asbio","DLMD",30.7561373009926
23,"Compositional","DLMD",0.999958992306093
23,"sads","DLMD",1.18512785637611
23,"vegan","DLMD",18.6904733183579
23,"abdiv","DMC",0.692656043992406
23,"adiv","DMC",0.692656043992406
23,"agricolae","DMC",0.692656043992406
23,"ecodive","DMC",0.692656043992406
23,"forestHES","DMC",0.692656043992406
23,"tabula","DMC",0.692656043992406
23,"abdiv","DMG",3.18583729319393
23,"adiv","DMG",3.18583729319393
23,"agricolae","DMG",7.73703342632812
23,"ecodive","DMG",3.18583729319393
23,"tabula","DMG",3.18583729319393
23,"abdiv","DMN",1.66666666666667
23,"adiv","DMN",1.66666666666667
23,"ecodive","DMN",1.66666666666667
23,"tabula","DMN",1.66666666666667
23,"abdiv","DQ",0
23,"ade4","DRAO",0.85230909922268
23,"BAT","DRAO",0.85230909922268
23,"chemodiv","DRAO",227.947689847723
23,"diverse","DRAO",212.128343815158
23,"SYNCSA","DRAO",0.852309099222679
23,"abdiv","DSHA",2.22923289456105
23,"adiv","DSHA",2.22923289456105
23,"aqp","DSHA",-253.023487634103
23,"asbio","DSHA",2.22923289456105
23,"benthos","DSHA",0
23,"BiodiversityR","DSHA",2.22923289
23,"biosampleR","DSHA",1.99564653126028
23,"chemodiv","DSHA",2.22923289456105
23,"codyn","DSHA",2.22923289456105
23,"DescTools","DSHA",3.21610324196978
23,"divDyn","DSHA",2.22923289456105
23,"divent","DSHA",2.22923289456105
23,"diverse","DSHA",1.99564653126028
23,"ecodive","DSHA",2.22923289456105
23,"EconGeo","DSHA",3.216
23,"entropart","DSHA",2.36253488263644
23,"forestmangr","DSHA",3.56
23,"HardyWeinberg","DSHA",2.22923289456105
23,"iNEXT","DSHA",2.229
23,"MCPAN","DSHA",2.22923289456105
23,"microbiome","DSHA",2.22923289456105
23,"OTUtable","DSHA",2.22923289456105
23,"pgirmess","DSHA",3.21610324196978
23,"SpiecEasi","DSHA",2.22923289456105
23,"sprex","DSHA",2.22923289456105
23,"tabula","DSHA",2.22923289456105
23,"triversity","DSHA",15
23,"vegan","DSHA",2.22923289456105
23,"wavethresh","DSHA",-5250.05653012598
23,"wiqid","DSHA",7.2972972972973
23,"abdiv","DSP",0.147690900777321
23,"agricolae","DSP",0.147690900777321
23,"antitrust","DSP",1476.90900777321
23,"benthos","DSP",0.137037037037037
23,"breakaway","DSP",0.147690900777321
23,"concstats","DSP",0.147690900777321
23,"DescTools","DSP",0.147690900777321
23,"diverse","DSP",0.2546934030805
23,"divseg","DSP",1.14769090077732
23,"EconGeo","DSP",0.147690900777321
23,"hhi","DSP",0.147690900777321
23,"ineq","DSP",0.147690900777321
23,"microbiome","DSP",0.147690900777321
23,"PDtoolkit","DSP",0.147690900777321
23,"politics","DSP",0.147690900777321
23,"REAT","DSP",0.147690900777321
23,"sprex","DSP",0.147690900777321
23,"tabula","DSP",0.147690900777321
23,"triversity","DSP",0.147690900777321
23,"wiqid","DSP",7.2972972972973
23,"abdiv","EBP",0.246913580246914
23,"agricolae","EBP",0.246913580246914
23,"BiodiversityR","EBP",0.24691358
23,"diverse","EBP",0.478494623655914
23,"dyvDyn","EBP",0.246913580246914
23,"ecodive","EBP",0.246913580246914
23,"microbiome","EBP",0.246913580246914
23,"tabula","EBP",0.246913580246914
23,"triversity","EBP",0.246913580246914
23,"wiqid","EBP",1
23,"tabula","EBRI",0.820726036212535
23,"BAT","EBU",0.558201058201058
23,"microbiome","EBU",0.558201058201058
23,"BAT","ECAM",0.925455614344503
23,"microbiome","ECAM",0.450205761316872
23,"codyn","EEQ",0.196063529387423
23,"adiv","EEVAR",0.514801553852728
23,"codyn","EEVAR",0.502072782795086
23,"microbiome","EEVAR",0.514801553852728
23,"acid","EGIN",0.795061728395062
23,"DescTools","EGIN",0.795061728395062
23,"dplR","EGIN",0.795061728395062
23,"EconGeo","EGIN",0.795
23,"giniVarCI","EGIN",0.795061728395062
23,"ineq","EGIN",0.795061728395062
23,"microbiome","EGIN",0.795061728395062
23,"REAT","EGIN",0.795061728395062
23,"shipunov","EGIN",0.795061728395062
23,"wINEQ","EGIN",0.795061728395062
23,"adiv","EGSP",0.913188320595728
23,"abdiv","EHEI",0.592338202656399
23,"adiv","EHEI",0.592338202656399
23,"benthos","EHURE",0.862962962962963
23,"BiodiversityR","EHURE",0.86296296
23,"mobr","EHURE",0.862962962962963
23,"vegan","EHURE",0.86296296296296
23,"abdiv","EMC",0.463885625362245
23,"tabula","EMC",0.829999110026577
23,"microbiome","EMN",0.481481481481481
23,"abdiv","EPIE",0.823187433399028
23,"adiv","EPIE",0.823187433399028
23,"BiodiversityR","EPIE",0.82318743
23,"breakaway","EPIE",0.823187433399028
23,"chemodiv","EPIE",0.823187433399028
23,"diverse","EPIE",0.677768004492741
23,"forestmangr","EPIE",1
23,"microbiome","EPIE",0.823187433399028
23,"OTUtable","EPIE",0.823187433399028
23,"pctax","EPIE",0.8232
23,"sprex","EPIE",0.823187433399028
23,"tabula","EPIE",0.823187433399028
23,"adiv","ESP",0.451393188854489
23,"codyn","ESP",0.451393188854489
23,"sprex","ESP",0.14861552630407
23,"tabula","ESP",0.451393188854489
23,"abdiv","EST",0.412345679012346
23,"adiv","QHIL_0",15
23,"adiv","QHIL_1",9.29273483718959
23,"adiv","QHIL_2",6.77089783281734
23,"adiv","QHIL_3",5.73234387289602
23,"BAT","QHIL_0",15
23,"BAT","QHIL_1",9.29273483718959
23,"BAT","QHIL_2",6.77089783281734
23,"BAT","QHIL_3",5.73234387289602
23,"benthos","QHIL_0",35
23,"benthos","QHIL_1",9.29273483718959
23,"benthos","QHIL_2",6.77089783281734
23,"benthos","QHIL_3",5.73234387289602
23,"breakaway","QHIL_0",15
23,"breakaway","QHIL_1",9.29273483718959
23,"breakaway","QHIL_2",6.77089783281734
23,"breakaway","QHIL_3",5.73234387289602
23,"chemodiv","QHIL_0",15
23,"chemodiv","QHIL_1",9.29273483718959
23,"chemodiv","QHIL_2",6.77089783281734
23,"chemodiv","QHIL_3",5.73234387289602
23,"divDyn","QHIL_2",6.77089783281734
23,"divent","QHIL_0",15
23,"divent","QHIL_1",9.29273483718959
23,"divent","QHIL_2",6.77089783281733
23,"divent","QHIL_3",5.73234387289602
23,"entropart","QHIL_0",15
23,"entropart","QHIL_1",9.29273483718959
23,"entropart","QHIL_2",6.77089783281733
23,"entropart","QHIL_3",5.73234387289602
23,"EntropyEstimation","QHIL_1",10.1991003413443
23,"EntropyEstimation","QHIL_2",7.2972972972973
23,"EntropyEstimation","QHIL_3",6.17440882974095
23,"extremefit","QHIL",NA
23,"hilldiv","QHIL_0",15
23,"hilldiv","QHIL_1",9.29277331621366
23,"hilldiv","QHIL_2",6.77089783281734
23,"hilldiv","QHIL_3",5.73234387289602
23,"hillR","QHIL_0",15
23,"hillR","QHIL_1",9.29273483718959
23,"hillR","QHIL_2",6.77089783281734
23,"hillR","QHIL_3",5.73234387289602
23,"sprex","QHIL_0",15
23,"sprex","QHIL_1",9.29273483718959
23,"sprex","QHIL_2",6.77089783281734
23,"sprex","QHIL_3",5.73234387289602
23,"vegan","QHIL_0",15
23,"vegan","QHIL_1",9.29273483718959
23,"vegan","QHIL_2",6.77089783281734
23,"vegan","QHIL_3",5.73234387289602
23,"adiv","QREN_0",2.70805020110221
23,"adiv","QREN_1",2.22923289456105
23,"adiv","QREN_2",1.91263369745411
23,"adiv","QREN_3",1.74612449994877
23,"BiodiversityR","QREN_0",2.70805020110221
23,"BiodiversityR","QREN_1",2.22923289456105
23,"BiodiversityR","QREN_2",1.91263369745411
23,"BiodiversityR","QREN_3",1.74612449994877
23,"diverse","QREN_0",2.94443897916644
23,"diverse","QREN_1",1.99564653126028
23,"diverse","QREN_2",1.3520845361575
23,"diverse","QREN_3",1.09487515679098
23,"EntropyEstimation","QREN_1",2.32229951457122
23,"EntropyEstimation","QREN_2",1.98750404635415
23,"EntropyEstimation","QREN_3",1.82041314185671
23,"seewave","QREN_2",0.537959635388154
23,"seewave","QREN_3",0.491126187024939
23,"sprex","QREN_0",2.70805020110221
23,"sprex","QREN_1",2.22923289456105
23,"sprex","QREN_2",1.91263369745411
23,"sprex","QREN_3",1.74612449994877
23,"statcomp","QREN_1",0.627008342363863
23,"statcomp","QREN_2",0.537959621498455
23,"statcomp","QREN_3",0.491126176607665
23,"vegan","QREN_0",2.70805020110221
23,"vegan","QREN_1",2.22923289456105
23,"vegan","QREN_2",1.91263369745411
23,"vegan","QREN_3",1.74612449994877
23,"adiv","QTSA_0",14
23,"adiv","QTSA_1",2.22923289456105
23,"adiv","QTSA_2",0.85230909922268
23,"adiv","QTSA_3",0.484783823604125
23,"divent","QTSA_0",14
23,"divent","QTSA_1",2.22923289456105
23,"divent","QTSA_2",0.852309099222679
23,"divent","QTSA_3",0.484783823604125
23,"entropart","QTSA_0",18
23,"entropart","QTSA_1",2.36253488263644
23,"entropart","QTSA_2",0.862766980750729
23,"entropart","QTSA_3",0.486318417521152
23,"EntropyEstimation","QTSA_1",2.32229951457122
23,"EntropyEstimation","QTSA_2",0.862962962962963
23,"EntropyEstimation","QTSA_3",0.486884669479606
23,"vegan","QTSA_0",14
23,"vegan","QTSA_1",2.22923289456105
23,"vegan","QTSA_2",0.85230909922268
23,"vegan","QTSA_3",0.484783823604125
23,"BAT","RACE",18.0710087156273
23,"ecodive","RACE",18.0710087156273
23,"fossil","RACE",16.3684210526316
23,"pctax","RACE",18.071
23,"sprex","RACE",111.271655227354
23,"tabula","RACE",18.0710087156273
23,"vegan","RACE",18.0710087156273
23,"wiqid","RACE",18.0710087156273
23,"BiodiversityR","RBOO",15
23,"wiqid","RBOO",35
23,"BAT","RC1",17
23,"BiodiversityR","RC1",15
23,"biosampleR","RC1",19.75
23,"iNEXT","RC1",18.951
23,"microbiome","RC1",17
23,"pctax","RC1",17
23,"rareNMtests","RC1",15
23,"SpadeR","RC1",15
23,"SSP","RC1",14
23,"vegan","RC1",17
23,"wiqid","RC1",19
23,"BAT","RC1M",18.2088888888889
23,"divent","RC1M",18.9506172839506
23,"ecodive","RC1M",19
23,"entropart","RC1M",18.9506172839506
23,"fossil","RC1M",19
23,"mobr","RC1M",18.9506172839506
23,"OTUtable","RC1M",19
23,"tabula","RC1M",18.9506172839506
23,"wiqid","RC1M",19
23,"BAT","RCA2",35.0678333333333
23,"divDyn","RCA2",16.8666666666667
23,"fossil","RCA2",19
23,"tabula","RCA2",15
23,"wiqid","RCA2",15
23,"benthos","RHUR_2",1.86296296296296
23,"benthos","RHUR_3",2.61511954992971
23,"divent","RHUR_2",7.29732004022744
23,"divent","RHUR_3",7.44567259947047
23,"entropart","RHUR_2",1.86296296296296
23,"entropart","RHUR_3",2.61511954992971
23,"mobsim","RHUR_2",1.86296296296296
23,"mobsim","RHUR_3",2.61511954992971
23,"tabula","RHUR_2",1.86296296296419
23,"tabula","RHUR_3",2.61511954993034
23,"vegan","RHUR_2",1.86296296296296
23,"vegan","RHUR_3",2.61511954992971
23,"BAT","RICE",35.1680143676513
23,"fossil","RICE",16.3684210526316
23,"tabula","RICE",15
23,"wiqid","RICE",15
23,"BAT","RJA1",19
23,"BiodiversityR","RJA1",15
23,"divent","RJA1",19
23,"entropart","RJA1",19
23,"fossil","RJA1",18.9506172839506
23,"SSP","RJA1",14
23,"tabula","RJA1",2.11584321189382
23,"wiqid","RJA1",19
23,"BAT","RJA2",21
23,"BiodiversityR","RJA2",15
23,"fossil","RJA2",20.7774691358025
23,"SSP","RJA2",14
23,"wiqid","RJA2",21
23,"wiqid","RMM",0
23,"divDyn","RSQ",17.3848638670974
23,"ecodive","RSQ",17.3848638670974
23,"tabula","RSQ",17.3848638670974
24,"abdiv","D1SP",0.828125
24,"ade4","D1SP",0.828125
24,"adiv","D1SP",0.828125
24,"agricolae","D1SP",1
24,"asbio","D1SP",0.828125
24,"BiodiversityR","D1SP",0.828125
24,"biosampleR","D1SP",0.879340277777778
24,"breakaway","D1SP",0.828125
24,"catsim","D1SP",0.573061224489796
24,"concstats","D1SP",0.975643382352941
24,"CUB","D1SP",0.852481617647059
24,"DescTools","D1SP",0.828125
24,"divent","D1SP",0.828125
24,"diverse","D1SP",0.879340277777778
24,"ecodive","D1SP",0.828125
24,"entropart","D1SP",0.828125
24,"lawstat","D1SP",0.85
24,"MCPAN","D1SP",-1099
24,"microbiome","D1SP",0.828125
24,"PCRA","D1SP",0.828125
24,"RoughSets","D1SP",0.828125
24,"simboot","D1SP",-1099
24,"sprex","D1SP",0.828125
24,"untb","D1SP",0.838607594936709
24,"vegan","D1SP",0.828125
24,"abdiv","DBRI",1.8376770079211
24,"ecodive","DBRI",1.8376770079211
24,"tabula","DBRI",1.8376770079211
24,"wiqid","DBRI",6.28192842835447
24,"BiodiversityR","DFIS",4.40128578
24,"ecodive","DFIS",4.401
24,"microbiome","DFIS",4.40128578012701
24,"preseqR","DFIS",8.19978791001082
24,"sads","DFIS",4.40127804322903
24,"vegan","DFIS",4.40128578012701
24,"abdiv","DINVSP",5.81818181818182
24,"adiv","DINVSP",5.81818181818182
24,"asbio","DINVSP",5.81818181818182
24,"BiodiversityR","DINVSP",5.81818182
24,"breakaway","DINVSP",5.81818181818182
24,"chemodiv","DINVSP",5.81818181818182
24,"codyn","DINVSP",5.81818181818182
24,"divseg","DINVSP",1.171875
24,"ecodive","DINVSP",5.81818181818182
24,"microbiome","DINVSP",5.81818181818182
24,"sprex","DINVSP",5.81818181818182
24,"vegan","DINVSP",5.81818181818182
24,"asbio","DLMD",10.7164159848276
24,"Compositional","DLMD",0.999958992306093
24,"sads","DLMD",1.25714098552324
24,"vegan","DLMD",18.4980592195944
24,"abdiv","DMC",0.659112971682245
24,"adiv","DMC",0.659112971682245
24,"agricolae","DMC",0.659112971682245
24,"ecodive","DMC",0.659112971682245
24,"forestHES","DMC",0.659112971682245
24,"tabula","DMC",0.659112971682245
24,"abdiv","DMG",2.73845893702402
24,"adiv","DMG",2.73845893702402
24,"agricolae","DMG",7.75896698823474
24,"ecodive","DMG",2.73845893702402
24,"tabula","DMG",2.73845893702402
24,"abdiv","DMN",1.45344418537486
24,"adiv","DMN",1.45344418537486
24,"ecodive","DMN",1.45344418537486
24,"tabula","DMN",1.45344418537486
24,"abdiv","DQ",0
24,"ade4","DRAO",0.828125
24,"BAT","DRAO",0.828124999999999
24,"chemodiv","DRAO",108.913796877281
24,"diverse","DRAO",157.830454834309
24,"SYNCSA","DRAO",0.828125
24,"abdiv","DSHA",2.05622663798673
24,"adiv","DSHA",2.05622663798673
24,"aqp","DSHA",-268.43360970561
24,"asbio","DSHA",2.05622663798673
24,"benthos","DSHA",0
24,"BiodiversityR","DSHA",2.05622664
24,"biosampleR","DSHA",2.43864573732106
24,"chemodiv","DSHA",2.05622663798673
24,"codyn","DSHA",2.05622663798673
24,"DescTools","DSHA",2.96650797356724
24,"divDyn","DSHA",2.05622663798673
24,"divent","DSHA",2.05622663798673
24,"diverse","DSHA",2.43864573732106
24,"ecodive","DSHA",2.05622663798673
24,"EconGeo","DSHA",2.967
24,"entropart","DSHA",2.2404307529089
24,"forestmangr","DSHA",3.56
24,"HardyWeinberg","DSHA",2.05622663798673
24,"iNEXT","DSHA",2.056
24,"MCPAN","DSHA",2.05622663798673
24,"microbiome","DSHA",2.05622663798673
24,"OTUtable","DSHA",2.05622663798673
24,"pgirmess","DSHA",2.96650797356724
24,"SpiecEasi","DSHA",2.05622663798673
24,"sprex","DSHA",2.05622663798673
24,"tabula","DSHA",2.05622663798673
24,"triversity","DSHA",13
24,"vegan","DSHA",2.05622663798673
24,"wavethresh","DSHA",-6201.96264124642
24,"wiqid","DSHA",6.19607843137255
24,"abdiv","DSP",0.171875
24,"agricolae","DSP",0.171875
24,"antitrust","DSP",1718.75
24,"benthos","DSP",0.161392405063291
24,"breakaway","DSP",0.171875
24,"concstats","DSP",0.171875
24,"DescTools","DSP",0.171875
24,"diverse","DSP",0.11140350877193
24,"divseg","DSP",1.171875
24,"EconGeo","DSP",0.171875
24,"hhi","DSP",0.171875
24,"ineq","DSP",0.171875
24,"microbiome","DSP",0.171875
24,"PDtoolkit","DSP",0.171875
24,"politics","DSP",0.171875
24,"REAT","DSP",0.171875
24,"sprex","DSP",0.171875
24,"tabula","DSP",0.171875
24,"triversity","DSP",0.171875
24,"wiqid","DSP",6.19607843137255
24,"abdiv","EBP",0.275
24,"agricolae","EBP",0.275
24,"BiodiversityR","EBP",0.275
24,"diverse","EBP",0.208333333333333
24,"dyvDyn","EBP",0.275
24,"ecodive","EBP",0.275
24,"microbiome","EBP",0.275
24,"tabula","EBP",0.275
24,"triversity","EBP",0.275
24,"wiqid","EBP",1
24,"tabula","EBRI",0.797901396077953
24,"BAT","EBU",0.51875
24,"microbiome","EBU",0.51875
24,"BAT","ECAM",0.911538461538462
24,"microbiome","ECAM",0.636538461538461
24,"codyn","EEQ",0.182044006492929
24,"adiv","EEVAR",0.468400355853577
24,"codyn","EEVAR",0.452276757977446
24,"microbiome","EEVAR",0.468400355853577
24,"acid","EGIN",0.825714285714286
24,"DescTools","EGIN",0.825714285714286
24,"dplR","EGIN",0.825714285714286
24,"EconGeo","EGIN",0.826
24,"giniVarCI","EGIN",0.825714285714286
24,"ineq","EGIN",0.825714285714286
24,"microbiome","EGIN",0.825714285714286
24,"REAT","EGIN",0.825714285714286
24,"shipunov","EGIN",0.825714285714286
24,"wINEQ","EGIN",0.825714285714286
24,"adiv","EGSP",0.897135416666667
24,"abdiv","EHEI",0.568034992681008
24,"adiv","EHEI",0.568034992681008
24,"benthos","EHURE",0.838607594936709
24,"BiodiversityR","EHURE",0.83860759
24,"mobr","EHURE",0.838607594936709
24,"vegan","EHURE",0.838607594936684
24,"abdiv","EMC",0.487107289668275
24,"tabula","EMC",0.810104449854066
24,"microbiome","EMN",0.5125
24,"abdiv","EPIE",0.801663639870739
24,"adiv","EPIE",0.801663639870739
24,"BiodiversityR","EPIE",0.80166364
24,"breakaway","EPIE",0.801663639870739
24,"chemodiv","EPIE",0.801663639870739
24,"diverse","EPIE",0.800994503145979
24,"forestmangr","EPIE",1
24,"microbiome","EPIE",0.801663639870739
24,"OTUtable","EPIE",0.801663639870739
24,"pctax","EPIE",0.8017
24,"sprex","EPIE",0.801663639870739
24,"tabula","EPIE",0.801663639870739
24,"adiv","ESP",0.447552447552447
24,"codyn","ESP",0.447552447552447
24,"sprex","ESP",0.158171279845133
24,"tabula","ESP",0.447552447552447
24,"abdiv","EST",0.444230769230769
24,"adiv","QHIL_0",13
24,"adiv","QHIL_1",7.81641991217209
24,"adiv","QHIL_2",5.81818181818182
24,"adiv","QHIL_3",5.05736895206929
24,"BAT","QHIL_0",13
24,"BAT","QHIL_1",7.81641991217209
24,"BAT","QHIL_2",5.81818181818182
24,"BAT","QHIL_3",5.05736895206929
24,"benthos","QHIL_0",35
24,"benthos","QHIL_1",7.81641991217209
24,"benthos","QHIL_2",5.81818181818182
24,"benthos","QHIL_3",5.05736895206929
24,"breakaway","QHIL_0",13
24,"breakaway","QHIL_1",7.81641991217209
24,"breakaway","QHIL_2",5.81818181818182
24,"breakaway","QHIL_3",5.05736895206929
24,"chemodiv","QHIL_0",13
24,"chemodiv","QHIL_1",7.81641991217209
24,"chemodiv","QHIL_2",5.81818181818182
24,"chemodiv","QHIL_3",5.05736895206929
24,"divDyn","QHIL_2",5.81818181818182
24,"divent","QHIL_0",13
24,"divent","QHIL_1",7.81641991217209
24,"divent","QHIL_2",5.81818181818182
24,"divent","QHIL_3",5.05736895206929
24,"entropart","QHIL_0",13
24,"entropart","QHIL_1",7.81641991217209
24,"entropart","QHIL_2",5.81818181818182
24,"entropart","QHIL_3",5.05736895206929
24,"EntropyEstimation","QHIL_1",8.47380012174565
24,"EntropyEstimation","QHIL_2",6.19607843137254
24,"EntropyEstimation","QHIL_3",5.40437341826792
24,"extremefit","QHIL",NA
24,"hilldiv","QHIL_0",13
24,"hilldiv","QHIL_1",7.81645200572209
24,"hilldiv","QHIL_2",5.81818181818182
24,"hilldiv","QHIL_3",5.05736895206929
24,"hillR","QHIL_0",13
24,"hillR","QHIL_1",7.81641991217209
24,"hillR","QHIL_2",5.81818181818182
24,"hillR","QHIL_3",5.05736895206929
24,"sprex","QHIL_0",13
24,"sprex","QHIL_1",7.81641991217209
24,"sprex","QHIL_2",5.81818181818182
24,"sprex","QHIL_3",5.05736895206929
24,"vegan","QHIL_0",13
24,"vegan","QHIL_1",7.81641991217209
24,"vegan","QHIL_2",5.81818181818182
24,"vegan","QHIL_3",5.05736895206929
24,"adiv","QREN_0",2.56494935746154
24,"adiv","QREN_1",2.05622663798673
24,"adiv","QREN_2",1.7609878105613
24,"adiv","QREN_3",1.62084637812134
24,"BiodiversityR","QREN_0",2.56494935746154
24,"BiodiversityR","QREN_1",2.05622663798673
24,"BiodiversityR","QREN_2",1.7609878105613
24,"BiodiversityR","QREN_3",1.62084637812134
24,"diverse","QREN_0",3.04452243772342
24,"diverse","QREN_1",2.43864573732106
24,"diverse","QREN_2",2.11478090812514
24,"diverse","QREN_3",1.96527235758418
24,"EntropyEstimation","QREN_1",2.13697906468824
24,"EntropyEstimation","QREN_2",1.82391658086259
24,"EntropyEstimation","QREN_3",1.68720851805629
24,"seewave","QREN_2",0.495306742154405
24,"seewave","QREN_3",0.45588966012299
24,"sprex","QREN_0",2.56494935746154
24,"sprex","QREN_1",2.05622663798673
24,"sprex","QREN_2",1.7609878105613
24,"sprex","QREN_3",1.62084637812134
24,"statcomp","QREN_1",0.578347492966787
24,"statcomp","QREN_2",0.495306726684752
24,"statcomp","QREN_3",0.45588964852075
24,"vegan","QREN_0",2.56494935746154
24,"vegan","QREN_1",2.05622663798673
24,"vegan","QREN_2",1.7609878105613
24,"vegan","QREN_3",1.62084637812134
24,"adiv","QTSA_0",12
24,"adiv","QTSA_1",2.05622663798673
24,"adiv","QTSA_2",0.828125
24,"adiv","QTSA_3",0.480451171875
24,"divent","QTSA_0",12
24,"divent","QTSA_1",2.05622663798673
24,"divent","QTSA_2",0.828125
24,"divent","QTSA_3",0.480451171875
24,"entropart","QTSA_0",27
24,"entropart","QTSA_1",2.2404307529089
24,"entropart","QTSA_2",0.838587245308527
24,"entropart","QTSA_3",0.481965417245127
24,"EntropyEstimation","QTSA_1",2.13697906468824
24,"EntropyEstimation","QTSA_2",0.838607594936709
24,"EntropyEstimation","QTSA_3",0.482880963972736
24,"vegan","QTSA_0",12
24,"vegan","QTSA_1",2.05622663798673
24,"vegan","QTSA_2",0.828125
24,"vegan","QTSA_3",0.480451171875
24,"BAT","RACE",15.2479338842975
24,"ecodive","RACE",15.2479338842975
24,"fossil","RACE",14.8181818181818
24,"pctax","RACE",15.2479
24,"sprex","RACE",81.7295801937317
24,"tabula","RACE",15.2479338842975
24,"vegan","RACE",15.2479338842975
24,"wiqid","RACE",15.2479338842975
24,"BiodiversityR","RBOO",13
24,"wiqid","RBOO",35
24,"BAT","RC1",19
24,"BiodiversityR","RC1",13
24,"biosampleR","RC1",34.75
24,"iNEXT","RC1",18.925
24,"microbiome","RC1",19
24,"pctax","RC1",19
24,"rareNMtests","RC1",13
24,"SpadeR","RC1",13
24,"SSP","RC1",12
24,"vegan","RC1",19
24,"wiqid","RC1",19
24,"BAT","RC1M",20.7988165680473
24,"divent","RC1M",18.925
24,"ecodive","RC1M",Inf
24,"entropart","RC1M",18.925
24,"fossil","RC1M",19
24,"mobr","RC1M",18.925
24,"OTUtable","RC1M",Inf
24,"tabula","RC1M",18.925
24,"wiqid","RC1M",19
24,"BAT","RCA2",35.0531666666667
24,"divDyn","RCA2",18.5384615384615
24,"fossil","RCA2",19
24,"tabula","RCA2",13
24,"wiqid","RCA2",13
24,"benthos","RHUR_2",1.83860759493668
24,"benthos","RHUR_3",2.55006085686466
24,"divent","RHUR_2",6.19610824582148
24,"divent","RHUR_3",6.31567747645734
24,"entropart","RHUR_2",1.83860759493668
24,"entropart","RHUR_3",2.55006085686465
24,"mobsim","RHUR_2",1.83860759493668
24,"mobsim","RHUR_3",2.55006085686466
24,"tabula","RHUR_2",1.83860759493751
24,"tabula","RHUR_3",2.55006085686519
24,"vegan","RHUR_2",1.83860759493668
24,"vegan","RHUR_3",2.55006085686466
24,"BAT","RICE",35.1808509671399
24,"fossil","RICE",14.8181818181818
24,"tabula","RICE",13
24,"wiqid","RICE",13
24,"BAT","RJA1",17
24,"BiodiversityR","RJA1",13
24,"divent","RJA1",27
24,"entropart","RJA1",27
24,"fossil","RJA1",16.95
24,"SSP","RJA1",12
24,"tabula","RJA1",1.92529473748093
24,"wiqid","RJA1",17
24,"BAT","RJA2",21
24,"BiodiversityR","RJA2",13
24,"fossil","RJA2",20.7
24,"SSP","RJA2",12
24,"wiqid","RJA2",21
24,"wiqid","RMM",0
24,"divDyn","RSQ",15.7725267800882
24,"ecodive","RSQ",15.7725267800882
24,"tabula","RSQ",15.7725267800882
25,"abdiv","D1SP",0.808116861656421
25,"ade4","D1SP",0.808116861656422
25,"adiv","D1SP",0.808116861656421
25,"agricolae","D1SP",1
25,"asbio","D1SP",0.808116861656421
25,"BiodiversityR","D1SP",0.80811686
25,"biosampleR","D1SP",0.796804733727811
25,"breakaway","D1SP",0.808116861656421
25,"catsim","D1SP",0.706938775510204
25,"concstats","D1SP",0.976231857010105
25,"CUB","D1SP",0.831885004646316
25,"DescTools","D1SP",0.808116861656422
25,"divent","D1SP",0.808116861656421
25,"diverse","D1SP",0.796804733727811
25,"ecodive","D1SP",0.808116861656421
25,"entropart","D1SP",0.808116861656421
25,"lawstat","D1SP",0.845050215208034
25,"MCPAN","D1SP",-2902
25,"microbiome","D1SP",0.808116861656421
25,"PCRA","D1SP",0.808116861656421
25,"RoughSets","D1SP",0.808116861656421
25,"simboot","D1SP",-2902
25,"sprex","D1SP",0.808116861656421
25,"untb","D1SP",0.814740770358523
25,"vegan","D1SP",0.808116861656421
25,"abdiv","DBRI",1.86238703806081
25,"ecodive","DBRI",1.86238703806081
25,"tabula","DBRI",1.86238703806081
25,"wiqid","DBRI",6.43908879123335
25,"BiodiversityR","DFIS",6.28262736
25,"ecodive","DFIS",6.283
25,"microbiome","DFIS",6.28262736388214
25,"preseqR","DFIS",12.046807621994
25,"sads","DFIS",6.28262641222983
25,"vegan","DFIS",6.28262736388214
25,"abdiv","DINVSP",5.21150533930417
25,"adiv","DINVSP",5.21150533930417
25,"asbio","DINVSP",5.21150533930417
25,"BiodiversityR","DINVSP",5.21150534
25,"breakaway","DINVSP",5.21150533930417
25,"chemodiv","DINVSP",5.21150533930417
25,"codyn","DINVSP",5.21150533930417
25,"divseg","DINVSP",1.19188313834358
25,"ecodive","DINVSP",5.21150533930417
25,"microbiome","DINVSP",5.21150533930417
25,"sprex","DINVSP",5.21150533930417
25,"vegan","DINVSP",5.21150533930417
25,"asbio","DLMD",28.0359708463137
25,"Compositional","DLMD",0.999958992306093
25,"sads","DLMD",0.950768416274215
25,"vegan","DLMD",NA
25,"abdiv","DMC",0.617646646405931
25,"adiv","DMC",0.617646646405931
25,"agricolae","DMC",0.617646646405931
25,"ecodive","DMC",0.617646646405931
25,"forestHES","DMC",0.617646646405931
25,"tabula","DMC",0.617646646405931
25,"abdiv","DMG",3.74050507435453
25,"adiv","DMG",3.74050507435453
25,"agricolae","DMG",7.06539847378078
25,"ecodive","DMG",3.74050507435453
25,"tabula","DMG",3.74050507435453
25,"abdiv","DMN",1.71317230586812
25,"adiv","DMN",1.71317230586812
25,"ecodive","DMN",1.71317230586812
25,"tabula","DMN",1.71317230586812
25,"abdiv","DQ",5.23158485696398
25,"ade4","DRAO",0.808116861656421
25,"BAT","DRAO",0.808116861656421
25,"chemodiv","DRAO",110.989204313897
25,"diverse","DRAO",209.957261300598
25,"SYNCSA","DRAO",0.808116861656422
25,"abdiv","DSHA",2.05845264623166
25,"adiv","DSHA",2.05845264623166
25,"aqp","DSHA",-488.653794928075
25,"asbio","DSHA",2.05845264623166
25,"benthos","DSHA",0
25,"BiodiversityR","DSHA",2.05845265
25,"biosampleR","DSHA",1.99034410181326
25,"chemodiv","DSHA",2.05845264623166
25,"codyn","DSHA",2.05845264623166
25,"DescTools","DSHA",2.96971942462319
25,"divDyn","DSHA",2.05845264623166
25,"divent","DSHA",2.05845264623166
25,"diverse","DSHA",1.99034410181326
25,"ecodive","DSHA",2.05845264623166
25,"EconGeo","DSHA",2.97
25,"entropart","DSHA",2.20227181864342
25,"forestmangr","DSHA",3.56
25,"HardyWeinberg","DSHA",2.05845264623166
25,"iNEXT","DSHA",2.058
25,"MCPAN","DSHA",2.05845264623166
25,"microbiome","DSHA",2.05845264623166
25,"OTUtable","DSHA",2.05845264623166
25,"pgirmess","DSHA",2.96971942462319
25,"SpiecEasi","DSHA",2.05845264623166
25,"sprex","DSHA",2.05845264623166
25,"tabula","DSHA",2.05845264623166
25,"triversity","DSHA",19
25,"vegan","DSHA",2.05845264623166
25,"wavethresh","DSHA",-19684.465688814
25,"wiqid","DSHA",5.39784172661871
25,"abdiv","DSP",0.191883138343579
25,"agricolae","DSP",0.191883138343579
25,"antitrust","DSP",1918.83138343579
25,"benthos","DSP",0.185259229641477
25,"breakaway","DSP",0.191883138343579
25,"concstats","DSP",0.191883138343579
25,"DescTools","DSP",0.191883138343579
25,"diverse","DSP",0.197018485390578
25,"divseg","DSP",1.19188313834358
25,"EconGeo","DSP",0.191883138343579
25,"hhi","DSP",0.191883138343579
25,"ineq","DSP",0.191883138343579
25,"microbiome","DSP",0.191883138343579
25,"PDtoolkit","DSP",0.191883138343579
25,"politics","DSP",0.191883138343579
25,"REAT","DSP",0.191883138343579
25,"sprex","DSP",0.191883138343579
25,"tabula","DSP",0.191883138343579
25,"triversity","DSP",0.191883138343579
25,"wiqid","DSP",5.39784172661871
25,"abdiv","EBP",0.308943089430894
25,"agricolae","EBP",0.308943089430894
25,"BiodiversityR","EBP",0.30894309
25,"diverse","EBP",0.384615384615385
25,"dyvDyn","EBP",0.308943089430894
25,"ecodive","EBP",0.308943089430894
25,"microbiome","EBP",0.308943089430894
25,"tabula","EBP",0.308943089430894
25,"triversity","EBP",0.308943089430894
25,"wiqid","EBP",1
25,"tabula","EBRI",0.694782651704864
25,"BAT","EBU",0.389792231255646
25,"microbiome","EBU",0.389792231255646
25,"BAT","ECAM",0.925545571245186
25,"microbiome","ECAM",0.299957210098417
25,"codyn","EEQ",0.165961117530317
25,"adiv","EEVAR",0.379443181077954
25,"codyn","EEVAR",0.372060772687712
25,"microbiome","EEVAR",0.379443181077954
25,"acid","EGIN",0.820905923344948
25,"DescTools","EGIN",0.820905923344948
25,"dplR","EGIN",0.820905923344948
25,"EconGeo","EGIN",0.821
25,"giniVarCI","EGIN",0.820905923344948
25,"ineq","EGIN",0.820905923344948
25,"microbiome","EGIN",0.820905923344948
25,"REAT","EGIN",0.820905923344948
25,"shipunov","EGIN",0.820905923344948
25,"wINEQ","EGIN",0.820905923344948
25,"adiv","EGSP",0.853012242859556
25,"abdiv","EHEI",0.379657705963367
25,"adiv","EHEI",0.379657705963367
25,"benthos","EHURE",0.814740770358523
25,"BiodiversityR","EHURE",0.81474077
25,"mobr","EHURE",0.814740770358523
25,"vegan","EHURE",0.814740770358528
25,"abdiv","EMC",0.512719673282059
25,"tabula","EMC",0.729258756640247
25,"microbiome","EMN",0.569105691056911
25,"abdiv","EPIE",0.699098422754342
25,"adiv","EPIE",0.699098422754342
25,"BiodiversityR","EPIE",0.69909842
25,"breakaway","EPIE",0.699098422754342
25,"chemodiv","EPIE",0.699098422754342
25,"diverse","EPIE",0.734973118667876
25,"forestmangr","EPIE",1
25,"microbiome","EPIE",0.699098422754342
25,"OTUtable","EPIE",0.699098422754342
25,"pctax","EPIE",0.6991
25,"sprex","EPIE",0.699098422754342
25,"tabula","EPIE",0.699098422754342
25,"adiv","ESP",0.274289754700219
25,"codyn","ESP",0.274289754700219
25,"sprex","ESP",0.108339612959561
25,"tabula","ESP",0.274289754700219
25,"abdiv","EST",0.578091570389388
25,"adiv","QHIL_0",19
25,"adiv","QHIL_1",7.83383870734061
25,"adiv","QHIL_2",5.21150533930417
25,"adiv","QHIL_3",4.47382760349941
25,"BAT","QHIL_0",19
25,"BAT","QHIL_1",7.83383870734061
25,"BAT","QHIL_2",5.21150533930417
25,"BAT","QHIL_3",4.47382760349941
25,"benthos","QHIL_0",35
25,"benthos","QHIL_1",7.83383870734061
25,"benthos","QHIL_2",5.21150533930417
25,"benthos","QHIL_3",4.47382760349941
25,"breakaway","QHIL_0",19
25,"breakaway","QHIL_1",7.83383870734061
25,"breakaway","QHIL_2",5.21150533930417
25,"breakaway","QHIL_3",4.47382760349941
25,"chemodiv","QHIL_0",19
25,"chemodiv","QHIL_1",7.83383870734061
25,"chemodiv","QHIL_2",5.21150533930417
25,"chemodiv","QHIL_3",4.47382760349941
25,"divDyn","QHIL_2",5.21150533930417
25,"divent","QHIL_0",19
25,"divent","QHIL_1",7.83383870734061
25,"divent","QHIL_2",5.21150533930417
25,"divent","QHIL_3",4.47382760349941
25,"entropart","QHIL_0",19
25,"entropart","QHIL_1",7.83383870734061
25,"entropart","QHIL_2",5.21150533930417
25,"entropart","QHIL_3",4.47382760349941
25,"EntropyEstimation","QHIL_1",8.49124889184837
25,"EntropyEstimation","QHIL_2",5.39784172661871
25,"EntropyEstimation","QHIL_3",4.63522804327194
25,"extremefit","QHIL",NA
25,"hilldiv","QHIL_0",19
25,"hilldiv","QHIL_1",7.83389063038631
25,"hilldiv","QHIL_2",5.21150533930417
25,"hilldiv","QHIL_3",4.47382760349941
25,"hillR","QHIL_0",19
25,"hillR","QHIL_1",7.83383870734061
25,"hillR","QHIL_2",5.21150533930417
25,"hillR","QHIL_3",4.47382760349941
25,"sprex","QHIL_0",19
25,"sprex","QHIL_1",7.83383870734061
25,"sprex","QHIL_2",5.21150533930417
25,"sprex","QHIL_3",4.47382760349941
25,"vegan","QHIL_0",19
25,"vegan","QHIL_1",7.83383870734061
25,"vegan","QHIL_2",5.21150533930417
25,"vegan","QHIL_3",4.47382760349941
25,"adiv","QREN_0",2.94443897916644
25,"adiv","QREN_1",2.05845264623166
25,"adiv","QREN_2",1.6508687467202
25,"adiv","QREN_3",1.49824432935713
25,"BiodiversityR","QREN_0",2.94443897916644
25,"BiodiversityR","QREN_1",2.05845264623166
25,"BiodiversityR","QREN_2",1.65086874672021
25,"BiodiversityR","QREN_3",1.49824432935713
25,"diverse","QREN_0",2.70805020110221
25,"diverse","QREN_1",1.99034410181326
25,"diverse","QREN_2",1.59358785945374
25,"diverse","QREN_3",1.38133226499078
25,"EntropyEstimation","QREN_1",2.13903609101824
25,"EntropyEstimation","QREN_2",1.68599919342099
25,"EntropyEstimation","QREN_3",1.53368539808194
25,"seewave","QREN_2",0.464333939795723
25,"seewave","QREN_3",0.421405815396223
25,"sprex","QREN_0",2.94443897916644
25,"sprex","QREN_1",2.05845264623166
25,"sprex","QREN_2",1.6508687467202
25,"sprex","QREN_3",1.49824432935713
25,"statcomp","QREN_1",0.578973594323514
25,"statcomp","QREN_2",0.464333932478223
25,"statcomp","QREN_3",0.421405809908098
25,"vegan","QREN_0",2.94443897916644
25,"vegan","QREN_1",2.05845264623166
25,"vegan","QREN_2",1.65086874672021
25,"vegan","QREN_3",1.49824432935713
25,"adiv","QTSA_0",18
25,"adiv","QTSA_1",2.05845264623166
25,"adiv","QTSA_2",0.808116861656421
25,"adiv","QTSA_3",0.475018902479328
25,"divent","QTSA_0",18
25,"divent","QTSA_1",2.05845264623166
25,"divent","QTSA_2",0.808116861656421
25,"divent","QTSA_3",0.475018902479328
25,"entropart","QTSA_0",27
25,"entropart","QTSA_1",2.20227181864342
25,"entropart","QTSA_2",0.814534136103624
25,"entropart","QTSA_3",0.475749877408309
25,"EntropyEstimation","QTSA_1",2.13903609101824
25,"EntropyEstimation","QTSA_2",0.814740770358524
25,"EntropyEstimation","QTSA_3",0.476728316937688
25,"vegan","QTSA_0",18
25,"vegan","QTSA_1",2.05845264623166
25,"vegan","QTSA_2",0.808116861656421
25,"vegan","QTSA_3",0.475018902479328
25,"BAT","RACE",32.6089965397924
25,"ecodive","RACE",32.6089965397924
25,"fossil","RACE",26.9411764705882
25,"pctax","RACE",32.609
25,"sprex","RACE",132.385344250366
25,"tabula","RACE",32.6089965397924
25,"vegan","RACE",32.6089965397924
25,"wiqid","RACE",32.6089965397924
25,"BiodiversityR","RBOO",19
25,"wiqid","RBOO",35
25,"BAT","RC1",26.2
25,"BiodiversityR","RC1",19
25,"biosampleR","RC1",22.5
25,"iNEXT","RC1",29.043
25,"microbiome","RC1",26.2
25,"pctax","RC1",26.2
25,"rareNMtests","RC1",19
25,"SpadeR","RC1",19
25,"SSP","RC1",18
25,"vegan","RC1",26.2
25,"wiqid","RC1",29.125
25,"BAT","RC1M",32.0786703601108
25,"divent","RC1M",29.0426829268293
25,"ecodive","RC1M",29.125
25,"entropart","RC1M",29.0426829268293
25,"fossil","RC1M",29.125
25,"mobr","RC1M",29.0426829268293
25,"OTUtable","RC1M",29.125
25,"tabula","RC1M",29.0426829268293
25,"wiqid","RC1M",29.125
25,"BAT","RCA2",35.0461666666667
25,"divDyn","RCA2",25.8210526315789
25,"fossil","RCA2",29.125
25,"tabula","RCA2",19
25,"wiqid","RCA2",19
25,"benthos","RHUR_2",1.81474077035853
25,"benthos","RHUR_3",2.49076567720026
25,"divent","RHUR_2",5.39784269471813
25,"divent","RHUR_3",5.53651961368749
25,"entropart","RHUR_2",1.81474077035853
25,"entropart","RHUR_3",2.49076567720026
25,"mobsim","RHUR_2",1.81474077035853
25,"mobsim","RHUR_3",2.49076567720026
25,"tabula","RHUR_2",1.81474077036091
25,"tabula","RHUR_3",2.49076567720102
25,"vegan","RHUR_2",1.81474077035853
25,"vegan","RHUR_3",2.49076567720026
25,"BAT","RICE",35.1310160625996
25,"fossil","RICE",26.9411764705882
25,"tabula","RICE",19
25,"wiqid","RICE",19
25,"BAT","RJA1",28
25,"BiodiversityR","RJA1",19
25,"divent","RJA1",28
25,"entropart","RJA1",28
25,"fossil","RJA1",27.9268292682927
25,"SSP","RJA1",18
25,"tabula","RJA1",1.92205486408922
25,"wiqid","RJA1",28
25,"BAT","RJA2",33
25,"BiodiversityR","RJA2",19
25,"fossil","RJA2",32.6582700253232
25,"SSP","RJA2",18
25,"wiqid","RJA2",33
25,"wiqid","RMM",0
25,"divDyn","RSQ",34.7202166064982
25,"ecodive","RSQ",34.7202166064982
25,"tabula","RSQ",34.7202166064982
26,"abdiv","D1SP",0.814305555555556
26,"ade4","D1SP",0.814305555555556
26,"adiv","D1SP",0.814305555555556
26,"agricolae","D1SP",1
26,"asbio","D1SP",0.814305555555556
26,"BiodiversityR","D1SP",0.81430556
26,"biosampleR","D1SP",0.890970054341542
26,"breakaway","D1SP",0.814305555555556
26,"catsim","D1SP",0.682448979591837
26,"concstats","D1SP",0.976049836601307
26,"CUB","D1SP",0.838255718954248
26,"DescTools","D1SP",0.814305555555556
26,"divent","D1SP",0.814305555555556
26,"diverse","D1SP",0.890970054341542
26,"ecodive","D1SP",0.814305555555556
26,"entropart","D1SP",0.814305555555556
26,"lawstat","D1SP",0.852941176470588
26,"MCPAN","D1SP",-2673
26,"microbiome","D1SP",0.814305555555556
26,"PCRA","D1SP",0.814305555555556
26,"RoughSets","D1SP",0.814305555555556
26,"simboot","D1SP",-2673
26,"sprex","D1SP",0.814305555555556
26,"untb","D1SP",0.821148459383753
26,"vegan","D1SP",0.814305555555556
26,"abdiv","DBRI",1.85084029497051
26,"ecodive","DBRI",1.85084029497051
26,"tabula","DBRI",1.85084029497051
26,"wiqid","DBRI",6.36516589290949
26,"BiodiversityR","DFIS",5.40750081
26,"ecodive","DFIS",5.408
26,"microbiome","DFIS",5.40750080535267
26,"preseqR","DFIS",10.3612499719978
26,"sads","DFIS",5.40750039965879
26,"vegan","DFIS",5.40750080535267
26,"abdiv","DINVSP",5.38519072550486
26,"adiv","DINVSP",5.38519072550486
26,"asbio","DINVSP",5.38519072550486
26,"BiodiversityR","DINVSP",5.38519073
26,"breakaway","DINVSP",5.38519072550486
26,"chemodiv","DINVSP",5.38519072550486
26,"codyn","DINVSP",5.38519072550486
26,"divseg","DINVSP",1.18569444444444
26,"ecodive","DINVSP",5.38519072550486
26,"microbiome","DINVSP",5.38519072550486
26,"sprex","DINVSP",5.38519072550486
26,"vegan","DINVSP",5.38519072550486
26,"asbio","DLMD",24.0489812499059
26,"Compositional","DLMD",0.999958992306093
26,"sads","DLMD",1.08616399765985
26,"vegan","DLMD",193.438012273424
26,"abdiv","DMC",0.626245333485459
26,"adiv","DMC",0.626245333485459
26,"agricolae","DMC",0.626245333485459
26,"ecodive","DMC",0.626245333485459
26,"forestHES","DMC",0.626245333485459
26,"tabula","DMC",0.626245333485459
26,"abdiv","DMG",3.34204231769647
26,"adiv","DMG",3.34204231769647
26,"agricolae","DMG",7.10183992510499
26,"ecodive","DMG",3.34204231769647
26,"tabula","DMG",3.34204231769647
26,"abdiv","DMN",1.55188057959797
26,"adiv","DMN",1.55188057959797
26,"ecodive","DMN",1.55188057959797
26,"tabula","DMN",1.55188057959797
26,"abdiv","DQ",6.25167851051884
26,"ade4","DRAO",0.814305555555555
26,"BAT","DRAO",0.814305555555557
26,"chemodiv","DRAO",194.114661753826
26,"diverse","DRAO",89.0278542371787
26,"SYNCSA","DRAO",0.814305555555556
26,"abdiv","DSHA",2.03679127607165
26,"adiv","DSHA",2.03679127607165
26,"aqp","DSHA",-476.210630675286
26,"asbio","DSHA",2.03679127607165
26,"benthos","DSHA",0
26,"BiodiversityR","DSHA",2.03679128
26,"biosampleR","DSHA",2.4570713728317
26,"chemodiv","DSHA",2.03679127607165
26,"codyn","DSHA",2.03679127607165
26,"DescTools","DSHA",2.93846867331447
26,"divDyn","DSHA",2.03679127607165
26,"divent","DSHA",2.03679127607165
26,"diverse","DSHA",2.4570713728317
26,"ecodive","DSHA",2.03679127607165
26,"EconGeo","DSHA",2.938
26,"entropart","DSHA",2.16510358136474
26,"forestmangr","DSHA",3.56
26,"HardyWeinberg","DSHA",2.03679127607165
26,"iNEXT","DSHA",2.037
26,"MCPAN","DSHA",2.03679127607165
26,"microbiome","DSHA",2.03679127607165
26,"OTUtable","DSHA",2.03679127607165
26,"pgirmess","DSHA",2.93846867331447
26,"SpiecEasi","DSHA",2.03679127607165
26,"sprex","DSHA",2.03679127607165
26,"tabula","DSHA",2.03679127607165
26,"triversity","DSHA",17
26,"vegan","DSHA",2.03679127607165
26,"wavethresh","DSHA",-17652.9980860489
26,"wiqid","DSHA",5.5912294440094
26,"abdiv","DSP",0.185694444444444
26,"agricolae","DSP",0.185694444444444
26,"antitrust","DSP",1856.94444444444
26,"benthos","DSP",0.178851540616247
26,"breakaway","DSP",0.185694444444444
26,"concstats","DSP",0.185694444444444
26,"DescTools","DSP",0.185694444444444
26,"diverse","DSP",0.0993454885460495
26,"divseg","DSP",1.18569444444444
26,"EconGeo","DSP",0.185694444444444
26,"hhi","DSP",0.185694444444444
26,"ineq","DSP",0.185694444444444
26,"microbiome","DSP",0.185694444444444
26,"PDtoolkit","DSP",0.185694444444444
26,"politics","DSP",0.185694444444444
26,"REAT","DSP",0.185694444444444
26,"sprex","DSP",0.185694444444444
26,"tabula","DSP",0.185694444444444
26,"triversity","DSP",0.185694444444444
26,"wiqid","DSP",5.5912294440094
26,"abdiv","EBP",0.291666666666667
26,"agricolae","EBP",0.291666666666667
26,"BiodiversityR","EBP",0.29166667
26,"diverse","EBP",0.193548387096774
26,"dyvDyn","EBP",0.291666666666667
26,"ecodive","EBP",0.291666666666667
26,"microbiome","EBP",0.291666666666667
26,"tabula","EBP",0.291666666666667
26,"triversity","EBP",0.291666666666667
26,"wiqid","EBP",1
26,"tabula","EBRI",0.714598188953162
26,"BAT","EBU",0.417708333333333
26,"microbiome","EBU",0.417708333333333
26,"BAT","ECAM",0.919117647058823
26,"microbiome","ECAM",0.322549019607843
26,"codyn","EEQ",0.163809738879415
26,"adiv","EEVAR",0.372591256629346
26,"codyn","EEVAR",0.363375076101378
26,"microbiome","EEVAR",0.372591256629346
26,"acid","EGIN",0.828571428571429
26,"DescTools","EGIN",0.828571428571429
26,"dplR","EGIN",0.828571428571429
26,"EconGeo","EGIN",0.829
26,"giniVarCI","EGIN",0.828571428571429
26,"ineq","EGIN",0.828571428571429
26,"microbiome","EGIN",0.828571428571429
26,"REAT","EGIN",0.828571428571429
26,"shipunov","EGIN",0.828571428571429
26,"wINEQ","EGIN",0.828571428571429
26,"adiv","EGSP",0.865199652777778
26,"abdiv","EHEI",0.416623231607167
26,"adiv","EHEI",0.416623231607167
26,"benthos","EHURE",0.821148459383753
26,"BiodiversityR","EHURE",0.82114846
26,"mobr","EHURE",0.821148459383753
26,"vegan","EHURE",0.821148459383745
26,"abdiv","EMC",0.496851237436118
26,"tabula","EMC",0.751292385949768
26,"microbiome","EMN",0.516666666666667
26,"abdiv","EPIE",0.71889795392381
26,"adiv","EPIE",0.71889795392381
26,"BiodiversityR","EPIE",0.71889795
26,"breakaway","EPIE",0.71889795392381
26,"chemodiv","EPIE",0.71889795392381
26,"diverse","EPIE",0.886201171173632
26,"forestmangr","EPIE",1
26,"microbiome","EPIE",0.71889795392381
26,"OTUtable","EPIE",0.71889795392381
26,"pctax","EPIE",0.7189
26,"sprex","EPIE",0.71889795392381
26,"tabula","EPIE",0.71889795392381
26,"adiv","ESP",0.316775925029698
26,"codyn","ESP",0.316775925029698
26,"sprex","ESP",0.119811251533626
26,"tabula","ESP",0.316775925029698
26,"abdiv","EST",0.548039215686275
26,"adiv","QHIL_0",17
26,"adiv","QHIL_1",7.66597170571466
26,"adiv","QHIL_2",5.38519072550486
26,"adiv","QHIL_3",4.73013165059339
26,"BAT","QHIL_0",17
26,"BAT","QHIL_1",7.66597170571466
26,"BAT","QHIL_2",5.38519072550486
26,"BAT","QHIL_3",4.73013165059339
26,"benthos","QHIL_0",35
26,"benthos","QHIL_1",7.66597170571466
26,"benthos","QHIL_2",5.38519072550486
26,"benthos","QHIL_3",4.73013165059339
26,"breakaway","QHIL_0",17
26,"breakaway","QHIL_1",7.66597170571466
26,"breakaway","QHIL_2",5.38519072550486
26,"breakaway","QHIL_3",4.73013165059339
26,"chemodiv","QHIL_0",17
26,"chemodiv","QHIL_1",7.66597170571466
26,"chemodiv","QHIL_2",5.38519072550486
26,"chemodiv","QHIL_3",4.73013165059339
26,"divDyn","QHIL_2",5.38519072550486
26,"divent","QHIL_0",17
26,"divent","QHIL_1",7.66597170571466
26,"divent","QHIL_2",5.38519072550486
26,"divent","QHIL_3",4.7301316505934
26,"entropart","QHIL_0",17
26,"entropart","QHIL_1",7.66597170571466
26,"entropart","QHIL_2",5.38519072550486
26,"entropart","QHIL_3",4.73013165059339
26,"EntropyEstimation","QHIL_1",8.24537728714491
26,"EntropyEstimation","QHIL_2",5.5912294440094
26,"EntropyEstimation","QHIL_3",4.92571162261869
26,"extremefit","QHIL",NA
26,"hilldiv","QHIL_0",17
26,"hilldiv","QHIL_1",7.66601584611279
26,"hilldiv","QHIL_2",5.38519072550486
26,"hilldiv","QHIL_3",4.73013165059339
26,"hillR","QHIL_0",17
26,"hillR","QHIL_1",7.66597170571466
26,"hillR","QHIL_2",5.38519072550486
26,"hillR","QHIL_3",4.73013165059339
26,"sprex","QHIL_0",17
26,"sprex","QHIL_1",7.66597170571466
26,"sprex","QHIL_2",5.38519072550486
26,"sprex","QHIL_3",4.73013165059339
26,"vegan","QHIL_0",17
26,"vegan","QHIL_1",7.66597170571466
26,"vegan","QHIL_2",5.38519072550486
26,"vegan","QHIL_3",4.73013165059339
26,"adiv","QREN_0",2.83321334405622
26,"adiv","QREN_1",2.03679127607165
26,"adiv","QREN_2",1.6836527279022
26,"adiv","QREN_3",1.55395303522293
26,"BiodiversityR","QREN_0",2.83321334405622
26,"BiodiversityR","QREN_1",2.03679127607165
26,"BiodiversityR","QREN_2",1.6836527279022
26,"BiodiversityR","QREN_3",1.55395303522293
26,"diverse","QREN_0",2.77258872223978
26,"diverse","QREN_1",2.4570713728317
26,"diverse","QREN_2",2.21613270367305
26,"diverse","QREN_3",2.06143277912842
26,"EntropyEstimation","QREN_1",2.1096527144728
26,"EntropyEstimation","QREN_2",1.72119919930109
26,"EntropyEstimation","QREN_3",1.59446875608838
26,"seewave","QREN_2",0.473554973741976
26,"seewave","QREN_3",0.437074804167541
26,"sprex","QREN_0",2.83321334405622
26,"sprex","QREN_1",2.03679127607165
26,"sprex","QREN_2",1.6836527279022
26,"sprex","QREN_3",1.55395303522293
26,"statcomp","QREN_1",0.572880978414921
26,"statcomp","QREN_2",0.473554965303983
26,"statcomp","QREN_3",0.437074797839047
26,"vegan","QREN_0",2.83321334405622
26,"vegan","QREN_1",2.03679127607165
26,"vegan","QREN_2",1.6836527279022
26,"vegan","QREN_3",1.55395303522293
26,"adiv","QTSA_0",16
26,"adiv","QTSA_1",2.03679127607165
26,"adiv","QTSA_2",0.814305555555556
26,"adiv","QTSA_3",0.477652777777778
26,"divent","QTSA_0",16
26,"divent","QTSA_1",2.03679127607165
26,"divent","QTSA_2",0.814305555555556
26,"divent","QTSA_3",0.477652777777778
26,"entropart","QTSA_0",23
26,"entropart","QTSA_1",2.16510358136474
26,"entropart","QTSA_2",0.820970821109007
26,"entropart","QTSA_3",0.478537855916596
26,"EntropyEstimation","QTSA_1",2.1096527144728
26,"EntropyEstimation","QTSA_2",0.821148459383753
26,"EntropyEstimation","QTSA_3",0.479392180601054
26,"vegan","QTSA_0",16
26,"vegan","QTSA_1",2.03679127607165
26,"vegan","QTSA_2",0.814305555555556
26,"vegan","QTSA_3",0.477652777777778
26,"BAT","RACE",27.050297210791
26,"ecodive","RACE",27.050297210791
26,"fossil","RACE",20.6296296296296
26,"pctax","RACE",27.0503
26,"sprex","RACE",126.55670269935
26,"tabula","RACE",27.050297210791
26,"vegan","RACE",27.050297210791
26,"wiqid","RACE",27.050297210791
26,"BiodiversityR","RBOO",17
26,"wiqid","RBOO",35
26,"BAT","RC1",22.25
26,"BiodiversityR","RC1",17
26,"biosampleR","RC1",16
26,"iNEXT","RC1",25.099
26,"microbiome","RC1",22.25
26,"pctax","RC1",22.25
26,"rareNMtests","RC1",17
26,"SpadeR","RC1",17
26,"SSP","RC1",16
26,"vegan","RC1",22.25
26,"wiqid","RC1",25.1666666666667
26,"BAT","RC1M",26.022491349481
26,"divent","RC1M",25.0986111111111
26,"ecodive","RC1M",25.1666666666667
26,"entropart","RC1M",25.0986111111111
26,"fossil","RC1M",25.1666666666667
26,"mobr","RC1M",25.0986111111111
26,"OTUtable","RC1M",25.1666666666667
26,"tabula","RC1M",25.0986111111111
26,"wiqid","RC1M",25.1666666666667
26,"BAT","RCA2",35.0108333333333
26,"divDyn","RCA2",21.9411764705882
26,"fossil","RCA2",25.1666666666667
26,"tabula","RCA2",17
26,"wiqid","RCA2",17
26,"benthos","RHUR_2",1.82114845938374
26,"benthos","RHUR_3",2.50466101694915
26,"divent","RHUR_2",5.59123283242122
26,"divent","RHUR_3",5.70244569150956
26,"entropart","RHUR_2",1.82114845938374
26,"entropart","RHUR_3",2.50466101694915
26,"mobsim","RHUR_2",1.82114845938374
26,"mobsim","RHUR_3",2.50466101694915
26,"tabula","RHUR_2",1.82114845938417
26,"tabula","RHUR_3",2.50466101694945
26,"vegan","RHUR_2",1.82114845938374
26,"vegan","RHUR_3",2.50466101694915
26,"BAT","RICE",35.0792381021385
26,"fossil","RICE",20.6296296296296
26,"tabula","RICE",17
26,"wiqid","RICE",17
26,"BAT","RJA1",24
26,"BiodiversityR","RJA1",17
26,"divent","RJA1",24
26,"entropart","RJA1",24
26,"fossil","RJA1",23.9416666666667
26,"SSP","RJA1",16
26,"tabula","RJA1",1.91985133851109
26,"wiqid","RJA1",24
26,"BAT","RJA2",28
26,"BiodiversityR","RJA2",17
26,"fossil","RJA2",27.7247899159664
26,"SSP","RJA2",16
26,"wiqid","RJA2",28
26,"wiqid","RMM",0
26,"divDyn","RSQ",26.1748476997409
26,"ecodive","RSQ",26.1748476997409
26,"tabula","RSQ",26.1748476997409
27,"abdiv","D1SP",0.812723445487654
27,"ade4","D1SP",0.812723445487654
27,"adiv","D1SP",0.812723445487654
27,"agricolae","D1SP",1
27,"asbio","D1SP",0.812723445487654
27,"BiodiversityR","D1SP",0.81272345
27,"biosampleR","D1SP",0.847750865051903
27,"breakaway","D1SP",0.812723445487654
27,"catsim","D1SP",0.793469387755102
27,"concstats","D1SP",0.976096369250363
27,"CUB","D1SP",0.836627076237291
27,"DescTools","D1SP",0.812723445487654
27,"divent","D1SP",0.812723445487654
27,"diverse","D1SP",0.847750865051903
27,"ecodive","D1SP",0.812723445487654
27,"entropart","D1SP",0.812723445487654
27,"lawstat","D1SP",0.80380822849371
27,"MCPAN","D1SP",-5604
27,"microbiome","D1SP",0.812723445487654
27,"PCRA","D1SP",0.812723445487654
27,"RoughSets","D1SP",0.812723445487654
27,"simboot","D1SP",-5604
27,"sprex","D1SP",0.812723445487654
27,"untb","D1SP",0.817448581798629
27,"vegan","D1SP",0.812723445487654
27,"abdiv","DBRI",2.05460322733394
27,"ecodive","DBRI",2.05460322733394
27,"tabula","DBRI",2.05460322733394
27,"wiqid","DBRI",7.803740947188
27,"BiodiversityR","DFIS",6.68388266
27,"ecodive","DFIS",6.684
27,"microbiome","DFIS",6.68388266416656
27,"preseqR","DFIS",6.68813577182757
27,"sads","DFIS",6.68388284130619
27,"vegan","DFIS",6.68388266416656
27,"abdiv","DINVSP",5.33969669937556
27,"adiv","DINVSP",5.33969669937556
27,"asbio","DINVSP",5.33969669937556
27,"BiodiversityR","DINVSP",5.3396967
27,"breakaway","DINVSP",5.33969669937556
27,"chemodiv","DINVSP",5.33969669937556
27,"codyn","DINVSP",5.33969669937556
27,"divseg","DINVSP",1.18727655451235
27,"ecodive","DINVSP",5.33969669937556
27,"microbiome","DINVSP",5.33969669937556
27,"sprex","DINVSP",5.33969669937556
27,"vegan","DINVSP",5.33969669937556
27,"asbio","DLMD",41.4549501857563
27,"Compositional","DLMD",0.999958992306093
27,"sads","DLMD",1.23997343252038
27,"vegan","DLMD",37.2997997240472
27,"abdiv","DMC",0.613920931767046
27,"adiv","DMC",0.613920931767046
27,"agricolae","DMC",0.613920931767046
27,"ecodive","DMC",0.613920931767046
27,"forestHES","DMC",0.613920931767046
27,"tabula","DMC",0.613920931767046
27,"abdiv","DMG",4.0750653470535
27,"adiv","DMG",4.0750653470535
27,"agricolae","DMG",6.59772484761044
27,"ecodive","DMG",4.0750653470535
27,"tabula","DMG",4.0750653470535
27,"abdiv","DMN",1.67262902679335
27,"adiv","DMN",1.67262902679335
27,"ecodive","DMN",1.67262902679335
27,"tabula","DMN",1.67262902679335
27,"abdiv","DQ",4.58842961024189
27,"ade4","DRAO",0.812723445487654
27,"BAT","DRAO",0.81272344548765
27,"chemodiv","DRAO",116.032386147754
27,"diverse","DRAO",111.001124550194
27,"SYNCSA","DRAO",0.812723445487655
27,"abdiv","DSHA",2.23502351199203
27,"adiv","DSHA",2.23502351199203
27,"aqp","DSHA",-728.359564076497
27,"asbio","DSHA",2.23502351199203
27,"benthos","DSHA",0
27,"BiodiversityR","DSHA",2.23502351
27,"biosampleR","DSHA",2.16151178715681
27,"chemodiv","DSHA",2.23502351199203
27,"codyn","DSHA",2.23502351199203
27,"DescTools","DSHA",3.22445733702113
27,"divDyn","DSHA",2.23502351199203
27,"divent","DSHA",2.23502351199203
27,"diverse","DSHA",2.16151178715681
27,"ecodive","DSHA",2.23502351199203
27,"EconGeo","DSHA",3.224
27,"entropart","DSHA",2.34704577822628
27,"forestmangr","DSHA",3.56
27,"HardyWeinberg","DSHA",2.23502351199203
27,"iNEXT","DSHA",2.235
27,"MCPAN","DSHA",2.23502351199203
27,"microbiome","DSHA",2.23502351199203
27,"OTUtable","DSHA",2.23502351199203
27,"pgirmess","DSHA",3.22445733702113
27,"SpiecEasi","DSHA",2.23502351199203
27,"sprex","DSHA",2.23502351199203
27,"tabula","DSHA",2.23502351199203
27,"triversity","DSHA",22
27,"vegan","DSHA",2.23502351199203
27,"wavethresh","DSHA",-43201.9268161949
27,"wiqid","DSHA",5.4779086892489
27,"abdiv","DSP",0.187276554512346
27,"agricolae","DSP",0.187276554512346
27,"antitrust","DSP",1872.76554512346
27,"benthos","DSP",0.182551418201371
27,"breakaway","DSP",0.187276554512346
27,"concstats","DSP",0.187276554512346
27,"DescTools","DSP",0.187276554512346
27,"diverse","DSP",0.145969498910675
27,"divseg","DSP",1.18727655451235
27,"EconGeo","DSP",0.187276554512346
27,"hhi","DSP",0.187276554512346
27,"ineq","DSP",0.187276554512346
27,"microbiome","DSP",0.187276554512346
27,"PDtoolkit","DSP",0.187276554512346
27,"politics","DSP",0.187276554512346
27,"REAT","DSP",0.187276554512346
27,"sprex","DSP",0.187276554512346
27,"tabula","DSP",0.187276554512346
27,"triversity","DSP",0.187276554512346
27,"wiqid","DSP",5.4779086892489
27,"abdiv","EBP",0.38150289017341
27,"agricolae","EBP",0.38150289017341
27,"BiodiversityR","EBP",0.38150289
27,"diverse","EBP",0.279411764705882
27,"dyvDyn","EBP",0.38150289017341
27,"ecodive","EBP",0.38150289017341
27,"microbiome","EBP",0.38150289017341
27,"tabula","EBP",0.38150289017341
27,"triversity","EBP",0.38150289017341
27,"wiqid","EBP",1
27,"tabula","EBRI",0.718142258427179
27,"BAT","EBU",0.450867052023121
27,"microbiome","EBU",0.450867052023121
27,"BAT","ECAM",0.937967620048545
27,"microbiome","ECAM",0.327640567524961
27,"codyn","EEQ",0.168251719991505
27,"adiv","EEVAR",0.403158881795141
27,"codyn","EEVAR",0.397848614245458
27,"microbiome","EEVAR",0.403158881795141
27,"acid","EGIN",0.780842279108175
27,"DescTools","EGIN",0.780842279108175
27,"dplR","EGIN",0.780842279108175
27,"EconGeo","EGIN",0.781
27,"giniVarCI","EGIN",0.780842279108175
27,"ineq","EGIN",0.780842279108175
27,"microbiome","EGIN",0.780842279108175
27,"REAT","EGIN",0.780842279108175
27,"shipunov","EGIN",0.780842279108175
27,"wINEQ","EGIN",0.780842279108175
27,"adiv","EGSP",0.851424561939447
27,"abdiv","EHEI",0.397461981389852
27,"adiv","EHEI",0.397461981389852
27,"benthos","EHURE",0.817448581798629
27,"BiodiversityR","EHURE",0.81744858
27,"mobr","EHURE",0.817448581798629
27,"vegan","EHURE",0.817448581798657
27,"abdiv","EMC",0.492319386555494
27,"tabula","EMC",0.720953106388309
27,"microbiome","EMN",0.497109826589595
27,"abdiv","EPIE",0.723064644280039
27,"adiv","EPIE",0.723064644280039
27,"BiodiversityR","EPIE",0.72306464
27,"breakaway","EPIE",0.723064644280039
27,"chemodiv","EPIE",0.723064644280039
27,"diverse","EPIE",0.779600584038543
27,"forestmangr","EPIE",1
27,"microbiome","EPIE",0.723064644280039
27,"OTUtable","EPIE",0.723064644280039
27,"pctax","EPIE",0.7231
27,"sprex","EPIE",0.723064644280039
27,"tabula","EPIE",0.723064644280039
27,"adiv","ESP",0.242713486335253
27,"codyn","ESP",0.242713486335253
27,"sprex","ESP",0.10159197781782
27,"tabula","ESP",0.242713486335253
27,"abdiv","EST",0.524172359432475
27,"adiv","QHIL_0",22
27,"adiv","QHIL_1",9.3467016091869
27,"adiv","QHIL_2",5.33969669937556
27,"adiv","QHIL_3",4.10227208348307
27,"BAT","QHIL_0",22
27,"BAT","QHIL_1",9.3467016091869
27,"BAT","QHIL_2",5.33969669937556
27,"BAT","QHIL_3",4.10227208348307
27,"benthos","QHIL_0",35
27,"benthos","QHIL_1",9.3467016091869
27,"benthos","QHIL_2",5.33969669937556
27,"benthos","QHIL_3",4.10227208348307
27,"breakaway","QHIL_0",22
27,"breakaway","QHIL_1",9.3467016091869
27,"breakaway","QHIL_2",5.33969669937556
27,"breakaway","QHIL_3",4.10227208348307
27,"chemodiv","QHIL_0",22
27,"chemodiv","QHIL_1",9.3467016091869
27,"chemodiv","QHIL_2",5.33969669937556
27,"chemodiv","QHIL_3",4.10227208348307
27,"divDyn","QHIL_2",5.33969669937556
27,"divent","QHIL_0",22
27,"divent","QHIL_1",9.3467016091869
27,"divent","QHIL_2",5.33969669937556
27,"divent","QHIL_3",4.10227208348307
27,"entropart","QHIL_0",22
27,"entropart","QHIL_1",9.3467016091869
27,"entropart","QHIL_2",5.33969669937556
27,"entropart","QHIL_3",4.10227208348307
27,"EntropyEstimation","QHIL_1",9.97890608130873
27,"EntropyEstimation","QHIL_2",5.47790868924891
27,"EntropyEstimation","QHIL_3",4.180099910021
27,"extremefit","QHIL",NA
27,"hilldiv","QHIL_0",22
27,"hilldiv","QHIL_1",9.34677319784481
27,"hilldiv","QHIL_2",5.33969669937556
27,"hilldiv","QHIL_3",4.10227208348307
27,"hillR","QHIL_0",22
27,"hillR","QHIL_1",9.3467016091869
27,"hillR","QHIL_2",5.33969669937556
27,"hillR","QHIL_3",4.10227208348307
27,"sprex","QHIL_0",22
27,"sprex","QHIL_1",9.3467016091869
27,"sprex","QHIL_2",5.33969669937556
27,"sprex","QHIL_3",4.10227208348307
27,"vegan","QHIL_0",22
27,"vegan","QHIL_1",9.3467016091869
27,"vegan","QHIL_2",5.33969669937556
27,"vegan","QHIL_3",4.10227208348307
27,"adiv","QREN_0",3.09104245335832
27,"adiv","QREN_1",2.23502351199203
27,"adiv","QREN_2",1.6751688534893
27,"adiv","QREN_3",1.41154098691979
27,"BiodiversityR","QREN_0",3.09104245335832
27,"BiodiversityR","QREN_1",2.23502351199203
27,"BiodiversityR","QREN_2",1.6751688534893
27,"BiodiversityR","QREN_3",1.41154098691979
27,"diverse","QREN_0",2.77258872223978
27,"diverse","QREN_1",2.16151178715681
27,"diverse","QREN_2",1.88223705419417
27,"diverse","QREN_3",1.73289339475025
27,"EntropyEstimation","QREN_1",2.30047347322433
27,"EntropyEstimation","QREN_2",1.7007234020727
27,"EntropyEstimation","QREN_3",1.43033514816992
27,"seewave","QREN_2",0.471168740597632
27,"seewave","QREN_3",0.397019074863837
27,"sprex","QREN_0",3.09104245335832
27,"sprex","QREN_1",2.23502351199203
27,"sprex","QREN_2",1.6751688534893
27,"sprex","QREN_3",1.41154098691979
27,"statcomp","QREN_1",0.628637048563883
27,"statcomp","QREN_2",0.471168736370507
27,"statcomp","QREN_3",0.397019071693493
27,"vegan","QREN_0",3.09104245335832
27,"vegan","QREN_1",2.23502351199203
27,"vegan","QREN_2",1.6751688534893
27,"vegan","QREN_3",1.41154098691979
27,"adiv","QTSA_0",21
27,"adiv","QTSA_1",2.23502351199203
27,"adiv","QTSA_2",0.812723445487654
27,"adiv","QTSA_3",0.470288739226188
27,"divent","QTSA_0",21
27,"divent","QTSA_1",2.23502351199203
27,"divent","QTSA_2",0.812723445487654
27,"divent","QTSA_3",0.470288739226188
27,"entropart","QTSA_0",28
27,"entropart","QTSA_1",2.34704577822628
27,"entropart","QTSA_2",0.8173221850426
27,"entropart","QTSA_3",0.470796376440905
27,"EntropyEstimation","QTSA_1",2.30047347322433
27,"EntropyEstimation","QTSA_2",0.817448581798629
27,"EntropyEstimation","QTSA_3",0.471384806956227
27,"vegan","QTSA_0",21
27,"vegan","QTSA_1",2.23502351199203
27,"vegan","QTSA_2",0.812723445487654
27,"vegan","QTSA_3",0.470288739226188
27,"BAT","RACE",28.3844880174292
27,"ecodive","RACE",28.3844880174292
27,"fossil","RACE",24.8
27,"pctax","RACE",28.3845
27,"sprex","RACE",174.422361522219
27,"tabula","RACE",28.3844880174292
27,"vegan","RACE",28.3844880174292
27,"wiqid","RACE",28.3844880174292
27,"BiodiversityR","RBOO",22
27,"wiqid","RBOO",35
27,"BAT","RC1",29
27,"BiodiversityR","RC1",22
27,"biosampleR","RC1",18
27,"iNEXT","RC1",34.179
27,"microbiome","RC1",29
27,"pctax","RC1",29
27,"rareNMtests","RC1",22
27,"SpadeR","RC1",22
27,"SSP","RC1",21
27,"vegan","RC1",29
27,"wiqid","RC1",34.25
27,"BAT","RC1M",31.9359504132231
27,"divent","RC1M",34.1791907514451
27,"ecodive","RC1M",34.25
27,"entropart","RC1M",34.1791907514451
27,"fossil","RC1M",34.25
27,"mobr","RC1M",34.1791907514451
27,"OTUtable","RC1M",34.25
27,"tabula","RC1M",34.1791907514451
27,"wiqid","RC1M",34.25
27,"BAT","RCA2",34.9983333333333
27,"divDyn","RCA2",28.6818181818182
27,"fossil","RCA2",34.25
27,"tabula","RCA2",22
27,"wiqid","RCA2",22
27,"benthos","RHUR_2",1.81744858179866
27,"benthos","RHUR_3",2.50957613148348
27,"divent","RHUR_2",5.47791040431395
27,"divent","RHUR_3",5.7633789758573
27,"entropart","RHUR_2",1.81744858179866
27,"entropart","RHUR_3",2.50957613148348
27,"mobsim","RHUR_2",1.81744858179866
27,"mobsim","RHUR_3",2.50957613148348
27,"tabula","RHUR_2",1.81784066294948
27,"tabula","RHUR_3",2.50972284276519
27,"vegan","RHUR_2",1.81744858179866
27,"vegan","RHUR_3",2.50957613148348
27,"BAT","RICE",35.0598132546227
27,"fossil","RICE",24.8
27,"tabula","RICE",22
27,"wiqid","RICE",22
27,"BAT","RJA1",29
27,"BiodiversityR","RJA1",22
27,"divent","RJA1",29
27,"entropart","RJA1",29
27,"fossil","RJA1",28.9595375722543
27,"SSP","RJA1",21
27,"tabula","RJA1",2.12191746123303
27,"wiqid","RJA1",29
27,"BAT","RJA2",34
27,"BiodiversityR","RJA2",22
27,"fossil","RJA2",33.7918403011157
27,"SSP","RJA2",21
27,"wiqid","RJA2",34
27,"wiqid","RMM",0
27,"divDyn","RSQ",31.224013434089
27,"ecodive","RSQ",31.224013434089
27,"tabula","RSQ",31.224013434089
28,"abdiv","D1SP",0.859832805778752
28,"ade4","D1SP",0.859832805778752
28,"adiv","D1SP",0.859832805778752
28,"agricolae","D1SP",1
28,"asbio","D1SP",0.859832805778752
28,"BiodiversityR","D1SP",0.85983281
28,"biosampleR","D1SP",0.846848761823786
28,"breakaway","D1SP",0.859832805778752
28,"catsim","D1SP",0.723265306122449
28,"concstats","D1SP",0.974710799830037
28,"CUB","D1SP",0.885122005948715
28,"DescTools","D1SP",0.859832805778752
28,"divent","D1SP",0.859832805778752
28,"diverse","D1SP",0.846848761823786
28,"ecodive","D1SP",0.859832805778752
28,"entropart","D1SP",0.859832805778752
28,"lawstat","D1SP",0.798622151563328
28,"MCPAN","D1SP",-1726
28,"microbiome","D1SP",0.859832805778752
28,"PCRA","D1SP",0.859832805778752
28,"RoughSets","D1SP",0.859832805778752
28,"simboot","D1SP",-1726
28,"sprex","D1SP",0.859832805778752
28,"untb","D1SP",0.867649467649468
28,"vegan","D1SP",0.859832805778752
28,"abdiv","DBRI",2.10170855245103
28,"ecodive","DBRI",2.10170855245102
28,"tabula","DBRI",2.10170855245103
28,"wiqid","DBRI",8.1801341681218
28,"BiodiversityR","DFIS",6.08809149
28,"ecodive","DFIS",6.088
28,"microbiome","DFIS",6.08809149324541
28,"preseqR","DFIS",8.36395826237642
28,"sads","DFIS",6.08809044467058
28,"vegan","DFIS",6.08809149324541
28,"abdiv","DINVSP",7.13433700057904
28,"adiv","DINVSP",7.13433700057904
28,"asbio","DINVSP",7.13433700057904
28,"BiodiversityR","DINVSP",7.134337
28,"breakaway","DINVSP",7.13433700057904
28,"chemodiv","DINVSP",7.13433700057904
28,"codyn","DINVSP",7.13433700057904
28,"divseg","DINVSP",1.14016719422125
28,"ecodive","DINVSP",7.13433700057904
28,"microbiome","DINVSP",7.13433700057904
28,"sprex","DINVSP",7.13433700057904
28,"vegan","DINVSP",7.13433700057904
28,"asbio","DLMD",35.9575397543909
28,"Compositional","DLMD",0.999958992306093
28,"sads","DLMD",1.22661547602497
28,"vegan","DLMD",24.886684446995
28,"abdiv","DMC",0.691218457927422
28,"adiv","DMC",0.691218457927422
28,"agricolae","DMC",0.691218457927422
28,"ecodive","DMC",0.691218457927422
28,"forestHES","DMC",0.691218457927422
28,"tabula","DMC",0.691218457927422
28,"abdiv","DMG",3.60970187541485
28,"adiv","DMG",3.60970187541485
28,"agricolae","DMG",7.2194037508297
28,"ecodive","DMG",3.60970187541485
28,"tabula","DMG",3.60970187541485
28,"abdiv","DMN",1.7084843923545
28,"adiv","DMN",1.7084843923545
28,"ecodive","DMN",1.7084843923545
28,"tabula","DMN",1.7084843923545
28,"abdiv","DQ",5.91655497307444
28,"ade4","DRAO",0.859832805778752
28,"BAT","DRAO",0.859832805778752
28,"chemodiv","DRAO",130.408900370268
28,"diverse","DRAO",74.0772286042517
28,"SYNCSA","DRAO",0.859832805778752
28,"abdiv","DSHA",2.32674415127102
28,"adiv","DSHA",2.32674415127102
28,"aqp","DSHA",-381.577331586235
28,"asbio","DSHA",2.32674415127102
28,"benthos","DSHA",0
28,"BiodiversityR","DSHA",2.32674415
28,"biosampleR","DSHA",2.28586349862987
28,"chemodiv","DSHA",2.32674415127102
28,"codyn","DSHA",2.32674415127102
28,"DescTools","DSHA",3.35678224845609
28,"divDyn","DSHA",2.32674415127102
28,"divent","DSHA",2.32674415127102
28,"diverse","DSHA",2.28586349862987
28,"ecodive","DSHA",2.32674415127102
28,"EconGeo","DSHA",3.357
28,"entropart","DSHA",2.44720581504766
28,"forestmangr","DSHA",3.56
28,"HardyWeinberg","DSHA",2.32674415127102
28,"iNEXT","DSHA",2.327
28,"MCPAN","DSHA",2.32674415127102
28,"microbiome","DSHA",2.32674415127102
28,"OTUtable","DSHA",2.32674415127102
28,"pgirmess","DSHA",3.35678224845609
28,"SpiecEasi","DSHA",2.32674415127102
28,"sprex","DSHA",2.32674415127102
28,"tabula","DSHA",2.32674415127102
28,"triversity","DSHA",18
28,"vegan","DSHA",2.32674415127102
28,"wavethresh","DSHA",-10373.5305917597
28,"wiqid","DSHA",7.55569306930693
28,"abdiv","DSP",0.140167194221248
28,"agricolae","DSP",0.140167194221248
28,"antitrust","DSP",1401.67194221248
28,"benthos","DSP",0.132350532350532
28,"breakaway","DSP",0.140167194221248
28,"concstats","DSP",0.140167194221248
28,"DescTools","DSP",0.140167194221248
28,"diverse","DSP",0.148763420757438
28,"divseg","DSP",1.14016719422125
28,"EconGeo","DSP",0.140167194221248
28,"hhi","DSP",0.140167194221248
28,"ineq","DSP",0.140167194221248
28,"microbiome","DSP",0.140167194221248
28,"PDtoolkit","DSP",0.140167194221248
28,"politics","DSP",0.140167194221248
28,"REAT","DSP",0.140167194221248
28,"sprex","DSP",0.140167194221248
28,"tabula","DSP",0.140167194221248
28,"triversity","DSP",0.140167194221248
28,"wiqid","DSP",7.55569306930693
28,"abdiv","EBP",0.27027027027027
28,"agricolae","EBP",0.27027027027027
28,"BiodiversityR","EBP",0.27027027
28,"diverse","EBP",0.288659793814433
28,"dyvDyn","EBP",0.27027027027027
28,"ecodive","EBP",0.27027027027027
28,"microbiome","EBP",0.27027027027027
28,"tabula","EBP",0.27027027027027
28,"triversity","EBP",0.27027027027027
28,"wiqid","EBP",1
28,"tabula","EBRI",0.802322145571957
28,"BAT","EBU",0.531001589825119
28,"microbiome","EBU",0.531001589825119
28,"BAT","ECAM",0.933639521874816
28,"microbiome","ECAM",0.441441441441441
28,"codyn","EEQ",0.184795351219527
28,"adiv","EEVAR",0.465426715087293
28,"codyn","EEVAR",0.45652724557081
28,"microbiome","EEVAR",0.465426715087293
28,"acid","EGIN",0.775804375804376
28,"DescTools","EGIN",0.775804375804376
28,"dplR","EGIN",0.775804375804376
28,"EconGeo","EGIN",0.776
28,"giniVarCI","EGIN",0.775804375804376
28,"ineq","EGIN",0.775804375804376
28,"microbiome","EGIN",0.775804375804376
28,"REAT","EGIN",0.775804375804376
28,"shipunov","EGIN",0.775804375804376
28,"wINEQ","EGIN",0.775804375804376
28,"adiv","EGSP",0.910411206118678
28,"abdiv","EHEI",0.543796031000838
28,"adiv","EHEI",0.543796031000838
28,"benthos","EHURE",0.867649467649468
28,"BiodiversityR","EHURE",0.86764947
28,"mobr","EHURE",0.867649467649467
28,"vegan","EHURE",0.867649467649473
28,"abdiv","EMC",0.441673086999832
28,"tabula","EMC",0.818543445694104
28,"microbiome","EMN",0.459459459459459
28,"abdiv","EPIE",0.804998230734374
28,"adiv","EPIE",0.804998230734374
28,"BiodiversityR","EPIE",0.80499823
28,"breakaway","EPIE",0.804998230734374
28,"chemodiv","EPIE",0.804998230734374
28,"diverse","EPIE",0.750811841721604
28,"forestmangr","EPIE",1
28,"microbiome","EPIE",0.804998230734374
28,"OTUtable","EPIE",0.804998230734374
28,"pctax","EPIE",0.805
28,"sprex","EPIE",0.804998230734374
28,"tabula","EPIE",0.804998230734374
28,"adiv","ESP",0.396352055587724
28,"codyn","ESP",0.396352055587724
28,"sprex","ESP",0.129263563959501
28,"tabula","ESP",0.396352055587724
28,"abdiv","EST",0.442942942942943
28,"adiv","QHIL_0",18
28,"adiv","QHIL_1",10.2445325270142
28,"adiv","QHIL_2",7.13433700057904
28,"adiv","QHIL_3",5.88589346876736
28,"BAT","QHIL_0",18
28,"BAT","QHIL_1",10.2445325270142
28,"BAT","QHIL_2",7.13433700057904
28,"BAT","QHIL_3",5.88589346876736
28,"benthos","QHIL_0",35
28,"benthos","QHIL_1",10.2445325270142
28,"benthos","QHIL_2",7.13433700057904
28,"benthos","QHIL_3",5.88589346876736
28,"breakaway","QHIL_0",18
28,"breakaway","QHIL_1",10.2445325270142
28,"breakaway","QHIL_2",7.13433700057904
28,"breakaway","QHIL_3",5.88589346876736
28,"chemodiv","QHIL_0",18
28,"chemodiv","QHIL_1",10.2445325270142
28,"chemodiv","QHIL_2",7.13433700057904
28,"chemodiv","QHIL_3",5.88589346876736
28,"divDyn","QHIL_2",7.13433700057904
28,"divent","QHIL_0",18
28,"divent","QHIL_1",10.2445325270142
28,"divent","QHIL_2",7.13433700057904
28,"divent","QHIL_3",5.88589346876735
28,"entropart","QHIL_0",18
28,"entropart","QHIL_1",10.2445325270142
28,"entropart","QHIL_2",7.13433700057904
28,"entropart","QHIL_3",5.88589346876736
28,"EntropyEstimation","QHIL_1",11.1248518412334
28,"EntropyEstimation","QHIL_2",7.55569306930693
28,"EntropyEstimation","QHIL_3",6.20938043235624
28,"extremefit","QHIL",NA
28,"hilldiv","QHIL_0",18
28,"hilldiv","QHIL_1",10.2445816204104
28,"hilldiv","QHIL_2",7.13433700057904
28,"hilldiv","QHIL_3",5.88589346876736
28,"hillR","QHIL_0",18
28,"hillR","QHIL_1",10.2445325270142
28,"hillR","QHIL_2",7.13433700057904
28,"hillR","QHIL_3",5.88589346876736
28,"sprex","QHIL_0",18
28,"sprex","QHIL_1",10.2445325270142
28,"sprex","QHIL_2",7.13433700057904
28,"sprex","QHIL_3",5.88589346876736
28,"vegan","QHIL_0",18
28,"vegan","QHIL_1",10.2445325270142
28,"vegan","QHIL_2",7.13433700057904
28,"vegan","QHIL_3",5.88589346876736
28,"adiv","QREN_0",2.89037175789616
28,"adiv","QREN_1",2.32674415127102
28,"adiv","QREN_2",1.96491932447799
28,"adiv","QREN_3",1.77255855055938
28,"BiodiversityR","QREN_0",2.89037175789616
28,"BiodiversityR","QREN_1",2.32674415127102
28,"BiodiversityR","QREN_2",1.96491932447799
28,"BiodiversityR","QREN_3",1.77255855055938
28,"diverse","QREN_0",3.04452243772342
28,"diverse","QREN_1",2.28586349862987
28,"diverse","QREN_2",1.87632936100724
28,"diverse","QREN_3",1.68292925299575
28,"EntropyEstimation","QREN_1",2.40918151032168
28,"EntropyEstimation","QREN_2",2.02230132802371
28,"EntropyEstimation","QREN_3",1.82606112162127
28,"seewave","QREN_2",0.55266582093385
28,"seewave","QREN_3",0.498561193693589
28,"sprex","QREN_0",2.89037175789616
28,"sprex","QREN_1",2.32674415127102
28,"sprex","QREN_2",1.96491932447799
28,"sprex","QREN_3",1.77255855055938
28,"statcomp","QREN_1",0.654434983869425
28,"statcomp","QREN_2",0.552665812318483
28,"statcomp","QREN_3",0.498561187232063
28,"vegan","QREN_0",2.89037175789616
28,"vegan","QREN_1",2.32674415127102
28,"vegan","QREN_2",1.96491932447799
28,"vegan","QREN_3",1.77255855055938
28,"adiv","QTSA_0",17
28,"adiv","QTSA_1",2.32674415127102
28,"adiv","QTSA_2",0.859832805778752
28,"adiv","QTSA_3",0.485567378920191
28,"divent","QTSA_0",17
28,"divent","QTSA_1",2.32674415127102
28,"divent","QTSA_2",0.859832805778752
28,"divent","QTSA_3",0.485567378920191
28,"entropart","QTSA_0",22
28,"entropart","QTSA_1",2.44720581504766
28,"entropart","QTSA_2",0.867557597458342
28,"entropart","QTSA_3",0.486587771253559
28,"EntropyEstimation","QTSA_1",2.40918151032168
28,"EntropyEstimation","QTSA_2",0.867649467649468
28,"EntropyEstimation","QTSA_3",0.487031986114555
28,"vegan","QTSA_0",17
28,"vegan","QTSA_1",2.32674415127102
28,"vegan","QTSA_2",0.859832805778752
28,"vegan","QTSA_3",0.485567378920191
28,"BAT","RACE",22.6784607438017
28,"ecodive","RACE",22.6784607438017
28,"fossil","RACE",19.7045454545455
28,"pctax","RACE",22.6785
28,"sprex","RACE",124.325941307579
28,"tabula","RACE",22.6784607438017
28,"vegan","RACE",22.6784607438017
28,"wiqid","RACE",22.6784607438017
28,"BiodiversityR","RBOO",18
28,"wiqid","RBOO",35
28,"BAT","RC1",20.5
28,"BiodiversityR","RC1",18
28,"biosampleR","RC1",24
28,"iNEXT","RC1",22.129
28,"microbiome","RC1",20.5
28,"pctax","RC1",20.5
28,"rareNMtests","RC1",18
28,"SpadeR","RC1",18
28,"SSP","RC1",17
28,"vegan","RC1",20.5
28,"wiqid","RC1",22.1666666666667
28,"BAT","RC1M",22.0817901234568
28,"divent","RC1M",22.1291291291291
28,"ecodive","RC1M",22.1666666666667
28,"entropart","RC1M",22.1291291291291
28,"fossil","RC1M",22.1666666666667
28,"mobr","RC1M",22.1291291291291
28,"OTUtable","RC1M",22.1666666666667
28,"tabula","RC1M",22.1291291291291
28,"wiqid","RC1M",22.1666666666667
28,"BAT","RCA2",35.002
28,"divDyn","RCA2",20.3611111111111
28,"fossil","RCA2",22.1666666666667
28,"tabula","RCA2",18
28,"wiqid","RCA2",18
28,"benthos","RHUR_2",1.86764946764947
28,"benthos","RHUR_3",2.62888443071936
28,"divent","RHUR_2",7.55569865203933
28,"divent","RHUR_3",7.73541475589015
28,"entropart","RHUR_2",1.86764946764947
28,"entropart","RHUR_3",2.62888443071937
28,"mobsim","RHUR_2",1.86764946764947
28,"mobsim","RHUR_3",2.62888443071936
28,"tabula","RHUR_2",1.86764946764796
28,"tabula","RHUR_3",2.62888443071869
28,"vegan","RHUR_2",1.86764946764947
28,"vegan","RHUR_3",2.62888443071936
28,"BAT","RICE",35.0734577036643
28,"fossil","RICE",19.7045454545455
28,"tabula","RICE",18
28,"wiqid","RICE",18
28,"BAT","RJA1",23
28,"BiodiversityR","RJA1",18
28,"divent","RJA1",23
28,"entropart","RJA1",23
28,"fossil","RJA1",22.954954954955
28,"SSP","RJA1",17
28,"tabula","RJA1",2.22404615045005
28,"wiqid","RJA1",23
28,"BAT","RJA2",25
28,"BiodiversityR","RJA2",18
28,"fossil","RJA2",24.8105651105651
28,"SSP","RJA2",17
28,"wiqid","RJA2",25
28,"wiqid","RMM",0
28,"divDyn","RSQ",21.5299648434306
28,"ecodive","RSQ",21.5299648434306
28,"tabula","RSQ",21.5299648434306
29,"abdiv","D1SP",0.758866975083191
29,"ade4","D1SP",0.758866975083192
29,"adiv","D1SP",0.758866975083191
29,"agricolae","D1SP",1
29,"asbio","D1SP",0.758866975083191
29,"BiodiversityR","D1SP",0.75886698
29,"biosampleR","D1SP",0.831912994075156
29,"breakaway","D1SP",0.758866975083191
29,"catsim","D1SP",0.437551020408163
29,"concstats","D1SP",0.977680383085789
29,"CUB","D1SP",0.781186591997403
29,"DescTools","D1SP",0.758866975083192
29,"divent","D1SP",0.758866975083191
29,"diverse","D1SP",0.831912994075156
29,"ecodive","D1SP",0.758866975083191
29,"entropart","D1SP",0.758866975083191
29,"lawstat","D1SP",0.913619501854796
29,"MCPAN","D1SP",-2970
29,"microbiome","D1SP",0.758866975083191
29,"PCRA","D1SP",0.758866975083191
29,"RoughSets","D1SP",0.758866975083191
29,"simboot","D1SP",-2970
29,"sprex","D1SP",0.758866975083191
29,"untb","D1SP",0.765765765765766
29,"vegan","D1SP",0.758866975083191
29,"abdiv","DBRI",1.52380898164976
29,"ecodive","DBRI",1.52380898164976
29,"tabula","DBRI",1.52380898164976
29,"wiqid","DBRI",4.58967392686249
29,"BiodiversityR","DFIS",2.3125657
29,"ecodive","DFIS",2.313
29,"microbiome","DFIS",2.31256569818229
29,"preseqR","DFIS",8.8318819369303
29,"sads","DFIS",2.31255688517472
29,"vegan","DFIS",2.31256569818229
29,"abdiv","DINVSP",4.14708852238304
29,"adiv","DINVSP",4.14708852238304
29,"asbio","DINVSP",4.14708852238304
29,"BiodiversityR","DINVSP",4.14708852
29,"breakaway","DINVSP",4.14708852238304
29,"chemodiv","DINVSP",4.14708852238304
29,"codyn","DINVSP",4.14708852238304
29,"divseg","DINVSP",1.24113302491681
29,"ecodive","DINVSP",4.14708852238304
29,"microbiome","DINVSP",4.14708852238304
29,"sprex","DINVSP",4.14708852238304
29,"vegan","DINVSP",4.14708852238304
29,"asbio","DLMD",7.63024632055947
29,"Compositional","DLMD",0.999958992306093
29,"sads","DLMD",1.73591181850573
29,"vegan","DLMD",NA
29,"abdiv","DMC",0.562320084792843
29,"adiv","DMC",0.562320084792843
29,"agricolae","DMC",0.562320084792843
29,"ecodive","DMC",0.562320084792843
29,"forestHES","DMC",0.562320084792843
29,"tabula","DMC",0.562320084792843
29,"abdiv","DMG",1.69868323548934
29,"adiv","DMG",1.69868323548934
29,"agricolae","DMG",7.2194037508297
29,"ecodive","DMG",1.69868323548934
29,"tabula","DMG",1.69868323548934
29,"abdiv","DMN",0.854242196177249
29,"adiv","DMN",0.854242196177249
29,"ecodive","DMN",0.854242196177249
29,"tabula","DMN",0.854242196177249
29,"abdiv","DQ",0
29,"ade4","DRAO",0.758866975083192
29,"BAT","DRAO",0.758866975083191
29,"chemodiv","DRAO",99.331990204537
29,"diverse","DRAO",76.8399464261145
29,"SYNCSA","DRAO",0.758866975083191
29,"abdiv","DSHA",1.64167062992938
29,"adiv","DSHA",1.64167062992938
29,"aqp","DSHA",-491.28442266535
29,"asbio","DSHA",1.64167062992938
29,"benthos","DSHA",0
29,"BiodiversityR","DSHA",1.64167063
29,"biosampleR","DSHA",2.16732870909559
29,"chemodiv","DSHA",1.64167062992938
29,"codyn","DSHA",1.64167062992938
29,"DescTools","DSHA",2.36843007657217
29,"divDyn","DSHA",1.64167062992938
29,"divent","DSHA",1.64167062992938
29,"diverse","DSHA",2.16732870909559
29,"ecodive","DSHA",1.64167062992938
29,"EconGeo","DSHA",2.368
29,"entropart","DSHA",1.7097011254959
29,"forestmangr","DSHA",3.56
29,"HardyWeinberg","DSHA",1.64167062992938
29,"iNEXT","DSHA",1.642
29,"MCPAN","DSHA",1.64167062992938
29,"microbiome","DSHA",1.64167062992938
29,"OTUtable","DSHA",1.64167062992938
29,"pgirmess","DSHA",2.36843007657217
29,"SpiecEasi","DSHA",1.64167062992938
29,"sprex","DSHA",1.64167062992938
29,"tabula","DSHA",1.64167062992938
29,"triversity","DSHA",9
29,"vegan","DSHA",1.64167062992938
29,"wavethresh","DSHA",-20388.6353677489
29,"wiqid","DSHA",4.26923076923077
29,"abdiv","DSP",0.241133024916809
29,"agricolae","DSP",0.241133024916809
29,"antitrust","DSP",2411.33024916809
29,"benthos","DSP",0.234234234234234
29,"breakaway","DSP",0.241133024916809
29,"concstats","DSP",0.241133024916809
29,"DescTools","DSP",0.241133024916809
29,"diverse","DSP",0.160524160524161
29,"divseg","DSP",1.24113302491681
29,"EconGeo","DSP",0.241133024916809
29,"hhi","DSP",0.241133024916809
29,"ineq","DSP",0.241133024916809
29,"microbiome","DSP",0.241133024916809
29,"PDtoolkit","DSP",0.241133024916809
29,"politics","DSP",0.241133024916809
29,"REAT","DSP",0.241133024916809
29,"sprex","DSP",0.241133024916809
29,"tabula","DSP",0.241133024916809
29,"triversity","DSP",0.241133024916809
29,"wiqid","DSP",4.26923076923077
29,"abdiv","EBP",0.378378378378378
29,"agricolae","EBP",0.378378378378378
29,"BiodiversityR","EBP",0.37837838
29,"diverse","EBP",0.261261261261261
29,"dyvDyn","EBP",0.378378378378378
29,"ecodive","EBP",0.378378378378378
29,"microbiome","EBP",0.378378378378378
29,"tabula","EBP",0.378378378378378
29,"triversity","EBP",0.378378378378378
29,"wiqid","EBP",1
29,"tabula","EBRI",0.743639995147392
29,"BAT","EBU",0.493243243243243
29,"microbiome","EBU",0.493243243243243
29,"BAT","ECAM",0.859359359359359
29,"microbiome","ECAM",0.623623623623624
29,"codyn","EEQ",0.137873267315295
29,"adiv","EEVAR",0.316844885243297
29,"codyn","EEVAR",0.293716096297419
29,"microbiome","EEVAR",0.316844885243297
29,"acid","EGIN",0.887516087516087
29,"DescTools","EGIN",0.887516087516087
29,"dplR","EGIN",0.887516087516088
29,"EconGeo","EGIN",0.888
29,"giniVarCI","EGIN",0.887516087516088
29,"ineq","EGIN",0.887516087516088
29,"microbiome","EGIN",0.887516087516087
29,"REAT","EGIN",0.887516087516088
29,"shipunov","EGIN",0.887516087516087
29,"wINEQ","EGIN",0.887516087516088
29,"adiv","EGSP",0.85372534696859
29,"abdiv","EHEI",0.520473636346375
29,"adiv","EHEI",0.520473636346375
29,"benthos","EHURE",0.765765765765766
29,"BiodiversityR","EHURE",0.76576577
29,"mobr","EHURE",0.765765765765766
29,"vegan","EHURE",0.765765765765768
29,"abdiv","EMC",0.528993599323003
29,"tabula","EMC",0.763420536491263
29,"microbiome","EMN",0.594594594594595
29,"abdiv","EPIE",0.747156502281455
29,"adiv","EPIE",0.747156502281455
29,"BiodiversityR","EPIE",0.7471565
29,"breakaway","EPIE",0.747156502281455
29,"chemodiv","EPIE",0.747156502281455
29,"diverse","EPIE",0.749844272860299
29,"forestmangr","EPIE",1
29,"microbiome","EPIE",0.747156502281455
29,"OTUtable","EPIE",0.747156502281455
29,"pctax","EPIE",0.7472
29,"sprex","EPIE",0.747156502281455
29,"tabula","EPIE",0.747156502281455
29,"adiv","ESP",0.460787613598115
29,"codyn","ESP",0.460787613598115
29,"sprex","ESP",0.182407847769931
29,"tabula","ESP",0.460787613598115
29,"abdiv","EST",0.45045045045045
29,"adiv","QHIL_0",9
29,"adiv","QHIL_1",5.163789090771
29,"adiv","QHIL_2",4.14708852238304
29,"adiv","QHIL_3",3.7142485519882
29,"BAT","QHIL_0",9
29,"BAT","QHIL_1",5.163789090771
29,"BAT","QHIL_2",4.14708852238304
29,"BAT","QHIL_3",3.7142485519882
29,"benthos","QHIL_0",35
29,"benthos","QHIL_1",5.163789090771
29,"benthos","QHIL_2",4.14708852238304
29,"benthos","QHIL_3",3.7142485519882
29,"breakaway","QHIL_0",9
29,"breakaway","QHIL_1",5.163789090771
29,"breakaway","QHIL_2",4.14708852238304
29,"breakaway","QHIL_3",3.7142485519882
29,"chemodiv","QHIL_0",9
29,"chemodiv","QHIL_1",5.163789090771
29,"chemodiv","QHIL_2",4.14708852238304
29,"chemodiv","QHIL_3",3.7142485519882
29,"divDyn","QHIL_2",4.14708852238304
29,"divent","QHIL_0",9
29,"divent","QHIL_1",5.163789090771
29,"divent","QHIL_2",4.14708852238304
29,"divent","QHIL_3",3.7142485519882
29,"entropart","QHIL_0",9
29,"entropart","QHIL_1",5.163789090771
29,"entropart","QHIL_2",4.14708852238304
29,"entropart","QHIL_3",3.7142485519882
29,"EntropyEstimation","QHIL_1",5.36607734099771
29,"EntropyEstimation","QHIL_2",4.26923076923077
29,"EntropyEstimation","QHIL_3",3.8360229808928
29,"extremefit","QHIL",NA
29,"hilldiv","QHIL_0",9
29,"hilldiv","QHIL_1",5.16380639077569
29,"hilldiv","QHIL_2",4.14708852238304
29,"hilldiv","QHIL_3",3.7142485519882
29,"hillR","QHIL_0",9
29,"hillR","QHIL_1",5.163789090771
29,"hillR","QHIL_2",4.14708852238304
29,"hillR","QHIL_3",3.7142485519882
29,"sprex","QHIL_0",9
29,"sprex","QHIL_1",5.163789090771
29,"sprex","QHIL_2",4.14708852238304
29,"sprex","QHIL_3",3.7142485519882
29,"vegan","QHIL_0",9
29,"vegan","QHIL_1",5.163789090771
29,"vegan","QHIL_2",4.14708852238304
29,"vegan","QHIL_3",3.7142485519882
29,"adiv","QREN_0",2.19722457733622
29,"adiv","QREN_1",1.64167062992938
29,"adiv","QREN_2",1.42240652716206
29,"adiv","QREN_3",1.31217638368217
29,"BiodiversityR","QREN_0",2.19722457733622
29,"BiodiversityR","QREN_1",1.64167062992938
29,"BiodiversityR","QREN_2",1.42240652716206
29,"BiodiversityR","QREN_3",1.31217638368217
29,"diverse","QREN_0",2.89037175789616
29,"diverse","QREN_1",2.16732870909559
29,"diverse","QREN_2",1.78327354122908
29,"diverse","QREN_3",1.63787255791126
29,"EntropyEstimation","QREN_1",1.68009716505605
29,"EntropyEstimation","QREN_2",1.45143366329085
29,"EntropyEstimation","QREN_3",1.34443614785121
29,"seewave","QREN_2",0.400075196410736
29,"seewave","QREN_3",0.369071155938416
29,"sprex","QREN_0",2.19722457733622
29,"sprex","QREN_1",1.64167062992938
29,"sprex","QREN_2",1.42240652716206
29,"sprex","QREN_3",1.31217638368217
29,"statcomp","QREN_1",0.461746811152336
29,"statcomp","QREN_2",0.400075183234292
29,"statcomp","QREN_3",0.369071146056083
29,"vegan","QREN_0",2.19722457733622
29,"vegan","QREN_1",1.64167062992938
29,"vegan","QREN_2",1.42240652716206
29,"vegan","QREN_3",1.31217638368217
29,"adiv","QTSA_0",8
29,"adiv","QTSA_1",1.64167062992938
29,"adiv","QTSA_2",0.758866975083191
29,"adiv","QTSA_3",0.463756671207365
29,"divent","QTSA_0",8
29,"divent","QTSA_1",1.64167062992938
29,"divent","QTSA_2",0.758866975083191
29,"divent","QTSA_3",0.463756671207365
29,"entropart","QTSA_0",10
29,"entropart","QTSA_1",1.7097011254959
29,"entropart","QTSA_2",0.765927438234377
29,"entropart","QTSA_3",0.465236463807198
29,"EntropyEstimation","QTSA_1",1.68009716505605
29,"EntropyEstimation","QTSA_2",0.765765765765766
29,"EntropyEstimation","QTSA_3",0.466021233911142
29,"vegan","QTSA_0",8
29,"vegan","QTSA_1",1.64167062992938
29,"vegan","QTSA_2",0.758866975083191
29,"vegan","QTSA_3",0.463756671207365
29,"BAT","RACE",11.3090909090909
29,"ecodive","RACE",11.3090909090909
29,"fossil","RACE",10
29,"pctax","RACE",11.3091
29,"sprex","RACE",341.258707467858
29,"tabula","RACE",11.3090909090909
29,"vegan","RACE",11.3090909090909
29,"wiqid","RACE",11.3090909090909
29,"BiodiversityR","RBOO",9
29,"wiqid","RBOO",35
29,"BAT","RC1",9.33333333333333
29,"BiodiversityR","RC1",9
29,"biosampleR","RC1",21.75
29,"iNEXT","RC1",9.991
29,"microbiome","RC1",9.33333333333333
29,"pctax","RC1",9.3333
29,"rareNMtests","RC1",9
29,"SpadeR","RC1",9
29,"SSP","RC1",8
29,"vegan","RC1",9.33333333333333
29,"wiqid","RC1",10
29,"BAT","RC1M",9.79423868312757
29,"divent","RC1M",9.99099099099099
29,"ecodive","RC1M",10
29,"entropart","RC1M",9.99099099099099
29,"fossil","RC1M",10
29,"mobr","RC1M",9.99099099099099
29,"OTUtable","RC1M",10
29,"tabula","RC1M",9.99099099099099
29,"wiqid","RC1M",10
29,"BAT","RCA2",35.012
29,"divDyn","RCA2",9.2962962962963
29,"fossil","RCA2",10
29,"tabula","RCA2",9
29,"wiqid","RCA2",9
29,"benthos","RHUR_2",1.76576576576577
29,"benthos","RHUR_3",2.36525482947505
29,"divent","RHUR_2",4.26923016673038
29,"divent","RHUR_3",4.36541547062278
29,"entropart","RHUR_2",1.76576576576577
29,"entropart","RHUR_3",2.36525482947505
29,"mobsim","RHUR_2",1.76576576576577
29,"mobsim","RHUR_3",2.36525482947505
29,"tabula","RHUR_2",1.76576576576513
29,"tabula","RHUR_3",2.36525482947475
29,"vegan","RHUR_2",1.76576576576577
29,"vegan","RHUR_3",2.36525482947505
29,"BAT","RICE",35.044367142846
29,"fossil","RICE",10
29,"tabula","RICE",9
29,"wiqid","RICE",9
29,"BAT","RJA1",11
29,"BiodiversityR","RJA1",9
29,"divent","RJA1",11
29,"entropart","RJA1",11
29,"fossil","RJA1",10.981981981982
29,"SSP","RJA1",8
29,"tabula","RJA1",1.42650476776008
29,"wiqid","RJA1",11
29,"BAT","RJA2",11
29,"BiodiversityR","RJA2",9
29,"fossil","RJA2",10.9457821457821
29,"SSP","RJA2",8
29,"wiqid","RJA2",11
29,"wiqid","RMM",0
29,"divDyn","RSQ",9.96594326587011
29,"ecodive","RSQ",9.96594326587011
29,"tabula","RSQ",9.96594326587011
30,"abdiv","D1SP",0.879340277777778
30,"ade4","D1SP",0.879340277777778
30,"adiv","D1SP",0.879340277777778
30,"agricolae","D1SP",1
30,"asbio","D1SP",0.879340277777778
30,"BiodiversityR","D1SP",0.87934028
30,"biosampleR","D1SP",0.864605121827124
30,"breakaway","D1SP",0.879340277777778
30,"catsim","D1SP",0.726530612244898
30,"concstats","D1SP",0.974137050653595
30,"CUB","D1SP",0.905203227124183
30,"DescTools","D1SP",0.879340277777778
30,"divent","D1SP",0.879340277777778
30,"diverse","D1SP",0.864605121827124
30,"ecodive","D1SP",0.879340277777778
30,"entropart","D1SP",0.879340277777778
30,"lawstat","D1SP",0.767769607843137
30,"MCPAN","D1SP",-1111
30,"microbiome","D1SP",0.879340277777778
30,"PCRA","D1SP",0.879340277777778
30,"RoughSets","D1SP",0.879340277777778
30,"simboot","D1SP",-1111
30,"sprex","D1SP",0.879340277777778
30,"untb","D1SP",0.88859649122807
30,"vegan","D1SP",0.879340277777778
30,"abdiv","DBRI",2.16451680206227
30,"ecodive","DBRI",2.16451680206227
30,"tabula","DBRI",2.16451680206227
30,"wiqid","DBRI",8.7103920563567
30,"BiodiversityR","DFIS",8.29540252
30,"ecodive","DFIS",8.295
30,"microbiome","DFIS",8.29540252356447
30,"preseqR","DFIS",7.97536211194564
30,"sads","DFIS",8.29538677431515
30,"vegan","DFIS",8.29540252356447
30,"abdiv","DINVSP",8.28776978417266
30,"adiv","DINVSP",8.28776978417266
30,"asbio","DINVSP",8.28776978417266
30,"BiodiversityR","DINVSP",8.28776978
30,"breakaway","DINVSP",8.28776978417266
30,"chemodiv","DINVSP",8.28776978417266
30,"codyn","DINVSP",8.28776978417266
30,"divseg","DINVSP",1.12065972222222
30,"ecodive","DINVSP",8.28776978417266
30,"microbiome","DINVSP",8.28776978417266
30,"sprex","DINVSP",8.28776978417266
30,"vegan","DINVSP",8.28776978417266
30,"asbio","DLMD",26.7808467581354
30,"Compositional","DLMD",0.999958992306093
30,"sads","DLMD",0.870593638698658
30,"vegan","DLMD",NA
30,"abdiv","DMC",0.726819635024101
30,"adiv","DMC",0.726819635024101
30,"agricolae","DMC",0.726819635024101
30,"ecodive","DMC",0.726819635024101
30,"forestHES","DMC",0.726819635024101
30,"tabula","DMC",0.726819635024101
30,"abdiv","DMG",4.3817866562823
30,"adiv","DMG",4.3817866562823
30,"agricolae","DMG",7.44903731567991
30,"ecodive","DMG",4.3817866562823
30,"tabula","DMG",4.3817866562823
30,"abdiv","DMN",2.14330352493528
30,"adiv","DMN",2.14330352493528
30,"ecodive","DMN",2.14330352493528
30,"tabula","DMN",2.14330352493528
30,"abdiv","DQ",5.64582826474227
30,"ade4","DRAO",0.879340277777778
30,"BAT","DRAO",0.879340277777773
30,"chemodiv","DRAO",315.660909668619
30,"diverse","DRAO",171.989657790952
30,"SYNCSA","DRAO",0.879340277777778
30,"abdiv","DSHA",2.43864573732106
30,"adiv","DSHA",2.43864573732106
30,"aqp","DSHA",-294.407077344293
30,"asbio","DSHA",2.43864573732106
30,"benthos","DSHA",0
30,"BiodiversityR","DSHA",2.43864574
30,"biosampleR","DSHA",2.28536861806529
30,"chemodiv","DSHA",2.43864573732106
30,"codyn","DSHA",2.43864573732106
30,"DescTools","DSHA",3.5182221117181
30,"divDyn","DSHA",2.43864573732106
30,"divent","DSHA",2.43864573732106
30,"diverse","DSHA",2.28536861806529
30,"ecodive","DSHA",2.43864573732106
30,"EconGeo","DSHA",3.518
30,"entropart","DSHA",2.69629589705062
30,"forestmangr","DSHA",3.56
30,"HardyWeinberg","DSHA",2.43864573732106
30,"iNEXT","DSHA",2.439
30,"MCPAN","DSHA",2.43864573732106
30,"microbiome","DSHA",2.43864573732106
30,"OTUtable","DSHA",2.43864573732106
30,"pgirmess","DSHA",3.5182221117181
30,"SpiecEasi","DSHA",2.43864573732106
30,"sprex","DSHA",2.43864573732106
30,"tabula","DSHA",2.43864573732106
30,"triversity","DSHA",21
30,"vegan","DSHA",2.43864573732106
30,"wavethresh","DSHA",-5911.06494220736
30,"wiqid","DSHA",8.97637795275591
30,"abdiv","DSP",0.120659722222222
30,"agricolae","DSP",0.120659722222222
30,"antitrust","DSP",1206.59722222222
30,"benthos","DSP",0.11140350877193
30,"breakaway","DSP",0.120659722222222
30,"concstats","DSP",0.120659722222222
30,"DescTools","DSP",0.120659722222222
30,"diverse","DSP",0.128844839371155
30,"divseg","DSP",1.12065972222222
30,"EconGeo","DSP",0.120659722222222
30,"hhi","DSP",0.120659722222222
30,"ineq","DSP",0.120659722222222
30,"microbiome","DSP",0.120659722222222
30,"PDtoolkit","DSP",0.120659722222222
30,"politics","DSP",0.120659722222222
30,"REAT","DSP",0.120659722222222
30,"sprex","DSP",0.120659722222222
30,"tabula","DSP",0.120659722222222
30,"triversity","DSP",0.120659722222222
30,"wiqid","DSP",8.97637795275591
30,"abdiv","EBP",0.208333333333333
30,"agricolae","EBP",0.208333333333333
30,"BiodiversityR","EBP",0.20833333
30,"diverse","EBP",0.218045112781955
30,"dyvDyn","EBP",0.208333333333333
30,"ecodive","EBP",0.208333333333333
30,"microbiome","EBP",0.208333333333333
30,"tabula","EBP",0.208333333333333
30,"triversity","EBP",0.208333333333333
30,"wiqid","EBP",1
30,"tabula","EBRI",0.801280220068204
30,"BAT","EBU",0.4859375
30,"microbiome","EBU",0.4859375
30,"BAT","ECAM",0.942361111111111
30,"microbiome","ECAM",0.43452380952381
30,"codyn","EEQ",0.194654072401858
30,"adiv","EEVAR",0.450645080192348
30,"codyn","EEVAR",0.444427236399647
30,"microbiome","EEVAR",0.450645080192348
30,"acid","EGIN",0.745833333333333
30,"DescTools","EGIN",0.745833333333333
30,"dplR","EGIN",0.745833333333333
30,"EconGeo","EGIN",0.746
30,"giniVarCI","EGIN",0.745833333333333
30,"ineq","EGIN",0.745833333333333
30,"microbiome","EGIN",0.745833333333334
30,"REAT","EGIN",0.745833333333333
30,"shipunov","EGIN",0.745833333333334
30,"wINEQ","EGIN",0.745833333333333
30,"adiv","EGSP",0.923307291666667
30,"abdiv","EHEI",0.522875687404534
30,"adiv","EHEI",0.522875687404534
30,"benthos","EHURE",0.88859649122807
30,"BiodiversityR","EHURE",0.88859649
30,"mobr","EHURE",0.88859649122807
30,"vegan","EHURE",0.888596491228124
30,"abdiv","EMC",0.438014215209984
30,"tabula","EMC",0.834809224340743
30,"microbiome","EMN",0.395833333333333
30,"abdiv","EPIE",0.800994503145979
30,"adiv","EPIE",0.800994503145979
30,"BiodiversityR","EPIE",0.8009945
30,"breakaway","EPIE",0.800994503145979
30,"chemodiv","EPIE",0.800994503145979
30,"diverse","EPIE",0.790683278655046
30,"forestmangr","EPIE",1
30,"microbiome","EPIE",0.800994503145979
30,"OTUtable","EPIE",0.800994503145979
30,"pctax","EPIE",0.801
30,"sprex","EPIE",0.800994503145979
30,"tabula","EPIE",0.800994503145979
30,"adiv","ESP",0.394655704008222
30,"codyn","ESP",0.394655704008222
30,"sprex","ESP",0.116125987491479
30,"tabula","ESP",0.394655704008222
30,"abdiv","EST",0.489583333333333
30,"adiv","QHIL_0",21
30,"adiv","QHIL_1",11.4575137480907
30,"adiv","QHIL_2",8.28776978417266
30,"adiv","QHIL_3",7.13685610236796
30,"BAT","QHIL_0",21
30,"BAT","QHIL_1",11.4575137480907
30,"BAT","QHIL_2",8.28776978417266
30,"BAT","QHIL_3",7.13685610236796
30,"benthos","QHIL_0",35
30,"benthos","QHIL_1",11.4575137480907
30,"benthos","QHIL_2",8.28776978417266
30,"benthos","QHIL_3",7.13685610236796
30,"breakaway","QHIL_0",21
30,"breakaway","QHIL_1",11.4575137480907
30,"breakaway","QHIL_2",8.28776978417266
30,"breakaway","QHIL_3",7.13685610236796
30,"chemodiv","QHIL_0",21
30,"chemodiv","QHIL_1",11.4575137480907
30,"chemodiv","QHIL_2",8.28776978417266
30,"chemodiv","QHIL_3",7.13685610236796
30,"divDyn","QHIL_2",8.28776978417266
30,"divent","QHIL_0",21
30,"divent","QHIL_1",11.4575137480907
30,"divent","QHIL_2",8.28776978417266
30,"divent","QHIL_3",7.13685610236795
30,"entropart","QHIL_0",21
30,"entropart","QHIL_1",11.4575137480907
30,"entropart","QHIL_2",8.28776978417266
30,"entropart","QHIL_3",7.13685610236796
30,"EntropyEstimation","QHIL_1",12.8531201242196
30,"EntropyEstimation","QHIL_2",8.97637795275589
30,"EntropyEstimation","QHIL_3",7.76282764467369
30,"extremefit","QHIL",NA
30,"hilldiv","QHIL_0",21
30,"hilldiv","QHIL_1",11.4575681166518
30,"hilldiv","QHIL_2",8.28776978417266
30,"hilldiv","QHIL_3",7.13685610236796
30,"hillR","QHIL_0",21
30,"hillR","QHIL_1",11.4575137480907
30,"hillR","QHIL_2",8.28776978417266
30,"hillR","QHIL_3",7.13685610236796
30,"sprex","QHIL_0",21
30,"sprex","QHIL_1",11.4575137480907
30,"sprex","QHIL_2",8.28776978417266
30,"sprex","QHIL_3",7.13685610236796
30,"vegan","QHIL_0",21
30,"vegan","QHIL_1",11.4575137480907
30,"vegan","QHIL_2",8.28776978417266
30,"vegan","QHIL_3",7.13685610236796
30,"adiv","QREN_0",3.04452243772342
30,"adiv","QREN_1",2.43864573732106
30,"adiv","QREN_2",2.11478090812514
30,"adiv","QREN_3",1.96527235758418
30,"BiodiversityR","QREN_0",3.04452243772342
30,"BiodiversityR","QREN_1",2.43864573732106
30,"BiodiversityR","QREN_2",2.11478090812514
30,"BiodiversityR","QREN_3",1.96527235758418
30,"diverse","QREN_0",2.89037175789616
30,"diverse","QREN_1",2.28536861806529
30,"diverse","QREN_2",1.99955974659849
30,"diverse","QREN_3",1.88216969663346
30,"EntropyEstimation","QREN_1",2.55358659309067
30,"EntropyEstimation","QREN_2",2.19459645492995
30,"EntropyEstimation","QREN_3",2.04934665502245
30,"seewave","QREN_2",0.594816850760283
30,"seewave","QREN_3",0.552765114827009
30,"sprex","QREN_0",3.04452243772342
30,"sprex","QREN_1",2.43864573732106
30,"sprex","QREN_2",2.11478090812514
30,"sprex","QREN_3",1.96527235758418
30,"statcomp","QREN_1",0.685909141705652
30,"statcomp","QREN_2",0.59481684255668
30,"statcomp","QREN_3",0.552765108674306
30,"vegan","QREN_0",3.04452243772342
30,"vegan","QREN_1",2.43864573732106
30,"vegan","QREN_2",2.11478090812514
30,"vegan","QREN_3",1.96527235758418
30,"adiv","QTSA_0",20
30,"adiv","QTSA_1",2.43864573732106
30,"adiv","QTSA_2",0.879340277777778
30,"adiv","QTSA_3",0.490183512369792
30,"divent","QTSA_0",20
30,"divent","QTSA_1",2.43864573732106
30,"divent","QTSA_2",0.879340277777778
30,"divent","QTSA_3",0.490183512369792
30,"entropart","QTSA_0",39
30,"entropart","QTSA_1",2.69629589705062
30,"entropart","QTSA_2",0.888365991429268
30,"entropart","QTSA_3",0.490890286753933
30,"EntropyEstimation","QTSA_1",2.55358659309067
30,"EntropyEstimation","QTSA_2",0.88859649122807
30,"EntropyEstimation","QTSA_3",0.491702827547592
30,"vegan","QTSA_0",20
30,"vegan","QTSA_1",2.43864573732106
30,"vegan","QTSA_2",0.879340277777778
30,"vegan","QTSA_3",0.490183512369792
30,"BAT","RACE",44.9144489795918
30,"ecodive","RACE",44.9144489795918
30,"fossil","RACE",26.6571428571429
30,"pctax","RACE",44.9144
30,"sprex","RACE",133.408043345543
30,"tabula","RACE",44.9144489795918
30,"vegan","RACE",44.9144489795918
30,"wiqid","RACE",44.9144489795918
30,"BiodiversityR","RBOO",21
30,"wiqid","RBOO",35
30,"BAT","RC1",34.75
30,"BiodiversityR","RC1",21
30,"biosampleR","RC1",21.3333333333333
30,"iNEXT","RC1",40.957
30,"microbiome","RC1",34.75
30,"pctax","RC1",34.75
30,"rareNMtests","RC1",21
30,"SpadeR","RC1",21
30,"SSP","RC1",20
30,"vegan","RC1",34.75
30,"wiqid","RC1",41.1666666666667
30,"BAT","RC1M",44.2845804988662
30,"divent","RC1M",40.9565972222222
30,"ecodive","RC1M",41.1666666666667
30,"entropart","RC1M",40.9565972222222
30,"fossil","RC1M",41.1666666666667
30,"mobr","RC1M",40.9565972222222
30,"OTUtable","RC1M",41.1666666666667
30,"tabula","RC1M",40.9565972222222
30,"wiqid","RC1M",41.1666666666667
30,"BAT","RCA2",35.0208333333333
30,"divDyn","RCA2",34.0952380952381
30,"fossil","RCA2",41.1666666666667
30,"tabula","RCA2",21
30,"wiqid","RCA2",21
30,"benthos","RHUR_2",1.88859649122812
30,"benthos","RHUR_3",2.68238381858902
30,"divent","RHUR_2",8.97637778999211
30,"divent","RHUR_3",9.09935402883601
30,"entropart","RHUR_2",1.88859649122812
30,"entropart","RHUR_3",2.68238381858902
30,"mobsim","RHUR_2",1.88859649122812
30,"mobsim","RHUR_3",2.68238381858902
30,"tabula","RHUR_2",1.88859649122959
30,"tabula","RHUR_3",2.68238381859054
30,"vegan","RHUR_2",1.88859649122812
30,"vegan","RHUR_3",2.68238381858902
30,"BAT","RICE",35.0467897189568
30,"fossil","RICE",26.6571428571429
30,"tabula","RICE",21
30,"wiqid","RICE",21
30,"BAT","RJA1",32
30,"BiodiversityR","RJA1",21
30,"divent","RJA1",40
30,"entropart","RJA1",40
30,"fossil","RJA1",31.8854166666667
30,"SSP","RJA1",20
30,"tabula","RJA1",2.34879294776918
30,"wiqid","RJA1",32
30,"BAT","RJA2",40
30,"BiodiversityR","RJA2",21
30,"fossil","RJA2",39.4059210526316
30,"SSP","RJA2",20
30,"wiqid","RJA2",40
30,"wiqid","RMM",0
30,"divDyn","RSQ",35.9751808569839
30,"ecodive","RSQ",35.9751808569839
30,"tabula","RSQ",35.9751808569839
31,"abdiv","D1SP",0.796804733727811
31,"ade4","D1SP",0.796804733727811
31,"adiv","D1SP",0.796804733727811
31,"agricolae","D1SP",1
31,"asbio","D1SP",0.796804733727811
31,"BiodiversityR","D1SP",0.79680473
31,"biosampleR","D1SP",0.8443662336318
31,"breakaway","D1SP",0.796804733727811
31,"catsim","D1SP",0.635102040816327
31,"concstats","D1SP",0.976564566655064
31,"CUB","D1SP",0.820240167072746
31,"DescTools","D1SP",0.796804733727811
31,"divent","D1SP",0.796804733727811
31,"diverse","D1SP",0.8443662336318
31,"ecodive","D1SP",0.796804733727811
31,"entropart","D1SP",0.796804733727811
31,"lawstat","D1SP",0.861990950226244
31,"MCPAN","D1SP",-3433
31,"microbiome","D1SP",0.796804733727811
31,"PCRA","D1SP",0.796804733727811
31,"RoughSets","D1SP",0.796804733727811
31,"simboot","D1SP",-3433
31,"sprex","D1SP",0.796804733727811
31,"untb","D1SP",0.802981514609422
31,"vegan","D1SP",0.796804733727811
31,"abdiv","DBRI",1.82898830168969
31,"ecodive","DBRI",1.82898830168969
31,"tabula","DBRI",1.82898830168969
31,"wiqid","DBRI",6.22758303514582
31,"BiodiversityR","DFIS",4.38183232
31,"ecodive","DFIS",4.382
31,"microbiome","DFIS",4.38183232417792
31,"preseqR","DFIS",7.08389523892482
31,"sads","DFIS",4.38184512639031
31,"vegan","DFIS",4.38183232417792
31,"abdiv","DINVSP",4.92137449039021
31,"adiv","DINVSP",4.92137449039021
31,"asbio","DINVSP",4.92137449039021
31,"BiodiversityR","DINVSP",4.92137449
31,"breakaway","DINVSP",4.92137449039021
31,"chemodiv","DINVSP",4.92137449039021
31,"codyn","DINVSP",4.92137449039021
31,"divseg","DINVSP",1.20319526627219
31,"ecodive","DINVSP",4.92137449039022
31,"microbiome","DINVSP",4.92137449039021
31,"sprex","DINVSP",4.92137449039021
31,"vegan","DINVSP",4.92137449039021
31,"asbio","DLMD",23.4124806237432
31,"Compositional","DLMD",0.999958992306093
31,"sads","DLMD",1.32492572058063
31,"vegan","DLMD",49.5705367442003
31,"abdiv","DMC",0.602029635878171
31,"adiv","DMC",0.602029635878171
31,"agricolae","DMC",0.602029635878171
31,"ecodive","DMC",0.602029635878171
31,"forestHES","DMC",0.602029635878171
31,"tabula","DMC",0.602029635878171
31,"abdiv","DMG",2.87619946864262
31,"adiv","DMG",2.87619946864262
31,"agricolae","DMG",6.9850558524178
31,"ecodive","DMG",2.87619946864262
31,"tabula","DMG",2.87619946864262
31,"abdiv","DMN",1.31558702896054
31,"adiv","DMN",1.31558702896054
31,"ecodive","DMN",1.31558702896054
31,"tabula","DMN",1.31558702896054
31,"abdiv","DQ",0
31,"ade4","DRAO",0.79680473372781
31,"BAT","DRAO",0.79680473372781
31,"chemodiv","DRAO",419.914522601197
31,"diverse","DRAO",113.010588649673
31,"SYNCSA","DRAO",0.796804733727811
31,"abdiv","DSHA",1.99034410181326
31,"adiv","DSHA",1.99034410181326
31,"aqp","DSHA",-539.618072198383
31,"asbio","DSHA",1.99034410181326
31,"benthos","DSHA",0
31,"BiodiversityR","DSHA",1.9903441
31,"biosampleR","DSHA",2.13873944553299
31,"chemodiv","DSHA",1.99034410181326
31,"codyn","DSHA",1.99034410181326
31,"DescTools","DSHA",2.87145956534859
31,"divDyn","DSHA",1.99034410181326
31,"divent","DSHA",1.99034410181326
31,"diverse","DSHA",2.13873944553299
31,"ecodive","DSHA",1.99034410181326
31,"EconGeo","DSHA",2.871
31,"entropart","DSHA",2.14285461734817
31,"forestmangr","DSHA",3.56
31,"HardyWeinberg","DSHA",1.99034410181326
31,"iNEXT","DSHA",1.99
31,"MCPAN","DSHA",1.99034410181326
31,"microbiome","DSHA",1.99034410181326
31,"OTUtable","DSHA",1.99034410181326
31,"pgirmess","DSHA",2.87145956534859
31,"SpiecEasi","DSHA",1.99034410181326
31,"sprex","DSHA",1.99034410181326
31,"tabula","DSHA",1.99034410181326
31,"triversity","DSHA",15
31,"vegan","DSHA",1.99034410181326
31,"wavethresh","DSHA",-24430.0402080697
31,"wiqid","DSHA",5.07566585956416
31,"abdiv","DSP",0.203195266272189
31,"agricolae","DSP",0.203195266272189
31,"antitrust","DSP",2031.95266272189
31,"benthos","DSP",0.197018485390578
31,"breakaway","DSP",0.203195266272189
31,"concstats","DSP",0.203195266272189
31,"DescTools","DSP",0.203195266272189
31,"diverse","DSP",0.149515170472318
31,"divseg","DSP",1.20319526627219
31,"EconGeo","DSP",0.203195266272189
31,"hhi","DSP",0.203195266272189
31,"ineq","DSP",0.203195266272189
31,"microbiome","DSP",0.203195266272189
31,"PDtoolkit","DSP",0.203195266272189
31,"politics","DSP",0.203195266272189
31,"REAT","DSP",0.203195266272189
31,"sprex","DSP",0.203195266272189
31,"tabula","DSP",0.203195266272189
31,"triversity","DSP",0.203195266272189
31,"wiqid","DSP",5.07566585956416
31,"abdiv","EBP",0.384615384615385
31,"agricolae","EBP",0.384615384615385
31,"BiodiversityR","EBP",0.38461538
31,"diverse","EBP",0.258992805755396
31,"dyvDyn","EBP",0.384615384615385
31,"ecodive","EBP",0.384615384615385
31,"microbiome","EBP",0.384615384615385
31,"tabula","EBP",0.384615384615385
31,"triversity","EBP",0.384615384615385
31,"wiqid","EBP",1
31,"tabula","EBRI",0.731389325373117
31,"BAT","EBU",0.489010989010989
31,"microbiome","EBU",0.489010989010989
31,"BAT","ECAM",0.911355311355311
31,"microbiome","ECAM",0.670769230769231
31,"codyn","EEQ",0.159056465222331
31,"adiv","EEVAR",0.342343648238877
31,"codyn","EEVAR",0.331247913325837
31,"microbiome","EEVAR",0.342343648238877
31,"acid","EGIN",0.837362637362637
31,"DescTools","EGIN",0.837362637362637
31,"dplR","EGIN",0.837362637362637
31,"EconGeo","EGIN",0.837
31,"giniVarCI","EGIN",0.837362637362637
31,"ineq","EGIN",0.837362637362637
31,"microbiome","EGIN",0.837362637362637
31,"REAT","EGIN",0.837362637362637
31,"shipunov","EGIN",0.837362637362637
31,"wINEQ","EGIN",0.837362637362637
31,"adiv","EGSP",0.853719357565511
31,"abdiv","EHEI",0.451289391706684
31,"adiv","EHEI",0.451289391706684
31,"benthos","EHURE",0.802981514609422
31,"BiodiversityR","EHURE",0.80298151
31,"mobr","EHURE",0.802981514609422
31,"vegan","EHURE",0.802981514609433
31,"abdiv","EMC",0.504912761581366
31,"tabula","EMC",0.740398115190507
31,"microbiome","EMN",0.538461538461539
31,"abdiv","EPIE",0.734973118667876
31,"adiv","EPIE",0.734973118667876
31,"BiodiversityR","EPIE",0.73497312
31,"breakaway","EPIE",0.734973118667876
31,"chemodiv","EPIE",0.734973118667876
31,"diverse","EPIE",0.771387197956015
31,"forestmangr","EPIE",1
31,"microbiome","EPIE",0.734973118667876
31,"OTUtable","EPIE",0.734973118667876
31,"pctax","EPIE",0.735
31,"sprex","EPIE",0.734973118667876
31,"tabula","EPIE",0.734973118667876
31,"adiv","ESP",0.328091632692681
31,"codyn","ESP",0.328091632692681
31,"sprex","ESP",0.132689606787551
31,"tabula","ESP",0.328091632692681
31,"abdiv","EST",0.476923076923077
31,"adiv","QHIL_0",15
31,"adiv","QHIL_1",7.31805148389358
31,"adiv","QHIL_2",4.92137449039021
31,"adiv","QHIL_3",3.98020077892801
31,"BAT","QHIL_0",15
31,"BAT","QHIL_1",7.31805148389358
31,"BAT","QHIL_2",4.92137449039021
31,"BAT","QHIL_3",3.98020077892801
31,"benthos","QHIL_0",35
31,"benthos","QHIL_1",7.31805148389358
31,"benthos","QHIL_2",4.92137449039021
31,"benthos","QHIL_3",3.98020077892801
31,"breakaway","QHIL_0",15
31,"breakaway","QHIL_1",7.31805148389358
31,"breakaway","QHIL_2",4.92137449039021
31,"breakaway","QHIL_3",3.98020077892801
31,"chemodiv","QHIL_0",15
31,"chemodiv","QHIL_1",7.31805148389358
31,"chemodiv","QHIL_2",4.92137449039021
31,"chemodiv","QHIL_3",3.98020077892801
31,"divDyn","QHIL_2",4.92137449039021
31,"divent","QHIL_0",15
31,"divent","QHIL_1",7.31805148389358
31,"divent","QHIL_2",4.92137449039022
31,"divent","QHIL_3",3.98020077892801
31,"entropart","QHIL_0",15
31,"entropart","QHIL_1",7.31805148389358
31,"entropart","QHIL_2",4.92137449039022
31,"entropart","QHIL_3",3.98020077892801
31,"EntropyEstimation","QHIL_1",7.75767368866324
31,"EntropyEstimation","QHIL_2",5.07566585956416
31,"EntropyEstimation","QHIL_3",4.08491948074611
31,"extremefit","QHIL",NA
31,"hilldiv","QHIL_0",15
31,"hilldiv","QHIL_1",7.31809115421274
31,"hilldiv","QHIL_2",4.92137449039021
31,"hilldiv","QHIL_3",3.98020077892801
31,"hillR","QHIL_0",15
31,"hillR","QHIL_1",7.31805148389358
31,"hillR","QHIL_2",4.92137449039021
31,"hillR","QHIL_3",3.98020077892801
31,"sprex","QHIL_0",15
31,"sprex","QHIL_1",7.31805148389358
31,"sprex","QHIL_2",4.92137449039021
31,"sprex","QHIL_3",3.98020077892801
31,"vegan","QHIL_0",15
31,"vegan","QHIL_1",7.31805148389358
31,"vegan","QHIL_2",4.92137449039021
31,"vegan","QHIL_3",3.98020077892801
31,"adiv","QREN_0",2.70805020110221
31,"adiv","QREN_1",1.99034410181326
31,"adiv","QREN_2",1.59358785945374
31,"adiv","QREN_3",1.38133226499078
31,"BiodiversityR","QREN_0",2.70805020110221
31,"BiodiversityR","QREN_1",1.99034410181326
31,"BiodiversityR","QREN_2",1.59358785945374
31,"BiodiversityR","QREN_3",1.38133226499078
31,"diverse","QREN_0",2.77258872223978
31,"diverse","QREN_1",2.13873944553299
31,"diverse","QREN_2",1.86024968327285
31,"diverse","QREN_3",1.74241082445377
31,"EntropyEstimation","QREN_1",2.04868250686265
31,"EntropyEstimation","QREN_2",1.62445772017639
31,"EntropyEstimation","QREN_3",1.40730201716204
31,"seewave","QREN_2",0.448222751376805
31,"seewave","QREN_3",0.388522379293866
31,"sprex","QREN_0",2.70805020110221
31,"sprex","QREN_1",1.99034410181326
31,"sprex","QREN_2",1.59358785945374
31,"sprex","QREN_3",1.38133226499078
31,"statcomp","QREN_1",0.559816948267918
31,"statcomp","QREN_2",0.448222742722454
31,"statcomp","QREN_3",0.388522372803103
31,"vegan","QREN_0",2.70805020110221
31,"vegan","QREN_1",1.99034410181326
31,"vegan","QREN_2",1.59358785945374
31,"vegan","QREN_3",1.38133226499078
31,"adiv","QTSA_0",14
31,"adiv","QTSA_1",1.99034410181326
31,"adiv","QTSA_2",0.796804733727811
31,"adiv","QTSA_3",0.468438324988621
31,"divent","QTSA_0",14
31,"divent","QTSA_1",1.99034410181326
31,"divent","QTSA_2",0.796804733727811
31,"divent","QTSA_3",0.468438324988621
31,"entropart","QTSA_0",25
31,"entropart","QTSA_1",2.14285461734817
31,"entropart","QTSA_2",0.802880690865119
31,"entropart","QTSA_3",0.468995666461906
31,"EntropyEstimation","QTSA_1",2.04868250686265
31,"EntropyEstimation","QTSA_2",0.802981514609421
31,"EntropyEstimation","QTSA_3",0.470035778175313
31,"vegan","QTSA_0",14
31,"vegan","QTSA_1",1.99034410181326
31,"vegan","QTSA_2",0.796804733727811
31,"vegan","QTSA_3",0.468438324988621
31,"BAT","RACE",27.5761772853186
31,"ecodive","RACE",27.5761772853186
31,"fossil","RACE",18.1578947368421
31,"pctax","RACE",27.5762
31,"sprex","RACE",159.166395327454
31,"tabula","RACE",27.5761772853186
31,"vegan","RACE",27.5761772853186
31,"wiqid","RACE",27.5761772853186
31,"BiodiversityR","RBOO",15
31,"wiqid","RBOO",35
31,"BAT","RC1",22.5
31,"BiodiversityR","RC1",15
31,"biosampleR","RC1",16.5
31,"iNEXT","RC1",32.862
31,"microbiome","RC1",22.5
31,"pctax","RC1",22.5
31,"rareNMtests","RC1",15
31,"SpadeR","RC1",15
31,"SSP","RC1",14
31,"vegan","RC1",22.5
31,"wiqid","RC1",33
31,"BAT","RC1M",26.1
31,"divent","RC1M",32.8615384615385
31,"ecodive","RC1M",33
31,"entropart","RC1M",32.8615384615385
31,"fossil","RC1M",33
31,"mobr","RC1M",32.8615384615385
31,"OTUtable","RC1M",33
31,"tabula","RC1M",32.8615384615385
31,"wiqid","RC1M",33
31,"BAT","RCA2",35.0058333333333
31,"divDyn","RCA2",22
31,"fossil","RCA2",33
31,"tabula","RCA2",15
31,"wiqid","RCA2",15
31,"benthos","RHUR_2",1.80298151460943
31,"benthos","RHUR_3",2.46887298747764
31,"divent","RHUR_2",5.07565173856196
31,"divent","RHUR_3",5.29263287890513
31,"entropart","RHUR_2",1.80298151460944
31,"entropart","RHUR_3",2.46887298747764
31,"mobsim","RHUR_2",1.80298151460943
31,"mobsim","RHUR_3",2.46887298747764
31,"tabula","RHUR_2",1.80298151460917
31,"tabula","RHUR_3",2.46887298747854
31,"vegan","RHUR_2",1.80298151460943
31,"vegan","RHUR_3",2.46887298747764
31,"BAT","RICE",35.0263390289116
31,"fossil","RICE",18.1578947368421
31,"tabula","RICE",15
31,"wiqid","RICE",15
31,"BAT","RJA1",21
31,"BiodiversityR","RJA1",15
31,"divent","RJA1",26
31,"entropart","RJA1",26
31,"fossil","RJA1",20.9538461538462
31,"SSP","RJA1",14
31,"tabula","RJA1",1.84484309440676
31,"wiqid","RJA1",21
31,"BAT","RJA2",26
31,"BiodiversityR","RJA2",15
31,"fossil","RJA2",25.7460942158617
31,"SSP","RJA2",14
31,"wiqid","RJA2",26
31,"wiqid","RMM",0
31,"divDyn","RSQ",22.3541939321832
31,"ecodive","RSQ",22.3541939321832
31,"tabula","RSQ",22.3541939321832
32,"abdiv","D1SP",0.890970054341542
32,"ade4","D1SP",0.890970054341543
32,"adiv","D1SP",0.890970054341542
32,"agricolae","D1SP",1
32,"asbio","D1SP",0.890970054341542
32,"BiodiversityR","D1SP",0.89097005
32,"biosampleR","D1SP",0.637832087567537
32,"breakaway","D1SP",0.890970054341542
32,"catsim","D1SP",0.667755102040816
32,"concstats","D1SP",0.973794998401719
32,"CUB","D1SP",0.917175055939823
32,"DescTools","D1SP",0.890970054341543
32,"divent","D1SP",0.890970054341542
32,"diverse","D1SP",0.637832087567537
32,"ecodive","D1SP",0.890970054341542
32,"entropart","D1SP",0.890970054341542
32,"lawstat","D1SP",0.762175838077166
32,"MCPAN","D1SP",-942
32,"microbiome","D1SP",0.890970054341542
32,"PCRA","D1SP",0.890970054341542
32,"RoughSets","D1SP",0.890970054341542
32,"simboot","D1SP",-942
32,"sprex","D1SP",0.890970054341542
32,"untb","D1SP",0.90065451145395
32,"vegan","D1SP",0.890970054341542
32,"abdiv","DBRI",2.20552334772175
32,"ecodive","DBRI",2.20552334772175
32,"tabula","DBRI",2.20552334772175
32,"wiqid","DBRI",9.07499970570531
32,"BiodiversityR","DFIS",5.56757678
32,"ecodive","DFIS",5.568
32,"microbiome","DFIS",5.56757678295695
32,"preseqR","DFIS",7.76250286949368
32,"sads","DFIS",5.56757463302977
32,"vegan","DFIS",5.56757678295695
32,"abdiv","DINVSP",9.17179215270414
32,"adiv","DINVSP",9.17179215270414
32,"asbio","DINVSP",9.17179215270414
32,"BiodiversityR","DINVSP",9.17179215
32,"breakaway","DINVSP",9.17179215270414
32,"chemodiv","DINVSP",9.17179215270414
32,"codyn","DINVSP",9.17179215270414
32,"divseg","DINVSP",1.10902994565846
32,"ecodive","DINVSP",9.17179215270414
32,"microbiome","DINVSP",9.17179215270414
32,"sprex","DINVSP",9.17179215270414
32,"vegan","DINVSP",9.17179215270414
32,"asbio","DLMD",34.2140468805099
32,"Compositional","DLMD",0.999958992306093
32,"sads","DLMD",1.43171495105157
32,"vegan","DLMD",16.8225411128013
32,"abdiv","DMC",0.747293943450226
32,"adiv","DMC",0.747293943450226
32,"agricolae","DMC",0.747293943450226
32,"ecodive","DMC",0.747293943450226
32,"forestHES","DMC",0.747293943450226
32,"tabula","DMC",0.747293943450226
32,"abdiv","DMG",3.30935923693641
32,"adiv","DMG",3.30935923693641
32,"agricolae","DMG",7.50121427038919
32,"ecodive","DMG",3.30935923693641
32,"tabula","DMG",3.30935923693641
32,"abdiv","DMN",1.65912271156868
32,"adiv","DMN",1.65912271156868
32,"ecodive","DMN",1.65912271156868
32,"tabula","DMN",1.65912271156868
32,"abdiv","DQ",0
32,"ade4","DRAO",0.890970054341542
32,"BAT","DRAO",0.890970054341543
32,"chemodiv","DRAO",178.055708474357
32,"diverse","DRAO",200.113796470621
32,"SYNCSA","DRAO",0.890970054341542
32,"abdiv","DSHA",2.4570713728317
32,"adiv","DSHA",2.4570713728317
32,"aqp","DSHA",-278.474933756456
32,"asbio","DSHA",2.4570713728317
32,"benthos","DSHA",0
32,"BiodiversityR","DSHA",2.45707137
32,"biosampleR","DSHA",1.6049222997935
32,"chemodiv","DSHA",2.4570713728317
32,"codyn","DSHA",2.4570713728317
32,"DescTools","DSHA",3.54480468469453
32,"divDyn","DSHA",2.4570713728317
32,"divent","DSHA",2.4570713728317
32,"diverse","DSHA",1.6049222997935
32,"ecodive","DSHA",2.4570713728317
32,"EconGeo","DSHA",3.545
32,"entropart","DSHA",2.48759877185272
32,"forestmangr","DSHA",3.56
32,"HardyWeinberg","DSHA",2.4570713728317
32,"iNEXT","DSHA",2.457
32,"MCPAN","DSHA",2.4570713728317
32,"microbiome","DSHA",2.4570713728317
32,"OTUtable","DSHA",2.4570713728317
32,"pgirmess","DSHA",3.54480468469453
32,"SpiecEasi","DSHA",2.4570713728317
32,"sprex","DSHA",2.4570713728317
32,"tabula","DSHA",2.4570713728317
32,"triversity","DSHA",16
32,"vegan","DSHA",2.4570713728317
32,"wavethresh","DSHA",-4734.91210677888
32,"wiqid","DSHA",10.0658823529412
32,"abdiv","DSP",0.109029945658458
32,"agricolae","DSP",0.109029945658458
32,"antitrust","DSP",1090.29945658458
32,"benthos","DSP",0.0993454885460495
32,"breakaway","DSP",0.109029945658458
32,"concstats","DSP",0.109029945658458
32,"DescTools","DSP",0.109029945658458
32,"diverse","DSP",0.358775188562423
32,"divseg","DSP",1.10902994565846
32,"EconGeo","DSP",0.109029945658458
32,"hhi","DSP",0.109029945658458
32,"ineq","DSP",0.109029945658458
32,"microbiome","DSP",0.109029945658458
32,"PDtoolkit","DSP",0.109029945658458
32,"politics","DSP",0.109029945658458
32,"REAT","DSP",0.109029945658458
32,"sprex","DSP",0.109029945658458
32,"tabula","DSP",0.109029945658458
32,"triversity","DSP",0.109029945658458
32,"wiqid","DSP",10.0658823529412
32,"abdiv","EBP",0.193548387096774
32,"agricolae","EBP",0.193548387096774
32,"BiodiversityR","EBP",0.19354839
32,"diverse","EBP",0.582010582010582
32,"dyvDyn","EBP",0.193548387096774
32,"ecodive","EBP",0.193548387096774
32,"microbiome","EBP",0.193548387096774
32,"tabula","EBP",0.193548387096774
32,"triversity","EBP",0.193548387096774
32,"wiqid","EBP",1
32,"tabula","EBRI",0.884777491524369
32,"BAT","EBU",0.645161290322581
32,"microbiome","EBU",0.645161290322581
32,"BAT","ECAM",0.942383512544803
32,"microbiome","ECAM",0.503360215053763
32,"codyn","EEQ",0.212760416028908
32,"adiv","EEVAR",0.633771734386235
32,"codyn","EEVAR",0.623366748857491
32,"microbiome","EEVAR",0.633771734386235
32,"acid","EGIN",0.740399385560676
32,"DescTools","EGIN",0.740399385560676
32,"dplR","EGIN",0.740399385560676
32,"EconGeo","EGIN",0.74
32,"giniVarCI","EGIN",0.740399385560676
32,"ineq","EGIN",0.740399385560676
32,"microbiome","EGIN",0.740399385560675
32,"REAT","EGIN",0.740399385560676
32,"shipunov","EGIN",0.740399385560675
32,"wINEQ","EGIN",0.740399385560676
32,"adiv","EGSP",0.950368057964312
32,"abdiv","EHEI",0.711372177145849
32,"adiv","EHEI",0.711372177145849
32,"benthos","EHURE",0.90065451145395
32,"BiodiversityR","EHURE",0.90065451
32,"mobr","EHURE",0.90065451145395
32,"vegan","EHURE",0.900654511453933
32,"abdiv","EMC",0.393211788657799
32,"tabula","EMC",0.893070895117302
32,"microbiome","EMN",0.376344086021505
32,"abdiv","EPIE",0.886201171173632
32,"adiv","EPIE",0.886201171173632
32,"BiodiversityR","EPIE",0.88620117
32,"breakaway","EPIE",0.886201171173632
32,"chemodiv","EPIE",0.886201171173632
32,"diverse","EPIE",0.608142264202908
32,"forestmangr","EPIE",1
32,"microbiome","EPIE",0.886201171173632
32,"OTUtable","EPIE",0.886201171173632
32,"pctax","EPIE",0.8862
32,"sprex","EPIE",0.886201171173632
32,"tabula","EPIE",0.886201171173632
32,"adiv","ESP",0.573237009544008
32,"codyn","ESP",0.573237009544008
32,"sprex","ESP",0.153566960801981
32,"tabula","ESP",0.573237009544008
32,"abdiv","EST",0.332661290322581
32,"adiv","QHIL_0",16
32,"adiv","QHIL_1",11.6705826571877
32,"adiv","QHIL_2",9.17179215270414
32,"adiv","QHIL_3",7.85721940927568
32,"BAT","QHIL_0",16
32,"BAT","QHIL_1",11.6705826571877
32,"BAT","QHIL_2",9.17179215270414
32,"BAT","QHIL_3",7.85721940927568
32,"benthos","QHIL_0",35
32,"benthos","QHIL_1",11.6705826571877
32,"benthos","QHIL_2",9.17179215270414
32,"benthos","QHIL_3",7.85721940927568
32,"breakaway","QHIL_0",16
32,"breakaway","QHIL_1",11.6705826571877
32,"breakaway","QHIL_2",9.17179215270414
32,"breakaway","QHIL_3",7.85721940927568
32,"chemodiv","QHIL_0",16
32,"chemodiv","QHIL_1",11.6705826571877
32,"chemodiv","QHIL_2",9.17179215270414
32,"chemodiv","QHIL_3",7.85721940927568
32,"divDyn","QHIL_2",9.17179215270414
32,"divent","QHIL_0",16
32,"divent","QHIL_1",11.6705826571877
32,"divent","QHIL_2",9.17179215270414
32,"divent","QHIL_3",7.85721940927572
32,"entropart","QHIL_0",16
32,"entropart","QHIL_1",11.6705826571877
32,"entropart","QHIL_2",9.17179215270414
32,"entropart","QHIL_3",7.8572194092757
32,"EntropyEstimation","QHIL_1",12.7073528416346
32,"EntropyEstimation","QHIL_2",10.0658823529412
32,"EntropyEstimation","QHIL_3",8.65828595367986
32,"extremefit","QHIL",NA
32,"hilldiv","QHIL_0",16
32,"hilldiv","QHIL_1",11.6706161542142
32,"hilldiv","QHIL_2",9.17179215270414
32,"hilldiv","QHIL_3",7.85721940927568
32,"hillR","QHIL_0",16
32,"hillR","QHIL_1",11.6705826571877
32,"hillR","QHIL_2",9.17179215270414
32,"hillR","QHIL_3",7.85721940927568
32,"sprex","QHIL_0",16
32,"sprex","QHIL_1",11.6705826571877
32,"sprex","QHIL_2",9.17179215270414
32,"sprex","QHIL_3",7.85721940927568
32,"vegan","QHIL_0",16
32,"vegan","QHIL_1",11.6705826571877
32,"vegan","QHIL_2",9.17179215270414
32,"vegan","QHIL_3",7.85721940927568
32,"adiv","QREN_0",2.77258872223978
32,"adiv","QREN_1",2.4570713728317
32,"adiv","QREN_2",2.21613270367305
32,"adiv","QREN_3",2.06143277912842
32,"BiodiversityR","QREN_0",2.77258872223978
32,"BiodiversityR","QREN_1",2.4570713728317
32,"BiodiversityR","QREN_2",2.21613270367305
32,"BiodiversityR","QREN_3",2.06143277912842
32,"diverse","QREN_0",2.63905732961526
32,"diverse","QREN_1",1.6049222997935
32,"diverse","QREN_2",1.01564732820138
32,"diverse","QREN_3",0.807664396040659
32,"EntropyEstimation","QREN_1",2.54218078983784
32,"EntropyEstimation","QREN_2",2.30915172071793
32,"EntropyEstimation","QREN_3",2.15851677615744
32,"seewave","QREN_2",0.623323710141865
32,"seewave","QREN_3",0.579811814236269
32,"sprex","QREN_0",2.77258872223978
32,"sprex","QREN_1",2.4570713728317
32,"sprex","QREN_2",2.21613270367305
32,"sprex","QREN_3",2.06143277912842
32,"statcomp","QREN_1",0.691091654132557
32,"statcomp","QREN_2",0.623323698649259
32,"statcomp","QREN_3",0.579811805616815
32,"vegan","QREN_0",2.77258872223978
32,"vegan","QREN_1",2.4570713728317
32,"vegan","QREN_2",2.21613270367305
32,"vegan","QREN_3",2.06143277912842
32,"adiv","QTSA_0",15
32,"adiv","QTSA_1",2.4570713728317
32,"adiv","QTSA_2",0.890970054341542
32,"adiv","QTSA_3",0.49190098426445
32,"divent","QTSA_0",15
32,"divent","QTSA_1",2.4570713728317
32,"divent","QTSA_2",0.890970054341542
32,"divent","QTSA_3",0.49190098426445
32,"entropart","QTSA_0",16
32,"entropart","QTSA_1",2.48759877185272
32,"entropart","QTSA_2",0.892957358712022
32,"entropart","QTSA_3",0.492131071235383
32,"EntropyEstimation","QTSA_1",2.54218078983784
32,"EntropyEstimation","QTSA_2",0.90065451145395
32,"EntropyEstimation","QTSA_3",0.493330302236333
32,"vegan","QTSA_0",15
32,"vegan","QTSA_1",2.4570713728317
32,"vegan","QTSA_2",0.890970054341542
32,"vegan","QTSA_3",0.49190098426445
32,"BAT","RACE",16.4206854470741
32,"ecodive","RACE",16.4206854470741
32,"fossil","RACE",16.2456140350877
32,"pctax","RACE",16.4207
32,"sprex","RACE",94.9592862345229
32,"tabula","RACE",16.4206854470741
32,"vegan","RACE",16.4206854470741
32,"wiqid","RACE",16.4206854470741
32,"BiodiversityR","RBOO",16
32,"wiqid","RBOO",35
32,"BAT","RC1",16
32,"BiodiversityR","RC1",16
32,"biosampleR","RC1",15
32,"iNEXT","RC1",16.099
32,"microbiome","RC1",16
32,"pctax","RC1",16
32,"rareNMtests","RC1",16
32,"SpadeR","RC1",16
32,"SSP","RC1",15
32,"vegan","RC1",16
32,"wiqid","RC1",16.1
32,"BAT","RC1M",16.0625
32,"divent","RC1M",16.0989247311828
32,"ecodive","RC1M",16.1
32,"entropart","RC1M",16.0989247311828
32,"fossil","RC1M",16.1
32,"mobr","RC1M",16.0989247311828
32,"OTUtable","RC1M",16.1
32,"tabula","RC1M",16.0989247311828
32,"wiqid","RC1M",16.1
32,"BAT","RCA2",34.9958333333333
32,"divDyn","RCA2",16
32,"fossil","RCA2",16.1
32,"tabula","RCA2",16
32,"wiqid","RCA2",16
32,"benthos","RHUR_2",1.90065451145393
32,"benthos","RHUR_3",2.71530292988918
32,"divent","RHUR_2",10.0659105340867
32,"divent","RHUR_3",10.1929161350691
32,"entropart","RHUR_2",1.90065451145393
32,"entropart","RHUR_3",2.71530292988918
32,"mobsim","RHUR_2",1.90065451145393
32,"mobsim","RHUR_3",2.71530292988918
32,"tabula","RHUR_2",1.90065451145326
32,"tabula","RHUR_3",2.71530292988939
32,"vegan","RHUR_2",1.90065451145393
32,"vegan","RHUR_3",2.71530292988918
32,"BAT","RICE",35.0090110104241
32,"fossil","RICE",16.2456140350877
32,"tabula","RICE",16
32,"wiqid","RICE",16
32,"BAT","RJA1",17
32,"BiodiversityR","RJA1",16
32,"divent","RJA1",17
32,"entropart","RJA1",17
32,"fossil","RJA1",16.989247311828
32,"SSP","RJA1",15
32,"tabula","RJA1",2.36826887594516
32,"wiqid","RJA1",17
32,"BAT","RJA2",13
32,"BiodiversityR","RJA2",16
32,"fossil","RJA2",13.0961898083216
32,"SSP","RJA2",15
32,"wiqid","RJA2",13
32,"wiqid","RMM",0
32,"divDyn","RSQ",16.1092320166802
32,"ecodive","RSQ",16.1092320166802
32,"tabula","RSQ",16.1092320166802
33,"abdiv","D1SP",0.847750865051903
33,"ade4","D1SP",0.847750865051903
33,"adiv","D1SP",0.847750865051903
33,"agricolae","D1SP",1
33,"asbio","D1SP",0.847750865051903
33,"BiodiversityR","D1SP",0.84775087
33,"biosampleR","D1SP",0.753055681303757
33,"breakaway","D1SP",0.847750865051903
33,"catsim","D1SP",0.666122448979592
33,"concstats","D1SP",0.975066151027885
33,"CUB","D1SP",0.872684714024018
33,"DescTools","D1SP",0.847750865051903
33,"divent","D1SP",0.847750865051903
33,"diverse","D1SP",0.753055681303757
33,"ecodive","D1SP",0.847750865051903
33,"entropart","D1SP",0.847750865051903
33,"lawstat","D1SP",0.835207612456747
33,"MCPAN","D1SP",-2815
33,"microbiome","D1SP",0.847750865051903
33,"PCRA","D1SP",0.847750865051903
33,"RoughSets","D1SP",0.847750865051903
33,"simboot","D1SP",-2815
33,"sprex","D1SP",0.847750865051903
33,"untb","D1SP",0.854030501089325
33,"vegan","D1SP",0.847750865051903
33,"abdiv","DBRI",1.99300665786905
33,"ecodive","DBRI",1.99300665786905
33,"tabula","DBRI",1.99300665786905
33,"wiqid","DBRI",7.33756216880849
33,"BiodiversityR","DFIS",4.71002807
33,"ecodive","DFIS",4.71
33,"microbiome","DFIS",4.71002806730772
33,"preseqR","DFIS",8.65864297830817
33,"sads","DFIS",4.71002811373854
33,"vegan","DFIS",4.71002806730772
33,"abdiv","DINVSP",6.56818181818182
33,"adiv","DINVSP",6.56818181818182
33,"asbio","DINVSP",6.56818181818182
33,"BiodiversityR","DINVSP",6.56818182
33,"breakaway","DINVSP",6.56818181818182
33,"chemodiv","DINVSP",6.56818181818182
33,"codyn","DINVSP",6.56818181818182
33,"divseg","DINVSP",1.1522491349481
33,"ecodive","DINVSP",6.56818181818182
33,"microbiome","DINVSP",6.56818181818182
33,"sprex","DINVSP",6.56818181818182
33,"vegan","DINVSP",6.56818181818182
33,"asbio","DLMD",17.1259662084848
33,"Compositional","DLMD",0.999958992306093
33,"sads","DLMD",1.37211662046973
33,"vegan","DLMD",48.519268167162
33,"abdiv","DMC",0.667003966459615
33,"adiv","DMC",0.667003966459615
33,"agricolae","DMC",0.667003966459615
33,"ecodive","DMC",0.667003966459615
33,"forestHES","DMC",0.667003966459615
33,"tabula","DMC",0.667003966459615
33,"abdiv","DMG",3.05333884607947
33,"adiv","DMG",3.05333884607947
33,"agricolae","DMG",6.9209013844468
33,"ecodive","DMG",3.05333884607947
33,"tabula","DMG",3.05333884607947
33,"abdiv","DMN",1.37198868114007
33,"adiv","DMN",1.37198868114007
33,"ecodive","DMN",1.37198868114007
33,"tabula","DMN",1.37198868114007
33,"abdiv","DQ",0
33,"ade4","DRAO",0.847750865051903
33,"BAT","DRAO",0.847750865051902
33,"chemodiv","DRAO",222.002249100388
33,"diverse","DRAO",212.919543697902
33,"SYNCSA","DRAO",0.847750865051903
33,"abdiv","DSHA",2.16151178715681
33,"adiv","DSHA",2.16151178715681
33,"aqp","DSHA",-539.792228693079
33,"asbio","DSHA",2.16151178715681
33,"benthos","DSHA",0
33,"BiodiversityR","DSHA",2.16151179
33,"biosampleR","DSHA",1.75540712702658
33,"chemodiv","DSHA",2.16151178715681
33,"codyn","DSHA",2.16151178715681
33,"DescTools","DSHA",3.11840233615417
33,"divDyn","DSHA",2.16151178715681
33,"divent","DSHA",2.16151178715681
33,"diverse","DSHA",1.75540712702658
33,"ecodive","DSHA",2.16151178715681
33,"EconGeo","DSHA",3.118
33,"entropart","DSHA",2.26181723483333
33,"forestmangr","DSHA",3.56
33,"HardyWeinberg","DSHA",2.16151178715681
33,"iNEXT","DSHA",2.162
33,"MCPAN","DSHA",2.16151178715681
33,"microbiome","DSHA",2.16151178715681
33,"OTUtable","DSHA",2.16151178715681
33,"pgirmess","DSHA",3.11840233615417
33,"SpiecEasi","DSHA",2.16151178715681
33,"sprex","DSHA",2.16151178715681
33,"tabula","DSHA",2.16151178715681
33,"triversity","DSHA",16
33,"vegan","DSHA",2.16151178715681
33,"wavethresh","DSHA",-18143.440973954
33,"wiqid","DSHA",6.85074626865672
33,"abdiv","DSP",0.152249134948097
33,"agricolae","DSP",0.152249134948097
33,"antitrust","DSP",1522.49134948097
33,"benthos","DSP",0.145969498910675
33,"breakaway","DSP",0.152249134948097
33,"concstats","DSP",0.152249134948097
33,"DescTools","DSP",0.152249134948097
33,"diverse","DSP",0.238846945778998
33,"divseg","DSP",1.1522491349481
33,"EconGeo","DSP",0.152249134948097
33,"hhi","DSP",0.152249134948097
33,"ineq","DSP",0.152249134948097
33,"microbiome","DSP",0.152249134948097
33,"PDtoolkit","DSP",0.152249134948097
33,"politics","DSP",0.152249134948097
33,"REAT","DSP",0.152249134948097
33,"sprex","DSP",0.152249134948097
33,"tabula","DSP",0.152249134948097
33,"triversity","DSP",0.152249134948097
33,"wiqid","DSP",6.85074626865672
33,"abdiv","EBP",0.279411764705882
33,"agricolae","EBP",0.279411764705882
33,"BiodiversityR","EBP",0.27941176
33,"diverse","EBP",0.425531914893617
33,"dyvDyn","EBP",0.279411764705882
33,"ecodive","EBP",0.279411764705882
33,"microbiome","EBP",0.279411764705882
33,"tabula","EBP",0.279411764705882
33,"triversity","EBP",0.279411764705882
33,"wiqid","EBP",1
33,"tabula","EBRI",0.778327086433836
33,"BAT","EBU",0.498039215686275
33,"microbiome","EBU",0.498039215686275
33,"BAT","ECAM",0.921691176470588
33,"microbiome","ECAM",0.457261029411765
33,"codyn","EEQ",0.154560003111291
33,"adiv","EEVAR",0.350940261768678
33,"codyn","EEVAR",0.340924540588677
33,"microbiome","EEVAR",0.350940261768678
33,"acid","EGIN",0.811344537815126
33,"DescTools","EGIN",0.811344537815126
33,"dplR","EGIN",0.811344537815126
33,"EconGeo","EGIN",0.811
33,"giniVarCI","EGIN",0.811344537815126
33,"ineq","EGIN",0.811344537815126
33,"microbiome","EGIN",0.811344537815126
33,"REAT","EGIN",0.811344537815126
33,"shipunov","EGIN",0.811344537815126
33,"wINEQ","EGIN",0.811344537815126
33,"adiv","EGSP",0.904267589388697
33,"abdiv","EHEI",0.512283765796673
33,"adiv","EHEI",0.512283765796673
33,"benthos","EHURE",0.854030501089325
33,"BiodiversityR","EHURE",0.8540305
33,"mobr","EHURE",0.854030501089325
33,"vegan","EHURE",0.854030501089355
33,"abdiv","EMC",0.438337470439462
33,"tabula","EMC",0.813078464257976
33,"microbiome","EMN",0.448529411764706
33,"abdiv","EPIE",0.779600584038543
33,"adiv","EPIE",0.779600584038543
33,"BiodiversityR","EPIE",0.77960058
33,"breakaway","EPIE",0.779600584038543
33,"chemodiv","EPIE",0.779600584038543
33,"diverse","EPIE",0.732061632107059
33,"forestmangr","EPIE",1
33,"microbiome","EPIE",0.779600584038543
33,"OTUtable","EPIE",0.779600584038543
33,"pctax","EPIE",0.7796
33,"sprex","EPIE",0.779600584038543
33,"tabula","EPIE",0.779600584038543
33,"adiv","ESP",0.410511363636364
33,"codyn","ESP",0.410511363636364
33,"sprex","ESP",0.135094486697301
33,"tabula","ESP",0.410511363636364
33,"abdiv","EST",0.470588235294118
33,"adiv","QHIL_0",16
33,"adiv","QHIL_1",8.68425648695009
33,"adiv","QHIL_2",6.56818181818182
33,"adiv","QHIL_3",5.65699818064817
33,"BAT","QHIL_0",16
33,"BAT","QHIL_1",8.68425648695009
33,"BAT","QHIL_2",6.56818181818182
33,"BAT","QHIL_3",5.65699818064817
33,"benthos","QHIL_0",35
33,"benthos","QHIL_1",8.68425648695009
33,"benthos","QHIL_2",6.56818181818182
33,"benthos","QHIL_3",5.65699818064817
33,"breakaway","QHIL_0",16
33,"breakaway","QHIL_1",8.68425648695009
33,"breakaway","QHIL_2",6.56818181818182
33,"breakaway","QHIL_3",5.65699818064817
33,"chemodiv","QHIL_0",16
33,"chemodiv","QHIL_1",8.68425648695009
33,"chemodiv","QHIL_2",6.56818181818182
33,"chemodiv","QHIL_3",5.65699818064817
33,"divDyn","QHIL_2",6.56818181818182
33,"divent","QHIL_0",16
33,"divent","QHIL_1",8.68425648695009
33,"divent","QHIL_2",6.56818181818182
33,"divent","QHIL_3",5.65699818064816
33,"entropart","QHIL_0",16
33,"entropart","QHIL_1",8.68425648695009
33,"entropart","QHIL_2",6.56818181818182
33,"entropart","QHIL_3",5.65699818064817
33,"EntropyEstimation","QHIL_1",9.21653638292077
33,"EntropyEstimation","QHIL_2",6.85074626865671
33,"EntropyEstimation","QHIL_3",5.91038892313316
33,"extremefit","QHIL",NA
33,"hilldiv","QHIL_0",16
33,"hilldiv","QHIL_1",8.68429211762977
33,"hilldiv","QHIL_2",6.56818181818182
33,"hilldiv","QHIL_3",5.65699818064817
33,"hillR","QHIL_0",16
33,"hillR","QHIL_1",8.68425648695009
33,"hillR","QHIL_2",6.56818181818182
33,"hillR","QHIL_3",5.65699818064817
33,"sprex","QHIL_0",16
33,"sprex","QHIL_1",8.68425648695009
33,"sprex","QHIL_2",6.56818181818182
33,"sprex","QHIL_3",5.65699818064817
33,"vegan","QHIL_0",16
33,"vegan","QHIL_1",8.68425648695009
33,"vegan","QHIL_2",6.56818181818182
33,"vegan","QHIL_3",5.65699818064817
33,"adiv","QREN_0",2.77258872223978
33,"adiv","QREN_1",2.16151178715681
33,"adiv","QREN_2",1.88223705419417
33,"adiv","QREN_3",1.73289339475025
33,"BiodiversityR","QREN_0",2.77258872223978
33,"BiodiversityR","QREN_1",2.16151178715681
33,"BiodiversityR","QREN_2",1.88223705419417
33,"BiodiversityR","QREN_3",1.73289339475025
33,"diverse","QREN_0",2.39789527279837
33,"diverse","QREN_1",1.75540712702658
33,"diverse","QREN_2",1.39859239814699
33,"diverse","QREN_3",1.22091533233067
33,"EntropyEstimation","QREN_1",2.22099930353169
33,"EntropyEstimation","QREN_2",1.92435759066958
33,"EntropyEstimation","QREN_3",1.77671163688952
33,"seewave","QREN_2",0.529410074508102
33,"seewave","QREN_3",0.487404716988576
33,"sprex","QREN_0",2.77258872223978
33,"sprex","QREN_1",2.16151178715681
33,"sprex","QREN_2",1.88223705419417
33,"sprex","QREN_3",1.73289339475025
33,"statcomp","QREN_1",0.607960669327916
33,"statcomp","QREN_2",0.529410066649188
33,"statcomp","QREN_3",0.487404711094391
33,"vegan","QREN_0",2.77258872223978
33,"vegan","QREN_1",2.16151178715681
33,"vegan","QREN_2",1.88223705419417
33,"vegan","QREN_3",1.73289339475025
33,"adiv","QTSA_0",15
33,"adiv","QTSA_1",2.16151178715681
33,"adiv","QTSA_2",0.847750865051903
33,"adiv","QTSA_3",0.48437579508447
33,"divent","QTSA_0",15
33,"divent","QTSA_1",2.16151178715681
33,"divent","QTSA_2",0.847750865051903
33,"divent","QTSA_3",0.48437579508447
33,"entropart","QTSA_0",20
33,"entropart","QTSA_1",2.26181723483333
33,"entropart","QTSA_2",0.854000066402101
33,"entropart","QTSA_3",0.485108426493046
33,"EntropyEstimation","QTSA_1",2.22099930353169
33,"EntropyEstimation","QTSA_2",0.854030501089324
33,"EntropyEstimation","QTSA_3",0.485686762267096
33,"vegan","QTSA_0",15
33,"vegan","QTSA_1",2.16151178715681
33,"vegan","QTSA_2",0.847750865051903
33,"vegan","QTSA_3",0.48437579508447
33,"BAT","RACE",25.1010848126233
33,"ecodive","RACE",25.1010848126233
33,"fossil","RACE",18.1153846153846
33,"pctax","RACE",25.1011
33,"sprex","RACE",217.194922203893
33,"tabula","RACE",25.1010848126233
33,"vegan","RACE",25.1010848126233
33,"wiqid","RACE",25.1010848126233
33,"BiodiversityR","RBOO",16
33,"wiqid","RBOO",35
33,"BAT","RC1",18
33,"BiodiversityR","RC1",16
33,"biosampleR","RC1",12.5
33,"iNEXT","RC1",19.102
33,"microbiome","RC1",18
33,"pctax","RC1",18
33,"rareNMtests","RC1",16
33,"SpadeR","RC1",16
33,"SSP","RC1",15
33,"vegan","RC1",18
33,"wiqid","RC1",19.125
33,"BAT","RC1M",19.7578125
33,"divent","RC1M",19.1020220588235
33,"ecodive","RC1M",19.125
33,"entropart","RC1M",19.1020220588235
33,"fossil","RC1M",19.125
33,"mobr","RC1M",19.1020220588235
33,"OTUtable","RC1M",19.125
33,"tabula","RC1M",19.1020220588235
33,"wiqid","RC1M",19.125
33,"BAT","RCA2",35.0033333333333
33,"divDyn","RCA2",17.875
33,"fossil","RCA2",19.125
33,"tabula","RCA2",16
33,"wiqid","RCA2",16
33,"benthos","RHUR_2",1.85403050108936
33,"benthos","RHUR_3",2.59071797873386
33,"divent","RHUR_2",6.85071922848131
33,"divent","RHUR_3",6.97986029678038
33,"entropart","RHUR_2",1.85403050108935
33,"entropart","RHUR_3",2.59071797873386
33,"mobsim","RHUR_2",1.85403050108936
33,"mobsim","RHUR_3",2.59071797873386
33,"tabula","RHUR_2",1.85403050108759
33,"tabula","RHUR_3",2.59071797873189
33,"vegan","RHUR_2",1.85403050108936
33,"vegan","RHUR_3",2.59071797873386
33,"BAT","RICE",35.0087172020496
33,"fossil","RICE",18.1153846153846
33,"tabula","RICE",16
33,"wiqid","RICE",16
33,"BAT","RJA1",21
33,"BiodiversityR","RJA1",16
33,"divent","RJA1",21
33,"entropart","RJA1",21
33,"fossil","RJA1",20.9632352941176
33,"SSP","RJA1",15
33,"tabula","RJA1",2.03930535228894
33,"wiqid","RJA1",21
33,"BAT","RJA2",22
33,"BiodiversityR","RJA2",16
33,"fossil","RJA2",21.8674291938998
33,"SSP","RJA2",15
33,"wiqid","RJA2",22
33,"wiqid","RMM",0
33,"divDyn","RSQ",19.8227628149435
33,"ecodive","RSQ",19.8227628149435
33,"tabula","RSQ",19.8227628149435
34,"abdiv","D1SP",0.846848761823786
34,"ade4","D1SP",0.846848761823786
34,"adiv","D1SP",0.846848761823786
34,"agricolae","D1SP",1
34,"asbio","D1SP",0.846848761823786
34,"BiodiversityR","D1SP",0.84684876
34,"biosampleR","D1SP",0.809746197858086
34,"breakaway","D1SP",0.846848761823786
34,"catsim","D1SP",0.783673469387755
34,"concstats","D1SP",0.975092683475771
34,"CUB","D1SP",0.871756078348015
34,"DescTools","D1SP",0.846848761823786
34,"divent","D1SP",0.846848761823786
34,"diverse","D1SP",0.809746197858086
34,"ecodive","D1SP",0.846848761823786
34,"entropart","D1SP",0.846848761823786
34,"lawstat","D1SP",0.8077622801698
34,"MCPAN","D1SP",-5763
34,"microbiome","D1SP",0.846848761823786
34,"PCRA","D1SP",0.846848761823786
34,"RoughSets","D1SP",0.846848761823786
34,"simboot","D1SP",-5763
34,"sprex","D1SP",0.846848761823786
34,"untb","D1SP",0.851236579242562
34,"vegan","D1SP",0.846848761823786
34,"abdiv","DBRI",2.12557060334638
34,"ecodive","DBRI",2.12557060334638
34,"tabula","DBRI",2.12557060334638
34,"wiqid","DBRI",8.37767645477038
34,"BiodiversityR","DFIS",5.98452458
34,"ecodive","DFIS",5.984
34,"microbiome","DFIS",5.98452458190791
34,"preseqR","DFIS",13.4868039749252
34,"sads","DFIS",5.98449510560264
34,"vegan","DFIS",5.98452458190791
34,"abdiv","DINVSP",6.529493407356
34,"adiv","DINVSP",6.529493407356
34,"asbio","DINVSP",6.529493407356
34,"BiodiversityR","DINVSP",6.52949341
34,"breakaway","DINVSP",6.529493407356
34,"chemodiv","DINVSP",6.529493407356
34,"codyn","DINVSP",6.529493407356
34,"divseg","DINVSP",1.15315123817621
34,"ecodive","DINVSP",6.52949340735601
34,"microbiome","DINVSP",6.529493407356
34,"sprex","DINVSP",6.529493407356
34,"vegan","DINVSP",6.529493407356
34,"asbio","DLMD",35.9718721657118
34,"Compositional","DLMD",0.999958992306093
34,"sads","DLMD",1.38933721486281
34,"vegan","DLMD",32.9468192184249
34,"abdiv","DMC",0.655733501165912
34,"adiv","DMC",0.655733501165912
34,"agricolae","DMC",0.655733501165912
34,"ecodive","DMC",0.655733501165912
34,"forestHES","DMC",0.655733501165912
34,"tabula","DMC",0.655733501165912
34,"abdiv","DMG",3.79660943709923
34,"adiv","DMG",3.79660943709923
34,"agricolae","DMG",6.45423604306869
34,"ecodive","DMG",3.79660943709923
34,"tabula","DMG",3.79660943709923
34,"abdiv","DMN",1.50771213309725
34,"adiv","DMN",1.50771213309725
34,"ecodive","DMN",1.50771213309725
34,"tabula","DMN",1.50771213309725
34,"abdiv","DQ",4.92600136196937
34,"ade4","DRAO",0.846848761823786
34,"BAT","DRAO",0.846848761823786
34,"chemodiv","DRAO",148.154457208503
34,"diverse","DRAO",208.315322840382
34,"SYNCSA","DRAO",0.846848761823786
34,"abdiv","DSHA",2.28586349862987
34,"adiv","DSHA",2.28586349862987
34,"aqp","DSHA",-834.609128261555
34,"asbio","DSHA",2.28586349862987
34,"benthos","DSHA",0
34,"BiodiversityR","DSHA",2.2858635
34,"biosampleR","DSHA",2.19930866615162
34,"chemodiv","DSHA",2.28586349862987
34,"codyn","DSHA",2.28586349862987
34,"DescTools","DSHA",3.29780393362241
34,"divDyn","DSHA",2.28586349862987
34,"divent","DSHA",2.28586349862987
34,"diverse","DSHA",2.19930866615162
34,"ecodive","DSHA",2.28586349862987
34,"EconGeo","DSHA",3.298
34,"entropart","DSHA",2.37477459425907
34,"forestmangr","DSHA",3.56
34,"HardyWeinberg","DSHA",2.28586349862987
34,"iNEXT","DSHA",2.286
34,"MCPAN","DSHA",2.28586349862987
34,"microbiome","DSHA",2.28586349862987
34,"OTUtable","DSHA",2.28586349862987
34,"pgirmess","DSHA",3.29780393362241
34,"SpiecEasi","DSHA",2.28586349862987
34,"sprex","DSHA",2.28586349862987
34,"tabula","DSHA",2.28586349862987
34,"triversity","DSHA",21
34,"vegan","DSHA",2.28586349862987
34,"wavethresh","DSHA",-42206.5789335732
34,"wiqid","DSHA",6.72208258527828
34,"abdiv","DSP",0.153151238176214
34,"agricolae","DSP",0.153151238176214
34,"antitrust","DSP",1531.51238176214
34,"benthos","DSP",0.148763420757438
34,"breakaway","DSP",0.153151238176214
34,"concstats","DSP",0.153151238176214
34,"DescTools","DSP",0.153151238176214
34,"diverse","DSP",0.187412587412587
34,"divseg","DSP",1.15315123817621
34,"EconGeo","DSP",0.153151238176214
34,"hhi","DSP",0.153151238176214
34,"ineq","DSP",0.153151238176214
34,"microbiome","DSP",0.153151238176214
34,"PDtoolkit","DSP",0.153151238176214
34,"politics","DSP",0.153151238176214
34,"REAT","DSP",0.153151238176214
34,"sprex","DSP",0.153151238176214
34,"tabula","DSP",0.153151238176214
34,"triversity","DSP",0.153151238176214
34,"wiqid","DSP",6.72208258527828
34,"abdiv","EBP",0.288659793814433
34,"agricolae","EBP",0.288659793814433
34,"BiodiversityR","EBP",0.28865979
34,"diverse","EBP",0.377622377622378
34,"dyvDyn","EBP",0.288659793814433
34,"ecodive","EBP",0.288659793814433
34,"microbiome","EBP",0.288659793814433
34,"tabula","EBP",0.288659793814433
34,"triversity","EBP",0.288659793814433
34,"wiqid","EBP",1
34,"tabula","EBRI",0.748159973256422
34,"BAT","EBU",0.471907216494845
34,"microbiome","EBU",0.471907216494845
34,"BAT","ECAM",0.935886107020128
34,"microbiome","ECAM",0.354442808051055
34,"codyn","EEQ",0.157939883051485
34,"adiv","EEVAR",0.361820271352126
34,"codyn","EEVAR",0.356125609332313
34,"microbiome","EEVAR",0.361820271352126
34,"acid","EGIN",0.784683357879234
34,"DescTools","EGIN",0.784683357879234
34,"dplR","EGIN",0.784683357879234
34,"EconGeo","EGIN",0.785
34,"giniVarCI","EGIN",0.784683357879234
34,"ineq","EGIN",0.784683357879234
34,"microbiome","EGIN",0.784683357879234
34,"REAT","EGIN",0.784683357879234
34,"shipunov","EGIN",0.784683357879234
34,"wINEQ","EGIN",0.784683357879234
34,"adiv","EGSP",0.889191199914975
34,"abdiv","EHEI",0.441708717741329
34,"adiv","EHEI",0.441708717741329
34,"benthos","EHURE",0.851236579242562
34,"BiodiversityR","EHURE",0.85123658
34,"mobr","EHURE",0.851236579242562
34,"vegan","EHURE",0.851236579242541
34,"abdiv","EMC",0.436183607468628
34,"tabula","EMC",0.778547592558161
34,"microbiome","EMN",0.489690721649485
34,"abdiv","EPIE",0.750811841721604
34,"adiv","EPIE",0.750811841721604
34,"BiodiversityR","EPIE",0.75081184
34,"breakaway","EPIE",0.750811841721604
34,"chemodiv","EPIE",0.750811841721604
34,"diverse","EPIE",0.701423289183105
34,"forestmangr","EPIE",1
34,"microbiome","EPIE",0.750811841721604
34,"OTUtable","EPIE",0.750811841721604
34,"pctax","EPIE",0.7508
34,"sprex","EPIE",0.750811841721604
34,"tabula","EPIE",0.750811841721604
34,"adiv","ESP",0.310928257493143
34,"codyn","ESP",0.310928257493143
34,"sprex","ESP",0.108850642791899
34,"tabula","ESP",0.310928257493143
34,"abdiv","EST",0.502945508100147
34,"adiv","QHIL_0",21
34,"adiv","QHIL_1",9.83417435482658
34,"adiv","QHIL_2",6.529493407356
34,"adiv","QHIL_3",5.38129608415602
34,"BAT","QHIL_0",21
34,"BAT","QHIL_1",9.83417435482658
34,"BAT","QHIL_2",6.529493407356
34,"BAT","QHIL_3",5.38129608415602
34,"benthos","QHIL_0",35
34,"benthos","QHIL_1",9.83417435482658
34,"benthos","QHIL_2",6.529493407356
34,"benthos","QHIL_3",5.38129608415602
34,"breakaway","QHIL_0",21
34,"breakaway","QHIL_1",9.83417435482658
34,"breakaway","QHIL_2",6.529493407356
34,"breakaway","QHIL_3",5.38129608415602
34,"chemodiv","QHIL_0",21
34,"chemodiv","QHIL_1",9.83417435482658
34,"chemodiv","QHIL_2",6.529493407356
34,"chemodiv","QHIL_3",5.38129608415602
34,"divDyn","QHIL_2",6.529493407356
34,"divent","QHIL_0",21
34,"divent","QHIL_1",9.83417435482658
34,"divent","QHIL_2",6.529493407356
34,"divent","QHIL_3",5.38129608415602
34,"entropart","QHIL_0",21
34,"entropart","QHIL_1",9.83417435482658
34,"entropart","QHIL_2",6.529493407356
34,"entropart","QHIL_3",5.38129608415601
34,"EntropyEstimation","QHIL_1",10.3938542140968
34,"EntropyEstimation","QHIL_2",6.72208258527827
34,"EntropyEstimation","QHIL_3",5.52820041898493
34,"extremefit","QHIL",NA
34,"hilldiv","QHIL_0",21
34,"hilldiv","QHIL_1",9.83423227234689
34,"hilldiv","QHIL_2",6.529493407356
34,"hilldiv","QHIL_3",5.38129608415602
34,"hillR","QHIL_0",21
34,"hillR","QHIL_1",9.83417435482658
34,"hillR","QHIL_2",6.529493407356
34,"hillR","QHIL_3",5.38129608415602
34,"sprex","QHIL_0",21
34,"sprex","QHIL_1",9.83417435482658
34,"sprex","QHIL_2",6.529493407356
34,"sprex","QHIL_3",5.38129608415602
34,"vegan","QHIL_0",21
34,"vegan","QHIL_1",9.83417435482658
34,"vegan","QHIL_2",6.529493407356
34,"vegan","QHIL_3",5.38129608415602
34,"adiv","QREN_0",3.04452243772342
34,"adiv","QREN_1",2.28586349862987
34,"adiv","QREN_2",1.87632936100724
34,"adiv","QREN_3",1.68292925299575
34,"BiodiversityR","QREN_0",3.04452243772342
34,"BiodiversityR","QREN_1",2.28586349862987
34,"BiodiversityR","QREN_2",1.87632936100724
34,"BiodiversityR","QREN_3",1.68292925299575
34,"diverse","QREN_0",3.13549421592915
34,"diverse","QREN_1",2.19930866615162
34,"diverse","QREN_2",1.65939629746283
34,"diverse","QREN_3",1.41098307907981
34,"EntropyEstimation","QREN_1",2.34121469052068
34,"EntropyEstimation","QREN_2",1.90539801504688
34,"EntropyEstimation","QREN_3",1.70986234105146
34,"seewave","QREN_2",0.527748435030633
34,"seewave","QREN_3",0.473351479156017
34,"sprex","QREN_0",3.04452243772342
34,"sprex","QREN_1",2.28586349862987
34,"sprex","QREN_2",1.87632936100724
34,"sprex","QREN_3",1.68292925299575
34,"statcomp","QREN_1",0.642936629296506
34,"statcomp","QREN_2",0.527748430971118
34,"statcomp","QREN_3",0.473351476111381
34,"vegan","QREN_0",3.04452243772342
34,"vegan","QREN_1",2.28586349862987
34,"vegan","QREN_2",1.87632936100724
34,"vegan","QREN_3",1.68292925299575
34,"adiv","QTSA_0",20
34,"adiv","QTSA_1",2.28586349862987
34,"adiv","QTSA_2",0.846848761823786
34,"adiv","QTSA_3",0.482733821423445
34,"divent","QTSA_0",20
34,"divent","QTSA_1",2.28586349862987
34,"divent","QTSA_2",0.846848761823786
34,"divent","QTSA_3",0.482733821423445
34,"entropart","QTSA_0",26
34,"entropart","QTSA_1",2.37477459425907
34,"entropart","QTSA_2",0.851207364727585
34,"entropart","QTSA_3",0.483259462782305
34,"EntropyEstimation","QTSA_1",2.34121469052068
34,"EntropyEstimation","QTSA_2",0.851236579242562
34,"EntropyEstimation","QTSA_3",0.483639278751135
34,"vegan","QTSA_0",20
34,"vegan","QTSA_1",2.28586349862987
34,"vegan","QTSA_2",0.846848761823786
34,"vegan","QTSA_3",0.482733821423445
34,"BAT","RACE",27.3869387755102
34,"ecodive","RACE",27.3869387755102
34,"fossil","RACE",23.5714285714286
34,"pctax","RACE",27.3869
34,"sprex","RACE",196.576554434368
34,"tabula","RACE",27.3869387755102
34,"vegan","RACE",27.3869387755102
34,"wiqid","RACE",27.3869387755102
34,"BiodiversityR","RBOO",21
34,"wiqid","RBOO",35
34,"BAT","RC1",24
34,"BiodiversityR","RC1",21
34,"biosampleR","RC1",24.4285714285714
34,"iNEXT","RC1",25.477
34,"microbiome","RC1",24
34,"pctax","RC1",24
34,"rareNMtests","RC1",21
34,"SpadeR","RC1",21
34,"SSP","RC1",20
34,"vegan","RC1",24
34,"wiqid","RC1",25.5
34,"BAT","RC1M",25.9591836734694
34,"divent","RC1M",25.4768041237113
34,"ecodive","RC1M",25.5
34,"entropart","RC1M",25.4768041237113
34,"fossil","RC1M",25.5
34,"mobr","RC1M",25.4768041237113
34,"OTUtable","RC1M",25.5
34,"tabula","RC1M",25.4768041237113
34,"wiqid","RC1M",25.5
34,"BAT","RCA2",35.0033333333333
34,"divDyn","RCA2",23.8571428571429
34,"fossil","RCA2",25.5
34,"tabula","RCA2",21
34,"wiqid","RCA2",21
34,"benthos","RHUR_2",1.85123657924254
34,"benthos","RHUR_3",2.58643118022534
34,"divent","RHUR_2",6.7220573927579
34,"divent","RHUR_3",6.90369028924229
34,"entropart","RHUR_2",1.85123657924254
34,"entropart","RHUR_3",2.58643118022533
34,"mobsim","RHUR_2",1.85123657924254
34,"mobsim","RHUR_3",2.58643118022534
34,"tabula","RHUR_2",1.85127618609871
34,"tabula","RHUR_3",2.5864430713451
34,"vegan","RHUR_2",1.85123657924254
34,"vegan","RHUR_3",2.58643118022534
34,"BAT","RICE",35.0353448735477
34,"fossil","RICE",23.5714285714286
34,"tabula","RICE",21
34,"wiqid","RICE",21
34,"BAT","RJA1",27
34,"BiodiversityR","RJA1",21
34,"divent","RJA1",27
34,"entropart","RJA1",27
34,"fossil","RJA1",26.9690721649485
34,"SSP","RJA1",20
34,"tabula","RJA1",2.17944778989364
34,"wiqid","RJA1",27
34,"BAT","RJA2",29
34,"BiodiversityR","RJA2",21
34,"fossil","RJA2",28.8761818278938
34,"SSP","RJA2",20
34,"wiqid","RJA2",29
34,"wiqid","RMM",0
34,"divDyn","RSQ",26.5319648093842
34,"ecodive","RSQ",26.5319648093842
34,"tabula","RSQ",26.5319648093842
35,"abdiv","D1SP",0.831912994075156
35,"ade4","D1SP",0.831912994075156
35,"adiv","D1SP",0.831912994075156
35,"agricolae","D1SP",1
35,"asbio","D1SP",0.831912994075156
35,"BiodiversityR","D1SP",0.83191299
35,"biosampleR","D1SP",0.753539697350805
35,"breakaway","D1SP",0.831912994075156
35,"catsim","D1SP",0.713469387755102
35,"concstats","D1SP",0.975531970762495
35,"CUB","D1SP",0.856381023312661
35,"DescTools","D1SP",0.831912994075156
35,"divent","D1SP",0.831912994075156
35,"diverse","D1SP",0.753539697350805
35,"ecodive","D1SP",0.831912994075156
35,"entropart","D1SP",0.831912994075156
35,"lawstat","D1SP",0.824059353471118
35,"MCPAN","D1SP",-2070
35,"microbiome","D1SP",0.831912994075156
35,"PCRA","D1SP",0.831912994075156
35,"RoughSets","D1SP",0.831912994075156
35,"simboot","D1SP",-2070
35,"sprex","D1SP",0.831912994075156
35,"untb","D1SP",0.839475839475839
35,"vegan","D1SP",0.831912994075156
35,"abdiv","DBRI",1.95264277729309
35,"ecodive","DBRI",1.95264277729309
35,"tabula","DBRI",1.95264277729309
35,"wiqid","DBRI",7.04728740329652
35,"BiodiversityR","DFIS",6.08809149
35,"ecodive","DFIS",6.088
35,"microbiome","DFIS",6.08809149324541
35,"preseqR","DFIS",10.4427634103676
35,"sads","DFIS",6.08809015761231
35,"vegan","DFIS",6.08809149324541
35,"abdiv","DINVSP",5.94929985514244
35,"adiv","DINVSP",5.94929985514244
35,"asbio","DINVSP",5.94929985514244
35,"BiodiversityR","DINVSP",5.94929986
35,"breakaway","DINVSP",5.94929985514244
35,"chemodiv","DINVSP",5.94929985514244
35,"codyn","DINVSP",5.94929985514244
35,"divseg","DINVSP",1.16808700592484
35,"ecodive","DINVSP",5.94929985514244
35,"microbiome","DINVSP",5.94929985514244
35,"sprex","DINVSP",5.94929985514244
35,"vegan","DINVSP",5.94929985514244
35,"asbio","DLMD",30.6020975870476
35,"Compositional","DLMD",0.999958992306093
35,"sads","DLMD",1.08941896693797
35,"vegan","DLMD",35.121956763294
35,"abdiv","DMC",0.651890560527374
35,"adiv","DMC",0.651890560527374
35,"agricolae","DMC",0.651890560527374
35,"ecodive","DMC",0.651890560527374
35,"forestHES","DMC",0.651890560527374
35,"tabula","DMC",0.651890560527374
35,"abdiv","DMG",3.60970187541485
35,"adiv","DMG",3.60970187541485
35,"agricolae","DMG",7.2194037508297
35,"ecodive","DMG",3.60970187541485
35,"tabula","DMG",3.60970187541485
35,"abdiv","DMN",1.7084843923545
35,"adiv","DMN",1.7084843923545
35,"ecodive","DMN",1.7084843923545
35,"tabula","DMN",1.7084843923545
35,"abdiv","DQ",7.25543814516621
35,"ade4","DRAO",0.831912994075156
35,"BAT","DRAO",0.831912994075156
35,"chemodiv","DRAO",153.679892852229
35,"diverse","DRAO",207.026576211712
35,"SYNCSA","DRAO",0.831912994075156
35,"abdiv","DSHA",2.16732870909559
35,"adiv","DSHA",2.16732870909559
35,"aqp","DSHA",-407.105984919539
35,"asbio","DSHA",2.16732870909559
35,"benthos","DSHA",0
35,"BiodiversityR","DSHA",2.16732871
35,"biosampleR","DSHA",1.74570076572547
35,"chemodiv","DSHA",2.16732870909559
35,"codyn","DSHA",2.16732870909559
35,"DescTools","DSHA",3.12679438058849
35,"divDyn","DSHA",2.16732870909559
35,"divent","DSHA",2.16732870909559
35,"diverse","DSHA",1.74570076572547
35,"ecodive","DSHA",2.16732870909559
35,"EconGeo","DSHA",3.127
35,"entropart","DSHA",2.29227743035015
35,"forestmangr","DSHA",3.56
35,"HardyWeinberg","DSHA",2.16732870909559
35,"iNEXT","DSHA",2.167
35,"MCPAN","DSHA",2.16732870909559
35,"microbiome","DSHA",2.16732870909559
35,"OTUtable","DSHA",2.16732870909559
35,"pgirmess","DSHA",3.12679438058849
35,"SpiecEasi","DSHA",2.16732870909559
35,"sprex","DSHA",2.16732870909559
35,"tabula","DSHA",2.16732870909559
35,"triversity","DSHA",18
35,"vegan","DSHA",2.16732870909559
35,"wavethresh","DSHA",-13047.697012332
35,"wiqid","DSHA",6.22959183673469
35,"abdiv","DSP",0.168087005924844
35,"agricolae","DSP",0.168087005924844
35,"antitrust","DSP",1680.87005924844
35,"benthos","DSP",0.160524160524161
35,"breakaway","DSP",0.168087005924844
35,"concstats","DSP",0.168087005924844
35,"DescTools","DSP",0.168087005924844
35,"diverse","DSP",0.241629919973869
35,"divseg","DSP",1.16808700592484
35,"EconGeo","DSP",0.168087005924844
35,"hhi","DSP",0.168087005924844
35,"ineq","DSP",0.168087005924844
35,"microbiome","DSP",0.168087005924844
35,"PDtoolkit","DSP",0.168087005924844
35,"politics","DSP",0.168087005924844
35,"REAT","DSP",0.168087005924844
35,"sprex","DSP",0.168087005924844
35,"tabula","DSP",0.168087005924844
35,"triversity","DSP",0.168087005924844
35,"wiqid","DSP",6.22959183673469
35,"abdiv","EBP",0.261261261261261
35,"agricolae","EBP",0.261261261261261
35,"BiodiversityR","EBP",0.26126126
35,"diverse","EBP",0.414012738853503
35,"dyvDyn","EBP",0.261261261261261
35,"ecodive","EBP",0.261261261261261
35,"microbiome","EBP",0.261261261261261
35,"tabula","EBP",0.261261261261261
35,"triversity","EBP",0.261261261261261
35,"wiqid","EBP",1
35,"tabula","EBRI",0.745416647225583
35,"BAT","EBU",0.451510333863275
35,"microbiome","EBU",0.451510333863275
35,"BAT","ECAM",0.927986810339752
35,"microbiome","ECAM",0.376376376376376
35,"codyn","EEQ",0.174218561150734
35,"adiv","EEVAR",0.436886479622956
35,"codyn","EEVAR",0.428120555715286
35,"microbiome","EEVAR",0.436886479622956
35,"acid","EGIN",0.800514800514801
35,"DescTools","EGIN",0.8005148005148
35,"dplR","EGIN",0.800514800514801
35,"EconGeo","EGIN",0.801
35,"giniVarCI","EGIN",0.8005148005148
35,"ineq","EGIN",0.8005148005148
35,"microbiome","EGIN",0.8005148005148
35,"REAT","EGIN",0.800514800514801
35,"shipunov","EGIN",0.8005148005148
35,"wINEQ","EGIN",0.800514800514801
35,"adiv","EGSP",0.880849052550165
35,"abdiv","EHEI",0.454995255123445
35,"adiv","EHEI",0.454995255123445
35,"benthos","EHURE",0.839475839475839
35,"BiodiversityR","EHURE",0.83947584
35,"mobr","EHURE",0.839475839475839
35,"vegan","EHURE",0.83947583947584
35,"abdiv","EMC",0.483665173908381
35,"tabula","EMC",0.771971204631178
35,"microbiome","EMN",0.495495495495495
35,"abdiv","EPIE",0.749844272860299
35,"adiv","EPIE",0.749844272860299
35,"BiodiversityR","EPIE",0.74984427
35,"breakaway","EPIE",0.749844272860299
35,"chemodiv","EPIE",0.749844272860299
35,"diverse","EPIE",0.702521668519982
35,"forestmangr","EPIE",1
35,"microbiome","EPIE",0.749844272860299
35,"OTUtable","EPIE",0.749844272860299
35,"pctax","EPIE",0.7498
35,"sprex","EPIE",0.749844272860299
35,"tabula","EPIE",0.749844272860299
35,"adiv","ESP",0.330516658619025
35,"codyn","ESP",0.330516658619025
35,"sprex","ESP",0.120407150505311
35,"tabula","ESP",0.330516658619025
35,"abdiv","EST",0.518018018018018
35,"adiv","QHIL_0",18
35,"adiv","QHIL_1",8.73491933709856
35,"adiv","QHIL_2",5.94929985514244
35,"adiv","QHIL_3",5.14421384554511
35,"BAT","QHIL_0",18
35,"BAT","QHIL_1",8.73491933709856
35,"BAT","QHIL_2",5.94929985514244
35,"BAT","QHIL_3",5.14421384554511
35,"benthos","QHIL_0",35
35,"benthos","QHIL_1",8.73491933709856
35,"benthos","QHIL_2",5.94929985514244
35,"benthos","QHIL_3",5.14421384554511
35,"breakaway","QHIL_0",18
35,"breakaway","QHIL_1",8.73491933709856
35,"breakaway","QHIL_2",5.94929985514244
35,"breakaway","QHIL_3",5.14421384554511
35,"chemodiv","QHIL_0",18
35,"chemodiv","QHIL_1",8.73491933709856
35,"chemodiv","QHIL_2",5.94929985514244
35,"chemodiv","QHIL_3",5.14421384554511
35,"divDyn","QHIL_2",5.94929985514244
35,"divent","QHIL_0",18
35,"divent","QHIL_1",8.73491933709856
35,"divent","QHIL_2",5.94929985514244
35,"divent","QHIL_3",5.1442138455451
35,"entropart","QHIL_0",18
35,"entropart","QHIL_1",8.73491933709856
35,"entropart","QHIL_2",5.94929985514244
35,"entropart","QHIL_3",5.14421384554511
35,"EntropyEstimation","QHIL_1",9.49252092885084
35,"EntropyEstimation","QHIL_2",6.2295918367347
35,"EntropyEstimation","QHIL_3",5.39710045935333
35,"extremefit","QHIL",NA
35,"hilldiv","QHIL_0",18
35,"hilldiv","QHIL_1",8.73497067717533
35,"hilldiv","QHIL_2",5.94929985514244
35,"hilldiv","QHIL_3",5.14421384554511
35,"hillR","QHIL_0",18
35,"hillR","QHIL_1",8.73491933709856
35,"hillR","QHIL_2",5.94929985514244
35,"hillR","QHIL_3",5.14421384554511
35,"sprex","QHIL_0",18
35,"sprex","QHIL_1",8.73491933709856
35,"sprex","QHIL_2",5.94929985514244
35,"sprex","QHIL_3",5.14421384554511
35,"vegan","QHIL_0",18
35,"vegan","QHIL_1",8.73491933709856
35,"vegan","QHIL_2",5.94929985514244
35,"vegan","QHIL_3",5.14421384554511
35,"adiv","QREN_0",2.89037175789616
35,"adiv","QREN_1",2.16732870909559
35,"adiv","QREN_2",1.78327354122908
35,"adiv","QREN_3",1.63787255791126
35,"BiodiversityR","QREN_0",2.89037175789616
35,"BiodiversityR","QREN_1",2.16732870909559
35,"BiodiversityR","QREN_2",1.78327354122908
35,"BiodiversityR","QREN_3",1.63787255791126
35,"diverse","QREN_0",2.484906649788
35,"diverse","QREN_1",1.74570076572547
35,"diverse","QREN_2",1.40055434248787
35,"diverse","QREN_3",1.24075706286928
35,"EntropyEstimation","QREN_1",2.25050421789893
35,"EntropyEstimation","QREN_2",1.82931081488019
35,"EntropyEstimation","QREN_3",1.68586185738829
35,"seewave","QREN_2",0.501574962849815
35,"seewave","QREN_3",0.460678547516975
35,"sprex","QREN_0",2.89037175789616
35,"sprex","QREN_1",2.16732870909559
35,"sprex","QREN_2",1.78327354122908
35,"sprex","QREN_3",1.63787255791126
35,"statcomp","QREN_1",0.60959677410252
35,"statcomp","QREN_2",0.501574954234447
35,"statcomp","QREN_3",0.460678541055449
35,"vegan","QREN_0",2.89037175789616
35,"vegan","QREN_1",2.16732870909559
35,"vegan","QREN_2",1.78327354122908
35,"vegan","QREN_3",1.63787255791126
35,"adiv","QTSA_0",17
35,"adiv","QTSA_1",2.16732870909559
35,"adiv","QTSA_2",0.831912994075156
35,"adiv","QTSA_3",0.481105649111493
35,"divent","QTSA_0",17
35,"divent","QTSA_1",2.16732870909559
35,"divent","QTSA_2",0.831912994075156
35,"divent","QTSA_3",0.481105649111493
35,"entropart","QTSA_0",23
35,"entropart","QTSA_1",2.29227743035015
35,"entropart","QTSA_2",0.839323699248755
35,"entropart","QTSA_3",0.482164303108957
35,"EntropyEstimation","QTSA_1",2.25050421789893
35,"EntropyEstimation","QTSA_2",0.83947583947584
35,"EntropyEstimation","QTSA_3",0.4828347947614
35,"vegan","QTSA_0",17
35,"vegan","QTSA_1",2.16732870909559
35,"vegan","QTSA_2",0.831912994075156
35,"vegan","QTSA_3",0.481105649111493
35,"BAT","RACE",22.4547807232287
35,"ecodive","RACE",22.4547807232287
35,"fossil","RACE",21.1034482758621
35,"pctax","RACE",22.4548
35,"sprex","RACE",111.342366688011
35,"tabula","RACE",22.4547807232287
35,"vegan","RACE",22.4547807232287
35,"wiqid","RACE",22.4547807232287
35,"BiodiversityR","RBOO",18
35,"wiqid","RBOO",35
35,"BAT","RC1",21.75
35,"BiodiversityR","RC1",18
35,"biosampleR","RC1",13.5
35,"iNEXT","RC1",23.946
35,"microbiome","RC1",21.75
35,"pctax","RC1",21.75
35,"rareNMtests","RC1",18
35,"SpadeR","RC1",18
35,"SSP","RC1",17
35,"vegan","RC1",21.75
35,"wiqid","RC1",24
35,"BAT","RC1M",24.1666666666667
35,"divent","RC1M",23.9459459459459
35,"ecodive","RC1M",24
35,"entropart","RC1M",23.9459459459459
35,"fossil","RC1M",24
35,"mobr","RC1M",23.9459459459459
35,"OTUtable","RC1M",24
35,"tabula","RC1M",23.9459459459459
35,"wiqid","RC1M",24
35,"BAT","RCA2",35.0033333333333
35,"divDyn","RCA2",21.5416666666667
35,"fossil","RCA2",24
35,"tabula","RCA2",18
35,"wiqid","RCA2",18
35,"benthos","RHUR_2",1.83947583947584
35,"benthos","RHUR_3",2.55275792890479
35,"divent","RHUR_2",6.22956294213353
35,"divent","RHUR_3",6.35601005396056
35,"entropart","RHUR_2",1.83947583947584
35,"entropart","RHUR_3",2.5527579289048
35,"mobsim","RHUR_2",1.83947583947584
35,"mobsim","RHUR_3",2.55275792890479
35,"tabula","RHUR_2",1.83947583947438
35,"tabula","RHUR_3",2.55275792890407
35,"vegan","RHUR_2",1.83947583947584
35,"vegan","RHUR_3",2.55275792890479
35,"BAT","RICE",35.0459130123077
35,"fossil","RICE",21.1034482758621
35,"tabula","RICE",18
35,"wiqid","RICE",18
35,"BAT","RJA1",24
35,"BiodiversityR","RJA1",18
35,"divent","RJA1",24
35,"entropart","RJA1",24
35,"fossil","RJA1",23.9459459459459
35,"SSP","RJA1",17
35,"tabula","RJA1",2.06887645662714
35,"wiqid","RJA1",24
35,"BAT","RJA2",27
35,"BiodiversityR","RJA2",18
35,"fossil","RJA2",26.7565110565111
35,"SSP","RJA2",17
35,"wiqid","RJA2",27
35,"wiqid","RMM",0
35,"divDyn","RSQ",24.1046425939573
35,"ecodive","RSQ",24.1046425939573
35,"tabula","RSQ",24.1046425939573
36,"abdiv","D1SP",0.864605121827124
36,"ade4","D1SP",0.864605121827124
36,"adiv","D1SP",0.864605121827124
36,"agricolae","D1SP",1
36,"asbio","D1SP",0.864605121827124
36,"BiodiversityR","D1SP",0.86460512
36,"biosampleR","D1SP",0.658131382411218
36,"breakaway","D1SP",0.864605121827124
36,"catsim","D1SP",0.718367346938775
36,"concstats","D1SP",0.97457043759332
36,"CUB","D1SP",0.890034684233804
36,"DescTools","D1SP",0.864605121827124
36,"divent","D1SP",0.864605121827124
36,"diverse","D1SP",0.658131382411218
36,"ecodive","D1SP",0.864605121827124
36,"entropart","D1SP",0.864605121827124
36,"lawstat","D1SP",0.806280406899602
36,"MCPAN","D1SP",-2394
36,"microbiome","D1SP",0.864605121827124
36,"PCRA","D1SP",0.864605121827124
36,"RoughSets","D1SP",0.864605121827124
36,"simboot","D1SP",-2394
36,"sprex","D1SP",0.864605121827124
36,"untb","D1SP",0.871155160628845
36,"vegan","D1SP",0.864605121827124
36,"abdiv","DBRI",2.09285392379861
36,"ecodive","DBRI",2.09285392379861
36,"tabula","DBRI",2.09285392379861
36,"wiqid","DBRI",8.10802185278285
36,"BiodiversityR","DFIS",5.61360143
36,"ecodive","DFIS",5.614
36,"microbiome","DFIS",5.61360143031494
36,"preseqR","DFIS",9.23782917070976
36,"sads","DFIS",5.61360122157001
36,"vegan","DFIS",5.61360143031494
36,"abdiv","DINVSP",7.38580375782881
36,"adiv","DINVSP",7.38580375782881
36,"asbio","DINVSP",7.38580375782881
36,"BiodiversityR","DINVSP",7.38580376
36,"breakaway","DINVSP",7.38580375782881
36,"chemodiv","DINVSP",7.38580375782881
36,"codyn","DINVSP",7.38580375782881
36,"divseg","DINVSP",1.13539487817288
36,"ecodive","DINVSP",7.38580375782881
36,"microbiome","DINVSP",7.38580375782881
36,"sprex","DINVSP",7.38580375782881
36,"vegan","DINVSP",7.38580375782881
36,"asbio","DLMD",32.5315765235581
36,"Compositional","DLMD",0.999958992306093
36,"sads","DLMD",1.30736074893576
36,"vegan","DLMD",260.035132565755
36,"abdiv","DMC",0.692047717336163
36,"adiv","DMC",0.692047717336163
36,"agricolae","DMC",0.692047717336163
36,"ecodive","DMC",0.692047717336163
36,"forestHES","DMC",0.692047717336163
36,"tabula","DMC",0.692047717336163
36,"abdiv","DMG",3.47623442708713
36,"adiv","DMG",3.47623442708713
36,"agricolae","DMG",6.95246885417426
36,"ecodive","DMG",3.47623442708713
36,"tabula","DMG",3.47623442708713
36,"abdiv","DMN",1.56079794514342
36,"adiv","DMN",1.56079794514342
36,"ecodive","DMN",1.56079794514342
36,"tabula","DMN",1.56079794514342
36,"abdiv","DQ",4.33950660903934
36,"ade4","DRAO",0.864605121827124
36,"BAT","DRAO",0.864605121827125
36,"chemodiv","DRAO",343.979315581905
36,"diverse","DRAO",204.785516401611
36,"SYNCSA","DRAO",0.864605121827124
36,"abdiv","DSHA",2.28536861806529
36,"adiv","DSHA",2.28536861806529
36,"aqp","DSHA",-499.839597660813
36,"asbio","DSHA",2.28536861806529
36,"benthos","DSHA",0
36,"BiodiversityR","DSHA",2.28536862
36,"biosampleR","DSHA",1.50933415771251
36,"chemodiv","DSHA",2.28536861806529
36,"codyn","DSHA",2.28536861806529
36,"DescTools","DSHA",3.29708997188605
36,"divDyn","DSHA",2.28536861806529
36,"divent","DSHA",2.28536861806529
36,"diverse","DSHA",1.50933415771251
36,"ecodive","DSHA",2.28536861806529
36,"EconGeo","DSHA",3.297
36,"entropart","DSHA",2.39396436179335
36,"forestmangr","DSHA",3.56
36,"HardyWeinberg","DSHA",2.28536861806529
36,"iNEXT","DSHA",2.285
36,"MCPAN","DSHA",2.28536861806529
36,"microbiome","DSHA",2.28536861806529
36,"OTUtable","DSHA",2.28536861806529
36,"pgirmess","DSHA",3.29708997188605
36,"SpiecEasi","DSHA",2.28536861806529
36,"sprex","DSHA",2.28536861806529
36,"tabula","DSHA",2.28536861806529
36,"triversity","DSHA",18
36,"vegan","DSHA",2.28536861806529
36,"wavethresh","DSHA",-14668.8824981004
36,"wiqid","DSHA",7.76127320954907
36,"abdiv","DSP",0.135394878172876
36,"agricolae","DSP",0.135394878172876
36,"antitrust","DSP",1353.94878172876
36,"benthos","DSP",0.128844839371155
36,"breakaway","DSP",0.135394878172876
36,"concstats","DSP",0.135394878172876
36,"DescTools","DSP",0.135394878172876
36,"diverse","DSP",0.333641975308642
36,"divseg","DSP",1.13539487817288
36,"EconGeo","DSP",0.135394878172876
36,"hhi","DSP",0.135394878172876
36,"ineq","DSP",0.135394878172876
36,"microbiome","DSP",0.135394878172876
36,"PDtoolkit","DSP",0.135394878172876
36,"politics","DSP",0.135394878172876
36,"REAT","DSP",0.135394878172876
36,"sprex","DSP",0.135394878172876
36,"tabula","DSP",0.135394878172876
36,"triversity","DSP",0.135394878172876
36,"wiqid","DSP",7.76127320954907
36,"abdiv","EBP",0.218045112781955
36,"agricolae","EBP",0.218045112781955
36,"BiodiversityR","EBP",0.21804511
36,"diverse","EBP",0.54320987654321
36,"dyvDyn","EBP",0.218045112781955
36,"ecodive","EBP",0.218045112781955
36,"microbiome","EBP",0.218045112781955
36,"tabula","EBP",0.218045112781955
36,"triversity","EBP",0.218045112781955
36,"wiqid","EBP",1
36,"tabula","EBRI",0.789034932141928
36,"BAT","EBU",0.466165413533835
36,"microbiome","EBU",0.466165413533835
36,"BAT","ECAM",0.931937687355644
36,"microbiome","ECAM",0.45530492898914
36,"codyn","EEQ",0.166432429016019
36,"adiv","EEVAR",0.407631230808819
36,"codyn","EEVAR",0.39907463541171
36,"microbiome","EEVAR",0.407631230808819
36,"acid","EGIN",0.783243823845328
36,"DescTools","EGIN",0.783243823845327
36,"dplR","EGIN",0.783243823845328
36,"EconGeo","EGIN",0.783
36,"giniVarCI","EGIN",0.783243823845328
36,"ineq","EGIN",0.783243823845328
36,"microbiome","EGIN",0.783243823845328
36,"REAT","EGIN",0.783243823845328
36,"shipunov","EGIN",0.783243823845328
36,"wINEQ","EGIN",0.783243823845328
36,"adiv","EGSP",0.915464246640485
36,"abdiv","EHEI",0.519371106888176
36,"adiv","EHEI",0.519371106888176
36,"benthos","EHURE",0.871155160628845
36,"BiodiversityR","EHURE",0.87115516
36,"mobr","EHURE",0.871155160628845
36,"vegan","EHURE",0.871155160628879
36,"abdiv","EMC",0.421619417572241
36,"tabula","EMC",0.826954650100597
36,"microbiome","EMN",0.390977443609023
36,"abdiv","EPIE",0.790683278655046
36,"adiv","EPIE",0.790683278655046
36,"BiodiversityR","EPIE",0.79068328
36,"breakaway","EPIE",0.790683278655046
36,"chemodiv","EPIE",0.790683278655046
36,"diverse","EPIE",0.629441233249149
36,"forestmangr","EPIE",1
36,"microbiome","EPIE",0.790683278655046
36,"OTUtable","EPIE",0.790683278655046
36,"pctax","EPIE",0.7907
36,"sprex","EPIE",0.790683278655046
36,"tabula","EPIE",0.790683278655046
36,"adiv","ESP",0.410322430990489
36,"codyn","ESP",0.410322430990489
36,"sprex","ESP",0.126964923225849
36,"tabula","ESP",0.410322430990489
36,"abdiv","EST",0.504177109440267
36,"adiv","QHIL_0",18
36,"adiv","QHIL_1",9.82930881709899
36,"adiv","QHIL_2",7.38580375782881
36,"adiv","QHIL_3",6.56773941637596
36,"BAT","QHIL_0",18
36,"BAT","QHIL_1",9.82930881709899
36,"BAT","QHIL_2",7.38580375782881
36,"BAT","QHIL_3",6.56773941637596
36,"benthos","QHIL_0",35
36,"benthos","QHIL_1",9.82930881709899
36,"benthos","QHIL_2",7.38580375782881
36,"benthos","QHIL_3",6.56773941637596
36,"breakaway","QHIL_0",18
36,"breakaway","QHIL_1",9.82930881709899
36,"breakaway","QHIL_2",7.38580375782881
36,"breakaway","QHIL_3",6.56773941637596
36,"chemodiv","QHIL_0",18
36,"chemodiv","QHIL_1",9.82930881709899
36,"chemodiv","QHIL_2",7.38580375782881
36,"chemodiv","QHIL_3",6.56773941637596
36,"divDyn","QHIL_2",7.38580375782881
36,"divent","QHIL_0",18
36,"divent","QHIL_1",9.82930881709899
36,"divent","QHIL_2",7.38580375782881
36,"divent","QHIL_3",6.56773941637594
36,"entropart","QHIL_0",18
36,"entropart","QHIL_1",9.82930881709899
36,"entropart","QHIL_2",7.38580375782881
36,"entropart","QHIL_3",6.56773941637595
36,"EntropyEstimation","QHIL_1",10.5285494593401
36,"EntropyEstimation","QHIL_2",7.76127320954907
36,"EntropyEstimation","QHIL_3",6.94935693421834
36,"extremefit","QHIL",NA
36,"hilldiv","QHIL_0",18
36,"hilldiv","QHIL_1",9.8293521503218
36,"hilldiv","QHIL_2",7.38580375782881
36,"hilldiv","QHIL_3",6.56773941637596
36,"hillR","QHIL_0",18
36,"hillR","QHIL_1",9.82930881709899
36,"hillR","QHIL_2",7.38580375782881
36,"hillR","QHIL_3",6.56773941637596
36,"sprex","QHIL_0",18
36,"sprex","QHIL_1",9.82930881709899
36,"sprex","QHIL_2",7.38580375782881
36,"sprex","QHIL_3",6.56773941637596
36,"vegan","QHIL_0",18
36,"vegan","QHIL_1",9.82930881709899
36,"vegan","QHIL_2",7.38580375782881
36,"vegan","QHIL_3",6.56773941637596
36,"adiv","QREN_0",2.89037175789616
36,"adiv","QREN_1",2.28536861806529
36,"adiv","QREN_2",1.99955974659849
36,"adiv","QREN_3",1.88216969663346
36,"BiodiversityR","QREN_0",2.89037175789616
36,"BiodiversityR","QREN_1",2.28536861806529
36,"BiodiversityR","QREN_2",1.99955974659849
36,"BiodiversityR","QREN_3",1.88216969663346
36,"diverse","QREN_0",2.39789527279837
36,"diverse","QREN_1",1.50933415771251
36,"diverse","QREN_2",1.07332877482467
36,"diverse","QREN_3",0.89614229740221
36,"EntropyEstimation","QREN_1",2.35409056350796
36,"EntropyEstimation","QREN_2",2.04914639413206
36,"EntropyEstimation","QREN_3",1.93864912784517
36,"seewave","QREN_2",0.562409006820205
36,"seewave","QREN_3",0.529391126622328
36,"sprex","QREN_0",2.89037175789616
36,"sprex","QREN_1",2.28536861806529
36,"sprex","QREN_2",1.99955974659849
36,"sprex","QREN_3",1.88216969663346
36,"statcomp","QREN_1",0.642797436014716
36,"statcomp","QREN_2",0.562408999629936
36,"statcomp","QREN_3",0.529391121229627
36,"vegan","QREN_0",2.89037175789616
36,"vegan","QREN_1",2.28536861806529
36,"vegan","QREN_2",1.99955974659849
36,"vegan","QREN_3",1.88216969663346
36,"adiv","QTSA_0",17
36,"adiv","QTSA_1",2.28536861806529
36,"adiv","QTSA_2",0.864605121827124
36,"adiv","QTSA_3",0.488408539013881
36,"divent","QTSA_0",17
36,"divent","QTSA_1",2.28536861806529
36,"divent","QTSA_2",0.864605121827124
36,"divent","QTSA_3",0.488408539013881
36,"entropart","QTSA_0",22
36,"entropart","QTSA_1",2.39396436179335
36,"entropart","QTSA_2",0.871036401287284
36,"entropart","QTSA_3",0.489161369986671
36,"EntropyEstimation","QTSA_1",2.35409056350796
36,"EntropyEstimation","QTSA_2",0.871155160628845
36,"EntropyEstimation","QTSA_3",0.489646653065697
36,"vegan","QTSA_0",17
36,"vegan","QTSA_1",2.28536861806529
36,"vegan","QTSA_2",0.864605121827124
36,"vegan","QTSA_3",0.488408539013881
36,"BAT","RACE",20.7442956349206
36,"ecodive","RACE",20.7442956349206
36,"fossil","RACE",20.7083333333333
36,"pctax","RACE",20.7443
36,"sprex","RACE",133.56847911272
36,"tabula","RACE",20.7442956349206
36,"vegan","RACE",20.7442956349206
36,"wiqid","RACE",20.7442956349206
36,"BiodiversityR","RBOO",18
36,"wiqid","RBOO",35
36,"BAT","RC1",21.3333333333333
36,"BiodiversityR","RC1",18
36,"biosampleR","RC1",14.3333333333333
36,"iNEXT","RC1",24.203
36,"microbiome","RC1",21.3333333333333
36,"pctax","RC1",21.3333
36,"rareNMtests","RC1",18
36,"SpadeR","RC1",18
36,"SSP","RC1",17
36,"vegan","RC1",21.3333333333333
36,"wiqid","RC1",24.25
36,"BAT","RC1M",22.9794238683128
36,"divent","RC1M",24.203007518797
36,"ecodive","RC1M",24.25
36,"entropart","RC1M",24.203007518797
36,"fossil","RC1M",24.25
36,"mobr","RC1M",24.203007518797
36,"OTUtable","RC1M",24.25
36,"tabula","RC1M",24.203007518797
36,"wiqid","RC1M",24.25
36,"BAT","RCA2",35.0033333333333
36,"divDyn","RCA2",21.1481481481481
36,"fossil","RCA2",24.25
36,"tabula","RCA2",18
36,"wiqid","RCA2",18
36,"benthos","RHUR_2",1.87115516062888
36,"benthos","RHUR_3",2.63417217575518
36,"divent","RHUR_2",7.7612744793058
36,"divent","RHUR_3",7.85248055700944
36,"entropart","RHUR_2",1.87115516062888
36,"entropart","RHUR_3",2.63417217575518
36,"mobsim","RHUR_2",1.87115516062888
36,"mobsim","RHUR_3",2.63417217575518
36,"tabula","RHUR_2",1.87115516063041
36,"tabula","RHUR_3",2.63417217575597
36,"vegan","RHUR_2",1.87115516062888
36,"vegan","RHUR_3",2.63417217575518
36,"BAT","RICE",35.0411429170783
36,"fossil","RICE",20.7083333333333
36,"tabula","RICE",18
36,"wiqid","RICE",18
36,"BAT","RJA1",23
36,"BiodiversityR","RJA1",18
36,"divent","RJA1",23
36,"entropart","RJA1",23
36,"fossil","RJA1",22.9624060150376
36,"SSP","RJA1",17
36,"tabula","RJA1",2.17890188399877
36,"wiqid","RJA1",23
36,"BAT","RJA2",26
36,"BiodiversityR","RJA2",18
36,"fossil","RJA2",25.8194349510139
36,"SSP","RJA2",17
36,"wiqid","RJA2",26
36,"wiqid","RMM",0
36,"divDyn","RSQ",21.4021819421558
36,"ecodive","RSQ",21.4021819421558
36,"tabula","RSQ",21.4021819421558
37,"abdiv","D1SP",0.8443662336318
37,"ade4","D1SP",0.8443662336318
37,"adiv","D1SP",0.8443662336318
37,"agricolae","D1SP",1
37,"asbio","D1SP",0.8443662336318
37,"BiodiversityR","D1SP",0.84436623
37,"biosampleR","D1SP",0.665510204081633
37,"breakaway","D1SP",0.8443662336318
37,"catsim","D1SP",0.669387755102041
37,"concstats","D1SP",0.975165699010829
37,"CUB","D1SP",0.86920053462097
37,"DescTools","D1SP",0.8443662336318
37,"divent","D1SP",0.8443662336318
37,"diverse","D1SP",0.665510204081633
37,"ecodive","D1SP",0.8443662336318
37,"entropart","D1SP",0.8443662336318
37,"lawstat","D1SP",0.837071519255184
37,"MCPAN","D1SP",-3006
37,"microbiome","D1SP",0.8443662336318
37,"PCRA","D1SP",0.8443662336318
37,"RoughSets","D1SP",0.8443662336318
37,"simboot","D1SP",-3006
37,"sprex","D1SP",0.8443662336318
37,"untb","D1SP",0.850484829527682
37,"vegan","D1SP",0.8443662336318
37,"abdiv","DBRI",1.97193486657567
37,"ecodive","DBRI",1.97193486657567
37,"tabula","DBRI",1.97193486657567
37,"wiqid","DBRI",7.18456422173179
37,"BiodiversityR","DFIS",4.6695523
37,"ecodive","DFIS",4.67
37,"microbiome","DFIS",4.66955230189627
37,"preseqR","DFIS",9.14925621060009
37,"sads","DFIS",4.66955239113047
37,"vegan","DFIS",4.66955230189627
37,"abdiv","DINVSP",6.4253408713003
37,"adiv","DINVSP",6.4253408713003
37,"asbio","DINVSP",6.4253408713003
37,"BiodiversityR","DINVSP",6.42534087
37,"breakaway","DINVSP",6.4253408713003
37,"chemodiv","DINVSP",6.4253408713003
37,"codyn","DINVSP",6.4253408713003
37,"divseg","DINVSP",1.1556337663682
37,"ecodive","DINVSP",6.4253408713003
37,"microbiome","DINVSP",6.4253408713003
37,"sprex","DINVSP",6.4253408713003
37,"vegan","DINVSP",6.4253408713003
37,"asbio","DLMD",22.0234229338438
37,"Compositional","DLMD",0.999958992306093
37,"sads","DLMD",1.4159026692973
37,"vegan","DLMD",22.7715779431852
37,"abdiv","DMC",0.661612809347002
37,"adiv","DMC",0.661612809347002
37,"agricolae","DMC",0.661612809347002
37,"ecodive","DMC",0.661612809347002
37,"forestHES","DMC",0.661612809347002
37,"tabula","DMC",0.661612809347002
37,"abdiv","DMG",3.03983772196831
37,"adiv","DMG",3.03983772196831
37,"agricolae","DMG",6.8902988364615
37,"ecodive","DMG",3.03983772196831
37,"tabula","DMG",3.03983772196831
37,"abdiv","DMN",1.35710228748795
37,"adiv","DMN",1.35710228748795
37,"ecodive","DMN",1.35710228748795
37,"tabula","DMN",1.35710228748795
37,"abdiv","DQ",0
37,"ade4","DRAO",0.8443662336318
37,"BAT","DRAO",0.844366233631797
37,"chemodiv","DRAO",226.021177299345
37,"diverse","DRAO",205.784546490652
37,"SYNCSA","DRAO",0.8443662336318
37,"abdiv","DSHA",2.13873944553299
37,"adiv","DSHA",2.13873944553299
37,"aqp","DSHA",-560.641527045023
37,"asbio","DSHA",2.13873944553299
37,"benthos","DSHA",0
37,"BiodiversityR","DSHA",2.13873945
37,"biosampleR","DSHA",1.47599258955746
37,"chemodiv","DSHA",2.13873944553299
37,"codyn","DSHA",2.13873944553299
37,"DescTools","DSHA",3.08554879182406
37,"divDyn","DSHA",2.13873944553299
37,"divent","DSHA",2.13873944553299
37,"diverse","DSHA",1.47599258955746
37,"ecodive","DSHA",2.13873944553299
37,"EconGeo","DSHA",3.086
37,"entropart","DSHA",2.21897395572058
37,"forestmangr","DSHA",3.56
37,"HardyWeinberg","DSHA",2.13873944553299
37,"iNEXT","DSHA",2.139
37,"MCPAN","DSHA",2.13873944553299
37,"microbiome","DSHA",2.13873944553299
37,"OTUtable","DSHA",2.13873944553299
37,"pgirmess","DSHA",3.08554879182406
37,"SpiecEasi","DSHA",2.13873944553299
37,"sprex","DSHA",2.13873944553299
37,"tabula","DSHA",2.13873944553299
37,"triversity","DSHA",16
37,"vegan","DSHA",2.13873944553299
37,"wavethresh","DSHA",-19490.3979263371
37,"wiqid","DSHA",6.68828451882845
37,"abdiv","DSP",0.1556337663682
37,"agricolae","DSP",0.1556337663682
37,"antitrust","DSP",1556.337663682
37,"benthos","DSP",0.149515170472318
37,"breakaway","DSP",0.1556337663682
37,"concstats","DSP",0.1556337663682
37,"DescTools","DSP",0.1556337663682
37,"diverse","DSP",0.329701952723535
37,"divseg","DSP",1.1556337663682
37,"EconGeo","DSP",0.1556337663682
37,"hhi","DSP",0.1556337663682
37,"ineq","DSP",0.1556337663682
37,"microbiome","DSP",0.1556337663682
37,"PDtoolkit","DSP",0.1556337663682
37,"politics","DSP",0.1556337663682
37,"REAT","DSP",0.1556337663682
37,"sprex","DSP",0.1556337663682
37,"tabula","DSP",0.1556337663682
37,"triversity","DSP",0.1556337663682
37,"wiqid","DSP",6.68828451882845
37,"abdiv","EBP",0.258992805755396
37,"agricolae","EBP",0.258992805755396
37,"BiodiversityR","EBP",0.25899281
37,"diverse","EBP",0.521428571428571
37,"dyvDyn","EBP",0.258992805755396
37,"ecodive","EBP",0.258992805755396
37,"microbiome","EBP",0.258992805755396
37,"tabula","EBP",0.258992805755396
37,"triversity","EBP",0.258992805755396
37,"wiqid","EBP",1
37,"tabula","EBRI",0.769000056372346
37,"BAT","EBU",0.45083932853717
37,"microbiome","EBU",0.45083932853717
37,"BAT","ECAM",0.921163069544365
37,"microbiome","ECAM",0.434352517985611
37,"codyn","EEQ",0.151187462040648
37,"adiv","EEVAR",0.383462570383548
37,"codyn","EEVAR",0.372965176792204
37,"microbiome","EEVAR",0.383462570383548
37,"acid","EGIN",0.813155190133607
37,"DescTools","EGIN",0.813155190133607
37,"dplR","EGIN",0.813155190133607
37,"EconGeo","EGIN",0.813
37,"giniVarCI","EGIN",0.813155190133607
37,"ineq","EGIN",0.813155190133607
37,"microbiome","EGIN",0.813155190133608
37,"REAT","EGIN",0.813155190133607
37,"shipunov","EGIN",0.813155190133608
37,"wINEQ","EGIN",0.813155190133607
37,"adiv","EGSP",0.90065731587392
37,"abdiv","EHEI",0.499248691651487
37,"adiv","EHEI",0.499248691651487
37,"benthos","EHURE",0.850484829527682
37,"BiodiversityR","EHURE",0.85048483
37,"mobr","EHURE",0.850484829527682
37,"vegan","EHURE",0.850484829527677
37,"abdiv","EMC",0.442011221377097
37,"tabula","EMC",0.807327391046323
37,"microbiome","EMN",0.431654676258993
37,"abdiv","EPIE",0.771387197956015
37,"adiv","EPIE",0.771387197956015
37,"BiodiversityR","EPIE",0.7713872
37,"breakaway","EPIE",0.771387197956015
37,"chemodiv","EPIE",0.771387197956015
37,"diverse","EPIE",0.641015436974895
37,"forestmangr","EPIE",1
37,"microbiome","EPIE",0.771387197956015
37,"OTUtable","EPIE",0.771387197956015
37,"pctax","EPIE",0.7714
37,"sprex","EPIE",0.771387197956015
37,"tabula","EPIE",0.771387197956015
37,"adiv","ESP",0.401583804456269
37,"codyn","ESP",0.401583804456269
37,"sprex","ESP",0.133671215345812
37,"tabula","ESP",0.401583804456269
37,"abdiv","EST",0.514838129496403
37,"adiv","QHIL_0",16
37,"adiv","QHIL_1",8.4887303747723
37,"adiv","QHIL_2",6.4253408713003
37,"adiv","QHIL_3",5.71109528752234
37,"BAT","QHIL_0",16
37,"BAT","QHIL_1",8.4887303747723
37,"BAT","QHIL_2",6.4253408713003
37,"BAT","QHIL_3",5.71109528752234
37,"benthos","QHIL_0",35
37,"benthos","QHIL_1",8.4887303747723
37,"benthos","QHIL_2",6.4253408713003
37,"benthos","QHIL_3",5.71109528752234
37,"breakaway","QHIL_0",16
37,"breakaway","QHIL_1",8.4887303747723
37,"breakaway","QHIL_2",6.4253408713003
37,"breakaway","QHIL_3",5.71109528752234
37,"chemodiv","QHIL_0",16
37,"chemodiv","QHIL_1",8.4887303747723
37,"chemodiv","QHIL_2",6.4253408713003
37,"chemodiv","QHIL_3",5.71109528752234
37,"divDyn","QHIL_2",6.4253408713003
37,"divent","QHIL_0",16
37,"divent","QHIL_1",8.4887303747723
37,"divent","QHIL_2",6.4253408713003
37,"divent","QHIL_3",5.71109528752233
37,"entropart","QHIL_0",16
37,"entropart","QHIL_1",8.4887303747723
37,"entropart","QHIL_2",6.4253408713003
37,"entropart","QHIL_3",5.71109528752233
37,"EntropyEstimation","QHIL_1",8.99335229149514
37,"EntropyEstimation","QHIL_2",6.68828451882844
37,"EntropyEstimation","QHIL_3",5.97558077751165
37,"extremefit","QHIL",NA
37,"hilldiv","QHIL_0",16
37,"hilldiv","QHIL_1",8.48876768951417
37,"hilldiv","QHIL_2",6.4253408713003
37,"hilldiv","QHIL_3",5.71109528752234
37,"hillR","QHIL_0",16
37,"hillR","QHIL_1",8.4887303747723
37,"hillR","QHIL_2",6.4253408713003
37,"hillR","QHIL_3",5.71109528752234
37,"sprex","QHIL_0",16
37,"sprex","QHIL_1",8.4887303747723
37,"sprex","QHIL_2",6.4253408713003
37,"sprex","QHIL_3",5.71109528752234
37,"vegan","QHIL_0",16
37,"vegan","QHIL_1",8.4887303747723
37,"vegan","QHIL_2",6.4253408713003
37,"vegan","QHIL_3",5.71109528752234
37,"adiv","QREN_0",2.77258872223978
37,"adiv","QREN_1",2.13873944553299
37,"adiv","QREN_2",1.86024968327285
37,"adiv","QREN_3",1.74241082445377
37,"BiodiversityR","QREN_0",2.77258872223978
37,"BiodiversityR","QREN_1",2.13873944553299
37,"BiodiversityR","QREN_2",1.86024968327285
37,"BiodiversityR","QREN_3",1.74241082445377
37,"diverse","QREN_0",2.30258509299405
37,"diverse","QREN_1",1.47599258955746
37,"diverse","QREN_2",1.09514890535489
37,"diverse","QREN_3",0.936972753589602
37,"EntropyEstimation","QREN_1",2.1964856701332
37,"EntropyEstimation","QREN_2",1.90035741656838
37,"EntropyEstimation","QREN_3",1.78768129435102
37,"seewave","QREN_2",0.523225765364779
37,"seewave","QREN_3",0.490081650185166
37,"sprex","QREN_0",2.77258872223978
37,"sprex","QREN_1",2.13873944553299
37,"sprex","QREN_2",1.86024968327285
37,"sprex","QREN_3",1.74241082445377
37,"statcomp","QREN_1",0.601555574459573
37,"statcomp","QREN_2",0.523225757675482
37,"statcomp","QREN_3",0.490081644418193
37,"vegan","QREN_0",2.77258872223978
37,"vegan","QREN_1",2.13873944553299
37,"vegan","QREN_2",1.86024968327285
37,"vegan","QREN_3",1.74241082445377
37,"adiv","QTSA_0",15
37,"adiv","QTSA_1",2.13873944553299
37,"adiv","QTSA_2",0.8443662336318
37,"adiv","QTSA_3",0.484670386975963
37,"divent","QTSA_0",15
37,"divent","QTSA_1",2.13873944553299
37,"divent","QTSA_2",0.8443662336318
37,"divent","QTSA_3",0.484670386975963
37,"entropart","QTSA_0",18
37,"entropart","QTSA_1",2.21897395572058
37,"entropart","QTSA_2",0.850703957750201
37,"entropart","QTSA_3",0.485617894943398
37,"EntropyEstimation","QTSA_1",2.1964856701332
37,"EntropyEstimation","QTSA_2",0.850484829527682
37,"EntropyEstimation","QTSA_3",0.485997365230634
37,"vegan","QTSA_0",15
37,"vegan","QTSA_1",2.13873944553299
37,"vegan","QTSA_2",0.8443662336318
37,"vegan","QTSA_3",0.484670386975963
37,"BAT","RACE",17.5714285714286
37,"ecodive","RACE",17.5714285714286
37,"fossil","RACE",17.5714285714286
37,"pctax","RACE",17.5714
37,"sprex","RACE",139.398013153494
37,"tabula","RACE",17.5714285714286
37,"vegan","RACE",17.5714285714286
37,"wiqid","RACE",17.5714285714286
37,"BiodiversityR","RBOO",16
37,"wiqid","RBOO",35
37,"BAT","RC1",16.5
37,"BiodiversityR","RC1",16
37,"biosampleR","RC1",13
37,"iNEXT","RC1",16.894
37,"microbiome","RC1",16.5
37,"pctax","RC1",16.5
37,"rareNMtests","RC1",16
37,"SpadeR","RC1",16
37,"SSP","RC1",15
37,"vegan","RC1",16.5
37,"wiqid","RC1",16.9
37,"BAT","RC1M",17.080078125
37,"divent","RC1M",16.8935251798561
37,"ecodive","RC1M",16.9
37,"entropart","RC1M",16.8935251798561
37,"fossil","RC1M",16.9
37,"mobr","RC1M",16.8935251798561
37,"OTUtable","RC1M",16.9
37,"tabula","RC1M",16.8935251798561
37,"wiqid","RC1M",16.9
37,"BAT","RCA2",35.0033333333333
37,"divDyn","RCA2",16.46875
37,"fossil","RCA2",16.9
37,"tabula","RCA2",16
37,"wiqid","RCA2",16
37,"benthos","RHUR_2",1.85048482952768
37,"benthos","RHUR_3",2.57945975812181
37,"divent","RHUR_2",6.68825964882657
37,"divent","RHUR_3",6.78312673172171
37,"entropart","RHUR_2",1.85048482952768
37,"entropart","RHUR_3",2.57945975812181
37,"mobsim","RHUR_2",1.85048482952768
37,"mobsim","RHUR_3",2.57945975812181
37,"tabula","RHUR_2",1.85048482952638
37,"tabula","RHUR_3",2.57945975812204
37,"vegan","RHUR_2",1.85048482952768
37,"vegan","RHUR_3",2.57945975812181
37,"BAT","RICE",35.0120265229454
37,"fossil","RICE",17.5714285714286
37,"tabula","RICE",16
37,"wiqid","RICE",16
37,"BAT","RJA1",19
37,"BiodiversityR","RJA1",16
37,"divent","RJA1",19
37,"entropart","RJA1",19
37,"fossil","RJA1",18.9784172661871
37,"SSP","RJA1",15
37,"tabula","RJA1",2.01908303938281
37,"wiqid","RJA1",19
37,"BAT","RJA2",17
37,"BiodiversityR","RJA2",16
37,"fossil","RJA2",16.9781566051507
37,"SSP","RJA2",15
37,"wiqid","RJA2",17
37,"wiqid","RMM",0
37,"divDyn","RSQ",17.4041923935039
37,"ecodive","RSQ",17.4041923935039
37,"tabula","RSQ",17.4041923935039
38,"abdiv","D1SP",0.637832087567537
38,"ade4","D1SP",0.637832087567537
38,"adiv","D1SP",0.637832087567537
38,"agricolae","D1SP",1
38,"asbio","D1SP",0.637832087567537
38,"BiodiversityR","D1SP",0.63783209
38,"biosampleR","D1SP",0.611760409057706
38,"breakaway","D1SP",0.637832087567537
38,"catsim","D1SP",0.618775510204082
38,"concstats","D1SP",0.981240232718602
38,"CUB","D1SP",0.656591854848936
38,"DescTools","D1SP",0.637832087567537
38,"divent","D1SP",0.637832087567537
38,"diverse","D1SP",0.611760409057706
38,"ecodive","D1SP",0.637832087567537
38,"entropart","D1SP",0.637832087567537
38,"lawstat","D1SP",0.901338313103019
38,"MCPAN","D1SP",-12936
38,"microbiome","D1SP",0.637832087567537
38,"PCRA","D1SP",0.637832087567537
38,"RoughSets","D1SP",0.637832087567537
38,"simboot","D1SP",-12936
38,"sprex","D1SP",0.637832087567537
38,"untb","D1SP",0.641224811437577
38,"vegan","D1SP",0.637832087567537
38,"abdiv","DBRI",1.49354634479097
38,"ecodive","DBRI",1.49354634479097
38,"tabula","DBRI",1.49354634479097
38,"wiqid","DBRI",4.45285892429888
38,"BiodiversityR","DFIS",3.49150175
38,"ecodive","DFIS",3.492
38,"microbiome","DFIS",3.49150175102743
38,"preseqR","DFIS",5.46536632035152
38,"sads","DFIS",3.49152009920084
38,"vegan","DFIS",3.49150175102743
38,"abdiv","DINVSP",2.7611501893793
38,"adiv","DINVSP",2.7611501893793
38,"asbio","DINVSP",2.7611501893793
38,"BiodiversityR","DINVSP",2.76115019
38,"breakaway","DINVSP",2.7611501893793
38,"chemodiv","DINVSP",2.7611501893793
38,"codyn","DINVSP",2.7611501893793
38,"divseg","DINVSP",1.36216791243246
38,"ecodive","DINVSP",2.7611501893793
38,"microbiome","DINVSP",2.7611501893793
38,"sprex","DINVSP",2.7611501893793
38,"vegan","DINVSP",2.7611501893793
38,"asbio","DLMD",28.9975322879193
38,"Compositional","DLMD",0.999958992306093
38,"sads","DLMD",1.61468946700531
38,"vegan","DLMD",18.286172397707
38,"abdiv","DMC",0.429432754528778
38,"adiv","DMC",0.429432754528778
38,"agricolae","DMC",0.429432754528778
38,"ecodive","DMC",0.429432754528778
38,"forestHES","DMC",0.429432754528778
38,"tabula","DMC",0.429432754528778
38,"abdiv","DMG",2.48008916925039
38,"adiv","DMG",2.48008916925039
38,"agricolae","DMG",6.48638705803949
38,"ecodive","DMG",2.48008916925039
38,"tabula","DMG",2.48008916925039
38,"abdiv","DMN",1.01835015443463
38,"adiv","DMN",1.01835015443463
38,"ecodive","DMN",1.01835015443463
38,"tabula","DMN",1.01835015443463
38,"abdiv","DQ",0
38,"ade4","DRAO",0.637832087567537
38,"BAT","DRAO",0.637832087567537
38,"chemodiv","DRAO",400.227592941241
38,"diverse","DRAO",196.469391824104
38,"SYNCSA","DRAO",0.637832087567537
38,"abdiv","DSHA",1.6049222997935
38,"adiv","DSHA",1.6049222997935
38,"aqp","DSHA",-991.65067746511
38,"asbio","DSHA",1.6049222997935
38,"benthos","DSHA",0
38,"BiodiversityR","DSHA",1.6049223
38,"biosampleR","DSHA",1.47869931487261
38,"chemodiv","DSHA",1.6049222997935
38,"codyn","DSHA",1.6049222997935
38,"DescTools","DSHA",2.3154134429242
38,"divDyn","DSHA",1.6049222997935
38,"divent","DSHA",1.6049222997935
38,"diverse","DSHA",1.47869931487261
38,"ecodive","DSHA",1.6049222997935
38,"EconGeo","DSHA",2.315
38,"entropart","DSHA",1.65384938449526
38,"forestmangr","DSHA",3.56
38,"HardyWeinberg","DSHA",1.6049222997935
38,"iNEXT","DSHA",1.605
38,"MCPAN","DSHA",1.6049222997935
38,"microbiome","DSHA",1.6049222997935
38,"OTUtable","DSHA",1.6049222997935
38,"pgirmess","DSHA",2.3154134429242
38,"SpiecEasi","DSHA",1.6049222997935
38,"sprex","DSHA",1.6049222997935
38,"tabula","DSHA",1.6049222997935
38,"triversity","DSHA",14
38,"vegan","DSHA",1.6049222997935
38,"wavethresh","DSHA",-117960.315633773
38,"wiqid","DSHA",2.78726074678381
38,"abdiv","DSP",0.362167912432463
38,"agricolae","DSP",0.362167912432463
38,"antitrust","DSP",3621.67912432463
38,"benthos","DSP",0.358775188562423
38,"breakaway","DSP",0.362167912432463
38,"concstats","DSP",0.362167912432463
38,"DescTools","DSP",0.362167912432463
38,"diverse","DSP",0.384077955506527
38,"divseg","DSP",1.36216791243246
38,"EconGeo","DSP",0.362167912432463
38,"hhi","DSP",0.362167912432463
38,"ineq","DSP",0.362167912432463
38,"microbiome","DSP",0.362167912432463
38,"PDtoolkit","DSP",0.362167912432463
38,"politics","DSP",0.362167912432463
38,"REAT","DSP",0.362167912432463
38,"sprex","DSP",0.362167912432463
38,"tabula","DSP",0.362167912432463
38,"triversity","DSP",0.362167912432463
38,"wiqid","DSP",2.78726074678381
38,"abdiv","EBP",0.582010582010582
38,"agricolae","EBP",0.582010582010582
38,"BiodiversityR","EBP",0.58201058
38,"diverse","EBP",0.601351351351351
38,"dyvDyn","EBP",0.582010582010582
38,"ecodive","EBP",0.582010582010582
38,"microbiome","EBP",0.582010582010582
38,"tabula","EBP",0.582010582010582
38,"triversity","EBP",0.582010582010582
38,"wiqid","EBP",1
38,"tabula","EBRI",0.59928711698284
38,"BAT","EBU",0.415954415954416
38,"microbiome","EBU",0.415954415954416
38,"BAT","ECAM",0.894005465434037
38,"microbiome","ECAM",0.838246409674981
38,"codyn","EEQ",0.144981980858058
38,"adiv","EEVAR",0.35091895485042
38,"codyn","EEVAR",0.338236306165313
38,"microbiome","EEVAR",0.35091895485042
38,"acid","EGIN",0.875585789871504
38,"DescTools","EGIN",0.875585789871504
38,"dplR","EGIN",0.875585789871504
38,"EconGeo","EGIN",0.876
38,"giniVarCI","EGIN",0.875585789871504
38,"ineq","EGIN",0.875585789871504
38,"microbiome","EGIN",0.875585789871504
38,"REAT","EGIN",0.875585789871504
38,"shipunov","EGIN",0.875585789871504
38,"wINEQ","EGIN",0.875585789871504
38,"adiv","EGSP",0.686896094303502
38,"abdiv","EHEI",0.305959449003594
38,"adiv","EHEI",0.305959449003594
38,"benthos","EHURE",0.641224811437577
38,"BiodiversityR","EHURE",0.64122481
38,"mobr","EHURE",0.641224811437577
38,"vegan","EHURE",0.641224811437591
38,"abdiv","EMC",0.646119737676499
38,"tabula","EMC",0.543435315205959
38,"microbiome","EMN",0.677248677248677
38,"abdiv","EPIE",0.608142264202908
38,"adiv","EPIE",0.608142264202908
38,"BiodiversityR","EPIE",0.60814226
38,"breakaway","EPIE",0.608142264202908
38,"chemodiv","EPIE",0.608142264202908
38,"diverse","EPIE",0.59507238028389
38,"forestmangr","EPIE",1
38,"microbiome","EPIE",0.608142264202908
38,"OTUtable","EPIE",0.608142264202908
38,"pctax","EPIE",0.6081
38,"sprex","EPIE",0.608142264202908
38,"tabula","EPIE",0.608142264202908
38,"adiv","ESP",0.197225013527093
38,"codyn","ESP",0.197225013527093
38,"sprex","ESP",0.114637307128107
38,"tabula","ESP",0.197225013527093
38,"abdiv","EST",0.542328042328042
38,"adiv","QHIL_0",14
38,"adiv","QHIL_1",4.97747283704672
38,"adiv","QHIL_2",2.7611501893793
38,"adiv","QHIL_3",2.24266389033255
38,"BAT","QHIL_0",14
38,"BAT","QHIL_1",4.97747283704672
38,"BAT","QHIL_2",2.7611501893793
38,"BAT","QHIL_3",2.24266389033255
38,"benthos","QHIL_0",35
38,"benthos","QHIL_1",4.97747283704672
38,"benthos","QHIL_2",2.7611501893793
38,"benthos","QHIL_3",2.24266389033255
38,"breakaway","QHIL_0",14
38,"breakaway","QHIL_1",4.97747283704672
38,"breakaway","QHIL_2",2.7611501893793
38,"breakaway","QHIL_3",2.24266389033255
38,"chemodiv","QHIL_0",14
38,"chemodiv","QHIL_1",4.97747283704672
38,"chemodiv","QHIL_2",2.7611501893793
38,"chemodiv","QHIL_3",2.24266389033255
38,"divDyn","QHIL_2",2.7611501893793
38,"divent","QHIL_0",14
38,"divent","QHIL_1",4.97747283704672
38,"divent","QHIL_2",2.7611501893793
38,"divent","QHIL_3",2.24266389033255
38,"entropart","QHIL_0",14
38,"entropart","QHIL_1",4.97747283704672
38,"entropart","QHIL_2",2.7611501893793
38,"entropart","QHIL_3",2.24266389033255
38,"EntropyEstimation","QHIL_1",5.16279126962726
38,"EntropyEstimation","QHIL_2",2.78726074678381
38,"EntropyEstimation","QHIL_3",2.25740848285451
38,"extremefit","QHIL",NA
38,"hilldiv","QHIL_0",14
38,"hilldiv","QHIL_1",4.97751762981433
38,"hilldiv","QHIL_2",2.7611501893793
38,"hilldiv","QHIL_3",2.24266389033255
38,"hillR","QHIL_0",14
38,"hillR","QHIL_1",4.97747283704672
38,"hillR","QHIL_2",2.7611501893793
38,"hillR","QHIL_3",2.24266389033255
38,"sprex","QHIL_0",14
38,"sprex","QHIL_1",4.97747283704672
38,"sprex","QHIL_2",2.7611501893793
38,"sprex","QHIL_3",2.24266389033255
38,"vegan","QHIL_0",14
38,"vegan","QHIL_1",4.97747283704672
38,"vegan","QHIL_2",2.7611501893793
38,"vegan","QHIL_3",2.24266389033255
38,"adiv","QREN_0",2.63905732961526
38,"adiv","QREN_1",1.6049222997935
38,"adiv","QREN_2",1.01564732820138
38,"adiv","QREN_3",0.807664396040659
38,"BiodiversityR","QREN_0",2.63905732961526
38,"BiodiversityR","QREN_1",1.6049222997935
38,"BiodiversityR","QREN_2",1.01564732820138
38,"BiodiversityR","QREN_3",0.807664396040659
38,"diverse","QREN_0",2.484906649788
38,"diverse","QREN_1",1.47869931487261
38,"diverse","QREN_2",0.946132627506446
38,"diverse","QREN_3",0.757548008074037
38,"EntropyEstimation","QREN_1",1.64147737696237
38,"EntropyEstimation","QREN_2",1.02505930235236
38,"EntropyEstimation","QREN_3",0.814217466330908
38,"seewave","QREN_2",0.285667488205959
38,"seewave","QREN_3",0.227168873128269
38,"sprex","QREN_0",2.63905732961526
38,"sprex","QREN_1",1.6049222997935
38,"sprex","QREN_2",1.01564732820138
38,"sprex","QREN_3",0.807664396040659
38,"statcomp","QREN_1",0.451410740112225
38,"statcomp","QREN_2",0.285667481955594
38,"statcomp","QREN_3",0.227168868440495
38,"vegan","QREN_0",2.63905732961526
38,"vegan","QREN_1",1.6049222997935
38,"vegan","QREN_2",1.01564732820138
38,"vegan","QREN_3",0.807664396040659
38,"adiv","QTSA_0",13
38,"adiv","QTSA_1",1.6049222997935
38,"adiv","QTSA_2",0.637832087567537
38,"adiv","QTSA_3",0.400587356243693
38,"divent","QTSA_0",13
38,"divent","QTSA_1",1.6049222997935
38,"divent","QTSA_2",0.637832087567537
38,"divent","QTSA_3",0.400587356243693
38,"entropart","QTSA_0",16
38,"entropart","QTSA_1",1.65384938449526
38,"entropart","QTSA_2",0.641214486462306
38,"entropart","QTSA_3",0.401562478398351
38,"EntropyEstimation","QTSA_1",1.64147737696237
38,"EntropyEstimation","QTSA_2",0.641224811437577
38,"EntropyEstimation","QTSA_3",0.401881771406177
38,"vegan","QTSA_0",13
38,"vegan","QTSA_1",1.6049222997935
38,"vegan","QTSA_2",0.637832087567537
38,"vegan","QTSA_3",0.400587356243693
38,"BAT","RACE",15.9732107445466
38,"ecodive","RACE",15.9732107445466
38,"fossil","RACE",14.7674418604651
38,"pctax","RACE",15.9732
38,"sprex","RACE",192.279049316147
38,"tabula","RACE",15.9732107445466
38,"vegan","RACE",15.9732107445466
38,"wiqid","RACE",15.9732107445466
38,"BiodiversityR","RBOO",14
38,"wiqid","RBOO",35
38,"BAT","RC1",15
38,"BiodiversityR","RC1",14
38,"biosampleR","RC1",13.5
38,"iNEXT","RC1",16.238
38,"microbiome","RC1",15
38,"pctax","RC1",15
38,"rareNMtests","RC1",14
38,"SpadeR","RC1",14
38,"SSP","RC1",13
38,"vegan","RC1",15
38,"wiqid","RC1",16.25
38,"BAT","RC1M",15.6887755102041
38,"divent","RC1M",16.2380952380952
38,"ecodive","RC1M",16.25
38,"entropart","RC1M",16.2380952380952
38,"fossil","RC1M",16.25
38,"mobr","RC1M",16.2380952380952
38,"OTUtable","RC1M",16.25
38,"tabula","RC1M",16.2380952380952
38,"wiqid","RC1M",16.25
38,"BAT","RCA2",35.005
38,"divDyn","RCA2",14.9285714285714
38,"fossil","RCA2",16.25
38,"tabula","RCA2",14
38,"wiqid","RCA2",14
38,"benthos","RHUR_2",1.64122481143759
38,"benthos","RHUR_3",2.1199108915004
38,"divent","RHUR_2",2.78727897297631
38,"divent","RHUR_3",3.03426442196252
38,"entropart","RHUR_2",1.64122481143759
38,"entropart","RHUR_3",2.1199108915004
38,"mobsim","RHUR_2",1.64122481143759
38,"mobsim","RHUR_3",2.1199108915004
38,"tabula","RHUR_2",1.64123082360371
38,"tabula","RHUR_3",2.11991187236299
38,"vegan","RHUR_2",1.64122481143759
38,"vegan","RHUR_3",2.1199108915004
38,"BAT","RICE",35.0117684251423
38,"fossil","RICE",14.7674418604651
38,"tabula","RICE",14
38,"wiqid","RICE",14
38,"BAT","RJA1",17
38,"BiodiversityR","RJA1",14
38,"divent","RJA1",17
38,"entropart","RJA1",17
38,"fossil","RJA1",16.984126984127
38,"SSP","RJA1",13
38,"tabula","RJA1",1.42626484572389
38,"wiqid","RJA1",17
38,"BAT","RJA2",18
38,"BiodiversityR","RJA2",14
38,"fossil","RJA2",17.9364516492176
38,"SSP","RJA2",13
38,"wiqid","RJA2",18
38,"wiqid","RMM",0
38,"divDyn","RSQ",17.2633481880098
38,"ecodive","RSQ",17.2633481880098
38,"tabula","RSQ",17.2633481880098
39,"abdiv","D1SP",0.753055681303757
39,"ade4","D1SP",0.753055681303757
39,"adiv","D1SP",0.753055681303757
39,"agricolae","D1SP",1
39,"asbio","D1SP",0.753055681303757
39,"BiodiversityR","D1SP",0.75305568
39,"biosampleR","D1SP",0.613888888888889
39,"breakaway","D1SP",0.753055681303757
39,"catsim","D1SP",0.514285714285714
39,"concstats","D1SP",0.977851303491066
39,"CUB","D1SP",0.775204377812691
39,"DescTools","D1SP",0.753055681303757
39,"divent","D1SP",0.753055681303757
39,"diverse","D1SP",0.613888888888889
39,"ecodive","D1SP",0.753055681303757
39,"entropart","D1SP",0.753055681303757
39,"lawstat","D1SP",0.899874843554443
39,"MCPAN","D1SP",-2181
39,"microbiome","D1SP",0.753055681303757
39,"PCRA","D1SP",0.753055681303757
39,"RoughSets","D1SP",0.753055681303757
39,"simboot","D1SP",-2181
39,"sprex","D1SP",0.753055681303757
39,"untb","D1SP",0.761153054221002
39,"vegan","D1SP",0.753055681303757
39,"abdiv","DBRI",1.59456512549152
39,"ecodive","DBRI",1.59456512549152
39,"tabula","DBRI",1.59456512549152
39,"wiqid","DBRI",4.92618633338125
39,"BiodiversityR","DFIS",3.2312694
39,"ecodive","DFIS",3.231
39,"microbiome","DFIS",3.23126940216781
39,"preseqR","DFIS",6.69722750410772
39,"sads","DFIS",3.23129279832819
39,"vegan","DFIS",3.23126940216781
39,"abdiv","DINVSP",4.04949587534372
39,"adiv","DINVSP",4.04949587534372
39,"asbio","DINVSP",4.04949587534372
39,"BiodiversityR","DINVSP",4.04949588
39,"breakaway","DINVSP",4.04949587534372
39,"chemodiv","DINVSP",4.04949587534372
39,"codyn","DINVSP",4.04949587534372
39,"divseg","DINVSP",1.24694431869624
39,"ecodive","DINVSP",4.04949587534372
39,"microbiome","DINVSP",4.04949587534372
39,"sprex","DINVSP",4.04949587534372
39,"vegan","DINVSP",4.04949587534372
39,"asbio","DLMD",22.5173128780418
39,"Compositional","DLMD",0.999958992306093
39,"sads","DLMD",1.42212809761893
39,"vegan","DLMD",15.6735792015604
39,"abdiv","DMC",0.560919505540115
39,"adiv","DMC",0.560919505540115
39,"agricolae","DMC",0.560919505540115
39,"ecodive","DMC",0.560919505540115
39,"forestHES","DMC",0.560919505540115
39,"tabula","DMC",0.560919505540115
39,"abdiv","DMG",2.20104582230159
39,"adiv","DMG",2.20104582230159
39,"agricolae","DMG",7.4835557958254
39,"ecodive","DMG",2.20104582230159
39,"tabula","DMG",2.20104582230159
39,"abdiv","DMN",1.13456337088467
39,"adiv","DMN",1.13456337088467
39,"ecodive","DMN",1.13456337088467
39,"tabula","DMN",1.13456337088467
39,"abdiv","DQ",0
39,"ade4","DRAO",0.753055681303757
39,"BAT","DRAO",0.753055681303757
39,"chemodiv","DRAO",425.839087395805
39,"diverse","DRAO",193.149407184919
39,"SYNCSA","DRAO",0.753055681303757
39,"abdiv","DSHA",1.75540712702658
39,"adiv","DSHA",1.75540712702658
39,"aqp","DSHA",-378.074739308874
39,"asbio","DSHA",1.75540712702658
39,"benthos","DSHA",0
39,"BiodiversityR","DSHA",1.75540713
39,"biosampleR","DSHA",1.11086952661299
39,"chemodiv","DSHA",1.75540712702658
39,"codyn","DSHA",1.75540712702658
39,"DescTools","DSHA",2.53251715690238
39,"divDyn","DSHA",1.75540712702658
39,"divent","DSHA",1.75540712702658
39,"diverse","DSHA",1.11086952661299
39,"ecodive","DSHA",1.75540712702658
39,"EconGeo","DSHA",2.533
39,"entropart","DSHA",1.85039630162436
39,"forestmangr","DSHA",3.56
39,"HardyWeinberg","DSHA",1.75540712702658
39,"iNEXT","DSHA",1.755
39,"MCPAN","DSHA",1.75540712702658
39,"microbiome","DSHA",1.75540712702658
39,"OTUtable","DSHA",1.75540712702658
39,"pgirmess","DSHA",2.53251715690238
39,"SpiecEasi","DSHA",1.75540712702658
39,"sprex","DSHA",1.75540712702658
39,"tabula","DSHA",1.75540712702658
39,"triversity","DSHA",11
39,"vegan","DSHA",1.75540712702658
39,"wavethresh","DSHA",-14784.7639002135
39,"wiqid","DSHA",4.1867816091954
39,"abdiv","DSP",0.246944318696243
39,"agricolae","DSP",0.246944318696243
39,"antitrust","DSP",2469.44318696243
39,"benthos","DSP",0.238846945778998
39,"breakaway","DSP",0.246944318696243
39,"concstats","DSP",0.246944318696243
39,"DescTools","DSP",0.246944318696243
39,"diverse","DSP",0.375706214689266
39,"divseg","DSP",1.24694431869624
39,"EconGeo","DSP",0.246944318696243
39,"hhi","DSP",0.246944318696243
39,"ineq","DSP",0.246944318696243
39,"microbiome","DSP",0.246944318696243
39,"PDtoolkit","DSP",0.246944318696243
39,"politics","DSP",0.246944318696243
39,"REAT","DSP",0.246944318696243
39,"sprex","DSP",0.246944318696243
39,"tabula","DSP",0.246944318696243
39,"triversity","DSP",0.246944318696243
39,"wiqid","DSP",4.1867816091954
39,"abdiv","EBP",0.425531914893617
39,"agricolae","EBP",0.425531914893617
39,"BiodiversityR","EBP",0.42553191
39,"diverse","EBP",0.466666666666667
39,"dyvDyn","EBP",0.425531914893617
39,"ecodive","EBP",0.425531914893617
39,"microbiome","EBP",0.425531914893617
39,"tabula","EBP",0.425531914893617
39,"triversity","EBP",0.425531914893617
39,"wiqid","EBP",1
39,"tabula","EBRI",0.726111287268428
39,"BAT","EBU",0.480851063829787
39,"microbiome","EBU",0.480851063829787
39,"BAT","ECAM",0.880077369439072
39,"microbiome","ECAM",1
39,"codyn","EEQ",0.16166063627704
39,"adiv","EEVAR",0.389098421618375
39,"codyn","EEVAR",0.369491120198055
39,"microbiome","EEVAR",0.389098421618375
39,"acid","EGIN",0.874164133738602
39,"DescTools","EGIN",0.874164133738602
39,"dplR","EGIN",0.874164133738602
39,"EconGeo","EGIN",0.874
39,"giniVarCI","EGIN",0.874164133738602
39,"ineq","EGIN",0.874164133738602
39,"microbiome","EGIN",0.874164133738602
39,"REAT","EGIN",0.874164133738602
39,"shipunov","EGIN",0.874164133738602
39,"wINEQ","EGIN",0.874164133738602
39,"adiv","EGSP",0.828361249434133
39,"abdiv","EHEI",0.478580281921459
39,"adiv","EHEI",0.478580281921459
39,"benthos","EHURE",0.761153054221002
39,"BiodiversityR","EHURE",0.76115305
39,"mobr","EHURE",0.761153054221002
39,"vegan","EHURE",0.761153054220982
39,"abdiv","EMC",0.55570020446053
39,"tabula","EMC",0.720219393814646
39,"microbiome","EMN",0.617021276595745
39,"abdiv","EPIE",0.732061632107059
39,"adiv","EPIE",0.732061632107059
39,"BiodiversityR","EPIE",0.73206163
39,"breakaway","EPIE",0.732061632107059
39,"chemodiv","EPIE",0.732061632107059
39,"diverse","EPIE",0.690222044622347
39,"forestmangr","EPIE",1
39,"microbiome","EPIE",0.732061632107059
39,"OTUtable","EPIE",0.732061632107059
39,"pctax","EPIE",0.7321
39,"sprex","EPIE",0.732061632107059
39,"tabula","EPIE",0.732061632107059
39,"adiv","ESP",0.368135988667611
39,"codyn","ESP",0.368135988667611
39,"sprex","ESP",0.159582466093325
39,"tabula","ESP",0.368135988667611
39,"abdiv","EST",0.471953578336557
39,"adiv","QHIL_0",11
39,"adiv","QHIL_1",5.78580281921459
39,"adiv","QHIL_2",4.04949587534372
39,"adiv","QHIL_3",3.39028955544631
39,"BAT","QHIL_0",11
39,"BAT","QHIL_1",5.78580281921459
39,"BAT","QHIL_2",4.04949587534372
39,"BAT","QHIL_3",3.39028955544631
39,"benthos","QHIL_0",35
39,"benthos","QHIL_1",5.78580281921459
39,"benthos","QHIL_2",4.04949587534372
39,"benthos","QHIL_3",3.39028955544631
39,"breakaway","QHIL_0",11
39,"breakaway","QHIL_1",5.78580281921459
39,"breakaway","QHIL_2",4.04949587534372
39,"breakaway","QHIL_3",3.39028955544631
39,"chemodiv","QHIL_0",11
39,"chemodiv","QHIL_1",5.78580281921459
39,"chemodiv","QHIL_2",4.04949587534372
39,"chemodiv","QHIL_3",3.39028955544631
39,"divDyn","QHIL_2",4.04949587534372
39,"divent","QHIL_0",11
39,"divent","QHIL_1",5.78580281921459
39,"divent","QHIL_2",4.04949587534372
39,"divent","QHIL_3",3.39028955544631
39,"entropart","QHIL_0",11
39,"entropart","QHIL_1",5.78580281921459
39,"entropart","QHIL_2",4.04949587534372
39,"entropart","QHIL_3",3.39028955544631
39,"EntropyEstimation","QHIL_1",6.12576720441243
39,"EntropyEstimation","QHIL_2",4.1867816091954
39,"EntropyEstimation","QHIL_3",3.49336067811288
39,"extremefit","QHIL",NA
39,"hilldiv","QHIL_0",11
39,"hilldiv","QHIL_1",5.7858317286409
39,"hilldiv","QHIL_2",4.04949587534372
39,"hilldiv","QHIL_3",3.39028955544631
39,"hillR","QHIL_0",11
39,"hillR","QHIL_1",5.78580281921459
39,"hillR","QHIL_2",4.04949587534372
39,"hillR","QHIL_3",3.39028955544631
39,"sprex","QHIL_0",11
39,"sprex","QHIL_1",5.78580281921459
39,"sprex","QHIL_2",4.04949587534372
39,"sprex","QHIL_3",3.39028955544631
39,"vegan","QHIL_0",11
39,"vegan","QHIL_1",5.78580281921459
39,"vegan","QHIL_2",4.04949587534372
39,"vegan","QHIL_3",3.39028955544631
39,"adiv","QREN_0",2.39789527279837
39,"adiv","QREN_1",1.75540712702658
39,"adiv","QREN_2",1.39859239814699
39,"adiv","QREN_3",1.22091533233067
39,"BiodiversityR","QREN_0",2.39789527279837
39,"BiodiversityR","QREN_1",1.75540712702658
39,"BiodiversityR","QREN_2",1.39859239814699
39,"BiodiversityR","QREN_3",1.22091533233067
39,"diverse","QREN_0",1.6094379124341
39,"diverse","QREN_1",1.11086952661299
39,"diverse","QREN_2",0.951630098319464
39,"diverse","QREN_3",0.897131299723087
39,"EntropyEstimation","QREN_1",1.81250400644993
39,"EntropyEstimation","QREN_2",1.43193232642073
39,"EntropyEstimation","QREN_3",1.25086421789822
39,"seewave","QREN_2",0.393377082924736
39,"seewave","QREN_3",0.343402488170758
39,"sprex","QREN_0",2.39789527279837
39,"sprex","QREN_1",1.75540712702658
39,"sprex","QREN_2",1.39859239814699
39,"sprex","QREN_3",1.22091533233067
39,"statcomp","QREN_1",0.493737067838922
39,"statcomp","QREN_2",0.393377068562196
39,"statcomp","QREN_3",0.343402477398853
39,"vegan","QREN_0",2.39789527279837
39,"vegan","QREN_1",1.75540712702658
39,"vegan","QREN_2",1.39859239814699
39,"vegan","QREN_3",1.22091533233067
39,"adiv","QTSA_0",10
39,"adiv","QTSA_1",1.75540712702658
39,"adiv","QTSA_2",0.753055681303757
39,"adiv","QTSA_3",0.456499282432602
39,"divent","QTSA_0",10
39,"divent","QTSA_1",1.75540712702658
39,"divent","QTSA_2",0.753055681303757
39,"divent","QTSA_3",0.456499282432602
39,"entropart","QTSA_0",13
39,"entropart","QTSA_1",1.85039630162436
39,"entropart","QTSA_2",0.760985603934961
39,"entropart","QTSA_3",0.458031022250101
39,"EntropyEstimation","QTSA_1",1.81250400644993
39,"EntropyEstimation","QTSA_2",0.761153054221002
39,"EntropyEstimation","QTSA_3",0.459028378741309
39,"vegan","QTSA_0",10
39,"vegan","QTSA_1",1.75540712702658
39,"vegan","QTSA_2",0.753055681303757
39,"vegan","QTSA_3",0.456499282432602
39,"BAT","RACE",13.8251996450754
39,"ecodive","RACE",13.8251996450754
39,"fossil","RACE",12.1428571428571
39,"pctax","RACE",13.8252
39,"sprex","RACE",NA
39,"tabula","RACE",13.8251996450754
39,"vegan","RACE",13.8251996450754
39,"wiqid","RACE",13.8251996450754
39,"BiodiversityR","RBOO",11
39,"wiqid","RBOO",35
39,"BAT","RC1",12.5
39,"BiodiversityR","RC1",11
39,"biosampleR","RC1",5
39,"iNEXT","RC1",15.452
39,"microbiome","RC1",12.5
39,"pctax","RC1",12.5
39,"rareNMtests","RC1",11
39,"SpadeR","RC1",11
39,"SSP","RC1",11
39,"vegan","RC1",12.5
39,"wiqid","RC1",15.5
39,"BAT","RC1M",13.4297520661157
39,"divent","RC1M",15.4521276595745
39,"ecodive","RC1M",15.5
39,"entropart","RC1M",15.4521276595745
39,"fossil","RC1M",15.5
39,"mobr","RC1M",15.4521276595745
39,"OTUtable","RC1M",15.5
39,"tabula","RC1M",15.4521276595745
39,"wiqid","RC1M",15.5
39,"BAT","RCA2",35.005
39,"divDyn","RCA2",12.3636363636364
39,"fossil","RCA2",15.5
39,"tabula","RCA2",11
39,"wiqid","RCA2",11
39,"benthos","RHUR_2",1.76115305422098
39,"benthos","RHUR_3",2.3654024051804
39,"divent","RHUR_2",4.18677985212417
39,"divent","RHUR_3",4.36652211926587
39,"entropart","RHUR_2",1.76115305422098
39,"entropart","RHUR_3",2.3654024051804
39,"mobsim","RHUR_2",1.76115305422098
39,"mobsim","RHUR_3",2.3654024051804
39,"tabula","RHUR_2",1.76115305422028
39,"tabula","RHUR_3",2.36540240517962
39,"vegan","RHUR_2",1.76115305422098
39,"vegan","RHUR_3",2.3654024051804
39,"BAT","RICE",35.0111122875989
39,"fossil","RICE",12.1428571428571
39,"tabula","RICE",11
39,"wiqid","RICE",11
39,"BAT","RJA1",14
39,"BiodiversityR","RJA1",11
39,"divent","RJA1",14
39,"entropart","RJA1",14
39,"fossil","RJA1",13.968085106383
39,"SSP","RJA1",11
39,"tabula","RJA1",1.56711823567118
39,"wiqid","RJA1",14
39,"BAT","RJA2",16
39,"BiodiversityR","RJA2",11
39,"fossil","RJA2",15.8403111416152
39,"SSP","RJA2",11
39,"wiqid","RJA2",16
39,"wiqid","RMM",0
39,"divDyn","RSQ",13.2308303987277
39,"ecodive","RSQ",13.2308303987277
39,"tabula","RSQ",13.2308303987277
40,"abdiv","D1SP",0.753539697350805
40,"ade4","D1SP",0.753539697350806
40,"adiv","D1SP",0.753539697350805
40,"agricolae","D1SP",1
40,"asbio","D1SP",0.753539697350805
40,"BiodiversityR","D1SP",0.7535397
40,"biosampleR","D1SP",0.770068899214869
40,"breakaway","D1SP",0.753539697350805
40,"catsim","D1SP",0.551836734693878
40,"concstats","D1SP",0.977837067724976
40,"CUB","D1SP",0.775702629625829
40,"DescTools","D1SP",0.753539697350806
40,"divent","D1SP",0.753539697350805
40,"diverse","D1SP",0.770068899214869
40,"ecodive","D1SP",0.753539697350805
40,"entropart","D1SP",0.753539697350805
40,"lawstat","D1SP",0.901086549269389
40,"MCPAN","D1SP",-6074
40,"microbiome","D1SP",0.753539697350805
40,"PCRA","D1SP",0.753539697350805
40,"RoughSets","D1SP",0.753539697350805
40,"simboot","D1SP",-6074
40,"sprex","D1SP",0.753539697350805
40,"untb","D1SP",0.758370080026131
40,"vegan","D1SP",0.753539697350805
40,"abdiv","DBRI",1.63086852359164
40,"ecodive","DBRI",1.63086852359164
40,"tabula","DBRI",1.63086852359164
40,"wiqid","DBRI",5.10830947970715
40,"BiodiversityR","DFIS",3.02353222
40,"ecodive","DFIS",3.024
40,"microbiome","DFIS",3.02353222247415
40,"preseqR","DFIS",10.3983898142349
40,"sads","DFIS",3.02350457646571
40,"vegan","DFIS",3.02353222247415
40,"abdiv","DINVSP",4.05744855967078
40,"adiv","DINVSP",4.05744855967078
40,"asbio","DINVSP",4.05744855967078
40,"BiodiversityR","DINVSP",4.05744856
40,"breakaway","DINVSP",4.05744855967078
40,"chemodiv","DINVSP",4.05744855967078
40,"codyn","DINVSP",4.05744855967078
40,"divseg","DINVSP",1.24646030264919
40,"ecodive","DINVSP",4.05744855967078
40,"microbiome","DINVSP",4.05744855967078
40,"sprex","DINVSP",4.05744855967078
40,"vegan","DINVSP",4.05744855967078
40,"asbio","DLMD",24.4517322328293
40,"Compositional","DLMD",0.999958992306093
40,"sads","DLMD",1.67948103545955
40,"vegan","DLMD",18.5596306236002
40,"abdiv","DMC",0.547225680116391
40,"adiv","DMC",0.547225680116391
40,"agricolae","DMC",0.547225680116391
40,"ecodive","DMC",0.547225680116391
40,"forestHES","DMC",0.547225680116391
40,"tabula","DMC",0.547225680116391
40,"abdiv","DMG",2.17552714473743
40,"adiv","DMG",2.17552714473743
40,"agricolae","DMG",6.72435662918841
40,"ecodive","DMG",2.17552714473743
40,"tabula","DMG",2.17552714473743
40,"abdiv","DMN",0.957704261361147
40,"adiv","DMN",0.957704261361147
40,"ecodive","DMN",0.957704261361147
40,"tabula","DMN",0.957704261361147
40,"abdiv","DQ",0
40,"ade4","DRAO",0.753539697350805
40,"BAT","DRAO",0.753539697350805
40,"chemodiv","DRAO",414.053152423423
40,"diverse","DRAO",194.493681174022
40,"SYNCSA","DRAO",0.753539697350805
40,"abdiv","DSHA",1.74570076572547
40,"adiv","DSHA",1.74570076572547
40,"aqp","DSHA",-749.848785074639
40,"asbio","DSHA",1.74570076572547
40,"benthos","DSHA",0
40,"BiodiversityR","DSHA",1.74570077
40,"biosampleR","DSHA",1.91191781438445
40,"chemodiv","DSHA",1.74570076572547
40,"codyn","DSHA",1.74570076572547
40,"DescTools","DSHA",2.51851383758819
40,"divDyn","DSHA",1.74570076572547
40,"divent","DSHA",1.74570076572547
40,"diverse","DSHA",1.91191781438445
40,"ecodive","DSHA",1.74570076572547
40,"EconGeo","DSHA",2.519
40,"entropart","DSHA",1.81085272899081
40,"forestmangr","DSHA",3.56
40,"HardyWeinberg","DSHA",1.74570076572547
40,"iNEXT","DSHA",1.746
40,"MCPAN","DSHA",1.74570076572547
40,"microbiome","DSHA",1.74570076572547
40,"OTUtable","DSHA",1.74570076572547
40,"pgirmess","DSHA",2.51851383758819
40,"SpiecEasi","DSHA",1.74570076572547
40,"sprex","DSHA",1.74570076572547
40,"tabula","DSHA",1.74570076572547
40,"triversity","DSHA",12
40,"vegan","DSHA",1.74570076572547
40,"wavethresh","DSHA",-47102.9648334735
40,"wiqid","DSHA",4.13856032443393
40,"abdiv","DSP",0.246460302649195
40,"agricolae","DSP",0.246460302649195
40,"antitrust","DSP",2464.60302649195
40,"benthos","DSP",0.241629919973869
40,"breakaway","DSP",0.246460302649195
40,"concstats","DSP",0.246460302649195
40,"DescTools","DSP",0.246460302649195
40,"diverse","DSP",0.225026203337902
40,"divseg","DSP",1.24646030264919
40,"EconGeo","DSP",0.246460302649195
40,"hhi","DSP",0.246460302649195
40,"ineq","DSP",0.246460302649195
40,"microbiome","DSP",0.246460302649195
40,"PDtoolkit","DSP",0.246460302649195
40,"politics","DSP",0.246460302649195
40,"REAT","DSP",0.246460302649195
40,"sprex","DSP",0.246460302649195
40,"tabula","DSP",0.246460302649195
40,"triversity","DSP",0.246460302649195
40,"wiqid","DSP",4.13856032443393
40,"abdiv","EBP",0.414012738853503
40,"agricolae","EBP",0.414012738853503
40,"BiodiversityR","EBP",0.41401274
40,"diverse","EBP",0.329113924050633
40,"dyvDyn","EBP",0.414012738853503
40,"ecodive","EBP",0.414012738853503
40,"microbiome","EBP",0.414012738853503
40,"tabula","EBP",0.414012738853503
40,"triversity","EBP",0.414012738853503
40,"wiqid","EBP",1
40,"tabula","EBRI",0.697648983864201
40,"BAT","EBU",0.42501447596989
40,"microbiome","EBU",0.42501447596989
40,"BAT","ECAM",0.884288747346072
40,"microbiome","ECAM",0.798301486199575
40,"codyn","EEQ",0.142285070193542
40,"adiv","EEVAR",0.318070642990454
40,"codyn","EEVAR",0.302783727783555
40,"microbiome","EEVAR",0.318070642990454
40,"acid","EGIN",0.875341219290264
40,"DescTools","EGIN",0.875341219290264
40,"dplR","EGIN",0.875341219290264
40,"EconGeo","EGIN",0.875
40,"giniVarCI","EGIN",0.875341219290264
40,"ineq","EGIN",0.875341219290264
40,"microbiome","EGIN",0.875341219290264
40,"REAT","EGIN",0.875341219290264
40,"shipunov","EGIN",0.875341219290264
40,"wINEQ","EGIN",0.875341219290264
40,"adiv","EGSP",0.822043306200878
40,"abdiv","EHEI",0.429992308833437
40,"adiv","EHEI",0.429992308833437
40,"benthos","EHURE",0.758370080026131
40,"BiodiversityR","EHURE",0.75837008
40,"mobr","EHURE",0.758370080026131
40,"vegan","EHURE",0.758370080026111
40,"abdiv","EMC",0.533713584144274
40,"tabula","EMC",0.707907653439163
40,"microbiome","EMN",0.611464968152866
40,"abdiv","EPIE",0.702521668519982
40,"adiv","EPIE",0.702521668519982
40,"BiodiversityR","EPIE",0.70252167
40,"breakaway","EPIE",0.702521668519982
40,"chemodiv","EPIE",0.702521668519982
40,"diverse","EPIE",0.674823100913121
40,"forestmangr","EPIE",1
40,"microbiome","EPIE",0.702521668519982
40,"OTUtable","EPIE",0.702521668519982
40,"pctax","EPIE",0.7025
40,"sprex","EPIE",0.702521668519982
40,"tabula","EPIE",0.702521668519982
40,"adiv","ESP",0.338120713305898
40,"codyn","ESP",0.338120713305898
40,"sprex","ESP",0.145475063810455
40,"tabula","ESP",0.338120713305898
40,"abdiv","EST",0.527070063694268
40,"adiv","QHIL_0",12
40,"adiv","QHIL_1",5.7299153971678
40,"adiv","QHIL_2",4.05744855967078
40,"adiv","QHIL_3",3.45823057193977
40,"BAT","QHIL_0",12
40,"BAT","QHIL_1",5.7299153971678
40,"BAT","QHIL_2",4.05744855967078
40,"BAT","QHIL_3",3.45823057193977
40,"benthos","QHIL_0",35
40,"benthos","QHIL_1",5.7299153971678
40,"benthos","QHIL_2",4.05744855967078
40,"benthos","QHIL_3",3.45823057193977
40,"breakaway","QHIL_0",12
40,"breakaway","QHIL_1",5.7299153971678
40,"breakaway","QHIL_2",4.05744855967078
40,"breakaway","QHIL_3",3.45823057193977
40,"chemodiv","QHIL_0",12
40,"chemodiv","QHIL_1",5.7299153971678
40,"chemodiv","QHIL_2",4.05744855967078
40,"chemodiv","QHIL_3",3.45823057193977
40,"divDyn","QHIL_2",4.05744855967078
40,"divent","QHIL_0",12
40,"divent","QHIL_1",5.7299153971678
40,"divent","QHIL_2",4.05744855967078
40,"divent","QHIL_3",3.45823057193977
40,"entropart","QHIL_0",12
40,"entropart","QHIL_1",5.7299153971678
40,"entropart","QHIL_2",4.05744855967078
40,"entropart","QHIL_3",3.45823057193977
40,"EntropyEstimation","QHIL_1",5.94779197247416
40,"EntropyEstimation","QHIL_2",4.13856032443393
40,"EntropyEstimation","QHIL_3",3.52409253601695
40,"extremefit","QHIL",NA
40,"hilldiv","QHIL_0",12
40,"hilldiv","QHIL_1",5.72994507185974
40,"hilldiv","QHIL_2",4.05744855967078
40,"hilldiv","QHIL_3",3.45823057193977
40,"hillR","QHIL_0",12
40,"hillR","QHIL_1",5.7299153971678
40,"hillR","QHIL_2",4.05744855967078
40,"hillR","QHIL_3",3.45823057193977
40,"sprex","QHIL_0",12
40,"sprex","QHIL_1",5.7299153971678
40,"sprex","QHIL_2",4.05744855967078
40,"sprex","QHIL_3",3.45823057193977
40,"vegan","QHIL_0",12
40,"vegan","QHIL_1",5.7299153971678
40,"vegan","QHIL_2",4.05744855967078
40,"vegan","QHIL_3",3.45823057193977
40,"adiv","QREN_0",2.484906649788
40,"adiv","QREN_1",1.74570076572547
40,"adiv","QREN_2",1.40055434248787
40,"adiv","QREN_3",1.24075706286928
40,"BiodiversityR","QREN_0",2.484906649788
40,"BiodiversityR","QREN_1",1.74570076572547
40,"BiodiversityR","QREN_2",1.40055434248787
40,"BiodiversityR","QREN_3",1.24075706286928
40,"diverse","QREN_0",2.83321334405622
40,"diverse","QREN_1",1.91191781438445
40,"diverse","QREN_2",1.46997557674032
40,"diverse","QREN_3",1.31584479284619
40,"EntropyEstimation","QREN_1",1.78302005362082
40,"EntropyEstimation","QREN_2",1.42034797963769
40,"EntropyEstimation","QREN_3",1.25962296653081
40,"seewave","QREN_2",0.393928905852471
40,"seewave","QREN_3",0.348983295976941
40,"sprex","QREN_0",2.484906649788
40,"sprex","QREN_1",1.74570076572547
40,"sprex","QREN_2",1.40055434248787
40,"sprex","QREN_3",1.24075706286928
40,"statcomp","QREN_1",0.491006994402161
40,"statcomp","QREN_2",0.393928897611545
40,"statcomp","QREN_3",0.348983289796246
40,"vegan","QREN_0",2.484906649788
40,"vegan","QREN_1",1.74570076572547
40,"vegan","QREN_2",1.40055434248787
40,"vegan","QREN_3",1.24075706286928
40,"adiv","QTSA_0",11
40,"adiv","QTSA_1",1.74570076572547
40,"adiv","QTSA_2",0.753539697350805
40,"adiv","QTSA_3",0.458191738117824
40,"divent","QTSA_0",11
40,"divent","QTSA_1",1.74570076572547
40,"divent","QTSA_2",0.753539697350805
40,"divent","QTSA_3",0.458191738117824
40,"entropart","QTSA_0",14
40,"entropart","QTSA_1",1.81085272899081
40,"entropart","QTSA_2",0.758312239649331
40,"entropart","QTSA_3",0.459076866925673
40,"EntropyEstimation","QTSA_1",1.78302005362082
40,"EntropyEstimation","QTSA_2",0.758370080026131
40,"EntropyEstimation","QTSA_3",0.459739849220022
40,"vegan","QTSA_0",11
40,"vegan","QTSA_1",1.74570076572547
40,"vegan","QTSA_2",0.753539697350805
40,"vegan","QTSA_3",0.458191738117824
40,"BAT","RACE",14.3938993566176
40,"ecodive","RACE",14.3938993566176
40,"fossil","RACE",12.84375
40,"pctax","RACE",14.3939
40,"sprex","RACE",157.339798904711
40,"tabula","RACE",14.3938993566176
40,"vegan","RACE",14.3938993566176
40,"wiqid","RACE",14.3938993566176
40,"BiodiversityR","RBOO",12
40,"wiqid","RBOO",35
40,"BAT","RC1",13.5
40,"BiodiversityR","RC1",12
40,"biosampleR","RC1",22
40,"iNEXT","RC1",16.471
40,"microbiome","RC1",13.5
40,"pctax","RC1",13.5
40,"rareNMtests","RC1",12
40,"SpadeR","RC1",12
40,"SSP","RC1",11
40,"vegan","RC1",13.5
40,"wiqid","RC1",16.5
40,"BAT","RC1M",14.34375
40,"divent","RC1M",16.4713375796178
40,"ecodive","RC1M",16.5
40,"entropart","RC1M",16.4713375796178
40,"fossil","RC1M",16.5
40,"mobr","RC1M",16.4713375796178
40,"OTUtable","RC1M",16.5
40,"tabula","RC1M",16.4713375796178
40,"wiqid","RC1M",16.5
40,"BAT","RCA2",35.01
40,"divDyn","RCA2",13.375
40,"fossil","RCA2",16.5
40,"tabula","RCA2",12
40,"wiqid","RCA2",12
40,"benthos","RHUR_2",1.75837008002611
40,"benthos","RHUR_3",2.35563054163838
40,"divent","RHUR_2",4.13855722739973
40,"divent","RHUR_3",4.29432943891777
40,"entropart","RHUR_2",1.75837008002611
40,"entropart","RHUR_3",2.35563054163838
40,"mobsim","RHUR_2",1.75837008002611
40,"mobsim","RHUR_3",2.35563054163838
40,"tabula","RHUR_2",1.75837008002718
40,"tabula","RHUR_3",2.35563054163827
40,"vegan","RHUR_2",1.75837008002611
40,"vegan","RHUR_3",2.35563054163838
40,"BAT","RICE",34.994726409536
40,"fossil","RICE",12.84375
40,"tabula","RICE",12
40,"wiqid","RICE",12
40,"BAT","RJA1",15
40,"BiodiversityR","RJA1",12
40,"divent","RJA1",15
40,"entropart","RJA1",15
40,"fossil","RJA1",14.9808917197452
40,"SSP","RJA1",11
40,"tabula","RJA1",1.55424265730628
40,"wiqid","RJA1",15
40,"BAT","RJA2",17
40,"BiodiversityR","RJA2",12
40,"fossil","RJA2",16.9044177690675
40,"SSP","RJA2",11
40,"wiqid","RJA2",17
40,"wiqid","RMM",0
40,"divDyn","RSQ",14.2213870718726
40,"ecodive","RSQ",14.2213870718726
40,"tabula","RSQ",14.2213870718726
41,"abdiv","D1SP",0.658131382411218
41,"ade4","D1SP",0.658131382411218
41,"adiv","D1SP",0.658131382411218
41,"agricolae","D1SP",1
41,"asbio","D1SP",0.658131382411218
41,"BiodiversityR","D1SP",0.65813138
41,"biosampleR","D1SP",0.84643278799123
41,"breakaway","D1SP",0.658131382411218
41,"catsim","D1SP",0.502857142857143
41,"concstats","D1SP",0.980643194634964
41,"CUB","D1SP",0.677488187776254
41,"DescTools","D1SP",0.658131382411218
41,"divent","D1SP",0.658131382411218
41,"diverse","D1SP",0.84643278799123
41,"ecodive","D1SP",0.658131382411218
41,"entropart","D1SP",0.658131382411218
41,"lawstat","D1SP",0.923021060275962
41,"MCPAN","D1SP",-2242
41,"microbiome","D1SP",0.658131382411218
41,"PCRA","D1SP",0.658131382411218
41,"RoughSets","D1SP",0.658131382411218
41,"simboot","D1SP",-2242
41,"sprex","D1SP",0.658131382411218
41,"untb","D1SP",0.666358024691358
41,"vegan","D1SP",0.658131382411218
41,"abdiv","DBRI",1.3446906143322
41,"ecodive","DBRI",1.3446906143322
41,"tabula","DBRI",1.3446906143322
41,"wiqid","DBRI",3.83699924436964
41,"BiodiversityR","DFIS",3.43555833
41,"ecodive","DFIS",3.436
41,"microbiome","DFIS",3.43555833487082
41,"preseqR","DFIS",4.73458072927416
41,"sads","DFIS",3.43555748596237
41,"vegan","DFIS",3.43555833487082
41,"abdiv","DINVSP",2.92510031208203
41,"adiv","DINVSP",2.92510031208203
41,"asbio","DINVSP",2.92510031208203
41,"BiodiversityR","DINVSP",2.92510031
41,"breakaway","DINVSP",2.92510031208203
41,"chemodiv","DINVSP",2.92510031208203
41,"codyn","DINVSP",2.92510031208203
41,"divseg","DINVSP",1.34186861758878
41,"ecodive","DINVSP",2.92510031208203
41,"microbiome","DINVSP",2.92510031208203
41,"sprex","DINVSP",2.92510031208203
41,"vegan","DINVSP",2.92510031208203
41,"asbio","DLMD",15.3789974393068
41,"Compositional","DLMD",0.999958992306093
41,"sads","DLMD",1.05885966873438
41,"vegan","DLMD",NA
41,"abdiv","DMC",0.467217764654743
41,"adiv","DMC",0.467217764654743
41,"agricolae","DMC",0.467217764654743
41,"ecodive","DMC",0.467217764654743
41,"forestHES","DMC",0.467217764654743
41,"tabula","DMC",0.467217764654743
41,"abdiv","DMG",2.27559806656709
41,"adiv","DMG",2.27559806656709
41,"agricolae","DMG",7.73703342632812
41,"ecodive","DMG",2.27559806656709
41,"tabula","DMG",2.27559806656709
41,"abdiv","DMN",1.22222222222222
41,"adiv","DMN",1.22222222222222
41,"ecodive","DMN",1.22222222222222
41,"tabula","DMN",1.22222222222222
41,"abdiv","DQ",0
41,"ade4","DRAO",0.658131382411218
41,"BAT","DRAO",0.658131382411218
41,"chemodiv","DRAO",409.571032803223
41,"diverse","DRAO",190.331418081557
41,"SYNCSA","DRAO",0.658131382411218
41,"abdiv","DSHA",1.50933415771251
41,"adiv","DSHA",1.50933415771251
41,"aqp","DSHA",-337.149628979186
41,"asbio","DSHA",1.50933415771251
41,"benthos","DSHA",0
41,"BiodiversityR","DSHA",1.50933416
41,"biosampleR","DSHA",2.18316504826242
41,"chemodiv","DSHA",1.50933415771251
41,"codyn","DSHA",1.50933415771251
41,"DescTools","DSHA",2.17750890437616
41,"divDyn","DSHA",1.50933415771251
41,"divent","DSHA",1.50933415771251
41,"diverse","DSHA",2.18316504826242
41,"ecodive","DSHA",1.50933415771251
41,"EconGeo","DSHA",2.178
41,"entropart","DSHA",1.6397731109647
41,"forestmangr","DSHA",3.56
41,"HardyWeinberg","DSHA",1.50933415771251
41,"iNEXT","DSHA",1.509
41,"MCPAN","DSHA",1.50933415771251
41,"microbiome","DSHA",1.50933415771251
41,"OTUtable","DSHA",1.50933415771251
41,"pgirmess","DSHA",2.17750890437616
41,"SpiecEasi","DSHA",1.50933415771251
41,"sprex","DSHA",1.50933415771251
41,"tabula","DSHA",1.50933415771251
41,"triversity","DSHA",11
41,"vegan","DSHA",1.50933415771251
41,"wavethresh","DSHA",-16071.414414463
41,"wiqid","DSHA",2.99722479185939
41,"abdiv","DSP",0.341868617588782
41,"agricolae","DSP",0.341868617588782
41,"antitrust","DSP",3418.68617588782
41,"benthos","DSP",0.333641975308642
41,"breakaway","DSP",0.341868617588782
41,"concstats","DSP",0.341868617588782
41,"DescTools","DSP",0.341868617588782
41,"diverse","DSP",0.148034971564383
41,"divseg","DSP",1.34186861758878
41,"EconGeo","DSP",0.341868617588782
41,"hhi","DSP",0.341868617588782
41,"ineq","DSP",0.341868617588782
41,"microbiome","DSP",0.341868617588782
41,"PDtoolkit","DSP",0.341868617588782
41,"politics","DSP",0.341868617588782
41,"REAT","DSP",0.341868617588782
41,"sprex","DSP",0.341868617588782
41,"tabula","DSP",0.341868617588782
41,"triversity","DSP",0.341868617588782
41,"wiqid","DSP",2.99722479185939
41,"abdiv","EBP",0.54320987654321
41,"agricolae","EBP",0.54320987654321
41,"BiodiversityR","EBP",0.54320988
41,"diverse","EBP",0.272727272727273
41,"dyvDyn","EBP",0.54320987654321
41,"ecodive","EBP",0.54320987654321
41,"microbiome","EBP",0.54320987654321
41,"tabula","EBP",0.54320987654321
41,"triversity","EBP",0.54320987654321
41,"wiqid","EBP",1
41,"tabula","EBRI",0.618958134301102
41,"BAT","EBU",0.390123456790123
41,"microbiome","EBU",0.390123456790123
41,"BAT","ECAM",0.865768799102132
41,"microbiome","ECAM",0.869809203142537
41,"codyn","EEQ",0.159040642232062
41,"adiv","EEVAR",0.358577636455534
41,"codyn","EEVAR",0.339796163794338
41,"microbiome","EEVAR",0.358577636455534
41,"acid","EGIN",0.896649029982363
41,"DescTools","EGIN",0.896649029982363
41,"dplR","EGIN",0.896649029982363
41,"EconGeo","EGIN",0.897
41,"giniVarCI","EGIN",0.896649029982363
41,"ineq","EGIN",0.896649029982364
41,"microbiome","EGIN",0.896649029982364
41,"REAT","EGIN",0.896649029982363
41,"shipunov","EGIN",0.896649029982364
41,"wINEQ","EGIN",0.896649029982363
41,"adiv","EGSP",0.72394452065234
41,"abdiv","EHEI",0.352371770875853
41,"adiv","EHEI",0.352371770875853
41,"benthos","EHURE",0.666358024691358
41,"BiodiversityR","EHURE",0.66635802
41,"mobr","EHURE",0.666358024691358
41,"vegan","EHURE",0.66635802469135
41,"abdiv","EMC",0.666386135129515
41,"tabula","EMC",0.594576127284492
41,"microbiome","EMN",0.703703703703704
41,"abdiv","EPIE",0.629441233249149
41,"adiv","EPIE",0.629441233249149
41,"BiodiversityR","EPIE",0.62944123
41,"breakaway","EPIE",0.629441233249149
41,"chemodiv","EPIE",0.629441233249149
41,"diverse","EPIE",0.787410347142578
41,"forestmangr","EPIE",1
41,"microbiome","EPIE",0.629441233249149
41,"OTUtable","EPIE",0.629441233249149
41,"pctax","EPIE",0.6294
41,"sprex","EPIE",0.629441233249149
41,"tabula","EPIE",0.629441233249149
41,"adiv","ESP",0.265918210189276
41,"codyn","ESP",0.265918210189276
41,"sprex","ESP",0.137212196155683
41,"tabula","ESP",0.265918210189276
41,"abdiv","EST",0.554433221099888
41,"adiv","QHIL_0",11
41,"adiv","QHIL_1",4.52371770875853
41,"adiv","QHIL_2",2.92510031208203
41,"adiv","QHIL_3",2.45013297208001
41,"BAT","QHIL_0",11
41,"BAT","QHIL_1",4.52371770875853
41,"BAT","QHIL_2",2.92510031208203
41,"BAT","QHIL_3",2.45013297208001
41,"benthos","QHIL_0",35
41,"benthos","QHIL_1",4.52371770875853
41,"benthos","QHIL_2",2.92510031208203
41,"benthos","QHIL_3",2.45013297208001
41,"breakaway","QHIL_0",11
41,"breakaway","QHIL_1",4.52371770875853
41,"breakaway","QHIL_2",2.92510031208203
41,"breakaway","QHIL_3",2.45013297208001
41,"chemodiv","QHIL_0",11
41,"chemodiv","QHIL_1",4.52371770875853
41,"chemodiv","QHIL_2",2.92510031208203
41,"chemodiv","QHIL_3",2.45013297208001
41,"divDyn","QHIL_2",2.92510031208203
41,"divent","QHIL_0",11
41,"divent","QHIL_1",4.52371770875853
41,"divent","QHIL_2",2.92510031208203
41,"divent","QHIL_3",2.45013297208001
41,"entropart","QHIL_0",11
41,"entropart","QHIL_1",4.52371770875853
41,"entropart","QHIL_2",2.92510031208203
41,"entropart","QHIL_3",2.45013297208001
41,"EntropyEstimation","QHIL_1",4.84153601069647
41,"EntropyEstimation","QHIL_2",2.99722479185939
41,"EntropyEstimation","QHIL_3",2.49919459940214
41,"extremefit","QHIL",NA
41,"hilldiv","QHIL_0",11
41,"hilldiv","QHIL_1",4.52374822110222
41,"hilldiv","QHIL_2",2.92510031208203
41,"hilldiv","QHIL_3",2.45013297208001
41,"hillR","QHIL_0",11
41,"hillR","QHIL_1",4.52371770875853
41,"hillR","QHIL_2",2.92510031208203
41,"hillR","QHIL_3",2.45013297208001
41,"sprex","QHIL_0",11
41,"sprex","QHIL_1",4.52371770875853
41,"sprex","QHIL_2",2.92510031208203
41,"sprex","QHIL_3",2.45013297208001
41,"vegan","QHIL_0",11
41,"vegan","QHIL_1",4.52371770875853
41,"vegan","QHIL_2",2.92510031208203
41,"vegan","QHIL_3",2.45013297208001
41,"adiv","QREN_0",2.39789527279837
41,"adiv","QREN_1",1.50933415771251
41,"adiv","QREN_2",1.07332877482467
41,"adiv","QREN_3",0.89614229740221
41,"BiodiversityR","QREN_0",2.39789527279837
41,"BiodiversityR","QREN_1",1.50933415771251
41,"BiodiversityR","QREN_2",1.07332877482467
41,"BiodiversityR","QREN_3",0.89614229740221
41,"diverse","QREN_0",2.77258872223978
41,"diverse","QREN_1",2.18316504826242
41,"diverse","QREN_2",1.87361694453971
41,"diverse","QREN_3",1.72617196426646
41,"EntropyEstimation","QREN_1",1.57723202796319
41,"EntropyEstimation","QREN_2",1.09768679114717
41,"EntropyEstimation","QREN_3",0.915968519730254
41,"seewave","QREN_2",0.301891352272915
41,"seewave","QREN_3",0.252054742980984
41,"sprex","QREN_0",2.39789527279837
41,"sprex","QREN_1",1.50933415771251
41,"sprex","QREN_2",1.07332877482467
41,"sprex","QREN_3",0.89614229740221
41,"statcomp","QREN_1",0.424525006162186
41,"statcomp","QREN_2",0.301891335605276
41,"statcomp","QREN_3",0.252054730480255
41,"vegan","QREN_0",2.39789527279837
41,"vegan","QREN_1",1.50933415771251
41,"vegan","QREN_2",1.07332877482467
41,"vegan","QREN_3",0.89614229740221
41,"adiv","QTSA_0",10
41,"adiv","QTSA_1",1.50933415771251
41,"adiv","QTSA_2",0.658131382411218
41,"adiv","QTSA_3",0.416710415643505
41,"divent","QTSA_0",10
41,"divent","QTSA_1",1.50933415771251
41,"divent","QTSA_2",0.658131382411218
41,"divent","QTSA_3",0.416710415643505
41,"entropart","QTSA_0",15
41,"entropart","QTSA_1",1.6397731109647
41,"entropart","QTSA_2",0.666059461832414
41,"entropart","QTSA_3",0.417750131580978
41,"EntropyEstimation","QTSA_1",1.57723202796319
41,"EntropyEstimation","QTSA_2",0.666358024691358
41,"EntropyEstimation","QTSA_3",0.4199484294421
41,"vegan","QTSA_0",10
41,"vegan","QTSA_1",1.50933415771251
41,"vegan","QTSA_2",0.658131382411218
41,"vegan","QTSA_3",0.416710415643505
41,"BAT","RACE",21.8810068649886
41,"ecodive","RACE",21.8810068649886
41,"fossil","RACE",13.3684210526316
41,"pctax","RACE",21.881
41,"sprex","RACE",81.7994198694706
41,"tabula","RACE",21.8810068649886
41,"vegan","RACE",21.8810068649886
41,"wiqid","RACE",21.8810068649886
41,"BiodiversityR","RBOO",11
41,"wiqid","RBOO",35
41,"BAT","RC1",14.3333333333333
41,"BiodiversityR","RC1",11
41,"biosampleR","RC1",16.25
41,"iNEXT","RC1",17.173
41,"microbiome","RC1",14.3333333333333
41,"pctax","RC1",14.3333
41,"rareNMtests","RC1",11
41,"SpadeR","RC1",11
41,"SSP","RC1",10
41,"vegan","RC1",14.3333333333333
41,"wiqid","RC1",17.25
41,"BAT","RC1M",17.2947658402204
41,"divent","RC1M",17.1728395061728
41,"ecodive","RC1M",17.25
41,"entropart","RC1M",17.1728395061728
41,"fossil","RC1M",17.25
41,"mobr","RC1M",17.1728395061728
41,"OTUtable","RC1M",17.25
41,"tabula","RC1M",17.1728395061728
41,"wiqid","RC1M",17.25
41,"BAT","RCA2",35
41,"divDyn","RCA2",14.030303030303
41,"fossil","RCA2",17.25
41,"tabula","RCA2",11
41,"wiqid","RCA2",11
41,"benthos","RHUR_2",1.66635802469135
41,"benthos","RHUR_3",2.15917721518989
41,"divent","RHUR_2",2.99722596488211
41,"divent","RHUR_3",3.19577953987793
41,"entropart","RHUR_2",1.66635802469135
41,"entropart","RHUR_3",2.15917721518989
41,"mobsim","RHUR_2",1.66635802469135
41,"mobsim","RHUR_3",2.15917721518989
41,"tabula","RHUR_2",1.66635802469211
41,"tabula","RHUR_3",2.15917721519037
41,"vegan","RHUR_2",1.66635802469135
41,"vegan","RHUR_3",2.15917721518989
41,"BAT","RICE",35.000152065467
41,"fossil","RICE",13.3684210526316
41,"tabula","RICE",11
41,"wiqid","RICE",11
41,"BAT","RJA1",16
41,"BiodiversityR","RJA1",11
41,"divent","RJA1",16
41,"entropart","RJA1",16
41,"fossil","RJA1",15.9382716049383
41,"SSP","RJA1",10
41,"tabula","RJA1",1.27318457125325
41,"wiqid","RJA1",16
41,"BAT","RJA2",19
41,"BiodiversityR","RJA2",11
41,"fossil","RJA2",18.7033950617284
41,"SSP","RJA2",10
41,"wiqid","RJA2",19
41,"wiqid","RMM",0
41,"divDyn","RSQ",19.6189671072856
41,"ecodive","RSQ",19.6189671072856
41,"tabula","RSQ",19.6189671072856
42,"abdiv","D1SP",0.665510204081633
42,"ade4","D1SP",0.665510204081633
42,"adiv","D1SP",0.665510204081633
42,"agricolae","D1SP",1
42,"asbio","D1SP",0.665510204081633
42,"BiodiversityR","D1SP",0.6655102
42,"biosampleR","D1SP",0.823577624479202
42,"breakaway","D1SP",0.665510204081633
42,"catsim","D1SP",0.476734693877551
42,"concstats","D1SP",0.980426170468187
42,"CUB","D1SP",0.685084033613445
42,"DescTools","D1SP",0.665510204081633
42,"divent","D1SP",0.665510204081633
42,"diverse","D1SP",0.823577624479202
42,"ecodive","D1SP",0.665510204081633
42,"entropart","D1SP",0.665510204081633
42,"lawstat","D1SP",0.929831932773109
42,"MCPAN","D1SP",-6555
42,"microbiome","D1SP",0.665510204081633
42,"PCRA","D1SP",0.665510204081633
42,"RoughSets","D1SP",0.665510204081633
42,"simboot","D1SP",-6555
42,"sprex","D1SP",0.665510204081633
42,"untb","D1SP",0.670298047276465
42,"vegan","D1SP",0.665510204081633
42,"abdiv","DBRI",1.37277388078464
42,"ecodive","DBRI",1.37277388078464
42,"tabula","DBRI",1.37277388078464
42,"wiqid","DBRI",3.94628204326406
42,"BiodiversityR","DFIS",2.4649246
42,"ecodive","DFIS",2.465
42,"microbiome","DFIS",2.46492459945475
42,"preseqR","DFIS",10.1619581463951
42,"sads","DFIS",2.46491231719212
42,"vegan","DFIS",2.46492459945475
42,"abdiv","DINVSP",2.98962782184259
42,"adiv","DINVSP",2.98962782184259
42,"asbio","DINVSP",2.98962782184259
42,"BiodiversityR","DINVSP",2.98962782
42,"breakaway","DINVSP",2.98962782184259
42,"chemodiv","DINVSP",2.98962782184259
42,"codyn","DINVSP",2.98962782184259
42,"divseg","DINVSP",1.33448979591837
42,"ecodive","DINVSP",2.98962782184259
42,"microbiome","DINVSP",2.98962782184259
42,"sprex","DINVSP",2.98962782184259
42,"vegan","DINVSP",2.98962782184259
42,"asbio","DLMD",21.1544816400925
42,"Compositional","DLMD",0.999958992306093
42,"sads","DLMD",1.66550731148071
42,"vegan","DLMD",17.2945267876889
42,"abdiv","DMC",0.460574742308318
42,"adiv","DMC",0.460574742308318
42,"agricolae","DMC",0.460574742308318
42,"ecodive","DMC",0.460574742308318
42,"forestHES","DMC",0.460574742308318
42,"tabula","DMC",0.460574742308318
42,"abdiv","DMG",1.8212568272489
42,"adiv","DMG",1.8212568272489
42,"agricolae","DMG",6.88030356960696
42,"ecodive","DMG",1.8212568272489
42,"tabula","DMG",1.8212568272489
42,"abdiv","DMN",0.845154254728517
42,"adiv","DMN",0.845154254728517
42,"ecodive","DMN",0.845154254728517
42,"tabula","DMN",0.845154254728517
42,"abdiv","DQ",0
42,"ade4","DRAO",0.665510204081633
42,"BAT","DRAO",0.665510204081632
42,"chemodiv","DRAO",411.569092981303
42,"diverse","DRAO",99.0507879282748
42,"SYNCSA","DRAO",0.665510204081633
42,"abdiv","DSHA",1.47599258955746
42,"adiv","DSHA",1.47599258955746
42,"aqp","DSHA",-699.982615864219
42,"asbio","DSHA",1.47599258955746
42,"benthos","DSHA",0
42,"BiodiversityR","DSHA",1.47599259
42,"biosampleR","DSHA",1.97644857057545
42,"chemodiv","DSHA",1.47599258955746
42,"codyn","DSHA",1.47599258955746
42,"DescTools","DSHA",2.1294071893434
42,"divDyn","DSHA",1.47599258955746
42,"divent","DSHA",1.47599258955746
42,"diverse","DSHA",1.97644857057545
42,"ecodive","DSHA",1.47599258955746
42,"EconGeo","DSHA",2.129
42,"entropart","DSHA",1.55990464753069
42,"forestmangr","DSHA",3.56
42,"HardyWeinberg","DSHA",1.47599258955746
42,"iNEXT","DSHA",1.476
42,"MCPAN","DSHA",1.47599258955746
42,"microbiome","DSHA",1.47599258955746
42,"OTUtable","DSHA",1.47599258955746
42,"pgirmess","DSHA",2.1294071893434
42,"SpiecEasi","DSHA",1.47599258955746
42,"sprex","DSHA",1.47599258955746
42,"tabula","DSHA",1.47599258955746
42,"triversity","DSHA",10
42,"vegan","DSHA",1.47599258955746
42,"wavethresh","DSHA",-53463.4460391285
42,"wiqid","DSHA",3.03304239401496
42,"abdiv","DSP",0.334489795918367
42,"agricolae","DSP",0.334489795918367
42,"antitrust","DSP",3344.89795918367
42,"benthos","DSP",0.329701952723535
42,"breakaway","DSP",0.334489795918367
42,"concstats","DSP",0.334489795918367
42,"DescTools","DSP",0.334489795918367
42,"diverse","DSP",0.169559228650138
42,"divseg","DSP",1.33448979591837
42,"EconGeo","DSP",0.334489795918367
42,"hhi","DSP",0.334489795918367
42,"ineq","DSP",0.334489795918367
42,"microbiome","DSP",0.334489795918367
42,"PDtoolkit","DSP",0.334489795918367
42,"politics","DSP",0.334489795918367
42,"REAT","DSP",0.334489795918367
42,"sprex","DSP",0.334489795918367
42,"tabula","DSP",0.334489795918367
42,"triversity","DSP",0.334489795918367
42,"wiqid","DSP",3.03304239401496
42,"abdiv","EBP",0.521428571428571
42,"agricolae","EBP",0.521428571428571
42,"BiodiversityR","EBP",0.52142857
42,"diverse","EBP",0.28099173553719
42,"dyvDyn","EBP",0.521428571428571
42,"ecodive","EBP",0.521428571428571
42,"microbiome","EBP",0.521428571428571
42,"tabula","EBP",0.521428571428571
42,"triversity","EBP",0.521428571428571
42,"wiqid","EBP",1
42,"tabula","EBRI",0.633640692460665
42,"BAT","EBU",0.396825396825397
42,"microbiome","EBU",0.396825396825397
42,"BAT","ECAM",0.853015873015873
42,"microbiome","ECAM",0.922857142857143
42,"codyn","EEQ",0.139348189374889
42,"adiv","EEVAR",0.302591921573102
42,"codyn","EEVAR",0.283253461888431
42,"microbiome","EEVAR",0.302591921573102
42,"acid","EGIN",0.903265306122449
42,"DescTools","EGIN",0.903265306122449
42,"dplR","EGIN",0.903265306122449
42,"EconGeo","EGIN",0.903
42,"giniVarCI","EGIN",0.903265306122449
42,"ineq","EGIN",0.903265306122449
42,"microbiome","EGIN",0.903265306122449
42,"REAT","EGIN",0.903265306122449
42,"shipunov","EGIN",0.903265306122449
42,"wINEQ","EGIN",0.903265306122449
42,"adiv","EGSP",0.739455782312925
42,"abdiv","EHEI",0.375041841261383
42,"adiv","EHEI",0.375041841261383
42,"benthos","EHURE",0.670298047276465
42,"BiodiversityR","EHURE",0.67029805
42,"mobr","EHURE",0.670298047276464
42,"vegan","EHURE",0.670298047276461
42,"abdiv","EMC",0.617922949171177
42,"tabula","EMC",0.616651351201933
42,"microbiome","EMN",0.742857142857143
42,"abdiv","EPIE",0.641015436974895
42,"adiv","EPIE",0.641015436974895
42,"BiodiversityR","EPIE",0.64101544
42,"breakaway","EPIE",0.641015436974895
42,"chemodiv","EPIE",0.641015436974895
42,"diverse","EPIE",0.748922180809004
42,"forestmangr","EPIE",1
42,"microbiome","EPIE",0.641015436974895
42,"OTUtable","EPIE",0.641015436974895
42,"pctax","EPIE",0.641
42,"sprex","EPIE",0.641015436974895
42,"tabula","EPIE",0.641015436974895
42,"adiv","ESP",0.298962782184259
42,"codyn","ESP",0.298962782184259
42,"sprex","ESP",0.147599258955746
42,"tabula","ESP",0.298962782184259
42,"abdiv","EST",0.542857142857143
42,"adiv","QHIL_0",10
42,"adiv","QHIL_1",4.37537657135245
42,"adiv","QHIL_2",2.98962782184259
42,"adiv","QHIL_3",2.55224344205977
42,"BAT","QHIL_0",10
42,"BAT","QHIL_1",4.37537657135245
42,"BAT","QHIL_2",2.98962782184259
42,"BAT","QHIL_3",2.55224344205977
42,"benthos","QHIL_0",35
42,"benthos","QHIL_1",4.37537657135245
42,"benthos","QHIL_2",2.98962782184259
42,"benthos","QHIL_3",2.55224344205977
42,"breakaway","QHIL_0",10
42,"breakaway","QHIL_1",4.37537657135245
42,"breakaway","QHIL_2",2.98962782184259
42,"breakaway","QHIL_3",2.55224344205977
42,"chemodiv","QHIL_0",10
42,"chemodiv","QHIL_1",4.37537657135245
42,"chemodiv","QHIL_2",2.98962782184259
42,"chemodiv","QHIL_3",2.55224344205977
42,"divDyn","QHIL_2",2.98962782184259
42,"divent","QHIL_0",10
42,"divent","QHIL_1",4.37537657135245
42,"divent","QHIL_2",2.98962782184259
42,"divent","QHIL_3",2.55224344205977
42,"entropart","QHIL_0",10
42,"entropart","QHIL_1",4.37537657135245
42,"entropart","QHIL_2",2.98962782184259
42,"entropart","QHIL_3",2.55224344205977
42,"EntropyEstimation","QHIL_1",4.52836717798867
42,"EntropyEstimation","QHIL_2",3.03304239401496
42,"EntropyEstimation","QHIL_3",2.5850710883387
42,"extremefit","QHIL",NA
42,"hilldiv","QHIL_0",10
42,"hilldiv","QHIL_1",4.37540224299552
42,"hilldiv","QHIL_2",2.98962782184259
42,"hilldiv","QHIL_3",2.55224344205977
42,"hillR","QHIL_0",10
42,"hillR","QHIL_1",4.37537657135245
42,"hillR","QHIL_2",2.98962782184259
42,"hillR","QHIL_3",2.55224344205977
42,"sprex","QHIL_0",10
42,"sprex","QHIL_1",4.37537657135245
42,"sprex","QHIL_2",2.98962782184259
42,"sprex","QHIL_3",2.55224344205977
42,"vegan","QHIL_0",10
42,"vegan","QHIL_1",4.37537657135245
42,"vegan","QHIL_2",2.98962782184259
42,"vegan","QHIL_3",2.55224344205977
42,"adiv","QREN_0",2.30258509299405
42,"adiv","QREN_1",1.47599258955746
42,"adiv","QREN_2",1.09514890535489
42,"adiv","QREN_3",0.936972753589602
42,"BiodiversityR","QREN_0",2.30258509299405
42,"BiodiversityR","QREN_1",1.47599258955746
42,"BiodiversityR","QREN_2",1.09514890535489
42,"BiodiversityR","QREN_3",0.936972753589602
42,"diverse","QREN_0",2.63905732961526
42,"diverse","QREN_1",1.97644857057545
42,"diverse","QREN_2",1.73487429809764
42,"diverse","QREN_3",1.63125429450018
42,"EntropyEstimation","QREN_1",1.51036142815842
42,"EntropyEstimation","QREN_2",1.10956620619365
42,"EntropyEstimation","QREN_3",0.949753007906714
42,"seewave","QREN_2",0.308028615519121
42,"seewave","QREN_3",0.26353897401055
42,"sprex","QREN_0",2.30258509299405
42,"sprex","QREN_1",1.47599258955746
42,"sprex","QREN_2",1.09514890535489
42,"sprex","QREN_3",0.936972753589602
42,"statcomp","QREN_1",0.415147142847987
42,"statcomp","QREN_2",0.308028605473892
42,"statcomp","QREN_3",0.263538966476628
42,"vegan","QREN_0",2.30258509299405
42,"vegan","QREN_1",1.47599258955746
42,"vegan","QREN_2",1.09514890535489
42,"vegan","QREN_3",0.936972753589602
42,"adiv","QTSA_0",9
42,"adiv","QTSA_1",1.47599258955746
42,"adiv","QTSA_2",0.665510204081633
42,"adiv","QTSA_3",0.423241618075802
42,"divent","QTSA_0",9
42,"divent","QTSA_1",1.47599258955746
42,"divent","QTSA_2",0.665510204081633
42,"divent","QTSA_3",0.423241618075802
42,"entropart","QTSA_0",26
42,"entropart","QTSA_1",1.55990464753069
42,"entropart","QTSA_2",0.670299723506314
42,"entropart","QTSA_3",0.424215322753984
42,"EntropyEstimation","QTSA_1",1.51036142815842
42,"EntropyEstimation","QTSA_2",0.670298047276465
42,"EntropyEstimation","QTSA_3",0.42517873899638
42,"vegan","QTSA_0",9
42,"vegan","QTSA_1",1.47599258955746
42,"vegan","QTSA_2",0.665510204081633
42,"vegan","QTSA_3",0.423241618075802
42,"BAT","RACE",12.4409937888199
42,"ecodive","RACE",12.4409937888199
42,"fossil","RACE",11
42,"pctax","RACE",12.441
42,"sprex","RACE",140
42,"tabula","RACE",12.4409937888199
42,"vegan","RACE",12.4409937888199
42,"wiqid","RACE",12.4409937888199
42,"BiodiversityR","RBOO",10
42,"wiqid","RBOO",35
42,"BAT","RC1",13
42,"BiodiversityR","RC1",10
42,"biosampleR","RC1",19
42,"iNEXT","RC1",12.979
42,"microbiome","RC1",13
42,"pctax","RC1",13
42,"rareNMtests","RC1",10
42,"SpadeR","RC1",10
42,"SSP","RC1",10
42,"vegan","RC1",13
42,"wiqid","RC1",13
42,"BAT","RC1M",14.17
42,"divent","RC1M",12.9785714285714
42,"ecodive","RC1M",Inf
42,"entropart","RC1M",12.9785714285714
42,"fossil","RC1M",13
42,"mobr","RC1M",12.9785714285714
42,"OTUtable","RC1M",Inf
42,"tabula","RC1M",12.9785714285714
42,"wiqid","RC1M",13
42,"BAT","RCA2",35
42,"divDyn","RCA2",12.7
42,"fossil","RCA2",13
42,"tabula","RCA2",10
42,"wiqid","RCA2",10
42,"benthos","RHUR_2",1.67029804727646
42,"benthos","RHUR_3",2.16053666383663
42,"divent","RHUR_2",3.03304388139419
42,"divent","RHUR_3",3.20163695594193
42,"entropart","RHUR_2",1.67029804727646
42,"entropart","RHUR_3",2.16053666383664
42,"mobsim","RHUR_2",1.67029804727646
42,"mobsim","RHUR_3",2.16053666383663
42,"tabula","RHUR_2",1.67029804727774
42,"tabula","RHUR_3",2.16053666383667
42,"vegan","RHUR_2",1.67029804727646
42,"vegan","RHUR_3",2.16053666383663
42,"BAT","RICE",35.0098363546314
42,"fossil","RICE",11
42,"tabula","RICE",10
42,"wiqid","RICE",10
42,"BAT","RJA1",13
42,"BiodiversityR","RJA1",10
42,"divent","RJA1",26
42,"entropart","RJA1",26
42,"fossil","RJA1",12.9785714285714
42,"SSP","RJA1",10
42,"tabula","RJA1",1.2166930814198
42,"wiqid","RJA1",13
42,"BAT","RJA2",16
42,"BiodiversityR","RJA2",10
42,"fossil","RJA2",15.8714285714286
42,"SSP","RJA2",10
42,"wiqid","RJA2",16
42,"wiqid","RMM",0
42,"divDyn","RSQ",13.0150229943792
42,"ecodive","RSQ",13.0150229943792
42,"tabula","RSQ",13.0150229943792
43,"abdiv","D1SP",0.611760409057706
43,"ade4","D1SP",0.611760409057706
43,"adiv","D1SP",0.611760409057706
43,"agricolae","D1SP",1
43,"asbio","D1SP",0.611760409057706
43,"BiodiversityR","D1SP",0.61176041
43,"biosampleR","D1SP",0.700446393609523
43,"breakaway","D1SP",0.611760409057706
43,"catsim","D1SP",0.551836734693878
43,"concstats","D1SP",0.98200704679242
43,"CUB","D1SP",0.629753362265286
43,"DescTools","D1SP",0.611760409057706
43,"divent","D1SP",0.611760409057706
43,"diverse","D1SP",0.700446393609523
43,"ecodive","D1SP",0.611760409057706
43,"entropart","D1SP",0.611760409057706
43,"lawstat","D1SP",0.920111287758346
43,"MCPAN","D1SP",-8503
43,"microbiome","D1SP",0.611760409057706
43,"PCRA","D1SP",0.611760409057706
43,"RoughSets","D1SP",0.611760409057706
43,"simboot","D1SP",-8503
43,"sprex","D1SP",0.611760409057706
43,"untb","D1SP",0.615922044493473
43,"vegan","D1SP",0.611760409057706
43,"abdiv","DBRI",1.36301694381026
43,"ecodive","DBRI",1.36301694381026
43,"tabula","DBRI",1.36301694381026
43,"wiqid","DBRI",3.90796564738394
43,"BiodiversityR","DFIS",3.08343802
43,"ecodive","DFIS",3.083
43,"microbiome","DFIS",3.08343802258101
43,"preseqR","DFIS",5.04988517656713
43,"sads","DFIS",3.08340928646049
43,"vegan","DFIS",3.08343802258101
43,"abdiv","DINVSP",2.57572906867357
43,"adiv","DINVSP",2.57572906867357
43,"asbio","DINVSP",2.57572906867357
43,"BiodiversityR","DINVSP",2.57572907
43,"breakaway","DINVSP",2.57572906867357
43,"chemodiv","DINVSP",2.57572906867357
43,"codyn","DINVSP",2.57572906867357
43,"divseg","DINVSP",1.38823959094229
43,"ecodive","DINVSP",2.57572906867357
43,"microbiome","DINVSP",2.57572906867357
43,"sprex","DINVSP",2.57572906867357
43,"vegan","DINVSP",2.57572906867357
43,"asbio","DLMD",NA
43,"Compositional","DLMD",0.999958992306093
43,"sads","DLMD",1.52026018539301
43,"vegan","DLMD",16.5759046603622
43,"abdiv","DMC",0.410667946835271
43,"adiv","DMC",0.410667946835271
43,"agricolae","DMC",0.410667946835271
43,"ecodive","DMC",0.410667946835271
43,"forestHES","DMC",0.410667946835271
43,"tabula","DMC",0.410667946835271
43,"abdiv","DMG",2.20122728381004
43,"adiv","DMG",2.20122728381004
43,"agricolae","DMG",6.80379342268559
43,"ecodive","DMG",2.20122728381004
43,"tabula","DMG",2.20122728381004
43,"abdiv","DMN",0.986393923832144
43,"adiv","DMN",0.986393923832144
43,"ecodive","DMN",0.986393923832144
43,"tabula","DMN",0.986393923832144
43,"abdiv","DQ",0
43,"ade4","DRAO",0.611760409057706
43,"BAT","DRAO",0.611760409057706
43,"chemodiv","DRAO",392.938783648209
43,"diverse","DRAO",209.189992532939
43,"SYNCSA","DRAO",0.611760409057706
43,"abdiv","DSHA",1.47869931487261
43,"adiv","DSHA",1.47869931487261
43,"aqp","DSHA",-751.268897170256
43,"asbio","DSHA",1.47869931487261
43,"benthos","DSHA",0
43,"BiodiversityR","DSHA",1.47869931
43,"biosampleR","DSHA",1.59473021331706
43,"chemodiv","DSHA",1.47869931487261
43,"codyn","DSHA",1.47869931487261
43,"DescTools","DSHA",2.13331216853262
43,"divDyn","DSHA",1.47869931487261
43,"divent","DSHA",1.47869931487261
43,"diverse","DSHA",1.59473021331706
43,"ecodive","DSHA",1.47869931487261
43,"EconGeo","DSHA",2.133
43,"entropart","DSHA",1.54032963520892
43,"forestmangr","DSHA",3.56
43,"HardyWeinberg","DSHA",1.47869931487261
43,"iNEXT","DSHA",1.479
43,"MCPAN","DSHA",1.47869931487261
43,"microbiome","DSHA",1.47869931487261
43,"OTUtable","DSHA",1.47869931487261
43,"pgirmess","DSHA",2.13331216853262
43,"SpiecEasi","DSHA",1.47869931487261
43,"sprex","DSHA",1.47869931487261
43,"tabula","DSHA",1.47869931487261
43,"triversity","DSHA",12
43,"vegan","DSHA",1.47869931487261
43,"wavethresh","DSHA",-73984.3778723397
43,"wiqid","DSHA",2.60363810435615
43,"abdiv","DSP",0.388239590942294
43,"agricolae","DSP",0.388239590942294
43,"antitrust","DSP",3882.39590942294
43,"benthos","DSP",0.384077955506527
43,"breakaway","DSP",0.388239590942294
43,"concstats","DSP",0.388239590942294
43,"DescTools","DSP",0.388239590942294
43,"diverse","DSP",0.293299620733249
43,"divseg","DSP",1.38823959094229
43,"EconGeo","DSP",0.388239590942294
43,"hhi","DSP",0.388239590942294
43,"ineq","DSP",0.388239590942294
43,"microbiome","DSP",0.388239590942294
43,"PDtoolkit","DSP",0.388239590942294
43,"politics","DSP",0.388239590942294
43,"REAT","DSP",0.388239590942294
43,"sprex","DSP",0.388239590942294
43,"tabula","DSP",0.388239590942294
43,"triversity","DSP",0.388239590942294
43,"wiqid","DSP",2.60363810435615
43,"abdiv","EBP",0.601351351351351
43,"agricolae","EBP",0.601351351351351
43,"BiodiversityR","EBP",0.60135135
43,"diverse","EBP",0.469026548672566
43,"dyvDyn","EBP",0.601351351351351
43,"ecodive","EBP",0.601351351351351
43,"microbiome","EBP",0.601351351351351
43,"tabula","EBP",0.601351351351351
43,"triversity","EBP",0.601351351351351
43,"wiqid","EBP",1
43,"tabula","EBRI",0.584885483203902
43,"BAT","EBU",0.395577395577396
43,"microbiome","EBU",0.395577395577396
43,"BAT","ECAM",0.874488124488125
43,"microbiome","ECAM",0.86768018018018
43,"codyn","EEQ",0.145924141484438
43,"adiv","EEVAR",0.34913903344535
43,"codyn","EEVAR",0.332928023472417
43,"microbiome","EEVAR",0.34913903344535
43,"acid","EGIN",0.893822393822394
43,"DescTools","EGIN",0.893822393822394
43,"dplR","EGIN",0.893822393822394
43,"EconGeo","EGIN",0.894
43,"giniVarCI","EGIN",0.893822393822394
43,"ineq","EGIN",0.893822393822394
43,"microbiome","EGIN",0.893822393822394
43,"REAT","EGIN",0.893822393822394
43,"shipunov","EGIN",0.893822393822394
43,"wINEQ","EGIN",0.893822393822394
43,"adiv","EGSP",0.667374991699316
43,"abdiv","EHEI",0.307930505104397
43,"adiv","EHEI",0.307930505104397
43,"benthos","EHURE",0.615922044493473
43,"BiodiversityR","EHURE",0.61592204
43,"mobr","EHURE",0.615922044493473
43,"vegan","EHURE",0.615922044493445
43,"abdiv","EMC",0.672920612869532
43,"tabula","EMC",0.529872169351664
43,"microbiome","EMN",0.709459459459459
43,"abdiv","EPIE",0.59507238028389
43,"adiv","EPIE",0.59507238028389
43,"BiodiversityR","EPIE",0.59507238
43,"breakaway","EPIE",0.59507238028389
43,"chemodiv","EPIE",0.59507238028389
43,"diverse","EPIE",0.641766648840957
43,"forestmangr","EPIE",1
43,"microbiome","EPIE",0.59507238028389
43,"OTUtable","EPIE",0.59507238028389
43,"pctax","EPIE",0.5951
43,"sprex","EPIE",0.59507238028389
43,"tabula","EPIE",0.59507238028389
43,"adiv","ESP",0.21464408905613
43,"codyn","ESP",0.21464408905613
43,"sprex","ESP",0.123224942906051
43,"tabula","ESP",0.21464408905613
43,"abdiv","EST",0.554054054054054
43,"adiv","QHIL_0",12
43,"adiv","QHIL_1",4.38723555614837
43,"adiv","QHIL_2",2.57572906867357
43,"adiv","QHIL_3",2.13303960715915
43,"BAT","QHIL_0",12
43,"BAT","QHIL_1",4.38723555614837
43,"BAT","QHIL_2",2.57572906867357
43,"BAT","QHIL_3",2.13303960715915
43,"benthos","QHIL_0",35
43,"benthos","QHIL_1",4.38723555614837
43,"benthos","QHIL_2",2.57572906867357
43,"benthos","QHIL_3",2.13303960715915
43,"breakaway","QHIL_0",12
43,"breakaway","QHIL_1",4.38723555614837
43,"breakaway","QHIL_2",2.57572906867357
43,"breakaway","QHIL_3",2.13303960715915
43,"chemodiv","QHIL_0",12
43,"chemodiv","QHIL_1",4.38723555614837
43,"chemodiv","QHIL_2",2.57572906867357
43,"chemodiv","QHIL_3",2.13303960715915
43,"divDyn","QHIL_2",2.57572906867357
43,"divent","QHIL_0",12
43,"divent","QHIL_1",4.38723555614837
43,"divent","QHIL_2",2.57572906867357
43,"divent","QHIL_3",2.13303960715915
43,"entropart","QHIL_0",12
43,"entropart","QHIL_1",4.38723555614837
43,"entropart","QHIL_2",2.57572906867357
43,"entropart","QHIL_3",2.13303960715915
43,"EntropyEstimation","QHIL_1",4.56496094746326
43,"EntropyEstimation","QHIL_2",2.60363810435615
43,"EntropyEstimation","QHIL_3",2.14979264318725
43,"extremefit","QHIL",NA
43,"hilldiv","QHIL_0",12
43,"hilldiv","QHIL_1",4.38727203390694
43,"hilldiv","QHIL_2",2.57572906867357
43,"hilldiv","QHIL_3",2.13303960715915
43,"hillR","QHIL_0",12
43,"hillR","QHIL_1",4.38723555614837
43,"hillR","QHIL_2",2.57572906867357
43,"hillR","QHIL_3",2.13303960715915
43,"sprex","QHIL_0",12
43,"sprex","QHIL_1",4.38723555614837
43,"sprex","QHIL_2",2.57572906867357
43,"sprex","QHIL_3",2.13303960715915
43,"vegan","QHIL_0",12
43,"vegan","QHIL_1",4.38723555614837
43,"vegan","QHIL_2",2.57572906867357
43,"vegan","QHIL_3",2.13303960715915
43,"adiv","QREN_0",2.484906649788
43,"adiv","QREN_1",1.47869931487261
43,"adiv","QREN_2",0.946132627506446
43,"adiv","QREN_3",0.757548008074037
43,"BiodiversityR","QREN_0",2.484906649788
43,"BiodiversityR","QREN_1",1.47869931487261
43,"BiodiversityR","QREN_2",0.946132627506446
43,"BiodiversityR","QREN_3",0.757548008074037
43,"diverse","QREN_0",2.484906649788
43,"diverse","QREN_1",1.59473021331706
43,"diverse","QREN_2",1.20546189116404
43,"diverse","QREN_3",1.05594094863755
43,"EntropyEstimation","QREN_1",1.51840995923778
43,"EntropyEstimation","QREN_2",0.956909737866395
43,"EntropyEstimation","QREN_3",0.765371392459265
43,"seewave","QREN_2",0.266115340108549
43,"seewave","QREN_3",0.213072818267895
43,"sprex","QREN_0",2.484906649788
43,"sprex","QREN_1",1.47869931487261
43,"sprex","QREN_2",0.946132627506446
43,"sprex","QREN_3",0.757548008074037
43,"statcomp","QREN_1",0.415908453771233
43,"statcomp","QREN_2",0.266115331366485
43,"statcomp","QREN_3",0.213072811711347
43,"vegan","QREN_0",2.484906649788
43,"vegan","QREN_1",1.47869931487261
43,"vegan","QREN_2",0.946132627506446
43,"vegan","QREN_3",0.757548008074037
43,"adiv","QTSA_0",11
43,"adiv","QTSA_1",1.47869931487261
43,"adiv","QTSA_2",0.611760409057706
43,"adiv","QTSA_3",0.390106459637139
43,"divent","QTSA_0",11
43,"divent","QTSA_1",1.47869931487261
43,"divent","QTSA_2",0.611760409057706
43,"divent","QTSA_3",0.390106459637139
43,"entropart","QTSA_0",14
43,"entropart","QTSA_1",1.54032963520892
43,"entropart","QTSA_2",0.615856556109494
43,"entropart","QTSA_3",0.391180587857023
43,"EntropyEstimation","QTSA_1",1.51840995923778
43,"EntropyEstimation","QTSA_2",0.615922044493473
43,"EntropyEstimation","QTSA_3",0.391812556196118
43,"vegan","QTSA_0",11
43,"vegan","QTSA_1",1.47869931487261
43,"vegan","QTSA_2",0.611760409057706
43,"vegan","QTSA_3",0.390106459637139
43,"BAT","RACE",13.9117709213863
43,"ecodive","RACE",13.9117709213863
43,"fossil","RACE",13.0384615384615
43,"pctax","RACE",13.9118
43,"sprex","RACE",149.457622900823
43,"tabula","RACE",13.9117709213863
43,"vegan","RACE",13.9117709213863
43,"wiqid","RACE",13.9117709213863
43,"BiodiversityR","RBOO",12
43,"wiqid","RBOO",35
43,"BAT","RC1",13.5
43,"BiodiversityR","RC1",12
43,"biosampleR","RC1",22
43,"iNEXT","RC1",16.47
43,"microbiome","RC1",13.5
43,"pctax","RC1",13.5
43,"rareNMtests","RC1",12
43,"SpadeR","RC1",12
43,"SSP","RC1",11
43,"vegan","RC1",13.5
43,"wiqid","RC1",16.5
43,"BAT","RC1M",14.34375
43,"divent","RC1M",16.4695945945946
43,"ecodive","RC1M",16.5
43,"entropart","RC1M",16.4695945945946
43,"fossil","RC1M",16.5
43,"mobr","RC1M",16.4695945945946
43,"OTUtable","RC1M",16.5
43,"tabula","RC1M",16.4695945945946
43,"wiqid","RC1M",16.5
43,"BAT","RCA2",35
43,"divDyn","RCA2",13.375
43,"fossil","RCA2",16.5
43,"tabula","RCA2",12
43,"wiqid","RCA2",12
43,"benthos","RHUR_2",1.61592204449344
43,"benthos","RHUR_3",2.06414102108819
43,"divent","RHUR_2",2.60363314505004
43,"divent","RHUR_3",2.8277089424504
43,"entropart","RHUR_2",1.61592204449344
43,"entropart","RHUR_3",2.06414102108819
43,"mobsim","RHUR_2",1.61592204449344
43,"mobsim","RHUR_3",2.06414102108819
43,"tabula","RHUR_2",1.61592204449388
43,"tabula","RHUR_3",2.06414102108814
43,"vegan","RHUR_2",1.61592204449344
43,"vegan","RHUR_3",2.06414102108819
43,"BAT","RICE",35.0074290947316
43,"fossil","RICE",13.0384615384615
43,"tabula","RICE",12
43,"wiqid","RICE",12
43,"BAT","RJA1",15
43,"BiodiversityR","RJA1",12
43,"divent","RJA1",15
43,"entropart","RJA1",15
43,"fossil","RJA1",14.9797297297297
43,"SSP","RJA1",11
43,"tabula","RJA1",1.27387390470678
43,"wiqid","RJA1",15
43,"BAT","RJA2",17
43,"BiodiversityR","RJA2",12
43,"fossil","RJA2",16.898602684317
43,"SSP","RJA2",11
43,"wiqid","RJA2",17
43,"wiqid","RMM",0
43,"divDyn","RSQ",15.4999085421621
43,"ecodive","RSQ",15.4999085421621
43,"tabula","RSQ",15.4999085421621
44,"abdiv","D1SP",0.613888888888889
44,"ade4","D1SP",0.613888888888889
44,"adiv","D1SP",0.613888888888889
44,"agricolae","D1SP",1
44,"asbio","D1SP",NA
44,"BiodiversityR","D1SP",0.61388889
44,"biosampleR","D1SP",0.874486854747139
44,"breakaway","D1SP",0.613888888888889
44,"catsim","D1SP",0.261224489795918
44,"concstats","D1SP",0.981944444444444
44,"CUB","D1SP",0.631944444444444
44,"DescTools","D1SP",0.613888888888889
44,"divent","D1SP",0.613888888888889
44,"diverse","D1SP",0.874486854747139
44,"ecodive","D1SP",0.613888888888889
44,"entropart","D1SP",0.613888888888889
44,"lawstat","D1SP",0.956862745098039
44,"MCPAN","D1SP",-1389
44,"microbiome","D1SP",0.613888888888889
44,"PCRA","D1SP",0.613888888888889
44,"RoughSets","D1SP",0.613888888888889
44,"simboot","D1SP",-1389
44,"sprex","D1SP",0.613888888888889
44,"untb","D1SP",0.624293785310734
44,"vegan","D1SP",0.613888888888889
44,"abdiv","DBRI",1.00788436608393
44,"ecodive","DBRI",1.00788436608393
44,"tabula","DBRI",1.00788436608393
44,"wiqid","DBRI",2.73979846858587
44,"BiodiversityR","DFIS",1.29671741
44,"ecodive","DFIS",1.297
44,"microbiome","DFIS",1.29671741258658
44,"preseqR","DFIS",9.72456796324456
44,"sads","DFIS",1.29671745865104
44,"vegan","DFIS",1.29671741258658
44,"abdiv","DINVSP",2.58992805755396
44,"adiv","DINVSP",2.58992805755396
44,"asbio","DINVSP",2.58992805755396
44,"BiodiversityR","DINVSP",2.58992806
44,"breakaway","DINVSP",2.58992805755396
44,"chemodiv","DINVSP",2.58992805755396
44,"codyn","DINVSP",2.58992805755396
44,"divseg","DINVSP",1.38611111111111
44,"ecodive","DINVSP",2.58992805755396
44,"microbiome","DINVSP",2.58992805755396
44,"sprex","DINVSP",2.58992805755396
44,"vegan","DINVSP",2.58992805755396
44,"asbio","DLMD",NA
44,"Compositional","DLMD",0.999958992306093
44,"sads","DLMD",1.76256868670344
44,"vegan","DLMD",NA
44,"abdiv","DMC",0.434747229972923
44,"adiv","DMC",0.434747229972923
44,"agricolae","DMC",0.434747229972923
44,"ecodive","DMC",0.434747229972923
44,"forestHES","DMC",0.434747229972923
44,"tabula","DMC",0.434747229972923
44,"abdiv","DMG",0.976957346703889
44,"adiv","DMG",0.976957346703889
44,"agricolae","DMG",8.30413744698306
44,"ecodive","DMG",0.976957346703889
44,"tabula","DMG",0.976957346703889
44,"abdiv","DMN",0.645497224367903
44,"adiv","DMN",0.645497224367903
44,"ecodive","DMN",0.645497224367903
44,"tabula","DMN",0.645497224367903
44,"abdiv","DQ",0
44,"ade4","DRAO",0.613888888888889
44,"BAT","DRAO",0.613888888888889
44,"chemodiv","DRAO",386.298814369838
44,"diverse","DRAO",88.182764447856
44,"SYNCSA","DRAO",0.613888888888889
44,"abdiv","DSHA",1.11086952661299
44,"adiv","DSHA",1.11086952661299
44,"aqp","DSHA",-258.254678309357
44,"asbio","DSHA",1.11086952661299
44,"benthos","DSHA",0
44,"BiodiversityR","DSHA",1.11086953
44,"biosampleR","DSHA",2.28222157332806
44,"chemodiv","DSHA",1.11086952661299
44,"codyn","DSHA",1.11086952661299
44,"DescTools","DSHA",1.60264595711923
44,"divDyn","DSHA",1.11086952661299
44,"divent","DSHA",1.11086952661299
44,"diverse","DSHA",2.28222157332806
44,"ecodive","DSHA",1.11086952661299
44,"EconGeo","DSHA",1.603
44,"entropart","DSHA",1.17140299340455
44,"forestmangr","DSHA",3.56
44,"HardyWeinberg","DSHA",1.11086952661299
44,"iNEXT","DSHA",1.111
44,"MCPAN","DSHA",1.11086952661299
44,"microbiome","DSHA",1.11086952661299
44,"OTUtable","DSHA",1.11086952661299
44,"pgirmess","DSHA",1.60264595711923
44,"SpiecEasi","DSHA",1.11086952661299
44,"sprex","DSHA",1.11086952661299
44,"tabula","DSHA",1.11086952661299
44,"triversity","DSHA",5
44,"vegan","DSHA",1.11086952661299
44,"wavethresh","DSHA",-8972.03175758174
44,"wiqid","DSHA",2.66165413533835
44,"abdiv","DSP",0.386111111111111
44,"agricolae","DSP",NA
44,"antitrust","DSP",3861.11111111111
44,"benthos","DSP",0.375706214689266
44,"breakaway","DSP",0.386111111111111
44,"concstats","DSP",0.386111111111111
44,"DescTools","DSP",0.386111111111111
44,"diverse","DSP",0.11726326926468
44,"divseg","DSP",1.38611111111111
44,"EconGeo","DSP",0.386111111111111
44,"hhi","DSP",0.386111111111111
44,"ineq","DSP",0.386111111111111
44,"microbiome","DSP",0.386111111111111
44,"PDtoolkit","DSP",0.386111111111111
44,"politics","DSP",0.386111111111111
44,"REAT","DSP",0.386111111111111
44,"sprex","DSP",0.386111111111111
44,"tabula","DSP",0.386111111111111
44,"triversity","DSP",0.386111111111111
44,"wiqid","DSP",2.66165413533835
44,"abdiv","EBP",0.466666666666667
44,"agricolae","EBP",0.466666666666667
44,"BiodiversityR","EBP",0.46666667
44,"diverse","EBP",0.233644859813084
44,"dyvDyn","EBP",0.466666666666667
44,"ecodive","EBP",0.466666666666667
44,"microbiome","EBP",0.466666666666667
44,"tabula","EBP",0.466666666666667
44,"triversity","EBP",0.466666666666667
44,"wiqid","EBP",1
44,"tabula","EBRI",0.681831429410941
44,"BAT","EBU",0.416666666666667
44,"microbiome","EBU",0.416666666666667
44,"BAT","ECAM",0.746666666666667
44,"microbiome","ECAM",0.973333333333333
44,"codyn","EEQ",0.131372722958154
44,"adiv","EEVAR",0.330777374931174
44,"codyn","EEVAR",0.280261758126437
44,"microbiome","EEVAR",0.330777374931174
44,"acid","EGIN",0.929523809523809
44,"DescTools","EGIN",0.929523809523809
44,"dplR","EGIN",0.92952380952381
44,"EconGeo","EGIN",0.93
44,"giniVarCI","EGIN",0.929523809523809
44,"ineq","EGIN",0.929523809523809
44,"microbiome","EGIN",0.92952380952381
44,"REAT","EGIN",0.92952380952381
44,"shipunov","EGIN",0.92952380952381
44,"wINEQ","EGIN",0.92952380952381
44,"adiv","EGSP",0.767361111111111
44,"abdiv","EHEI",0.509249499312278
44,"adiv","EHEI",0.509249499312278
44,"benthos","EHURE",0.624293785310734
44,"BiodiversityR","EHURE",0.62429379
44,"mobr","EHURE",0.624293785310734
44,"vegan","EHURE",0.624293785310729
44,"abdiv","EMC",0.665338379499987
44,"tabula","EMC",0.684932915934373
44,"microbiome","EMN",0.866666666666667
44,"abdiv","EPIE",0.690222044622347
44,"adiv","EPIE",0.690222044622347
44,"BiodiversityR","EPIE",0.69022204
44,"breakaway","EPIE",0.690222044622347
44,"chemodiv","EPIE",0.690222044622347
44,"diverse","EPIE",0.889772566732748
44,"forestmangr","EPIE",1
44,"microbiome","EPIE",0.690222044622347
44,"OTUtable","EPIE",0.690222044622347
44,"pctax","EPIE",0.6902
44,"sprex","EPIE",0.690222044622347
44,"tabula","EPIE",0.690222044622347
44,"adiv","ESP",0.517985611510791
44,"codyn","ESP",0.517985611510791
44,"sprex","ESP",0.222173905322597
44,"tabula","ESP",0.517985611510791
44,"abdiv","EST",0.466666666666667
44,"adiv","QHIL_0",5
44,"adiv","QHIL_1",3.03699799724911
44,"adiv","QHIL_2",2.58992805755396
44,"adiv","QHIL_3",2.45255735793986
44,"BAT","QHIL_0",5
44,"BAT","QHIL_1",3.03699799724911
44,"BAT","QHIL_2",2.58992805755396
44,"BAT","QHIL_3",2.45255735793986
44,"benthos","QHIL_0",35
44,"benthos","QHIL_1",3.03699799724911
44,"benthos","QHIL_2",2.58992805755396
44,"benthos","QHIL_3",2.45255735793986
44,"breakaway","QHIL_0",5
44,"breakaway","QHIL_1",3.03699799724911
44,"breakaway","QHIL_2",2.58992805755396
44,"breakaway","QHIL_3",2.45255735793986
44,"chemodiv","QHIL_0",5
44,"chemodiv","QHIL_1",3.03699799724911
44,"chemodiv","QHIL_2",2.58992805755396
44,"chemodiv","QHIL_3",2.45255735793986
44,"divDyn","QHIL_2",2.58992805755396
44,"divent","QHIL_0",5
44,"divent","QHIL_1",3.03699799724911
44,"divent","QHIL_2",2.58992805755396
44,"divent","QHIL_3",2.45255735793986
44,"entropart","QHIL_0",5
44,"entropart","QHIL_1",3.03699799724911
44,"entropart","QHIL_2",2.58992805755396
44,"entropart","QHIL_3",2.45255735793986
44,"EntropyEstimation","QHIL_1",3.14725154285793
44,"EntropyEstimation","QHIL_2",2.66165413533835
44,"EntropyEstimation","QHIL_3",2.53859103528797
44,"extremefit","QHIL",NA
44,"hilldiv","QHIL_0",5
44,"hilldiv","QHIL_1",3.03700638600071
44,"hilldiv","QHIL_2",2.58992805755396
44,"hilldiv","QHIL_3",2.45255735793986
44,"hillR","QHIL_0",5
44,"hillR","QHIL_1",3.03699799724911
44,"hillR","QHIL_2",2.58992805755396
44,"hillR","QHIL_3",2.45255735793986
44,"sprex","QHIL_0",5
44,"sprex","QHIL_1",3.03699799724911
44,"sprex","QHIL_2",2.58992805755396
44,"sprex","QHIL_3",2.45255735793986
44,"vegan","QHIL_0",5
44,"vegan","QHIL_1",3.03699799724911
44,"vegan","QHIL_2",2.58992805755396
44,"vegan","QHIL_3",2.45255735793986
44,"adiv","QREN_0",1.6094379124341
44,"adiv","QREN_1",1.11086952661299
44,"adiv","QREN_2",0.951630098319464
44,"adiv","QREN_3",0.897131299723087
44,"BiodiversityR","QREN_0",1.6094379124341
44,"BiodiversityR","QREN_1",1.11086952661299
44,"BiodiversityR","QREN_2",0.951630098319464
44,"BiodiversityR","QREN_3",0.897131299723087
44,"diverse","QREN_0",2.56494935746154
44,"diverse","QREN_1",2.28222157332806
44,"diverse","QREN_2",2.07534478284479
44,"diverse","QREN_3",1.93287944740705
44,"EntropyEstimation","QREN_1",1.14652954588825
44,"EntropyEstimation","QREN_2",0.978947784912021
44,"EntropyEstimation","QREN_3",0.9316092166051
44,"seewave","QREN_2",0.267661613395118
44,"seewave","QREN_3",0.252332924711528
44,"sprex","QREN_0",1.6094379124341
44,"sprex","QREN_1",1.11086952661299
44,"sprex","QREN_2",0.951630098319464
44,"sprex","QREN_3",0.897131299723087
44,"statcomp","QREN_1",0.312450288241996
44,"statcomp","QREN_2",0.267661585268477
44,"statcomp","QREN_3",0.252332903616547
44,"vegan","QREN_0",1.6094379124341
44,"vegan","QREN_1",1.11086952661299
44,"vegan","QREN_2",0.951630098319464
44,"vegan","QREN_3",0.897131299723087
44,"adiv","QTSA_0",4
44,"adiv","QTSA_1",1.11086952661299
44,"adiv","QTSA_2",0.613888888888889
44,"adiv","QTSA_3",0.416875
44,"divent","QTSA_0",4
44,"divent","QTSA_1",1.11086952661299
44,"divent","QTSA_2",0.613888888888889
44,"divent","QTSA_3",0.416875
44,"entropart","QTSA_0",5
44,"entropart","QTSA_1",1.17140299340455
44,"entropart","QTSA_2",0.624545055576359
44,"entropart","QTSA_3",0.420289864542893
44,"EntropyEstimation","QTSA_1",1.14652954588825
44,"EntropyEstimation","QTSA_2",0.624293785310735
44,"EntropyEstimation","QTSA_3",0.422413793103448
44,"vegan","QTSA_0",4
44,"vegan","QTSA_1",1.11086952661299
44,"vegan","QTSA_2",0.613888888888889
44,"vegan","QTSA_3",0.416875
44,"BAT","RACE",5.82507288629738
44,"ecodive","RACE",5.82507288629738
44,"fossil","RACE",5.42857142857143
44,"pctax","RACE",5.8251
44,"sprex","RACE",60
44,"tabula","RACE",5.82507288629738
44,"vegan","RACE",5.82507288629738
44,"wiqid","RACE",5.82507288629738
44,"BiodiversityR","RBOO",5
44,"wiqid","RBOO",35
44,"BAT","RC1",5
44,"BiodiversityR","RC1",5
44,"biosampleR","RC1",13
44,"iNEXT","RC1",5.492
44,"microbiome","RC1",5
44,"pctax","RC1",5
44,"rareNMtests","RC1",5
44,"SpadeR","RC1",5
44,"SSP","RC1",5
44,"vegan","RC1",5
44,"wiqid","RC1",5.5
44,"BAT","RC1M",5.2
44,"divent","RC1M",5.49166666666667
44,"ecodive","RC1M",5.5
44,"entropart","RC1M",5.49166666666667
44,"fossil","RC1M",5.5
44,"mobr","RC1M",5.49166666666667
44,"OTUtable","RC1M",5.5
44,"tabula","RC1M",5.49166666666667
44,"wiqid","RC1M",5.5
44,"BAT","RCA2",35
44,"divDyn","RCA2",5
44,"fossil","RCA2",5.5
44,"tabula","RCA2",5
44,"wiqid","RCA2",5
44,"benthos","RHUR_2",1.62429378531073
44,"benthos","RHUR_3",2.02805376972531
44,"divent","RHUR_2",2.66164247684825
44,"divent","RHUR_3",2.70646017384937
44,"entropart","RHUR_2",1.62429378531073
44,"entropart","RHUR_3",2.0280537697253
44,"mobsim","RHUR_2",1.62429378531073
44,"mobsim","RHUR_3",2.02805376972531
44,"tabula","RHUR_2",1.62429378531082
44,"tabula","RHUR_3",2.02805376972546
44,"vegan","RHUR_2",1.62429378531073
44,"vegan","RHUR_3",2.02805376972531
44,"BAT","RICE",35.0022335097002
44,"fossil","RICE",5.42857142857143
44,"tabula","RICE",5
44,"wiqid","RICE",5
44,"BAT","RJA1",6
44,"BiodiversityR","RJA1",5
44,"divent","RJA1",6
44,"entropart","RJA1",6
44,"fossil","RJA1",5.98333333333333
44,"SSP","RJA1",5
44,"tabula","RJA1",0.729763099339552
44,"wiqid","RJA1",6
44,"BAT","RJA2",6
44,"BiodiversityR","RJA2",5
44,"fossil","RJA2",5.94971751412429
44,"SSP","RJA2",5
44,"wiqid","RJA2",6
44,"wiqid","RMM",0
44,"divDyn","RSQ",5.38664812239221
44,"ecodive","RSQ",5.38664812239221
44,"tabula","RSQ",5.38664812239221
45,"abdiv","D1SP",0.770068899214869
45,"ade4","D1SP",0.77006889921487
45,"adiv","D1SP",0.770068899214869
45,"agricolae","D1SP",1
45,"asbio","D1SP",0.770068899214869
45,"BiodiversityR","D1SP",0.7700689
45,"biosampleR","D1SP",0.885634201156536
45,"breakaway","D1SP",0.770068899214869
45,"catsim","D1SP",0.688979591836735
45,"concstats","D1SP",0.977350914728974
45,"CUB","D1SP",0.792717984485895
45,"DescTools","D1SP",0.77006889921487
45,"divent","D1SP",0.770068899214869
45,"diverse","D1SP",0.885634201156536
45,"ecodive","D1SP",0.770068899214869
45,"entropart","D1SP",0.770068899214869
45,"lawstat","D1SP",0.866344005956813
45,"MCPAN","D1SP",-5739
45,"microbiome","D1SP",0.770068899214869
45,"PCRA","D1SP",0.770068899214869
45,"RoughSets","D1SP",0.770068899214869
45,"simboot","D1SP",-5739
45,"sprex","D1SP",0.770068899214869
45,"untb","D1SP",0.774973796662098
45,"vegan","D1SP",0.770068899214869
45,"abdiv","DBRI",1.76214135469577
45,"ecodive","DBRI",1.76214135469577
45,"tabula","DBRI",1.76214135469577
45,"wiqid","DBRI",5.82489722020311
45,"BiodiversityR","DFIS",4.83340916
45,"ecodive","DFIS",4.833
45,"microbiome","DFIS",4.83340916014092
45,"preseqR","DFIS",18.2647376828977
45,"sads","DFIS",4.83342907539432
45,"vegan","DFIS",4.83340916014092
45,"abdiv","DINVSP",4.34912891986063
45,"adiv","DINVSP",4.34912891986063
45,"asbio","DINVSP",4.34912891986063
45,"BiodiversityR","DINVSP",4.34912892
45,"breakaway","DINVSP",4.34912891986063
45,"chemodiv","DINVSP",4.34912891986063
45,"codyn","DINVSP",4.34912891986063
45,"divseg","DINVSP",1.22993110078513
45,"ecodive","DINVSP",4.34912891986063
45,"microbiome","DINVSP",4.34912891986063
45,"sprex","DINVSP",4.34912891986063
45,"vegan","DINVSP",4.34912891986063
45,"asbio","DLMD",31.3952788837703
45,"Compositional","DLMD",0.999958992306093
45,"sads","DLMD",1.27213551001371
45,"vegan","DLMD",43.35128069586
45,"abdiv","DMC",0.565475500815881
45,"adiv","DMC",0.565475500815881
45,"agricolae","DMC",0.565475500815881
45,"ecodive","DMC",0.565475500815881
45,"forestHES","DMC",0.565475500815881
45,"tabula","DMC",0.565475500815881
45,"abdiv","DMG",3.1604344996233
45,"adiv","DMG",3.1604344996233
45,"agricolae","DMG",6.71592331169952
45,"ecodive","DMG",3.1604344996233
45,"tabula","DMG",3.1604344996233
45,"abdiv","DMN",1.35244738309874
45,"adiv","DMN",1.35244738309874
45,"ecodive","DMN",1.35244738309874
45,"tabula","DMN",1.35244738309874
45,"abdiv","DQ",6.25167851051884
45,"ade4","DRAO",0.770068899214869
45,"BAT","DRAO",0.770068899214869
45,"chemodiv","DRAO",388.987362348043
45,"diverse","DRAO",73.6178023391541
45,"SYNCSA","DRAO",0.770068899214869
45,"abdiv","DSHA",1.91191781438445
45,"adiv","DSHA",1.91191781438445
45,"aqp","DSHA",-718.183691006828
45,"asbio","DSHA",1.91191781438445
45,"benthos","DSHA",0
45,"BiodiversityR","DSHA",1.91191781
45,"biosampleR","DSHA",2.45414151003693
45,"chemodiv","DSHA",1.91191781438445
45,"codyn","DSHA",1.91191781438445
45,"DescTools","DSHA",2.75831434939971
45,"divDyn","DSHA",1.91191781438445
45,"divent","DSHA",1.91191781438445
45,"diverse","DSHA",2.45414151003693
45,"ecodive","DSHA",1.91191781438445
45,"EconGeo","DSHA",2.758
45,"entropart","DSHA",2.01192210185298
45,"forestmangr","DSHA",3.56
45,"HardyWeinberg","DSHA",1.91191781438445
45,"iNEXT","DSHA",1.912
45,"MCPAN","DSHA",1.91191781438445
45,"microbiome","DSHA",1.91191781438445
45,"OTUtable","DSHA",1.91191781438445
45,"pgirmess","DSHA",2.75831434939971
45,"SpiecEasi","DSHA",1.91191781438445
45,"sprex","DSHA",1.91191781438445
45,"tabula","DSHA",1.91191781438445
45,"triversity","DSHA",17
45,"vegan","DSHA",1.91191781438445
45,"wavethresh","DSHA",-44045.358074523
45,"wiqid","DSHA",4.44392690791831
45,"abdiv","DSP",0.229931100785131
45,"agricolae","DSP",0.229931100785131
45,"antitrust","DSP",2299.31100785131
45,"benthos","DSP",0.225026203337902
45,"breakaway","DSP",0.229931100785131
45,"concstats","DSP",0.229931100785131
45,"DescTools","DSP",0.229931100785131
45,"diverse","DSP",0.109892898837622
45,"divseg","DSP",1.22993110078513
45,"EconGeo","DSP",0.229931100785131
45,"hhi","DSP",0.229931100785131
45,"ineq","DSP",0.229931100785131
45,"microbiome","DSP",0.229931100785131
45,"PDtoolkit","DSP",0.229931100785131
45,"politics","DSP",0.229931100785131
45,"REAT","DSP",0.229931100785131
45,"sprex","DSP",0.229931100785131
45,"tabula","DSP",0.229931100785131
45,"triversity","DSP",0.229931100785131
45,"wiqid","DSP",4.44392690791831
45,"abdiv","EBP",0.329113924050633
45,"agricolae","EBP",0.329113924050633
45,"BiodiversityR","EBP",0.32911392
45,"diverse","EBP",0.21608040201005
45,"dyvDyn","EBP",0.329113924050633
45,"ecodive","EBP",0.329113924050633
45,"microbiome","EBP",0.329113924050633
45,"tabula","EBP",0.329113924050633
45,"triversity","EBP",0.329113924050633
45,"wiqid","EBP",1
45,"tabula","EBRI",0.668958395072898
45,"BAT","EBU",0.414161392405063
45,"microbiome","EBU",0.414161392405063
45,"BAT","ECAM",0.915766939687267
45,"microbiome","ECAM",0.545793000744602
45,"codyn","EEQ",0.155612295642023
45,"adiv","EEVAR",0.35240252272831
45,"codyn","EEVAR",0.343460086970406
45,"microbiome","EEVAR",0.35240252272831
45,"acid","EGIN",0.841591320072333
45,"DescTools","EGIN",0.841591320072333
45,"dplR","EGIN",0.841591320072333
45,"EconGeo","EGIN",0.842
45,"giniVarCI","EGIN",0.841591320072332
45,"ineq","EGIN",0.841591320072333
45,"microbiome","EGIN",0.841591320072333
45,"REAT","EGIN",0.841591320072333
45,"shipunov","EGIN",0.841591320072333
45,"wINEQ","EGIN",0.841591320072333
45,"adiv","EGSP",0.818198205415799
45,"abdiv","EHEI",0.360378274767646
45,"adiv","EHEI",0.360378274767646
45,"benthos","EHURE",0.774973796662098
45,"BiodiversityR","EHURE",0.7749738
45,"mobr","EHURE",0.774973796662098
45,"vegan","EHURE",0.774973796662078
45,"abdiv","EMC",0.53332920381619
45,"tabula","EMC",0.687146092476162
45,"microbiome","EMN",0.658227848101266
45,"abdiv","EPIE",0.674823100913121
45,"adiv","EPIE",0.674823100913121
45,"BiodiversityR","EPIE",0.6748231
45,"breakaway","EPIE",0.674823100913121
45,"chemodiv","EPIE",0.674823100913121
45,"diverse","EPIE",0.833483569332344
45,"forestmangr","EPIE",1
45,"microbiome","EPIE",0.674823100913121
45,"OTUtable","EPIE",0.674823100913121
45,"pctax","EPIE",0.6748
45,"sprex","EPIE",0.674823100913121
45,"tabula","EPIE",0.674823100913121
45,"adiv","ESP",0.255831112932978
45,"codyn","ESP",0.255831112932978
45,"sprex","ESP",0.112465753787321
45,"tabula","ESP",0.255831112932978
45,"abdiv","EST",0.551377513030529
45,"adiv","QHIL_0",17
45,"adiv","QHIL_1",6.76605239628233
45,"adiv","QHIL_2",4.34912891986063
45,"adiv","QHIL_3",3.72789895774248
45,"BAT","QHIL_0",17
45,"BAT","QHIL_1",6.76605239628233
45,"BAT","QHIL_2",4.34912891986063
45,"BAT","QHIL_3",3.72789895774248
45,"benthos","QHIL_0",35
45,"benthos","QHIL_1",6.76605239628233
45,"benthos","QHIL_2",4.34912891986063
45,"benthos","QHIL_3",3.72789895774248
45,"breakaway","QHIL_0",17
45,"breakaway","QHIL_1",6.76605239628233
45,"breakaway","QHIL_2",4.34912891986063
45,"breakaway","QHIL_3",3.72789895774248
45,"chemodiv","QHIL_0",17
45,"chemodiv","QHIL_1",6.76605239628233
45,"chemodiv","QHIL_2",4.34912891986063
45,"chemodiv","QHIL_3",3.72789895774248
45,"divDyn","QHIL_2",4.34912891986063
45,"divent","QHIL_0",17
45,"divent","QHIL_1",6.76605239628233
45,"divent","QHIL_2",4.34912891986063
45,"divent","QHIL_3",3.72789895774248
45,"entropart","QHIL_0",17
45,"entropart","QHIL_1",6.76605239628233
45,"entropart","QHIL_2",4.34912891986063
45,"entropart","QHIL_3",3.72789895774248
45,"EntropyEstimation","QHIL_1",7.14703193380371
45,"EntropyEstimation","QHIL_2",4.44392690791831
45,"EntropyEstimation","QHIL_3",3.80761794467672
45,"extremefit","QHIL",NA
45,"hilldiv","QHIL_0",17
45,"hilldiv","QHIL_1",6.76610038233381
45,"hilldiv","QHIL_2",4.34912891986063
45,"hilldiv","QHIL_3",3.72789895774248
45,"hillR","QHIL_0",17
45,"hillR","QHIL_1",6.76605239628233
45,"hillR","QHIL_2",4.34912891986063
45,"hillR","QHIL_3",3.72789895774248
45,"sprex","QHIL_0",17
45,"sprex","QHIL_1",6.76605239628233
45,"sprex","QHIL_2",4.34912891986063
45,"sprex","QHIL_3",3.72789895774248
45,"vegan","QHIL_0",17
45,"vegan","QHIL_1",6.76605239628233
45,"vegan","QHIL_2",4.34912891986063
45,"vegan","QHIL_3",3.72789895774248
45,"adiv","QREN_0",2.83321334405622
45,"adiv","QREN_1",1.91191781438445
45,"adiv","QREN_2",1.46997557674032
45,"adiv","QREN_3",1.31584479284619
45,"BiodiversityR","QREN_0",2.83321334405622
45,"BiodiversityR","QREN_1",1.91191781438445
45,"BiodiversityR","QREN_2",1.46997557674032
45,"BiodiversityR","QREN_3",1.31584479284619
45,"diverse","QREN_0",2.94443897916644
45,"diverse","QREN_1",2.45414151003693
45,"diverse","QREN_2",2.16835320589277
45,"diverse","QREN_3",2.00636298578674
45,"EntropyEstimation","QREN_1",1.96669715636886
45,"EntropyEstimation","QREN_2",1.49153842427901
45,"EntropyEstimation","QREN_3",1.33700378224154
45,"seewave","QREN_2",0.413454765638143
45,"seewave","QREN_3",0.370102951153412
45,"sprex","QREN_0",2.83321334405622
45,"sprex","QREN_1",1.91191781438445
45,"sprex","QREN_2",1.46997557674032
45,"sprex","QREN_3",1.31584479284619
45,"statcomp","QREN_1",0.537758267634563
45,"statcomp","QREN_2",0.413454759229541
45,"statcomp","QREN_3",0.37010294634696
45,"vegan","QREN_0",2.83321334405622
45,"vegan","QREN_1",1.91191781438445
45,"vegan","QREN_2",1.46997557674032
45,"vegan","QREN_3",1.31584479284619
45,"adiv","QTSA_0",16
45,"adiv","QTSA_1",1.91191781438445
45,"adiv","QTSA_2",0.770068899214869
45,"adiv","QTSA_3",0.464021608838246
45,"divent","QTSA_0",16
45,"divent","QTSA_1",1.91191781438445
45,"divent","QTSA_2",0.770068899214869
45,"divent","QTSA_3",0.464021608838246
45,"entropart","QTSA_0",22
45,"entropart","QTSA_1",2.01192210185298
45,"entropart","QTSA_2",0.774859850527664
45,"entropart","QTSA_3",0.464789369057717
45,"EntropyEstimation","QTSA_1",1.96669715636886
45,"EntropyEstimation","QTSA_2",0.774973796662098
45,"EntropyEstimation","QTSA_3",0.465512376038055
45,"vegan","QTSA_0",16
45,"vegan","QTSA_1",1.91191781438445
45,"vegan","QTSA_2",0.770068899214869
45,"vegan","QTSA_3",0.464021608838246
45,"BAT","RACE",22.8509861212564
45,"ecodive","RACE",22.8509861212564
45,"fossil","RACE",19.2702702702703
45,"pctax","RACE",22.851
45,"sprex","RACE",176.283197523562
45,"tabula","RACE",22.8509861212564
45,"vegan","RACE",22.8509861212564
45,"wiqid","RACE",22.8509861212564
45,"BiodiversityR","RBOO",17
45,"wiqid","RBOO",35
45,"BAT","RC1",22
45,"BiodiversityR","RC1",17
45,"biosampleR","RC1",20
45,"iNEXT","RC1",25.943
45,"microbiome","RC1",22
45,"pctax","RC1",22
45,"rareNMtests","RC1",17
45,"SpadeR","RC1",17
45,"SSP","RC1",16
45,"vegan","RC1",22
45,"wiqid","RC1",26
45,"BAT","RC1M",24.7404844290657
45,"divent","RC1M",25.9430379746835
45,"ecodive","RC1M",26
45,"entropart","RC1M",25.9430379746835
45,"fossil","RC1M",26
45,"mobr","RC1M",25.9430379746835
45,"OTUtable","RC1M",26
45,"tabula","RC1M",25.9430379746835
45,"wiqid","RC1M",26
45,"BAT","RCA2",35
45,"divDyn","RCA2",21.7058823529412
45,"fossil","RCA2",26
45,"tabula","RCA2",17
45,"wiqid","RCA2",17
45,"benthos","RHUR_2",1.77497379666208
45,"benthos","RHUR_3",2.39389663791016
45,"divent","RHUR_2",4.44392687519951
45,"divent","RHUR_3",4.59020083485093
45,"entropart","RHUR_2",1.77497379666207
45,"entropart","RHUR_3",2.39389663791017
45,"mobsim","RHUR_2",1.77497379666208
45,"mobsim","RHUR_3",2.39389663791016
45,"tabula","RHUR_2",1.77497379666381
45,"tabula","RHUR_3",2.39389663791085
45,"vegan","RHUR_2",1.77497379666208
45,"vegan","RHUR_3",2.39389663791016
45,"BAT","RICE",35.0022335097002
45,"fossil","RICE",19.2702702702703
45,"tabula","RICE",17
45,"wiqid","RICE",17
45,"BAT","RJA1",23
45,"BiodiversityR","RJA1",17
45,"divent","RJA1",23
45,"entropart","RJA1",23
45,"fossil","RJA1",22.9620253164557
45,"SSP","RJA1",16
45,"tabula","RJA1",1.78342474633836
45,"wiqid","RJA1",23
45,"BAT","RJA2",27
45,"BiodiversityR","RJA2",17
45,"fossil","RJA2",26.8100459566234
45,"SSP","RJA2",16
45,"wiqid","RJA2",27
45,"wiqid","RMM",0
45,"divDyn","RSQ",25.3114793661009
45,"ecodive","RSQ",25.3114793661009
45,"tabula","RSQ",25.3114793661009
46,"abdiv","D1SP",0.84643278799123
46,"ade4","D1SP",0.84643278799123
46,"adiv","D1SP",0.84643278799123
46,"agricolae","D1SP",1
46,"asbio","D1SP",0.84643278799123
46,"BiodiversityR","D1SP",0.84643279
46,"biosampleR","D1SP",0.766526661796932
46,"breakaway","D1SP",0.84643278799123
46,"catsim","D1SP",0.679183673469388
46,"concstats","D1SP",0.975104918000258
46,"CUB","D1SP",0.871327869990972
46,"DescTools","D1SP",0.84643278799123
46,"divent","D1SP",0.84643278799123
46,"diverse","D1SP",0.766526661796932
46,"ecodive","D1SP",0.84643278799123
46,"entropart","D1SP",0.84643278799123
46,"lawstat","D1SP",0.830404889228419
46,"MCPAN","D1SP",-3641
46,"microbiome","D1SP",0.84643278799123
46,"PCRA","D1SP",0.84643278799123
46,"RoughSets","D1SP",0.84643278799123
46,"simboot","D1SP",-3641
46,"sprex","D1SP",0.84643278799123
46,"untb","D1SP",0.851965028435617
46,"vegan","D1SP",0.84643278799123
46,"abdiv","DBRI",2.02392297691757
46,"ecodive","DBRI",2.02392297691757
46,"tabula","DBRI",2.02392297691757
46,"wiqid","DBRI",7.56795569076109
46,"BiodiversityR","DFIS",4.48939303
46,"ecodive","DFIS",4.489
46,"microbiome","DFIS",4.48939302637744
46,"preseqR","DFIS",10.303862259752
46,"sads","DFIS",4.48936887856357
46,"vegan","DFIS",4.48939302637744
46,"abdiv","DINVSP",6.5118066996156
46,"adiv","DINVSP",6.5118066996156
46,"asbio","DINVSP",6.5118066996156
46,"BiodiversityR","DINVSP",6.5118067
46,"breakaway","DINVSP",6.5118066996156
46,"chemodiv","DINVSP",6.5118066996156
46,"codyn","DINVSP",6.5118066996156
46,"divseg","DINVSP",1.15356721200877
46,"ecodive","DINVSP",6.51180669961559
46,"microbiome","DINVSP",6.5118066996156
46,"sprex","DINVSP",6.5118066996156
46,"vegan","DINVSP",6.5118066996156
46,"asbio","DLMD",11.8768506888453
46,"Compositional","DLMD",0.999958992306093
46,"sads","DLMD",1.6022030833297
46,"vegan","DLMD",17.8974719488918
46,"abdiv","DMC",0.661422410224495
46,"adiv","DMC",0.661422410224495
46,"agricolae","DMC",0.661422410224495
46,"ecodive","DMC",0.661422410224495
46,"forestHES","DMC",0.661422410224495
46,"tabula","DMC",0.661422410224495
46,"abdiv","DMG",2.97799109580905
46,"adiv","DMG",2.97799109580905
46,"agricolae","DMG",6.75011315050051
46,"ecodive","DMG",2.97799109580905
46,"tabula","DMG",2.97799109580905
46,"abdiv","DMN",1.28931674244061
46,"adiv","DMN",1.28931674244061
46,"ecodive","DMN",1.28931674244061
46,"tabula","DMN",1.28931674244061
46,"abdiv","DQ",0
46,"ade4","DRAO",0.846432787991229
46,"BAT","DRAO",0.846432787991231
46,"chemodiv","DRAO",380.662836163114
46,"diverse","DRAO",204.607136810369
46,"SYNCSA","DRAO",0.846432787991229
46,"abdiv","DSHA",2.18316504826242
46,"adiv","DSHA",2.18316504826242
46,"aqp","DSHA",-634.040353427187
46,"asbio","DSHA",2.18316504826242
46,"benthos","DSHA",0
46,"BiodiversityR","DSHA",2.18316505
46,"biosampleR","DSHA",1.78501165071013
46,"chemodiv","DSHA",2.18316504826242
46,"codyn","DSHA",2.18316504826242
46,"DescTools","DSHA",3.14964138857031
46,"divDyn","DSHA",2.18316504826242
46,"divent","DSHA",2.18316504826242
46,"diverse","DSHA",1.78501165071013
46,"ecodive","DSHA",2.18316504826242
46,"EconGeo","DSHA",3.15
46,"entropart","DSHA",2.2324026286416
46,"forestmangr","DSHA",3.56
46,"HardyWeinberg","DSHA",2.18316504826242
46,"iNEXT","DSHA",2.183
46,"MCPAN","DSHA",2.18316504826242
46,"microbiome","DSHA",2.18316504826242
46,"OTUtable","DSHA",2.18316504826242
46,"pgirmess","DSHA",3.14964138857031
46,"SpiecEasi","DSHA",2.18316504826242
46,"sprex","DSHA",2.18316504826242
46,"tabula","DSHA",2.18316504826242
46,"triversity","DSHA",16
46,"vegan","DSHA",2.18316504826242
46,"wavethresh","DSHA",-24514.8039672211
46,"wiqid","DSHA",6.75516055045872
46,"abdiv","DSP",0.15356721200877
46,"agricolae","DSP",0.15356721200877
46,"antitrust","DSP",1535.6721200877
46,"benthos","DSP",0.148034971564383
46,"breakaway","DSP",0.15356721200877
46,"concstats","DSP",0.15356721200877
46,"DescTools","DSP",0.15356721200877
46,"diverse","DSP",0.228258871116014
46,"divseg","DSP",1.15356721200877
46,"EconGeo","DSP",0.15356721200877
46,"hhi","DSP",0.15356721200877
46,"ineq","DSP",0.15356721200877
46,"microbiome","DSP",0.15356721200877
46,"PDtoolkit","DSP",0.15356721200877
46,"politics","DSP",0.15356721200877
46,"REAT","DSP",0.15356721200877
46,"sprex","DSP",0.15356721200877
46,"tabula","DSP",0.15356721200877
46,"triversity","DSP",0.15356721200877
46,"wiqid","DSP",6.75516055045872
46,"abdiv","EBP",0.272727272727273
46,"agricolae","EBP",0.272727272727273
46,"BiodiversityR","EBP",0.27272727
46,"diverse","EBP",0.385135135135135
46,"dyvDyn","EBP",0.272727272727273
46,"ecodive","EBP",0.272727272727273
46,"microbiome","EBP",0.272727272727273
46,"tabula","EBP",0.272727272727273
46,"triversity","EBP",0.272727272727273
46,"wiqid","EBP",1
46,"tabula","EBRI",0.784557959618778
46,"BAT","EBU",0.481385281385281
46,"microbiome","EBU",0.481385281385281
46,"BAT","ECAM",0.923051948051948
46,"microbiome","ECAM",0.432224025974026
46,"codyn","EEQ",0.158063882487088
46,"adiv","EEVAR",0.420241976328866
46,"codyn","EEVAR",0.409329450520651
46,"microbiome","EEVAR",0.420241976328866
46,"acid","EGIN",0.806679035250464
46,"DescTools","EGIN",0.806679035250464
46,"dplR","EGIN",0.806679035250464
46,"EconGeo","EGIN",0.807
46,"giniVarCI","EGIN",0.806679035250464
46,"ineq","EGIN",0.806679035250464
46,"microbiome","EGIN",0.806679035250464
46,"REAT","EGIN",0.806679035250464
46,"shipunov","EGIN",0.806679035250464
46,"wINEQ","EGIN",0.806679035250464
46,"adiv","EGSP",0.902861640523978
46,"abdiv","EHEI",0.524956640055272
46,"adiv","EHEI",0.524956640055272
46,"benthos","EHURE",0.851965028435617
46,"BiodiversityR","EHURE",0.85196503
46,"mobr","EHURE",0.851965028435617
46,"vegan","EHURE",0.851965028435613
46,"abdiv","EMC",0.433996924614787
46,"tabula","EMC",0.810831298022005
46,"microbiome","EMN",0.454545454545455
46,"abdiv","EPIE",0.787410347142578
46,"adiv","EPIE",0.787410347142578
46,"BiodiversityR","EPIE",0.78741035
46,"breakaway","EPIE",0.787410347142578
46,"chemodiv","EPIE",0.787410347142578
46,"diverse","EPIE",0.744407677415787
46,"forestmangr","EPIE",1
46,"microbiome","EPIE",0.787410347142578
46,"OTUtable","EPIE",0.787410347142578
46,"pctax","EPIE",0.7874
46,"sprex","EPIE",0.787410347142578
46,"tabula","EPIE",0.787410347142578
46,"adiv","ESP",0.406987918725975
46,"codyn","ESP",0.406987918725975
46,"sprex","ESP",0.136447815516401
46,"tabula","ESP",0.406987918725975
46,"abdiv","EST",0.486201298701299
46,"adiv","QHIL_0",16
46,"adiv","QHIL_1",8.87434960082908
46,"adiv","QHIL_2",6.5118066996156
46,"adiv","QHIL_3",5.6191025596904
46,"BAT","QHIL_0",16
46,"BAT","QHIL_1",8.87434960082908
46,"BAT","QHIL_2",6.5118066996156
46,"BAT","QHIL_3",5.6191025596904
46,"benthos","QHIL_0",35
46,"benthos","QHIL_1",8.87434960082908
46,"benthos","QHIL_2",6.5118066996156
46,"benthos","QHIL_3",5.6191025596904
46,"breakaway","QHIL_0",16
46,"breakaway","QHIL_1",8.87434960082908
46,"breakaway","QHIL_2",6.5118066996156
46,"breakaway","QHIL_3",5.6191025596904
46,"chemodiv","QHIL_0",16
46,"chemodiv","QHIL_1",8.87434960082908
46,"chemodiv","QHIL_2",6.5118066996156
46,"chemodiv","QHIL_3",5.6191025596904
46,"divDyn","QHIL_2",6.5118066996156
46,"divent","QHIL_0",16
46,"divent","QHIL_1",8.87434960082908
46,"divent","QHIL_2",6.5118066996156
46,"divent","QHIL_3",5.6191025596904
46,"entropart","QHIL_0",16
46,"entropart","QHIL_1",8.87434960082908
46,"entropart","QHIL_2",6.5118066996156
46,"entropart","QHIL_3",5.6191025596904
46,"EntropyEstimation","QHIL_1",9.34328064041638
46,"EntropyEstimation","QHIL_2",6.75516055045871
46,"EntropyEstimation","QHIL_3",5.83877276045408
46,"extremefit","QHIL",NA
46,"hilldiv","QHIL_0",16
46,"hilldiv","QHIL_1",8.87438953998576
46,"hilldiv","QHIL_2",6.5118066996156
46,"hilldiv","QHIL_3",5.6191025596904
46,"hillR","QHIL_0",16
46,"hillR","QHIL_1",8.87434960082908
46,"hillR","QHIL_2",6.5118066996156
46,"hillR","QHIL_3",5.6191025596904
46,"sprex","QHIL_0",16
46,"sprex","QHIL_1",8.87434960082908
46,"sprex","QHIL_2",6.5118066996156
46,"sprex","QHIL_3",5.6191025596904
46,"vegan","QHIL_0",16
46,"vegan","QHIL_1",8.87434960082908
46,"vegan","QHIL_2",6.5118066996156
46,"vegan","QHIL_3",5.6191025596904
46,"adiv","QREN_0",2.77258872223978
46,"adiv","QREN_1",2.18316504826242
46,"adiv","QREN_2",1.87361694453971
46,"adiv","QREN_3",1.72617196426646
46,"BiodiversityR","QREN_0",2.77258872223978
46,"BiodiversityR","QREN_1",2.18316504826242
46,"BiodiversityR","QREN_2",1.87361694453971
46,"BiodiversityR","QREN_3",1.72617196426646
46,"diverse","QREN_0",2.39789527279837
46,"diverse","QREN_1",1.78501165071013
46,"diverse","QREN_2",1.4546873916771
46,"diverse","QREN_3",1.29898245198643
46,"EntropyEstimation","QREN_1",2.23465743686547
46,"EntropyEstimation","QREN_2",1.91030673877719
46,"EntropyEstimation","QREN_3",1.76452063099898
46,"seewave","QREN_2",0.526985526258189
46,"seewave","QREN_3",0.485514203650099
46,"sprex","QREN_0",2.77258872223978
46,"sprex","QREN_1",2.18316504826242
46,"sprex","QREN_2",1.87361694453971
46,"sprex","QREN_3",1.72617196426646
46,"statcomp","QREN_1",0.614051004431855
46,"statcomp","QREN_2",0.526985519317849
46,"statcomp","QREN_3",0.485514198444844
46,"vegan","QREN_0",2.77258872223978
46,"vegan","QREN_1",2.18316504826242
46,"vegan","QREN_2",1.87361694453971
46,"vegan","QREN_3",1.72617196426646
46,"adiv","QTSA_0",15
46,"adiv","QTSA_1",2.18316504826242
46,"adiv","QTSA_2",0.84643278799123
46,"adiv","QTSA_3",0.484164342993825
46,"divent","QTSA_0",15
46,"divent","QTSA_1",2.18316504826242
46,"divent","QTSA_2",0.84643278799123
46,"divent","QTSA_3",0.484164342993825
46,"entropart","QTSA_0",17
46,"entropart","QTSA_1",2.2324026286416
46,"entropart","QTSA_2",0.850236248282419
46,"entropart","QTSA_3",0.484760976864312
46,"EntropyEstimation","QTSA_1",2.23465743686547
46,"EntropyEstimation","QTSA_2",0.851965028435617
46,"EntropyEstimation","QTSA_3",0.48533348746197
46,"vegan","QTSA_0",15
46,"vegan","QTSA_1",2.18316504826242
46,"vegan","QTSA_2",0.84643278799123
46,"vegan","QTSA_3",0.484164342993825
46,"BAT","RACE",16.7586206896552
46,"ecodive","RACE",16.7586206896552
46,"fossil","RACE",16.7586206896552
46,"pctax","RACE",16.7586
46,"sprex","RACE",155.345330318293
46,"tabula","RACE",16.7586206896552
46,"vegan","RACE",16.7586206896552
46,"wiqid","RACE",16.7586206896552
46,"BiodiversityR","RBOO",16
46,"wiqid","RBOO",35
46,"BAT","RC1",16.25
46,"BiodiversityR","RC1",16
46,"biosampleR","RC1",11
46,"iNEXT","RC1",16.662
46,"microbiome","RC1",16.25
46,"pctax","RC1",16.25
46,"rareNMtests","RC1",16
46,"SpadeR","RC1",16
46,"SSP","RC1",15
46,"vegan","RC1",16.25
46,"wiqid","RC1",16.6666666666667
46,"BAT","RC1M",16.50390625
46,"divent","RC1M",16.6623376623377
46,"ecodive","RC1M",16.6666666666667
46,"entropart","RC1M",16.6623376623377
46,"fossil","RC1M",16.6666666666667
46,"mobr","RC1M",16.6623376623377
46,"OTUtable","RC1M",16.6666666666667
46,"tabula","RC1M",16.6623376623377
46,"wiqid","RC1M",16.6666666666667
46,"BAT","RCA2",35
46,"divDyn","RCA2",16.234375
46,"fossil","RCA2",16.6666666666667
46,"tabula","RCA2",16
46,"wiqid","RCA2",16
46,"benthos","RHUR_2",1.85196502843561
46,"benthos","RHUR_3",2.5852281103829
46,"divent","RHUR_2",6.75513497337448
46,"divent","RHUR_3",6.88259577640011
46,"entropart","RHUR_2",1.85196502843561
46,"entropart","RHUR_3",2.5852281103829
46,"mobsim","RHUR_2",1.85196502843561
46,"mobsim","RHUR_3",2.5852281103829
46,"tabula","RHUR_2",1.85196502843625
46,"tabula","RHUR_3",2.5852281103821
46,"vegan","RHUR_2",1.85196502843561
46,"vegan","RHUR_3",2.5852281103829
46,"BAT","RICE",35.0022335097002
46,"fossil","RICE",16.7586206896552
46,"tabula","RICE",16
46,"wiqid","RICE",16
46,"BAT","RJA1",18
46,"BiodiversityR","RJA1",16
46,"divent","RJA1",18
46,"entropart","RJA1",18
46,"fossil","RJA1",17.987012987013
46,"SSP","RJA1",15
46,"tabula","RJA1",2.06424557299307
46,"wiqid","RJA1",18
46,"BAT","RJA2",17
46,"BiodiversityR","RJA2",16
46,"fossil","RJA2",16.9803921568627
46,"SSP","RJA2",15
46,"wiqid","RJA2",17
46,"wiqid","RMM",0
46,"divDyn","RSQ",16.6150988008782
46,"ecodive","RSQ",16.6150988008782
46,"tabula","RSQ",16.6150988008782
47,"abdiv","D1SP",0.823577624479202
47,"ade4","D1SP",0.823577624479202
47,"adiv","D1SP",0.823577624479202
47,"agricolae","D1SP",1
47,"asbio","D1SP",0.823577624479202
47,"BiodiversityR","D1SP",0.82357762
47,"biosampleR","D1SP",0.784929356357928
47,"breakaway","D1SP",0.823577624479202
47,"catsim","D1SP",0.602448979591837
47,"concstats","D1SP",0.975777128691788
47,"CUB","D1SP",0.847800495787414
47,"DescTools","D1SP",0.823577624479202
47,"divent","D1SP",0.823577624479202
47,"diverse","D1SP",0.784929356357928
47,"ecodive","D1SP",0.823577624479202
47,"entropart","D1SP",0.823577624479202
47,"lawstat","D1SP",0.866796305298979
47,"MCPAN","D1SP",-2582
47,"microbiome","D1SP",0.823577624479202
47,"PCRA","D1SP",0.823577624479202
47,"RoughSets","D1SP",0.823577624479202
47,"simboot","D1SP",-2582
47,"sprex","D1SP",0.823577624479202
47,"untb","D1SP",0.830440771349862
47,"vegan","D1SP",0.823577624479202
47,"abdiv","DBRI",1.81814463878387
47,"ecodive","DBRI",1.81814463878387
47,"tabula","DBRI",1.81814463878387
47,"wiqid","DBRI",6.16041803941296
47,"BiodiversityR","DFIS",4.09414235
47,"ecodive","DFIS",4.094
47,"microbiome","DFIS",4.09414234506348
47,"preseqR","DFIS",9.27343873745858
47,"sads","DFIS",4.09415957681746
47,"vegan","DFIS",4.09414234506348
47,"abdiv","DINVSP",5.66821525358111
47,"adiv","DINVSP",5.66821525358111
47,"asbio","DINVSP",5.66821525358111
47,"BiodiversityR","DINVSP",5.66821525
47,"breakaway","DINVSP",5.66821525358111
47,"chemodiv","DINVSP",5.66821525358111
47,"codyn","DINVSP",5.66821525358111
47,"divseg","DINVSP",1.1764223755208
47,"ecodive","DINVSP",5.66821525358111
47,"microbiome","DINVSP",5.66821525358111
47,"sprex","DINVSP",5.66821525358111
47,"vegan","DINVSP",5.66821525358111
47,"asbio","DLMD",15.2569614455617
47,"Compositional","DLMD",0.999958992306093
47,"sads","DLMD",1.28586888871255
47,"vegan","DLMD",NA
47,"abdiv","DMC",0.637970699651889
47,"adiv","DMC",0.637970699651889
47,"agricolae","DMC",0.637970699651889
47,"ecodive","DMC",0.637970699651889
47,"forestHES","DMC",0.637970699651889
47,"tabula","DMC",0.637970699651889
47,"abdiv","DMG",2.7107105442576
47,"adiv","DMG",2.7107105442576
47,"agricolae","DMG",7.08955065421219
47,"ecodive","DMG",2.7107105442576
47,"tabula","DMG",2.7107105442576
47,"abdiv","DMN",1.27272727272727
47,"adiv","DMN",1.27272727272727
47,"ecodive","DMN",1.27272727272727
47,"tabula","DMN",1.27272727272727
47,"abdiv","DQ",0
47,"ade4","DRAO",0.823577624479202
47,"BAT","DRAO",0.823577624479201
47,"chemodiv","DRAO",198.10157585655
47,"diverse","DRAO",198.333679899842
47,"SYNCSA","DRAO",0.823577624479202
47,"abdiv","DSHA",1.97644857057545
47,"adiv","DSHA",1.97644857057545
47,"aqp","DSHA",-492.161532997931
47,"asbio","DSHA",1.97644857057545
47,"benthos","DSHA",0
47,"BiodiversityR","DSHA",1.97644857
47,"biosampleR","DSHA",1.93885827588015
47,"chemodiv","DSHA",1.97644857057545
47,"codyn","DSHA",1.97644857057545
47,"DescTools","DSHA",2.85141255134128
47,"divDyn","DSHA",1.97644857057545
47,"divent","DSHA",1.97644857057545
47,"diverse","DSHA",1.93885827588015
47,"ecodive","DSHA",1.97644857057545
47,"EconGeo","DSHA",2.851
47,"entropart","DSHA",2.09698106444219
47,"forestmangr","DSHA",3.56
47,"HardyWeinberg","DSHA",1.97644857057545
47,"iNEXT","DSHA",1.976
47,"MCPAN","DSHA",1.97644857057545
47,"microbiome","DSHA",1.97644857057545
47,"OTUtable","DSHA",1.97644857057545
47,"pgirmess","DSHA",2.85141255134128
47,"SpiecEasi","DSHA",1.97644857057545
47,"sprex","DSHA",1.97644857057545
47,"tabula","DSHA",1.97644857057545
47,"triversity","DSHA",14
47,"vegan","DSHA",1.97644857057545
47,"wavethresh","DSHA",-16551.5683302647
47,"wiqid","DSHA",5.89764419171405
47,"abdiv","DSP",0.176422375520798
47,"agricolae","DSP",0.176422375520798
47,"antitrust","DSP",1764.22375520798
47,"benthos","DSP",0.169559228650138
47,"breakaway","DSP",0.176422375520798
47,"concstats","DSP",0.176422375520798
47,"DescTools","DSP",0.176422375520798
47,"diverse","DSP",0.206349206349206
47,"divseg","DSP",1.1764223755208
47,"EconGeo","DSP",0.176422375520798
47,"hhi","DSP",0.176422375520798
47,"ineq","DSP",0.176422375520798
47,"microbiome","DSP",0.176422375520798
47,"PDtoolkit","DSP",0.176422375520798
47,"politics","DSP",0.176422375520798
47,"REAT","DSP",0.176422375520798
47,"sprex","DSP",0.176422375520798
47,"tabula","DSP",0.176422375520798
47,"triversity","DSP",0.176422375520798
47,"wiqid","DSP",5.89764419171405
47,"abdiv","EBP",0.28099173553719
47,"agricolae","EBP",0.28099173553719
47,"BiodiversityR","EBP",0.28099174
47,"diverse","EBP",0.340659340659341
47,"dyvDyn","EBP",0.28099173553719
47,"ecodive","EBP",0.28099173553719
47,"microbiome","EBP",0.28099173553719
47,"tabula","EBP",0.28099173553719
47,"triversity","EBP",0.28099173553719
47,"wiqid","EBP",1
47,"tabula","EBRI",0.747346741748785
47,"BAT","EBU",0.453273998728544
47,"microbiome","EBU",0.453273998728544
47,"BAT","ECAM",0.906911270547634
47,"microbiome","ECAM",0.680047225501771
47,"codyn","EEQ",0.151865329502677
47,"adiv","EEVAR",0.316643483786317
47,"codyn","EEVAR",0.30474842423539
47,"microbiome","EEVAR",0.316643483786317
47,"acid","EGIN",0.842030696576151
47,"DescTools","EGIN",0.842030696576151
47,"dplR","EGIN",0.842030696576151
47,"EconGeo","EGIN",0.842
47,"giniVarCI","EGIN",0.842030696576151
47,"ineq","EGIN",0.842030696576151
47,"microbiome","EGIN",0.842030696576151
47,"REAT","EGIN",0.842030696576151
47,"shipunov","EGIN",0.842030696576151
47,"wINEQ","EGIN",0.842030696576151
47,"adiv","EGSP",0.886929749439141
47,"abdiv","EHEI",0.478235885821616
47,"adiv","EHEI",0.478235885821616
47,"benthos","EHURE",0.830440771349862
47,"BiodiversityR","EHURE",0.83044077
47,"mobr","EHURE",0.830440771349862
47,"vegan","EHURE",0.83044077134983
47,"abdiv","EMC",0.470323374275066
47,"tabula","EMC",0.791514515805893
47,"microbiome","EMN",0.479338842975207
47,"abdiv","EPIE",0.748922180809004
47,"adiv","EPIE",0.748922180809004
47,"BiodiversityR","EPIE",0.74892218
47,"breakaway","EPIE",0.748922180809004
47,"chemodiv","EPIE",0.748922180809004
47,"diverse","EPIE",0.7346783467424
47,"forestmangr","EPIE",1
47,"microbiome","EPIE",0.748922180809004
47,"OTUtable","EPIE",0.748922180809004
47,"pctax","EPIE",0.7489
47,"sprex","EPIE",0.748922180809004
47,"tabula","EPIE",0.748922180809004
47,"adiv","ESP",0.404872518112936
47,"codyn","ESP",0.404872518112936
47,"sprex","ESP",0.141174897898246
47,"tabula","ESP",0.404872518112936
47,"abdiv","EST",0.50767414403778
47,"adiv","QHIL_0",14
47,"adiv","QHIL_1",7.21706651568101
47,"adiv","QHIL_2",5.66821525358111
47,"adiv","QHIL_3",5.11028049705235
47,"BAT","QHIL_0",14
47,"BAT","QHIL_1",7.21706651568101
47,"BAT","QHIL_2",5.66821525358111
47,"BAT","QHIL_3",5.11028049705235
47,"benthos","QHIL_0",35
47,"benthos","QHIL_1",7.21706651568101
47,"benthos","QHIL_2",5.66821525358111
47,"benthos","QHIL_3",5.11028049705235
47,"breakaway","QHIL_0",14
47,"breakaway","QHIL_1",7.21706651568101
47,"breakaway","QHIL_2",5.66821525358111
47,"breakaway","QHIL_3",5.11028049705235
47,"chemodiv","QHIL_0",14
47,"chemodiv","QHIL_1",7.21706651568101
47,"chemodiv","QHIL_2",5.66821525358111
47,"chemodiv","QHIL_3",5.11028049705235
47,"divDyn","QHIL_2",5.66821525358111
47,"divent","QHIL_0",14
47,"divent","QHIL_1",7.21706651568101
47,"divent","QHIL_2",5.66821525358111
47,"divent","QHIL_3",5.11028049705235
47,"entropart","QHIL_0",14
47,"entropart","QHIL_1",7.21706651568101
47,"entropart","QHIL_2",5.66821525358111
47,"entropart","QHIL_3",5.11028049705235
47,"EntropyEstimation","QHIL_1",7.65202010355867
47,"EntropyEstimation","QHIL_2",5.89764419171405
47,"EntropyEstimation","QHIL_3",5.35167986471916
47,"extremefit","QHIL",NA
47,"hilldiv","QHIL_0",14
47,"hilldiv","QHIL_1",7.21709523271011
47,"hilldiv","QHIL_2",5.66821525358111
47,"hilldiv","QHIL_3",5.11028049705235
47,"hillR","QHIL_0",14
47,"hillR","QHIL_1",7.21706651568101
47,"hillR","QHIL_2",5.66821525358111
47,"hillR","QHIL_3",5.11028049705235
47,"sprex","QHIL_0",14
47,"sprex","QHIL_1",7.21706651568101
47,"sprex","QHIL_2",5.66821525358111
47,"sprex","QHIL_3",5.11028049705235
47,"vegan","QHIL_0",14
47,"vegan","QHIL_1",7.21706651568101
47,"vegan","QHIL_2",5.66821525358111
47,"vegan","QHIL_3",5.11028049705235
47,"adiv","QREN_0",2.63905732961526
47,"adiv","QREN_1",1.97644857057545
47,"adiv","QREN_2",1.73487429809764
47,"adiv","QREN_3",1.63125429450018
47,"BiodiversityR","QREN_0",2.63905732961526
47,"BiodiversityR","QREN_1",1.97644857057545
47,"BiodiversityR","QREN_2",1.73487429809764
47,"BiodiversityR","QREN_3",1.63125429450018
47,"diverse","QREN_0",2.63905732961526
47,"diverse","QREN_1",1.93885827588015
47,"diverse","QREN_2",1.53678872974404
47,"diverse","QREN_3",1.37505378997539
47,"EntropyEstimation","QREN_1",2.03496967880386
47,"EntropyEstimation","QREN_2",1.77455298163439
47,"EntropyEstimation","QREN_3",1.67741050502775
47,"seewave","QREN_2",0.487961882438483
47,"seewave","QREN_3",0.458817053160716
47,"sprex","QREN_0",2.63905732961526
47,"sprex","QREN_1",1.97644857057545
47,"sprex","QREN_2",1.73487429809764
47,"sprex","QREN_3",1.63125429450018
47,"statcomp","QREN_1",0.555908602025161
47,"statcomp","QREN_2",0.487961872675517
47,"statcomp","QREN_3",0.458817045838491
47,"vegan","QREN_0",2.63905732961526
47,"vegan","QREN_1",1.97644857057545
47,"vegan","QREN_2",1.73487429809764
47,"vegan","QREN_3",1.63125429450018
47,"adiv","QTSA_0",13
47,"adiv","QTSA_1",1.97644857057545
47,"adiv","QTSA_2",0.823577624479202
47,"adiv","QTSA_3",0.480853891003471
47,"divent","QTSA_0",13
47,"divent","QTSA_1",1.97644857057545
47,"divent","QTSA_2",0.823577624479202
47,"divent","QTSA_3",0.480853891003471
47,"entropart","QTSA_0",19
47,"entropart","QTSA_1",2.09698106444219
47,"entropart","QTSA_2",0.830247627883592
47,"entropart","QTSA_3",0.481626676329809
47,"EntropyEstimation","QTSA_1",2.03496967880386
47,"EntropyEstimation","QTSA_2",0.830440771349862
47,"EntropyEstimation","QTSA_3",0.482542190429891
47,"vegan","QTSA_0",13
47,"vegan","QTSA_1",1.97644857057545
47,"vegan","QTSA_2",0.823577624479202
47,"vegan","QTSA_3",0.480853891003471
47,"BAT","RACE",26.9224376731302
47,"ecodive","RACE",26.9224376731302
47,"fossil","RACE",17.1578947368421
47,"pctax","RACE",26.9224
47,"sprex","RACE",121
47,"tabula","RACE",26.9224376731302
47,"vegan","RACE",26.9224376731302
47,"wiqid","RACE",26.9224376731302
47,"BiodiversityR","RBOO",14
47,"wiqid","RBOO",35
47,"BAT","RC1",19
47,"BiodiversityR","RC1",14
47,"biosampleR","RC1",16
47,"iNEXT","RC1",22.926
47,"microbiome","RC1",19
47,"pctax","RC1",19
47,"rareNMtests","RC1",14
47,"SpadeR","RC1",14
47,"SSP","RC1",14
47,"vegan","RC1",19
47,"wiqid","RC1",23
47,"BAT","RC1M",22.4897959183673
47,"divent","RC1M",22.9256198347107
47,"ecodive","RC1M",23
47,"entropart","RC1M",22.9256198347107
47,"fossil","RC1M",23
47,"mobr","RC1M",22.9256198347107
47,"OTUtable","RC1M",23
47,"tabula","RC1M",22.9256198347107
47,"wiqid","RC1M",23
47,"BAT","RCA2",35
47,"divDyn","RCA2",18.6428571428571
47,"fossil","RCA2",23
47,"tabula","RCA2",14
47,"wiqid","RCA2",14
47,"benthos","RHUR_2",1.83044077134983
47,"benthos","RHUR_3",2.52623793318976
47,"divent","RHUR_2",5.8976570186743
47,"divent","RHUR_3",5.97929540823294
47,"entropart","RHUR_2",1.83044077134983
47,"entropart","RHUR_3",2.52623793318975
47,"mobsim","RHUR_2",1.83044077134983
47,"mobsim","RHUR_3",2.52623793318976
47,"tabula","RHUR_2",1.8304407713494
47,"tabula","RHUR_3",2.52623793318907
47,"vegan","RHUR_2",1.83044077134983
47,"vegan","RHUR_3",2.52623793318976
47,"BAT","RICE",35
47,"fossil","RICE",17.1578947368421
47,"tabula","RICE",14
47,"wiqid","RICE",14
47,"BAT","RJA1",20
47,"BiodiversityR","RJA1",14
47,"divent","RJA1",20
47,"entropart","RJA1",20
47,"fossil","RJA1",19.9504132231405
47,"SSP","RJA1",14
47,"tabula","RJA1",1.82779998497288
47,"wiqid","RJA1",20
47,"BAT","RJA2",24
47,"BiodiversityR","RJA2",14
47,"fossil","RJA2",23.7519283746556
47,"SSP","RJA2",14
47,"wiqid","RJA2",24
47,"wiqid","RMM",0
47,"divDyn","RSQ",20.3878546403792
47,"ecodive","RSQ",20.3878546403792
47,"tabula","RSQ",20.3878546403792
48,"abdiv","D1SP",0.700446393609523
48,"ade4","D1SP",0.700446393609523
48,"adiv","D1SP",0.700446393609523
48,"agricolae","D1SP",1
48,"asbio","D1SP",0.700446393609523
48,"BiodiversityR","D1SP",0.70044639
48,"biosampleR","D1SP",0.741071428571429
48,"breakaway","D1SP",0.700446393609523
48,"catsim","D1SP",0.540408163265306
48,"concstats","D1SP",0.979398635482073
48,"CUB","D1SP",0.72104775812745
48,"DescTools","D1SP",0.700446393609523
48,"divent","D1SP",0.700446393609523
48,"diverse","D1SP",0.741071428571429
48,"ecodive","D1SP",0.700446393609523
48,"entropart","D1SP",0.700446393609523
48,"lawstat","D1SP",0.916189484643415
48,"MCPAN","D1SP",-3824
48,"microbiome","D1SP",0.700446393609523
48,"PCRA","D1SP",0.700446393609523
48,"RoughSets","D1SP",0.700446393609523
48,"simboot","D1SP",-3824
48,"sprex","D1SP",0.700446393609523
48,"untb","D1SP",0.706700379266751
48,"vegan","D1SP",0.700446393609523
48,"abdiv","DBRI",1.45526362549176
48,"ecodive","DBRI",1.45526362549176
48,"tabula","DBRI",1.45526362549176
48,"wiqid","DBRI",4.28561311355812
48,"BiodiversityR","DFIS",3.39490891
48,"ecodive","DFIS",3.395
48,"microbiome","DFIS",3.39490891453288
48,"preseqR","DFIS",10.1451178026379
48,"sads","DFIS",3.39489908219455
48,"vegan","DFIS",3.39490891453288
48,"abdiv","DINVSP",3.33830065359477
48,"adiv","DINVSP",3.33830065359477
48,"asbio","DINVSP",3.33830065359477
48,"BiodiversityR","DINVSP",3.33830065
48,"breakaway","DINVSP",3.33830065359477
48,"chemodiv","DINVSP",3.33830065359477
48,"codyn","DINVSP",3.33830065359477
48,"divseg","DINVSP",1.29955360639048
48,"ecodive","DINVSP",3.33830065359477
48,"microbiome","DINVSP",3.33830065359477
48,"sprex","DINVSP",3.33830065359477
48,"vegan","DINVSP",3.33830065359477
48,"asbio","DLMD",21.1436946420778
48,"Compositional","DLMD",0.999958992306093
48,"sads","DLMD",1.25128760368473
48,"vegan","DLMD",62.2177680642591
48,"abdiv","DMC",0.499692180103725
48,"adiv","DMC",0.499692180103725
48,"agricolae","DMC",0.499692180103725
48,"ecodive","DMC",0.499692180103725
48,"forestHES","DMC",0.499692180103725
48,"tabula","DMC",0.499692180103725
48,"abdiv","DMG",2.32686642641395
48,"adiv","DMG",2.32686642641395
48,"agricolae","DMG",7.19213259073401
48,"ecodive","DMG",2.32686642641395
48,"tabula","DMG",2.32686642641395
48,"abdiv","DMN",1.12886504206032
48,"adiv","DMN",1.12886504206032
48,"ecodive","DMN",1.12886504206032
48,"tabula","DMN",1.12886504206032
48,"abdiv","DQ",0
48,"ade4","DRAO",0.700446393609523
48,"BAT","DRAO",0.700446393609523
48,"chemodiv","DRAO",418.379985065877
48,"diverse","DRAO",206.024618231775
48,"SYNCSA","DRAO",0.700446393609523
48,"abdiv","DSHA",1.59473021331706
48,"adiv","DSHA",1.59473021331706
48,"aqp","DSHA",-510.700063908077
48,"asbio","DSHA",1.59473021331706
48,"benthos","DSHA",0
48,"BiodiversityR","DSHA",1.59473021
48,"biosampleR","DSHA",1.7474499589395
48,"chemodiv","DSHA",1.59473021331706
48,"codyn","DSHA",1.59473021331706
48,"DescTools","DSHA",2.30070937030831
48,"divDyn","DSHA",1.59473021331706
48,"divent","DSHA",1.59473021331706
48,"diverse","DSHA",1.7474499589395
48,"ecodive","DSHA",1.59473021331706
48,"EconGeo","DSHA",2.301
48,"entropart","DSHA",1.75866584450312
48,"forestmangr","DSHA",3.56
48,"HardyWeinberg","DSHA",1.59473021331706
48,"iNEXT","DSHA",1.595
48,"MCPAN","DSHA",1.59473021331706
48,"microbiome","DSHA",1.59473021331706
48,"OTUtable","DSHA",1.59473021331706
48,"pgirmess","DSHA",2.30070937030831
48,"SpiecEasi","DSHA",1.59473021331706
48,"sprex","DSHA",1.59473021331706
48,"tabula","DSHA",1.59473021331706
48,"triversity","DSHA",12
48,"vegan","DSHA",1.59473021331706
48,"wavethresh","DSHA",-28642.3267187042
48,"wiqid","DSHA",3.40948275862069
48,"abdiv","DSP",0.299553606390477
48,"agricolae","DSP",0.299553606390477
48,"antitrust","DSP",2995.53606390477
48,"benthos","DSP",0.293299620733249
48,"breakaway","DSP",0.299553606390477
48,"concstats","DSP",0.299553606390477
48,"DescTools","DSP",0.299553606390477
48,"diverse","DSP",0.252252252252252
48,"divseg","DSP",1.29955360639048
48,"EconGeo","DSP",0.299553606390477
48,"hhi","DSP",0.299553606390477
48,"ineq","DSP",0.299553606390477
48,"microbiome","DSP",0.299553606390477
48,"PDtoolkit","DSP",0.299553606390477
48,"politics","DSP",0.299553606390477
48,"REAT","DSP",0.299553606390477
48,"sprex","DSP",0.299553606390477
48,"tabula","DSP",0.299553606390477
48,"triversity","DSP",0.299553606390477
48,"wiqid","DSP",3.40948275862069
48,"abdiv","EBP",0.469026548672566
48,"agricolae","EBP",0.469026548672566
48,"BiodiversityR","EBP",0.46902655
48,"diverse","EBP",0.410714285714286
48,"dyvDyn","EBP",0.469026548672566
48,"ecodive","EBP",0.469026548672566
48,"microbiome","EBP",0.469026548672566
48,"tabula","EBP",0.469026548672566
48,"triversity","EBP",0.469026548672566
48,"wiqid","EBP",1
48,"tabula","EBRI",0.634081410483846
48,"BAT","EBU",0.384553499597747
48,"microbiome","EBU",0.384553499597747
48,"BAT","ECAM",0.876508447304908
48,"microbiome","ECAM",0.969026548672566
48,"codyn","EEQ",0.152283928606096
48,"adiv","EEVAR",0.328404921055885
48,"codyn","EEVAR",0.312794747296142
48,"microbiome","EEVAR",0.328404921055885
48,"acid","EGIN",0.890012642225032
48,"DescTools","EGIN",0.890012642225032
48,"dplR","EGIN",0.890012642225032
48,"EconGeo","EGIN",0.89
48,"giniVarCI","EGIN",0.890012642225032
48,"ineq","EGIN",0.890012642225032
48,"microbiome","EGIN",0.890012642225032
48,"REAT","EGIN",0.890012642225032
48,"shipunov","EGIN",0.890012642225032
48,"wINEQ","EGIN",0.890012642225032
48,"adiv","EGSP",0.764123338483116
48,"abdiv","EHEI",0.35699996853673
48,"adiv","EHEI",0.35699996853673
48,"benthos","EHURE",0.706700379266751
48,"BiodiversityR","EHURE",0.70670038
48,"mobr","EHURE",0.706700379266751
48,"vegan","EHURE",0.706700379266765
48,"abdiv","EMC",0.606018779743519
48,"tabula","EMC",0.636397117492439
48,"microbiome","EMN",0.725663716814159
48,"abdiv","EPIE",0.641766648840957
48,"adiv","EPIE",0.641766648840957
48,"BiodiversityR","EPIE",0.64176665
48,"breakaway","EPIE",0.641766648840957
48,"chemodiv","EPIE",0.641766648840957
48,"diverse","EPIE",0.703225595653094
48,"forestmangr","EPIE",1
48,"microbiome","EPIE",0.641766648840957
48,"OTUtable","EPIE",0.641766648840957
48,"pctax","EPIE",0.6418
48,"sprex","EPIE",0.641766648840957
48,"tabula","EPIE",0.641766648840957
48,"adiv","ESP",0.278191721132898
48,"codyn","ESP",0.278191721132898
48,"sprex","ESP",0.132894184443088
48,"tabula","ESP",0.278191721132898
48,"abdiv","EST",0.564159292035398
48,"adiv","QHIL_0",12
48,"adiv","QHIL_1",4.92699965390403
48,"adiv","QHIL_2",3.33830065359477
48,"adiv","QHIL_3",2.87467880680927
48,"BAT","QHIL_0",12
48,"BAT","QHIL_1",4.92699965390403
48,"BAT","QHIL_2",3.33830065359477
48,"BAT","QHIL_3",2.87467880680927
48,"benthos","QHIL_0",35
48,"benthos","QHIL_1",4.92699965390403
48,"benthos","QHIL_2",3.33830065359477
48,"benthos","QHIL_3",2.87467880680927
48,"breakaway","QHIL_0",12
48,"breakaway","QHIL_1",4.92699965390403
48,"breakaway","QHIL_2",3.33830065359477
48,"breakaway","QHIL_3",2.87467880680927
48,"chemodiv","QHIL_0",12
48,"chemodiv","QHIL_1",4.92699965390403
48,"chemodiv","QHIL_2",3.33830065359477
48,"chemodiv","QHIL_3",2.87467880680927
48,"divDyn","QHIL_2",3.33830065359477
48,"divent","QHIL_0",12
48,"divent","QHIL_1",4.92699965390403
48,"divent","QHIL_2",3.33830065359477
48,"divent","QHIL_3",2.87467880680927
48,"entropart","QHIL_0",12
48,"entropart","QHIL_1",4.92699965390403
48,"entropart","QHIL_2",3.33830065359477
48,"entropart","QHIL_3",2.87467880680927
48,"EntropyEstimation","QHIL_1",5.19511181906041
48,"EntropyEstimation","QHIL_2",3.40948275862069
48,"EntropyEstimation","QHIL_3",2.93252806552043
48,"extremefit","QHIL",NA
48,"hilldiv","QHIL_0",12
48,"hilldiv","QHIL_1",4.9270307318149
48,"hilldiv","QHIL_2",3.33830065359477
48,"hilldiv","QHIL_3",2.87467880680927
48,"hillR","QHIL_0",12
48,"hillR","QHIL_1",4.92699965390403
48,"hillR","QHIL_2",3.33830065359477
48,"hillR","QHIL_3",2.87467880680927
48,"sprex","QHIL_0",12
48,"sprex","QHIL_1",4.92699965390403
48,"sprex","QHIL_2",3.33830065359477
48,"sprex","QHIL_3",2.87467880680927
48,"vegan","QHIL_0",12
48,"vegan","QHIL_1",4.92699965390403
48,"vegan","QHIL_2",3.33830065359477
48,"vegan","QHIL_3",2.87467880680927
48,"adiv","QREN_0",2.484906649788
48,"adiv","QREN_1",1.59473021331706
48,"adiv","QREN_2",1.20546189116404
48,"adiv","QREN_3",1.05594094863755
48,"BiodiversityR","QREN_0",2.484906649788
48,"BiodiversityR","QREN_1",1.59473021331706
48,"BiodiversityR","QREN_2",1.20546189116404
48,"BiodiversityR","QREN_3",1.05594094863755
48,"diverse","QREN_0",2.484906649788
48,"diverse","QREN_1",1.7474499589395
48,"diverse","QREN_2",1.35120304130862
48,"diverse","QREN_3",1.19707489520829
48,"EntropyEstimation","QREN_1",1.64771814868151
48,"EntropyEstimation","QREN_2",1.22656059610134
48,"EntropyEstimation","QREN_3",1.07586487200965
48,"seewave","QREN_2",0.339055954866769
48,"seewave","QREN_3",0.297000732672617
48,"sprex","QREN_0",2.484906649788
48,"sprex","QREN_1",1.59473021331706
48,"sprex","QREN_2",1.20546189116404
48,"sprex","QREN_3",1.05594094863755
48,"statcomp","QREN_1",0.448544048497178
48,"statcomp","QREN_2",0.339055943416986
48,"statcomp","QREN_3",0.29700072408528
48,"vegan","QREN_0",2.484906649788
48,"vegan","QREN_1",1.59473021331706
48,"vegan","QREN_2",1.20546189116404
48,"vegan","QREN_3",1.05594094863755
48,"adiv","QTSA_0",11
48,"adiv","QTSA_1",1.59473021331706
48,"adiv","QTSA_2",0.700446393609523
48,"adiv","QTSA_3",0.439494988207751
48,"divent","QTSA_0",11
48,"divent","QTSA_1",1.59473021331706
48,"divent","QTSA_2",0.700446393609523
48,"divent","QTSA_3",0.439494988207751
48,"entropart","QTSA_0",38
48,"entropart","QTSA_1",1.75866584450312
48,"entropart","QTSA_2",0.706693983739581
48,"entropart","QTSA_3",0.440434379627859
48,"EntropyEstimation","QTSA_1",1.64771814868151
48,"EntropyEstimation","QTSA_2",0.706700379266751
48,"EntropyEstimation","QTSA_3",0.441858577920525
48,"vegan","QTSA_0",11
48,"vegan","QTSA_1",1.59473021331706
48,"vegan","QTSA_2",0.700446393609523
48,"vegan","QTSA_3",0.439494988207751
48,"BAT","RACE",18.9674556213018
48,"ecodive","RACE",18.9674556213018
48,"fossil","RACE",13.9230769230769
48,"pctax","RACE",18.9675
48,"sprex","RACE",113
48,"tabula","RACE",18.9674556213018
48,"vegan","RACE",18.9674556213018
48,"wiqid","RACE",18.9674556213018
48,"BiodiversityR","RBOO",12
48,"wiqid","RBOO",35
48,"BAT","RC1",22
48,"BiodiversityR","RC1",12
48,"biosampleR","RC1",12.5
48,"iNEXT","RC1",21.912
48,"microbiome","RC1",22
48,"pctax","RC1",22
48,"rareNMtests","RC1",12
48,"SpadeR","RC1",12
48,"SSP","RC1",12
48,"vegan","RC1",22
48,"wiqid","RC1",22
48,"BAT","RC1M",25.8194444444444
48,"divent","RC1M",21.9115044247788
48,"ecodive","RC1M",Inf
48,"entropart","RC1M",21.9115044247788
48,"fossil","RC1M",22
48,"mobr","RC1M",21.9115044247788
48,"OTUtable","RC1M",Inf
48,"tabula","RC1M",21.9115044247788
48,"wiqid","RC1M",22
48,"BAT","RCA2",35
48,"divDyn","RCA2",21.1666666666667
48,"fossil","RCA2",22
48,"tabula","RCA2",12
48,"wiqid","RCA2",12
48,"benthos","RHUR_2",1.70670037926676
48,"benthos","RHUR_3",2.23638398195921
48,"divent","RHUR_2",3.40948537876242
48,"divent","RHUR_3",3.56091705928089
48,"entropart","RHUR_2",1.70670037926676
48,"entropart","RHUR_3",2.23638398195921
48,"mobsim","RHUR_2",1.70670037926676
48,"mobsim","RHUR_3",2.23638398195921
48,"tabula","RHUR_2",1.70670037926713
48,"tabula","RHUR_3",2.23638398195944
48,"vegan","RHUR_2",1.70670037926676
48,"vegan","RHUR_3",2.23638398195921
48,"BAT","RICE",35
48,"fossil","RICE",13.9230769230769
48,"tabula","RICE",12
48,"wiqid","RICE",12
48,"BAT","RJA1",17
48,"BiodiversityR","RJA1",12
48,"divent","RJA1",39
48,"entropart","RJA1",39
48,"fossil","RJA1",16.9557522123894
48,"SSP","RJA1",12
48,"tabula","RJA1",1.37916524717594
48,"wiqid","RJA1",17
48,"BAT","RJA2",22
48,"BiodiversityR","RJA2",12
48,"fossil","RJA2",21.7345132743363
48,"SSP","RJA2",12
48,"wiqid","RJA2",22
48,"wiqid","RMM",0
48,"divDyn","RSQ",19.5241954520419
48,"ecodive","RSQ",19.5241954520419
48,"tabula","RSQ",19.5241954520419
49,"abdiv","D1SP",0.874486854747139
49,"ade4","D1SP",0.87448685474714
49,"adiv","D1SP",0.874486854747139
49,"agricolae","D1SP",1
49,"asbio","D1SP",0.874486854747139
49,"BiodiversityR","D1SP",0.87448685
49,"biosampleR","D1SP",0.844137931034483
49,"breakaway","D1SP",0.874486854747139
49,"catsim","D1SP",0.587755102040816
49,"concstats","D1SP",0.97427979838979
49,"CUB","D1SP",0.90020705635735
49,"DescTools","D1SP",0.87448685474714
49,"divent","D1SP",0.874486854747139
49,"diverse","D1SP",0.844137931034483
49,"ecodive","D1SP",0.874486854747139
49,"entropart","D1SP",0.874486854747139
49,"lawstat","D1SP",0.804837822979659
49,"MCPAN","D1SP",-1436
49,"microbiome","D1SP",0.874486854747139
49,"PCRA","D1SP",0.874486854747139
49,"RoughSets","D1SP",0.874486854747139
49,"simboot","D1SP",-1436
49,"sprex","D1SP",0.874486854747139
49,"untb","D1SP",0.88273673073532
49,"vegan","D1SP",0.874486854747139
49,"abdiv","DBRI",2.09001006143891
49,"ecodive","DBRI",2.09001006143891
49,"tabula","DBRI",2.09001006143891
49,"wiqid","DBRI",8.08499651059432
49,"BiodiversityR","DFIS",3.87660246
49,"ecodive","DFIS",3.877
49,"microbiome","DFIS",3.87660245703948
49,"preseqR","DFIS",7.0911940272962
49,"sads","DFIS",3.87659110720111
49,"vegan","DFIS",3.87660245703948
49,"abdiv","DINVSP",7.96729297146834
49,"adiv","DINVSP",7.96729297146834
49,"asbio","DINVSP",7.96729297146834
49,"BiodiversityR","DINVSP",7.96729297
49,"breakaway","DINVSP",7.96729297146834
49,"chemodiv","DINVSP",7.96729297146834
49,"codyn","DINVSP",7.96729297146834
49,"divseg","DINVSP",1.12551314525286
49,"ecodive","DINVSP",7.96729297146834
49,"microbiome","DINVSP",7.96729297146834
49,"sprex","DINVSP",7.96729297146834
49,"vegan","DINVSP",7.96729297146834
49,"asbio","DLMD",19.8241158656583
49,"Compositional","DLMD",0.999958992306093
49,"sads","DLMD",1.78679936107045
49,"vegan","DLMD",13.7218374043675
49,"abdiv","DMC",0.714826546240717
49,"adiv","DMC",0.714826546240717
49,"agricolae","DMC",0.714826546240717
49,"ecodive","DMC",0.714826546240717
49,"forestHES","DMC",0.714826546240717
49,"tabula","DMC",0.714826546240717
49,"abdiv","DMG",2.5680375689134
49,"adiv","DMG",2.5680375689134
49,"agricolae","DMG",7.27610644525464
49,"ecodive","DMG",2.5680375689134
49,"tabula","DMG",2.5680375689134
49,"abdiv","DMN",1.25675743575936
49,"adiv","DMN",1.25675743575936
49,"ecodive","DMN",1.25675743575936
49,"tabula","DMN",1.25675743575936
49,"abdiv","DQ",0
49,"ade4","DRAO",0.874486854747139
49,"BAT","DRAO",0.87448685474714
49,"chemodiv","DRAO",176.365528895712
49,"diverse","DRAO",190.608422609874
49,"SYNCSA","DRAO",0.874486854747139
49,"abdiv","DSHA",2.28222157332806
49,"adiv","DSHA",2.28222157332806
49,"aqp","DSHA",-369.034144717551
49,"asbio","DSHA",2.28222157332806
49,"benthos","DSHA",0
49,"BiodiversityR","DSHA",2.28222157
49,"biosampleR","DSHA",2.19229065822757
49,"chemodiv","DSHA",2.28222157332806
49,"codyn","DSHA",2.28222157332806
49,"DescTools","DSHA",3.29254974605021
49,"divDyn","DSHA",2.28222157332806
49,"divent","DSHA",2.28222157332806
49,"diverse","DSHA",2.19229065822757
49,"ecodive","DSHA",2.28222157332806
49,"EconGeo","DSHA",3.293
49,"entropart","DSHA",2.31345268793478
49,"forestmangr","DSHA",3.56
49,"HardyWeinberg","DSHA",2.28222157332806
49,"iNEXT","DSHA",2.282
49,"MCPAN","DSHA",2.28222157332806
49,"microbiome","DSHA",2.28222157332806
49,"OTUtable","DSHA",2.28222157332806
49,"pgirmess","DSHA",3.29254974605021
49,"SpiecEasi","DSHA",2.28222157332806
49,"sprex","DSHA",2.28222157332806
49,"tabula","DSHA",2.28222157332806
49,"triversity","DSHA",13
49,"vegan","DSHA",2.28222157332806
49,"wavethresh","DSHA",-7958.94257901975
49,"wiqid","DSHA",8.52781954887218
49,"abdiv","DSP",0.125513145252861
49,"agricolae","DSP",0.125513145252861
49,"antitrust","DSP",1255.13145252861
49,"benthos","DSP",0.11726326926468
49,"breakaway","DSP",0.125513145252861
49,"concstats","DSP",0.125513145252861
49,"DescTools","DSP",0.125513145252861
49,"diverse","DSP",0.15
49,"divseg","DSP",1.12551314525286
49,"EconGeo","DSP",0.125513145252861
49,"hhi","DSP",0.125513145252861
49,"ineq","DSP",0.125513145252861
49,"microbiome","DSP",0.125513145252861
49,"PDtoolkit","DSP",0.125513145252861
49,"politics","DSP",0.125513145252861
49,"REAT","DSP",0.125513145252861
49,"sprex","DSP",0.125513145252861
49,"tabula","DSP",0.125513145252861
49,"triversity","DSP",0.125513145252861
49,"wiqid","DSP",8.52781954887218
49,"abdiv","EBP",0.233644859813084
49,"agricolae","EBP",0.233644859813084
49,"BiodiversityR","EBP",0.23364486
49,"diverse","EBP",0.303448275862069
49,"dyvDyn","EBP",0.233644859813084
49,"ecodive","EBP",0.233644859813084
49,"microbiome","EBP",0.233644859813084
49,"tabula","EBP",0.233644859813084
49,"triversity","EBP",0.233644859813084
49,"wiqid","EBP",1
49,"tabula","EBRI",0.888139275578054
49,"BAT","EBU",0.665109034267913
49,"microbiome","EBU",0.665109034267913
49,"BAT","ECAM",0.931224538701174
49,"microbiome","ECAM",0.755571531272466
49,"codyn","EEQ",0.203099130028554
49,"adiv","EEVAR",0.604680414267059
49,"codyn","EEVAR",0.58917855865424
49,"microbiome","EEVAR",0.604680414267059
49,"acid","EGIN",0.781842456608812
49,"DescTools","EGIN",0.781842456608812
49,"dplR","EGIN",0.781842456608812
49,"EconGeo","EGIN",0.782
49,"giniVarCI","EGIN",0.781842456608812
49,"ineq","EGIN",0.781842456608812
49,"microbiome","EGIN",0.781842456608812
49,"REAT","EGIN",0.781842456608812
49,"shipunov","EGIN",0.781842456608812
49,"wINEQ","EGIN",0.781842456608812
49,"adiv","EGSP",0.947360759309401
49,"abdiv","EHEI",0.733202013807939
49,"adiv","EHEI",0.733202013807939
49,"benthos","EHURE",0.88273673073532
49,"BiodiversityR","EHURE",0.88273673
49,"mobr","EHURE",0.88273673073532
49,"vegan","EHURE",0.88273673073532
49,"abdiv","EMC",0.398764274696683
49,"tabula","EMC",0.893547005258439
49,"microbiome","EMN",0.392523364485981
49,"abdiv","EPIE",0.889772566732748
49,"adiv","EPIE",0.889772566732748
49,"BiodiversityR","EPIE",0.88977257
49,"breakaway","EPIE",0.889772566732748
49,"chemodiv","EPIE",0.889772566732748
49,"diverse","EPIE",0.809545796948403
49,"forestmangr","EPIE",1
49,"microbiome","EPIE",0.889772566732748
49,"OTUtable","EPIE",0.889772566732748
49,"pctax","EPIE",0.8898
49,"sprex","EPIE",0.889772566732748
49,"tabula","EPIE",0.889772566732748
49,"adiv","ESP",0.612868690112949
49,"codyn","ESP",0.612868690112949
49,"sprex","ESP",0.17555550564062
49,"tabula","ESP",0.612868690112949
49,"abdiv","EST",0.309130122214234
49,"adiv","QHIL_0",13
49,"adiv","QHIL_1",9.79842416569527
49,"adiv","QHIL_2",7.96729297146834
49,"adiv","QHIL_3",6.90937681262902
49,"BAT","QHIL_0",13
49,"BAT","QHIL_1",9.79842416569527
49,"BAT","QHIL_2",7.96729297146834
49,"BAT","QHIL_3",6.90937681262902
49,"benthos","QHIL_0",35
49,"benthos","QHIL_1",9.79842416569527
49,"benthos","QHIL_2",7.96729297146834
49,"benthos","QHIL_3",6.90937681262902
49,"breakaway","QHIL_0",13
49,"breakaway","QHIL_1",9.79842416569527
49,"breakaway","QHIL_2",7.96729297146834
49,"breakaway","QHIL_3",6.90937681262902
49,"chemodiv","QHIL_0",13
49,"chemodiv","QHIL_1",9.79842416569527
49,"chemodiv","QHIL_2",7.96729297146834
49,"chemodiv","QHIL_3",6.90937681262902
49,"divDyn","QHIL_2",7.96729297146834
49,"divent","QHIL_0",13
49,"divent","QHIL_1",9.79842416569527
49,"divent","QHIL_2",7.96729297146833
49,"divent","QHIL_3",6.90937681262902
49,"entropart","QHIL_0",13
49,"entropart","QHIL_1",9.79842416569527
49,"entropart","QHIL_2",7.96729297146833
49,"entropart","QHIL_3",6.90937681262901
49,"EntropyEstimation","QHIL_1",10.3884587402172
49,"EntropyEstimation","QHIL_2",8.52781954887218
49,"EntropyEstimation","QHIL_3",7.43147137743339
49,"extremefit","QHIL",NA
49,"hilldiv","QHIL_0",13
49,"hilldiv","QHIL_1",9.79844806564475
49,"hilldiv","QHIL_2",7.96729297146834
49,"hilldiv","QHIL_3",6.90937681262902
49,"hillR","QHIL_0",13
49,"hillR","QHIL_1",9.79842416569527
49,"hillR","QHIL_2",7.96729297146834
49,"hillR","QHIL_3",6.90937681262902
49,"sprex","QHIL_0",13
49,"sprex","QHIL_1",9.79842416569527
49,"sprex","QHIL_2",7.96729297146834
49,"sprex","QHIL_3",6.90937681262902
49,"vegan","QHIL_0",13
49,"vegan","QHIL_1",9.79842416569527
49,"vegan","QHIL_2",7.96729297146834
49,"vegan","QHIL_3",6.90937681262902
49,"adiv","QREN_0",2.56494935746154
49,"adiv","QREN_1",2.28222157332806
49,"adiv","QREN_2",2.07534478284479
49,"adiv","QREN_3",1.93287944740705
49,"BiodiversityR","QREN_0",2.56494935746154
49,"BiodiversityR","QREN_1",2.28222157332806
49,"BiodiversityR","QREN_2",2.07534478284479
49,"BiodiversityR","QREN_3",1.93287944740705
49,"diverse","QREN_0",2.70805020110221
49,"diverse","QREN_1",2.19229065822757
49,"diverse","QREN_2",1.85878383614233
49,"diverse","QREN_3",1.66416105304063
49,"EntropyEstimation","QREN_1",2.34069545341625
49,"EntropyEstimation","QREN_2",2.14333370735817
49,"EntropyEstimation","QREN_3",2.00572387107997
49,"seewave","QREN_2",0.58372479658064
49,"seewave","QREN_3",0.543654079662301
49,"sprex","QREN_0",2.56494935746154
49,"sprex","QREN_1",2.28222157332806
49,"sprex","QREN_2",2.07534478284479
49,"sprex","QREN_3",1.93287944740705
49,"statcomp","QREN_1",0.641912278026582
49,"statcomp","QREN_2",0.583724785014545
49,"statcomp","QREN_3",0.54365407098773
49,"vegan","QREN_0",2.56494935746154
49,"vegan","QREN_1",2.28222157332806
49,"vegan","QREN_2",2.07534478284479
49,"vegan","QREN_3",1.93287944740705
49,"adiv","QTSA_0",12
49,"adiv","QTSA_1",2.28222157332806
49,"adiv","QTSA_2",0.874486854747139
49,"adiv","QTSA_3",0.489526490090552
49,"divent","QTSA_0",12
49,"divent","QTSA_1",2.28222157332806
49,"divent","QTSA_2",0.874486854747139
49,"divent","QTSA_3",0.489526490090552
49,"entropart","QTSA_0",13
49,"entropart","QTSA_1",2.31345268793478
49,"entropart","QTSA_2",0.876694450546207
49,"entropart","QTSA_3",0.489811593403049
49,"EntropyEstimation","QTSA_1",2.34069545341625
49,"EntropyEstimation","QTSA_2",0.88273673073532
49,"EntropyEstimation","QTSA_3",0.490946419124871
49,"vegan","QTSA_0",12
49,"vegan","QTSA_1",2.28222157332806
49,"vegan","QTSA_2",0.874486854747139
49,"vegan","QTSA_3",0.489526490090552
49,"BAT","RACE",13.30608
49,"ecodive","RACE",13.30608
49,"fossil","RACE",13.2
49,"pctax","RACE",13.3061
49,"sprex","RACE",115.776259037071
49,"tabula","RACE",13.30608
49,"vegan","RACE",13.30608
49,"wiqid","RACE",13.30608
49,"BiodiversityR","RBOO",13
49,"wiqid","RBOO",35
49,"BAT","RC1",13
49,"BiodiversityR","RC1",13
49,"biosampleR","RC1",15.25
49,"iNEXT","RC1",13.495
49,"microbiome","RC1",13
49,"pctax","RC1",13
49,"rareNMtests","RC1",13
49,"SpadeR","RC1",13
49,"SSP","RC1",12
49,"vegan","RC1",13
49,"wiqid","RC1",13.5
49,"BAT","RC1M",13.0769230769231
49,"divent","RC1M",13.4953271028037
49,"ecodive","RC1M",13.5
49,"entropart","RC1M",13.4953271028037
49,"fossil","RC1M",13.5
49,"mobr","RC1M",13.4953271028037
49,"OTUtable","RC1M",13.5
49,"tabula","RC1M",13.4953271028037
49,"wiqid","RC1M",13.5
49,"BAT","RCA2",35
49,"divDyn","RCA2",13
49,"fossil","RCA2",13.5
49,"tabula","RCA2",13
49,"wiqid","RCA2",13
49,"benthos","RHUR_2",1.88273673073532
49,"benthos","RHUR_3",2.66631735395623
49,"divent","RHUR_2",8.52782944903298
49,"divent","RHUR_3",8.64387519273331
49,"entropart","RHUR_2",1.88273673073532
49,"entropart","RHUR_3",2.66631735395623
49,"mobsim","RHUR_2",1.88273673073532
49,"mobsim","RHUR_3",2.66631735395623
49,"tabula","RHUR_2",1.88273673073547
49,"tabula","RHUR_3",2.66631735395673
49,"vegan","RHUR_2",1.88273673073532
49,"vegan","RHUR_3",2.66631735395623
49,"BAT","RICE",35
49,"fossil","RICE",13.2
49,"tabula","RICE",13
49,"wiqid","RICE",13
49,"BAT","RJA1",14
49,"BiodiversityR","RJA1",13
49,"divent","RJA1",14
49,"entropart","RJA1",14
49,"fossil","RJA1",13.9906542056075
49,"SSP","RJA1",12
49,"tabula","RJA1",2.17502926704585
49,"wiqid","RJA1",14
49,"BAT","RJA2",14
49,"BiodiversityR","RJA2",13
49,"fossil","RJA2",13.9718744489508
49,"SSP","RJA2",12
49,"wiqid","RJA2",14
49,"wiqid","RMM",0
49,"divDyn","RSQ",13.1256558237146
49,"ecodive","RSQ",13.1256558237146
49,"tabula","RSQ",13.1256558237146
50,"abdiv","D1SP",0.766526661796932
50,"ade4","D1SP",0.766526661796932
50,"adiv","D1SP",0.766526661796932
50,"agricolae","D1SP",1
50,"asbio","D1SP",0.766526661796932
50,"BiodiversityR","D1SP",0.76652666
50,"biosampleR","D1SP",0.698875468554769
50,"breakaway","D1SP",0.766526661796932
50,"catsim","D1SP",0.519183673469388
50,"concstats","D1SP",0.977455098182443
50,"CUB","D1SP",0.789071563614489
50,"DescTools","D1SP",0.766526661796932
50,"divent","D1SP",0.766526661796932
50,"diverse","D1SP",0.698875468554769
50,"ecodive","D1SP",0.766526661796932
50,"entropart","D1SP",0.766526661796932
50,"lawstat","D1SP",0.895468998410175
50,"MCPAN","D1SP",-5113
50,"microbiome","D1SP",0.766526661796932
50,"PCRA","D1SP",0.766526661796932
50,"RoughSets","D1SP",0.766526661796932
50,"simboot","D1SP",-5113
50,"sprex","D1SP",0.766526661796932
50,"untb","D1SP",0.771741128883986
50,"vegan","D1SP",0.766526661796932
50,"abdiv","DBRI",1.66772294807745
50,"ecodive","DBRI",1.66772294807745
50,"tabula","DBRI",1.66772294807745
50,"wiqid","DBRI",5.30008547654192
50,"BiodiversityR","DFIS",2.74636064
50,"ecodive","DFIS",2.746
50,"microbiome","DFIS",2.7463606429885
50,"preseqR","DFIS",12.7481934398799
50,"sads","DFIS",2.74634103765123
50,"vegan","DFIS",2.7463606429885
50,"abdiv","DINVSP",4.28314430973797
50,"adiv","DINVSP",4.28314430973797
50,"asbio","DINVSP",4.28314430973797
50,"BiodiversityR","DINVSP",4.28314431
50,"breakaway","DINVSP",4.28314430973797
50,"chemodiv","DINVSP",4.28314430973797
50,"codyn","DINVSP",4.28314430973797
50,"divseg","DINVSP",1.23347333820307
50,"ecodive","DINVSP",4.28314430973797
50,"microbiome","DINVSP",4.28314430973797
50,"sprex","DINVSP",4.28314430973797
50,"vegan","DINVSP",4.28314430973797
50,"asbio","DLMD",20.8315384114581
50,"Compositional","DLMD",0.999958992306093
50,"sads","DLMD",1.89443535571058
50,"vegan","DLMD",17.150224102148
50,"abdiv","DMC",0.56309536528924
50,"adiv","DMC",0.56309536528924
50,"agricolae","DMC",0.56309536528924
50,"ecodive","DMC",0.56309536528924
50,"forestHES","DMC",0.56309536528924
50,"tabula","DMC",0.56309536528924
50,"abdiv","DMG",2.00111571255459
50,"adiv","DMG",2.00111571255459
50,"agricolae","DMG",6.80379342268559
50,"ecodive","DMG",2.00111571255459
50,"tabula","DMG",2.00111571255459
50,"abdiv","DMN",0.904194430179465
50,"adiv","DMN",0.904194430179465
50,"ecodive","DMN",0.904194430179465
50,"tabula","DMN",0.904194430179465
50,"abdiv","DQ",0
50,"ade4","DRAO",0.766526661796932
50,"BAT","DRAO",0.766526661796932
50,"chemodiv","DRAO",409.214273620738
50,"diverse","DRAO",202.051317492596
50,"SYNCSA","DRAO",0.766526661796932
50,"abdiv","DSHA",1.78501165071013
50,"adiv","DSHA",1.78501165071013
50,"aqp","DSHA",-685.865434564622
50,"asbio","DSHA",1.78501165071013
50,"benthos","DSHA",0
50,"BiodiversityR","DSHA",1.78501165
50,"biosampleR","DSHA",1.45175112233038
50,"chemodiv","DSHA",1.78501165071013
50,"codyn","DSHA",1.78501165071013
50,"DescTools","DSHA",2.57522745640853
50,"divDyn","DSHA",1.78501165071013
50,"divent","DSHA",1.78501165071013
50,"diverse","DSHA",1.45175112233038
50,"ecodive","DSHA",1.78501165071013
50,"EconGeo","DSHA",2.575
50,"entropart","DSHA",1.81285539523705
50,"forestmangr","DSHA",3.56
50,"HardyWeinberg","DSHA",1.78501165071013
50,"iNEXT","DSHA",1.785
50,"MCPAN","DSHA",1.78501165071013
50,"microbiome","DSHA",1.78501165071013
50,"OTUtable","DSHA",1.78501165071013
50,"pgirmess","DSHA",2.57522745640853
50,"SpiecEasi","DSHA",1.78501165071013
50,"sprex","DSHA",1.78501165071013
50,"tabula","DSHA",1.78501165071013
50,"triversity","DSHA",11
50,"vegan","DSHA",1.78501165071013
50,"wavethresh","DSHA",-38470.5872069395
50,"wiqid","DSHA",4.38099073701168
50,"abdiv","DSP",0.233473338203068
50,"agricolae","DSP",0.233473338203068
50,"antitrust","DSP",2334.73338203068
50,"benthos","DSP",0.228258871116014
50,"breakaway","DSP",0.233473338203068
50,"concstats","DSP",0.233473338203068
50,"DescTools","DSP",0.233473338203068
50,"diverse","DSP",0.28656462585034
50,"divseg","DSP",1.23347333820307
50,"EconGeo","DSP",0.233473338203068
50,"hhi","DSP",0.233473338203068
50,"ineq","DSP",0.233473338203068
50,"microbiome","DSP",0.233473338203068
50,"PDtoolkit","DSP",0.233473338203068
50,"politics","DSP",0.233473338203068
50,"REAT","DSP",0.233473338203068
50,"sprex","DSP",0.233473338203068
50,"tabula","DSP",0.233473338203068
50,"triversity","DSP",0.233473338203068
50,"wiqid","DSP",4.38099073701168
50,"abdiv","EBP",0.385135135135135
50,"agricolae","EBP",0.385135135135135
50,"BiodiversityR","EBP",0.38513514
50,"diverse","EBP",0.428571428571429
50,"dyvDyn","EBP",0.385135135135135
50,"ecodive","EBP",0.385135135135135
50,"microbiome","EBP",0.385135135135135
50,"tabula","EBP",0.385135135135135
50,"triversity","EBP",0.385135135135135
50,"wiqid","EBP",1
50,"tabula","EBRI",0.739574617182606
50,"BAT","EBU",0.497297297297297
50,"microbiome","EBU",0.497297297297297
50,"BAT","ECAM",0.882800982800983
50,"microbiome","ECAM",0.745700245700246
50,"codyn","EEQ",0.147378085655492
50,"adiv","EEVAR",0.385981705700356
50,"codyn","EEVAR",0.36645090943248
50,"microbiome","EEVAR",0.385981705700356
50,"acid","EGIN",0.86988416988417
50,"DescTools","EGIN",0.86988416988417
50,"dplR","EGIN",0.86988416988417
50,"EconGeo","EGIN",0.87
50,"giniVarCI","EGIN",0.86988416988417
50,"ineq","EGIN",0.86988416988417
50,"microbiome","EGIN",0.86988416988417
50,"REAT","EGIN",0.86988416988417
50,"shipunov","EGIN",0.86988416988417
50,"wINEQ","EGIN",0.86988416988417
50,"adiv","EGSP",0.843179327976625
50,"abdiv","EHEI",0.495964938132553
50,"adiv","EHEI",0.495964938132553
50,"benthos","EHURE",0.771741128883986
50,"BiodiversityR","EHURE",0.77174113
50,"mobr","EHURE",0.771741128883986
50,"vegan","EHURE",0.771741128883968
50,"abdiv","EMC",0.518068612874433
50,"tabula","EMC",0.739896356758841
50,"microbiome","EMN",0.635135135135135
50,"abdiv","EPIE",0.744407677415787
50,"adiv","EPIE",0.744407677415787
50,"BiodiversityR","EPIE",0.74440768
50,"breakaway","EPIE",0.744407677415787
50,"chemodiv","EPIE",0.744407677415787
50,"diverse","EPIE",0.698144714930342
50,"forestmangr","EPIE",1
50,"microbiome","EPIE",0.744407677415787
50,"OTUtable","EPIE",0.744407677415787
50,"pctax","EPIE",0.7444
50,"sprex","EPIE",0.744407677415787
50,"tabula","EPIE",0.744407677415787
50,"adiv","ESP",0.389376755430725
50,"codyn","ESP",0.389376755430725
50,"sprex","ESP",0.162273786428194
50,"tabula","ESP",0.389376755430725
50,"abdiv","EST",0.457002457002457
50,"adiv","QHIL_0",11
50,"adiv","QHIL_1",5.95964938132553
50,"adiv","QHIL_2",4.28314430973797
50,"adiv","QHIL_3",3.6655648810419
50,"BAT","QHIL_0",11
50,"BAT","QHIL_1",5.95964938132553
50,"BAT","QHIL_2",4.28314430973797
50,"BAT","QHIL_3",3.6655648810419
50,"benthos","QHIL_0",35
50,"benthos","QHIL_1",5.95964938132553
50,"benthos","QHIL_2",4.28314430973797
50,"benthos","QHIL_3",3.6655648810419
50,"breakaway","QHIL_0",11
50,"breakaway","QHIL_1",5.95964938132553
50,"breakaway","QHIL_2",4.28314430973797
50,"breakaway","QHIL_3",3.6655648810419
50,"chemodiv","QHIL_0",11
50,"chemodiv","QHIL_1",5.95964938132553
50,"chemodiv","QHIL_2",4.28314430973797
50,"chemodiv","QHIL_3",3.6655648810419
50,"divDyn","QHIL_2",4.28314430973797
50,"divent","QHIL_0",11
50,"divent","QHIL_1",5.95964938132553
50,"divent","QHIL_2",4.28314430973797
50,"divent","QHIL_3",3.6655648810419
50,"entropart","QHIL_0",11
50,"entropart","QHIL_1",5.95964938132553
50,"entropart","QHIL_2",4.28314430973797
50,"entropart","QHIL_3",3.6655648810419
50,"EntropyEstimation","QHIL_1",6.17456549632859
50,"EntropyEstimation","QHIL_2",4.38099073701168
50,"EntropyEstimation","QHIL_3",3.74711148389463
50,"extremefit","QHIL",NA
50,"hilldiv","QHIL_0",11
50,"hilldiv","QHIL_1",5.9596773873478
50,"hilldiv","QHIL_2",4.28314430973797
50,"hilldiv","QHIL_3",3.6655648810419
50,"hillR","QHIL_0",11
50,"hillR","QHIL_1",5.95964938132553
50,"hillR","QHIL_2",4.28314430973797
50,"hillR","QHIL_3",3.6655648810419
50,"sprex","QHIL_0",11
50,"sprex","QHIL_1",5.95964938132553
50,"sprex","QHIL_2",4.28314430973797
50,"sprex","QHIL_3",3.6655648810419
50,"vegan","QHIL_0",11
50,"vegan","QHIL_1",5.95964938132553
50,"vegan","QHIL_2",4.28314430973797
50,"vegan","QHIL_3",3.6655648810419
50,"adiv","QREN_0",2.39789527279837
50,"adiv","QREN_1",1.78501165071013
50,"adiv","QREN_2",1.4546873916771
50,"adiv","QREN_3",1.29898245198643
50,"BiodiversityR","QREN_0",2.39789527279837
50,"BiodiversityR","QREN_1",1.78501165071013
50,"BiodiversityR","QREN_2",1.4546873916771
50,"BiodiversityR","QREN_3",1.29898245198643
50,"diverse","QREN_0",2.07944154167984
50,"diverse","QREN_1",1.45175112233038
50,"diverse","QREN_2",1.20023137406249
50,"diverse","QREN_3",1.10172440266807
50,"EntropyEstimation","QREN_1",1.82043851507128
50,"EntropyEstimation","QREN_2",1.47727489447474
50,"EntropyEstimation","QREN_3",1.32098527220978
50,"seewave","QREN_2",0.409154715361435
50,"seewave","QREN_3",0.365360143042248
50,"sprex","QREN_0",2.39789527279837
50,"sprex","QREN_1",1.78501165071013
50,"sprex","QREN_2",1.4546873916771
50,"sprex","QREN_3",1.29898245198643
50,"statcomp","QREN_1",0.50206382605543
50,"statcomp","QREN_2",0.409154706239281
50,"statcomp","QREN_3",0.365360136200632
50,"vegan","QREN_0",2.39789527279837
50,"vegan","QREN_1",1.78501165071013
50,"vegan","QREN_2",1.4546873916771
50,"vegan","QREN_3",1.29898245198643
50,"adiv","QTSA_0",10
50,"adiv","QTSA_1",1.78501165071013
50,"adiv","QTSA_2",0.766526661796932
50,"adiv","QTSA_3",0.462787557005508
50,"divent","QTSA_0",10
50,"divent","QTSA_1",1.78501165071013
50,"divent","QTSA_2",0.766526661796932
50,"divent","QTSA_3",0.462787557005508
50,"entropart","QTSA_0",11
50,"entropart","QTSA_1",1.81285539523705
50,"entropart","QTSA_2",0.769540847812644
50,"entropart","QTSA_3",0.463515760512766
50,"EntropyEstimation","QTSA_1",1.82043851507128
50,"EntropyEstimation","QTSA_2",0.771741128883986
50,"EntropyEstimation","QTSA_3",0.464389606268276
50,"vegan","QTSA_0",10
50,"vegan","QTSA_1",1.78501165071013
50,"vegan","QTSA_2",0.766526661796932
50,"vegan","QTSA_3",0.462787557005508
50,"BAT","RACE",11.6014030612245
50,"ecodive","RACE",11.6014030612245
50,"fossil","RACE",11.25
50,"pctax","RACE",11.6014
50,"sprex","RACE",149.332720869698
50,"tabula","RACE",11.6014030612245
50,"vegan","RACE",11.6014030612245
50,"wiqid","RACE",11.6014030612245
50,"BiodiversityR","RBOO",11
50,"wiqid","RBOO",35
50,"BAT","RC1",11
50,"BiodiversityR","RC1",11
50,"biosampleR","RC1",11
50,"iNEXT","RC1",11.248
50,"microbiome","RC1",11
50,"pctax","RC1",11
50,"rareNMtests","RC1",11
50,"SpadeR","RC1",11
50,"SSP","RC1",10
50,"vegan","RC1",11
50,"wiqid","RC1",11.25
50,"BAT","RC1M",11.0909090909091
50,"divent","RC1M",11.2483108108108
50,"ecodive","RC1M",11.25
50,"entropart","RC1M",11.2483108108108
50,"fossil","RC1M",11.25
50,"mobr","RC1M",11.2483108108108
50,"OTUtable","RC1M",11.25
50,"tabula","RC1M",11.2483108108108
50,"wiqid","RC1M",11.25
50,"BAT","RCA2",35
50,"divDyn","RCA2",11
50,"fossil","RCA2",11.25
50,"tabula","RCA2",11
50,"wiqid","RCA2",11
50,"benthos","RHUR_2",1.77174112888397
50,"benthos","RHUR_3",2.38644417411541
50,"divent","RHUR_2",4.38099063024138
50,"divent","RHUR_3",4.52971135875732
50,"entropart","RHUR_2",1.77174112888397
50,"entropart","RHUR_3",2.38644417411541
50,"mobsim","RHUR_2",1.77174112888397
50,"mobsim","RHUR_3",2.38644417411541
50,"tabula","RHUR_2",1.77174112888441
50,"tabula","RHUR_3",2.38644417411543
50,"vegan","RHUR_2",1.77174112888397
50,"vegan","RHUR_3",2.38644417411541
50,"BAT","RICE",35
50,"fossil","RICE",11.25
50,"tabula","RICE",11
50,"wiqid","RICE",11
50,"BAT","RJA1",12
50,"BiodiversityR","RJA1",11
50,"divent","RJA1",12
50,"entropart","RJA1",12
50,"fossil","RJA1",11.9932432432432
50,"SSP","RJA1",10
50,"tabula","RJA1",1.62575853429885
50,"wiqid","RJA1",12
50,"BAT","RJA2",11
50,"BiodiversityR","RJA2",11
50,"fossil","RJA2",10.9999080713366
50,"SSP","RJA2",10
50,"wiqid","RJA2",11
50,"wiqid","RMM",0
50,"divDyn","RSQ",11.2335906454118
50,"ecodive","RSQ",11.2335906454118
50,"tabula","RSQ",11.2335906454118
51,"abdiv","D1SP",0.784929356357928
51,"ade4","D1SP",0.784929356357928
51,"adiv","D1SP",0.784929356357928
51,"agricolae","D1SP",1
51,"asbio","D1SP",0.784929356357928
51,"BiodiversityR","D1SP",0.78492936
51,"biosampleR","D1SP",0.804399524375743
51,"breakaway","D1SP",0.784929356357928
51,"catsim","D1SP",0.612244897959184
51,"concstats","D1SP",0.976913842460061
51,"CUB","D1SP",0.808015513897867
51,"DescTools","D1SP",0.784929356357928
51,"divent","D1SP",0.784929356357928
51,"diverse","D1SP",0.804399524375743
51,"ecodive","D1SP",0.784929356357928
51,"entropart","D1SP",0.784929356357928
51,"lawstat","D1SP",0.866192630898513
51,"MCPAN","D1SP",-1780
51,"microbiome","D1SP",0.784929356357928
51,"PCRA","D1SP",0.784929356357928
51,"RoughSets","D1SP",0.784929356357928
51,"simboot","D1SP",-1780
51,"sprex","D1SP",0.784929356357928
51,"untb","D1SP",0.793650793650794
51,"vegan","D1SP",0.784929356357928
51,"abdiv","DBRI",1.73602035788714
51,"ecodive","DBRI",1.73602035788714
51,"tabula","DBRI",1.73602035788714
51,"wiqid","DBRI",5.67471509105119
51,"BiodiversityR","DFIS",4.62070716
51,"ecodive","DFIS",4.621
51,"microbiome","DFIS",4.62070716252126
51,"preseqR","DFIS",10.2723754478182
51,"sads","DFIS",4.62070204021316
51,"vegan","DFIS",4.62070716252126
51,"abdiv","DINVSP",4.64963503649635
51,"adiv","DINVSP",4.64963503649635
51,"asbio","DINVSP",4.64963503649635
51,"BiodiversityR","DINVSP",4.64963504
51,"breakaway","DINVSP",4.64963503649635
51,"chemodiv","DINVSP",4.64963503649635
51,"codyn","DINVSP",4.64963503649635
51,"divseg","DINVSP",1.21507064364207
51,"ecodive","DINVSP",4.64963503649635
51,"microbiome","DINVSP",4.64963503649635
51,"sprex","DINVSP",4.64963503649635
51,"vegan","DINVSP",4.64963503649635
51,"asbio","DLMD",24.6736507172782
51,"Compositional","DLMD",0.999958992306093
51,"sads","DLMD",1.17495634177605
51,"vegan","DLMD",18.3397492351757
51,"abdiv","DMC",0.599039284318498
51,"adiv","DMC",0.599039284318498
51,"agricolae","DMC",0.599039284318498
51,"ecodive","DMC",0.599039284318498
51,"forestHES","DMC",0.599039284318498
51,"tabula","DMC",0.599039284318498
51,"abdiv","DMG",2.8819341372124
51,"adiv","DMG",2.8819341372124
51,"agricolae","DMG",7.53736620501705
51,"ecodive","DMG",2.8819341372124
51,"tabula","DMG",2.8819341372124
51,"abdiv","DMN",1.46759877141069
51,"adiv","DMN",1.46759877141069
51,"ecodive","DMN",1.46759877141069
51,"tabula","DMN",1.46759877141069
51,"abdiv","DQ",0
51,"ade4","DRAO",0.784929356357928
51,"BAT","DRAO",0.784929356357928
51,"chemodiv","DRAO",396.667359799684
51,"diverse","DRAO",193.593183158923
51,"SYNCSA","DRAO",0.784929356357928
51,"abdiv","DSHA",1.93885827588015
51,"adiv","DSHA",1.93885827588015
51,"aqp","DSHA",-337.665821274589
51,"asbio","DSHA",1.93885827588015
51,"benthos","DSHA",0
51,"BiodiversityR","DSHA",1.93885828
51,"biosampleR","DSHA",1.86267837793432
51,"chemodiv","DSHA",1.93885827588015
51,"codyn","DSHA",1.93885827588015
51,"DescTools","DSHA",2.79718121959882
51,"divDyn","DSHA",1.93885827588015
51,"divent","DSHA",1.93885827588015
51,"diverse","DSHA",1.86267837793432
51,"ecodive","DSHA",1.93885827588015
51,"EconGeo","DSHA",2.797
51,"entropart","DSHA",2.04906961255148
51,"forestmangr","DSHA",3.56
51,"HardyWeinberg","DSHA",1.93885827588015
51,"iNEXT","DSHA",1.939
51,"MCPAN","DSHA",1.93885827588015
51,"microbiome","DSHA",1.93885827588015
51,"OTUtable","DSHA",1.93885827588015
51,"pgirmess","DSHA",2.79718121959882
51,"SpiecEasi","DSHA",1.93885827588015
51,"sprex","DSHA",1.93885827588015
51,"tabula","DSHA",1.93885827588015
51,"triversity","DSHA",14
51,"vegan","DSHA",1.93885827588015
51,"wavethresh","DSHA",-11466.4871774151
51,"wiqid","DSHA",4.84615384615385
51,"abdiv","DSP",0.215070643642072
51,"agricolae","DSP",0.215070643642072
51,"antitrust","DSP",2150.70643642072
51,"benthos","DSP",0.206349206349206
51,"breakaway","DSP",0.215070643642072
51,"concstats","DSP",0.215070643642072
51,"DescTools","DSP",0.215070643642072
51,"diverse","DSP",0.181488203266788
51,"divseg","DSP",1.21507064364207
51,"EconGeo","DSP",0.215070643642072
51,"hhi","DSP",0.215070643642072
51,"ineq","DSP",0.215070643642072
51,"microbiome","DSP",0.215070643642072
51,"PDtoolkit","DSP",0.215070643642072
51,"politics","DSP",0.215070643642072
51,"REAT","DSP",0.215070643642072
51,"sprex","DSP",0.215070643642072
51,"tabula","DSP",0.215070643642072
51,"triversity","DSP",0.215070643642072
51,"wiqid","DSP",4.84615384615385
51,"abdiv","EBP",0.340659340659341
51,"agricolae","EBP",0.340659340659341
51,"BiodiversityR","EBP",0.34065934
51,"diverse","EBP",0.310344827586207
51,"dyvDyn","EBP",0.340659340659341
51,"ecodive","EBP",0.340659340659341
51,"microbiome","EBP",0.340659340659341
51,"tabula","EBP",0.340659340659341
51,"triversity","EBP",0.340659340659341
51,"wiqid","EBP",1
51,"tabula","EBRI",0.728234688899949
51,"BAT","EBU",0.461538461538462
51,"microbiome","EBU",0.461538461538462
51,"BAT","ECAM",0.907136819224731
51,"microbiome","ECAM",0.883045525902669
51,"codyn","EEQ",0.173312425707506
51,"adiv","EEVAR",0.447970994278315
51,"codyn","EEVAR",0.433856679060457
51,"microbiome","EEVAR",0.447970994278315
51,"acid","EGIN",0.841444270015699
51,"DescTools","EGIN",0.841444270015698
51,"dplR","EGIN",0.841444270015699
51,"EconGeo","EGIN",0.841
51,"giniVarCI","EGIN",0.841444270015699
51,"ineq","EGIN",0.841444270015698
51,"microbiome","EGIN",0.841444270015698
51,"REAT","EGIN",0.841444270015699
51,"shipunov","EGIN",0.841444270015698
51,"wINEQ","EGIN",0.841444270015698
51,"adiv","EGSP",0.84530853761623
51,"abdiv","EHEI",0.457754656197585
51,"adiv","EHEI",0.457754656197585
51,"benthos","EHURE",0.793650793650794
51,"BiodiversityR","EHURE",0.79365079
51,"mobr","EHURE",0.793650793650794
51,"vegan","EHURE",0.793650793650782
51,"abdiv","EMC",0.540472824664133
51,"tabula","EMC",0.731833683648578
51,"microbiome","EMN",0.626373626373626
51,"abdiv","EPIE",0.7346783467424
51,"adiv","EPIE",0.7346783467424
51,"BiodiversityR","EPIE",0.73467835
51,"breakaway","EPIE",0.7346783467424
51,"chemodiv","EPIE",0.7346783467424
51,"diverse","EPIE",0.847741463092732
51,"forestmangr","EPIE",1
51,"microbiome","EPIE",0.7346783467424
51,"OTUtable","EPIE",0.7346783467424
51,"pctax","EPIE",0.7347
51,"sprex","EPIE",0.7346783467424
51,"tabula","EPIE",0.7346783467424
51,"adiv","ESP",0.332116788321168
51,"codyn","ESP",0.332116788321168
51,"sprex","ESP",0.138489876848582
51,"tabula","ESP",0.332116788321168
51,"abdiv","EST",0.5
51,"adiv","QHIL_0",14
51,"adiv","QHIL_1",6.9508105305686
51,"adiv","QHIL_2",4.64963503649635
51,"adiv","QHIL_3",3.95528947212201
51,"BAT","QHIL_0",14
51,"BAT","QHIL_1",6.9508105305686
51,"BAT","QHIL_2",4.64963503649635
51,"BAT","QHIL_3",3.95528947212201
51,"benthos","QHIL_0",35
51,"benthos","QHIL_1",6.9508105305686
51,"benthos","QHIL_2",4.64963503649635
51,"benthos","QHIL_3",3.95528947212201
51,"breakaway","QHIL_0",14
51,"breakaway","QHIL_1",6.9508105305686
51,"breakaway","QHIL_2",4.64963503649635
51,"breakaway","QHIL_3",3.95528947212201
51,"chemodiv","QHIL_0",14
51,"chemodiv","QHIL_1",6.9508105305686
51,"chemodiv","QHIL_2",4.64963503649635
51,"chemodiv","QHIL_3",3.95528947212201
51,"divDyn","QHIL_2",4.64963503649635
51,"divent","QHIL_0",14
51,"divent","QHIL_1",6.9508105305686
51,"divent","QHIL_2",4.64963503649635
51,"divent","QHIL_3",3.95528947212201
51,"entropart","QHIL_0",14
51,"entropart","QHIL_1",6.9508105305686
51,"entropart","QHIL_2",4.64963503649635
51,"entropart","QHIL_3",3.95528947212201
51,"EntropyEstimation","QHIL_1",7.50869012684016
51,"EntropyEstimation","QHIL_2",4.84615384615384
51,"EntropyEstimation","QHIL_3",4.11682428426329
51,"extremefit","QHIL",NA
51,"hilldiv","QHIL_0",14
51,"hilldiv","QHIL_1",6.95085162033602
51,"hilldiv","QHIL_2",4.64963503649635
51,"hilldiv","QHIL_3",3.95528947212201
51,"hillR","QHIL_0",14
51,"hillR","QHIL_1",6.9508105305686
51,"hillR","QHIL_2",4.64963503649635
51,"hillR","QHIL_3",3.95528947212201
51,"sprex","QHIL_0",14
51,"sprex","QHIL_1",6.9508105305686
51,"sprex","QHIL_2",4.64963503649635
51,"sprex","QHIL_3",3.95528947212201
51,"vegan","QHIL_0",14
51,"vegan","QHIL_1",6.9508105305686
51,"vegan","QHIL_2",4.64963503649635
51,"vegan","QHIL_3",3.95528947212201
51,"adiv","QREN_0",2.63905732961526
51,"adiv","QREN_1",1.93885827588015
51,"adiv","QREN_2",1.53678872974404
51,"adiv","QREN_3",1.37505378997539
51,"BiodiversityR","QREN_0",2.63905732961526
51,"BiodiversityR","QREN_1",1.93885827588015
51,"BiodiversityR","QREN_2",1.53678872974404
51,"BiodiversityR","QREN_3",1.37505378997539
51,"diverse","QREN_0",2.19722457733622
51,"diverse","QREN_1",1.86267837793432
51,"diverse","QREN_2",1.63168108976752
51,"diverse","QREN_3",1.49887169848595
51,"EntropyEstimation","QREN_1",2.01606103336521
51,"EntropyEstimation","QREN_2",1.57818536893
51,"EntropyEstimation","QREN_3",1.41508206134822
51,"seewave","QREN_2",0.432247068168648
51,"seewave","QREN_3",0.386756458385887
51,"sprex","QREN_0",2.63905732961526
51,"sprex","QREN_1",1.93885827588015
51,"sprex","QREN_2",1.53678872974404
51,"sprex","QREN_3",1.37505378997539
51,"statcomp","QREN_1",0.545335714632654
51,"statcomp","QREN_2",0.432247055187121
51,"statcomp","QREN_3",0.386756448649742
51,"vegan","QREN_0",2.63905732961526
51,"vegan","QREN_1",1.93885827588015
51,"vegan","QREN_2",1.53678872974404
51,"vegan","QREN_3",1.37505378997539
51,"adiv","QTSA_0",13
51,"adiv","QTSA_1",1.93885827588015
51,"adiv","QTSA_2",0.784929356357928
51,"adiv","QTSA_3",0.468039507889768
51,"divent","QTSA_0",13
51,"divent","QTSA_1",1.93885827588015
51,"divent","QTSA_2",0.784929356357928
51,"divent","QTSA_3",0.468039507889768
51,"entropart","QTSA_0",17
51,"entropart","QTSA_1",2.04906961255148
51,"entropart","QTSA_2",0.793497499762114
51,"entropart","QTSA_3",0.46965532365696
51,"EntropyEstimation","QTSA_1",2.01606103336521
51,"EntropyEstimation","QTSA_2",0.793650793650793
51,"EntropyEstimation","QTSA_3",0.470498415442236
51,"vegan","QTSA_0",13
51,"vegan","QTSA_1",1.93885827588015
51,"vegan","QTSA_2",0.784929356357928
51,"vegan","QTSA_3",0.468039507889768
51,"BAT","RACE",17.1111111111111
51,"ecodive","RACE",17.1111111111111
51,"fossil","RACE",15.6
51,"pctax","RACE",17.1111
51,"sprex","RACE",92.2342559870338
51,"tabula","RACE",17.1111111111111
51,"vegan","RACE",17.1111111111111
51,"wiqid","RACE",17.1111111111111
51,"BiodiversityR","RBOO",14
51,"wiqid","RBOO",35
51,"BAT","RC1",16
51,"BiodiversityR","RC1",14
51,"biosampleR","RC1",9
51,"iNEXT","RC1",17.956
51,"microbiome","RC1",16
51,"pctax","RC1",16
51,"rareNMtests","RC1",14
51,"SpadeR","RC1",14
51,"SSP","RC1",13
51,"vegan","RC1",16
51,"wiqid","RC1",18
51,"BAT","RC1M",17.3061224489796
51,"divent","RC1M",17.956043956044
51,"ecodive","RC1M",18
51,"entropart","RC1M",17.956043956044
51,"fossil","RC1M",18
51,"mobr","RC1M",17.956043956044
51,"OTUtable","RC1M",18
51,"tabula","RC1M",17.956043956044
51,"wiqid","RC1M",18
51,"BAT","RCA2",35
51,"divDyn","RCA2",15.8571428571429
51,"fossil","RCA2",18
51,"tabula","RCA2",14
51,"wiqid","RCA2",14
51,"benthos","RHUR_2",1.79365079365078
51,"benthos","RHUR_3",2.43995555006792
51,"divent","RHUR_2",4.84615377085828
51,"divent","RHUR_3",4.99957369205357
51,"entropart","RHUR_2",1.79365079365078
51,"entropart","RHUR_3",2.43995555006791
51,"mobsim","RHUR_2",1.79365079365078
51,"mobsim","RHUR_3",2.43995555006792
51,"tabula","RHUR_2",1.79365079365216
51,"tabula","RHUR_3",2.43995555006872
51,"vegan","RHUR_2",1.79365079365078
51,"vegan","RHUR_3",2.43995555006792
51,"BAT","RICE",35
51,"fossil","RICE",15.6
51,"tabula","RICE",14
51,"wiqid","RICE",14
51,"BAT","RJA1",18
51,"BiodiversityR","RJA1",14
51,"divent","RJA1",18
51,"entropart","RJA1",18
51,"fossil","RJA1",17.956043956044
51,"SSP","RJA1",13
51,"tabula","RJA1",1.79936374448936
51,"wiqid","RJA1",18
51,"BAT","RJA2",20
51,"BiodiversityR","RJA2",14
51,"fossil","RJA2",19.8019536019536
51,"SSP","RJA2",13
51,"wiqid","RJA2",20
51,"wiqid","RMM",0
51,"divDyn","RSQ",17.4645592705167
51,"ecodive","RSQ",17.4645592705167
51,"tabula","RSQ",17.4645592705167
52,"abdiv","D1SP",0.741071428571429
52,"ade4","D1SP",0.741071428571429
52,"adiv","D1SP",0.741071428571429
52,"agricolae","D1SP",1
52,"asbio","D1SP",0.741071428571429
52,"BiodiversityR","D1SP",0.74107143
52,"biosampleR","D1SP",0.696844993141289
52,"breakaway","D1SP",0.741071428571429
52,"catsim","D1SP",0.550204081632653
52,"concstats","D1SP",0.978203781512605
52,"CUB","D1SP",0.762867647058823
52,"DescTools","D1SP",0.741071428571429
52,"divent","D1SP",0.741071428571429
52,"diverse","D1SP",0.696844993141289
52,"ecodive","D1SP",0.741071428571429
52,"entropart","D1SP",0.741071428571429
52,"lawstat","D1SP",0.89390756302521
52,"MCPAN","D1SP",-3247
52,"microbiome","D1SP",0.741071428571429
52,"PCRA","D1SP",0.741071428571429
52,"RoughSets","D1SP",0.741071428571429
52,"simboot","D1SP",-3247
52,"sprex","D1SP",0.741071428571429
52,"untb","D1SP",0.747747747747748
52,"vegan","D1SP",0.741071428571429
52,"abdiv","DBRI",1.59546566552509
52,"ecodive","DBRI",1.59546566552509
52,"tabula","DBRI",1.59546566552509
52,"wiqid","DBRI",4.93062455948748
52,"BiodiversityR","DFIS",3.40637663
52,"ecodive","DFIS",3.406
52,"microbiome","DFIS",3.4063766329861
52,"preseqR","DFIS",11.180156595342
52,"sads","DFIS",3.40636909908447
52,"vegan","DFIS",3.4063766329861
52,"abdiv","DINVSP",3.86206896551724
52,"adiv","DINVSP",3.86206896551724
52,"asbio","DINVSP",3.86206896551724
52,"BiodiversityR","DINVSP",3.86206897
52,"breakaway","DINVSP",3.86206896551724
52,"chemodiv","DINVSP",3.86206896551724
52,"codyn","DINVSP",3.86206896551724
52,"divseg","DINVSP",1.25892857142857
52,"ecodive","DINVSP",3.86206896551724
52,"microbiome","DINVSP",3.86206896551724
52,"sprex","DINVSP",3.86206896551724
52,"vegan","DINVSP",3.86206896551724
52,"asbio","DLMD",10.8007645430194
52,"Compositional","DLMD",0.999958992306093
52,"sads","DLMD",1.48590532162905
52,"vegan","DLMD",13.2031151410363
52,"abdiv","DMC",0.542401919297512
52,"adiv","DMC",0.542401919297512
52,"agricolae","DMC",0.542401919297512
52,"ecodive","DMC",0.542401919297512
52,"forestHES","DMC",0.542401919297512
52,"tabula","DMC",0.542401919297512
52,"abdiv","DMG",2.33124989536785
52,"adiv","DMG",2.33124989536785
52,"agricolae","DMG",7.20568149477335
52,"ecodive","DMG",2.33124989536785
52,"tabula","DMG",2.33124989536785
52,"abdiv","DMN",1.13389341902768
52,"adiv","DMN",1.13389341902768
52,"ecodive","DMN",1.13389341902768
52,"tabula","DMN",1.13389341902768
52,"abdiv","DQ",0
52,"ade4","DRAO",0.741071428571428
52,"BAT","DRAO",0.741071428571428
52,"chemodiv","DRAO",412.04923646355
52,"diverse","DRAO",205.821915736023
52,"SYNCSA","DRAO",0.741071428571429
52,"abdiv","DSHA",1.7474499589395
52,"adiv","DSHA",1.7474499589395
52,"aqp","DSHA",-480.067563594524
52,"asbio","DSHA",1.7474499589395
52,"benthos","DSHA",0
52,"BiodiversityR","DSHA",1.74744996
52,"biosampleR","DSHA",1.6080244480804
52,"chemodiv","DSHA",1.7474499589395
52,"codyn","DSHA",1.7474499589395
52,"DescTools","DSHA",2.52103738996364
52,"divDyn","DSHA",1.7474499589395
52,"divent","DSHA",1.7474499589395
52,"diverse","DSHA",1.6080244480804
52,"ecodive","DSHA",1.7474499589395
52,"EconGeo","DSHA",2.521
52,"entropart","DSHA",1.80795376251253
52,"forestmangr","DSHA",3.56
52,"HardyWeinberg","DSHA",1.7474499589395
52,"iNEXT","DSHA",1.747
52,"MCPAN","DSHA",1.7474499589395
52,"microbiome","DSHA",1.7474499589395
52,"OTUtable","DSHA",1.7474499589395
52,"pgirmess","DSHA",2.52103738996364
52,"SpiecEasi","DSHA",1.7474499589395
52,"sprex","DSHA",1.7474499589395
52,"tabula","DSHA",1.7474499589395
52,"triversity","DSHA",12
52,"vegan","DSHA",1.7474499589395
52,"wavethresh","DSHA",-23392.9491542567
52,"wiqid","DSHA",3.96428571428571
52,"abdiv","DSP",0.258928571428571
52,"agricolae","DSP",0.258928571428571
52,"antitrust","DSP",2589.28571428571
52,"benthos","DSP",0.252252252252252
52,"breakaway","DSP",0.258928571428571
52,"concstats","DSP",0.258928571428571
52,"DescTools","DSP",0.258928571428571
52,"diverse","DSP",0.296642436829353
52,"divseg","DSP",1.25892857142857
52,"EconGeo","DSP",0.258928571428571
52,"hhi","DSP",0.258928571428571
52,"ineq","DSP",0.258928571428571
52,"microbiome","DSP",0.258928571428571
52,"PDtoolkit","DSP",0.258928571428571
52,"politics","DSP",0.258928571428571
52,"REAT","DSP",0.258928571428571
52,"sprex","DSP",0.258928571428571
52,"tabula","DSP",0.258928571428571
52,"triversity","DSP",0.258928571428571
52,"wiqid","DSP",3.96428571428571
52,"abdiv","EBP",0.410714285714286
52,"agricolae","EBP",0.410714285714286
52,"BiodiversityR","EBP",0.41071429
52,"diverse","EBP",0.5
52,"dyvDyn","EBP",0.410714285714286
52,"ecodive","EBP",0.410714285714286
52,"microbiome","EBP",0.410714285714286
52,"tabula","EBP",0.410714285714286
52,"triversity","EBP",0.410714285714286
52,"wiqid","EBP",1
52,"tabula","EBRI",0.695520680180922
52,"BAT","EBU",0.431818181818182
52,"microbiome","EBU",0.431818181818182
52,"BAT","ECAM",0.887987012987013
52,"microbiome","ECAM",0.936755952380952
52,"codyn","EEQ",0.154548123420392
52,"adiv","EEVAR",0.423037993445245
52,"codyn","EEVAR",0.405238970381333
52,"microbiome","EEVAR",0.423037993445245
52,"acid","EGIN",0.868367346938775
52,"DescTools","EGIN",0.868367346938775
52,"dplR","EGIN",0.868367346938775
52,"EconGeo","EGIN",0.868
52,"giniVarCI","EGIN",0.868367346938775
52,"ineq","EGIN",0.868367346938775
52,"microbiome","EGIN",0.868367346938776
52,"REAT","EGIN",0.868367346938775
52,"shipunov","EGIN",0.868367346938776
52,"wINEQ","EGIN",0.868367346938775
52,"adiv","EGSP",0.808441558441558
52,"abdiv","EHEI",0.430904263386883
52,"adiv","EHEI",0.430904263386883
52,"benthos","EHURE",0.747747747747748
52,"BiodiversityR","EHURE",0.74774775
52,"mobr","EHURE",0.747747747747748
52,"vegan","EHURE",0.747747747747737
52,"abdiv","EMC",0.563965590814196
52,"tabula","EMC",0.690471793251769
52,"microbiome","EMN",0.6875
52,"abdiv","EPIE",0.703225595653094
52,"adiv","EPIE",0.703225595653094
52,"BiodiversityR","EPIE",0.7032256
52,"breakaway","EPIE",0.703225595653094
52,"chemodiv","EPIE",0.703225595653094
52,"diverse","EPIE",0.670598281051623
52,"forestmangr","EPIE",1
52,"microbiome","EPIE",0.703225595653094
52,"OTUtable","EPIE",0.703225595653094
52,"pctax","EPIE",0.7032
52,"sprex","EPIE",0.703225595653094
52,"tabula","EPIE",0.703225595653094
52,"adiv","ESP",0.32183908045977
52,"codyn","ESP",0.32183908045977
52,"sprex","ESP",0.145620829911625
52,"tabula","ESP",0.32183908045977
52,"abdiv","EST",0.520833333333333
52,"adiv","QHIL_0",12
52,"adiv","QHIL_1",5.73994689725571
52,"adiv","QHIL_2",3.86206896551724
52,"adiv","QHIL_3",3.31041942283303
52,"BAT","QHIL_0",12
52,"BAT","QHIL_1",5.73994689725571
52,"BAT","QHIL_2",3.86206896551724
52,"BAT","QHIL_3",3.31041942283303
52,"benthos","QHIL_0",35
52,"benthos","QHIL_1",5.73994689725571
52,"benthos","QHIL_2",3.86206896551724
52,"benthos","QHIL_3",3.31041942283303
52,"breakaway","QHIL_0",12
52,"breakaway","QHIL_1",5.73994689725571
52,"breakaway","QHIL_2",3.86206896551724
52,"breakaway","QHIL_3",3.31041942283303
52,"chemodiv","QHIL_0",12
52,"chemodiv","QHIL_1",5.73994689725571
52,"chemodiv","QHIL_2",3.86206896551724
52,"chemodiv","QHIL_3",3.31041942283303
52,"divDyn","QHIL_2",3.86206896551724
52,"divent","QHIL_0",12
52,"divent","QHIL_1",5.73994689725571
52,"divent","QHIL_2",3.86206896551724
52,"divent","QHIL_3",3.31041942283303
52,"entropart","QHIL_0",12
52,"entropart","QHIL_1",5.73994689725571
52,"entropart","QHIL_2",3.86206896551724
52,"entropart","QHIL_3",3.31041942283304
52,"EntropyEstimation","QHIL_1",6.04765043922008
52,"EntropyEstimation","QHIL_2",3.96428571428571
52,"EntropyEstimation","QHIL_3",3.39451767601534
52,"extremefit","QHIL",NA
52,"hilldiv","QHIL_0",12
52,"hilldiv","QHIL_1",5.73998144269402
52,"hilldiv","QHIL_2",3.86206896551724
52,"hilldiv","QHIL_3",3.31041942283303
52,"hillR","QHIL_0",12
52,"hillR","QHIL_1",5.73994689725571
52,"hillR","QHIL_2",3.86206896551724
52,"hillR","QHIL_3",3.31041942283303
52,"sprex","QHIL_0",12
52,"sprex","QHIL_1",5.73994689725571
52,"sprex","QHIL_2",3.86206896551724
52,"sprex","QHIL_3",3.31041942283303
52,"vegan","QHIL_0",12
52,"vegan","QHIL_1",5.73994689725571
52,"vegan","QHIL_2",3.86206896551724
52,"vegan","QHIL_3",3.31041942283304
52,"adiv","QREN_0",2.484906649788
52,"adiv","QREN_1",1.7474499589395
52,"adiv","QREN_2",1.35120304130862
52,"adiv","QREN_3",1.19707489520829
52,"BiodiversityR","QREN_0",2.484906649788
52,"BiodiversityR","QREN_1",1.7474499589395
52,"BiodiversityR","QREN_2",1.35120304130862
52,"BiodiversityR","QREN_3",1.19707489520829
52,"diverse","QREN_0",2.39789527279837
52,"diverse","QREN_1",1.6080244480804
52,"diverse","QREN_2",1.19351103049091
52,"diverse","QREN_3",1.01095742874995
52,"EntropyEstimation","QREN_1",1.79966983945887
52,"EntropyEstimation","QREN_2",1.37732569113713
52,"EntropyEstimation","QREN_3",1.22216168199754
52,"seewave","QREN_2",0.380048045651542
52,"seewave","QREN_3",0.336696971803762
52,"sprex","QREN_0",2.484906649788
52,"sprex","QREN_1",1.7474499589395
52,"sprex","QREN_2",1.35120304130862
52,"sprex","QREN_3",1.19707489520829
52,"statcomp","QREN_1",0.491498983704976
52,"statcomp","QREN_2",0.380048034099528
52,"statcomp","QREN_3",0.336696963139752
52,"vegan","QREN_0",2.484906649788
52,"vegan","QREN_1",1.7474499589395
52,"vegan","QREN_2",1.35120304130862
52,"vegan","QREN_3",1.19707489520829
52,"adiv","QTSA_0",11
52,"adiv","QTSA_1",1.7474499589395
52,"adiv","QTSA_2",0.741071428571429
52,"adiv","QTSA_3",0.45437488611516
52,"divent","QTSA_0",11
52,"divent","QTSA_1",1.7474499589395
52,"divent","QTSA_2",0.741071428571429
52,"divent","QTSA_3",0.45437488611516
52,"entropart","QTSA_0",13
52,"entropart","QTSA_1",1.80795376251253
52,"entropart","QTSA_2",0.747696958922175
52,"entropart","QTSA_3",0.456026650738166
52,"EntropyEstimation","QTSA_1",1.79966983945887
52,"EntropyEstimation","QTSA_2",0.747747747747748
52,"EntropyEstimation","QTSA_3",0.456607581607582
52,"vegan","QTSA_0",11
52,"vegan","QTSA_1",1.7474499589395
52,"vegan","QTSA_2",0.741071428571429
52,"vegan","QTSA_3",0.45437488611516
52,"BAT","RACE",13.0560146923783
52,"ecodive","RACE",13.0560146923783
52,"fossil","RACE",12.6060606060606
52,"pctax","RACE",13.056
52,"sprex","RACE",114.796310080817
52,"tabula","RACE",13.0560146923783
52,"vegan","RACE",13.0560146923783
52,"wiqid","RACE",13.0560146923783
52,"BiodiversityR","RBOO",12
52,"wiqid","RBOO",35
52,"BAT","RC1",12.5
52,"BiodiversityR","RC1",12
52,"biosampleR","RC1",12.5
52,"iNEXT","RC1",13.982
52,"microbiome","RC1",12.5
52,"pctax","RC1",12.5
52,"rareNMtests","RC1",12
52,"SpadeR","RC1",12
52,"SSP","RC1",11
52,"vegan","RC1",12.5
52,"wiqid","RC1",14
52,"BAT","RC1M",12.8472222222222
52,"divent","RC1M",13.9821428571429
52,"ecodive","RC1M",14
52,"entropart","RC1M",13.9821428571429
52,"fossil","RC1M",14
52,"mobr","RC1M",13.9821428571429
52,"OTUtable","RC1M",14
52,"tabula","RC1M",13.9821428571429
52,"wiqid","RC1M",14
52,"BAT","RCA2",35
52,"divDyn","RCA2",12.4583333333333
52,"fossil","RCA2",14
52,"tabula","RCA2",12
52,"wiqid","RCA2",12
52,"benthos","RHUR_2",1.74774774774774
52,"benthos","RHUR_3",2.33002808002805
52,"divent","RHUR_2",3.96430914020573
52,"divent","RHUR_3",4.1150873176868
52,"entropart","RHUR_2",1.74774774774774
52,"entropart","RHUR_3",2.33002808002805
52,"mobsim","RHUR_2",1.74774774774774
52,"mobsim","RHUR_3",2.33002808002805
52,"tabula","RHUR_2",1.74774774774835
52,"tabula","RHUR_3",2.33002808002811
52,"vegan","RHUR_2",1.74774774774774
52,"vegan","RHUR_3",2.33002808002805
52,"BAT","RICE",35
52,"fossil","RICE",12.6060606060606
52,"tabula","RICE",12
52,"wiqid","RICE",12
52,"BAT","RJA1",14
52,"BiodiversityR","RJA1",12
52,"divent","RJA1",14
52,"entropart","RJA1",14
52,"fossil","RJA1",13.9821428571429
52,"SSP","RJA1",11
52,"tabula","RJA1",1.59606435728012
52,"wiqid","RJA1",14
52,"BAT","RJA2",15
52,"BiodiversityR","RJA2",12
52,"fossil","RJA2",14.9195624195624
52,"SSP","RJA2",11
52,"wiqid","RJA2",15
52,"wiqid","RMM",0
52,"divDyn","RSQ",13.0376996805112
52,"ecodive","RSQ",13.0376996805112
52,"tabula","RSQ",13.0376996805112
53,"abdiv","D1SP",0.844137931034483
53,"ade4","D1SP",0.844137931034483
53,"adiv","D1SP",0.844137931034483
53,"agricolae","D1SP",1
53,"asbio","D1SP",0.844137931034483
53,"BiodiversityR","D1SP",0.84413793
53,"biosampleR","D1SP",0.78125
53,"breakaway","D1SP",0.844137931034483
53,"catsim","D1SP",0.649795918367347
53,"concstats","D1SP",0.975172413793103
53,"CUB","D1SP",0.868965517241379
53,"DescTools","D1SP",0.844137931034483
53,"divent","D1SP",0.844137931034483
53,"diverse","D1SP",0.78125
53,"ecodive","D1SP",0.844137931034483
53,"entropart","D1SP",0.844137931034483
53,"lawstat","D1SP",0.827180527383367
53,"MCPAN","D1SP",-3276
53,"microbiome","D1SP",0.844137931034483
53,"PCRA","D1SP",0.844137931034483
53,"RoughSets","D1SP",0.844137931034483
53,"simboot","D1SP",-3276
53,"sprex","D1SP",0.844137931034483
53,"untb","D1SP",0.85
53,"vegan","D1SP",0.844137931034483
53,"abdiv","DBRI",2.0307619583837
53,"ecodive","DBRI",2.0307619583837
53,"tabula","DBRI",2.0307619583837
53,"wiqid","DBRI",7.61989018657209
53,"BiodiversityR","DFIS",4.20195452
53,"ecodive","DFIS",4.202
53,"microbiome","DFIS",4.20195451659514
53,"preseqR","DFIS",9.10496294091184
53,"sads","DFIS",4.20198101265439
53,"vegan","DFIS",4.20195451659514
53,"abdiv","DINVSP",6.41592920353982
53,"adiv","DINVSP",6.41592920353982
53,"asbio","DINVSP",6.41592920353982
53,"BiodiversityR","DINVSP",6.4159292
53,"breakaway","DINVSP",6.41592920353982
53,"chemodiv","DINVSP",6.41592920353982
53,"codyn","DINVSP",6.41592920353982
53,"divseg","DINVSP",1.15586206896552
53,"ecodive","DINVSP",6.41592920353982
53,"microbiome","DINVSP",6.41592920353982
53,"sprex","DINVSP",6.41592920353982
53,"vegan","DINVSP",6.41592920353982
53,"asbio","DLMD",NA
53,"Compositional","DLMD",0.999958992306093
53,"sads","DLMD",1.68731925599392
53,"vegan","DLMD",16.6424130058708
53,"abdiv","DMC",0.660017789748219
53,"adiv","DMC",0.660017789748219
53,"agricolae","DMC",0.660017789748219
53,"ecodive","DMC",0.660017789748219
53,"forestHES","DMC",0.660017789748219
53,"tabula","DMC",0.660017789748219
53,"abdiv","DMG",2.81309001537838
53,"adiv","DMG",2.81309001537838
53,"agricolae","DMG",6.8317900373475
53,"ecodive","DMG",2.81309001537838
53,"tabula","DMG",2.81309001537838
53,"abdiv","DMN",1.2456821978061
53,"adiv","DMN",1.2456821978061
53,"ecodive","DMN",1.2456821978061
53,"tabula","DMN",1.2456821978061
53,"abdiv","DQ",0
53,"ade4","DRAO",0.844137931034483
53,"BAT","DRAO",0.844137931034483
53,"chemodiv","DRAO",381.216845219748
53,"diverse","DRAO",166.257937957176
53,"SYNCSA","DRAO",0.844137931034483
53,"abdiv","DSHA",2.19229065822757
53,"adiv","DSHA",2.19229065822757
53,"aqp","DSHA",-582.479823234408
53,"asbio","DSHA",2.19229065822757
53,"benthos","DSHA",0
53,"BiodiversityR","DSHA",2.19229066
53,"biosampleR","DSHA",1.55958115625988
53,"chemodiv","DSHA",2.19229065822757
53,"codyn","DSHA",2.19229065822757
53,"DescTools","DSHA",3.16280686081212
53,"divDyn","DSHA",2.19229065822757
53,"divent","DSHA",2.19229065822757
53,"diverse","DSHA",1.55958115625988
53,"ecodive","DSHA",2.19229065822757
53,"EconGeo","DSHA",3.163
53,"entropart","DSHA",2.24358891197738
53,"forestmangr","DSHA",3.56
53,"HardyWeinberg","DSHA",2.19229065822757
53,"iNEXT","DSHA",2.192
53,"MCPAN","DSHA",2.19229065822757
53,"microbiome","DSHA",2.19229065822757
53,"OTUtable","DSHA",2.19229065822757
53,"pgirmess","DSHA",3.16280686081212
53,"SpiecEasi","DSHA",2.19229065822757
53,"sprex","DSHA",2.19229065822757
53,"tabula","DSHA",2.19229065822757
53,"triversity","DSHA",15
53,"vegan","DSHA",2.19229065822757
53,"wavethresh","DSHA",-22087.8316506011
53,"wiqid","DSHA",6.66666666666667
53,"abdiv","DSP",0.155862068965517
53,"agricolae","DSP",0.155862068965517
53,"antitrust","DSP",1558.62068965517
53,"benthos","DSP",0.15
53,"breakaway","DSP",0.155862068965517
53,"concstats","DSP",0.155862068965517
53,"DescTools","DSP",0.155862068965517
53,"diverse","DSP",0.107142857142857
53,"divseg","DSP",1.15586206896552
53,"EconGeo","DSP",0.155862068965517
53,"hhi","DSP",0.155862068965517
53,"ineq","DSP",0.155862068965517
53,"microbiome","DSP",0.155862068965517
53,"PDtoolkit","DSP",0.155862068965517
53,"politics","DSP",0.155862068965517
53,"REAT","DSP",0.155862068965517
53,"sprex","DSP",0.155862068965517
53,"tabula","DSP",0.155862068965517
53,"triversity","DSP",0.155862068965517
53,"wiqid","DSP",6.66666666666667
53,"abdiv","EBP",0.303448275862069
53,"agricolae","EBP",0.303448275862069
53,"BiodiversityR","EBP",0.30344828
53,"diverse","EBP",0.25
53,"dyvDyn","EBP",0.303448275862069
53,"ecodive","EBP",0.303448275862069
53,"microbiome","EBP",0.303448275862069
53,"tabula","EBP",0.303448275862069
53,"triversity","EBP",0.303448275862069
53,"wiqid","EBP",1
53,"tabula","EBRI",0.80678302758637
53,"BAT","EBU",0.576354679802956
53,"microbiome","EBU",0.576354679802956
53,"BAT","ECAM",0.922627257799672
53,"microbiome","ECAM",0.794022988505747
53,"codyn","EEQ",0.165279023303983
53,"adiv","EEVAR",0.438194575002887
53,"codyn","EEVAR",0.425751049064427
53,"microbiome","EEVAR",0.438194575002886
53,"acid","EGIN",0.803546798029557
53,"DescTools","EGIN",0.803546798029557
53,"dplR","EGIN",0.803546798029557
53,"EconGeo","EGIN",0.804
53,"giniVarCI","EGIN",0.803546798029557
53,"ineq","EGIN",0.803546798029557
53,"microbiome","EGIN",0.803546798029557
53,"REAT","EGIN",0.803546798029557
53,"shipunov","EGIN",0.803546798029557
53,"wINEQ","EGIN",0.803546798029557
53,"adiv","EGSP",0.904433497536946
53,"abdiv","EHEI",0.568264578149317
53,"adiv","EHEI",0.568264578149317
53,"benthos","EHURE",0.85
53,"BiodiversityR","EHURE",0.85
53,"mobr","EHURE",0.85
53,"vegan","EHURE",0.849999999999981
53,"abdiv","EMC",0.436807259831645
53,"tabula","EMC",0.81586059567947
53,"microbiome","EMN",0.475862068965517
53,"abdiv","EPIE",0.809545796948403
53,"adiv","EPIE",0.809545796948403
53,"BiodiversityR","EPIE",0.8095458
53,"breakaway","EPIE",0.809545796948403
53,"chemodiv","EPIE",0.809545796948403
53,"diverse","EPIE",0.969022255665134
53,"forestmangr","EPIE",1
53,"microbiome","EPIE",0.809545796948403
53,"OTUtable","EPIE",0.809545796948403
53,"pctax","EPIE",0.8095
53,"sprex","EPIE",0.809545796948403
53,"tabula","EPIE",0.809545796948403
53,"adiv","ESP",0.427728613569322
53,"codyn","ESP",0.427728613569322
53,"sprex","ESP",0.146152710548505
53,"tabula","ESP",0.427728613569322
53,"abdiv","EST",0.395402298850575
53,"adiv","QHIL_0",15
53,"adiv","QHIL_1",8.95570409409043
53,"adiv","QHIL_2",6.41592920353982
53,"adiv","QHIL_3",5.28124070985259
53,"BAT","QHIL_0",15
53,"BAT","QHIL_1",8.95570409409043
53,"BAT","QHIL_2",6.41592920353982
53,"BAT","QHIL_3",5.28124070985259
53,"benthos","QHIL_0",35
53,"benthos","QHIL_1",8.95570409409043
53,"benthos","QHIL_2",6.41592920353982
53,"benthos","QHIL_3",5.28124070985259
53,"breakaway","QHIL_0",15
53,"breakaway","QHIL_1",8.95570409409043
53,"breakaway","QHIL_2",6.41592920353982
53,"breakaway","QHIL_3",5.28124070985259
53,"chemodiv","QHIL_0",15
53,"chemodiv","QHIL_1",8.95570409409043
53,"chemodiv","QHIL_2",6.41592920353982
53,"chemodiv","QHIL_3",5.28124070985259
53,"divDyn","QHIL_2",6.41592920353982
53,"divent","QHIL_0",15
53,"divent","QHIL_1",8.95570409409043
53,"divent","QHIL_2",6.41592920353982
53,"divent","QHIL_3",5.28124070985259
53,"entropart","QHIL_0",15
53,"entropart","QHIL_1",8.95570409409043
53,"entropart","QHIL_2",6.41592920353982
53,"entropart","QHIL_3",5.28124070985259
53,"EntropyEstimation","QHIL_1",9.42332830404779
53,"EntropyEstimation","QHIL_2",6.66666666666667
53,"EntropyEstimation","QHIL_3",5.47079816164063
53,"extremefit","QHIL",NA
53,"hilldiv","QHIL_0",15
53,"hilldiv","QHIL_1",8.9557422202239
53,"hilldiv","QHIL_2",6.41592920353982
53,"hilldiv","QHIL_3",5.28124070985259
53,"hillR","QHIL_0",15
53,"hillR","QHIL_1",8.95570409409043
53,"hillR","QHIL_2",6.41592920353982
53,"hillR","QHIL_3",5.28124070985259
53,"sprex","QHIL_0",15
53,"sprex","QHIL_1",8.95570409409043
53,"sprex","QHIL_2",6.41592920353982
53,"sprex","QHIL_3",5.28124070985259
53,"vegan","QHIL_0",15
53,"vegan","QHIL_1",8.95570409409043
53,"vegan","QHIL_2",6.41592920353982
53,"vegan","QHIL_3",5.28124070985259
53,"adiv","QREN_0",2.70805020110221
53,"adiv","QREN_1",2.19229065822757
53,"adiv","QREN_2",1.85878383614233
53,"adiv","QREN_3",1.66416105304063
53,"BiodiversityR","QREN_0",2.70805020110221
53,"BiodiversityR","QREN_1",2.19229065822757
53,"BiodiversityR","QREN_2",1.85878383614233
53,"BiodiversityR","QREN_3",1.66416105304063
53,"diverse","QREN_0",1.6094379124341
53,"diverse","QREN_1",1.55958115625988
53,"diverse","QREN_2",1.51982575374441
53,"diverse","QREN_3",1.49011404350901
53,"EntropyEstimation","QREN_1",2.24318834933167
53,"EntropyEstimation","QREN_2",1.89711998488588
53,"EntropyEstimation","QREN_3",1.69942452199402
53,"seewave","QREN_2",0.52281347186859
53,"seewave","QREN_3",0.468072617630898
53,"sprex","QREN_0",2.70805020110221
53,"sprex","QREN_1",2.19229065822757
53,"sprex","QREN_2",1.85878383614233
53,"sprex","QREN_3",1.66416105304063
53,"statcomp","QREN_1",0.616617732022887
53,"statcomp","QREN_2",0.522813464109516
53,"statcomp","QREN_3",0.468072611811593
53,"vegan","QREN_0",2.70805020110221
53,"vegan","QREN_1",2.19229065822757
53,"vegan","QREN_2",1.85878383614233
53,"vegan","QREN_3",1.66416105304063
53,"adiv","QTSA_0",14
53,"adiv","QTSA_1",2.19229065822757
53,"adiv","QTSA_2",0.844137931034483
53,"adiv","QTSA_3",0.482073393743081
53,"divent","QTSA_0",14
53,"divent","QTSA_1",2.19229065822757
53,"divent","QTSA_2",0.844137931034483
53,"divent","QTSA_3",0.482073393743081
53,"entropart","QTSA_0",16
53,"entropart","QTSA_1",2.24358891197738
53,"entropart","QTSA_2",0.848226004447578
53,"entropart","QTSA_3",0.482788999521154
53,"EntropyEstimation","QTSA_1",2.24318834933167
53,"EntropyEstimation","QTSA_2",0.85
53,"EntropyEstimation","QTSA_3",0.483294148380355
53,"vegan","QTSA_0",14
53,"vegan","QTSA_1",2.19229065822757
53,"vegan","QTSA_2",0.844137931034483
53,"vegan","QTSA_3",0.482073393743081
53,"BAT","RACE",16.1161206100551
53,"ecodive","RACE",16.1161206100551
53,"fossil","RACE",15.4210526315789
53,"pctax","RACE",16.1161
53,"sprex","RACE",146.283890481395
53,"tabula","RACE",16.1161206100551
53,"vegan","RACE",16.1161206100551
53,"wiqid","RACE",16.1161206100551
53,"BiodiversityR","RBOO",15
53,"wiqid","RBOO",35
53,"BAT","RC1",15.25
53,"BiodiversityR","RC1",15
53,"biosampleR","RC1",5.25
53,"iNEXT","RC1",15.662
53,"microbiome","RC1",15.25
53,"pctax","RC1",15.25
53,"rareNMtests","RC1",15
53,"SpadeR","RC1",15
53,"SSP","RC1",14
53,"vegan","RC1",15.25
53,"wiqid","RC1",15.6666666666667
53,"BAT","RC1M",15.5211111111111
53,"divent","RC1M",15.6620689655172
53,"ecodive","RC1M",15.6666666666667
53,"entropart","RC1M",15.6620689655172
53,"fossil","RC1M",15.6666666666667
53,"mobr","RC1M",15.6620689655172
53,"OTUtable","RC1M",15.6666666666667
53,"tabula","RC1M",15.6620689655172
53,"wiqid","RC1M",15.6666666666667
53,"BAT","RCA2",35
53,"divDyn","RCA2",15.2333333333333
53,"fossil","RCA2",15.6666666666667
53,"tabula","RCA2",15
53,"wiqid","RCA2",15
53,"benthos","RHUR_2",1.84999999999998
53,"benthos","RHUR_3",2.58341170323924
53,"divent","RHUR_2",6.66664196411711
53,"divent","RHUR_3",6.85097734998687
53,"entropart","RHUR_2",1.84999999999998
53,"entropart","RHUR_3",2.58341170323924
53,"mobsim","RHUR_2",1.84999999999998
53,"mobsim","RHUR_3",2.58341170323924
53,"tabula","RHUR_2",1.85000000000105
53,"tabula","RHUR_3",2.58341170324101
53,"vegan","RHUR_2",1.84999999999998
53,"vegan","RHUR_3",2.58341170323924
53,"BAT","RICE",35
53,"fossil","RICE",15.4210526315789
53,"tabula","RICE",15
53,"wiqid","RICE",15
53,"BAT","RJA1",17
53,"BiodiversityR","RJA1",15
53,"divent","RJA1",17
53,"entropart","RJA1",17
53,"fossil","RJA1",16.9862068965517
53,"SSP","RJA1",14
53,"tabula","RJA1",2.0740644798647
53,"wiqid","RJA1",17
53,"BAT","RJA2",16
53,"BiodiversityR","RJA2",15
53,"fossil","RJA2",15.9791666666667
53,"SSP","RJA2",14
53,"wiqid","RJA2",16
53,"wiqid","RMM",0
53,"divDyn","RSQ",15.6243391283639
53,"ecodive","RSQ",15.6243391283639
53,"tabula","RSQ",15.6243391283639
54,"abdiv","D1SP",0.698875468554769
54,"ade4","D1SP",0.698875468554769
54,"adiv","D1SP",0.698875468554769
54,"agricolae","D1SP",1
54,"asbio","D1SP",0.698875468554769
54,"BiodiversityR","D1SP",0.69887547
54,"biosampleR","D1SP",0.723721057304829
54,"breakaway","D1SP",0.698875468554769
54,"catsim","D1SP",0.388571428571429
54,"concstats","D1SP",0.979444839160154
54,"CUB","D1SP",0.719430629394615
54,"DescTools","D1SP",0.698875468554769
54,"divent","D1SP",0.698875468554769
54,"diverse","D1SP",0.723721057304829
54,"ecodive","D1SP",0.698875468554769
54,"entropart","D1SP",0.698875468554769
54,"lawstat","D1SP",0.931572629051621
54,"MCPAN","D1SP",-722
54,"microbiome","D1SP",0.698875468554769
54,"PCRA","D1SP",0.698875468554769
54,"RoughSets","D1SP",0.698875468554769
54,"simboot","D1SP",-722
54,"sprex","D1SP",0.698875468554769
54,"untb","D1SP",0.71343537414966
54,"vegan","D1SP",0.698875468554769
54,"abdiv","DBRI",1.2666943902531
54,"ecodive","DBRI",1.2666943902531
54,"tabula","DBRI",1.2666943902531
54,"wiqid","DBRI",3.54910120681646
54,"BiodiversityR","DFIS",2.71450956
54,"ecodive","DFIS",2.715
54,"microbiome","DFIS",2.71450955596897
54,"preseqR","DFIS",6.55651982622623
54,"sads","DFIS",2.71450713583684
54,"vegan","DFIS",2.71450955596897
54,"abdiv","DINVSP",3.32088520055325
54,"adiv","DINVSP",3.32088520055325
54,"asbio","DINVSP",3.32088520055325
54,"BiodiversityR","DINVSP",3.3208852
54,"breakaway","DINVSP",3.32088520055325
54,"chemodiv","DINVSP",3.32088520055325
54,"codyn","DINVSP",3.32088520055325
54,"divseg","DINVSP",1.30112453144523
54,"ecodive","DINVSP",3.32088520055325
54,"microbiome","DINVSP",3.32088520055325
54,"sprex","DINVSP",3.32088520055325
54,"vegan","DINVSP",3.32088520055325
54,"asbio","DLMD",9.49813664308316
54,"Compositional","DLMD",0.999958992306093
54,"sads","DLMD",1.04895374608312
54,"vegan","DLMD",NA
54,"abdiv","DMC",0.526460492392917
54,"adiv","DMC",0.526460492392917
54,"agricolae","DMC",0.526460492392917
54,"ecodive","DMC",0.526460492392917
54,"forestHES","DMC",0.526460492392917
54,"tabula","DMC",0.526460492392917
54,"abdiv","DMG",1.79864419829413
54,"adiv","DMG",1.79864419829413
54,"agricolae","DMG",8.73627182028576
54,"ecodive","DMG",1.79864419829413
54,"tabula","DMG",1.79864419829413
54,"abdiv","DMN",1.14285714285714
54,"adiv","DMN",1.14285714285714
54,"ecodive","DMN",1.14285714285714
54,"tabula","DMN",1.14285714285714
54,"abdiv","DQ",0
54,"ade4","DRAO",0.698875468554769
54,"BAT","DRAO",0.698875468554769
54,"chemodiv","DRAO",404.102634985193
54,"diverse","DRAO",142.34975074465
54,"SYNCSA","DRAO",0.698875468554769
54,"abdiv","DSHA",1.45175112233038
54,"adiv","DSHA",1.45175112233038
54,"aqp","DSHA",-172.493509266885
54,"asbio","DSHA",1.45175112233038
54,"benthos","DSHA",0
54,"BiodiversityR","DSHA",1.45175112
54,"biosampleR","DSHA",1.6710044737347
54,"chemodiv","DSHA",1.45175112233038
54,"codyn","DSHA",1.45175112233038
54,"DescTools","DSHA",2.09443414479103
54,"divDyn","DSHA",1.45175112233038
54,"divent","DSHA",1.45175112233038
54,"diverse","DSHA",1.6710044737347
54,"ecodive","DSHA",1.45175112233038
54,"EconGeo","DSHA",2.094
54,"entropart","DSHA",1.59793007606351
54,"forestmangr","DSHA",3.56
54,"HardyWeinberg","DSHA",1.45175112233038
54,"iNEXT","DSHA",1.452
54,"MCPAN","DSHA",1.45175112233038
54,"microbiome","DSHA",1.45175112233038
54,"OTUtable","DSHA",1.45175112233038
54,"pgirmess","DSHA",2.09443414479103
54,"SpiecEasi","DSHA",1.45175112233038
54,"sprex","DSHA",1.45175112233038
54,"tabula","DSHA",1.45175112233038
54,"triversity","DSHA",8
54,"vegan","DSHA",1.45175112233038
54,"wavethresh","DSHA",-4100.13575261995
54,"wiqid","DSHA",3.48961424332344
54,"abdiv","DSP",0.301124531445231
54,"agricolae","DSP",0.301124531445231
54,"antitrust","DSP",3011.24531445231
54,"benthos","DSP",0.28656462585034
54,"breakaway","DSP",0.301124531445231
54,"concstats","DSP",0.301124531445231
54,"DescTools","DSP",0.301124531445231
54,"diverse","DSP",0.270247933884298
54,"divseg","DSP",1.30112453144523
54,"EconGeo","DSP",0.301124531445231
54,"hhi","DSP",0.301124531445231
54,"ineq","DSP",0.301124531445231
54,"microbiome","DSP",0.301124531445231
54,"PDtoolkit","DSP",0.301124531445231
54,"politics","DSP",0.301124531445231
54,"REAT","DSP",0.301124531445231
54,"sprex","DSP",0.301124531445231
54,"tabula","DSP",0.301124531445231
54,"triversity","DSP",0.301124531445231
54,"wiqid","DSP",3.48961424332344
54,"abdiv","EBP",0.428571428571429
54,"agricolae","EBP",0.428571428571429
54,"BiodiversityR","EBP",0.42857143
54,"diverse","EBP",0.471074380165289
54,"dyvDyn","EBP",0.428571428571429
54,"ecodive","EBP",0.428571428571429
54,"microbiome","EBP",0.428571428571429
54,"tabula","EBP",0.428571428571429
54,"triversity","EBP",0.428571428571429
54,"wiqid","EBP",1
54,"tabula","EBRI",0.689753366625755
54,"BAT","EBU",0.425655976676385
54,"microbiome","EBU",0.425655976676385
54,"BAT","ECAM",0.833090379008746
54,"microbiome","ECAM",0.849489795918367
54,"codyn","EEQ",0.164197297317854
54,"adiv","EEVAR",0.372694043011513
54,"codyn","EEVAR",0.342703236822048
54,"microbiome","EEVAR",0.372694043011513
54,"acid","EGIN",0.904956268221574
54,"DescTools","EGIN",0.904956268221574
54,"dplR","EGIN",0.904956268221574
54,"EconGeo","EGIN",0.905
54,"giniVarCI","EGIN",0.904956268221574
54,"ineq","EGIN",0.904956268221574
54,"microbiome","EGIN",0.904956268221574
54,"REAT","EGIN",0.904956268221574
54,"shipunov","EGIN",0.904956268221574
54,"wINEQ","EGIN",0.904956268221574
54,"adiv","EGSP",0.79871482120545
54,"abdiv","EHEI",0.467226612897159
54,"adiv","EHEI",0.467226612897159
54,"benthos","EHURE",0.71343537414966
54,"BiodiversityR","EHURE",0.71343537
54,"mobr","EHURE",0.71343537414966
54,"vegan","EHURE",0.713435374149666
54,"abdiv","EMC",0.638939691976528
54,"tabula","EMC",0.698049682767513
54,"microbiome","EMN",0.73469387755102
54,"abdiv","EPIE",0.698144714930342
54,"adiv","EPIE",0.698144714930342
54,"BiodiversityR","EPIE",0.69814471
54,"breakaway","EPIE",0.698144714930342
54,"chemodiv","EPIE",0.698144714930342
54,"diverse","EPIE",0.696862991762198
54,"forestmangr","EPIE",1
54,"microbiome","EPIE",0.698144714930342
54,"OTUtable","EPIE",0.698144714930342
54,"pctax","EPIE",0.6981
54,"sprex","EPIE",0.698144714930342
54,"tabula","EPIE",0.698144714930342
54,"adiv","ESP",0.415110650069156
54,"codyn","ESP",0.415110650069156
54,"sprex","ESP",0.181468890291297
54,"tabula","ESP",0.415110650069156
54,"abdiv","EST",0.502551020408163
54,"adiv","QHIL_0",8
54,"adiv","QHIL_1",4.27058629028011
54,"adiv","QHIL_2",3.32088520055325
54,"adiv","QHIL_3",3.00935088496275
54,"BAT","QHIL_0",8
54,"BAT","QHIL_1",4.27058629028011
54,"BAT","QHIL_2",3.32088520055325
54,"BAT","QHIL_3",3.00935088496275
54,"benthos","QHIL_0",35
54,"benthos","QHIL_1",4.27058629028011
54,"benthos","QHIL_2",3.32088520055325
54,"benthos","QHIL_3",3.00935088496275
54,"breakaway","QHIL_0",8
54,"breakaway","QHIL_1",4.27058629028011
54,"breakaway","QHIL_2",3.32088520055325
54,"breakaway","QHIL_3",3.00935088496275
54,"chemodiv","QHIL_0",8
54,"chemodiv","QHIL_1",4.27058629028011
54,"chemodiv","QHIL_2",3.32088520055325
54,"chemodiv","QHIL_3",3.00935088496275
54,"divDyn","QHIL_2",3.32088520055325
54,"divent","QHIL_0",8
54,"divent","QHIL_1",4.27058629028011
54,"divent","QHIL_2",3.32088520055325
54,"divent","QHIL_3",3.00935088496275
54,"entropart","QHIL_0",8
54,"entropart","QHIL_1",4.27058629028011
54,"entropart","QHIL_2",3.32088520055325
54,"entropart","QHIL_3",3.00935088496275
54,"EntropyEstimation","QHIL_1",4.62148555276818
54,"EntropyEstimation","QHIL_2",3.48961424332344
54,"EntropyEstimation","QHIL_3",3.18167831860434
54,"extremefit","QHIL",NA
54,"hilldiv","QHIL_0",8
54,"hilldiv","QHIL_1",4.27060388629461
54,"hilldiv","QHIL_2",3.32088520055325
54,"hilldiv","QHIL_3",3.00935088496275
54,"hillR","QHIL_0",8
54,"hillR","QHIL_1",4.27058629028011
54,"hillR","QHIL_2",3.32088520055325
54,"hillR","QHIL_3",3.00935088496275
54,"sprex","QHIL_0",8
54,"sprex","QHIL_1",4.27058629028011
54,"sprex","QHIL_2",3.32088520055325
54,"sprex","QHIL_3",3.00935088496275
54,"vegan","QHIL_0",8
54,"vegan","QHIL_1",4.27058629028011
54,"vegan","QHIL_2",3.32088520055325
54,"vegan","QHIL_3",3.00935088496275
54,"adiv","QREN_0",2.07944154167984
54,"adiv","QREN_1",1.45175112233038
54,"adiv","QREN_2",1.20023137406249
54,"adiv","QREN_3",1.10172440266807
54,"BiodiversityR","QREN_0",2.07944154167984
54,"BiodiversityR","QREN_1",1.45175112233038
54,"BiodiversityR","QREN_2",1.20023137406249
54,"BiodiversityR","QREN_3",1.10172440266807
54,"diverse","QREN_0",2.39789527279837
54,"diverse","QREN_1",1.6710044737347
54,"diverse","QREN_2",1.28634426170089
54,"diverse","QREN_3",1.09703763066039
54,"EntropyEstimation","QREN_1",1.53071620162632
54,"EntropyEstimation","QREN_2",1.24979119810621
54,"EntropyEstimation","QREN_3",1.15740883071484
54,"seewave","QREN_2",0.337584805624843
54,"seewave","QREN_3",0.30987809527138
54,"sprex","QREN_0",2.07944154167984
54,"sprex","QREN_1",1.45175112233038
54,"sprex","QREN_2",1.20023137406249
54,"sprex","QREN_3",1.10172440266807
54,"statcomp","QREN_1",0.408328832289407
54,"statcomp","QREN_2",0.337584774628137
54,"statcomp","QREN_3",0.30987807202385
54,"vegan","QREN_0",2.07944154167984
54,"vegan","QREN_1",1.45175112233038
54,"vegan","QREN_2",1.20023137406249
54,"vegan","QREN_3",1.10172440266807
54,"adiv","QTSA_0",7
54,"adiv","QTSA_1",1.45175112233038
54,"adiv","QTSA_2",0.698875468554769
54,"adiv","QTSA_3",0.444789160978844
54,"divent","QTSA_0",7
54,"divent","QTSA_1",1.45175112233038
54,"divent","QTSA_2",0.698875468554769
54,"divent","QTSA_3",0.444789160978844
54,"entropart","QTSA_0",11
54,"entropart","QTSA_1",1.59793007606351
54,"entropart","QTSA_2",0.712446461872602
54,"entropart","QTSA_3",0.447448560601174
54,"EntropyEstimation","QTSA_1",1.53071620162632
54,"EntropyEstimation","QTSA_2",0.71343537414966
54,"EntropyEstimation","QTSA_3",0.450607902735562
54,"vegan","QTSA_0",7
54,"vegan","QTSA_1",1.45175112233038
54,"vegan","QTSA_2",0.698875468554769
54,"vegan","QTSA_3",0.444789160978844
54,"BAT","RACE",19.0123456790123
54,"ecodive","RACE",19.0123456790123
54,"fossil","RACE",10.6666666666667
54,"pctax","RACE",19.0123
54,"sprex","RACE",49.8561946902655
54,"tabula","RACE",19.0123456790123
54,"vegan","RACE",19.0123456790123
54,"wiqid","RACE",19.0123456790123
54,"BiodiversityR","RBOO",8
54,"wiqid","RBOO",35
54,"BAT","RC1",11
54,"BiodiversityR","RC1",8
54,"biosampleR","RC1",12
54,"iNEXT","RC1",15.837
54,"microbiome","RC1",11
54,"pctax","RC1",11
54,"rareNMtests","RC1",8
54,"SpadeR","RC1",8
54,"SSP","RC1",7
54,"vegan","RC1",11
54,"wiqid","RC1",16
54,"BAT","RC1M",13.75
54,"divent","RC1M",15.8367346938776
54,"ecodive","RC1M",16
54,"entropart","RC1M",15.8367346938776
54,"fossil","RC1M",16
54,"mobr","RC1M",15.8367346938776
54,"OTUtable","RC1M",16
54,"tabula","RC1M",15.8367346938776
54,"wiqid","RC1M",16
54,"BAT","RCA2",35
54,"divDyn","RCA2",10.625
54,"fossil","RCA2",16
54,"tabula","RCA2",8
54,"wiqid","RCA2",8
54,"benthos","RHUR_2",1.71343537414967
54,"benthos","RHUR_3",2.23909031697786
54,"divent","RHUR_2",3.48961675604004
54,"divent","RHUR_3",3.5750402331181
54,"entropart","RHUR_2",1.71343537414967
54,"entropart","RHUR_3",2.23909031697787
54,"mobsim","RHUR_2",1.71343537414967
54,"mobsim","RHUR_3",2.23909031697786
54,"tabula","RHUR_2",1.71343537414966
54,"tabula","RHUR_3",2.23909031697785
54,"vegan","RHUR_2",1.71343537414967
54,"vegan","RHUR_3",2.23909031697786
54,"BAT","RICE",35
54,"fossil","RICE",10.6666666666667
54,"tabula","RICE",8
54,"wiqid","RICE",8
54,"BAT","RJA1",12
54,"BiodiversityR","RJA1",8
54,"divent","RJA1",12
54,"entropart","RJA1",12
54,"fossil","RJA1",11.9183673469388
54,"SSP","RJA1",7
54,"tabula","RJA1",1.20451827177207
54,"wiqid","RJA1",12
54,"BAT","RJA2",15
54,"BiodiversityR","RJA2",8
54,"fossil","RJA2",14.5710034013605
54,"SSP","RJA2",7
54,"wiqid","RJA2",15
54,"wiqid","RMM",0
54,"divDyn","RSQ",12.8830730265935
54,"ecodive","RSQ",12.8830730265935
54,"tabula","RSQ",12.8830730265935
55,"abdiv","D1SP",0.804399524375743
55,"ade4","D1SP",0.804399524375743
55,"adiv","D1SP",0.804399524375743
55,"agricolae","D1SP",1
55,"asbio","D1SP",0.804399524375743
55,"BiodiversityR","D1SP",0.80439952
55,"biosampleR","D1SP",0.534814814814815
55,"breakaway","D1SP",0.804399524375743
55,"catsim","D1SP",0.437551020408163
55,"concstats","D1SP",0.976341190459537
55,"CUB","D1SP",0.828058333916206
55,"DescTools","D1SP",0.804399524375743
55,"divent","D1SP",0.804399524375743
55,"diverse","D1SP",0.534814814814815
55,"ecodive","D1SP",0.804399524375743
55,"entropart","D1SP",0.804399524375743
55,"lawstat","D1SP",0.881338742393509
55,"MCPAN","D1SP",-657
55,"microbiome","D1SP",0.804399524375743
55,"PCRA","D1SP",0.804399524375743
55,"RoughSets","D1SP",0.804399524375743
55,"simboot","D1SP",-657
55,"sprex","D1SP",0.804399524375743
55,"untb","D1SP",0.818511796733212
55,"vegan","D1SP",0.804399524375743
55,"abdiv","DBRI",1.65052886222551
55,"ecodive","DBRI",1.65052886222551
55,"tabula","DBRI",1.65052886222551
55,"wiqid","DBRI",5.2097343304316
55,"BiodiversityR","DFIS",2.98218125
55,"ecodive","DFIS",2.982
55,"microbiome","DFIS",2.98218125347475
55,"preseqR","DFIS",6.84926723778854
55,"sads","DFIS",2.98217903415379
55,"vegan","DFIS",2.98218125347475
55,"abdiv","DINVSP",5.11246200607903
55,"adiv","DINVSP",5.11246200607903
55,"asbio","DINVSP",5.11246200607903
55,"BiodiversityR","DINVSP",5.11246201
55,"breakaway","DINVSP",5.11246200607903
55,"chemodiv","DINVSP",5.11246200607903
55,"codyn","DINVSP",5.11246200607903
55,"divseg","DINVSP",1.19560047562426
55,"ecodive","DINVSP",5.11246200607903
55,"microbiome","DINVSP",5.11246200607903
55,"sprex","DINVSP",5.11246200607903
55,"vegan","DINVSP",5.11246200607903
55,"asbio","DLMD",11.2860708195542
55,"Compositional","DLMD",0.999958992306093
55,"sads","DLMD",1.49993655701636
55,"vegan","DLMD",9.32692418214068
55,"abdiv","DMC",0.64203603622235
55,"adiv","DMC",0.64203603622235
55,"agricolae","DMC",0.64203603622235
55,"ecodive","DMC",0.64203603622235
55,"forestHES","DMC",0.64203603622235
55,"tabula","DMC",0.64203603622235
55,"abdiv","DMG",1.97022836651596
55,"adiv","DMG",1.97022836651596
55,"agricolae","DMG",8.37347055769281
55,"ecodive","DMG",1.97022836651596
55,"tabula","DMG",1.97022836651596
55,"abdiv","DMN",1.1817578957375
55,"adiv","DMN",1.1817578957375
55,"ecodive","DMN",1.1817578957375
55,"tabula","DMN",1.1817578957375
55,"abdiv","DQ",0
55,"ade4","DRAO",0.804399524375743
55,"BAT","DRAO",0.804399524375743
55,"chemodiv","DRAO",387.186366317846
55,"diverse","DRAO",190.569741762928
55,"SYNCSA","DRAO",0.804399524375743
55,"abdiv","DSHA",1.86267837793432
55,"adiv","DSHA",1.86267837793432
55,"aqp","DSHA",-183.900839917617
55,"asbio","DSHA",1.86267837793432
55,"benthos","DSHA",0
55,"BiodiversityR","DSHA",1.86267838
55,"biosampleR","DSHA",0.990595155815617
55,"chemodiv","DSHA",1.86267837793432
55,"codyn","DSHA",1.86267837793432
55,"DescTools","DSHA",2.68727685861694
55,"divDyn","DSHA",1.86267837793432
55,"divent","DSHA",1.86267837793432
55,"diverse","DSHA",0.990595155815617
55,"ecodive","DSHA",1.86267837793432
55,"EconGeo","DSHA",2.687
55,"entropart","DSHA",1.91647216801226
55,"forestmangr","DSHA",3.56
55,"HardyWeinberg","DSHA",1.86267837793432
55,"iNEXT","DSHA",1.863
55,"MCPAN","DSHA",1.86267837793432
55,"microbiome","DSHA",1.86267837793432
55,"OTUtable","DSHA",1.86267837793432
55,"pgirmess","DSHA",2.68727685861694
55,"SpiecEasi","DSHA",1.86267837793432
55,"sprex","DSHA",1.86267837793432
55,"tabula","DSHA",1.86267837793432
55,"triversity","DSHA",9
55,"vegan","DSHA",1.86267837793432
55,"wavethresh","DSHA",-3426.62918247707
55,"wiqid","DSHA",5.51
55,"abdiv","DSP",0.195600475624257
55,"agricolae","DSP",0.195600475624257
55,"antitrust","DSP",1956.00475624257
55,"benthos","DSP",0.181488203266788
55,"breakaway","DSP",0.195600475624257
55,"concstats","DSP",0.195600475624257
55,"DescTools","DSP",0.195600475624257
55,"diverse","DSP",0.459176029962547
55,"divseg","DSP",1.19560047562426
55,"EconGeo","DSP",0.195600475624257
55,"hhi","DSP",0.195600475624257
55,"ineq","DSP",0.195600475624257
55,"microbiome","DSP",0.195600475624257
55,"PDtoolkit","DSP",0.195600475624257
55,"politics","DSP",0.195600475624257
55,"REAT","DSP",0.195600475624257
55,"sprex","DSP",0.195600475624257
55,"tabula","DSP",0.195600475624257
55,"triversity","DSP",0.195600475624257
55,"wiqid","DSP",5.51
55,"abdiv","EBP",0.310344827586207
55,"agricolae","EBP",0.310344827586207
55,"BiodiversityR","EBP",0.31034483
55,"diverse","EBP",0.6
55,"dyvDyn","EBP",0.310344827586207
55,"ecodive","EBP",0.310344827586207
55,"microbiome","EBP",0.310344827586207
55,"tabula","EBP",0.310344827586207
55,"triversity","EBP",0.310344827586207
55,"wiqid","EBP",1
55,"tabula","EBRI",0.843743951754808
55,"BAT","EBU",0.609913793103448
55,"microbiome","EBU",0.609913793103448
55,"BAT","ECAM",0.889846743295019
55,"microbiome","ECAM",0.942528735632184
55,"codyn","EEQ",0.198457924220302
55,"adiv","EEVAR",0.591475400179653
55,"codyn","EEVAR",0.564059805002815
55,"microbiome","EEVAR",0.591475400179653
55,"acid","EGIN",0.85615763546798
55,"DescTools","EGIN",0.85615763546798
55,"dplR","EGIN",0.85615763546798
55,"EconGeo","EGIN",0.856
55,"giniVarCI","EGIN",0.85615763546798
55,"ineq","EGIN",0.856157635467981
55,"microbiome","EGIN",0.85615763546798
55,"REAT","EGIN",0.85615763546798
55,"shipunov","EGIN",0.85615763546798
55,"wINEQ","EGIN",0.85615763546798
55,"adiv","EGSP",0.904949464922711
55,"abdiv","EHEI",0.680120628480662
55,"adiv","EHEI",0.680120628480662
55,"benthos","EHURE",0.818511796733212
55,"BiodiversityR","EHURE",0.8185118
55,"mobr","EHURE",0.818511796733212
55,"vegan","EHURE",0.818511796733201
55,"abdiv","EMC",0.512211329990828
55,"tabula","EMC",0.836598861807897
55,"microbiome","EMN",0.568965517241379
55,"abdiv","EPIE",0.847741463092732
55,"adiv","EPIE",0.847741463092732
55,"BiodiversityR","EPIE",0.84774146
55,"breakaway","EPIE",0.847741463092732
55,"chemodiv","EPIE",0.847741463092732
55,"diverse","EPIE",0.50906520853315
55,"forestmangr","EPIE",1
55,"microbiome","EPIE",0.847741463092732
55,"OTUtable","EPIE",0.847741463092732
55,"pctax","EPIE",0.8477
55,"sprex","EPIE",0.847741463092732
55,"tabula","EPIE",0.847741463092732
55,"adiv","ESP",0.568051334008781
55,"codyn","ESP",0.568051334008781
55,"sprex","ESP",0.206964264214924
55,"tabula","ESP",0.568051334008781
55,"abdiv","EST",0.346743295019157
55,"adiv","QHIL_0",9
55,"adiv","QHIL_1",6.44096502784529
55,"adiv","QHIL_2",5.11246200607903
55,"adiv","QHIL_3",4.47663522544107
55,"BAT","QHIL_0",9
55,"BAT","QHIL_1",6.44096502784529
55,"BAT","QHIL_2",5.11246200607903
55,"BAT","QHIL_3",4.47663522544107
55,"benthos","QHIL_0",35
55,"benthos","QHIL_1",6.44096502784529
55,"benthos","QHIL_2",5.11246200607903
55,"benthos","QHIL_3",4.47663522544107
55,"breakaway","QHIL_0",9
55,"breakaway","QHIL_1",6.44096502784529
55,"breakaway","QHIL_2",5.11246200607903
55,"breakaway","QHIL_3",4.47663522544107
55,"chemodiv","QHIL_0",9
55,"chemodiv","QHIL_1",6.44096502784529
55,"chemodiv","QHIL_2",5.11246200607903
55,"chemodiv","QHIL_3",4.47663522544107
55,"divDyn","QHIL_2",5.11246200607903
55,"divent","QHIL_0",9
55,"divent","QHIL_1",6.44096502784529
55,"divent","QHIL_2",5.11246200607903
55,"divent","QHIL_3",4.47663522544107
55,"entropart","QHIL_0",9
55,"entropart","QHIL_1",6.44096502784529
55,"entropart","QHIL_2",5.11246200607903
55,"entropart","QHIL_3",4.47663522544107
55,"EntropyEstimation","QHIL_1",6.92811047437306
55,"EntropyEstimation","QHIL_2",5.51
55,"EntropyEstimation","QHIL_3",4.84771913453239
55,"extremefit","QHIL",NA
55,"hilldiv","QHIL_0",9
55,"hilldiv","QHIL_1",6.4409836832269
55,"hilldiv","QHIL_2",5.11246200607903
55,"hilldiv","QHIL_3",4.47663522544107
55,"hillR","QHIL_0",9
55,"hillR","QHIL_1",6.44096502784529
55,"hillR","QHIL_2",5.11246200607903
55,"hillR","QHIL_3",4.47663522544107
55,"sprex","QHIL_0",9
55,"sprex","QHIL_1",6.44096502784529
55,"sprex","QHIL_2",5.11246200607903
55,"sprex","QHIL_3",4.47663522544107
55,"vegan","QHIL_0",9
55,"vegan","QHIL_1",6.44096502784529
55,"vegan","QHIL_2",5.11246200607903
55,"vegan","QHIL_3",4.47663522544107
55,"adiv","QREN_0",2.19722457733622
55,"adiv","QREN_1",1.86267837793432
55,"adiv","QREN_2",1.63168108976752
55,"adiv","QREN_3",1.49887169848595
55,"BiodiversityR","QREN_0",2.19722457733622
55,"BiodiversityR","QREN_1",1.86267837793432
55,"BiodiversityR","QREN_2",1.63168108976752
55,"BiodiversityR","QREN_3",1.49887169848595
55,"diverse","QREN_0",1.94591014905531
55,"diverse","QREN_1",0.990595155815617
55,"diverse","QREN_2",0.765319704964276
55,"diverse","QREN_3",0.694185294532152
55,"EntropyEstimation","QREN_1",1.93558711720301
55,"EntropyEstimation","QREN_2",1.70656462316482
55,"EntropyEstimation","QREN_3",1.57850831279263
55,"seewave","QREN_2",0.458937114229864
55,"seewave","QREN_3",0.421582286685995
55,"sprex","QREN_0",2.19722457733622
55,"sprex","QREN_1",1.86267837793432
55,"sprex","QREN_2",1.63168108976752
55,"sprex","QREN_3",1.49887169848595
55,"statcomp","QREN_1",0.523908867913765
55,"statcomp","QREN_2",0.458937089012875
55,"statcomp","QREN_3",0.421582267773253
55,"vegan","QREN_0",2.19722457733622
55,"vegan","QREN_1",1.86267837793432
55,"vegan","QREN_2",1.63168108976752
55,"vegan","QREN_3",1.49887169848595
55,"adiv","QTSA_0",8
55,"adiv","QTSA_1",1.86267837793432
55,"adiv","QTSA_2",0.804399524375743
55,"adiv","QTSA_3",0.475050227561606
55,"divent","QTSA_0",8
55,"divent","QTSA_1",1.86267837793432
55,"divent","QTSA_2",0.804399524375743
55,"divent","QTSA_3",0.475050227561606
55,"entropart","QTSA_0",9
55,"entropart","QTSA_1",1.91647216801226
55,"entropart","QTSA_2",0.810598252017631
55,"entropart","QTSA_3",0.476276849544863
55,"EntropyEstimation","QTSA_1",1.93558711720301
55,"EntropyEstimation","QTSA_2",0.818511796733212
55,"EntropyEstimation","QTSA_3",0.478723749027742
55,"vegan","QTSA_0",8
55,"vegan","QTSA_1",1.86267837793432
55,"vegan","QTSA_2",0.804399524375743
55,"vegan","QTSA_3",0.475050227561606
55,"BAT","RACE",9.31336805555556
55,"ecodive","RACE",9.31336805555556
55,"fossil","RACE",9.29166666666667
55,"pctax","RACE",9.3134
55,"sprex","RACE",58.4440771349862
55,"tabula","RACE",9.31336805555556
55,"vegan","RACE",9.31336805555556
55,"wiqid","RACE",9.31336805555556
55,"BiodiversityR","RBOO",9
55,"wiqid","RBOO",35
55,"BAT","RC1",9
55,"BiodiversityR","RC1",9
55,"biosampleR","RC1",8
55,"iNEXT","RC1",9.491
55,"microbiome","RC1",9
55,"pctax","RC1",9
55,"rareNMtests","RC1",9
55,"SpadeR","RC1",9
55,"SSP","RC1",8
55,"vegan","RC1",9
55,"wiqid","RC1",9.5
55,"BAT","RC1M",9.11111111111111
55,"divent","RC1M",9.49137931034483
55,"ecodive","RC1M",9.5
55,"entropart","RC1M",9.49137931034483
55,"fossil","RC1M",9.5
55,"mobr","RC1M",9.49137931034483
55,"OTUtable","RC1M",9.5
55,"tabula","RC1M",9.49137931034483
55,"wiqid","RC1M",9.5
55,"BAT","RCA2",35
55,"divDyn","RCA2",9
55,"fossil","RCA2",9.5
55,"tabula","RCA2",9
55,"wiqid","RCA2",9
55,"benthos","RHUR_2",1.8185117967332
55,"benthos","RHUR_3",2.49808789214415
55,"divent","RHUR_2",5.51000210858725
55,"divent","RHUR_3",5.62281512368074
55,"entropart","RHUR_2",1.8185117967332
55,"entropart","RHUR_3",2.49808789214415
55,"mobsim","RHUR_2",1.8185117967332
55,"mobsim","RHUR_3",2.49808789214415
55,"tabula","RHUR_2",1.81851179673317
55,"tabula","RHUR_3",2.49808789214397
55,"vegan","RHUR_2",1.8185117967332
55,"vegan","RHUR_3",2.49808789214415
55,"BAT","RICE",35
55,"fossil","RICE",9.29166666666667
55,"tabula","RICE",9
55,"wiqid","RICE",9
55,"BAT","RJA1",10
55,"BiodiversityR","RJA1",9
55,"divent","RJA1",10
55,"entropart","RJA1",10
55,"fossil","RJA1",9.98275862068965
55,"SSP","RJA1",8
55,"tabula","RJA1",1.70663233634809
55,"wiqid","RJA1",10
55,"BAT","RJA2",10
55,"BiodiversityR","RJA2",9
55,"fossil","RJA2",9.94797338173019
55,"SSP","RJA2",8
55,"wiqid","RJA2",10
55,"wiqid","RMM",0
55,"divDyn","RSQ",9.19612518628912
55,"ecodive","RSQ",9.19612518628912
55,"tabula","RSQ",9.19612518628912
56,"abdiv","D1SP",0.696844993141289
56,"ade4","D1SP",0.69684499314129
56,"adiv","D1SP",0.696844993141289
56,"agricolae","D1SP",1
56,"asbio","D1SP",0.696844993141289
56,"BiodiversityR","D1SP",0.69684499
56,"biosampleR","D1SP",0.895858611295529
56,"breakaway","D1SP",0.696844993141289
56,"catsim","D1SP",0.51265306122449
56,"concstats","D1SP",0.979504559025256
56,"CUB","D1SP",0.717340434116033
56,"DescTools","D1SP",0.69684499314129
56,"divent","D1SP",0.696844993141289
56,"diverse","D1SP",0.895858611295529
56,"ecodive","D1SP",0.696844993141289
56,"entropart","D1SP",0.696844993141289
56,"lawstat","D1SP",0.913943355119826
56,"MCPAN","D1SP",-3535
56,"microbiome","D1SP",0.696844993141289
56,"PCRA","D1SP",0.696844993141289
56,"RoughSets","D1SP",0.696844993141289
56,"simboot","D1SP",-3535
56,"sprex","D1SP",0.696844993141289
56,"untb","D1SP",0.703357563170647
56,"vegan","D1SP",0.696844993141289
56,"abdiv","DBRI",1.46835419310114
56,"ecodive","DBRI",1.46835419310114
56,"tabula","DBRI",1.46835419310114
56,"wiqid","DBRI",4.34208302697655
56,"BiodiversityR","DFIS",3.06365289
56,"ecodive","DFIS",3.064
56,"microbiome","DFIS",3.06365288740748
56,"preseqR","DFIS",5.92376572255178
56,"sads","DFIS",3.06364071634427
56,"vegan","DFIS",3.06365288740748
56,"abdiv","DINVSP",3.29864253393665
56,"adiv","DINVSP",3.29864253393665
56,"asbio","DINVSP",3.29864253393665
56,"BiodiversityR","DINVSP",3.29864253
56,"breakaway","DINVSP",3.29864253393665
56,"chemodiv","DINVSP",3.29864253393665
56,"codyn","DINVSP",3.29864253393665
56,"divseg","DINVSP",1.30315500685871
56,"ecodive","DINVSP",3.29864253393665
56,"microbiome","DINVSP",3.29864253393665
56,"sprex","DINVSP",3.29864253393665
56,"vegan","DINVSP",3.29864253393665
56,"asbio","DLMD",NA
56,"Compositional","DLMD",0.999958992306093
56,"sads","DLMD",1.42763942687497
56,"vegan","DLMD",16.8748799410688
56,"abdiv","DMC",0.49725305913491
56,"adiv","DMC",0.49725305913491
56,"agricolae","DMC",0.49725305913491
56,"ecodive","DMC",0.49725305913491
56,"forestHES","DMC",0.49725305913491
56,"tabula","DMC",0.49725305913491
56,"abdiv","DMG",2.13577952323691
56,"adiv","DMG",2.13577952323691
56,"agricolae","DMG",7.26165037900548
56,"ecodive","DMG",2.13577952323691
56,"tabula","DMG",2.13577952323691
56,"abdiv","DMN",1.05847549351431
56,"adiv","DMN",1.05847549351431
56,"ecodive","DMN",1.05847549351431
56,"tabula","DMN",1.05847549351431
56,"abdiv","DQ",0
56,"ade4","DRAO",0.69684499314129
56,"BAT","DRAO",0.696844993141289
56,"chemodiv","DRAO",411.643831472045
56,"diverse","DRAO",67.0703721397379
56,"SYNCSA","DRAO",0.696844993141289
56,"abdiv","DSHA",1.6080244480804
56,"adiv","DSHA",1.6080244480804
56,"aqp","DSHA",-478.979849371284
56,"asbio","DSHA",1.6080244480804
56,"benthos","DSHA",0
56,"BiodiversityR","DSHA",1.60802445
56,"biosampleR","DSHA",2.55750479292843
56,"chemodiv","DSHA",1.6080244480804
56,"codyn","DSHA",1.6080244480804
56,"DescTools","DSHA",2.31988889687381
56,"divDyn","DSHA",1.6080244480804
56,"divent","DSHA",1.6080244480804
56,"diverse","DSHA",2.55750479292843
56,"ecodive","DSHA",1.6080244480804
56,"EconGeo","DSHA",2.32
56,"entropart","DSHA",1.69001317696577
56,"forestmangr","DSHA",3.56
56,"HardyWeinberg","DSHA",1.6080244480804
56,"iNEXT","DSHA",1.608
56,"MCPAN","DSHA",1.6080244480804
56,"microbiome","DSHA",1.6080244480804
56,"OTUtable","DSHA",1.6080244480804
56,"pgirmess","DSHA",2.31988889687381
56,"SpiecEasi","DSHA",1.6080244480804
56,"sprex","DSHA",1.6080244480804
56,"tabula","DSHA",1.6080244480804
56,"triversity","DSHA",11
56,"vegan","DSHA",1.6080244480804
56,"wavethresh","DSHA",-26526.956709294
56,"wiqid","DSHA",3.37106184364061
56,"abdiv","DSP",0.303155006858711
56,"agricolae","DSP",0.303155006858711
56,"antitrust","DSP",3031.55006858711
56,"benthos","DSP",0.296642436829353
56,"breakaway","DSP",0.303155006858711
56,"concstats","DSP",0.303155006858711
56,"DescTools","DSP",0.303155006858711
56,"diverse","DSP",0.0998343761501656
56,"divseg","DSP",1.30315500685871
56,"EconGeo","DSP",0.303155006858711
56,"hhi","DSP",0.303155006858711
56,"ineq","DSP",0.303155006858711
56,"microbiome","DSP",0.303155006858711
56,"PDtoolkit","DSP",0.303155006858711
56,"politics","DSP",0.303155006858711
56,"REAT","DSP",0.303155006858711
56,"sprex","DSP",0.303155006858711
56,"tabula","DSP",0.303155006858711
56,"triversity","DSP",0.303155006858711
56,"wiqid","DSP",3.37106184364061
56,"abdiv","EBP",0.5
56,"agricolae","EBP",0.5
56,"BiodiversityR","EBP",0.5
56,"diverse","EBP",0.186602870813397
56,"dyvDyn","EBP",0.5
56,"ecodive","EBP",0.5
56,"microbiome","EBP",0.5
56,"tabula","EBP",0.5
56,"triversity","EBP",0.5
56,"wiqid","EBP",1
56,"tabula","EBRI",0.662449792709463
56,"BAT","EBU",0.413888888888889
56,"microbiome","EBU",0.413888888888889
56,"BAT","ECAM",0.871380471380471
56,"microbiome","ECAM",0.84006734006734
56,"codyn","EEQ",0.151564909084178
56,"adiv","EEVAR",0.360860105695319
56,"codyn","EEVAR",0.342011051020489
56,"microbiome","EEVAR",0.360860105695319
56,"acid","EGIN",0.887830687830688
56,"DescTools","EGIN",0.887830687830688
56,"dplR","EGIN",0.887830687830688
56,"EconGeo","EGIN",0.888
56,"giniVarCI","EGIN",0.887830687830688
56,"ineq","EGIN",0.887830687830688
56,"microbiome","EGIN",0.887830687830688
56,"REAT","EGIN",0.887830687830688
56,"shipunov","EGIN",0.887830687830688
56,"wINEQ","EGIN",0.887830687830688
56,"adiv","EGSP",0.766529492455418
56,"abdiv","EHEI",0.399293767058275
56,"adiv","EHEI",0.399293767058275
56,"benthos","EHURE",0.703357563170647
56,"BiodiversityR","EHURE",0.70335756
56,"mobr","EHURE",0.703357563170647
56,"vegan","EHURE",0.703357563170673
56,"abdiv","EMC",0.60646266394778
56,"tabula","EMC",0.643396077691141
56,"microbiome","EMN",0.657407407407407
56,"abdiv","EPIE",0.670598281051623
56,"adiv","EPIE",0.670598281051623
56,"BiodiversityR","EPIE",0.67059828
56,"breakaway","EPIE",0.670598281051623
56,"chemodiv","EPIE",0.670598281051623
56,"diverse","EPIE",0.840034798640156
56,"forestmangr","EPIE",1
56,"microbiome","EPIE",0.670598281051623
56,"OTUtable","EPIE",0.670598281051623
56,"pctax","EPIE",0.6706
56,"sprex","EPIE",0.670598281051623
56,"tabula","EPIE",0.670598281051623
56,"adiv","ESP",0.299876593994241
56,"codyn","ESP",0.299876593994241
56,"sprex","ESP",0.146184040734582
56,"tabula","ESP",0.299876593994241
56,"abdiv","EST",0.532828282828283
56,"adiv","QHIL_0",11
56,"adiv","QHIL_1",4.99293767058275
56,"adiv","QHIL_2",3.29864253393665
56,"adiv","QHIL_3",2.74823099117108
56,"BAT","QHIL_0",11
56,"BAT","QHIL_1",4.99293767058275
56,"BAT","QHIL_2",3.29864253393665
56,"BAT","QHIL_3",2.74823099117108
56,"benthos","QHIL_0",35
56,"benthos","QHIL_1",4.99293767058275
56,"benthos","QHIL_2",3.29864253393665
56,"benthos","QHIL_3",2.74823099117108
56,"breakaway","QHIL_0",11
56,"breakaway","QHIL_1",4.99293767058275
56,"breakaway","QHIL_2",3.29864253393665
56,"breakaway","QHIL_3",2.74823099117108
56,"chemodiv","QHIL_0",11
56,"chemodiv","QHIL_1",4.99293767058275
56,"chemodiv","QHIL_2",3.29864253393665
56,"chemodiv","QHIL_3",2.74823099117108
56,"divDyn","QHIL_2",3.29864253393665
56,"divent","QHIL_0",11
56,"divent","QHIL_1",4.99293767058275
56,"divent","QHIL_2",3.29864253393665
56,"divent","QHIL_3",2.74823099117108
56,"entropart","QHIL_0",11
56,"entropart","QHIL_1",4.99293767058275
56,"entropart","QHIL_2",3.29864253393665
56,"entropart","QHIL_3",2.74823099117108
56,"EntropyEstimation","QHIL_1",5.247542267588
56,"EntropyEstimation","QHIL_2",3.37106184364061
56,"EntropyEstimation","QHIL_3",2.79861964638162
56,"extremefit","QHIL",NA
56,"hilldiv","QHIL_0",11
56,"hilldiv","QHIL_1",4.99296822836696
56,"hilldiv","QHIL_2",3.29864253393665
56,"hilldiv","QHIL_3",2.74823099117108
56,"hillR","QHIL_0",11
56,"hillR","QHIL_1",4.99293767058275
56,"hillR","QHIL_2",3.29864253393665
56,"hillR","QHIL_3",2.74823099117108
56,"sprex","QHIL_0",11
56,"sprex","QHIL_1",4.99293767058275
56,"sprex","QHIL_2",3.29864253393665
56,"sprex","QHIL_3",2.74823099117108
56,"vegan","QHIL_0",11
56,"vegan","QHIL_1",4.99293767058275
56,"vegan","QHIL_2",3.29864253393665
56,"vegan","QHIL_3",2.74823099117108
56,"adiv","QREN_0",2.39789527279837
56,"adiv","QREN_1",1.6080244480804
56,"adiv","QREN_2",1.19351103049091
56,"adiv","QREN_3",1.01095742874995
56,"BiodiversityR","QREN_0",2.39789527279837
56,"BiodiversityR","QREN_1",1.6080244480804
56,"BiodiversityR","QREN_2",1.19351103049091
56,"BiodiversityR","QREN_3",1.01095742874995
56,"diverse","QREN_0",3.04452243772342
56,"diverse","QREN_1",2.55750479292843
56,"diverse","QREN_2",2.26200579635962
56,"diverse","QREN_3",2.09476291259934
56,"EntropyEstimation","QREN_1",1.65775982748498
56,"EntropyEstimation","QREN_2",1.21522778186846
56,"EntropyEstimation","QREN_3",1.02912631218974
56,"seewave","QREN_2",0.335694580191218
56,"seewave","QREN_3",0.284348380130122
56,"sprex","QREN_0",2.39789527279837
56,"sprex","QREN_1",1.6080244480804
56,"sprex","QREN_2",1.19351103049091
56,"sprex","QREN_3",1.01095742874995
56,"statcomp","QREN_1",0.452283270236772
56,"statcomp","QREN_2",0.335694567690489
56,"statcomp","QREN_3",0.284348370754575
56,"vegan","QREN_0",2.39789527279837
56,"vegan","QREN_1",1.6080244480804
56,"vegan","QREN_2",1.19351103049091
56,"vegan","QREN_3",1.01095742874995
56,"adiv","QTSA_0",10
56,"adiv","QTSA_1",1.6080244480804
56,"adiv","QTSA_2",0.696844993141289
56,"adiv","QTSA_3",0.433799154092364
56,"divent","QTSA_0",10
56,"divent","QTSA_1",1.6080244480804
56,"divent","QTSA_2",0.696844993141289
56,"divent","QTSA_3",0.433799154092364
56,"entropart","QTSA_0",13
56,"entropart","QTSA_1",1.69001317696577
56,"entropart","QTSA_2",0.70323263090314
56,"entropart","QTSA_3",0.435123378061015
56,"EntropyEstimation","QTSA_1",1.65775982748498
56,"EntropyEstimation","QTSA_2",0.703357563170647
56,"EntropyEstimation","QTSA_3",0.436161562726542
56,"vegan","QTSA_0",10
56,"vegan","QTSA_1",1.6080244480804
56,"vegan","QTSA_2",0.696844993141289
56,"vegan","QTSA_3",0.433799154092364
56,"BAT","RACE",13.0333333333333
56,"ecodive","RACE",13.0333333333333
56,"fossil","RACE",12.3333333333333
56,"pctax","RACE",13.0333
56,"sprex","RACE",108.377254952534
56,"tabula","RACE",13.0333333333333
56,"vegan","RACE",13.0333333333333
56,"wiqid","RACE",13.0333333333333
56,"BiodiversityR","RBOO",11
56,"wiqid","RBOO",35
56,"BAT","RC1",12.5
56,"BiodiversityR","RC1",11
56,"biosampleR","RC1",22
56,"iNEXT","RC1",15.458
56,"microbiome","RC1",12.5
56,"pctax","RC1",12.5
56,"rareNMtests","RC1",11
56,"SpadeR","RC1",11
56,"SSP","RC1",10
56,"vegan","RC1",12.5
56,"wiqid","RC1",15.5
56,"BAT","RC1M",13.4297520661157
56,"divent","RC1M",15.4583333333333
56,"ecodive","RC1M",15.5
56,"entropart","RC1M",15.4583333333333
56,"fossil","RC1M",15.5
56,"mobr","RC1M",15.4583333333333
56,"OTUtable","RC1M",15.5
56,"tabula","RC1M",15.4583333333333
56,"wiqid","RC1M",15.5
56,"BAT","RCA2",35
56,"divDyn","RCA2",12.3636363636364
56,"fossil","RCA2",15.5
56,"tabula","RCA2",11
56,"wiqid","RCA2",11
56,"benthos","RHUR_2",1.70335756317067
56,"benthos","RHUR_3",2.23774956405887
56,"divent","RHUR_2",3.3710644717151
56,"divent","RHUR_3",3.56803106355971
56,"entropart","RHUR_2",1.70335756317067
56,"entropart","RHUR_3",2.23774956405887
56,"mobsim","RHUR_2",1.70335756317067
56,"mobsim","RHUR_3",2.23774956405887
56,"tabula","RHUR_2",1.70335756317072
56,"tabula","RHUR_3",2.2377495640589
56,"vegan","RHUR_2",1.70335756317067
56,"vegan","RHUR_3",2.23774956405887
56,"BAT","RICE",35
56,"fossil","RICE",12.3333333333333
56,"tabula","RICE",11
56,"wiqid","RICE",11
56,"BAT","RJA1",14
56,"BiodiversityR","RJA1",11
56,"divent","RJA1",14
56,"entropart","RJA1",14
56,"fossil","RJA1",13.9722222222222
56,"SSP","RJA1",10
56,"tabula","RJA1",1.39175065720062
56,"wiqid","RJA1",14
56,"BAT","RJA2",16
56,"BiodiversityR","RJA2",11
56,"fossil","RJA2",15.8610245759778
56,"SSP","RJA2",10
56,"wiqid","RJA2",16
56,"wiqid","RMM",0
56,"divDyn","RSQ",13.7361361877741
56,"ecodive","RSQ",13.7361361877741
56,"tabula","RSQ",13.7361361877741
57,"abdiv","D1SP",0.78125
57,"ade4","D1SP",0.78125
57,"adiv","D1SP",0.78125
57,"agricolae","D1SP",1
57,"asbio","D1SP",0.78125
57,"BiodiversityR","D1SP",0.78125
57,"biosampleR","D1SP",0.738173476346953
57,"breakaway","D1SP",0.78125
57,"catsim","D1SP",0.25469387755102
57,"concstats","D1SP",0.977022058823529
57,"CUB","D1SP",0.804227941176471
57,"DescTools","D1SP",0.78125
57,"divent","D1SP",0.78125
57,"diverse","D1SP",0.738173476346953
57,"ecodive","D1SP",0.78125
57,"entropart","D1SP",0.78125
57,"lawstat","D1SP",0.904411764705882
57,"MCPAN","D1SP",-13
57,"microbiome","D1SP",0.78125
57,"PCRA","D1SP",0.78125
57,"RoughSets","D1SP",0.78125
57,"simboot","D1SP",-13
57,"sprex","D1SP",0.78125
57,"untb","D1SP",0.892857142857143
57,"vegan","D1SP",0.78125
57,"abdiv","DBRI",1.06564517013318
57,"ecodive","DBRI",1.06564517013318
57,"tabula","DBRI",1.06564517013318
57,"wiqid","DBRI",2.9027111225923
57,"BiodiversityR","DFIS",5.70511385
57,"ecodive","DFIS",5.705
57,"microbiome","DFIS",5.70511385211326
57,"preseqR","DFIS",3.18357134621567
57,"sads","DFIS",4.9999998572278
57,"vegan","DFIS",5.70511385211326
57,"abdiv","DINVSP",4.57142857142857
57,"adiv","DINVSP",4.57142857142857
57,"asbio","DINVSP",4.57142857142857
57,"BiodiversityR","DINVSP",4.57142857
57,"breakaway","DINVSP",4.57142857142857
57,"chemodiv","DINVSP",4.57142857142857
57,"codyn","DINVSP",4.57142857142857
57,"divseg","DINVSP",1.21875
57,"ecodive","DINVSP",4.57142857142857
57,"microbiome","DINVSP",4.57142857142857
57,"sprex","DINVSP",4.57142857142857
57,"vegan","DINVSP",4.57142857142857
57,"asbio","DLMD",NA
57,"Compositional","DLMD",0.999958992306093
57,"sads","DLMD",0.41588830884289
57,"vegan","DLMD",5.321744515901
57,"abdiv","DMC",0.823413440348565
57,"adiv","DMC",0.823413440348565
57,"agricolae","DMC",NA
57,"ecodive","DMC",0.823413440348565
57,"forestHES","DMC",0.823413440348565
57,"tabula","DMC",0.823413440348565
57,"abdiv","DMG",1.92359338785195
57,"adiv","DMG",1.92359338785195
57,"agricolae","DMG",16.3505437967416
57,"ecodive","DMG",1.92359338785195
57,"tabula","DMG",1.92359338785195
57,"abdiv","DMN",1.76776695296637
57,"adiv","DMN",1.76776695296637
57,"ecodive","DMN",1.76776695296637
57,"tabula","DMN",1.76776695296637
57,"abdiv","DQ",0
57,"ade4","DRAO",0.78125
57,"BAT","DRAO",0.78125
57,"chemodiv","DRAO",332.515875914351
57,"diverse","DRAO",208.193135387176
57,"SYNCSA","DRAO",0.78125
57,"abdiv","DSHA",1.55958115625988
57,"adiv","DSHA",1.55958115625988
57,"aqp","DSHA",-6
57,"asbio","DSHA",1.55958115625988
57,"benthos","DSHA",0
57,"BiodiversityR","DSHA",1.55958116
57,"biosampleR","DSHA",1.69630811453213
57,"chemodiv","DSHA",1.55958115625988
57,"codyn","DSHA",1.55958115625988
57,"DescTools","DSHA",2.25
57,"divDyn","DSHA",1.55958115625988
57,"divent","DSHA",1.55958115625988
57,"diverse","DSHA",1.69630811453213
57,"ecodive","DSHA",1.55958115625988
57,"EconGeo","DSHA",2.25
57,"entropart","DSHA",1.84591996490431
57,"forestmangr","DSHA",3.56
57,"HardyWeinberg","DSHA",1.55958115625988
57,"iNEXT","DSHA",1.56
57,"MCPAN","DSHA",1.55958115625988
57,"microbiome","DSHA",1.55958115625988
57,"OTUtable","DSHA",1.55958115625988
57,"pgirmess","DSHA",2.25
57,"SpiecEasi","DSHA",1.55958115625988
57,"sprex","DSHA",1.55958115625988
57,"tabula","DSHA",1.55958115625988
57,"triversity","DSHA",5
57,"vegan","DSHA",1.55958115625988
57,"wavethresh","DSHA",-16.6355323334387
57,"wiqid","DSHA",9.33333333333333
57,"abdiv","DSP",0.21875
57,"agricolae","DSP",0.21875
57,"antitrust","DSP",2187.5
57,"benthos","DSP",0.107142857142857
57,"breakaway","DSP",0.21875
57,"concstats","DSP",0.21875
57,"DescTools","DSP",0.21875
57,"diverse","DSP",0.2559680039995
57,"divseg","DSP",1.21875
57,"EconGeo","DSP",0.21875
57,"hhi","DSP",0.21875
57,"ineq","DSP",0.21875
57,"microbiome","DSP",0.21875
57,"PDtoolkit","DSP",0.21875
57,"politics","DSP",0.21875
57,"REAT","DSP",0.21875
57,"sprex","DSP",0.21875
57,"tabula","DSP",0.21875
57,"triversity","DSP",0.21875
57,"wiqid","DSP",9.33333333333333
57,"abdiv","EBP",0.25
57,"agricolae","EBP",NA
57,"BiodiversityR","EBP",0.25
57,"diverse","EBP",0.433070866141732
57,"dyvDyn","EBP",0.25
57,"ecodive","EBP",0.25
57,"microbiome","EBP",0.25
57,"tabula","EBP",0.25
57,"triversity","EBP",0.25
57,"wiqid","EBP",1
57,"tabula","EBRI",1
57,"BAT","EBU",0.8125
57,"microbiome","EBU",0.8125
57,"BAT","ECAM",0.925
57,"microbiome","ECAM",1
57,"codyn","EEQ",0.430134205418004
57,"adiv","EEVAR",0.926914961609593
57,"codyn","EEVAR",0.911437699707966
57,"microbiome","EEVAR",0.926914961609593
57,"acid","EGIN",0.878571428571429
57,"DescTools","EGIN",0.878571428571428
57,"dplR","EGIN",0.878571428571429
57,"EconGeo","EGIN",0.879
57,"giniVarCI","EGIN",0.878571428571428
57,"ineq","EGIN",0.878571428571429
57,"microbiome","EGIN",0.878571428571428
57,"REAT","EGIN",0.878571428571429
57,"shipunov","EGIN",0.878571428571428
57,"wINEQ","EGIN",0.878571428571429
57,"adiv","EGSP",0.9765625
57,"abdiv","EHEI",0.939207115002721
57,"adiv","EHEI",0.939207115002721
57,"benthos","EHURE",0.892857142857143
57,"BiodiversityR","EHURE",0.89285714
57,"mobr","EHURE",0.892857142857143
57,"vegan","EHURE",0.892857142857143
57,"abdiv","EMC",0.836660026534075
57,"tabula","EMC",0.962926769399621
57,"microbiome","EMN",0.5
57,"abdiv","EPIE",0.969022255665134
57,"adiv","EPIE",0.969022255665134
57,"BiodiversityR","EPIE",0.96902226
57,"breakaway","EPIE",0.969022255665134
57,"chemodiv","EPIE",0.969022255665134
57,"diverse","EPIE",0.682644603440878
57,"forestmangr","EPIE",1
57,"microbiome","EPIE",0.969022255665134
57,"OTUtable","EPIE",0.969022255665134
57,"pctax","EPIE",0.969
57,"sprex","EPIE",0.969022255665134
57,"tabula","EPIE",0.969022255665134
57,"adiv","ESP",0.914285714285714
57,"codyn","ESP",0.914285714285714
57,"sprex","ESP",0.311916231251975
57,"tabula","ESP",0.914285714285714
57,"abdiv","EST",0.15
57,"adiv","QHIL_0",5
57,"adiv","QHIL_1",4.75682846001088
57,"adiv","QHIL_2",4.57142857142857
57,"adiv","QHIL_3",4.43760156980183
57,"BAT","QHIL_0",5
57,"BAT","QHIL_1",4.75682846001088
57,"BAT","QHIL_2",4.57142857142857
57,"BAT","QHIL_3",4.43760156980183
57,"benthos","QHIL_0",35
57,"benthos","QHIL_1",4.75682846001088
57,"benthos","QHIL_2",4.57142857142857
57,"benthos","QHIL_3",4.43760156980183
57,"breakaway","QHIL_0",5
57,"breakaway","QHIL_1",4.75682846001088
57,"breakaway","QHIL_2",4.57142857142857
57,"breakaway","QHIL_3",4.43760156980183
57,"chemodiv","QHIL_0",5
57,"chemodiv","QHIL_1",4.75682846001088
57,"chemodiv","QHIL_2",4.57142857142857
57,"chemodiv","QHIL_3",4.43760156980183
57,"divDyn","QHIL_2",4.57142857142857
57,"divent","QHIL_0",5
57,"divent","QHIL_1",4.75682846001088
57,"divent","QHIL_2",4.57142857142857
57,"divent","QHIL_3",4.43760156980183
57,"entropart","QHIL_0",5
57,"entropart","QHIL_1",4.75682846001088
57,"entropart","QHIL_2",4.57142857142857
57,"entropart","QHIL_3",4.43760156980183
57,"EntropyEstimation","QHIL_1",6.31455409499388
57,"EntropyEstimation","QHIL_2",9.33333333333334
57,"EntropyEstimation","QHIL_3",Inf
57,"extremefit","QHIL",NA
57,"hilldiv","QHIL_0",5
57,"hilldiv","QHIL_1",4.75683060262467
57,"hilldiv","QHIL_2",4.57142857142857
57,"hilldiv","QHIL_3",4.43760156980183
57,"hillR","QHIL_0",5
57,"hillR","QHIL_1",4.75682846001088
57,"hillR","QHIL_2",4.57142857142857
57,"hillR","QHIL_3",4.43760156980183
57,"sprex","QHIL_0",5
57,"sprex","QHIL_1",4.75682846001088
57,"sprex","QHIL_2",4.57142857142857
57,"sprex","QHIL_3",4.43760156980183
57,"vegan","QHIL_0",5
57,"vegan","QHIL_1",4.75682846001088
57,"vegan","QHIL_2",4.57142857142857
57,"vegan","QHIL_3",4.43760156980183
57,"adiv","QREN_0",1.6094379124341
57,"adiv","QREN_1",1.55958115625988
57,"adiv","QREN_2",1.51982575374441
57,"adiv","QREN_3",1.49011404350901
57,"BiodiversityR","QREN_0",1.6094379124341
57,"BiodiversityR","QREN_1",1.55958115625988
57,"BiodiversityR","QREN_2",1.51982575374441
57,"BiodiversityR","QREN_3",1.49011404350901
57,"diverse","QREN_0",2.484906649788
57,"diverse","QREN_1",1.69630811453213
57,"diverse","QREN_2",1.34007311798324
57,"diverse","QREN_3",1.17956014125448
57,"EntropyEstimation","QREN_1",1.84285714285714
57,"EntropyEstimation","QREN_2",2.23359222150709
57,"EntropyEstimation","QREN_3",Inf
57,"seewave","QREN_2",0.427476150705639
57,"seewave","QREN_3",0.419119191774621
57,"sprex","QREN_0",1.6094379124341
57,"sprex","QREN_1",1.55958115625988
57,"sprex","QREN_2",1.51982575374441
57,"sprex","QREN_3",1.49011404350901
57,"statcomp","QREN_1",0.438657799261019
57,"statcomp","QREN_2",0.427475939755874
57,"statcomp","QREN_3",0.419119033562292
57,"vegan","QREN_0",1.6094379124341
57,"vegan","QREN_1",1.55958115625988
57,"vegan","QREN_2",1.51982575374441
57,"vegan","QREN_3",1.49011404350901
57,"adiv","QTSA_0",4
57,"adiv","QTSA_1",1.55958115625988
57,"adiv","QTSA_2",0.78125
57,"adiv","QTSA_3",0.474609375
57,"divent","QTSA_0",4
57,"divent","QTSA_1",1.55958115625988
57,"divent","QTSA_2",0.78125
57,"divent","QTSA_3",0.474609375
57,"entropart","QTSA_0",6
57,"entropart","QTSA_1",1.84591996490431
57,"entropart","QTSA_2",0.829081253203711
57,"entropart","QTSA_3",0.483646045551884
57,"EntropyEstimation","QTSA_1",1.84285714285714
57,"EntropyEstimation","QTSA_2",0.892857142857143
57,"EntropyEstimation","QTSA_3",0.5
57,"vegan","QTSA_0",4
57,"vegan","QTSA_1",1.55958115625988
57,"vegan","QTSA_2",0.78125
57,"vegan","QTSA_3",0.474609375
57,"BAT","RACE",6.66666666666667
57,"ecodive","RACE",6.66666666666667
57,"fossil","RACE",6.66666666666667
57,"pctax","RACE",6.6667
57,"sprex","RACE",NA
57,"tabula","RACE",6.66666666666667
57,"vegan","RACE",6.66666666666667
57,"wiqid","RACE",6.66666666666667
57,"BiodiversityR","RBOO",5
57,"wiqid","RBOO",35
57,"BAT","RC1",5.25
57,"BiodiversityR","RC1",5
57,"biosampleR","RC1",14
57,"iNEXT","RC1",5.583
57,"microbiome","RC1",5.25
57,"pctax","RC1",5.25
57,"rareNMtests","RC1",5
57,"SpadeR","RC1",5
57,"SSP","RC1",5
57,"vegan","RC1",5.25
57,"wiqid","RC1",5.66666666666667
57,"BAT","RC1M",6.09
57,"divent","RC1M",5.58333333333333
57,"ecodive","RC1M",5.66666666666667
57,"entropart","RC1M",5.58333333333333
57,"fossil","RC1M",5.66666666666667
57,"mobr","RC1M",5.58333333333333
57,"OTUtable","RC1M",5.66666666666667
57,"tabula","RC1M",5.58333333333333
57,"wiqid","RC1M",5.66666666666667
57,"BAT","RCA2",35
57,"divDyn","RCA2",5.2
57,"fossil","RCA2",5.66666666666667
57,"tabula","RCA2",5
57,"wiqid","RCA2",5
57,"benthos","RHUR_2",1.89285714285714
57,"benthos","RHUR_3",2.67857142857143
57,"divent","RHUR_2",9.33331989458403
57,"divent","RHUR_3",8.98718240214402
57,"entropart","RHUR_2",1.89285714285715
57,"entropart","RHUR_3",2.67857142857143
57,"mobsim","RHUR_2",1.89285714285714
57,"mobsim","RHUR_3",2.67857142857143
57,"tabula","RHUR_2",1.89285714285714
57,"tabula","RHUR_3",2.67857142857143
57,"vegan","RHUR_2",1.89285714285714
57,"vegan","RHUR_3",2.67857142857143
57,"BAT","RICE",35
57,"fossil","RICE",6.66666666666667
57,"tabula","RICE",5
57,"wiqid","RICE",5
57,"BAT","RJA1",7
57,"BiodiversityR","RJA1",5
57,"divent","RJA1",7
57,"entropart","RJA1",7
57,"fossil","RJA1",6.75
57,"SSP","RJA1",5
57,"tabula","RJA1",1.32966134885476
57,"wiqid","RJA1",7
57,"BAT","RJA2",6
57,"BiodiversityR","RJA2",5
57,"fossil","RJA2",5.57142857142857
57,"SSP","RJA2",5
57,"wiqid","RJA2",6
57,"wiqid","RMM",0
57,"divDyn","RSQ",6.03703703703704
57,"ecodive","RSQ",6.03703703703704
57,"tabula","RSQ",6.03703703703704
58,"abdiv","D1SP",0.723721057304829
58,"ade4","D1SP",0.723721057304829
58,"adiv","D1SP",0.723721057304829
58,"agricolae","D1SP",1
58,"asbio","D1SP",0.723721057304829
58,"BiodiversityR","D1SP",0.72372106
58,"biosampleR","D1SP",0.844671201814059
58,"breakaway","D1SP",0.723721057304829
58,"catsim","D1SP",0.51265306122449
58,"concstats","D1SP",0.978714086549858
58,"CUB","D1SP",0.745006970754971
58,"DescTools","D1SP",0.723721057304829
58,"divent","D1SP",0.723721057304829
58,"diverse","D1SP",0.844671201814059
58,"ecodive","D1SP",0.723721057304829
58,"entropart","D1SP",0.723721057304829
58,"lawstat","D1SP",0.908118619348566
58,"MCPAN","D1SP",-4044
58,"microbiome","D1SP",0.723721057304829
58,"PCRA","D1SP",0.723721057304829
58,"RoughSets","D1SP",0.723721057304829
58,"simboot","D1SP",-4044
58,"sprex","D1SP",0.723721057304829
58,"untb","D1SP",0.729752066115702
58,"vegan","D1SP",0.723721057304829
58,"abdiv","DBRI",1.54162073550621
58,"ecodive","DBRI",1.54162073550621
58,"tabula","DBRI",1.54162073550621
58,"wiqid","DBRI",4.67215646780791
58,"BiodiversityR","DFIS",2.94013609
58,"ecodive","DFIS",2.94
58,"microbiome","DFIS",2.94013609332174
58,"preseqR","DFIS",6.89091537290808
58,"sads","DFIS",2.94011538224043
58,"vegan","DFIS",2.94013609332174
58,"abdiv","DINVSP",3.61953028430161
58,"adiv","DINVSP",3.61953028430161
58,"asbio","DINVSP",3.61953028430161
58,"BiodiversityR","DINVSP",3.61953028
58,"breakaway","DINVSP",3.61953028430161
58,"chemodiv","DINVSP",3.61953028430161
58,"codyn","DINVSP",3.61953028430161
58,"divseg","DINVSP",1.27627894269517
58,"ecodive","DINVSP",3.61953028430161
58,"microbiome","DINVSP",3.61953028430161
58,"sprex","DINVSP",3.61953028430161
58,"vegan","DINVSP",3.61953028430161
58,"asbio","DLMD",12.3323172572633
58,"Compositional","DLMD",0.999958992306093
58,"sads","DLMD",1.54349183095823
58,"vegan","DLMD",19.956514909766
58,"abdiv","DMC",0.521815323048806
58,"adiv","DMC",0.521815323048806
58,"agricolae","DMC",0.521815323048806
58,"ecodive","DMC",0.521815323048806
58,"forestHES","DMC",0.521815323048806
58,"tabula","DMC",0.521815323048806
58,"abdiv","DMG",2.08516195712123
58,"adiv","DMG",2.08516195712123
58,"agricolae","DMG",7.08955065421219
58,"ecodive","DMG",2.08516195712123
58,"tabula","DMG",2.08516195712123
58,"abdiv","DMN",1
58,"adiv","DMN",1
58,"ecodive","DMN",1
58,"tabula","DMN",1
58,"abdiv","DQ",0
58,"ade4","DRAO",0.723721057304829
58,"BAT","DRAO",0.723721057304829
58,"chemodiv","DRAO",284.699501489299
58,"diverse","DRAO",130.659975183414
58,"SYNCSA","DRAO",0.723721057304829
58,"abdiv","DSHA",1.6710044737347
58,"adiv","DSHA",1.6710044737347
58,"aqp","DSHA",-545.481717735426
58,"asbio","DSHA",1.6710044737347
58,"benthos","DSHA",0
58,"BiodiversityR","DSHA",1.67100447
58,"biosampleR","DSHA",1.98099159894805
58,"chemodiv","DSHA",1.6710044737347
58,"codyn","DSHA",1.6710044737347
58,"DescTools","DSHA",2.41074986756033
58,"divDyn","DSHA",1.6710044737347
58,"divent","DSHA",1.6710044737347
58,"diverse","DSHA",1.98099159894805
58,"ecodive","DSHA",1.6710044737347
58,"EconGeo","DSHA",2.411
58,"entropart","DSHA",1.7456955689961
58,"forestmangr","DSHA",3.56
58,"HardyWeinberg","DSHA",1.6710044737347
58,"iNEXT","DSHA",1.671
58,"MCPAN","DSHA",1.6710044737347
58,"microbiome","DSHA",1.6710044737347
58,"OTUtable","DSHA",1.6710044737347
58,"pgirmess","DSHA",2.41074986756033
58,"SpiecEasi","DSHA",1.6710044737347
58,"sprex","DSHA",1.6710044737347
58,"tabula","DSHA",1.6710044737347
58,"triversity","DSHA",11
58,"vegan","DSHA",1.6710044737347
58,"wavethresh","DSHA",-30511.0413434833
58,"wiqid","DSHA",3.70030581039755
58,"abdiv","DSP",0.276278942695171
58,"agricolae","DSP",0.276278942695171
58,"antitrust","DSP",2762.78942695171
58,"benthos","DSP",0.270247933884298
58,"breakaway","DSP",0.276278942695171
58,"concstats","DSP",0.276278942695171
58,"DescTools","DSP",0.276278942695171
58,"diverse","DSP",0.13472706155633
58,"divseg","DSP",1.27627894269517
58,"EconGeo","DSP",0.276278942695171
58,"hhi","DSP",0.276278942695171
58,"ineq","DSP",0.276278942695171
58,"microbiome","DSP",0.276278942695171
58,"PDtoolkit","DSP",0.276278942695171
58,"politics","DSP",0.276278942695171
58,"REAT","DSP",0.276278942695171
58,"sprex","DSP",0.276278942695171
58,"tabula","DSP",0.276278942695171
58,"triversity","DSP",0.276278942695171
58,"wiqid","DSP",3.70030581039755
58,"abdiv","EBP",0.471074380165289
58,"agricolae","EBP",0.471074380165289
58,"BiodiversityR","EBP",0.47107438
58,"diverse","EBP",0.214285714285714
58,"dyvDyn","EBP",0.471074380165289
58,"ecodive","EBP",0.471074380165289
58,"microbiome","EBP",0.471074380165289
58,"tabula","EBP",0.471074380165289
58,"triversity","EBP",0.471074380165289
58,"wiqid","EBP",1
58,"tabula","EBRI",0.690662694433131
58,"BAT","EBU",0.481818181818182
58,"microbiome","EBU",0.481818181818182
58,"BAT","ECAM",0.874981217129978
58,"microbiome","ECAM",0.893313298271976
58,"codyn","EEQ",0.145932307509752
58,"adiv","EEVAR",0.33157495044337
58,"codyn","EEVAR",0.31366196648464
58,"microbiome","EEVAR",0.33157495044337
58,"acid","EGIN",0.882172373081464
58,"DescTools","EGIN",0.882172373081464
58,"dplR","EGIN",0.882172373081464
58,"EconGeo","EGIN",0.882
58,"giniVarCI","EGIN",0.882172373081464
58,"ineq","EGIN",0.882172373081464
58,"microbiome","EGIN",0.882172373081464
58,"REAT","EGIN",0.882172373081464
58,"shipunov","EGIN",0.882172373081464
58,"wINEQ","EGIN",0.882172373081464
58,"adiv","EGSP",0.796093163035312
58,"abdiv","EHEI",0.431750641100759
58,"adiv","EHEI",0.431750641100759
58,"benthos","EHURE",0.729752066115702
58,"BiodiversityR","EHURE",0.72975207
58,"mobr","EHURE",0.729752066115703
58,"vegan","EHURE",0.729752066115677
58,"abdiv","EMC",0.572743427421927
58,"tabula","EMC",0.679148562722531
58,"microbiome","EMN",0.636363636363636
58,"abdiv","EPIE",0.696862991762198
58,"adiv","EPIE",0.696862991762198
58,"BiodiversityR","EPIE",0.69686299
58,"breakaway","EPIE",0.696862991762198
58,"chemodiv","EPIE",0.696862991762198
58,"diverse","EPIE",0.901588130490368
58,"forestmangr","EPIE",1
58,"microbiome","EPIE",0.696862991762198
58,"OTUtable","EPIE",0.696862991762198
58,"pctax","EPIE",0.6969
58,"sprex","EPIE",0.696862991762198
58,"tabula","EPIE",0.696862991762198
58,"adiv","ESP",0.329048207663782
58,"codyn","ESP",0.329048207663782
58,"sprex","ESP",0.151909497612246
58,"tabula","ESP",0.329048207663782
58,"abdiv","EST",0.471074380165289
58,"adiv","QHIL_0",11
58,"adiv","QHIL_1",5.31750641100759
58,"adiv","QHIL_2",3.61953028430161
58,"adiv","QHIL_3",2.99527974334715
58,"BAT","QHIL_0",11
58,"BAT","QHIL_1",5.31750641100759
58,"BAT","QHIL_2",3.61953028430161
58,"BAT","QHIL_3",2.99527974334715
58,"benthos","QHIL_0",35
58,"benthos","QHIL_1",5.31750641100759
58,"benthos","QHIL_2",3.61953028430161
58,"benthos","QHIL_3",2.99527974334715
58,"breakaway","QHIL_0",11
58,"breakaway","QHIL_1",5.31750641100759
58,"breakaway","QHIL_2",3.61953028430161
58,"breakaway","QHIL_3",2.99527974334715
58,"chemodiv","QHIL_0",11
58,"chemodiv","QHIL_1",5.31750641100759
58,"chemodiv","QHIL_2",3.61953028430161
58,"chemodiv","QHIL_3",2.99527974334715
58,"divDyn","QHIL_2",3.61953028430161
58,"divent","QHIL_0",11
58,"divent","QHIL_1",5.31750641100759
58,"divent","QHIL_2",3.61953028430161
58,"divent","QHIL_3",2.99527974334716
58,"entropart","QHIL_0",11
58,"entropart","QHIL_1",5.31750641100759
58,"entropart","QHIL_2",3.61953028430161
58,"entropart","QHIL_3",2.99527974334715
58,"EntropyEstimation","QHIL_1",5.55843980762634
58,"EntropyEstimation","QHIL_2",3.70030581039755
58,"EntropyEstimation","QHIL_3",3.05144288379237
58,"extremefit","QHIL",NA
58,"hilldiv","QHIL_0",11
58,"hilldiv","QHIL_1",5.3175351960837
58,"hilldiv","QHIL_2",3.61953028430161
58,"hilldiv","QHIL_3",2.99527974334715
58,"hillR","QHIL_0",11
58,"hillR","QHIL_1",5.31750641100759
58,"hillR","QHIL_2",3.61953028430161
58,"hillR","QHIL_3",2.99527974334715
58,"sprex","QHIL_0",11
58,"sprex","QHIL_1",5.31750641100759
58,"sprex","QHIL_2",3.61953028430161
58,"sprex","QHIL_3",2.99527974334715
58,"vegan","QHIL_0",11
58,"vegan","QHIL_1",5.31750641100759
58,"vegan","QHIL_2",3.61953028430161
58,"vegan","QHIL_3",2.99527974334715
58,"adiv","QREN_0",2.39789527279837
58,"adiv","QREN_1",1.6710044737347
58,"adiv","QREN_2",1.28634426170089
58,"adiv","QREN_3",1.09703763066039
58,"BiodiversityR","QREN_0",2.39789527279837
58,"BiodiversityR","QREN_1",1.6710044737347
58,"BiodiversityR","QREN_2",1.28634426170089
58,"BiodiversityR","QREN_3",1.09703763066039
58,"diverse","QREN_0",2.19722457733622
58,"diverse","QREN_1",1.98099159894805
58,"diverse","QREN_2",1.86221113017867
58,"diverse","QREN_3",1.79321932427972
58,"EntropyEstimation","QREN_1",1.71531745874495
58,"EntropyEstimation","QREN_2",1.30841546769353
58,"EntropyEstimation","QREN_3",1.11561455540707
58,"seewave","QREN_2",0.361805448896453
58,"seewave","QREN_3",0.308559848835977
58,"sprex","QREN_0",2.39789527279837
58,"sprex","QREN_1",1.6710044737347
58,"sprex","QREN_2",1.28634426170089
58,"sprex","QREN_3",1.09703763066039
58,"statcomp","QREN_1",0.469997436210137
58,"statcomp","QREN_2",0.361805437738777
58,"statcomp","QREN_3",0.30855984046772
58,"vegan","QREN_0",2.39789527279837
58,"vegan","QREN_1",1.6710044737347
58,"vegan","QREN_2",1.28634426170089
58,"vegan","QREN_3",1.09703763066039
58,"adiv","QTSA_0",10
58,"adiv","QTSA_1",1.6710044737347
58,"adiv","QTSA_2",0.723721057304829
58,"adiv","QTSA_3",0.444269206648826
58,"divent","QTSA_0",10
58,"divent","QTSA_1",1.6710044737347
58,"divent","QTSA_2",0.723721057304829
58,"divent","QTSA_3",0.444269206648826
58,"entropart","QTSA_0",13
58,"entropart","QTSA_1",1.7456955689961
58,"entropart","QTSA_2",0.729719440111837
58,"entropart","QTSA_3",0.445472409148435
58,"EntropyEstimation","QTSA_1",1.71531745874495
58,"EntropyEstimation","QTSA_2",0.729752066115702
58,"EntropyEstimation","QTSA_3",0.44630182651573
58,"vegan","QTSA_0",10
58,"vegan","QTSA_1",1.6710044737347
58,"vegan","QTSA_2",0.723721057304829
58,"vegan","QTSA_3",0.444269206648826
58,"BAT","RACE",15.4368967401202
58,"ecodive","RACE",15.4368967401202
58,"fossil","RACE",12.2352941176471
58,"pctax","RACE",15.4369
58,"sprex","RACE",121
58,"tabula","RACE",15.4368967401202
58,"vegan","RACE",15.4368967401202
58,"wiqid","RACE",15.4368967401202
58,"BiodiversityR","RBOO",11
58,"wiqid","RBOO",35
58,"BAT","RC1",12
58,"BiodiversityR","RC1",11
58,"biosampleR","RC1",9.5
58,"iNEXT","RC1",13.231
58,"microbiome","RC1",12
58,"pctax","RC1",12
58,"rareNMtests","RC1",11
58,"SpadeR","RC1",11
58,"SSP","RC1",11
58,"vegan","RC1",12
58,"wiqid","RC1",13.25
58,"BAT","RC1M",12.8925619834711
58,"divent","RC1M",13.2314049586777
58,"ecodive","RC1M",13.25
58,"entropart","RC1M",13.2314049586777
58,"fossil","RC1M",13.25
58,"mobr","RC1M",13.2314049586777
58,"OTUtable","RC1M",13.25
58,"tabula","RC1M",13.2314049586777
58,"wiqid","RC1M",13.25
58,"BAT","RCA2",35
58,"divDyn","RCA2",11.9090909090909
58,"fossil","RCA2",13.25
58,"tabula","RCA2",11
58,"wiqid","RCA2",11
58,"benthos","RHUR_2",1.72975206611568
58,"benthos","RHUR_3",2.29665254531561
58,"divent","RHUR_2",3.70030607640794
58,"divent","RHUR_3",3.90083854493836
58,"entropart","RHUR_2",1.72975206611568
58,"entropart","RHUR_3",2.29665254531562
58,"mobsim","RHUR_2",1.72975206611568
58,"mobsim","RHUR_3",2.29665254531561
58,"tabula","RHUR_2",1.72975206611529
58,"tabula","RHUR_3",2.29665254531509
58,"vegan","RHUR_2",1.72975206611568
58,"vegan","RHUR_3",2.29665254531561
58,"BAT","RICE",35
58,"fossil","RICE",12.2352941176471
58,"tabula","RICE",11
58,"wiqid","RICE",11
58,"BAT","RJA1",14
58,"BiodiversityR","RJA1",11
58,"divent","RJA1",14
58,"entropart","RJA1",14
58,"fossil","RJA1",13.9752066115702
58,"SSP","RJA1",11
58,"tabula","RJA1",1.46477923739347
58,"wiqid","RJA1",14
58,"BAT","RJA2",15
58,"BiodiversityR","RJA2",11
58,"fossil","RJA2",14.9006887052342
58,"SSP","RJA2",11
58,"wiqid","RJA2",15
58,"wiqid","RMM",0
58,"divDyn","RSQ",13.4921276013143
58,"ecodive","RSQ",13.4921276013143
58,"tabula","RSQ",13.4921276013143
59,"abdiv","D1SP",0.534814814814815
59,"ade4","D1SP",0.534814814814815
59,"adiv","D1SP",0.534814814814815
59,"agricolae","D1SP",1
59,"asbio","D1SP",0.534814814814815
59,"BiodiversityR","D1SP",0.53481481
59,"biosampleR","D1SP",0.757396449704142
59,"breakaway","D1SP",0.534814814814815
59,"catsim","D1SP",0.347755102040816
59,"concstats","D1SP",0.984270152505447
59,"CUB","D1SP",0.550544662309368
59,"DescTools","D1SP",0.534814814814815
59,"divent","D1SP",0.534814814814815
59,"diverse","D1SP",0.757396449704142
59,"ecodive","D1SP",0.534814814814815
59,"entropart","D1SP",0.534814814814815
59,"lawstat","D1SP",0.964705882352941
59,"MCPAN","D1SP",-3767
59,"microbiome","D1SP",0.534814814814815
59,"PCRA","D1SP",0.534814814814815
59,"RoughSets","D1SP",0.534814814814815
59,"simboot","D1SP",-3767
59,"sprex","D1SP",0.534814814814815
59,"untb","D1SP",0.540823970037453
59,"vegan","D1SP",0.534814814814815
59,"abdiv","DBRI",0.902102155874736
59,"ecodive","DBRI",0.902102155874736
59,"tabula","DBRI",0.902102155874736
59,"wiqid","DBRI",2.46477901866272
59,"BiodiversityR","DFIS",1.77387775
59,"ecodive","DFIS",1.774
59,"microbiome","DFIS",1.77387774591032
59,"preseqR","DFIS",10.1052474090589
59,"sads","DFIS",1.77387611095129
59,"vegan","DFIS",1.77387774591032
59,"abdiv","DINVSP",2.14968152866242
59,"adiv","DINVSP",2.14968152866242
59,"asbio","DINVSP",2.14968152866242
59,"BiodiversityR","DINVSP",2.14968153
59,"breakaway","DINVSP",2.14968152866242
59,"chemodiv","DINVSP",2.14968152866242
59,"codyn","DINVSP",2.14968152866242
59,"divseg","DINVSP",1.46518518518519
59,"ecodive","DINVSP",2.14968152866242
59,"microbiome","DINVSP",2.14968152866242
59,"sprex","DINVSP",2.14968152866242
59,"vegan","DINVSP",2.14968152866242
59,"asbio","DLMD",9.3651099574827
59,"Compositional","DLMD",0.999958992306093
59,"sads","DLMD",1.24893917680983
59,"vegan","DLMD",2794.03372656072
59,"abdiv","DMC",0.355419666700975
59,"adiv","DMC",0.355419666700975
59,"agricolae","DMC",0.355419666700975
59,"ecodive","DMC",0.355419666700975
59,"forestHES","DMC",0.355419666700975
59,"tabula","DMC",0.355419666700975
59,"abdiv","DMG",1.33338972969486
59,"adiv","DMG",1.33338972969486
59,"agricolae","DMG",7.55587513493755
59,"ecodive","DMG",1.33338972969486
59,"tabula","DMG",1.33338972969486
59,"abdiv","DMN",0.737864787372622
59,"adiv","DMN",0.737864787372622
59,"ecodive","DMN",0.737864787372622
59,"tabula","DMN",0.737864787372622
59,"abdiv","DQ",0
59,"ade4","DRAO",0.534814814814815
59,"BAT","DRAO",0.534814814814815
59,"chemodiv","DRAO",381.139483525856
59,"diverse","DRAO",44.0339467961466
59,"SYNCSA","DRAO",0.534814814814815
59,"abdiv","DSHA",0.990595155815617
59,"adiv","DSHA",0.990595155815617
59,"aqp","DSHA",-455.645373975527
59,"asbio","DSHA",0.990595155815617
59,"benthos","DSHA",0
59,"BiodiversityR","DSHA",0.99059516
59,"biosampleR","DSHA",1.5857708352081
59,"chemodiv","DSHA",0.990595155815617
59,"codyn","DSHA",0.990595155815617
59,"DescTools","DSHA",1.42912671882382
59,"divDyn","DSHA",0.990595155815617
59,"divent","DSHA",0.990595155815617
59,"diverse","DSHA",1.5857708352081
59,"ecodive","DSHA",0.990595155815617
59,"EconGeo","DSHA",1.429
59,"entropart","DSHA",1.04844139098635
59,"forestmangr","DSHA",3.56
59,"HardyWeinberg","DSHA",0.990595155815617
59,"iNEXT","DSHA",0.991
59,"MCPAN","DSHA",0.990595155815617
59,"microbiome","DSHA",0.990595155815617
59,"OTUtable","DSHA",0.990595155815617
59,"pgirmess","DSHA",1.42912671882382
59,"SpiecEasi","DSHA",0.990595155815617
59,"sprex","DSHA",0.990595155815617
59,"tabula","DSHA",0.990595155815617
59,"triversity","DSHA",7
59,"vegan","DSHA",0.990595155815617
59,"wavethresh","DSHA",-28938.6369004891
59,"wiqid","DSHA",2.17781402936378
59,"abdiv","DSP",0.465185185185185
59,"agricolae","DSP",0.465185185185185
59,"antitrust","DSP",4651.85185185185
59,"benthos","DSP",0.459176029962547
59,"breakaway","DSP",0.465185185185185
59,"concstats","DSP",0.465185185185185
59,"DescTools","DSP",0.465185185185185
59,"diverse","DSP",0.179487179487179
59,"divseg","DSP",1.46518518518519
59,"EconGeo","DSP",0.465185185185185
59,"hhi","DSP",0.465185185185185
59,"ineq","DSP",0.465185185185185
59,"microbiome","DSP",0.465185185185185
59,"PDtoolkit","DSP",0.465185185185185
59,"politics","DSP",0.465185185185185
59,"REAT","DSP",0.465185185185185
59,"sprex","DSP",0.465185185185185
59,"tabula","DSP",0.465185185185185
59,"triversity","DSP",0.465185185185185
59,"wiqid","DSP",2.17781402936378
59,"abdiv","EBP",0.6
59,"agricolae","EBP",0.6
59,"BiodiversityR","EBP",0.6
59,"diverse","EBP",0.384615384615385
59,"dyvDyn","EBP",0.6
59,"ecodive","EBP",0.6
59,"microbiome","EBP",0.6
59,"tabula","EBP",0.6
59,"triversity","EBP",0.6
59,"wiqid","EBP",1
59,"tabula","EBRI",0.498544529199207
59,"BAT","EBU",0.257407407407407
59,"microbiome","EBU",0.257407407407407
59,"BAT","ECAM",0.771428571428571
59,"microbiome","ECAM",0.990476190476191
59,"codyn","EEQ",0.117643299588273
59,"adiv","EEVAR",0.244865916983013
59,"codyn","EEVAR",0.218393082408063
59,"microbiome","EEVAR",0.244865916983013
59,"acid","EGIN",0.937142857142857
59,"DescTools","EGIN",0.937142857142857
59,"dplR","EGIN",0.937142857142857
59,"EconGeo","EGIN",0.937
59,"giniVarCI","EGIN",0.937142857142857
59,"ineq","EGIN",0.937142857142857
59,"microbiome","EGIN",0.937142857142857
59,"REAT","EGIN",0.937142857142857
59,"shipunov","EGIN",0.937142857142857
59,"wINEQ","EGIN",0.937142857142857
59,"adiv","EGSP",0.623950617283951
59,"abdiv","EHEI",0.28213944215382
59,"adiv","EHEI",0.28213944215382
59,"benthos","EHURE",0.540823970037453
59,"BiodiversityR","EHURE",0.54082397
59,"mobr","EHURE",0.540823970037453
59,"vegan","EHURE",0.540823970037461
59,"abdiv","EMC",0.730451845124564
59,"tabula","EMC",0.511152708333852
59,"microbiome","EMN",0.922222222222222
59,"abdiv","EPIE",0.50906520853315
59,"adiv","EPIE",0.50906520853315
59,"BiodiversityR","EPIE",0.50906521
59,"breakaway","EPIE",0.50906520853315
59,"chemodiv","EPIE",0.50906520853315
59,"diverse","EPIE",0.885035554404686
59,"forestmangr","EPIE",1
59,"microbiome","EPIE",0.50906520853315
59,"OTUtable","EPIE",0.50906520853315
59,"pctax","EPIE",0.5091
59,"sprex","EPIE",0.50906520853315
59,"tabula","EPIE",0.50906520853315
59,"adiv","ESP",0.307097361237489
59,"codyn","ESP",0.307097361237489
59,"sprex","ESP",0.141513593687945
59,"tabula","ESP",0.307097361237489
59,"abdiv","EST",0.636507936507937
59,"adiv","QHIL_0",7
59,"adiv","QHIL_1",2.69283665292292
59,"adiv","QHIL_2",2.14968152866242
59,"adiv","QHIL_3",2.00207730599805
59,"BAT","QHIL_0",7
59,"BAT","QHIL_1",2.69283665292292
59,"BAT","QHIL_2",2.14968152866242
59,"BAT","QHIL_3",2.00207730599805
59,"benthos","QHIL_0",35
59,"benthos","QHIL_1",2.69283665292292
59,"benthos","QHIL_2",2.14968152866242
59,"benthos","QHIL_3",2.00207730599805
59,"breakaway","QHIL_0",7
59,"breakaway","QHIL_1",2.69283665292292
59,"breakaway","QHIL_2",2.14968152866242
59,"breakaway","QHIL_3",2.00207730599805
59,"chemodiv","QHIL_0",7
59,"chemodiv","QHIL_1",2.69283665292292
59,"chemodiv","QHIL_2",2.14968152866242
59,"chemodiv","QHIL_3",2.00207730599805
59,"divDyn","QHIL_2",2.14968152866242
59,"divent","QHIL_0",7
59,"divent","QHIL_1",2.69283665292292
59,"divent","QHIL_2",2.14968152866242
59,"divent","QHIL_3",2.00207730599805
59,"entropart","QHIL_0",7
59,"entropart","QHIL_1",2.69283665292292
59,"entropart","QHIL_2",2.14968152866242
59,"entropart","QHIL_3",2.00207730599805
59,"EntropyEstimation","QHIL_1",2.79392143969256
59,"EntropyEstimation","QHIL_2",2.17781402936378
59,"EntropyEstimation","QHIL_3",2.03179450485835
59,"extremefit","QHIL",NA
59,"hilldiv","QHIL_0",7
59,"hilldiv","QHIL_1",2.69284887230805
59,"hilldiv","QHIL_2",2.14968152866242
59,"hilldiv","QHIL_3",2.00207730599805
59,"hillR","QHIL_0",7
59,"hillR","QHIL_1",2.69283665292292
59,"hillR","QHIL_2",2.14968152866242
59,"hillR","QHIL_3",2.00207730599805
59,"sprex","QHIL_0",7
59,"sprex","QHIL_1",2.69283665292292
59,"sprex","QHIL_2",2.14968152866242
59,"sprex","QHIL_3",2.00207730599805
59,"vegan","QHIL_0",7
59,"vegan","QHIL_1",2.69283665292292
59,"vegan","QHIL_2",2.14968152866242
59,"vegan","QHIL_3",2.00207730599805
59,"adiv","QREN_0",1.94591014905531
59,"adiv","QREN_1",0.990595155815617
59,"adiv","QREN_2",0.765319704964276
59,"adiv","QREN_3",0.694185294532152
59,"BiodiversityR","QREN_0",1.94591014905531
59,"BiodiversityR","QREN_1",0.990595155815617
59,"BiodiversityR","QREN_2",0.765319704964276
59,"BiodiversityR","QREN_3",0.694185294532152
59,"diverse","QREN_0",1.79175946922805
59,"diverse","QREN_1",1.5857708352081
59,"diverse","QREN_2",1.41632664821877
59,"diverse","QREN_3",1.30054893578892
59,"EntropyEstimation","QREN_1",1.02744614293501
59,"EntropyEstimation","QREN_2",0.778321634898138
59,"EntropyEstimation","QREN_3",0.70891939510346
59,"seewave","QREN_2",0.215258746527868
59,"seewave","QREN_3",0.195251021613903
59,"sprex","QREN_0",1.94591014905531
59,"sprex","QREN_1",0.990595155815617
59,"sprex","QREN_2",0.765319704964276
59,"sprex","QREN_3",0.694185294532152
59,"statcomp","QREN_1",0.278621147264168
59,"statcomp","QREN_2",0.215258729026847
59,"statcomp","QREN_3",0.195251008488137
59,"vegan","QREN_0",1.94591014905531
59,"vegan","QREN_1",0.990595155815617
59,"vegan","QREN_2",0.765319704964276
59,"vegan","QREN_3",0.694185294532152
59,"adiv","QTSA_0",6
59,"adiv","QTSA_1",0.990595155815617
59,"adiv","QTSA_2",0.534814814814815
59,"adiv","QTSA_3",0.375259259259259
59,"divent","QTSA_0",6
59,"divent","QTSA_1",0.990595155815617
59,"divent","QTSA_2",0.534814814814815
59,"divent","QTSA_3",0.375259259259259
59,"entropart","QTSA_0",9
59,"entropart","QTSA_1",1.04844139098635
59,"entropart","QTSA_2",0.540768965937951
59,"entropart","QTSA_3",0.37692547374066
59,"EntropyEstimation","QTSA_1",1.02744614293501
59,"EntropyEstimation","QTSA_2",0.540823970037453
59,"EntropyEstimation","QTSA_3",0.37888151174668
59,"vegan","QTSA_0",6
59,"vegan","QTSA_1",0.990595155815617
59,"vegan","QTSA_2",0.534814814814815
59,"vegan","QTSA_3",0.375259259259259
59,"BAT","RACE",10.75
59,"ecodive","RACE",10.75
59,"fossil","RACE",13.15625
59,"pctax","RACE",10.75
59,"sprex","RACE",90.5182065338503
59,"tabula","RACE",10.75
59,"vegan","RACE",10.75
59,"wiqid","RACE",10.75
59,"BiodiversityR","RBOO",7
59,"wiqid","RBOO",35
59,"BAT","RC1",8
59,"BiodiversityR","RC1",7
59,"biosampleR","RC1",7.5
59,"iNEXT","RC1",9.225
59,"microbiome","RC1",8
59,"pctax","RC1",8
59,"rareNMtests","RC1",7
59,"SpadeR","RC1",7
59,"SSP","RC1",6
59,"vegan","RC1",8
59,"wiqid","RC1",9.25
59,"BAT","RC1M",9.46938775510204
59,"divent","RC1M",9.225
59,"ecodive","RC1M",9.25
59,"entropart","RC1M",9.225
59,"fossil","RC1M",9.25
59,"mobr","RC1M",9.225
59,"OTUtable","RC1M",9.25
59,"tabula","RC1M",9.225
59,"wiqid","RC1M",9.25
59,"BAT","RCA2",35
59,"divDyn","RCA2",7.85714285714286
59,"fossil","RCA2",9.25
59,"tabula","RCA2",7
59,"wiqid","RCA2",7
59,"benthos","RHUR_2",1.54082397003746
59,"benthos","RHUR_3",1.86470888661901
59,"divent","RHUR_2",2.17778847927863
59,"divent","RHUR_3",2.25121218321
59,"entropart","RHUR_2",1.54082397003746
59,"entropart","RHUR_3",1.86470888661901
59,"mobsim","RHUR_2",1.54082397003746
59,"mobsim","RHUR_3",1.86470888661901
59,"tabula","RHUR_2",1.5408239700376
59,"tabula","RHUR_3",1.86470888661891
59,"vegan","RHUR_2",1.54082397003746
59,"vegan","RHUR_3",1.86470888661901
59,"BAT","RICE",35
59,"fossil","RICE",13.15625
59,"tabula","RICE",7
59,"wiqid","RICE",7
59,"BAT","RJA1",10
59,"BiodiversityR","RJA1",7
59,"divent","RJA1",10
59,"entropart","RJA1",10
59,"fossil","RJA1",9.96666666666667
59,"SSP","RJA1",6
59,"tabula","RJA1",0.534189811112482
59,"wiqid","RJA1",10
59,"BAT","RJA2",11
59,"BiodiversityR","RJA2",7
59,"fossil","RJA2",10.8664169787765
59,"SSP","RJA2",6
59,"wiqid","RJA2",11
59,"wiqid","RMM",0
59,"divDyn","RSQ",11.1975492016339
59,"ecodive","RSQ",11.1975492016339
59,"tabula","RSQ",11.1975492016339
60,"abdiv","D1SP",0.738173476346953
60,"ade4","D1SP",0.738173476346953
60,"adiv","D1SP",0.738173476346953
60,"agricolae","D1SP",1
60,"asbio","D1SP",0.738173476346953
60,"BiodiversityR","D1SP",0.73817348
60,"biosampleR","D1SP",0.875878853434289
60,"breakaway","D1SP",0.738173476346953
60,"catsim","D1SP",0.546938775510204
60,"concstats","D1SP",0.97828901540156
60,"CUB","D1SP",0.759884460945393
60,"DescTools","D1SP",0.738173476346953
60,"divent","D1SP",0.738173476346953
60,"diverse","D1SP",0.875878853434289
60,"ecodive","D1SP",0.738173476346953
60,"entropart","D1SP",0.738173476346953
60,"lawstat","D1SP",0.907827698008337
60,"MCPAN","D1SP",-4222
60,"microbiome","D1SP",0.738173476346953
60,"PCRA","D1SP",0.738173476346953
60,"RoughSets","D1SP",0.738173476346953
60,"simboot","D1SP",-4222
60,"sprex","D1SP",0.738173476346953
60,"untb","D1SP",0.7440319960005
60,"vegan","D1SP",0.738173476346953
60,"abdiv","DBRI",1.56514222440152
60,"ecodive","DBRI",1.56514222440152
60,"tabula","DBRI",1.56514222440152
60,"wiqid","DBRI",4.78335519734944
60,"BiodiversityR","DFIS",3.25182972
60,"ecodive","DFIS",3.252
60,"microbiome","DFIS",3.25182971698263
60,"preseqR","DFIS",9.71932203267284
60,"sads","DFIS",3.25180379953379
60,"vegan","DFIS",3.25182971698263
60,"abdiv","DINVSP",3.81932275633436
60,"adiv","DINVSP",3.81932275633436
60,"asbio","DINVSP",3.81932275633436
60,"BiodiversityR","DINVSP",3.81932276
60,"breakaway","DINVSP",3.81932275633436
60,"chemodiv","DINVSP",3.81932275633436
60,"codyn","DINVSP",3.81932275633436
60,"divseg","DINVSP",1.26182652365305
60,"ecodive","DINVSP",3.81932275633436
60,"microbiome","DINVSP",3.81932275633436
60,"sprex","DINVSP",3.81932275633436
60,"vegan","DINVSP",3.81932275633436
60,"asbio","DLMD",14.8064592283041
60,"Compositional","DLMD",0.999958992306093
60,"sads","DLMD",1.41898748885992
60,"vegan","DLMD",56.0074990300116
60,"abdiv","DMC",0.535860016827912
60,"adiv","DMC",0.535860016827912
60,"agricolae","DMC",0.535860016827912
60,"ecodive","DMC",0.535860016827912
60,"forestHES","DMC",0.535860016827912
60,"tabula","DMC",0.535860016827912
60,"abdiv","DMG",2.27076283464553
60,"adiv","DMG",2.27076283464553
60,"agricolae","DMG",7.01872148890438
60,"ecodive","DMG",2.27076283464553
60,"tabula","DMG",2.27076283464553
60,"abdiv","DMN",1.06482781129934
60,"adiv","DMN",1.06482781129934
60,"ecodive","DMN",1.06482781129934
60,"tabula","DMN",1.06482781129934
60,"abdiv","DQ",0
60,"ade4","DRAO",0.738173476346953
60,"BAT","DRAO",0.738173476346953
60,"chemodiv","DRAO",416.386270774352
60,"diverse","DRAO",147.978948534589
60,"SYNCSA","DRAO",0.738173476346953
60,"abdiv","DSHA",1.69630811453213
60,"adiv","DSHA",1.69630811453213
60,"aqp","DSHA",-576.761531528853
60,"asbio","DSHA",1.69630811453213
60,"benthos","DSHA",0
60,"BiodiversityR","DSHA",1.69630811
60,"biosampleR","DSHA",2.3548864068504
60,"chemodiv","DSHA",1.69630811453213
60,"codyn","DSHA",1.69630811453213
60,"DescTools","DSHA",2.44725530465521
60,"divDyn","DSHA",1.69630811453213
60,"divent","DSHA",1.69630811453213
60,"diverse","DSHA",2.3548864068504
60,"ecodive","DSHA",1.69630811453213
60,"EconGeo","DSHA",2.447
60,"entropart","DSHA",1.78464016486745
60,"forestmangr","DSHA",3.56
60,"HardyWeinberg","DSHA",1.69630811453213
60,"iNEXT","DSHA",1.696
60,"MCPAN","DSHA",1.69630811453213
60,"microbiome","DSHA",1.69630811453213
60,"OTUtable","DSHA",1.69630811453213
60,"pgirmess","DSHA",2.44725530465521
60,"SpiecEasi","DSHA",1.69630811453213
60,"sprex","DSHA",1.69630811453213
60,"tabula","DSHA",1.69630811453213
60,"triversity","DSHA",12
60,"vegan","DSHA",1.69630811453213
60,"wavethresh","DSHA",-31490.9292189786
60,"wiqid","DSHA",3.90673828125
60,"abdiv","DSP",0.261826523653047
60,"agricolae","DSP",0.261826523653047
60,"antitrust","DSP",2618.26523653047
60,"benthos","DSP",0.2559680039995
60,"breakaway","DSP",0.261826523653047
60,"concstats","DSP",0.261826523653047
60,"DescTools","DSP",0.261826523653047
60,"diverse","DSP",0.113816689466484
60,"divseg","DSP",1.26182652365305
60,"EconGeo","DSP",0.261826523653047
60,"hhi","DSP",0.261826523653047
60,"ineq","DSP",0.261826523653047
60,"microbiome","DSP",0.261826523653047
60,"PDtoolkit","DSP",0.261826523653047
60,"politics","DSP",0.261826523653047
60,"REAT","DSP",0.261826523653047
60,"sprex","DSP",0.261826523653047
60,"tabula","DSP",0.261826523653047
60,"triversity","DSP",0.261826523653047
60,"wiqid","DSP",3.90673828125
60,"abdiv","EBP",0.433070866141732
60,"agricolae","EBP",0.433070866141732
60,"BiodiversityR","EBP",0.43307087
60,"diverse","EBP",0.22093023255814
60,"dyvDyn","EBP",0.433070866141732
60,"ecodive","EBP",0.433070866141732
60,"microbiome","EBP",0.433070866141732
60,"tabula","EBP",0.433070866141732
60,"triversity","EBP",0.433070866141732
60,"wiqid","EBP",1
60,"tabula","EBRI",0.677215496460553
60,"BAT","EBU",0.422333571939871
60,"microbiome","EBU",0.422333571939871
60,"BAT","ECAM",0.880816034359341
60,"microbiome","ECAM",0.838582677165354
60,"codyn","EEQ",0.146209559939228
60,"adiv","EEVAR",0.31566608700358
60,"codyn","EEVAR",0.300456601556252
60,"microbiome","EEVAR",0.31566608700358
60,"acid","EGIN",0.881889763779528
60,"DescTools","EGIN",0.881889763779528
60,"dplR","EGIN",0.881889763779528
60,"EconGeo","EGIN",0.882
60,"giniVarCI","EGIN",0.881889763779528
60,"ineq","EGIN",0.881889763779528
60,"microbiome","EGIN",0.881889763779528
60,"REAT","EGIN",0.881889763779528
60,"shipunov","EGIN",0.881889763779528
60,"wINEQ","EGIN",0.881889763779527
60,"adiv","EGSP",0.805280156014858
60,"abdiv","EHEI",0.404888678548647
60,"adiv","EHEI",0.404888678548647
60,"benthos","EHURE",0.7440319960005
60,"BiodiversityR","EHURE",0.744032
60,"mobr","EHURE",0.7440319960005
60,"vegan","EHURE",0.744031996000487
60,"abdiv","EMC",0.559983345284805
60,"tabula","EMC",0.686479769188093
60,"microbiome","EMN",0.653543307086614
60,"abdiv","EPIE",0.682644603440878
60,"adiv","EPIE",0.682644603440878
60,"BiodiversityR","EPIE",0.6826446
60,"breakaway","EPIE",0.682644603440878
60,"chemodiv","EPIE",0.682644603440878
60,"diverse","EPIE",0.849345735254975
60,"forestmangr","EPIE",1
60,"microbiome","EPIE",0.682644603440878
60,"OTUtable","EPIE",0.682644603440878
60,"pctax","EPIE",0.6826
60,"sprex","EPIE",0.682644603440878
60,"tabula","EPIE",0.682644603440878
60,"adiv","ESP",0.318276896361197
60,"codyn","ESP",0.318276896361197
60,"sprex","ESP",0.141359009544344
60,"tabula","ESP",0.318276896361197
60,"abdiv","EST",0.529527559055118
60,"adiv","QHIL_0",12
60,"adiv","QHIL_1",5.45377546403512
60,"adiv","QHIL_2",3.81932275633436
60,"adiv","QHIL_3",3.25294305271036
60,"BAT","QHIL_0",12
60,"BAT","QHIL_1",5.45377546403512
60,"BAT","QHIL_2",3.81932275633436
60,"BAT","QHIL_3",3.25294305271036
60,"benthos","QHIL_0",35
60,"benthos","QHIL_1",5.45377546403512
60,"benthos","QHIL_2",3.81932275633436
60,"benthos","QHIL_3",3.25294305271036
60,"breakaway","QHIL_0",12
60,"breakaway","QHIL_1",5.45377546403512
60,"breakaway","QHIL_2",3.81932275633436
60,"breakaway","QHIL_3",3.25294305271036
60,"chemodiv","QHIL_0",12
60,"chemodiv","QHIL_1",5.45377546403512
60,"chemodiv","QHIL_2",3.81932275633436
60,"chemodiv","QHIL_3",3.25294305271036
60,"divDyn","QHIL_2",3.81932275633436
60,"divent","QHIL_0",12
60,"divent","QHIL_1",5.45377546403512
60,"divent","QHIL_2",3.81932275633436
60,"divent","QHIL_3",3.25294305271036
60,"entropart","QHIL_0",12
60,"entropart","QHIL_1",5.45377546403512
60,"entropart","QHIL_2",3.81932275633436
60,"entropart","QHIL_3",3.25294305271036
60,"EntropyEstimation","QHIL_1",5.71497053636105
60,"EntropyEstimation","QHIL_2",3.90673828125
60,"EntropyEstimation","QHIL_3",3.32281520415591
60,"extremefit","QHIL",NA
60,"hilldiv","QHIL_0",12
60,"hilldiv","QHIL_1",5.45380514439104
60,"hilldiv","QHIL_2",3.81932275633436
60,"hilldiv","QHIL_3",3.25294305271036
60,"hillR","QHIL_0",12
60,"hillR","QHIL_1",5.45377546403512
60,"hillR","QHIL_2",3.81932275633436
60,"hillR","QHIL_3",3.25294305271036
60,"sprex","QHIL_0",12
60,"sprex","QHIL_1",5.45377546403512
60,"sprex","QHIL_2",3.81932275633436
60,"sprex","QHIL_3",3.25294305271036
60,"vegan","QHIL_0",12
60,"vegan","QHIL_1",5.45377546403512
60,"vegan","QHIL_2",3.81932275633436
60,"vegan","QHIL_3",3.25294305271036
60,"adiv","QREN_0",2.484906649788
60,"adiv","QREN_1",1.69630811453213
60,"adiv","QREN_2",1.34007311798324
60,"adiv","QREN_3",1.17956014125448
60,"BiodiversityR","QREN_0",2.484906649788
60,"BiodiversityR","QREN_1",1.69630811453213
60,"BiodiversityR","QREN_2",1.34007311798324
60,"BiodiversityR","QREN_3",1.17956014125448
60,"diverse","QREN_0",2.77258872223978
60,"diverse","QREN_1",2.3548864068504
60,"diverse","QREN_2",2.08649720188652
60,"diverse","QREN_3",1.9438626409341
60,"EntropyEstimation","QREN_1",1.7430891417411
60,"EntropyEstimation","QREN_2",1.36270282669073
60,"EntropyEstimation","QREN_3",1.20081237667832
60,"seewave","QREN_2",0.376917570664607
60,"seewave","QREN_3",0.331770658742674
60,"sprex","QREN_0",2.484906649788
60,"sprex","QREN_1",1.69630811453213
60,"sprex","QREN_2",1.34007311798324
60,"sprex","QREN_3",1.17956014125448
60,"statcomp","QREN_1",0.47711450051996
60,"statcomp","QREN_2",0.376917560477005
60,"statcomp","QREN_3",0.331770651101972
60,"vegan","QREN_0",2.484906649788
60,"vegan","QREN_1",1.69630811453213
60,"vegan","QREN_2",1.34007311798324
60,"vegan","QREN_3",1.17956014125448
60,"adiv","QTSA_0",11
60,"adiv","QTSA_1",1.69630811453213
60,"adiv","QTSA_2",0.738173476346953
60,"adiv","QTSA_3",0.452748338567543
60,"divent","QTSA_0",11
60,"divent","QTSA_1",1.69630811453213
60,"divent","QTSA_2",0.738173476346953
60,"divent","QTSA_3",0.452748338567543
60,"entropart","QTSA_0",15
60,"entropart","QTSA_1",1.78464016486745
60,"entropart","QTSA_2",0.743960589093975
60,"entropart","QTSA_3",0.45366923165237
60,"EntropyEstimation","QTSA_1",1.7430891417411
60,"EntropyEstimation","QTSA_2",0.7440319960005
60,"EntropyEstimation","QTSA_3",0.454714660667417
60,"vegan","QTSA_0",11
60,"vegan","QTSA_1",1.69630811453213
60,"vegan","QTSA_2",0.738173476346953
60,"vegan","QTSA_3",0.452748338567543
60,"BAT","RACE",17.2592592592593
60,"ecodive","RACE",17.2592592592593
60,"fossil","RACE",13.5
60,"pctax","RACE",17.2593
60,"sprex","RACE",127.38629850173
60,"tabula","RACE",17.2592592592593
60,"vegan","RACE",17.2592592592593
60,"wiqid","RACE",17.2592592592593
60,"BiodiversityR","RBOO",12
60,"wiqid","RBOO",35
60,"BAT","RC1",14
60,"BiodiversityR","RC1",12
60,"biosampleR","RC1",16.125
60,"iNEXT","RC1",15.969
60,"microbiome","RC1",14
60,"pctax","RC1",14
60,"rareNMtests","RC1",12
60,"SpadeR","RC1",12
60,"SSP","RC1",11
60,"vegan","RC1",14
60,"wiqid","RC1",16
60,"BAT","RC1M",15.5555555555556
60,"divent","RC1M",15.9685039370079
60,"ecodive","RC1M",16
60,"entropart","RC1M",15.9685039370079
60,"fossil","RC1M",16
60,"mobr","RC1M",15.9685039370079
60,"OTUtable","RC1M",16
60,"tabula","RC1M",15.9685039370079
60,"wiqid","RC1M",16
60,"BAT","RCA2",35
60,"divDyn","RCA2",13.8333333333333
60,"fossil","RCA2",16
60,"tabula","RCA2",12
60,"wiqid","RCA2",12
60,"benthos","RHUR_2",1.74403199600049
60,"benthos","RHUR_3",2.32266666666666
60,"divent","RHUR_2",3.90671597595864
60,"divent","RHUR_3",4.06604112056125
60,"entropart","RHUR_2",1.74403199600049
60,"entropart","RHUR_3",2.32266666666666
60,"mobsim","RHUR_2",1.74403199600049
60,"mobsim","RHUR_3",2.32266666666666
60,"tabula","RHUR_2",1.74403199600019
60,"tabula","RHUR_3",2.32266666666517
60,"vegan","RHUR_2",1.74403199600049
60,"vegan","RHUR_3",2.32266666666666
60,"BAT","RICE",35
60,"fossil","RICE",13.5
60,"tabula","RICE",12
60,"wiqid","RICE",12
60,"BAT","RJA1",16
60,"BiodiversityR","RJA1",12
60,"divent","RJA1",16
60,"entropart","RJA1",16
60,"fossil","RJA1",15.9685039370079
60,"SSP","RJA1",11
60,"tabula","RJA1",1.49937335367242
60,"wiqid","RJA1",16
60,"BAT","RJA2",18
60,"BiodiversityR","RJA2",12
60,"fossil","RJA2",17.8581427321585
60,"SSP","RJA2",11
60,"wiqid","RJA2",18
60,"wiqid","RMM",0
60,"divDyn","RSQ",16.2017287482122
60,"ecodive","RSQ",16.2017287482122
60,"tabula","RSQ",16.2017287482122
61,"abdiv","D1SP",0.844671201814059
61,"ade4","D1SP",0.844671201814059
61,"adiv","D1SP",0.844671201814059
61,"agricolae","D1SP",1
61,"asbio","D1SP",0.844671201814059
61,"BiodiversityR","D1SP",0.8446712
61,"biosampleR","D1SP",0.856146694214876
61,"breakaway","D1SP",0.844671201814059
61,"catsim","D1SP",0.435918367346939
61,"concstats","D1SP",0.97515672935841
61,"CUB","D1SP",0.869514472455649
61,"DescTools","D1SP",0.844671201814059
61,"divent","D1SP",0.844671201814059
61,"diverse","D1SP",0.856146694214876
61,"ecodive","D1SP",0.844671201814059
61,"entropart","D1SP",0.844671201814059
61,"lawstat","D1SP",0.858543417366947
61,"MCPAN","D1SP",-273
61,"microbiome","D1SP",0.844671201814059
61,"PCRA","D1SP",0.844671201814059
61,"RoughSets","D1SP",0.844671201814059
61,"simboot","D1SP",-273
61,"sprex","D1SP",0.844671201814059
61,"untb","D1SP",0.86527293844367
61,"vegan","D1SP",0.844671201814059
61,"abdiv","DBRI",1.70803156245219
61,"ecodive","DBRI",1.70803156245219
61,"tabula","DBRI",1.70803156245219
61,"wiqid","DBRI",5.51808876688782
61,"BiodiversityR","DFIS",3.51381233
61,"ecodive","DFIS",3.514
61,"microbiome","DFIS",3.51381232561022
61,"preseqR","DFIS",5.18131906360889
61,"sads","DFIS",3.51382614962337
61,"vegan","DFIS",3.51381232561022
61,"abdiv","DINVSP",6.43795620437956
61,"adiv","DINVSP",6.43795620437956
61,"asbio","DINVSP",6.43795620437956
61,"BiodiversityR","DINVSP",6.4379562
61,"breakaway","DINVSP",6.43795620437956
61,"chemodiv","DINVSP",6.43795620437956
61,"codyn","DINVSP",6.43795620437956
61,"divseg","DINVSP",1.15532879818594
61,"ecodive","DINVSP",6.43795620437956
61,"microbiome","DINVSP",6.43795620437956
61,"sprex","DINVSP",6.43795620437956
61,"vegan","DINVSP",6.43795620437956
61,"asbio","DLMD",17.2909813797003
61,"Compositional","DLMD",0.999958992306093
61,"sads","DLMD",1.26435171941946
61,"vegan","DLMD",14.2710899231959
61,"abdiv","DMC",0.716429766360936
61,"adiv","DMC",0.716429766360936
61,"agricolae","DMC",0.716429766360936
61,"ecodive","DMC",0.716429766360936
61,"forestHES","DMC",0.716429766360936
61,"tabula","DMC",0.716429766360936
61,"abdiv","DMG",2.14037109135243
61,"adiv","DMG",2.14037109135243
61,"agricolae","DMG",9.09657713824783
61,"ecodive","DMG",2.14037109135243
61,"tabula","DMG",2.14037109135243
61,"abdiv","DMN",1.38873014965883
61,"adiv","DMN",1.38873014965883
61,"ecodive","DMN",1.38873014965883
61,"tabula","DMN",1.38873014965883
61,"abdiv","DQ",0
61,"ade4","DRAO",0.844671201814059
61,"BAT","DRAO",0.844671201814059
61,"chemodiv","DRAO",261.319950366828
61,"diverse","DRAO",167.58218852088
61,"SYNCSA","DRAO",0.844671201814059
61,"abdiv","DSHA",1.98099159894805
61,"adiv","DSHA",1.98099159894805
61,"aqp","DSHA",-106.442728011216
61,"asbio","DSHA",1.98099159894805
61,"benthos","DSHA",0
61,"BiodiversityR","DSHA",1.9809916
61,"biosampleR","DSHA",2.17138602043154
61,"chemodiv","DSHA",1.98099159894805
61,"codyn","DSHA",1.98099159894805
61,"DescTools","DSHA",2.85796675584505
61,"divDyn","DSHA",1.98099159894805
61,"divent","DSHA",1.98099159894805
61,"diverse","DSHA",2.17138602043154
61,"ecodive","DSHA",1.98099159894805
61,"EconGeo","DSHA",2.858
61,"entropart","DSHA",2.10405381075193
61,"forestmangr","DSHA",3.56
61,"HardyWeinberg","DSHA",1.98099159894805
61,"iNEXT","DSHA",1.981
61,"MCPAN","DSHA",1.98099159894805
61,"microbiome","DSHA",1.98099159894805
61,"OTUtable","DSHA",1.98099159894805
61,"pgirmess","DSHA",2.85796675584505
61,"SpiecEasi","DSHA",1.98099159894805
61,"sprex","DSHA",1.98099159894805
61,"tabula","DSHA",1.98099159894805
61,"triversity","DSHA",9
61,"vegan","DSHA",1.98099159894805
61,"wavethresh","DSHA",-1075.70622088799
61,"wiqid","DSHA",7.42241379310345
61,"abdiv","DSP",0.155328798185941
61,"agricolae","DSP",0.155328798185941
61,"antitrust","DSP",1553.28798185941
61,"benthos","DSP",0.13472706155633
61,"breakaway","DSP",0.155328798185941
61,"concstats","DSP",0.155328798185941
61,"DescTools","DSP",0.155328798185941
61,"diverse","DSP",0.134012539184953
61,"divseg","DSP",1.15532879818594
61,"EconGeo","DSP",0.155328798185941
61,"hhi","DSP",0.155328798185941
61,"ineq","DSP",0.155328798185941
61,"microbiome","DSP",0.155328798185941
61,"PDtoolkit","DSP",0.155328798185941
61,"politics","DSP",0.155328798185941
61,"REAT","DSP",0.155328798185941
61,"sprex","DSP",0.155328798185941
61,"tabula","DSP",0.155328798185941
61,"triversity","DSP",0.155328798185941
61,"wiqid","DSP",7.42241379310345
61,"abdiv","EBP",0.214285714285714
61,"agricolae","EBP",0.214285714285714
61,"BiodiversityR","EBP",0.21428571
61,"diverse","EBP",0.227272727272727
61,"dyvDyn","EBP",0.214285714285714
61,"ecodive","EBP",0.214285714285714
61,"microbiome","EBP",0.214285714285714
61,"tabula","EBP",0.214285714285714
61,"triversity","EBP",0.214285714285714
61,"wiqid","EBP",1
61,"tabula","EBRI",0.902211382113787
61,"BAT","EBU",0.6875
61,"microbiome","EBU",0.6875
61,"BAT","ECAM",0.911375661375661
61,"microbiome","ECAM",0.714285714285714
61,"codyn","EEQ",0.220126101513845
61,"adiv","EEVAR",0.627293501722656
61,"codyn","EEVAR",0.600834149387534
61,"microbiome","EEVAR",0.627293501722656
61,"acid","EGIN",0.834013605442177
61,"DescTools","EGIN",0.834013605442177
61,"dplR","EGIN",0.834013605442177
61,"EconGeo","EGIN",0.834
61,"giniVarCI","EGIN",0.834013605442177
61,"ineq","EGIN",0.834013605442177
61,"microbiome","EGIN",0.834013605442177
61,"REAT","EGIN",0.834013605442177
61,"shipunov","EGIN",0.834013605442177
61,"wINEQ","EGIN",0.834013605442177
61,"adiv","EGSP",0.950255102040816
61,"abdiv","EHEI",0.781241055430471
61,"adiv","EHEI",0.781241055430471
61,"benthos","EHURE",0.86527293844367
61,"BiodiversityR","EHURE",0.86527294
61,"mobr","EHURE",0.86527293844367
61,"vegan","EHURE",0.86527293844366
61,"abdiv","EMC",0.485175420856659
61,"tabula","EMC",0.908823380098327
61,"microbiome","EMN",0.428571428571429
61,"abdiv","EPIE",0.901588130490368
61,"adiv","EPIE",0.901588130490368
61,"BiodiversityR","EPIE",0.90158813
61,"breakaway","EPIE",0.901588130490368
61,"chemodiv","EPIE",0.901588130490368
61,"diverse","EPIE",0.846560971706867
61,"forestmangr","EPIE",1
61,"microbiome","EPIE",0.901588130490368
61,"OTUtable","EPIE",0.901588130490368
61,"pctax","EPIE",0.9016
61,"sprex","EPIE",0.901588130490368
61,"tabula","EPIE",0.901588130490368
61,"adiv","ESP",0.715328467153285
61,"codyn","ESP",0.715328467153285
61,"sprex","ESP",0.220110177660895
61,"tabula","ESP",0.715328467153285
61,"abdiv","EST",0.277777777777778
61,"adiv","QHIL_0",9
61,"adiv","QHIL_1",7.24992844344377
61,"adiv","QHIL_2",6.43795620437956
61,"adiv","QHIL_3",6.00876552695266
61,"BAT","QHIL_0",9
61,"BAT","QHIL_1",7.24992844344377
61,"BAT","QHIL_2",6.43795620437956
61,"BAT","QHIL_3",6.00876552695266
61,"benthos","QHIL_0",35
61,"benthos","QHIL_1",7.24992844344377
61,"benthos","QHIL_2",6.43795620437956
61,"benthos","QHIL_3",6.00876552695266
61,"breakaway","QHIL_0",9
61,"breakaway","QHIL_1",7.24992844344377
61,"breakaway","QHIL_2",6.43795620437956
61,"breakaway","QHIL_3",6.00876552695266
61,"chemodiv","QHIL_0",9
61,"chemodiv","QHIL_1",7.24992844344377
61,"chemodiv","QHIL_2",6.43795620437956
61,"chemodiv","QHIL_3",6.00876552695266
61,"divDyn","QHIL_2",6.43795620437956
61,"divent","QHIL_0",9
61,"divent","QHIL_1",7.24992844344377
61,"divent","QHIL_2",6.43795620437956
61,"divent","QHIL_3",6.00876552695266
61,"entropart","QHIL_0",9
61,"entropart","QHIL_1",7.24992844344377
61,"entropart","QHIL_2",6.43795620437956
61,"entropart","QHIL_3",6.00876552695266
61,"EntropyEstimation","QHIL_1",8.02834684421614
61,"EntropyEstimation","QHIL_2",7.42241379310345
61,"EntropyEstimation","QHIL_3",7.24017205073202
61,"extremefit","QHIL",NA
61,"hilldiv","QHIL_0",9
61,"hilldiv","QHIL_1",7.2499399654321
61,"hilldiv","QHIL_2",6.43795620437956
61,"hilldiv","QHIL_3",6.00876552695266
61,"hillR","QHIL_0",9
61,"hillR","QHIL_1",7.24992844344377
61,"hillR","QHIL_2",6.43795620437956
61,"hillR","QHIL_3",6.00876552695266
61,"sprex","QHIL_0",9
61,"sprex","QHIL_1",7.24992844344377
61,"sprex","QHIL_2",6.43795620437956
61,"sprex","QHIL_3",6.00876552695266
61,"vegan","QHIL_0",9
61,"vegan","QHIL_1",7.24992844344377
61,"vegan","QHIL_2",6.43795620437956
61,"vegan","QHIL_3",6.00876552695267
61,"adiv","QREN_0",2.19722457733622
61,"adiv","QREN_1",1.98099159894805
61,"adiv","QREN_2",1.86221113017867
61,"adiv","QREN_3",1.79321932427972
61,"BiodiversityR","QREN_0",2.19722457733622
61,"BiodiversityR","QREN_1",1.98099159894805
61,"BiodiversityR","QREN_2",1.86221113017867
61,"BiodiversityR","QREN_3",1.79321932427972
61,"diverse","QREN_0",2.56494935746154
61,"diverse","QREN_1",2.17138602043154
61,"diverse","QREN_2",1.93896120846918
61,"diverse","QREN_3",1.8223598426505
61,"EntropyEstimation","QREN_1",2.08297863431274
61,"EntropyEstimation","QREN_2",2.00450431332137
61,"EntropyEstimation","QREN_3",1.97964497002853
61,"seewave","QREN_2",0.523777481636514
61,"seewave","QREN_3",0.504372395085741
61,"sprex","QREN_0",2.19722457733622
61,"sprex","QREN_1",1.98099159894805
61,"sprex","QREN_2",1.86221113017867
61,"sprex","QREN_3",1.79321932427972
61,"statcomp","QREN_1",0.557186403324509
61,"statcomp","QREN_2",0.523777446813054
61,"statcomp","QREN_3",0.504372368968146
61,"vegan","QREN_0",2.19722457733622
61,"vegan","QREN_1",1.98099159894805
61,"vegan","QREN_2",1.86221113017867
61,"vegan","QREN_3",1.79321932427972
61,"adiv","QTSA_0",8
61,"adiv","QTSA_1",1.98099159894805
61,"adiv","QTSA_2",0.844671201814059
61,"adiv","QTSA_3",0.486151603498542
61,"divent","QTSA_0",8
61,"divent","QTSA_1",1.98099159894805
61,"divent","QTSA_2",0.844671201814059
61,"divent","QTSA_3",0.486151603498542
61,"entropart","QTSA_0",10
61,"entropart","QTSA_1",2.10405381075193
61,"entropart","QTSA_2",0.857477162548387
61,"entropart","QTSA_3",0.487975819417496
61,"EntropyEstimation","QTSA_1",2.08297863431274
61,"EntropyEstimation","QTSA_2",0.86527293844367
61,"EntropyEstimation","QTSA_3",0.490461672473868
61,"vegan","QTSA_0",8
61,"vegan","QTSA_1",1.98099159894805
61,"vegan","QTSA_2",0.844671201814059
61,"vegan","QTSA_3",0.486151603498542
61,"BAT","RACE",10.0236585365854
61,"ecodive","RACE",10.0236585365854
61,"fossil","RACE",9.45
61,"pctax","RACE",10.0237
61,"sprex","RACE",45.3288710397144
61,"tabula","RACE",10.0236585365854
61,"vegan","RACE",10.0236585365854
61,"wiqid","RACE",10.0236585365854
61,"BiodiversityR","RBOO",9
61,"wiqid","RBOO",35
61,"BAT","RC1",9.5
61,"BiodiversityR","RC1",9
61,"biosampleR","RC1",13.5
61,"iNEXT","RC1",10.952
61,"microbiome","RC1",9.5
61,"pctax","RC1",9.5
61,"rareNMtests","RC1",9
61,"SpadeR","RC1",9
61,"SSP","RC1",8
61,"vegan","RC1",9.5
61,"wiqid","RC1",11
61,"BAT","RC1M",9.96913580246914
61,"divent","RC1M",10.952380952381
61,"ecodive","RC1M",11
61,"entropart","RC1M",10.952380952381
61,"fossil","RC1M",11
61,"mobr","RC1M",10.952380952381
61,"OTUtable","RC1M",11
61,"tabula","RC1M",10.952380952381
61,"wiqid","RC1M",11
61,"BAT","RCA2",35
61,"divDyn","RCA2",9.44444444444444
61,"fossil","RCA2",11
61,"tabula","RCA2",9
61,"wiqid","RCA2",9
61,"benthos","RHUR_2",1.86527293844366
61,"benthos","RHUR_3",2.61489547038328
61,"divent","RHUR_2",7.42242756475792
61,"divent","RHUR_3",7.44112717577797
61,"entropart","RHUR_2",1.86527293844366
61,"entropart","RHUR_3",2.61489547038328
61,"mobsim","RHUR_2",1.86527293844366
61,"mobsim","RHUR_3",2.61489547038328
61,"tabula","RHUR_2",1.86527293844367
61,"tabula","RHUR_3",2.61489547038328
61,"vegan","RHUR_2",1.86527293844366
61,"vegan","RHUR_3",2.61489547038328
61,"BAT","RICE",35
61,"fossil","RICE",9.45
61,"tabula","RICE",9
61,"wiqid","RICE",9
61,"BAT","RJA1",11
61,"BiodiversityR","RJA1",9
61,"divent","RJA1",11
61,"entropart","RJA1",11
61,"fossil","RJA1",10.952380952381
61,"SSP","RJA1",8
61,"tabula","RJA1",1.83268782743625
61,"wiqid","RJA1",11
61,"BAT","RJA2",12
61,"BiodiversityR","RJA2",9
61,"fossil","RJA2",11.7851335656214
61,"SSP","RJA2",8
61,"wiqid","RJA2",12
61,"wiqid","RMM",0
61,"divDyn","RSQ",9.62772050400916
61,"ecodive","RSQ",9.62772050400916
61,"tabula","RSQ",9.62772050400916
62,"abdiv","D1SP",0.757396449704142
62,"ade4","D1SP",0.757396449704142
62,"adiv","D1SP",0.757396449704142
62,"agricolae","D1SP",1
62,"asbio","D1SP",0.757396449704142
62,"BiodiversityR","D1SP",0.75739645
62,"biosampleR","D1SP",0.858418367346939
62,"breakaway","D1SP",0.757396449704142
62,"catsim","D1SP",0.303673469387755
62,"concstats","D1SP",0.977723633832231
62,"CUB","D1SP",0.779672815871911
62,"DescTools","D1SP",0.757396449704142
62,"divent","D1SP",0.757396449704142
62,"diverse","D1SP",0.858418367346939
62,"ecodive","D1SP",0.757396449704142
62,"entropart","D1SP",0.757396449704142
62,"lawstat","D1SP",0.914027149321267
62,"MCPAN","D1SP",-40
62,"microbiome","D1SP",0.757396449704142
62,"PCRA","D1SP",0.757396449704142
62,"RoughSets","D1SP",0.757396449704142
62,"simboot","D1SP",-40
62,"sprex","D1SP",0.757396449704142
62,"untb","D1SP",0.82051282051282
62,"vegan","D1SP",0.757396449704142
62,"abdiv","DBRI",1.17536657388872
62,"ecodive","DBRI",1.17536657388872
62,"tabula","DBRI",1.17536657388872
62,"wiqid","DBRI",3.23933018008073
62,"BiodiversityR","DFIS",4.32190217
62,"ecodive","DFIS",4.322
62,"microbiome","DFIS",4.32190217069684
62,"preseqR","DFIS",2.25530212421822
62,"sads","DFIS",4.32191223651314
62,"vegan","DFIS",4.32190217069684
62,"abdiv","DINVSP",4.1219512195122
62,"adiv","DINVSP",4.1219512195122
62,"asbio","DINVSP",4.1219512195122
62,"BiodiversityR","DINVSP",4.12195122
62,"breakaway","DINVSP",4.1219512195122
62,"chemodiv","DINVSP",4.1219512195122
62,"codyn","DINVSP",4.1219512195122
62,"divseg","DINVSP",1.24260355029586
62,"ecodive","DINVSP",4.12195121951219
62,"microbiome","DINVSP",4.1219512195122
62,"sprex","DINVSP",4.1219512195122
62,"vegan","DINVSP",4.1219512195122
62,"asbio","DLMD",13.0414681882704
62,"Compositional","DLMD",0.999958992306093
62,"sads","DLMD",0.566866230122047
62,"vegan","DLMD",7.88031571075074
62,"abdiv","DMC",0.702209991879323
62,"adiv","DMC",0.702209991879323
62,"agricolae","DMC",NA
62,"ecodive","DMC",0.702209991879323
62,"forestHES","DMC",0.702209991879323
62,"tabula","DMC",0.702209991879323
62,"abdiv","DMG",1.9493562262564
62,"adiv","DMG",1.9493562262564
62,"agricolae","DMG",13.2556223385435
62,"ecodive","DMG",1.9493562262564
62,"tabula","DMG",1.9493562262564
62,"abdiv","DMN",1.66410058867569
62,"adiv","DMN",1.66410058867569
62,"ecodive","DMN",1.66410058867569
62,"tabula","DMN",1.66410058867569
62,"abdiv","DQ",0
62,"ade4","DRAO",0.757396449704142
62,"BAT","DRAO",0.757396449704142
62,"chemodiv","DRAO",88.0678935922931
62,"diverse","DRAO",134.139686105766
62,"SYNCSA","DRAO",0.757396449704142
62,"abdiv","DSHA",1.5857708352081
62,"adiv","DSHA",1.5857708352081
62,"aqp","DSHA",-18.3645279766003
62,"asbio","DSHA",1.5857708352081
62,"benthos","DSHA",0
62,"BiodiversityR","DSHA",1.58577084
62,"biosampleR","DSHA",2.16637327968415
62,"chemodiv","DSHA",1.5857708352081
62,"codyn","DSHA",1.5857708352081
62,"DescTools","DSHA",2.28778371994107
62,"divDyn","DSHA",1.5857708352081
62,"divent","DSHA",1.5857708352081
62,"diverse","DSHA",2.16637327968415
62,"ecodive","DSHA",1.5857708352081
62,"EconGeo","DSHA",2.288
62,"entropart","DSHA",1.9181620397249
62,"forestmangr","DSHA",3.56
62,"HardyWeinberg","DSHA",1.5857708352081
62,"iNEXT","DSHA",1.586
62,"MCPAN","DSHA",1.5857708352081
62,"microbiome","DSHA",1.5857708352081
62,"OTUtable","DSHA",1.5857708352081
62,"pgirmess","DSHA",2.28778371994107
62,"SpiecEasi","DSHA",1.5857708352081
62,"sprex","DSHA",1.5857708352081
62,"tabula","DSHA",1.5857708352081
62,"triversity","DSHA",6
62,"vegan","DSHA",1.5857708352081
62,"wavethresh","DSHA",-105.792094262211
62,"wiqid","DSHA",5.57142857142857
62,"abdiv","DSP",0.242603550295858
62,"agricolae","DSP",0.242603550295858
62,"antitrust","DSP",2426.03550295858
62,"benthos","DSP",0.179487179487179
62,"breakaway","DSP",0.242603550295858
62,"concstats","DSP",0.242603550295858
62,"DescTools","DSP",0.242603550295858
62,"diverse","DSP",0.133848133848134
62,"divseg","DSP",1.24260355029586
62,"EconGeo","DSP",0.242603550295858
62,"hhi","DSP",0.242603550295858
62,"ineq","DSP",0.242603550295858
62,"microbiome","DSP",0.242603550295858
62,"PDtoolkit","DSP",0.242603550295858
62,"politics","DSP",0.242603550295858
62,"REAT","DSP",0.242603550295858
62,"sprex","DSP",0.242603550295858
62,"tabula","DSP",0.242603550295858
62,"triversity","DSP",0.242603550295858
62,"wiqid","DSP",5.57142857142857
62,"abdiv","EBP",0.384615384615385
62,"agricolae","EBP",0.384615384615385
62,"BiodiversityR","EBP",0.38461538
62,"diverse","EBP",0.223214285714286
62,"dyvDyn","EBP",0.384615384615385
62,"ecodive","EBP",0.384615384615385
62,"microbiome","EBP",0.384615384615385
62,"tabula","EBP",0.384615384615385
62,"triversity","EBP",0.384615384615385
62,"wiqid","EBP",1
62,"tabula","EBRI",0.883495712985496
62,"BAT","EBU",0.661538461538462
62,"microbiome","EBU",0.661538461538462
62,"BAT","ECAM",0.861538461538462
62,"microbiome","ECAM",0.564102564102564
62,"codyn","EEQ",0.301375428031171
62,"adiv","EEVAR",0.762379137403371
62,"codyn","EEVAR",0.727366332512325
62,"microbiome","EEVAR",0.762379137403371
62,"acid","EGIN",0.887912087912088
62,"DescTools","EGIN",0.887912087912088
62,"dplR","EGIN",0.887912087912088
62,"EconGeo","EGIN",0.888
62,"giniVarCI","EGIN",0.887912087912088
62,"ineq","EGIN",0.887912087912088
62,"microbiome","EGIN",0.887912087912088
62,"REAT","EGIN",0.887912087912088
62,"shipunov","EGIN",0.887912087912088
62,"wINEQ","EGIN",0.887912087912088
62,"adiv","EGSP",0.90887573964497
62,"abdiv","EHEI",0.776610791615189
62,"adiv","EHEI",0.776610791615189
62,"benthos","EHURE",0.82051282051282
62,"BiodiversityR","EHURE",0.82051282
62,"mobr","EHURE",0.82051282051282
62,"vegan","EHURE",0.820512820512817
62,"abdiv","EMC",0.770845573737519
62,"tabula","EMC",0.857542062926555
62,"microbiome","EMN",0.615384615384615
62,"abdiv","EPIE",0.885035554404686
62,"adiv","EPIE",0.885035554404686
62,"BiodiversityR","EPIE",0.88503555
62,"breakaway","EPIE",0.885035554404686
62,"chemodiv","EPIE",0.885035554404686
62,"diverse","EPIE",0.84460664822956
62,"forestmangr","EPIE",1
62,"microbiome","EPIE",0.885035554404686
62,"OTUtable","EPIE",0.885035554404686
62,"pctax","EPIE",0.885
62,"sprex","EPIE",0.885035554404686
62,"tabula","EPIE",0.885035554404686
62,"adiv","ESP",0.686991869918699
62,"codyn","ESP",0.686991869918699
62,"sprex","ESP",0.264295139201349
62,"tabula","ESP",0.686991869918699
62,"abdiv","EST",0.282051282051282
62,"adiv","QHIL_0",6
62,"adiv","QHIL_1",4.88305395807595
62,"adiv","QHIL_2",4.1219512195122
62,"adiv","QHIL_3",3.67131142881695
62,"BAT","QHIL_0",6
62,"BAT","QHIL_1",4.88305395807595
62,"BAT","QHIL_2",4.1219512195122
62,"BAT","QHIL_3",3.67131142881695
62,"benthos","QHIL_0",35
62,"benthos","QHIL_1",4.88305395807595
62,"benthos","QHIL_2",4.1219512195122
62,"benthos","QHIL_3",3.67131142881695
62,"breakaway","QHIL_0",6
62,"breakaway","QHIL_1",4.88305395807595
62,"breakaway","QHIL_2",4.1219512195122
62,"breakaway","QHIL_3",3.67131142881695
62,"chemodiv","QHIL_0",6
62,"chemodiv","QHIL_1",4.88305395807595
62,"chemodiv","QHIL_2",4.1219512195122
62,"chemodiv","QHIL_3",3.67131142881695
62,"divDyn","QHIL_2",4.1219512195122
62,"divent","QHIL_0",6
62,"divent","QHIL_1",4.88305395807595
62,"divent","QHIL_2",4.1219512195122
62,"divent","QHIL_3",3.67131142881695
62,"entropart","QHIL_0",6
62,"entropart","QHIL_1",4.88305395807595
62,"entropart","QHIL_2",4.1219512195122
62,"entropart","QHIL_3",3.67131142881695
62,"EntropyEstimation","QHIL_1",6.06132623579797
62,"EntropyEstimation","QHIL_2",5.57142857142857
62,"EntropyEstimation","QHIL_3",5.09901951359279
62,"extremefit","QHIL",NA
62,"hilldiv","QHIL_0",6
62,"hilldiv","QHIL_1",4.88306347811203
62,"hilldiv","QHIL_2",4.1219512195122
62,"hilldiv","QHIL_3",3.67131142881695
62,"hillR","QHIL_0",6
62,"hillR","QHIL_1",4.88305395807595
62,"hillR","QHIL_2",4.1219512195122
62,"hillR","QHIL_3",3.67131142881695
62,"sprex","QHIL_0",6
62,"sprex","QHIL_1",4.88305395807595
62,"sprex","QHIL_2",4.1219512195122
62,"sprex","QHIL_3",3.67131142881695
62,"vegan","QHIL_0",6
62,"vegan","QHIL_1",4.88305395807595
62,"vegan","QHIL_2",4.12195121951219
62,"vegan","QHIL_3",3.67131142881695
62,"adiv","QREN_0",1.79175946922805
62,"adiv","QREN_1",1.5857708352081
62,"adiv","QREN_2",1.41632664821877
62,"adiv","QREN_3",1.30054893578892
62,"BiodiversityR","QREN_0",1.79175946922805
62,"BiodiversityR","QREN_1",1.5857708352081
62,"BiodiversityR","QREN_2",1.41632664821877
62,"BiodiversityR","QREN_3",1.30054893578892
62,"diverse","QREN_0",2.56494935746154
62,"diverse","QREN_1",2.16637327968415
62,"diverse","QREN_2",1.95487881903807
62,"diverse","QREN_3",1.84139123135434
62,"EntropyEstimation","QREN_1",1.80192862692863
62,"EntropyEstimation","QREN_2",1.71765149707433
62,"EntropyEstimation","QREN_3",1.62904826901074
62,"seewave","QREN_2",0.398365242974052
62,"seewave","QREN_3",0.365800829598507
62,"sprex","QREN_0",1.79175946922805
62,"sprex","QREN_1",1.5857708352081
62,"sprex","QREN_2",1.41632664821877
62,"sprex","QREN_3",1.30054893578892
62,"statcomp","QREN_1",0.446024076344239
62,"statcomp","QREN_2",0.398365117485976
62,"statcomp","QREN_3",0.365800735482448
62,"vegan","QREN_0",1.79175946922805
62,"vegan","QREN_1",1.5857708352081
62,"vegan","QREN_2",1.41632664821877
62,"vegan","QREN_3",1.30054893578892
62,"adiv","QTSA_0",5
62,"adiv","QTSA_1",1.5857708352081
62,"adiv","QTSA_2",0.757396449704142
62,"adiv","QTSA_3",0.46290395994538
62,"divent","QTSA_0",5
62,"divent","QTSA_1",1.5857708352081
62,"divent","QTSA_2",0.757396449704142
62,"divent","QTSA_3",0.46290395994538
62,"entropart","QTSA_0",8
62,"entropart","QTSA_1",1.9181620397249
62,"entropart","QTSA_2",0.810848699814031
62,"entropart","QTSA_3",0.474756478251528
62,"EntropyEstimation","QTSA_1",1.80192862692863
62,"EntropyEstimation","QTSA_2",0.82051282051282
62,"EntropyEstimation","QTSA_3",0.480769230769231
62,"vegan","QTSA_0",5
62,"vegan","QTSA_1",1.5857708352081
62,"vegan","QTSA_2",0.757396449704142
62,"vegan","QTSA_3",0.46290395994538
62,"BAT","RACE",9.36
62,"ecodive","RACE",9.36
62,"fossil","RACE",7.8
62,"pctax","RACE",9.36
62,"sprex","RACE",15.6928889501892
62,"tabula","RACE",9.36
62,"vegan","RACE",9.36
62,"wiqid","RACE",9.36
62,"BiodiversityR","RBOO",6
62,"wiqid","RBOO",35
62,"BAT","RC1",7.5
62,"BiodiversityR","RC1",6
62,"biosampleR","RC1",13.3333333333333
62,"iNEXT","RC1",10.154
62,"microbiome","RC1",7.5
62,"pctax","RC1",7.5
62,"rareNMtests","RC1",6
62,"SpadeR","RC1",6
62,"SSP","RC1",5
62,"vegan","RC1",7.5
62,"wiqid","RC1",10.5
62,"BAT","RC1M",9.375
62,"divent","RC1M",10.1538461538462
62,"ecodive","RC1M",10.5
62,"entropart","RC1M",10.1538461538462
62,"fossil","RC1M",10.5
62,"mobr","RC1M",10.1538461538462
62,"OTUtable","RC1M",10.5
62,"tabula","RC1M",10.1538461538462
62,"wiqid","RC1M",10.5
62,"BAT","RCA2",35
62,"divDyn","RCA2",7.25
62,"fossil","RCA2",10.5
62,"tabula","RCA2",6
62,"wiqid","RCA2",6
62,"benthos","RHUR_2",1.82051282051282
62,"benthos","RHUR_3",2.5
62,"divent","RHUR_2",5.57143160774423
62,"divent","RHUR_3",5.64576448230653
62,"entropart","RHUR_2",1.82051282051282
62,"entropart","RHUR_3",2.5
62,"mobsim","RHUR_2",1.82051282051282
62,"mobsim","RHUR_3",2.5
62,"tabula","RHUR_2",1.82051282051282
62,"tabula","RHUR_3",2.5
62,"vegan","RHUR_2",1.82051282051282
62,"vegan","RHUR_3",2.5
62,"BAT","RICE",35
62,"fossil","RICE",7.8
62,"tabula","RICE",6
62,"wiqid","RICE",6
62,"BAT","RJA1",9
62,"BiodiversityR","RJA1",6
62,"divent","RJA1",9
62,"entropart","RJA1",9
62,"fossil","RJA1",8.76923076923077
62,"SSP","RJA1",5
62,"tabula","RJA1",1.35923670066501
62,"wiqid","RJA1",9
62,"BAT","RJA2",11
62,"BiodiversityR","RJA2",6
62,"fossil","RJA2",9.83974358974359
62,"SSP","RJA2",5
62,"wiqid","RJA2",11
62,"wiqid","RMM",0
62,"divDyn","RSQ",8.44370860927152
62,"ecodive","RSQ",8.44370860927152
62,"tabula","RSQ",8.44370860927152
63,"abdiv","D1SP",0.875878853434289
63,"ade4","D1SP",0.875878853434289
63,"adiv","D1SP",0.875878853434289
63,"agricolae","D1SP",1
63,"asbio","D1SP",0.875878853434289
63,"BiodiversityR","D1SP",0.87587885
63,"biosampleR","D1SP",0.868608799048751
63,"breakaway","D1SP",0.875878853434289
63,"catsim","D1SP",0.65469387755102
63,"concstats","D1SP",0.974238857251933
63,"CUB","D1SP",0.901639996182356
63,"DescTools","D1SP",0.875878853434289
63,"divent","D1SP",0.875878853434289
63,"diverse","D1SP",0.868608799048751
63,"ecodive","D1SP",0.875878853434289
63,"entropart","D1SP",0.875878853434289
63,"lawstat","D1SP",0.789329685362517
63,"MCPAN","D1SP",-917
63,"microbiome","D1SP",0.875878853434289
63,"PCRA","D1SP",0.875878853434289
63,"RoughSets","D1SP",0.875878853434289
63,"simboot","D1SP",-917
63,"sprex","D1SP",0.875878853434289
63,"untb","D1SP",0.886183310533516
63,"vegan","D1SP",0.875878853434289
63,"abdiv","DBRI",2.09880455979689
63,"ecodive","DBRI",2.09880455979689
63,"tabula","DBRI",2.09880455979689
63,"wiqid","DBRI",8.1564135774682
63,"BiodiversityR","DFIS",5.79004994
63,"ecodive","DFIS",5.79
63,"microbiome","DFIS",5.79004994368543
63,"preseqR","DFIS",6.29377511388865
63,"sads","DFIS",5.79004472691576
63,"vegan","DFIS",5.79004994368543
63,"abdiv","DINVSP",8.05664488017429
63,"adiv","DINVSP",8.05664488017429
63,"asbio","DINVSP",8.05664488017429
63,"BiodiversityR","DINVSP",8.05664488
63,"breakaway","DINVSP",8.05664488017429
63,"chemodiv","DINVSP",8.05664488017429
63,"codyn","DINVSP",8.05664488017429
63,"divseg","DINVSP",1.12412114656571
63,"ecodive","DINVSP",8.05664488017429
63,"microbiome","DINVSP",8.05664488017429
63,"sprex","DINVSP",8.05664488017429
63,"vegan","DINVSP",8.05664488017429
63,"asbio","DLMD",23.044172432279
63,"Compositional","DLMD",0.999958992306093
63,"sads","DLMD",1.24171307597697
63,"vegan","DLMD",17.1658238536904
63,"abdiv","DMC",0.725975656517097
63,"adiv","DMC",0.725975656517097
63,"agricolae","DMC",0.725975656517097
63,"ecodive","DMC",0.725975656517097
63,"forestHES","DMC",0.725975656517097
63,"tabula","DMC",0.725975656517097
63,"abdiv","DMG",3.36749674023314
63,"adiv","DMG",3.36749674023314
63,"agricolae","DMG",7.63299261119512
63,"ecodive","DMG",3.36749674023314
63,"tabula","DMG",3.36749674023314
63,"abdiv","DMN",1.72532437125501
63,"adiv","DMN",1.72532437125501
63,"ecodive","DMN",1.72532437125501
63,"tabula","DMN",1.72532437125501
63,"abdiv","DQ",0
63,"ade4","DRAO",0.875878853434289
63,"BAT","DRAO",0.875878853434291
63,"chemodiv","DRAO",295.957897069178
63,"diverse","DRAO",84.0277096376394
63,"SYNCSA","DRAO",0.875878853434289
63,"abdiv","DSHA",2.3548864068504
63,"adiv","DSHA",2.3548864068504
63,"aqp","DSHA",-260.483835976669
63,"asbio","DSHA",2.3548864068504
63,"benthos","DSHA",0
63,"BiodiversityR","DSHA",2.35488641
63,"biosampleR","DSHA",2.24414555990563
63,"chemodiv","DSHA",2.3548864068504
63,"codyn","DSHA",2.3548864068504
63,"DescTools","DSHA",3.3973829410199
63,"divDyn","DSHA",2.3548864068504
63,"divent","DSHA",2.3548864068504
63,"diverse","DSHA",2.24414555990563
63,"ecodive","DSHA",2.3548864068504
63,"EconGeo","DSHA",3.397
63,"entropart","DSHA",2.42264984548597
63,"forestmangr","DSHA",3.56
63,"HardyWeinberg","DSHA",2.3548864068504
63,"iNEXT","DSHA",2.355
63,"MCPAN","DSHA",2.3548864068504
63,"microbiome","DSHA",2.3548864068504
63,"OTUtable","DSHA",2.3548864068504
63,"pgirmess","DSHA",3.3973829410199
63,"SpiecEasi","DSHA",2.3548864068504
63,"sprex","DSHA",2.3548864068504
63,"tabula","DSHA",2.3548864068504
63,"triversity","DSHA",16
63,"vegan","DSHA",2.3548864068504
63,"wavethresh","DSHA",-4698.74849258848
63,"wiqid","DSHA",8.78605769230769
63,"abdiv","DSP",0.124121146565711
63,"agricolae","DSP",0.124121146565711
63,"antitrust","DSP",1241.21146565711
63,"benthos","DSP",0.113816689466484
63,"breakaway","DSP",0.124121146565711
63,"concstats","DSP",0.124121146565711
63,"DescTools","DSP",0.124121146565711
63,"diverse","DSP",0.12383808095952
63,"divseg","DSP",1.12412114656571
63,"EconGeo","DSP",0.124121146565711
63,"hhi","DSP",0.124121146565711
63,"ineq","DSP",0.124121146565711
63,"microbiome","DSP",0.124121146565711
63,"PDtoolkit","DSP",0.124121146565711
63,"politics","DSP",0.124121146565711
63,"REAT","DSP",0.124121146565711
63,"sprex","DSP",0.124121146565711
63,"tabula","DSP",0.124121146565711
63,"triversity","DSP",0.124121146565711
63,"wiqid","DSP",8.78605769230769
63,"abdiv","EBP",0.22093023255814
63,"agricolae","EBP",0.22093023255814
63,"BiodiversityR","EBP",0.22093023
63,"diverse","EBP",0.21551724137931
63,"dyvDyn","EBP",0.22093023255814
63,"ecodive","EBP",0.22093023255814
63,"microbiome","EBP",0.22093023255814
63,"tabula","EBP",0.22093023255814
63,"triversity","EBP",0.22093023255814
63,"wiqid","EBP",1
63,"tabula","EBRI",0.847920082102862
63,"BAT","EBU",0.564341085271318
63,"microbiome","EBU",0.564341085271318
63,"BAT","ECAM",0.93468992248062
63,"microbiome","ECAM",0.477470930232558
63,"codyn","EEQ",0.189584507934909
63,"adiv","EEVAR",0.557271875282838
63,"codyn","EEVAR",0.546105118117257
63,"microbiome","EEVAR",0.557271875282838
63,"acid","EGIN",0.766777408637874
63,"DescTools","EGIN",0.766777408637874
63,"dplR","EGIN",0.766777408637874
63,"EconGeo","EGIN",0.767
63,"giniVarCI","EGIN",0.766777408637874
63,"ineq","EGIN",0.766777408637874
63,"microbiome","EGIN",0.766777408637874
63,"REAT","EGIN",0.766777408637874
63,"shipunov","EGIN",0.766777408637874
63,"wINEQ","EGIN",0.766777408637874
63,"adiv","EGSP",0.934270776996575
63,"abdiv","EHEI",0.635795458028897
63,"adiv","EHEI",0.635795458028897
63,"benthos","EHURE",0.886183310533516
63,"BiodiversityR","EHURE",0.88618331
63,"mobr","EHURE",0.886183310533516
63,"vegan","EHURE",0.886183310533547
63,"abdiv","EMC",0.426106155431018
63,"tabula","EMC",0.863588917595562
63,"microbiome","EMN",0.383720930232558
63,"abdiv","EPIE",0.849345735254975
63,"adiv","EPIE",0.849345735254975
63,"BiodiversityR","EPIE",0.84934574
63,"breakaway","EPIE",0.849345735254975
63,"chemodiv","EPIE",0.849345735254975
63,"diverse","EPIE",0.85035877573482
63,"forestmangr","EPIE",1
63,"microbiome","EPIE",0.849345735254975
63,"OTUtable","EPIE",0.849345735254975
63,"pctax","EPIE",0.8493
63,"sprex","EPIE",0.849345735254975
63,"tabula","EPIE",0.849345735254975
63,"adiv","ESP",0.503540305010893
63,"codyn","ESP",0.503540305010893
63,"sprex","ESP",0.14718040042815
63,"tabula","ESP",0.503540305010893
63,"abdiv","EST",0.408430232558139
63,"adiv","QHIL_0",16
63,"adiv","QHIL_1",10.5369318704335
63,"adiv","QHIL_2",8.05664488017429
63,"adiv","QHIL_3",6.98568210615552
63,"BAT","QHIL_0",16
63,"BAT","QHIL_1",10.5369318704335
63,"BAT","QHIL_2",8.05664488017429
63,"BAT","QHIL_3",6.98568210615552
63,"benthos","QHIL_0",35
63,"benthos","QHIL_1",10.5369318704335
63,"benthos","QHIL_2",8.05664488017429
63,"benthos","QHIL_3",6.98568210615552
63,"breakaway","QHIL_0",16
63,"breakaway","QHIL_1",10.5369318704335
63,"breakaway","QHIL_2",8.05664488017429
63,"breakaway","QHIL_3",6.98568210615552
63,"chemodiv","QHIL_0",16
63,"chemodiv","QHIL_1",10.5369318704335
63,"chemodiv","QHIL_2",8.05664488017429
63,"chemodiv","QHIL_3",6.98568210615552
63,"divDyn","QHIL_2",8.05664488017429
63,"divent","QHIL_0",16
63,"divent","QHIL_1",10.5369318704335
63,"divent","QHIL_2",8.05664488017429
63,"divent","QHIL_3",6.9856821061555
63,"entropart","QHIL_0",16
63,"entropart","QHIL_1",10.5369318704335
63,"entropart","QHIL_2",8.05664488017429
63,"entropart","QHIL_3",6.98568210615552
63,"EntropyEstimation","QHIL_1",11.5668608270326
63,"EntropyEstimation","QHIL_2",8.78605769230768
63,"EntropyEstimation","QHIL_3",7.66476124011498
63,"extremefit","QHIL",NA
63,"hilldiv","QHIL_0",16
63,"hilldiv","QHIL_1",10.5369693467694
63,"hilldiv","QHIL_2",8.05664488017429
63,"hilldiv","QHIL_3",6.98568210615552
63,"hillR","QHIL_0",16
63,"hillR","QHIL_1",10.5369318704335
63,"hillR","QHIL_2",8.05664488017429
63,"hillR","QHIL_3",6.98568210615552
63,"sprex","QHIL_0",16
63,"sprex","QHIL_1",10.5369318704335
63,"sprex","QHIL_2",8.05664488017429
63,"sprex","QHIL_3",6.98568210615552
63,"vegan","QHIL_0",16
63,"vegan","QHIL_1",10.5369318704335
63,"vegan","QHIL_2",8.05664488017429
63,"vegan","QHIL_3",6.98568210615552
63,"adiv","QREN_0",2.77258872223978
63,"adiv","QREN_1",2.3548864068504
63,"adiv","QREN_2",2.08649720188652
63,"adiv","QREN_3",1.9438626409341
63,"BiodiversityR","QREN_0",2.77258872223978
63,"BiodiversityR","QREN_1",2.3548864068504
63,"BiodiversityR","QREN_2",2.08649720188652
63,"BiodiversityR","QREN_3",1.9438626409341
63,"diverse","QREN_0",2.63905732961526
63,"diverse","QREN_1",2.24414555990563
63,"diverse","QREN_2",2.02957613901514
63,"diverse","QREN_3",1.91203493906967
63,"EntropyEstimation","QREN_1",2.4481441843426
63,"EntropyEstimation","QREN_2",2.17316611192261
63,"EntropyEstimation","QREN_3",2.03663336247333
63,"seewave","QREN_2",0.58686159835459
63,"seewave","QREN_3",0.546743283767077
63,"sprex","QREN_0",2.77258872223978
63,"sprex","QREN_1",2.3548864068504
63,"sprex","QREN_2",2.08649720188652
63,"sprex","QREN_3",1.9438626409341
63,"statcomp","QREN_1",0.662350455179875
63,"statcomp","QREN_2",0.586861585926539
63,"statcomp","QREN_3",0.546743274446039
63,"vegan","QREN_0",2.77258872223978
63,"vegan","QREN_1",2.3548864068504
63,"vegan","QREN_2",2.08649720188652
63,"vegan","QREN_3",1.9438626409341
63,"adiv","QTSA_0",15
63,"adiv","QTSA_1",2.3548864068504
63,"adiv","QTSA_2",0.875878853434289
63,"adiv","QTSA_3",0.489754046813488
63,"divent","QTSA_0",15
63,"divent","QTSA_1",2.3548864068504
63,"divent","QTSA_2",0.875878853434289
63,"divent","QTSA_3",0.489754046813488
63,"entropart","QTSA_0",17
63,"entropart","QTSA_1",2.42264984548597
63,"entropart","QTSA_2",0.8808932247347
63,"entropart","QTSA_3",0.49039497074805
63,"EntropyEstimation","QTSA_1",2.4481441843426
63,"EntropyEstimation","QTSA_2",0.886183310533516
63,"EntropyEstimation","QTSA_3",0.491489153801055
63,"vegan","QTSA_0",15
63,"vegan","QTSA_1",2.3548864068504
63,"vegan","QTSA_2",0.875878853434289
63,"vegan","QTSA_3",0.489754046813488
63,"BAT","RACE",17.3859649122807
63,"ecodive","RACE",17.3859649122807
63,"fossil","RACE",16.6842105263158
63,"pctax","RACE",17.386
63,"sprex","RACE",174.03685719103
63,"tabula","RACE",17.3859649122807
63,"vegan","RACE",17.3859649122807
63,"wiqid","RACE",17.3859649122807
63,"BiodiversityR","RBOO",16
63,"wiqid","RBOO",35
63,"BAT","RC1",16.125
63,"BiodiversityR","RC1",16
63,"biosampleR","RC1",17
63,"iNEXT","RC1",16.282
63,"microbiome","RC1",16.125
63,"pctax","RC1",16.125
63,"rareNMtests","RC1",16
63,"SpadeR","RC1",16
63,"SSP","RC1",15
63,"vegan","RC1",16.125
63,"wiqid","RC1",16.2857142857143
63,"BAT","RC1M",16.376953125
63,"divent","RC1M",16.2823920265781
63,"ecodive","RC1M",16.2857142857143
63,"entropart","RC1M",16.2823920265781
63,"fossil","RC1M",16.2857142857143
63,"mobr","RC1M",16.2823920265781
63,"OTUtable","RC1M",16.2857142857143
63,"tabula","RC1M",16.2823920265781
63,"wiqid","RC1M",16.2857142857143
63,"BAT","RCA2",35
63,"divDyn","RCA2",16.1171875
63,"fossil","RCA2",16.2857142857143
63,"tabula","RCA2",16
63,"wiqid","RCA2",16
63,"benthos","RHUR_2",1.88618331053355
63,"benthos","RHUR_3",2.67557162399847
63,"divent","RHUR_2",8.78605897937081
63,"divent","RHUR_3",8.90073528860104
63,"entropart","RHUR_2",1.88618331053355
63,"entropart","RHUR_3",2.67557162399847
63,"mobsim","RHUR_2",1.88618331053355
63,"mobsim","RHUR_3",2.67557162399847
63,"tabula","RHUR_2",1.88618331053379
63,"tabula","RHUR_3",2.6755716239985
63,"vegan","RHUR_2",1.88618331053355
63,"vegan","RHUR_3",2.67557162399847
63,"BAT","RICE",35
63,"fossil","RICE",16.6842105263158
63,"tabula","RICE",16
63,"wiqid","RICE",16
63,"BAT","RJA1",18
63,"BiodiversityR","RJA1",16
63,"divent","RJA1",18
63,"entropart","RJA1",18
63,"fossil","RJA1",17.9767441860465
63,"SSP","RJA1",15
63,"tabula","RJA1",2.25519467085333
63,"wiqid","RJA1",18
63,"BAT","RJA2",13
63,"BiodiversityR","RJA2",16
63,"fossil","RJA2",13.1036935704514
63,"SSP","RJA2",15
63,"wiqid","RJA2",13
63,"wiqid","RMM",0
63,"divDyn","RSQ",16.4986420423683
63,"ecodive","RSQ",16.4986420423683
63,"tabula","RSQ",16.4986420423683
64,"abdiv","D1SP",0.856146694214876
64,"ade4","D1SP",0.856146694214876
64,"adiv","D1SP",0.856146694214876
64,"agricolae","D1SP",1
64,"asbio","D1SP",0.856146694214876
64,"BiodiversityR","D1SP",0.85614669
64,"biosampleR","D1SP",0.140907369487557
64,"breakaway","D1SP",0.856146694214876
64,"catsim","D1SP",0.581224489795918
64,"concstats","D1SP",0.974819214876033
64,"CUB","D1SP",0.881327479338843
64,"DescTools","D1SP",0.856146694214876
64,"divent","D1SP",0.856146694214876
64,"diverse","D1SP",0.140907369487557
64,"ecodive","D1SP",0.856146694214876
64,"entropart","D1SP",0.856146694214876
64,"lawstat","D1SP",0.828877005347594
64,"MCPAN","D1SP",-1113
64,"microbiome","D1SP",0.856146694214876
64,"PCRA","D1SP",0.856146694214876
64,"RoughSets","D1SP",0.856146694214876
64,"simboot","D1SP",-1113
64,"sprex","D1SP",0.856146694214876
64,"untb","D1SP",0.865987460815047
64,"vegan","D1SP",0.856146694214876
64,"abdiv","DBRI",1.95886320434171
64,"ecodive","DBRI",1.95886320434171
64,"tabula","DBRI",1.95886320434171
64,"wiqid","DBRI",7.09126116648009
64,"BiodiversityR","DFIS",4.21253091
64,"ecodive","DFIS",4.213
64,"microbiome","DFIS",4.21253091446939
64,"preseqR","DFIS",7.0892107661739
64,"sads","DFIS",4.21252762712514
64,"vegan","DFIS",4.21253091446939
64,"abdiv","DINVSP",6.95152603231598
64,"adiv","DINVSP",6.95152603231598
64,"asbio","DINVSP",6.95152603231598
64,"BiodiversityR","DINVSP",6.95152603
64,"breakaway","DINVSP",6.95152603231598
64,"chemodiv","DINVSP",6.95152603231598
64,"codyn","DINVSP",6.95152603231598
64,"divseg","DINVSP",1.14385330578512
64,"ecodive","DINVSP",6.95152603231598
64,"microbiome","DINVSP",6.95152603231598
64,"sprex","DINVSP",6.95152603231598
64,"vegan","DINVSP",6.95152603231598
64,"asbio","DLMD",11.3734283032757
64,"Compositional","DLMD",0.999958992306093
64,"sads","DLMD",1.46820554778903
64,"vegan","DLMD",14.7944213826218
64,"abdiv","DMC",0.694784268509442
64,"adiv","DMC",0.694784268509442
64,"agricolae","DMC",0.694784268509442
64,"ecodive","DMC",0.694784268509442
64,"forestHES","DMC",0.694784268509442
64,"tabula","DMC",0.694784268509442
64,"abdiv","DMG",2.68016468209316
64,"adiv","DMG",2.68016468209316
64,"agricolae","DMG",7.5937999325973
64,"ecodive","DMG",2.68016468209316
64,"tabula","DMG",2.68016468209316
64,"abdiv","DMN",1.38580465631147
64,"adiv","DMN",1.38580465631147
64,"ecodive","DMN",1.38580465631147
64,"tabula","DMN",1.38580465631147
64,"abdiv","DQ",0
64,"ade4","DRAO",0.856146694214876
64,"BAT","DRAO",0.856146694214876
64,"chemodiv","DRAO",335.16437704176
64,"diverse","DRAO",52.9630966538431
64,"SYNCSA","DRAO",0.856146694214876
64,"abdiv","DSHA",2.17138602043154
64,"adiv","DSHA",2.17138602043154
64,"aqp","DSHA",-292.756972209248
64,"asbio","DSHA",2.17138602043154
64,"benthos","DSHA",0
64,"BiodiversityR","DSHA",2.17138602
64,"biosampleR","DSHA",0.355800693368708
64,"chemodiv","DSHA",2.17138602043154
64,"codyn","DSHA",2.17138602043154
64,"DescTools","DSHA",3.13264784353221
64,"divDyn","DSHA",2.17138602043154
64,"divent","DSHA",2.17138602043154
64,"diverse","DSHA",0.355800693368708
64,"ecodive","DSHA",2.17138602043154
64,"EconGeo","DSHA",3.133
64,"entropart","DSHA",2.24363669041911
64,"forestmangr","DSHA",3.56
64,"HardyWeinberg","DSHA",2.17138602043154
64,"iNEXT","DSHA",2.171
64,"MCPAN","DSHA",2.17138602043154
64,"microbiome","DSHA",2.17138602043154
64,"OTUtable","DSHA",2.17138602043154
64,"pgirmess","DSHA",3.13264784353221
64,"SpiecEasi","DSHA",2.17138602043154
64,"sprex","DSHA",2.17138602043154
64,"tabula","DSHA",2.17138602043154
64,"triversity","DSHA",13
64,"vegan","DSHA",2.17138602043154
64,"wavethresh","DSHA",-6013.961826134
64,"wiqid","DSHA",7.46198830409357
64,"abdiv","DSP",0.143853305785124
64,"agricolae","DSP",0.143853305785124
64,"antitrust","DSP",1438.53305785124
64,"benthos","DSP",0.134012539184953
64,"breakaway","DSP",0.143853305785124
64,"concstats","DSP",0.143853305785124
64,"DescTools","DSP",0.143853305785124
64,"diverse","DSP",0.858911980038741
64,"divseg","DSP",1.14385330578512
64,"EconGeo","DSP",0.143853305785124
64,"hhi","DSP",0.143853305785124
64,"ineq","DSP",0.143853305785124
64,"microbiome","DSP",0.143853305785124
64,"PDtoolkit","DSP",0.143853305785124
64,"politics","DSP",0.143853305785124
64,"REAT","DSP",0.143853305785124
64,"sprex","DSP",0.143853305785124
64,"tabula","DSP",0.143853305785124
64,"triversity","DSP",0.143853305785124
64,"wiqid","DSP",7.46198830409357
64,"abdiv","EBP",0.227272727272727
64,"agricolae","EBP",0.227272727272727
64,"BiodiversityR","EBP",0.22727273
64,"diverse","EBP",0.925736235595391
64,"dyvDyn","EBP",0.227272727272727
64,"ecodive","EBP",0.227272727272727
64,"microbiome","EBP",0.227272727272727
64,"tabula","EBP",0.227272727272727
64,"triversity","EBP",0.227272727272727
64,"wiqid","EBP",1
64,"tabula","EBRI",0.844276275766415
64,"BAT","EBU",0.557765151515151
64,"microbiome","EBU",0.557765151515151
64,"BAT","ECAM",0.920745920745921
64,"microbiome","ECAM",0.769230769230769
64,"codyn","EEQ",0.186063647519135
64,"adiv","EEVAR",0.526977909700547
64,"codyn","EEVAR",0.510756852057318
64,"microbiome","EEVAR",0.526977909700547
64,"acid","EGIN",0.805194805194805
64,"DescTools","EGIN",0.805194805194805
64,"dplR","EGIN",0.805194805194805
64,"EconGeo","EGIN",0.805
64,"giniVarCI","EGIN",0.805194805194805
64,"ineq","EGIN",0.805194805194805
64,"microbiome","EGIN",0.805194805194805
64,"REAT","EGIN",0.805194805194805
64,"shipunov","EGIN",0.805194805194805
64,"wINEQ","EGIN",0.805194805194805
64,"adiv","EGSP",0.927492252066116
64,"abdiv","EHEI",0.647535968151407
64,"adiv","EHEI",0.647535968151407
64,"benthos","EHURE",0.865987460815047
64,"BiodiversityR","EHURE",0.86598746
64,"mobr","EHURE",0.865987460815047
64,"vegan","EHURE",0.86598746081505
64,"abdiv","EMC",0.438710808463088
64,"tabula","EMC",0.858949838654737
64,"microbiome","EMN",0.409090909090909
64,"abdiv","EPIE",0.846560971706867
64,"adiv","EPIE",0.846560971706867
64,"BiodiversityR","EPIE",0.84656097
64,"breakaway","EPIE",0.846560971706867
64,"chemodiv","EPIE",0.846560971706867
64,"diverse","EPIE",0.198576147903378
64,"forestmangr","EPIE",1
64,"microbiome","EPIE",0.846560971706867
64,"OTUtable","EPIE",0.846560971706867
64,"pctax","EPIE",0.8466
64,"sprex","EPIE",0.846560971706867
64,"tabula","EPIE",0.846560971706867
64,"adiv","ESP",0.534732771716614
64,"codyn","ESP",0.534732771716614
64,"sprex","ESP",0.167029693879349
64,"tabula","ESP",0.534732771716614
64,"abdiv","EST",0.408216783216783
64,"adiv","QHIL_0",13
64,"adiv","QHIL_1",8.77043161781688
64,"adiv","QHIL_2",6.95152603231598
64,"adiv","QHIL_3",6.18644026331207
64,"BAT","QHIL_0",13
64,"BAT","QHIL_1",8.77043161781688
64,"BAT","QHIL_2",6.95152603231598
64,"BAT","QHIL_3",6.18644026331207
64,"benthos","QHIL_0",35
64,"benthos","QHIL_1",8.77043161781688
64,"benthos","QHIL_2",6.95152603231598
64,"benthos","QHIL_3",6.18644026331207
64,"breakaway","QHIL_0",13
64,"breakaway","QHIL_1",8.77043161781688
64,"breakaway","QHIL_2",6.95152603231598
64,"breakaway","QHIL_3",6.18644026331207
64,"chemodiv","QHIL_0",13
64,"chemodiv","QHIL_1",8.77043161781688
64,"chemodiv","QHIL_2",6.95152603231598
64,"chemodiv","QHIL_3",6.18644026331207
64,"divDyn","QHIL_2",6.95152603231598
64,"divent","QHIL_0",13
64,"divent","QHIL_1",8.77043161781688
64,"divent","QHIL_2",6.95152603231598
64,"divent","QHIL_3",6.18644026331208
64,"entropart","QHIL_0",13
64,"entropart","QHIL_1",8.77043161781688
64,"entropart","QHIL_2",6.95152603231598
64,"entropart","QHIL_3",6.18644026331207
64,"EntropyEstimation","QHIL_1",9.42786166885558
64,"EntropyEstimation","QHIL_2",7.46198830409356
64,"EntropyEstimation","QHIL_3",6.70624861541855
64,"extremefit","QHIL",NA
64,"hilldiv","QHIL_0",13
64,"hilldiv","QHIL_1",8.77045936553287
64,"hilldiv","QHIL_2",6.95152603231598
64,"hilldiv","QHIL_3",6.18644026331207
64,"hillR","QHIL_0",13
64,"hillR","QHIL_1",8.77043161781688
64,"hillR","QHIL_2",6.95152603231598
64,"hillR","QHIL_3",6.18644026331207
64,"sprex","QHIL_0",13
64,"sprex","QHIL_1",8.77043161781688
64,"sprex","QHIL_2",6.95152603231598
64,"sprex","QHIL_3",6.18644026331207
64,"vegan","QHIL_0",13
64,"vegan","QHIL_1",8.77043161781688
64,"vegan","QHIL_2",6.95152603231598
64,"vegan","QHIL_3",6.18644026331207
64,"adiv","QREN_0",2.56494935746154
64,"adiv","QREN_1",2.17138602043154
64,"adiv","QREN_2",1.93896120846918
64,"adiv","QREN_3",1.8223598426505
64,"BiodiversityR","QREN_0",2.56494935746154
64,"BiodiversityR","QREN_1",2.17138602043154
64,"BiodiversityR","QREN_2",1.93896120846918
64,"BiodiversityR","QREN_3",1.8223598426505
64,"diverse","QREN_0",1.79175946922805
64,"diverse","QREN_1",0.355800693368708
64,"diverse","QREN_2",0.151878527523629
64,"diverse","QREN_3",0.115699014806599
64,"EntropyEstimation","QREN_1",2.243669312592
64,"EntropyEstimation","QREN_2",2.00982190740207
64,"EntropyEstimation","QREN_3",1.9030397209355
64,"seewave","QREN_2",0.545364680176182
64,"seewave","QREN_3",0.512568628621715
64,"sprex","QREN_0",2.56494935746154
64,"sprex","QREN_1",2.17138602043154
64,"sprex","QREN_2",1.93896120846918
64,"sprex","QREN_3",1.8223598426505
64,"statcomp","QREN_1",0.610737959512718
64,"statcomp","QREN_2",0.545364666112862
64,"statcomp","QREN_3",0.512568618074224
64,"vegan","QREN_0",2.56494935746154
64,"vegan","QREN_1",2.17138602043154
64,"vegan","QREN_2",1.93896120846918
64,"vegan","QREN_3",1.8223598426505
64,"adiv","QTSA_0",12
64,"adiv","QTSA_1",2.17138602043154
64,"adiv","QTSA_2",0.856146694214876
64,"adiv","QTSA_3",0.486935633452292
64,"divent","QTSA_0",12
64,"divent","QTSA_1",2.17138602043154
64,"divent","QTSA_2",0.856146694214876
64,"divent","QTSA_3",0.486935633452292
64,"entropart","QTSA_0",14
64,"entropart","QTSA_1",2.24363669041911
64,"entropart","QTSA_2",0.86224540893467
64,"entropart","QTSA_3",0.487795048516564
64,"EntropyEstimation","QTSA_1",2.243669312592
64,"EntropyEstimation","QTSA_2",0.865987460815047
64,"EntropyEstimation","QTSA_3",0.488882408689947
64,"vegan","QTSA_0",12
64,"vegan","QTSA_1",2.17138602043154
64,"vegan","QTSA_2",0.856146694214876
64,"vegan","QTSA_3",0.486935633452292
64,"BAT","RACE",13.7826086956522
64,"ecodive","RACE",13.7826086956522
64,"fossil","RACE",13.7826086956522
64,"pctax","RACE",13.7826
64,"sprex","RACE",89.4674431372549
64,"tabula","RACE",13.7826086956522
64,"vegan","RACE",13.7826086956522
64,"wiqid","RACE",13.7826086956522
64,"BiodiversityR","RBOO",13
64,"wiqid","RBOO",35
64,"BAT","RC1",13.5
64,"BiodiversityR","RC1",13
64,"biosampleR","RC1",6
64,"iNEXT","RC1",14.977
64,"microbiome","RC1",13.5
64,"pctax","RC1",13.5
64,"rareNMtests","RC1",13
64,"SpadeR","RC1",13
64,"SSP","RC1",12
64,"vegan","RC1",13.5
64,"wiqid","RC1",15
64,"BAT","RC1M",13.8195266272189
64,"divent","RC1M",14.9772727272727
64,"ecodive","RC1M",15
64,"entropart","RC1M",14.9772727272727
64,"fossil","RC1M",15
64,"mobr","RC1M",14.9772727272727
64,"OTUtable","RC1M",15
64,"tabula","RC1M",14.9772727272727
64,"wiqid","RC1M",15
64,"BAT","RCA2",35
64,"divDyn","RCA2",13.4615384615385
64,"fossil","RCA2",15
64,"tabula","RCA2",13
64,"wiqid","RCA2",13
64,"benthos","RHUR_2",1.86598746081505
64,"benthos","RHUR_3",2.62019756506524
64,"divent","RHUR_2",7.4619988814558
64,"divent","RHUR_3",7.55011399099331
64,"entropart","RHUR_2",1.86598746081505
64,"entropart","RHUR_3",2.62019756506524
64,"mobsim","RHUR_2",1.86598746081505
64,"mobsim","RHUR_3",2.62019756506524
64,"tabula","RHUR_2",1.86598746081533
64,"tabula","RHUR_3",2.62019756506562
64,"vegan","RHUR_2",1.86598746081505
64,"vegan","RHUR_3",2.62019756506524
64,"BAT","RICE",35
64,"fossil","RICE",13.7826086956522
64,"tabula","RICE",13
64,"wiqid","RICE",13
64,"BAT","RJA1",15
64,"BiodiversityR","RJA1",13
64,"divent","RJA1",15
64,"entropart","RJA1",15
64,"fossil","RJA1",14.9772727272727
64,"SSP","RJA1",12
64,"tabula","RJA1",2.05098955334298
64,"wiqid","RJA1",15
64,"BAT","RJA2",16
64,"BiodiversityR","RJA2",13
64,"fossil","RJA2",15.8975966562173
64,"SSP","RJA2",12
64,"wiqid","RJA2",16
64,"wiqid","RMM",0
64,"divDyn","RSQ",13.577351645504
64,"ecodive","RSQ",13.577351645504
64,"tabula","RSQ",13.577351645504
65,"abdiv","D1SP",0.858418367346939
65,"ade4","D1SP",0.858418367346939
65,"adiv","D1SP",0.858418367346939
65,"agricolae","D1SP",1
65,"asbio","D1SP",0.858418367346939
65,"BiodiversityR","D1SP",0.85841837
65,"biosampleR","D1SP",0.836295755214674
65,"breakaway","D1SP",0.858418367346939
65,"catsim","D1SP",0.586122448979592
65,"concstats","D1SP",0.974752400960384
65,"CUB","D1SP",0.883665966386555
65,"DescTools","D1SP",0.858418367346939
65,"divent","D1SP",0.858418367346939
65,"diverse","D1SP",0.836295755214674
65,"ecodive","D1SP",0.858418367346939
65,"entropart","D1SP",0.858418367346939
65,"lawstat","D1SP",0.834033613445378
65,"MCPAN","D1SP",-1775
65,"microbiome","D1SP",0.858418367346939
65,"PCRA","D1SP",0.858418367346939
65,"RoughSets","D1SP",0.858418367346939
65,"simboot","D1SP",-1775
65,"sprex","D1SP",0.858418367346939
65,"untb","D1SP",0.866151866151866
65,"vegan","D1SP",0.858418367346939
65,"abdiv","DBRI",1.98974981142029
65,"ecodive","DBRI",1.98974981142029
65,"tabula","DBRI",1.98974981142029
65,"wiqid","DBRI",7.31370372824414
65,"BiodiversityR","DFIS",3.80647995
65,"ecodive","DFIS",3.807
65,"microbiome","DFIS",3.8064799511144
65,"preseqR","DFIS",9.59396838987132
65,"sads","DFIS",3.80650037383793
65,"vegan","DFIS",3.8064799511144
65,"abdiv","DINVSP",7.06306306306306
65,"adiv","DINVSP",7.06306306306306
65,"asbio","DINVSP",7.06306306306306
65,"BiodiversityR","DINVSP",7.06306306
65,"breakaway","DINVSP",7.06306306306306
65,"chemodiv","DINVSP",7.06306306306306
65,"codyn","DINVSP",7.06306306306306
65,"divseg","DINVSP",1.14158163265306
65,"ecodive","DINVSP",7.06306306306306
65,"microbiome","DINVSP",7.06306306306306
65,"sprex","DINVSP",7.06306306306306
65,"vegan","DINVSP",7.06306306306306
65,"asbio","DLMD",29.8985938183007
65,"Compositional","DLMD",0.999958992306093
65,"sads","DLMD",1.6568514998005
65,"vegan","DLMD",20.0875784340535
65,"abdiv","DMC",0.688813400129214
65,"adiv","DMC",0.688813400129214
65,"agricolae","DMC",0.688813400129214
65,"ecodive","DMC",0.688813400129214
65,"forestHES","DMC",0.688813400129214
65,"tabula","DMC",0.688813400129214
65,"abdiv","DMG",2.54318170403765
65,"adiv","DMG",2.54318170403765
65,"agricolae","DMG",7.20568149477335
65,"ecodive","DMG",2.54318170403765
65,"tabula","DMG",2.54318170403765
65,"abdiv","DMN",1.22838453727999
65,"adiv","DMN",1.22838453727999
65,"ecodive","DMN",1.22838453727999
65,"tabula","DMN",1.22838453727999
65,"abdiv","DQ",0
65,"ade4","DRAO",0.858418367346939
65,"BAT","DRAO",0.858418367346939
65,"chemodiv","DRAO",268.279372211533
65,"diverse","DRAO",185.549399353628
65,"SYNCSA","DRAO",0.858418367346939
65,"abdiv","DSHA",2.16637327968415
65,"adiv","DSHA",2.16637327968415
65,"aqp","DSHA",-412.377160691207
65,"asbio","DSHA",2.16637327968415
65,"benthos","DSHA",0
65,"BiodiversityR","DSHA",2.16637328
65,"biosampleR","DSHA",2.09739881684649
65,"chemodiv","DSHA",2.16637327968415
65,"codyn","DSHA",2.16637327968415
65,"DescTools","DSHA",3.12541598731469
65,"divDyn","DSHA",2.16637327968415
65,"divent","DSHA",2.16637327968415
65,"diverse","DSHA",2.09739881684649
65,"ecodive","DSHA",2.16637327968415
65,"EconGeo","DSHA",3.125
65,"entropart","DSHA",2.22881751116898
65,"forestmangr","DSHA",3.56
65,"HardyWeinberg","DSHA",2.16637327968415
65,"iNEXT","DSHA",2.166
65,"MCPAN","DSHA",2.16637327968415
65,"microbiome","DSHA",2.16637327968415
65,"OTUtable","DSHA",2.16637327968415
65,"pgirmess","DSHA",3.12541598731469
65,"SpiecEasi","DSHA",2.16637327968415
65,"sprex","DSHA",2.16637327968415
65,"tabula","DSHA",2.16637327968415
65,"triversity","DSHA",13
65,"vegan","DSHA",2.16637327968415
65,"wavethresh","DSHA",-10347.0263519543
65,"wiqid","DSHA",7.47115384615385
65,"abdiv","DSP",0.141581632653061
65,"agricolae","DSP",0.141581632653061
65,"antitrust","DSP",1415.81632653061
65,"benthos","DSP",0.133848133848134
65,"breakaway","DSP",0.141581632653061
65,"concstats","DSP",0.141581632653061
65,"DescTools","DSP",0.141581632653061
65,"diverse","DSP",0.156101556101556
65,"divseg","DSP",1.14158163265306
65,"EconGeo","DSP",0.141581632653061
65,"hhi","DSP",0.141581632653061
65,"ineq","DSP",0.141581632653061
65,"microbiome","DSP",0.141581632653061
65,"PDtoolkit","DSP",0.141581632653061
65,"politics","DSP",0.141581632653061
65,"REAT","DSP",0.141581632653061
65,"sprex","DSP",0.141581632653061
65,"tabula","DSP",0.141581632653061
65,"triversity","DSP",0.141581632653061
65,"wiqid","DSP",7.47115384615385
65,"abdiv","EBP",0.223214285714286
65,"agricolae","EBP",0.223214285714286
65,"BiodiversityR","EBP",0.22321429
65,"diverse","EBP",0.288288288288288
65,"dyvDyn","EBP",0.223214285714286
65,"ecodive","EBP",0.223214285714286
65,"microbiome","EBP",0.223214285714286
65,"tabula","EBP",0.223214285714286
65,"triversity","EBP",0.223214285714286
65,"wiqid","EBP",1
65,"tabula","EBRI",0.843136109446335
65,"BAT","EBU",0.584821428571429
65,"microbiome","EBU",0.584821428571429
65,"BAT","ECAM",0.918498168498168
65,"microbiome","ECAM",0.85989010989011
65,"codyn","EEQ",0.172808645376329
65,"adiv","EEVAR",0.460553796309908
65,"codyn","EEVAR",0.444484678002073
65,"microbiome","EEVAR",0.460553796309908
65,"acid","EGIN",0.810204081632653
65,"DescTools","EGIN",0.810204081632653
65,"dplR","EGIN",0.810204081632653
65,"EconGeo","EGIN",0.81
65,"giniVarCI","EGIN",0.810204081632653
65,"ineq","EGIN",0.810204081632653
65,"microbiome","EGIN",0.810204081632653
65,"REAT","EGIN",0.810204081632653
65,"shipunov","EGIN",0.810204081632653
65,"wINEQ","EGIN",0.810204081632653
65,"adiv","EGSP",0.929953231292517
65,"abdiv","EHEI",0.643881476983602
65,"adiv","EHEI",0.643881476983602
65,"benthos","EHURE",0.866151866151866
65,"BiodiversityR","EHURE",0.86615187
65,"mobr","EHURE",0.866151866151866
65,"vegan","EHURE",0.866151866151855
65,"abdiv","EMC",0.421173521766831
65,"tabula","EMC",0.86311040803411
65,"microbiome","EMN",0.428571428571429
65,"abdiv","EPIE",0.84460664822956
65,"adiv","EPIE",0.84460664822956
65,"BiodiversityR","EPIE",0.84460665
65,"breakaway","EPIE",0.84460664822956
65,"chemodiv","EPIE",0.84460664822956
65,"diverse","EPIE",0.817715488512504
65,"forestmangr","EPIE",1
65,"microbiome","EPIE",0.84460664822956
65,"OTUtable","EPIE",0.84460664822956
65,"pctax","EPIE",0.8446
65,"sprex","EPIE",0.84460664822956
65,"tabula","EPIE",0.84460664822956
65,"adiv","ESP",0.543312543312543
65,"codyn","ESP",0.543312543312543
65,"sprex","ESP",0.166644098437242
65,"tabula","ESP",0.543312543312543
65,"abdiv","EST",0.383241758241758
65,"adiv","QHIL_0",13
65,"adiv","QHIL_1",8.72657772380322
65,"adiv","QHIL_2",7.06306306306306
65,"adiv","QHIL_3",6.30530429885866
65,"BAT","QHIL_0",13
65,"BAT","QHIL_1",8.72657772380322
65,"BAT","QHIL_2",7.06306306306306
65,"BAT","QHIL_3",6.30530429885866
65,"benthos","QHIL_0",35
65,"benthos","QHIL_1",8.72657772380322
65,"benthos","QHIL_2",7.06306306306306
65,"benthos","QHIL_3",6.30530429885866
65,"breakaway","QHIL_0",13
65,"breakaway","QHIL_1",8.72657772380322
65,"breakaway","QHIL_2",7.06306306306306
65,"breakaway","QHIL_3",6.30530429885866
65,"chemodiv","QHIL_0",13
65,"chemodiv","QHIL_1",8.72657772380322
65,"chemodiv","QHIL_2",7.06306306306306
65,"chemodiv","QHIL_3",6.30530429885866
65,"divDyn","QHIL_2",7.06306306306306
65,"divent","QHIL_0",13
65,"divent","QHIL_1",8.72657772380322
65,"divent","QHIL_2",7.06306306306306
65,"divent","QHIL_3",6.30530429885866
65,"entropart","QHIL_0",13
65,"entropart","QHIL_1",8.72657772380322
65,"entropart","QHIL_2",7.06306306306306
65,"entropart","QHIL_3",6.30530429885866
65,"EntropyEstimation","QHIL_1",9.23440834996992
65,"EntropyEstimation","QHIL_2",7.47115384615384
65,"EntropyEstimation","QHIL_3",6.72541423750278
65,"extremefit","QHIL",NA
65,"hilldiv","QHIL_0",13
65,"hilldiv","QHIL_1",8.72660318023739
65,"hilldiv","QHIL_2",7.06306306306306
65,"hilldiv","QHIL_3",6.30530429885866
65,"hillR","QHIL_0",13
65,"hillR","QHIL_1",8.72657772380322
65,"hillR","QHIL_2",7.06306306306306
65,"hillR","QHIL_3",6.30530429885866
65,"sprex","QHIL_0",13
65,"sprex","QHIL_1",8.72657772380322
65,"sprex","QHIL_2",7.06306306306306
65,"sprex","QHIL_3",6.30530429885866
65,"vegan","QHIL_0",13
65,"vegan","QHIL_1",8.72657772380322
65,"vegan","QHIL_2",7.06306306306306
65,"vegan","QHIL_3",6.30530429885866
65,"adiv","QREN_0",2.56494935746154
65,"adiv","QREN_1",2.16637327968415
65,"adiv","QREN_2",1.95487881903807
65,"adiv","QREN_3",1.84139123135434
65,"BiodiversityR","QREN_0",2.56494935746154
65,"BiodiversityR","QREN_1",2.16637327968415
65,"BiodiversityR","QREN_2",1.95487881903807
65,"BiodiversityR","QREN_3",1.84139123135434
65,"diverse","QREN_0",2.56494935746154
65,"diverse","QREN_1",2.09739881684649
65,"diverse","QREN_2",1.80969386467046
65,"diverse","QREN_3",1.65650054007409
65,"EntropyEstimation","QREN_1",2.22293654554257
65,"EntropyEstimation","QREN_2",2.01104945122627
65,"EntropyEstimation","QREN_3",1.90589352024559
65,"seewave","QREN_2",0.549841766407772
65,"seewave","QREN_3",0.517921516816902
65,"sprex","QREN_0",2.56494935746154
65,"sprex","QREN_1",2.16637327968415
65,"sprex","QREN_2",1.95487881903807
65,"sprex","QREN_3",1.84139123135434
65,"statcomp","QREN_1",0.609328043898073
65,"statcomp","QREN_2",0.54984175535802
65,"statcomp","QREN_3",0.517921508529588
65,"vegan","QREN_0",2.56494935746154
65,"vegan","QREN_1",2.16637327968415
65,"vegan","QREN_2",1.95487881903807
65,"vegan","QREN_3",1.84139123135434
65,"adiv","QTSA_0",12
65,"adiv","QTSA_1",2.16637327968415
65,"adiv","QTSA_2",0.858418367346939
65,"adiv","QTSA_3",0.487423554801385
65,"divent","QTSA_0",12
65,"divent","QTSA_1",2.16637327968415
65,"divent","QTSA_2",0.858418367346939
65,"divent","QTSA_3",0.487423554801385
65,"entropart","QTSA_0",14
65,"entropart","QTSA_1",2.22881751116898
65,"entropart","QTSA_2",0.863185037461273
65,"entropart","QTSA_3",0.488072675998039
65,"EntropyEstimation","QTSA_1",2.22293654554257
65,"EntropyEstimation","QTSA_2",0.866151866151866
65,"EntropyEstimation","QTSA_3",0.488945682695683
65,"vegan","QTSA_0",12
65,"vegan","QTSA_1",2.16637327968415
65,"vegan","QTSA_2",0.858418367346939
65,"vegan","QTSA_3",0.487423554801385
65,"BAT","RACE",14.3907068709837
65,"ecodive","RACE",14.3907068709837
65,"fossil","RACE",13.5294117647059
65,"pctax","RACE",14.3907
65,"sprex","RACE",114.682737601927
65,"tabula","RACE",14.3907068709837
65,"vegan","RACE",14.3907068709837
65,"wiqid","RACE",14.3907068709837
65,"BiodiversityR","RBOO",13
65,"wiqid","RBOO",35
65,"BAT","RC1",13.3333333333333
65,"BiodiversityR","RC1",13
65,"biosampleR","RC1",14
65,"iNEXT","RC1",13.991
65,"microbiome","RC1",13.3333333333333
65,"pctax","RC1",13.3333
65,"rareNMtests","RC1",13
65,"SpadeR","RC1",13
65,"SSP","RC1",12
65,"vegan","RC1",13.3333333333333
65,"wiqid","RC1",14
65,"BAT","RC1M",13.6489151873767
65,"divent","RC1M",13.9910714285714
65,"ecodive","RC1M",14
65,"entropart","RC1M",13.9910714285714
65,"fossil","RC1M",14
65,"mobr","RC1M",13.9910714285714
65,"OTUtable","RC1M",14
65,"tabula","RC1M",13.9910714285714
65,"wiqid","RC1M",14
65,"BAT","RCA2",35
65,"divDyn","RCA2",13.3076923076923
65,"fossil","RCA2",14
65,"tabula","RCA2",13
65,"wiqid","RCA2",13
65,"benthos","RHUR_2",1.86615186615186
65,"benthos","RHUR_3",2.62056423306421
65,"divent","RHUR_2",7.47116379149559
65,"divent","RHUR_3",7.55776334372208
65,"entropart","RHUR_2",1.86615186615185
65,"entropart","RHUR_3",2.62056423306421
65,"mobsim","RHUR_2",1.86615186615186
65,"mobsim","RHUR_3",2.62056423306421
65,"tabula","RHUR_2",1.86615186615277
65,"tabula","RHUR_3",2.62056423306457
65,"vegan","RHUR_2",1.86615186615186
65,"vegan","RHUR_3",2.62056423306421
65,"BAT","RICE",35
65,"fossil","RICE",13.5294117647059
65,"tabula","RICE",13
65,"wiqid","RICE",13
65,"BAT","RJA1",15
65,"BiodiversityR","RJA1",13
65,"divent","RJA1",15
65,"entropart","RJA1",15
65,"fossil","RJA1",14.9821428571429
65,"SSP","RJA1",12
65,"tabula","RJA1",2.0449783213584
65,"wiqid","RJA1",15
65,"BAT","RJA2",15
65,"BiodiversityR","RJA2",13
65,"fossil","RJA2",14.9462676962677
65,"SSP","RJA2",12
65,"wiqid","RJA2",15
65,"wiqid","RMM",0
65,"divDyn","RSQ",13.5675027959738
65,"ecodive","RSQ",13.5675027959738
65,"tabula","RSQ",13.5675027959738
66,"abdiv","D1SP",0.868608799048751
66,"ade4","D1SP",0.868608799048752
66,"adiv","D1SP",0.868608799048751
66,"agricolae","D1SP",1
66,"asbio","D1SP",0.868608799048751
66,"BiodiversityR","D1SP",0.8686088
66,"biosampleR","D1SP",0.801630434782609
66,"breakaway","D1SP",0.868608799048751
66,"catsim","D1SP",0.620408163265306
66,"concstats","D1SP",0.974452682380919
66,"CUB","D1SP",0.894156116667832
66,"DescTools","D1SP",0.868608799048752
66,"divent","D1SP",0.868608799048752
66,"diverse","D1SP",0.801630434782609
66,"ecodive","D1SP",0.868608799048751
66,"entropart","D1SP",0.868608799048752
66,"lawstat","D1SP",0.818458417849899
66,"MCPAN","D1SP",-1767
66,"microbiome","D1SP",0.868608799048751
66,"PCRA","D1SP",0.868608799048751
66,"RoughSets","D1SP",0.868608799048751
66,"simboot","D1SP",-1767
66,"sprex","D1SP",0.868608799048751
66,"untb","D1SP",0.87616191904048
66,"vegan","D1SP",0.868608799048751
66,"abdiv","DBRI",2.06052760488776
66,"ecodive","DBRI",2.06052760488776
66,"tabula","DBRI",2.06052760488776
66,"wiqid","DBRI",7.85011047456088
66,"BiodiversityR","DFIS",4.16361582
66,"ecodive","DFIS",4.164
66,"microbiome","DFIS",4.16361582152888
66,"preseqR","DFIS",8.75971026901295
66,"sads","DFIS",4.16360110397308
66,"vegan","DFIS",4.16361582152888
66,"abdiv","DINVSP",7.61085972850679
66,"adiv","DINVSP",7.61085972850679
66,"asbio","DINVSP",7.61085972850679
66,"BiodiversityR","DINVSP",7.61085973
66,"breakaway","DINVSP",7.61085972850679
66,"chemodiv","DINVSP",7.61085972850679
66,"codyn","DINVSP",7.61085972850679
66,"divseg","DINVSP",1.13139120095125
66,"ecodive","DINVSP",7.61085972850679
66,"microbiome","DINVSP",7.61085972850679
66,"sprex","DINVSP",7.61085972850679
66,"vegan","DINVSP",7.61085972850679
66,"asbio","DLMD",24.1591990050456
66,"Compositional","DLMD",0.999958992306093
66,"sads","DLMD",1.61977968272114
66,"vegan","DLMD",26.6813563052085
66,"abdiv","DMC",0.702771448828662
66,"adiv","DMC",0.702771448828662
66,"agricolae","DMC",0.702771448828662
66,"ecodive","DMC",0.702771448828662
66,"forestHES","DMC",0.702771448828662
66,"tabula","DMC",0.702771448828662
66,"abdiv","DMG",2.73477508101605
66,"adiv","DMG",2.73477508101605
66,"agricolae","DMG",7.15248867342659
66,"ecodive","DMG",2.73477508101605
66,"tabula","DMG",2.73477508101605
66,"abdiv","DMN",1.29986736723936
66,"adiv","DMN",1.29986736723936
66,"ecodive","DMN",1.29986736723936
66,"tabula","DMN",1.29986736723936
66,"abdiv","DQ",0
66,"ade4","DRAO",0.868608799048751
66,"BAT","DRAO",0.868608799048752
66,"chemodiv","DRAO",168.055419275279
66,"diverse","DRAO",98.2735622984763
66,"SYNCSA","DRAO",0.868608799048751
66,"abdiv","DSHA",2.24414555990563
66,"adiv","DSHA",2.24414555990563
66,"aqp","DSHA",-419.962145678972
66,"asbio","DSHA",2.24414555990563
66,"benthos","DSHA",0
66,"BiodiversityR","DSHA",2.24414556
66,"biosampleR","DSHA",2.14589226571417
66,"chemodiv","DSHA",2.24414555990563
66,"codyn","DSHA",2.24414555990563
66,"DescTools","DSHA",3.23761767030885
66,"divDyn","DSHA",2.24414555990563
66,"divent","DSHA",2.24414555990563
66,"diverse","DSHA",2.14589226571417
66,"ecodive","DSHA",2.24414555990564
66,"EconGeo","DSHA",3.238
66,"entropart","DSHA",2.33318792246121
66,"forestmangr","DSHA",3.56
66,"HardyWeinberg","DSHA",2.24414555990563
66,"iNEXT","DSHA",2.244
66,"MCPAN","DSHA",2.24414555990563
66,"microbiome","DSHA",2.24414555990563
66,"OTUtable","DSHA",2.24414555990563
66,"pgirmess","DSHA",3.23761767030885
66,"SpiecEasi","DSHA",2.24414555990563
66,"sprex","DSHA",2.24414555990563
66,"tabula","DSHA",2.24414555990563
66,"triversity","DSHA",14
66,"vegan","DSHA",2.24414555990563
66,"wavethresh","DSHA",-10176.8760475646
66,"wiqid","DSHA",8.07506053268765
66,"abdiv","DSP",0.131391200951249
66,"agricolae","DSP",0.131391200951249
66,"antitrust","DSP",1313.91200951248
66,"benthos","DSP",0.12383808095952
66,"breakaway","DSP",0.131391200951249
66,"concstats","DSP",0.131391200951249
66,"DescTools","DSP",0.131391200951249
66,"diverse","DSP",0.193989071038251
66,"divseg","DSP",1.13139120095125
66,"EconGeo","DSP",0.131391200951249
66,"hhi","DSP",0.131391200951249
66,"ineq","DSP",0.131391200951249
66,"microbiome","DSP",0.131391200951249
66,"PDtoolkit","DSP",0.131391200951249
66,"politics","DSP",0.131391200951249
66,"REAT","DSP",0.131391200951249
66,"sprex","DSP",0.131391200951249
66,"tabula","DSP",0.131391200951249
66,"triversity","DSP",0.131391200951249
66,"wiqid","DSP",8.07506053268765
66,"abdiv","EBP",0.21551724137931
66,"agricolae","EBP",0.21551724137931
66,"BiodiversityR","EBP",0.21551724
66,"diverse","EBP",0.396739130434783
66,"dyvDyn","EBP",0.21551724137931
66,"ecodive","EBP",0.21551724137931
66,"microbiome","EBP",0.21551724137931
66,"tabula","EBP",0.21551724137931
66,"triversity","EBP",0.21551724137931
66,"wiqid","EBP",1
66,"tabula","EBRI",0.849220361270617
66,"BAT","EBU",0.595490716180371
66,"microbiome","EBU",0.595490716180371
66,"BAT","ECAM",0.924971580143994
66,"microbiome","ECAM",0.692118226600985
66,"codyn","EEQ",0.176918061722441
66,"adiv","EEVAR",0.456686769945741
66,"codyn","EEVAR",0.442505408046265
66,"microbiome","EEVAR",0.456686769945741
66,"acid","EGIN",0.795073891625616
66,"DescTools","EGIN",0.795073891625616
66,"dplR","EGIN",0.795073891625616
66,"EconGeo","EGIN",0.795
66,"giniVarCI","EGIN",0.795073891625616
66,"ineq","EGIN",0.795073891625616
66,"microbiome","EGIN",0.795073891625615
66,"REAT","EGIN",0.795073891625616
66,"shipunov","EGIN",0.795073891625615
66,"wINEQ","EGIN",0.795073891625616
66,"adiv","EGSP",0.93542486051404
66,"abdiv","EHEI",0.648642517845556
66,"adiv","EHEI",0.648642517845556
66,"benthos","EHURE",0.87616191904048
66,"BiodiversityR","EHURE",0.87616192
66,"mobr","EHURE",0.87616191904048
66,"vegan","EHURE",0.876161919040482
66,"abdiv","EMC",0.407979162211866
66,"tabula","EMC",0.870051912590052
66,"microbiome","EMN",0.396551724137931
66,"abdiv","EPIE",0.85035877573482
66,"adiv","EPIE",0.85035877573482
66,"BiodiversityR","EPIE",0.85035878
66,"breakaway","EPIE",0.85035877573482
66,"chemodiv","EPIE",0.85035877573482
66,"diverse","EPIE",0.757405816337843
66,"forestmangr","EPIE",1
66,"microbiome","EPIE",0.85035877573482
66,"OTUtable","EPIE",0.85035877573482
66,"pctax","EPIE",0.8504
66,"sprex","EPIE",0.85035877573482
66,"tabula","EPIE",0.85035877573482
66,"adiv","ESP",0.543632837750485
66,"codyn","ESP",0.543632837750485
66,"sprex","ESP",0.160296111421831
66,"tabula","ESP",0.543632837750485
66,"abdiv","EST",0.375615763546798
66,"adiv","QHIL_0",14
66,"adiv","QHIL_1",9.43235273199223
66,"adiv","QHIL_2",7.61085972850679
66,"adiv","QHIL_3",6.76684491445027
66,"BAT","QHIL_0",14
66,"BAT","QHIL_1",9.43235273199223
66,"BAT","QHIL_2",7.61085972850679
66,"BAT","QHIL_3",6.76684491445027
66,"benthos","QHIL_0",35
66,"benthos","QHIL_1",9.43235273199223
66,"benthos","QHIL_2",7.61085972850679
66,"benthos","QHIL_3",6.76684491445027
66,"breakaway","QHIL_0",14
66,"breakaway","QHIL_1",9.43235273199223
66,"breakaway","QHIL_2",7.61085972850679
66,"breakaway","QHIL_3",6.76684491445027
66,"chemodiv","QHIL_0",14
66,"chemodiv","QHIL_1",9.43235273199223
66,"chemodiv","QHIL_2",7.61085972850679
66,"chemodiv","QHIL_3",6.76684491445027
66,"divDyn","QHIL_2",7.61085972850679
66,"divent","QHIL_0",14
66,"divent","QHIL_1",9.43235273199223
66,"divent","QHIL_2",7.61085972850679
66,"divent","QHIL_3",6.76684491445029
66,"entropart","QHIL_0",14
66,"entropart","QHIL_1",9.43235273199223
66,"entropart","QHIL_2",7.61085972850679
66,"entropart","QHIL_3",6.76684491445028
66,"EntropyEstimation","QHIL_1",10.0086840476756
66,"EntropyEstimation","QHIL_2",8.07506053268763
66,"EntropyEstimation","QHIL_3",7.23954995425235
66,"extremefit","QHIL",NA
66,"hilldiv","QHIL_0",14
66,"hilldiv","QHIL_1",9.4323802109057
66,"hilldiv","QHIL_2",7.61085972850679
66,"hilldiv","QHIL_3",6.76684491445027
66,"hillR","QHIL_0",14
66,"hillR","QHIL_1",9.43235273199223
66,"hillR","QHIL_2",7.61085972850679
66,"hillR","QHIL_3",6.76684491445027
66,"sprex","QHIL_0",14
66,"sprex","QHIL_1",9.43235273199223
66,"sprex","QHIL_2",7.61085972850679
66,"sprex","QHIL_3",6.76684491445027
66,"vegan","QHIL_0",14
66,"vegan","QHIL_1",9.43235273199223
66,"vegan","QHIL_2",7.61085972850679
66,"vegan","QHIL_3",6.76684491445027
66,"adiv","QREN_0",2.63905732961526
66,"adiv","QREN_1",2.24414555990563
66,"adiv","QREN_2",2.02957613901514
66,"adiv","QREN_3",1.91203493906967
66,"BiodiversityR","QREN_0",2.63905732961526
66,"BiodiversityR","QREN_1",2.24414555990563
66,"BiodiversityR","QREN_2",2.02957613901514
66,"BiodiversityR","QREN_3",1.91203493906967
66,"diverse","QREN_0",2.83321334405622
66,"diverse","QREN_1",2.14589226571417
66,"diverse","QREN_2",1.61762349702054
66,"diverse","QREN_3",1.35723580244184
66,"EntropyEstimation","QREN_1",2.30345312091634
66,"EntropyEstimation","QREN_2",2.08878036538869
66,"EntropyEstimation","QREN_3",1.97955904345068
66,"seewave","QREN_2",0.57085161287185
66,"seewave","QREN_3",0.537791218512612
66,"sprex","QREN_0",2.63905732961526
66,"sprex","QREN_1",2.24414555990563
66,"sprex","QREN_2",2.02957613901514
66,"sprex","QREN_3",1.91203493906967
66,"statcomp","QREN_1",0.631202774269452
66,"statcomp","QREN_2",0.570851602688066
66,"statcomp","QREN_3",0.537791210874774
66,"vegan","QREN_0",2.63905732961526
66,"vegan","QREN_1",2.24414555990563
66,"vegan","QREN_2",2.02957613901514
66,"vegan","QREN_3",1.91203493906967
66,"adiv","QTSA_0",13
66,"adiv","QTSA_1",2.24414555990563
66,"adiv","QTSA_2",0.868608799048751
66,"adiv","QTSA_3",0.489080630612161
66,"divent","QTSA_0",13
66,"divent","QTSA_1",2.24414555990563
66,"divent","QTSA_2",0.868608799048752
66,"divent","QTSA_3",0.489080630612161
66,"entropart","QTSA_0",16
66,"entropart","QTSA_1",2.33318792246121
66,"entropart","QTSA_2",0.875070124916273
66,"entropart","QTSA_3",0.489904740057741
66,"EntropyEstimation","QTSA_1",2.30345312091634
66,"EntropyEstimation","QTSA_2",0.876161919040479
66,"EntropyEstimation","QTSA_3",0.490460033141324
66,"vegan","QTSA_0",13
66,"vegan","QTSA_1",2.24414555990563
66,"vegan","QTSA_2",0.868608799048751
66,"vegan","QTSA_3",0.489080630612161
66,"BAT","RACE",15.9278530089341
66,"ecodive","RACE",15.9278530089341
66,"fossil","RACE",14.8108108108108
66,"pctax","RACE",15.9279
66,"sprex","RACE",121.806879297364
66,"tabula","RACE",15.9278530089341
66,"vegan","RACE",15.9278530089341
66,"wiqid","RACE",15.9278530089341
66,"BiodiversityR","RBOO",14
66,"wiqid","RBOO",35
66,"BAT","RC1",17
66,"BiodiversityR","RC1",14
66,"biosampleR","RC1",17
66,"iNEXT","RC1",16.974
66,"microbiome","RC1",17
66,"pctax","RC1",17
66,"rareNMtests","RC1",14
66,"SpadeR","RC1",14
66,"SSP","RC1",13
66,"vegan","RC1",17
66,"wiqid","RC1",17
66,"BAT","RC1M",17.780612244898
66,"divent","RC1M",16.9741379310345
66,"ecodive","RC1M",Inf
66,"entropart","RC1M",16.9741379310345
66,"fossil","RC1M",17
66,"mobr","RC1M",16.9741379310345
66,"OTUtable","RC1M",Inf
66,"tabula","RC1M",16.9741379310345
66,"wiqid","RC1M",17
66,"BAT","RCA2",35
66,"divDyn","RCA2",16.7857142857143
66,"fossil","RCA2",17
66,"tabula","RCA2",14
66,"wiqid","RCA2",14
66,"benthos","RHUR_2",1.87616191904048
66,"benthos","RHUR_3",2.64756569083883
66,"divent","RHUR_2",8.07506063427289
66,"divent","RHUR_3",8.16470220840152
66,"entropart","RHUR_2",1.87616191904048
66,"entropart","RHUR_3",2.64756569083883
66,"mobsim","RHUR_2",1.87616191904048
66,"mobsim","RHUR_3",2.64756569083883
66,"tabula","RHUR_2",1.87616191904027
66,"tabula","RHUR_3",2.64756569083854
66,"vegan","RHUR_2",1.87616191904048
66,"vegan","RHUR_3",2.64756569083883
66,"BAT","RICE",35
66,"fossil","RICE",14.8108108108108
66,"tabula","RICE",14
66,"wiqid","RICE",14
66,"BAT","RJA1",17
66,"BiodiversityR","RJA1",14
66,"divent","RJA1",17
66,"entropart","RJA1",17
66,"fossil","RJA1",16.9741379310345
66,"SSP","RJA1",13
66,"tabula","RJA1",2.13211496239302
66,"wiqid","RJA1",17
66,"BAT","RJA2",20
66,"BiodiversityR","RJA2",14
66,"fossil","RJA2",19.8448275862069
66,"SSP","RJA2",13
66,"wiqid","RJA2",20
66,"wiqid","RMM",0
66,"divDyn","RSQ",15.1862233487401
66,"ecodive","RSQ",15.1862233487401
66,"tabula","RSQ",15.1862233487401
67,"abdiv","D1SP",0.140907369487557
67,"ade4","D1SP",0.140907369487557
67,"adiv","D1SP",0.140907369487557
67,"agricolae","D1SP",1
67,"asbio","D1SP",0.140907369487557
67,"BiodiversityR","D1SP",0.14090737
67,"biosampleR","D1SP",0.868770004572474
67,"breakaway","D1SP",0.140907369487557
67,"catsim","D1SP",0.308571428571429
67,"concstats","D1SP",0.995855665603307
67,"CUB","D1SP",0.14505170388425
67,"DescTools","D1SP",0.140907369487557
67,"divent","D1SP",0.140907369487557
67,"diverse","D1SP",0.868770004572474
67,"ecodive","D1SP",0.140907369487557
67,"entropart","D1SP",0.140907369487557
67,"lawstat","D1SP",0.99194095051593
67,"MCPAN","D1SP",-524012
67,"microbiome","D1SP",0.140907369487557
67,"PCRA","D1SP",0.140907369487557
67,"RoughSets","D1SP",0.140907369487557
67,"simboot","D1SP",-524012
67,"sprex","D1SP",0.140907369487557
67,"untb","D1SP",0.141088019961259
67,"vegan","D1SP",0.140907369487557
67,"abdiv","DBRI",0.343266516368854
67,"ecodive","DBRI",0.343266516368854
67,"tabula","DBRI",0.343266516368854
67,"wiqid","DBRI",1.40954437851974
67,"BiodiversityR","DFIS",0.88435577
67,"ecodive","DFIS",0.884
67,"microbiome","DFIS",0.884355766446253
67,"preseqR","DFIS",7.54030359674992
67,"sads","DFIS",0.884355292543426
67,"vegan","DFIS",0.884355766446253
67,"abdiv","DINVSP",1.16401883159387
67,"adiv","DINVSP",1.16401883159387
67,"asbio","DINVSP",1.16401883159387
67,"BiodiversityR","DINVSP",1.16401883
67,"breakaway","DINVSP",1.16401883159387
67,"chemodiv","DINVSP",1.16401883159387
67,"codyn","DINVSP",1.16401883159387
67,"divseg","DINVSP",1.85909263051244
67,"ecodive","DINVSP",1.16401883159387
67,"microbiome","DINVSP",1.16401883159387
67,"sprex","DINVSP",1.16401883159387
67,"vegan","DINVSP",1.16401883159387
67,"asbio","DLMD",5.84824955337985
67,"Compositional","DLMD",0.999958992306093
67,"sads","DLMD",2.81810480921096
67,"vegan","DLMD",NA
67,"abdiv","DMC",0.0758413160578267
67,"adiv","DMC",0.0758413160578267
67,"agricolae","DMC",0.0758413160578267
67,"ecodive","DMC",0.0758413160578267
67,"forestHES","DMC",0.0758413160578267
67,"tabula","DMC",0.0758413160578267
67,"abdiv","DMG",0.750685922389202
67,"adiv","DMG",0.750685922389202
67,"agricolae","DMG",5.10466427224657
67,"ecodive","DMG",0.750685922389202
67,"tabula","DMG",0.750685922389202
67,"abdiv","DMN",0.214696880089354
67,"adiv","DMN",0.214696880089354
67,"ecodive","DMN",0.214696880089354
67,"tabula","DMN",0.214696880089354
67,"abdiv","DQ",0
67,"ade4","DRAO",0.140907369487557
67,"BAT","DRAO",0.140907369487557
67,"chemodiv","DRAO",105.926193307686
67,"diverse","DRAO",57.1191663310237
67,"SYNCSA","DRAO",0.140907369487557
67,"abdiv","DSHA",0.355800693368708
67,"adiv","DSHA",0.355800693368708
67,"aqp","DSHA",-7103.87200381606
67,"asbio","DSHA",0.355800693368708
67,"benthos","DSHA",0
67,"BiodiversityR","DSHA",0.35580069
67,"biosampleR","DSHA",2.28188850040498
67,"chemodiv","DSHA",0.355800693368708
67,"codyn","DSHA",0.355800693368708
67,"DescTools","DSHA",0.51331189586789
67,"divDyn","DSHA",0.355800693368708
67,"divent","DSHA",0.355800693368708
67,"diverse","DSHA",2.28188850040498
67,"ecodive","DSHA",0.355800693368708
67,"EconGeo","DSHA",0.513
67,"entropart","DSHA",0.355800693368708
67,"forestmangr","DSHA",3.56
67,"HardyWeinberg","DSHA",0.355800693368708
67,"iNEXT","DSHA",0.356
67,"MCPAN","DSHA",0.355800693368708
67,"microbiome","DSHA",0.355800693368708
67,"OTUtable","DSHA",0.355800693368708
67,"pgirmess","DSHA",0.51331189586789
67,"SpiecEasi","DSHA",0.355800693368708
67,"sprex","DSHA",0.355800693368708
67,"tabula","DSHA",0.355800693368708
67,"triversity","DSHA",6
67,"vegan","DSHA",0.355800693368708
67,"wavethresh","DSHA",-6891128.35833991
67,"wiqid","DSHA",1.16426365359917
67,"abdiv","DSP",0.859092630512443
67,"agricolae","DSP",0.859092630512443
67,"antitrust","DSP",8590.92630512443
67,"benthos","DSP",0.858911980038741
67,"breakaway","DSP",0.859092630512443
67,"concstats","DSP",0.859092630512443
67,"DescTools","DSP",0.859092630512443
67,"diverse","DSP",0.125833908442604
67,"divseg","DSP",1.85909263051244
67,"EconGeo","DSP",0.859092630512443
67,"hhi","DSP",0.859092630512443
67,"ineq","DSP",0.859092630512443
67,"microbiome","DSP",0.859092630512443
67,"PDtoolkit","DSP",0.859092630512443
67,"politics","DSP",0.859092630512443
67,"REAT","DSP",0.859092630512443
67,"sprex","DSP",0.859092630512443
67,"tabula","DSP",0.859092630512443
67,"triversity","DSP",0.859092630512443
67,"wiqid","DSP",1.16426365359917
67,"abdiv","EBP",0.925736235595391
67,"agricolae","EBP",0.925736235595391
67,"BiodiversityR","EBP",0.92573624
67,"diverse","EBP",0.228395061728395
67,"dyvDyn","EBP",0.925736235595391
67,"ecodive","EBP",0.925736235595391
67,"microbiome","EBP",0.925736235595391
67,"tabula","EBP",0.925736235595391
67,"triversity","EBP",0.925736235595391
67,"wiqid","EBP",1
67,"tabula","EBRI",0.193779392439093
67,"BAT","EBU",0.0891165172855314
67,"microbiome","EBU",0.0891165172855314
67,"BAT","ECAM",0.684933845497226
67,"microbiome","ECAM",0.993811352966283
67,"codyn","EEQ",0.0876136679816985
67,"adiv","EEVAR",0.180582848811189
67,"codyn","EEVAR",0.156005220116062
67,"microbiome","EEVAR",0.18058284881119
67,"acid","EGIN",0.963599780501189
67,"DescTools","EGIN",0.963599780501189
67,"dplR","EGIN",0.963599780501189
67,"EconGeo","EGIN",0.964
67,"giniVarCI","EGIN",0.963599780501189
67,"ineq","EGIN",0.963599780501189
67,"microbiome","EGIN",0.963599780501189
67,"REAT","EGIN",0.963599780501189
67,"shipunov","EGIN",0.963599780501189
67,"wINEQ","EGIN",0.963599780501189
67,"adiv","EGSP",0.169088843385069
67,"abdiv","EHEI",0.0854646089930464
67,"adiv","EHEI",0.0854646089930464
67,"benthos","EHURE",0.141088019961259
67,"BiodiversityR","EHURE",0.14108802
67,"mobr","EHURE",0.141088019961259
67,"vegan","EHURE",0.141088019961236
67,"abdiv","EMC",0.932840743436811
67,"tabula","EMC",0.12357801291114
67,"microbiome","EMN",0.967989756722151
67,"abdiv","EPIE",0.198576147903378
67,"adiv","EPIE",0.198576147903378
67,"BiodiversityR","EPIE",0.19857615
67,"breakaway","EPIE",0.198576147903378
67,"chemodiv","EPIE",0.198576147903378
67,"diverse","EPIE",0.823017305848953
67,"forestmangr","EPIE",1
67,"microbiome","EPIE",0.198576147903378
67,"OTUtable","EPIE",0.198576147903378
67,"pctax","EPIE",0.1986
67,"sprex","EPIE",0.198576147903378
67,"tabula","EPIE",0.198576147903378
67,"adiv","ESP",0.194003138598979
67,"codyn","ESP",0.194003138598979
67,"sprex","ESP",0.0593001155614513
67,"tabula","ESP",0.194003138598979
67,"abdiv","EST",0.759069568928724
67,"adiv","QHIL_0",6
67,"adiv","QHIL_1",1.42732304496523
67,"adiv","QHIL_2",1.16401883159387
67,"adiv","QHIL_3",1.12265791786566
67,"BAT","QHIL_0",6
67,"BAT","QHIL_1",1.42732304496523
67,"BAT","QHIL_2",1.16401883159387
67,"BAT","QHIL_3",1.12265791786566
67,"benthos","QHIL_0",35
67,"benthos","QHIL_1",1.42732304496523
67,"benthos","QHIL_2",1.16401883159387
67,"benthos","QHIL_3",1.12265791786566
67,"breakaway","QHIL_0",6
67,"breakaway","QHIL_1",1.42732304496523
67,"breakaway","QHIL_2",1.16401883159387
67,"breakaway","QHIL_3",1.12265791786566
67,"chemodiv","QHIL_0",6
67,"chemodiv","QHIL_1",1.42732304496523
67,"chemodiv","QHIL_2",1.16401883159387
67,"chemodiv","QHIL_3",1.12265791786566
67,"divDyn","QHIL_2",1.16401883159387
67,"divent","QHIL_0",6
67,"divent","QHIL_1",1.42732304496523
67,"divent","QHIL_2",1.16401883159387
67,"divent","QHIL_3",1.12265791786566
67,"entropart","QHIL_0",6
67,"entropart","QHIL_1",1.42732304496523
67,"entropart","QHIL_2",1.16401883159387
67,"entropart","QHIL_3",1.12265791786566
67,"EntropyEstimation","QHIL_1",1.43202792596475
67,"EntropyEstimation","QHIL_2",1.16426365359917
67,"EntropyEstimation","QHIL_3",1.12283662798239
67,"extremefit","QHIL",NA
67,"hilldiv","QHIL_0",6
67,"hilldiv","QHIL_1",1.42733031290415
67,"hilldiv","QHIL_2",1.16401883159387
67,"hilldiv","QHIL_3",1.12265791786566
67,"hillR","QHIL_0",6
67,"hillR","QHIL_1",1.42732304496523
67,"hillR","QHIL_2",1.16401883159387
67,"hillR","QHIL_3",1.12265791786566
67,"sprex","QHIL_0",6
67,"sprex","QHIL_1",1.42732304496523
67,"sprex","QHIL_2",1.16401883159387
67,"sprex","QHIL_3",1.12265791786566
67,"vegan","QHIL_0",6
67,"vegan","QHIL_1",1.42732304496523
67,"vegan","QHIL_2",1.16401883159387
67,"vegan","QHIL_3",1.12265791786566
67,"adiv","QREN_0",1.79175946922805
67,"adiv","QREN_1",0.355800693368708
67,"adiv","QREN_2",0.151878527523629
67,"adiv","QREN_3",0.115699014806599
67,"BiodiversityR","QREN_0",1.79175946922805
67,"BiodiversityR","QREN_1",0.355800693368708
67,"BiodiversityR","QREN_2",0.151878527523629
67,"BiodiversityR","QREN_3",0.115699014806599
67,"diverse","QREN_0",2.77258872223978
67,"diverse","QREN_1",2.28188850040498
67,"diverse","QREN_2",2.03080380491715
67,"diverse","QREN_3",1.90477492644679
67,"EntropyEstimation","QREN_1",0.359091569720334
67,"EntropyEstimation","QREN_2",0.15208883018901
67,"EntropyEstimation","QREN_3",0.115858186974208
67,"seewave","QREN_2",0.0427183308984889
67,"seewave","QREN_3",0.0325422485718354
67,"sprex","QREN_0",1.79175946922805
67,"sprex","QREN_1",0.355800693368708
67,"sprex","QREN_2",0.151878527523629
67,"sprex","QREN_3",0.115699014806599
67,"statcomp","QREN_1",0.100074785144849
67,"statcomp","QREN_2",0.0427183288096986
67,"statcomp","QREN_3",0.0325422470052427
67,"vegan","QREN_0",1.79175946922805
67,"vegan","QREN_1",0.355800693368708
67,"vegan","QREN_2",0.151878527523629
67,"vegan","QREN_3",0.115699014806599
67,"adiv","QTSA_0",5
67,"adiv","QTSA_1",0.355800693368708
67,"adiv","QTSA_2",0.140907369487557
67,"adiv","QTSA_3",0.103288201455318
67,"divent","QTSA_0",5
67,"divent","QTSA_1",0.355800693368708
67,"divent","QTSA_2",0.140907369487557
67,"divent","QTSA_3",0.103288201455318
67,"entropart","QTSA_0",5
67,"entropart","QTSA_1",0.355800693368708
67,"entropart","QTSA_2",0.140907369487557
67,"entropart","QTSA_3",0.103288201455318
67,"EntropyEstimation","QTSA_1",0.359091569720334
67,"EntropyEstimation","QTSA_2",0.141088019961259
67,"EntropyEstimation","QTSA_3",0.103414472309227
67,"vegan","QTSA_0",5
67,"vegan","QTSA_1",0.355800693368708
67,"vegan","QTSA_2",0.140907369487557
67,"vegan","QTSA_3",0.103288201455318
67,"BAT","RACE",6
67,"ecodive","RACE",6
67,"fossil","RACE",6
67,"pctax","RACE",6
67,"sprex","RACE",785.073766318063
67,"tabula","RACE",6
67,"vegan","RACE",6
67,"wiqid","RACE",6
67,"BiodiversityR","RBOO",6
67,"wiqid","RBOO",35
67,"BAT","RC1",6
67,"BiodiversityR","RC1",6
67,"biosampleR","RC1",16.5
67,"iNEXT","RC1",6
67,"microbiome","RC1",6
67,"pctax","RC1",6
67,"rareNMtests","RC1",6
67,"SpadeR","RC1",6
67,"SSP","RC1",5
67,"vegan","RC1",6
67,"wiqid","RC1",6
67,"BAT","RC1M",6
67,"divent","RC1M",6
67,"ecodive","RC1M",NA
67,"entropart","RC1M",6
67,"fossil","RC1M",6
67,"mobr","RC1M",6
67,"OTUtable","RC1M",NA
67,"tabula","RC1M",6
67,"wiqid","RC1M",6
67,"BAT","RCA2",35
67,"divDyn","RCA2",6
67,"fossil","RCA2",6
67,"tabula","RCA2",6
67,"wiqid","RCA2",6
67,"benthos","RHUR_2",1.14108801996124
67,"benthos","RHUR_3",1.21643511526531
67,"divent","RHUR_2",1.16428617530736
67,"divent","RHUR_3",1.22393156951352
67,"entropart","RHUR_2",1.14108801996124
67,"entropart","RHUR_3",1.21643511526531
67,"mobsim","RHUR_2",1.14108801996124
67,"mobsim","RHUR_3",1.21643511526531
67,"tabula","RHUR_2",1.14108820810609
67,"tabula","RHUR_3",1.216435120626
67,"vegan","RHUR_2",1.14108801996124
67,"vegan","RHUR_3",1.21643511526531
67,"BAT","RICE",35
67,"fossil","RICE",6
67,"tabula","RICE",6
67,"wiqid","RICE",6
67,"BAT","RJA1",6
67,"BiodiversityR","RJA1",6
67,"divent","RJA1",6
67,"entropart","RJA1",6
67,"fossil","RJA1",6
67,"SSP","RJA1",5
67,"tabula","RJA1",0.188734393782713
67,"wiqid","RJA1",6
67,"BAT","RJA2",6
67,"BiodiversityR","RJA2",6
67,"fossil","RJA2",6
67,"SSP","RJA2",5
67,"wiqid","RJA2",6
67,"wiqid","RMM",0
67,"divDyn","RSQ",6
67,"ecodive","RSQ",6
67,"tabula","RSQ",6
68,"abdiv","D1SP",0.836295755214674
68,"ade4","D1SP",0.836295755214674
68,"adiv","D1SP",0.836295755214674
68,"agricolae","D1SP",1
68,"asbio","D1SP",0.836295755214674
68,"BiodiversityR","D1SP",0.83629576
68,"biosampleR","D1SP",0.892152175397855
68,"breakaway","D1SP",0.836295755214674
68,"catsim","D1SP",0.582857142857143
68,"concstats","D1SP",0.975403066023098
68,"CUB","D1SP",0.860892689191576
68,"DescTools","D1SP",0.836295755214674
68,"divent","D1SP",0.836295755214674
68,"diverse","D1SP",0.892152175397855
68,"ecodive","D1SP",0.836295755214674
68,"entropart","D1SP",0.836295755214674
68,"lawstat","D1SP",0.846316905140435
68,"MCPAN","D1SP",-2016
68,"microbiome","D1SP",0.836295755214674
68,"PCRA","D1SP",0.836295755214674
68,"RoughSets","D1SP",0.836295755214674
68,"simboot","D1SP",-2016
68,"sprex","D1SP",0.836295755214674
68,"untb","D1SP",0.843898443898444
68,"vegan","D1SP",0.836295755214674
68,"abdiv","DBRI",1.92114198837608
68,"ecodive","DBRI",1.92114198837608
68,"tabula","DBRI",1.92114198837608
68,"wiqid","DBRI",6.8287523740037
68,"BiodiversityR","DFIS",3.82001542
68,"ecodive","DFIS",3.82
68,"microbiome","DFIS",3.82001541600387
68,"preseqR","DFIS",8.62517948252604
68,"sads","DFIS",3.82004110574116
68,"vegan","DFIS",3.82001541600387
68,"abdiv","DINVSP",6.10857709469509
68,"adiv","DINVSP",6.10857709469509
68,"asbio","DINVSP",6.10857709469509
68,"BiodiversityR","DINVSP",6.10857709
68,"breakaway","DINVSP",6.10857709469509
68,"chemodiv","DINVSP",6.10857709469509
68,"codyn","DINVSP",6.10857709469509
68,"divseg","DINVSP",1.16370424478533
68,"ecodive","DINVSP",6.10857709469509
68,"microbiome","DINVSP",6.10857709469509
68,"sprex","DINVSP",6.10857709469509
68,"vegan","DINVSP",6.10857709469509
68,"asbio","DLMD",21.3486541205407
68,"Compositional","DLMD",0.999958992306093
68,"sads","DLMD",1.62350995522734
68,"vegan","DLMD",13.7981229288231
68,"abdiv","DMC",0.657835135776892
68,"adiv","DMC",0.657835135776892
68,"agricolae","DMC",0.657835135776892
68,"ecodive","DMC",0.657835135776892
68,"forestHES","DMC",0.657835135776892
68,"tabula","DMC",0.657835135776892
68,"abdiv","DMG",2.54802485323401
68,"adiv","DMG",2.54802485323401
68,"agricolae","DMG",7.2194037508297
68,"ecodive","DMG",2.54802485323401
68,"tabula","DMG",2.54802485323401
68,"abdiv","DMN",1.23390539447825
68,"adiv","DMN",1.23390539447825
68,"ecodive","DMN",1.23390539447825
68,"tabula","DMN",1.23390539447825
68,"abdiv","DQ",0
68,"ade4","DRAO",0.836295755214674
68,"BAT","DRAO",0.836295755214673
68,"chemodiv","DRAO",371.098798707256
68,"diverse","DRAO",160.08207119457
68,"SYNCSA","DRAO",0.836295755214674
68,"abdiv","DSHA",2.09739881684649
68,"adiv","DSHA",2.09739881684649
68,"aqp","DSHA",-418.304498391641
68,"asbio","DSHA",2.09739881684649
68,"benthos","DSHA",0
68,"BiodiversityR","DSHA",2.09739882
68,"biosampleR","DSHA",2.39096483468519
68,"chemodiv","DSHA",2.09739881684649
68,"codyn","DSHA",2.09739881684649
68,"DescTools","DSHA",3.02590687183082
68,"divDyn","DSHA",2.09739881684649
68,"divent","DSHA",2.09739881684649
68,"diverse","DSHA",2.39096483468519
68,"ecodive","DSHA",2.09739881684649
68,"EconGeo","DSHA",3.026
68,"entropart","DSHA",2.16080388093522
68,"forestmangr","DSHA",3.56
68,"HardyWeinberg","DSHA",2.09739881684649
68,"iNEXT","DSHA",2.097
68,"MCPAN","DSHA",2.09739881684649
68,"microbiome","DSHA",2.09739881684649
68,"OTUtable","DSHA",2.09739881684649
68,"pgirmess","DSHA",3.02590687183082
68,"SpiecEasi","DSHA",2.09739881684649
68,"sprex","DSHA",2.09739881684649
68,"tabula","DSHA",2.09739881684649
68,"triversity","DSHA",13
68,"vegan","DSHA",2.09739881684649
68,"wavethresh","DSHA",-12526.6712989094
68,"wiqid","DSHA",6.40608604407135
68,"abdiv","DSP",0.163704244785326
68,"agricolae","DSP",0.163704244785326
68,"antitrust","DSP",1637.04244785326
68,"benthos","DSP",0.156101556101556
68,"breakaway","DSP",0.163704244785326
68,"concstats","DSP",0.163704244785326
68,"DescTools","DSP",0.163704244785326
68,"diverse","DSP",0.100413223140496
68,"divseg","DSP",1.16370424478533
68,"EconGeo","DSP",0.163704244785326
68,"hhi","DSP",0.163704244785326
68,"ineq","DSP",0.163704244785326
68,"microbiome","DSP",0.163704244785326
68,"PDtoolkit","DSP",0.163704244785326
68,"politics","DSP",0.163704244785326
68,"REAT","DSP",0.163704244785326
68,"sprex","DSP",0.163704244785326
68,"tabula","DSP",0.163704244785326
68,"triversity","DSP",0.163704244785326
68,"wiqid","DSP",6.40608604407135
68,"abdiv","EBP",0.288288288288288
68,"agricolae","EBP",0.288288288288288
68,"BiodiversityR","EBP",0.28828829
68,"diverse","EBP",0.190082644628099
68,"dyvDyn","EBP",0.288288288288288
68,"ecodive","EBP",0.288288288288288
68,"microbiome","EBP",0.288288288288288
68,"tabula","EBP",0.288288288288288
68,"triversity","EBP",0.288288288288288
68,"wiqid","EBP",1
68,"tabula","EBRI",0.814565932686182
68,"BAT","EBU",0.552552552552553
68,"microbiome","EBU",0.552552552552553
68,"BAT","ECAM",0.913143913143913
68,"microbiome","ECAM",0.740817740817741
68,"codyn","EEQ",0.174529907616454
68,"adiv","EEVAR",0.478659520745098
68,"codyn","EEVAR",0.462479341419537
68,"microbiome","EEVAR",0.478659520745098
68,"acid","EGIN",0.822136422136422
68,"DescTools","EGIN",0.822136422136422
68,"dplR","EGIN",0.822136422136422
68,"EconGeo","EGIN",0.822
68,"giniVarCI","EGIN",0.822136422136422
68,"ineq","EGIN",0.822136422136422
68,"microbiome","EGIN",0.822136422136422
68,"REAT","EGIN",0.822136422136422
68,"shipunov","EGIN",0.822136422136422
68,"wINEQ","EGIN",0.822136422136422
68,"adiv","EGSP",0.90598706814923
68,"abdiv","EHEI",0.595412984317055
68,"adiv","EHEI",0.595412984317055
68,"benthos","EHURE",0.843898443898444
68,"BiodiversityR","EHURE",0.84389844
68,"mobr","EHURE",0.843898443898444
68,"vegan","EHURE",0.84389844389844
68,"abdiv","EMC",0.453369238661779
68,"tabula","EMC",0.823906827249136
68,"microbiome","EMN",0.486486486486487
68,"abdiv","EPIE",0.817715488512504
68,"adiv","EPIE",0.817715488512504
68,"BiodiversityR","EPIE",0.81771549
68,"breakaway","EPIE",0.817715488512504
68,"chemodiv","EPIE",0.817715488512504
68,"diverse","EPIE",0.882910085533877
68,"forestmangr","EPIE",1
68,"microbiome","EPIE",0.817715488512504
68,"OTUtable","EPIE",0.817715488512504
68,"pctax","EPIE",0.8177
68,"sprex","EPIE",0.817715488512504
68,"tabula","EPIE",0.817715488512504
68,"adiv","ESP",0.469890545745776
68,"codyn","ESP",0.469890545745776
68,"sprex","ESP",0.161338370526653
68,"tabula","ESP",0.469890545745776
68,"abdiv","EST",0.413028413028413
68,"adiv","QHIL_0",13
68,"adiv","QHIL_1",8.14495581180466
68,"adiv","QHIL_2",6.10857709469509
68,"adiv","QHIL_3",5.24093826271514
68,"BAT","QHIL_0",13
68,"BAT","QHIL_1",8.14495581180466
68,"BAT","QHIL_2",6.10857709469509
68,"BAT","QHIL_3",5.24093826271514
68,"benthos","QHIL_0",35
68,"benthos","QHIL_1",8.14495581180466
68,"benthos","QHIL_2",6.10857709469509
68,"benthos","QHIL_3",5.24093826271514
68,"breakaway","QHIL_0",13
68,"breakaway","QHIL_1",8.14495581180466
68,"breakaway","QHIL_2",6.10857709469509
68,"breakaway","QHIL_3",5.24093826271514
68,"chemodiv","QHIL_0",13
68,"chemodiv","QHIL_1",8.14495581180466
68,"chemodiv","QHIL_2",6.10857709469509
68,"chemodiv","QHIL_3",5.24093826271514
68,"divDyn","QHIL_2",6.10857709469509
68,"divent","QHIL_0",13
68,"divent","QHIL_1",8.14495581180466
68,"divent","QHIL_2",6.10857709469509
68,"divent","QHIL_3",5.24093826271514
68,"entropart","QHIL_0",13
68,"entropart","QHIL_1",8.14495581180466
68,"entropart","QHIL_2",6.10857709469509
68,"entropart","QHIL_3",5.24093826271514
68,"EntropyEstimation","QHIL_1",8.62298394831609
68,"EntropyEstimation","QHIL_2",6.40608604407136
68,"EntropyEstimation","QHIL_3",5.50214916383093
68,"extremefit","QHIL",NA
68,"hilldiv","QHIL_0",13
68,"hilldiv","QHIL_1",8.14498700991922
68,"hilldiv","QHIL_2",6.10857709469509
68,"hilldiv","QHIL_3",5.24093826271514
68,"hillR","QHIL_0",13
68,"hillR","QHIL_1",8.14495581180466
68,"hillR","QHIL_2",6.10857709469509
68,"hillR","QHIL_3",5.24093826271514
68,"sprex","QHIL_0",13
68,"sprex","QHIL_1",8.14495581180466
68,"sprex","QHIL_2",6.10857709469509
68,"sprex","QHIL_3",5.24093826271514
68,"vegan","QHIL_0",13
68,"vegan","QHIL_1",8.14495581180466
68,"vegan","QHIL_2",6.10857709469509
68,"vegan","QHIL_3",5.24093826271514
68,"adiv","QREN_0",2.56494935746154
68,"adiv","QREN_1",2.09739881684649
68,"adiv","QREN_2",1.80969386467046
68,"adiv","QREN_3",1.65650054007409
68,"BiodiversityR","QREN_0",2.56494935746154
68,"BiodiversityR","QREN_1",2.09739881684649
68,"BiodiversityR","QREN_2",1.80969386467046
68,"BiodiversityR","QREN_3",1.65650054007409
68,"diverse","QREN_0",2.70805020110221
68,"diverse","QREN_1",2.39096483468519
68,"diverse","QREN_2",2.22703407693784
68,"diverse","QREN_3",2.1256525930767
68,"EntropyEstimation","QREN_1",2.154431190472
68,"EntropyEstimation","QREN_2",1.8572484828906
68,"EntropyEstimation","QREN_3",1.70513877297294
68,"seewave","QREN_2",0.509006115016479
68,"seewave","QREN_3",0.465917975161586
68,"sprex","QREN_0",2.56494935746154
68,"sprex","QREN_1",2.09739881684649
68,"sprex","QREN_2",1.80969386467046
68,"sprex","QREN_3",1.65650054007409
68,"statcomp","QREN_1",0.589927844073823
68,"statcomp","QREN_2",0.50900610386718
68,"statcomp","QREN_3",0.465917966799611
68,"vegan","QREN_0",2.56494935746154
68,"vegan","QREN_1",2.09739881684649
68,"vegan","QREN_2",1.80969386467046
68,"vegan","QREN_3",1.65650054007409
68,"adiv","QTSA_0",12
68,"adiv","QTSA_1",2.09739881684649
68,"adiv","QTSA_2",0.836295755214674
68,"adiv","QTSA_3",0.481796624966822
68,"divent","QTSA_0",12
68,"divent","QTSA_1",2.09739881684649
68,"divent","QTSA_2",0.836295755214674
68,"divent","QTSA_3",0.481796624966822
68,"entropart","QTSA_0",14
68,"entropart","QTSA_1",2.16080388093522
68,"entropart","QTSA_2",0.84195530358108
68,"entropart","QTSA_3",0.482762212913432
68,"EntropyEstimation","QTSA_1",2.154431190472
68,"EntropyEstimation","QTSA_2",0.843898443898444
68,"EntropyEstimation","QTSA_3",0.483483984401416
68,"vegan","QTSA_0",12
68,"vegan","QTSA_1",2.09739881684649
68,"vegan","QTSA_2",0.836295755214674
68,"vegan","QTSA_3",0.481796624966822
68,"BAT","RACE",13.9780524184956
68,"ecodive","RACE",13.9780524184956
68,"fossil","RACE",13.5263157894737
68,"pctax","RACE",13.9781
68,"sprex","RACE",114.171334224842
68,"tabula","RACE",13.9780524184956
68,"vegan","RACE",13.9780524184956
68,"wiqid","RACE",13.9780524184956
68,"BiodiversityR","RBOO",13
68,"wiqid","RBOO",35
68,"BAT","RC1",14
68,"BiodiversityR","RC1",13
68,"biosampleR","RC1",16.5
68,"iNEXT","RC1",13.991
68,"microbiome","RC1",14
68,"pctax","RC1",14
68,"rareNMtests","RC1",13
68,"SpadeR","RC1",13
68,"SSP","RC1",12
68,"vegan","RC1",14
68,"wiqid","RC1",14
68,"BAT","RC1M",14.3313609467456
68,"divent","RC1M",13.990990990991
68,"ecodive","RC1M",Inf
68,"entropart","RC1M",13.990990990991
68,"fossil","RC1M",14
68,"mobr","RC1M",13.990990990991
68,"OTUtable","RC1M",Inf
68,"tabula","RC1M",13.990990990991
68,"wiqid","RC1M",14
68,"BAT","RCA2",35
68,"divDyn","RCA2",13.9230769230769
68,"fossil","RCA2",14
68,"tabula","RCA2",13
68,"wiqid","RCA2",13
68,"benthos","RHUR_2",1.84389844389844
68,"benthos","RHUR_3",2.56472736289255
68,"divent","RHUR_2",6.40607032007173
68,"divent","RHUR_3",6.54101342018521
68,"entropart","RHUR_2",1.84389844389844
68,"entropart","RHUR_3",2.56472736289255
68,"mobsim","RHUR_2",1.84389844389844
68,"mobsim","RHUR_3",2.56472736289255
68,"tabula","RHUR_2",1.84389844389768
68,"tabula","RHUR_3",2.56472736289231
68,"vegan","RHUR_2",1.84389844389844
68,"vegan","RHUR_3",2.56472736289255
68,"BAT","RICE",35
68,"fossil","RICE",13.5263157894737
68,"tabula","RICE",13
68,"wiqid","RICE",13
68,"BAT","RJA1",15
68,"BiodiversityR","RJA1",13
68,"divent","RJA1",15
68,"entropart","RJA1",15
68,"fossil","RJA1",14.981981981982
68,"SSP","RJA1",12
68,"tabula","RJA1",1.97114630538966
68,"wiqid","RJA1",15
68,"BAT","RJA2",17
68,"BiodiversityR","RJA2",13
68,"fossil","RJA2",16.8918918918919
68,"SSP","RJA2",12
68,"wiqid","RJA2",17
68,"wiqid","RMM",0
68,"divDyn","RSQ",13.6562017080114
68,"ecodive","RSQ",13.6562017080114
68,"tabula","RSQ",13.6562017080114
69,"abdiv","D1SP",0.801630434782609
69,"ade4","D1SP",0.801630434782609
69,"adiv","D1SP",0.801630434782609
69,"agricolae","D1SP",1
69,"asbio","D1SP",0.801630434782609
69,"BiodiversityR","D1SP",0.80163043
69,"biosampleR","D1SP",0.887755102040816
69,"breakaway","D1SP",0.801630434782609
69,"catsim","D1SP",0.698775510204082
69,"concstats","D1SP",0.9764226342711
69,"CUB","D1SP",0.825207800511509
69,"DescTools","D1SP",0.801630434782609
69,"divent","D1SP",0.801630434782609
69,"diverse","D1SP",0.887755102040816
69,"ecodive","D1SP",0.801630434782609
69,"entropart","D1SP",0.801630434782609
69,"lawstat","D1SP",0.82193094629156
69,"MCPAN","D1SP",-6715
69,"microbiome","D1SP",0.801630434782609
69,"PCRA","D1SP",0.801630434782609
69,"RoughSets","D1SP",0.801630434782609
69,"simboot","D1SP",-6715
69,"sprex","D1SP",0.801630434782609
69,"untb","D1SP",0.806010928961749
69,"vegan","D1SP",0.801630434782609
69,"abdiv","DBRI",1.99631628855763
69,"ecodive","DBRI",1.99631628855763
69,"tabula","DBRI",1.99631628855763
69,"wiqid","DBRI",7.361887020676
69,"BiodiversityR","DFIS",4.5699279
69,"ecodive","DFIS",4.57
69,"microbiome","DFIS",4.56992790416539
69,"preseqR","DFIS",7.21171223292556
69,"sads","DFIS",4.56992750828561
69,"vegan","DFIS",4.56992790416539
69,"abdiv","DINVSP",5.04109589041096
69,"adiv","DINVSP",5.04109589041096
69,"asbio","DINVSP",5.04109589041096
69,"BiodiversityR","DINVSP",5.04109589
69,"breakaway","DINVSP",5.04109589041096
69,"chemodiv","DINVSP",5.04109589041096
69,"codyn","DINVSP",5.04109589041096
69,"divseg","DINVSP",1.19836956521739
69,"ecodive","DINVSP",5.04109589041096
69,"microbiome","DINVSP",5.04109589041096
69,"sprex","DINVSP",5.04109589041096
69,"vegan","DINVSP",5.04109589041096
69,"asbio","DLMD",21.9900097241543
69,"Compositional","DLMD",0.999958992306093
69,"sads","DLMD",1.77588795750465
69,"vegan","DLMD",21.9978468383703
69,"abdiv","DMC",0.598753726695419
69,"adiv","DMC",0.598753726695419
69,"agricolae","DMC",0.598753726695419
69,"ecodive","DMC",0.598753726695419
69,"forestHES","DMC",0.598753726695419
69,"tabula","DMC",0.598753726695419
69,"abdiv","DMG",3.06811066208338
69,"adiv","DMG",3.06811066208338
69,"agricolae","DMG",6.51973515692718
69,"ecodive","DMG",3.06811066208338
69,"tabula","DMG",3.06811066208338
69,"abdiv","DMN",1.25325662731663
69,"adiv","DMN",1.25325662731663
69,"ecodive","DMN",1.25325662731663
69,"tabula","DMN",1.25325662731663
69,"abdiv","DQ",6.68067845080676
69,"ade4","DRAO",0.801630434782609
69,"BAT","DRAO",0.80163043478261
69,"chemodiv","DRAO",196.547124596953
69,"diverse","DRAO",57.7710253436871
69,"SYNCSA","DRAO",0.801630434782609
69,"abdiv","DSHA",2.14589226571417
69,"adiv","DSHA",2.14589226571417
69,"aqp","DSHA",-814.695663989373
69,"asbio","DSHA",2.14589226571417
69,"benthos","DSHA",0
69,"BiodiversityR","DSHA",2.14589227
69,"biosampleR","DSHA",2.53987142731388
69,"chemodiv","DSHA",2.14589226571417
69,"codyn","DSHA",2.14589226571417
69,"DescTools","DSHA",3.09586813002781
69,"divDyn","DSHA",2.14589226571417
69,"divent","DSHA",2.14589226571417
69,"diverse","DSHA",2.53987142731388
69,"ecodive","DSHA",2.14589226571417
69,"EconGeo","DSHA",3.096
69,"entropart","DSHA",2.14589226571417
69,"forestmangr","DSHA",3.56
69,"HardyWeinberg","DSHA",2.14589226571417
69,"iNEXT","DSHA",2.146
69,"MCPAN","DSHA",2.14589226571417
69,"microbiome","DSHA",2.14589226571417
69,"OTUtable","DSHA",2.14589226571417
69,"pgirmess","DSHA",3.09586813002781
69,"SpiecEasi","DSHA",2.14589226571417
69,"sprex","DSHA",2.14589226571417
69,"tabula","DSHA",2.14589226571417
69,"triversity","DSHA",17
69,"vegan","DSHA",2.14589226571417
69,"wavethresh","DSHA",-53293.9883626084
69,"wiqid","DSHA",5.15492957746479
69,"abdiv","DSP",0.198369565217391
69,"agricolae","DSP",0.198369565217391
69,"antitrust","DSP",1983.69565217391
69,"benthos","DSP",0.193989071038251
69,"breakaway","DSP",0.198369565217391
69,"concstats","DSP",0.198369565217391
69,"DescTools","DSP",0.198369565217391
69,"diverse","DSP",0.105142857142857
69,"divseg","DSP",1.19836956521739
69,"EconGeo","DSP",0.198369565217391
69,"hhi","DSP",0.198369565217391
69,"ineq","DSP",0.198369565217391
69,"microbiome","DSP",0.198369565217391
69,"PDtoolkit","DSP",0.198369565217391
69,"politics","DSP",0.198369565217391
69,"REAT","DSP",0.198369565217391
69,"sprex","DSP",0.198369565217391
69,"tabula","DSP",0.198369565217391
69,"triversity","DSP",0.198369565217391
69,"wiqid","DSP",5.15492957746479
69,"abdiv","EBP",0.396739130434783
69,"agricolae","EBP",0.396739130434783
69,"BiodiversityR","EBP",0.39673913
69,"diverse","EBP",0.206349206349206
69,"dyvDyn","EBP",0.396739130434783
69,"ecodive","EBP",0.396739130434783
69,"microbiome","EBP",0.396739130434783
69,"tabula","EBP",0.396739130434783
69,"triversity","EBP",0.396739130434783
69,"wiqid","EBP",1
69,"tabula","EBRI",0.751585905387564
69,"BAT","EBU",0.504076086956522
69,"microbiome","EBU",0.504076086956522
69,"BAT","ECAM",0.926870204603581
69,"microbiome","ECAM",0.427109974424552
69,"codyn","EEQ",0.175612251706693
69,"adiv","EEVAR",0.523373995720903
69,"codyn","EEVAR",0.51332074359784
69,"microbiome","EEVAR",0.523373995720903
69,"acid","EGIN",0.798447204968944
69,"DescTools","EGIN",0.798447204968944
69,"dplR","EGIN",0.798447204968944
69,"EconGeo","EGIN",0.798
69,"giniVarCI","EGIN",0.798447204968944
69,"ineq","EGIN",0.798447204968944
69,"microbiome","EGIN",0.798447204968944
69,"REAT","EGIN",0.798447204968944
69,"shipunov","EGIN",0.798447204968944
69,"wINEQ","EGIN",0.798447204968944
69,"adiv","EGSP",0.851732336956522
69,"abdiv","EHEI",0.471854150572059
69,"adiv","EHEI",0.471854150572059
69,"benthos","EHURE",0.806010928961749
69,"BiodiversityR","EHURE",0.80601093
69,"mobr","EHURE",0.806010928961749
69,"vegan","EHURE",0.806010928961764
69,"abdiv","EMC",0.487666583726887
69,"tabula","EMC",0.732196832837873
69,"microbiome","EMN",0.516304347826087
69,"abdiv","EPIE",0.757405816337843
69,"adiv","EPIE",0.757405816337843
69,"BiodiversityR","EPIE",0.75740582
69,"breakaway","EPIE",0.757405816337843
69,"chemodiv","EPIE",0.757405816337843
69,"diverse","EPIE",0.834242965610428
69,"forestmangr","EPIE",1
69,"microbiome","EPIE",0.757405816337843
69,"OTUtable","EPIE",0.757405816337843
69,"pctax","EPIE",0.7574
69,"sprex","EPIE",0.757405816337843
69,"tabula","EPIE",0.757405816337843
69,"adiv","ESP",0.296535052377115
69,"codyn","ESP",0.296535052377115
69,"sprex","ESP",0.126228956806716
69,"tabula","ESP",0.296535052377115
69,"abdiv","EST",0.466751918158568
69,"adiv","QHIL_0",17
69,"adiv","QHIL_1",8.54966640915295
69,"adiv","QHIL_2",5.04109589041096
69,"adiv","QHIL_3",3.88543832507249
69,"BAT","QHIL_0",17
69,"BAT","QHIL_1",8.54966640915295
69,"BAT","QHIL_2",5.04109589041096
69,"BAT","QHIL_3",3.88543832507249
69,"benthos","QHIL_0",35
69,"benthos","QHIL_1",8.54966640915295
69,"benthos","QHIL_2",5.04109589041096
69,"benthos","QHIL_3",3.88543832507249
69,"breakaway","QHIL_0",17
69,"breakaway","QHIL_1",8.54966640915295
69,"breakaway","QHIL_2",5.04109589041096
69,"breakaway","QHIL_3",3.88543832507249
69,"chemodiv","QHIL_0",17
69,"chemodiv","QHIL_1",8.54966640915295
69,"chemodiv","QHIL_2",5.04109589041096
69,"chemodiv","QHIL_3",3.88543832507249
69,"divDyn","QHIL_2",5.04109589041096
69,"divent","QHIL_0",17
69,"divent","QHIL_1",8.54966640915295
69,"divent","QHIL_2",5.04109589041096
69,"divent","QHIL_3",3.88543832507249
69,"entropart","QHIL_0",17
69,"entropart","QHIL_1",8.54966640915295
69,"entropart","QHIL_2",5.04109589041096
69,"entropart","QHIL_3",3.88543832507249
69,"EntropyEstimation","QHIL_1",8.94556548286554
69,"EntropyEstimation","QHIL_2",5.15492957746479
69,"EntropyEstimation","QHIL_3",3.94957294030642
69,"extremefit","QHIL",NA
69,"hilldiv","QHIL_0",17
69,"hilldiv","QHIL_1",8.54972448772923
69,"hilldiv","QHIL_2",5.04109589041096
69,"hilldiv","QHIL_3",3.88543832507249
69,"hillR","QHIL_0",17
69,"hillR","QHIL_1",8.54966640915295
69,"hillR","QHIL_2",5.04109589041096
69,"hillR","QHIL_3",3.88543832507249
69,"sprex","QHIL_0",17
69,"sprex","QHIL_1",8.54966640915295
69,"sprex","QHIL_2",5.04109589041096
69,"sprex","QHIL_3",3.88543832507249
69,"vegan","QHIL_0",17
69,"vegan","QHIL_1",8.54966640915295
69,"vegan","QHIL_2",5.04109589041096
69,"vegan","QHIL_3",3.88543832507249
69,"adiv","QREN_0",2.83321334405622
69,"adiv","QREN_1",2.14589226571417
69,"adiv","QREN_2",1.61762349702054
69,"adiv","QREN_3",1.35723580244184
69,"BiodiversityR","QREN_0",2.83321334405622
69,"BiodiversityR","QREN_1",2.14589226571417
69,"BiodiversityR","QREN_2",1.61762349702054
69,"BiodiversityR","QREN_3",1.35723580244184
69,"diverse","QREN_0",3.04452243772342
69,"diverse","QREN_1",2.53987142731388
69,"diverse","QREN_2",2.1870722058722
69,"diverse","QREN_3",1.99190720330903
69,"EntropyEstimation","QREN_1",2.19115793272279
69,"EntropyEstimation","QREN_2",1.63995345636005
69,"EntropyEstimation","QREN_3",1.37360745668991
69,"seewave","QREN_2",0.454983165813616
69,"seewave","QREN_3",0.381744851317644
69,"sprex","QREN_0",2.83321334405622
69,"sprex","QREN_1",2.14589226571417
69,"sprex","QREN_2",1.61762349702054
69,"sprex","QREN_3",1.35723580244184
69,"statcomp","QREN_1",0.603567422542367
69,"statcomp","QREN_2",0.454983160310578
69,"statcomp","QREN_3",0.381744847190365
69,"vegan","QREN_0",2.83321334405622
69,"vegan","QREN_1",2.14589226571417
69,"vegan","QREN_2",1.61762349702054
69,"vegan","QREN_3",1.35723580244184
69,"adiv","QTSA_0",16
69,"adiv","QTSA_1",2.14589226571417
69,"adiv","QTSA_2",0.801630434782609
69,"adiv","QTSA_3",0.466880027687598
69,"divent","QTSA_0",16
69,"divent","QTSA_1",2.14589226571417
69,"divent","QTSA_2",0.801630434782609
69,"divent","QTSA_3",0.466880027687598
69,"entropart","QTSA_0",16
69,"entropart","QTSA_1",2.14589226571417
69,"entropart","QTSA_2",0.801630434782609
69,"entropart","QTSA_3",0.466880027687598
69,"EntropyEstimation","QTSA_1",2.19115793272279
69,"EntropyEstimation","QTSA_2",0.806010928961749
69,"EntropyEstimation","QTSA_3",0.467946922998598
69,"vegan","QTSA_0",16
69,"vegan","QTSA_1",2.14589226571417
69,"vegan","QTSA_2",0.801630434782609
69,"vegan","QTSA_3",0.466880027687598
69,"BAT","RACE",17
69,"ecodive","RACE",17
69,"fossil","RACE",17
69,"pctax","RACE",17
69,"sprex","RACE",229.984116022099
69,"tabula","RACE",17
69,"vegan","RACE",17
69,"wiqid","RACE",17
69,"BiodiversityR","RBOO",17
69,"wiqid","RBOO",35
69,"BAT","RC1",17
69,"BiodiversityR","RC1",17
69,"biosampleR","RC1",23.5
69,"iNEXT","RC1",17
69,"microbiome","RC1",17
69,"pctax","RC1",17
69,"rareNMtests","RC1",17
69,"SpadeR","RC1",17
69,"SSP","RC1",16
69,"vegan","RC1",17
69,"wiqid","RC1",17
69,"BAT","RC1M",17
69,"divent","RC1M",17
69,"ecodive","RC1M",17
69,"entropart","RC1M",17
69,"fossil","RC1M",17
69,"mobr","RC1M",17
69,"OTUtable","RC1M",17
69,"tabula","RC1M",17
69,"wiqid","RC1M",17
69,"BAT","RCA2",35
69,"divDyn","RCA2",17
69,"fossil","RCA2",17
69,"tabula","RCA2",17
69,"wiqid","RCA2",17
69,"benthos","RHUR_2",1.80601092896176
69,"benthos","RHUR_3",2.48213894088809
69,"divent","RHUR_2",5.15495832037056
69,"divent","RHUR_3",5.43796688158089
69,"entropart","RHUR_2",1.80601092896176
69,"entropart","RHUR_3",2.48213894088809
69,"mobsim","RHUR_2",1.80601092896176
69,"mobsim","RHUR_3",2.48213894088809
69,"tabula","RHUR_2",1.80610745626519
69,"tabula","RHUR_3",2.48217180265849
69,"vegan","RHUR_2",1.80601092896176
69,"vegan","RHUR_3",2.48213894088809
69,"BAT","RICE",35
69,"fossil","RICE",17
69,"tabula","RICE",17
69,"wiqid","RICE",17
69,"BAT","RJA1",17
69,"BiodiversityR","RJA1",17
69,"divent","RJA1",17
69,"entropart","RJA1",17
69,"fossil","RJA1",17
69,"SSP","RJA1",16
69,"tabula","RJA1",2.02154035662273
69,"wiqid","RJA1",17
69,"BAT","RJA2",15
69,"BiodiversityR","RJA2",17
69,"fossil","RJA2",15.0325492991209
69,"SSP","RJA2",16
69,"wiqid","RJA2",15
69,"wiqid","RMM",0
69,"divDyn","RSQ",17
69,"ecodive","RSQ",17
69,"tabula","RSQ",17
70,"abdiv","D1SP",0.892152175397855
70,"ade4","D1SP",0.892152175397855
70,"adiv","D1SP",0.892152175397855
70,"agricolae","D1SP",1
70,"asbio","D1SP",0.892152175397855
70,"BiodiversityR","D1SP",0.89215218
70,"biosampleR","D1SP",0.86509352898407
70,"breakaway","D1SP",0.892152175397855
70,"catsim","D1SP",0.653061224489796
70,"concstats","D1SP",0.973760230135357
70,"CUB","D1SP",0.918391945262498
70,"DescTools","D1SP",0.892152175397855
70,"divent","D1SP",0.892152175397855
70,"diverse","D1SP",0.86509352898407
70,"ecodive","D1SP",0.892152175397855
70,"entropart","D1SP",0.892152175397855
70,"lawstat","D1SP",0.779776373359261
70,"MCPAN","D1SP",-1578
70,"microbiome","D1SP",0.892152175397855
70,"PCRA","D1SP",0.892152175397855
70,"RoughSets","D1SP",0.892152175397855
70,"simboot","D1SP",-1578
70,"sprex","D1SP",0.892152175397855
70,"untb","D1SP",0.899586776859504
70,"vegan","D1SP",0.892152175397855
70,"abdiv","DBRI",2.19823572411694
70,"ecodive","DBRI",2.19823572411693
70,"tabula","DBRI",2.19823572411694
70,"wiqid","DBRI",9.00910492345771
70,"BiodiversityR","DFIS",4.50972185
70,"ecodive","DFIS",4.51
70,"microbiome","DFIS",4.50972184524805
70,"preseqR","DFIS",6.82276827257021
70,"sads","DFIS",4.50972121638322
70,"vegan","DFIS",4.50972184524805
70,"abdiv","DINVSP",9.27232425585814
70,"adiv","DINVSP",9.27232425585814
70,"asbio","DINVSP",9.27232425585814
70,"BiodiversityR","DINVSP",9.27232426
70,"breakaway","DINVSP",9.27232425585814
70,"chemodiv","DINVSP",9.27232425585814
70,"codyn","DINVSP",9.27232425585814
70,"divseg","DINVSP",1.10784782460214
70,"ecodive","DINVSP",9.27232425585814
70,"microbiome","DINVSP",9.27232425585814
70,"sprex","DINVSP",9.27232425585814
70,"vegan","DINVSP",9.27232425585814
70,"asbio","DLMD",NA
70,"Compositional","DLMD",0.999958992306093
70,"sads","DLMD",1.65982314266927
70,"vegan","DLMD",18.0402632322111
70,"abdiv","DMC",0.738757882067172
70,"adiv","DMC",0.738757882067172
70,"agricolae","DMC",0.738757882067172
70,"ecodive","DMC",0.738757882067172
70,"forestHES","DMC",0.738757882067172
70,"tabula","DMC",0.738757882067172
70,"abdiv","DMG",2.91922673996972
70,"adiv","DMG",2.91922673996972
70,"agricolae","DMG",7.08955065421219
70,"ecodive","DMG",2.91922673996972
70,"tabula","DMG",2.91922673996972
70,"abdiv","DMN",1.36363636363636
70,"adiv","DMN",1.36363636363636
70,"ecodive","DMN",1.36363636363636
70,"tabula","DMN",1.36363636363636
70,"abdiv","DQ",0
70,"ade4","DRAO",0.892152175397855
70,"BAT","DRAO",0.892152175397856
70,"chemodiv","DRAO",320.164142389139
70,"diverse","DRAO",175.453132212792
70,"SYNCSA","DRAO",0.892152175397855
70,"abdiv","DSHA",2.39096483468519
70,"adiv","DSHA",2.39096483468519
70,"aqp","DSHA",-419.80104540746
70,"asbio","DSHA",2.39096483468519
70,"benthos","DSHA",0
70,"BiodiversityR","DSHA",2.39096483
70,"biosampleR","DSHA",2.27728918808146
70,"chemodiv","DSHA",2.39096483468519
70,"codyn","DSHA",2.39096483468519
70,"DescTools","DSHA",3.44943310994022
70,"divDyn","DSHA",2.39096483468519
70,"divent","DSHA",2.39096483468519
70,"diverse","DSHA",2.27728918808146
70,"ecodive","DSHA",2.39096483468519
70,"EconGeo","DSHA",3.449
70,"entropart","DSHA",2.47324212671048
70,"forestmangr","DSHA",3.56
70,"HardyWeinberg","DSHA",2.39096483468519
70,"iNEXT","DSHA",2.391
70,"MCPAN","DSHA",2.39096483468519
70,"microbiome","DSHA",2.39096483468519
70,"OTUtable","DSHA",2.39096483468519
70,"pgirmess","DSHA",3.44943310994022
70,"SpiecEasi","DSHA",2.39096483468519
70,"sprex","DSHA",2.39096483468519
70,"tabula","DSHA",2.39096483468519
70,"triversity","DSHA",15
70,"vegan","DSHA",2.39096483468519
70,"wavethresh","DSHA",-8501.9878125259
70,"wiqid","DSHA",9.95884773662551
70,"abdiv","DSP",0.107847824602145
70,"agricolae","DSP",0.107847824602145
70,"antitrust","DSP",1078.47824602145
70,"benthos","DSP",0.100413223140496
70,"breakaway","DSP",0.107847824602145
70,"concstats","DSP",0.107847824602145
70,"DescTools","DSP",0.107847824602145
70,"diverse","DSP",0.127815540450486
70,"divseg","DSP",1.10784782460214
70,"EconGeo","DSP",0.107847824602145
70,"hhi","DSP",0.107847824602145
70,"ineq","DSP",0.107847824602145
70,"microbiome","DSP",0.107847824602145
70,"PDtoolkit","DSP",0.107847824602145
70,"politics","DSP",0.107847824602145
70,"REAT","DSP",0.107847824602145
70,"sprex","DSP",0.107847824602145
70,"tabula","DSP",0.107847824602145
70,"triversity","DSP",0.107847824602145
70,"wiqid","DSP",9.95884773662551
70,"abdiv","EBP",0.190082644628099
70,"agricolae","EBP",0.190082644628099
70,"BiodiversityR","EBP",0.19008264
70,"diverse","EBP",0.24390243902439
70,"dyvDyn","EBP",0.190082644628099
70,"ecodive","EBP",0.190082644628099
70,"microbiome","EBP",0.190082644628099
70,"tabula","EBP",0.190082644628099
70,"triversity","EBP",0.190082644628099
70,"wiqid","EBP",1
70,"tabula","EBRI",0.882673512813736
70,"BAT","EBU",0.640495867768595
70,"microbiome","EBU",0.640495867768595
70,"BAT","ECAM",0.937977174340811
70,"microbiome","ECAM",0.721212121212121
70,"codyn","EEQ",0.179590644910548
70,"adiv","EEVAR",0.477438130765649
70,"codyn","EEVAR",0.464757346743431
70,"microbiome","EEVAR",0.477438130765649
70,"acid","EGIN",0.757497048406139
70,"DescTools","EGIN",0.757497048406139
70,"dplR","EGIN",0.757497048406139
70,"EconGeo","EGIN",0.757
70,"giniVarCI","EGIN",0.757497048406139
70,"ineq","EGIN",0.757497048406139
70,"microbiome","EGIN",0.757497048406139
70,"REAT","EGIN",0.757497048406139
70,"shipunov","EGIN",0.757497048406139
70,"wINEQ","EGIN",0.757497048406139
70,"adiv","EGSP",0.955877330783416
70,"abdiv","EHEI",0.708859195849086
70,"adiv","EHEI",0.708859195849086
70,"benthos","EHURE",0.899586776859504
70,"BiodiversityR","EHURE",0.89958678
70,"mobr","EHURE",0.899586776859504
70,"vegan","EHURE",0.899586776859469
70,"abdiv","EMC",0.371143551135081
70,"tabula","EMC",0.905361376956701
70,"microbiome","EMN",0.322314049586777
70,"abdiv","EPIE",0.882910085533877
70,"adiv","EPIE",0.882910085533877
70,"BiodiversityR","EPIE",0.88291009
70,"breakaway","EPIE",0.882910085533877
70,"chemodiv","EPIE",0.882910085533877
70,"diverse","EPIE",0.821358454578795
70,"forestmangr","EPIE",1
70,"microbiome","EPIE",0.882910085533877
70,"OTUtable","EPIE",0.882910085533877
70,"pctax","EPIE",0.8829
70,"sprex","EPIE",0.882910085533877
70,"tabula","EPIE",0.882910085533877
70,"adiv","ESP",0.618154950390542
70,"codyn","ESP",0.618154950390542
70,"sprex","ESP",0.159397655645679
70,"tabula","ESP",0.618154950390542
70,"abdiv","EST",0.335537190082645
70,"adiv","QHIL_0",15
70,"adiv","QHIL_1",10.9240287418872
70,"adiv","QHIL_2",9.27232425585814
70,"adiv","QHIL_3",8.3783633663631
70,"BAT","QHIL_0",15
70,"BAT","QHIL_1",10.9240287418872
70,"BAT","QHIL_2",9.27232425585814
70,"BAT","QHIL_3",8.3783633663631
70,"benthos","QHIL_0",35
70,"benthos","QHIL_1",10.9240287418872
70,"benthos","QHIL_2",9.27232425585814
70,"benthos","QHIL_3",8.3783633663631
70,"breakaway","QHIL_0",15
70,"breakaway","QHIL_1",10.9240287418872
70,"breakaway","QHIL_2",9.27232425585814
70,"breakaway","QHIL_3",8.3783633663631
70,"chemodiv","QHIL_0",15
70,"chemodiv","QHIL_1",10.9240287418872
70,"chemodiv","QHIL_2",9.27232425585814
70,"chemodiv","QHIL_3",8.3783633663631
70,"divDyn","QHIL_2",9.27232425585814
70,"divent","QHIL_0",15
70,"divent","QHIL_1",10.9240287418872
70,"divent","QHIL_2",9.27232425585814
70,"divent","QHIL_3",8.3783633663631
70,"entropart","QHIL_0",15
70,"entropart","QHIL_1",10.9240287418872
70,"entropart","QHIL_2",9.27232425585814
70,"entropart","QHIL_3",8.37836336636312
70,"EntropyEstimation","QHIL_1",11.6121771451297
70,"EntropyEstimation","QHIL_2",9.9588477366255
70,"EntropyEstimation","QHIL_3",9.12707194509852
70,"extremefit","QHIL",NA
70,"hilldiv","QHIL_0",15
70,"hilldiv","QHIL_1",10.92405276797
70,"hilldiv","QHIL_2",9.27232425585814
70,"hilldiv","QHIL_3",8.3783633663631
70,"hillR","QHIL_0",15
70,"hillR","QHIL_1",10.9240287418872
70,"hillR","QHIL_2",9.27232425585814
70,"hillR","QHIL_3",8.3783633663631
70,"sprex","QHIL_0",15
70,"sprex","QHIL_1",10.9240287418872
70,"sprex","QHIL_2",9.27232425585814
70,"sprex","QHIL_3",8.3783633663631
70,"vegan","QHIL_0",15
70,"vegan","QHIL_1",10.9240287418872
70,"vegan","QHIL_2",9.27232425585814
70,"vegan","QHIL_3",8.3783633663631
70,"adiv","QREN_0",2.70805020110221
70,"adiv","QREN_1",2.39096483468519
70,"adiv","QREN_2",2.22703407693784
70,"adiv","QREN_3",2.1256525930767
70,"BiodiversityR","QREN_0",2.70805020110221
70,"BiodiversityR","QREN_1",2.39096483468519
70,"BiodiversityR","QREN_2",2.22703407693784
70,"BiodiversityR","QREN_3",2.1256525930767
70,"diverse","QREN_0",2.77258872223978
70,"diverse","QREN_1",2.27728918808146
70,"diverse","QREN_2",2.00317354793499
70,"diverse","QREN_3",1.85797721914486
70,"EntropyEstimation","QREN_1",2.4520543013965
70,"EntropyEstimation","QREN_2",2.29846137581018
70,"EntropyEstimation","QREN_3",2.21124493617032
70,"seewave","QREN_2",0.626389898113868
70,"seewave","QREN_3",0.597874689371371
70,"sprex","QREN_0",2.70805020110221
70,"sprex","QREN_1",2.39096483468519
70,"sprex","QREN_2",2.22703407693784
70,"sprex","QREN_3",2.1256525930767
70,"statcomp","QREN_1",0.672498105201986
70,"statcomp","QREN_2",0.626389888815805
70,"statcomp","QREN_3",0.597874682397823
70,"vegan","QREN_0",2.70805020110221
70,"vegan","QREN_1",2.39096483468519
70,"vegan","QREN_2",2.22703407693784
70,"vegan","QREN_3",2.1256525930767
70,"adiv","QTSA_0",14
70,"adiv","QTSA_1",2.39096483468519
70,"adiv","QTSA_2",0.892152175397855
70,"adiv","QTSA_3",0.492877185713616
70,"divent","QTSA_0",14
70,"divent","QTSA_1",2.39096483468519
70,"divent","QTSA_2",0.892152175397855
70,"divent","QTSA_3",0.492877185713616
70,"entropart","QTSA_0",17
70,"entropart","QTSA_1",2.47324212671048
70,"entropart","QTSA_2",0.897177043642266
70,"entropart","QTSA_3",0.493389915677507
70,"EntropyEstimation","QTSA_1",2.4520543013965
70,"EntropyEstimation","QTSA_2",0.899586776859504
70,"EntropyEstimation","QTSA_3",0.493997847072713
70,"vegan","QTSA_0",14
70,"vegan","QTSA_1",2.39096483468519
70,"vegan","QTSA_2",0.892152175397855
70,"vegan","QTSA_3",0.492877185713616
70,"BAT","RACE",16.9952054006367
70,"ecodive","RACE",16.9952054006367
70,"fossil","RACE",15.9310344827586
70,"pctax","RACE",16.9952
70,"sprex","RACE",124.465918827687
70,"tabula","RACE",16.9952054006367
70,"vegan","RACE",16.9952054006367
70,"wiqid","RACE",16.9952054006367
70,"BiodiversityR","RBOO",15
70,"wiqid","RBOO",35
70,"BAT","RC1",16.5
70,"BiodiversityR","RC1",15
70,"biosampleR","RC1",16.75
70,"iNEXT","RC1",19.463
70,"microbiome","RC1",16.5
70,"pctax","RC1",16.5
70,"rareNMtests","RC1",15
70,"SpadeR","RC1",15
70,"SSP","RC1",14
70,"vegan","RC1",16.5
70,"wiqid","RC1",19.5
70,"BAT","RC1M",17.16
70,"divent","RC1M",19.4628099173554
70,"ecodive","RC1M",19.5
70,"entropart","RC1M",19.4628099173554
70,"fossil","RC1M",19.5
70,"mobr","RC1M",19.4628099173554
70,"OTUtable","RC1M",19.5
70,"tabula","RC1M",19.4628099173554
70,"wiqid","RC1M",19.5
70,"BAT","RCA2",35
70,"divDyn","RCA2",16.4
70,"fossil","RCA2",19.5
70,"tabula","RCA2",15
70,"wiqid","RCA2",15
70,"benthos","RHUR_2",1.89958677685947
70,"benthos","RHUR_3",2.71076463643304
70,"divent","RHUR_2",9.95883346832909
70,"divent","RHUR_3",10.0273817760336
70,"entropart","RHUR_2",1.89958677685947
70,"entropart","RHUR_3",2.71076463643304
70,"mobsim","RHUR_2",1.89958677685947
70,"mobsim","RHUR_3",2.71076463643304
70,"tabula","RHUR_2",1.8995867768592
70,"tabula","RHUR_3",2.71076463643234
70,"vegan","RHUR_2",1.89958677685947
70,"vegan","RHUR_3",2.71076463643304
70,"BAT","RICE",35
70,"fossil","RICE",15.9310344827586
70,"tabula","RICE",15
70,"wiqid","RICE",15
70,"BAT","RJA1",18
70,"BiodiversityR","RJA1",15
70,"divent","RJA1",18
70,"entropart","RJA1",18
70,"fossil","RJA1",17.9752066115702
70,"SSP","RJA1",14
70,"tabula","RJA1",2.29496161106954
70,"wiqid","RJA1",18
70,"BAT","RJA2",20
70,"BiodiversityR","RJA2",15
70,"fossil","RJA2",19.8759641873278
70,"SSP","RJA2",14
70,"wiqid","RJA2",20
70,"wiqid","RMM",0
70,"divDyn","RSQ",15.9736229103864
70,"ecodive","RSQ",15.9736229103864
70,"tabula","RSQ",15.9736229103864
