"package","index","value"
"abdiv","D1SP",0.828775510204082
"ade4","D1SP",0.828775510204082
"adiv","D1SP",0.828775510204082
"agricolae","D1SP",1
"asbio","D1SP",0.828775510204082
"BiodiversityR","D1SP",0.82877551
"biosampleR","D1SP",0.828775510204082
"breakaway","D1SP",0.828775510204082
"catsim","D1SP",0.768979591836735
"concstats","2_D1SP",0.795378151260504
"concstats","D1SP",0.97562424969988
"CUB","D1SP",0.853151260504202
"DescTools","2_D1SP",0.828775510204082
"DescTools","D1SP",0.795378151260504
"divent","D1SP",0.828775510204082
"diverse","D1SP",0.828775510204082
"ecodive","D1SP",0.828775510204082
"entropart","D1SP",0.828775510204082
"lawstat","D1SP",0.795378151260504
"MCPAN","D1SP",-3355
"microbiome","D1SP",0.828775510204082
"PCRA","D1SP",0.828775510204082
"RoughSets","D1SP",0.828775510204082
"simboot","D1SP",-3355
"sprex","D1SP",0.828775510204082
"untb","D1SP",0.834737923946557
"vegan","D1SP",0.828775510204082
"abdiv","DBRI",2.08252746039484
"ecodive","DBRI",2.08252746039484
"tabula","DBRI",2.08252746039484
"wiqid","DBRI",8.02472548051004
"BiodiversityR","DFIS",6.38515508
"ecodive","DFIS",6.385
"microbiome","DFIS",6.38515507963988
"preseqR","DFIS",6.02131095308609
"sads","DFIS",6.38515467860307
"vegan","DFIS",6.38515507963988
"custom","DGLE",4.04723739388645
"DGOO","1_1",2.28577509566694
"DGOO","1_2",0.414316904077455
"DGOO","1_3",1
"DGOO","2_1",0.23879239194347
"DGOO","2_2",0.911923169553678
"DGOO","2_3",1
"DGOO","3_1",0.0563906167690423
"DGOO","3_2",0.101676226076217
"DGOO","3_3",1
"abdiv","DINVSP",5.84028605482718
"adiv","DINVSP",5.84028605482718
"asbio","DINVSP",5.84028605482718
"BiodiversityR","DINVSP",5.84028605
"breakaway","DINVSP",5.84028605482718
"chemodiv","DINVSP",5.84028605482718
"codyn","DINVSP",5.84028605482718
"divseg","DINVSP",1.17122448979592
"ecodive","DINVSP",5.84028605482717
"microbiome","DINVSP",5.84028605482718
"sprex","DINVSP",5.84028605482718
"vegan","DINVSP",5.84028605482718
"custom","DKO",0.2
"asbio","DLMD",37.4268551689424
"Compositional","DLMD",0.999958992306093
"sads","DLMD",1.27547704199003
"vegan","DLMD",23.5121788699862
"abdiv","DMC",0.64032448616116
"adiv","DMC",0.64032448616116
"agricolae","DMC",0.64032448616116
"ecodive","DMC",0.64032448616116
"forestHES","DMC",0.64032448616116
"tabula","DMC",0.64032448616116
"abdiv","DMG",3.84487552419213
"adiv","DMG",3.84487552419213
"agricolae","DMG",6.88030356960696
"ecodive","DMG",3.84487552419213
"tabula","DMG",3.84487552419213
"abdiv","DMN",1.69030850945703
"adiv","DMN",1.69030850945703
"ecodive","DMN",1.69030850945703
"tabula","DMN",1.69030850945703
"custom","DOD",142.857142857143
"abdiv","DQ",5.91655497307444
"ade4","DRAO",0.828775510204082
"BAT","DRAO",0.828775510204082
"chemodiv","DRAO",401.84318391657
"diverse","DRAO",200.921591958285
"SYNCSA","DRAO",0.828775510204082
"abdiv","DSHA",2.28577509566694
"adiv","DSHA",2.28577509566694
"aqp","DSHA",-536.424927057429
"asbio","DSHA",2.28577509566694
"benthos","DSHA",0
"BiodiversityR","DSHA",2.2857751
"biosampleR","DSHA",2.28577509566694
"chemodiv","DSHA",2.28577509566694
"codyn","DSHA",2.28577509566694
"DescTools","DSHA",3.29767639510619
"divDyn","DSHA",2.28577509566694
"divent","DSHA",2.28577509566694
"diverse","DSHA",2.28577509566694
"ecodive","DSHA",2.28577509566694
"EconGeo","DSHA",3.298
"entropart","DSHA",2.38420510136614
"forestmangr","DSHA",3.56
"HardyWeinberg","DSHA",2.28577509566694
"iNEXT","DSHA",2.286
"MCPAN","DSHA",2.28577509566694
"microbiome","DSHA",2.28577509566694
"OTUtable","DSHA",2.28577509566694
"pgirmess","DSHA",3.29767639510619
"SpiecEasi","DSHA",2.28577509566694
"sprex","DSHA",2.28577509566694
"tabula","DSHA",2.28577509566694
"triversity","DSHA",20
"vegan","DSHA",2.28577509566694
"wavethresh","DSHA",-23807.6421763696
"wiqid","DSHA",6.05099502487562
"abdiv","DSP",0.171224489795918
"agricolae","DSP",0.171224489795918
"antitrust","DSP",1712.24489795918
"benthos","DSP",0.165262076053443
"breakaway","DSP",0.171224489795918
"concstats","DSP",0.171224489795918
"DescTools","DSP",0.171224489795918
"diverse","DSP",0.165262076053443
"divseg","DSP",1.17122448979592
"EconGeo","DSP",0.171224489795918
"hhi","DSP",0.171224489795918
"ineq","DSP",0.171224489795918
"microbiome","DSP",0.171224489795918
"PDtoolkit","DSP",0.171224489795918
"politics","DSP",0.171224489795918
"REAT","DSP",0.171224489795918
"sprex","DSP",0.171224489795918
"tabula","DSP",0.171224489795918
"triversity","DSP",0.171224489795918
"wiqid","DSP",6.05099502487562
"abdiv","EBP",0.357142857142857
"agricolae","EBP",0.357142857142857
"BiodiversityR","EBP",0.35714286
"diverse","EBP",0.357142857142857
"dyvDyn","EBP",0.0285714285714286
"ecodive","EBP",0.357142857142857
"microbiome","EBP",0.357142857142857
"tabula","EBP",0.357142857142857
"triversity","EBP",0.357142857142857
"wiqid","EBP",1
"tabula","EBRI",0.757839642481135
"BAT","EBU",0.503759398496241
"microbiome","EBU",0.503759398496241
"BAT","ECAM",0.936616541353383
"microbiome","ECAM",0.397857142857143
"codyn","EEQ",0.178214976841818
"custom","EEQ",0.0175401476820035
"adiv","EEVAR",0.458765364581015
"codyn","EEVAR",0.451735418719053
"custom","EEVAR",0.458765364581015
"microbiome","EEVAR",0.458765364581015
"acid","EGIN",0.77265306122449
"DescTools","EGIN",0.77265306122449
"dplR","EGIN",0.77265306122449
"EconGeo","EGIN",0.773
"giniVarCI","EGIN",0.77265306122449
"ineq","EGIN",0.77265306122449
"microbiome","EGIN",0.77265306122449
"REAT","EGIN",0.77265306122449
"shipunov","EGIN",0.77265306122449
"wINEQ","EGIN",0.77265306122449
"adiv","EGSP",0.872395273899033
"abdiv","EHEI",0.464910790689576
"adiv","EHEI",0.464910790689576
"custom","EHUL",0.478571428571429
"benthos","EHURE",0.834737923946557
"BiodiversityR","EHURE",0.83473792
"mobr","EHURE",0.834737923946557
"vegan","EHURE",0.834737923946542
"custom","ELR",0.190393197724583
"abdiv","EMC",0.478458187703615
"tabula","EMC",0.755039055048023
"microbiome","EMN",0.478571428571429
"custom","ENHC",-0.177222674044644
"custom","EPAT",0.160468032059365
"abdiv","EPIE",0.763010471878786
"adiv","EPIE",0.763010471878786
"BiodiversityR","EPIE",0.76301047
"breakaway","EPIE",0.763010471878786
"chemodiv","EPIE",0.763010471878786
"diverse","EPIE",0.763010471878786
"forestmangr","EPIE",1
"microbiome","EPIE",0.763010471878786
"OTUtable","EPIE",0.763010471878786
"pctax","EPIE",0.763
"sprex","EPIE",0.763010471878786
"tabula","EPIE",0.763010471878786
"custom","ESHE",0.491665251155097
"adiv","ESP",0.292014302741359
"codyn","ESP",0.292014302741359
"sprex","ESP",0.114288754783347
"tabula","ESP",0.292014302741359
"abdiv","EST",0.471428571428571
"adiv","QHIL_0",20
"adiv","QHIL_1",9.83330502310194
"adiv","QHIL_2",5.84028605482718
"adiv","QHIL_3",4.48207811705616
"BAT","QHIL_0",20
"BAT","QHIL_1",9.83330502310194
"BAT","QHIL_2",5.84028605482718
"BAT","QHIL_3",4.48207811705616
"benthos","QHIL_0",35
"benthos","QHIL_1",9.83330502310194
"benthos","QHIL_2",5.84028605482718
"benthos","QHIL_3",4.48207811705616
"breakaway","QHIL_0",20
"breakaway","QHIL_1",9.83330502310194
"breakaway","QHIL_2",5.84028605482718
"breakaway","QHIL_3",4.48207811705616
"chemodiv","QHIL_0",20
"chemodiv","QHIL_1",9.83330502310194
"chemodiv","QHIL_2",5.84028605482718
"chemodiv","QHIL_3",4.48207811705616
"divDyn","QHIL_2",5.84028605482718
"divent","QHIL_0",25
"divent","QHIL_1",10.8504342406589
"divent","QHIL_2",6.04888915703549
"divent","QHIL_3",4.56959434844484
"entropart","QHIL_0",25
"entropart","QHIL_1",10.8504342406589
"entropart","QHIL_2",6.04888915703549
"entropart","QHIL_3",4.56959434844484
"EntropyEstimation","QHIL_1",10.5756494818895
"EntropyEstimation","QHIL_2",6.05099502487562
"EntropyEstimation","QHIL_3",4.60197743056297
"extremefit","QHIL",NA
"hilldiv","QHIL_0",20
"hilldiv","QHIL_1",9.83337095610258
"hilldiv","QHIL_2",5.84028605482718
"hilldiv","QHIL_3",4.48207811705616
"hillR","QHIL_0",20
"hillR","QHIL_1",9.83330502310194
"hillR","QHIL_2",5.84028605482718
"hillR","QHIL_3",4.48207811705616
"sprex","QHIL_0",20
"sprex","QHIL_1",9.83330502310194
"sprex","QHIL_2",5.84028605482718
"sprex","QHIL_3",4.48207811705616
"vegan","QHIL_0",20
"vegan","QHIL_1",9.83330502310194
"vegan","QHIL_2",5.84028605482717
"vegan","QHIL_3",4.48207811705616
"adiv","QREN_0",2.99573227355399
"adiv","QREN_1",2.28577509566694
"adiv","QREN_2",1.76477977763151
"adiv","QREN_3",1.50008680428891
"BiodiversityR","QREN_0",2.99573227355399
"BiodiversityR","QREN_1",2.28577509566694
"BiodiversityR","QREN_2",1.76477977763151
"BiodiversityR","QREN_3",1.50008680428891
"diverse","QREN_0",2.99573227355399
"diverse","QREN_1",2.28577509566694
"diverse","QREN_2",1.76477977763151
"diverse","QREN_3",1.50008680428891
"EntropyEstimation","QREN_1",2.35855413977355
"EntropyEstimation","QREN_2",1.80022272544114
"EntropyEstimation","QREN_3",1.52648608733408
"seewave","QREN_2",0.496373285691972
"seewave","QREN_3",0.421924040745513
"sprex","QREN_0",2.99573227355399
"sprex","QREN_1",2.28577509566694
"sprex","QREN_2",1.76477977763151
"sprex","QREN_3",1.50008680428891
"statcomp","QREN_1",0.642911764512129
"statcomp","QREN_2",0.496373279664834
"statcomp","QREN_3",0.42192403622516
"vegan","QREN_0",2.99573227355399
"vegan","QREN_1",2.28577509566694
"vegan","QREN_2",1.76477977763151
"vegan","QREN_3",1.50008680428891
"adiv","QTSA_0",19
"adiv","QTSA_1",2.28577509566694
"adiv","QTSA_2",0.828775510204082
"adiv","QTSA_3",0.475110787172012
"divent","QTSA_0",19
"divent","QTSA_1",2.28577509566694
"divent","QTSA_2",0.828775510204082
"divent","QTSA_3",0.475110787172012
"entropart","QTSA_0",24
"entropart","QTSA_1",2.38420510136614
"entropart","QTSA_2",0.834680389400607
"entropart","QTSA_3",0.476055007405522
"EntropyEstimation","QTSA_1",2.35855413977355
"EntropyEstimation","QTSA_2",0.834737923946557
"EntropyEstimation","QTSA_3",0.476390812815586
"vegan","QTSA_0",19
"vegan","QTSA_1",2.28577509566694
"vegan","QTSA_2",0.828775510204082
"vegan","QTSA_3",0.475110787172012
"BAT","RACE",23.5632798573975
"ecodive","RACE",23.5632798573975
"fossil","RACE",21.6666666666667
"pctax","RACE",23.5633
"sprex","RACE",156.7631396104
"tabula","RACE",23.5632798573975
"vegan","RACE",23.5632798573975
"wiqid","RACE",23.5632798573975
"BiodiversityR","RBOO",20
"wiqid","RBOO",35
"BAT","RC1",22.5
"BiodiversityR","RC1",20
"biosampleR","RC1",22.5
"iNEXT","RC1",24.137
"microbiome","RC1",22.5
"pctax","RC1",22.5
"rareNMtests","RC1",20
"SpadeR","RC1",20
"SSP","RC1",19
"vegan","RC1",22.5
"BAT","RC1M",23.90625
"divent","RC1M",24.1369047619048
"ecodive","RC1M",24.1666666666667
"entropart","RC1M",24.1369047619048
"fossil","RC1M",24.1666666666667
"mobr","RC1M",24.1369047619048
"OTUtable","RC1M",24.1666666666667
"tabula","RC1M",24.1369047619048
"wiqid","RC1M",24.1666666666667
"BAT","RCA2",133.37
"divDyn","RCA2",22.375
"fossil","RCA2",24.1666666666667
"tabula","RCA2",20
"wiqid","RCA2",20
"benthos","RHUR_2",1.83473792394654
"benthos","RHUR_3",2.5514321462085
"divent","RHUR_2",6.05101567011729
"divent","RHUR_3",6.33612362875489
"entropart","RHUR_2",1.83473792394654
"entropart","RHUR_3",2.5514321462085
"mobsim","RHUR_2",1.83473792394654
"mobsim","RHUR_3",2.5514321462085
"tabula","RHUR_2",1.83473792394968
"tabula","RHUR_3",2.55143214620969
"vegan","RHUR_2",1.83473792394654
"vegan","RHUR_3",2.5514321462085
"BAT","RICE",NA
"fossil","RICE",21.6666666666667
"tabula","RICE",20
"wiqid","RICE",20
"BAT","RJA1",25
"BiodiversityR","RJA1",20
"divent","RJA1",25
"entropart","RJA1",25
"fossil","RJA1",24.9642857142857
"SSP","RJA1",19
"tabula","RJA1",2.28577509566694
"wiqid","RJA1",25
"BAT","RJA2",27
"BiodiversityR","RJA2",20
"fossil","RJA2",26.8498458376156
"SSP","RJA2",19
"wiqid","RJA2",27
"sprex","RMM",146.5
"wiqid","RMM",0
"divDyn","RSQ",24.3025641025641
"ecodive","RSQ",24.3025641025641
"tabula","RSQ",24.3025641025641
"abdiv","D1SP",0.709345065716195
"ade4","D1SP",0.709345065716195
"adiv","D1SP",0.709345065716195
"agricolae","D1SP",1
"asbio","D1SP",0.709345065716195
"BiodiversityR","D1SP",0.70934507
"biosampleR","D1SP",0.887719552910437
"breakaway","D1SP",0.709345065716195
"catsim","D1SP",0.819591836734694
"concstats","2_D1SP",0.795378151260504
"concstats","D1SP",0.979136909831877
"CUB","D1SP",0.730208155884318
"DescTools","2_D1SP",0.709345065716195
"DescTools","D1SP",0.846795434591747
"divent","D1SP",0.709345065716195
"diverse","D1SP",0.887719552910437
"ecodive","D1SP",0.709345065716195
"entropart","D1SP",0.709345065716195
"lawstat","D1SP",0.846795434591747
"MCPAN","D1SP",-20875
"microbiome","D1SP",0.709345065716195
"PCRA","D1SP",0.709345065716195
"RoughSets","D1SP",0.709345065716195
"simboot","D1SP",-20875
"sprex","D1SP",0.709345065716195
"untb","D1SP",0.712001788808765
"vegan","D1SP",0.709345065716195
"abdiv","DBRI",1.80390120854607
"ecodive","DBRI",1.80390120854607
"tabula","DBRI",1.80390120854607
"wiqid","DBRI",6.0732944968131
"BiodiversityR","DFIS",6.02526859
"ecodive","DFIS",6.025
"microbiome","DFIS",6.0252685904752
"preseqR","DFIS",7.87978781691913
"sads","DFIS",6.02526623756101
"vegan","DFIS",6.0252685904752
"custom","DGLE",4.11376382741969
"DGOO","1_1",1.93042838599021
"DGOO","1_2",0.312555297459241
"DGOO","1_3",1
"DGOO","2_1",0.245207258573141
"DGOO","2_2",0.660198517913639
"DGOO","2_3",1
"DGOO","3_1",0.0953884023406447
"DGOO","3_2",0.0720578078519466
"DGOO","3_3",1
"abdiv","DINVSP",3.44050584403142
"adiv","DINVSP",3.44050584403142
"asbio","DINVSP",3.44050584403142
"BiodiversityR","DINVSP",3.44050584
"breakaway","DINVSP",3.44050584403142
"chemodiv","DINVSP",3.44050584403142
"codyn","DINVSP",3.44050584403142
"divseg","DINVSP",1.2906549342838
"ecodive","DINVSP",3.44050584403142
"microbiome","DINVSP",3.44050584403142
"sprex","DINVSP",3.44050584403142
"vegan","DINVSP",3.44050584403142
"custom","DKO",0.08
"asbio","DLMD",37.6340074851959
"Compositional","DLMD",0.999958992306093
"sads","DLMD",1.36091377691431
"vegan","DLMD",39.7141827865574
"abdiv","DMC",0.490859805880895
"adiv","DMC",0.490859805880895
"agricolae","DMC",0.490859805880895
"ecodive","DMC",0.490859805880895
"forestHES","DMC",0.490859805880895
"tabula","DMC",0.490859805880895
"abdiv","DMG",3.93490453057536
"adiv","DMG",3.93490453057536
"agricolae","DMG",6.08121609270737
"ecodive","DMG",3.93490453057536
"tabula","DMG",3.93490453057536
"abdiv","DMN",1.40494861009751
"adiv","DMN",1.40494861009751
"ecodive","DMN",1.40494861009751
"tabula","DMN",1.40494861009751
"custom","DOD",85.8208955223881
"abdiv","DQ",6.25167851051884
"ade4","DRAO",0.709345065716195
"BAT","DRAO",0.709345065716196
"chemodiv","DRAO",421.246606027423
"diverse","DRAO",57.6534291365125
"SYNCSA","DRAO",0.709345065716195
"abdiv","DSHA",1.93042838599021
"adiv","DSHA",1.93042838599021
"aqp","DSHA",-1415.32668796117
"asbio","DSHA",1.93042838599021
"benthos","DSHA",0
"BiodiversityR","DSHA",1.93042839
"biosampleR","DSHA",2.47691915111123
"chemodiv","DSHA",1.93042838599021
"codyn","DSHA",1.93042838599021
"DescTools","DSHA",2.78501945925936
"divDyn","DSHA",1.93042838599021
"divent","DSHA",1.93042838599021
"diverse","DSHA",2.47691915111123
"ecodive","DSHA",1.93042838599021
"EconGeo","DSHA",2.785
"entropart","DSHA",1.99352512594252
"forestmangr","DSHA",3.56
"HardyWeinberg","DSHA",1.93042838599021
"iNEXT","DSHA",1.93
"MCPAN","DSHA",1.93042838599021
"microbiome","DSHA",1.93042838599021
"OTUtable","DSHA",1.93042838599021
"pgirmess","DSHA",2.78501945925936
"SpiecEasi","DSHA",1.93042838599021
"sprex","DSHA",1.93042838599021
"tabula","DSHA",1.93042838599021
"triversity","DSHA",23
"vegan","DSHA",1.93042838599021
"wavethresh","DSHA",-198211.356130775
"wiqid","DSHA",3.47224378881988
"abdiv","DSP",0.290654934283805
"agricolae","DSP",0.290654934283805
"antitrust","DSP",2906.54934283805
"benthos","DSP",0.287998211191235
"breakaway","DSP",0.290654934283805
"concstats","DSP",0.290654934283805
"DescTools","DSP",0.290654934283805
"diverse","DSP",0.106900328587076
"divseg","DSP",1.2906549342838
"EconGeo","DSP",0.290654934283805
"hhi","DSP",0.290654934283805
"ineq","DSP",0.290654934283805
"microbiome","DSP",0.290654934283805
"PDtoolkit","DSP",0.290654934283805
"politics","DSP",0.290654934283805
"REAT","DSP",0.290654934283805
"sprex","DSP",0.290654934283805
"tabula","DSP",0.290654934283805
"triversity","DSP",0.290654934283805
"wiqid","DSP",3.47224378881988
"abdiv","EBP",0.514925373134328
"agricolae","EBP",0.514925373134328
"BiodiversityR","EBP",0.51492537
"diverse","EBP",0.198795180722892
"dyvDyn","EBP",0.0285714285714286
"ecodive","EBP",0.514925373134328
"microbiome","EBP",0.514925373134328
"tabula","EBP",0.514925373134328
"triversity","EBP",0.514925373134328
"wiqid","EBP",1
"tabula","EBRI",0.60866450635894
"BAT","EBU",0.39246947082768
"microbiome","EBU",0.39246947082768
"BAT","ECAM",0.933632234086485
"microbiome","ECAM",0.251460090850097
"codyn","EEQ",0.149031381397538
"custom","EEQ",0.0155614967773638
"adiv","EEVAR",0.350650468298212
"codyn","EEVAR",0.346275458374568
"custom","EEVAR",0.350650468298212
"microbiome","EEVAR",0.350650468298212
"acid","EGIN",0.822601279317697
"DescTools","EGIN",0.822601279317697
"dplR","EGIN",0.822601279317697
"EconGeo","EGIN",0.823
"giniVarCI","EGIN",0.822601279317697
"ineq","EGIN",0.822601279317697
"microbiome","EGIN",0.822601279317697
"REAT","EGIN",0.822601279317697
"shipunov","EGIN",0.822601279317697
"wINEQ","EGIN",0.822601279317697
"adiv","EGSP",0.741588023248749
"abdiv","EHEI",0.267839192886418
"adiv","EHEI",0.267839192886418
"custom","EHUL",0.615671641791045
"benthos","EHURE",0.712001788808765
"BiodiversityR","EHURE",0.71200179
"mobr","EHURE",0.712001788808765
"vegan","EHURE",0.71200178880875
"custom","ELR",0.115254325383386
"abdiv","EMC",0.587231859431442
"tabula","EMC",0.582292058371702
"microbiome","EMN",0.615671641791045
"custom","ENHC",-0.180892416263949
"custom","EPAT",0.315042580882854
"abdiv","EPIE",0.615669573295054
"adiv","EPIE",0.615669573295054
"BiodiversityR","EPIE",0.61566957
"breakaway","EPIE",0.615669573295054
"chemodiv","EPIE",0.615669573295054
"diverse","EPIE",0.841219386320053
"forestmangr","EPIE",1
"microbiome","EPIE",0.615669573295054
"OTUtable","EPIE",0.615669573295054
"pctax","EPIE",0.6157
"sprex","EPIE",0.615669573295054
"tabula","EPIE",0.615669573295054
"custom","ESHE",0.299672271456573
"adiv","ESP",0.149587210610062
"codyn","ESP",0.149587210610062
"sprex","ESP",0.0839316689560961
"tabula","ESP",0.149587210610062
"abdiv","EST",0.581116158338741
"adiv","QHIL_0",23
"adiv","QHIL_1",6.89246224350119
"adiv","QHIL_2",3.44050584403142
"adiv","QHIL_3",2.68777974497271
"BAT","QHIL_0",23
"BAT","QHIL_1",6.89246224350119
"BAT","QHIL_2",3.44050584403142
"BAT","QHIL_3",2.68777974497271
"benthos","QHIL_0",35
"benthos","QHIL_1",6.89246224350119
"benthos","QHIL_2",3.44050584403142
"benthos","QHIL_3",2.68777974497271
"breakaway","QHIL_0",23
"breakaway","QHIL_1",6.89246224350119
"breakaway","QHIL_2",3.44050584403142
"breakaway","QHIL_3",2.68777974497271
"chemodiv","QHIL_0",23
"chemodiv","QHIL_1",6.89246224350119
"chemodiv","QHIL_2",3.44050584403142
"chemodiv","QHIL_3",2.68777974497271
"divDyn","QHIL_2",3.44050584403142
"divent","QHIL_0",29
"divent","QHIL_1",7.34136744690247
"divent","QHIL_2",3.47213447757266
"divent","QHIL_3",2.69651508414796
"entropart","QHIL_0",29
"entropart","QHIL_1",7.34136744690247
"entropart","QHIL_2",3.47213447757266
"entropart","QHIL_3",2.69651508414795
"EntropyEstimation","QHIL_1",7.20300990168434
"EntropyEstimation","QHIL_2",3.47224378881987
"EntropyEstimation","QHIL_3",2.70442838678992
"extremefit","QHIL",NA
"hilldiv","QHIL_0",23
"hilldiv","QHIL_1",6.89253585858294
"hilldiv","QHIL_2",3.44050584403142
"hilldiv","QHIL_3",2.68777974497271
"hillR","QHIL_0",23
"hillR","QHIL_1",6.89246224350119
"hillR","QHIL_2",3.44050584403142
"hillR","QHIL_3",2.68777974497271
"sprex","QHIL_0",23
"sprex","QHIL_1",6.89246224350119
"sprex","QHIL_2",3.44050584403142
"sprex","QHIL_3",2.68777974497271
"vegan","QHIL_0",23
"vegan","QHIL_1",6.89246224350119
"vegan","QHIL_2",3.44050584403142
"vegan","QHIL_3",2.68777974497271
"adiv","QREN_0",3.13549421592915
"adiv","QREN_1",1.93042838599021
"adiv","QREN_2",1.23561850825841
"adiv","QREN_3",0.988715479189311
"BiodiversityR","QREN_0",3.13549421592915
"BiodiversityR","QREN_1",1.93042838599021
"BiodiversityR","QREN_2",1.23561850825841
"BiodiversityR","QREN_3",0.988715479189311
"diverse","QREN_0",2.94443897916644
"diverse","QREN_1",2.47691915111123
"diverse","QREN_2",2.18675554558008
"diverse","QREN_3",2.03258020900571
"EntropyEstimation","QREN_1",1.97449898056744
"EntropyEstimation","QREN_2",1.24480101000703
"EntropyEstimation","QREN_3",0.994890572699753
"seewave","QREN_2",0.347537989486184
"seewave","QREN_3",0.278092459248992
"sprex","QREN_0",3.13549421592915
"sprex","QREN_1",1.93042838599021
"sprex","QREN_2",1.23561850825841
"sprex","QREN_3",0.988715479189311
"statcomp","QREN_1",0.542964669732367
"statcomp","QREN_2",0.347537986967381
"statcomp","QREN_3",0.27809245735989
"vegan","QREN_0",3.13549421592915
"vegan","QREN_1",1.93042838599021
"vegan","QREN_2",1.23561850825841
"vegan","QREN_3",0.988715479189311
"adiv","QTSA_0",22
"adiv","QTSA_1",1.93042838599021
"adiv","QTSA_2",0.709345065716195
"adiv","QTSA_3",0.430787800527325
"divent","QTSA_0",22
"divent","QTSA_1",1.93042838599021
"divent","QTSA_2",0.709345065716195
"divent","QTSA_3",0.430787800527326
"entropart","QTSA_0",28
"entropart","QTSA_1",1.99352512594252
"entropart","QTSA_2",0.711992721923866
"entropart","QTSA_3",0.431235498932914
"EntropyEstimation","QTSA_1",1.97449898056744
"EntropyEstimation","QTSA_2",0.712001788808765
"EntropyEstimation","QTSA_3",0.431637327428919
"vegan","QTSA_0",22
"vegan","QTSA_1",1.93042838599021
"vegan","QTSA_2",0.709345065716195
"vegan","QTSA_3",0.430787800527325
"BAT","RACE",28.4339622641509
"ecodive","RACE",28.4339622641509
"fossil","RACE",25.25
"pctax","RACE",28.434
"sprex","RACE",268.569892612032
"tabula","RACE",28.4339622641509
"vegan","RACE",28.4339622641509
"wiqid","RACE",28.4339622641509
"BiodiversityR","RBOO",23
"wiqid","RBOO",35
"BAT","RC1",25.5
"BiodiversityR","RC1",23
"biosampleR","RC1",19.25
"iNEXT","RC1",26.587
"microbiome","RC1",25.5
"pctax","RC1",25.5
"rareNMtests","RC1",23
"SpadeR","RC1",23
"SSP","RC1",22
"vegan","RC1",25.5
"BAT","RC1M",27.2353497164461
"divent","RC1M",26.5865671641791
"ecodive","RC1M",26.6
"entropart","RC1M",26.5865671641791
"fossil","RC1M",26.6
"mobr","RC1M",26.5865671641791
"OTUtable","RC1M",26.6
"tabula","RC1M",26.5865671641791
"wiqid","RC1M",26.6
"BAT","RCA2",37.6217776945277
"divDyn","RCA2",25.3913043478261
"fossil","RCA2",26.6
"tabula","RCA2",23
"wiqid","RCA2",23
"benthos","RHUR_2",1.71200178880875
"benthos","RHUR_3",2.2727307115684
"divent","RHUR_2",3.47224633458466
"divent","RHUR_3",3.75925366472269
"entropart","RHUR_2",1.71200178880875
"entropart","RHUR_3",2.2727307115684
"mobsim","RHUR_2",1.71200178880875
"mobsim","RHUR_3",2.2727307115684
"tabula","RHUR_2",1.71200991367424
"tabula","RHUR_3",2.27273226065259
"vegan","RHUR_2",1.71200178880875
"vegan","RHUR_3",2.2727307115684
"BAT","RICE",61.4721154833728
"fossil","RICE",25.25
"tabula","RICE",23
"wiqid","RICE",23
"BAT","RJA1",29
"BiodiversityR","RJA1",23
"divent","RJA1",29
"entropart","RJA1",29
"fossil","RJA1",28.9776119402985
"SSP","RJA1",22
"tabula","RJA1",1.93042838599021
"wiqid","RJA1",29
"BAT","RJA2",30
"BiodiversityR","RJA2",23
"fossil","RJA2",29.9215719157024
"SSP","RJA2",22
"wiqid","RJA2",30
"sprex","RMM",288
"wiqid","RMM",0
"divDyn","RSQ",33.4837206707028
"ecodive","RSQ",33.4837206707028
"tabula","RSQ",33.4837206707028
"abdiv","D1SP",0.741299572204879
"ade4","D1SP",0.741299572204879
"adiv","D1SP",0.741299572204879
"agricolae","D1SP",1
"asbio","D1SP",0.741299572204879
"BiodiversityR","D1SP",0.74129957
"biosampleR","D1SP",0.889274691358025
"breakaway","D1SP",0.741299572204879
"catsim","D1SP",0.747755102040816
"concstats","2_D1SP",0.795378151260504
"concstats","D1SP",0.978197071405739
"CUB","D1SP",0.76310250079914
"DescTools","2_D1SP",0.741299572204879
"DescTools","D1SP",0.840290955091714
"divent","D1SP",0.741299572204879
"diverse","D1SP",0.889274691358025
"ecodive","D1SP",0.741299572204879
"entropart","D1SP",0.741299572204879
"lawstat","D1SP",0.840290955091714
"MCPAN","D1SP",-8949
"microbiome","D1SP",0.741299572204879
"PCRA","D1SP",0.741299572204879
"RoughSets","D1SP",0.741299572204879
"simboot","D1SP",-8949
"sprex","D1SP",0.741299572204879
"untb","D1SP",0.7453065969195
"vegan","D1SP",0.741299572204879
"abdiv","DBRI",1.84364762924433
"ecodive","DBRI",1.84364762924433
"tabula","DBRI",1.84364762924433
"wiqid","DBRI",6.31954763745077
"BiodiversityR","DFIS",5.29751122
"ecodive","DFIS",5.298
"microbiome","DFIS",5.29751122179693
"preseqR","DFIS",6.31235647070891
"sads","DFIS",5.29750560135951
"vegan","DFIS",5.29751122179693
"custom","DGLE",3.63584405948622
"DGOO","1_1",1.99564653126028
"DGOO","1_2",0.341777710477742
"DGOO","1_3",1
"DGOO","2_1",0.247369235829856
"DGOO","2_2",0.726184187126762
"DGOO","2_3",1
"DGOO","3_1",0.0865673780931597
"DGOO","3_2",0.080768617590326
"DGOO","3_3",1
"abdiv","DINVSP",3.86547486033519
"adiv","DINVSP",3.86547486033519
"asbio","DINVSP",3.86547486033519
"BiodiversityR","DINVSP",3.86547486
"breakaway","DINVSP",3.86547486033519
"chemodiv","DINVSP",3.86547486033519
"codyn","DINVSP",3.86547486033519
"divseg","DINVSP",1.25870042779512
"ecodive","DINVSP",3.8654748603352
"microbiome","DINVSP",3.86547486033519
"sprex","DINVSP",3.86547486033519
"vegan","DINVSP",3.86547486033519
"custom","DKO",0.24
"asbio","DLMD",NA
"Compositional","DLMD",0.999958992306093
"sads","DLMD",1.44892668310865
"vegan","DLMD",22.980061734521
"abdiv","DMC",0.530254097210805
"adiv","DMC",0.530254097210805
"agricolae","DMC",0.530254097210805
"ecodive","DMC",0.530254097210805
"forestHES","DMC",0.530254097210805
"tabula","DMC",0.530254097210805
"abdiv","DMG",3.44448384582905
"adiv","DMG",3.44448384582905
"agricolae","DMG",6.50624726434376
"ecodive","DMG",3.44448384582905
"tabula","DMG",3.44448384582905
"abdiv","DMN",1.39314759270286
"adiv","DMN",1.39314759270286
"ecodive","DMN",1.39314759270286
"tabula","DMN",1.39314759270286
"custom","DOD",102.150537634409
"abdiv","DQ",5.64582826474227
"ade4","DRAO",0.741299572204879
"BAT","DRAO",0.741299572204878
"chemodiv","DRAO",424.256687630315
"diverse","DRAO",49.4330016764737
"SYNCSA","DRAO",0.741299572204879
"abdiv","DSHA",1.99564653126028
"adiv","DSHA",1.99564653126028
"aqp","DSHA",-866.76919901903
"asbio","DSHA",1.99564653126028
"benthos","DSHA",0
"BiodiversityR","DSHA",1.99564653
"biosampleR","DSHA",2.57284443806123
"chemodiv","DSHA",1.99564653126028
"codyn","DSHA",1.99564653126028
"DescTools","DSHA",2.87910935401647
"divDyn","DSHA",1.99564653126028
"divent","DSHA",1.99564653126028
"diverse","DSHA",2.57284443806123
"ecodive","DSHA",1.99564653126028
"EconGeo","DSHA",2.879
"entropart","DSHA",2.04269471172342
"forestmangr","DSHA",3.56
"HardyWeinberg","DSHA",1.99564653126028
"iNEXT","DSHA",1.996
"MCPAN","DSHA",1.99564653126028
"microbiome","DSHA",1.99564653126028
"OTUtable","DSHA",1.99564653126028
"pgirmess","DSHA",2.87910935401647
"SpiecEasi","DSHA",1.99564653126028
"sprex","DSHA",1.99564653126028
"tabula","DSHA",1.99564653126028
"triversity","DSHA",19
"vegan","DSHA",1.99564653126028
"wavethresh","DSHA",-76424.8932939269
"wiqid","DSHA",3.92628936558649
"abdiv","DSP",0.258700427795121
"agricolae","DSP",0.258700427795121
"antitrust","DSP",2587.00427795121
"benthos","DSP",0.2546934030805
"breakaway","DSP",0.258700427795121
"concstats","DSP",0.258700427795121
"DescTools","DSP",0.258700427795121
"diverse","DSP",0.106589147286822
"divseg","DSP",1.25870042779512
"EconGeo","DSP",0.258700427795121
"hhi","DSP",0.258700427795121
"ineq","DSP",0.258700427795121
"microbiome","DSP",0.258700427795121
"PDtoolkit","DSP",0.258700427795121
"politics","DSP",0.258700427795121
"REAT","DSP",0.258700427795121
"sprex","DSP",0.258700427795121
"tabula","DSP",0.258700427795121
"triversity","DSP",0.258700427795121
"wiqid","DSP",3.92628936558649
"abdiv","EBP",0.478494623655914
"agricolae","EBP",0.478494623655914
"BiodiversityR","EBP",0.47849462
"diverse","EBP",0.194444444444444
"dyvDyn","EBP",0.0285714285714286
"ecodive","EBP",0.478494623655914
"microbiome","EBP",0.478494623655914
"tabula","EBP",0.478494623655914
"triversity","EBP",0.478494623655914
"wiqid","EBP",1
"tabula","EBRI",0.670092894293015
"BAT","EBU",0.450418160095579
"microbiome","EBU",0.450418160095579
"BAT","ECAM",0.926491856882349
"microbiome","ECAM",0.32597623089983
"codyn","EEQ",0.158467156508177
"custom","EEQ",0.0198863319591769
"adiv","EEVAR",0.428648186330639
"codyn","EEVAR",0.420887225486613
"custom","EEVAR",0.428648186330639
"microbiome","EEVAR",0.428648186330639
"acid","EGIN",0.816282642089094
"DescTools","EGIN",0.816282642089094
"dplR","EGIN",0.816282642089094
"EconGeo","EGIN",0.816
"giniVarCI","EGIN",0.816282642089094
"ineq","EGIN",0.816282642089094
"microbiome","EGIN",0.816282642089094
"REAT","EGIN",0.816282642089094
"shipunov","EGIN",0.816282642089094
"wINEQ","EGIN",0.816282642089094
"adiv","EGSP",0.782482881771817
"abdiv","EHEI",0.353164332996207
"adiv","EHEI",0.353164332996207
"custom","EHUL",0.586021505376344
"benthos","EHURE",0.7453065969195
"BiodiversityR","EHURE",0.7453066
"mobr","EHURE",0.7453065969195
"vegan","EHURE",0.745306596919471
"custom","ELR",0.150359644196077
"abdiv","EMC",0.562942183523267
"tabula","EMC",0.63766417511587
"microbiome","EMN",0.586021505376344
"custom","ENHC",-0.191200283045056
"custom","EPAT",0.286672920757403
"abdiv","EPIE",0.677768004492741
"adiv","EPIE",0.677768004492741
"BiodiversityR","EPIE",0.677768
"breakaway","EPIE",0.677768004492741
"chemodiv","EPIE",0.677768004492741
"diverse","EPIE",0.799299065277417
"forestmangr","EPIE",1
"microbiome","EPIE",0.677768004492741
"OTUtable","EPIE",0.677768004492741
"pctax","EPIE",0.6778
"sprex","EPIE",0.677768004492741
"tabula","EPIE",0.677768004492741
"custom","ESHE",0.387208315470091
"adiv","ESP",0.2034460452808
"codyn","ESP",0.2034460452808
"sprex","ESP",0.105034027961067
"tabula","ESP",0.2034460452808
"abdiv","EST",0.520656479909451
"adiv","QHIL_0",19
"adiv","QHIL_1",7.35695799393173
"adiv","QHIL_2",3.86547486033519
"adiv","QHIL_3",2.9888095275283
"BAT","QHIL_0",19
"BAT","QHIL_1",7.35695799393173
"BAT","QHIL_2",3.86547486033519
"BAT","QHIL_3",2.9888095275283
"benthos","QHIL_0",35
"benthos","QHIL_1",7.35695799393173
"benthos","QHIL_2",3.86547486033519
"benthos","QHIL_3",2.9888095275283
"breakaway","QHIL_0",19
"breakaway","QHIL_1",7.35695799393173
"breakaway","QHIL_2",3.86547486033519
"breakaway","QHIL_3",2.9888095275283
"chemodiv","QHIL_0",19
"chemodiv","QHIL_1",7.35695799393173
"chemodiv","QHIL_2",3.86547486033519
"chemodiv","QHIL_3",2.9888095275283
"divDyn","QHIL_2",3.86547486033519
"divent","QHIL_0",22
"divent","QHIL_1",7.7113611213143
"divent","QHIL_2",3.92621841967808
"divent","QHIL_3",3.01817266084777
"entropart","QHIL_0",22
"entropart","QHIL_1",7.7113611213143
"entropart","QHIL_2",3.92621841967808
"entropart","QHIL_3",3.01817266084777
"EntropyEstimation","QHIL_1",7.74516264105437
"EntropyEstimation","QHIL_2",3.92628936558649
"EntropyEstimation","QHIL_3",3.02073197296134
"extremefit","QHIL",NA
"hilldiv","QHIL_0",19
"hilldiv","QHIL_1",7.35702496040737
"hilldiv","QHIL_2",3.86547486033519
"hilldiv","QHIL_3",2.9888095275283
"hillR","QHIL_0",19
"hillR","QHIL_1",7.35695799393173
"hillR","QHIL_2",3.86547486033519
"hillR","QHIL_3",2.9888095275283
"sprex","QHIL_0",19
"sprex","QHIL_1",7.35695799393173
"sprex","QHIL_2",3.86547486033519
"sprex","QHIL_3",2.9888095275283
"vegan","QHIL_0",19
"vegan","QHIL_1",7.35695799393173
"vegan","QHIL_2",3.8654748603352
"vegan","QHIL_3",2.9888095275283
"adiv","QREN_0",2.94443897916644
"adiv","QREN_1",1.99564653126028
"adiv","QREN_2",1.3520845361575
"adiv","QREN_3",1.09487515679098
"BiodiversityR","QREN_0",2.94443897916644
"BiodiversityR","QREN_1",1.99564653126028
"BiodiversityR","QREN_2",1.3520845361575
"BiodiversityR","QREN_3",1.09487515679098
"diverse","QREN_0",3.2188758248682
"diverse","QREN_1",2.57284443806123
"diverse","QREN_2",2.20070284171254
"diverse","QREN_3",2.02894368038706
"EntropyEstimation","QREN_1",2.0470684731389
"EntropyEstimation","QREN_2",1.36769479807617
"EntropyEstimation","QREN_3",1.10549917717143
"seewave","QREN_2",0.38029597383368
"seewave","QREN_3",0.307951612826211
"sprex","QREN_0",2.94443897916644
"sprex","QREN_1",1.99564653126028
"sprex","QREN_2",1.3520845361575
"sprex","QREN_3",1.09487515679098
"statcomp","QREN_1",0.561308343584302
"statcomp","QREN_2",0.380295968994688
"statcomp","QREN_3",0.307951609196967
"vegan","QREN_0",2.94443897916644
"vegan","QREN_1",1.99564653126028
"vegan","QREN_2",1.3520845361575
"vegan","QREN_3",1.09487515679098
"adiv","QTSA_0",18
"adiv","QTSA_1",1.99564653126028
"adiv","QTSA_2",0.741299572204879
"adiv","QTSA_3",0.444027651900835
"divent","QTSA_0",18
"divent","QTSA_1",1.99564653126028
"divent","QTSA_2",0.741299572204879
"divent","QTSA_3",0.444027651900835
"entropart","QTSA_0",21
"entropart","QTSA_1",2.04269471172342
"entropart","QTSA_2",0.745301994665393
"entropart","QTSA_3",0.445111439321289
"EntropyEstimation","QTSA_1",2.0470684731389
"EntropyEstimation","QTSA_2",0.7453065969195
"EntropyEstimation","QTSA_3",0.445204408475797
"vegan","QTSA_0",18
"vegan","QTSA_1",1.99564653126028
"vegan","QTSA_2",0.741299572204879
"vegan","QTSA_3",0.444027651900835
"BAT","RACE",20.8909807972205
"ecodive","RACE",20.8909807972205
"fossil","RACE",19.8421052631579
"pctax","RACE",20.891
"sprex","RACE",188.521002164304
"tabula","RACE",20.8909807972205
"vegan","RACE",20.8909807972205
"wiqid","RACE",20.8909807972205
"BiodiversityR","RBOO",19
"wiqid","RBOO",35
"BAT","RC1",19.75
"BiodiversityR","RC1",19
"biosampleR","RC1",30
"iNEXT","RC1",20.492
"microbiome","RC1",19.75
"pctax","RC1",19.75
"rareNMtests","RC1",19
"SpadeR","RC1",19
"SSP","RC1",18
"vegan","RC1",19.75
"BAT","RC1M",20.2423822714681
"divent","RC1M",20.491935483871
"ecodive","RC1M",20.5
"entropart","RC1M",20.491935483871
"fossil","RC1M",20.5
"mobr","RC1M",20.491935483871
"OTUtable","RC1M",20.5
"tabula","RC1M",20.491935483871
"wiqid","RC1M",20.5
"BAT","RCA2",33.8015366520734
"divDyn","RCA2",19.7105263157895
"fossil","RCA2",20.5
"tabula","RCA2",19
"wiqid","RCA2",19
"benthos","RHUR_2",1.74530659691947
"benthos","RHUR_3",2.34551097380687
"divent","RHUR_2",3.9262610857701
"divent","RHUR_3",4.22184922058242
"entropart","RHUR_2",1.74530659691947
"entropart","RHUR_3",2.34551097380687
"mobsim","RHUR_2",1.74530659691947
"mobsim","RHUR_3",2.34551097380687
"tabula","RHUR_2",1.74537217905552
"tabula","RHUR_3",2.34553292487564
"vegan","RHUR_2",1.74530659691947
"vegan","RHUR_3",2.34551097380687
"BAT","RICE",42.1371101123011
"fossil","RICE",19.8421052631579
"tabula","RICE",19
"wiqid","RICE",19
"BAT","RJA1",22
"BiodiversityR","RJA1",19
"divent","RJA1",22
"entropart","RJA1",22
"fossil","RJA1",21.9838709677419
"SSP","RJA1",18
"tabula","RJA1",1.99564653126028
"wiqid","RJA1",22
"BAT","RJA2",22
"BiodiversityR","RJA2",19
"fossil","RJA2",21.9515257192677
"SSP","RJA2",18
"wiqid","RJA2",22
"sprex","RMM",199
"wiqid","RMM",0
"divDyn","RSQ",21.3321462694346
"ecodive","RSQ",21.3321462694346
"tabula","RSQ",21.3321462694346
"abdiv","D1SP",0.809746197858086
"ade4","D1SP",0.809746197858086
"adiv","D1SP",0.809746197858086
"agricolae","D1SP",1
"asbio","D1SP",0.809746197858086
"BiodiversityR","D1SP",0.8097462
"biosampleR","D1SP",0.852740858295312
"breakaway","D1SP",0.809746197858086
"catsim","D1SP",0.817959183673469
"concstats","2_D1SP",0.795378151260504
"concstats","D1SP",0.976183935357115
"CUB","D1SP",0.833562262500971
"DescTools","2_D1SP",0.809746197858086
"DescTools","D1SP",0.815919374742904
"divent","D1SP",0.809746197858086
"diverse","D1SP",0.852740858295312
"ecodive","D1SP",0.809746197858086
"entropart","D1SP",0.809746197858086
"lawstat","D1SP",0.815919374742904
"MCPAN","D1SP",-15561
"microbiome","D1SP",0.809746197858086
"PCRA","D1SP",0.809746197858086
"RoughSets","D1SP",0.809746197858086
"simboot","D1SP",-15561
"sprex","D1SP",0.809746197858086
"untb","D1SP",0.812587412587413
"vegan","D1SP",0.809746197858086
"abdiv","DBRI",2.07400597415105
"ecodive","DBRI",2.07400597415105
"tabula","DBRI",2.07400597415105
"wiqid","DBRI",7.95663342750981
"BiodiversityR","DFIS",5.8936351
"ecodive","DFIS",5.894
"microbiome","DFIS",5.89363510308537
"preseqR","DFIS",14.3176352971571
"sads","DFIS",5.89363256341946
"vegan","DFIS",5.89363510308537
"custom","DGLE",4.06648396413892
"DGOO","1_1",2.19930866615162
"DGOO","1_2",0.405072507662997
"DGOO","1_3",1
"DGOO","2_1",0.248112119088051
"DGOO","2_2",0.855165726831695
"DGOO","2_3",1
"DGOO","3_1",0.0637955669533059
"DGOO","3_2",0.102748015540652
"DGOO","3_3",1
"abdiv","DINVSP",5.25613674334918
"adiv","DINVSP",5.25613674334918
"asbio","DINVSP",5.25613674334918
"BiodiversityR","DINVSP",5.25613674
"breakaway","DINVSP",5.25613674334918
"chemodiv","DINVSP",5.25613674334918
"codyn","DINVSP",5.25613674334918
"divseg","DINVSP",1.19025380214191
"ecodive","DINVSP",5.25613674334918
"microbiome","DINVSP",5.25613674334918
"sprex","DINVSP",5.25613674334918
"vegan","DINVSP",5.25613674334918
"custom","DKO",0.08
"asbio","DLMD",29.359183783432
"Compositional","DLMD",0.999958992306093
"sads","DLMD",1.53798782424734
"vegan","DLMD",30.0348397420222
"abdiv","DMC",0.599253685009937
"adiv","DMC",0.599253685009937
"agricolae","DMC",0.599253685009937
"ecodive","DMC",0.599253685009937
"forestHES","DMC",0.599253685009937
"tabula","DMC",0.599253685009937
"abdiv","DMG",3.88968031352419
"adiv","DMG",3.88968031352419
"agricolae","DMG",6.01132412090102
"ecodive","DMG",3.88968031352419
"tabula","DMG",3.88968031352419
"abdiv","DMN",1.36001851077489
"adiv","DMN",1.36001851077489
"ecodive","DMN",1.36001851077489
"tabula","DMN",1.36001851077489
"custom","DOD",80.4195804195804
"abdiv","DQ",5.91655497307444
"ade4","DRAO",0.809746197858086
"BAT","DRAO",0.809746197858086
"chemodiv","DRAO",416.630645680764
"diverse","DRAO",56.96861471445
"SYNCSA","DRAO",0.809746197858086
"abdiv","DSHA",2.19930866615162
"adiv","DSHA",2.19930866615162
"aqp","DSHA",-1426.26473439087
"asbio","DSHA",2.19930866615162
"benthos","DSHA",0
"BiodiversityR","DSHA",2.19930867
"biosampleR","DSHA",2.24718804757461
"chemodiv","DSHA",2.19930866615162
"codyn","DSHA",2.19930866615162
"DescTools","DSHA",3.17293170604107
"divDyn","DSHA",2.19930866615162
"divent","DSHA",2.19930866615162
"diverse","DSHA",2.24718804757461
"ecodive","DSHA",2.19930866615162
"EconGeo","DSHA",3.173
"entropart","DSHA",2.25064353088602
"forestmangr","DSHA",3.56
"HardyWeinberg","DSHA",2.19930866615162
"iNEXT","DSHA",2.199
"MCPAN","DSHA",2.19930866615162
"microbiome","DSHA",2.19930866615162
"OTUtable","DSHA",2.19930866615162
"pgirmess","DSHA",3.17293170604107
"SpiecEasi","DSHA",2.19930866615162
"sprex","DSHA",2.19930866615162
"tabula","DSHA",2.19930866615162
"triversity","DSHA",23
"vegan","DSHA",2.19930866615162
"wavethresh","DSHA",-135447.931334105
"wiqid","DSHA",5.33582089552239
"abdiv","DSP",0.190253802141914
"agricolae","DSP",0.190253802141914
"antitrust","DSP",1902.53802141914
"benthos","DSP",0.187412587412587
"breakaway","DSP",0.190253802141914
"concstats","DSP",0.190253802141914
"DescTools","DSP",0.190253802141914
"diverse","DSP",0.143236779165559
"divseg","DSP",1.19025380214191
"EconGeo","DSP",0.190253802141914
"hhi","DSP",0.190253802141914
"ineq","DSP",0.190253802141914
"microbiome","DSP",0.190253802141914
"PDtoolkit","DSP",0.190253802141914
"politics","DSP",0.190253802141914
"REAT","DSP",0.190253802141914
"sprex","DSP",0.190253802141914
"tabula","DSP",0.190253802141914
"triversity","DSP",0.190253802141914
"wiqid","DSP",5.33582089552239
"abdiv","EBP",0.377622377622378
"agricolae","EBP",0.377622377622378
"BiodiversityR","EBP",0.37762238
"diverse","EBP",0.276995305164319
"dyvDyn","EBP",0.0285714285714286
"ecodive","EBP",0.377622377622378
"microbiome","EBP",0.377622377622378
"tabula","EBP",0.377622377622378
"triversity","EBP",0.377622377622378
"wiqid","EBP",1
"tabula","EBRI",0.697837530228026
"BAT","EBU",0.448664971392244
"microbiome","EBU",0.448664971392244
"BAT","ECAM",0.93778158600293
"microbiome","ECAM",0.308300395256917
"codyn","EEQ",0.143315505275449
"custom","EEQ",0.0165063799061634
"adiv","EEVAR",0.329257387133923
"codyn","EEVAR",0.325043112615247
"custom","EEVAR",0.329257387133923
"microbiome","EEVAR",0.329257387133923
"acid","EGIN",0.792607392607393
"DescTools","EGIN",0.792607392607392
"dplR","EGIN",0.792607392607393
"EconGeo","EGIN",0.793
"giniVarCI","EGIN",0.792607392607393
"ineq","EGIN",0.792607392607393
"microbiome","EGIN",0.792607392607393
"REAT","EGIN",0.792607392607393
"shipunov","EGIN",0.792607392607393
"wINEQ","EGIN",0.792607392607393
"adiv","EGSP",0.846552843215272
"abdiv","EHEI",0.364489834470078
"adiv","EHEI",0.364489834470078
"custom","EHUL",0.541958041958042
"benthos","EHURE",0.812587412587413
"BiodiversityR","EHURE",0.81258741
"mobr","EHURE",0.812587412587413
"vegan","EHURE",0.812587412587427
"custom","ELR",0.150810109398044
"abdiv","EMC",0.47245477806093
"tabula","EMC",0.71235545131171
"microbiome","EMN",0.541958041958042
"custom","ENHC",-0.192136679656641
"custom","EPAT",0.198080619897499
"abdiv","EPIE",0.701423289183105
"adiv","EPIE",0.701423289183105
"BiodiversityR","EPIE",0.70142329
"breakaway","EPIE",0.701423289183105
"chemodiv","EPIE",0.701423289183105
"diverse","EPIE",0.763197357280869
"forestmangr","EPIE",1
"microbiome","EPIE",0.701423289183105
"OTUtable","EPIE",0.701423289183105
"pctax","EPIE",0.7014
"sprex","EPIE",0.701423289183105
"tabula","EPIE",0.701423289183105
"custom","ESHE",0.392120711232248
"adiv","ESP",0.228527684493443
"codyn","ESP",0.228527684493443
"sprex","ESP",0.0956221159196358
"tabula","ESP",0.228527684493443
"abdiv","EST",0.527363940407419
"adiv","QHIL_0",23
"adiv","QHIL_1",9.01877635834171
"adiv","QHIL_2",5.25613674334918
"adiv","QHIL_3",4.09998403204622
"BAT","QHIL_0",23
"BAT","QHIL_1",9.01877635834171
"BAT","QHIL_2",5.25613674334918
"BAT","QHIL_3",4.09998403204622
"benthos","QHIL_0",35
"benthos","QHIL_1",9.01877635834171
"benthos","QHIL_2",5.25613674334918
"benthos","QHIL_3",4.09998403204622
"breakaway","QHIL_0",23
"breakaway","QHIL_1",9.01877635834171
"breakaway","QHIL_2",5.25613674334918
"breakaway","QHIL_3",4.09998403204622
"chemodiv","QHIL_0",23
"chemodiv","QHIL_1",9.01877635834171
"chemodiv","QHIL_2",5.25613674334918
"chemodiv","QHIL_3",4.09998403204622
"divDyn","QHIL_2",5.25613674334918
"divent","QHIL_0",28
"divent","QHIL_1",9.4938434524166
"divent","QHIL_2",5.3357713515859
"divent","QHIL_3",4.13167464022464
"entropart","QHIL_0",28
"entropart","QHIL_1",9.4938434524166
"entropart","QHIL_2",5.3357713515859
"entropart","QHIL_3",4.13167464022465
"EntropyEstimation","QHIL_1",9.39661956958349
"EntropyEstimation","QHIL_2",5.3358208955224
"EntropyEstimation","QHIL_3",4.14777337094444
"extremefit","QHIL",NA
"hilldiv","QHIL_0",23
"hilldiv","QHIL_1",9.018845213616
"hilldiv","QHIL_2",5.25613674334918
"hilldiv","QHIL_3",4.09998403204622
"hillR","QHIL_0",23
"hillR","QHIL_1",9.01877635834171
"hillR","QHIL_2",5.25613674334918
"hillR","QHIL_3",4.09998403204622
"sprex","QHIL_0",23
"sprex","QHIL_1",9.01877635834171
"sprex","QHIL_2",5.25613674334918
"sprex","QHIL_3",4.09998403204622
"vegan","QHIL_0",23
"vegan","QHIL_1",9.01877635834171
"vegan","QHIL_2",5.25613674334918
"vegan","QHIL_3",4.09998403204622
"adiv","QREN_0",3.13549421592915
"adiv","QREN_1",2.19930866615162
"adiv","QREN_2",1.65939629746283
"adiv","QREN_3",1.41098307907981
"BiodiversityR","QREN_0",3.13549421592915
"BiodiversityR","QREN_1",2.19930866615162
"BiodiversityR","QREN_2",1.65939629746283
"BiodiversityR","QREN_3",1.41098307907981
"diverse","QREN_0",2.94443897916644
"diverse","QREN_1",2.24718804757461
"diverse","QREN_2",1.91556137549337
"diverse","QREN_3",1.74974706811765
"EntropyEstimation","QREN_1",2.24035000434001
"EntropyEstimation","QREN_2",1.6744427427431
"EntropyEstimation","QREN_3",1.42257165313324
"seewave","QREN_2",0.466732448456616
"seewave","QREN_3",0.396862152726172
"sprex","QREN_0",3.13549421592915
"sprex","QREN_1",2.19930866615162
"sprex","QREN_2",1.65939629746283
"sprex","QREN_3",1.41098307907981
"statcomp","QREN_1",0.61859166194555
"statcomp","QREN_2",0.466732446096339
"statcomp","QREN_3",0.396862150955964
"vegan","QREN_0",3.13549421592915
"vegan","QREN_1",2.19930866615162
"vegan","QREN_2",1.65939629746283
"vegan","QREN_3",1.41098307907981
"adiv","QTSA_0",22
"adiv","QTSA_1",2.19930866615162
"adiv","QTSA_2",0.809746197858086
"adiv","QTSA_3",0.470255568432741
"divent","QTSA_0",22
"divent","QTSA_1",2.19930866615162
"divent","QTSA_2",0.809746197858086
"divent","QTSA_3",0.470255568432741
"entropart","QTSA_0",27
"entropart","QTSA_1",2.25064353088602
"entropart","QTSA_2",0.812585672415896
"entropart","QTSA_3",0.470710107663439
"EntropyEstimation","QTSA_1",2.24035000434001
"EntropyEstimation","QTSA_2",0.812587412587413
"EntropyEstimation","QTSA_3",0.470937031833993
"vegan","QTSA_0",22
"vegan","QTSA_1",2.19930866615162
"vegan","QTSA_2",0.809746197858086
"vegan","QTSA_3",0.470255568432741
"BAT","RACE",28.4956951530612
"ecodive","RACE",28.4956951530612
"fossil","RACE",24.5178571428571
"pctax","RACE",28.4957
"sprex","RACE",314.953072907409
"tabula","RACE",28.4956951530612
"vegan","RACE",28.4956951530612
"wiqid","RACE",28.4956951530612
"BiodiversityR","RBOO",23
"wiqid","RBOO",35
"BAT","RC1",24.4285714285714
"BiodiversityR","RC1",23
"biosampleR","RC1",22.3333333333333
"iNEXT","RC1",25.076
"microbiome","RC1",24.4285714285714
"pctax","RC1",24.4286
"rareNMtests","RC1",23
"SpadeR","RC1",23
"SSP","RC1",22
"vegan","RC1",24.4285714285714
"BAT","RC1M",25.5830407777478
"divent","RC1M",25.0760489510489
"ecodive","RC1M",25.0833333333333
"entropart","RC1M",25.0760489510489
"fossil","RC1M",25.0833333333333
"mobr","RC1M",25.0760489510489
"OTUtable","RC1M",25.0833333333333
"tabula","RC1M",25.0760489510489
"wiqid","RC1M",25.0833333333333
"BAT","RCA2",33.6971036830816
"divDyn","RCA2",24.3664596273292
"fossil","RCA2",25.0833333333333
"tabula","RCA2",23
"wiqid","RCA2",23
"benthos","RHUR_2",1.81258741258743
"benthos","RHUR_3",2.49588817409433
"divent","RHUR_2",5.33582147738107
"divent","RHUR_3",5.59662823090853
"entropart","RHUR_2",1.81258741258743
"entropart","RHUR_3",2.49588817409433
"mobsim","RHUR_2",1.81258741258743
"mobsim","RHUR_3",2.49588817409433
"tabula","RHUR_2",1.81258741257599
"tabula","RHUR_3",2.495888174083
"vegan","RHUR_2",1.81258741258743
"vegan","RHUR_3",2.49588817409433
"BAT","RICE",36.6586440972625
"fossil","RICE",24.5178571428571
"tabula","RICE",23
"wiqid","RICE",23
"BAT","RJA1",28
"BiodiversityR","RJA1",23
"divent","RJA1",28
"entropart","RJA1",28
"fossil","RJA1",27.9825174825175
"SSP","RJA1",22
"tabula","RJA1",2.19930866615162
"wiqid","RJA1",28
"BAT","RJA2",27
"BiodiversityR","RJA2",23
"fossil","RJA2",26.957968347442
"SSP","RJA2",22
"wiqid","RJA2",27
"sprex","RMM",301
"wiqid","RMM",0
"divDyn","RSQ",27.7630415886191
"ecodive","RSQ",27.7630415886191
"tabula","RSQ",27.7630415886191
"abdiv","D1SP",0.885634201156536
"ade4","D1SP",0.885634201156537
"adiv","D1SP",0.885634201156536
"agricolae","D1SP",1
"asbio","D1SP",0.885634201156536
"BiodiversityR","D1SP",0.8856342
"biosampleR","D1SP",0.756168406268952
"breakaway","D1SP",0.885634201156536
"catsim","D1SP",0.760816326530612
"concstats","2_D1SP",0.795378151260504
"concstats","D1SP",0.973951935260102
"CUB","D1SP",0.911682265896435
"DescTools","2_D1SP",0.885634201156537
"DescTools","D1SP",0.770026603606267
"divent","D1SP",0.885634201156536
"diverse","D1SP",0.756168406268952
"ecodive","D1SP",0.885634201156536
"entropart","D1SP",0.885634201156536
"lawstat","D1SP",0.770026603606267
"MCPAN","D1SP",-4528
"microbiome","D1SP",0.885634201156536
"PCRA","D1SP",0.885634201156536
"RoughSets","D1SP",0.885634201156536
"simboot","D1SP",-4528
"sprex","D1SP",0.885634201156536
"untb","D1SP",0.890107101162378
"vegan","D1SP",0.885634201156536
"abdiv","DBRI",2.29780707503468
"ecodive","DBRI",2.29780707503468
"tabula","DBRI",2.29780707503468
"wiqid","DBRI",9.95233378610214
"BiodiversityR","DFIS",5.16802569
"ecodive","DFIS",5.168
"microbiome","DFIS",5.16802568695514
"preseqR","DFIS",11.7140450787977
"sads","DFIS",5.16802526769468
"vegan","DFIS",5.16802568695514
"custom","DGLE",3.58943998676459
"DGOO","1_1",2.45414151003693
"DGOO","1_2",0.472892618927757
"DGOO","1_3",1
"DGOO","2_1",0.22393923711459
"DGOO","2_2",1.09238931779274
"DGOO","2_3",1
"DGOO","3_1",0.0318173195830884
"DGOO","3_2",0.112303252959508
"DGOO","3_3",1
"abdiv","DINVSP",8.74387281960698
"adiv","DINVSP",8.74387281960698
"asbio","DINVSP",8.74387281960698
"BiodiversityR","DINVSP",8.74387282
"breakaway","DINVSP",8.74387281960698
"chemodiv","DINVSP",8.74387281960698
"codyn","DINVSP",8.74387281960698
"divseg","DINVSP",1.11436579884346
"ecodive","DINVSP",8.74387281960698
"microbiome","DINVSP",8.74387281960698
"sprex","DINVSP",8.74387281960698
"vegan","DINVSP",8.74387281960698
"custom","DKO",0.24
"asbio","DLMD",42.5965526552037
"Compositional","DLMD",0.999958992306093
"sads","DLMD",1.76132286176834
"vegan","DLMD",20.6399752163834
"abdiv","DMC",0.712314508937171
"adiv","DMC",0.712314508937171
"agricolae","DMC",0.712314508937171
"ecodive","DMC",0.712314508937171
"forestHES","DMC",0.712314508937171
"tabula","DMC",0.712314508937171
"abdiv","DMG",3.40052209272434
"adiv","DMG",3.40052209272434
"agricolae","DMG",6.42320839736821
"ecodive","DMG",3.40052209272434
"tabula","DMG",3.40052209272434
"abdiv","DMN",1.34687428951584
"adiv","DMN",1.34687428951584
"ecodive","DMN",1.34687428951584
"tabula","DMN",1.34687428951584
"custom","DOD",95.4773869346734
"abdiv","DQ",4.92600136196937
"ade4","DRAO",0.885634201156537
"BAT","DRAO",0.885634201156537
"chemodiv","DRAO",147.235604678308
"diverse","DRAO",55.0046856164412
"SYNCSA","DRAO",0.885634201156537
"abdiv","DSHA",2.45414151003693
"adiv","DSHA",2.45414151003693
"aqp","DSHA",-815.113320040351
"asbio","DSHA",2.45414151003693
"benthos","DSHA",0
"BiodiversityR","DSHA",2.45414151
"biosampleR","DSHA",1.851997092018
"chemodiv","DSHA",2.45414151003693
"codyn","DSHA",2.45414151003693
"DescTools","DSHA",3.54057778617003
"divDyn","DSHA",2.45414151003693
"divent","DSHA",2.45414151003693
"diverse","DSHA",1.851997092018
"ecodive","DSHA",2.45414151003693
"EconGeo","DSHA",3.541
"entropart","DSHA",2.50798706267996
"forestmangr","DSHA",3.56
"HardyWeinberg","DSHA",2.45414151003693
"iNEXT","DSHA",2.454
"MCPAN","DSHA",2.45414151003693
"microbiome","DSHA",2.45414151003693
"OTUtable","DSHA",2.45414151003693
"pgirmess","DSHA",3.54057778617003
"SpiecEasi","DSHA",2.45414151003693
"sprex","DSHA",2.45414151003693
"tabula","DSHA",2.45414151003693
"triversity","DSHA",19
"vegan","DSHA",2.45414151003693
"wavethresh","DSHA",-30210.3196444047
"wiqid","DSHA",9.09976905311778
"abdiv","DSP",0.114365798843464
"agricolae","DSP",0.114365798843464
"antitrust","DSP",1143.65798843463
"benthos","DSP",0.109892898837622
"breakaway","DSP",0.114365798843464
"concstats","DSP",0.114365798843464
"DescTools","DSP",0.114365798843464
"diverse","DSP",0.239535182331792
"divseg","DSP",1.11436579884346
"EconGeo","DSP",0.114365798843464
"hhi","DSP",0.114365798843464
"ineq","DSP",0.114365798843464
"microbiome","DSP",0.114365798843464
"PDtoolkit","DSP",0.114365798843464
"politics","DSP",0.114365798843464
"REAT","DSP",0.114365798843464
"sprex","DSP",0.114365798843464
"tabula","DSP",0.114365798843464
"triversity","DSP",0.114365798843464
"wiqid","DSP",9.09976905311778
"abdiv","EBP",0.21608040201005
"agricolae","EBP",0.21608040201005
"BiodiversityR","EBP",0.2160804
"diverse","EBP",0.355932203389831
"dyvDyn","EBP",0.0285714285714286
"ecodive","EBP",0.21608040201005
"microbiome","EBP",0.21608040201005
"tabula","EBP",0.21608040201005
"triversity","EBP",0.21608040201005
"wiqid","EBP",1
"tabula","EBRI",0.832343646023933
"BAT","EBU",0.572026800670017
"microbiome","EBU",0.572026800670017
"BAT","ECAM",0.940462546651386
"microbiome","ECAM",0.440888653795292
"codyn","EEQ",0.164463827454197
"custom","EEQ",0.0213729832705348
"adiv","EEVAR",0.417772209996511
"codyn","EEVAR",0.410079409253578
"custom","EEVAR",0.417772209996511
"microbiome","EEVAR",0.417772209996511
"acid","EGIN",0.74802584350323
"DescTools","EGIN",0.74802584350323
"dplR","EGIN",0.74802584350323
"EconGeo","EGIN",0.748
"giniVarCI","EGIN",0.74802584350323
"ineq","EGIN",0.74802584350323
"microbiome","EGIN",0.748025843503231
"REAT","EGIN",0.748025843503231
"shipunov","EGIN",0.748025843503231
"wINEQ","EGIN",0.74802584350323
"adiv","EGSP",0.934836101220788
"abdiv","EHEI",0.590913305171348
"adiv","EHEI",0.590913305171348
"custom","EHUL",0.376884422110553
"benthos","EHURE",0.890107101162378
"BiodiversityR","EHURE",0.8901071
"mobr","EHURE",0.890107101162377
"vegan","EHURE",0.890107101162374
"custom","ELR",0.237822603218952
"abdiv","EMC",0.371709199965384
"tabula","EMC",0.858854639632588
"microbiome","EMN",0.376884422110553
"custom","ENHC",-0.205880397231743
"custom","EPAT",0.0872292434915865
"abdiv","EPIE",0.833483569332344
"adiv","EPIE",0.833483569332344
"BiodiversityR","EPIE",0.83348357
"breakaway","EPIE",0.833483569332344
"chemodiv","EPIE",0.833483569332344
"diverse","EPIE",0.640747020503004
"forestmangr","EPIE",1
"microbiome","EPIE",0.833483569332344
"OTUtable","EPIE",0.833483569332344
"pctax","EPIE",0.8335
"sprex","EPIE",0.833483569332344
"tabula","EPIE",0.833483569332344
"custom","ESHE",0.61244418384654
"adiv","ESP",0.460203832610894
"codyn","ESP",0.460203832610894
"sprex","ESP",0.129165342633522
"tabula","ESP",0.460203832610894
"abdiv","EST",0.405448294102089
"adiv","QHIL_0",19
"adiv","QHIL_1",11.6364394930843
"adiv","QHIL_2",8.74387281960698
"adiv","QHIL_3",7.43622245816474
"BAT","QHIL_0",19
"BAT","QHIL_1",11.6364394930843
"BAT","QHIL_2",8.74387281960698
"BAT","QHIL_3",7.43622245816474
"benthos","QHIL_0",35
"benthos","QHIL_1",11.6364394930843
"benthos","QHIL_2",8.74387281960698
"benthos","QHIL_3",7.43622245816474
"breakaway","QHIL_0",19
"breakaway","QHIL_1",11.6364394930843
"breakaway","QHIL_2",8.74387281960698
"breakaway","QHIL_3",7.43622245816474
"chemodiv","QHIL_0",19
"chemodiv","QHIL_1",11.6364394930843
"chemodiv","QHIL_2",8.74387281960698
"chemodiv","QHIL_3",7.43622245816474
"divDyn","QHIL_2",8.74387281960698
"divent","QHIL_0",22
"divent","QHIL_1",12.2801859201281
"divent","QHIL_2",9.002607941109
"divent","QHIL_3",7.60607960969092
"entropart","QHIL_0",22
"entropart","QHIL_1",12.2801859201281
"entropart","QHIL_2",9.002607941109
"entropart","QHIL_3",7.60607960969092
"EntropyEstimation","QHIL_1",12.2036075172103
"EntropyEstimation","QHIL_2",9.09976905311779
"EntropyEstimation","QHIL_3",7.74734117947641
"extremefit","QHIL",NA
"hilldiv","QHIL_0",19
"hilldiv","QHIL_1",11.6364835136936
"hilldiv","QHIL_2",8.74387281960698
"hilldiv","QHIL_3",7.43622245816474
"hillR","QHIL_0",19
"hillR","QHIL_1",11.6364394930843
"hillR","QHIL_2",8.74387281960698
"hillR","QHIL_3",7.43622245816474
"sprex","QHIL_0",19
"sprex","QHIL_1",11.6364394930843
"sprex","QHIL_2",8.74387281960698
"sprex","QHIL_3",7.43622245816474
"vegan","QHIL_0",19
"vegan","QHIL_1",11.6364394930843
"vegan","QHIL_2",8.74387281960698
"vegan","QHIL_3",7.43622245816474
"adiv","QREN_0",2.94443897916644
"adiv","QREN_1",2.45414151003693
"adiv","QREN_2",2.16835320589277
"adiv","QREN_3",2.00636298578674
"BiodiversityR","QREN_0",2.94443897916644
"BiodiversityR","QREN_1",2.45414151003693
"BiodiversityR","QREN_2",2.16835320589277
"BiodiversityR","QREN_3",2.00636298578674
"diverse","QREN_0",2.89037175789616
"diverse","QREN_1",1.851997092018
"diverse","QREN_2",1.4112774816063
"diverse","QREN_3",1.26757929796737
"EntropyEstimation","QREN_1",2.50173160616113
"EntropyEstimation","QREN_2",2.20824903442249
"EntropyEstimation","QREN_3",2.04734971088609
"seewave","QREN_2",0.609884935165757
"seewave","QREN_3",0.564322525712584
"sprex","QREN_0",2.94443897916644
"sprex","QREN_1",2.45414151003693
"sprex","QREN_2",2.16835320589277
"sprex","QREN_3",2.00636298578674
"statcomp","QREN_1",0.690267582130576
"statcomp","QREN_2",0.609884930642881
"statcomp","QREN_3",0.564322522320426
"vegan","QREN_0",2.94443897916644
"vegan","QREN_1",2.45414151003693
"vegan","QREN_2",2.16835320589277
"vegan","QREN_3",2.00636298578674
"adiv","QTSA_0",18
"adiv","QTSA_1",2.45414151003693
"adiv","QTSA_2",0.885634201156536
"adiv","QTSA_3",0.490957984285205
"divent","QTSA_0",18
"divent","QTSA_1",2.45414151003693
"divent","QTSA_2",0.885634201156536
"divent","QTSA_3",0.490957984285205
"entropart","QTSA_0",21
"entropart","QTSA_1",2.50798706267996
"entropart","QTSA_2",0.888921076365699
"entropart","QTSA_3",0.491357323230429
"EntropyEstimation","QTSA_1",2.50173160616113
"EntropyEstimation","QTSA_2",0.890107101162378
"EntropyEstimation","QTSA_3",0.491669623304957
"vegan","QTSA_0",18
"vegan","QTSA_1",2.45414151003693
"vegan","QTSA_2",0.885634201156536
"vegan","QTSA_3",0.490957984285205
"BAT","RACE",20.9007421150278
"ecodive","RACE",20.9007421150278
"fossil","RACE",19.8571428571429
"pctax","RACE",20.9007
"sprex","RACE",200.733038178799
"tabula","RACE",20.9007421150278
"vegan","RACE",20.9007421150278
"wiqid","RACE",20.9007421150278
"BiodiversityR","RBOO",19
"wiqid","RBOO",35
"BAT","RC1",20
"BiodiversityR","RC1",19
"biosampleR","RC1",21
"iNEXT","RC1",21.239
"microbiome","RC1",20
"pctax","RC1",20
"rareNMtests","RC1",19
"SpadeR","RC1",19
"SSP","RC1",18
"vegan","RC1",20
"BAT","RC1M",20.4986149584488
"divent","RC1M",21.2386934673367
"ecodive","RC1M",21.25
"entropart","RC1M",21.2386934673367
"fossil","RC1M",21.25
"mobr","RC1M",21.2386934673367
"OTUtable","RC1M",21.25
"tabula","RC1M",21.2386934673367
"wiqid","RC1M",21.25
"BAT","RCA2",33.9006799910616
"divDyn","RCA2",19.9473684210526
"fossil","RCA2",21.25
"tabula","RCA2",19
"wiqid","RCA2",19
"benthos","RHUR_2",1.89010710116237
"benthos","RHUR_3",2.68698205687725
"divent","RHUR_2",9.09976902156165
"divent","RHUR_3",9.23830328629564
"entropart","RHUR_2",1.89010710116237
"entropart","RHUR_3",2.68698205687725
"mobsim","RHUR_2",1.89010710116237
"mobsim","RHUR_3",2.68698205687725
"tabula","RHUR_2",1.89015276737784
"tabula","RHUR_3",2.68699674078288
"vegan","RHUR_2",1.89010710116237
"vegan","RHUR_3",2.68698205687725
"BAT","RICE",35.6883734895814
"fossil","RICE",19.8571428571429
"tabula","RICE",19
"wiqid","RICE",19
"BAT","RJA1",22
"BiodiversityR","RJA1",19
"divent","RJA1",22
"entropart","RJA1",22
"fossil","RJA1",21.9849246231156
"SSP","RJA1",18
"tabula","RJA1",2.45414151003693
"wiqid","RJA1",22
"BAT","RJA2",23
"BiodiversityR","RJA2",19
"fossil","RJA2",22.9396477336176
"SSP","RJA2",18
"wiqid","RJA2",23
"sprex","RMM",216
"wiqid","RMM",0
"divDyn","RSQ",20.0307758446288
"ecodive","RSQ",20.0307758446288
"tabula","RSQ",20.0307758446288
"abdiv","D1SP",0.895858611295529
"ade4","D1SP",0.895858611295529
"adiv","D1SP",0.895858611295529
"agricolae","D1SP",1
"asbio","D1SP",0.895858611295529
"BiodiversityR","D1SP",0.89585861
"biosampleR","D1SP",0.891391771810782
"breakaway","D1SP",0.895858611295529
"catsim","D1SP",0.809795918367347
"concstats","2_D1SP",0.795378151260504
"concstats","D1SP",0.973651217314837
"CUB","D1SP",0.922207393980692
"DescTools","2_D1SP",0.895858611295529
"DescTools","D1SP",0.742189698846045
"divent","D1SP",0.895858611295529
"diverse","D1SP",0.891391771810782
"ecodive","D1SP",0.895858611295529
"entropart","D1SP",0.895858611295529
"lawstat","D1SP",0.742189698846046
"MCPAN","D1SP",-4548
"microbiome","D1SP",0.895858611295529
"PCRA","D1SP",0.895858611295529
"RoughSets","D1SP",0.895858611295529
"simboot","D1SP",-4548
"sprex","D1SP",0.895858611295529
"untb","D1SP",0.900165623849834
"vegan","D1SP",0.895858611295529
"abdiv","DBRI",2.39276681894552
"ecodive","DBRI",2.39276681894552
"tabula","DBRI",2.39276681894552
"wiqid","DBRI",10.9437314163627
"BiodiversityR","DFIS",5.819442
"ecodive","DFIS",5.819
"microbiome","DFIS",5.81944199563695
"preseqR","DFIS",14.2205016462444
"sads","DFIS",5.81944198282433
"vegan","DFIS",5.81944199563695
"custom","DGLE",3.93086598658191
"DGOO","1_1",2.55750479292843
"DGOO","1_2",0.467465853626036
"DGOO","1_3",1
"DGOO","2_1",0.21286839650882
"DGOO","2_2",1.11831668721745
"DGOO","2_3",1
"DGOO","3_1",0.02790591686298
"DGOO","3_2",0.106715154831076
"DGOO","3_3",1
"abdiv","DINVSP",9.60233018245768
"adiv","DINVSP",9.60233018245768
"asbio","DINVSP",9.60233018245768
"BiodiversityR","DINVSP",9.60233018
"breakaway","DINVSP",9.60233018245768
"chemodiv","DINVSP",9.60233018245768
"codyn","DINVSP",9.60233018245768
"divseg","DINVSP",1.10414138870447
"ecodive","DINVSP",9.60233018245768
"microbiome","DINVSP",9.60233018245768
"sprex","DINVSP",9.60233018245768
"vegan","DINVSP",9.60233018245768
"custom","DKO",0.16
"asbio","DLMD",35.7300513779748
"Compositional","DLMD",0.999958992306093
"sads","DLMD",1.73291999582396
"vegan","DLMD",23.4073559014676
"abdiv","DMC",0.727621158604934
"adiv","DMC",0.727621158604934
"agricolae","DMC",0.727621158604934
"ecodive","DMC",0.727621158604934
"forestHES","DMC",0.727621158604934
"tabula","DMC",0.727621158604934
"abdiv","DMG",3.74368189198277
"adiv","DMG",3.74368189198277
"agricolae","DMG",6.36425921637072
"ecodive","DMG",3.74368189198277
"tabula","DMG",3.74368189198277
"abdiv","DMN",1.45260037411876
"adiv","DMN",1.45260037411876
"ecodive","DMN",1.45260037411876
"tabula","DMN",1.45260037411876
"custom","DOD",100.478468899522
"abdiv","DQ",5.77446246996802
"ade4","DRAO",0.895858611295529
"BAT","DRAO",0.895858611295529
"chemodiv","DRAO",134.140744279476
"diverse","DRAO",56.2225076901199
"SYNCSA","DRAO",0.895858611295529
"abdiv","DSHA",2.55750479292843
"adiv","DSHA",2.55750479292843
"aqp","DSHA",-839.690866907115
"asbio","DSHA",2.55750479292843
"benthos","DSHA",0
"BiodiversityR","DSHA",2.55750479
"biosampleR","DSHA",2.56237755804038
"chemodiv","DSHA",2.55750479292843
"codyn","DSHA",2.55750479292843
"DescTools","DSHA",3.6896994818076
"divDyn","DSHA",2.55750479292843
"divent","DSHA",2.55750479292843
"diverse","DSHA",2.56237755804038
"ecodive","DSHA",2.55750479292843
"EconGeo","DSHA",3.69
"entropart","DSHA",2.60810594793764
"forestmangr","DSHA",3.56
"HardyWeinberg","DSHA",2.55750479292843
"iNEXT","DSHA",2.558
"MCPAN","DSHA",2.55750479292843
"microbiome","DSHA",2.55750479292843
"OTUtable","DSHA",2.55750479292843
"pgirmess","DSHA",3.6896994818076
"SpiecEasi","DSHA",2.55750479292843
"sprex","DSHA",2.55750479292843
"tabula","DSHA",2.55750479292843
"triversity","DSHA",21
"vegan","DSHA",2.55750479292843
"wavethresh","DSHA",-30007.9481685723
"wiqid","DSHA",10.0165898617512
"abdiv","DSP",0.104141388704471
"agricolae","DSP",0.104141388704471
"antitrust","DSP",1041.41388704471
"benthos","DSP",0.0998343761501656
"breakaway","DSP",0.104141388704471
"concstats","DSP",0.104141388704471
"DescTools","DSP",0.104141388704471
"diverse","DSP",0.105282139488431
"divseg","DSP",1.10414138870447
"EconGeo","DSP",0.104141388704471
"hhi","DSP",0.104141388704471
"ineq","DSP",0.104141388704471
"microbiome","DSP",0.104141388704471
"PDtoolkit","DSP",0.104141388704471
"politics","DSP",0.104141388704471
"REAT","DSP",0.104141388704471
"sprex","DSP",0.104141388704471
"tabula","DSP",0.104141388704471
"triversity","DSP",0.104141388704471
"wiqid","DSP",10.0165898617512
"abdiv","EBP",0.186602870813397
"agricolae","EBP",0.186602870813397
"BiodiversityR","EBP",0.18660287
"diverse","EBP",0.226765799256506
"dyvDyn","EBP",0.0285714285714286
"ecodive","EBP",0.186602870813397
"microbiome","EBP",0.186602870813397
"tabula","EBP",0.186602870813397
"triversity","EBP",0.186602870813397
"wiqid","EBP",1
"tabula","EBRI",0.838724870986877
"BAT","EBU",0.571291866028708
"microbiome","EBU",0.571291866028708
"BAT","ECAM",0.946502620186831
"microbiome","ECAM",0.445887445887446
"codyn","EEQ",0.169569095191205
"custom","EEQ",0.0169781985704982
"adiv","EEVAR",0.439499639485594
"codyn","EEVAR",0.433321734425383
"custom","EEVAR",0.439499639485594
"microbiome","EEVAR",0.439499639485594
"acid","EGIN",0.720984278879016
"DescTools","EGIN",0.720984278879016
"dplR","EGIN",0.720984278879016
"EconGeo","EGIN",0.721
"giniVarCI","EGIN",0.720984278879016
"ineq","EGIN",0.720984278879016
"microbiome","EGIN",0.720984278879016
"REAT","EGIN",0.720984278879016
"shipunov","EGIN",0.720984278879016
"wINEQ","EGIN",0.720984278879016
"adiv","EGSP",0.940651541860305
"abdiv","EHEI",0.595179000440232
"adiv","EHEI",0.595179000440232
"custom","EHUL",0.368421052631579
"benthos","EHURE",0.900165623849834
"BiodiversityR","EHURE",0.90016562
"mobr","EHURE",0.900165623849834
"vegan","EHURE",0.900165623849864
"custom","ELR",0.237348090137502
"abdiv","EMC",0.356758737742858
"tabula","EMC",0.866341838964801
"microbiome","EMN",0.368421052631579
"custom","ENHC",-0.180183924613775
"custom","EPAT",0.0422665848183028
"abdiv","EPIE",0.840034798640156
"adiv","EPIE",0.840034798640156
"BiodiversityR","EPIE",0.8400348
"breakaway","EPIE",0.840034798640156
"chemodiv","EPIE",0.840034798640156
"diverse","EPIE",0.817216483775609
"forestmangr","EPIE",1
"microbiome","EPIE",0.840034798640156
"OTUtable","EPIE",0.840034798640156
"pctax","EPIE",0.84
"sprex","EPIE",0.840034798640156
"tabula","EPIE",0.840034798640156
"custom","ESHE",0.614456190895459
"adiv","ESP",0.457253818212271
"codyn","ESP",0.457253818212271
"sprex","ESP",0.121785942520402
"tabula","ESP",0.457253818212271
"abdiv","EST",0.40829346092504
"adiv","QHIL_0",21
"adiv","QHIL_1",12.9035800088046
"adiv","QHIL_2",9.60233018245768
"adiv","QHIL_3",8.12351475888305
"BAT","QHIL_0",21
"BAT","QHIL_1",12.9035800088046
"BAT","QHIL_2",9.60233018245768
"BAT","QHIL_3",8.12351475888305
"benthos","QHIL_0",35
"benthos","QHIL_1",12.9035800088046
"benthos","QHIL_2",9.60233018245768
"benthos","QHIL_3",8.12351475888305
"breakaway","QHIL_0",21
"breakaway","QHIL_1",12.9035800088046
"breakaway","QHIL_2",9.60233018245768
"breakaway","QHIL_3",8.12351475888305
"chemodiv","QHIL_0",21
"chemodiv","QHIL_1",12.9035800088046
"chemodiv","QHIL_2",9.60233018245768
"chemodiv","QHIL_3",8.12351475888305
"divDyn","QHIL_2",9.60233018245768
"divent","QHIL_0",24
"divent","QHIL_1",13.5733179189691
"divent","QHIL_2",9.87234472483298
"divent","QHIL_3",8.30008619840245
"entropart","QHIL_0",24
"entropart","QHIL_1",13.5733179189691
"entropart","QHIL_2",9.87234472483298
"entropart","QHIL_3",8.30008619840242
"EntropyEstimation","QHIL_1",13.5692767754283
"EntropyEstimation","QHIL_2",10.0165898617512
"EntropyEstimation","QHIL_3",8.48087183209484
"extremefit","QHIL",NA
"hilldiv","QHIL_0",21
"hilldiv","QHIL_1",12.9036300453893
"hilldiv","QHIL_2",9.60233018245768
"hilldiv","QHIL_3",8.12351475888305
"hillR","QHIL_0",21
"hillR","QHIL_1",12.9035800088046
"hillR","QHIL_2",9.60233018245768
"hillR","QHIL_3",8.12351475888305
"sprex","QHIL_0",21
"sprex","QHIL_1",12.9035800088046
"sprex","QHIL_2",9.60233018245768
"sprex","QHIL_3",8.12351475888305
"vegan","QHIL_0",21
"vegan","QHIL_1",12.9035800088046
"vegan","QHIL_2",9.60233018245768
"vegan","QHIL_3",8.12351475888305
"adiv","QREN_0",3.04452243772342
"adiv","QREN_1",2.55750479292843
"adiv","QREN_2",2.26200579635962
"adiv","QREN_3",2.09476291259934
"BiodiversityR","QREN_0",3.04452243772342
"BiodiversityR","QREN_1",2.55750479292843
"BiodiversityR","QREN_2",2.26200579635962
"BiodiversityR","QREN_3",2.09476291259934
"diverse","QREN_0",3.13549421592915
"diverse","QREN_1",2.56237755804038
"diverse","QREN_2",2.2200081083375
"diverse","QREN_3",2.02218221321853
"EntropyEstimation","QREN_1",2.60780817658482
"EntropyEstimation","QREN_2",2.30424270457168
"EntropyEstimation","QREN_3",2.13781325490773
"seewave","QREN_2",0.636226262699338
"seewave","QREN_3",0.589186455564535
"sprex","QREN_0",3.04452243772342
"sprex","QREN_1",2.55750479292843
"sprex","QREN_2",2.26200579635962
"sprex","QREN_3",2.09476291259934
"statcomp","QREN_1",0.719340202055221
"statcomp","QREN_2",0.636226258931176
"statcomp","QREN_3",0.589186452738414
"vegan","QREN_0",3.04452243772342
"vegan","QREN_1",2.55750479292843
"vegan","QREN_2",2.26200579635962
"vegan","QREN_3",2.09476291259934
"adiv","QTSA_0",20
"adiv","QTSA_1",2.55750479292843
"adiv","QTSA_2",0.895858611295529
"adiv","QTSA_3",0.492423265718652
"divent","QTSA_0",20
"divent","QTSA_1",2.55750479292843
"divent","QTSA_2",0.895858611295529
"divent","QTSA_3",0.492423265718652
"entropart","QTSA_0",23
"entropart","QTSA_1",2.60810594793764
"entropart","QTSA_2",0.898706940663793
"entropart","QTSA_3",0.492742203297836
"EntropyEstimation","QTSA_1",2.60780817658482
"EntropyEstimation","QTSA_2",0.900165623849834
"EntropyEstimation","QTSA_3",0.493048332293184
"vegan","QTSA_0",20
"vegan","QTSA_1",2.55750479292843
"vegan","QTSA_2",0.895858611295529
"vegan","QTSA_3",0.492423265718652
"BAT","RACE",22.6935155680117
"ecodive","RACE",22.6935155680117
"fossil","RACE",21.7377049180328
"pctax","RACE",22.6935
"sprex","RACE",222.043770898656
"tabula","RACE",22.6935155680117
"vegan","RACE",22.6935155680117
"wiqid","RACE",22.6935155680117
"BiodiversityR","RBOO",21
"wiqid","RBOO",35
"BAT","RC1",22
"BiodiversityR","RC1",21
"biosampleR","RC1",23.1428571428571
"iNEXT","RC1",23.239
"microbiome","RC1",22
"pctax","RC1",22
"rareNMtests","RC1",21
"SpadeR","RC1",21
"SSP","RC1",20
"vegan","RC1",22
"BAT","RC1M",22.4489795918367
"divent","RC1M",23.2392344497608
"ecodive","RC1M",23.25
"entropart","RC1M",23.2392344497608
"fossil","RC1M",23.25
"mobr","RC1M",23.2392344497608
"OTUtable","RC1M",23.25
"tabula","RC1M",23.2392344497608
"wiqid","RC1M",23.25
"BAT","RCA2",33.8912217782218
"divDyn","RCA2",21.952380952381
"fossil","RCA2",23.25
"tabula","RCA2",21
"wiqid","RCA2",21
"benthos","RHUR_2",1.90016562384986
"benthos","RHUR_3",2.71440020696311
"divent","RHUR_2",10.0165669159174
"divent","RHUR_3",10.1595706097641
"entropart","RHUR_2",1.90016562384987
"entropart","RHUR_3",2.71440020696311
"mobsim","RHUR_2",1.90016562384986
"mobsim","RHUR_3",2.71440020696311
"tabula","RHUR_2",1.90018853543742
"tabula","RHUR_3",2.71440757454467
"vegan","RHUR_2",1.90016562384986
"vegan","RHUR_3",2.71440020696311
"BAT","RICE",35.8021175960742
"fossil","RICE",21.7377049180328
"tabula","RICE",21
"wiqid","RICE",21
"BAT","RJA1",24
"BiodiversityR","RJA1",21
"divent","RJA1",24
"entropart","RJA1",24
"fossil","RJA1",23.9856459330144
"SSP","RJA1",20
"tabula","RJA1",2.55750479292843
"wiqid","RJA1",24
"BAT","RJA2",25
"BiodiversityR","RJA2",21
"fossil","RJA2",24.9425377254325
"SSP","RJA2",20
"wiqid","RJA2",25
"sprex","RMM",222
"wiqid","RMM",0
"divDyn","RSQ",21.9386262552157
"ecodive","RSQ",21.9386262552157
"tabula","RSQ",21.9386262552157
"abdiv","D1SP",0.868770004572474
"ade4","D1SP",0.868770004572474
"adiv","D1SP",0.868770004572474
"agricolae","D1SP",1
"asbio","D1SP",0.868770004572474
"BiodiversityR","D1SP",0.86877
"biosampleR","D1SP",0.8446
"breakaway","D1SP",0.868770004572474
"catsim","D1SP",0.674285714285714
"concstats","2_D1SP",0.795378151260504
"concstats","D1SP",0.974447941041986
"CUB","D1SP",0.894322063530488
"DescTools","2_D1SP",0.868770004572474
"DescTools","D1SP",0.810457516339869
"divent","D1SP",0.868770004572474
"diverse","D1SP",0.8446
"ecodive","D1SP",0.868770004572474
"entropart","D1SP",0.868770004572474
"lawstat","D1SP",0.810457516339869
"MCPAN","D1SP",-3443
"microbiome","D1SP",0.868770004572474
"PCRA","D1SP",0.868770004572474
"RoughSets","D1SP",0.868770004572474
"simboot","D1SP",-3443
"sprex","D1SP",0.868770004572474
"untb","D1SP",0.874166091557396
"vegan","D1SP",0.868770004572474
"abdiv","DBRI",2.12477246049547
"ecodive","DBRI",2.12477246049547
"tabula","DBRI",2.12477246049547
"wiqid","DBRI",8.37099253991502
"BiodiversityR","DFIS",4.4059174
"ecodive","DFIS",4.406
"microbiome","DFIS",4.40591740252655
"preseqR","DFIS",10.227392752922
"sads","DFIS",4.40591455883657
"vegan","DFIS",4.40591740252655
"custom","DGLE",3.14490359409955
"DGOO","1_1",2.28188850040498
"DGOO","1_2",0.483992205985824
"DGOO","1_3",1
"DGOO","2_1",0.244338290830457
"DGOO","2_2",1.03973542626649
"DGOO","2_3",1
"DGOO","3_1",0.0380024270501373
"DGOO","3_2",0.124466889255186
"DGOO","3_3",1
"abdiv","DINVSP",7.62020905923345
"adiv","DINVSP",7.62020905923345
"asbio","DINVSP",7.62020905923345
"BiodiversityR","DINVSP",7.62020906
"breakaway","DINVSP",7.62020905923345
"chemodiv","DINVSP",7.62020905923345
"codyn","DINVSP",7.62020905923345
"divseg","DINVSP",1.13122999542753
"ecodive","DINVSP",7.62020905923345
"microbiome","DINVSP",7.62020905923345
"sprex","DINVSP",7.62020905923345
"vegan","DINVSP",7.62020905923345
"custom","DKO",0.36
"asbio","DLMD",26.0566385010026
"Compositional","DLMD",0.999958992306093
"sads","DLMD",1.72653866624615
"vegan","DLMD",18.2744213870119
"abdiv","DMC",0.692121382794592
"adiv","DMC",0.692121382794592
"agricolae","DMC",0.692121382794592
"ecodive","DMC",0.692121382794592
"forestHES","DMC",0.692121382794592
"tabula","DMC",0.692121382794592
"abdiv","DMG",2.94834711946832
"adiv","DMG",2.94834711946832
"agricolae","DMG",6.68292013746153
"ecodive","DMG",2.94834711946832
"tabula","DMG",2.94834711946832
"abdiv","DMN",1.25707872210942
"adiv","DMN",1.25707872210942
"ecodive","DMN",1.25707872210942
"tabula","DMN",1.25707872210942
"custom","DOD",98.7654320987654
"abdiv","DQ",0
"ade4","DRAO",0.868770004572474
"BAT","DRAO",0.868770004572474
"chemodiv","DRAO",114.238332662047
"diverse","DRAO",188.314305103403
"SYNCSA","DRAO",0.868770004572474
"abdiv","DSHA",2.28188850040498
"adiv","DSHA",2.28188850040498
"aqp","DSHA",-655.740486277187
"asbio","DSHA",2.28188850040498
"benthos","DSHA",0
"BiodiversityR","DSHA",2.2818885
"biosampleR","DSHA",2.24117596362769
"chemodiv","DSHA",2.28188850040498
"codyn","DSHA",2.28188850040498
"DescTools","DSHA",3.29206922339581
"divDyn","DSHA",2.28188850040498
"divent","DSHA",2.28188850040498
"diverse","DSHA",2.24117596362769
"ecodive","DSHA",2.28188850040498
"EconGeo","DSHA",3.292
"entropart","DSHA",2.32744777166666
"forestmangr","DSHA",3.56
"HardyWeinberg","DSHA",2.28188850040498
"iNEXT","DSHA",2.282
"MCPAN","DSHA",2.28188850040498
"microbiome","DSHA",2.28188850040498
"OTUtable","DSHA",2.28188850040498
"pgirmess","DSHA",3.29206922339581
"SpiecEasi","DSHA",2.28188850040498
"sprex","DSHA",2.28188850040498
"tabula","DSHA",2.28188850040498
"triversity","DSHA",16
"vegan","DSHA",2.28188850040498
"wavethresh","DSHA",-22218.5353479716
"wiqid","DSHA",7.94698354661792
"abdiv","DSP",0.131229995427526
"agricolae","DSP",0.131229995427526
"antitrust","DSP",1312.29995427526
"benthos","DSP",0.125833908442604
"breakaway","DSP",0.131229995427526
"concstats","DSP",0.131229995427526
"DescTools","DSP",0.131229995427526
"diverse","DSP",0.146868686868687
"divseg","DSP",1.13122999542753
"EconGeo","DSP",0.131229995427526
"hhi","DSP",0.131229995427526
"ineq","DSP",0.131229995427526
"microbiome","DSP",0.131229995427526
"PDtoolkit","DSP",0.131229995427526
"politics","DSP",0.131229995427526
"REAT","DSP",0.131229995427526
"sprex","DSP",0.131229995427526
"tabula","DSP",0.131229995427526
"triversity","DSP",0.131229995427526
"wiqid","DSP",7.94698354661792
"abdiv","EBP",0.228395061728395
"agricolae","EBP",0.228395061728395
"BiodiversityR","EBP",0.22839506
"diverse","EBP",0.29
"dyvDyn","EBP",0.0285714285714286
"ecodive","EBP",0.228395061728395
"microbiome","EBP",0.228395061728395
"tabula","EBP",0.228395061728395
"triversity","EBP",0.228395061728395
"wiqid","EBP",1
"tabula","EBRI",0.821143680974579
"BAT","EBU",0.530041152263374
"microbiome","EBU",0.530041152263374
"BAT","ECAM",0.928703703703704
"microbiome","ECAM",0.433641975308642
"codyn","EEQ",0.161253540696471
"custom","EEQ",0.0290368477612276
"adiv","EEVAR",0.428831783246243
"codyn","EEVAR",0.417842782725414
"custom","EEVAR",0.428831783246243
"microbiome","EEVAR",0.428831783246243
"acid","EGIN",0.787301587301587
"DescTools","EGIN",0.787301587301587
"dplR","EGIN",0.787301587301587
"EconGeo","EGIN",0.787
"giniVarCI","EGIN",0.787301587301587
"ineq","EGIN",0.787301587301587
"microbiome","EGIN",0.787301587301587
"REAT","EGIN",0.787301587301587
"shipunov","EGIN",0.787301587301587
"wINEQ","EGIN",0.787301587301587
"adiv","EGSP",0.926688004877305
"abdiv","EHEI",0.586344074624208
"adiv","EHEI",0.586344074624208
"custom","EHUL",0.395061728395062
"benthos","EHURE",0.874166091557396
"BiodiversityR","EHURE",0.87416609
"mobr","EHURE",0.874166091557396
"vegan","EHURE",0.874166091557386
"custom","ELR",0.240229226585036
"abdiv","EMC",0.399083300298492
"tabula","EMC",0.850324255107121
"microbiome","EMN",0.395061728395062
"custom","ENHC",-0.236565257096369
"custom","EPAT",0.162158687108975
"abdiv","EPIE",0.823017305848953
"adiv","EPIE",0.823017305848953
"BiodiversityR","EPIE",0.82301731
"breakaway","EPIE",0.823017305848953
"chemodiv","EPIE",0.823017305848953
"diverse","EPIE",0.775393669518482
"forestmangr","EPIE",1
"microbiome","EPIE",0.823017305848953
"OTUtable","EPIE",0.823017305848953
"pctax","EPIE",0.823
"sprex","EPIE",0.823017305848953
"tabula","EPIE",0.823017305848953
"custom","ESHE",0.612197569960195
"adiv","ESP",0.476263066202091
"codyn","ESP",0.476263066202091
"sprex","ESP",0.142618031275311
"tabula","ESP",0.476263066202091
"abdiv","EST",0.440586419753086
"adiv","QHIL_0",16
"adiv","QHIL_1",9.79516111936312
"adiv","QHIL_2",7.62020905923345
"adiv","QHIL_3",6.71789543686817
"BAT","QHIL_0",16
"BAT","QHIL_1",9.79516111936312
"BAT","QHIL_2",7.62020905923345
"BAT","QHIL_3",6.71789543686817
"benthos","QHIL_0",35
"benthos","QHIL_1",9.79516111936312
"benthos","QHIL_2",7.62020905923345
"benthos","QHIL_3",6.71789543686817
"breakaway","QHIL_0",16
"breakaway","QHIL_1",9.79516111936312
"breakaway","QHIL_2",7.62020905923345
"breakaway","QHIL_3",6.71789543686817
"chemodiv","QHIL_0",16
"chemodiv","QHIL_1",9.79516111936312
"chemodiv","QHIL_2",7.62020905923345
"chemodiv","QHIL_3",6.71789543686817
"divDyn","QHIL_2",7.62020905923345
"divent","QHIL_0",18
"divent","QHIL_1",10.2517433255791
"divent","QHIL_2",7.80530205655947
"divent","QHIL_3",6.84333458597943
"entropart","QHIL_0",18
"entropart","QHIL_1",10.2517433255791
"entropart","QHIL_2",7.80530205655947
"entropart","QHIL_3",6.84333458597943
"EntropyEstimation","QHIL_1",10.2840824932754
"EntropyEstimation","QHIL_2",7.94698354661792
"EntropyEstimation","QHIL_3",7.04011168390905
"extremefit","QHIL",NA
"hilldiv","QHIL_0",16
"hilldiv","QHIL_1",9.79519638166833
"hilldiv","QHIL_2",7.62020905923345
"hilldiv","QHIL_3",6.71789543686817
"hillR","QHIL_0",16
"hillR","QHIL_1",9.79516111936312
"hillR","QHIL_2",7.62020905923345
"hillR","QHIL_3",6.71789543686817
"sprex","QHIL_0",16
"sprex","QHIL_1",9.79516111936312
"sprex","QHIL_2",7.62020905923345
"sprex","QHIL_3",6.71789543686817
"vegan","QHIL_0",16
"vegan","QHIL_1",9.79516111936312
"vegan","QHIL_2",7.62020905923345
"vegan","QHIL_3",6.71789543686817
"adiv","QREN_0",2.77258872223978
"adiv","QREN_1",2.28188850040498
"adiv","QREN_2",2.03080380491715
"adiv","QREN_3",1.90477492644679
"BiodiversityR","QREN_0",2.77258872223978
"BiodiversityR","QREN_1",2.28188850040498
"BiodiversityR","QREN_2",2.03080380491715
"BiodiversityR","QREN_3",1.90477492644679
"diverse","QREN_0",2.89037175789616
"diverse","QREN_1",2.24117596362769
"diverse","QREN_2",1.86175284104859
"diverse","QREN_3",1.67021109147385
"EntropyEstimation","QREN_1",2.33059731088794
"EntropyEstimation","QREN_2",2.07279242856681
"EntropyEstimation","QREN_3",1.95162403423574
"seewave","QREN_2",0.571196910471598
"seewave","QREN_3",0.535749218106491
"sprex","QREN_0",2.77258872223978
"sprex","QREN_1",2.28188850040498
"sprex","QREN_2",2.03080380491715
"sprex","QREN_3",1.90477492644679
"statcomp","QREN_1",0.641818595799885
"statcomp","QREN_2",0.57119690387399
"statcomp","QREN_3",0.535749213158285
"vegan","QREN_0",2.77258872223978
"vegan","QREN_1",2.28188850040498
"vegan","QREN_2",2.03080380491715
"vegan","QREN_3",1.90477492644679
"adiv","QTSA_0",15
"adiv","QTSA_1",2.28188850040498
"adiv","QTSA_2",0.868770004572474
"adiv","QTSA_3",0.488920924429993
"divent","QTSA_0",15
"divent","QTSA_1",2.28188850040498
"divent","QTSA_2",0.868770004572474
"divent","QTSA_3",0.488920924429993
"entropart","QTSA_0",17
"entropart","QTSA_1",2.32744777166666
"entropart","QTSA_2",0.871881960140208
"entropart","QTSA_3",0.489323363519949
"EntropyEstimation","QTSA_1",2.33059731088794
"EntropyEstimation","QTSA_2",0.874166091557396
"EntropyEstimation","QTSA_3",0.489911864504256
"vegan","QTSA_0",15
"vegan","QTSA_1",2.28188850040498
"vegan","QTSA_2",0.868770004572474
"vegan","QTSA_3",0.488920924429993
"BAT","RACE",17.1613750976632
"ecodive","RACE",17.1613750976632
"fossil","RACE",16.5789473684211
"pctax","RACE",17.1614
"sprex","RACE",174.017408859008
"tabula","RACE",17.1613750976632
"vegan","RACE",17.1613750976632
"wiqid","RACE",17.1613750976632
"BiodiversityR","RBOO",16
"wiqid","RBOO",35
"BAT","RC1",16.5
"BiodiversityR","RC1",16
"biosampleR","RC1",36
"iNEXT","RC1",17.988
"microbiome","RC1",16.5
"pctax","RC1",16.5
"rareNMtests","RC1",16
"SpadeR","RC1",16
"SSP","RC1",15
"vegan","RC1",16.5
"BAT","RC1M",16.7578125
"divent","RC1M",17.9876543209877
"ecodive","RC1M",18
"entropart","RC1M",17.9876543209877
"fossil","RC1M",18
"mobr","RC1M",17.9876543209877
"OTUtable","RC1M",18
"tabula","RC1M",17.9876543209877
"wiqid","RC1M",18
"BAT","RCA2",34.2896242091242
"divDyn","RCA2",16.46875
"fossil","RCA2",18
"tabula","RCA2",16
"wiqid","RCA2",16
"benthos","RHUR_2",1.87416609155739
"benthos","RHUR_3",2.64267454566367
"divent","RHUR_2",7.94698384457518
"divent","RHUR_3",8.04796878586819
"entropart","RHUR_2",1.87416609155738
"entropart","RHUR_3",2.64267454566367
"mobsim","RHUR_2",1.87416609155739
"mobsim","RHUR_3",2.64267454566367
"tabula","RHUR_2",1.87416609155812
"tabula","RHUR_3",2.64267454566387
"vegan","RHUR_2",1.87416609155739
"vegan","RHUR_3",2.64267454566367
"BAT","RICE",35.5566476681155
"fossil","RICE",16.5789473684211
"tabula","RICE",16
"wiqid","RICE",16
"BAT","RJA1",18
"BiodiversityR","RJA1",16
"divent","RJA1",18
"entropart","RJA1",18
"fossil","RJA1",17.9876543209877
"SSP","RJA1",15
"tabula","RJA1",2.28188850040498
"wiqid","RJA1",18
"BAT","RJA2",19
"BiodiversityR","RJA2",16
"fossil","RJA2",18.9444061038264
"SSP","RJA2",15
"wiqid","RJA2",19
"sprex","RMM",172
"wiqid","RMM",0
"divDyn","RSQ",16.5255608118419
"ecodive","RSQ",16.5255608118419
"tabula","RSQ",16.5255608118419
"abdiv","D1SP",0.887755102040816
"ade4","D1SP",0.887755102040817
"adiv","D1SP",0.887755102040816
"agricolae","D1SP",1
"asbio","D1SP",0.887755102040816
"BiodiversityR","D1SP",0.8877551
"biosampleR","D1SP",0.842172388139016
"breakaway","D1SP",0.887755102040816
"catsim","D1SP",0.793469387755102
"concstats","2_D1SP",0.795378151260504
"concstats","D1SP",0.973889555822329
"CUB","D1SP",0.913865546218487
"DescTools","2_D1SP",0.887755102040817
"DescTools","D1SP",0.741830065359477
"divent","D1SP",0.887755102040816
"diverse","D1SP",0.842172388139016
"ecodive","D1SP",0.887755102040816
"entropart","D1SP",0.887755102040816
"lawstat","D1SP",0.741830065359477
"MCPAN","D1SP",-1781
"microbiome","D1SP",0.887755102040816
"PCRA","D1SP",0.887755102040816
"RoughSets","D1SP",0.887755102040816
"simboot","D1SP",-1781
"sprex","D1SP",0.887755102040816
"untb","D1SP",0.894857142857143
"vegan","D1SP",0.887755102040816
"abdiv","DBRI",2.30151509844851
"ecodive","DBRI",2.30151509844851
"tabula","DBRI",2.30151509844851
"wiqid","DBRI",9.98930577694511
"BiodiversityR","DFIS",7.19597017
"ecodive","DFIS",7.196
"microbiome","DFIS",7.19597017158374
"preseqR","DFIS",10.3227556647825
"sads","DFIS",7.19596886983267
"vegan","DFIS",7.19597017158374
"custom","DGLE",4.34217864136816
"DGOO","1_1",2.53987142731388
"DGOO","1_2",0.456785961759129
"DGOO","1_3",1
"DGOO","2_1",0.21612686037378
"DGOO","2_2",1.08062098805519
"DGOO","2_3",1
"DGOO","3_1",0.0317965657869053
"DGOO","3_2",0.10638269919023
"DGOO","3_3",1
"abdiv","DINVSP",8.90909090909091
"adiv","DINVSP",8.90909090909091
"asbio","DINVSP",8.90909090909091
"BiodiversityR","DINVSP",8.90909091
"breakaway","DINVSP",8.90909090909091
"chemodiv","DINVSP",8.90909090909091
"codyn","DINVSP",8.90909090909091
"divseg","DINVSP",1.11224489795918
"ecodive","DINVSP",8.90909090909091
"microbiome","DINVSP",8.90909090909091
"sprex","DINVSP",8.90909090909091
"vegan","DINVSP",8.90909090909091
"custom","DKO",0.16
"asbio","DLMD",41.4206191614793
"Compositional","DLMD",0.999958992306093
"sads","DLMD",1.27070141086503
"vegan","DLMD",23.7568471349435
"abdiv","DMC",0.730004250389943
"adiv","DMC",0.730004250389943
"agricolae","DMC",0.730004250389943
"ecodive","DMC",0.730004250389943
"forestHES","DMC",0.730004250389943
"tabula","DMC",0.730004250389943
"abdiv","DMG",4.13540822987444
"adiv","DMG",4.13540822987444
"agricolae","DMG",7.03019399078655
"ecodive","DMG",4.13540822987444
"tabula","DMG",4.13540822987444
"abdiv","DMN",1.87082869338697
"adiv","DMN",1.87082869338697
"ecodive","DMN",1.87082869338697
"tabula","DMN",1.87082869338697
"custom","DOD",166.666666666667
"abdiv","DQ",5.64582826474227
"ade4","DRAO",0.887755102040816
"BAT","DRAO",0.887755102040814
"chemodiv","DRAO",115.542050687374
"diverse","DRAO",60.6608868603187
"SYNCSA","DRAO",0.887755102040816
"abdiv","DSHA",2.53987142731388
"adiv","DSHA",2.53987142731388
"aqp","DSHA",-417.440521363145
"asbio","DSHA",2.53987142731388
"benthos","DSHA",0
"BiodiversityR","DSHA",2.53987143
"biosampleR","DSHA",2.26693887322499
"chemodiv","DSHA",2.53987142731388
"codyn","DSHA",2.53987142731388
"DescTools","DSHA",3.6642599126813
"divDyn","DSHA",2.53987142731388
"divent","DSHA",2.53987142731388
"diverse","DSHA",2.26693887322499
"ecodive","DSHA",2.53987142731388
"EconGeo","DSHA",3.664
"entropart","DSHA",2.65400044167931
"forestmangr","DSHA",3.56
"HardyWeinberg","DSHA",2.53987142731388
"iNEXT","DSHA",2.54
"MCPAN","DSHA",2.53987142731388
"microbiome","DSHA",2.53987142731388
"OTUtable","DSHA",2.53987142731388
"pgirmess","DSHA",3.6642599126813
"SpiecEasi","DSHA",2.53987142731388
"sprex","DSHA",2.53987142731388
"tabula","DSHA",2.53987142731388
"triversity","DSHA",21
"vegan","DSHA",2.53987142731388
"wavethresh","DSHA",-10374.0486457868
"wiqid","DSHA",9.51086956521739
"abdiv","DSP",0.112244897959184
"agricolae","DSP",0.112244897959184
"antitrust","DSP",1122.44897959184
"benthos","DSP",0.105142857142857
"breakaway","DSP",0.112244897959184
"concstats","DSP",0.112244897959184
"DescTools","DSP",0.112244897959184
"diverse","DSP",0.149054982817869
"divseg","DSP",1.11224489795918
"EconGeo","DSP",0.112244897959184
"hhi","DSP",0.112244897959184
"ineq","DSP",0.112244897959184
"microbiome","DSP",0.112244897959184
"PDtoolkit","DSP",0.112244897959184
"politics","DSP",0.112244897959184
"REAT","DSP",0.112244897959184
"sprex","DSP",0.112244897959184
"tabula","DSP",0.112244897959184
"triversity","DSP",0.112244897959184
"wiqid","DSP",9.51086956521739
"abdiv","EBP",0.206349206349206
"agricolae","EBP",0.206349206349206
"BiodiversityR","EBP",0.20634921
"diverse","EBP",0.309278350515464
"dyvDyn","EBP",0.0285714285714286
"ecodive","EBP",0.206349206349206
"microbiome","EBP",0.206349206349206
"tabula","EBP",0.206349206349206
"triversity","EBP",0.206349206349206
"wiqid","EBP",1
"tabula","EBRI",0.832004229912817
"BAT","EBU",0.575
"microbiome","EBU",0.575
"BAT","ECAM",0.946560846560847
"microbiome","ECAM",0.437641723356009
"codyn","EEQ",0.192982895786686
"custom","EEQ",0.0151491294722105
"adiv","EEVAR",0.503265033185325
"codyn","EEVAR",0.49696176453493
"custom","EEVAR",0.503265033185325
"microbiome","EEVAR",0.503265033185325
"acid","EGIN",0.720634920634921
"DescTools","EGIN",0.720634920634921
"dplR","EGIN",0.720634920634921
"EconGeo","EGIN",0.721
"giniVarCI","EGIN",0.72063492063492
"ineq","EGIN",0.720634920634921
"microbiome","EGIN",0.72063492063492
"REAT","EGIN",0.720634920634921
"shipunov","EGIN",0.72063492063492
"wINEQ","EGIN",0.720634920634921
"adiv","EGSP",0.932142857142857
"abdiv","EHEI",0.583902040813846
"adiv","EHEI",0.583902040813846
"custom","EHUL",0.404761904761905
"benthos","EHURE",0.894857142857143
"BiodiversityR","EHURE",0.89485714
"mobr","EHURE",0.894857142857143
"vegan","EHURE",0.894857142857149
"custom","ELR",0.233199528532035
"abdiv","EMC",0.397888885283295
"tabula","EMC",0.850582655403161
"microbiome","EMN",0.404761904761905
"custom","ENHC",-0.160421136252417
"custom","EPAT",0.0499370358451016
"abdiv","EPIE",0.834242965610428
"adiv","EPIE",0.834242965610428
"BiodiversityR","EPIE",0.83424297
"breakaway","EPIE",0.834242965610428
"chemodiv","EPIE",0.834242965610428
"diverse","EPIE",0.800129957731841
"forestmangr","EPIE",1
"microbiome","EPIE",0.834242965610428
"OTUtable","EPIE",0.834242965610428
"pctax","EPIE",0.8342
"sprex","EPIE",0.834242965610428
"tabula","EPIE",0.834242965610428
"custom","ESHE",0.60371622934652
"adiv","ESP",0.424242424242424
"codyn","ESP",0.424242424242424
"sprex","ESP",0.120946258443518
"tabula","ESP",0.424242424242424
"abdiv","EST",0.404761904761905
"adiv","QHIL_0",21
"adiv","QHIL_1",12.6780408162769
"adiv","QHIL_2",8.90909090909091
"adiv","QHIL_3",7.32949928582146
"BAT","QHIL_0",21
"BAT","QHIL_1",12.6780408162769
"BAT","QHIL_2",8.90909090909091
"BAT","QHIL_3",7.32949928582146
"benthos","QHIL_0",35
"benthos","QHIL_1",12.6780408162769
"benthos","QHIL_2",8.90909090909091
"benthos","QHIL_3",7.32949928582146
"breakaway","QHIL_0",21
"breakaway","QHIL_1",12.6780408162769
"breakaway","QHIL_2",8.90909090909091
"breakaway","QHIL_3",7.32949928582146
"chemodiv","QHIL_0",21
"chemodiv","QHIL_1",12.6780408162769
"chemodiv","QHIL_2",8.90909090909091
"chemodiv","QHIL_3",7.32949928582146
"divDyn","QHIL_2",8.90909090909091
"divent","QHIL_0",26
"divent","QHIL_1",14.2107744599976
"divent","QHIL_2",9.50429194618794
"divent","QHIL_3",7.68916655025679
"entropart","QHIL_0",26
"entropart","QHIL_1",14.2107744599976
"entropart","QHIL_2",9.50429194618794
"entropart","QHIL_3",7.68916655025679
"EntropyEstimation","QHIL_1",13.8025764430542
"EntropyEstimation","QHIL_2",9.51086956521739
"EntropyEstimation","QHIL_3",7.79497404164211
"extremefit","QHIL",NA
"hilldiv","QHIL_0",21
"hilldiv","QHIL_1",12.6780975998228
"hilldiv","QHIL_2",8.90909090909091
"hilldiv","QHIL_3",7.32949928582146
"hillR","QHIL_0",21
"hillR","QHIL_1",12.6780408162769
"hillR","QHIL_2",8.90909090909091
"hillR","QHIL_3",7.32949928582146
"sprex","QHIL_0",21
"sprex","QHIL_1",12.6780408162769
"sprex","QHIL_2",8.90909090909091
"sprex","QHIL_3",7.32949928582146
"vegan","QHIL_0",21
"vegan","QHIL_1",12.6780408162769
"vegan","QHIL_2",8.90909090909091
"vegan","QHIL_3",7.32949928582146
"adiv","QREN_0",3.04452243772342
"adiv","QREN_1",2.53987142731388
"adiv","QREN_2",2.1870722058722
"adiv","QREN_3",1.99190720330903
"BiodiversityR","QREN_0",3.04452243772342
"BiodiversityR","QREN_1",2.53987142731388
"BiodiversityR","QREN_2",2.1870722058722
"BiodiversityR","QREN_3",1.99190720330903
"diverse","QREN_0",2.83321334405622
"diverse","QREN_1",2.26693887322499
"diverse","QREN_2",1.84625190576997
"diverse","QREN_3",1.62796417143211
"EntropyEstimation","QREN_1",2.62485527350916
"EntropyEstimation","QREN_2",2.25243530930857
"EntropyEstimation","QREN_3",2.0534791723749
"seewave","QREN_2",0.6151499628923
"seewave","QREN_3",0.560256600908221
"sprex","QREN_0",3.04452243772342
"sprex","QREN_1",2.53987142731388
"sprex","QREN_2",2.1870722058722
"sprex","QREN_3",1.99190720330903
"statcomp","QREN_1",0.714380528540958
"statcomp","QREN_2",0.615149956641935
"statcomp","QREN_3",0.560256596220448
"vegan","QREN_0",3.04452243772342
"vegan","QREN_1",2.53987142731388
"vegan","QREN_2",2.1870722058722
"vegan","QREN_3",1.99190720330903
"adiv","QTSA_0",20
"adiv","QTSA_1",2.53987142731388
"adiv","QTSA_2",0.887755102040816
"adiv","QTSA_3",0.490692749763045
"divent","QTSA_0",20
"divent","QTSA_1",2.53987142731388
"divent","QTSA_2",0.887755102040816
"divent","QTSA_3",0.490692749763045
"entropart","QTSA_0",25
"entropart","QTSA_1",2.65400044167931
"entropart","QTSA_2",0.894784376820297
"entropart","QTSA_3",0.491543094681538
"EntropyEstimation","QTSA_1",2.62485527350916
"EntropyEstimation","QTSA_2",0.894857142857143
"EntropyEstimation","QTSA_3",0.491771121351766
"vegan","QTSA_0",20
"vegan","QTSA_1",2.53987142731388
"vegan","QTSA_2",0.887755102040816
"vegan","QTSA_3",0.490692749763045
"BAT","RACE",24.5694833339726
"ecodive","RACE",24.5694833339726
"fossil","RACE",22.551724137931
"pctax","RACE",24.5695
"sprex","RACE",128.57222240452
"tabula","RACE",24.5694833339726
"vegan","RACE",24.5694833339726
"wiqid","RACE",24.5694833339726
"BiodiversityR","RBOO",21
"wiqid","RBOO",35
"BAT","RC1",23.5
"BiodiversityR","RC1",21
"biosampleR","RC1",17.5
"iNEXT","RC1",25.134
"microbiome","RC1",23.5
"pctax","RC1",23.5
"rareNMtests","RC1",21
"SpadeR","RC1",21
"SSP","RC1",20
"vegan","RC1",23.5
"BAT","RC1M",24.8321995464853
"divent","RC1M",25.1335978835979
"ecodive","RC1M",25.1666666666667
"entropart","RC1M",25.1335978835979
"fossil","RC1M",25.1666666666667
"mobr","RC1M",25.1335978835979
"OTUtable","RC1M",25.1666666666667
"tabula","RC1M",25.1335978835979
"wiqid","RC1M",25.1666666666667
"BAT","RCA2",34.4572813852814
"divDyn","RCA2",23.3809523809524
"fossil","RCA2",25.1666666666667
"tabula","RCA2",21
"wiqid","RCA2",21
"benthos","RHUR_2",1.89485714285715
"benthos","RHUR_3",2.70102918586786
"divent","RHUR_2",9.51085391012821
"divent","RHUR_3",9.68921504058781
"entropart","RHUR_2",1.89485714285715
"entropart","RHUR_3",2.70102918586785
"mobsim","RHUR_2",1.89485714285715
"mobsim","RHUR_3",2.70102918586786
"tabula","RHUR_2",1.89485714285496
"tabula","RHUR_3",2.70102918586572
"vegan","RHUR_2",1.89485714285715
"vegan","RHUR_3",2.70102918586786
"BAT","RICE",35.4814576235567
"fossil","RICE",22.551724137931
"tabula","RICE",21
"wiqid","RICE",21
"BAT","RJA1",26
"BiodiversityR","RJA1",21
"divent","RJA1",26
"entropart","RJA1",26
"fossil","RJA1",25.9603174603175
"SSP","RJA1",20
"tabula","RJA1",2.53987142731388
"wiqid","RJA1",26
"BAT","RJA2",28
"BiodiversityR","RJA2",21
"fossil","RJA2",27.8331428571429
"SSP","RJA2",20
"wiqid","RJA2",28
"sprex","RMM",135
"wiqid","RMM",0
"divDyn","RSQ",23.8248050218756
"ecodive","RSQ",23.8248050218756
"tabula","RSQ",23.8248050218756
"abdiv","D1SP",0.86509352898407
"ade4","D1SP",0.86509352898407
"adiv","D1SP",0.86509352898407
"agricolae","D1SP",1
"asbio","D1SP",0.86509352898407
"BiodiversityR","D1SP",0.86509353
"biosampleR","D1SP",0.785925925925926
"breakaway","D1SP",0.86509352898407
"catsim","D1SP",0.677551020408163
"concstats","2_D1SP",0.795378151260504
"concstats","D1SP",0.974556072676939
"CUB","D1SP",0.890537456307131
"DescTools","2_D1SP",0.86509352898407
"DescTools","D1SP",0.812529890004782
"divent","D1SP",0.86509352898407
"diverse","D1SP",0.785925925925926
"ecodive","D1SP",0.86509352898407
"entropart","D1SP",0.86509352898407
"lawstat","D1SP",0.812529890004782
"MCPAN","D1SP",-2040
"microbiome","D1SP",0.86509352898407
"PCRA","D1SP",0.86509352898407
"RoughSets","D1SP",0.86509352898407
"simboot","D1SP",-2040
"sprex","D1SP",0.86509352898407
"untb","D1SP",0.872184459549514
"vegan","D1SP",0.86509352898407
"abdiv","DBRI",2.08550504667707
"ecodive","DBRI",2.08550504667707
"tabula","DBRI",2.08550504667707
"wiqid","DBRI",8.04865540204225
"BiodiversityR","DFIS",4.90701582
"ecodive","DFIS",4.907
"microbiome","DFIS",4.90701582331615
"preseqR","DFIS",7.96567453559659
"sads","DFIS",4.90701550062461
"vegan","DFIS",4.90701582331615
"custom","DGLE",3.32489339942625
"DGOO","1_1",2.27728918808146
"DGOO","1_2",0.477934422104834
"DGOO","1_3",1
"DGOO","2_1",0.244374336879688
"DGOO","2_2",1.02827658630511
"DGOO","2_3",1
"DGOO","3_1",0.0398541976345443
"DGOO","3_2",0.122515905043604
"DGOO","3_3",1
"abdiv","DINVSP",7.4125428711416
"adiv","DINVSP",7.4125428711416
"asbio","DINVSP",7.4125428711416
"BiodiversityR","DINVSP",7.41254287
"breakaway","DINVSP",7.4125428711416
"chemodiv","DINVSP",7.4125428711416
"codyn","DINVSP",7.4125428711416
"divseg","DINVSP",1.13490647101593
"ecodive","DINVSP",7.4125428711416
"microbiome","DINVSP",7.4125428711416
"sprex","DINVSP",7.4125428711416
"vegan","DINVSP",7.4125428711416
"custom","DKO",0.36
"asbio","DLMD",34.7662714945631
"Compositional","DLMD",0.999958992306093
"sads","DLMD",1.4640081225344
"vegan","DLMD",24.6133506709929
"abdiv","DMC",0.695406532908194
"adiv","DMC",0.695406532908194
"agricolae","DMC",0.695406532908194
"ecodive","DMC",0.695406532908194
"forestHES","DMC",0.695406532908194
"tabula","DMC",0.695406532908194
"abdiv","DMG",3.11708756196211
"adiv","DMG",3.11708756196211
"agricolae","DMG",7.06539847378078
"ecodive","DMG",3.11708756196211
"tabula","DMG",3.11708756196211
"abdiv","DMN",1.44267141546789
"adiv","DMN",1.44267141546789
"ecodive","DMN",1.44267141546789
"tabula","DMN",1.44267141546789
"custom","DOD",130.081300813008
"abdiv","DQ",0
"ade4","DRAO",0.86509352898407
"BAT","DRAO",0.865093528984071
"chemodiv","DRAO",350.906264425584
"diverse","DRAO",51.1421725695558
"SYNCSA","DRAO",0.86509352898407
"abdiv","DSHA",2.27728918808146
"adiv","DSHA",2.27728918808146
"aqp","DSHA",-449.820924503959
"asbio","DSHA",2.27728918808146
"benthos","DSHA",0
"BiodiversityR","DSHA",2.27728919
"biosampleR","DSHA",1.91061528727681
"chemodiv","DSHA",2.27728918808146
"codyn","DSHA",2.27728918808146
"DescTools","DSHA",3.28543381831518
"divDyn","DSHA",2.27728918808146
"divent","DSHA",2.27728918808146
"diverse","DSHA",1.91061528727681
"ecodive","DSHA",2.27728918808146
"EconGeo","DSHA",3.285
"entropart","DSHA",2.34991909457714
"forestmangr","DSHA",3.56
"HardyWeinberg","DSHA",2.27728918808146
"iNEXT","DSHA",2.277
"MCPAN","DSHA",2.27728918808146
"microbiome","DSHA",2.27728918808146
"OTUtable","DSHA",2.27728918808146
"pgirmess","DSHA",3.28543381831518
"SpiecEasi","DSHA",2.27728918808146
"sprex","DSHA",2.27728918808146
"tabula","DSHA",2.27728918808146
"triversity","DSHA",16
"vegan","DSHA",2.27728918808146
"wavethresh","DSHA",-12249.0578533246
"wiqid","DSHA",7.82377476538061
"abdiv","DSP",0.13490647101593
"agricolae","DSP",0.13490647101593
"antitrust","DSP",1349.0647101593
"benthos","DSP",0.127815540450486
"breakaway","DSP",0.13490647101593
"concstats","DSP",0.13490647101593
"DescTools","DSP",0.13490647101593
"diverse","DSP",0.205243445692884
"divseg","DSP",1.13490647101593
"EconGeo","DSP",0.13490647101593
"hhi","DSP",0.13490647101593
"ineq","DSP",0.13490647101593
"microbiome","DSP",0.13490647101593
"PDtoolkit","DSP",0.13490647101593
"politics","DSP",0.13490647101593
"REAT","DSP",0.13490647101593
"sprex","DSP",0.13490647101593
"tabula","DSP",0.13490647101593
"triversity","DSP",0.13490647101593
"wiqid","DSP",7.82377476538061
"abdiv","EBP",0.24390243902439
"agricolae","EBP",0.24390243902439
"BiodiversityR","EBP",0.24390244
"diverse","EBP",0.344444444444444
"dyvDyn","EBP",0.0285714285714286
"ecodive","EBP",0.24390243902439
"microbiome","EBP",0.24390243902439
"tabula","EBP",0.24390243902439
"triversity","EBP",0.24390243902439
"wiqid","EBP",1
"tabula","EBRI",0.819679837119068
"BAT","EBU",0.550135501355014
"microbiome","EBU",0.550135501355014
"BAT","ECAM",0.928116531165312
"microbiome","ECAM",0.4375
"codyn","EEQ",0.17182721264329
"custom","EEQ",0.0286212823040656
"adiv","EEVAR",0.444009004414338
"codyn","EEVAR",0.432904234559707
"custom","EEVAR",0.444009004414338
"microbiome","EEVAR",0.444009004414338
"acid","EGIN",0.78931475029036
"DescTools","EGIN",0.78931475029036
"dplR","EGIN",0.78931475029036
"EconGeo","EGIN",0.789
"giniVarCI","EGIN",0.78931475029036
"ineq","EGIN",0.78931475029036
"microbiome","EGIN",0.78931475029036
"REAT","EGIN",0.78931475029036
"shipunov","EGIN",0.78931475029036
"wINEQ","EGIN",0.78931475029036
"adiv","EGSP",0.922766430916342
"abdiv","EHEI",0.583347570485861
"adiv","EHEI",0.583347570485861
"custom","EHUL",0.40650406504065
"benthos","EHURE",0.872184459549514
"BiodiversityR","EHURE",0.87218446
"mobr","EHURE",0.872184459549513
"vegan","EHURE",0.872184459549535
"custom","ELR",0.239126874317153
"abdiv","EMC",0.418040802855568
"tabula","EMC",0.843605116614568
"microbiome","EMN",0.40650406504065
"custom","ENHC",-0.233057428587077
"custom","EPAT",0.164159371533356
"abdiv","EPIE",0.821358454578795
"adiv","EPIE",0.821358454578795
"BiodiversityR","EPIE",0.82135845
"breakaway","EPIE",0.821358454578795
"chemodiv","EPIE",0.821358454578795
"diverse","EPIE",0.723976423640391
"forestmangr","EPIE",1
"microbiome","EPIE",0.821358454578795
"OTUtable","EPIE",0.821358454578795
"pctax","EPIE",0.8214
"sprex","EPIE",0.821358454578795
"tabula","EPIE",0.821358454578795
"custom","ESHE",0.609388347330495
"adiv","ESP",0.46328392944635
"codyn","ESP",0.46328392944635
"sprex","ESP",0.142330574255091
"tabula","ESP",0.46328392944635
"abdiv","EST",0.421747967479675
"adiv","QHIL_0",16
"adiv","QHIL_1",9.75021355728792
"adiv","QHIL_2",7.4125428711416
"adiv","QHIL_3",6.41075609262972
"BAT","QHIL_0",16
"BAT","QHIL_1",9.75021355728792
"BAT","QHIL_2",7.4125428711416
"BAT","QHIL_3",6.41075609262972
"benthos","QHIL_0",35
"benthos","QHIL_1",9.75021355728792
"benthos","QHIL_2",7.4125428711416
"benthos","QHIL_3",6.41075609262972
"breakaway","QHIL_0",16
"breakaway","QHIL_1",9.75021355728792
"breakaway","QHIL_2",7.4125428711416
"breakaway","QHIL_3",6.41075609262972
"chemodiv","QHIL_0",16
"chemodiv","QHIL_1",9.75021355728792
"chemodiv","QHIL_2",7.4125428711416
"chemodiv","QHIL_3",6.41075609262972
"divDyn","QHIL_2",7.4125428711416
"divent","QHIL_0",19
"divent","QHIL_1",10.4847214195918
"divent","QHIL_2",7.75806160290134
"divent","QHIL_3",6.64747281906627
"entropart","QHIL_0",19
"entropart","QHIL_1",10.4847214195918
"entropart","QHIL_2",7.75806160290134
"entropart","QHIL_3",6.64747281906625
"EntropyEstimation","QHIL_1",10.4042158738168
"EntropyEstimation","QHIL_2",7.82377476538061
"EntropyEstimation","QHIL_3",6.78837808699004
"extremefit","QHIL",NA
"hilldiv","QHIL_0",16
"hilldiv","QHIL_1",9.75025053230627
"hilldiv","QHIL_2",7.4125428711416
"hilldiv","QHIL_3",6.41075609262972
"hillR","QHIL_0",16
"hillR","QHIL_1",9.75021355728792
"hillR","QHIL_2",7.4125428711416
"hillR","QHIL_3",6.41075609262972
"sprex","QHIL_0",16
"sprex","QHIL_1",9.75021355728792
"sprex","QHIL_2",7.4125428711416
"sprex","QHIL_3",6.41075609262972
"vegan","QHIL_0",16
"vegan","QHIL_1",9.75021355728792
"vegan","QHIL_2",7.4125428711416
"vegan","QHIL_3",6.41075609262972
"adiv","QREN_0",2.77258872223978
"adiv","QREN_1",2.27728918808146
"adiv","QREN_2",2.00317354793499
"adiv","QREN_3",1.85797721914486
"BiodiversityR","QREN_0",2.77258872223978
"BiodiversityR","QREN_1",2.27728918808146
"BiodiversityR","QREN_2",2.00317354793499
"BiodiversityR","QREN_3",1.85797721914486
"diverse","QREN_0",2.63905732961526
"diverse","QREN_1",1.91061528727681
"diverse","QREN_2",1.54143318332004
"diverse","QREN_3",1.39077528530468
"EntropyEstimation","QREN_1",2.34221109648849
"EntropyEstimation","QREN_2",2.05716714466229
"EntropyEstimation","QREN_3",1.9152120451417
"seewave","QREN_2",0.563425449262519
"seewave","QREN_3",0.522586596356263
"sprex","QREN_0",2.77258872223978
"sprex","QREN_1",2.27728918808146
"sprex","QREN_2",2.00317354793499
"sprex","QREN_3",1.85797721914486
"statcomp","QREN_1",0.640524963715495
"statcomp","QREN_2",0.563425440572988
"statcomp","QREN_3",0.522586589839114
"vegan","QREN_0",2.77258872223978
"vegan","QREN_1",2.27728918808146
"vegan","QREN_2",2.00317354793499
"vegan","QREN_3",1.85797721914486
"adiv","QTSA_0",15
"adiv","QTSA_1",2.27728918808146
"adiv","QTSA_2",0.86509352898407
"adiv","QTSA_3",0.487833896780372
"divent","QTSA_0",15
"divent","QTSA_1",2.27728918808146
"divent","QTSA_2",0.86509352898407
"divent","QTSA_3",0.487833896780372
"entropart","QTSA_0",18
"entropart","QTSA_1",2.34991909457714
"entropart","QTSA_2",0.871101822699368
"entropart","QTSA_3",0.488684939929924
"EntropyEstimation","QTSA_1",2.34221109648849
"EntropyEstimation","QTSA_2",0.872184459549514
"EntropyEstimation","QTSA_3",0.489149794627604
"vegan","QTSA_0",15
"vegan","QTSA_1",2.27728918808146
"vegan","QTSA_2",0.86509352898407
"vegan","QTSA_3",0.487833896780372
"BAT","RACE",18.3960167412325
"ecodive","RACE",18.3960167412325
"fossil","RACE",16.9230769230769
"pctax","RACE",18.396
"sprex","RACE",123.819802305781
"tabula","RACE",18.3960167412325
"vegan","RACE",18.3960167412325
"wiqid","RACE",18.3960167412325
"BiodiversityR","RBOO",16
"wiqid","RBOO",35
"BAT","RC1",16.75
"BiodiversityR","RC1",16
"biosampleR","RC1",16.5
"iNEXT","RC1",17.488
"microbiome","RC1",16.75
"pctax","RC1",16.75
"rareNMtests","RC1",16
"SpadeR","RC1",16
"SSP","RC1",15
"vegan","RC1",16.75
"BAT","RC1M",17.3388671875
"divent","RC1M",17.4878048780488
"ecodive","RC1M",17.5
"entropart","RC1M",17.4878048780488
"fossil","RC1M",17.5
"mobr","RC1M",17.4878048780488
"OTUtable","RC1M",17.5
"tabula","RC1M",17.4878048780488
"wiqid","RC1M",17.5
"BAT","RCA2",34.2215230880231
"divDyn","RCA2",16.703125
"fossil","RCA2",17.5
"tabula","RCA2",16
"wiqid","RCA2",16
"benthos","RHUR_2",1.87218445954954
"benthos","RHUR_3",2.63825378939338
"divent","RHUR_2",7.82377555522102
"divent","RHUR_3",7.94518307615111
"entropart","RHUR_2",1.87218445954954
"entropart","RHUR_3",2.63825378939338
"mobsim","RHUR_2",1.87218445954954
"mobsim","RHUR_3",2.63825378939338
"tabula","RHUR_2",1.87218445955106
"tabula","RHUR_3",2.63825378939366
"vegan","RHUR_2",1.87218445954954
"vegan","RHUR_3",2.63825378939338
"BAT","RICE",35.52104803063
"fossil","RICE",16.9230769230769
"tabula","RICE",16
"wiqid","RICE",16
"BAT","RJA1",19
"BiodiversityR","RJA1",16
"divent","RJA1",19
"entropart","RJA1",19
"fossil","RJA1",18.9756097560976
"SSP","RJA1",15
"tabula","RJA1",2.27728918808146
"wiqid","RJA1",19
"BAT","RJA2",19
"BiodiversityR","RJA2",16
"fossil","RJA2",18.9266293482607
"SSP","RJA2",15
"wiqid","RJA2",19
"sprex","RMM",133
"wiqid","RMM",0
"divDyn","RSQ",17.2180226775413
"ecodive","RSQ",17.2180226775413
"tabula","RSQ",17.2180226775413
"abdiv","D1SP",0.887719552910437
"ade4","D1SP",0.887719552910437
"adiv","D1SP",0.887719552910437
"agricolae","D1SP",1
"asbio","D1SP",0.887719552910437
"BiodiversityR","D1SP",0.88771955
"biosampleR","D1SP",0.861103131284114
"breakaway","D1SP",0.887719552910437
"catsim","D1SP",0.760816326530612
"concstats","2_D1SP",0.795378151260504
"concstats","D1SP",0.973890601384987
"CUB","D1SP",0.91382895152545
"DescTools","2_D1SP",0.887719552910437
"DescTools","D1SP",0.763642806520198
"divent","D1SP",0.887719552910437
"diverse","D1SP",0.861103131284114
"ecodive","D1SP",0.887719552910437
"entropart","D1SP",0.887719552910437
"lawstat","D1SP",0.763642806520198
"MCPAN","D1SP",-3093
"microbiome","D1SP",0.887719552910437
"PCRA","D1SP",0.887719552910437
"RoughSets","D1SP",0.887719552910437
"simboot","D1SP",-3093
"sprex","D1SP",0.887719552910437
"untb","D1SP",0.893099671412924
"vegan","D1SP",0.887719552910437
"abdiv","DBRI",2.29528911547263
"ecodive","DBRI",2.29528911547263
"tabula","DBRI",2.29528911547263
"wiqid","DBRI",9.92730573511424
"BiodiversityR","DFIS",5.53276736
"ecodive","DFIS",5.533
"microbiome","DFIS",5.53276736392236
"preseqR","DFIS",11.2855741995067
"sads","DFIS",5.53276747238648
"vegan","DFIS",5.53276736392236
"custom","DGLE",3.71675379258062
"DGOO","1_1",2.47691915111123
"DGOO","1_2",0.471394582094639
"DGOO","1_3",1
"DGOO","2_1",0.222252877161927
"DGOO","2_2",1.09214753855384
"DGOO","2_3",1
"DGOO","3_1",0.0310005903617703
"DGOO","3_2",0.112146299389361
"DGOO","3_3",1
"abdiv","DINVSP",8.90627020038785
"adiv","DINVSP",8.90627020038785
"asbio","DINVSP",8.90627020038785
"BiodiversityR","DINVSP",8.9062702
"breakaway","DINVSP",8.90627020038785
"chemodiv","DINVSP",8.90627020038785
"codyn","DINVSP",8.90627020038785
"divseg","DINVSP",1.11228044708956
"ecodive","DINVSP",8.90627020038785
"microbiome","DINVSP",8.90627020038785
"sprex","DINVSP",8.90627020038785
"vegan","DINVSP",8.90627020038785
"custom","DKO",0.24
"asbio","DLMD",25.2338453590641
"Compositional","DLMD",0.999958992306093
"sads","DLMD",1.6518381606885
"vegan","DLMD",19.8683498777313
"abdiv","DMC",0.720867415738301
"adiv","DMC",0.720867415738301
"agricolae","DMC",0.720867415738301
"ecodive","DMC",0.720867415738301
"forestHES","DMC",0.720867415738301
"tabula","DMC",0.720867415738301
"abdiv","DMG",3.52113517191848
"adiv","DMG",3.52113517191848
"agricolae","DMG",6.65103310251269
"ecodive","DMG",3.52113517191848
"tabula","DMG",3.52113517191848
"abdiv","DMN",1.47468599884203
"adiv","DMN",1.47468599884203
"ecodive","DMN",1.47468599884203
"tabula","DMN",1.47468599884203
"custom","DOD",114.457831325301
"abdiv","DQ",6.25167851051884
"ade4","DRAO",0.887719552910437
"BAT","DRAO",0.887719552910438
"chemodiv","DRAO",115.306858273025
"diverse","DRAO",75.5536223254379
"SYNCSA","DRAO",0.887719552910437
"abdiv","DSHA",2.47691915111123
"adiv","DSHA",2.47691915111123
"aqp","DSHA",-631.06567558907
"asbio","DSHA",2.47691915111123
"benthos","DSHA",0
"BiodiversityR","DSHA",2.47691915
"biosampleR","DSHA",2.32484210153417
"chemodiv","DSHA",2.47691915111123
"codyn","DSHA",2.47691915111123
"DescTools","DSHA",3.57343897599108
"divDyn","DSHA",2.47691915111123
"divent","DSHA",2.47691915111123
"diverse","DSHA",2.32484210153417
"ecodive","DSHA",2.47691915111123
"EconGeo","DSHA",3.573
"entropart","DSHA",2.52006531851735
"forestmangr","DSHA",3.56
"HardyWeinberg","DSHA",2.47691915111123
"iNEXT","DSHA",2.477
"MCPAN","DSHA",2.47691915111123
"microbiome","DSHA",2.47691915111123
"OTUtable","DSHA",2.47691915111123
"pgirmess","DSHA",3.57343897599108
"SpiecEasi","DSHA",2.47691915111123
"sprex","DSHA",2.47691915111123
"tabula","DSHA",2.47691915111123
"triversity","DSHA",19
"vegan","DSHA",2.47691915111123
"wavethresh","DSHA",-19384.1798682022
"wiqid","DSHA",9.35450819672131
"abdiv","DSP",0.112280447089563
"agricolae","DSP",0.112280447089563
"antitrust","DSP",1122.80447089563
"benthos","DSP",0.106900328587076
"breakaway","DSP",0.112280447089563
"concstats","DSP",0.112280447089563
"DescTools","DSP",0.112280447089563
"diverse","DSP",0.131537012892945
"divseg","DSP",1.11228044708956
"EconGeo","DSP",0.112280447089563
"hhi","DSP",0.112280447089563
"ineq","DSP",0.112280447089563
"microbiome","DSP",0.112280447089563
"PDtoolkit","DSP",0.112280447089563
"politics","DSP",0.112280447089563
"REAT","DSP",0.112280447089563
"sprex","DSP",0.112280447089563
"tabula","DSP",0.112280447089563
"triversity","DSP",0.112280447089563
"wiqid","DSP",9.35450819672131
"abdiv","EBP",0.198795180722892
"agricolae","EBP",0.198795180722892
"BiodiversityR","EBP",0.19879518
"diverse","EBP",0.271186440677966
"dyvDyn","EBP",0.0285714285714286
"ecodive","EBP",0.198795180722892
"microbiome","EBP",0.198795180722892
"tabula","EBP",0.198795180722892
"triversity","EBP",0.198795180722892
"wiqid","EBP",1
"tabula","EBRI",0.839585459144336
"BAT","EBU",0.563922356091031
"microbiome","EBU",0.563922356091031
"BAT","ECAM",0.941731839639259
"microbiome","ECAM",0.438807863031072
"codyn","EEQ",0.17703691315567
"custom","EEQ",0.0191078029127523
"adiv","EEVAR",0.486733552016518
"codyn","EEVAR",0.478762372446244
"custom","EEVAR",0.486733552016518
"microbiome","EEVAR",0.486733552016518
"acid","EGIN",0.741824440619621
"DescTools","EGIN",0.741824440619621
"dplR","EGIN",0.741824440619621
"EconGeo","EGIN",0.742
"giniVarCI","EGIN",0.741824440619621
"ineq","EGIN",0.741824440619621
"microbiome","EGIN",0.741824440619621
"REAT","EGIN",0.741824440619621
"shipunov","EGIN",0.741824440619621
"wINEQ","EGIN",0.741824440619621
"adiv","EGSP",0.937037305849906
"abdiv","EHEI",0.605807322195248
"adiv","EHEI",0.605807322195248
"custom","EHUL",0.373493975903614
"benthos","EHURE",0.893099671412924
"BiodiversityR","EHURE",0.89309967
"mobr","EHURE",0.893099671412924
"vegan","EHURE",0.893099671412881
"custom","ELR",0.243301805878503
"abdiv","EMC",0.375681723797033
"tabula","EMC",0.862874162626138
"microbiome","EMN",0.373493975903614
"custom","ENHC",-0.183544563060055
"custom","EPAT",0.0773210510236512
"abdiv","EPIE",0.841219386320053
"adiv","EPIE",0.841219386320053
"BiodiversityR","EPIE",0.84121939
"breakaway","EPIE",0.841219386320053
"chemodiv","EPIE",0.841219386320053
"diverse","EPIE",0.804340166687199
"forestmangr","EPIE",1
"microbiome","EPIE",0.841219386320053
"OTUtable","EPIE",0.841219386320053
"pctax","EPIE",0.8412
"sprex","EPIE",0.841219386320053
"tabula","EPIE",0.841219386320053
"custom","ESHE",0.626554305237604
"adiv","ESP",0.468751063178308
"codyn","ESP",0.468751063178308
"sprex","ESP",0.13036416584796
"tabula","ESP",0.468751063178308
"abdiv","EST",0.413126188966392
"adiv","QHIL_0",19
"adiv","QHIL_1",11.9045317995145
"adiv","QHIL_2",8.90627020038785
"adiv","QHIL_3",7.63375766009409
"BAT","QHIL_0",19
"BAT","QHIL_1",11.9045317995145
"BAT","QHIL_2",8.90627020038785
"BAT","QHIL_3",7.63375766009409
"benthos","QHIL_0",35
"benthos","QHIL_1",11.9045317995145
"benthos","QHIL_2",8.90627020038785
"benthos","QHIL_3",7.63375766009409
"breakaway","QHIL_0",19
"breakaway","QHIL_1",11.9045317995145
"breakaway","QHIL_2",8.90627020038785
"breakaway","QHIL_3",7.63375766009409
"chemodiv","QHIL_0",19
"chemodiv","QHIL_1",11.9045317995145
"chemodiv","QHIL_2",8.90627020038785
"chemodiv","QHIL_3",7.63375766009409
"divDyn","QHIL_2",8.90627020038785
"divent","QHIL_0",21
"divent","QHIL_1",12.4294085075983
"divent","QHIL_2",9.11490766172913
"divent","QHIL_3",7.7710837623731
"entropart","QHIL_0",21
"entropart","QHIL_1",12.4294085075983
"entropart","QHIL_2",9.11490766172913
"entropart","QHIL_3",7.77108376237312
"EntropyEstimation","QHIL_1",12.6028760124409
"EntropyEstimation","QHIL_2",9.35450819672129
"EntropyEstimation","QHIL_3",8.03677596573335
"extremefit","QHIL",NA
"hilldiv","QHIL_0",19
"hilldiv","QHIL_1",11.904577710923
"hilldiv","QHIL_2",8.90627020038785
"hilldiv","QHIL_3",7.63375766009409
"hillR","QHIL_0",19
"hillR","QHIL_1",11.9045317995145
"hillR","QHIL_2",8.90627020038785
"hillR","QHIL_3",7.63375766009409
"sprex","QHIL_0",19
"sprex","QHIL_1",11.9045317995145
"sprex","QHIL_2",8.90627020038785
"sprex","QHIL_3",7.63375766009409
"vegan","QHIL_0",19
"vegan","QHIL_1",11.9045317995145
"vegan","QHIL_2",8.90627020038785
"vegan","QHIL_3",7.63375766009409
"adiv","QREN_0",2.94443897916644
"adiv","QREN_1",2.47691915111123
"adiv","QREN_2",2.18675554558007
"adiv","QREN_3",2.03258020900571
"BiodiversityR","QREN_0",2.94443897916644
"BiodiversityR","QREN_1",2.47691915111123
"BiodiversityR","QREN_2",2.18675554558008
"BiodiversityR","QREN_3",2.03258020900571
"diverse","QREN_0",2.89037175789616
"diverse","QREN_1",2.32484210153417
"diverse","QREN_2",1.97402357291809
"diverse","QREN_3",1.78808953660471
"EntropyEstimation","QREN_1",2.53392504286686
"EntropyEstimation","QREN_2",2.23585838717592
"EntropyEstimation","QREN_3",2.08402800348226
"seewave","QREN_2",0.615060896159096
"seewave","QREN_3",0.571696550748408
"sprex","QREN_0",2.94443897916644
"sprex","QREN_1",2.47691915111123
"sprex","QREN_2",2.18675554558007
"sprex","QREN_3",2.03258020900571
"statcomp","QREN_1",0.696674167556354
"statcomp","QREN_2",0.615060890737093
"statcomp","QREN_3",0.571696546681906
"vegan","QREN_0",2.94443897916644
"vegan","QREN_1",2.47691915111123
"vegan","QREN_2",2.18675554558008
"vegan","QREN_3",2.03258020900571
"adiv","QTSA_0",18
"adiv","QTSA_1",2.47691915111123
"adiv","QTSA_2",0.887719552910437
"adiv","QTSA_3",0.491419881879091
"divent","QTSA_0",18
"divent","QTSA_1",2.47691915111123
"divent","QTSA_2",0.887719552910437
"divent","QTSA_3",0.491419881879091
"entropart","QTSA_0",20
"entropart","QTSA_1",2.52006531851735
"entropart","QTSA_2",0.89028961816051
"entropart","QTSA_3",0.491720448267023
"EntropyEstimation","QTSA_1",2.53392504286686
"EntropyEstimation","QTSA_2",0.893099671412924
"EntropyEstimation","QTSA_3",0.492258835786605
"vegan","QTSA_0",18
"vegan","QTSA_1",2.47691915111123
"vegan","QTSA_2",0.887719552910437
"vegan","QTSA_3",0.491419881879091
"BAT","RACE",19.9706630803106
"ecodive","RACE",19.9706630803106
"fossil","RACE",19.5283018867925
"pctax","RACE",19.9707
"sprex","RACE",197.876960214714
"tabula","RACE",19.9706630803106
"vegan","RACE",19.9706630803106
"wiqid","RACE",19.9706630803106
"BiodiversityR","RBOO",19
"wiqid","RBOO",35
"BAT","RC1",19.25
"BiodiversityR","RC1",19
"biosampleR","RC1",19.2
"iNEXT","RC1",19.663
"microbiome","RC1",19.25
"pctax","RC1",19.25
"rareNMtests","RC1",19
"SpadeR","RC1",19
"SSP","RC1",18
"vegan","RC1",19.25
"BAT","RC1M",19.463296398892
"divent","RC1M",19.6626506024096
"ecodive","RC1M",19.6666666666667
"entropart","RC1M",19.6626506024096
"fossil","RC1M",19.6666666666667
"mobr","RC1M",19.6626506024096
"OTUtable","RC1M",19.6666666666667
"tabula","RC1M",19.6626506024096
"wiqid","RC1M",19.6666666666667
"BAT","RCA2",34.6374444444444
"divDyn","RCA2",19.2368421052632
"fossil","RCA2",19.6666666666667
"tabula","RCA2",19
"wiqid","RCA2",19
"benthos","RHUR_2",1.89309967141288
"benthos","RHUR_3",2.69478134266552
"divent","RHUR_2",9.35448099546307
"divent","RHUR_3",9.48352607820199
"entropart","RHUR_2",1.89309967141288
"entropart","RHUR_3",2.69478134266552
"mobsim","RHUR_2",1.89309967141288
"mobsim","RHUR_3",2.69478134266552
"tabula","RHUR_2",1.89309967141492
"tabula","RHUR_3",2.69478134266701
"vegan","RHUR_2",1.89309967141288
"vegan","RHUR_3",2.69478134266552
"BAT","RICE",35.6562408207161
"fossil","RICE",19.5283018867925
"tabula","RICE",19
"wiqid","RICE",19
"BAT","RJA1",21
"BiodiversityR","RJA1",19
"divent","RJA1",21
"entropart","RJA1",21
"fossil","RJA1",20.9879518072289
"SSP","RJA1",18
"tabula","RJA1",2.47691915111123
"wiqid","RJA1",21
"BAT","RJA2",20
"BiodiversityR","RJA2",19
"fossil","RJA2",19.9818181818182
"SSP","RJA2",18
"wiqid","RJA2",20
"sprex","RMM",173
"wiqid","RMM",0
"divDyn","RSQ",19.449741987063
"ecodive","RSQ",19.449741987063
"tabula","RSQ",19.449741987063
"abdiv","D1SP",0.889274691358025
"ade4","D1SP",0.889274691358025
"adiv","D1SP",0.889274691358025
"agricolae","D1SP",1
"asbio","D1SP",0.889274691358025
"BiodiversityR","D1SP",0.88927469
"biosampleR","D1SP",0.911232404481471
"breakaway","D1SP",0.889274691358025
"catsim","D1SP",0.857142857142857
"concstats","2_D1SP",0.795378151260504
"concstats","D1SP",0.973844862018882
"CUB","D1SP",0.915429829339143
"DescTools","2_D1SP",0.889274691358025
"DescTools","D1SP",0.732843137254902
"divent","D1SP",0.889274691358025
"diverse","D1SP",0.911232404481471
"ecodive","D1SP",0.889274691358025
"entropart","D1SP",0.889274691358025
"lawstat","D1SP",0.732843137254902
"MCPAN","D1SP",-5165
"microbiome","D1SP",0.889274691358025
"PCRA","D1SP",0.889274691358025
"RoughSets","D1SP",0.889274691358025
"simboot","D1SP",-5165
"sprex","D1SP",0.889274691358025
"untb","D1SP",0.893410852713178
"vegan","D1SP",0.889274691358025
"abdiv","DBRI",2.39499065295968
"ecodive","DBRI",2.39499065295968
"tabula","DBRI",2.39499065295968
"wiqid","DBRI",10.96809553937
"BiodiversityR","DFIS",7.31195269
"ecodive","DFIS",7.312
"microbiome","DFIS",7.3119526937976
"preseqR","DFIS",13.2478229053954
"sads","DFIS",7.31195299460818
"vegan","DFIS",7.3119526937976
"custom","DGLE",4.65092188792706
"DGOO","1_1",2.57284443806123
"DGOO","1_2",0.456168292811247
"DGOO","1_3",1
"DGOO","2_1",0.216528598332656
"DGOO","2_2",1.06574286137232
"DGOO","2_3",1
"DGOO","3_1",0.0310018572793058
"DGOO","3_2",0.108787030964449
"DGOO","3_3",1
"abdiv","DINVSP",9.03135888501742
"adiv","DINVSP",9.03135888501742
"asbio","DINVSP",9.03135888501742
"BiodiversityR","DINVSP",9.03135889
"breakaway","DINVSP",9.03135888501742
"chemodiv","DINVSP",9.03135888501742
"codyn","DINVSP",9.03135888501742
"divseg","DINVSP",1.11072530864198
"ecodive","DINVSP",9.03135888501742
"microbiome","DINVSP",9.03135888501742
"sprex","DINVSP",9.03135888501742
"vegan","DINVSP",9.03135888501742
"custom","DKO",0
"asbio","DLMD",51.9117000288937
"Compositional","DLMD",0.999958992306093
"sads","DLMD",1.45905110647312
"vegan","DLMD",31.2780931483616
"abdiv","DMC",0.715960838304154
"adiv","DMC",0.715960838304154
"agricolae","DMC",0.715960838304154
"ecodive","DMC",0.715960838304154
"forestHES","DMC",0.715960838304154
"tabula","DMC",0.715960838304154
"abdiv","DMG",4.46488501240998
"adiv","DMG",4.46488501240998
"agricolae","DMG",6.3252537675808
"ecodive","DMG",4.46488501240998
"tabula","DMG",4.46488501240998
"abdiv","DMN",1.70103454359943
"adiv","DMN",1.70103454359943
"ecodive","DMN",1.70103454359943
"tabula","DMN",1.70103454359943
"custom","DOD",115.740740740741
"abdiv","DQ",7.49451867310857
"ade4","DRAO",0.889274691358025
"BAT","DRAO",0.889274691358019
"chemodiv","DRAO",98.8660033529473
"diverse","DRAO",96.1828911153093
"SYNCSA","DRAO",0.889274691358025
"abdiv","DSHA",2.57284443806123
"adiv","DSHA",2.57284443806123
"aqp","DSHA",-873.300439525057
"asbio","DSHA",2.57284443806123
"benthos","DSHA",0
"BiodiversityR","DSHA",2.57284444
"biosampleR","DSHA",2.65467015397119
"chemodiv","DSHA",2.57284443806123
"codyn","DSHA",2.57284443806123
"DescTools","DSHA",3.71182991176969
"divDyn","DSHA",2.57284443806123
"divent","DSHA",2.57284443806123
"diverse","DSHA",2.65467015397119
"ecodive","DSHA",2.57284443806123
"EconGeo","DSHA",3.712
"entropart","DSHA",2.66279192769616
"forestmangr","DSHA",3.56
"HardyWeinberg","DSHA",2.57284443806123
"iNEXT","DSHA",2.573
"MCPAN","DSHA",2.57284443806123
"microbiome","DSHA",2.57284443806123
"OTUtable","DSHA",2.57284443806123
"pgirmess","DSHA",3.71182991176969
"SpiecEasi","DSHA",2.57284443806123
"sprex","DSHA",2.57284443806123
"tabula","DSHA",2.57284443806123
"triversity","DSHA",25
"vegan","DSHA",2.57284443806123
"wavethresh","DSHA",-35332.659940576
"wiqid","DSHA",9.38181818181818
"abdiv","DSP",0.110725308641975
"agricolae","DSP",0.110725308641975
"antitrust","DSP",1107.25308641975
"benthos","DSP",0.106589147286822
"breakaway","DSP",0.110725308641975
"concstats","DSP",0.110725308641975
"DescTools","DSP",0.110725308641975
"diverse","DSP",0.0809792843691149
"divseg","DSP",1.11072530864198
"EconGeo","DSP",0.110725308641975
"hhi","DSP",0.110725308641975
"ineq","DSP",0.110725308641975
"microbiome","DSP",0.110725308641975
"PDtoolkit","DSP",0.110725308641975
"politics","DSP",0.110725308641975
"REAT","DSP",0.110725308641975
"sprex","DSP",0.110725308641975
"tabula","DSP",0.110725308641975
"triversity","DSP",0.110725308641975
"wiqid","DSP",9.38181818181818
"abdiv","EBP",0.194444444444444
"agricolae","EBP",0.194444444444444
"BiodiversityR","EBP",0.19444444
"diverse","EBP",0.152542372881356
"dyvDyn","EBP",0.0285714285714286
"ecodive","EBP",0.194444444444444
"microbiome","EBP",0.194444444444444
"tabula","EBP",0.194444444444444
"triversity","EBP",0.194444444444444
"wiqid","EBP",1
"tabula","EBRI",0.79784211337047
"BAT","EBU",0.50733024691358
"microbiome","EBU",0.50733024691358
"BAT","ECAM",0.950277777777778
"microbiome","ECAM",0.375185185185185
"codyn","EEQ",0.168046644195542
"custom","EEQ",0.0123641754178932
"adiv","EEVAR",0.409925507315469
"codyn","EEVAR",0.406314350412219
"custom","EEVAR",0.409925507315469
"microbiome","EEVAR",0.409925507315469
"acid","EGIN",0.711904761904762
"DescTools","EGIN",0.711904761904762
"dplR","EGIN",0.711904761904762
"EconGeo","EGIN",0.712
"giniVarCI","EGIN",0.711904761904761
"ineq","EGIN",0.711904761904762
"microbiome","EGIN",0.711904761904762
"REAT","EGIN",0.711904761904762
"shipunov","EGIN",0.711904761904762
"wINEQ","EGIN",0.711904761904762
"adiv","EGSP",0.926327803497942
"abdiv","EHEI",0.504293428170647
"adiv","EHEI",0.504293428170647
"custom","EHUL",0.361111111111111
"benthos","EHURE",0.893410852713178
"BiodiversityR","EHURE",0.89341085
"mobr","EHURE",0.893410852713178
"vegan","EHURE",0.893410852713134
"custom","ELR",0.200847494590659
"abdiv","EMC",0.374226593477939
"tabula","EMC",0.834057341989203
"microbiome","EMN",0.361111111111111
"custom","ENHC",-0.155794629148197
"custom","EPAT",0.0355938940041078
"abdiv","EPIE",0.799299065277417
"adiv","EPIE",0.799299065277417
"BiodiversityR","EPIE",0.79929907
"breakaway","EPIE",0.799299065277417
"chemodiv","EPIE",0.799299065277417
"diverse","EPIE",0.871949610578746
"forestmangr","EPIE",1
"microbiome","EPIE",0.799299065277417
"OTUtable","EPIE",0.799299065277417
"pctax","EPIE",0.7993
"sprex","EPIE",0.799299065277417
"tabula","EPIE",0.799299065277417
"custom","ESHE",0.524121691043821
"adiv","ESP",0.361254355400697
"codyn","ESP",0.361254355400697
"sprex","ESP",0.102913777522449
"tabula","ESP",0.361254355400697
"abdiv","EST",0.472962962962963
"adiv","QHIL_0",25
"adiv","QHIL_1",13.1030422760955
"adiv","QHIL_2",9.03135888501742
"adiv","QHIL_3",7.60604769647038
"BAT","QHIL_0",25
"BAT","QHIL_1",13.1030422760955
"BAT","QHIL_2",9.03135888501742
"BAT","QHIL_3",7.60604769647038
"benthos","QHIL_0",35
"benthos","QHIL_1",13.1030422760955
"benthos","QHIL_2",9.03135888501742
"benthos","QHIL_3",7.60604769647038
"breakaway","QHIL_0",25
"breakaway","QHIL_1",13.1030422760955
"breakaway","QHIL_2",9.03135888501742
"breakaway","QHIL_3",7.60604769647038
"chemodiv","QHIL_0",25
"chemodiv","QHIL_1",13.1030422760955
"chemodiv","QHIL_2",9.03135888501742
"chemodiv","QHIL_3",7.60604769647038
"divDyn","QHIL_2",9.03135888501742
"divent","QHIL_0",31
"divent","QHIL_1",14.3362590748429
"divent","QHIL_2",9.37632979492347
"divent","QHIL_3",7.80037003480235
"entropart","QHIL_0",31
"entropart","QHIL_1",14.3362590748429
"entropart","QHIL_2",9.37632979492347
"entropart","QHIL_3",7.80037003480237
"EntropyEstimation","QHIL_1",13.9020888277062
"EntropyEstimation","QHIL_2",9.38181818181821
"EntropyEstimation","QHIL_3",7.90267699882972
"extremefit","QHIL",NA
"hilldiv","QHIL_0",25
"hilldiv","QHIL_1",13.1031109834652
"hilldiv","QHIL_2",9.03135888501742
"hilldiv","QHIL_3",7.60604769647038
"hillR","QHIL_0",25
"hillR","QHIL_1",13.1030422760955
"hillR","QHIL_2",9.03135888501742
"hillR","QHIL_3",7.60604769647038
"sprex","QHIL_0",25
"sprex","QHIL_1",13.1030422760955
"sprex","QHIL_2",9.03135888501742
"sprex","QHIL_3",7.60604769647038
"vegan","QHIL_0",25
"vegan","QHIL_1",13.1030422760955
"vegan","QHIL_2",9.03135888501742
"vegan","QHIL_3",7.60604769647038
"adiv","QREN_0",3.2188758248682
"adiv","QREN_1",2.57284443806123
"adiv","QREN_2",2.20070284171254
"adiv","QREN_3",2.02894368038706
"BiodiversityR","QREN_0",3.2188758248682
"BiodiversityR","QREN_1",2.57284443806123
"BiodiversityR","QREN_2",2.20070284171254
"BiodiversityR","QREN_3",2.02894368038706
"diverse","QREN_0",3.04452243772342
"diverse","QREN_1",2.65467015397119
"diverse","QREN_2",2.42173361091369
"diverse","QREN_3",2.29600425266176
"EntropyEstimation","QREN_1",2.63203910422098
"EntropyEstimation","QREN_2",2.2387735802491
"EntropyEstimation","QREN_3",2.06720156268404
"seewave","QREN_2",0.618983799310462
"seewave","QREN_3",0.570673715270942
"sprex","QREN_0",3.2188758248682
"sprex","QREN_1",2.57284443806123
"sprex","QREN_2",2.20070284171254
"sprex","QREN_3",2.02894368038706
"statcomp","QREN_1",0.723654729034717
"statcomp","QREN_2",0.618983796706143
"statcomp","QREN_3",0.570673713317703
"vegan","QREN_0",3.2188758248682
"vegan","QREN_1",2.57284443806123
"vegan","QREN_2",2.20070284171254
"vegan","QREN_3",2.02894368038706
"adiv","QTSA_0",24
"adiv","QTSA_1",2.57284443806123
"adiv","QTSA_2",0.889274691358025
"adiv","QTSA_3",0.491357250704923
"divent","QTSA_0",24
"divent","QTSA_1",2.57284443806123
"divent","QTSA_2",0.889274691358025
"divent","QTSA_3",0.491357250704923
"entropart","QTSA_0",30
"entropart","QTSA_1",2.66279192769616
"entropart","QTSA_2",0.89334846129864
"entropart","QTSA_3",0.491782502251539
"EntropyEstimation","QTSA_1",2.63203910422098
"EntropyEstimation","QTSA_2",0.893410852713179
"EntropyEstimation","QTSA_3",0.491993890217103
"vegan","QTSA_0",24
"vegan","QTSA_1",2.57284443806123
"vegan","QTSA_2",0.889274691358025
"vegan","QTSA_3",0.491357250704923
"BAT","RACE",28.8195097210482
"ecodive","RACE",28.8195097210482
"fossil","RACE",26.8461538461538
"pctax","RACE",28.8195
"sprex","RACE",240.462236250707
"tabula","RACE",28.8195097210482
"vegan","RACE",28.8195097210482
"wiqid","RACE",28.8195097210482
"BiodiversityR","RBOO",25
"wiqid","RBOO",35
"BAT","RC1",30
"BiodiversityR","RC1",25
"biosampleR","RC1",21.8571428571429
"iNEXT","RC1",33.958
"microbiome","RC1",30
"pctax","RC1",30
"rareNMtests","RC1",25
"SpadeR","RC1",25
"SSP","RC1",24
"vegan","RC1",30
"BAT","RC1M",31.728
"divent","RC1M",33.9583333333333
"ecodive","RC1M",34
"entropart","RC1M",33.9583333333333
"fossil","RC1M",34
"mobr","RC1M",33.9583333333333
"OTUtable","RC1M",34
"tabula","RC1M",33.9583333333333
"wiqid","RC1M",34
"BAT","RCA2",34.7970836940837
"divDyn","RCA2",29.8
"fossil","RCA2",34
"tabula","RCA2",25
"wiqid","RCA2",25
"benthos","RHUR_2",1.89341085271313
"benthos","RHUR_3",2.69624477770525
"divent","RHUR_2",9.38183866379891
"divent","RHUR_3",9.53093604513924
"entropart","RHUR_2",1.89341085271313
"entropart","RHUR_3",2.69624477770525
"mobsim","RHUR_2",1.89341085271313
"mobsim","RHUR_3",2.69624477770525
"tabula","RHUR_2",1.89341085271248
"tabula","RHUR_3",2.69624477770148
"vegan","RHUR_2",1.89341085271313
"vegan","RHUR_3",2.69624477770525
"BAT","RICE",35.3761635570933
"fossil","RICE",26.8461538461538
"tabula","RICE",25
"wiqid","RICE",25
"BAT","RJA1",31
"BiodiversityR","RJA1",25
"divent","RJA1",31
"entropart","RJA1",31
"fossil","RJA1",30.9722222222222
"SSP","RJA1",24
"tabula","RJA1",2.57284443806123
"wiqid","RJA1",31
"BAT","RJA2",35
"BiodiversityR","RJA2",25
"fossil","RJA2",34.861068044789
"SSP","RJA2",24
"wiqid","RJA2",35
"sprex","RMM",229
"wiqid","RMM",0
"divDyn","RSQ",28.9989678751129
"ecodive","RSQ",28.9989678751129
"tabula","RSQ",28.9989678751129
"abdiv","D1SP",0.852740858295312
"ade4","D1SP",0.852740858295312
"adiv","D1SP",0.852740858295312
"agricolae","D1SP",1
"asbio","D1SP",0.852740858295312
"BiodiversityR","D1SP",0.85274086
"biosampleR","D1SP",0.709345065716195
"breakaway","D1SP",0.852740858295312
"catsim","D1SP",0.754285714285714
"concstats","2_D1SP",0.795378151260504
"concstats","D1SP",0.974919386520726
"CUB","D1SP",0.877821471774586
"DescTools","2_D1SP",0.852740858295312
"DescTools","D1SP",0.819663076498205
"divent","D1SP",0.852740858295312
"diverse","D1SP",0.709345065716195
"ecodive","D1SP",0.852740858295312
"entropart","D1SP",0.852740858295312
"lawstat","D1SP",0.819663076498205
"MCPAN","D1SP",-6680
"microbiome","D1SP",0.852740858295312
"PCRA","D1SP",0.852740858295312
"RoughSets","D1SP",0.852740858295312
"simboot","D1SP",-6680
"sprex","D1SP",0.852740858295312
"untb","D1SP",0.856763220834441
"vegan","D1SP",0.852740858295312
"abdiv","DBRI",2.10905508061129
"ecodive","DBRI",2.10905508061129
"tabula","DBRI",2.10905508061129
"wiqid","DBRI",8.24045104266901
"BiodiversityR","DFIS",5.04464168
"ecodive","DFIS",5.045
"microbiome","DFIS",5.0446416800135
"preseqR","DFIS",11.6314294986824
"sads","DFIS",5.04464079267851
"vegan","DFIS",5.0446416800135
"custom","DGLE",3.54392176601065
"DGOO","1_1",2.24718804757461
"DGOO","1_2",0.466047506552959
"DGOO","1_3",1
"DGOO","2_1",0.249595049661418
"DGOO","2_2",0.978090712331458
"DGOO","2_3",1
"DGOO","3_1",0.0452787495806889
"DGOO","3_2",0.122290818689761
"DGOO","3_3",1
"abdiv","DINVSP",6.79074988774136
"adiv","DINVSP",6.79074988774136
"asbio","DINVSP",6.79074988774136
"BiodiversityR","DINVSP",6.79074989
"breakaway","DINVSP",6.79074988774136
"chemodiv","DINVSP",6.79074988774136
"codyn","DINVSP",6.79074988774136
"divseg","DINVSP",1.14725914170469
"ecodive","DINVSP",6.79074988774136
"microbiome","DINVSP",6.79074988774136
"sprex","DINVSP",6.79074988774136
"vegan","DINVSP",6.79074988774136
"custom","DKO",0.24
"asbio","DLMD",33.1278807925597
"Compositional","DLMD",0.999958992306093
"sads","DLMD",1.57201998718175
"vegan","DLMD",30.5039709363386
"abdiv","DMC",0.661587650372936
"adiv","DMC",0.661587650372936
"agricolae","DMC",0.661587650372936
"ecodive","DMC",0.661587650372936
"forestHES","DMC",0.661587650372936
"tabula","DMC",0.661587650372936
"abdiv","DMG",3.35739956779956
"adiv","DMG",3.35739956779956
"agricolae","DMG",6.34175473917695
"ecodive","DMG",3.35739956779956
"tabula","DMG",3.35739956779956
"abdiv","DMN",1.30185854867231
"adiv","DMN",1.30185854867231
"ecodive","DMN",1.30185854867231
"tabula","DMN",1.30185854867231
"custom","DOD",89.2018779342723
"abdiv","DQ",3.94436998204963
"ade4","DRAO",0.852740858295312
"BAT","DRAO",0.852740858295314
"chemodiv","DRAO",113.9372294289
"diverse","DRAO",210.623303013712
"SYNCSA","DRAO",0.852740858295312
"abdiv","DSHA",2.24718804757461
"adiv","DSHA",2.24718804757461
"aqp","DSHA",-956.945646993586
"asbio","DSHA",2.24718804757461
"benthos","DSHA",0
"BiodiversityR","DSHA",2.24718805
"biosampleR","DSHA",1.93042838599021
"chemodiv","DSHA",2.24718804757461
"codyn","DSHA",2.24718804757461
"DescTools","DSHA",3.24200705218084
"divDyn","DSHA",2.24718804757461
"divent","DSHA",2.24718804757461
"diverse","DSHA",1.93042838599021
"ecodive","DSHA",2.24718804757461
"EconGeo","DSHA",3.242
"entropart","DSHA",2.3257804490599
"forestmangr","DSHA",3.56
"HardyWeinberg","DSHA",2.24718804757461
"iNEXT","DSHA",2.247
"MCPAN","DSHA",2.24718804757461
"microbiome","DSHA",2.24718804757461
"OTUtable","DSHA",2.24718804757461
"pgirmess","DSHA",3.24200705218084
"SpiecEasi","DSHA",2.24718804757461
"sprex","DSHA",2.24718804757461
"tabula","DSHA",2.24718804757461
"triversity","DSHA",19
"vegan","DSHA",2.24718804757461
"wavethresh","DSHA",-48989.8303020316
"wiqid","DSHA",6.98144712430427
"abdiv","DSP",0.147259141704688
"agricolae","DSP",0.147259141704688
"antitrust","DSP",1472.59141704688
"benthos","DSP",0.143236779165559
"breakaway","DSP",0.147259141704688
"concstats","DSP",0.147259141704688
"DescTools","DSP",0.147259141704688
"diverse","DSP",0.287998211191235
"divseg","DSP",1.14725914170469
"EconGeo","DSP",0.147259141704688
"hhi","DSP",0.147259141704688
"ineq","DSP",0.147259141704688
"microbiome","DSP",0.147259141704688
"PDtoolkit","DSP",0.147259141704688
"politics","DSP",0.147259141704688
"REAT","DSP",0.147259141704688
"sprex","DSP",0.147259141704688
"tabula","DSP",0.147259141704688
"triversity","DSP",0.147259141704688
"wiqid","DSP",6.98144712430427
"abdiv","EBP",0.276995305164319
"agricolae","EBP",0.276995305164319
"BiodiversityR","EBP",0.27699531
"diverse","EBP",0.514925373134328
"dyvDyn","EBP",0.0285714285714286
"ecodive","EBP",0.276995305164319
"microbiome","EBP",0.276995305164319
"tabula","EBP",0.276995305164319
"triversity","EBP",0.276995305164319
"wiqid","EBP",1
"tabula","EBRI",0.761312071407689
"BAT","EBU",0.476004173187272
"microbiome","EBU",0.476004173187272
"BAT","ECAM",0.930593306427258
"microbiome","ECAM",0.353101062515443
"codyn","EEQ",0.149721325235582
"custom","EEQ",0.0244180616418311
"adiv","EEVAR",0.3321158482978
"codyn","EEVAR",0.325261475163369
"custom","EEVAR",0.3321158482978
"microbiome","EEVAR",0.3321158482978
"acid","EGIN",0.796244131455399
"DescTools","EGIN",0.796244131455399
"dplR","EGIN",0.796244131455399
"EconGeo","EGIN",0.796
"giniVarCI","EGIN",0.796244131455399
"ineq","EGIN",0.796244131455399
"microbiome","EGIN",0.796244131455399
"REAT","EGIN",0.796244131455399
"shipunov","EGIN",0.796244131455399
"wINEQ","EGIN",0.796244131455399
"adiv","EGSP",0.900115350422829
"abdiv","EHEI",0.470060791641891
"adiv","EHEI",0.470060791641891
"custom","EHUL",0.436619718309859
"benthos","EHURE",0.856763220834441
"BiodiversityR","EHURE",0.85676322
"mobr","EHURE",0.856763220834441
"vegan","EHURE",0.856763220834455
"custom","ELR",0.193363448077572
"abdiv","EMC",0.419066897881764
"tabula","EMC",0.799726179991501
"microbiome","EMN",0.436619718309859
"custom","ENHC",-0.236223999599239
"custom","EPAT",0.177253260082804
"abdiv","EPIE",0.763197357280869
"adiv","EPIE",0.763197357280869
"BiodiversityR","EPIE",0.76319736
"breakaway","EPIE",0.763197357280869
"chemodiv","EPIE",0.763197357280869
"diverse","EPIE",0.615669573295054
"forestmangr","EPIE",1
"microbiome","EPIE",0.763197357280869
"OTUtable","EPIE",0.763197357280869
"pctax","EPIE",0.7632
"sprex","EPIE",0.763197357280869
"tabula","EPIE",0.763197357280869
"custom","ESHE",0.497952328923897
"adiv","ESP",0.357407888828492
"codyn","ESP",0.357407888828492
"sprex","ESP",0.118273055135506
"tabula","ESP",0.357407888828492
"abdiv","EST",0.496417099085742
"adiv","QHIL_0",19
"adiv","QHIL_1",9.46109424955404
"adiv","QHIL_2",6.79074988774136
"adiv","QHIL_3",5.75314733757724
"BAT","QHIL_0",19
"BAT","QHIL_1",9.46109424955404
"BAT","QHIL_2",6.79074988774136
"BAT","QHIL_3",5.75314733757724
"benthos","QHIL_0",35
"benthos","QHIL_1",9.46109424955404
"benthos","QHIL_2",6.79074988774136
"benthos","QHIL_3",5.75314733757724
"breakaway","QHIL_0",19
"breakaway","QHIL_1",9.46109424955404
"breakaway","QHIL_2",6.79074988774136
"breakaway","QHIL_3",5.75314733757724
"chemodiv","QHIL_0",19
"chemodiv","QHIL_1",9.46109424955404
"chemodiv","QHIL_2",6.79074988774136
"chemodiv","QHIL_3",5.75314733757724
"divDyn","QHIL_2",6.79074988774136
"divent","QHIL_0",24
"divent","QHIL_1",10.2346646039994
"divent","QHIL_2",6.97931830857434
"divent","QHIL_3",5.84365374996714
"entropart","QHIL_0",24
"entropart","QHIL_1",10.2346646039994
"entropart","QHIL_2",6.97931830857434
"entropart","QHIL_3",5.84365374996712
"EntropyEstimation","QHIL_1",9.89758371251086
"EntropyEstimation","QHIL_2",6.98144712430426
"EntropyEstimation","QHIL_3",5.914778142201
"extremefit","QHIL",NA
"hilldiv","QHIL_0",19
"hilldiv","QHIL_1",9.46114043753714
"hilldiv","QHIL_2",6.79074988774136
"hilldiv","QHIL_3",5.75314733757724
"hillR","QHIL_0",19
"hillR","QHIL_1",9.46109424955404
"hillR","QHIL_2",6.79074988774136
"hillR","QHIL_3",5.75314733757724
"sprex","QHIL_0",19
"sprex","QHIL_1",9.46109424955404
"sprex","QHIL_2",6.79074988774136
"sprex","QHIL_3",5.75314733757724
"vegan","QHIL_0",19
"vegan","QHIL_1",9.46109424955404
"vegan","QHIL_2",6.79074988774136
"vegan","QHIL_3",5.75314733757724
"adiv","QREN_0",2.94443897916644
"adiv","QREN_1",2.24718804757461
"adiv","QREN_2",1.91556137549337
"adiv","QREN_3",1.74974706811765
"BiodiversityR","QREN_0",2.94443897916644
"BiodiversityR","QREN_1",2.24718804757461
"BiodiversityR","QREN_2",1.91556137549337
"BiodiversityR","QREN_3",1.74974706811765
"diverse","QREN_0",3.13549421592915
"diverse","QREN_1",1.93042838599021
"diverse","QREN_2",1.23561850825841
"diverse","QREN_3",0.988715479189311
"EntropyEstimation","QREN_1",2.2922906579074
"EntropyEstimation","QREN_2",1.94325621968444
"EntropyEstimation","QREN_3",1.77745398906859
"seewave","QREN_2",0.538783083227687
"seewave","QREN_3",0.492145086535424
"sprex","QREN_0",2.94443897916644
"sprex","QREN_1",2.24718804757461
"sprex","QREN_2",1.91556137549337
"sprex","QREN_3",1.74974706811765
"statcomp","QREN_1",0.632058523865933
"statcomp","QREN_2",0.538783079002089
"statcomp","QREN_3",0.492145083366225
"vegan","QREN_0",2.94443897916644
"vegan","QREN_1",2.24718804757461
"vegan","QREN_2",1.91556137549337
"vegan","QREN_3",1.74974706811765
"adiv","QTSA_0",18
"adiv","QTSA_1",2.24718804757461
"adiv","QTSA_2",0.852740858295312
"adiv","QTSA_3",0.48489366847562
"divent","QTSA_0",18
"divent","QTSA_1",2.24718804757461
"divent","QTSA_2",0.852740858295312
"divent","QTSA_3",0.48489366847562
"entropart","QTSA_0",23
"entropart","QTSA_1",2.3257804490599
"entropart","QTSA_2",0.856719531079208
"entropart","QTSA_3",0.485357978028974
"EntropyEstimation","QTSA_1",2.2922906579074
"EntropyEstimation","QTSA_2",0.85676322083444
"EntropyEstimation","QTSA_3",0.48570799742567
"vegan","QTSA_0",18
"vegan","QTSA_1",2.24718804757461
"vegan","QTSA_2",0.852740858295312
"vegan","QTSA_3",0.48489366847562
"BAT","RACE",22.7946428571429
"ecodive","RACE",22.7946428571429
"fossil","RACE",21.5
"pctax","RACE",22.7946
"sprex","RACE",244.728100006623
"tabula","RACE",22.7946428571429
"vegan","RACE",22.7946428571429
"wiqid","RACE",22.7946428571429
"BiodiversityR","RBOO",19
"wiqid","RBOO",35
"BAT","RC1",22.3333333333333
"BiodiversityR","RC1",19
"biosampleR","RC1",25.5
"iNEXT","RC1",25.221
"microbiome","RC1",22.3333333333333
"pctax","RC1",22.3333
"rareNMtests","RC1",19
"SpadeR","RC1",19
"SSP","RC1",18
"vegan","RC1",22.3333333333333
"BAT","RC1M",23.8799630655586
"divent","RC1M",25.2206572769953
"ecodive","RC1M",25.25
"entropart","RC1M",25.2206572769953
"fossil","RC1M",25.25
"mobr","RC1M",25.2206572769953
"OTUtable","RC1M",25.25
"tabula","RC1M",25.2206572769953
"wiqid","RC1M",25.25
"BAT","RCA2",35.2517896825397
"divDyn","RCA2",22.1578947368421
"fossil","RCA2",25.25
"tabula","RCA2",19
"wiqid","RCA2",19
"benthos","RHUR_2",1.85676322083445
"benthos","RHUR_3",2.59887366765201
"divent","RHUR_2",6.98141737056268
"divent","RHUR_3",7.12925819961428
"entropart","RHUR_2",1.85676322083445
"entropart","RHUR_3",2.59887366765201
"mobsim","RHUR_2",1.85676322083445
"mobsim","RHUR_3",2.59887366765201
"tabula","RHUR_2",1.8567813102999
"tabula","RHUR_3",2.59887883083969
"vegan","RHUR_2",1.85676322083445
"vegan","RHUR_3",2.59887366765201
"BAT","RICE",35.3133770886176
"fossil","RICE",21.5
"tabula","RICE",19
"wiqid","RICE",19
"BAT","RJA1",24
"BiodiversityR","RJA1",19
"divent","RJA1",24
"entropart","RJA1",24
"fossil","RJA1",23.9765258215962
"SSP","RJA1",18
"tabula","RJA1",2.24718804757461
"wiqid","RJA1",24
"BAT","RJA2",27
"BiodiversityR","RJA2",19
"fossil","RJA2",26.8872796527593
"SSP","RJA2",18
"wiqid","RJA2",27
"sprex","RMM",224
"wiqid","RMM",0
"divDyn","RSQ",22.689203516367
"ecodive","RSQ",22.689203516367
"tabula","RSQ",22.689203516367
"abdiv","D1SP",0.756168406268952
"ade4","D1SP",0.756168406268952
"adiv","D1SP",0.756168406268952
"agricolae","D1SP",1
"asbio","D1SP",0.756168406268952
"BiodiversityR","D1SP",0.75616841
"biosampleR","D1SP",0.873286862003781
"breakaway","D1SP",0.756168406268952
"catsim","D1SP",0.713469387755102
"concstats","2_D1SP",0.795378151260504
"concstats","D1SP",0.977759752756795
"CUB","D1SP",0.778408653512156
"DescTools","2_D1SP",0.756168406268952
"DescTools","D1SP",0.875041542040545
"divent","D1SP",0.756168406268952
"diverse","D1SP",0.873286862003781
"ecodive","D1SP",0.756168406268952
"entropart","D1SP",0.756168406268952
"lawstat","D1SP",0.875041542040545
"MCPAN","D1SP",-7638
"microbiome","D1SP",0.756168406268952
"PCRA","D1SP",0.756168406268952
"RoughSets","D1SP",0.756168406268952
"simboot","D1SP",-7638
"sprex","D1SP",0.756168406268952
"untb","D1SP",0.760464817668208
"vegan","D1SP",0.756168406268952
"abdiv","DBRI",1.71272726362948
"ecodive","DBRI",1.71272726362948
"tabula","DBRI",1.71272726362948
"wiqid","DBRI",5.54406099399247
"BiodiversityR","DFIS",5.01036822
"ecodive","DFIS",5.01
"microbiome","DFIS",5.0103682189788
"preseqR","DFIS",19.2406132127566
"sads","DFIS",5.01036057200796
"vegan","DFIS",5.0103682189788
"custom","DGLE",3.47748827409781
"DGOO","1_1",1.851997092018
"DGOO","1_2",0.390082195295349
"DGOO","1_3",1
"DGOO","2_1",0.288210796008447
"DGOO","2_2",0.678004505463618
"DGOO","2_3",1
"DGOO","3_1",0.0865614388700573
"DGOO","3_2",0.115751862240977
"DGOO","3_3",1
"abdiv","DINVSP",4.10119125539992
"adiv","DINVSP",4.10119125539992
"asbio","DINVSP",4.10119125539992
"BiodiversityR","DINVSP",4.10119126
"breakaway","DINVSP",4.10119125539992
"chemodiv","DINVSP",4.10119125539992
"codyn","DINVSP",4.10119125539992
"divseg","DINVSP",1.24383159373105
"ecodive","DINVSP",4.10119125539992
"microbiome","DINVSP",4.10119125539992
"sprex","DINVSP",4.10119125539992
"vegan","DINVSP",4.10119125539992
"custom","DKO",0.28
"asbio","DLMD",27.7445842702156
"Compositional","DLMD",0.999958992306093
"sads","DLMD",1.20709337058347
"vegan","DLMD",126.038967241811
"abdiv","DMC",0.547348137636142
"adiv","DMC",0.547348137636142
"agricolae","DMC",0.547348137636142
"ecodive","DMC",0.547348137636142
"forestHES","DMC",0.547348137636142
"tabula","DMC",0.547348137636142
"abdiv","DMG",3.28429448109238
"adiv","DMG",3.28429448109238
"agricolae","DMG",6.56858896218475
"ecodive","DMG",3.28429448109238
"tabula","DMG",3.28429448109238
"abdiv","DMN",1.35296285040509
"adiv","DMN",1.35296285040509
"ecodive","DMN",1.35296285040509
"tabula","DMN",1.35296285040509
"custom","DOD",101.694915254237
"abdiv","DQ",5.4214210885152
"ade4","DRAO",0.756168406268952
"BAT","DRAO",0.756168406268953
"chemodiv","DRAO",110.009371232882
"diverse","DRAO",56.3528226223924
"SYNCSA","DRAO",0.756168406268952
"abdiv","DSHA",1.851997092018
"adiv","DSHA",1.851997092018
"aqp","DSHA",-848.84571975475
"asbio","DSHA",1.851997092018
"benthos","DSHA",0
"BiodiversityR","DSHA",1.85199709
"biosampleR","DSHA",2.45675319140555
"chemodiv","DSHA",1.851997092018
"codyn","DSHA",1.851997092018
"DescTools","DSHA",2.67186702039515
"divDyn","DSHA",1.851997092018
"divent","DSHA",1.851997092018
"diverse","DSHA",2.45675319140555
"ecodive","DSHA",1.851997092018
"EconGeo","DSHA",2.672
"entropart","DSHA",1.9357046330341
"forestmangr","DSHA",3.56
"HardyWeinberg","DSHA",1.851997092018
"iNEXT","DSHA",1.852
"MCPAN","DSHA",1.851997092018
"microbiome","DSHA",1.851997092018
"OTUtable","DSHA",1.851997092018
"pgirmess","DSHA",2.67186702039515
"SpiecEasi","DSHA",1.851997092018
"sprex","DSHA",1.851997092018
"tabula","DSHA",1.851997092018
"triversity","DSHA",18
"vegan","DSHA",1.851997092018
"wavethresh","DSHA",-61022.5035579657
"wiqid","DSHA",4.1747520771911
"abdiv","DSP",0.243831593731048
"agricolae","DSP",0.243831593731048
"antitrust","DSP",2438.31593731048
"benthos","DSP",0.239535182331792
"breakaway","DSP",0.243831593731048
"concstats","DSP",0.243831593731048
"DescTools","DSP",0.243831593731048
"diverse","DSP",0.121941078641007
"divseg","DSP",1.24383159373105
"EconGeo","DSP",0.243831593731048
"hhi","DSP",0.243831593731048
"ineq","DSP",0.243831593731048
"microbiome","DSP",0.243831593731048
"PDtoolkit","DSP",0.243831593731048
"politics","DSP",0.243831593731048
"REAT","DSP",0.243831593731048
"sprex","DSP",0.243831593731048
"tabula","DSP",0.243831593731048
"triversity","DSP",0.243831593731048
"wiqid","DSP",4.1747520771911
"abdiv","EBP",0.355932203389831
"agricolae","EBP",0.355932203389831
"BiodiversityR","EBP",0.3559322
"diverse","EBP",0.277173913043478
"dyvDyn","EBP",0.0285714285714286
"ecodive","EBP",0.355932203389831
"microbiome","EBP",0.355932203389831
"tabula","EBP",0.355932203389831
"triversity","EBP",0.355932203389831
"wiqid","EBP",1
"tabula","EBRI",0.634589995760641
"BAT","EBU",0.378863409770688
"microbiome","EBU",0.378863409770688
"BAT","ECAM",0.916657435102101
"microbiome","ECAM",0.270558694287508
"codyn","EEQ",0.146485044712125
"custom","EEQ",0.0251797693826556
"adiv","EEVAR",0.336979648031841
"codyn","EEVAR",0.329217568104431
"custom","EEVAR",0.336979648031841
"microbiome","EEVAR",0.336979648031841
"acid","EGIN",0.850040355125101
"DescTools","EGIN",0.850040355125101
"dplR","EGIN",0.850040355125101
"EconGeo","EGIN",0.85
"giniVarCI","EGIN",0.850040355125101
"ineq","EGIN",0.850040355125101
"microbiome","EGIN",0.850040355125101
"REAT","EGIN",0.850040355125101
"shipunov","EGIN",0.850040355125101
"wINEQ","EGIN",0.850040355125101
"adiv","EGSP",0.800648900755361
"abdiv","EHEI",0.316031374031225
"adiv","EHEI",0.316031374031225
"custom","EHUL",0.677966101694915
"benthos","EHURE",0.760464817668208
"BiodiversityR","EHURE",0.76046482
"mobr","EHURE",0.760464817668208
"vegan","EHURE",0.760464817668197
"custom","ELR",0.137901412398982
"abdiv","EMC",0.54607729653202
"tabula","EMC",0.662316406351278
"microbiome","EMN",0.677966101694915
"custom","ENHC",-0.230578680127814
"custom","EPAT",0.349159913474527
"abdiv","EPIE",0.640747020503004
"adiv","EPIE",0.640747020503004
"BiodiversityR","EPIE",0.64074702
"breakaway","EPIE",0.640747020503004
"chemodiv","EPIE",0.640747020503004
"diverse","EPIE",0.820084362375607
"forestmangr","EPIE",1
"microbiome","EPIE",0.640747020503004
"OTUtable","EPIE",0.640747020503004
"pctax","EPIE",0.6407
"sprex","EPIE",0.640747020503004
"tabula","EPIE",0.640747020503004
"custom","ESHE",0.35402963102949
"adiv","ESP",0.227843958633329
"codyn","ESP",0.227843958633329
"sprex","ESP",0.102888727334333
"tabula","ESP",0.227843958633329
"abdiv","EST",0.586629001883239
"adiv","QHIL_0",18
"adiv","QHIL_1",6.37253335853082
"adiv","QHIL_2",4.10119125539992
"adiv","QHIL_3",3.55224322384562
"BAT","QHIL_0",18
"BAT","QHIL_1",6.37253335853082
"BAT","QHIL_2",4.10119125539992
"BAT","QHIL_3",3.55224322384562
"benthos","QHIL_0",35
"benthos","QHIL_1",6.37253335853082
"benthos","QHIL_2",4.10119125539992
"benthos","QHIL_3",3.55224322384562
"breakaway","QHIL_0",18
"breakaway","QHIL_1",6.37253335853082
"breakaway","QHIL_2",4.10119125539992
"breakaway","QHIL_3",3.55224322384562
"chemodiv","QHIL_0",18
"chemodiv","QHIL_1",6.37253335853082
"chemodiv","QHIL_2",4.10119125539992
"chemodiv","QHIL_3",3.55224322384562
"divDyn","QHIL_2",4.10119125539992
"divent","QHIL_0",24
"divent","QHIL_1",6.92892468487373
"divent","QHIL_2",4.17416995966158
"divent","QHIL_3",3.58448720535851
"entropart","QHIL_0",24
"entropart","QHIL_1",6.92892468487373
"entropart","QHIL_2",4.17416995966158
"entropart","QHIL_3",3.58448720535851
"EntropyEstimation","QHIL_1",6.71354511493325
"EntropyEstimation","QHIL_2",4.1747520771911
"EntropyEstimation","QHIL_3",3.61618142296819
"extremefit","QHIL",NA
"hilldiv","QHIL_0",18
"hilldiv","QHIL_1",6.37258132520309
"hilldiv","QHIL_2",4.10119125539992
"hilldiv","QHIL_3",3.55224322384562
"hillR","QHIL_0",18
"hillR","QHIL_1",6.37253335853082
"hillR","QHIL_2",4.10119125539992
"hillR","QHIL_3",3.55224322384562
"sprex","QHIL_0",18
"sprex","QHIL_1",6.37253335853082
"sprex","QHIL_2",4.10119125539992
"sprex","QHIL_3",3.55224322384562
"vegan","QHIL_0",18
"vegan","QHIL_1",6.37253335853082
"vegan","QHIL_2",4.10119125539992
"vegan","QHIL_3",3.55224322384562
"adiv","QREN_0",2.89037175789616
"adiv","QREN_1",1.851997092018
"adiv","QREN_2",1.4112774816063
"adiv","QREN_3",1.26757929796737
"BiodiversityR","QREN_0",2.89037175789616
"BiodiversityR","QREN_1",1.851997092018
"BiodiversityR","QREN_2",1.4112774816063
"BiodiversityR","QREN_3",1.26757929796737
"diverse","QREN_0",2.99573227355399
"diverse","QREN_1",2.45675319140555
"diverse","QREN_2",2.06582950329591
"diverse","QREN_3",1.82640347346179
"EntropyEstimation","QREN_1",1.90412714453981
"EntropyEstimation","QREN_2",1.42905497383088
"EntropyEstimation","QREN_3",1.28541861355237
"seewave","QREN_2",0.396944961901739
"seewave","QREN_3",0.356527487731576
"sprex","QREN_0",2.89037175789616
"sprex","QREN_1",1.851997092018
"sprex","QREN_2",1.4112774816063
"sprex","QREN_3",1.26757929796737
"statcomp","QREN_1",0.520904580926503
"statcomp","QREN_2",0.396944956498882
"statcomp","QREN_3",0.356527483679432
"vegan","QREN_0",2.89037175789616
"vegan","QREN_1",1.851997092018
"vegan","QREN_2",1.4112774816063
"vegan","QREN_3",1.26757929796737
"adiv","QTSA_0",17
"adiv","QTSA_1",1.851997092018
"adiv","QTSA_2",0.756168406268952
"adiv","QTSA_3",0.460375425162477
"divent","QTSA_0",17
"divent","QTSA_1",1.851997092018
"divent","QTSA_2",0.756168406268952
"divent","QTSA_3",0.460375425162477
"entropart","QTSA_0",23
"entropart","QTSA_1",1.9357046330341
"entropart","QTSA_2",0.760431412792527
"entropart","QTSA_3",0.461085098522033
"EntropyEstimation","QTSA_1",1.90412714453981
"EntropyEstimation","QTSA_2",0.760464817668207
"EntropyEstimation","QTSA_3",0.461764252696456
"vegan","QTSA_0",17
"vegan","QTSA_1",1.851997092018
"vegan","QTSA_2",0.756168406268952
"vegan","QTSA_3",0.460375425162477
"BAT","RACE",27.1818181818182
"ecodive","RACE",27.1818181818182
"fossil","RACE",21
"pctax","RACE",27.1818
"sprex","RACE",177.968187554978
"tabula","RACE",27.1818181818182
"vegan","RACE",27.1818181818182
"wiqid","RACE",27.1818181818182
"BiodiversityR","RBOO",18
"wiqid","RBOO",35
"BAT","RC1",21
"BiodiversityR","RC1",18
"biosampleR","RC1",21
"iNEXT","RC1",22.475
"microbiome","RC1",21
"pctax","RC1",21
"rareNMtests","RC1",18
"SpadeR","RC1",18
"SSP","RC1",17
"vegan","RC1",21
"BAT","RC1M",23.3333333333333
"divent","RC1M",22.4745762711864
"ecodive","RC1M",22.5
"entropart","RC1M",22.4745762711864
"fossil","RC1M",22.5
"mobr","RC1M",22.4745762711864
"OTUtable","RC1M",22.5
"tabula","RC1M",22.4745762711864
"wiqid","RC1M",22.5
"BAT","RCA2",35.0014563492064
"divDyn","RCA2",20.8333333333333
"fossil","RCA2",22.5
"tabula","RCA2",18
"wiqid","RCA2",18
"benthos","RHUR_2",1.7604648176682
"benthos","RHUR_3",2.35786594761172
"divent","RHUR_2",4.17475004584018
"divent","RHUR_3",4.31065203933205
"entropart","RHUR_2",1.76046481766819
"entropart","RHUR_3",2.35786594761172
"mobsim","RHUR_2",1.7604648176682
"mobsim","RHUR_3",2.35786594761172
"tabula","RHUR_2",1.76058649189369
"tabula","RHUR_3",2.35790778530247
"vegan","RHUR_2",1.7604648176682
"vegan","RHUR_3",2.35786594761172
"BAT","RICE",35.1485226489082
"fossil","RICE",21
"tabula","RICE",18
"wiqid","RICE",18
"BAT","RJA1",24
"BiodiversityR","RJA1",18
"divent","RJA1",24
"entropart","RJA1",24
"fossil","RJA1",23.9661016949153
"SSP","RJA1",17
"tabula","RJA1",1.851997092018
"wiqid","RJA1",24
"BAT","RJA2",26
"BiodiversityR","RJA2",18
"fossil","RJA2",25.8642783769902
"SSP","RJA2",17
"wiqid","RJA2",26
"sprex","RMM",191
"wiqid","RMM",0
"divDyn","RSQ",26.8083021043528
"ecodive","RSQ",26.8083021043528
"tabula","RSQ",26.8083021043528
"abdiv","D1SP",0.891391771810782
"ade4","D1SP",0.891391771810782
"adiv","D1SP",0.891391771810782
"agricolae","D1SP",1
"asbio","D1SP",0.891391771810782
"BiodiversityR","D1SP",0.89139177
"biosampleR","D1SP",0.840382789100738
"breakaway","D1SP",0.891391771810782
"catsim","D1SP",0.829387755102041
"concstats","2_D1SP",0.795378151260504
"concstats","D1SP",0.973782594946742
"CUB","D1SP",0.91760917686404
"DescTools","2_D1SP",0.891391771810782
"DescTools","D1SP",0.739558276842335
"divent","D1SP",0.891391771810782
"diverse","D1SP",0.840382789100738
"ecodive","D1SP",0.891391771810782
"entropart","D1SP",0.891391771810782
"lawstat","D1SP",0.739558276842335
"MCPAN","D1SP",-7858
"microbiome","D1SP",0.891391771810782
"PCRA","D1SP",0.891391771810782
"RoughSets","D1SP",0.891391771810782
"simboot","D1SP",-7858
"sprex","D1SP",0.891391771810782
"untb","D1SP",0.894717860511569
"vegan","D1SP",0.891391771810782
"abdiv","DBRI",2.41853192065311
"ecodive","DBRI",2.41853192065311
"tabula","DBRI",2.41853192065311
"wiqid","DBRI",11.2293616140137
"BiodiversityR","DFIS",6.01754977
"ecodive","DFIS",6.018
"microbiome","DFIS",6.01754977048768
"preseqR","DFIS",13.9307134994882
"sads","DFIS",6.01754767964721
"vegan","DFIS",6.01754977048768
"custom","DGLE",4.11102529504156
"DGOO","1_1",2.56237755804038
"DGOO","1_2",0.460021225743832
"DGOO","1_3",1
"DGOO","2_1",0.213572213318844
"DGOO","2_2",1.09644309208013
"DGOO","2_3",1
"DGOO","3_1",0.030068014415627
"DGOO","3_2",0.105460452236356
"DGOO","3_3",1
"abdiv","DINVSP",9.20740552233108
"adiv","DINVSP",9.20740552233108
"asbio","DINVSP",9.20740552233108
"BiodiversityR","DINVSP",9.20740552
"breakaway","DINVSP",9.20740552233108
"chemodiv","DINVSP",9.20740552233108
"codyn","DINVSP",9.20740552233108
"divseg","DINVSP",1.10860822818922
"ecodive","DINVSP",9.20740552233109
"microbiome","DINVSP",9.20740552233108
"sprex","DINVSP",9.20740552233108
"vegan","DINVSP",9.20740552233108
"custom","DKO",0.08
"asbio","DLMD",49.80731738159
"Compositional","DLMD",0.999958992306093
"sads","DLMD",1.80204894013432
"vegan","DLMD",26.4728175617174
"abdiv","DMC",0.713974147052376
"adiv","DMC",0.713974147052376
"agricolae","DMC",0.713974147052376
"ecodive","DMC",0.713974147052376
"forestHES","DMC",0.713974147052376
"tabula","DMC",0.713974147052376
"abdiv","DMG",3.93228506482236
"adiv","DMG",3.93228506482236
"agricolae","DMG",6.07716782745273
"ecodive","DMG",3.93228506482236
"tabula","DMG",3.93228506482236
"abdiv","DMN",1.40233474995429
"adiv","DMN",1.40233474995429
"ecodive","DMN",1.40233474995429
"tabula","DMN",1.40233474995429
"custom","DOD",85.5018587360595
"abdiv","DQ",5.64582826474227
"ade4","DRAO",0.891391771810782
"BAT","DRAO",0.891391771810783
"chemodiv","DRAO",112.44501538024
"diverse","DRAO",56.8490603813623
"SYNCSA","DRAO",0.891391771810782
"abdiv","DSHA",2.56237755804038
"adiv","DSHA",2.56237755804038
"aqp","DSHA",-1176.80316803869
"asbio","DSHA",2.56237755804038
"benthos","DSHA",0
"BiodiversityR","DSHA",2.56237756
"biosampleR","DSHA",2.14817426119648
"chemodiv","DSHA",2.56237755804038
"codyn","DSHA",2.56237755804038
"DescTools","DSHA",3.69672939587003
"divDyn","DSHA",2.56237755804038
"divent","DSHA",2.56237755804038
"diverse","DSHA",2.14817426119648
"ecodive","DSHA",2.56237755804038
"EconGeo","DSHA",3.697
"entropart","DSHA",2.59181721963769
"forestmangr","DSHA",3.56
"HardyWeinberg","DSHA",2.56237755804038
"iNEXT","DSHA",2.562
"MCPAN","DSHA",2.56237755804038
"microbiome","DSHA",2.56237755804038
"OTUtable","DSHA",2.56237755804038
"pgirmess","DSHA",3.69672939587003
"SpiecEasi","DSHA",2.56237755804038
"sprex","DSHA",2.56237755804038
"tabula","DSHA",2.56237755804038
"triversity","DSHA",23
"vegan","DSHA",2.56237755804038
"wavethresh","DSHA",-57029.075608652
"wiqid","DSHA",9.49828722002635
"abdiv","DSP",0.108608228189218
"agricolae","DSP",0.108608228189218
"antitrust","DSP",1086.08228189218
"benthos","DSP",0.105282139488431
"breakaway","DSP",0.108608228189218
"concstats","DSP",0.108608228189218
"DescTools","DSP",0.108608228189218
"diverse","DSP",0.152372531682877
"divseg","DSP",1.10860822818922
"EconGeo","DSP",0.108608228189218
"hhi","DSP",0.108608228189218
"ineq","DSP",0.108608228189218
"microbiome","DSP",0.108608228189218
"PDtoolkit","DSP",0.108608228189218
"politics","DSP",0.108608228189218
"REAT","DSP",0.108608228189218
"sprex","DSP",0.108608228189218
"tabula","DSP",0.108608228189218
"triversity","DSP",0.108608228189218
"wiqid","DSP",9.49828722002635
"abdiv","EBP",0.226765799256506
"agricolae","EBP",0.226765799256506
"BiodiversityR","EBP",0.2267658
"diverse","EBP",0.264957264957265
"dyvDyn","EBP",0.0285714285714286
"ecodive","EBP",0.226765799256506
"microbiome","EBP",0.226765799256506
"tabula","EBP",0.226765799256506
"triversity","EBP",0.226765799256506
"wiqid","EBP",1
"tabula","EBRI",0.815901008578126
"BAT","EBU",0.531936465021967
"microbiome","EBU",0.531936465021967
"BAT","ECAM",0.948043551728698
"microbiome","ECAM",0.40035558428964
"codyn","EEQ",0.155329593592417
"custom","EEQ",0.0148773792671733
"adiv","EEVAR",0.404255427186259
"codyn","EEVAR",0.399564938627224
"custom","EEVAR",0.404255427186259
"microbiome","EEVAR",0.404255427186259
"acid","EGIN",0.718428040361126
"DescTools","EGIN",0.718428040361126
"dplR","EGIN",0.718428040361126
"EconGeo","EGIN",0.718
"giniVarCI","EGIN",0.718428040361126
"ineq","EGIN",0.718428040361126
"microbiome","EGIN",0.718428040361126
"REAT","EGIN",0.718428040361126
"shipunov","EGIN",0.718428040361126
"wINEQ","EGIN",0.718428040361126
"adiv","EGSP",0.931909579620363
"abdiv","EHEI",0.543936798303761
"adiv","EHEI",0.543936798303761
"custom","EHUL",0.379182156133829
"benthos","EHURE",0.894717860511569
"BiodiversityR","EHURE",0.89471786
"mobr","EHURE",0.894717860511569
"vegan","EHURE",0.894717860511526
"custom","ELR",0.216824958173091
"abdiv","EMC",0.358846241117925
"tabula","EMC",0.84706833190275
"microbiome","EMN",0.379182156133829
"custom","ENHC",-0.17277900805942
"custom","EPAT",0.0401469494081783
"abdiv","EPIE",0.817216483775609
"adiv","EPIE",0.817216483775609
"BiodiversityR","EPIE",0.81721648
"breakaway","EPIE",0.817216483775609
"chemodiv","EPIE",0.817216483775609
"diverse","EPIE",0.774790088398368
"forestmangr","EPIE",1
"microbiome","EPIE",0.817216483775609
"OTUtable","EPIE",0.817216483775609
"pctax","EPIE",0.8172
"sprex","EPIE",0.817216483775609
"tabula","EPIE",0.817216483775609
"custom","ESHE",0.56376563316012
"adiv","ESP",0.400321979231786
"codyn","ESP",0.400321979231786
"sprex","ESP",0.111407719914799
"tabula","ESP",0.400321979231786
"abdiv","EST",0.447712946500727
"adiv","QHIL_0",23
"adiv","QHIL_1",12.9666095626827
"adiv","QHIL_2",9.20740552233108
"adiv","QHIL_3",7.55479312799825
"BAT","QHIL_0",23
"BAT","QHIL_1",12.9666095626827
"BAT","QHIL_2",9.20740552233108
"BAT","QHIL_3",7.55479312799825
"benthos","QHIL_0",35
"benthos","QHIL_1",12.9666095626827
"benthos","QHIL_2",9.20740552233108
"benthos","QHIL_3",7.55479312799825
"breakaway","QHIL_0",23
"breakaway","QHIL_1",12.9666095626827
"breakaway","QHIL_2",9.20740552233108
"breakaway","QHIL_3",7.55479312799825
"chemodiv","QHIL_0",23
"chemodiv","QHIL_1",12.9666095626827
"chemodiv","QHIL_2",9.20740552233108
"chemodiv","QHIL_3",7.55479312799825
"divDyn","QHIL_2",9.20740552233108
"divent","QHIL_0",25
"divent","QHIL_1",13.3540167486241
"divent","QHIL_2",9.34029935840401
"divent","QHIL_3",7.63777437718287
"entropart","QHIL_0",25
"entropart","QHIL_1",13.3540167486241
"entropart","QHIL_2",9.34029935840401
"entropart","QHIL_3",7.63777437718289
"EntropyEstimation","QHIL_1",13.5349699988515
"EntropyEstimation","QHIL_2",9.49828722002637
"EntropyEstimation","QHIL_3",7.7800342811809
"extremefit","QHIL",NA
"hilldiv","QHIL_0",23
"hilldiv","QHIL_1",12.9666682249551
"hilldiv","QHIL_2",9.20740552233108
"hilldiv","QHIL_3",7.55479312799825
"hillR","QHIL_0",23
"hillR","QHIL_1",12.9666095626827
"hillR","QHIL_2",9.20740552233108
"hillR","QHIL_3",7.55479312799825
"sprex","QHIL_0",23
"sprex","QHIL_1",12.9666095626827
"sprex","QHIL_2",9.20740552233108
"sprex","QHIL_3",7.55479312799825
"vegan","QHIL_0",23
"vegan","QHIL_1",12.9666095626827
"vegan","QHIL_2",9.20740552233109
"vegan","QHIL_3",7.55479312799825
"adiv","QREN_0",3.13549421592915
"adiv","QREN_1",2.56237755804038
"adiv","QREN_2",2.2200081083375
"adiv","QREN_3",2.02218221321853
"BiodiversityR","QREN_0",3.13549421592915
"BiodiversityR","QREN_1",2.56237755804038
"BiodiversityR","QREN_2",2.2200081083375
"BiodiversityR","QREN_3",2.02218221321853
"diverse","QREN_0",2.77258872223978
"diverse","QREN_1",2.14817426119648
"diverse","QREN_2",1.83497676206582
"diverse","QREN_3",1.69792822181767
"EntropyEstimation","QREN_1",2.60527670650315
"EntropyEstimation","QREN_2",2.25111148972302
"EntropyEstimation","QREN_3",2.05156074450204
"seewave","QREN_2",0.624413722331711
"seewave","QREN_3",0.568771941575489
"sprex","QREN_0",3.13549421592915
"sprex","QREN_1",2.56237755804038
"sprex","QREN_2",2.2200081083375
"sprex","QREN_3",2.02218221321853
"statcomp","QREN_1",0.720710747224828
"statcomp","QREN_2",0.624413719822271
"statcomp","QREN_3",0.568771939693409
"vegan","QREN_0",3.13549421592915
"vegan","QREN_1",2.56237755804038
"vegan","QREN_2",2.2200081083375
"vegan","QREN_3",2.02218221321853
"adiv","QTSA_0",22
"adiv","QTSA_1",2.56237755804038
"adiv","QTSA_2",0.891391771810782
"adiv","QTSA_3",0.491239581550763
"divent","QTSA_0",22
"divent","QTSA_1",2.56237755804038
"divent","QTSA_2",0.891391771810782
"divent","QTSA_3",0.491239581550763
"entropart","QTSA_0",24
"entropart","QTSA_1",2.59181721963769
"entropart","QTSA_2",0.892937050341942
"entropart","QTSA_3",0.491428904100243
"EntropyEstimation","QTSA_1",2.60527670650315
"EntropyEstimation","QTSA_2",0.894717860511569
"EntropyEstimation","QTSA_3",0.491739487683341
"vegan","QTSA_0",22
"vegan","QTSA_1",2.56237755804038
"vegan","QTSA_2",0.891391771810782
"vegan","QTSA_3",0.491239581550763
"BAT","RACE",24.0142003876429
"ecodive","RACE",24.0142003876429
"fossil","RACE",23.5660377358491
"pctax","RACE",24.0142
"sprex","RACE",320.994894005914
"tabula","RACE",24.0142003876429
"vegan","RACE",24.0142003876429
"wiqid","RACE",24.0142003876429
"BiodiversityR","RBOO",23
"wiqid","RBOO",35
"BAT","RC1",23.1428571428571
"BiodiversityR","RC1",23
"biosampleR","RC1",17.2
"iNEXT","RC1",23.332
"microbiome","RC1",23.1428571428571
"pctax","RC1",23.1429
"rareNMtests","RC1",23
"SpadeR","RC1",23
"SSP","RC1",22
"vegan","RC1",23.1428571428571
"BAT","RC1M",23.3178503915744
"divent","RC1M",23.3320941759603
"ecodive","RC1M",23.3333333333333
"entropart","RC1M",23.3320941759603
"fossil","RC1M",23.3333333333333
"mobr","RC1M",23.3320941759603
"OTUtable","RC1M",23.3333333333333
"tabula","RC1M",23.3320941759603
"wiqid","RC1M",23.3333333333333
"BAT","RCA2",35.3648373015873
"divDyn","RCA2",23.1366459627329
"fossil","RCA2",23.3333333333333
"tabula","RCA2",23
"wiqid","RCA2",23
"benthos","RHUR_2",1.89471786051153
"benthos","RHUR_3",2.70067460616802
"divent","RHUR_2",9.49828751406364
"divent","RHUR_3",9.67731619985116
"entropart","RHUR_2",1.89471786051153
"entropart","RHUR_3",2.70067460616802
"mobsim","RHUR_2",1.89471786051153
"mobsim","RHUR_3",2.70067460616802
"tabula","RHUR_2",1.89471786050319
"tabula","RHUR_3",2.70067460616041
"vegan","RHUR_2",1.89471786051153
"vegan","RHUR_3",2.70067460616802
"BAT","RICE",35.2594537485221
"fossil","RICE",23.5660377358491
"tabula","RICE",23
"wiqid","RICE",23
"BAT","RJA1",25
"BiodiversityR","RJA1",23
"divent","RJA1",25
"entropart","RJA1",25
"fossil","RJA1",24.9925650557621
"SSP","RJA1",22
"tabula","RJA1",2.56237755804038
"wiqid","RJA1",25
"BAT","RJA2",21
"BiodiversityR","RJA2",23
"fossil","RJA2",21.022221605726
"SSP","RJA2",22
"wiqid","RJA2",21
"sprex","RMM",279
"wiqid","RMM",0
"divDyn","RSQ",23.4347092581069
"ecodive","RSQ",23.4347092581069
"tabula","RSQ",23.4347092581069
"abdiv","D1SP",0.8446
"ade4","D1SP",0.8446
"adiv","D1SP",0.8446
"agricolae","D1SP",1
"asbio","D1SP",0.8446
"BiodiversityR","D1SP",0.8446
"biosampleR","D1SP",0.755949161709032
"breakaway","D1SP",0.8446
"catsim","D1SP",0.68734693877551
"concstats","2_D1SP",0.795378151260504
"concstats","D1SP",0.975158823529412
"CUB","D1SP",0.869441176470588
"DescTools","2_D1SP",0.8446
"DescTools","D1SP",0.811764705882353
"divent","D1SP",0.8446
"diverse","D1SP",0.755949161709032
"ecodive","D1SP",0.8446
"entropart","D1SP",0.8446
"lawstat","D1SP",0.811764705882353
"MCPAN","D1SP",-1553
"microbiome","D1SP",0.8446
"PCRA","D1SP",0.8446
"RoughSets","D1SP",0.8446
"simboot","D1SP",-1553
"sprex","D1SP",0.8446
"untb","D1SP",0.853131313131313
"vegan","D1SP",0.8446
"abdiv","DBRI",2.0080813071768
"ecodive","DBRI",2.0080813071768
"tabula","DBRI",2.0080813071768
"wiqid","DBRI",7.44901126276738
"BiodiversityR","DFIS",6.40545118
"ecodive","DFIS",6.405
"microbiome","DFIS",6.40545117602716
"preseqR","DFIS",8.43453967760456
"sads","DFIS",6.40544799060985
"vegan","DFIS",6.40545117602716
"custom","DGLE",3.90865033712927
"DGOO","1_1",2.24117596362769
"DGOO","1_2",0.451044409426108
"DGOO","1_3",1
"DGOO","2_1",0.24861056093784
"DGOO","2_2",0.953961129382483
"DGOO","2_3",1
"DGOO","3_1",0.0494237045959761
"DGOO","3_2",0.116953123988016
"DGOO","3_3",1
"abdiv","DINVSP",6.43500643500644
"adiv","DINVSP",6.43500643500644
"asbio","DINVSP",6.43500643500644
"BiodiversityR","DINVSP",6.43500644
"breakaway","DINVSP",6.43500643500644
"chemodiv","DINVSP",6.43500643500644
"codyn","DINVSP",6.43500643500644
"divseg","DINVSP",1.1554
"ecodive","DINVSP",6.43500643500644
"microbiome","DINVSP",6.43500643500644
"sprex","DINVSP",6.43500643500644
"vegan","DINVSP",6.43500643500644
"custom","DKO",0.28
"asbio","DLMD",23.8229394554361
"Compositional","DLMD",0.999958992306093
"sads","DLMD",1.01495467438614
"vegan","DLMD",5924.83452490352
"abdiv","DMC",0.673102147901622
"adiv","DMC",0.673102147901622
"agricolae","DMC",0.673102147901622
"ecodive","DMC",0.673102147901622
"forestHES","DMC",0.673102147901622
"tabula","DMC",0.673102147901622
"abdiv","DMG",3.69150309617764
"adiv","DMG",3.69150309617764
"agricolae","DMG",7.38300619235528
"ecodive","DMG",3.69150309617764
"tabula","DMG",3.69150309617764
"abdiv","DMN",1.8
"adiv","DMN",1.8
"ecodive","DMN",1.8
"tabula","DMN",1.8
"custom","DOD",180
"abdiv","DQ",6.68067845080676
"ade4","DRAO",0.8446
"BAT","DRAO",0.8446
"chemodiv","DRAO",376.628610206806
"diverse","DRAO",54.5997412491913
"SYNCSA","DRAO",0.8446
"abdiv","DSHA",2.24117596362769
"adiv","DSHA",2.24117596362769
"aqp","DSHA",-341.052274128951
"asbio","DSHA",2.24117596362769
"benthos","DSHA",0
"BiodiversityR","DSHA",2.24117596
"biosampleR","DSHA",1.75099521105059
"chemodiv","DSHA",2.24117596362769
"codyn","DSHA",2.24117596362769
"DescTools","DSHA",3.23333344848522
"divDyn","DSHA",2.24117596362769
"divent","DSHA",2.24117596362769
"diverse","DSHA",1.75099521105059
"ecodive","DSHA",2.24117596362769
"EconGeo","DSHA",3.233
"entropart","DSHA",2.52002985658993
"forestmangr","DSHA",3.56
"HardyWeinberg","DSHA",2.24117596362769
"iNEXT","DSHA",2.241
"MCPAN","DSHA",2.24117596362769
"microbiome","DSHA",2.24117596362769
"OTUtable","DSHA",2.24117596362769
"pgirmess","DSHA",3.23333344848522
"SpiecEasi","DSHA",2.24117596362769
"sprex","DSHA",2.24117596362769
"tabula","DSHA",2.24117596362769
"triversity","DSHA",18
"vegan","DSHA",2.24117596362769
"wavethresh","DSHA",-9340.65771929419
"wiqid","DSHA",6.80880330123796
"abdiv","DSP",0.1554
"agricolae","DSP",0.1554
"antitrust","DSP",1554
"benthos","DSP",0.146868686868687
"breakaway","DSP",0.1554
"concstats","DSP",0.1554
"DescTools","DSP",0.1554
"diverse","DSP",0.239630082959336
"divseg","DSP",1.1554
"EconGeo","DSP",0.1554
"hhi","DSP",0.1554
"ineq","DSP",0.1554
"microbiome","DSP",0.1554
"PDtoolkit","DSP",0.1554
"politics","DSP",0.1554
"REAT","DSP",0.1554
"sprex","DSP",0.1554
"tabula","DSP",0.1554
"triversity","DSP",0.1554
"wiqid","DSP",6.80880330123796
"abdiv","EBP",0.29
"agricolae","EBP",0.29
"BiodiversityR","EBP",0.29
"diverse","EBP",0.401162790697674
"dyvDyn","EBP",0.0285714285714286
"ecodive","EBP",0.29
"microbiome","EBP",0.29
"tabula","EBP",0.29
"triversity","EBP",0.29
"wiqid","EBP",1
"tabula","EBRI",0.773389198592216
"BAT","EBU",0.522352941176471
"microbiome","EBU",0.522352941176471
"BAT","ECAM",0.930718954248366
"microbiome","ECAM",0.367222222222222
"codyn","EEQ",0.184542091125972
"custom","EEQ",0.0221626695684113
"adiv","EEVAR",0.416717727913574
"codyn","EEVAR",0.408088373895922
"custom","EEVAR",0.416717727913574
"microbiome","EEVAR",0.416717727913574
"acid","EGIN",0.788571428571429
"DescTools","EGIN",0.788571428571428
"dplR","EGIN",0.788571428571429
"EconGeo","EGIN",0.789
"giniVarCI","EGIN",0.788571428571429
"ineq","EGIN",0.788571428571429
"microbiome","EGIN",0.788571428571428
"REAT","EGIN",0.788571428571429
"shipunov","EGIN",0.788571428571428
"wINEQ","EGIN",0.788571428571429
"adiv","EGSP",0.894282352941176
"abdiv","EHEI",0.494375529464734
"adiv","EHEI",0.494375529464734
"custom","EHUL",0.5
"benthos","EHURE",0.853131313131313
"BiodiversityR","EHURE",0.85313131
"mobr","EHURE",0.853131313131313
"vegan","EHURE",0.853131313131271
"custom","ELR",0.203510560636054
"abdiv","EMC",0.474364543619426
"tabula","EMC",0.79261248819727
"microbiome","EMN",0.5
"custom","ENHC",-0.202152098294287
"custom","EPAT",0.179868495114608
"abdiv","EPIE",0.775393669518482
"adiv","EPIE",0.775393669518482
"BiodiversityR","EPIE",0.77539367
"breakaway","EPIE",0.775393669518482
"chemodiv","EPIE",0.775393669518482
"diverse","EPIE",0.663492676495157
"forestmangr","EPIE",1
"microbiome","EPIE",0.775393669518482
"OTUtable","EPIE",0.775393669518482
"pctax","EPIE",0.7754
"sprex","EPIE",0.775393669518482
"tabula","EPIE",0.775393669518482
"custom","ESHE",0.522465777827804
"adiv","ESP",0.357500357500358
"codyn","ESP",0.357500357500358
"sprex","ESP",0.124509775757094
"tabula","ESP",0.357500357500358
"abdiv","EST",0.451111111111111
"adiv","QHIL_0",18
"adiv","QHIL_1",9.40438400090047
"adiv","QHIL_2",6.43500643500644
"adiv","QHIL_3",5.3132892688732
"BAT","QHIL_0",18
"BAT","QHIL_1",9.40438400090047
"BAT","QHIL_2",6.43500643500644
"BAT","QHIL_3",5.3132892688732
"benthos","QHIL_0",35
"benthos","QHIL_1",9.40438400090047
"benthos","QHIL_2",6.43500643500644
"benthos","QHIL_3",5.3132892688732
"breakaway","QHIL_0",18
"breakaway","QHIL_1",9.40438400090047
"breakaway","QHIL_2",6.43500643500644
"breakaway","QHIL_3",5.3132892688732
"chemodiv","QHIL_0",18
"chemodiv","QHIL_1",9.40438400090047
"chemodiv","QHIL_2",6.43500643500644
"chemodiv","QHIL_3",5.3132892688732
"divDyn","QHIL_2",6.43500643500644
"divent","QHIL_0",43
"divent","QHIL_1",12.4289677446311
"divent","QHIL_2",6.80100327751497
"divent","QHIL_3",5.40800684400581
"entropart","QHIL_0",43
"entropart","QHIL_1",12.4289677446311
"entropart","QHIL_2",6.80100327751497
"entropart","QHIL_3",5.40800684400581
"EntropyEstimation","QHIL_1",10.3230302955772
"EntropyEstimation","QHIL_2",6.80880330123797
"EntropyEstimation","QHIL_3",5.5979647464347
"extremefit","QHIL",NA
"hilldiv","QHIL_0",18
"hilldiv","QHIL_1",9.40443321813819
"hilldiv","QHIL_2",6.43500643500644
"hilldiv","QHIL_3",5.3132892688732
"hillR","QHIL_0",18
"hillR","QHIL_1",9.40438400090047
"hillR","QHIL_2",6.43500643500644
"hillR","QHIL_3",5.3132892688732
"sprex","QHIL_0",18
"sprex","QHIL_1",9.40438400090047
"sprex","QHIL_2",6.43500643500644
"sprex","QHIL_3",5.3132892688732
"vegan","QHIL_0",18
"vegan","QHIL_1",9.40438400090047
"vegan","QHIL_2",6.43500643500644
"vegan","QHIL_3",5.3132892688732
"adiv","QREN_0",2.89037175789616
"adiv","QREN_1",2.24117596362769
"adiv","QREN_2",1.86175284104859
"adiv","QREN_3",1.67021109147385
"BiodiversityR","QREN_0",2.89037175789616
"BiodiversityR","QREN_1",2.24117596362769
"BiodiversityR","QREN_2",1.86175284104859
"BiodiversityR","QREN_3",1.67021109147385
"diverse","QREN_0",2.63905732961526
"diverse","QREN_1",1.75099521105059
"diverse","QREN_2",1.41037872174003
"diverse","QREN_3",1.26533412989027
"EntropyEstimation","QREN_1",2.33437735024396
"EntropyEstimation","QREN_2",1.91821637802922
"EntropyEstimation","QREN_3",1.7224030935448
"seewave","QREN_2",0.523648555035892
"seewave","QREN_3",0.469774291598938
"sprex","QREN_0",2.89037175789616
"sprex","QREN_1",2.24117596362769
"sprex","QREN_2",1.86175284104859
"sprex","QREN_3",1.67021109147385
"statcomp","QREN_1",0.630367526573141
"statcomp","QREN_2",0.523648545472834
"statcomp","QREN_3",0.469774284426645
"vegan","QREN_0",2.89037175789616
"vegan","QREN_1",2.24117596362769
"vegan","QREN_2",1.86175284104859
"vegan","QREN_3",1.67021109147385
"adiv","QTSA_0",17
"adiv","QTSA_1",2.24117596362769
"adiv","QTSA_2",0.8446
"adiv","QTSA_3",0.482289
"divent","QTSA_0",17
"divent","QTSA_1",2.24117596362769
"divent","QTSA_2",0.8446
"divent","QTSA_3",0.482289
"entropart","QTSA_0",42
"entropart","QTSA_1",2.52002985658993
"entropart","QTSA_2",0.852962870447933
"entropart","QTSA_3",0.482903959450661
"EntropyEstimation","QTSA_1",2.33437735024396
"EntropyEstimation","QTSA_2",0.853131313131313
"EntropyEstimation","QTSA_3",0.48404452690167
"vegan","QTSA_0",17
"vegan","QTSA_1",2.24117596362769
"vegan","QTSA_2",0.8446
"vegan","QTSA_3",0.482289
"BAT","RACE",29.9419441780281
"ecodive","RACE",29.9419441780281
"fossil","RACE",21.5121951219512
"pctax","RACE",29.9419
"sprex","RACE",105.73480119403
"tabula","RACE",29.9419441780281
"vegan","RACE",29.9419441780281
"wiqid","RACE",29.9419441780281
"BiodiversityR","RBOO",18
"wiqid","RBOO",35
"BAT","RC1",36
"BiodiversityR","RC1",18
"biosampleR","RC1",19
"iNEXT","RC1",58.095
"microbiome","RC1",36
"pctax","RC1",36
"rareNMtests","RC1",18
"SpadeR","RC1",18
"SSP","RC1",17
"vegan","RC1",36
"BAT","RC1M",45
"divent","RC1M",58.095
"ecodive","RC1M",58.5
"entropart","RC1M",58.095
"fossil","RC1M",58.5
"mobr","RC1M",58.095
"OTUtable","RC1M",58.5
"tabula","RC1M",58.095
"wiqid","RC1M",58.5
"BAT","RCA2",35.2611468253968
"divDyn","RCA2",35
"fossil","RCA2",58.5
"tabula","RCA2",18
"wiqid","RCA2",18
"benthos","RHUR_2",1.85313131313127
"benthos","RHUR_3",2.59130488559056
"divent","RHUR_2",6.80877696420632
"divent","RHUR_3",6.99041280077468
"entropart","RHUR_2",1.85313131313127
"entropart","RHUR_3",2.59130488559056
"mobsim","RHUR_2",1.85313131313127
"mobsim","RHUR_3",2.59130488559056
"tabula","RHUR_2",1.85313131313172
"tabula","RHUR_3",2.59130488559018
"vegan","RHUR_2",1.85313131313127
"vegan","RHUR_3",2.59130488559056
"BAT","RICE",35.2949348369525
"fossil","RICE",21.5121951219512
"tabula","RICE",18
"wiqid","RICE",18
"BAT","RJA1",27
"BiodiversityR","RJA1",18
"divent","RJA1",42
"entropart","RJA1",42
"fossil","RJA1",26.91
"SSP","RJA1",17
"tabula","RJA1",2.24117596362769
"wiqid","RJA1",27
"BAT","RJA2",35
"BiodiversityR","RJA2",18
"fossil","RJA2",34.489898989899
"SSP","RJA2",17
"wiqid","RJA2",35
"sprex","RMM",106
"wiqid","RMM",0
"divDyn","RSQ",30.7946737141695
"ecodive","RSQ",30.7946737141695
"tabula","RSQ",30.7946737141695
"abdiv","D1SP",0.842172388139016
"ade4","D1SP",0.842172388139016
"adiv","D1SP",0.842172388139016
"agricolae","D1SP",1
"asbio","D1SP",0.842172388139016
"BiodiversityR","D1SP",0.84217239
"biosampleR","D1SP",0.85230909922268
"breakaway","D1SP",0.842172388139016
"catsim","D1SP",0.695510204081633
"concstats","2_D1SP",0.795378151260504
"concstats","D1SP",0.975230223878264
"CUB","D1SP",0.866942164260752
"DescTools","2_D1SP",0.842172388139016
"DescTools","D1SP",0.804123711340206
"divent","D1SP",0.842172388139016
"diverse","D1SP",0.85230909922268
"ecodive","D1SP",0.842172388139016
"entropart","D1SP",0.842172388139016
"lawstat","D1SP",0.804123711340206
"MCPAN","D1SP",-1484
"microbiome","D1SP",0.842172388139016
"PCRA","D1SP",0.842172388139016
"RoughSets","D1SP",0.842172388139016
"simboot","D1SP",-1484
"sprex","D1SP",0.842172388139016
"untb","D1SP",0.850945017182131
"vegan","D1SP",0.842172388139016
"abdiv","DBRI",2.02699459768715
"ecodive","DBRI",2.02699459768715
"tabula","DBRI",2.02699459768715
"wiqid","DBRI",7.59123731850488
"BiodiversityR","DFIS",5.96962806
"ecodive","DFIS",5.97
"microbiome","DFIS",5.9696280622833
"preseqR","DFIS",7.56739080881676
"sads","DFIS",5.96962534475573
"vegan","DFIS",5.9696280622833
"custom","DGLE",3.71608175464706
"DGOO","1_1",2.26693887322499
"DGOO","1_2",0.438408533443827
"DGOO","1_3",1
"DGOO","2_1",0.243673830165052
"DGOO","2_2",0.948223321601691
"DGOO","2_3",1
"DGOO","3_1",0.0509147161494989
"DGOO","3_2",0.111193144436873
"DGOO","3_3",1
"abdiv","DINVSP",6.33602693602694
"adiv","DINVSP",6.33602693602694
"asbio","DINVSP",6.33602693602694
"BiodiversityR","DINVSP",6.33602694
"breakaway","DINVSP",6.33602693602694
"chemodiv","DINVSP",6.33602693602694
"codyn","DINVSP",6.33602693602694
"divseg","DINVSP",1.15782761186098
"ecodive","DINVSP",6.33602693602694
"microbiome","DINVSP",6.33602693602694
"sprex","DINVSP",6.33602693602694
"vegan","DINVSP",6.33602693602694
"custom","DKO",0.32
"asbio","DLMD",32.5139346184954
"Compositional","DLMD",0.999958992306093
"sads","DLMD",1.20786812953117
"vegan","DLMD",18.5231073160812
"abdiv","DMC",0.670838049730225
"adiv","DMC",0.670838049730225
"agricolae","DMC",0.670838049730225
"ecodive","DMC",0.670838049730225
"forestHES","DMC",0.670838049730225
"tabula","DMC",0.670838049730225
"abdiv","DMG",3.49748871025605
"adiv","DMG",3.49748871025605
"agricolae","DMG",7.43216350929411
"ecodive","DMG",3.49748871025605
"tabula","DMG",3.49748871025605
"abdiv","DMN",1.72608848072715
"adiv","DMN",1.72608848072715
"ecodive","DMN",1.72608848072715
"tabula","DMN",1.72608848072715
"custom","DOD",175.257731958763
"abdiv","DQ",6.68067845080676
"ade4","DRAO",0.842172388139016
"BAT","DRAO",0.842172388139015
"chemodiv","DRAO",121.321773720637
"diverse","DRAO",113.973844923862
"SYNCSA","DRAO",0.842172388139016
"abdiv","DSHA",2.26693887322499
"adiv","DSHA",2.26693887322499
"aqp","DSHA",-322.952903063341
"asbio","DSHA",2.26693887322499
"benthos","DSHA",0
"BiodiversityR","DSHA",2.26693887
"biosampleR","DSHA",2.22923289456105
"chemodiv","DSHA",2.26693887322499
"codyn","DSHA",2.26693887322499
"DescTools","DSHA",3.27050147040011
"divDyn","DSHA",2.26693887322499
"divent","DSHA",2.26693887322499
"diverse","DSHA",2.22923289456105
"ecodive","DSHA",2.26693887322499
"EconGeo","DSHA",3.271
"entropart","DSHA",2.36631905696717
"forestmangr","DSHA",3.56
"HardyWeinberg","DSHA",2.26693887322499
"iNEXT","DSHA",2.267
"MCPAN","DSHA",2.26693887322499
"microbiome","DSHA",2.26693887322499
"OTUtable","DSHA",2.26693887322499
"pgirmess","DSHA",3.27050147040011
"SpiecEasi","DSHA",2.26693887322499
"sprex","DSHA",2.26693887322499
"tabula","DSHA",2.26693887322499
"triversity","DSHA",17
"vegan","DSHA",2.26693887322499
"wavethresh","DSHA",-9001.43747010909
"wiqid","DSHA",6.70893371757925
"abdiv","DSP",0.157827611860984
"agricolae","DSP",0.157827611860984
"antitrust","DSP",1578.27611860984
"benthos","DSP",0.149054982817869
"breakaway","DSP",0.157827611860984
"concstats","DSP",0.157827611860984
"DescTools","DSP",0.157827611860984
"diverse","DSP",0.137037037037037
"divseg","DSP",1.15782761186098
"EconGeo","DSP",0.157827611860984
"hhi","DSP",0.157827611860984
"ineq","DSP",0.157827611860984
"microbiome","DSP",0.157827611860984
"PDtoolkit","DSP",0.157827611860984
"politics","DSP",0.157827611860984
"REAT","DSP",0.157827611860984
"sprex","DSP",0.157827611860984
"tabula","DSP",0.157827611860984
"triversity","DSP",0.157827611860984
"wiqid","DSP",6.70893371757925
"abdiv","EBP",0.309278350515464
"agricolae","EBP",0.309278350515464
"BiodiversityR","EBP",0.30927835
"diverse","EBP",0.246913580246914
"dyvDyn","EBP",0.0285714285714286
"ecodive","EBP",0.309278350515464
"microbiome","EBP",0.309278350515464
"tabula","EBP",0.309278350515464
"triversity","EBP",0.309278350515464
"wiqid","EBP",1
"tabula","EBRI",0.795814716159965
"BAT","EBU",0.545747422680412
"microbiome","EBU",0.545747422680412
"BAT","ECAM",0.931322013341419
"microbiome","ECAM",0.404487568223166
"codyn","EEQ",0.188259842500427
"custom","EEQ",0.0213654455688444
"adiv","EEVAR",0.532025155444845
"codyn","EEVAR",0.521991408429741
"custom","EEVAR",0.532025155444845
"microbiome","EEVAR",0.532025155444845
"acid","EGIN",0.781148748159057
"DescTools","EGIN",0.781148748159057
"dplR","EGIN",0.781148748159057
"EconGeo","EGIN",0.781
"giniVarCI","EGIN",0.781148748159057
"ineq","EGIN",0.781148748159058
"microbiome","EGIN",0.781148748159057
"REAT","EGIN",0.781148748159057
"shipunov","EGIN",0.781148748159057
"wINEQ","EGIN",0.781148748159057
"adiv","EGSP",0.894808162397704
"abdiv","EHEI",0.54061351532716
"adiv","EHEI",0.54061351532716
"custom","EHUL",0.505154639175258
"benthos","EHURE",0.850945017182131
"BiodiversityR","EHURE",0.85094502
"mobr","EHURE",0.850945017182131
"vegan","EHURE",0.850945017182129
"custom","ELR",0.2218730629815
"abdiv","EMC",0.475170319888079
"tabula","EMC",0.795713680444979
"microbiome","EMN",0.505154639175258
"custom","ENHC",-0.183629491849602
"custom","EPAT",0.168661721507487
"abdiv","EPIE",0.800129957731841
"adiv","EPIE",0.800129957731841
"BiodiversityR","EPIE",0.80012996
"breakaway","EPIE",0.800129957731841
"chemodiv","EPIE",0.800129957731841
"diverse","EPIE",0.823187433399028
"forestmangr","EPIE",1
"microbiome","EPIE",0.800129957731841
"OTUtable","EPIE",0.800129957731841
"pctax","EPIE",0.8001
"sprex","EPIE",0.800129957731841
"tabula","EPIE",0.800129957731841
"custom","ESHE",0.56763624971968
"adiv","ESP",0.372707466825114
"codyn","ESP",0.372707466825114
"sprex","ESP",0.133349345483823
"tabula","ESP",0.372707466825114
"abdiv","EST",0.427531837477259
"adiv","QHIL_0",17
"adiv","QHIL_1",9.64981624523456
"adiv","QHIL_2",6.33602693602694
"adiv","QHIL_3",5.09349467415833
"BAT","QHIL_0",17
"BAT","QHIL_1",9.64981624523456
"BAT","QHIL_2",6.33602693602694
"BAT","QHIL_3",5.09349467415833
"benthos","QHIL_0",35
"benthos","QHIL_1",9.64981624523456
"benthos","QHIL_2",6.33602693602694
"benthos","QHIL_3",5.09349467415833
"breakaway","QHIL_0",17
"breakaway","QHIL_1",9.64981624523456
"breakaway","QHIL_2",6.33602693602694
"breakaway","QHIL_3",5.09349467415833
"chemodiv","QHIL_0",17
"chemodiv","QHIL_1",9.64981624523456
"chemodiv","QHIL_2",6.33602693602694
"chemodiv","QHIL_3",5.09349467415833
"divDyn","QHIL_2",6.33602693602694
"divent","QHIL_0",20
"divent","QHIL_1",10.6580881749855
"divent","QHIL_2",6.71857684830947
"divent","QHIL_3",5.33015822506965
"entropart","QHIL_0",20
"entropart","QHIL_1",10.6580881749855
"entropart","QHIL_2",6.71857684830947
"entropart","QHIL_3",5.33015822506965
"EntropyEstimation","QHIL_1",10.5419139343776
"EntropyEstimation","QHIL_2",6.70893371757925
"EntropyEstimation","QHIL_3",5.34906148421256
"extremefit","QHIL",NA
"hilldiv","QHIL_0",17
"hilldiv","QHIL_1",9.64986804840274
"hilldiv","QHIL_2",6.33602693602694
"hilldiv","QHIL_3",5.09349467415833
"hillR","QHIL_0",17
"hillR","QHIL_1",9.64981624523456
"hillR","QHIL_2",6.33602693602694
"hillR","QHIL_3",5.09349467415833
"sprex","QHIL_0",17
"sprex","QHIL_1",9.64981624523456
"sprex","QHIL_2",6.33602693602694
"sprex","QHIL_3",5.09349467415833
"vegan","QHIL_0",17
"vegan","QHIL_1",9.64981624523456
"vegan","QHIL_2",6.33602693602694
"vegan","QHIL_3",5.09349467415833
"adiv","QREN_0",2.83321334405622
"adiv","QREN_1",2.26693887322499
"adiv","QREN_2",1.84625190576997
"adiv","QREN_3",1.62796417143211
"BiodiversityR","QREN_0",2.83321334405622
"BiodiversityR","QREN_1",2.26693887322499
"BiodiversityR","QREN_2",1.84625190576997
"BiodiversityR","QREN_3",1.62796417143211
"diverse","QREN_0",2.70805020110221
"diverse","QREN_1",2.22923289456105
"diverse","QREN_2",1.91263369745411
"diverse","QREN_3",1.74612449994877
"EntropyEstimation","QREN_1",2.35535911433002
"EntropyEstimation","QREN_2",1.90344002890447
"EntropyEstimation","QREN_3",1.67692112200774
"seewave","QREN_2",0.51928866343115
"seewave","QREN_3",0.457891652550375
"sprex","QREN_0",2.83321334405622
"sprex","QREN_1",2.26693887322499
"sprex","QREN_2",1.84625190576997
"sprex","QREN_3",1.62796417143211
"statcomp","QREN_1",0.637613767771395
"statcomp","QREN_2",0.519288652992396
"statcomp","QREN_3",0.45789164472131
"vegan","QREN_0",2.83321334405622
"vegan","QREN_1",2.26693887322499
"vegan","QREN_2",1.84625190576997
"vegan","QREN_3",1.62796417143211
"adiv","QTSA_0",16
"adiv","QTSA_1",2.26693887322499
"adiv","QTSA_2",0.842172388139016
"adiv","QTSA_3",0.480727489473229
"divent","QTSA_0",16
"divent","QTSA_1",2.26693887322499
"divent","QTSA_2",0.842172388139016
"divent","QTSA_3",0.480727489473229
"entropart","QTSA_0",19
"entropart","QTSA_1",2.36631905696717
"entropart","QTSA_2",0.85115895485342
"entropart","QTSA_3",0.482400926626245
"EntropyEstimation","QTSA_1",2.35535911433002
"EntropyEstimation","QTSA_2",0.850945017182131
"EntropyEstimation","QTSA_3",0.48252509495388
"vegan","QTSA_0",16
"vegan","QTSA_1",2.26693887322499
"vegan","QTSA_2",0.842172388139016
"vegan","QTSA_3",0.480727489473229
"BAT","RACE",18.7943262411348
"ecodive","RACE",18.7943262411348
"fossil","RACE",18
"pctax","RACE",18.7943
"sprex","RACE",103.894442931707
"tabula","RACE",18.7943262411348
"vegan","RACE",18.7943262411348
"wiqid","RACE",18.7943262411348
"BiodiversityR","RBOO",17
"wiqid","RBOO",35
"BAT","RC1",17.5
"BiodiversityR","RC1",17
"biosampleR","RC1",17
"iNEXT","RC1",17.891
"microbiome","RC1",17.5
"pctax","RC1",17.5
"rareNMtests","RC1",17
"SpadeR","RC1",17
"SSP","RC1",16
"vegan","RC1",17.5
"BAT","RC1M",18.0449826989619
"divent","RC1M",17.8907216494845
"ecodive","RC1M",17.9
"entropart","RC1M",17.8907216494845
"fossil","RC1M",17.9
"mobr","RC1M",17.8907216494845
"OTUtable","RC1M",17.9
"tabula","RC1M",17.8907216494845
"wiqid","RC1M",17.9
"BAT","RCA2",35.2469642857143
"divDyn","RCA2",17.4705882352941
"fossil","RCA2",17.9
"tabula","RCA2",17
"wiqid","RCA2",17
"benthos","RHUR_2",1.85094501718213
"benthos","RHUR_3",2.58778486163862
"divent","RHUR_2",6.70890865917534
"divent","RHUR_3",6.92757246489695
"entropart","RHUR_2",1.85094501718213
"entropart","RHUR_3",2.58778486163862
"mobsim","RHUR_2",1.85094501718213
"mobsim","RHUR_3",2.58778486163862
"tabula","RHUR_2",1.85094501718347
"tabula","RHUR_3",2.58778486163969
"vegan","RHUR_2",1.85094501718213
"vegan","RHUR_3",2.58778486163862
"BAT","RICE",35.2744683088314
"fossil","RICE",18
"tabula","RICE",17
"wiqid","RICE",17
"BAT","RJA1",20
"BiodiversityR","RJA1",17
"divent","RJA1",20
"entropart","RJA1",20
"fossil","RJA1",19.9690721649485
"SSP","RJA1",16
"tabula","RJA1",2.26693887322499
"wiqid","RJA1",20
"BAT","RJA2",18
"BiodiversityR","RJA2",17
"fossil","RJA2",17.9685352233677
"SSP","RJA2",16
"wiqid","RJA2",18
"sprex","RMM",103
"wiqid","RMM",0
"divDyn","RSQ",18.4281897841419
"ecodive","RSQ",18.4281897841419
"tabula","RSQ",18.4281897841419
"abdiv","D1SP",0.785925925925926
"ade4","D1SP",0.785925925925926
"adiv","D1SP",0.785925925925926
"agricolae","D1SP",1
"asbio","D1SP",0.785925925925926
"BiodiversityR","D1SP",0.78592593
"biosampleR","D1SP",0.828125
"breakaway","D1SP",0.785925925925926
"catsim","D1SP",0.604081632653061
"concstats","2_D1SP",0.795378151260504
"concstats","D1SP",0.976884531590414
"CUB","D1SP",0.809041394335512
"DescTools","2_D1SP",0.785925925925926
"DescTools","D1SP",0.873856209150327
"divent","D1SP",0.785925925925926
"diverse","D1SP",0.828125
"ecodive","D1SP",0.785925925925926
"entropart","D1SP",0.785925925925926
"lawstat","D1SP",0.873856209150327
"MCPAN","D1SP",-1733
"microbiome","D1SP",0.785925925925926
"PCRA","D1SP",0.785925925925926
"RoughSets","D1SP",0.785925925925926
"simboot","D1SP",-1733
"sprex","D1SP",0.785925925925926
"untb","D1SP",0.794756554307116
"vegan","D1SP",0.785925925925926
"abdiv","DBRI",1.7112119025387
"ecodive","DBRI",1.7112119025387
"tabula","DBRI",1.7112119025387
"wiqid","DBRI",5.53566610193011
"BiodiversityR","DFIS",4.64422218
"ecodive","DFIS",4.644
"microbiome","DFIS",4.6442221802933
"preseqR","DFIS",9.48219272106296
"sads","DFIS",4.6442162661111
"vegan","DFIS",4.6442221802933
"custom","DGLE",3.11124270262135
"DGOO","1_1",1.91061528727681
"DGOO","1_2",0.424720030578132
"DGOO","1_3",1
"DGOO","2_1",0.282469887613682
"DGOO","2_2",0.777411643643981
"DGOO","2_3",1
"DGOO","3_1",0.0736331446971313
"DGOO","3_2",0.123038039606707
"DGOO","3_3",1
"abdiv","DINVSP",4.67128027681661
"adiv","DINVSP",4.67128027681661
"asbio","DINVSP",4.67128027681661
"BiodiversityR","DINVSP",4.67128028
"breakaway","DINVSP",4.67128027681661
"chemodiv","DINVSP",4.67128027681661
"codyn","DINVSP",4.67128027681661
"divseg","DINVSP",1.21407407407407
"ecodive","DINVSP",4.67128027681661
"microbiome","DINVSP",4.67128027681661
"sprex","DINVSP",4.67128027681661
"vegan","DINVSP",4.67128027681661
"custom","DKO",0.44
"asbio","DLMD",21.244565344774
"Compositional","DLMD",0.999958992306093
"sads","DLMD",1.09165402157855
"vegan","DLMD",23.5450337684949
"abdiv","DMC",0.600630631769544
"adiv","DMC",0.600630631769544
"agricolae","DMC",0.600630631769544
"ecodive","DMC",0.600630631769544
"forestHES","DMC",0.600630631769544
"tabula","DMC",0.600630631769544
"abdiv","DMG",2.88901108100554
"adiv","DMG",2.88901108100554
"agricolae","DMG",7.55587513493755
"ecodive","DMG",2.88901108100554
"tabula","DMG",2.88901108100554
"abdiv","DMN",1.47572957474524
"adiv","DMN",1.47572957474524
"ecodive","DMN",1.47572957474524
"tabula","DMN",1.47572957474524
"custom","DOD",155.555555555556
"abdiv","DQ",0
"ade4","DRAO",0.785925925925926
"BAT","DRAO",0.785925925925925
"chemodiv","DRAO",102.284345139112
"diverse","DRAO",54.4568984386406
"SYNCSA","DRAO",0.785925925925926
"abdiv","DSHA",1.91061528727681
"adiv","DSHA",1.91061528727681
"aqp","DSHA",-336.187610669589
"asbio","DSHA",1.91061528727681
"benthos","DSHA",0
"BiodiversityR","DSHA",1.91061529
"biosampleR","DSHA",2.05622663798673
"chemodiv","DSHA",1.91061528727681
"codyn","DSHA",1.91061528727681
"DescTools","DSHA",2.7564352000009
"divDyn","DSHA",1.91061528727681
"divent","DSHA",1.91061528727681
"diverse","DSHA",2.05622663798673
"ecodive","DSHA",1.91061528727681
"EconGeo","DSHA",2.756
"entropart","DSHA",2.03419119191963
"forestmangr","DSHA",3.56
"HardyWeinberg","DSHA",1.91061528727681
"iNEXT","DSHA",1.911
"MCPAN","DSHA",1.91061528727681
"microbiome","DSHA",1.91061528727681
"OTUtable","DSHA",1.91061528727681
"pgirmess","DSHA",2.7564352000009
"SpiecEasi","DSHA",1.91061528727681
"sprex","DSHA",1.91061528727681
"tabula","DSHA",1.91061528727681
"triversity","DSHA",14
"vegan","DSHA",1.91061528727681
"wavethresh","DSHA",-11029.3277573637
"wiqid","DSHA",4.87226277372263
"abdiv","DSP",0.214074074074074
"agricolae","DSP",0.214074074074074
"antitrust","DSP",2140.74074074074
"benthos","DSP",0.205243445692884
"breakaway","DSP",0.214074074074074
"concstats","DSP",0.214074074074074
"DescTools","DSP",0.214074074074074
"diverse","DSP",0.161392405063291
"divseg","DSP",1.21407407407407
"EconGeo","DSP",0.214074074074074
"hhi","DSP",0.214074074074074
"ineq","DSP",0.214074074074074
"microbiome","DSP",0.214074074074074
"PDtoolkit","DSP",0.214074074074074
"politics","DSP",0.214074074074074
"REAT","DSP",0.214074074074074
"sprex","DSP",0.214074074074074
"tabula","DSP",0.214074074074074
"triversity","DSP",0.214074074074074
"wiqid","DSP",4.87226277372263
"abdiv","EBP",0.344444444444444
"agricolae","EBP",0.344444444444444
"BiodiversityR","EBP",0.34444444
"diverse","EBP",0.275
"dyvDyn","EBP",0.0285714285714286
"ecodive","EBP",0.344444444444444
"microbiome","EBP",0.344444444444444
"tabula","EBP",0.344444444444444
"triversity","EBP",0.344444444444444
"wiqid","EBP",1
"tabula","EBRI",0.718434254335122
"BAT","EBU",0.434188034188034
"microbiome","EBU",0.434188034188034
"BAT","ECAM",0.904273504273504
"microbiome","ECAM",0.581746031746032
"codyn","EEQ",0.168101946967804
"custom","EEQ",0.0372676448485655
"adiv","EEVAR",0.408806704440408
"codyn","EEVAR",0.395121506111321
"custom","EEVAR",0.408806704440408
"microbiome","EEVAR",0.408806704440408
"acid","EGIN",0.848888888888889
"DescTools","EGIN",0.848888888888889
"dplR","EGIN",0.848888888888889
"EconGeo","EGIN",0.849
"giniVarCI","EGIN",0.848888888888889
"ineq","EGIN",0.848888888888889
"microbiome","EGIN",0.848888888888889
"REAT","EGIN",0.848888888888889
"shipunov","EGIN",0.848888888888889
"wINEQ","EGIN",0.848888888888889
"adiv","EGSP",0.846381766381766
"abdiv","EHEI",0.442865012822871
"adiv","EHEI",0.442865012822871
"custom","EHUL",0.611111111111111
"benthos","EHURE",0.794756554307116
"BiodiversityR","EHURE",0.79475655
"mobr","EHURE",0.794756554307116
"vegan","EHURE",0.794756554307137
"custom","ELR",0.191219351983311
"abdiv","EMC",0.54020453136926
"tabula","EMC",0.733301737092957
"microbiome","EMN",0.611111111111111
"custom","ENHC",-0.266957089664129
"custom","EPAT",0.323661208018039
"abdiv","EPIE",0.723976423640391
"adiv","EPIE",0.723976423640391
"BiodiversityR","EPIE",0.72397642
"breakaway","EPIE",0.723976423640391
"chemodiv","EPIE",0.723976423640391
"diverse","EPIE",0.801663639870739
"forestmangr","EPIE",1
"microbiome","EPIE",0.723976423640391
"OTUtable","EPIE",0.723976423640391
"pctax","EPIE",0.724
"sprex","EPIE",0.723976423640391
"tabula","EPIE",0.723976423640391
"custom","ESHE",0.482660369049809
"adiv","ESP",0.333662876915472
"codyn","ESP",0.333662876915472
"sprex","ESP",0.136472520519772
"tabula","ESP",0.333662876915472
"abdiv","EST",0.525396825396825
"adiv","QHIL_0",14
"adiv","QHIL_1",6.75724516669732
"adiv","QHIL_2",4.67128027681661
"adiv","QHIL_3",4.01796391415021
"BAT","QHIL_0",14
"BAT","QHIL_1",6.75724516669732
"BAT","QHIL_2",4.67128027681661
"BAT","QHIL_3",4.01796391415021
"benthos","QHIL_0",35
"benthos","QHIL_1",6.75724516669732
"benthos","QHIL_2",4.67128027681661
"benthos","QHIL_3",4.01796391415021
"breakaway","QHIL_0",14
"breakaway","QHIL_1",6.75724516669732
"breakaway","QHIL_2",4.67128027681661
"breakaway","QHIL_3",4.01796391415021
"chemodiv","QHIL_0",14
"chemodiv","QHIL_1",6.75724516669732
"chemodiv","QHIL_2",4.67128027681661
"chemodiv","QHIL_3",4.01796391415021
"divDyn","QHIL_2",4.67128027681661
"divent","QHIL_0",19
"divent","QHIL_1",7.64606542439067
"divent","QHIL_2",4.86898045036206
"divent","QHIL_3",4.11276082604659
"entropart","QHIL_0",19
"entropart","QHIL_1",7.64606542439067
"entropart","QHIL_2",4.86898045036206
"entropart","QHIL_3",4.11276082604659
"EntropyEstimation","QHIL_1",7.31084749919263
"EntropyEstimation","QHIL_2",4.87226277372263
"EntropyEstimation","QHIL_3",4.19084280337514
"extremefit","QHIL",NA
"hilldiv","QHIL_0",14
"hilldiv","QHIL_1",6.75728331991315
"hilldiv","QHIL_2",4.67128027681661
"hilldiv","QHIL_3",4.01796391415021
"hillR","QHIL_0",14
"hillR","QHIL_1",6.75724516669732
"hillR","QHIL_2",4.67128027681661
"hillR","QHIL_3",4.01796391415021
"sprex","QHIL_0",14
"sprex","QHIL_1",6.75724516669732
"sprex","QHIL_2",4.67128027681661
"sprex","QHIL_3",4.01796391415021
"vegan","QHIL_0",14
"vegan","QHIL_1",6.75724516669732
"vegan","QHIL_2",4.67128027681661
"vegan","QHIL_3",4.01796391415021
"adiv","QREN_0",2.63905732961526
"adiv","QREN_1",1.91061528727681
"adiv","QREN_2",1.54143318332004
"adiv","QREN_3",1.39077528530468
"BiodiversityR","QREN_0",2.63905732961526
"BiodiversityR","QREN_1",1.91061528727681
"BiodiversityR","QREN_2",1.54143318332004
"BiodiversityR","QREN_3",1.39077528530468
"diverse","QREN_0",2.56494935746154
"diverse","QREN_1",2.05622663798673
"diverse","QREN_2",1.7609878105613
"diverse","QREN_3",1.62084637812134
"EntropyEstimation","QREN_1",1.98935920400357
"EntropyEstimation","QREN_2",1.58355846444628
"EntropyEstimation","QREN_3",1.43290186009707
"seewave","QREN_2",0.433553397115491
"seewave","QREN_3",0.391178387109039
"sprex","QREN_0",2.63905732961526
"sprex","QREN_1",1.91061528727681
"sprex","QREN_2",1.54143318332004
"sprex","QREN_3",1.39077528530468
"statcomp","QREN_1",0.537391910505779
"statcomp","QREN_2",0.433553383989725
"statcomp","QREN_3",0.391178377264715
"vegan","QREN_0",2.63905732961526
"vegan","QREN_1",1.91061528727681
"vegan","QREN_2",1.54143318332004
"vegan","QREN_3",1.39077528530468
"adiv","QTSA_0",13
"adiv","QTSA_1",1.91061528727681
"adiv","QTSA_2",0.785925925925926
"adiv","QTSA_3",0.469028806584362
"divent","QTSA_0",13
"divent","QTSA_1",1.91061528727681
"divent","QTSA_2",0.785925925925926
"divent","QTSA_3",0.469028806584362
"entropart","QTSA_0",18
"entropart","QTSA_1",2.03419119191963
"entropart","QTSA_2",0.794618193645522
"entropart","QTSA_3",0.470440090787852
"EntropyEstimation","QTSA_1",1.98935920400357
"EntropyEstimation","QTSA_2",0.794756554307116
"EntropyEstimation","QTSA_3",0.471531324480763
"vegan","QTSA_0",13
"vegan","QTSA_1",1.91061528727681
"vegan","QTSA_2",0.785925925925926
"vegan","QTSA_3",0.469028806584362
"BAT","RACE",21.2843137254902
"ecodive","RACE",21.2843137254902
"fossil","RACE",16
"pctax","RACE",21.2843
"sprex","RACE",103.689249046785
"tabula","RACE",21.2843137254902
"vegan","RACE",21.2843137254902
"wiqid","RACE",21.2843137254902
"BiodiversityR","RBOO",14
"wiqid","RBOO",35
"BAT","RC1",16.5
"BiodiversityR","RC1",14
"biosampleR","RC1",19
"iNEXT","RC1",18.12
"microbiome","RC1",16.5
"pctax","RC1",16.5
"rareNMtests","RC1",14
"SpadeR","RC1",14
"SSP","RC1",13
"vegan","RC1",16.5
"BAT","RC1M",18.6045918367347
"divent","RC1M",18.1203703703704
"ecodive","RC1M",18.1666666666667
"entropart","RC1M",18.1203703703704
"fossil","RC1M",18.1666666666667
"mobr","RC1M",18.1203703703704
"OTUtable","RC1M",18.1666666666667
"tabula","RC1M",18.1203703703704
"wiqid","RC1M",18.1666666666667
"BAT","RCA2",34.910369047619
"divDyn","RCA2",16.3214285714286
"fossil","RCA2",18.1666666666667
"tabula","RCA2",14
"wiqid","RCA2",14
"benthos","RHUR_2",1.79475655430714
"benthos","RHUR_3",2.44120701395985
"divent","RHUR_2",4.87226254108946
"divent","RHUR_3",5.01163196447031
"entropart","RHUR_2",1.79475655430713
"entropart","RHUR_3",2.44120701395985
"mobsim","RHUR_2",1.79475655430714
"mobsim","RHUR_3",2.44120701395985
"tabula","RHUR_2",1.79475655430715
"tabula","RHUR_3",2.44120701395946
"vegan","RHUR_2",1.79475655430714
"vegan","RHUR_3",2.44120701395985
"BAT","RICE",35.2171892022959
"fossil","RICE",16
"tabula","RICE",14
"wiqid","RICE",14
"BAT","RJA1",19
"BiodiversityR","RJA1",14
"divent","RJA1",19
"entropart","RJA1",19
"fossil","RJA1",18.9444444444444
"SSP","RJA1",13
"tabula","RJA1",1.91061528727681
"wiqid","RJA1",19
"BAT","RJA2",21
"BiodiversityR","RJA2",14
"fossil","RJA2",20.7662921348315
"SSP","RJA2",13
"wiqid","RJA2",21
"sprex","RMM",94.5
"wiqid","RMM",0
"divDyn","RSQ",19.3985056039851
"ecodive","RSQ",19.3985056039851
"tabula","RSQ",19.3985056039851
"abdiv","D1SP",0.861103131284114
"ade4","D1SP",0.861103131284114
"adiv","D1SP",0.861103131284114
"agricolae","D1SP",1
"asbio","D1SP",0.861103131284114
"BiodiversityR","D1SP",0.86110313
"biosampleR","D1SP",0.808116861656421
"breakaway","D1SP",0.861103131284114
"catsim","D1SP",0.724897959183674
"concstats","2_D1SP",0.795378151260504
"concstats","D1SP",0.974673437315173
"CUB","D1SP",0.886429693968941
"DescTools","2_D1SP",0.861103131284114
"DescTools","D1SP",0.799601196410768
"divent","D1SP",0.861103131284114
"diverse","D1SP",0.808116861656421
"ecodive","D1SP",0.861103131284114
"entropart","D1SP",0.861103131284114
"lawstat","D1SP",0.799601196410768
"MCPAN","D1SP",-1933
"microbiome","D1SP",0.861103131284114
"PCRA","D1SP",0.861103131284114
"RoughSets","D1SP",0.861103131284114
"simboot","D1SP",-1933
"sprex","D1SP",0.861103131284114
"untb","D1SP",0.868462987107055
"vegan","D1SP",0.861103131284114
"abdiv","DBRI",2.10948090357199
"ecodive","DBRI",2.10948090357199
"tabula","DBRI",2.10948090357199
"wiqid","DBRI",8.2439607631363
"BiodiversityR","DFIS",5.91784927
"ecodive","DFIS",5.918
"microbiome","DFIS",5.91784926994105
"preseqR","DFIS",7.44901864399976
"sads","DFIS",5.91784874402066
"vegan","DFIS",5.91784926994105
"custom","DGLE",3.77304337152994
"DGOO","1_1",2.32484210153417
"DGOO","1_2",0.460412433634708
"DGOO","1_3",1
"DGOO","2_1",0.239754985711645
"DGOO","2_2",1.00409601147328
"DGOO","2_3",1
"DGOO","3_1",0.0422679727064509
"DGOO","3_2",0.116585520934091
"DGOO","3_3",1
"abdiv","DINVSP",7.19958634953464
"adiv","DINVSP",7.19958634953464
"asbio","DINVSP",7.19958634953464
"BiodiversityR","DINVSP",7.19958635
"breakaway","DINVSP",7.19958634953464
"chemodiv","DINVSP",7.19958634953464
"codyn","DINVSP",7.19958634953464
"divseg","DINVSP",1.13889686871589
"ecodive","DINVSP",7.19958634953464
"microbiome","DINVSP",7.19958634953464
"sprex","DINVSP",7.19958634953464
"vegan","DINVSP",7.19958634953464
"custom","DKO",0.28
"asbio","DLMD",35.0644972818793
"Compositional","DLMD",0.999958992306093
"sads","DLMD",1.28240018739003
"vegan","DLMD",20.7111304789159
"abdiv","DMC",0.690915197209575
"adiv","DMC",0.690915197209575
"agricolae","DMC",0.690915197209575
"ecodive","DMC",0.690915197209575
"forestHES","DMC",0.690915197209575
"tabula","DMC",0.690915197209575
"abdiv","DMG",3.56342985088939
"adiv","DMG",3.56342985088939
"agricolae","DMG",7.12685970177878
"ecodive","DMG",3.56342985088939
"tabula","DMG",3.56342985088939
"abdiv","DMN",1.65703431221698
"adiv","DMN",1.65703431221698
"ecodive","DMN",1.65703431221698
"tabula","DMN",1.65703431221698
"custom","DOD",152.542372881356
"abdiv","DQ",5.64582826474227
"ade4","DRAO",0.861103131284114
"BAT","DRAO",0.861103131284113
"chemodiv","DRAO",151.107244650876
"diverse","DRAO",55.4946021569485
"SYNCSA","DRAO",0.861103131284114
"abdiv","DSHA",2.32484210153417
"adiv","DSHA",2.32484210153417
"aqp","DSHA",-416.375375678176
"asbio","DSHA",2.32484210153417
"benthos","DSHA",0
"BiodiversityR","DSHA",2.3248421
"biosampleR","DSHA",2.05845264623166
"chemodiv","DSHA",2.32484210153417
"codyn","DSHA",2.32484210153417
"DescTools","DSHA",3.35403817073323
"divDyn","DSHA",2.32484210153417
"divent","DSHA",2.32484210153417
"diverse","DSHA",2.05845264623166
"ecodive","DSHA",2.32484210153417
"EconGeo","DSHA",3.354
"entropart","DSHA",2.4169121326656
"forestmangr","DSHA",3.56
"HardyWeinberg","DSHA",2.32484210153417
"iNEXT","DSHA",2.325
"MCPAN","DSHA",2.32484210153417
"microbiome","DSHA",2.32484210153417
"OTUtable","DSHA",2.32484210153417
"pgirmess","DSHA",3.35403817073323
"SpiecEasi","DSHA",2.32484210153417
"sprex","DSHA",2.32484210153417
"tabula","DSHA",2.32484210153417
"triversity","DSHA",18
"vegan","DSHA",2.32484210153417
"wavethresh","DSHA",-11776.3112853353
"wiqid","DSHA",7.60242290748899
"abdiv","DSP",0.138896868715886
"agricolae","DSP",0.138896868715886
"antitrust","DSP",1388.96868715886
"benthos","DSP",0.131537012892945
"breakaway","DSP",0.138896868715886
"concstats","DSP",0.138896868715886
"DescTools","DSP",0.138896868715886
"diverse","DSP",0.185259229641477
"divseg","DSP",1.13889686871589
"EconGeo","DSP",0.138896868715886
"hhi","DSP",0.138896868715886
"ineq","DSP",0.138896868715886
"microbiome","DSP",0.138896868715886
"PDtoolkit","DSP",0.138896868715886
"politics","DSP",0.138896868715886
"REAT","DSP",0.138896868715886
"sprex","DSP",0.138896868715886
"tabula","DSP",0.138896868715886
"triversity","DSP",0.138896868715886
"wiqid","DSP",7.60242290748899
"abdiv","EBP",0.271186440677966
"agricolae","EBP",0.271186440677966
"BiodiversityR","EBP",0.27118644
"diverse","EBP",0.308943089430894
"dyvDyn","EBP",0.0285714285714286
"ecodive","EBP",0.271186440677966
"microbiome","EBP",0.271186440677966
"tabula","EBP",0.271186440677966
"triversity","EBP",0.271186440677966
"wiqid","EBP",1
"tabula","EBRI",0.802031920244
"BAT","EBU",0.518444666001994
"microbiome","EBU",0.518444666001994
"BAT","ECAM",0.933421956353163
"microbiome","ECAM",0.386064030131827
"codyn","EEQ",0.178485596905
"custom","EEQ",0.0216729958777272
"adiv","EEVAR",0.464205445611912
"codyn","EEVAR",0.455310241358906
"custom","EEVAR",0.464205445611912
"microbiome","EEVAR",0.464205445611912
"acid","EGIN",0.776755447941889
"DescTools","EGIN",0.776755447941889
"dplR","EGIN",0.776755447941889
"EconGeo","EGIN",0.777
"giniVarCI","EGIN",0.776755447941889
"ineq","EGIN",0.776755447941889
"microbiome","EGIN",0.776755447941889
"REAT","EGIN",0.776755447941889
"shipunov","EGIN",0.776755447941889
"wINEQ","EGIN",0.776755447941889
"adiv","EGSP",0.911756256653768
"abdiv","EHEI",0.542650908010216
"adiv","EHEI",0.542650908010216
"custom","EHUL",0.432203389830508
"benthos","EHURE",0.868462987107055
"BiodiversityR","EHURE",0.86846299
"mobr","EHURE",0.868462987107055
"vegan","EHURE",0.868462987107075
"custom","ELR",0.221270079917706
"abdiv","EMC",0.435056123385483
"tabula","EMC",0.820768223345875
"microbiome","EMN",0.432203389830508
"custom","ENHC",-0.197568991769579
"custom","EPAT",0.143474024119046
"abdiv","EPIE",0.804340166687199
"adiv","EPIE",0.804340166687199
"BiodiversityR","EPIE",0.80434017
"breakaway","EPIE",0.804340166687199
"chemodiv","EPIE",0.804340166687199
"diverse","EPIE",0.699098422754342
"forestmangr","EPIE",1
"microbiome","EPIE",0.804340166687199
"OTUtable","EPIE",0.804340166687199
"pctax","EPIE",0.8043
"sprex","EPIE",0.804340166687199
"tabula","EPIE",0.804340166687199
"custom","ESHE",0.568059190898537
"adiv","ESP",0.399977019418591
"codyn","ESP",0.399977019418591
"sprex","ESP",0.129157894529676
"tabula","ESP",0.399977019418591
"abdiv","EST",0.454802259887006
"adiv","QHIL_0",18
"adiv","QHIL_1",10.2250654361737
"adiv","QHIL_2",7.19958634953464
"adiv","QHIL_3",5.97802076009348
"BAT","QHIL_0",18
"BAT","QHIL_1",10.2250654361737
"BAT","QHIL_2",7.19958634953464
"BAT","QHIL_3",5.97802076009348
"benthos","QHIL_0",35
"benthos","QHIL_1",10.2250654361737
"benthos","QHIL_2",7.19958634953464
"benthos","QHIL_3",5.97802076009348
"breakaway","QHIL_0",18
"breakaway","QHIL_1",10.2250654361737
"breakaway","QHIL_2",7.19958634953464
"breakaway","QHIL_3",5.97802076009348
"chemodiv","QHIL_0",18
"chemodiv","QHIL_1",10.2250654361737
"chemodiv","QHIL_2",7.19958634953464
"chemodiv","QHIL_3",5.97802076009348
"divDyn","QHIL_2",7.19958634953464
"divent","QHIL_0",22
"divent","QHIL_1",11.211187152325
"divent","QHIL_2",7.60170516341803
"divent","QHIL_3",6.2256203078199
"entropart","QHIL_0",22
"entropart","QHIL_1",11.211187152325
"entropart","QHIL_2",7.60170516341803
"entropart","QHIL_3",6.2256203078199
"EntropyEstimation","QHIL_1",11.0462964028952
"EntropyEstimation","QHIL_2",7.60242290748897
"EntropyEstimation","QHIL_3",6.29533004701823
"extremefit","QHIL",NA
"hilldiv","QHIL_0",18
"hilldiv","QHIL_1",10.225113770873
"hilldiv","QHIL_2",7.19958634953464
"hilldiv","QHIL_3",5.97802076009348
"hillR","QHIL_0",18
"hillR","QHIL_1",10.2250654361737
"hillR","QHIL_2",7.19958634953464
"hillR","QHIL_3",5.97802076009348
"sprex","QHIL_0",18
"sprex","QHIL_1",10.2250654361737
"sprex","QHIL_2",7.19958634953464
"sprex","QHIL_3",5.97802076009348
"vegan","QHIL_0",18
"vegan","QHIL_1",10.2250654361737
"vegan","QHIL_2",7.19958634953464
"vegan","QHIL_3",5.97802076009348
"adiv","QREN_0",2.89037175789616
"adiv","QREN_1",2.32484210153417
"adiv","QREN_2",1.97402357291809
"adiv","QREN_3",1.78808953660471
"BiodiversityR","QREN_0",2.89037175789616
"BiodiversityR","QREN_1",2.32484210153417
"BiodiversityR","QREN_2",1.97402357291809
"BiodiversityR","QREN_3",1.78808953660471
"diverse","QREN_0",2.94443897916644
"diverse","QREN_1",2.05845264623166
"diverse","QREN_2",1.65086874672021
"diverse","QREN_3",1.49824432935713
"EntropyEstimation","QREN_1",2.40209520462389
"EntropyEstimation","QREN_2",2.02846700010218
"EntropyEstimation","QREN_3",1.83980809614863
"seewave","QREN_2",0.555226539734252
"seewave","QREN_3",0.502929538062107
"sprex","QREN_0",2.89037175789616
"sprex","QREN_1",2.32484210153417
"sprex","QREN_2",1.97402357291809
"sprex","QREN_3",1.78808953660471
"statcomp","QREN_1",0.653900001160575
"statcomp","QREN_2",0.555226531629966
"statcomp","QREN_3",0.502929531983892
"vegan","QREN_0",2.89037175789616
"vegan","QREN_1",2.32484210153417
"vegan","QREN_2",1.97402357291809
"vegan","QREN_3",1.78808953660471
"adiv","QTSA_0",17
"adiv","QTSA_1",2.32484210153417
"adiv","QTSA_2",0.861103131284114
"adiv","QTSA_3",0.486008793498848
"divent","QTSA_0",17
"divent","QTSA_1",2.32484210153417
"divent","QTSA_2",0.861103131284114
"divent","QTSA_3",0.486008793498848
"entropart","QTSA_0",21
"entropart","QTSA_1",2.4169121326656
"entropart","QTSA_2",0.868450567536829
"entropart","QTSA_3",0.48709955343817
"EntropyEstimation","QTSA_1",2.40209520462389
"EntropyEstimation","QTSA_2",0.868462987107055
"EntropyEstimation","QTSA_3",0.487383671267365
"vegan","QTSA_0",17
"vegan","QTSA_1",2.32484210153417
"vegan","QTSA_2",0.861103131284114
"vegan","QTSA_3",0.486008793498848
"BAT","RACE",21.6407424173834
"ecodive","RACE",21.6407424173834
"fossil","RACE",19.2765957446809
"pctax","RACE",21.6407
"sprex","RACE",142.637993348501
"tabula","RACE",21.6407424173834
"vegan","RACE",21.6407424173834
"wiqid","RACE",21.6407424173834
"BiodiversityR","RBOO",18
"wiqid","RBOO",35
"BAT","RC1",19.2
"BiodiversityR","RC1",18
"biosampleR","RC1",26.2
"iNEXT","RC1",19.983
"microbiome","RC1",19.2
"pctax","RC1",19.2
"rareNMtests","RC1",18
"SpadeR","RC1",18
"SSP","RC1",17
"vegan","RC1",19.2
"BAT","RC1M",20.1481481481481
"divent","RC1M",19.9830508474576
"ecodive","RC1M",20
"entropart","RC1M",19.9830508474576
"fossil","RC1M",20
"mobr","RC1M",19.9830508474576
"OTUtable","RC1M",20
"tabula","RC1M",19.9830508474576
"wiqid","RC1M",20
"BAT","RCA2",34.8074523809524
"divDyn","RCA2",19.1333333333333
"fossil","RCA2",20
"tabula","RCA2",18
"wiqid","RCA2",18
"benthos","RHUR_2",1.86846298710708
"benthos","RHUR_3",2.63062161878638
"divent","RHUR_2",7.60242693466208
"divent","RHUR_3",7.77350482328043
"entropart","RHUR_2",1.86846298710707
"entropart","RHUR_3",2.63062161878638
"mobsim","RHUR_2",1.86846298710708
"mobsim","RHUR_3",2.63062161878638
"tabula","RHUR_2",1.86846298710754
"tabula","RHUR_3",2.63062161878787
"vegan","RHUR_2",1.86846298710708
"vegan","RHUR_3",2.63062161878638
"BAT","RICE",35.241484967714
"fossil","RICE",19.2765957446809
"tabula","RICE",18
"wiqid","RICE",18
"BAT","RJA1",22
"BiodiversityR","RJA1",18
"divent","RJA1",22
"entropart","RJA1",22
"fossil","RJA1",21.9661016949153
"SSP","RJA1",17
"tabula","RJA1",2.32484210153417
"wiqid","RJA1",22
"BAT","RJA2",22
"BiodiversityR","RJA2",18
"fossil","RJA2",21.8980153556425
"SSP","RJA2",17
"wiqid","RJA2",22
"sprex","RMM",123
"wiqid","RMM",0
"divDyn","RSQ",20.233901241698
"ecodive","RSQ",20.233901241698
"tabula","RSQ",20.233901241698
"abdiv","D1SP",0.911232404481471
"ade4","D1SP",0.911232404481471
"adiv","D1SP",0.911232404481471
"agricolae","D1SP",1
"asbio","D1SP",0.911232404481471
"BiodiversityR","D1SP",0.9112324
"biosampleR","D1SP",0.814305555555556
"breakaway","D1SP",0.911232404481471
"catsim","D1SP",0.786938775510204
"concstats","2_D1SP",0.795378151260504
"concstats","D1SP",0.973199046927016
"CUB","D1SP",0.938033357554455
"DescTools","2_D1SP",0.911232404481471
"DescTools","D1SP",0.71136590229312
"divent","D1SP",0.911232404481471
"diverse","D1SP",0.814305555555556
"ecodive","D1SP",0.911232404481471
"entropart","D1SP",0.911232404481471
"lawstat","D1SP",0.711365902293121
"MCPAN","D1SP",-1235
"microbiome","D1SP",0.911232404481471
"PCRA","D1SP",0.911232404481471
"RoughSets","D1SP",0.911232404481471
"simboot","D1SP",-1235
"sprex","D1SP",0.911232404481471
"untb","D1SP",0.919020715630885
"vegan","D1SP",0.911232404481471
"abdiv","DBRI",2.39883199192783
"ecodive","DBRI",2.39883199192783
"tabula","DBRI",2.39883199192783
"wiqid","DBRI",11.0103087378663
"BiodiversityR","DFIS",7.43062308
"ecodive","DFIS",7.431
"microbiome","DFIS",7.43062308276055
"preseqR","DFIS",7.30588505364111
"sads","DFIS",7.43062071244981
"vegan","DFIS",7.43062308276055
"custom","DGLE",4.4018839334516
"DGOO","1_1",2.65467015397119
"DGOO","1_2",0.471745338330854
"DGOO","1_3",1
"DGOO","2_1",0.200183368688025
"DGOO","2_2",1.17613483957545
"DGOO","2_3",1
"DGOO","3_1",0.021353797046753
"DGOO","3_2",0.101525805389477
"DGOO","3_3",1
"abdiv","DINVSP",11.2653721682848
"adiv","DINVSP",11.2653721682848
"asbio","DINVSP",11.2653721682848
"BiodiversityR","DINVSP",11.26537217
"breakaway","DINVSP",11.2653721682848
"chemodiv","DINVSP",11.2653721682848
"codyn","DINVSP",11.2653721682848
"divseg","DINVSP",1.08876759551853
"ecodive","DINVSP",11.2653721682848
"microbiome","DINVSP",11.2653721682848
"sprex","DINVSP",11.2653721682848
"vegan","DINVSP",11.2653721682848
"custom","DKO",0.16
"asbio","DLMD",40.4595103233749
"Compositional","DLMD",0.999958992306093
"sads","DLMD",1.28464413339449
"vegan","DLMD",23.4269519459376
"abdiv","DMC",0.77324396430413
"adiv","DMC",0.77324396430413
"agricolae","DMC",0.77324396430413
"ecodive","DMC",0.77324396430413
"forestHES","DMC",0.77324396430413
"tabula","DMC",0.77324396430413
"abdiv","DMG",4.19227041281105
"adiv","DMG",4.19227041281105
"agricolae","DMG",7.12685970177878
"ecodive","DMG",4.19227041281105
"tabula","DMG",4.19227041281105
"abdiv","DMN",1.93320669758648
"adiv","DMN",1.93320669758648
"ecodive","DMN",1.93320669758648
"tabula","DMN",1.93320669758648
"custom","DOD",177.966101694915
"abdiv","DQ",7.25543814516621
"ade4","DRAO",0.91123240448147
"BAT","DRAO",0.911232404481472
"chemodiv","DRAO",192.365782230619
"diverse","DRAO",97.0573308769132
"SYNCSA","DRAO",0.911232404481471
"abdiv","DSHA",2.65467015397119
"adiv","DSHA",2.65467015397119
"aqp","DSHA",-360.226102797736
"asbio","DSHA",2.65467015397119
"benthos","DSHA",0
"BiodiversityR","DSHA",2.65467015
"biosampleR","DSHA",2.03679127607165
"chemodiv","DSHA",2.65467015397119
"codyn","DSHA",2.65467015397119
"DescTools","DSHA",3.82987946633018
"divDyn","DSHA",2.65467015397119
"divent","DSHA",2.65467015397119
"diverse","DSHA",2.03679127607165
"ecodive","DSHA",2.65467015397119
"EconGeo","DSHA",3.83
"entropart","DSHA",2.72558554684528
"forestmangr","DSHA",3.56
"HardyWeinberg","DSHA",2.65467015397119
"iNEXT","DSHA",2.655
"MCPAN","DSHA",2.65467015397119
"microbiome","DSHA",2.65467015397119
"OTUtable","DSHA",2.65467015397119
"pgirmess","DSHA",3.82987946633018
"SpiecEasi","DSHA",2.65467015397119
"sprex","DSHA",2.65467015397119
"tabula","DSHA",2.65467015397119
"triversity","DSHA",21
"vegan","DSHA",2.65467015397119
"wavethresh","DSHA",-6218.42594045501
"wiqid","DSHA",12.3488372093023
"abdiv","DSP",0.0887675955185292
"agricolae","DSP",0.0887675955185292
"antitrust","DSP",887.675955185291
"benthos","DSP",0.0809792843691149
"breakaway","DSP",0.0887675955185292
"concstats","DSP",0.0887675955185292
"DescTools","DSP",0.0887675955185292
"diverse","DSP",0.178851540616247
"divseg","DSP",1.08876759551853
"EconGeo","DSP",0.0887675955185292
"hhi","DSP",0.0887675955185292
"ineq","DSP",0.0887675955185292
"microbiome","DSP",0.0887675955185292
"PDtoolkit","DSP",0.0887675955185292
"politics","DSP",0.0887675955185292
"REAT","DSP",0.0887675955185292
"sprex","DSP",0.0887675955185292
"tabula","DSP",0.0887675955185292
"triversity","DSP",0.0887675955185292
"wiqid","DSP",12.3488372093023
"abdiv","EBP",0.152542372881356
"agricolae","EBP",0.152542372881356
"BiodiversityR","EBP",0.15254237
"diverse","EBP",0.291666666666667
"dyvDyn","EBP",0.0285714285714286
"ecodive","EBP",0.152542372881356
"microbiome","EBP",0.152542372881356
"tabula","EBP",0.152542372881356
"triversity","EBP",0.152542372881356
"wiqid","EBP",1
"tabula","EBRI",0.872529553340764
"BAT","EBU",0.59364406779661
"microbiome","EBU",0.59364406779661
"BAT","ECAM",0.951493139628733
"microbiome","ECAM",0.483454398708636
"codyn","EEQ",0.196966154315502
"custom","EEQ",0.0146317822643353
"adiv","EEVAR",0.529661319810638
"codyn","EEVAR",0.52337991657959
"custom","EEVAR",0.529661319810638
"microbiome","EEVAR",0.529661319810638
"acid","EGIN",0.691041162227603
"DescTools","EGIN",0.691041162227603
"dplR","EGIN",0.691041162227603
"EconGeo","EGIN",0.691
"giniVarCI","EGIN",0.691041162227603
"ineq","EGIN",0.691041162227603
"microbiome","EGIN",0.691041162227602
"REAT","EGIN",0.691041162227603
"shipunov","EGIN",0.691041162227602
"wINEQ","EGIN",0.691041162227603
"adiv","EGSP",0.956794024705544
"abdiv","EHEI",0.661014738895591
"adiv","EHEI",0.661014738895591
"custom","EHUL",0.288135593220339
"benthos","EHURE",0.919020715630885
"BiodiversityR","EHURE",0.91902072
"mobr","EHURE",0.919020715630885
"vegan","EHURE",0.919020715630908
"custom","ELR",0.261567704809569
"abdiv","EMC",0.358369819712539
"tabula","EMC",0.898026545808155
"microbiome","EMN",0.288135593220339
"custom","ENHC",-0.154853991245031
"custom","EPAT",0
"abdiv","EPIE",0.871949610578746
"adiv","EPIE",0.871949610578746
"BiodiversityR","EPIE",0.87194961
"breakaway","EPIE",0.871949610578746
"chemodiv","EPIE",0.871949610578746
"diverse","EPIE",0.71889795392381
"forestmangr","EPIE",1
"microbiome","EPIE",0.871949610578746
"OTUtable","EPIE",0.871949610578746
"pctax","EPIE",0.8719
"sprex","EPIE",0.871949610578746
"tabula","EPIE",0.871949610578746
"custom","ESHE",0.677156894186277
"adiv","ESP",0.536446293727847
"codyn","ESP",0.536446293727847
"sprex","ESP",0.126412864474819
"tabula","ESP",0.536446293727847
"abdiv","EST",0.387005649717514
"adiv","QHIL_0",21
"adiv","QHIL_1",14.2202947779118
"adiv","QHIL_2",11.2653721682848
"adiv","QHIL_3",9.93440765975588
"BAT","QHIL_0",21
"BAT","QHIL_1",14.2202947779118
"BAT","QHIL_2",11.2653721682848
"BAT","QHIL_3",9.93440765975588
"benthos","QHIL_0",35
"benthos","QHIL_1",14.2202947779118
"benthos","QHIL_2",11.2653721682848
"benthos","QHIL_3",9.93440765975588
"breakaway","QHIL_0",21
"breakaway","QHIL_1",14.2202947779118
"breakaway","QHIL_2",11.2653721682848
"breakaway","QHIL_3",9.93440765975588
"chemodiv","QHIL_0",21
"chemodiv","QHIL_1",14.2202947779118
"chemodiv","QHIL_2",11.2653721682848
"chemodiv","QHIL_3",9.93440765975588
"divDyn","QHIL_2",11.2653721682848
"divent","QHIL_0",25
"divent","QHIL_1",15.2653498878608
"divent","QHIL_2",11.9241849698476
"divent","QHIL_3",10.4335023232115
"entropart","QHIL_0",25
"entropart","QHIL_1",15.2653498878608
"entropart","QHIL_2",11.9241849698476
"entropart","QHIL_3",10.4335023232114
"EntropyEstimation","QHIL_1",15.5683487765229
"EntropyEstimation","QHIL_2",12.3488372093023
"EntropyEstimation","QHIL_3",11.024810569231
"extremefit","QHIL",NA
"hilldiv","QHIL_0",21
"hilldiv","QHIL_1",14.2203391990903
"hilldiv","QHIL_2",11.2653721682848
"hilldiv","QHIL_3",9.93440765975588
"hillR","QHIL_0",21
"hillR","QHIL_1",14.2202947779118
"hillR","QHIL_2",11.2653721682848
"hillR","QHIL_3",9.93440765975588
"sprex","QHIL_0",21
"sprex","QHIL_1",14.2202947779118
"sprex","QHIL_2",11.2653721682848
"sprex","QHIL_3",9.93440765975588
"vegan","QHIL_0",21
"vegan","QHIL_1",14.2202947779118
"vegan","QHIL_2",11.2653721682848
"vegan","QHIL_3",9.93440765975588
"adiv","QREN_0",3.04452243772342
"adiv","QREN_1",2.65467015397119
"adiv","QREN_2",2.42173361091369
"adiv","QREN_3",2.29600425266176
"BiodiversityR","QREN_0",3.04452243772342
"BiodiversityR","QREN_1",2.65467015397119
"BiodiversityR","QREN_2",2.42173361091369
"BiodiversityR","QREN_3",2.29600425266176
"diverse","QREN_0",2.83321334405622
"diverse","QREN_1",2.03679127607165
"diverse","QREN_2",1.6836527279022
"diverse","QREN_3",1.55395303522293
"EntropyEstimation","QREN_1",2.74523992861786
"EntropyEstimation","QREN_2",2.51356190554837
"EntropyEstimation","QREN_3",2.40014823925614
"seewave","QREN_2",0.681152335230995
"seewave","QREN_3",0.645788887824537
"sprex","QREN_0",3.04452243772342
"sprex","QREN_1",2.65467015397119
"sprex","QREN_2",2.42173361091369
"sprex","QREN_3",2.29600425266176
"statcomp","QREN_1",0.746669554726828
"statcomp","QREN_2",0.681152328556877
"statcomp","QREN_3",0.645788882818948
"vegan","QREN_0",3.04452243772342
"vegan","QREN_1",2.65467015397119
"vegan","QREN_2",2.42173361091369
"vegan","QREN_3",2.29600425266176
"adiv","QTSA_0",20
"adiv","QTSA_1",2.65467015397119
"adiv","QTSA_2",0.911232404481471
"adiv","QTSA_3",0.494933756615818
"divent","QTSA_0",20
"divent","QTSA_1",2.65467015397119
"divent","QTSA_2",0.911232404481471
"divent","QTSA_3",0.494933756615818
"entropart","QTSA_0",24
"entropart","QTSA_1",2.72558554684528
"entropart","QTSA_2",0.916136825910645
"entropart","QTSA_3",0.495406859078356
"EntropyEstimation","QTSA_1",2.74523992861786
"EntropyEstimation","QTSA_2",0.919020715630885
"EntropyEstimation","QTSA_3",0.495886346266241
"vegan","QTSA_0",20
"vegan","QTSA_1",2.65467015397119
"vegan","QTSA_2",0.911232404481471
"vegan","QTSA_3",0.494933756615818
"BAT","RACE",24.0849758140206
"ecodive","RACE",24.0849758140206
"fossil","RACE",22.2592592592593
"pctax","RACE",24.085
"sprex","RACE",125.351434579932
"tabula","RACE",24.0849758140206
"vegan","RACE",24.0849758140206
"wiqid","RACE",24.0849758140206
"BiodiversityR","RBOO",21
"wiqid","RBOO",35
"BAT","RC1",21.8571428571429
"BiodiversityR","RC1",21
"biosampleR","RC1",22.25
"iNEXT","RC1",22.322
"microbiome","RC1",21.8571428571429
"pctax","RC1",21.8571
"rareNMtests","RC1",21
"SpadeR","RC1",21
"SSP","RC1",20
"vegan","RC1",21.8571428571429
"BAT","RC1M",22.6501457725948
"divent","RC1M",22.3220338983051
"ecodive","RC1M",22.3333333333333
"entropart","RC1M",22.3220338983051
"fossil","RC1M",22.3333333333333
"mobr","RC1M",22.3220338983051
"OTUtable","RC1M",22.3333333333333
"tabula","RC1M",22.3220338983051
"wiqid","RC1M",22.3333333333333
"BAT","RCA2",34.9205238095238
"divDyn","RCA2",21.8163265306122
"fossil","RCA2",22.3333333333333
"tabula","RCA2",21
"wiqid","RCA2",21
"benthos","RHUR_2",1.91902071563091
"benthos","RHUR_3",2.76528945436011
"divent","RHUR_2",12.3488372717887
"divent","RHUR_3",12.4391893031477
"entropart","RHUR_2",1.91902071563091
"entropart","RHUR_3",2.76528945436011
"mobsim","RHUR_2",1.91902071563091
"mobsim","RHUR_3",2.76528945436011
"tabula","RHUR_2",1.91902071563123
"tabula","RHUR_3",2.76528945436168
"vegan","RHUR_2",1.91902071563091
"vegan","RHUR_3",2.76528945436011
"BAT","RICE",35.2021501484955
"fossil","RICE",22.2592592592593
"tabula","RICE",21
"wiqid","RICE",21
"BAT","RJA1",25
"BiodiversityR","RJA1",21
"divent","RJA1",25
"entropart","RJA1",25
"fossil","RJA1",24.9661016949153
"SSP","RJA1",20
"tabula","RJA1",2.65467015397119
"wiqid","RJA1",25
"BAT","RJA2",23
"BiodiversityR","RJA2",21
"fossil","RJA2",22.9487179487179
"SSP","RJA2",20
"wiqid","RJA2",23
"sprex","RMM",125
"wiqid","RMM",0
"divDyn","RSQ",22.428901734104
"ecodive","RSQ",22.428901734104
"tabula","RSQ",22.428901734104
"abdiv","D1SP",0.873286862003781
"ade4","D1SP",0.873286862003781
"adiv","D1SP",0.873286862003781
"agricolae","D1SP",1
"asbio","D1SP",0.873286862003781
"BiodiversityR","D1SP",0.87328686
"biosampleR","D1SP",0.812723445487654
"breakaway","D1SP",0.873286862003781
"catsim","D1SP",0.777142857142857
"concstats","2_D1SP",0.795378151260504
"concstats","D1SP",0.974315092294006
"CUB","D1SP",0.898971769709774
"DescTools","2_D1SP",0.873286862003781
"DescTools","D1SP",0.763427109974425
"divent","D1SP",0.873286862003781
"diverse","D1SP",0.812723445487654
"ecodive","D1SP",0.873286862003781
"entropart","D1SP",0.873286862003781
"lawstat","D1SP",0.763427109974425
"MCPAN","D1SP",-4289
"microbiome","D1SP",0.873286862003781
"PCRA","D1SP",0.873286862003781
"RoughSets","D1SP",0.873286862003781
"simboot","D1SP",-4289
"sprex","D1SP",0.873286862003781
"untb","D1SP",0.878058921358993
"vegan","D1SP",0.873286862003781
"abdiv","DBRI",2.28373827199602
"ecodive","DBRI",2.28373827199602
"tabula","DBRI",2.28373827199602
"wiqid","DBRI",9.81329669829957
"BiodiversityR","DFIS",5.70850875
"ecodive","DFIS",5.709
"microbiome","DFIS",5.70850875190819
"preseqR","DFIS",8.81746606475383
"sads","DFIS",5.70853347776813
"vegan","DFIS",5.70850875190819
"custom","DGLE",3.83513832760423
"DGOO","1_1",2.45675319140555
"DGOO","1_2",0.450099123554517
"DGOO","1_3",1
"DGOO","2_1",0.222863720724759
"DGOO","2_2",1.04814027732257
"DGOO","2_3",1
"DGOO","3_1",0.0379002863675766
"DGOO","3_2",0.105381317754739
"DGOO","3_3",1
"abdiv","DINVSP",7.89184149184149
"adiv","DINVSP",7.89184149184149
"asbio","DINVSP",7.89184149184149
"BiodiversityR","DINVSP",7.89184149
"breakaway","DINVSP",7.89184149184149
"chemodiv","DINVSP",7.89184149184149
"codyn","DINVSP",7.89184149184149
"divseg","DINVSP",1.12671313799622
"ecodive","DINVSP",7.8918414918415
"microbiome","DINVSP",7.89184149184149
"sprex","DINVSP",7.89184149184149
"vegan","DINVSP",7.89184149184149
"custom","DKO",0.2
"asbio","DLMD",NA
"Compositional","DLMD",0.999958992306093
"sads","DLMD",1.64555943446511
"vegan","DLMD",20.9724710043177
"abdiv","DMC",0.695289535616751
"adiv","DMC",0.695289535616751
"agricolae","DMC",0.695289535616751
"ecodive","DMC",0.695289535616751
"forestHES","DMC",0.695289535616751
"tabula","DMC",0.695289535616751
"abdiv","DMG",3.64338141122401
"adiv","DMG",3.64338141122401
"agricolae","DMG",6.51973515692718
"ecodive","DMG",3.64338141122401
"tabula","DMG",3.64338141122401
"abdiv","DMN",1.47441956154897
"adiv","DMN",1.47441956154897
"ecodive","DMN",1.47441956154897
"tabula","DMN",1.47441956154897
"custom","DOD",108.695652173913
"abdiv","DQ",6.68067845080676
"ade4","DRAO",0.873286862003781
"BAT","DRAO",0.873286862003782
"chemodiv","DRAO",112.705645244785
"diverse","DRAO",58.0161930738769
"SYNCSA","DRAO",0.873286862003781
"abdiv","DSHA",2.45675319140555
"adiv","DSHA",2.45675319140555
"aqp","DSHA",-732.175801063568
"asbio","DSHA",2.45675319140555
"benthos","DSHA",0
"BiodiversityR","DSHA",2.45675319
"biosampleR","DSHA",2.23502351199203
"chemodiv","DSHA",2.45675319140555
"codyn","DSHA",2.45675319140555
"DescTools","DSHA",3.54434564592893
"divDyn","DSHA",2.45675319140555
"divent","DSHA",2.45675319140555
"diverse","DSHA",2.23502351199203
"ecodive","DSHA",2.45675319140555
"EconGeo","DSHA",3.544
"entropart","DSHA",2.51376730477155
"forestmangr","DSHA",3.56
"HardyWeinberg","DSHA",2.45675319140555
"iNEXT","DSHA",2.457
"MCPAN","DSHA",2.45675319140555
"microbiome","DSHA",2.45675319140555
"OTUtable","DSHA",2.45675319140555
"pgirmess","DSHA",3.54434564592893
"SpiecEasi","DSHA",2.45675319140555
"sprex","DSHA",2.45675319140555
"tabula","DSHA",2.45675319140555
"triversity","DSHA",20
"vegan","DSHA",2.45675319140555
"wavethresh","DSHA",-29653.6005425702
"wiqid","DSHA",8.20068192888456
"abdiv","DSP",0.126713137996219
"agricolae","DSP",0.126713137996219
"antitrust","DSP",1267.13137996219
"benthos","DSP",0.121941078641007
"breakaway","DSP",0.126713137996219
"concstats","DSP",0.126713137996219
"DescTools","DSP",0.126713137996219
"diverse","DSP",0.182551418201371
"divseg","DSP",1.12671313799622
"EconGeo","DSP",0.126713137996219
"hhi","DSP",0.126713137996219
"ineq","DSP",0.126713137996219
"microbiome","DSP",0.126713137996219
"PDtoolkit","DSP",0.126713137996219
"politics","DSP",0.126713137996219
"REAT","DSP",0.126713137996219
"sprex","DSP",0.126713137996219
"tabula","DSP",0.126713137996219
"triversity","DSP",0.126713137996219
"wiqid","DSP",8.20068192888456
"abdiv","EBP",0.277173913043478
"agricolae","EBP",0.277173913043478
"BiodiversityR","EBP",0.27717391
"diverse","EBP",0.38150289017341
"dyvDyn","EBP",0.0285714285714286
"ecodive","EBP",0.277173913043478
"microbiome","EBP",0.277173913043478
"tabula","EBP",0.277173913043478
"triversity","EBP",0.277173913043478
"wiqid","EBP",1
"tabula","EBRI",0.817798408048498
"BAT","EBU",0.560640732265446
"microbiome","EBU",0.560640732265446
"BAT","ECAM",0.94233409610984
"microbiome","ECAM",0.410597826086956
"codyn","EEQ",0.172574364165857
"custom","EEQ",0.0180490222236631
"adiv","EEVAR",0.455928196857508
"codyn","EEVAR",0.448907382811388
"custom","EEVAR",0.455928196857508
"microbiome","EEVAR",0.455928196857508
"acid","EGIN",0.741614906832298
"DescTools","EGIN",0.741614906832298
"dplR","EGIN",0.741614906832298
"EconGeo","EGIN",0.742
"giniVarCI","EGIN",0.741614906832298
"ineq","EGIN",0.741614906832298
"microbiome","EGIN",0.741614906832298
"REAT","EGIN",0.741614906832298
"shipunov","EGIN",0.741614906832298
"wINEQ","EGIN",0.741614906832298
"adiv","EGSP",0.919249328425032
"abdiv","EHEI",0.561414204486989
"adiv","EHEI",0.561414204486989
"custom","EHUL",0.41304347826087
"benthos","EHURE",0.878058921358993
"BiodiversityR","EHURE",0.87805892
"mobr","EHURE",0.878058921358993
"vegan","EHURE",0.878058921359019
"custom","ELR",0.225894819663512
"abdiv","EMC",0.396819687066379
"tabula","EMC",0.829517967361945
"microbiome","EMN",0.41304347826087
"custom","ENHC",-0.182476029184563
"custom","EPAT",0.0860931714294773
"abdiv","EPIE",0.820084362375607
"adiv","EPIE",0.820084362375607
"BiodiversityR","EPIE",0.82008436
"breakaway","EPIE",0.820084362375607
"chemodiv","EPIE",0.820084362375607
"diverse","EPIE",0.723064644280039
"forestmangr","EPIE",1
"microbiome","EPIE",0.820084362375607
"OTUtable","EPIE",0.820084362375607
"pctax","EPIE",0.8201
"sprex","EPIE",0.820084362375607
"tabula","EPIE",0.820084362375607
"custom","ESHE",0.58334349426264
"adiv","ESP",0.394592074592075
"codyn","ESP",0.394592074592075
"sprex","ESP",0.122837659570278
"tabula","ESP",0.394592074592075
"abdiv","EST",0.417391304347826
"adiv","QHIL_0",20
"adiv","QHIL_1",11.6668698852528
"adiv","QHIL_2",7.89184149184149
"adiv","QHIL_3",6.21150658910179
"BAT","QHIL_0",20
"BAT","QHIL_1",11.6668698852528
"BAT","QHIL_2",7.89184149184149
"BAT","QHIL_3",6.21150658910179
"benthos","QHIL_0",35
"benthos","QHIL_1",11.6668698852528
"benthos","QHIL_2",7.89184149184149
"benthos","QHIL_3",6.21150658910179
"breakaway","QHIL_0",20
"breakaway","QHIL_1",11.6668698852528
"breakaway","QHIL_2",7.89184149184149
"breakaway","QHIL_3",6.21150658910179
"chemodiv","QHIL_0",20
"chemodiv","QHIL_1",11.6668698852528
"chemodiv","QHIL_2",7.89184149184149
"chemodiv","QHIL_3",6.21150658910179
"divDyn","QHIL_2",7.89184149184149
"divent","QHIL_0",23
"divent","QHIL_1",12.3513739113816
"divent","QHIL_2",8.14492671998908
"divent","QHIL_3",6.36506442467024
"entropart","QHIL_0",23
"entropart","QHIL_1",12.3513739113816
"entropart","QHIL_2",8.14492671998908
"entropart","QHIL_3",6.36506442467024
"EntropyEstimation","QHIL_1",12.319368935947
"EntropyEstimation","QHIL_2",8.20068192888455
"EntropyEstimation","QHIL_3",6.41418009379833
"extremefit","QHIL",NA
"hilldiv","QHIL_0",20
"hilldiv","QHIL_1",11.6669255027775
"hilldiv","QHIL_2",7.89184149184149
"hilldiv","QHIL_3",6.21150658910179
"hillR","QHIL_0",20
"hillR","QHIL_1",11.6668698852528
"hillR","QHIL_2",7.89184149184149
"hillR","QHIL_3",6.21150658910179
"sprex","QHIL_0",20
"sprex","QHIL_1",11.6668698852528
"sprex","QHIL_2",7.89184149184149
"sprex","QHIL_3",6.21150658910179
"vegan","QHIL_0",20
"vegan","QHIL_1",11.6668698852528
"vegan","QHIL_2",7.89184149184149
"vegan","QHIL_3",6.21150658910179
"adiv","QREN_0",2.99573227355399
"adiv","QREN_1",2.45675319140555
"adiv","QREN_2",2.06582950329591
"adiv","QREN_3",1.82640347346179
"BiodiversityR","QREN_0",2.99573227355399
"BiodiversityR","QREN_1",2.45675319140555
"BiodiversityR","QREN_2",2.06582950329591
"BiodiversityR","QREN_3",1.82640347346179
"diverse","QREN_0",3.09104245335832
"diverse","QREN_1",2.23502351199203
"diverse","QREN_2",1.6751688534893
"diverse","QREN_3",1.41154098691979
"EntropyEstimation","QREN_1",2.51117273406187
"EntropyEstimation","QREN_2",2.10421731287153
"EntropyEstimation","QREN_3",1.85851117911163
"seewave","QREN_2",0.581048461042893
"seewave","QREN_3",0.513705959051708
"sprex","QREN_0",2.99573227355399
"sprex","QREN_1",2.45675319140555
"sprex","QREN_2",2.06582950329591
"sprex","QREN_3",1.82640347346179
"statcomp","QREN_1",0.691002160383804
"statcomp","QREN_2",0.581048456457027
"statcomp","QREN_3",0.513705955612309
"vegan","QREN_0",2.99573227355399
"vegan","QREN_1",2.45675319140555
"vegan","QREN_2",2.06582950329591
"vegan","QREN_3",1.82640347346179
"adiv","QTSA_0",19
"adiv","QTSA_1",2.45675319140555
"adiv","QTSA_2",0.873286862003781
"adiv","QTSA_3",0.487040862322265
"divent","QTSA_0",19
"divent","QTSA_1",2.45675319140555
"divent","QTSA_2",0.873286862003781
"divent","QTSA_3",0.487040862322265
"entropart","QTSA_0",22
"entropart","QTSA_1",2.51376730477155
"entropart","QTSA_2",0.877224186984295
"entropart","QTSA_3",0.487658600902647
"EntropyEstimation","QTSA_1",2.51117273406187
"EntropyEstimation","QTSA_2",0.878058921358992
"EntropyEstimation","QTSA_3",0.487846882269548
"vegan","QTSA_0",19
"vegan","QTSA_1",2.45675319140555
"vegan","QTSA_2",0.873286862003781
"vegan","QTSA_3",0.487040862322265
"BAT","RACE",21.4903104098782
"ecodive","RACE",21.4903104098782
"fossil","RACE",20.8571428571429
"pctax","RACE",21.4903
"sprex","RACE",184.644082539699
"tabula","RACE",21.4903104098782
"vegan","RACE",21.4903104098782
"wiqid","RACE",21.4903104098782
"BiodiversityR","RBOO",20
"wiqid","RBOO",35
"BAT","RC1",21
"BiodiversityR","RC1",20
"biosampleR","RC1",29
"iNEXT","RC1",22.238
"microbiome","RC1",21
"pctax","RC1",21
"rareNMtests","RC1",20
"SpadeR","RC1",20
"SSP","RC1",19
"vegan","RC1",21
"BAT","RC1M",21.4725
"divent","RC1M",22.2377717391304
"ecodive","RC1M",22.25
"entropart","RC1M",22.2377717391304
"fossil","RC1M",22.25
"mobr","RC1M",22.2377717391304
"OTUtable","RC1M",22.25
"tabula","RC1M",22.2377717391304
"wiqid","RC1M",22.25
"BAT","RCA2",34.9744166666667
"divDyn","RCA2",20.95
"fossil","RCA2",22.25
"tabula","RCA2",20
"wiqid","RCA2",20
"benthos","RHUR_2",1.87805892135902
"benthos","RHUR_3",2.65848299953793
"divent","RHUR_2",8.20068196173713
"divent","RHUR_3",8.43729162670695
"entropart","RHUR_2",1.87805892135902
"entropart","RHUR_3",2.65848299953794
"mobsim","RHUR_2",1.87805892135902
"mobsim","RHUR_3",2.65848299953793
"tabula","RHUR_2",1.87816098368763
"tabula","RHUR_3",2.65851806578715
"vegan","RHUR_2",1.87805892135902
"vegan","RHUR_3",2.65848299953793
"BAT","RICE",35.1783439832917
"fossil","RICE",20.8571428571429
"tabula","RICE",20
"wiqid","RICE",20
"BAT","RJA1",23
"BiodiversityR","RJA1",20
"divent","RJA1",23
"entropart","RJA1",23
"fossil","RJA1",22.9836956521739
"SSP","RJA1",19
"tabula","RJA1",2.45675319140555
"wiqid","RJA1",23
"BAT","RJA2",24
"BiodiversityR","RJA2",20
"fossil","RJA2",23.9347232121644
"SSP","RJA2",19
"wiqid","RJA2",24
"sprex","RMM",200
"wiqid","RMM",0
"divDyn","RSQ",21.14244289265
"ecodive","RSQ",21.14244289265
"tabula","RSQ",21.14244289265
"abdiv","D1SP",0.840382789100738
"ade4","D1SP",0.840382789100738
"adiv","D1SP",0.840382789100738
"agricolae","D1SP",1
"asbio","D1SP",0.840382789100738
"BiodiversityR","D1SP",0.84038279
"biosampleR","D1SP",0.859832805778752
"breakaway","D1SP",0.840382789100738
"catsim","D1SP",0.671020408163265
"concstats","2_D1SP",0.795378151260504
"concstats","D1SP",0.975282859144096
"CUB","D1SP",0.865099929956642
"DescTools","2_D1SP",0.840382789100738
"DescTools","D1SP",0.837606837606838
"divent","D1SP",0.840382789100738
"diverse","D1SP",0.859832805778752
"ecodive","D1SP",0.840382789100738
"entropart","D1SP",0.840382789100738
"lawstat","D1SP",0.837606837606838
"MCPAN","D1SP",-2184
"microbiome","D1SP",0.840382789100738
"PCRA","D1SP",0.840382789100738
"RoughSets","D1SP",0.840382789100738
"simboot","D1SP",-2184
"sprex","D1SP",0.840382789100738
"untb","D1SP",0.847627468317123
"vegan","D1SP",0.840382789100738
"abdiv","DBRI",1.9573675945012
"ecodive","DBRI",1.9573675945012
"tabula","DBRI",1.9573675945012
"wiqid","DBRI",7.08066333358498
"BiodiversityR","DFIS",5.0121214
"ecodive","DFIS",5.012
"microbiome","DFIS",5.01212140467503
"preseqR","DFIS",9.48219272106296
"sads","DFIS",5.0121210051325
"vegan","DFIS",5.01212140467503
"custom","DGLE",3.35981008234205
"DGOO","1_1",2.14817426119648
"DGOO","1_2",0.465448928413154
"DGOO","1_3",1
"DGOO","2_1",0.261677662192191
"DGOO","2_2",0.932091030495518
"DGOO","2_3",1
"DGOO","3_1",0.0504866133482721
"DGOO","3_2",0.128299414839335
"DGOO","3_3",1
"abdiv","DINVSP",6.2649885583524
"adiv","DINVSP",6.2649885583524
"asbio","DINVSP",6.2649885583524
"BiodiversityR","DINVSP",6.26498856
"breakaway","DINVSP",6.2649885583524
"chemodiv","DINVSP",6.2649885583524
"codyn","DINVSP",6.2649885583524
"divseg","DINVSP",1.15961721089926
"ecodive","DINVSP",6.2649885583524
"microbiome","DINVSP",6.2649885583524
"sprex","DINVSP",6.2649885583524
"vegan","DINVSP",6.2649885583524
"custom","DKO",0.36
"asbio","DLMD",25.8369829157571
"Compositional","DLMD",0.999958992306093
"sads","DLMD",1.29152258389546
"vegan","DLMD",38.1112373004063
"abdiv","DMC",0.661648167642519
"adiv","DMC",0.661648167642519
"agricolae","DMC",0.661648167642519
"ecodive","DMC",0.661648167642519
"forestHES","DMC",0.661648167642519
"tabula","DMC",0.661648167642519
"abdiv","DMG",3.14982195219567
"adiv","DMG",3.14982195219567
"agricolae","DMG",7.13959642497685
"ecodive","DMG",3.14982195219567
"tabula","DMG",3.14982195219567
"abdiv","DMN",1.47920052326728
"adiv","DMN",1.47920052326728
"ecodive","DMN",1.47920052326728
"tabula","DMN",1.47920052326728
"custom","DOD",136.752136752137
"abdiv","DQ",0
"ade4","DRAO",0.840382789100738
"BAT","DRAO",0.840382789100738
"chemodiv","DRAO",113.698120762725
"diverse","DRAO",65.204450185134
"SYNCSA","DRAO",0.840382789100738
"abdiv","DSHA",2.14817426119648
"adiv","DSHA",2.14817426119648
"aqp","DSHA",-441.230910820822
"asbio","DSHA",2.14817426119648
"benthos","DSHA",0
"BiodiversityR","DSHA",2.14817426
"biosampleR","DSHA",2.32674415127102
"chemodiv","DSHA",2.14817426119648
"codyn","DSHA",2.14817426119648
"DescTools","DSHA",3.09916035359347
"divDyn","DSHA",2.14817426119648
"divent","DSHA",2.14817426119648
"diverse","DSHA",2.32674415127102
"ecodive","DSHA",2.14817426119648
"EconGeo","DSHA",3.099
"entropart","DSHA",2.23733028444441
"forestmangr","DSHA",3.56
"HardyWeinberg","DSHA",2.14817426119648
"iNEXT","DSHA",2.148
"MCPAN","DSHA",2.14817426119648
"microbiome","DSHA",2.14817426119648
"OTUtable","DSHA",2.14817426119648
"pgirmess","DSHA",3.09916035359347
"SpiecEasi","DSHA",2.14817426119648
"sprex","DSHA",2.14817426119648
"tabula","DSHA",2.14817426119648
"triversity","DSHA",16
"vegan","DSHA",2.14817426119648
"wavethresh","DSHA",-13646.4890595684
"wiqid","DSHA",6.56286266924565
"abdiv","DSP",0.159617210899262
"agricolae","DSP",0.159617210899262
"antitrust","DSP",1596.17210899262
"benthos","DSP",0.152372531682877
"breakaway","DSP",0.159617210899262
"concstats","DSP",0.159617210899262
"DescTools","DSP",0.159617210899262
"diverse","DSP",0.132350532350532
"divseg","DSP",1.15961721089926
"EconGeo","DSP",0.159617210899262
"hhi","DSP",0.159617210899262
"ineq","DSP",0.159617210899262
"microbiome","DSP",0.159617210899262
"PDtoolkit","DSP",0.159617210899262
"politics","DSP",0.159617210899262
"REAT","DSP",0.159617210899262
"sprex","DSP",0.159617210899262
"tabula","DSP",0.159617210899262
"triversity","DSP",0.159617210899262
"wiqid","DSP",6.56286266924565
"abdiv","EBP",0.264957264957265
"agricolae","EBP",0.264957264957265
"BiodiversityR","EBP",0.26495726
"diverse","EBP",0.27027027027027
"dyvDyn","EBP",0.0285714285714286
"ecodive","EBP",0.264957264957265
"microbiome","EBP",0.264957264957265
"tabula","EBP",0.264957264957265
"triversity","EBP",0.264957264957265
"wiqid","EBP",1
"tabula","EBRI",0.771928130214943
"BAT","EBU",0.476353276353276
"microbiome","EBU",0.476353276353276
"BAT","ECAM",0.921011396011396
"microbiome","ECAM",0.368055555555556
"codyn","EEQ",0.165408997164553
"custom","EEQ",0.0294545930483513
"adiv","EEVAR",0.411898089160098
"codyn","EEVAR",0.401067351879352
"custom","EEVAR",0.411898089160098
"microbiome","EEVAR",0.411898089160098
"acid","EGIN",0.813675213675214
"DescTools","EGIN",0.813675213675214
"dplR","EGIN",0.813675213675214
"EconGeo","EGIN",0.814
"giniVarCI","EGIN",0.813675213675214
"ineq","EGIN",0.813675213675214
"microbiome","EGIN",0.813675213675214
"REAT","EGIN",0.813675213675214
"shipunov","EGIN",0.813675213675214
"wINEQ","EGIN",0.813675213675214
"adiv","EGSP",0.89640830837412
"abdiv","EHEI",0.504613265828351
"adiv","EHEI",0.504613265828351
"custom","EHUL",0.47008547008547
"benthos","EHURE",0.847627468317123
"BiodiversityR","EHURE",0.84762747
"mobr","EHURE",0.847627468317123
"vegan","EHURE",0.847627468317143
"custom","ELR",0.210162142318726
"abdiv","EMC",0.457944346272078
"tabula","EMC",0.800638363873721
"microbiome","EMN",0.47008547008547
"custom","ENHC",-0.240097051390768
"custom","EPAT",0.22032390331636
"abdiv","EPIE",0.774790088398368
"adiv","EPIE",0.774790088398368
"BiodiversityR","EPIE",0.77479009
"breakaway","EPIE",0.774790088398368
"chemodiv","EPIE",0.774790088398368
"diverse","EPIE",0.804998230734374
"forestmangr","EPIE",1
"microbiome","EPIE",0.774790088398368
"OTUtable","EPIE",0.774790088398368
"pctax","EPIE",0.7748
"sprex","EPIE",0.774790088398368
"tabula","EPIE",0.774790088398368
"custom","ESHE",0.535574936714079
"adiv","ESP",0.391561784897025
"codyn","ESP",0.391561784897025
"sprex","ESP",0.13426089132478
"tabula","ESP",0.391561784897025
"abdiv","EST",0.490918803418803
"adiv","QHIL_0",16
"adiv","QHIL_1",8.56919898742526
"adiv","QHIL_2",6.2649885583524
"adiv","QHIL_3",5.46261832665698
"BAT","QHIL_0",16
"BAT","QHIL_1",8.56919898742526
"BAT","QHIL_2",6.2649885583524
"BAT","QHIL_3",5.46261832665698
"benthos","QHIL_0",35
"benthos","QHIL_1",8.56919898742526
"benthos","QHIL_2",6.2649885583524
"benthos","QHIL_3",5.46261832665698
"breakaway","QHIL_0",16
"breakaway","QHIL_1",8.56919898742526
"breakaway","QHIL_2",6.2649885583524
"breakaway","QHIL_3",5.46261832665698
"chemodiv","QHIL_0",16
"chemodiv","QHIL_1",8.56919898742526
"chemodiv","QHIL_2",6.2649885583524
"chemodiv","QHIL_3",5.46261832665698
"divDyn","QHIL_2",6.2649885583524
"divent","QHIL_0",20
"divent","QHIL_1",9.36828720994241
"divent","QHIL_2",6.56232122522157
"divent","QHIL_3",5.64733595814882
"entropart","QHIL_0",20
"entropart","QHIL_1",9.36828720994241
"entropart","QHIL_2",6.56232122522157
"entropart","QHIL_3",5.64733595814881
"EntropyEstimation","QHIL_1",9.18118664321045
"EntropyEstimation","QHIL_2",6.56286266924564
"EntropyEstimation","QHIL_3",5.74118685974776
"extremefit","QHIL",NA
"hilldiv","QHIL_0",16
"hilldiv","QHIL_1",8.56923922153426
"hilldiv","QHIL_2",6.2649885583524
"hilldiv","QHIL_3",5.46261832665698
"hillR","QHIL_0",16
"hillR","QHIL_1",8.56919898742526
"hillR","QHIL_2",6.2649885583524
"hillR","QHIL_3",5.46261832665698
"sprex","QHIL_0",16
"sprex","QHIL_1",8.56919898742526
"sprex","QHIL_2",6.2649885583524
"sprex","QHIL_3",5.46261832665698
"vegan","QHIL_0",16
"vegan","QHIL_1",8.56919898742526
"vegan","QHIL_2",6.2649885583524
"vegan","QHIL_3",5.46261832665698
"adiv","QREN_0",2.77258872223978
"adiv","QREN_1",2.14817426119648
"adiv","QREN_2",1.83497676206582
"adiv","QREN_3",1.69792822181767
"BiodiversityR","QREN_0",2.77258872223978
"BiodiversityR","QREN_1",2.14817426119648
"BiodiversityR","QREN_2",1.83497676206582
"BiodiversityR","QREN_3",1.69792822181767
"diverse","QREN_0",2.89037175789616
"diverse","QREN_1",2.32674415127102
"diverse","QREN_2",1.96491932447799
"diverse","QREN_3",1.77255855055938
"EntropyEstimation","QREN_1",2.21715646024481
"EntropyEstimation","QREN_2",1.8814268902758
"EntropyEstimation","QREN_3",1.74766595894841
"seewave","QREN_2",0.516117342889838
"seewave","QREN_3",0.477570189137922
"sprex","QREN_0",2.77258872223978
"sprex","QREN_1",2.14817426119648
"sprex","QREN_2",1.83497676206582
"sprex","QREN_3",1.69792822181767
"statcomp","QREN_1",0.604209271228584
"statcomp","QREN_2",0.51611733375469
"statcomp","QREN_3",0.47757018228656
"vegan","QREN_0",2.77258872223978
"vegan","QREN_1",2.14817426119648
"vegan","QREN_2",1.83497676206582
"vegan","QREN_3",1.69792822181767
"adiv","QTSA_0",15
"adiv","QTSA_1",2.14817426119648
"adiv","QTSA_2",0.840382789100738
"adiv","QTSA_3",0.483244079562291
"divent","QTSA_0",15
"divent","QTSA_1",2.14817426119648
"divent","QTSA_2",0.840382789100738
"divent","QTSA_3",0.483244079562291
"entropart","QTSA_0",19
"entropart","QTSA_1",2.23733028444441
"entropart","QTSA_2",0.847614896363712
"entropart","QTSA_3",0.484322285362144
"EntropyEstimation","QTSA_1",2.21715646024481
"EntropyEstimation","QTSA_2",0.847627468317123
"EntropyEstimation","QTSA_3",0.484830661592281
"vegan","QTSA_0",15
"vegan","QTSA_1",2.14817426119648
"vegan","QTSA_2",0.840382789100738
"vegan","QTSA_3",0.483244079562291
"BAT","RACE",19.7168724279835
"ecodive","RACE",19.7168724279835
"fossil","RACE",17.7777777777778
"pctax","RACE",19.7169
"sprex","RACE",118.566056159088
"tabula","RACE",19.7168724279835
"vegan","RACE",19.7168724279835
"wiqid","RACE",19.7168724279835
"BiodiversityR","RBOO",16
"wiqid","RBOO",35
"BAT","RC1",17.2
"BiodiversityR","RC1",16
"biosampleR","RC1",20.5
"iNEXT","RC1",17.983
"microbiome","RC1",17.2
"pctax","RC1",17.2
"rareNMtests","RC1",16
"SpadeR","RC1",16
"SSP","RC1",15
"vegan","RC1",17.2
"BAT","RC1M",18.275
"divent","RC1M",17.982905982906
"ecodive","RC1M",18
"entropart","RC1M",17.982905982906
"fossil","RC1M",18
"mobr","RC1M",17.982905982906
"OTUtable","RC1M",18
"tabula","RC1M",17.982905982906
"wiqid","RC1M",18
"BAT","RCA2",35.04025
"divDyn","RCA2",17.125
"fossil","RCA2",18
"tabula","RCA2",16
"wiqid","RCA2",16
"benthos","RHUR_2",1.84762746831714
"benthos","RHUR_3",2.57322108176678
"divent","RHUR_2",6.56283832297095
"divent","RHUR_3",6.67856755991917
"entropart","RHUR_2",1.84762746831714
"entropart","RHUR_3",2.57322108176677
"mobsim","RHUR_2",1.84762746831714
"mobsim","RHUR_3",2.57322108176678
"tabula","RHUR_2",1.84762746831834
"tabula","RHUR_3",2.57322108176717
"vegan","RHUR_2",1.84762746831714
"vegan","RHUR_3",2.57322108176678
"BAT","RICE",35.1996591457928
"fossil","RICE",17.7777777777778
"tabula","RICE",16
"wiqid","RICE",16
"BAT","RJA1",20
"BiodiversityR","RJA1",16
"divent","RJA1",20
"entropart","RJA1",20
"fossil","RJA1",19.965811965812
"SSP","RJA1",15
"tabula","RJA1",2.14817426119648
"wiqid","RJA1",20
"BAT","RJA2",20
"BiodiversityR","RJA2",16
"fossil","RJA2",19.8971411730032
"SSP","RJA2",15
"wiqid","RJA2",20
"sprex","RMM",126
"wiqid","RMM",0
"divDyn","RSQ",18.565871559633
"ecodive","RSQ",18.565871559633
"tabula","RSQ",18.565871559633
"abdiv","D1SP",0.755949161709032
"ade4","D1SP",0.755949161709032
"adiv","D1SP",0.755949161709032
"agricolae","D1SP",1
"asbio","D1SP",0.755949161709032
"BiodiversityR","D1SP",0.75594916
"biosampleR","D1SP",0.758866975083191
"breakaway","D1SP",0.755949161709032
"catsim","D1SP",0.60734693877551
"concstats","2_D1SP",0.795378151260504
"concstats","D1SP",0.977766201126205
"CUB","D1SP",0.778182960582827
"DescTools","2_D1SP",0.755949161709032
"DescTools","D1SP",0.899452804377565
"divent","D1SP",0.755949161709032
"diverse","D1SP",0.758866975083191
"ecodive","D1SP",0.755949161709032
"entropart","D1SP",0.755949161709032
"lawstat","D1SP",0.899452804377565
"MCPAN","D1SP",-7219
"microbiome","D1SP",0.755949161709032
"PCRA","D1SP",0.755949161709032
"RoughSets","D1SP",0.755949161709032
"simboot","D1SP",-7219
"sprex","D1SP",0.755949161709032
"untb","D1SP",0.760369917040664
"vegan","D1SP",0.755949161709032
"abdiv","DBRI",1.63537996958731
"ecodive","DBRI",1.63537996958731
"tabula","DBRI",1.63537996958731
"wiqid","DBRI",5.13140740539989
"BiodiversityR","DFIS",3.60198351
"ecodive","DFIS",3.602
"microbiome","DFIS",3.60198351312689
"preseqR","DFIS",12.5954937449575
"sads","DFIS",3.60199852817939
"vegan","DFIS",3.60198351312689
"custom","DGLE",2.71976979539504
"DGOO","1_1",1.75099521105059
"DGOO","1_2",0.415017244573802
"DGOO","1_3",1
"DGOO","2_1",0.294962634221393
"DGOO","2_2",0.709666786898798
"DGOO","2_3",1
"DGOO","3_1",0.0839350047726514
"DGOO","3_2",0.124156807138226
"DGOO","3_3",1
"abdiv","DINVSP",4.09750692520776
"adiv","DINVSP",4.09750692520776
"asbio","DINVSP",4.09750692520776
"BiodiversityR","DINVSP",4.09750693
"breakaway","DINVSP",4.09750692520776
"chemodiv","DINVSP",4.09750692520776
"codyn","DINVSP",4.09750692520776
"divseg","DINVSP",1.24405083829097
"ecodive","DINVSP",4.09750692520776
"microbiome","DINVSP",4.09750692520776
"sprex","DINVSP",4.09750692520776
"vegan","DINVSP",4.09750692520776
"custom","DKO",0.44
"asbio","DLMD",20.9797289751479
"Compositional","DLMD",0.999958992306093
"sads","DLMD",1.42368448569112
"vegan","DLMD",32.3903550601577
"abdiv","DMC",0.547750571220132
"adiv","DMC",0.547750571220132
"agricolae","DMC",0.547750571220132
"ecodive","DMC",0.547750571220132
"forestHES","DMC",0.547750571220132
"tabula","DMC",0.547750571220132
"abdiv","DMG",2.52550052429539
"adiv","DMG",2.52550052429539
"agricolae","DMG",6.60515521738794
"ecodive","DMG",2.52550052429539
"tabula","DMG",2.52550052429539
"abdiv","DMN",1.06748999232823
"adiv","DMN",1.06748999232823
"ecodive","DMN",1.06748999232823
"tabula","DMN",1.06748999232823
"custom","DOD",81.3953488372093
"abdiv","DQ",0
"ade4","DRAO",0.755949161709032
"BAT","DRAO",0.755949161709032
"chemodiv","DRAO",109.199482498383
"diverse","DRAO",49.6659951022685
"SYNCSA","DRAO",0.755949161709032
"abdiv","DSHA",1.75099521105059
"adiv","DSHA",1.75099521105059
"aqp","DSHA",-842.819375301043
"asbio","DSHA",1.75099521105059
"benthos","DSHA",0
"BiodiversityR","DSHA",1.75099521
"biosampleR","DSHA",1.64167062992938
"chemodiv","DSHA",1.75099521105059
"codyn","DSHA",1.75099521105059
"DescTools","DSHA",2.52615210760301
"divDyn","DSHA",1.75099521105059
"divent","DSHA",1.75099521105059
"diverse","DSHA",1.64167062992938
"ecodive","DSHA",1.75099521105059
"EconGeo","DSHA",2.526
"entropart","DSHA",1.83401359198298
"forestmangr","DSHA",3.56
"HardyWeinberg","DSHA",1.75099521105059
"iNEXT","DSHA",1.751
"MCPAN","DSHA",1.75099521105059
"microbiome","DSHA",1.75099521105059
"OTUtable","DSHA",1.75099521105059
"pgirmess","DSHA",2.52615210760301
"SpiecEasi","DSHA",1.75099521105059
"sprex","DSHA",1.75099521105059
"tabula","DSHA",1.75099521105059
"triversity","DSHA",14
"vegan","DSHA",1.75099521105059
"wavethresh","DSHA",-56877.4711035749
"wiqid","DSHA",4.17309875141884
"abdiv","DSP",0.244050838290968
"agricolae","DSP",0.244050838290968
"antitrust","DSP",2440.50838290968
"benthos","DSP",0.239630082959336
"breakaway","DSP",0.244050838290968
"concstats","DSP",0.244050838290968
"DescTools","DSP",0.244050838290968
"diverse","DSP",0.234234234234234
"divseg","DSP",1.24405083829097
"EconGeo","DSP",0.244050838290968
"hhi","DSP",0.244050838290968
"ineq","DSP",0.244050838290968
"microbiome","DSP",0.244050838290968
"PDtoolkit","DSP",0.244050838290968
"politics","DSP",0.244050838290968
"REAT","DSP",0.244050838290968
"sprex","DSP",0.244050838290968
"tabula","DSP",0.244050838290968
"triversity","DSP",0.244050838290968
"wiqid","DSP",4.17309875141884
"abdiv","EBP",0.401162790697674
"agricolae","EBP",0.401162790697674
"BiodiversityR","EBP",0.40116279
"diverse","EBP",0.378378378378378
"dyvDyn","EBP",0.0285714285714286
"ecodive","EBP",0.401162790697674
"microbiome","EBP",0.401162790697674
"tabula","EBP",0.401162790697674
"triversity","EBP",0.401162790697674
"wiqid","EBP",1
"tabula","EBRI",0.659085287331253
"BAT","EBU",0.368515205724508
"microbiome","EBU",0.368515205724508
"BAT","ECAM",0.894709941221569
"microbiome","ECAM",0.42358803986711
"codyn","EEQ",0.138465856014557
"custom","EEQ",0.0464981148192884
"adiv","EEVAR",0.286741939884118
"codyn","EEVAR",0.275642718375239
"custom","EEVAR",0.286741939884118
"microbiome","EEVAR",0.286741939884118
"acid","EGIN",0.87375415282392
"DescTools","EGIN",0.87375415282392
"dplR","EGIN",0.87375415282392
"EconGeo","EGIN",0.874
"giniVarCI","EGIN",0.87375415282392
"ineq","EGIN",0.87375415282392
"microbiome","EGIN",0.87375415282392
"REAT","EGIN",0.87375415282392
"shipunov","EGIN",0.87375415282392
"wINEQ","EGIN",0.87375415282392
"adiv","EGSP",0.814099097225111
"abdiv","EHEI",0.366179428533469
"adiv","EHEI",0.366179428533469
"custom","EHUL",0.622093023255814
"benthos","EHURE",0.760369917040664
"BiodiversityR","EHURE",0.76036992
"mobr","EHURE",0.760369917040664
"vegan","EHURE",0.760369917040636
"custom","ELR",0.16300830208902
"abdiv","EMC",0.534268835052029
"tabula","EMC",0.690539399111038
"microbiome","EMN",0.622093023255814
"custom","ENHC",-0.337489917506753
"custom","EPAT",0.393095370749659
"abdiv","EPIE",0.663492676495157
"adiv","EPIE",0.663492676495157
"BiodiversityR","EPIE",0.66349268
"breakaway","EPIE",0.663492676495157
"chemodiv","EPIE",0.663492676495157
"diverse","EPIE",0.747156502281455
"forestmangr","EPIE",1
"microbiome","EPIE",0.663492676495157
"OTUtable","EPIE",0.663492676495157
"pctax","EPIE",0.6635
"sprex","EPIE",0.663492676495157
"tabula","EPIE",0.663492676495157
"custom","ESHE",0.411452326495364
"adiv","ESP",0.292679066086268
"codyn","ESP",0.292679066086268
"sprex","ESP",0.125071086503614
"tabula","ESP",0.292679066086268
"abdiv","EST",0.586378737541528
"adiv","QHIL_0",14
"adiv","QHIL_1",5.76033257093509
"adiv","QHIL_2",4.09750692520776
"adiv","QHIL_3",3.54427678709851
"BAT","QHIL_0",14
"BAT","QHIL_1",5.76033257093509
"BAT","QHIL_2",4.09750692520776
"BAT","QHIL_3",3.54427678709851
"benthos","QHIL_0",35
"benthos","QHIL_1",5.76033257093509
"benthos","QHIL_2",4.09750692520776
"benthos","QHIL_3",3.54427678709851
"breakaway","QHIL_0",14
"breakaway","QHIL_1",5.76033257093509
"breakaway","QHIL_2",4.09750692520776
"breakaway","QHIL_3",3.54427678709851
"chemodiv","QHIL_0",14
"chemodiv","QHIL_1",5.76033257093509
"chemodiv","QHIL_2",4.09750692520776
"chemodiv","QHIL_3",3.54427678709851
"divDyn","QHIL_2",4.09750692520776
"divent","QHIL_0",19
"divent","QHIL_1",6.25895721387522
"divent","QHIL_2",4.17112859449507
"divent","QHIL_3",3.56995951066889
"entropart","QHIL_0",19
"entropart","QHIL_1",6.25895721387522
"entropart","QHIL_2",4.17112859449507
"entropart","QHIL_3",3.56995951066889
"EntropyEstimation","QHIL_1",6.00055233328245
"EntropyEstimation","QHIL_2",4.17309875141884
"EntropyEstimation","QHIL_3",3.60961000460013
"extremefit","QHIL",NA
"hilldiv","QHIL_0",14
"hilldiv","QHIL_1",5.7603648302836
"hilldiv","QHIL_2",4.09750692520776
"hilldiv","QHIL_3",3.54427678709851
"hillR","QHIL_0",14
"hillR","QHIL_1",5.76033257093509
"hillR","QHIL_2",4.09750692520776
"hillR","QHIL_3",3.54427678709851
"sprex","QHIL_0",14
"sprex","QHIL_1",5.76033257093509
"sprex","QHIL_2",4.09750692520776
"sprex","QHIL_3",3.54427678709851
"vegan","QHIL_0",14
"vegan","QHIL_1",5.76033257093509
"vegan","QHIL_2",4.09750692520776
"vegan","QHIL_3",3.54427678709851
"adiv","QREN_0",2.63905732961526
"adiv","QREN_1",1.75099521105059
"adiv","QREN_2",1.41037872174003
"adiv","QREN_3",1.26533412989027
"BiodiversityR","QREN_0",2.63905732961526
"BiodiversityR","QREN_1",1.75099521105059
"BiodiversityR","QREN_2",1.41037872174003
"BiodiversityR","QREN_3",1.26533412989027
"diverse","QREN_0",2.19722457733622
"diverse","QREN_1",1.64167062992938
"diverse","QREN_2",1.42240652716206
"diverse","QREN_3",1.31217638368217
"EntropyEstimation","QREN_1",1.79185152053828
"EntropyEstimation","QREN_2",1.4286588657001
"EntropyEstimation","QREN_3",1.28359973454219
"seewave","QREN_2",0.396692172402327
"seewave","QREN_3",0.355895998456518
"sprex","QREN_0",2.63905732961526
"sprex","QREN_1",1.75099521105059
"sprex","QREN_2",1.41037872174003
"sprex","QREN_3",1.26533412989027
"statcomp","QREN_1",0.49249614405321
"statcomp","QREN_2",0.396692165534194
"statcomp","QREN_3",0.355895993305418
"vegan","QREN_0",2.63905732961526
"vegan","QREN_1",1.75099521105059
"vegan","QREN_2",1.41037872174003
"vegan","QREN_3",1.26533412989027
"adiv","QTSA_0",13
"adiv","QTSA_1",1.75099521105059
"adiv","QTSA_2",0.755949161709032
"adiv","QTSA_3",0.460197097425384
"divent","QTSA_0",13
"divent","QTSA_1",1.75099521105059
"divent","QTSA_2",0.755949161709032
"divent","QTSA_3",0.460197097425384
"entropart","QTSA_0",18
"entropart","QTSA_1",1.83401359198298
"entropart","QTSA_2",0.760256732118072
"entropart","QTSA_3",0.460767731269584
"EntropyEstimation","QTSA_1",1.79185152053828
"EntropyEstimation","QTSA_2",0.760369917040664
"EntropyEstimation","QTSA_3",0.461624907000744
"vegan","QTSA_0",13
"vegan","QTSA_1",1.75099521105059
"vegan","QTSA_2",0.755949161709032
"vegan","QTSA_3",0.460197097425384
"BAT","RACE",18.4455429230516
"ecodive","RACE",18.4455429230516
"fossil","RACE",16.9411764705882
"pctax","RACE",18.4455
"sprex","RACE",172.814588349805
"tabula","RACE",18.4455429230516
"vegan","RACE",18.4455429230516
"wiqid","RACE",18.4455429230516
"BiodiversityR","RBOO",14
"wiqid","RBOO",35
"BAT","RC1",19
"BiodiversityR","RC1",14
"biosampleR","RC1",9.33333333333333
"iNEXT","RC1",26.427
"microbiome","RC1",19
"pctax","RC1",19
"rareNMtests","RC1",14
"SpadeR","RC1",14
"SSP","RC1",13
"vegan","RC1",19
"BAT","RC1M",21.4234693877551
"divent","RC1M",26.4273255813953
"ecodive","RC1M",26.5
"entropart","RC1M",26.4273255813953
"fossil","RC1M",26.5
"mobr","RC1M",26.4273255813954
"OTUtable","RC1M",26.5
"tabula","RC1M",26.4273255813954
"wiqid","RC1M",26.5
"BAT","RCA2",34.9593333333333
"divDyn","RCA2",18.6428571428571
"fossil","RCA2",26.5
"tabula","RCA2",14
"wiqid","RCA2",14
"benthos","RHUR_2",1.76036991704064
"benthos","RHUR_3",2.35785993712046
"divent","RHUR_2",4.17309667957312
"divent","RHUR_3",4.31060800057009
"entropart","RHUR_2",1.76036991704063
"entropart","RHUR_3",2.35785993712046
"mobsim","RHUR_2",1.76036991704064
"mobsim","RHUR_3",2.35785993712046
"tabula","RHUR_2",1.7606229164185
"tabula","RHUR_3",2.35795237158821
"vegan","RHUR_2",1.76036991704064
"vegan","RHUR_3",2.35785993712046
"BAT","RICE",35.2225545740519
"fossil","RICE",16.9411764705882
"tabula","RICE",14
"wiqid","RICE",14
"BAT","RJA1",19
"BiodiversityR","RJA1",14
"divent","RJA1",19
"entropart","RJA1",19
"fossil","RJA1",18.9709302325581
"SSP","RJA1",13
"tabula","RJA1",1.75099521105059
"wiqid","RJA1",19
"BAT","RJA2",23
"BiodiversityR","RJA2",14
"fossil","RJA2",22.842989256086
"SSP","RJA2",13
"wiqid","RJA2",23
"sprex","RMM",186
"wiqid","RMM",0
"divDyn","RSQ",20.1157416819137
"ecodive","RSQ",20.1157416819137
"tabula","RSQ",20.1157416819137
"abdiv","D1SP",0.85230909922268
"ade4","D1SP",0.85230909922268
"adiv","D1SP",0.85230909922268
"agricolae","D1SP",1
"asbio","D1SP",0.85230909922268
"BiodiversityR","D1SP",0.8523091
"biosampleR","D1SP",0.741299572204879
"breakaway","D1SP",0.85230909922268
"catsim","D1SP",0.643265306122449
"concstats","2_D1SP",0.795378151260504
"concstats","D1SP",0.97493208531698
"CUB","D1SP",0.8773770139057
"DescTools","2_D1SP",0.85230909922268
"DescTools","D1SP",0.818445896877269
"divent","D1SP",0.852309099222679
"diverse","D1SP",0.741299572204879
"ecodive","D1SP",0.85230909922268
"entropart","D1SP",0.852309099222679
"lawstat","D1SP",0.818445896877269
"MCPAN","D1SP",-968
"microbiome","D1SP",0.85230909922268
"PCRA","D1SP",0.85230909922268
"RoughSets","D1SP",0.85230909922268
"simboot","D1SP",-968
"sprex","D1SP",0.85230909922268
"untb","D1SP",0.862962962962963
"vegan","D1SP",0.85230909922268
"abdiv","DBRI",1.98093516845665
"ecodive","DBRI",1.98093516845665
"tabula","DBRI",1.98093516845665
"wiqid","DBRI",7.2495193379622
"BiodiversityR","DFIS",5.4152853
"ecodive","DFIS",5.415
"microbiome","DFIS",5.41528530148173
"preseqR","DFIS",8.41843778483151
"sads","DFIS",5.41527959656288
"vegan","DFIS",5.41528530148173
"custom","DGLE",3.41339709985064
"DGOO","1_1",2.22923289456105
"DGOO","1_2",0.464316958699998
"DGOO","1_3",1
"DGOO","2_1",0.248924396557629
"DGOO","2_2",0.986209479872699
"DGOO","2_3",1
"DGOO","3_1",0.0458947133639776
"DGOO","3_2",0.120427461597759
"DGOO","3_3",1
"abdiv","DINVSP",6.77089783281734
"adiv","DINVSP",6.77089783281734
"asbio","DINVSP",6.77089783281734
"BiodiversityR","DINVSP",6.77089783
"breakaway","DINVSP",6.77089783281734
"chemodiv","DINVSP",6.77089783281734
"codyn","DINVSP",6.77089783281734
"divseg","DINVSP",1.14769090077732
"ecodive","DINVSP",6.77089783281734
"microbiome","DINVSP",6.77089783281734
"sprex","DINVSP",6.77089783281734
"vegan","DINVSP",6.77089783281734
"custom","DKO",0.4
"asbio","DLMD",30.7561373009926
"Compositional","DLMD",0.999958992306093
"sads","DLMD",1.18512785637611
"vegan","DLMD",18.6904733183579
"abdiv","DMC",0.692656043992406
"adiv","DMC",0.692656043992406
"agricolae","DMC",0.692656043992406
"ecodive","DMC",0.692656043992406
"forestHES","DMC",0.692656043992406
"tabula","DMC",0.692656043992406
"abdiv","DMG",3.18583729319393
"adiv","DMG",3.18583729319393
"agricolae","DMG",7.73703342632812
"ecodive","DMG",3.18583729319393
"tabula","DMG",3.18583729319393
"abdiv","DMN",1.66666666666667
"adiv","DMN",1.66666666666667
"ecodive","DMN",1.66666666666667
"tabula","DMN",1.66666666666667
"custom","DOD",185.185185185185
"abdiv","DQ",0
"ade4","DRAO",0.85230909922268
"BAT","DRAO",0.85230909922268
"chemodiv","DRAO",227.947689847723
"diverse","DRAO",212.128343815158
"SYNCSA","DRAO",0.852309099222679
"abdiv","DSHA",2.22923289456105
"adiv","DSHA",2.22923289456105
"aqp","DSHA",-253.023487634103
"asbio","DSHA",2.22923289456105
"benthos","DSHA",0
"BiodiversityR","DSHA",2.22923289
"biosampleR","DSHA",1.99564653126028
"chemodiv","DSHA",2.22923289456105
"codyn","DSHA",2.22923289456105
"DescTools","DSHA",3.21610324196978
"divDyn","DSHA",2.22923289456105
"divent","DSHA",2.22923289456105
"diverse","DSHA",1.99564653126028
"ecodive","DSHA",2.22923289456105
"EconGeo","DSHA",3.216
"entropart","DSHA",2.36253488263644
"forestmangr","DSHA",3.56
"HardyWeinberg","DSHA",2.22923289456105
"iNEXT","DSHA",2.229
"MCPAN","DSHA",2.22923289456105
"microbiome","DSHA",2.22923289456105
"OTUtable","DSHA",2.22923289456105
"pgirmess","DSHA",3.21610324196978
"SpiecEasi","DSHA",2.22923289456105
"sprex","DSHA",2.22923289456105
"tabula","DSHA",2.22923289456105
"triversity","DSHA",15
"vegan","DSHA",2.22923289456105
"wavethresh","DSHA",-5250.05653012598
"wiqid","DSHA",7.2972972972973
"abdiv","DSP",0.147690900777321
"agricolae","DSP",0.147690900777321
"antitrust","DSP",1476.90900777321
"benthos","DSP",0.137037037037037
"breakaway","DSP",0.147690900777321
"concstats","DSP",0.147690900777321
"DescTools","DSP",0.147690900777321
"diverse","DSP",0.2546934030805
"divseg","DSP",1.14769090077732
"EconGeo","DSP",0.147690900777321
"hhi","DSP",0.147690900777321
"ineq","DSP",0.147690900777321
"microbiome","DSP",0.147690900777321
"PDtoolkit","DSP",0.147690900777321
"politics","DSP",0.147690900777321
"REAT","DSP",0.147690900777321
"sprex","DSP",0.147690900777321
"tabula","DSP",0.147690900777321
"triversity","DSP",0.147690900777321
"wiqid","DSP",7.2972972972973
"abdiv","EBP",0.246913580246914
"agricolae","EBP",0.246913580246914
"BiodiversityR","EBP",0.24691358
"diverse","EBP",0.478494623655914
"dyvDyn","EBP",0.0285714285714286
"ecodive","EBP",0.246913580246914
"microbiome","EBP",0.246913580246914
"tabula","EBP",0.246913580246914
"triversity","EBP",0.246913580246914
"wiqid","EBP",1
"tabula","EBRI",0.820726036212535
"BAT","EBU",0.558201058201058
"microbiome","EBU",0.558201058201058
"BAT","ECAM",0.925455614344503
"microbiome","ECAM",0.450205761316872
"codyn","EEQ",0.196063529387423
"custom","EEQ",0.0288219989491197
"adiv","EEVAR",0.514801553852728
"codyn","EEVAR",0.502072782795086
"custom","EEVAR",0.514801553852728
"microbiome","EEVAR",0.514801553852728
"acid","EGIN",0.795061728395062
"DescTools","EGIN",0.795061728395062
"dplR","EGIN",0.795061728395062
"EconGeo","EGIN",0.795
"giniVarCI","EGIN",0.795061728395062
"ineq","EGIN",0.795061728395062
"microbiome","EGIN",0.795061728395062
"REAT","EGIN",0.795061728395062
"shipunov","EGIN",0.795061728395062
"wINEQ","EGIN",0.795061728395062
"adiv","EGSP",0.913188320595728
"abdiv","EHEI",0.592338202656399
"adiv","EHEI",0.592338202656399
"custom","EHUL",0.481481481481481
"benthos","EHURE",0.862962962962963
"BiodiversityR","EHURE",0.86296296
"mobr","EHURE",0.862962962962963
"vegan","EHURE",0.86296296296296
"custom","ELR",0.24418614991855
"abdiv","EMC",0.463885625362245
"tabula","EMC",0.829999110026577
"microbiome","EMN",0.481481481481481
"custom","ENHC",-0.219596072220491
"custom","EPAT",0.185063687478211
"abdiv","EPIE",0.823187433399028
"adiv","EPIE",0.823187433399028
"BiodiversityR","EPIE",0.82318743
"breakaway","EPIE",0.823187433399028
"chemodiv","EPIE",0.823187433399028
"diverse","EPIE",0.677768004492741
"forestmangr","EPIE",1
"microbiome","EPIE",0.823187433399028
"OTUtable","EPIE",0.823187433399028
"pctax","EPIE",0.8232
"sprex","EPIE",0.823187433399028
"tabula","EPIE",0.823187433399028
"custom","ESHE",0.619515655812639
"adiv","ESP",0.451393188854489
"codyn","ESP",0.451393188854489
"sprex","ESP",0.14861552630407
"tabula","ESP",0.451393188854489
"abdiv","EST",0.412345679012346
"adiv","QHIL_0",15
"adiv","QHIL_1",9.29273483718959
"adiv","QHIL_2",6.77089783281734
"adiv","QHIL_3",5.73234387289602
"BAT","QHIL_0",15
"BAT","QHIL_1",9.29273483718959
"BAT","QHIL_2",6.77089783281734
"BAT","QHIL_3",5.73234387289602
"benthos","QHIL_0",35
"benthos","QHIL_1",9.29273483718959
"benthos","QHIL_2",6.77089783281734
"benthos","QHIL_3",5.73234387289602
"breakaway","QHIL_0",15
"breakaway","QHIL_1",9.29273483718959
"breakaway","QHIL_2",6.77089783281734
"breakaway","QHIL_3",5.73234387289602
"chemodiv","QHIL_0",15
"chemodiv","QHIL_1",9.29273483718959
"chemodiv","QHIL_2",6.77089783281734
"chemodiv","QHIL_3",5.73234387289602
"divDyn","QHIL_2",6.77089783281734
"divent","QHIL_0",19
"divent","QHIL_1",10.617832326911
"divent","QHIL_2",7.28687604098828
"divent","QHIL_3",6.04528577356936
"entropart","QHIL_0",19
"entropart","QHIL_1",10.617832326911
"entropart","QHIL_2",7.28687604098828
"entropart","QHIL_3",6.04528577356936
"EntropyEstimation","QHIL_1",10.1991003413443
"EntropyEstimation","QHIL_2",7.2972972972973
"EntropyEstimation","QHIL_3",6.17440882974095
"extremefit","QHIL",NA
"hilldiv","QHIL_0",15
"hilldiv","QHIL_1",9.29277331621366
"hilldiv","QHIL_2",6.77089783281734
"hilldiv","QHIL_3",5.73234387289602
"hillR","QHIL_0",15
"hillR","QHIL_1",9.29273483718959
"hillR","QHIL_2",6.77089783281734
"hillR","QHIL_3",5.73234387289602
"sprex","QHIL_0",15
"sprex","QHIL_1",9.29273483718959
"sprex","QHIL_2",6.77089783281734
"sprex","QHIL_3",5.73234387289602
"vegan","QHIL_0",15
"vegan","QHIL_1",9.29273483718959
"vegan","QHIL_2",6.77089783281734
"vegan","QHIL_3",5.73234387289602
"adiv","QREN_0",2.70805020110221
"adiv","QREN_1",2.22923289456105
"adiv","QREN_2",1.91263369745411
"adiv","QREN_3",1.74612449994877
"BiodiversityR","QREN_0",2.70805020110221
"BiodiversityR","QREN_1",2.22923289456105
"BiodiversityR","QREN_2",1.91263369745411
"BiodiversityR","QREN_3",1.74612449994877
"diverse","QREN_0",2.94443897916644
"diverse","QREN_1",1.99564653126028
"diverse","QREN_2",1.3520845361575
"diverse","QREN_3",1.09487515679098
"EntropyEstimation","QREN_1",2.32229951457122
"EntropyEstimation","QREN_2",1.98750404635415
"EntropyEstimation","QREN_3",1.82041314185671
"seewave","QREN_2",0.537959635388154
"seewave","QREN_3",0.491126187024939
"sprex","QREN_0",2.70805020110221
"sprex","QREN_1",2.22923289456105
"sprex","QREN_2",1.91263369745411
"sprex","QREN_3",1.74612449994877
"statcomp","QREN_1",0.627008342363863
"statcomp","QREN_2",0.537959621498455
"statcomp","QREN_3",0.491126176607665
"vegan","QREN_0",2.70805020110221
"vegan","QREN_1",2.22923289456105
"vegan","QREN_2",1.91263369745411
"vegan","QREN_3",1.74612449994877
"adiv","QTSA_0",14
"adiv","QTSA_1",2.22923289456105
"adiv","QTSA_2",0.85230909922268
"adiv","QTSA_3",0.484783823604125
"divent","QTSA_0",14
"divent","QTSA_1",2.22923289456105
"divent","QTSA_2",0.852309099222679
"divent","QTSA_3",0.484783823604125
"entropart","QTSA_0",18
"entropart","QTSA_1",2.36253488263644
"entropart","QTSA_2",0.862766980750729
"entropart","QTSA_3",0.486318417521152
"EntropyEstimation","QTSA_1",2.32229951457122
"EntropyEstimation","QTSA_2",0.862962962962963
"EntropyEstimation","QTSA_3",0.486884669479606
"vegan","QTSA_0",14
"vegan","QTSA_1",2.22923289456105
"vegan","QTSA_2",0.85230909922268
"vegan","QTSA_3",0.484783823604125
"BAT","RACE",18.0710087156273
"ecodive","RACE",18.0710087156273
"fossil","RACE",16.3684210526316
"pctax","RACE",18.071
"sprex","RACE",111.271655227354
"tabula","RACE",18.0710087156273
"vegan","RACE",18.0710087156273
"wiqid","RACE",18.0710087156273
"BiodiversityR","RBOO",15
"wiqid","RBOO",35
"BAT","RC1",17
"BiodiversityR","RC1",15
"biosampleR","RC1",19.75
"iNEXT","RC1",18.951
"microbiome","RC1",17
"pctax","RC1",17
"rareNMtests","RC1",15
"SpadeR","RC1",15
"SSP","RC1",14
"vegan","RC1",17
"BAT","RC1M",18.2088888888889
"divent","RC1M",18.9506172839506
"ecodive","RC1M",19
"entropart","RC1M",18.9506172839506
"fossil","RC1M",19
"mobr","RC1M",18.9506172839506
"OTUtable","RC1M",19
"tabula","RC1M",18.9506172839506
"wiqid","RC1M",19
"BAT","RCA2",35.0035
"divDyn","RCA2",16.8666666666667
"fossil","RCA2",19
"tabula","RCA2",15
"wiqid","RCA2",15
"benthos","RHUR_2",1.86296296296296
"benthos","RHUR_3",2.61511954992971
"divent","RHUR_2",7.29732004022744
"divent","RHUR_3",7.44567259947047
"entropart","RHUR_2",1.86296296296296
"entropart","RHUR_3",2.61511954992971
"mobsim","RHUR_2",1.86296296296296
"mobsim","RHUR_3",2.61511954992971
"tabula","RHUR_2",1.86296296296419
"tabula","RHUR_3",2.61511954993034
"vegan","RHUR_2",1.86296296296296
"vegan","RHUR_3",2.61511954992971
"BAT","RICE",35.2227859055979
"fossil","RICE",16.3684210526316
"tabula","RICE",15
"wiqid","RICE",15
"BAT","RJA1",19
"BiodiversityR","RJA1",15
"divent","RJA1",19
"entropart","RJA1",19
"fossil","RJA1",18.9506172839506
"SSP","RJA1",14
"tabula","RJA1",2.22923289456105
"wiqid","RJA1",19
"BAT","RJA2",21
"BiodiversityR","RJA2",15
"fossil","RJA2",20.7774691358025
"SSP","RJA2",14
"wiqid","RJA2",21
"sprex","RMM",83
"wiqid","RMM",0
"divDyn","RSQ",17.3848638670974
"ecodive","RSQ",17.3848638670974
"tabula","RSQ",17.3848638670974
"abdiv","D1SP",0.828125
"ade4","D1SP",0.828125
"adiv","D1SP",0.828125
"agricolae","D1SP",1
"asbio","D1SP",0.828125
"BiodiversityR","D1SP",0.828125
"biosampleR","D1SP",0.879340277777778
"breakaway","D1SP",0.828125
"catsim","D1SP",0.573061224489796
"concstats","2_D1SP",0.795378151260504
"concstats","D1SP",0.975643382352941
"CUB","D1SP",0.852481617647059
"DescTools","2_D1SP",0.828125
"DescTools","D1SP",0.85
"divent","D1SP",0.828125
"diverse","D1SP",0.879340277777778
"ecodive","D1SP",0.828125
"entropart","D1SP",0.828125
"lawstat","D1SP",0.85
"MCPAN","D1SP",-1099
"microbiome","D1SP",0.828125
"PCRA","D1SP",0.828125
"RoughSets","D1SP",0.828125
"simboot","D1SP",-1099
"sprex","D1SP",0.828125
"untb","D1SP",0.838607594936709
"vegan","D1SP",0.828125
"abdiv","DBRI",1.8376770079211
"ecodive","DBRI",1.8376770079211
"tabula","DBRI",1.8376770079211
"wiqid","DBRI",6.28192842835447
"BiodiversityR","DFIS",4.40128578
"ecodive","DFIS",4.401
"microbiome","DFIS",4.40128578012701
"preseqR","DFIS",8.19978791001082
"sads","DFIS",4.40127804322903
"vegan","DFIS",4.40128578012701
"custom","DGLE",2.96666384844269
"DGOO","1_1",2.05622663798673
"DGOO","1_2",0.461865958736971
"DGOO","1_3",1
"DGOO","2_1",0.268632496487197
"DGOO","2_2",0.909720561699448
"DGOO","2_3",1
"DGOO","3_1",0.0557825625255118
"DGOO","3_2",0.128125136773425
"DGOO","3_3",1
"abdiv","DINVSP",5.81818181818182
"adiv","DINVSP",5.81818181818182
"asbio","DINVSP",5.81818181818182
"BiodiversityR","DINVSP",5.81818182
"breakaway","DINVSP",5.81818181818182
"chemodiv","DINVSP",5.81818181818182
"codyn","DINVSP",5.81818181818182
"divseg","DINVSP",1.171875
"ecodive","DINVSP",5.81818181818182
"microbiome","DINVSP",5.81818181818182
"sprex","DINVSP",5.81818181818182
"vegan","DINVSP",5.81818181818182
"custom","DKO",0.48
"asbio","DLMD",10.7164159848276
"Compositional","DLMD",0.999958992306093
"sads","DLMD",1.25714098552324
"vegan","DLMD",18.4980592195944
"abdiv","DMC",0.659112971682245
"adiv","DMC",0.659112971682245
"agricolae","DMC",0.659112971682245
"ecodive","DMC",0.659112971682245
"forestHES","DMC",0.659112971682245
"tabula","DMC",0.659112971682245
"abdiv","DMG",2.73845893702402
"adiv","DMG",2.73845893702402
"agricolae","DMG",7.75896698823474
"ecodive","DMG",2.73845893702402
"tabula","DMG",2.73845893702402
"abdiv","DMN",1.45344418537486
"adiv","DMN",1.45344418537486
"ecodive","DMN",1.45344418537486
"tabula","DMN",1.45344418537486
"custom","DOD",162.5
"abdiv","DQ",0
"ade4","DRAO",0.828125
"BAT","DRAO",0.828124999999999
"chemodiv","DRAO",108.913796877281
"diverse","DRAO",157.830454834309
"SYNCSA","DRAO",0.828125
"abdiv","DSHA",2.05622663798673
"adiv","DSHA",2.05622663798673
"aqp","DSHA",-268.43360970561
"asbio","DSHA",2.05622663798673
"benthos","DSHA",0
"BiodiversityR","DSHA",2.05622664
"biosampleR","DSHA",2.43864573732106
"chemodiv","DSHA",2.05622663798673
"codyn","DSHA",2.05622663798673
"DescTools","DSHA",2.96650797356724
"divDyn","DSHA",2.05622663798673
"divent","DSHA",2.05622663798673
"diverse","DSHA",2.43864573732106
"ecodive","DSHA",2.05622663798673
"EconGeo","DSHA",2.967
"entropart","DSHA",2.2404307529089
"forestmangr","DSHA",3.56
"HardyWeinberg","DSHA",2.05622663798673
"iNEXT","DSHA",2.056
"MCPAN","DSHA",2.05622663798673
"microbiome","DSHA",2.05622663798673
"OTUtable","DSHA",2.05622663798673
"pgirmess","DSHA",2.96650797356724
"SpiecEasi","DSHA",2.05622663798673
"sprex","DSHA",2.05622663798673
"tabula","DSHA",2.05622663798673
"triversity","DSHA",13
"vegan","DSHA",2.05622663798673
"wavethresh","DSHA",-6201.96264124642
"wiqid","DSHA",6.19607843137255
"abdiv","DSP",0.171875
"agricolae","DSP",0.171875
"antitrust","DSP",1718.75
"benthos","DSP",0.161392405063291
"breakaway","DSP",0.171875
"concstats","DSP",0.171875
"DescTools","DSP",0.171875
"diverse","DSP",0.11140350877193
"divseg","DSP",1.171875
"EconGeo","DSP",0.171875
"hhi","DSP",0.171875
"ineq","DSP",0.171875
"microbiome","DSP",0.171875
"PDtoolkit","DSP",0.171875
"politics","DSP",0.171875
"REAT","DSP",0.171875
"sprex","DSP",0.171875
"tabula","DSP",0.171875
"triversity","DSP",0.171875
"wiqid","DSP",6.19607843137255
"abdiv","EBP",0.275
"agricolae","EBP",0.275
"BiodiversityR","EBP",0.275
"diverse","EBP",0.208333333333333
"dyvDyn","EBP",0.0285714285714286
"ecodive","EBP",0.275
"microbiome","EBP",0.275
"tabula","EBP",0.275
"triversity","EBP",0.275
"wiqid","EBP",1
"tabula","EBRI",0.797901396077953
"BAT","EBU",0.51875
"microbiome","EBU",0.51875
"BAT","ECAM",0.911538461538462
"microbiome","ECAM",0.636538461538461
"codyn","EEQ",0.182044006492929
"custom","EEQ",0.04010596765896
"adiv","EEVAR",0.468400355853577
"codyn","EEVAR",0.452276757977446
"custom","EEVAR",0.468400355853577
"microbiome","EEVAR",0.468400355853577
"acid","EGIN",0.825714285714286
"DescTools","EGIN",0.825714285714286
"dplR","EGIN",0.825714285714286
"EconGeo","EGIN",0.826
"giniVarCI","EGIN",0.825714285714286
"ineq","EGIN",0.825714285714286
"microbiome","EGIN",0.825714285714286
"REAT","EGIN",0.825714285714286
"shipunov","EGIN",0.825714285714286
"wINEQ","EGIN",0.825714285714286
"adiv","EGSP",0.897135416666667
"abdiv","EHEI",0.568034992681008
"adiv","EHEI",0.568034992681008
"custom","EHUL",0.5125
"benthos","EHURE",0.838607594936709
"BiodiversityR","EHURE",0.83860759
"mobr","EHURE",0.838607594936709
"vegan","EHURE",0.838607594936684
"custom","ELR",0.239625015770934
"abdiv","EMC",0.487107289668275
"tabula","EMC",0.810104449854066
"microbiome","EMN",0.5125
"custom","ENHC",-0.266759210695293
"custom","EPAT",0.260320790823688
"abdiv","EPIE",0.801663639870739
"adiv","EPIE",0.801663639870739
"BiodiversityR","EPIE",0.80166364
"breakaway","EPIE",0.801663639870739
"chemodiv","EPIE",0.801663639870739
"diverse","EPIE",0.800994503145979
"forestmangr","EPIE",1
"microbiome","EPIE",0.801663639870739
"OTUtable","EPIE",0.801663639870739
"pctax","EPIE",0.8017
"sprex","EPIE",0.801663639870739
"tabula","EPIE",0.801663639870739
"custom","ESHE",0.601263070167084
"adiv","ESP",0.447552447552447
"codyn","ESP",0.447552447552447
"sprex","ESP",0.158171279845133
"tabula","ESP",0.447552447552447
"abdiv","EST",0.444230769230769
"adiv","QHIL_0",13
"adiv","QHIL_1",7.81641991217209
"adiv","QHIL_2",5.81818181818182
"adiv","QHIL_3",5.05736895206929
"BAT","QHIL_0",13
"BAT","QHIL_1",7.81641991217209
"BAT","QHIL_2",5.81818181818182
"BAT","QHIL_3",5.05736895206929
"benthos","QHIL_0",35
"benthos","QHIL_1",7.81641991217209
"benthos","QHIL_2",5.81818181818182
"benthos","QHIL_3",5.05736895206929
"breakaway","QHIL_0",13
"breakaway","QHIL_1",7.81641991217209
"breakaway","QHIL_2",5.81818181818182
"breakaway","QHIL_3",5.05736895206929
"chemodiv","QHIL_0",13
"chemodiv","QHIL_1",7.81641991217209
"chemodiv","QHIL_2",5.81818181818182
"chemodiv","QHIL_3",5.05736895206929
"divDyn","QHIL_2",5.81818181818182
"divent","QHIL_0",28
"divent","QHIL_1",9.39737836380146
"divent","QHIL_2",6.19529727939665
"divent","QHIL_3",5.26540707516226
"entropart","QHIL_0",28
"entropart","QHIL_1",9.39737836380146
"entropart","QHIL_2",6.19529727939665
"entropart","QHIL_3",5.26540707516227
"EntropyEstimation","QHIL_1",8.47380012174565
"EntropyEstimation","QHIL_2",6.19607843137254
"EntropyEstimation","QHIL_3",5.40437341826792
"extremefit","QHIL",NA
"hilldiv","QHIL_0",13
"hilldiv","QHIL_1",7.81645200572209
"hilldiv","QHIL_2",5.81818181818182
"hilldiv","QHIL_3",5.05736895206929
"hillR","QHIL_0",13
"hillR","QHIL_1",7.81641991217209
"hillR","QHIL_2",5.81818181818182
"hillR","QHIL_3",5.05736895206929
"sprex","QHIL_0",13
"sprex","QHIL_1",7.81641991217209
"sprex","QHIL_2",5.81818181818182
"sprex","QHIL_3",5.05736895206929
"vegan","QHIL_0",13
"vegan","QHIL_1",7.81641991217209
"vegan","QHIL_2",5.81818181818182
"vegan","QHIL_3",5.05736895206929
"adiv","QREN_0",2.56494935746154
"adiv","QREN_1",2.05622663798673
"adiv","QREN_2",1.7609878105613
"adiv","QREN_3",1.62084637812134
"BiodiversityR","QREN_0",2.56494935746154
"BiodiversityR","QREN_1",2.05622663798673
"BiodiversityR","QREN_2",1.7609878105613
"BiodiversityR","QREN_3",1.62084637812134
"diverse","QREN_0",3.04452243772342
"diverse","QREN_1",2.43864573732106
"diverse","QREN_2",2.11478090812514
"diverse","QREN_3",1.96527235758418
"EntropyEstimation","QREN_1",2.13697906468824
"EntropyEstimation","QREN_2",1.82391658086259
"EntropyEstimation","QREN_3",1.68720851805629
"seewave","QREN_2",0.495306742154405
"seewave","QREN_3",0.45588966012299
"sprex","QREN_0",2.56494935746154
"sprex","QREN_1",2.05622663798673
"sprex","QREN_2",1.7609878105613
"sprex","QREN_3",1.62084637812134
"statcomp","QREN_1",0.578347492966787
"statcomp","QREN_2",0.495306726684752
"statcomp","QREN_3",0.45588964852075
"vegan","QREN_0",2.56494935746154
"vegan","QREN_1",2.05622663798673
"vegan","QREN_2",1.7609878105613
"vegan","QREN_3",1.62084637812134
"adiv","QTSA_0",12
"adiv","QTSA_1",2.05622663798673
"adiv","QTSA_2",0.828125
"adiv","QTSA_3",0.480451171875
"divent","QTSA_0",12
"divent","QTSA_1",2.05622663798673
"divent","QTSA_2",0.828125
"divent","QTSA_3",0.480451171875
"entropart","QTSA_0",27
"entropart","QTSA_1",2.2404307529089
"entropart","QTSA_2",0.838587245308527
"entropart","QTSA_3",0.481965417245127
"EntropyEstimation","QTSA_1",2.13697906468824
"EntropyEstimation","QTSA_2",0.838607594936709
"EntropyEstimation","QTSA_3",0.482880963972736
"vegan","QTSA_0",12
"vegan","QTSA_1",2.05622663798673
"vegan","QTSA_2",0.828125
"vegan","QTSA_3",0.480451171875
"BAT","RACE",15.2479338842975
"ecodive","RACE",15.2479338842975
"fossil","RACE",14.8181818181818
"pctax","RACE",15.2479
"sprex","RACE",81.7295801937317
"tabula","RACE",15.2479338842975
"vegan","RACE",15.2479338842975
"wiqid","RACE",15.2479338842975
"BiodiversityR","RBOO",13
"wiqid","RBOO",35
"BAT","RC1",19
"BiodiversityR","RC1",13
"biosampleR","RC1",34.75
"iNEXT","RC1",18.925
"microbiome","RC1",19
"pctax","RC1",19
"rareNMtests","RC1",13
"SpadeR","RC1",13
"SSP","RC1",12
"vegan","RC1",19
"BAT","RC1M",20.7988165680473
"divent","RC1M",18.925
"ecodive","RC1M",Inf
"entropart","RC1M",18.925
"fossil","RC1M",19
"mobr","RC1M",18.925
"OTUtable","RC1M",Inf
"tabula","RC1M",18.925
"wiqid","RC1M",19
"BAT","RCA2",35.022
"divDyn","RCA2",18.5384615384615
"fossil","RCA2",19
"tabula","RCA2",13
"wiqid","RCA2",13
"benthos","RHUR_2",1.83860759493668
"benthos","RHUR_3",2.55006085686466
"divent","RHUR_2",6.19610824582148
"divent","RHUR_3",6.31567747645734
"entropart","RHUR_2",1.83860759493668
"entropart","RHUR_3",2.55006085686465
"mobsim","RHUR_2",1.83860759493668
"mobsim","RHUR_3",2.55006085686466
"tabula","RHUR_2",1.83860759493751
"tabula","RHUR_3",2.55006085686519
"vegan","RHUR_2",1.83860759493668
"vegan","RHUR_3",2.55006085686466
"BAT","RICE",35.2019799470324
"fossil","RICE",14.8181818181818
"tabula","RICE",13
"wiqid","RICE",13
"BAT","RJA1",17
"BiodiversityR","RJA1",13
"divent","RJA1",27
"entropart","RJA1",27
"fossil","RJA1",16.95
"SSP","RJA1",12
"tabula","RJA1",2.05622663798673
"wiqid","RJA1",17
"BAT","RJA2",21
"BiodiversityR","RJA2",13
"fossil","RJA2",20.7
"SSP","RJA2",12
"wiqid","RJA2",21
"sprex","RMM",86
"wiqid","RMM",0
"divDyn","RSQ",15.7725267800882
"ecodive","RSQ",15.7725267800882
"tabula","RSQ",15.7725267800882
"abdiv","D1SP",0.808116861656421
"ade4","D1SP",0.808116861656422
"adiv","D1SP",0.808116861656421
"agricolae","D1SP",1
"asbio","D1SP",0.808116861656421
"BiodiversityR","D1SP",0.80811686
"biosampleR","D1SP",0.796804733727811
"breakaway","D1SP",0.808116861656421
"catsim","D1SP",0.706938775510204
"concstats","2_D1SP",0.795378151260504
"concstats","D1SP",0.976231857010105
"CUB","D1SP",0.831885004646316
"DescTools","2_D1SP",0.808116861656422
"DescTools","D1SP",0.845050215208034
"divent","D1SP",0.808116861656421
"diverse","D1SP",0.796804733727811
"ecodive","D1SP",0.808116861656421
"entropart","D1SP",0.808116861656421
"lawstat","D1SP",0.845050215208034
"MCPAN","D1SP",-2902
"microbiome","D1SP",0.808116861656421
"PCRA","D1SP",0.808116861656421
"RoughSets","D1SP",0.808116861656421
"simboot","D1SP",-2902
"sprex","D1SP",0.808116861656421
"untb","D1SP",0.814740770358523
"vegan","D1SP",0.808116861656421
"abdiv","DBRI",1.86238703806081
"ecodive","DBRI",1.86238703806081
"tabula","DBRI",1.86238703806081
"wiqid","DBRI",6.43908879123335
"BiodiversityR","DFIS",6.28262736
"ecodive","DFIS",6.283
"microbiome","DFIS",6.28262736388214
"preseqR","DFIS",12.046807621994
"sads","DFIS",6.28262641222983
"vegan","DFIS",6.28262736388214
"custom","DGLE",3.94831091181867
"DGOO","1_1",2.05845264623166
"DGOO","1_2",0.432870254744773
"DGOO","1_3",1
"DGOO","2_1",0.272822945286477
"DGOO","2_2",0.81542897209069
"DGOO","2_3",1
"DGOO","3_1",0.0647497552727275
"DGOO","3_2",0.12470125205174
"DGOO","3_3",1
"abdiv","DINVSP",5.21150533930417
"adiv","DINVSP",5.21150533930417
"asbio","DINVSP",5.21150533930417
"BiodiversityR","DINVSP",5.21150534
"breakaway","DINVSP",5.21150533930417
"chemodiv","DINVSP",5.21150533930417
"codyn","DINVSP",5.21150533930417
"divseg","DINVSP",1.19188313834358
"ecodive","DINVSP",5.21150533930417
"microbiome","DINVSP",5.21150533930417
"sprex","DINVSP",5.21150533930417
"vegan","DINVSP",5.21150533930417
"custom","DKO",0.24
"asbio","DLMD",28.0359708463137
"Compositional","DLMD",0.999958992306093
"sads","DLMD",0.950768416274215
"vegan","DLMD",NA
"abdiv","DMC",0.617646646405931
"adiv","DMC",0.617646646405931
"agricolae","DMC",0.617646646405931
"ecodive","DMC",0.617646646405931
"forestHES","DMC",0.617646646405931
"tabula","DMC",0.617646646405931
"abdiv","DMG",3.74050507435453
"adiv","DMG",3.74050507435453
"agricolae","DMG",7.06539847378078
"ecodive","DMG",3.74050507435453
"tabula","DMG",3.74050507435453
"abdiv","DMN",1.71317230586812
"adiv","DMN",1.71317230586812
"ecodive","DMN",1.71317230586812
"tabula","DMN",1.71317230586812
"custom","DOD",154.471544715447
"abdiv","DQ",5.23158485696398
"ade4","DRAO",0.808116861656421
"BAT","DRAO",0.808116861656421
"chemodiv","DRAO",110.989204313897
"diverse","DRAO",209.957261300598
"SYNCSA","DRAO",0.808116861656422
"abdiv","DSHA",2.05845264623166
"adiv","DSHA",2.05845264623166
"aqp","DSHA",-488.653794928075
"asbio","DSHA",2.05845264623166
"benthos","DSHA",0
"BiodiversityR","DSHA",2.05845265
"biosampleR","DSHA",1.99034410181326
"chemodiv","DSHA",2.05845264623166
"codyn","DSHA",2.05845264623166
"DescTools","DSHA",2.96971942462319
"divDyn","DSHA",2.05845264623166
"divent","DSHA",2.05845264623166
"diverse","DSHA",1.99034410181326
"ecodive","DSHA",2.05845264623166
"EconGeo","DSHA",2.97
"entropart","DSHA",2.20227181864342
"forestmangr","DSHA",3.56
"HardyWeinberg","DSHA",2.05845264623166
"iNEXT","DSHA",2.058
"MCPAN","DSHA",2.05845264623166
"microbiome","DSHA",2.05845264623166
"OTUtable","DSHA",2.05845264623166
"pgirmess","DSHA",2.96971942462319
"SpiecEasi","DSHA",2.05845264623166
"sprex","DSHA",2.05845264623166
"tabula","DSHA",2.05845264623166
"triversity","DSHA",19
"vegan","DSHA",2.05845264623166
"wavethresh","DSHA",-19684.465688814
"wiqid","DSHA",5.39784172661871
"abdiv","DSP",0.191883138343579
"agricolae","DSP",0.191883138343579
"antitrust","DSP",1918.83138343579
"benthos","DSP",0.185259229641477
"breakaway","DSP",0.191883138343579
"concstats","DSP",0.191883138343579
"DescTools","DSP",0.191883138343579
"diverse","DSP",0.197018485390578
"divseg","DSP",1.19188313834358
"EconGeo","DSP",0.191883138343579
"hhi","DSP",0.191883138343579
"ineq","DSP",0.191883138343579
"microbiome","DSP",0.191883138343579
"PDtoolkit","DSP",0.191883138343579
"politics","DSP",0.191883138343579
"REAT","DSP",0.191883138343579
"sprex","DSP",0.191883138343579
"tabula","DSP",0.191883138343579
"triversity","DSP",0.191883138343579
"wiqid","DSP",5.39784172661871
"abdiv","EBP",0.308943089430894
"agricolae","EBP",0.308943089430894
"BiodiversityR","EBP",0.30894309
"diverse","EBP",0.384615384615385
"dyvDyn","EBP",0.0285714285714286
"ecodive","EBP",0.308943089430894
"microbiome","EBP",0.308943089430894
"tabula","EBP",0.308943089430894
"triversity","EBP",0.308943089430894
"wiqid","EBP",1
"tabula","EBRI",0.694782651704864
"BAT","EBU",0.389792231255646
"microbiome","EBU",0.389792231255646
"BAT","ECAM",0.925545571245186
"microbiome","ECAM",0.299957210098417
"codyn","EEQ",0.165961117530317
"custom","EEQ",0.0204375409616441
"adiv","EEVAR",0.379443181077954
"codyn","EEVAR",0.372060772687712
"custom","EEVAR",0.379443181077954
"microbiome","EEVAR",0.379443181077954
"acid","EGIN",0.820905923344948
"DescTools","EGIN",0.820905923344948
"dplR","EGIN",0.820905923344948
"EconGeo","EGIN",0.821
"giniVarCI","EGIN",0.820905923344948
"ineq","EGIN",0.820905923344948
"microbiome","EGIN",0.820905923344948
"REAT","EGIN",0.820905923344948
"shipunov","EGIN",0.820905923344948
"wINEQ","EGIN",0.820905923344948
"adiv","EGSP",0.853012242859556
"abdiv","EHEI",0.379657705963367
"adiv","EHEI",0.379657705963367
"custom","EHUL",0.569105691056911
"benthos","EHURE",0.814740770358523
"BiodiversityR","EHURE",0.81474077
"mobr","EHURE",0.814740770358523
"vegan","EHURE",0.814740770358528
"custom","ELR",0.160106011437982
"abdiv","EMC",0.512719673282059
"tabula","EMC",0.729258756640247
"microbiome","EMN",0.569105691056911
"custom","ENHC",-0.196633691326997
"custom","EPAT",0.259352485192123
"abdiv","EPIE",0.699098422754342
"adiv","EPIE",0.699098422754342
"BiodiversityR","EPIE",0.69909842
"breakaway","EPIE",0.699098422754342
"chemodiv","EPIE",0.699098422754342
"diverse","EPIE",0.734973118667876
"forestmangr","EPIE",1
"microbiome","EPIE",0.699098422754342
"OTUtable","EPIE",0.699098422754342
"pctax","EPIE",0.6991
"sprex","EPIE",0.699098422754342
"tabula","EPIE",0.699098422754342
"custom","ESHE",0.412307300386348
"adiv","ESP",0.274289754700219
"codyn","ESP",0.274289754700219
"sprex","ESP",0.108339612959561
"tabula","ESP",0.274289754700219
"abdiv","EST",0.578091570389388
"adiv","QHIL_0",19
"adiv","QHIL_1",7.83383870734061
"adiv","QHIL_2",5.21150533930417
"adiv","QHIL_3",4.47382760349941
"BAT","QHIL_0",19
"BAT","QHIL_1",7.83383870734061
"BAT","QHIL_2",5.21150533930417
"BAT","QHIL_3",4.47382760349941
"benthos","QHIL_0",35
"benthos","QHIL_1",7.83383870734061
"benthos","QHIL_2",5.21150533930417
"benthos","QHIL_3",4.47382760349941
"breakaway","QHIL_0",19
"breakaway","QHIL_1",7.83383870734061
"breakaway","QHIL_2",5.21150533930417
"breakaway","QHIL_3",4.47382760349941
"chemodiv","QHIL_0",19
"chemodiv","QHIL_1",7.83383870734061
"chemodiv","QHIL_2",5.21150533930417
"chemodiv","QHIL_3",4.47382760349941
"divDyn","QHIL_2",5.21150533930417
"divent","QHIL_0",28
"divent","QHIL_1",9.04554000077506
"divent","QHIL_2",5.39182779510693
"divent","QHIL_3",4.54075461437876
"entropart","QHIL_0",28
"entropart","QHIL_1",9.04554000077506
"entropart","QHIL_2",5.39182779510693
"entropart","QHIL_3",4.54075461437876
"EntropyEstimation","QHIL_1",8.49124889184837
"EntropyEstimation","QHIL_2",5.39784172661871
"EntropyEstimation","QHIL_3",4.63522804327194
"extremefit","QHIL",NA
"hilldiv","QHIL_0",19
"hilldiv","QHIL_1",7.83389063038631
"hilldiv","QHIL_2",5.21150533930417
"hilldiv","QHIL_3",4.47382760349941
"hillR","QHIL_0",19
"hillR","QHIL_1",7.83383870734061
"hillR","QHIL_2",5.21150533930417
"hillR","QHIL_3",4.47382760349941
"sprex","QHIL_0",19
"sprex","QHIL_1",7.83383870734061
"sprex","QHIL_2",5.21150533930417
"sprex","QHIL_3",4.47382760349941
"vegan","QHIL_0",19
"vegan","QHIL_1",7.83383870734061
"vegan","QHIL_2",5.21150533930417
"vegan","QHIL_3",4.47382760349941
"adiv","QREN_0",2.94443897916644
"adiv","QREN_1",2.05845264623166
"adiv","QREN_2",1.6508687467202
"adiv","QREN_3",1.49824432935713
"BiodiversityR","QREN_0",2.94443897916644
"BiodiversityR","QREN_1",2.05845264623166
"BiodiversityR","QREN_2",1.65086874672021
"BiodiversityR","QREN_3",1.49824432935713
"diverse","QREN_0",2.70805020110221
"diverse","QREN_1",1.99034410181326
"diverse","QREN_2",1.59358785945374
"diverse","QREN_3",1.38133226499078
"EntropyEstimation","QREN_1",2.13903609101824
"EntropyEstimation","QREN_2",1.68599919342099
"EntropyEstimation","QREN_3",1.53368539808194
"seewave","QREN_2",0.464333939795723
"seewave","QREN_3",0.421405815396223
"sprex","QREN_0",2.94443897916644
"sprex","QREN_1",2.05845264623166
"sprex","QREN_2",1.6508687467202
"sprex","QREN_3",1.49824432935713
"statcomp","QREN_1",0.578973594323514
"statcomp","QREN_2",0.464333932478223
"statcomp","QREN_3",0.421405809908098
"vegan","QREN_0",2.94443897916644
"vegan","QREN_1",2.05845264623166
"vegan","QREN_2",1.65086874672021
"vegan","QREN_3",1.49824432935713
"adiv","QTSA_0",18
"adiv","QTSA_1",2.05845264623166
"adiv","QTSA_2",0.808116861656421
"adiv","QTSA_3",0.475018902479328
"divent","QTSA_0",18
"divent","QTSA_1",2.05845264623166
"divent","QTSA_2",0.808116861656421
"divent","QTSA_3",0.475018902479328
"entropart","QTSA_0",27
"entropart","QTSA_1",2.20227181864342
"entropart","QTSA_2",0.814534136103624
"entropart","QTSA_3",0.475749877408309
"EntropyEstimation","QTSA_1",2.13903609101824
"EntropyEstimation","QTSA_2",0.814740770358524
"EntropyEstimation","QTSA_3",0.476728316937688
"vegan","QTSA_0",18
"vegan","QTSA_1",2.05845264623166
"vegan","QTSA_2",0.808116861656421
"vegan","QTSA_3",0.475018902479328
"BAT","RACE",32.6089965397924
"ecodive","RACE",32.6089965397924
"fossil","RACE",26.9411764705882
"pctax","RACE",32.609
"sprex","RACE",132.385344250366
"tabula","RACE",32.6089965397924
"vegan","RACE",32.6089965397924
"wiqid","RACE",32.6089965397924
"BiodiversityR","RBOO",19
"wiqid","RBOO",35
"BAT","RC1",26.2
"BiodiversityR","RC1",19
"biosampleR","RC1",22.5
"iNEXT","RC1",29.043
"microbiome","RC1",26.2
"pctax","RC1",26.2
"rareNMtests","RC1",19
"SpadeR","RC1",19
"SSP","RC1",18
"vegan","RC1",26.2
"BAT","RC1M",32.0786703601108
"divent","RC1M",29.0426829268293
"ecodive","RC1M",29.125
"entropart","RC1M",29.0426829268293
"fossil","RC1M",29.125
"mobr","RC1M",29.0426829268293
"OTUtable","RC1M",29.125
"tabula","RC1M",29.0426829268293
"wiqid","RC1M",29.125
"BAT","RCA2",34.9536666666667
"divDyn","RCA2",25.8210526315789
"fossil","RCA2",29.125
"tabula","RCA2",19
"wiqid","RCA2",19
"benthos","RHUR_2",1.81474077035853
"benthos","RHUR_3",2.49076567720026
"divent","RHUR_2",5.39784269471813
"divent","RHUR_3",5.53651961368749
"entropart","RHUR_2",1.81474077035853
"entropart","RHUR_3",2.49076567720026
"mobsim","RHUR_2",1.81474077035853
"mobsim","RHUR_3",2.49076567720026
"tabula","RHUR_2",1.81474077036091
"tabula","RHUR_3",2.49076567720102
"vegan","RHUR_2",1.81474077035853
"vegan","RHUR_3",2.49076567720026
"BAT","RICE",35.1746816247315
"fossil","RICE",26.9411764705882
"tabula","RICE",19
"wiqid","RICE",19
"BAT","RJA1",28
"BiodiversityR","RJA1",19
"divent","RJA1",28
"entropart","RJA1",28
"fossil","RJA1",27.9268292682927
"SSP","RJA1",18
"tabula","RJA1",2.05845264623166
"wiqid","RJA1",28
"BAT","RJA2",33
"BiodiversityR","RJA2",19
"fossil","RJA2",32.6582700253232
"SSP","RJA2",18
"wiqid","RJA2",33
"sprex","RMM",131
"wiqid","RMM",0
"divDyn","RSQ",34.7202166064982
"ecodive","RSQ",34.7202166064982
"tabula","RSQ",34.7202166064982
"abdiv","D1SP",0.814305555555556
"ade4","D1SP",0.814305555555556
"adiv","D1SP",0.814305555555556
"agricolae","D1SP",1
"asbio","D1SP",0.814305555555556
"BiodiversityR","D1SP",0.81430556
"biosampleR","D1SP",0.890970054341542
"breakaway","D1SP",0.814305555555556
"catsim","D1SP",0.682448979591837
"concstats","2_D1SP",0.795378151260504
"concstats","D1SP",0.976049836601307
"CUB","D1SP",0.838255718954248
"DescTools","2_D1SP",0.814305555555556
"DescTools","D1SP",0.852941176470588
"divent","D1SP",0.814305555555556
"diverse","D1SP",0.890970054341542
"ecodive","D1SP",0.814305555555556
"entropart","D1SP",0.814305555555556
"lawstat","D1SP",0.852941176470588
"MCPAN","D1SP",-2673
"microbiome","D1SP",0.814305555555556
"PCRA","D1SP",0.814305555555556
"RoughSets","D1SP",0.814305555555556
"simboot","D1SP",-2673
"sprex","D1SP",0.814305555555556
"untb","D1SP",0.821148459383753
"vegan","D1SP",0.814305555555556
"abdiv","DBRI",1.85084029497051
"ecodive","DBRI",1.85084029497051
"tabula","DBRI",1.85084029497051
"wiqid","DBRI",6.36516589290949
"BiodiversityR","DFIS",5.40750081
"ecodive","DFIS",5.408
"microbiome","DFIS",5.40750080535267
"preseqR","DFIS",10.3612499719978
"sads","DFIS",5.40750039965879
"vegan","DFIS",5.40750080535267
"custom","DGLE",3.55091996255249
"DGOO","1_1",2.03679127607165
"DGOO","1_2",0.446903868006001
"DGOO","1_3",1
"DGOO","2_1",0.276059297026022
"DGOO","2_2",0.835017631167262
"DGOO","2_3",1
"DGOO","3_1",0.0618749571411798
"DGOO","3_2",0.130454406158394
"DGOO","3_3",1
"abdiv","DINVSP",5.38519072550486
"adiv","DINVSP",5.38519072550486
"asbio","DINVSP",5.38519072550486
"BiodiversityR","DINVSP",5.38519073
"breakaway","DINVSP",5.38519072550486
"chemodiv","DINVSP",5.38519072550486
"codyn","DINVSP",5.38519072550486
"divseg","DINVSP",1.18569444444444
"ecodive","DINVSP",5.38519072550486
"microbiome","DINVSP",5.38519072550486
"sprex","DINVSP",5.38519072550486
"vegan","DINVSP",5.38519072550486
"custom","DKO",0.32
"asbio","DLMD",24.0489812499059
"Compositional","DLMD",0.999958992306093
"sads","DLMD",1.08616399765985
"vegan","DLMD",193.438012273424
"abdiv","DMC",0.626245333485459
"adiv","DMC",0.626245333485459
"agricolae","DMC",0.626245333485459
"ecodive","DMC",0.626245333485459
"forestHES","DMC",0.626245333485459
"tabula","DMC",0.626245333485459
"abdiv","DMG",3.34204231769647
"adiv","DMG",3.34204231769647
"agricolae","DMG",7.10183992510499
"ecodive","DMG",3.34204231769647
"tabula","DMG",3.34204231769647
"abdiv","DMN",1.55188057959797
"adiv","DMN",1.55188057959797
"ecodive","DMN",1.55188057959797
"tabula","DMN",1.55188057959797
"custom","DOD",141.666666666667
"abdiv","DQ",6.25167851051884
"ade4","DRAO",0.814305555555555
"BAT","DRAO",0.814305555555557
"chemodiv","DRAO",194.114661753826
"diverse","DRAO",89.0278542371787
"SYNCSA","DRAO",0.814305555555556
"abdiv","DSHA",2.03679127607165
"adiv","DSHA",2.03679127607165
"aqp","DSHA",-476.210630675286
"asbio","DSHA",2.03679127607165
"benthos","DSHA",0
"BiodiversityR","DSHA",2.03679128
"biosampleR","DSHA",2.4570713728317
"chemodiv","DSHA",2.03679127607165
"codyn","DSHA",2.03679127607165
"DescTools","DSHA",2.93846867331447
"divDyn","DSHA",2.03679127607165
"divent","DSHA",2.03679127607165
"diverse","DSHA",2.4570713728317
"ecodive","DSHA",2.03679127607165
"EconGeo","DSHA",2.938
"entropart","DSHA",2.16510358136474
"forestmangr","DSHA",3.56
"HardyWeinberg","DSHA",2.03679127607165
"iNEXT","DSHA",2.037
"MCPAN","DSHA",2.03679127607165
"microbiome","DSHA",2.03679127607165
"OTUtable","DSHA",2.03679127607165
"pgirmess","DSHA",2.93846867331447
"SpiecEasi","DSHA",2.03679127607165
"sprex","DSHA",2.03679127607165
"tabula","DSHA",2.03679127607165
"triversity","DSHA",17
"vegan","DSHA",2.03679127607165
"wavethresh","DSHA",-17652.9980860489
"wiqid","DSHA",5.5912294440094
"abdiv","DSP",0.185694444444444
"agricolae","DSP",0.185694444444444
"antitrust","DSP",1856.94444444444
"benthos","DSP",0.178851540616247
"breakaway","DSP",0.185694444444444
"concstats","DSP",0.185694444444444
"DescTools","DSP",0.185694444444444
"diverse","DSP",0.0993454885460495
"divseg","DSP",1.18569444444444
"EconGeo","DSP",0.185694444444444
"hhi","DSP",0.185694444444444
"ineq","DSP",0.185694444444444
"microbiome","DSP",0.185694444444444
"PDtoolkit","DSP",0.185694444444444
"politics","DSP",0.185694444444444
"REAT","DSP",0.185694444444444
"sprex","DSP",0.185694444444444
"tabula","DSP",0.185694444444444
"triversity","DSP",0.185694444444444
"wiqid","DSP",5.5912294440094
"abdiv","EBP",0.291666666666667
"agricolae","EBP",0.291666666666667
"BiodiversityR","EBP",0.29166667
"diverse","EBP",0.193548387096774
"dyvDyn","EBP",0.0285714285714286
"ecodive","EBP",0.291666666666667
"microbiome","EBP",0.291666666666667
"tabula","EBP",0.291666666666667
"triversity","EBP",0.291666666666667
"wiqid","EBP",1
"tabula","EBRI",0.714598188953162
"BAT","EBU",0.417708333333333
"microbiome","EBU",0.417708333333333
"BAT","ECAM",0.919117647058823
"microbiome","ECAM",0.322549019607843
"codyn","EEQ",0.163809738879415
"custom","EEQ",0.0267776012851177
"adiv","EEVAR",0.372591256629346
"codyn","EEVAR",0.363375076101378
"custom","EEVAR",0.372591256629346
"microbiome","EEVAR",0.372591256629346
"acid","EGIN",0.828571428571429
"DescTools","EGIN",0.828571428571429
"dplR","EGIN",0.828571428571429
"EconGeo","EGIN",0.829
"giniVarCI","EGIN",0.828571428571429
"ineq","EGIN",0.828571428571429
"microbiome","EGIN",0.828571428571429
"REAT","EGIN",0.828571428571429
"shipunov","EGIN",0.828571428571429
"wINEQ","EGIN",0.828571428571429
"adiv","EGSP",0.865199652777778
"abdiv","EHEI",0.416623231607167
"adiv","EHEI",0.416623231607167
"custom","EHUL",0.516666666666667
"benthos","EHURE",0.821148459383753
"BiodiversityR","EHURE",0.82114846
"mobr","EHURE",0.821148459383753
"vegan","EHURE",0.821148459383745
"custom","ELR",0.1762595866959
"abdiv","EMC",0.496851237436118
"tabula","EMC",0.751292385949768
"microbiome","EMN",0.516666666666667
"custom","ENHC",-0.231623330348139
"custom","EPAT",0.268775103801506
"abdiv","EPIE",0.71889795392381
"adiv","EPIE",0.71889795392381
"BiodiversityR","EPIE",0.71889795
"breakaway","EPIE",0.71889795392381
"chemodiv","EPIE",0.71889795392381
"diverse","EPIE",0.886201171173632
"forestmangr","EPIE",1
"microbiome","EPIE",0.71889795392381
"OTUtable","EPIE",0.71889795392381
"pctax","EPIE",0.7189
"sprex","EPIE",0.71889795392381
"tabula","EPIE",0.71889795392381
"custom","ESHE",0.450939512100863
"adiv","ESP",0.316775925029698
"codyn","ESP",0.316775925029698
"sprex","ESP",0.119811251533626
"tabula","ESP",0.316775925029698
"abdiv","EST",0.548039215686275
"adiv","QHIL_0",17
"adiv","QHIL_1",7.66597170571466
"adiv","QHIL_2",5.38519072550486
"adiv","QHIL_3",4.73013165059339
"BAT","QHIL_0",17
"BAT","QHIL_1",7.66597170571466
"BAT","QHIL_2",5.38519072550486
"BAT","QHIL_3",4.73013165059339
"benthos","QHIL_0",35
"benthos","QHIL_1",7.66597170571466
"benthos","QHIL_2",5.38519072550486
"benthos","QHIL_3",4.73013165059339
"breakaway","QHIL_0",17
"breakaway","QHIL_1",7.66597170571466
"breakaway","QHIL_2",5.38519072550486
"breakaway","QHIL_3",4.73013165059339
"chemodiv","QHIL_0",17
"chemodiv","QHIL_1",7.66597170571466
"chemodiv","QHIL_2",5.38519072550486
"chemodiv","QHIL_3",4.73013165059339
"divDyn","QHIL_2",5.38519072550486
"divent","QHIL_0",24
"divent","QHIL_1",8.71550463396246
"divent","QHIL_2",5.58568165365311
"divent","QHIL_3",4.82667935826243
"entropart","QHIL_0",24
"entropart","QHIL_1",8.71550463396246
"entropart","QHIL_2",5.58568165365311
"entropart","QHIL_3",4.82667935826242
"EntropyEstimation","QHIL_1",8.24537728714491
"EntropyEstimation","QHIL_2",5.5912294440094
"EntropyEstimation","QHIL_3",4.92571162261869
"extremefit","QHIL",NA
"hilldiv","QHIL_0",17
"hilldiv","QHIL_1",7.66601584611279
"hilldiv","QHIL_2",5.38519072550486
"hilldiv","QHIL_3",4.73013165059339
"hillR","QHIL_0",17
"hillR","QHIL_1",7.66597170571466
"hillR","QHIL_2",5.38519072550486
"hillR","QHIL_3",4.73013165059339
"sprex","QHIL_0",17
"sprex","QHIL_1",7.66597170571466
"sprex","QHIL_2",5.38519072550486
"sprex","QHIL_3",4.73013165059339
"vegan","QHIL_0",17
"vegan","QHIL_1",7.66597170571466
"vegan","QHIL_2",5.38519072550486
"vegan","QHIL_3",4.73013165059339
"adiv","QREN_0",2.83321334405622
"adiv","QREN_1",2.03679127607165
"adiv","QREN_2",1.6836527279022
"adiv","QREN_3",1.55395303522293
"BiodiversityR","QREN_0",2.83321334405622
"BiodiversityR","QREN_1",2.03679127607165
"BiodiversityR","QREN_2",1.6836527279022
"BiodiversityR","QREN_3",1.55395303522293
"diverse","QREN_0",2.77258872223978
"diverse","QREN_1",2.4570713728317
"diverse","QREN_2",2.21613270367305
"diverse","QREN_3",2.06143277912842
"EntropyEstimation","QREN_1",2.1096527144728
"EntropyEstimation","QREN_2",1.72119919930109
"EntropyEstimation","QREN_3",1.59446875608838
"seewave","QREN_2",0.473554973741976
"seewave","QREN_3",0.437074804167541
"sprex","QREN_0",2.83321334405622
"sprex","QREN_1",2.03679127607165
"sprex","QREN_2",1.6836527279022
"sprex","QREN_3",1.55395303522293
"statcomp","QREN_1",0.572880978414921
"statcomp","QREN_2",0.473554965303983
"statcomp","QREN_3",0.437074797839047
"vegan","QREN_0",2.83321334405622
"vegan","QREN_1",2.03679127607165
"vegan","QREN_2",1.6836527279022
"vegan","QREN_3",1.55395303522293
"adiv","QTSA_0",16
"adiv","QTSA_1",2.03679127607165
"adiv","QTSA_2",0.814305555555556
"adiv","QTSA_3",0.477652777777778
"divent","QTSA_0",16
"divent","QTSA_1",2.03679127607165
"divent","QTSA_2",0.814305555555556
"divent","QTSA_3",0.477652777777778
"entropart","QTSA_0",23
"entropart","QTSA_1",2.16510358136474
"entropart","QTSA_2",0.820970821109007
"entropart","QTSA_3",0.478537855916596
"EntropyEstimation","QTSA_1",2.1096527144728
"EntropyEstimation","QTSA_2",0.821148459383753
"EntropyEstimation","QTSA_3",0.479392180601054
"vegan","QTSA_0",16
"vegan","QTSA_1",2.03679127607165
"vegan","QTSA_2",0.814305555555556
"vegan","QTSA_3",0.477652777777778
"BAT","RACE",27.050297210791
"ecodive","RACE",27.050297210791
"fossil","RACE",20.6296296296296
"pctax","RACE",27.0503
"sprex","RACE",126.55670269935
"tabula","RACE",27.050297210791
"vegan","RACE",27.050297210791
"wiqid","RACE",27.050297210791
"BiodiversityR","RBOO",17
"wiqid","RBOO",35
"BAT","RC1",22.25
"BiodiversityR","RC1",17
"biosampleR","RC1",16
"iNEXT","RC1",25.099
"microbiome","RC1",22.25
"pctax","RC1",22.25
"rareNMtests","RC1",17
"SpadeR","RC1",17
"SSP","RC1",16
"vegan","RC1",22.25
"BAT","RC1M",26.022491349481
"divent","RC1M",25.0986111111111
"ecodive","RC1M",25.1666666666667
"entropart","RC1M",25.0986111111111
"fossil","RC1M",25.1666666666667
"mobr","RC1M",25.0986111111111
"OTUtable","RC1M",25.1666666666667
"tabula","RC1M",25.0986111111111
"wiqid","RC1M",25.1666666666667
"BAT","RCA2",34.9708333333333
"divDyn","RCA2",21.9411764705882
"fossil","RCA2",25.1666666666667
"tabula","RCA2",17
"wiqid","RCA2",17
"benthos","RHUR_2",1.82114845938374
"benthos","RHUR_3",2.50466101694915
"divent","RHUR_2",5.59123283242122
"divent","RHUR_3",5.70244569150956
"entropart","RHUR_2",1.82114845938374
"entropart","RHUR_3",2.50466101694915
"mobsim","RHUR_2",1.82114845938374
"mobsim","RHUR_3",2.50466101694915
"tabula","RHUR_2",1.82114845938417
"tabula","RHUR_3",2.50466101694945
"vegan","RHUR_2",1.82114845938374
"vegan","RHUR_3",2.50466101694915
"BAT","RICE",35.1152875598609
"fossil","RICE",20.6296296296296
"tabula","RICE",17
"wiqid","RICE",17
"BAT","RJA1",24
"BiodiversityR","RJA1",17
"divent","RJA1",24
"entropart","RJA1",24
"fossil","RJA1",23.9416666666667
"SSP","RJA1",16
"tabula","RJA1",2.03679127607165
"wiqid","RJA1",24
"BAT","RJA2",28
"BiodiversityR","RJA2",17
"fossil","RJA2",27.7247899159664
"SSP","RJA2",16
"wiqid","RJA2",28
"sprex","RMM",128
"wiqid","RMM",0
"divDyn","RSQ",26.1748476997409
"ecodive","RSQ",26.1748476997409
"tabula","RSQ",26.1748476997409
"abdiv","D1SP",0.812723445487654
"ade4","D1SP",0.812723445487654
"adiv","D1SP",0.812723445487654
"agricolae","D1SP",1
"asbio","D1SP",0.812723445487654
"BiodiversityR","D1SP",0.81272345
"biosampleR","D1SP",0.847750865051903
"breakaway","D1SP",0.812723445487654
"catsim","D1SP",0.793469387755102
"concstats","2_D1SP",0.795378151260504
"concstats","D1SP",0.976096369250363
"CUB","D1SP",0.836627076237291
"DescTools","2_D1SP",0.812723445487654
"DescTools","D1SP",0.803808228493709
"divent","D1SP",0.812723445487654
"diverse","D1SP",0.847750865051903
"ecodive","D1SP",0.812723445487654
"entropart","D1SP",0.812723445487654
"lawstat","D1SP",0.80380822849371
"MCPAN","D1SP",-5604
"microbiome","D1SP",0.812723445487654
"PCRA","D1SP",0.812723445487654
"RoughSets","D1SP",0.812723445487654
"simboot","D1SP",-5604
"sprex","D1SP",0.812723445487654
"untb","D1SP",0.817448581798629
"vegan","D1SP",0.812723445487654
"abdiv","DBRI",2.05460322733394
"ecodive","DBRI",2.05460322733394
"tabula","DBRI",2.05460322733394
"wiqid","DBRI",7.803740947188
"BiodiversityR","DFIS",6.68388266
"ecodive","DFIS",6.684
"microbiome","DFIS",6.68388266416656
"preseqR","DFIS",6.68813577182757
"sads","DFIS",6.68388284130619
"vegan","DFIS",6.68388266416656
"custom","DGLE",4.26911607786558
"DGOO","1_1",2.23502351199203
"DGOO","1_2",0.401975934815141
"DGOO","1_3",1
"DGOO","2_1",0.243350462062301
"DGOO","2_2",0.864605020238551
"DGOO","2_3",1
"DGOO","3_1",0.0624895930765883
"DGOO","3_2",0.100074009061275
"DGOO","3_3",1
"abdiv","DINVSP",5.33969669937556
"adiv","DINVSP",5.33969669937556
"asbio","DINVSP",5.33969669937556
"BiodiversityR","DINVSP",5.3396967
"breakaway","DINVSP",5.33969669937556
"chemodiv","DINVSP",5.33969669937556
"codyn","DINVSP",5.33969669937556
"divseg","DINVSP",1.18727655451235
"ecodive","DINVSP",5.33969669937556
"microbiome","DINVSP",5.33969669937556
"sprex","DINVSP",5.33969669937556
"vegan","DINVSP",5.33969669937556
"custom","DKO",0.12
"asbio","DLMD",41.4549501857563
"Compositional","DLMD",0.999958992306093
"sads","DLMD",1.23997343252038
"vegan","DLMD",37.2997997240472
"abdiv","DMC",0.613920931767046
"adiv","DMC",0.613920931767046
"agricolae","DMC",0.613920931767046
"ecodive","DMC",0.613920931767046
"forestHES","DMC",0.613920931767046
"tabula","DMC",0.613920931767046
"abdiv","DMG",4.0750653470535
"adiv","DMG",4.0750653470535
"agricolae","DMG",6.59772484761044
"ecodive","DMG",4.0750653470535
"tabula","DMG",4.0750653470535
"abdiv","DMN",1.67262902679335
"adiv","DMN",1.67262902679335
"ecodive","DMN",1.67262902679335
"tabula","DMN",1.67262902679335
"custom","DOD",127.167630057803
"abdiv","DQ",4.58842961024189
"ade4","DRAO",0.812723445487654
"BAT","DRAO",0.81272344548765
"chemodiv","DRAO",116.032386147754
"diverse","DRAO",111.001124550194
"SYNCSA","DRAO",0.812723445487655
"abdiv","DSHA",2.23502351199203
"adiv","DSHA",2.23502351199203
"aqp","DSHA",-728.359564076497
"asbio","DSHA",2.23502351199203
"benthos","DSHA",0
"BiodiversityR","DSHA",2.23502351
"biosampleR","DSHA",2.16151178715681
"chemodiv","DSHA",2.23502351199203
"codyn","DSHA",2.23502351199203
"DescTools","DSHA",3.22445733702113
"divDyn","DSHA",2.23502351199203
"divent","DSHA",2.23502351199203
"diverse","DSHA",2.16151178715681
"ecodive","DSHA",2.23502351199203
"EconGeo","DSHA",3.224
"entropart","DSHA",2.34704577822628
"forestmangr","DSHA",3.56
"HardyWeinberg","DSHA",2.23502351199203
"iNEXT","DSHA",2.235
"MCPAN","DSHA",2.23502351199203
"microbiome","DSHA",2.23502351199203
"OTUtable","DSHA",2.23502351199203
"pgirmess","DSHA",3.22445733702113
"SpiecEasi","DSHA",2.23502351199203
"sprex","DSHA",2.23502351199203
"tabula","DSHA",2.23502351199203
"triversity","DSHA",22
"vegan","DSHA",2.23502351199203
"wavethresh","DSHA",-43201.9268161949
"wiqid","DSHA",5.4779086892489
"abdiv","DSP",0.187276554512346
"agricolae","DSP",0.187276554512346
"antitrust","DSP",1872.76554512346
"benthos","DSP",0.182551418201371
"breakaway","DSP",0.187276554512346
"concstats","DSP",0.187276554512346
"DescTools","DSP",0.187276554512346
"diverse","DSP",0.145969498910675
"divseg","DSP",1.18727655451235
"EconGeo","DSP",0.187276554512346
"hhi","DSP",0.187276554512346
"ineq","DSP",0.187276554512346
"microbiome","DSP",0.187276554512346
"PDtoolkit","DSP",0.187276554512346
"politics","DSP",0.187276554512346
"REAT","DSP",0.187276554512346
"sprex","DSP",0.187276554512346
"tabula","DSP",0.187276554512346
"triversity","DSP",0.187276554512346
"wiqid","DSP",5.4779086892489
"abdiv","EBP",0.38150289017341
"agricolae","EBP",0.38150289017341
"BiodiversityR","EBP",0.38150289
"diverse","EBP",0.279411764705882
"dyvDyn","EBP",0.0285714285714286
"ecodive","EBP",0.38150289017341
"microbiome","EBP",0.38150289017341
"tabula","EBP",0.38150289017341
"triversity","EBP",0.38150289017341
"wiqid","EBP",1
"tabula","EBRI",0.718142258427179
"BAT","EBU",0.450867052023121
"microbiome","EBU",0.450867052023121
"BAT","ECAM",0.937967620048545
"microbiome","ECAM",0.327640567524961
"codyn","EEQ",0.168251719991505
"custom","EEQ",0.0156618106266054
"adiv","EEVAR",0.403158881795141
"codyn","EEVAR",0.397848614245458
"custom","EEVAR",0.403158881795141
"microbiome","EEVAR",0.403158881795141
"acid","EGIN",0.780842279108175
"DescTools","EGIN",0.780842279108175
"dplR","EGIN",0.780842279108175
"EconGeo","EGIN",0.781
"giniVarCI","EGIN",0.780842279108175
"ineq","EGIN",0.780842279108175
"microbiome","EGIN",0.780842279108175
"REAT","EGIN",0.780842279108175
"shipunov","EGIN",0.780842279108175
"wINEQ","EGIN",0.780842279108175
"adiv","EGSP",0.851424561939447
"abdiv","EHEI",0.397461981389852
"adiv","EHEI",0.397461981389852
"custom","EHUL",0.497109826589595
"benthos","EHURE",0.817448581798629
"BiodiversityR","EHURE",0.81744858
"mobr","EHURE",0.817448581798629
"vegan","EHURE",0.817448581798657
"custom","ELR",0.163736160227805
"abdiv","EMC",0.492319386555494
"tabula","EMC",0.720953106388309
"microbiome","EMN",0.497109826589595
"custom","ENHC",-0.174004842238448
"custom","EPAT",0.182544789589394
"abdiv","EPIE",0.723064644280039
"adiv","EPIE",0.723064644280039
"BiodiversityR","EPIE",0.72306464
"breakaway","EPIE",0.723064644280039
"chemodiv","EPIE",0.723064644280039
"diverse","EPIE",0.779600584038543
"forestmangr","EPIE",1
"microbiome","EPIE",0.723064644280039
"OTUtable","EPIE",0.723064644280039
"pctax","EPIE",0.7231
"sprex","EPIE",0.723064644280039
"tabula","EPIE",0.723064644280039
"custom","ESHE",0.424850073144859
"adiv","ESP",0.242713486335253
"codyn","ESP",0.242713486335253
"sprex","ESP",0.10159197781782
"tabula","ESP",0.242713486335253
"abdiv","EST",0.524172359432475
"adiv","QHIL_0",22
"adiv","QHIL_1",9.3467016091869
"adiv","QHIL_2",5.33969669937556
"adiv","QHIL_3",4.10227208348307
"BAT","QHIL_0",22
"BAT","QHIL_1",9.3467016091869
"BAT","QHIL_2",5.33969669937556
"BAT","QHIL_3",4.10227208348307
"benthos","QHIL_0",35
"benthos","QHIL_1",9.3467016091869
"benthos","QHIL_2",5.33969669937556
"benthos","QHIL_3",4.10227208348307
"breakaway","QHIL_0",22
"breakaway","QHIL_1",9.3467016091869
"breakaway","QHIL_2",5.33969669937556
"breakaway","QHIL_3",4.10227208348307
"chemodiv","QHIL_0",22
"chemodiv","QHIL_1",9.3467016091869
"chemodiv","QHIL_2",5.33969669937556
"chemodiv","QHIL_3",4.10227208348307
"divDyn","QHIL_2",5.33969669937556
"divent","QHIL_0",29
"divent","QHIL_1",10.4546387373308
"divent","QHIL_2",5.47411846497725
"divent","QHIL_3",4.13777271357986
"entropart","QHIL_0",29
"entropart","QHIL_1",10.4546387373308
"entropart","QHIL_2",5.47411846497725
"entropart","QHIL_3",4.13777271357986
"EntropyEstimation","QHIL_1",9.97890608130873
"EntropyEstimation","QHIL_2",5.47790868924891
"EntropyEstimation","QHIL_3",4.180099910021
"extremefit","QHIL",NA
"hilldiv","QHIL_0",22
"hilldiv","QHIL_1",9.34677319784481
"hilldiv","QHIL_2",5.33969669937556
"hilldiv","QHIL_3",4.10227208348307
"hillR","QHIL_0",22
"hillR","QHIL_1",9.3467016091869
"hillR","QHIL_2",5.33969669937556
"hillR","QHIL_3",4.10227208348307
"sprex","QHIL_0",22
"sprex","QHIL_1",9.3467016091869
"sprex","QHIL_2",5.33969669937556
"sprex","QHIL_3",4.10227208348307
"vegan","QHIL_0",22
"vegan","QHIL_1",9.3467016091869
"vegan","QHIL_2",5.33969669937556
"vegan","QHIL_3",4.10227208348307
"adiv","QREN_0",3.09104245335832
"adiv","QREN_1",2.23502351199203
"adiv","QREN_2",1.6751688534893
"adiv","QREN_3",1.41154098691979
"BiodiversityR","QREN_0",3.09104245335832
"BiodiversityR","QREN_1",2.23502351199203
"BiodiversityR","QREN_2",1.6751688534893
"BiodiversityR","QREN_3",1.41154098691979
"diverse","QREN_0",2.77258872223978
"diverse","QREN_1",2.16151178715681
"diverse","QREN_2",1.88223705419417
"diverse","QREN_3",1.73289339475025
"EntropyEstimation","QREN_1",2.30047347322433
"EntropyEstimation","QREN_2",1.7007234020727
"EntropyEstimation","QREN_3",1.43033514816992
"seewave","QREN_2",0.471168740597632
"seewave","QREN_3",0.397019074863837
"sprex","QREN_0",3.09104245335832
"sprex","QREN_1",2.23502351199203
"sprex","QREN_2",1.6751688534893
"sprex","QREN_3",1.41154098691979
"statcomp","QREN_1",0.628637048563883
"statcomp","QREN_2",0.471168736370507
"statcomp","QREN_3",0.397019071693493
"vegan","QREN_0",3.09104245335832
"vegan","QREN_1",2.23502351199203
"vegan","QREN_2",1.6751688534893
"vegan","QREN_3",1.41154098691979
"adiv","QTSA_0",21
"adiv","QTSA_1",2.23502351199203
"adiv","QTSA_2",0.812723445487654
"adiv","QTSA_3",0.470288739226188
"divent","QTSA_0",21
"divent","QTSA_1",2.23502351199203
"divent","QTSA_2",0.812723445487654
"divent","QTSA_3",0.470288739226188
"entropart","QTSA_0",28
"entropart","QTSA_1",2.34704577822628
"entropart","QTSA_2",0.8173221850426
"entropart","QTSA_3",0.470796376440905
"EntropyEstimation","QTSA_1",2.30047347322433
"EntropyEstimation","QTSA_2",0.817448581798629
"EntropyEstimation","QTSA_3",0.471384806956227
"vegan","QTSA_0",21
"vegan","QTSA_1",2.23502351199203
"vegan","QTSA_2",0.812723445487654
"vegan","QTSA_3",0.470288739226188
"BAT","RACE",28.3844880174292
"ecodive","RACE",28.3844880174292
"fossil","RACE",24.8
"pctax","RACE",28.3845
"sprex","RACE",174.422361522219
"tabula","RACE",28.3844880174292
"vegan","RACE",28.3844880174292
"wiqid","RACE",28.3844880174292
"BiodiversityR","RBOO",22
"wiqid","RBOO",35
"BAT","RC1",29
"BiodiversityR","RC1",22
"biosampleR","RC1",18
"iNEXT","RC1",34.179
"microbiome","RC1",29
"pctax","RC1",29
"rareNMtests","RC1",22
"SpadeR","RC1",22
"SSP","RC1",21
"vegan","RC1",29
"BAT","RC1M",31.9359504132231
"divent","RC1M",34.1791907514451
"ecodive","RC1M",34.25
"entropart","RC1M",34.1791907514451
"fossil","RC1M",34.25
"mobr","RC1M",34.1791907514451
"OTUtable","RC1M",34.25
"tabula","RC1M",34.1791907514451
"wiqid","RC1M",34.25
"BAT","RCA2",34.9961666666667
"divDyn","RCA2",28.6818181818182
"fossil","RCA2",34.25
"tabula","RCA2",22
"wiqid","RCA2",22
"benthos","RHUR_2",1.81744858179866
"benthos","RHUR_3",2.50957613148348
"divent","RHUR_2",5.47791040431395
"divent","RHUR_3",5.7633789758573
"entropart","RHUR_2",1.81744858179866
"entropart","RHUR_3",2.50957613148348
"mobsim","RHUR_2",1.81744858179866
"mobsim","RHUR_3",2.50957613148348
"tabula","RHUR_2",1.81784066294948
"tabula","RHUR_3",2.50972284276519
"vegan","RHUR_2",1.81744858179866
"vegan","RHUR_3",2.50957613148348
"BAT","RICE",35.0618674122674
"fossil","RICE",24.8
"tabula","RICE",22
"wiqid","RICE",22
"BAT","RJA1",29
"BiodiversityR","RJA1",22
"divent","RJA1",29
"entropart","RJA1",29
"fossil","RJA1",28.9595375722543
"SSP","RJA1",21
"tabula","RJA1",2.23502351199203
"wiqid","RJA1",29
"BAT","RJA2",34
"BiodiversityR","RJA2",22
"fossil","RJA2",33.7918403011157
"SSP","RJA2",21
"wiqid","RJA2",34
"sprex","RMM",186
"wiqid","RMM",0
"divDyn","RSQ",31.224013434089
"ecodive","RSQ",31.224013434089
"tabula","RSQ",31.224013434089
"abdiv","D1SP",0.859832805778752
"ade4","D1SP",0.859832805778752
"adiv","D1SP",0.859832805778752
"agricolae","D1SP",1
"asbio","D1SP",0.859832805778752
"BiodiversityR","D1SP",0.85983281
"biosampleR","D1SP",0.846848761823786
"breakaway","D1SP",0.859832805778752
"catsim","D1SP",0.723265306122449
"concstats","2_D1SP",0.795378151260504
"concstats","D1SP",0.974710799830037
"CUB","D1SP",0.885122005948715
"DescTools","2_D1SP",0.859832805778752
"DescTools","D1SP",0.798622151563328
"divent","D1SP",0.859832805778752
"diverse","D1SP",0.846848761823786
"ecodive","D1SP",0.859832805778752
"entropart","D1SP",0.859832805778752
"lawstat","D1SP",0.798622151563328
"MCPAN","D1SP",-1726
"microbiome","D1SP",0.859832805778752
"PCRA","D1SP",0.859832805778752
"RoughSets","D1SP",0.859832805778752
"simboot","D1SP",-1726
"sprex","D1SP",0.859832805778752
"untb","D1SP",0.867649467649468
"vegan","D1SP",0.859832805778752
"abdiv","DBRI",2.10170855245103
"ecodive","DBRI",2.10170855245102
"tabula","DBRI",2.10170855245103
"wiqid","DBRI",8.1801341681218
"BiodiversityR","DFIS",6.08809149
"ecodive","DFIS",6.088
"microbiome","DFIS",6.08809149324541
"preseqR","DFIS",8.36395826237642
"sads","DFIS",6.08809044467058
"vegan","DFIS",6.08809149324541
"custom","DGLE",3.82203727985102
"DGOO","1_1",2.32674415127102
"DGOO","1_2",0.45704540539497
"DGOO","1_3",1
"DGOO","2_1",0.2391521274074
"DGOO","2_2",1.00077394517754
"DGOO","2_3",1
"DGOO","3_1",0.04303419109045
"DGOO","3_2",0.115131644720921
"DGOO","3_3",1
"abdiv","DINVSP",7.13433700057904
"adiv","DINVSP",7.13433700057904
"asbio","DINVSP",7.13433700057904
"BiodiversityR","DINVSP",7.134337
"breakaway","DINVSP",7.13433700057904
"chemodiv","DINVSP",7.13433700057904
"codyn","DINVSP",7.13433700057904
"divseg","DINVSP",1.14016719422125
"ecodive","DINVSP",7.13433700057904
"microbiome","DINVSP",7.13433700057904
"sprex","DINVSP",7.13433700057904
"vegan","DINVSP",7.13433700057904
"custom","DKO",0.28
"asbio","DLMD",35.9575397543909
"Compositional","DLMD",0.999958992306093
"sads","DLMD",1.22661547602497
"vegan","DLMD",24.886684446995
"abdiv","DMC",0.691218457927422
"adiv","DMC",0.691218457927422
"agricolae","DMC",0.691218457927422
"ecodive","DMC",0.691218457927422
"forestHES","DMC",0.691218457927422
"tabula","DMC",0.691218457927422
"abdiv","DMG",3.60970187541485
"adiv","DMG",3.60970187541485
"agricolae","DMG",7.2194037508297
"ecodive","DMG",3.60970187541485
"tabula","DMG",3.60970187541485
"abdiv","DMN",1.7084843923545
"adiv","DMN",1.7084843923545
"ecodive","DMN",1.7084843923545
"tabula","DMN",1.7084843923545
"custom","DOD",162.162162162162
"abdiv","DQ",5.91655497307444
"ade4","DRAO",0.859832805778752
"BAT","DRAO",0.859832805778752
"chemodiv","DRAO",130.408900370268
"diverse","DRAO",74.0772286042517
"SYNCSA","DRAO",0.859832805778752
"abdiv","DSHA",2.32674415127102
"adiv","DSHA",2.32674415127102
"aqp","DSHA",-381.577331586235
"asbio","DSHA",2.32674415127102
"benthos","DSHA",0
"BiodiversityR","DSHA",2.32674415
"biosampleR","DSHA",2.28586349862987
"chemodiv","DSHA",2.32674415127102
"codyn","DSHA",2.32674415127102
"DescTools","DSHA",3.35678224845609
"divDyn","DSHA",2.32674415127102
"divent","DSHA",2.32674415127102
"diverse","DSHA",2.28586349862987
"ecodive","DSHA",2.32674415127102
"EconGeo","DSHA",3.357
"entropart","DSHA",2.44720581504766
"forestmangr","DSHA",3.56
"HardyWeinberg","DSHA",2.32674415127102
"iNEXT","DSHA",2.327
"MCPAN","DSHA",2.32674415127102
"microbiome","DSHA",2.32674415127102
"OTUtable","DSHA",2.32674415127102
"pgirmess","DSHA",3.35678224845609
"SpiecEasi","DSHA",2.32674415127102
"sprex","DSHA",2.32674415127102
"tabula","DSHA",2.32674415127102
"triversity","DSHA",18
"vegan","DSHA",2.32674415127102
"wavethresh","DSHA",-10373.5305917597
"wiqid","DSHA",7.55569306930693
"abdiv","DSP",0.140167194221248
"agricolae","DSP",0.140167194221248
"antitrust","DSP",1401.67194221248
"benthos","DSP",0.132350532350532
"breakaway","DSP",0.140167194221248
"concstats","DSP",0.140167194221248
"DescTools","DSP",0.140167194221248
"diverse","DSP",0.148763420757438
"divseg","DSP",1.14016719422125
"EconGeo","DSP",0.140167194221248
"hhi","DSP",0.140167194221248
"ineq","DSP",0.140167194221248
"microbiome","DSP",0.140167194221248
"PDtoolkit","DSP",0.140167194221248
"politics","DSP",0.140167194221248
"REAT","DSP",0.140167194221248
"sprex","DSP",0.140167194221248
"tabula","DSP",0.140167194221248
"triversity","DSP",0.140167194221248
"wiqid","DSP",7.55569306930693
"abdiv","EBP",0.27027027027027
"agricolae","EBP",0.27027027027027
"BiodiversityR","EBP",0.27027027
"diverse","EBP",0.288659793814433
"dyvDyn","EBP",0.0285714285714286
"ecodive","EBP",0.27027027027027
"microbiome","EBP",0.27027027027027
"tabula","EBP",0.27027027027027
"triversity","EBP",0.27027027027027
"wiqid","EBP",1
"tabula","EBRI",0.802322145571957
"BAT","EBU",0.531001589825119
"microbiome","EBU",0.531001589825119
"BAT","ECAM",0.933639521874816
"microbiome","ECAM",0.441441441441441
"codyn","EEQ",0.184795351219527
"custom","EEQ",0.0217167420140728
"adiv","EEVAR",0.465426715087293
"codyn","EEVAR",0.45652724557081
"custom","EEVAR",0.465426715087293
"microbiome","EEVAR",0.465426715087293
"acid","EGIN",0.775804375804376
"DescTools","EGIN",0.775804375804376
"dplR","EGIN",0.775804375804376
"EconGeo","EGIN",0.776
"giniVarCI","EGIN",0.775804375804376
"ineq","EGIN",0.775804375804376
"microbiome","EGIN",0.775804375804376
"REAT","EGIN",0.775804375804376
"shipunov","EGIN",0.775804375804376
"wINEQ","EGIN",0.775804375804376
"adiv","EGSP",0.910411206118678
"abdiv","EHEI",0.543796031000838
"adiv","EHEI",0.543796031000838
"custom","EHUL",0.459459459459459
"benthos","EHURE",0.867649467649468
"BiodiversityR","EHURE",0.86764947
"mobr","EHURE",0.867649467649467
"vegan","EHURE",0.867649467649473
"custom","ELR",0.221691347123568
"abdiv","EMC",0.441673086999832
"tabula","EMC",0.818543445694104
"microbiome","EMN",0.459459459459459
"custom","ENHC",-0.197978106927108
"custom","EPAT",0.142646639280786
"abdiv","EPIE",0.804998230734374
"adiv","EPIE",0.804998230734374
"BiodiversityR","EPIE",0.80499823
"breakaway","EPIE",0.804998230734374
"chemodiv","EPIE",0.804998230734374
"diverse","EPIE",0.750811841721604
"forestmangr","EPIE",1
"microbiome","EPIE",0.804998230734374
"OTUtable","EPIE",0.804998230734374
"pctax","EPIE",0.805
"sprex","EPIE",0.804998230734374
"tabula","EPIE",0.804998230734374
"custom","ESHE",0.569140695945236
"adiv","ESP",0.396352055587724
"codyn","ESP",0.396352055587724
"sprex","ESP",0.129263563959501
"tabula","ESP",0.396352055587724
"abdiv","EST",0.442942942942943
"adiv","QHIL_0",18
"adiv","QHIL_1",10.2445325270142
"adiv","QHIL_2",7.13433700057904
"adiv","QHIL_3",5.88589346876736
"BAT","QHIL_0",18
"BAT","QHIL_1",10.2445325270142
"BAT","QHIL_2",7.13433700057904
"BAT","QHIL_3",5.88589346876736
"benthos","QHIL_0",35
"benthos","QHIL_1",10.2445325270142
"benthos","QHIL_2",7.13433700057904
"benthos","QHIL_3",5.88589346876736
"breakaway","QHIL_0",18
"breakaway","QHIL_1",10.2445325270142
"breakaway","QHIL_2",7.13433700057904
"breakaway","QHIL_3",5.88589346876736
"chemodiv","QHIL_0",18
"chemodiv","QHIL_1",10.2445325270142
"chemodiv","QHIL_2",7.13433700057904
"chemodiv","QHIL_3",5.88589346876736
"divDyn","QHIL_2",7.13433700057904
"divent","QHIL_0",23
"divent","QHIL_1",11.5560119309252
"divent","QHIL_2",7.55045197617481
"divent","QHIL_3",6.10568684955279
"entropart","QHIL_0",23
"entropart","QHIL_1",11.5560119309252
"entropart","QHIL_2",7.55045197617481
"entropart","QHIL_3",6.10568684955279
"EntropyEstimation","QHIL_1",11.1248518412334
"EntropyEstimation","QHIL_2",7.55569306930693
"EntropyEstimation","QHIL_3",6.20938043235624
"extremefit","QHIL",NA
"hilldiv","QHIL_0",18
"hilldiv","QHIL_1",10.2445816204104
"hilldiv","QHIL_2",7.13433700057904
"hilldiv","QHIL_3",5.88589346876736
"hillR","QHIL_0",18
"hillR","QHIL_1",10.2445325270142
"hillR","QHIL_2",7.13433700057904
"hillR","QHIL_3",5.88589346876736
"sprex","QHIL_0",18
"sprex","QHIL_1",10.2445325270142
"sprex","QHIL_2",7.13433700057904
"sprex","QHIL_3",5.88589346876736
"vegan","QHIL_0",18
"vegan","QHIL_1",10.2445325270142
"vegan","QHIL_2",7.13433700057904
"vegan","QHIL_3",5.88589346876736
"adiv","QREN_0",2.89037175789616
"adiv","QREN_1",2.32674415127102
"adiv","QREN_2",1.96491932447799
"adiv","QREN_3",1.77255855055938
"BiodiversityR","QREN_0",2.89037175789616
"BiodiversityR","QREN_1",2.32674415127102
"BiodiversityR","QREN_2",1.96491932447799
"BiodiversityR","QREN_3",1.77255855055938
"diverse","QREN_0",3.04452243772342
"diverse","QREN_1",2.28586349862987
"diverse","QREN_2",1.87632936100724
"diverse","QREN_3",1.68292925299575
"EntropyEstimation","QREN_1",2.40918151032168
"EntropyEstimation","QREN_2",2.02230132802371
"EntropyEstimation","QREN_3",1.82606112162127
"seewave","QREN_2",0.55266582093385
"seewave","QREN_3",0.498561193693589
"sprex","QREN_0",2.89037175789616
"sprex","QREN_1",2.32674415127102
"sprex","QREN_2",1.96491932447799
"sprex","QREN_3",1.77255855055938
"statcomp","QREN_1",0.654434983869425
"statcomp","QREN_2",0.552665812318483
"statcomp","QREN_3",0.498561187232063
"vegan","QREN_0",2.89037175789616
"vegan","QREN_1",2.32674415127102
"vegan","QREN_2",1.96491932447799
"vegan","QREN_3",1.77255855055938
"adiv","QTSA_0",17
"adiv","QTSA_1",2.32674415127102
"adiv","QTSA_2",0.859832805778752
"adiv","QTSA_3",0.485567378920191
"divent","QTSA_0",17
"divent","QTSA_1",2.32674415127102
"divent","QTSA_2",0.859832805778752
"divent","QTSA_3",0.485567378920191
"entropart","QTSA_0",22
"entropart","QTSA_1",2.44720581504766
"entropart","QTSA_2",0.867557597458342
"entropart","QTSA_3",0.486587771253559
"EntropyEstimation","QTSA_1",2.40918151032168
"EntropyEstimation","QTSA_2",0.867649467649468
"EntropyEstimation","QTSA_3",0.487031986114555
"vegan","QTSA_0",17
"vegan","QTSA_1",2.32674415127102
"vegan","QTSA_2",0.859832805778752
"vegan","QTSA_3",0.485567378920191
"BAT","RACE",22.6784607438017
"ecodive","RACE",22.6784607438017
"fossil","RACE",19.7045454545455
"pctax","RACE",22.6785
"sprex","RACE",124.325941307579
"tabula","RACE",22.6784607438017
"vegan","RACE",22.6784607438017
"wiqid","RACE",22.6784607438017
"BiodiversityR","RBOO",18
"wiqid","RBOO",35
"BAT","RC1",20.5
"BiodiversityR","RC1",18
"biosampleR","RC1",24
"iNEXT","RC1",22.129
"microbiome","RC1",20.5
"pctax","RC1",20.5
"rareNMtests","RC1",18
"SpadeR","RC1",18
"SSP","RC1",17
"vegan","RC1",20.5
"BAT","RC1M",22.0817901234568
"divent","RC1M",22.1291291291291
"ecodive","RC1M",22.1666666666667
"entropart","RC1M",22.1291291291291
"fossil","RC1M",22.1666666666667
"mobr","RC1M",22.1291291291291
"OTUtable","RC1M",22.1666666666667
"tabula","RC1M",22.1291291291291
"wiqid","RC1M",22.1666666666667
"BAT","RCA2",35.0078333333333
"divDyn","RCA2",20.3611111111111
"fossil","RCA2",22.1666666666667
"tabula","RCA2",18
"wiqid","RCA2",18
"benthos","RHUR_2",1.86764946764947
"benthos","RHUR_3",2.62888443071936
"divent","RHUR_2",7.55569865203933
"divent","RHUR_3",7.73541475589015
"entropart","RHUR_2",1.86764946764947
"entropart","RHUR_3",2.62888443071937
"mobsim","RHUR_2",1.86764946764947
"mobsim","RHUR_3",2.62888443071936
"tabula","RHUR_2",1.86764946764796
"tabula","RHUR_3",2.62888443071869
"vegan","RHUR_2",1.86764946764947
"vegan","RHUR_3",2.62888443071936
"BAT","RICE",35.042582964807
"fossil","RICE",19.7045454545455
"tabula","RICE",18
"wiqid","RICE",18
"BAT","RJA1",23
"BiodiversityR","RJA1",18
"divent","RJA1",23
"entropart","RJA1",23
"fossil","RJA1",22.954954954955
"SSP","RJA1",17
"tabula","RJA1",2.32674415127102
"wiqid","RJA1",23
"BAT","RJA2",25
"BiodiversityR","RJA2",18
"fossil","RJA2",24.8105651105651
"SSP","RJA2",17
"wiqid","RJA2",25
"sprex","RMM",116
"wiqid","RMM",0
"divDyn","RSQ",21.5299648434306
"ecodive","RSQ",21.5299648434306
"tabula","RSQ",21.5299648434306
"abdiv","D1SP",0.758866975083191
"ade4","D1SP",0.758866975083192
"adiv","D1SP",0.758866975083191
"agricolae","D1SP",1
"asbio","D1SP",0.758866975083191
"BiodiversityR","D1SP",0.75886698
"biosampleR","D1SP",0.831912994075156
"breakaway","D1SP",0.758866975083191
"catsim","D1SP",0.437551020408163
"concstats","2_D1SP",0.795378151260504
"concstats","D1SP",0.977680383085789
"CUB","D1SP",0.781186591997403
"DescTools","2_D1SP",0.758866975083192
"DescTools","D1SP",0.913619501854796
"divent","D1SP",0.758866975083191
"diverse","D1SP",0.831912994075156
"ecodive","D1SP",0.758866975083191
"entropart","D1SP",0.758866975083191
"lawstat","D1SP",0.913619501854796
"MCPAN","D1SP",-2970
"microbiome","D1SP",0.758866975083191
"PCRA","D1SP",0.758866975083191
"RoughSets","D1SP",0.758866975083191
"simboot","D1SP",-2970
"sprex","D1SP",0.758866975083191
"untb","D1SP",0.765765765765766
"vegan","D1SP",0.758866975083191
"abdiv","DBRI",1.52380898164976
"ecodive","DBRI",1.52380898164976
"tabula","DBRI",1.52380898164976
"wiqid","DBRI",4.58967392686249
"BiodiversityR","DFIS",2.3125657
"ecodive","DFIS",2.313
"microbiome","DFIS",2.31256569818229
"preseqR","DFIS",8.8318819369303
"sads","DFIS",2.31255688517472
"vegan","DFIS",2.31256569818229
"custom","DGLE",1.91101863992551
"DGOO","1_1",1.64167062992938
"DGOO","1_2",0.440888409479731
"DGOO","1_3",1
"DGOO","2_1",0.308229570994601
"DGOO","2_2",0.724829756985997
"DGOO","2_3",1
"DGOO","3_1",0.0827284861853508
"DGOO","3_2",0.136035060544684
"DGOO","3_3",1
"abdiv","DINVSP",4.14708852238304
"adiv","DINVSP",4.14708852238304
"asbio","DINVSP",4.14708852238304
"BiodiversityR","DINVSP",4.14708852
"breakaway","DINVSP",4.14708852238304
"chemodiv","DINVSP",4.14708852238304
"codyn","DINVSP",4.14708852238304
"divseg","DINVSP",1.24113302491681
"ecodive","DINVSP",4.14708852238304
"microbiome","DINVSP",4.14708852238304
"sprex","DINVSP",4.14708852238304
"vegan","DINVSP",4.14708852238304
"custom","DKO",0.64
"asbio","DLMD",7.63024632055947
"Compositional","DLMD",0.999958992306093
"sads","DLMD",1.73591181850573
"vegan","DLMD",NA
"abdiv","DMC",0.562320084792843
"adiv","DMC",0.562320084792843
"agricolae","DMC",0.562320084792843
"ecodive","DMC",0.562320084792843
"forestHES","DMC",0.562320084792843
"tabula","DMC",0.562320084792843
"abdiv","DMG",1.69868323548934
"adiv","DMG",1.69868323548934
"agricolae","DMG",7.2194037508297
"ecodive","DMG",1.69868323548934
"tabula","DMG",1.69868323548934
"abdiv","DMN",0.854242196177249
"adiv","DMN",0.854242196177249
"ecodive","DMN",0.854242196177249
"tabula","DMN",0.854242196177249
"custom","DOD",81.0810810810811
"abdiv","DQ",0
"ade4","DRAO",0.758866975083192
"BAT","DRAO",0.758866975083191
"chemodiv","DRAO",99.331990204537
"diverse","DRAO",76.8399464261145
"SYNCSA","DRAO",0.758866975083191
"abdiv","DSHA",1.64167062992938
"adiv","DSHA",1.64167062992938
"aqp","DSHA",-491.28442266535
"asbio","DSHA",1.64167062992938
"benthos","DSHA",0
"BiodiversityR","DSHA",1.64167063
"biosampleR","DSHA",2.16732870909559
"chemodiv","DSHA",1.64167062992938
"codyn","DSHA",1.64167062992938
"DescTools","DSHA",2.36843007657217
"divDyn","DSHA",1.64167062992938
"divent","DSHA",1.64167062992938
"diverse","DSHA",2.16732870909559
"ecodive","DSHA",1.64167062992938
"EconGeo","DSHA",2.368
"entropart","DSHA",1.7097011254959
"forestmangr","DSHA",3.56
"HardyWeinberg","DSHA",1.64167062992938
"iNEXT","DSHA",1.642
"MCPAN","DSHA",1.64167062992938
"microbiome","DSHA",1.64167062992938
"OTUtable","DSHA",1.64167062992938
"pgirmess","DSHA",2.36843007657217
"SpiecEasi","DSHA",1.64167062992938
"sprex","DSHA",1.64167062992938
"tabula","DSHA",1.64167062992938
"triversity","DSHA",9
"vegan","DSHA",1.64167062992938
"wavethresh","DSHA",-20388.6353677489
"wiqid","DSHA",4.26923076923077
"abdiv","DSP",0.241133024916809
"agricolae","DSP",0.241133024916809
"antitrust","DSP",2411.33024916809
"benthos","DSP",0.234234234234234
"breakaway","DSP",0.241133024916809
"concstats","DSP",0.241133024916809
"DescTools","DSP",0.241133024916809
"diverse","DSP",0.160524160524161
"divseg","DSP",1.24113302491681
"EconGeo","DSP",0.241133024916809
"hhi","DSP",0.241133024916809
"ineq","DSP",0.241133024916809
"microbiome","DSP",0.241133024916809
"PDtoolkit","DSP",0.241133024916809
"politics","DSP",0.241133024916809
"REAT","DSP",0.241133024916809
"sprex","DSP",0.241133024916809
"tabula","DSP",0.241133024916809
"triversity","DSP",0.241133024916809
"wiqid","DSP",4.26923076923077
"abdiv","EBP",0.378378378378378
"agricolae","EBP",0.378378378378378
"BiodiversityR","EBP",0.37837838
"diverse","EBP",0.261261261261261
"dyvDyn","EBP",0.0285714285714286
"ecodive","EBP",0.378378378378378
"microbiome","EBP",0.378378378378378
"tabula","EBP",0.378378378378378
"triversity","EBP",0.378378378378378
"wiqid","EBP",1
"tabula","EBRI",0.743639995147392
"BAT","EBU",0.493243243243243
"microbiome","EBU",0.493243243243243
"BAT","ECAM",0.859359359359359
"microbiome","ECAM",0.623623623623624
"codyn","EEQ",0.137873267315295
"custom","EEQ",0.105915595088518
"adiv","EEVAR",0.316844885243297
"codyn","EEVAR",0.293716096297419
"custom","EEVAR",0.316844885243297
"microbiome","EEVAR",0.316844885243297
"acid","EGIN",0.887516087516087
"DescTools","EGIN",0.887516087516087
"dplR","EGIN",0.887516087516088
"EconGeo","EGIN",0.888
"giniVarCI","EGIN",0.887516087516088
"ineq","EGIN",0.887516087516088
"microbiome","EGIN",0.887516087516087
"REAT","EGIN",0.887516087516088
"shipunov","EGIN",0.887516087516087
"wINEQ","EGIN",0.887516087516088
"adiv","EGSP",0.85372534696859
"abdiv","EHEI",0.520473636346375
"adiv","EHEI",0.520473636346375
"custom","EHUL",0.594594594594595
"benthos","EHURE",0.765765765765766
"BiodiversityR","EHURE",0.76576577
"mobr","EHURE",0.765765765765766
"vegan","EHURE",0.765765765765768
"custom","ELR",0.237456480630003
"abdiv","EMC",0.528993599323003
"tabula","EMC",0.763420536491263
"microbiome","EMN",0.594594594594595
"custom","ENHC",-0.516322499128872
"custom","EPAT",0.440651172849253
"abdiv","EPIE",0.747156502281455
"adiv","EPIE",0.747156502281455
"BiodiversityR","EPIE",0.7471565
"breakaway","EPIE",0.747156502281455
"chemodiv","EPIE",0.747156502281455
"diverse","EPIE",0.749844272860299
"forestmangr","EPIE",1
"microbiome","EPIE",0.747156502281455
"OTUtable","EPIE",0.747156502281455
"pctax","EPIE",0.7472
"sprex","EPIE",0.747156502281455
"tabula","EPIE",0.747156502281455
"custom","ESHE",0.573754343419
"adiv","ESP",0.460787613598115
"codyn","ESP",0.460787613598115
"sprex","ESP",0.182407847769931
"tabula","ESP",0.460787613598115
"abdiv","EST",0.45045045045045
"adiv","QHIL_0",9
"adiv","QHIL_1",5.163789090771
"adiv","QHIL_2",4.14708852238304
"adiv","QHIL_3",3.7142485519882
"BAT","QHIL_0",9
"BAT","QHIL_1",5.163789090771
"BAT","QHIL_2",4.14708852238304
"BAT","QHIL_3",3.7142485519882
"benthos","QHIL_0",35
"benthos","QHIL_1",5.163789090771
"benthos","QHIL_2",4.14708852238304
"benthos","QHIL_3",3.7142485519882
"breakaway","QHIL_0",9
"breakaway","QHIL_1",5.163789090771
"breakaway","QHIL_2",4.14708852238304
"breakaway","QHIL_3",3.7142485519882
"chemodiv","QHIL_0",9
"chemodiv","QHIL_1",5.163789090771
"chemodiv","QHIL_2",4.14708852238304
"chemodiv","QHIL_3",3.7142485519882
"divDyn","QHIL_2",4.14708852238304
"divent","QHIL_0",11
"divent","QHIL_1",5.52730925891952
"divent","QHIL_2",4.27217950048029
"divent","QHIL_3",3.79247763768368
"entropart","QHIL_0",11
"entropart","QHIL_1",5.52730925891952
"entropart","QHIL_2",4.27217950048029
"entropart","QHIL_3",3.79247763768368
"EntropyEstimation","QHIL_1",5.36607734099771
"EntropyEstimation","QHIL_2",4.26923076923077
"EntropyEstimation","QHIL_3",3.8360229808928
"extremefit","QHIL",NA
"hilldiv","QHIL_0",9
"hilldiv","QHIL_1",5.16380639077569
"hilldiv","QHIL_2",4.14708852238304
"hilldiv","QHIL_3",3.7142485519882
"hillR","QHIL_0",9
"hillR","QHIL_1",5.163789090771
"hillR","QHIL_2",4.14708852238304
"hillR","QHIL_3",3.7142485519882
"sprex","QHIL_0",9
"sprex","QHIL_1",5.163789090771
"sprex","QHIL_2",4.14708852238304
"sprex","QHIL_3",3.7142485519882
"vegan","QHIL_0",9
"vegan","QHIL_1",5.163789090771
"vegan","QHIL_2",4.14708852238304
"vegan","QHIL_3",3.7142485519882
"adiv","QREN_0",2.19722457733622
"adiv","QREN_1",1.64167062992938
"adiv","QREN_2",1.42240652716206
"adiv","QREN_3",1.31217638368217
"BiodiversityR","QREN_0",2.19722457733622
"BiodiversityR","QREN_1",1.64167062992938
"BiodiversityR","QREN_2",1.42240652716206
"BiodiversityR","QREN_3",1.31217638368217
"diverse","QREN_0",2.89037175789616
"diverse","QREN_1",2.16732870909559
"diverse","QREN_2",1.78327354122908
"diverse","QREN_3",1.63787255791126
"EntropyEstimation","QREN_1",1.68009716505605
"EntropyEstimation","QREN_2",1.45143366329085
"EntropyEstimation","QREN_3",1.34443614785121
"seewave","QREN_2",0.400075196410736
"seewave","QREN_3",0.369071155938416
"sprex","QREN_0",2.19722457733622
"sprex","QREN_1",1.64167062992938
"sprex","QREN_2",1.42240652716206
"sprex","QREN_3",1.31217638368217
"statcomp","QREN_1",0.461746811152336
"statcomp","QREN_2",0.400075183234292
"statcomp","QREN_3",0.369071146056083
"vegan","QREN_0",2.19722457733622
"vegan","QREN_1",1.64167062992938
"vegan","QREN_2",1.42240652716206
"vegan","QREN_3",1.31217638368217
"adiv","QTSA_0",8
"adiv","QTSA_1",1.64167062992938
"adiv","QTSA_2",0.758866975083191
"adiv","QTSA_3",0.463756671207365
"divent","QTSA_0",8
"divent","QTSA_1",1.64167062992938
"divent","QTSA_2",0.758866975083191
"divent","QTSA_3",0.463756671207365
"entropart","QTSA_0",10
"entropart","QTSA_1",1.7097011254959
"entropart","QTSA_2",0.765927438234377
"entropart","QTSA_3",0.465236463807198
"EntropyEstimation","QTSA_1",1.68009716505605
"EntropyEstimation","QTSA_2",0.765765765765766
"EntropyEstimation","QTSA_3",0.466021233911142
"vegan","QTSA_0",8
"vegan","QTSA_1",1.64167062992938
"vegan","QTSA_2",0.758866975083191
"vegan","QTSA_3",0.463756671207365
"BAT","RACE",11.3090909090909
"ecodive","RACE",11.3090909090909
"fossil","RACE",10
"pctax","RACE",11.3091
"sprex","RACE",341.258707467858
"tabula","RACE",11.3090909090909
"vegan","RACE",11.3090909090909
"wiqid","RACE",11.3090909090909
"BiodiversityR","RBOO",9
"wiqid","RBOO",35
"BAT","RC1",9.33333333333333
"BiodiversityR","RC1",9
"biosampleR","RC1",21.75
"iNEXT","RC1",9.991
"microbiome","RC1",9.33333333333333
"pctax","RC1",9.3333
"rareNMtests","RC1",9
"SpadeR","RC1",9
"SSP","RC1",8
"vegan","RC1",9.33333333333333
"BAT","RC1M",9.79423868312757
"divent","RC1M",9.99099099099099
"ecodive","RC1M",10
"entropart","RC1M",9.99099099099099
"fossil","RC1M",10
"mobr","RC1M",9.99099099099099
"OTUtable","RC1M",10
"tabula","RC1M",9.99099099099099
"wiqid","RC1M",10
"BAT","RCA2",35.0128333333333
"divDyn","RCA2",9.2962962962963
"fossil","RCA2",10
"tabula","RCA2",9
"wiqid","RCA2",9
"benthos","RHUR_2",1.76576576576577
"benthos","RHUR_3",2.36525482947505
"divent","RHUR_2",4.26923016673038
"divent","RHUR_3",4.36541547062278
"entropart","RHUR_2",1.76576576576577
"entropart","RHUR_3",2.36525482947505
"mobsim","RHUR_2",1.76576576576577
"mobsim","RHUR_3",2.36525482947505
"tabula","RHUR_2",1.76576576576513
"tabula","RHUR_3",2.36525482947475
"vegan","RHUR_2",1.76576576576577
"vegan","RHUR_3",2.36525482947505
"BAT","RICE",35.0486237321972
"fossil","RICE",10
"tabula","RICE",9
"wiqid","RICE",9
"BAT","RJA1",11
"BiodiversityR","RJA1",9
"divent","RJA1",11
"entropart","RJA1",11
"fossil","RJA1",10.981981981982
"SSP","RJA1",8
"tabula","RJA1",1.64167062992938
"wiqid","RJA1",11
"BAT","RJA2",11
"BiodiversityR","RJA2",9
"fossil","RJA2",10.9457821457821
"SSP","RJA2",8
"wiqid","RJA2",11
"sprex","RMM",112
"wiqid","RMM",0
"divDyn","RSQ",9.96594326587011
"ecodive","RSQ",9.96594326587011
"tabula","RSQ",9.96594326587011
"abdiv","D1SP",0.879340277777778
"ade4","D1SP",0.879340277777778
"adiv","D1SP",0.879340277777778
"agricolae","D1SP",1
"asbio","D1SP",0.879340277777778
"BiodiversityR","D1SP",0.87934028
"biosampleR","D1SP",0.864605121827124
"breakaway","D1SP",0.879340277777778
"catsim","D1SP",0.726530612244898
"concstats","2_D1SP",0.795378151260504
"concstats","D1SP",0.974137050653595
"CUB","D1SP",0.905203227124183
"DescTools","2_D1SP",0.879340277777778
"DescTools","D1SP",0.767769607843137
"divent","D1SP",0.879340277777778
"diverse","D1SP",0.864605121827124
"ecodive","D1SP",0.879340277777778
"entropart","D1SP",0.879340277777778
"lawstat","D1SP",0.767769607843137
"MCPAN","D1SP",-1111
"microbiome","D1SP",0.879340277777778
"PCRA","D1SP",0.879340277777778
"RoughSets","D1SP",0.879340277777778
"simboot","D1SP",-1111
"sprex","D1SP",0.879340277777778
"untb","D1SP",0.88859649122807
"vegan","D1SP",0.879340277777778
"abdiv","DBRI",2.16451680206227
"ecodive","DBRI",2.16451680206227
"tabula","DBRI",2.16451680206227
"wiqid","DBRI",8.7103920563567
"BiodiversityR","DFIS",8.29540252
"ecodive","DFIS",8.295
"microbiome","DFIS",8.29540252356447
"preseqR","DFIS",7.97536211194564
"sads","DFIS",8.29538677431515
"vegan","DFIS",8.29540252356447
"custom","DGLE",4.60087598909641
"DGOO","1_1",2.43864573732106
"DGOO","1_2",0.469270343545655
"DGOO","1_3",1
"DGOO","2_1",0.230037187262213
"DGOO","2_2",1.04947196264724
"DGOO","2_3",1
"DGOO","3_1",0.0343668565733963
"DGOO","3_2",0.116583373543927
"DGOO","3_3",1
"abdiv","DINVSP",8.28776978417266
"adiv","DINVSP",8.28776978417266
"asbio","DINVSP",8.28776978417266
"BiodiversityR","DINVSP",8.28776978
"breakaway","DINVSP",8.28776978417266
"chemodiv","DINVSP",8.28776978417266
"codyn","DINVSP",8.28776978417266
"divseg","DINVSP",1.12065972222222
"ecodive","DINVSP",8.28776978417266
"microbiome","DINVSP",8.28776978417266
"sprex","DINVSP",8.28776978417266
"vegan","DINVSP",8.28776978417266
"custom","DKO",0.16
"asbio","DLMD",26.7808467581354
"Compositional","DLMD",0.999958992306093
"sads","DLMD",0.870593638698658
"vegan","DLMD",NA
"abdiv","DMC",0.726819635024101
"adiv","DMC",0.726819635024101
"agricolae","DMC",0.726819635024101
"ecodive","DMC",0.726819635024101
"forestHES","DMC",0.726819635024101
"tabula","DMC",0.726819635024101
"abdiv","DMG",4.3817866562823
"adiv","DMG",4.3817866562823
"agricolae","DMG",7.44903731567991
"ecodive","DMG",4.3817866562823
"tabula","DMG",4.3817866562823
"abdiv","DMN",2.14330352493528
"adiv","DMN",2.14330352493528
"ecodive","DMN",2.14330352493528
"tabula","DMN",2.14330352493528
"custom","DOD",218.75
"abdiv","DQ",5.64582826474227
"ade4","DRAO",0.879340277777778
"BAT","DRAO",0.879340277777773
"chemodiv","DRAO",315.660909668619
"diverse","DRAO",171.989657790952
"SYNCSA","DRAO",0.879340277777778
"abdiv","DSHA",2.43864573732106
"adiv","DSHA",2.43864573732106
"aqp","DSHA",-294.407077344293
"asbio","DSHA",2.43864573732106
"benthos","DSHA",0
"BiodiversityR","DSHA",2.43864574
"biosampleR","DSHA",2.28536861806529
"chemodiv","DSHA",2.43864573732106
"codyn","DSHA",2.43864573732106
"DescTools","DSHA",3.5182221117181
"divDyn","DSHA",2.43864573732106
"divent","DSHA",2.43864573732106
"diverse","DSHA",2.28536861806529
"ecodive","DSHA",2.43864573732106
"EconGeo","DSHA",3.518
"entropart","DSHA",2.69629589705062
"forestmangr","DSHA",3.56
"HardyWeinberg","DSHA",2.43864573732106
"iNEXT","DSHA",2.439
"MCPAN","DSHA",2.43864573732106
"microbiome","DSHA",2.43864573732106
"OTUtable","DSHA",2.43864573732106
"pgirmess","DSHA",3.5182221117181
"SpiecEasi","DSHA",2.43864573732106
"sprex","DSHA",2.43864573732106
"tabula","DSHA",2.43864573732106
"triversity","DSHA",21
"vegan","DSHA",2.43864573732106
"wavethresh","DSHA",-5911.06494220736
"wiqid","DSHA",8.97637795275591
"abdiv","DSP",0.120659722222222
"agricolae","DSP",0.120659722222222
"antitrust","DSP",1206.59722222222
"benthos","DSP",0.11140350877193
"breakaway","DSP",0.120659722222222
"concstats","DSP",0.120659722222222
"DescTools","DSP",0.120659722222222
"diverse","DSP",0.128844839371155
"divseg","DSP",1.12065972222222
"EconGeo","DSP",0.120659722222222
"hhi","DSP",0.120659722222222
"ineq","DSP",0.120659722222222
"microbiome","DSP",0.120659722222222
"PDtoolkit","DSP",0.120659722222222
"politics","DSP",0.120659722222222
"REAT","DSP",0.120659722222222
"sprex","DSP",0.120659722222222
"tabula","DSP",0.120659722222222
"triversity","DSP",0.120659722222222
"wiqid","DSP",8.97637795275591
"abdiv","EBP",0.208333333333333
"agricolae","EBP",0.208333333333333
"BiodiversityR","EBP",0.20833333
"diverse","EBP",0.218045112781955
"dyvDyn","EBP",0.0285714285714286
"ecodive","EBP",0.208333333333333
"microbiome","EBP",0.208333333333333
"tabula","EBP",0.208333333333333
"triversity","EBP",0.208333333333333
"wiqid","EBP",1
"tabula","EBRI",0.801280220068204
"BAT","EBU",0.4859375
"microbiome","EBU",0.4859375
"BAT","ECAM",0.942361111111111
"microbiome","ECAM",0.43452380952381
"codyn","EEQ",0.194654072401858
"custom","EEQ",0.0151978314206683
"adiv","EEVAR",0.450645080192348
"codyn","EEVAR",0.444427236399647
"custom","EEVAR",0.450645080192348
"microbiome","EEVAR",0.450645080192348
"acid","EGIN",0.745833333333333
"DescTools","EGIN",0.745833333333333
"dplR","EGIN",0.745833333333333
"EconGeo","EGIN",0.746
"giniVarCI","EGIN",0.745833333333333
"ineq","EGIN",0.745833333333333
"microbiome","EGIN",0.745833333333334
"REAT","EGIN",0.745833333333333
"shipunov","EGIN",0.745833333333334
"wINEQ","EGIN",0.745833333333333
"adiv","EGSP",0.923307291666667
"abdiv","EHEI",0.522875687404534
"adiv","EHEI",0.522875687404534
"custom","EHUL",0.395833333333333
"benthos","EHURE",0.88859649122807
"BiodiversityR","EHURE",0.88859649
"mobr","EHURE",0.88859649122807
"vegan","EHURE",0.888596491228124
"custom","ELR",0.210749187743086
"abdiv","EMC",0.438014215209984
"tabula","EMC",0.834809224340743
"microbiome","EMN",0.395833333333333
"custom","ENHC",-0.160945709878717
"custom","EPAT",0.0939698492464728
"abdiv","EPIE",0.800994503145979
"adiv","EPIE",0.800994503145979
"BiodiversityR","EPIE",0.8009945
"breakaway","EPIE",0.800994503145979
"chemodiv","EPIE",0.800994503145979
"diverse","EPIE",0.790683278655046
"forestmangr","EPIE",1
"microbiome","EPIE",0.800994503145979
"OTUtable","EPIE",0.800994503145979
"pctax","EPIE",0.801
"sprex","EPIE",0.800994503145979
"tabula","EPIE",0.800994503145979
"custom","ESHE",0.545595892766223
"adiv","ESP",0.394655704008222
"codyn","ESP",0.394655704008222
"sprex","ESP",0.116125987491479
"tabula","ESP",0.394655704008222
"abdiv","EST",0.489583333333333
"adiv","QHIL_0",21
"adiv","QHIL_1",11.4575137480907
"adiv","QHIL_2",8.28776978417266
"adiv","QHIL_3",7.13685610236796
"BAT","QHIL_0",21
"BAT","QHIL_1",11.4575137480907
"BAT","QHIL_2",8.28776978417266
"BAT","QHIL_3",7.13685610236796
"benthos","QHIL_0",35
"benthos","QHIL_1",11.4575137480907
"benthos","QHIL_2",8.28776978417266
"benthos","QHIL_3",7.13685610236796
"breakaway","QHIL_0",21
"breakaway","QHIL_1",11.4575137480907
"breakaway","QHIL_2",8.28776978417266
"breakaway","QHIL_3",7.13685610236796
"chemodiv","QHIL_0",21
"chemodiv","QHIL_1",11.4575137480907
"chemodiv","QHIL_2",8.28776978417266
"chemodiv","QHIL_3",7.13685610236796
"divDyn","QHIL_2",8.28776978417266
"divent","QHIL_0",40
"divent","QHIL_1",14.8247176185627
"divent","QHIL_2",8.95784369658638
"divent","QHIL_3",7.40854032140348
"entropart","QHIL_0",40
"entropart","QHIL_1",14.8247176185627
"entropart","QHIL_2",8.95784369658638
"entropart","QHIL_3",7.40854032140347
"EntropyEstimation","QHIL_1",12.8531201242196
"EntropyEstimation","QHIL_2",8.97637795275589
"EntropyEstimation","QHIL_3",7.76282764467369
"extremefit","QHIL",NA
"hilldiv","QHIL_0",21
"hilldiv","QHIL_1",11.4575681166518
"hilldiv","QHIL_2",8.28776978417266
"hilldiv","QHIL_3",7.13685610236796
"hillR","QHIL_0",21
"hillR","QHIL_1",11.4575137480907
"hillR","QHIL_2",8.28776978417266
"hillR","QHIL_3",7.13685610236796
"sprex","QHIL_0",21
"sprex","QHIL_1",11.4575137480907
"sprex","QHIL_2",8.28776978417266
"sprex","QHIL_3",7.13685610236796
"vegan","QHIL_0",21
"vegan","QHIL_1",11.4575137480907
"vegan","QHIL_2",8.28776978417266
"vegan","QHIL_3",7.13685610236796
"adiv","QREN_0",3.04452243772342
"adiv","QREN_1",2.43864573732106
"adiv","QREN_2",2.11478090812514
"adiv","QREN_3",1.96527235758418
"BiodiversityR","QREN_0",3.04452243772342
"BiodiversityR","QREN_1",2.43864573732106
"BiodiversityR","QREN_2",2.11478090812514
"BiodiversityR","QREN_3",1.96527235758418
"diverse","QREN_0",2.89037175789616
"diverse","QREN_1",2.28536861806529
"diverse","QREN_2",1.99955974659849
"diverse","QREN_3",1.88216969663346
"EntropyEstimation","QREN_1",2.55358659309067
"EntropyEstimation","QREN_2",2.19459645492995
"EntropyEstimation","QREN_3",2.04934665502245
"seewave","QREN_2",0.594816850760283
"seewave","QREN_3",0.552765114827009
"sprex","QREN_0",3.04452243772342
"sprex","QREN_1",2.43864573732106
"sprex","QREN_2",2.11478090812514
"sprex","QREN_3",1.96527235758418
"statcomp","QREN_1",0.685909141705652
"statcomp","QREN_2",0.59481684255668
"statcomp","QREN_3",0.552765108674306
"vegan","QREN_0",3.04452243772342
"vegan","QREN_1",2.43864573732106
"vegan","QREN_2",2.11478090812514
"vegan","QREN_3",1.96527235758418
"adiv","QTSA_0",20
"adiv","QTSA_1",2.43864573732106
"adiv","QTSA_2",0.879340277777778
"adiv","QTSA_3",0.490183512369792
"divent","QTSA_0",20
"divent","QTSA_1",2.43864573732106
"divent","QTSA_2",0.879340277777778
"divent","QTSA_3",0.490183512369792
"entropart","QTSA_0",39
"entropart","QTSA_1",2.69629589705062
"entropart","QTSA_2",0.888365991429268
"entropart","QTSA_3",0.490890286753933
"EntropyEstimation","QTSA_1",2.55358659309067
"EntropyEstimation","QTSA_2",0.88859649122807
"EntropyEstimation","QTSA_3",0.491702827547592
"vegan","QTSA_0",20
"vegan","QTSA_1",2.43864573732106
"vegan","QTSA_2",0.879340277777778
"vegan","QTSA_3",0.490183512369792
"BAT","RACE",44.9144489795918
"ecodive","RACE",44.9144489795918
"fossil","RACE",26.6571428571429
"pctax","RACE",44.9144
"sprex","RACE",133.408043345543
"tabula","RACE",44.9144489795918
"vegan","RACE",44.9144489795918
"wiqid","RACE",44.9144489795918
"BiodiversityR","RBOO",21
"wiqid","RBOO",35
"BAT","RC1",34.75
"BiodiversityR","RC1",21
"biosampleR","RC1",21.3333333333333
"iNEXT","RC1",40.957
"microbiome","RC1",34.75
"pctax","RC1",34.75
"rareNMtests","RC1",21
"SpadeR","RC1",21
"SSP","RC1",20
"vegan","RC1",34.75
"BAT","RC1M",44.2845804988662
"divent","RC1M",40.9565972222222
"ecodive","RC1M",41.1666666666667
"entropart","RC1M",40.9565972222222
"fossil","RC1M",41.1666666666667
"mobr","RC1M",40.9565972222222
"OTUtable","RC1M",41.1666666666667
"tabula","RC1M",40.9565972222222
"wiqid","RC1M",41.1666666666667
"BAT","RCA2",35.0053333333333
"divDyn","RCA2",34.0952380952381
"fossil","RCA2",41.1666666666667
"tabula","RCA2",21
"wiqid","RCA2",21
"benthos","RHUR_2",1.88859649122812
"benthos","RHUR_3",2.68238381858902
"divent","RHUR_2",8.97637778999211
"divent","RHUR_3",9.09935402883601
"entropart","RHUR_2",1.88859649122812
"entropart","RHUR_3",2.68238381858902
"mobsim","RHUR_2",1.88859649122812
"mobsim","RHUR_3",2.68238381858902
"tabula","RHUR_2",1.88859649122959
"tabula","RHUR_3",2.68238381859054
"vegan","RHUR_2",1.88859649122812
"vegan","RHUR_3",2.68238381858902
"BAT","RICE",35.0515266957157
"fossil","RICE",26.6571428571429
"tabula","RICE",21
"wiqid","RICE",21
"BAT","RJA1",32
"BiodiversityR","RJA1",21
"divent","RJA1",40
"entropart","RJA1",40
"fossil","RJA1",31.8854166666667
"SSP","RJA1",20
"tabula","RJA1",2.43864573732106
"wiqid","RJA1",32
"BAT","RJA2",40
"BiodiversityR","RJA2",21
"fossil","RJA2",39.4059210526316
"SSP","RJA2",20
"wiqid","RJA2",40
"sprex","RMM",97
"wiqid","RMM",0
"divDyn","RSQ",35.9751808569839
"ecodive","RSQ",35.9751808569839
"tabula","RSQ",35.9751808569839
"abdiv","D1SP",0.796804733727811
"ade4","D1SP",0.796804733727811
"adiv","D1SP",0.796804733727811
"agricolae","D1SP",1
"asbio","D1SP",0.796804733727811
"BiodiversityR","D1SP",0.79680473
"biosampleR","D1SP",0.8443662336318
"breakaway","D1SP",0.796804733727811
"catsim","D1SP",0.635102040816327
"concstats","2_D1SP",0.795378151260504
"concstats","D1SP",0.976564566655064
"CUB","D1SP",0.820240167072746
"DescTools","2_D1SP",0.796804733727811
"DescTools","D1SP",0.861990950226244
"divent","D1SP",0.796804733727811
"diverse","D1SP",0.8443662336318
"ecodive","D1SP",0.796804733727811
"entropart","D1SP",0.796804733727811
"lawstat","D1SP",0.861990950226244
"MCPAN","D1SP",-3433
"microbiome","D1SP",0.796804733727811
"PCRA","D1SP",0.796804733727811
"RoughSets","D1SP",0.796804733727811
"simboot","D1SP",-3433
"sprex","D1SP",0.796804733727811
"untb","D1SP",0.802981514609422
"vegan","D1SP",0.796804733727811
"abdiv","DBRI",1.82898830168969
"ecodive","DBRI",1.82898830168969
"tabula","DBRI",1.82898830168969
"wiqid","DBRI",6.22758303514582
"BiodiversityR","DFIS",4.38183232
"ecodive","DFIS",4.382
"microbiome","DFIS",4.38183232417792
"preseqR","DFIS",7.08389523892482
"sads","DFIS",4.38184512639031
"vegan","DFIS",4.38183232417792
"custom","DGLE",3.08164228783138
"DGOO","1_1",1.99034410181326
"DGOO","1_2",0.428376603943913
"DGOO","1_3",1
"DGOO","2_1",0.266277704072759
"DGOO","2_2",0.851713339410502
"DGOO","2_3",1
"DGOO","3_1",0.0675708141266263
"DGOO","3_2",0.113441243104916
"DGOO","3_3",1
"abdiv","DINVSP",4.92137449039021
"adiv","DINVSP",4.92137449039021
"asbio","DINVSP",4.92137449039021
"BiodiversityR","DINVSP",4.92137449
"breakaway","DINVSP",4.92137449039021
"chemodiv","DINVSP",4.92137449039021
"codyn","DINVSP",4.92137449039021
"divseg","DINVSP",1.20319526627219
"ecodive","DINVSP",4.92137449039022
"microbiome","DINVSP",4.92137449039021
"sprex","DINVSP",4.92137449039021
"vegan","DINVSP",4.92137449039021
"custom","DKO",0.4
"asbio","DLMD",23.4124806237432
"Compositional","DLMD",0.999958992306093
"sads","DLMD",1.32492572058063
"vegan","DLMD",49.5705367442003
"abdiv","DMC",0.602029635878171
"adiv","DMC",0.602029635878171
"agricolae","DMC",0.602029635878171
"ecodive","DMC",0.602029635878171
"forestHES","DMC",0.602029635878171
"tabula","DMC",0.602029635878171
"abdiv","DMG",2.87619946864262
"adiv","DMG",2.87619946864262
"agricolae","DMG",6.9850558524178
"ecodive","DMG",2.87619946864262
"tabula","DMG",2.87619946864262
"abdiv","DMN",1.31558702896054
"adiv","DMN",1.31558702896054
"ecodive","DMN",1.31558702896054
"tabula","DMN",1.31558702896054
"custom","DOD",115.384615384615
"abdiv","DQ",0
"ade4","DRAO",0.79680473372781
"BAT","DRAO",0.79680473372781
"chemodiv","DRAO",419.914522601197
"diverse","DRAO",113.010588649673
"SYNCSA","DRAO",0.796804733727811
"abdiv","DSHA",1.99034410181326
"adiv","DSHA",1.99034410181326
"aqp","DSHA",-539.618072198383
"asbio","DSHA",1.99034410181326
"benthos","DSHA",0
"BiodiversityR","DSHA",1.9903441
"biosampleR","DSHA",2.13873944553299
"chemodiv","DSHA",1.99034410181326
"codyn","DSHA",1.99034410181326
"DescTools","DSHA",2.87145956534859
"divDyn","DSHA",1.99034410181326
"divent","DSHA",1.99034410181326
"diverse","DSHA",2.13873944553299
"ecodive","DSHA",1.99034410181326
"EconGeo","DSHA",2.871
"entropart","DSHA",2.14285461734817
"forestmangr","DSHA",3.56
"HardyWeinberg","DSHA",1.99034410181326
"iNEXT","DSHA",1.99
"MCPAN","DSHA",1.99034410181326
"microbiome","DSHA",1.99034410181326
"OTUtable","DSHA",1.99034410181326
"pgirmess","DSHA",2.87145956534859
"SpiecEasi","DSHA",1.99034410181326
"sprex","DSHA",1.99034410181326
"tabula","DSHA",1.99034410181326
"triversity","DSHA",15
"vegan","DSHA",1.99034410181326
"wavethresh","DSHA",-24430.0402080697
"wiqid","DSHA",5.07566585956416
"abdiv","DSP",0.203195266272189
"agricolae","DSP",0.203195266272189
"antitrust","DSP",2031.95266272189
"benthos","DSP",0.197018485390578
"breakaway","DSP",0.203195266272189
"concstats","DSP",0.203195266272189
"DescTools","DSP",0.203195266272189
"diverse","DSP",0.149515170472318
"divseg","DSP",1.20319526627219
"EconGeo","DSP",0.203195266272189
"hhi","DSP",0.203195266272189
"ineq","DSP",0.203195266272189
"microbiome","DSP",0.203195266272189
"PDtoolkit","DSP",0.203195266272189
"politics","DSP",0.203195266272189
"REAT","DSP",0.203195266272189
"sprex","DSP",0.203195266272189
"tabula","DSP",0.203195266272189
"triversity","DSP",0.203195266272189
"wiqid","DSP",5.07566585956416
"abdiv","EBP",0.384615384615385
"agricolae","EBP",0.384615384615385
"BiodiversityR","EBP",0.38461538
"diverse","EBP",0.258992805755396
"dyvDyn","EBP",0.0285714285714286
"ecodive","EBP",0.384615384615385
"microbiome","EBP",0.384615384615385
"tabula","EBP",0.384615384615385
"triversity","EBP",0.384615384615385
"wiqid","EBP",1
"tabula","EBRI",0.731389325373117
"BAT","EBU",0.489010989010989
"microbiome","EBU",0.489010989010989
"BAT","ECAM",0.911355311355311
"microbiome","ECAM",0.670769230769231
"codyn","EEQ",0.159056465222331
"custom","EEQ",0.0372065986028916
"adiv","EEVAR",0.342343648238877
"codyn","EEVAR",0.331247913325837
"custom","EEVAR",0.342343648238877
"microbiome","EEVAR",0.342343648238877
"acid","EGIN",0.837362637362637
"DescTools","EGIN",0.837362637362637
"dplR","EGIN",0.837362637362637
"EconGeo","EGIN",0.837
"giniVarCI","EGIN",0.837362637362637
"ineq","EGIN",0.837362637362637
"microbiome","EGIN",0.837362637362637
"REAT","EGIN",0.837362637362637
"shipunov","EGIN",0.837362637362637
"wINEQ","EGIN",0.837362637362637
"adiv","EGSP",0.853719357565511
"abdiv","EHEI",0.451289391706684
"adiv","EHEI",0.451289391706684
"custom","EHUL",0.538461538461538
"benthos","EHURE",0.802981514609422
"BiodiversityR","EHURE",0.80298151
"mobr","EHURE",0.802981514609422
"vegan","EHURE",0.802981514609433
"custom","ELR",0.192297192168472
"abdiv","EMC",0.504912761581366
"tabula","EMC",0.740398115190507
"microbiome","EMN",0.538461538461539
"custom","ENHC",-0.286525500829838
"custom","EPAT",0.288979458617814
"abdiv","EPIE",0.734973118667876
"adiv","EPIE",0.734973118667876
"BiodiversityR","EPIE",0.73497312
"breakaway","EPIE",0.734973118667876
"chemodiv","EPIE",0.734973118667876
"diverse","EPIE",0.771387197956015
"forestmangr","EPIE",1
"microbiome","EPIE",0.734973118667876
"OTUtable","EPIE",0.734973118667876
"pctax","EPIE",0.735
"sprex","EPIE",0.734973118667876
"tabula","EPIE",0.734973118667876
"custom","ESHE",0.487870098926239
"adiv","ESP",0.328091632692681
"codyn","ESP",0.328091632692681
"sprex","ESP",0.132689606787551
"tabula","ESP",0.328091632692681
"abdiv","EST",0.476923076923077
"adiv","QHIL_0",15
"adiv","QHIL_1",7.31805148389358
"adiv","QHIL_2",4.92137449039021
"adiv","QHIL_3",3.98020077892801
"BAT","QHIL_0",15
"BAT","QHIL_1",7.31805148389358
"BAT","QHIL_2",4.92137449039021
"BAT","QHIL_3",3.98020077892801
"benthos","QHIL_0",35
"benthos","QHIL_1",7.31805148389358
"benthos","QHIL_2",4.92137449039021
"benthos","QHIL_3",3.98020077892801
"breakaway","QHIL_0",15
"breakaway","QHIL_1",7.31805148389358
"breakaway","QHIL_2",4.92137449039021
"breakaway","QHIL_3",3.98020077892801
"chemodiv","QHIL_0",15
"chemodiv","QHIL_1",7.31805148389358
"chemodiv","QHIL_2",4.92137449039021
"chemodiv","QHIL_3",3.98020077892801
"divDyn","QHIL_2",4.92137449039021
"divent","QHIL_0",26
"divent","QHIL_1",8.52373493424634
"divent","QHIL_2",5.07306972811953
"divent","QHIL_3",4.01581596574924
"entropart","QHIL_0",26
"entropart","QHIL_1",8.52373493424634
"entropart","QHIL_2",5.07306972811953
"entropart","QHIL_3",4.01581596574924
"EntropyEstimation","QHIL_1",7.75767368866324
"EntropyEstimation","QHIL_2",5.07566585956416
"EntropyEstimation","QHIL_3",4.08491948074611
"extremefit","QHIL",NA
"hilldiv","QHIL_0",15
"hilldiv","QHIL_1",7.31809115421274
"hilldiv","QHIL_2",4.92137449039021
"hilldiv","QHIL_3",3.98020077892801
"hillR","QHIL_0",15
"hillR","QHIL_1",7.31805148389358
"hillR","QHIL_2",4.92137449039021
"hillR","QHIL_3",3.98020077892801
"sprex","QHIL_0",15
"sprex","QHIL_1",7.31805148389358
"sprex","QHIL_2",4.92137449039021
"sprex","QHIL_3",3.98020077892801
"vegan","QHIL_0",15
"vegan","QHIL_1",7.31805148389358
"vegan","QHIL_2",4.92137449039021
"vegan","QHIL_3",3.98020077892801
"adiv","QREN_0",2.70805020110221
"adiv","QREN_1",1.99034410181326
"adiv","QREN_2",1.59358785945374
"adiv","QREN_3",1.38133226499078
"BiodiversityR","QREN_0",2.70805020110221
"BiodiversityR","QREN_1",1.99034410181326
"BiodiversityR","QREN_2",1.59358785945374
"BiodiversityR","QREN_3",1.38133226499078
"diverse","QREN_0",2.77258872223978
"diverse","QREN_1",2.13873944553299
"diverse","QREN_2",1.86024968327285
"diverse","QREN_3",1.74241082445377
"EntropyEstimation","QREN_1",2.04868250686265
"EntropyEstimation","QREN_2",1.62445772017639
"EntropyEstimation","QREN_3",1.40730201716204
"seewave","QREN_2",0.448222751376805
"seewave","QREN_3",0.388522379293866
"sprex","QREN_0",2.70805020110221
"sprex","QREN_1",1.99034410181326
"sprex","QREN_2",1.59358785945374
"sprex","QREN_3",1.38133226499078
"statcomp","QREN_1",0.559816948267918
"statcomp","QREN_2",0.448222742722454
"statcomp","QREN_3",0.388522372803103
"vegan","QREN_0",2.70805020110221
"vegan","QREN_1",1.99034410181326
"vegan","QREN_2",1.59358785945374
"vegan","QREN_3",1.38133226499078
"adiv","QTSA_0",14
"adiv","QTSA_1",1.99034410181326
"adiv","QTSA_2",0.796804733727811
"adiv","QTSA_3",0.468438324988621
"divent","QTSA_0",14
"divent","QTSA_1",1.99034410181326
"divent","QTSA_2",0.796804733727811
"divent","QTSA_3",0.468438324988621
"entropart","QTSA_0",25
"entropart","QTSA_1",2.14285461734817
"entropart","QTSA_2",0.802880690865119
"entropart","QTSA_3",0.468995666461906
"EntropyEstimation","QTSA_1",2.04868250686265
"EntropyEstimation","QTSA_2",0.802981514609421
"EntropyEstimation","QTSA_3",0.470035778175313
"vegan","QTSA_0",14
"vegan","QTSA_1",1.99034410181326
"vegan","QTSA_2",0.796804733727811
"vegan","QTSA_3",0.468438324988621
"BAT","RACE",27.5761772853186
"ecodive","RACE",27.5761772853186
"fossil","RACE",18.1578947368421
"pctax","RACE",27.5762
"sprex","RACE",159.166395327454
"tabula","RACE",27.5761772853186
"vegan","RACE",27.5761772853186
"wiqid","RACE",27.5761772853186
"BiodiversityR","RBOO",15
"wiqid","RBOO",35
"BAT","RC1",22.5
"BiodiversityR","RC1",15
"biosampleR","RC1",16.5
"iNEXT","RC1",32.862
"microbiome","RC1",22.5
"pctax","RC1",22.5
"rareNMtests","RC1",15
"SpadeR","RC1",15
"SSP","RC1",14
"vegan","RC1",22.5
"BAT","RC1M",26.1
"divent","RC1M",32.8615384615385
"ecodive","RC1M",33
"entropart","RC1M",32.8615384615385
"fossil","RC1M",33
"mobr","RC1M",32.8615384615385
"OTUtable","RC1M",33
"tabula","RC1M",32.8615384615385
"wiqid","RC1M",33
"BAT","RCA2",34.9853333333333
"divDyn","RCA2",22
"fossil","RCA2",33
"tabula","RCA2",15
"wiqid","RCA2",15
"benthos","RHUR_2",1.80298151460943
"benthos","RHUR_3",2.46887298747764
"divent","RHUR_2",5.07565173856196
"divent","RHUR_3",5.29263287890513
"entropart","RHUR_2",1.80298151460944
"entropart","RHUR_3",2.46887298747764
"mobsim","RHUR_2",1.80298151460943
"mobsim","RHUR_3",2.46887298747764
"tabula","RHUR_2",1.80298151460917
"tabula","RHUR_3",2.46887298747854
"vegan","RHUR_2",1.80298151460943
"vegan","RHUR_3",2.46887298747764
"BAT","RICE",35.0493565894452
"fossil","RICE",18.1578947368421
"tabula","RICE",15
"wiqid","RICE",15
"BAT","RJA1",21
"BiodiversityR","RJA1",15
"divent","RJA1",26
"entropart","RJA1",26
"fossil","RJA1",20.9538461538462
"SSP","RJA1",14
"tabula","RJA1",1.99034410181326
"wiqid","RJA1",21
"BAT","RJA2",26
"BiodiversityR","RJA2",15
"fossil","RJA2",25.7460942158617
"SSP","RJA2",14
"wiqid","RJA2",26
"sprex","RMM",135
"wiqid","RMM",0
"divDyn","RSQ",22.3541939321832
"ecodive","RSQ",22.3541939321832
"tabula","RSQ",22.3541939321832
"abdiv","D1SP",0.890970054341542
"ade4","D1SP",0.890970054341543
"adiv","D1SP",0.890970054341542
"agricolae","D1SP",1
"asbio","D1SP",0.890970054341542
"BiodiversityR","D1SP",0.89097005
"biosampleR","D1SP",0.637832087567537
"breakaway","D1SP",0.890970054341542
"catsim","D1SP",0.667755102040816
"concstats","2_D1SP",0.795378151260504
"concstats","D1SP",0.973794998401719
"CUB","D1SP",0.917175055939823
"DescTools","2_D1SP",0.890970054341543
"DescTools","D1SP",0.762175838077166
"divent","D1SP",0.890970054341542
"diverse","D1SP",0.637832087567537
"ecodive","D1SP",0.890970054341542
"entropart","D1SP",0.890970054341542
"lawstat","D1SP",0.762175838077166
"MCPAN","D1SP",-942
"microbiome","D1SP",0.890970054341542
"PCRA","D1SP",0.890970054341542
"RoughSets","D1SP",0.890970054341542
"simboot","D1SP",-942
"sprex","D1SP",0.890970054341542
"untb","D1SP",0.90065451145395
"vegan","D1SP",0.890970054341542
"abdiv","DBRI",2.20552334772175
"ecodive","DBRI",2.20552334772175
"tabula","DBRI",2.20552334772175
"wiqid","DBRI",9.07499970570531
"BiodiversityR","DFIS",5.56757678
"ecodive","DFIS",5.568
"microbiome","DFIS",5.56757678295695
"preseqR","DFIS",7.76250286949368
"sads","DFIS",5.56757463302977
"vegan","DFIS",5.56757678295695
"custom","DGLE",3.5299831860655
"DGOO","1_1",2.4570713728317
"DGOO","1_2",0.478389061357425
"DGOO","1_3",1
"DGOO","2_1",0.220463090375082
"DGOO","2_2",1.12542224566899
"DGOO","2_3",1
"DGOO","3_1",0.0294791479993921
"DGOO","3_2",0.110684390554471
"DGOO","3_3",1
"abdiv","DINVSP",9.17179215270414
"adiv","DINVSP",9.17179215270414
"asbio","DINVSP",9.17179215270414
"BiodiversityR","DINVSP",9.17179215
"breakaway","DINVSP",9.17179215270414
"chemodiv","DINVSP",9.17179215270414
"codyn","DINVSP",9.17179215270414
"divseg","DINVSP",1.10902994565846
"ecodive","DINVSP",9.17179215270414
"microbiome","DINVSP",9.17179215270414
"sprex","DINVSP",9.17179215270414
"vegan","DINVSP",9.17179215270414
"custom","DKO",0.36
"asbio","DLMD",34.2140468805099
"Compositional","DLMD",0.999958992306093
"sads","DLMD",1.43171495105157
"vegan","DLMD",16.8225411128013
"abdiv","DMC",0.747293943450226
"adiv","DMC",0.747293943450226
"agricolae","DMC",0.747293943450226
"ecodive","DMC",0.747293943450226
"forestHES","DMC",0.747293943450226
"tabula","DMC",0.747293943450226
"abdiv","DMG",3.30935923693641
"adiv","DMG",3.30935923693641
"agricolae","DMG",7.50121427038919
"ecodive","DMG",3.30935923693641
"tabula","DMG",3.30935923693641
"abdiv","DMN",1.65912271156868
"adiv","DMN",1.65912271156868
"ecodive","DMN",1.65912271156868
"tabula","DMN",1.65912271156868
"custom","DOD",172.043010752688
"abdiv","DQ",0
"ade4","DRAO",0.890970054341542
"BAT","DRAO",0.890970054341543
"chemodiv","DRAO",178.055708474357
"diverse","DRAO",200.113796470621
"SYNCSA","DRAO",0.890970054341542
"abdiv","DSHA",2.4570713728317
"adiv","DSHA",2.4570713728317
"aqp","DSHA",-278.474933756456
"asbio","DSHA",2.4570713728317
"benthos","DSHA",0
"BiodiversityR","DSHA",2.45707137
"biosampleR","DSHA",1.6049222997935
"chemodiv","DSHA",2.4570713728317
"codyn","DSHA",2.4570713728317
"DescTools","DSHA",3.54480468469453
"divDyn","DSHA",2.4570713728317
"divent","DSHA",2.4570713728317
"diverse","DSHA",1.6049222997935
"ecodive","DSHA",2.4570713728317
"EconGeo","DSHA",3.545
"entropart","DSHA",2.48759877185272
"forestmangr","DSHA",3.56
"HardyWeinberg","DSHA",2.4570713728317
"iNEXT","DSHA",2.457
"MCPAN","DSHA",2.4570713728317
"microbiome","DSHA",2.4570713728317
"OTUtable","DSHA",2.4570713728317
"pgirmess","DSHA",3.54480468469453
"SpiecEasi","DSHA",2.4570713728317
"sprex","DSHA",2.4570713728317
"tabula","DSHA",2.4570713728317
"triversity","DSHA",16
"vegan","DSHA",2.4570713728317
"wavethresh","DSHA",-4734.91210677888
"wiqid","DSHA",10.0658823529412
"abdiv","DSP",0.109029945658458
"agricolae","DSP",0.109029945658458
"antitrust","DSP",1090.29945658458
"benthos","DSP",0.0993454885460495
"breakaway","DSP",0.109029945658458
"concstats","DSP",0.109029945658458
"DescTools","DSP",0.109029945658458
"diverse","DSP",0.358775188562423
"divseg","DSP",1.10902994565846
"EconGeo","DSP",0.109029945658458
"hhi","DSP",0.109029945658458
"ineq","DSP",0.109029945658458
"microbiome","DSP",0.109029945658458
"PDtoolkit","DSP",0.109029945658458
"politics","DSP",0.109029945658458
"REAT","DSP",0.109029945658458
"sprex","DSP",0.109029945658458
"tabula","DSP",0.109029945658458
"triversity","DSP",0.109029945658458
"wiqid","DSP",10.0658823529412
"abdiv","EBP",0.193548387096774
"agricolae","EBP",0.193548387096774
"BiodiversityR","EBP",0.19354839
"diverse","EBP",0.582010582010582
"dyvDyn","EBP",0.0285714285714286
"ecodive","EBP",0.193548387096774
"microbiome","EBP",0.193548387096774
"tabula","EBP",0.193548387096774
"triversity","EBP",0.193548387096774
"wiqid","EBP",1
"tabula","EBRI",0.884777491524369
"BAT","EBU",0.645161290322581
"microbiome","EBU",0.645161290322581
"BAT","ECAM",0.942383512544803
"microbiome","ECAM",0.503360215053763
"codyn","EEQ",0.212760416028908
"custom","EEQ",0.0209912739853817
"adiv","EEVAR",0.633771734386235
"codyn","EEVAR",0.623366748857491
"custom","EEVAR",0.633771734386235
"microbiome","EEVAR",0.633771734386235
"acid","EGIN",0.740399385560676
"DescTools","EGIN",0.740399385560676
"dplR","EGIN",0.740399385560676
"EconGeo","EGIN",0.74
"giniVarCI","EGIN",0.740399385560676
"ineq","EGIN",0.740399385560676
"microbiome","EGIN",0.740399385560675
"REAT","EGIN",0.740399385560676
"shipunov","EGIN",0.740399385560675
"wINEQ","EGIN",0.740399385560676
"adiv","EGSP",0.950368057964312
"abdiv","EHEI",0.711372177145849
"adiv","EHEI",0.711372177145849
"custom","EHUL",0.376344086021505
"benthos","EHURE",0.90065451145395
"BiodiversityR","EHURE",0.90065451
"mobr","EHURE",0.90065451145395
"vegan","EHURE",0.900654511453933
"custom","ELR",0.286224495071423
"abdiv","EMC",0.393211788657799
"tabula","EMC",0.893070895117302
"microbiome","EMN",0.376344086021505
"custom","ENHC",-0.169526778709118
"custom","EPAT",0.0859547636461746
"abdiv","EPIE",0.886201171173632
"adiv","EPIE",0.886201171173632
"BiodiversityR","EPIE",0.88620117
"breakaway","EPIE",0.886201171173632
"chemodiv","EPIE",0.886201171173632
"diverse","EPIE",0.608142264202908
"forestmangr","EPIE",1
"microbiome","EPIE",0.886201171173632
"OTUtable","EPIE",0.886201171173632
"pctax","EPIE",0.8862
"sprex","EPIE",0.886201171173632
"tabula","EPIE",0.886201171173632
"custom","ESHE",0.729411416074233
"adiv","ESP",0.573237009544008
"codyn","ESP",0.573237009544008
"sprex","ESP",0.153566960801981
"tabula","ESP",0.573237009544008
"abdiv","EST",0.332661290322581
"adiv","QHIL_0",16
"adiv","QHIL_1",11.6705826571877
"adiv","QHIL_2",9.17179215270414
"adiv","QHIL_3",7.85721940927568
"BAT","QHIL_0",16
"BAT","QHIL_1",11.6705826571877
"BAT","QHIL_2",9.17179215270414
"BAT","QHIL_3",7.85721940927568
"benthos","QHIL_0",35
"benthos","QHIL_1",11.6705826571877
"benthos","QHIL_2",9.17179215270414
"benthos","QHIL_3",7.85721940927568
"breakaway","QHIL_0",16
"breakaway","QHIL_1",11.6705826571877
"breakaway","QHIL_2",9.17179215270414
"breakaway","QHIL_3",7.85721940927568
"chemodiv","QHIL_0",16
"chemodiv","QHIL_1",11.6705826571877
"chemodiv","QHIL_2",9.17179215270414
"chemodiv","QHIL_3",7.85721940927568
"divDyn","QHIL_2",9.17179215270414
"divent","QHIL_0",17
"divent","QHIL_1",12.0323489889526
"divent","QHIL_2",9.34207142095537
"divent","QHIL_3",7.97126404645426
"entropart","QHIL_0",17
"entropart","QHIL_1",12.0323489889526
"entropart","QHIL_2",9.34207142095537
"entropart","QHIL_3",7.97126404645428
"EntropyEstimation","QHIL_1",12.7073528416346
"EntropyEstimation","QHIL_2",10.0658823529412
"EntropyEstimation","QHIL_3",8.65828595367986
"extremefit","QHIL",NA
"hilldiv","QHIL_0",16
"hilldiv","QHIL_1",11.6706161542142
"hilldiv","QHIL_2",9.17179215270414
"hilldiv","QHIL_3",7.85721940927568
"hillR","QHIL_0",16
"hillR","QHIL_1",11.6705826571877
"hillR","QHIL_2",9.17179215270414
"hillR","QHIL_3",7.85721940927568
"sprex","QHIL_0",16
"sprex","QHIL_1",11.6705826571877
"sprex","QHIL_2",9.17179215270414
"sprex","QHIL_3",7.85721940927568
"vegan","QHIL_0",16
"vegan","QHIL_1",11.6705826571877
"vegan","QHIL_2",9.17179215270414
"vegan","QHIL_3",7.85721940927568
"adiv","QREN_0",2.77258872223978
"adiv","QREN_1",2.4570713728317
"adiv","QREN_2",2.21613270367305
"adiv","QREN_3",2.06143277912842
"BiodiversityR","QREN_0",2.77258872223978
"BiodiversityR","QREN_1",2.4570713728317
"BiodiversityR","QREN_2",2.21613270367305
"BiodiversityR","QREN_3",2.06143277912842
"diverse","QREN_0",2.63905732961526
"diverse","QREN_1",1.6049222997935
"diverse","QREN_2",1.01564732820138
"diverse","QREN_3",0.807664396040659
"EntropyEstimation","QREN_1",2.54218078983784
"EntropyEstimation","QREN_2",2.30915172071793
"EntropyEstimation","QREN_3",2.15851677615744
"seewave","QREN_2",0.623323710141865
"seewave","QREN_3",0.579811814236269
"sprex","QREN_0",2.77258872223978
"sprex","QREN_1",2.4570713728317
"sprex","QREN_2",2.21613270367305
"sprex","QREN_3",2.06143277912842
"statcomp","QREN_1",0.691091654132557
"statcomp","QREN_2",0.623323698649259
"statcomp","QREN_3",0.579811805616815
"vegan","QREN_0",2.77258872223978
"vegan","QREN_1",2.4570713728317
"vegan","QREN_2",2.21613270367305
"vegan","QREN_3",2.06143277912842
"adiv","QTSA_0",15
"adiv","QTSA_1",2.4570713728317
"adiv","QTSA_2",0.890970054341542
"adiv","QTSA_3",0.49190098426445
"divent","QTSA_0",15
"divent","QTSA_1",2.4570713728317
"divent","QTSA_2",0.890970054341542
"divent","QTSA_3",0.49190098426445
"entropart","QTSA_0",16
"entropart","QTSA_1",2.48759877185272
"entropart","QTSA_2",0.892957358712022
"entropart","QTSA_3",0.492131071235383
"EntropyEstimation","QTSA_1",2.54218078983784
"EntropyEstimation","QTSA_2",0.90065451145395
"EntropyEstimation","QTSA_3",0.493330302236333
"vegan","QTSA_0",15
"vegan","QTSA_1",2.4570713728317
"vegan","QTSA_2",0.890970054341542
"vegan","QTSA_3",0.49190098426445
"BAT","RACE",16.4206854470741
"ecodive","RACE",16.4206854470741
"fossil","RACE",16.2456140350877
"pctax","RACE",16.4207
"sprex","RACE",94.9592862345229
"tabula","RACE",16.4206854470741
"vegan","RACE",16.4206854470741
"wiqid","RACE",16.4206854470741
"BiodiversityR","RBOO",16
"wiqid","RBOO",35
"BAT","RC1",16
"BiodiversityR","RC1",16
"biosampleR","RC1",15
"iNEXT","RC1",16.099
"microbiome","RC1",16
"pctax","RC1",16
"rareNMtests","RC1",16
"SpadeR","RC1",16
"SSP","RC1",15
"vegan","RC1",16
"BAT","RC1M",16.0625
"divent","RC1M",16.0989247311828
"ecodive","RC1M",16.1
"entropart","RC1M",16.0989247311828
"fossil","RC1M",16.1
"mobr","RC1M",16.0989247311828
"OTUtable","RC1M",16.1
"tabula","RC1M",16.0989247311828
"wiqid","RC1M",16.1
"BAT","RCA2",34.9858333333333
"divDyn","RCA2",16
"fossil","RCA2",16.1
"tabula","RCA2",16
"wiqid","RCA2",16
"benthos","RHUR_2",1.90065451145393
"benthos","RHUR_3",2.71530292988918
"divent","RHUR_2",10.0659105340867
"divent","RHUR_3",10.1929161350691
"entropart","RHUR_2",1.90065451145393
"entropart","RHUR_3",2.71530292988918
"mobsim","RHUR_2",1.90065451145393
"mobsim","RHUR_3",2.71530292988918
"tabula","RHUR_2",1.90065451145326
"tabula","RHUR_3",2.71530292988939
"vegan","RHUR_2",1.90065451145393
"vegan","RHUR_3",2.71530292988918
"BAT","RICE",35.029132141194
"fossil","RICE",16.2456140350877
"tabula","RICE",16
"wiqid","RICE",16
"BAT","RJA1",17
"BiodiversityR","RJA1",16
"divent","RJA1",17
"entropart","RJA1",17
"fossil","RJA1",16.989247311828
"SSP","RJA1",15
"tabula","RJA1",2.4570713728317
"wiqid","RJA1",17
"BAT","RJA2",13
"BiodiversityR","RJA2",16
"fossil","RJA2",13.0961898083216
"SSP","RJA2",15
"wiqid","RJA2",13
"sprex","RMM",99
"wiqid","RMM",0
"divDyn","RSQ",16.1092320166802
"ecodive","RSQ",16.1092320166802
"tabula","RSQ",16.1092320166802
"abdiv","D1SP",0.847750865051903
"ade4","D1SP",0.847750865051903
"adiv","D1SP",0.847750865051903
"agricolae","D1SP",1
"asbio","D1SP",0.847750865051903
"BiodiversityR","D1SP",0.84775087
"biosampleR","D1SP",0.753055681303757
"breakaway","D1SP",0.847750865051903
"catsim","D1SP",0.666122448979592
"concstats","2_D1SP",0.795378151260504
"concstats","D1SP",0.975066151027885
"CUB","D1SP",0.872684714024018
"DescTools","2_D1SP",0.847750865051903
"DescTools","D1SP",0.835207612456747
"divent","D1SP",0.847750865051903
"diverse","D1SP",0.753055681303757
"ecodive","D1SP",0.847750865051903
"entropart","D1SP",0.847750865051903
"lawstat","D1SP",0.835207612456747
"MCPAN","D1SP",-2815
"microbiome","D1SP",0.847750865051903
"PCRA","D1SP",0.847750865051903
"RoughSets","D1SP",0.847750865051903
"simboot","D1SP",-2815
"sprex","D1SP",0.847750865051903
"untb","D1SP",0.854030501089325
"vegan","D1SP",0.847750865051903
"abdiv","DBRI",1.99300665786905
"ecodive","DBRI",1.99300665786905
"tabula","DBRI",1.99300665786905
"wiqid","DBRI",7.33756216880849
"BiodiversityR","DFIS",4.71002807
"ecodive","DFIS",4.71
"microbiome","DFIS",4.71002806730772
"preseqR","DFIS",8.65864297830817
"sads","DFIS",4.71002811373854
"vegan","DFIS",4.71002806730772
"custom","DGLE",3.25689476915144
"DGOO","1_1",2.16151178715681
"DGOO","1_2",0.476366130888493
"DGOO","1_3",1
"DGOO","2_1",0.257478139665642
"DGOO","2_2",0.976481589686528
"DGOO","2_3",1
"DGOO","3_1",0.0467750314875977
"DGOO","3_2",0.127025979828542
"DGOO","3_3",1
"abdiv","DINVSP",6.56818181818182
"adiv","DINVSP",6.56818181818182
"asbio","DINVSP",6.56818181818182
"BiodiversityR","DINVSP",6.56818182
"breakaway","DINVSP",6.56818181818182
"chemodiv","DINVSP",6.56818181818182
"codyn","DINVSP",6.56818181818182
"divseg","DINVSP",1.1522491349481
"ecodive","DINVSP",6.56818181818182
"microbiome","DINVSP",6.56818181818182
"sprex","DINVSP",6.56818181818182
"vegan","DINVSP",6.56818181818182
"custom","DKO",0.36
"asbio","DLMD",17.1259662084848
"Compositional","DLMD",0.999958992306093
"sads","DLMD",1.37211662046973
"vegan","DLMD",48.519268167162
"abdiv","DMC",0.667003966459615
"adiv","DMC",0.667003966459615
"agricolae","DMC",0.667003966459615
"ecodive","DMC",0.667003966459615
"forestHES","DMC",0.667003966459615
"tabula","DMC",0.667003966459615
"abdiv","DMG",3.05333884607947
"adiv","DMG",3.05333884607947
"agricolae","DMG",6.9209013844468
"ecodive","DMG",3.05333884607947
"tabula","DMG",3.05333884607947
"abdiv","DMN",1.37198868114007
"adiv","DMN",1.37198868114007
"ecodive","DMN",1.37198868114007
"tabula","DMN",1.37198868114007
"custom","DOD",117.647058823529
"abdiv","DQ",0
"ade4","DRAO",0.847750865051903
"BAT","DRAO",0.847750865051902
"chemodiv","DRAO",222.002249100388
"diverse","DRAO",212.919543697902
"SYNCSA","DRAO",0.847750865051903
"abdiv","DSHA",2.16151178715681
"adiv","DSHA",2.16151178715681
"aqp","DSHA",-539.792228693079
"asbio","DSHA",2.16151178715681
"benthos","DSHA",0
"BiodiversityR","DSHA",2.16151179
"biosampleR","DSHA",1.75540712702658
"chemodiv","DSHA",2.16151178715681
"codyn","DSHA",2.16151178715681
"DescTools","DSHA",3.11840233615417
"divDyn","DSHA",2.16151178715681
"divent","DSHA",2.16151178715681
"diverse","DSHA",1.75540712702658
"ecodive","DSHA",2.16151178715681
"EconGeo","DSHA",3.118
"entropart","DSHA",2.26181723483333
"forestmangr","DSHA",3.56
"HardyWeinberg","DSHA",2.16151178715681
"iNEXT","DSHA",2.162
"MCPAN","DSHA",2.16151178715681
"microbiome","DSHA",2.16151178715681
"OTUtable","DSHA",2.16151178715681
"pgirmess","DSHA",3.11840233615417
"SpiecEasi","DSHA",2.16151178715681
"sprex","DSHA",2.16151178715681
"tabula","DSHA",2.16151178715681
"triversity","DSHA",16
"vegan","DSHA",2.16151178715681
"wavethresh","DSHA",-18143.440973954
"wiqid","DSHA",6.85074626865672
"abdiv","DSP",0.152249134948097
"agricolae","DSP",0.152249134948097
"antitrust","DSP",1522.49134948097
"benthos","DSP",0.145969498910675
"breakaway","DSP",0.152249134948097
"concstats","DSP",0.152249134948097
"DescTools","DSP",0.152249134948097
"diverse","DSP",0.238846945778998
"divseg","DSP",1.1522491349481
"EconGeo","DSP",0.152249134948097
"hhi","DSP",0.152249134948097
"ineq","DSP",0.152249134948097
"microbiome","DSP",0.152249134948097
"PDtoolkit","DSP",0.152249134948097
"politics","DSP",0.152249134948097
"REAT","DSP",0.152249134948097
"sprex","DSP",0.152249134948097
"tabula","DSP",0.152249134948097
"triversity","DSP",0.152249134948097
"wiqid","DSP",6.85074626865672
"abdiv","EBP",0.279411764705882
"agricolae","EBP",0.279411764705882
"BiodiversityR","EBP",0.27941176
"diverse","EBP",0.425531914893617
"dyvDyn","EBP",0.0285714285714286
"ecodive","EBP",0.279411764705882
"microbiome","EBP",0.279411764705882
"tabula","EBP",0.279411764705882
"triversity","EBP",0.279411764705882
"wiqid","EBP",1
"tabula","EBRI",0.778327086433836
"BAT","EBU",0.498039215686275
"microbiome","EBU",0.498039215686275
"BAT","ECAM",0.921691176470588
"microbiome","ECAM",0.457261029411765
"codyn","EEQ",0.154560003111291
"custom","EEQ",0.0324259599776532
"adiv","EEVAR",0.350940261768678
"codyn","EEVAR",0.340924540588677
"custom","EEVAR",0.350940261768678
"microbiome","EEVAR",0.350940261768678
"acid","EGIN",0.811344537815126
"DescTools","EGIN",0.811344537815126
"dplR","EGIN",0.811344537815126
"EconGeo","EGIN",0.811
"giniVarCI","EGIN",0.811344537815126
"ineq","EGIN",0.811344537815126
"microbiome","EGIN",0.811344537815126
"REAT","EGIN",0.811344537815126
"shipunov","EGIN",0.811344537815126
"wINEQ","EGIN",0.811344537815126
"adiv","EGSP",0.904267589388697
"abdiv","EHEI",0.512283765796673
"adiv","EHEI",0.512283765796673
"custom","EHUL",0.448529411764706
"benthos","EHURE",0.854030501089325
"BiodiversityR","EHURE",0.8540305
"mobr","EHURE",0.854030501089325
"vegan","EHURE",0.854030501089355
"custom","ELR",0.212983961560578
"abdiv","EMC",0.438337470439462
"tabula","EMC",0.813078464257976
"microbiome","EMN",0.448529411764706
"custom","ENHC",-0.265387404399352
"custom","EPAT",0.214522127187306
"abdiv","EPIE",0.779600584038543
"adiv","EPIE",0.779600584038543
"BiodiversityR","EPIE",0.77960058
"breakaway","EPIE",0.779600584038543
"chemodiv","EPIE",0.779600584038543
"diverse","EPIE",0.732061632107059
"forestmangr","EPIE",1
"microbiome","EPIE",0.779600584038543
"OTUtable","EPIE",0.779600584038543
"pctax","EPIE",0.7796
"sprex","EPIE",0.779600584038543
"tabula","EPIE",0.779600584038543
"custom","ESHE",0.542766030434381
"adiv","ESP",0.410511363636364
"codyn","ESP",0.410511363636364
"sprex","ESP",0.135094486697301
"tabula","ESP",0.410511363636364
"abdiv","EST",0.470588235294118
"adiv","QHIL_0",16
"adiv","QHIL_1",8.68425648695009
"adiv","QHIL_2",6.56818181818182
"adiv","QHIL_3",5.65699818064817
"BAT","QHIL_0",16
"BAT","QHIL_1",8.68425648695009
"BAT","QHIL_2",6.56818181818182
"BAT","QHIL_3",5.65699818064817
"benthos","QHIL_0",35
"benthos","QHIL_1",8.68425648695009
"benthos","QHIL_2",6.56818181818182
"benthos","QHIL_3",5.65699818064817
"breakaway","QHIL_0",16
"breakaway","QHIL_1",8.68425648695009
"breakaway","QHIL_2",6.56818181818182
"breakaway","QHIL_3",5.65699818064817
"chemodiv","QHIL_0",16
"chemodiv","QHIL_1",8.68425648695009
"chemodiv","QHIL_2",6.56818181818182
"chemodiv","QHIL_3",5.65699818064817
"divDyn","QHIL_2",6.56818181818182
"divent","QHIL_0",21
"divent","QHIL_1",9.60051972311945
"divent","QHIL_2",6.84931818362409
"divent","QHIL_3",5.79448319107287
"entropart","QHIL_0",21
"entropart","QHIL_1",9.60051972311945
"entropart","QHIL_2",6.84931818362409
"entropart","QHIL_3",5.79448319107288
"EntropyEstimation","QHIL_1",9.21653638292077
"EntropyEstimation","QHIL_2",6.85074626865671
"EntropyEstimation","QHIL_3",5.91038892313316
"extremefit","QHIL",NA
"hilldiv","QHIL_0",16
"hilldiv","QHIL_1",8.68429211762977
"hilldiv","QHIL_2",6.56818181818182
"hilldiv","QHIL_3",5.65699818064817
"hillR","QHIL_0",16
"hillR","QHIL_1",8.68425648695009
"hillR","QHIL_2",6.56818181818182
"hillR","QHIL_3",5.65699818064817
"sprex","QHIL_0",16
"sprex","QHIL_1",8.68425648695009
"sprex","QHIL_2",6.56818181818182
"sprex","QHIL_3",5.65699818064817
"vegan","QHIL_0",16
"vegan","QHIL_1",8.68425648695009
"vegan","QHIL_2",6.56818181818182
"vegan","QHIL_3",5.65699818064817
"adiv","QREN_0",2.77258872223978
"adiv","QREN_1",2.16151178715681
"adiv","QREN_2",1.88223705419417
"adiv","QREN_3",1.73289339475025
"BiodiversityR","QREN_0",2.77258872223978
"BiodiversityR","QREN_1",2.16151178715681
"BiodiversityR","QREN_2",1.88223705419417
"BiodiversityR","QREN_3",1.73289339475025
"diverse","QREN_0",2.39789527279837
"diverse","QREN_1",1.75540712702658
"diverse","QREN_2",1.39859239814699
"diverse","QREN_3",1.22091533233067
"EntropyEstimation","QREN_1",2.22099930353169
"EntropyEstimation","QREN_2",1.92435759066958
"EntropyEstimation","QREN_3",1.77671163688952
"seewave","QREN_2",0.529410074508102
"seewave","QREN_3",0.487404716988576
"sprex","QREN_0",2.77258872223978
"sprex","QREN_1",2.16151178715681
"sprex","QREN_2",1.88223705419417
"sprex","QREN_3",1.73289339475025
"statcomp","QREN_1",0.607960669327916
"statcomp","QREN_2",0.529410066649188
"statcomp","QREN_3",0.487404711094391
"vegan","QREN_0",2.77258872223978
"vegan","QREN_1",2.16151178715681
"vegan","QREN_2",1.88223705419417
"vegan","QREN_3",1.73289339475025
"adiv","QTSA_0",15
"adiv","QTSA_1",2.16151178715681
"adiv","QTSA_2",0.847750865051903
"adiv","QTSA_3",0.48437579508447
"divent","QTSA_0",15
"divent","QTSA_1",2.16151178715681
"divent","QTSA_2",0.847750865051903
"divent","QTSA_3",0.48437579508447
"entropart","QTSA_0",20
"entropart","QTSA_1",2.26181723483333
"entropart","QTSA_2",0.854000066402101
"entropart","QTSA_3",0.485108426493046
"EntropyEstimation","QTSA_1",2.22099930353169
"EntropyEstimation","QTSA_2",0.854030501089324
"EntropyEstimation","QTSA_3",0.485686762267096
"vegan","QTSA_0",15
"vegan","QTSA_1",2.16151178715681
"vegan","QTSA_2",0.847750865051903
"vegan","QTSA_3",0.48437579508447
"BAT","RACE",25.1010848126233
"ecodive","RACE",25.1010848126233
"fossil","RACE",18.1153846153846
"pctax","RACE",25.1011
"sprex","RACE",217.194922203893
"tabula","RACE",25.1010848126233
"vegan","RACE",25.1010848126233
"wiqid","RACE",25.1010848126233
"BiodiversityR","RBOO",16
"wiqid","RBOO",35
"BAT","RC1",18
"BiodiversityR","RC1",16
"biosampleR","RC1",12.5
"iNEXT","RC1",19.102
"microbiome","RC1",18
"pctax","RC1",18
"rareNMtests","RC1",16
"SpadeR","RC1",16
"SSP","RC1",15
"vegan","RC1",18
"BAT","RC1M",19.7578125
"divent","RC1M",19.1020220588235
"ecodive","RC1M",19.125
"entropart","RC1M",19.1020220588235
"fossil","RC1M",19.125
"mobr","RC1M",19.1020220588235
"OTUtable","RC1M",19.125
"tabula","RC1M",19.1020220588235
"wiqid","RC1M",19.125
"BAT","RCA2",34.975
"divDyn","RCA2",17.875
"fossil","RCA2",19.125
"tabula","RCA2",16
"wiqid","RCA2",16
"benthos","RHUR_2",1.85403050108936
"benthos","RHUR_3",2.59071797873386
"divent","RHUR_2",6.85071922848131
"divent","RHUR_3",6.97986029678038
"entropart","RHUR_2",1.85403050108935
"entropart","RHUR_3",2.59071797873386
"mobsim","RHUR_2",1.85403050108936
"mobsim","RHUR_3",2.59071797873386
"tabula","RHUR_2",1.85403050108759
"tabula","RHUR_3",2.59071797873189
"vegan","RHUR_2",1.85403050108936
"vegan","RHUR_3",2.59071797873386
"BAT","RICE",35.0280790586585
"fossil","RICE",18.1153846153846
"tabula","RICE",16
"wiqid","RICE",16
"BAT","RJA1",21
"BiodiversityR","RJA1",16
"divent","RJA1",21
"entropart","RJA1",21
"fossil","RJA1",20.9632352941176
"SSP","RJA1",15
"tabula","RJA1",2.16151178715681
"wiqid","RJA1",21
"BAT","RJA2",22
"BiodiversityR","RJA2",16
"fossil","RJA2",21.8674291938998
"SSP","RJA2",15
"wiqid","RJA2",22
"sprex","RMM",137
"wiqid","RMM",0
"divDyn","RSQ",19.8227628149435
"ecodive","RSQ",19.8227628149435
"tabula","RSQ",19.8227628149435
"abdiv","D1SP",0.846848761823786
"ade4","D1SP",0.846848761823786
"adiv","D1SP",0.846848761823786
"agricolae","D1SP",1
"asbio","D1SP",0.846848761823786
"BiodiversityR","D1SP",0.84684876
"biosampleR","D1SP",0.809746197858086
"breakaway","D1SP",0.846848761823786
"catsim","D1SP",0.783673469387755
"concstats","2_D1SP",0.795378151260504
"concstats","D1SP",0.975092683475771
"CUB","D1SP",0.871756078348015
"DescTools","2_D1SP",0.846848761823786
"DescTools","D1SP",0.8077622801698
"divent","D1SP",0.846848761823786
"diverse","D1SP",0.809746197858086
"ecodive","D1SP",0.846848761823786
"entropart","D1SP",0.846848761823786
"lawstat","D1SP",0.8077622801698
"MCPAN","D1SP",-5763
"microbiome","D1SP",0.846848761823786
"PCRA","D1SP",0.846848761823786
"RoughSets","D1SP",0.846848761823786
"simboot","D1SP",-5763
"sprex","D1SP",0.846848761823786
"untb","D1SP",0.851236579242562
"vegan","D1SP",0.846848761823786
"abdiv","DBRI",2.12557060334638
"ecodive","DBRI",2.12557060334638
"tabula","DBRI",2.12557060334638
"wiqid","DBRI",8.37767645477038
"BiodiversityR","DFIS",5.98452458
"ecodive","DFIS",5.984
"microbiome","DFIS",5.98452458190791
"preseqR","DFIS",13.4868039749252
"sads","DFIS",5.98449510560264
"vegan","DFIS",5.98452458190791
"custom","DGLE",3.98643990895419
"DGOO","1_1",2.28586349862987
"DGOO","1_2",0.446746233036278
"DGOO","1_3",1
"DGOO","2_1",0.246058161389479
"DGOO","2_2",0.947052205765573
"DGOO","2_3",1
"DGOO","3_1",0.0486523130567251
"DGOO","3_2",0.116304579921009
"DGOO","3_3",1
"abdiv","DINVSP",6.529493407356
"adiv","DINVSP",6.529493407356
"asbio","DINVSP",6.529493407356
"BiodiversityR","DINVSP",6.52949341
"breakaway","DINVSP",6.529493407356
"chemodiv","DINVSP",6.529493407356
"codyn","DINVSP",6.529493407356
"divseg","DINVSP",1.15315123817621
"ecodive","DINVSP",6.52949340735601
"microbiome","DINVSP",6.529493407356
"sprex","DINVSP",6.529493407356
"vegan","DINVSP",6.529493407356
"custom","DKO",0.16
"asbio","DLMD",35.9718721657118
"Compositional","DLMD",0.999958992306093
"sads","DLMD",1.38933721486281
"vegan","DLMD",32.9468192184249
"abdiv","DMC",0.655733501165912
"adiv","DMC",0.655733501165912
"agricolae","DMC",0.655733501165912
"ecodive","DMC",0.655733501165912
"forestHES","DMC",0.655733501165912
"tabula","DMC",0.655733501165912
"abdiv","DMG",3.79660943709923
"adiv","DMG",3.79660943709923
"agricolae","DMG",6.45423604306869
"ecodive","DMG",3.79660943709923
"tabula","DMG",3.79660943709923
"abdiv","DMN",1.50771213309725
"adiv","DMN",1.50771213309725
"ecodive","DMN",1.50771213309725
"tabula","DMN",1.50771213309725
"custom","DOD",108.247422680412
"abdiv","DQ",4.92600136196937
"ade4","DRAO",0.846848761823786
"BAT","DRAO",0.846848761823786
"chemodiv","DRAO",148.154457208503
"diverse","DRAO",208.315322840382
"SYNCSA","DRAO",0.846848761823786
"abdiv","DSHA",2.28586349862987
"adiv","DSHA",2.28586349862987
"aqp","DSHA",-834.609128261555
"asbio","DSHA",2.28586349862987
"benthos","DSHA",0
"BiodiversityR","DSHA",2.2858635
"biosampleR","DSHA",2.19930866615162
"chemodiv","DSHA",2.28586349862987
"codyn","DSHA",2.28586349862987
"DescTools","DSHA",3.29780393362241
"divDyn","DSHA",2.28586349862987
"divent","DSHA",2.28586349862987
"diverse","DSHA",2.19930866615162
"ecodive","DSHA",2.28586349862987
"EconGeo","DSHA",3.298
"entropart","DSHA",2.37477459425907
"forestmangr","DSHA",3.56
"HardyWeinberg","DSHA",2.28586349862987
"iNEXT","DSHA",2.286
"MCPAN","DSHA",2.28586349862987
"microbiome","DSHA",2.28586349862987
"OTUtable","DSHA",2.28586349862987
"pgirmess","DSHA",3.29780393362241
"SpiecEasi","DSHA",2.28586349862987
"sprex","DSHA",2.28586349862987
"tabula","DSHA",2.28586349862987
"triversity","DSHA",21
"vegan","DSHA",2.28586349862987
"wavethresh","DSHA",-42206.5789335732
"wiqid","DSHA",6.72208258527828
"abdiv","DSP",0.153151238176214
"agricolae","DSP",0.153151238176214
"antitrust","DSP",1531.51238176214
"benthos","DSP",0.148763420757438
"breakaway","DSP",0.153151238176214
"concstats","DSP",0.153151238176214
"DescTools","DSP",0.153151238176214
"diverse","DSP",0.187412587412587
"divseg","DSP",1.15315123817621
"EconGeo","DSP",0.153151238176214
"hhi","DSP",0.153151238176214
"ineq","DSP",0.153151238176214
"microbiome","DSP",0.153151238176214
"PDtoolkit","DSP",0.153151238176214
"politics","DSP",0.153151238176214
"REAT","DSP",0.153151238176214
"sprex","DSP",0.153151238176214
"tabula","DSP",0.153151238176214
"triversity","DSP",0.153151238176214
"wiqid","DSP",6.72208258527828
"abdiv","EBP",0.288659793814433
"agricolae","EBP",0.288659793814433
"BiodiversityR","EBP",0.28865979
"diverse","EBP",0.377622377622378
"dyvDyn","EBP",0.0285714285714286
"ecodive","EBP",0.288659793814433
"microbiome","EBP",0.288659793814433
"tabula","EBP",0.288659793814433
"triversity","EBP",0.288659793814433
"wiqid","EBP",1
"tabula","EBRI",0.748159973256422
"BAT","EBU",0.471907216494845
"microbiome","EBU",0.471907216494845
"BAT","ECAM",0.935886107020128
"microbiome","ECAM",0.354442808051055
"codyn","EEQ",0.157939883051485
"custom","EEQ",0.0188108835396188
"adiv","EEVAR",0.361820271352126
"codyn","EEVAR",0.356125609332313
"custom","EEVAR",0.361820271352126
"microbiome","EEVAR",0.361820271352126
"acid","EGIN",0.784683357879234
"DescTools","EGIN",0.784683357879234
"dplR","EGIN",0.784683357879234
"EconGeo","EGIN",0.785
"giniVarCI","EGIN",0.784683357879234
"ineq","EGIN",0.784683357879234
"microbiome","EGIN",0.784683357879234
"REAT","EGIN",0.784683357879234
"shipunov","EGIN",0.784683357879234
"wINEQ","EGIN",0.784683357879234
"adiv","EGSP",0.889191199914975
"abdiv","EHEI",0.441708717741329
"adiv","EHEI",0.441708717741329
"custom","EHUL",0.489690721649485
"benthos","EHURE",0.851236579242562
"BiodiversityR","EHURE",0.85123658
"mobr","EHURE",0.851236579242562
"vegan","EHURE",0.851236579242541
"custom","ELR",0.180889528301807
"abdiv","EMC",0.436183607468628
"tabula","EMC",0.778547592558161
"microbiome","EMN",0.489690721649485
"custom","ENHC",-0.200123468940921
"custom","EPAT",0.160429577086411
"abdiv","EPIE",0.750811841721604
"adiv","EPIE",0.750811841721604
"BiodiversityR","EPIE",0.75081184
"breakaway","EPIE",0.750811841721604
"chemodiv","EPIE",0.750811841721604
"diverse","EPIE",0.701423289183105
"forestmangr","EPIE",1
"microbiome","EPIE",0.750811841721604
"OTUtable","EPIE",0.750811841721604
"pctax","EPIE",0.7508
"sprex","EPIE",0.750811841721604
"tabula","EPIE",0.750811841721604
"custom","ESHE",0.468294016896504
"adiv","ESP",0.310928257493143
"codyn","ESP",0.310928257493143
"sprex","ESP",0.108850642791899
"tabula","ESP",0.310928257493143
"abdiv","EST",0.502945508100147
"adiv","QHIL_0",21
"adiv","QHIL_1",9.83417435482658
"adiv","QHIL_2",6.529493407356
"adiv","QHIL_3",5.38129608415602
"BAT","QHIL_0",21
"BAT","QHIL_1",9.83417435482658
"BAT","QHIL_2",6.529493407356
"BAT","QHIL_3",5.38129608415602
"benthos","QHIL_0",35
"benthos","QHIL_1",9.83417435482658
"benthos","QHIL_2",6.529493407356
"benthos","QHIL_3",5.38129608415602
"breakaway","QHIL_0",21
"breakaway","QHIL_1",9.83417435482658
"breakaway","QHIL_2",6.529493407356
"breakaway","QHIL_3",5.38129608415602
"chemodiv","QHIL_0",21
"chemodiv","QHIL_1",9.83417435482658
"chemodiv","QHIL_2",6.529493407356
"chemodiv","QHIL_3",5.38129608415602
"divDyn","QHIL_2",6.529493407356
"divent","QHIL_0",27
"divent","QHIL_1",10.7485901190803
"divent","QHIL_2",6.72076274587896
"divent","QHIL_3",5.46512760585493
"entropart","QHIL_0",27
"entropart","QHIL_1",10.7485901190803
"entropart","QHIL_2",6.72076274587896
"entropart","QHIL_3",5.46512760585492
"EntropyEstimation","QHIL_1",10.3938542140968
"EntropyEstimation","QHIL_2",6.72208258527827
"EntropyEstimation","QHIL_3",5.52820041898493
"extremefit","QHIL",NA
"hilldiv","QHIL_0",21
"hilldiv","QHIL_1",9.83423227234689
"hilldiv","QHIL_2",6.529493407356
"hilldiv","QHIL_3",5.38129608415602
"hillR","QHIL_0",21
"hillR","QHIL_1",9.83417435482658
"hillR","QHIL_2",6.529493407356
"hillR","QHIL_3",5.38129608415602
"sprex","QHIL_0",21
"sprex","QHIL_1",9.83417435482658
"sprex","QHIL_2",6.529493407356
"sprex","QHIL_3",5.38129608415602
"vegan","QHIL_0",21
"vegan","QHIL_1",9.83417435482658
"vegan","QHIL_2",6.529493407356
"vegan","QHIL_3",5.38129608415602
"adiv","QREN_0",3.04452243772342
"adiv","QREN_1",2.28586349862987
"adiv","QREN_2",1.87632936100724
"adiv","QREN_3",1.68292925299575
"BiodiversityR","QREN_0",3.04452243772342
"BiodiversityR","QREN_1",2.28586349862987
"BiodiversityR","QREN_2",1.87632936100724
"BiodiversityR","QREN_3",1.68292925299575
"diverse","QREN_0",3.13549421592915
"diverse","QREN_1",2.19930866615162
"diverse","QREN_2",1.65939629746283
"diverse","QREN_3",1.41098307907981
"EntropyEstimation","QREN_1",2.34121469052068
"EntropyEstimation","QREN_2",1.90539801504688
"EntropyEstimation","QREN_3",1.70986234105146
"seewave","QREN_2",0.527748435030633
"seewave","QREN_3",0.473351479156017
"sprex","QREN_0",3.04452243772342
"sprex","QREN_1",2.28586349862987
"sprex","QREN_2",1.87632936100724
"sprex","QREN_3",1.68292925299575
"statcomp","QREN_1",0.642936629296506
"statcomp","QREN_2",0.527748430971118
"statcomp","QREN_3",0.473351476111381
"vegan","QREN_0",3.04452243772342
"vegan","QREN_1",2.28586349862987
"vegan","QREN_2",1.87632936100724
"vegan","QREN_3",1.68292925299575
"adiv","QTSA_0",20
"adiv","QTSA_1",2.28586349862987
"adiv","QTSA_2",0.846848761823786
"adiv","QTSA_3",0.482733821423445
"divent","QTSA_0",20
"divent","QTSA_1",2.28586349862987
"divent","QTSA_2",0.846848761823786
"divent","QTSA_3",0.482733821423445
"entropart","QTSA_0",26
"entropart","QTSA_1",2.37477459425907
"entropart","QTSA_2",0.851207364727585
"entropart","QTSA_3",0.483259462782305
"EntropyEstimation","QTSA_1",2.34121469052068
"EntropyEstimation","QTSA_2",0.851236579242562
"EntropyEstimation","QTSA_3",0.483639278751135
"vegan","QTSA_0",20
"vegan","QTSA_1",2.28586349862987
"vegan","QTSA_2",0.846848761823786
"vegan","QTSA_3",0.482733821423445
"BAT","RACE",27.3869387755102
"ecodive","RACE",27.3869387755102
"fossil","RACE",23.5714285714286
"pctax","RACE",27.3869
"sprex","RACE",196.576554434368
"tabula","RACE",27.3869387755102
"vegan","RACE",27.3869387755102
"wiqid","RACE",27.3869387755102
"BiodiversityR","RBOO",21
"wiqid","RBOO",35
"BAT","RC1",24
"BiodiversityR","RC1",21
"biosampleR","RC1",24.4285714285714
"iNEXT","RC1",25.477
"microbiome","RC1",24
"pctax","RC1",24
"rareNMtests","RC1",21
"SpadeR","RC1",21
"SSP","RC1",20
"vegan","RC1",24
"BAT","RC1M",25.9591836734694
"divent","RC1M",25.4768041237113
"ecodive","RC1M",25.5
"entropart","RC1M",25.4768041237113
"fossil","RC1M",25.5
"mobr","RC1M",25.4768041237113
"OTUtable","RC1M",25.5
"tabula","RC1M",25.4768041237113
"wiqid","RC1M",25.5
"BAT","RCA2",34.995
"divDyn","RCA2",23.8571428571429
"fossil","RCA2",25.5
"tabula","RCA2",21
"wiqid","RCA2",21
"benthos","RHUR_2",1.85123657924254
"benthos","RHUR_3",2.58643118022534
"divent","RHUR_2",6.7220573927579
"divent","RHUR_3",6.90369028924229
"entropart","RHUR_2",1.85123657924254
"entropart","RHUR_3",2.58643118022533
"mobsim","RHUR_2",1.85123657924254
"mobsim","RHUR_3",2.58643118022534
"tabula","RHUR_2",1.85127618609871
"tabula","RHUR_3",2.5864430713451
"vegan","RHUR_2",1.85123657924254
"vegan","RHUR_3",2.58643118022534
"BAT","RICE",35.0389830479878
"fossil","RICE",23.5714285714286
"tabula","RICE",21
"wiqid","RICE",21
"BAT","RJA1",27
"BiodiversityR","RJA1",21
"divent","RJA1",27
"entropart","RJA1",27
"fossil","RJA1",26.9690721649485
"SSP","RJA1",20
"tabula","RJA1",2.28586349862987
"wiqid","RJA1",27
"BAT","RJA2",29
"BiodiversityR","RJA2",21
"fossil","RJA2",28.8761818278938
"SSP","RJA2",20
"wiqid","RJA2",29
"sprex","RMM",208
"wiqid","RMM",0
"divDyn","RSQ",26.5319648093842
"ecodive","RSQ",26.5319648093842
"tabula","RSQ",26.5319648093842
"abdiv","D1SP",0.831912994075156
"ade4","D1SP",0.831912994075156
"adiv","D1SP",0.831912994075156
"agricolae","D1SP",1
"asbio","D1SP",0.831912994075156
"BiodiversityR","D1SP",0.83191299
"biosampleR","D1SP",0.753539697350805
"breakaway","D1SP",0.831912994075156
"catsim","D1SP",0.713469387755102
"concstats","2_D1SP",0.795378151260504
"concstats","D1SP",0.975531970762495
"CUB","D1SP",0.856381023312661
"DescTools","2_D1SP",0.831912994075156
"DescTools","D1SP",0.824059353471118
"divent","D1SP",0.831912994075156
"diverse","D1SP",0.753539697350805
"ecodive","D1SP",0.831912994075156
"entropart","D1SP",0.831912994075156
"lawstat","D1SP",0.824059353471118
"MCPAN","D1SP",-2070
"microbiome","D1SP",0.831912994075156
"PCRA","D1SP",0.831912994075156
"RoughSets","D1SP",0.831912994075156
"simboot","D1SP",-2070
"sprex","D1SP",0.831912994075156
"untb","D1SP",0.839475839475839
"vegan","D1SP",0.831912994075156
"abdiv","DBRI",1.95264277729309
"ecodive","DBRI",1.95264277729309
"tabula","DBRI",1.95264277729309
"wiqid","DBRI",7.04728740329652
"BiodiversityR","DFIS",6.08809149
"ecodive","DFIS",6.088
"microbiome","DFIS",6.08809149324541
"preseqR","DFIS",10.4427634103676
"sads","DFIS",6.08809015761231
"vegan","DFIS",6.08809149324541
"custom","DGLE",3.82203727985102
"DGOO","1_1",2.16732870909559
"DGOO","1_2",0.446424044825499
"DGOO","1_3",1
"DGOO","2_1",0.262120650982214
"DGOO","2_2",0.883073444414106
"DGOO","2_3",1
"DGOO","3_1",0.0549406502464249
"DGOO","3_2",0.12541679670231
"DGOO","3_3",1
"abdiv","DINVSP",5.94929985514244
"adiv","DINVSP",5.94929985514244
"asbio","DINVSP",5.94929985514244
"BiodiversityR","DINVSP",5.94929986
"breakaway","DINVSP",5.94929985514244
"chemodiv","DINVSP",5.94929985514244
"codyn","DINVSP",5.94929985514244
"divseg","DINVSP",1.16808700592484
"ecodive","DINVSP",5.94929985514244
"microbiome","DINVSP",5.94929985514244
"sprex","DINVSP",5.94929985514244
"vegan","DINVSP",5.94929985514244
"custom","DKO",0.28
"asbio","DLMD",30.6020975870476
"Compositional","DLMD",0.999958992306093
"sads","DLMD",1.08941896693797
"vegan","DLMD",35.121956763294
"abdiv","DMC",0.651890560527374
"adiv","DMC",0.651890560527374
"agricolae","DMC",0.651890560527374
"ecodive","DMC",0.651890560527374
"forestHES","DMC",0.651890560527374
"tabula","DMC",0.651890560527374
"abdiv","DMG",3.60970187541485
"adiv","DMG",3.60970187541485
"agricolae","DMG",7.2194037508297
"ecodive","DMG",3.60970187541485
"tabula","DMG",3.60970187541485
"abdiv","DMN",1.7084843923545
"adiv","DMN",1.7084843923545
"ecodive","DMN",1.7084843923545
"tabula","DMN",1.7084843923545
"custom","DOD",162.162162162162
"abdiv","DQ",7.25543814516621
"ade4","DRAO",0.831912994075156
"BAT","DRAO",0.831912994075156
"chemodiv","DRAO",153.679892852229
"diverse","DRAO",207.026576211712
"SYNCSA","DRAO",0.831912994075156
"abdiv","DSHA",2.16732870909559
"adiv","DSHA",2.16732870909559
"aqp","DSHA",-407.105984919539
"asbio","DSHA",2.16732870909559
"benthos","DSHA",0
"BiodiversityR","DSHA",2.16732871
"biosampleR","DSHA",1.74570076572547
"chemodiv","DSHA",2.16732870909559
"codyn","DSHA",2.16732870909559
"DescTools","DSHA",3.12679438058849
"divDyn","DSHA",2.16732870909559
"divent","DSHA",2.16732870909559
"diverse","DSHA",1.74570076572547
"ecodive","DSHA",2.16732870909559
"EconGeo","DSHA",3.127
"entropart","DSHA",2.29227743035015
"forestmangr","DSHA",3.56
"HardyWeinberg","DSHA",2.16732870909559
"iNEXT","DSHA",2.167
"MCPAN","DSHA",2.16732870909559
"microbiome","DSHA",2.16732870909559
"OTUtable","DSHA",2.16732870909559
"pgirmess","DSHA",3.12679438058849
"SpiecEasi","DSHA",2.16732870909559
"sprex","DSHA",2.16732870909559
"tabula","DSHA",2.16732870909559
"triversity","DSHA",18
"vegan","DSHA",2.16732870909559
"wavethresh","DSHA",-13047.697012332
"wiqid","DSHA",6.22959183673469
"abdiv","DSP",0.168087005924844
"agricolae","DSP",0.168087005924844
"antitrust","DSP",1680.87005924844
"benthos","DSP",0.160524160524161
"breakaway","DSP",0.168087005924844
"concstats","DSP",0.168087005924844
"DescTools","DSP",0.168087005924844
"diverse","DSP",0.241629919973869
"divseg","DSP",1.16808700592484
"EconGeo","DSP",0.168087005924844
"hhi","DSP",0.168087005924844
"ineq","DSP",0.168087005924844
"microbiome","DSP",0.168087005924844
"PDtoolkit","DSP",0.168087005924844
"politics","DSP",0.168087005924844
"REAT","DSP",0.168087005924844
"sprex","DSP",0.168087005924844
"tabula","DSP",0.168087005924844
"triversity","DSP",0.168087005924844
"wiqid","DSP",6.22959183673469
"abdiv","EBP",0.261261261261261
"agricolae","EBP",0.261261261261261
"BiodiversityR","EBP",0.26126126
"diverse","EBP",0.414012738853503
"dyvDyn","EBP",0.0285714285714286
"ecodive","EBP",0.261261261261261
"microbiome","EBP",0.261261261261261
"tabula","EBP",0.261261261261261
"triversity","EBP",0.261261261261261
"wiqid","EBP",1
"tabula","EBRI",0.745416647225583
"BAT","EBU",0.451510333863275
"microbiome","EBU",0.451510333863275
"BAT","ECAM",0.927986810339752
"microbiome","ECAM",0.376376376376376
"codyn","EEQ",0.174218561150734
"custom","EEQ",0.0216497276519678
"adiv","EEVAR",0.436886479622956
"codyn","EEVAR",0.428120555715286
"custom","EEVAR",0.436886479622956
"microbiome","EEVAR",0.436886479622956
"acid","EGIN",0.800514800514801
"DescTools","EGIN",0.8005148005148
"dplR","EGIN",0.800514800514801
"EconGeo","EGIN",0.801
"giniVarCI","EGIN",0.8005148005148
"ineq","EGIN",0.8005148005148
"microbiome","EGIN",0.8005148005148
"REAT","EGIN",0.800514800514801
"shipunov","EGIN",0.8005148005148
"wINEQ","EGIN",0.800514800514801
"adiv","EGSP",0.880849052550165
"abdiv","EHEI",0.454995255123445
"adiv","EHEI",0.454995255123445
"custom","EHUL",0.495495495495495
"benthos","EHURE",0.839475839475839
"BiodiversityR","EHURE",0.83947584
"mobr","EHURE",0.839475839475839
"vegan","EHURE",0.83947583947584
"custom","ELR",0.189023367318203
"abdiv","EMC",0.483665173908381
"tabula","EMC",0.771971204631178
"microbiome","EMN",0.495495495495495
"custom","ENHC",-0.197351412572649
"custom","EPAT",0.211991786931598
"abdiv","EPIE",0.749844272860299
"adiv","EPIE",0.749844272860299
"BiodiversityR","EPIE",0.74984427
"breakaway","EPIE",0.749844272860299
"chemodiv","EPIE",0.749844272860299
"diverse","EPIE",0.702521668519982
"forestmangr","EPIE",1
"microbiome","EPIE",0.749844272860299
"OTUtable","EPIE",0.749844272860299
"pctax","EPIE",0.7498
"sprex","EPIE",0.749844272860299
"tabula","EPIE",0.749844272860299
"custom","ESHE",0.485273296505476
"adiv","ESP",0.330516658619025
"codyn","ESP",0.330516658619025
"sprex","ESP",0.120407150505311
"tabula","ESP",0.330516658619025
"abdiv","EST",0.518018018018018
"adiv","QHIL_0",18
"adiv","QHIL_1",8.73491933709856
"adiv","QHIL_2",5.94929985514244
"adiv","QHIL_3",5.14421384554511
"BAT","QHIL_0",18
"BAT","QHIL_1",8.73491933709856
"BAT","QHIL_2",5.94929985514244
"BAT","QHIL_3",5.14421384554511
"benthos","QHIL_0",35
"benthos","QHIL_1",8.73491933709856
"benthos","QHIL_2",5.94929985514244
"benthos","QHIL_3",5.14421384554511
"breakaway","QHIL_0",18
"breakaway","QHIL_1",8.73491933709856
"breakaway","QHIL_2",5.94929985514244
"breakaway","QHIL_3",5.14421384554511
"chemodiv","QHIL_0",18
"chemodiv","QHIL_1",8.73491933709856
"chemodiv","QHIL_2",5.94929985514244
"chemodiv","QHIL_3",5.14421384554511
"divDyn","QHIL_2",5.94929985514244
"divent","QHIL_0",24
"divent","QHIL_1",9.89745279252155
"divent","QHIL_2",6.22369319759345
"divent","QHIL_3",5.29468296585273
"entropart","QHIL_0",24
"entropart","QHIL_1",9.89745279252155
"entropart","QHIL_2",6.22369319759345
"entropart","QHIL_3",5.29468296585273
"EntropyEstimation","QHIL_1",9.49252092885084
"EntropyEstimation","QHIL_2",6.2295918367347
"EntropyEstimation","QHIL_3",5.39710045935333
"extremefit","QHIL",NA
"hilldiv","QHIL_0",18
"hilldiv","QHIL_1",8.73497067717533
"hilldiv","QHIL_2",5.94929985514244
"hilldiv","QHIL_3",5.14421384554511
"hillR","QHIL_0",18
"hillR","QHIL_1",8.73491933709856
"hillR","QHIL_2",5.94929985514244
"hillR","QHIL_3",5.14421384554511
"sprex","QHIL_0",18
"sprex","QHIL_1",8.73491933709856
"sprex","QHIL_2",5.94929985514244
"sprex","QHIL_3",5.14421384554511
"vegan","QHIL_0",18
"vegan","QHIL_1",8.73491933709856
"vegan","QHIL_2",5.94929985514244
"vegan","QHIL_3",5.14421384554511
"adiv","QREN_0",2.89037175789616
"adiv","QREN_1",2.16732870909559
"adiv","QREN_2",1.78327354122908
"adiv","QREN_3",1.63787255791126
"BiodiversityR","QREN_0",2.89037175789616
"BiodiversityR","QREN_1",2.16732870909559
"BiodiversityR","QREN_2",1.78327354122908
"BiodiversityR","QREN_3",1.63787255791126
"diverse","QREN_0",2.484906649788
"diverse","QREN_1",1.74570076572547
"diverse","QREN_2",1.40055434248787
"diverse","QREN_3",1.24075706286928
"EntropyEstimation","QREN_1",2.25050421789893
"EntropyEstimation","QREN_2",1.82931081488019
"EntropyEstimation","QREN_3",1.68586185738829
"seewave","QREN_2",0.501574962849815
"seewave","QREN_3",0.460678547516975
"sprex","QREN_0",2.89037175789616
"sprex","QREN_1",2.16732870909559
"sprex","QREN_2",1.78327354122908
"sprex","QREN_3",1.63787255791126
"statcomp","QREN_1",0.60959677410252
"statcomp","QREN_2",0.501574954234447
"statcomp","QREN_3",0.460678541055449
"vegan","QREN_0",2.89037175789616
"vegan","QREN_1",2.16732870909559
"vegan","QREN_2",1.78327354122908
"vegan","QREN_3",1.63787255791126
"adiv","QTSA_0",17
"adiv","QTSA_1",2.16732870909559
"adiv","QTSA_2",0.831912994075156
"adiv","QTSA_3",0.481105649111493
"divent","QTSA_0",17
"divent","QTSA_1",2.16732870909559
"divent","QTSA_2",0.831912994075156
"divent","QTSA_3",0.481105649111493
"entropart","QTSA_0",23
"entropart","QTSA_1",2.29227743035015
"entropart","QTSA_2",0.839323699248755
"entropart","QTSA_3",0.482164303108957
"EntropyEstimation","QTSA_1",2.25050421789893
"EntropyEstimation","QTSA_2",0.83947583947584
"EntropyEstimation","QTSA_3",0.4828347947614
"vegan","QTSA_0",17
"vegan","QTSA_1",2.16732870909559
"vegan","QTSA_2",0.831912994075156
"vegan","QTSA_3",0.481105649111493
"BAT","RACE",22.4547807232287
"ecodive","RACE",22.4547807232287
"fossil","RACE",21.1034482758621
"pctax","RACE",22.4548
"sprex","RACE",111.342366688011
"tabula","RACE",22.4547807232287
"vegan","RACE",22.4547807232287
"wiqid","RACE",22.4547807232287
"BiodiversityR","RBOO",18
"wiqid","RBOO",35
"BAT","RC1",21.75
"BiodiversityR","RC1",18
"biosampleR","RC1",13.5
"iNEXT","RC1",23.946
"microbiome","RC1",21.75
"pctax","RC1",21.75
"rareNMtests","RC1",18
"SpadeR","RC1",18
"SSP","RC1",17
"vegan","RC1",21.75
"BAT","RC1M",24.1666666666667
"divent","RC1M",23.9459459459459
"ecodive","RC1M",24
"entropart","RC1M",23.9459459459459
"fossil","RC1M",24
"mobr","RC1M",23.9459459459459
"OTUtable","RC1M",24
"tabula","RC1M",23.9459459459459
"wiqid","RC1M",24
"BAT","RCA2",35.0025
"divDyn","RCA2",21.5416666666667
"fossil","RCA2",24
"tabula","RCA2",18
"wiqid","RCA2",18
"benthos","RHUR_2",1.83947583947584
"benthos","RHUR_3",2.55275792890479
"divent","RHUR_2",6.22956294213353
"divent","RHUR_3",6.35601005396056
"entropart","RHUR_2",1.83947583947584
"entropart","RHUR_3",2.5527579289048
"mobsim","RHUR_2",1.83947583947584
"mobsim","RHUR_3",2.55275792890479
"tabula","RHUR_2",1.83947583947438
"tabula","RHUR_3",2.55275792890407
"vegan","RHUR_2",1.83947583947584
"vegan","RHUR_3",2.55275792890479
"BAT","RICE",35.0156120707378
"fossil","RICE",21.1034482758621
"tabula","RICE",18
"wiqid","RICE",18
"BAT","RJA1",24
"BiodiversityR","RJA1",18
"divent","RJA1",24
"entropart","RJA1",24
"fossil","RJA1",23.9459459459459
"SSP","RJA1",17
"tabula","RJA1",2.16732870909559
"wiqid","RJA1",24
"BAT","RJA2",27
"BiodiversityR","RJA2",18
"fossil","RJA2",26.7565110565111
"SSP","RJA2",17
"wiqid","RJA2",27
"sprex","RMM",119
"wiqid","RMM",0
"divDyn","RSQ",24.1046425939573
"ecodive","RSQ",24.1046425939573
"tabula","RSQ",24.1046425939573
"abdiv","D1SP",0.864605121827124
"ade4","D1SP",0.864605121827124
"adiv","D1SP",0.864605121827124
"agricolae","D1SP",1
"asbio","D1SP",0.864605121827124
"BiodiversityR","D1SP",0.86460512
"biosampleR","D1SP",0.658131382411218
"breakaway","D1SP",0.864605121827124
"catsim","D1SP",0.718367346938775
"concstats","2_D1SP",0.795378151260504
"concstats","D1SP",0.97457043759332
"CUB","D1SP",0.890034684233804
"DescTools","2_D1SP",0.864605121827124
"DescTools","D1SP",0.806280406899602
"divent","D1SP",0.864605121827124
"diverse","D1SP",0.658131382411218
"ecodive","D1SP",0.864605121827124
"entropart","D1SP",0.864605121827124
"lawstat","D1SP",0.806280406899602
"MCPAN","D1SP",-2394
"microbiome","D1SP",0.864605121827124
"PCRA","D1SP",0.864605121827124
"RoughSets","D1SP",0.864605121827124
"simboot","D1SP",-2394
"sprex","D1SP",0.864605121827124
"untb","D1SP",0.871155160628845
"vegan","D1SP",0.864605121827124
"abdiv","DBRI",2.09285392379861
"ecodive","DBRI",2.09285392379861
"tabula","DBRI",2.09285392379861
"wiqid","DBRI",8.10802185278285
"BiodiversityR","DFIS",5.61360143
"ecodive","DFIS",5.614
"microbiome","DFIS",5.61360143031494
"preseqR","DFIS",9.23782917070976
"sads","DFIS",5.61360122157001
"vegan","DFIS",5.61360143031494
"custom","DGLE",3.68071880515108
"DGOO","1_1",2.28536861806529
"DGOO","1_2",0.478025261378824
"DGOO","1_3",1
"DGOO","2_1",0.247495331168575
"DGOO","2_2",1.00574145210653
"DGOO","2_3",1
"DGOO","3_1",0.0399199597947353
"DGOO","3_2",0.126643212332913
"DGOO","3_3",1
"abdiv","DINVSP",7.38580375782881
"adiv","DINVSP",7.38580375782881
"asbio","DINVSP",7.38580375782881
"BiodiversityR","DINVSP",7.38580376
"breakaway","DINVSP",7.38580375782881
"chemodiv","DINVSP",7.38580375782881
"codyn","DINVSP",7.38580375782881
"divseg","DINVSP",1.13539487817288
"ecodive","DINVSP",7.38580375782881
"microbiome","DINVSP",7.38580375782881
"sprex","DINVSP",7.38580375782881
"vegan","DINVSP",7.38580375782881
"custom","DKO",0.28
"asbio","DLMD",32.5315765235581
"Compositional","DLMD",0.999958992306093
"sads","DLMD",1.30736074893576
"vegan","DLMD",260.035132565755
"abdiv","DMC",0.692047717336163
"adiv","DMC",0.692047717336163
"agricolae","DMC",0.692047717336163
"ecodive","DMC",0.692047717336163
"forestHES","DMC",0.692047717336163
"tabula","DMC",0.692047717336163
"abdiv","DMG",3.47623442708713
"adiv","DMG",3.47623442708713
"agricolae","DMG",6.95246885417426
"ecodive","DMG",3.47623442708713
"tabula","DMG",3.47623442708713
"abdiv","DMN",1.56079794514342
"adiv","DMN",1.56079794514342
"ecodive","DMN",1.56079794514342
"tabula","DMN",1.56079794514342
"custom","DOD",135.338345864662
"abdiv","DQ",4.33950660903934
"ade4","DRAO",0.864605121827124
"BAT","DRAO",0.864605121827125
"chemodiv","DRAO",343.979315581905
"diverse","DRAO",204.785516401611
"SYNCSA","DRAO",0.864605121827124
"abdiv","DSHA",2.28536861806529
"adiv","DSHA",2.28536861806529
"aqp","DSHA",-499.839597660813
"asbio","DSHA",2.28536861806529
"benthos","DSHA",0
"BiodiversityR","DSHA",2.28536862
"biosampleR","DSHA",1.50933415771251
"chemodiv","DSHA",2.28536861806529
"codyn","DSHA",2.28536861806529
"DescTools","DSHA",3.29708997188605
"divDyn","DSHA",2.28536861806529
"divent","DSHA",2.28536861806529
"diverse","DSHA",1.50933415771251
"ecodive","DSHA",2.28536861806529
"EconGeo","DSHA",3.297
"entropart","DSHA",2.39396436179335
"forestmangr","DSHA",3.56
"HardyWeinberg","DSHA",2.28536861806529
"iNEXT","DSHA",2.285
"MCPAN","DSHA",2.28536861806529
"microbiome","DSHA",2.28536861806529
"OTUtable","DSHA",2.28536861806529
"pgirmess","DSHA",3.29708997188605
"SpiecEasi","DSHA",2.28536861806529
"sprex","DSHA",2.28536861806529
"tabula","DSHA",2.28536861806529
"triversity","DSHA",18
"vegan","DSHA",2.28536861806529
"wavethresh","DSHA",-14668.8824981004
"wiqid","DSHA",7.76127320954907
"abdiv","DSP",0.135394878172876
"agricolae","DSP",0.135394878172876
"antitrust","DSP",1353.94878172876
"benthos","DSP",0.128844839371155
"breakaway","DSP",0.135394878172876
"concstats","DSP",0.135394878172876
"DescTools","DSP",0.135394878172876
"diverse","DSP",0.333641975308642
"divseg","DSP",1.13539487817288
"EconGeo","DSP",0.135394878172876
"hhi","DSP",0.135394878172876
"ineq","DSP",0.135394878172876
"microbiome","DSP",0.135394878172876
"PDtoolkit","DSP",0.135394878172876
"politics","DSP",0.135394878172876
"REAT","DSP",0.135394878172876
"sprex","DSP",0.135394878172876
"tabula","DSP",0.135394878172876
"triversity","DSP",0.135394878172876
"wiqid","DSP",7.76127320954907
"abdiv","EBP",0.218045112781955
"agricolae","EBP",0.218045112781955
"BiodiversityR","EBP",0.21804511
"diverse","EBP",0.54320987654321
"dyvDyn","EBP",0.0285714285714286
"ecodive","EBP",0.218045112781955
"microbiome","EBP",0.218045112781955
"tabula","EBP",0.218045112781955
"triversity","EBP",0.218045112781955
"wiqid","EBP",1
"tabula","EBRI",0.789034932141928
"BAT","EBU",0.466165413533835
"microbiome","EBU",0.466165413533835
"BAT","ECAM",0.931937687355644
"microbiome","ECAM",0.45530492898914
"codyn","EEQ",0.166432429016019
"custom","EEQ",0.0233685297654339
"adiv","EEVAR",0.407631230808819
"codyn","EEVAR",0.39907463541171
"custom","EEVAR",0.407631230808819
"microbiome","EEVAR",0.407631230808819
"acid","EGIN",0.783243823845328
"DescTools","EGIN",0.783243823845327
"dplR","EGIN",0.783243823845328
"EconGeo","EGIN",0.783
"giniVarCI","EGIN",0.783243823845328
"ineq","EGIN",0.783243823845328
"microbiome","EGIN",0.783243823845328
"REAT","EGIN",0.783243823845328
"shipunov","EGIN",0.783243823845328
"wINEQ","EGIN",0.783243823845328
"adiv","EGSP",0.915464246640485
"abdiv","EHEI",0.519371106888176
"adiv","EHEI",0.519371106888176
"custom","EHUL",0.390977443609023
"benthos","EHURE",0.871155160628845
"BiodiversityR","EHURE",0.87115516
"mobr","EHURE",0.871155160628845
"vegan","EHURE",0.871155160628879
"custom","ELR",0.212705919690347
"abdiv","EMC",0.421619417572241
"tabula","EMC",0.826954650100597
"microbiome","EMN",0.390977443609023
"custom","ENHC",-0.213473625313534
"custom","EPAT",0.160644848363473
"abdiv","EPIE",0.790683278655046
"adiv","EPIE",0.790683278655046
"BiodiversityR","EPIE",0.79068328
"breakaway","EPIE",0.790683278655046
"chemodiv","EPIE",0.790683278655046
"diverse","EPIE",0.629441233249149
"forestmangr","EPIE",1
"microbiome","EPIE",0.790683278655046
"OTUtable","EPIE",0.790683278655046
"pctax","EPIE",0.7907
"sprex","EPIE",0.790683278655046
"tabula","EPIE",0.790683278655046
"custom","ESHE",0.546072712061055
"adiv","ESP",0.410322430990489
"codyn","ESP",0.410322430990489
"sprex","ESP",0.126964923225849
"tabula","ESP",0.410322430990489
"abdiv","EST",0.504177109440267
"adiv","QHIL_0",18
"adiv","QHIL_1",9.82930881709899
"adiv","QHIL_2",7.38580375782881
"adiv","QHIL_3",6.56773941637596
"BAT","QHIL_0",18
"BAT","QHIL_1",9.82930881709899
"BAT","QHIL_2",7.38580375782881
"BAT","QHIL_3",6.56773941637596
"benthos","QHIL_0",35
"benthos","QHIL_1",9.82930881709899
"benthos","QHIL_2",7.38580375782881
"benthos","QHIL_3",6.56773941637596
"breakaway","QHIL_0",18
"breakaway","QHIL_1",9.82930881709899
"breakaway","QHIL_2",7.38580375782881
"breakaway","QHIL_3",6.56773941637596
"chemodiv","QHIL_0",18
"chemodiv","QHIL_1",9.82930881709899
"chemodiv","QHIL_2",7.38580375782881
"chemodiv","QHIL_3",6.56773941637596
"divDyn","QHIL_2",7.38580375782881
"divent","QHIL_0",23
"divent","QHIL_1",10.9568448540335
"divent","QHIL_2",7.75412604782872
"divent","QHIL_3",6.79200202032754
"entropart","QHIL_0",23
"entropart","QHIL_1",10.9568448540335
"entropart","QHIL_2",7.75412604782872
"entropart","QHIL_3",6.79200202032754
"EntropyEstimation","QHIL_1",10.5285494593401
"EntropyEstimation","QHIL_2",7.76127320954907
"EntropyEstimation","QHIL_3",6.94935693421834
"extremefit","QHIL",NA
"hilldiv","QHIL_0",18
"hilldiv","QHIL_1",9.8293521503218
"hilldiv","QHIL_2",7.38580375782881
"hilldiv","QHIL_3",6.56773941637596
"hillR","QHIL_0",18
"hillR","QHIL_1",9.82930881709899
"hillR","QHIL_2",7.38580375782881
"hillR","QHIL_3",6.56773941637596
"sprex","QHIL_0",18
"sprex","QHIL_1",9.82930881709899
"sprex","QHIL_2",7.38580375782881
"sprex","QHIL_3",6.56773941637596
"vegan","QHIL_0",18
"vegan","QHIL_1",9.82930881709899
"vegan","QHIL_2",7.38580375782881
"vegan","QHIL_3",6.56773941637596
"adiv","QREN_0",2.89037175789616
"adiv","QREN_1",2.28536861806529
"adiv","QREN_2",1.99955974659849
"adiv","QREN_3",1.88216969663346
"BiodiversityR","QREN_0",2.89037175789616
"BiodiversityR","QREN_1",2.28536861806529
"BiodiversityR","QREN_2",1.99955974659849
"BiodiversityR","QREN_3",1.88216969663346
"diverse","QREN_0",2.39789527279837
"diverse","QREN_1",1.50933415771251
"diverse","QREN_2",1.07332877482467
"diverse","QREN_3",0.89614229740221
"EntropyEstimation","QREN_1",2.35409056350796
"EntropyEstimation","QREN_2",2.04914639413206
"EntropyEstimation","QREN_3",1.93864912784517
"seewave","QREN_2",0.562409006820205
"seewave","QREN_3",0.529391126622328
"sprex","QREN_0",2.89037175789616
"sprex","QREN_1",2.28536861806529
"sprex","QREN_2",1.99955974659849
"sprex","QREN_3",1.88216969663346
"statcomp","QREN_1",0.642797436014716
"statcomp","QREN_2",0.562408999629936
"statcomp","QREN_3",0.529391121229627
"vegan","QREN_0",2.89037175789616
"vegan","QREN_1",2.28536861806529
"vegan","QREN_2",1.99955974659849
"vegan","QREN_3",1.88216969663346
"adiv","QTSA_0",17
"adiv","QTSA_1",2.28536861806529
"adiv","QTSA_2",0.864605121827124
"adiv","QTSA_3",0.488408539013881
"divent","QTSA_0",17
"divent","QTSA_1",2.28536861806529
"divent","QTSA_2",0.864605121827124
"divent","QTSA_3",0.488408539013881
"entropart","QTSA_0",22
"entropart","QTSA_1",2.39396436179335
"entropart","QTSA_2",0.871036401287284
"entropart","QTSA_3",0.489161369986671
"EntropyEstimation","QTSA_1",2.35409056350796
"EntropyEstimation","QTSA_2",0.871155160628845
"EntropyEstimation","QTSA_3",0.489646653065697
"vegan","QTSA_0",17
"vegan","QTSA_1",2.28536861806529
"vegan","QTSA_2",0.864605121827124
"vegan","QTSA_3",0.488408539013881
"BAT","RACE",20.7442956349206
"ecodive","RACE",20.7442956349206
"fossil","RACE",20.7083333333333
"pctax","RACE",20.7443
"sprex","RACE",133.56847911272
"tabula","RACE",20.7442956349206
"vegan","RACE",20.7442956349206
"wiqid","RACE",20.7442956349206
"BiodiversityR","RBOO",18
"wiqid","RBOO",35
"BAT","RC1",21.3333333333333
"BiodiversityR","RC1",18
"biosampleR","RC1",14.3333333333333
"iNEXT","RC1",24.203
"microbiome","RC1",21.3333333333333
"pctax","RC1",21.3333
"rareNMtests","RC1",18
"SpadeR","RC1",18
"SSP","RC1",17
"vegan","RC1",21.3333333333333
"BAT","RC1M",22.9794238683128
"divent","RC1M",24.203007518797
"ecodive","RC1M",24.25
"entropart","RC1M",24.203007518797
"fossil","RC1M",24.25
"mobr","RC1M",24.203007518797
"OTUtable","RC1M",24.25
"tabula","RC1M",24.203007518797
"wiqid","RC1M",24.25
"BAT","RCA2",35
"divDyn","RCA2",21.1481481481481
"fossil","RCA2",24.25
"tabula","RCA2",18
"wiqid","RCA2",18
"benthos","RHUR_2",1.87115516062888
"benthos","RHUR_3",2.63417217575518
"divent","RHUR_2",7.7612744793058
"divent","RHUR_3",7.85248055700944
"entropart","RHUR_2",1.87115516062888
"entropart","RHUR_3",2.63417217575518
"mobsim","RHUR_2",1.87115516062888
"mobsim","RHUR_3",2.63417217575518
"tabula","RHUR_2",1.87115516063041
"tabula","RHUR_3",2.63417217575597
"vegan","RHUR_2",1.87115516062888
"vegan","RHUR_3",2.63417217575518
"BAT","RICE",35.0131837883556
"fossil","RICE",20.7083333333333
"tabula","RICE",18
"wiqid","RICE",18
"BAT","RJA1",23
"BiodiversityR","RJA1",18
"divent","RJA1",23
"entropart","RJA1",23
"fossil","RJA1",22.9624060150376
"SSP","RJA1",17
"tabula","RJA1",2.28536861806529
"wiqid","RJA1",23
"BAT","RJA2",26
"BiodiversityR","RJA2",18
"fossil","RJA2",25.8194349510139
"SSP","RJA2",17
"wiqid","RJA2",26
"sprex","RMM",142
"wiqid","RMM",0
"divDyn","RSQ",21.4021819421558
"ecodive","RSQ",21.4021819421558
"tabula","RSQ",21.4021819421558
"abdiv","D1SP",0.8443662336318
"ade4","D1SP",0.8443662336318
"adiv","D1SP",0.8443662336318
"agricolae","D1SP",1
"asbio","D1SP",0.8443662336318
"BiodiversityR","D1SP",0.84436623
"biosampleR","D1SP",0.665510204081633
"breakaway","D1SP",0.8443662336318
"catsim","D1SP",0.669387755102041
"concstats","2_D1SP",0.795378151260504
"concstats","D1SP",0.975165699010829
"CUB","D1SP",0.86920053462097
"DescTools","2_D1SP",0.8443662336318
"DescTools","D1SP",0.837071519255184
"divent","D1SP",0.8443662336318
"diverse","D1SP",0.665510204081633
"ecodive","D1SP",0.8443662336318
"entropart","D1SP",0.8443662336318
"lawstat","D1SP",0.837071519255184
"MCPAN","D1SP",-3006
"microbiome","D1SP",0.8443662336318
"PCRA","D1SP",0.8443662336318
"RoughSets","D1SP",0.8443662336318
"simboot","D1SP",-3006
"sprex","D1SP",0.8443662336318
"untb","D1SP",0.850484829527682
"vegan","D1SP",0.8443662336318
"abdiv","DBRI",1.97193486657567
"ecodive","DBRI",1.97193486657567
"tabula","DBRI",1.97193486657567
"wiqid","DBRI",7.18456422173179
"BiodiversityR","DFIS",4.6695523
"ecodive","DFIS",4.67
"microbiome","DFIS",4.66955230189627
"preseqR","DFIS",9.14925621060009
"sads","DFIS",4.66955239113047
"vegan","DFIS",4.66955230189627
"custom","DGLE",3.24249357009953
"DGOO","1_1",2.13873944553299
"DGOO","1_2",0.476184321628051
"DGOO","1_3",1
"DGOO","2_1",0.263586985857639
"DGOO","2_2",0.945265380751658
"DGOO","2_3",1
"DGOO","3_1",0.0482133473574976
"DGOO","3_2",0.132415522326127
"DGOO","3_3",1
"abdiv","DINVSP",6.4253408713003
"adiv","DINVSP",6.4253408713003
"asbio","DINVSP",6.4253408713003
"BiodiversityR","DINVSP",6.42534087
"breakaway","DINVSP",6.4253408713003
"chemodiv","DINVSP",6.4253408713003
"codyn","DINVSP",6.4253408713003
"divseg","DINVSP",1.1556337663682
"ecodive","DINVSP",6.4253408713003
"microbiome","DINVSP",6.4253408713003
"sprex","DINVSP",6.4253408713003
"vegan","DINVSP",6.4253408713003
"custom","DKO",0.36
"asbio","DLMD",22.0234229338438
"Compositional","DLMD",0.999958992306093
"sads","DLMD",1.4159026692973
"vegan","DLMD",22.7715779431852
"abdiv","DMC",0.661612809347002
"adiv","DMC",0.661612809347002
"agricolae","DMC",0.661612809347002
"ecodive","DMC",0.661612809347002
"forestHES","DMC",0.661612809347002
"tabula","DMC",0.661612809347002
"abdiv","DMG",3.03983772196831
"adiv","DMG",3.03983772196831
"agricolae","DMG",6.8902988364615
"ecodive","DMG",3.03983772196831
"tabula","DMG",3.03983772196831
"abdiv","DMN",1.35710228748795
"adiv","DMN",1.35710228748795
"ecodive","DMN",1.35710228748795
"tabula","DMN",1.35710228748795
"custom","DOD",115.107913669065
"abdiv","DQ",0
"ade4","DRAO",0.8443662336318
"BAT","DRAO",0.844366233631797
"chemodiv","DRAO",226.021177299345
"diverse","DRAO",205.784546490652
"SYNCSA","DRAO",0.8443662336318
"abdiv","DSHA",2.13873944553299
"adiv","DSHA",2.13873944553299
"aqp","DSHA",-560.641527045023
"asbio","DSHA",2.13873944553299
"benthos","DSHA",0
"BiodiversityR","DSHA",2.13873945
"biosampleR","DSHA",1.47599258955746
"chemodiv","DSHA",2.13873944553299
"codyn","DSHA",2.13873944553299
"DescTools","DSHA",3.08554879182406
"divDyn","DSHA",2.13873944553299
"divent","DSHA",2.13873944553299
"diverse","DSHA",1.47599258955746
"ecodive","DSHA",2.13873944553299
"EconGeo","DSHA",3.086
"entropart","DSHA",2.21897395572058
"forestmangr","DSHA",3.56
"HardyWeinberg","DSHA",2.13873944553299
"iNEXT","DSHA",2.139
"MCPAN","DSHA",2.13873944553299
"microbiome","DSHA",2.13873944553299
"OTUtable","DSHA",2.13873944553299
"pgirmess","DSHA",3.08554879182406
"SpiecEasi","DSHA",2.13873944553299
"sprex","DSHA",2.13873944553299
"tabula","DSHA",2.13873944553299
"triversity","DSHA",16
"vegan","DSHA",2.13873944553299
"wavethresh","DSHA",-19490.3979263371
"wiqid","DSHA",6.68828451882845
"abdiv","DSP",0.1556337663682
"agricolae","DSP",0.1556337663682
"antitrust","DSP",1556.337663682
"benthos","DSP",0.149515170472318
"breakaway","DSP",0.1556337663682
"concstats","DSP",0.1556337663682
"DescTools","DSP",0.1556337663682
"diverse","DSP",0.329701952723535
"divseg","DSP",1.1556337663682
"EconGeo","DSP",0.1556337663682
"hhi","DSP",0.1556337663682
"ineq","DSP",0.1556337663682
"microbiome","DSP",0.1556337663682
"PDtoolkit","DSP",0.1556337663682
"politics","DSP",0.1556337663682
"REAT","DSP",0.1556337663682
"sprex","DSP",0.1556337663682
"tabula","DSP",0.1556337663682
"triversity","DSP",0.1556337663682
"wiqid","DSP",6.68828451882845
"abdiv","EBP",0.258992805755396
"agricolae","EBP",0.258992805755396
"BiodiversityR","EBP",0.25899281
"diverse","EBP",0.521428571428571
"dyvDyn","EBP",0.0285714285714286
"ecodive","EBP",0.258992805755396
"microbiome","EBP",0.258992805755396
"tabula","EBP",0.258992805755396
"triversity","EBP",0.258992805755396
"wiqid","EBP",1
"tabula","EBRI",0.769000056372346
"BAT","EBU",0.45083932853717
"microbiome","EBU",0.45083932853717
"BAT","ECAM",0.921163069544365
"microbiome","ECAM",0.434352517985611
"codyn","EEQ",0.151187462040648
"custom","EEQ",0.0304452735405602
"adiv","EEVAR",0.383462570383548
"codyn","EEVAR",0.372965176792204
"custom","EEVAR",0.383462570383548
"microbiome","EEVAR",0.383462570383548
"acid","EGIN",0.813155190133607
"DescTools","EGIN",0.813155190133607
"dplR","EGIN",0.813155190133607
"EconGeo","EGIN",0.813
"giniVarCI","EGIN",0.813155190133607
"ineq","EGIN",0.813155190133607
"microbiome","EGIN",0.813155190133608
"REAT","EGIN",0.813155190133607
"shipunov","EGIN",0.813155190133608
"wINEQ","EGIN",0.813155190133607
"adiv","EGSP",0.90065731587392
"abdiv","EHEI",0.499248691651487
"adiv","EHEI",0.499248691651487
"custom","EHUL",0.431654676258993
"benthos","EHURE",0.850484829527682
"BiodiversityR","EHURE",0.85048483
"mobr","EHURE",0.850484829527682
"vegan","EHURE",0.850484829527677
"custom","ELR",0.208188625768419
"abdiv","EMC",0.442011221377097
"tabula","EMC",0.807327391046323
"microbiome","EMN",0.431654676258993
"custom","ENHC",-0.248495527278202
"custom","EPAT",0.224428014413217
"abdiv","EPIE",0.771387197956015
"adiv","EPIE",0.771387197956015
"BiodiversityR","EPIE",0.7713872
"breakaway","EPIE",0.771387197956015
"chemodiv","EPIE",0.771387197956015
"diverse","EPIE",0.641015436974895
"forestmangr","EPIE",1
"microbiome","EPIE",0.771387197956015
"OTUtable","EPIE",0.771387197956015
"pctax","EPIE",0.7714
"sprex","EPIE",0.771387197956015
"tabula","EPIE",0.771387197956015
"custom","ESHE",0.530545648423269
"adiv","ESP",0.401583804456269
"codyn","ESP",0.401583804456269
"sprex","ESP",0.133671215345812
"tabula","ESP",0.401583804456269
"abdiv","EST",0.514838129496403
"adiv","QHIL_0",16
"adiv","QHIL_1",8.4887303747723
"adiv","QHIL_2",6.4253408713003
"adiv","QHIL_3",5.71109528752234
"BAT","QHIL_0",16
"BAT","QHIL_1",8.4887303747723
"BAT","QHIL_2",6.4253408713003
"BAT","QHIL_3",5.71109528752234
"benthos","QHIL_0",35
"benthos","QHIL_1",8.4887303747723
"benthos","QHIL_2",6.4253408713003
"benthos","QHIL_3",5.71109528752234
"breakaway","QHIL_0",16
"breakaway","QHIL_1",8.4887303747723
"breakaway","QHIL_2",6.4253408713003
"breakaway","QHIL_3",5.71109528752234
"chemodiv","QHIL_0",16
"chemodiv","QHIL_1",8.4887303747723
"chemodiv","QHIL_2",6.4253408713003
"chemodiv","QHIL_3",5.71109528752234
"divDyn","QHIL_2",6.4253408713003
"divent","QHIL_0",19
"divent","QHIL_1",9.1978885816478
"divent","QHIL_2",6.69810120168371
"divent","QHIL_3",5.89622127886898
"entropart","QHIL_0",19
"entropart","QHIL_1",9.1978885816478
"entropart","QHIL_2",6.69810120168371
"entropart","QHIL_3",5.89622127886898
"EntropyEstimation","QHIL_1",8.99335229149514
"EntropyEstimation","QHIL_2",6.68828451882844
"EntropyEstimation","QHIL_3",5.97558077751165
"extremefit","QHIL",NA
"hilldiv","QHIL_0",16
"hilldiv","QHIL_1",8.48876768951417
"hilldiv","QHIL_2",6.4253408713003
"hilldiv","QHIL_3",5.71109528752234
"hillR","QHIL_0",16
"hillR","QHIL_1",8.4887303747723
"hillR","QHIL_2",6.4253408713003
"hillR","QHIL_3",5.71109528752234
"sprex","QHIL_0",16
"sprex","QHIL_1",8.4887303747723
"sprex","QHIL_2",6.4253408713003
"sprex","QHIL_3",5.71109528752234
"vegan","QHIL_0",16
"vegan","QHIL_1",8.4887303747723
"vegan","QHIL_2",6.4253408713003
"vegan","QHIL_3",5.71109528752234
"adiv","QREN_0",2.77258872223978
"adiv","QREN_1",2.13873944553299
"adiv","QREN_2",1.86024968327285
"adiv","QREN_3",1.74241082445377
"BiodiversityR","QREN_0",2.77258872223978
"BiodiversityR","QREN_1",2.13873944553299
"BiodiversityR","QREN_2",1.86024968327285
"BiodiversityR","QREN_3",1.74241082445377
"diverse","QREN_0",2.30258509299405
"diverse","QREN_1",1.47599258955746
"diverse","QREN_2",1.09514890535489
"diverse","QREN_3",0.936972753589602
"EntropyEstimation","QREN_1",2.1964856701332
"EntropyEstimation","QREN_2",1.90035741656838
"EntropyEstimation","QREN_3",1.78768129435102
"seewave","QREN_2",0.523225765364779
"seewave","QREN_3",0.490081650185166
"sprex","QREN_0",2.77258872223978
"sprex","QREN_1",2.13873944553299
"sprex","QREN_2",1.86024968327285
"sprex","QREN_3",1.74241082445377
"statcomp","QREN_1",0.601555574459573
"statcomp","QREN_2",0.523225757675482
"statcomp","QREN_3",0.490081644418193
"vegan","QREN_0",2.77258872223978
"vegan","QREN_1",2.13873944553299
"vegan","QREN_2",1.86024968327285
"vegan","QREN_3",1.74241082445377
"adiv","QTSA_0",15
"adiv","QTSA_1",2.13873944553299
"adiv","QTSA_2",0.8443662336318
"adiv","QTSA_3",0.484670386975963
"divent","QTSA_0",15
"divent","QTSA_1",2.13873944553299
"divent","QTSA_2",0.8443662336318
"divent","QTSA_3",0.484670386975963
"entropart","QTSA_0",18
"entropart","QTSA_1",2.21897395572058
"entropart","QTSA_2",0.850703957750201
"entropart","QTSA_3",0.485617894943398
"EntropyEstimation","QTSA_1",2.1964856701332
"EntropyEstimation","QTSA_2",0.850484829527682
"EntropyEstimation","QTSA_3",0.485997365230634
"vegan","QTSA_0",15
"vegan","QTSA_1",2.13873944553299
"vegan","QTSA_2",0.8443662336318
"vegan","QTSA_3",0.484670386975963
"BAT","RACE",17.5714285714286
"ecodive","RACE",17.5714285714286
"fossil","RACE",17.5714285714286
"pctax","RACE",17.5714
"sprex","RACE",139.398013153494
"tabula","RACE",17.5714285714286
"vegan","RACE",17.5714285714286
"wiqid","RACE",17.5714285714286
"BiodiversityR","RBOO",16
"wiqid","RBOO",35
"BAT","RC1",16.5
"BiodiversityR","RC1",16
"biosampleR","RC1",13
"iNEXT","RC1",16.894
"microbiome","RC1",16.5
"pctax","RC1",16.5
"rareNMtests","RC1",16
"SpadeR","RC1",16
"SSP","RC1",15
"vegan","RC1",16.5
"BAT","RC1M",17.080078125
"divent","RC1M",16.8935251798561
"ecodive","RC1M",16.9
"entropart","RC1M",16.8935251798561
"fossil","RC1M",16.9
"mobr","RC1M",16.8935251798561
"OTUtable","RC1M",16.9
"tabula","RC1M",16.8935251798561
"wiqid","RC1M",16.9
"BAT","RCA2",35
"divDyn","RCA2",16.46875
"fossil","RCA2",16.9
"tabula","RCA2",16
"wiqid","RCA2",16
"benthos","RHUR_2",1.85048482952768
"benthos","RHUR_3",2.57945975812181
"divent","RHUR_2",6.68825964882657
"divent","RHUR_3",6.78312673172171
"entropart","RHUR_2",1.85048482952768
"entropart","RHUR_3",2.57945975812181
"mobsim","RHUR_2",1.85048482952768
"mobsim","RHUR_3",2.57945975812181
"tabula","RHUR_2",1.85048482952638
"tabula","RHUR_3",2.57945975812204
"vegan","RHUR_2",1.85048482952768
"vegan","RHUR_3",2.57945975812181
"BAT","RICE",35.0065989429176
"fossil","RICE",17.5714285714286
"tabula","RICE",16
"wiqid","RICE",16
"BAT","RJA1",19
"BiodiversityR","RJA1",16
"divent","RJA1",19
"entropart","RJA1",19
"fossil","RJA1",18.9784172661871
"SSP","RJA1",15
"tabula","RJA1",2.13873944553299
"wiqid","RJA1",19
"BAT","RJA2",17
"BiodiversityR","RJA2",16
"fossil","RJA2",16.9781566051507
"SSP","RJA2",15
"wiqid","RJA2",17
"sprex","RMM",148.5
"wiqid","RMM",0
"divDyn","RSQ",17.4041923935039
"ecodive","RSQ",17.4041923935039
"tabula","RSQ",17.4041923935039
"abdiv","D1SP",0.637832087567537
"ade4","D1SP",0.637832087567537
"adiv","D1SP",0.637832087567537
"agricolae","D1SP",1
"asbio","D1SP",0.637832087567537
"BiodiversityR","D1SP",0.63783209
"biosampleR","D1SP",0.611760409057706
"breakaway","D1SP",0.637832087567537
"catsim","D1SP",0.618775510204082
"concstats","2_D1SP",0.795378151260504
"concstats","D1SP",0.981240232718602
"CUB","D1SP",0.656591854848936
"DescTools","2_D1SP",0.637832087567537
"DescTools","D1SP",0.901338313103019
"divent","D1SP",0.637832087567537
"diverse","D1SP",0.611760409057706
"ecodive","D1SP",0.637832087567537
"entropart","D1SP",0.637832087567537
"lawstat","D1SP",0.901338313103019
"MCPAN","D1SP",-12936
"microbiome","D1SP",0.637832087567537
"PCRA","D1SP",0.637832087567537
"RoughSets","D1SP",0.637832087567537
"simboot","D1SP",-12936
"sprex","D1SP",0.637832087567537
"untb","D1SP",0.641224811437577
"vegan","D1SP",0.637832087567537
"abdiv","DBRI",1.49354634479097
"ecodive","DBRI",1.49354634479097
"tabula","DBRI",1.49354634479097
"wiqid","DBRI",4.45285892429888
"BiodiversityR","DFIS",3.49150175
"ecodive","DFIS",3.492
"microbiome","DFIS",3.49150175102743
"preseqR","DFIS",5.46536632035152
"sads","DFIS",3.49152009920084
"vegan","DFIS",3.49150175102743
"custom","DGLE",2.67086525919273
"DGOO","1_1",1.6049222997935
"DGOO","1_2",0.27892974528844
"DGOO","1_3",1
"DGOO","2_1",0.247258568263493
"DGOO","2_2",0.577291841807826
"DGOO","2_3",1
"DGOO","3_1",0.111012494565304
"DGOO","3_2",0.0611553888243629
"DGOO","3_3",1
"abdiv","DINVSP",2.7611501893793
"adiv","DINVSP",2.7611501893793
"asbio","DINVSP",2.7611501893793
"BiodiversityR","DINVSP",2.76115019
"breakaway","DINVSP",2.7611501893793
"chemodiv","DINVSP",2.7611501893793
"codyn","DINVSP",2.7611501893793
"divseg","DINVSP",1.36216791243246
"ecodive","DINVSP",2.7611501893793
"microbiome","DINVSP",2.7611501893793
"sprex","DINVSP",2.7611501893793
"vegan","DINVSP",2.7611501893793
"custom","DKO",0.44
"asbio","DLMD",28.9975322879193
"Compositional","DLMD",0.999958992306093
"sads","DLMD",1.61468946700531
"vegan","DLMD",18.286172397707
"abdiv","DMC",0.429432754528778
"adiv","DMC",0.429432754528778
"agricolae","DMC",0.429432754528778
"ecodive","DMC",0.429432754528778
"forestHES","DMC",0.429432754528778
"tabula","DMC",0.429432754528778
"abdiv","DMG",2.48008916925039
"adiv","DMG",2.48008916925039
"agricolae","DMG",6.48638705803949
"ecodive","DMG",2.48008916925039
"tabula","DMG",2.48008916925039
"abdiv","DMN",1.01835015443463
"adiv","DMN",1.01835015443463
"ecodive","DMN",1.01835015443463
"tabula","DMN",1.01835015443463
"custom","DOD",74.0740740740741
"abdiv","DQ",0
"ade4","DRAO",0.637832087567537
"BAT","DRAO",0.637832087567537
"chemodiv","DRAO",400.227592941241
"diverse","DRAO",196.469391824104
"SYNCSA","DRAO",0.637832087567537
"abdiv","DSHA",1.6049222997935
"adiv","DSHA",1.6049222997935
"aqp","DSHA",-991.65067746511
"asbio","DSHA",1.6049222997935
"benthos","DSHA",0
"BiodiversityR","DSHA",1.6049223
"biosampleR","DSHA",1.47869931487261
"chemodiv","DSHA",1.6049222997935
"codyn","DSHA",1.6049222997935
"DescTools","DSHA",2.3154134429242
"divDyn","DSHA",1.6049222997935
"divent","DSHA",1.6049222997935
"diverse","DSHA",1.47869931487261
"ecodive","DSHA",1.6049222997935
"EconGeo","DSHA",2.315
"entropart","DSHA",1.65384938449526
"forestmangr","DSHA",3.56
"HardyWeinberg","DSHA",1.6049222997935
"iNEXT","DSHA",1.605
"MCPAN","DSHA",1.6049222997935
"microbiome","DSHA",1.6049222997935
"OTUtable","DSHA",1.6049222997935
"pgirmess","DSHA",2.3154134429242
"SpiecEasi","DSHA",1.6049222997935
"sprex","DSHA",1.6049222997935
"tabula","DSHA",1.6049222997935
"triversity","DSHA",14
"vegan","DSHA",1.6049222997935
"wavethresh","DSHA",-117960.315633773
"wiqid","DSHA",2.78726074678381
"abdiv","DSP",0.362167912432463
"agricolae","DSP",0.362167912432463
"antitrust","DSP",3621.67912432463
"benthos","DSP",0.358775188562423
"breakaway","DSP",0.362167912432463
"concstats","DSP",0.362167912432463
"DescTools","DSP",0.362167912432463
"diverse","DSP",0.384077955506527
"divseg","DSP",1.36216791243246
"EconGeo","DSP",0.362167912432463
"hhi","DSP",0.362167912432463
"ineq","DSP",0.362167912432463
"microbiome","DSP",0.362167912432463
"PDtoolkit","DSP",0.362167912432463
"politics","DSP",0.362167912432463
"REAT","DSP",0.362167912432463
"sprex","DSP",0.362167912432463
"tabula","DSP",0.362167912432463
"triversity","DSP",0.362167912432463
"wiqid","DSP",2.78726074678381
"abdiv","EBP",0.582010582010582
"agricolae","EBP",0.582010582010582
"BiodiversityR","EBP",0.58201058
"diverse","EBP",0.601351351351351
"dyvDyn","EBP",0.0285714285714286
"ecodive","EBP",0.582010582010582
"microbiome","EBP",0.582010582010582
"tabula","EBP",0.582010582010582
"triversity","EBP",0.582010582010582
"wiqid","EBP",1
"tabula","EBRI",0.59928711698284
"BAT","EBU",0.415954415954416
"microbiome","EBU",0.415954415954416
"BAT","ECAM",0.894005465434037
"microbiome","ECAM",0.838246409674981
"codyn","EEQ",0.144981980858058
"custom","EEQ",0.0418433285054545
"adiv","EEVAR",0.35091895485042
"codyn","EEVAR",0.338236306165313
"custom","EEVAR",0.35091895485042
"microbiome","EEVAR",0.35091895485042
"acid","EGIN",0.875585789871504
"DescTools","EGIN",0.875585789871504
"dplR","EGIN",0.875585789871504
"EconGeo","EGIN",0.876
"giniVarCI","EGIN",0.875585789871504
"ineq","EGIN",0.875585789871504
"microbiome","EGIN",0.875585789871504
"REAT","EGIN",0.875585789871504
"shipunov","EGIN",0.875585789871504
"wINEQ","EGIN",0.875585789871504
"adiv","EGSP",0.686896094303502
"abdiv","EHEI",0.305959449003594
"adiv","EHEI",0.305959449003594
"custom","EHUL",0.677248677248677
"benthos","EHURE",0.641224811437577
"BiodiversityR","EHURE",0.64122481
"mobr","EHURE",0.641224811437577
"vegan","EHURE",0.641224811437591
"custom","ELR",0.140854609672214
"abdiv","EMC",0.646119737676499
"tabula","EMC",0.543435315205959
"microbiome","EMN",0.677248677248677
"custom","ENHC",-0.30157737612066
"custom","EPAT",0.456636565132574
"abdiv","EPIE",0.608142264202908
"adiv","EPIE",0.608142264202908
"BiodiversityR","EPIE",0.60814226
"breakaway","EPIE",0.608142264202908
"chemodiv","EPIE",0.608142264202908
"diverse","EPIE",0.59507238028389
"forestmangr","EPIE",1
"microbiome","EPIE",0.608142264202908
"OTUtable","EPIE",0.608142264202908
"pctax","EPIE",0.6081
"sprex","EPIE",0.608142264202908
"tabula","EPIE",0.608142264202908
"custom","ESHE",0.355533774074765
"adiv","ESP",0.197225013527093
"codyn","ESP",0.197225013527093
"sprex","ESP",0.114637307128107
"tabula","ESP",0.197225013527093
"abdiv","EST",0.542328042328042
"adiv","QHIL_0",14
"adiv","QHIL_1",4.97747283704672
"adiv","QHIL_2",2.7611501893793
"adiv","QHIL_3",2.24266389033255
"BAT","QHIL_0",14
"BAT","QHIL_1",4.97747283704672
"BAT","QHIL_2",2.7611501893793
"BAT","QHIL_3",2.24266389033255
"benthos","QHIL_0",35
"benthos","QHIL_1",4.97747283704672
"benthos","QHIL_2",2.7611501893793
"benthos","QHIL_3",2.24266389033255
"breakaway","QHIL_0",14
"breakaway","QHIL_1",4.97747283704672
"breakaway","QHIL_2",2.7611501893793
"breakaway","QHIL_3",2.24266389033255
"chemodiv","QHIL_0",14
"chemodiv","QHIL_1",4.97747283704672
"chemodiv","QHIL_2",2.7611501893793
"chemodiv","QHIL_3",2.24266389033255
"divDyn","QHIL_2",2.7611501893793
"divent","QHIL_0",17
"divent","QHIL_1",5.22706212203308
"divent","QHIL_2",2.78718053619225
"divent","QHIL_3",2.25374443198922
"entropart","QHIL_0",17
"entropart","QHIL_1",5.22706212203308
"entropart","QHIL_2",2.78718053619225
"entropart","QHIL_3",2.25374443198922
"EntropyEstimation","QHIL_1",5.16279126962726
"EntropyEstimation","QHIL_2",2.78726074678381
"EntropyEstimation","QHIL_3",2.25740848285451
"extremefit","QHIL",NA
"hilldiv","QHIL_0",14
"hilldiv","QHIL_1",4.97751762981433
"hilldiv","QHIL_2",2.7611501893793
"hilldiv","QHIL_3",2.24266389033255
"hillR","QHIL_0",14
"hillR","QHIL_1",4.97747283704672
"hillR","QHIL_2",2.7611501893793
"hillR","QHIL_3",2.24266389033255
"sprex","QHIL_0",14
"sprex","QHIL_1",4.97747283704672
"sprex","QHIL_2",2.7611501893793
"sprex","QHIL_3",2.24266389033255
"vegan","QHIL_0",14
"vegan","QHIL_1",4.97747283704672
"vegan","QHIL_2",2.7611501893793
"vegan","QHIL_3",2.24266389033255
"adiv","QREN_0",2.63905732961526
"adiv","QREN_1",1.6049222997935
"adiv","QREN_2",1.01564732820138
"adiv","QREN_3",0.807664396040659
"BiodiversityR","QREN_0",2.63905732961526
"BiodiversityR","QREN_1",1.6049222997935
"BiodiversityR","QREN_2",1.01564732820138
"BiodiversityR","QREN_3",0.807664396040659
"diverse","QREN_0",2.484906649788
"diverse","QREN_1",1.47869931487261
"diverse","QREN_2",0.946132627506446
"diverse","QREN_3",0.757548008074037
"EntropyEstimation","QREN_1",1.64147737696237
"EntropyEstimation","QREN_2",1.02505930235236
"EntropyEstimation","QREN_3",0.814217466330908
"seewave","QREN_2",0.285667488205959
"seewave","QREN_3",0.227168873128269
"sprex","QREN_0",2.63905732961526
"sprex","QREN_1",1.6049222997935
"sprex","QREN_2",1.01564732820138
"sprex","QREN_3",0.807664396040659
"statcomp","QREN_1",0.451410740112225
"statcomp","QREN_2",0.285667481955594
"statcomp","QREN_3",0.227168868440495
"vegan","QREN_0",2.63905732961526
"vegan","QREN_1",1.6049222997935
"vegan","QREN_2",1.01564732820138
"vegan","QREN_3",0.807664396040659
"adiv","QTSA_0",13
"adiv","QTSA_1",1.6049222997935
"adiv","QTSA_2",0.637832087567537
"adiv","QTSA_3",0.400587356243693
"divent","QTSA_0",13
"divent","QTSA_1",1.6049222997935
"divent","QTSA_2",0.637832087567537
"divent","QTSA_3",0.400587356243693
"entropart","QTSA_0",16
"entropart","QTSA_1",1.65384938449526
"entropart","QTSA_2",0.641214486462306
"entropart","QTSA_3",0.401562478398351
"EntropyEstimation","QTSA_1",1.64147737696237
"EntropyEstimation","QTSA_2",0.641224811437577
"EntropyEstimation","QTSA_3",0.401881771406177
"vegan","QTSA_0",13
"vegan","QTSA_1",1.6049222997935
"vegan","QTSA_2",0.637832087567537
"vegan","QTSA_3",0.400587356243693
"BAT","RACE",15.9732107445466
"ecodive","RACE",15.9732107445466
"fossil","RACE",14.7674418604651
"pctax","RACE",15.9732
"sprex","RACE",192.279049316147
"tabula","RACE",15.9732107445466
"vegan","RACE",15.9732107445466
"wiqid","RACE",15.9732107445466
"BiodiversityR","RBOO",14
"wiqid","RBOO",35
"BAT","RC1",15
"BiodiversityR","RC1",14
"biosampleR","RC1",13.5
"iNEXT","RC1",16.238
"microbiome","RC1",15
"pctax","RC1",15
"rareNMtests","RC1",14
"SpadeR","RC1",14
"SSP","RC1",13
"vegan","RC1",15
"BAT","RC1M",15.6887755102041
"divent","RC1M",16.2380952380952
"ecodive","RC1M",16.25
"entropart","RC1M",16.2380952380952
"fossil","RC1M",16.25
"mobr","RC1M",16.2380952380952
"OTUtable","RC1M",16.25
"tabula","RC1M",16.2380952380952
"wiqid","RC1M",16.25
"BAT","RCA2",35
"divDyn","RCA2",14.9285714285714
"fossil","RCA2",16.25
"tabula","RCA2",14
"wiqid","RCA2",14
"benthos","RHUR_2",1.64122481143759
"benthos","RHUR_3",2.1199108915004
"divent","RHUR_2",2.78727897297631
"divent","RHUR_3",3.03426442196252
"entropart","RHUR_2",1.64122481143759
"entropart","RHUR_3",2.1199108915004
"mobsim","RHUR_2",1.64122481143759
"mobsim","RHUR_3",2.1199108915004
"tabula","RHUR_2",1.64123082360371
"tabula","RHUR_3",2.11991187236299
"vegan","RHUR_2",1.64122481143759
"vegan","RHUR_3",2.1199108915004
"BAT","RICE",35.0067569965911
"fossil","RICE",14.7674418604651
"tabula","RICE",14
"wiqid","RICE",14
"BAT","RJA1",17
"BiodiversityR","RJA1",14
"divent","RJA1",17
"entropart","RJA1",17
"fossil","RJA1",16.984126984127
"SSP","RJA1",13
"tabula","RJA1",1.6049222997935
"wiqid","RJA1",17
"BAT","RJA2",18
"BiodiversityR","RJA2",14
"fossil","RJA2",17.9364516492176
"SSP","RJA2",13
"wiqid","RJA2",18
"sprex","RMM",200
"wiqid","RMM",0
"divDyn","RSQ",17.2633481880098
"ecodive","RSQ",17.2633481880098
"tabula","RSQ",17.2633481880098
"abdiv","D1SP",0.753055681303757
"ade4","D1SP",0.753055681303757
"adiv","D1SP",0.753055681303757
"agricolae","D1SP",1
"asbio","D1SP",0.753055681303757
"BiodiversityR","D1SP",0.75305568
"biosampleR","D1SP",0.613888888888889
"breakaway","D1SP",0.753055681303757
"catsim","D1SP",0.514285714285714
"concstats","2_D1SP",0.795378151260504
"concstats","D1SP",0.977851303491066
"CUB","D1SP",0.775204377812691
"DescTools","2_D1SP",0.753055681303757
"DescTools","D1SP",0.899874843554443
"divent","D1SP",0.753055681303757
"diverse","D1SP",0.613888888888889
"ecodive","D1SP",0.753055681303757
"entropart","D1SP",0.753055681303757
"lawstat","D1SP",0.899874843554443
"MCPAN","D1SP",-2181
"microbiome","D1SP",0.753055681303757
"PCRA","D1SP",0.753055681303757
"RoughSets","D1SP",0.753055681303757
"simboot","D1SP",-2181
"sprex","D1SP",0.753055681303757
"untb","D1SP",0.761153054221002
"vegan","D1SP",0.753055681303757
"abdiv","DBRI",1.59456512549152
"ecodive","DBRI",1.59456512549152
"tabula","DBRI",1.59456512549152
"wiqid","DBRI",4.92618633338125
"BiodiversityR","DFIS",3.2312694
"ecodive","DFIS",3.231
"microbiome","DFIS",3.23126940216781
"preseqR","DFIS",6.69722750410772
"sads","DFIS",3.23129279832819
"vegan","DFIS",3.23126940216781
"custom","DGLE",2.42115040453175
"DGOO","1_1",1.75540712702658
"DGOO","1_2",0.407638094314934
"DGOO","1_3",1
"DGOO","2_1",0.285319971118877
"DGOO","2_2",0.741399268170998
"DGOO","2_3",1
"DGOO","3_1",0.083962599400894
"DGOO","3_2",0.114482607488483
"DGOO","3_3",1
"abdiv","DINVSP",4.04949587534372
"adiv","DINVSP",4.04949587534372
"asbio","DINVSP",4.04949587534372
"BiodiversityR","DINVSP",4.04949588
"breakaway","DINVSP",4.04949587534372
"chemodiv","DINVSP",4.04949587534372
"codyn","DINVSP",4.04949587534372
"divseg","DINVSP",1.24694431869624
"ecodive","DINVSP",4.04949587534372
"microbiome","DINVSP",4.04949587534372
"sprex","DINVSP",4.04949587534372
"vegan","DINVSP",4.04949587534372
"custom","DKO",0.56
"asbio","DLMD",22.5173128780418
"Compositional","DLMD",0.999958992306093
"sads","DLMD",1.42212809761893
"vegan","DLMD",15.6735792015604
"abdiv","DMC",0.560919505540115
"adiv","DMC",0.560919505540115
"agricolae","DMC",0.560919505540115
"ecodive","DMC",0.560919505540115
"forestHES","DMC",0.560919505540115
"tabula","DMC",0.560919505540115
"abdiv","DMG",2.20104582230159
"adiv","DMG",2.20104582230159
"agricolae","DMG",7.4835557958254
"ecodive","DMG",2.20104582230159
"tabula","DMG",2.20104582230159
"abdiv","DMN",1.13456337088467
"adiv","DMN",1.13456337088467
"ecodive","DMN",1.13456337088467
"tabula","DMN",1.13456337088467
"custom","DOD",117.021276595745
"abdiv","DQ",0
"ade4","DRAO",0.753055681303757
"BAT","DRAO",0.753055681303757
"chemodiv","DRAO",425.839087395805
"diverse","DRAO",193.149407184919
"SYNCSA","DRAO",0.753055681303757
"abdiv","DSHA",1.75540712702658
"adiv","DSHA",1.75540712702658
"aqp","DSHA",-378.074739308874
"asbio","DSHA",1.75540712702658
"benthos","DSHA",0
"BiodiversityR","DSHA",1.75540713
"biosampleR","DSHA",1.11086952661299
"chemodiv","DSHA",1.75540712702658
"codyn","DSHA",1.75540712702658
"DescTools","DSHA",2.53251715690238
"divDyn","DSHA",1.75540712702658
"divent","DSHA",1.75540712702658
"diverse","DSHA",1.11086952661299
"ecodive","DSHA",1.75540712702658
"EconGeo","DSHA",2.533
"entropart","DSHA",1.85039630162436
"forestmangr","DSHA",3.56
"HardyWeinberg","DSHA",1.75540712702658
"iNEXT","DSHA",1.755
"MCPAN","DSHA",1.75540712702658
"microbiome","DSHA",1.75540712702658
"OTUtable","DSHA",1.75540712702658
"pgirmess","DSHA",2.53251715690238
"SpiecEasi","DSHA",1.75540712702658
"sprex","DSHA",1.75540712702658
"tabula","DSHA",1.75540712702658
"triversity","DSHA",11
"vegan","DSHA",1.75540712702658
"wavethresh","DSHA",-14784.7639002135
"wiqid","DSHA",4.1867816091954
"abdiv","DSP",0.246944318696243
"agricolae","DSP",0.246944318696243
"antitrust","DSP",2469.44318696243
"benthos","DSP",0.238846945778998
"breakaway","DSP",0.246944318696243
"concstats","DSP",0.246944318696243
"DescTools","DSP",0.246944318696243
"diverse","DSP",0.375706214689266
"divseg","DSP",1.24694431869624
"EconGeo","DSP",0.246944318696243
"hhi","DSP",0.246944318696243
"ineq","DSP",0.246944318696243
"microbiome","DSP",0.246944318696243
"PDtoolkit","DSP",0.246944318696243
"politics","DSP",0.246944318696243
"REAT","DSP",0.246944318696243
"sprex","DSP",0.246944318696243
"tabula","DSP",0.246944318696243
"triversity","DSP",0.246944318696243
"wiqid","DSP",4.1867816091954
"abdiv","EBP",0.425531914893617
"agricolae","EBP",0.425531914893617
"BiodiversityR","EBP",0.42553191
"diverse","EBP",0.466666666666667
"dyvDyn","EBP",0.0285714285714286
"ecodive","EBP",0.425531914893617
"microbiome","EBP",0.425531914893617
"tabula","EBP",0.425531914893617
"triversity","EBP",0.425531914893617
"wiqid","EBP",1
"tabula","EBRI",0.726111287268428
"BAT","EBU",0.480851063829787
"microbiome","EBU",0.480851063829787
"BAT","ECAM",0.880077369439072
"microbiome","ECAM",1
"codyn","EEQ",0.16166063627704
"custom","EEQ",0.0644967010762367
"adiv","EEVAR",0.389098421618375
"codyn","EEVAR",0.369491120198055
"custom","EEVAR",0.389098421618375
"microbiome","EEVAR",0.389098421618375
"acid","EGIN",0.874164133738602
"DescTools","EGIN",0.874164133738602
"dplR","EGIN",0.874164133738602
"EconGeo","EGIN",0.874
"giniVarCI","EGIN",0.874164133738602
"ineq","EGIN",0.874164133738602
"microbiome","EGIN",0.874164133738602
"REAT","EGIN",0.874164133738602
"shipunov","EGIN",0.874164133738602
"wINEQ","EGIN",0.874164133738602
"adiv","EGSP",0.828361249434133
"abdiv","EHEI",0.478580281921459
"adiv","EHEI",0.478580281921459
"custom","EHUL",0.617021276595745
"benthos","EHURE",0.761153054221002
"BiodiversityR","EHURE",0.76115305
"mobr","EHURE",0.761153054221002
"vegan","EHURE",0.761153054220982
"custom","ELR",0.212847790786082
"abdiv","EMC",0.55570020446053
"tabula","EMC",0.720219393814646
"microbiome","EMN",0.617021276595745
"custom","ENHC",-0.370400169068401
"custom","EPAT",0.391176203066762
"abdiv","EPIE",0.732061632107059
"adiv","EPIE",0.732061632107059
"BiodiversityR","EPIE",0.73206163
"breakaway","EPIE",0.732061632107059
"chemodiv","EPIE",0.732061632107059
"diverse","EPIE",0.690222044622347
"forestmangr","EPIE",1
"microbiome","EPIE",0.732061632107059
"OTUtable","EPIE",0.732061632107059
"pctax","EPIE",0.7321
"sprex","EPIE",0.732061632107059
"tabula","EPIE",0.732061632107059
"custom","ESHE",0.525982074474054
"adiv","ESP",0.368135988667611
"codyn","ESP",0.368135988667611
"sprex","ESP",0.159582466093325
"tabula","ESP",0.368135988667611
"abdiv","EST",0.471953578336557
"adiv","QHIL_0",11
"adiv","QHIL_1",5.78580281921459
"adiv","QHIL_2",4.04949587534372
"adiv","QHIL_3",3.39028955544631
"BAT","QHIL_0",11
"BAT","QHIL_1",5.78580281921459
"BAT","QHIL_2",4.04949587534372
"BAT","QHIL_3",3.39028955544631
"benthos","QHIL_0",35
"benthos","QHIL_1",5.78580281921459
"benthos","QHIL_2",4.04949587534372
"benthos","QHIL_3",3.39028955544631
"breakaway","QHIL_0",11
"breakaway","QHIL_1",5.78580281921459
"breakaway","QHIL_2",4.04949587534372
"breakaway","QHIL_3",3.39028955544631
"chemodiv","QHIL_0",11
"chemodiv","QHIL_1",5.78580281921459
"chemodiv","QHIL_2",4.04949587534372
"chemodiv","QHIL_3",3.39028955544631
"divDyn","QHIL_2",4.04949587534372
"divent","QHIL_0",14
"divent","QHIL_1",6.36234042889589
"divent","QHIL_2",4.18384840605118
"divent","QHIL_3",3.45160275222935
"entropart","QHIL_0",14
"entropart","QHIL_1",6.36234042889589
"entropart","QHIL_2",4.18384840605118
"entropart","QHIL_3",3.45160275222935
"EntropyEstimation","QHIL_1",6.12576720441243
"EntropyEstimation","QHIL_2",4.1867816091954
"EntropyEstimation","QHIL_3",3.49336067811288
"extremefit","QHIL",NA
"hilldiv","QHIL_0",11
"hilldiv","QHIL_1",5.7858317286409
"hilldiv","QHIL_2",4.04949587534372
"hilldiv","QHIL_3",3.39028955544631
"hillR","QHIL_0",11
"hillR","QHIL_1",5.78580281921459
"hillR","QHIL_2",4.04949587534372
"hillR","QHIL_3",3.39028955544631
"sprex","QHIL_0",11
"sprex","QHIL_1",5.78580281921459
"sprex","QHIL_2",4.04949587534372
"sprex","QHIL_3",3.39028955544631
"vegan","QHIL_0",11
"vegan","QHIL_1",5.78580281921459
"vegan","QHIL_2",4.04949587534372
"vegan","QHIL_3",3.39028955544631
"adiv","QREN_0",2.39789527279837
"adiv","QREN_1",1.75540712702658
"adiv","QREN_2",1.39859239814699
"adiv","QREN_3",1.22091533233067
"BiodiversityR","QREN_0",2.39789527279837
"BiodiversityR","QREN_1",1.75540712702658
"BiodiversityR","QREN_2",1.39859239814699
"BiodiversityR","QREN_3",1.22091533233067
"diverse","QREN_0",1.6094379124341
"diverse","QREN_1",1.11086952661299
"diverse","QREN_2",0.951630098319464
"diverse","QREN_3",0.897131299723087
"EntropyEstimation","QREN_1",1.81250400644993
"EntropyEstimation","QREN_2",1.43193232642073
"EntropyEstimation","QREN_3",1.25086421789822
"seewave","QREN_2",0.393377082924736
"seewave","QREN_3",0.343402488170758
"sprex","QREN_0",2.39789527279837
"sprex","QREN_1",1.75540712702658
"sprex","QREN_2",1.39859239814699
"sprex","QREN_3",1.22091533233067
"statcomp","QREN_1",0.493737067838922
"statcomp","QREN_2",0.393377068562196
"statcomp","QREN_3",0.343402477398853
"vegan","QREN_0",2.39789527279837
"vegan","QREN_1",1.75540712702658
"vegan","QREN_2",1.39859239814699
"vegan","QREN_3",1.22091533233067
"adiv","QTSA_0",10
"adiv","QTSA_1",1.75540712702658
"adiv","QTSA_2",0.753055681303757
"adiv","QTSA_3",0.456499282432602
"divent","QTSA_0",10
"divent","QTSA_1",1.75540712702658
"divent","QTSA_2",0.753055681303757
"divent","QTSA_3",0.456499282432602
"entropart","QTSA_0",13
"entropart","QTSA_1",1.85039630162436
"entropart","QTSA_2",0.760985603934961
"entropart","QTSA_3",0.458031022250101
"EntropyEstimation","QTSA_1",1.81250400644993
"EntropyEstimation","QTSA_2",0.761153054221002
"EntropyEstimation","QTSA_3",0.459028378741309
"vegan","QTSA_0",10
"vegan","QTSA_1",1.75540712702658
"vegan","QTSA_2",0.753055681303757
"vegan","QTSA_3",0.456499282432602
"BAT","RACE",13.8251996450754
"ecodive","RACE",13.8251996450754
"fossil","RACE",12.1428571428571
"pctax","RACE",13.8252
"sprex","RACE",NA
"tabula","RACE",13.8251996450754
"vegan","RACE",13.8251996450754
"wiqid","RACE",13.8251996450754
"BiodiversityR","RBOO",11
"wiqid","RBOO",35
"BAT","RC1",12.5
"BiodiversityR","RC1",11
"biosampleR","RC1",5
"iNEXT","RC1",15.452
"microbiome","RC1",12.5
"pctax","RC1",12.5
"rareNMtests","RC1",11
"SpadeR","RC1",11
"SSP","RC1",11
"vegan","RC1",12.5
"BAT","RC1M",13.4297520661157
"divent","RC1M",15.4521276595745
"ecodive","RC1M",15.5
"entropart","RC1M",15.4521276595745
"fossil","RC1M",15.5
"mobr","RC1M",15.4521276595745
"OTUtable","RC1M",15.5
"tabula","RC1M",15.4521276595745
"wiqid","RC1M",15.5
"BAT","RCA2",35
"divDyn","RCA2",12.3636363636364
"fossil","RCA2",15.5
"tabula","RCA2",11
"wiqid","RCA2",11
"benthos","RHUR_2",1.76115305422098
"benthos","RHUR_3",2.3654024051804
"divent","RHUR_2",4.18677985212417
"divent","RHUR_3",4.36652211926587
"entropart","RHUR_2",1.76115305422098
"entropart","RHUR_3",2.3654024051804
"mobsim","RHUR_2",1.76115305422098
"mobsim","RHUR_3",2.3654024051804
"tabula","RHUR_2",1.76115305422028
"tabula","RHUR_3",2.36540240517962
"vegan","RHUR_2",1.76115305422098
"vegan","RHUR_3",2.3654024051804
"BAT","RICE",35.0059949961161
"fossil","RICE",12.1428571428571
"tabula","RICE",11
"wiqid","RICE",11
"BAT","RJA1",14
"BiodiversityR","RJA1",11
"divent","RJA1",14
"entropart","RJA1",14
"fossil","RJA1",13.968085106383
"SSP","RJA1",11
"tabula","RJA1",1.75540712702658
"wiqid","RJA1",14
"BAT","RJA2",16
"BiodiversityR","RJA2",11
"fossil","RJA2",15.8403111416152
"SSP","RJA2",11
"wiqid","RJA2",16
"sprex","RMM",100
"wiqid","RMM",0
"divDyn","RSQ",13.2308303987277
"ecodive","RSQ",13.2308303987277
"tabula","RSQ",13.2308303987277
"abdiv","D1SP",0.753539697350805
"ade4","D1SP",0.753539697350806
"adiv","D1SP",0.753539697350805
"agricolae","D1SP",1
"asbio","D1SP",0.753539697350805
"BiodiversityR","D1SP",0.7535397
"biosampleR","D1SP",0.770068899214869
"breakaway","D1SP",0.753539697350805
"catsim","D1SP",0.551836734693878
"concstats","2_D1SP",0.795378151260504
"concstats","D1SP",0.977837067724976
"CUB","D1SP",0.775702629625829
"DescTools","2_D1SP",0.753539697350806
"DescTools","D1SP",0.901086549269389
"divent","D1SP",0.753539697350805
"diverse","D1SP",0.770068899214869
"ecodive","D1SP",0.753539697350805
"entropart","D1SP",0.753539697350805
"lawstat","D1SP",0.901086549269389
"MCPAN","D1SP",-6074
"microbiome","D1SP",0.753539697350805
"PCRA","D1SP",0.753539697350805
"RoughSets","D1SP",0.753539697350805
"simboot","D1SP",-6074
"sprex","D1SP",0.753539697350805
"untb","D1SP",0.758370080026131
"vegan","D1SP",0.753539697350805
"abdiv","DBRI",1.63086852359164
"ecodive","DBRI",1.63086852359164
"tabula","DBRI",1.63086852359164
"wiqid","DBRI",5.10830947970715
"BiodiversityR","DFIS",3.02353222
"ecodive","DFIS",3.024
"microbiome","DFIS",3.02353222247415
"preseqR","DFIS",10.3983898142349
"sads","DFIS",3.02350457646571
"vegan","DFIS",3.02353222247415
"custom","DGLE",2.37330233971356
"DGOO","1_1",1.74570076572547
"DGOO","1_2",0.410437726558001
"DGOO","1_3",1
"DGOO","2_1",0.290689717666203
"DGOO","2_2",0.723157518931569
"DGOO","2_3",1
"DGOO","3_1",0.0844635955637734
"DGOO","3_2",0.119245234235836
"DGOO","3_3",1
"abdiv","DINVSP",4.05744855967078
"adiv","DINVSP",4.05744855967078
"asbio","DINVSP",4.05744855967078
"BiodiversityR","DINVSP",4.05744856
"breakaway","DINVSP",4.05744855967078
"chemodiv","DINVSP",4.05744855967078
"codyn","DINVSP",4.05744855967078
"divseg","DINVSP",1.24646030264919
"ecodive","DINVSP",4.05744855967078
"microbiome","DINVSP",4.05744855967078
"sprex","DINVSP",4.05744855967078
"vegan","DINVSP",4.05744855967078
"custom","DKO",0.52
"asbio","DLMD",24.4517322328293
"Compositional","DLMD",0.999958992306093
"sads","DLMD",1.67948103545955
"vegan","DLMD",18.5596306236002
"abdiv","DMC",0.547225680116391
"adiv","DMC",0.547225680116391
"agricolae","DMC",0.547225680116391
"ecodive","DMC",0.547225680116391
"forestHES","DMC",0.547225680116391
"tabula","DMC",0.547225680116391
"abdiv","DMG",2.17552714473743
"adiv","DMG",2.17552714473743
"agricolae","DMG",6.72435662918841
"ecodive","DMG",2.17552714473743
"tabula","DMG",2.17552714473743
"abdiv","DMN",0.957704261361147
"adiv","DMN",0.957704261361147
"ecodive","DMN",0.957704261361147
"tabula","DMN",0.957704261361147
"custom","DOD",76.4331210191083
"abdiv","DQ",0
"ade4","DRAO",0.753539697350805
"BAT","DRAO",0.753539697350805
"chemodiv","DRAO",414.053152423423
"diverse","DRAO",194.493681174022
"SYNCSA","DRAO",0.753539697350805
"abdiv","DSHA",1.74570076572547
"adiv","DSHA",1.74570076572547
"aqp","DSHA",-749.848785074639
"asbio","DSHA",1.74570076572547
"benthos","DSHA",0
"BiodiversityR","DSHA",1.74570077
"biosampleR","DSHA",1.91191781438445
"chemodiv","DSHA",1.74570076572547
"codyn","DSHA",1.74570076572547
"DescTools","DSHA",2.51851383758819
"divDyn","DSHA",1.74570076572547
"divent","DSHA",1.74570076572547
"diverse","DSHA",1.91191781438445
"ecodive","DSHA",1.74570076572547
"EconGeo","DSHA",2.519
"entropart","DSHA",1.81085272899081
"forestmangr","DSHA",3.56
"HardyWeinberg","DSHA",1.74570076572547
"iNEXT","DSHA",1.746
"MCPAN","DSHA",1.74570076572547
"microbiome","DSHA",1.74570076572547
"OTUtable","DSHA",1.74570076572547
"pgirmess","DSHA",2.51851383758819
"SpiecEasi","DSHA",1.74570076572547
"sprex","DSHA",1.74570076572547
"tabula","DSHA",1.74570076572547
"triversity","DSHA",12
"vegan","DSHA",1.74570076572547
"wavethresh","DSHA",-47102.9648334735
"wiqid","DSHA",4.13856032443393
"abdiv","DSP",0.246460302649195
"agricolae","DSP",0.246460302649195
"antitrust","DSP",2464.60302649195
"benthos","DSP",0.241629919973869
"breakaway","DSP",0.246460302649195
"concstats","DSP",0.246460302649195
"DescTools","DSP",0.246460302649195
"diverse","DSP",0.225026203337902
"divseg","DSP",1.24646030264919
"EconGeo","DSP",0.246460302649195
"hhi","DSP",0.246460302649195
"ineq","DSP",0.246460302649195
"microbiome","DSP",0.246460302649195
"PDtoolkit","DSP",0.246460302649195
"politics","DSP",0.246460302649195
"REAT","DSP",0.246460302649195
"sprex","DSP",0.246460302649195
"tabula","DSP",0.246460302649195
"triversity","DSP",0.246460302649195
"wiqid","DSP",4.13856032443393
"abdiv","EBP",0.414012738853503
"agricolae","EBP",0.414012738853503
"BiodiversityR","EBP",0.41401274
"diverse","EBP",0.329113924050633
"dyvDyn","EBP",0.0285714285714286
"ecodive","EBP",0.414012738853503
"microbiome","EBP",0.414012738853503
"tabula","EBP",0.414012738853503
"triversity","EBP",0.414012738853503
"wiqid","EBP",1
"tabula","EBRI",0.697648983864201
"BAT","EBU",0.42501447596989
"microbiome","EBU",0.42501447596989
"BAT","ECAM",0.884288747346072
"microbiome","ECAM",0.798301486199575
"codyn","EEQ",0.142285070193542
"custom","EEQ",0.0611650624635814
"adiv","EEVAR",0.318070642990454
"codyn","EEVAR",0.302783727783555
"custom","EEVAR",0.318070642990454
"microbiome","EEVAR",0.318070642990454
"acid","EGIN",0.875341219290264
"DescTools","EGIN",0.875341219290264
"dplR","EGIN",0.875341219290264
"EconGeo","EGIN",0.875
"giniVarCI","EGIN",0.875341219290264
"ineq","EGIN",0.875341219290264
"microbiome","EGIN",0.875341219290264
"REAT","EGIN",0.875341219290264
"shipunov","EGIN",0.875341219290264
"wINEQ","EGIN",0.875341219290264
"adiv","EGSP",0.822043306200878
"abdiv","EHEI",0.429992308833437
"adiv","EHEI",0.429992308833437
"custom","EHUL",0.611464968152866
"benthos","EHURE",0.758370080026131
"BiodiversityR","EHURE",0.75837008
"mobr","EHURE",0.758370080026131
"vegan","EHURE",0.758370080026111
"custom","ELR",0.191628915842703
"abdiv","EMC",0.533713584144274
"tabula","EMC",0.707907653439163
"microbiome","EMN",0.611464968152866
"custom","ENHC",-0.384404801524521
"custom","EPAT",0.395398435545577
"abdiv","EPIE",0.702521668519982
"adiv","EPIE",0.702521668519982
"BiodiversityR","EPIE",0.70252167
"breakaway","EPIE",0.702521668519982
"chemodiv","EPIE",0.702521668519982
"diverse","EPIE",0.674823100913121
"forestmangr","EPIE",1
"microbiome","EPIE",0.702521668519982
"OTUtable","EPIE",0.702521668519982
"pctax","EPIE",0.7025
"sprex","EPIE",0.702521668519982
"tabula","EPIE",0.702521668519982
"custom","ESHE",0.477492949763984
"adiv","ESP",0.338120713305898
"codyn","ESP",0.338120713305898
"sprex","ESP",0.145475063810455
"tabula","ESP",0.338120713305898
"abdiv","EST",0.527070063694268
"adiv","QHIL_0",12
"adiv","QHIL_1",5.7299153971678
"adiv","QHIL_2",4.05744855967078
"adiv","QHIL_3",3.45823057193977
"BAT","QHIL_0",12
"BAT","QHIL_1",5.7299153971678
"BAT","QHIL_2",4.05744855967078
"BAT","QHIL_3",3.45823057193977
"benthos","QHIL_0",35
"benthos","QHIL_1",5.7299153971678
"benthos","QHIL_2",4.05744855967078
"benthos","QHIL_3",3.45823057193977
"breakaway","QHIL_0",12
"breakaway","QHIL_1",5.7299153971678
"breakaway","QHIL_2",4.05744855967078
"breakaway","QHIL_3",3.45823057193977
"chemodiv","QHIL_0",12
"chemodiv","QHIL_1",5.7299153971678
"chemodiv","QHIL_2",4.05744855967078
"chemodiv","QHIL_3",3.45823057193977
"divDyn","QHIL_2",4.05744855967078
"divent","QHIL_0",15
"divent","QHIL_1",6.11566021013045
"divent","QHIL_2",4.13756988996497
"divent","QHIL_3",3.49542963714295
"entropart","QHIL_0",15
"entropart","QHIL_1",6.11566021013045
"entropart","QHIL_2",4.13756988996497
"entropart","QHIL_3",3.49542963714295
"EntropyEstimation","QHIL_1",5.94779197247416
"EntropyEstimation","QHIL_2",4.13856032443393
"EntropyEstimation","QHIL_3",3.52409253601695
"extremefit","QHIL",NA
"hilldiv","QHIL_0",12
"hilldiv","QHIL_1",5.72994507185974
"hilldiv","QHIL_2",4.05744855967078
"hilldiv","QHIL_3",3.45823057193977
"hillR","QHIL_0",12
"hillR","QHIL_1",5.7299153971678
"hillR","QHIL_2",4.05744855967078
"hillR","QHIL_3",3.45823057193977
"sprex","QHIL_0",12
"sprex","QHIL_1",5.7299153971678
"sprex","QHIL_2",4.05744855967078
"sprex","QHIL_3",3.45823057193977
"vegan","QHIL_0",12
"vegan","QHIL_1",5.7299153971678
"vegan","QHIL_2",4.05744855967078
"vegan","QHIL_3",3.45823057193977
"adiv","QREN_0",2.484906649788
"adiv","QREN_1",1.74570076572547
"adiv","QREN_2",1.40055434248787
"adiv","QREN_3",1.24075706286928
"BiodiversityR","QREN_0",2.484906649788
"BiodiversityR","QREN_1",1.74570076572547
"BiodiversityR","QREN_2",1.40055434248787
"BiodiversityR","QREN_3",1.24075706286928
"diverse","QREN_0",2.83321334405622
"diverse","QREN_1",1.91191781438445
"diverse","QREN_2",1.46997557674032
"diverse","QREN_3",1.31584479284619
"EntropyEstimation","QREN_1",1.78302005362082
"EntropyEstimation","QREN_2",1.42034797963769
"EntropyEstimation","QREN_3",1.25962296653081
"seewave","QREN_2",0.393928905852471
"seewave","QREN_3",0.348983295976941
"sprex","QREN_0",2.484906649788
"sprex","QREN_1",1.74570076572547
"sprex","QREN_2",1.40055434248787
"sprex","QREN_3",1.24075706286928
"statcomp","QREN_1",0.491006994402161
"statcomp","QREN_2",0.393928897611545
"statcomp","QREN_3",0.348983289796246
"vegan","QREN_0",2.484906649788
"vegan","QREN_1",1.74570076572547
"vegan","QREN_2",1.40055434248787
"vegan","QREN_3",1.24075706286928
"adiv","QTSA_0",11
"adiv","QTSA_1",1.74570076572547
"adiv","QTSA_2",0.753539697350805
"adiv","QTSA_3",0.458191738117824
"divent","QTSA_0",11
"divent","QTSA_1",1.74570076572547
"divent","QTSA_2",0.753539697350805
"divent","QTSA_3",0.458191738117824
"entropart","QTSA_0",14
"entropart","QTSA_1",1.81085272899081
"entropart","QTSA_2",0.758312239649331
"entropart","QTSA_3",0.459076866925673
"EntropyEstimation","QTSA_1",1.78302005362082
"EntropyEstimation","QTSA_2",0.758370080026131
"EntropyEstimation","QTSA_3",0.459739849220022
"vegan","QTSA_0",11
"vegan","QTSA_1",1.74570076572547
"vegan","QTSA_2",0.753539697350805
"vegan","QTSA_3",0.458191738117824
"BAT","RACE",14.3938993566176
"ecodive","RACE",14.3938993566176
"fossil","RACE",12.84375
"pctax","RACE",14.3939
"sprex","RACE",157.339798904711
"tabula","RACE",14.3938993566176
"vegan","RACE",14.3938993566176
"wiqid","RACE",14.3938993566176
"BiodiversityR","RBOO",12
"wiqid","RBOO",35
"BAT","RC1",13.5
"BiodiversityR","RC1",12
"biosampleR","RC1",22
"iNEXT","RC1",16.471
"microbiome","RC1",13.5
"pctax","RC1",13.5
"rareNMtests","RC1",12
"SpadeR","RC1",12
"SSP","RC1",11
"vegan","RC1",13.5
"BAT","RC1M",14.34375
"divent","RC1M",16.4713375796178
"ecodive","RC1M",16.5
"entropart","RC1M",16.4713375796178
"fossil","RC1M",16.5
"mobr","RC1M",16.4713375796178
"OTUtable","RC1M",16.5
"tabula","RC1M",16.4713375796178
"wiqid","RC1M",16.5
"BAT","RCA2",35
"divDyn","RCA2",13.375
"fossil","RCA2",16.5
"tabula","RCA2",12
"wiqid","RCA2",12
"benthos","RHUR_2",1.75837008002611
"benthos","RHUR_3",2.35563054163838
"divent","RHUR_2",4.13855722739973
"divent","RHUR_3",4.29432943891777
"entropart","RHUR_2",1.75837008002611
"entropart","RHUR_3",2.35563054163838
"mobsim","RHUR_2",1.75837008002611
"mobsim","RHUR_3",2.35563054163838
"tabula","RHUR_2",1.75837008002718
"tabula","RHUR_3",2.35563054163827
"vegan","RHUR_2",1.75837008002611
"vegan","RHUR_3",2.35563054163838
"BAT","RICE",35.0059179095573
"fossil","RICE",12.84375
"tabula","RICE",12
"wiqid","RICE",12
"BAT","RJA1",15
"BiodiversityR","RJA1",12
"divent","RJA1",15
"entropart","RJA1",15
"fossil","RJA1",14.9808917197452
"SSP","RJA1",11
"tabula","RJA1",1.74570076572547
"wiqid","RJA1",15
"BAT","RJA2",17
"BiodiversityR","RJA2",12
"fossil","RJA2",16.9044177690675
"SSP","RJA2",11
"wiqid","RJA2",17
"sprex","RMM",167
"wiqid","RMM",0
"divDyn","RSQ",14.2213870718726
"ecodive","RSQ",14.2213870718726
"tabula","RSQ",14.2213870718726
"abdiv","D1SP",0.658131382411218
"ade4","D1SP",0.658131382411218
"adiv","D1SP",0.658131382411218
"agricolae","D1SP",1
"asbio","D1SP",0.658131382411218
"BiodiversityR","D1SP",0.65813138
"biosampleR","D1SP",0.84643278799123
"breakaway","D1SP",0.658131382411218
"catsim","D1SP",0.502857142857143
"concstats","2_D1SP",0.795378151260504
"concstats","D1SP",0.980643194634964
"CUB","D1SP",0.677488187776254
"DescTools","2_D1SP",0.658131382411218
"DescTools","D1SP",0.923021060275962
"divent","D1SP",0.658131382411218
"diverse","D1SP",0.84643278799123
"ecodive","D1SP",0.658131382411218
"entropart","D1SP",0.658131382411218
"lawstat","D1SP",0.923021060275962
"MCPAN","D1SP",-2242
"microbiome","D1SP",0.658131382411218
"PCRA","D1SP",0.658131382411218
"RoughSets","D1SP",0.658131382411218
"simboot","D1SP",-2242
"sprex","D1SP",0.658131382411218
"untb","D1SP",0.666358024691358
"vegan","D1SP",0.658131382411218
"abdiv","DBRI",1.3446906143322
"ecodive","DBRI",1.3446906143322
"tabula","DBRI",1.3446906143322
"wiqid","DBRI",3.83699924436964
"BiodiversityR","DFIS",3.43555833
"ecodive","DFIS",3.436
"microbiome","DFIS",3.43555833487082
"preseqR","DFIS",4.73458072927416
"sads","DFIS",3.43555748596237
"vegan","DFIS",3.43555833487082
"custom","DGLE",2.5031578732238
"DGOO","1_1",1.50933415771251
"DGOO","1_2",0.323777346065381
"DGOO","1_3",1
"DGOO","2_1",0.277555593156347
"DGOO","2_2",0.573119199184885
"DGOO","2_3",1
"DGOO","3_1",0.110125002803159
"DGOO","3_2",0.0863739280791266
"DGOO","3_3",1
"abdiv","DINVSP",2.92510031208203
"adiv","DINVSP",2.92510031208203
"asbio","DINVSP",2.92510031208203
"BiodiversityR","DINVSP",2.92510031
"breakaway","DINVSP",2.92510031208203
"chemodiv","DINVSP",2.92510031208203
"codyn","DINVSP",2.92510031208203
"divseg","DINVSP",1.34186861758878
"ecodive","DINVSP",2.92510031208203
"microbiome","DINVSP",2.92510031208203
"sprex","DINVSP",2.92510031208203
"vegan","DINVSP",2.92510031208203
"custom","DKO",0.56
"asbio","DLMD",15.3789974393068
"Compositional","DLMD",0.999958992306093
"sads","DLMD",1.05885966873438
"vegan","DLMD",NA
"abdiv","DMC",0.467217764654743
"adiv","DMC",0.467217764654743
"agricolae","DMC",0.467217764654743
"ecodive","DMC",0.467217764654743
"forestHES","DMC",0.467217764654743
"tabula","DMC",0.467217764654743
"abdiv","DMG",2.27559806656709
"adiv","DMG",2.27559806656709
"agricolae","DMG",7.73703342632812
"ecodive","DMG",2.27559806656709
"tabula","DMG",2.27559806656709
"abdiv","DMN",1.22222222222222
"adiv","DMN",1.22222222222222
"ecodive","DMN",1.22222222222222
"tabula","DMN",1.22222222222222
"custom","DOD",135.802469135802
"abdiv","DQ",0
"ade4","DRAO",0.658131382411218
"BAT","DRAO",0.658131382411218
"chemodiv","DRAO",409.571032803223
"diverse","DRAO",190.331418081557
"SYNCSA","DRAO",0.658131382411218
"abdiv","DSHA",1.50933415771251
"adiv","DSHA",1.50933415771251
"aqp","DSHA",-337.149628979186
"asbio","DSHA",1.50933415771251
"benthos","DSHA",0
"BiodiversityR","DSHA",1.50933416
"biosampleR","DSHA",2.18316504826242
"chemodiv","DSHA",1.50933415771251
"codyn","DSHA",1.50933415771251
"DescTools","DSHA",2.17750890437616
"divDyn","DSHA",1.50933415771251
"divent","DSHA",1.50933415771251
"diverse","DSHA",2.18316504826242
"ecodive","DSHA",1.50933415771251
"EconGeo","DSHA",2.178
"entropart","DSHA",1.6397731109647
"forestmangr","DSHA",3.56
"HardyWeinberg","DSHA",1.50933415771251
"iNEXT","DSHA",1.509
"MCPAN","DSHA",1.50933415771251
"microbiome","DSHA",1.50933415771251
"OTUtable","DSHA",1.50933415771251
"pgirmess","DSHA",2.17750890437616
"SpiecEasi","DSHA",1.50933415771251
"sprex","DSHA",1.50933415771251
"tabula","DSHA",1.50933415771251
"triversity","DSHA",11
"vegan","DSHA",1.50933415771251
"wavethresh","DSHA",-16071.414414463
"wiqid","DSHA",2.99722479185939
"abdiv","DSP",0.341868617588782
"agricolae","DSP",0.341868617588782
"antitrust","DSP",3418.68617588782
"benthos","DSP",0.333641975308642
"breakaway","DSP",0.341868617588782
"concstats","DSP",0.341868617588782
"DescTools","DSP",0.341868617588782
"diverse","DSP",0.148034971564383
"divseg","DSP",1.34186861758878
"EconGeo","DSP",0.341868617588782
"hhi","DSP",0.341868617588782
"ineq","DSP",0.341868617588782
"microbiome","DSP",0.341868617588782
"PDtoolkit","DSP",0.341868617588782
"politics","DSP",0.341868617588782
"REAT","DSP",0.341868617588782
"sprex","DSP",0.341868617588782
"tabula","DSP",0.341868617588782
"triversity","DSP",0.341868617588782
"wiqid","DSP",2.99722479185939
"abdiv","EBP",0.54320987654321
"agricolae","EBP",0.54320987654321
"BiodiversityR","EBP",0.54320988
"diverse","EBP",0.272727272727273
"dyvDyn","EBP",0.0285714285714286
"ecodive","EBP",0.54320987654321
"microbiome","EBP",0.54320987654321
"tabula","EBP",0.54320987654321
"triversity","EBP",0.54320987654321
"wiqid","EBP",1
"tabula","EBRI",0.618958134301102
"BAT","EBU",0.390123456790123
"microbiome","EBU",0.390123456790123
"BAT","ECAM",0.865768799102132
"microbiome","ECAM",0.869809203142537
"codyn","EEQ",0.159040642232062
"custom","EEQ",0.063413674535297
"adiv","EEVAR",0.358577636455534
"codyn","EEVAR",0.339796163794338
"custom","EEVAR",0.358577636455534
"microbiome","EEVAR",0.358577636455534
"acid","EGIN",0.896649029982363
"DescTools","EGIN",0.896649029982363
"dplR","EGIN",0.896649029982363
"EconGeo","EGIN",0.897
"giniVarCI","EGIN",0.896649029982363
"ineq","EGIN",0.896649029982364
"microbiome","EGIN",0.896649029982364
"REAT","EGIN",0.896649029982363
"shipunov","EGIN",0.896649029982364
"wINEQ","EGIN",0.896649029982363
"adiv","EGSP",0.72394452065234
"abdiv","EHEI",0.352371770875853
"adiv","EHEI",0.352371770875853
"custom","EHUL",0.703703703703704
"benthos","EHURE",0.666358024691358
"BiodiversityR","EHURE",0.66635802
"mobr","EHURE",0.666358024691358
"vegan","EHURE",0.66635802469135
"custom","ELR",0.166418274271544
"abdiv","EMC",0.666386135129515
"tabula","EMC",0.594576127284492
"microbiome","EMN",0.703703703703704
"custom","ENHC",-0.363641126216797
"custom","EPAT",0.49821706533894
"abdiv","EPIE",0.629441233249149
"adiv","EPIE",0.629441233249149
"BiodiversityR","EPIE",0.62944123
"breakaway","EPIE",0.629441233249149
"chemodiv","EPIE",0.629441233249149
"diverse","EPIE",0.787410347142578
"forestmangr","EPIE",1
"microbiome","EPIE",0.629441233249149
"OTUtable","EPIE",0.629441233249149
"pctax","EPIE",0.6294
"sprex","EPIE",0.629441233249149
"tabula","EPIE",0.629441233249149
"custom","ESHE",0.411247064432593
"adiv","ESP",0.265918210189276
"codyn","ESP",0.265918210189276
"sprex","ESP",0.137212196155683
"tabula","ESP",0.265918210189276
"abdiv","EST",0.554433221099888
"adiv","QHIL_0",11
"adiv","QHIL_1",4.52371770875853
"adiv","QHIL_2",2.92510031208203
"adiv","QHIL_3",2.45013297208001
"BAT","QHIL_0",11
"BAT","QHIL_1",4.52371770875853
"BAT","QHIL_2",2.92510031208203
"BAT","QHIL_3",2.45013297208001
"benthos","QHIL_0",35
"benthos","QHIL_1",4.52371770875853
"benthos","QHIL_2",2.92510031208203
"benthos","QHIL_3",2.45013297208001
"breakaway","QHIL_0",11
"breakaway","QHIL_1",4.52371770875853
"breakaway","QHIL_2",2.92510031208203
"breakaway","QHIL_3",2.45013297208001
"chemodiv","QHIL_0",11
"chemodiv","QHIL_1",4.52371770875853
"chemodiv","QHIL_2",2.92510031208203
"chemodiv","QHIL_3",2.45013297208001
"divDyn","QHIL_2",2.92510031208203
"divent","QHIL_0",16
"divent","QHIL_1",5.15399999347775
"divent","QHIL_2",2.99454509322901
"divent","QHIL_3",2.46557033577964
"entropart","QHIL_0",16
"entropart","QHIL_1",5.15399999347775
"entropart","QHIL_2",2.99454509322901
"entropart","QHIL_3",2.46557033577964
"EntropyEstimation","QHIL_1",4.84153601069647
"EntropyEstimation","QHIL_2",2.99722479185939
"EntropyEstimation","QHIL_3",2.49919459940214
"extremefit","QHIL",NA
"hilldiv","QHIL_0",11
"hilldiv","QHIL_1",4.52374822110222
"hilldiv","QHIL_2",2.92510031208203
"hilldiv","QHIL_3",2.45013297208001
"hillR","QHIL_0",11
"hillR","QHIL_1",4.52371770875853
"hillR","QHIL_2",2.92510031208203
"hillR","QHIL_3",2.45013297208001
"sprex","QHIL_0",11
"sprex","QHIL_1",4.52371770875853
"sprex","QHIL_2",2.92510031208203
"sprex","QHIL_3",2.45013297208001
"vegan","QHIL_0",11
"vegan","QHIL_1",4.52371770875853
"vegan","QHIL_2",2.92510031208203
"vegan","QHIL_3",2.45013297208001
"adiv","QREN_0",2.39789527279837
"adiv","QREN_1",1.50933415771251
"adiv","QREN_2",1.07332877482467
"adiv","QREN_3",0.89614229740221
"BiodiversityR","QREN_0",2.39789527279837
"BiodiversityR","QREN_1",1.50933415771251
"BiodiversityR","QREN_2",1.07332877482467
"BiodiversityR","QREN_3",0.89614229740221
"diverse","QREN_0",2.77258872223978
"diverse","QREN_1",2.18316504826242
"diverse","QREN_2",1.87361694453971
"diverse","QREN_3",1.72617196426646
"EntropyEstimation","QREN_1",1.57723202796319
"EntropyEstimation","QREN_2",1.09768679114717
"EntropyEstimation","QREN_3",0.915968519730254
"seewave","QREN_2",0.301891352272915
"seewave","QREN_3",0.252054742980984
"sprex","QREN_0",2.39789527279837
"sprex","QREN_1",1.50933415771251
"sprex","QREN_2",1.07332877482467
"sprex","QREN_3",0.89614229740221
"statcomp","QREN_1",0.424525006162186
"statcomp","QREN_2",0.301891335605276
"statcomp","QREN_3",0.252054730480255
"vegan","QREN_0",2.39789527279837
"vegan","QREN_1",1.50933415771251
"vegan","QREN_2",1.07332877482467
"vegan","QREN_3",0.89614229740221
"adiv","QTSA_0",10
"adiv","QTSA_1",1.50933415771251
"adiv","QTSA_2",0.658131382411218
"adiv","QTSA_3",0.416710415643505
"divent","QTSA_0",10
"divent","QTSA_1",1.50933415771251
"divent","QTSA_2",0.658131382411218
"divent","QTSA_3",0.416710415643505
"entropart","QTSA_0",15
"entropart","QTSA_1",1.6397731109647
"entropart","QTSA_2",0.666059461832414
"entropart","QTSA_3",0.417750131580978
"EntropyEstimation","QTSA_1",1.57723202796319
"EntropyEstimation","QTSA_2",0.666358024691358
"EntropyEstimation","QTSA_3",0.4199484294421
"vegan","QTSA_0",10
"vegan","QTSA_1",1.50933415771251
"vegan","QTSA_2",0.658131382411218
"vegan","QTSA_3",0.416710415643505
"BAT","RACE",21.8810068649886
"ecodive","RACE",21.8810068649886
"fossil","RACE",13.3684210526316
"pctax","RACE",21.881
"sprex","RACE",81.7994198694706
"tabula","RACE",21.8810068649886
"vegan","RACE",21.8810068649886
"wiqid","RACE",21.8810068649886
"BiodiversityR","RBOO",11
"wiqid","RBOO",35
"BAT","RC1",14.3333333333333
"BiodiversityR","RC1",11
"biosampleR","RC1",16.25
"iNEXT","RC1",17.173
"microbiome","RC1",14.3333333333333
"pctax","RC1",14.3333
"rareNMtests","RC1",11
"SpadeR","RC1",11
"SSP","RC1",10
"vegan","RC1",14.3333333333333
"BAT","RC1M",17.2947658402204
"divent","RC1M",17.1728395061728
"ecodive","RC1M",17.25
"entropart","RC1M",17.1728395061728
"fossil","RC1M",17.25
"mobr","RC1M",17.1728395061728
"OTUtable","RC1M",17.25
"tabula","RC1M",17.1728395061728
"wiqid","RC1M",17.25
"BAT","RCA2",35
"divDyn","RCA2",14.030303030303
"fossil","RCA2",17.25
"tabula","RCA2",11
"wiqid","RCA2",11
"benthos","RHUR_2",1.66635802469135
"benthos","RHUR_3",2.15917721518989
"divent","RHUR_2",2.99722596488211
"divent","RHUR_3",3.19577953987793
"entropart","RHUR_2",1.66635802469135
"entropart","RHUR_3",2.15917721518989
"mobsim","RHUR_2",1.66635802469135
"mobsim","RHUR_3",2.15917721518989
"tabula","RHUR_2",1.66635802469211
"tabula","RHUR_3",2.15917721519037
"vegan","RHUR_2",1.66635802469135
"vegan","RHUR_3",2.15917721518989
"BAT","RICE",35.0053960172867
"fossil","RICE",13.3684210526316
"tabula","RICE",11
"wiqid","RICE",11
"BAT","RJA1",16
"BiodiversityR","RJA1",11
"divent","RJA1",16
"entropart","RJA1",16
"fossil","RJA1",15.9382716049383
"SSP","RJA1",10
"tabula","RJA1",1.50933415771251
"wiqid","RJA1",16
"BAT","RJA2",19
"BiodiversityR","RJA2",11
"fossil","RJA2",18.7033950617284
"SSP","RJA2",10
"wiqid","RJA2",19
"sprex","RMM",85
"wiqid","RMM",0
"divDyn","RSQ",19.6189671072856
"ecodive","RSQ",19.6189671072856
"tabula","RSQ",19.6189671072856
"abdiv","D1SP",0.665510204081633
"ade4","D1SP",0.665510204081633
"adiv","D1SP",0.665510204081633
"agricolae","D1SP",1
"asbio","D1SP",0.665510204081633
"BiodiversityR","D1SP",0.6655102
"biosampleR","D1SP",0.823577624479202
"breakaway","D1SP",0.665510204081633
"catsim","D1SP",0.476734693877551
"concstats","2_D1SP",0.795378151260504
"concstats","D1SP",0.980426170468187
"CUB","D1SP",0.685084033613445
"DescTools","2_D1SP",0.665510204081633
"DescTools","D1SP",0.929831932773109
"divent","D1SP",0.665510204081633
"diverse","D1SP",0.823577624479202
"ecodive","D1SP",0.665510204081633
"entropart","D1SP",0.665510204081633
"lawstat","D1SP",0.929831932773109
"MCPAN","D1SP",-6555
"microbiome","D1SP",0.665510204081633
"PCRA","D1SP",0.665510204081633
"RoughSets","D1SP",0.665510204081633
"simboot","D1SP",-6555
"sprex","D1SP",0.665510204081633
"untb","D1SP",0.670298047276465
"vegan","D1SP",0.665510204081633
"abdiv","DBRI",1.37277388078464
"ecodive","DBRI",1.37277388078464
"tabula","DBRI",1.37277388078464
"wiqid","DBRI",3.94628204326406
"BiodiversityR","DFIS",2.4649246
"ecodive","DFIS",2.465
"microbiome","DFIS",2.46492459945475
"preseqR","DFIS",10.1619581463951
"sads","DFIS",2.46491231719212
"vegan","DFIS",2.46492459945475
"custom","DGLE",2.02361869694322
"DGOO","1_1",1.47599258955746
"DGOO","1_2",0.336423450323842
"DGOO","1_3",1
"DGOO","2_1",0.289065546074609
"DGOO","2_2",0.568379356001539
"DGOO","2_3",1
"DGOO","3_1",0.111051045594012
"DGOO","3_2",0.0938862385129124
"DGOO","3_3",1
"abdiv","DINVSP",2.98962782184259
"adiv","DINVSP",2.98962782184259
"asbio","DINVSP",2.98962782184259
"BiodiversityR","DINVSP",2.98962782
"breakaway","DINVSP",2.98962782184259
"chemodiv","DINVSP",2.98962782184259
"codyn","DINVSP",2.98962782184259
"divseg","DINVSP",1.33448979591837
"ecodive","DINVSP",2.98962782184259
"microbiome","DINVSP",2.98962782184259
"sprex","DINVSP",2.98962782184259
"vegan","DINVSP",2.98962782184259
"custom","DKO",0.6
"asbio","DLMD",21.1544816400925
"Compositional","DLMD",0.999958992306093
"sads","DLMD",1.66550731148071
"vegan","DLMD",17.2945267876889
"abdiv","DMC",0.460574742308318
"adiv","DMC",0.460574742308318
"agricolae","DMC",0.460574742308318
"ecodive","DMC",0.460574742308318
"forestHES","DMC",0.460574742308318
"tabula","DMC",0.460574742308318
"abdiv","DMG",1.8212568272489
"adiv","DMG",1.8212568272489
"agricolae","DMG",6.88030356960696
"ecodive","DMG",1.8212568272489
"tabula","DMG",1.8212568272489
"abdiv","DMN",0.845154254728517
"adiv","DMN",0.845154254728517
"ecodive","DMN",0.845154254728517
"tabula","DMN",0.845154254728517
"custom","DOD",71.4285714285714
"abdiv","DQ",0
"ade4","DRAO",0.665510204081633
"BAT","DRAO",0.665510204081632
"chemodiv","DRAO",411.569092981303
"diverse","DRAO",99.0507879282748
"SYNCSA","DRAO",0.665510204081633
"abdiv","DSHA",1.47599258955746
"adiv","DSHA",1.47599258955746
"aqp","DSHA",-699.982615864219
"asbio","DSHA",1.47599258955746
"benthos","DSHA",0
"BiodiversityR","DSHA",1.47599259
"biosampleR","DSHA",1.97644857057545
"chemodiv","DSHA",1.47599258955746
"codyn","DSHA",1.47599258955746
"DescTools","DSHA",2.1294071893434
"divDyn","DSHA",1.47599258955746
"divent","DSHA",1.47599258955746
"diverse","DSHA",1.97644857057545
"ecodive","DSHA",1.47599258955746
"EconGeo","DSHA",2.129
"entropart","DSHA",1.55990464753069
"forestmangr","DSHA",3.56
"HardyWeinberg","DSHA",1.47599258955746
"iNEXT","DSHA",1.476
"MCPAN","DSHA",1.47599258955746
"microbiome","DSHA",1.47599258955746
"OTUtable","DSHA",1.47599258955746
"pgirmess","DSHA",2.1294071893434
"SpiecEasi","DSHA",1.47599258955746
"sprex","DSHA",1.47599258955746
"tabula","DSHA",1.47599258955746
"triversity","DSHA",10
"vegan","DSHA",1.47599258955746
"wavethresh","DSHA",-53463.4460391285
"wiqid","DSHA",3.03304239401496
"abdiv","DSP",0.334489795918367
"agricolae","DSP",0.334489795918367
"antitrust","DSP",3344.89795918367
"benthos","DSP",0.329701952723535
"breakaway","DSP",0.334489795918367
"concstats","DSP",0.334489795918367
"DescTools","DSP",0.334489795918367
"diverse","DSP",0.169559228650138
"divseg","DSP",1.33448979591837
"EconGeo","DSP",0.334489795918367
"hhi","DSP",0.334489795918367
"ineq","DSP",0.334489795918367
"microbiome","DSP",0.334489795918367
"PDtoolkit","DSP",0.334489795918367
"politics","DSP",0.334489795918367
"REAT","DSP",0.334489795918367
"sprex","DSP",0.334489795918367
"tabula","DSP",0.334489795918367
"triversity","DSP",0.334489795918367
"wiqid","DSP",3.03304239401496
"abdiv","EBP",0.521428571428571
"agricolae","EBP",0.521428571428571
"BiodiversityR","EBP",0.52142857
"diverse","EBP",0.28099173553719
"dyvDyn","EBP",0.0285714285714286
"ecodive","EBP",0.521428571428571
"microbiome","EBP",0.521428571428571
"tabula","EBP",0.521428571428571
"triversity","EBP",0.521428571428571
"wiqid","EBP",1
"tabula","EBRI",0.633640692460665
"BAT","EBU",0.396825396825397
"microbiome","EBU",0.396825396825397
"BAT","ECAM",0.853015873015873
"microbiome","ECAM",0.922857142857143
"codyn","EEQ",0.139348189374889
"custom","EEQ",0.0881210221976126
"adiv","EEVAR",0.302591921573102
"codyn","EEVAR",0.283253461888431
"custom","EEVAR",0.302591921573102
"microbiome","EEVAR",0.302591921573102
"acid","EGIN",0.903265306122449
"DescTools","EGIN",0.903265306122449
"dplR","EGIN",0.903265306122449
"EconGeo","EGIN",0.903
"giniVarCI","EGIN",0.903265306122449
"ineq","EGIN",0.903265306122449
"microbiome","EGIN",0.903265306122449
"REAT","EGIN",0.903265306122449
"shipunov","EGIN",0.903265306122449
"wINEQ","EGIN",0.903265306122449
"adiv","EGSP",0.739455782312925
"abdiv","EHEI",0.375041841261383
"adiv","EHEI",0.375041841261383
"custom","EHUL",0.742857142857143
"benthos","EHURE",0.670298047276465
"BiodiversityR","EHURE",0.67029805
"mobr","EHURE",0.670298047276464
"vegan","EHURE",0.670298047276461
"custom","ELR",0.17884567644264
"abdiv","EMC",0.617922949171177
"tabula","EMC",0.616651351201933
"microbiome","EMN",0.742857142857143
"custom","ENHC",-0.471519962355316
"custom","EPAT",0.512720528335188
"abdiv","EPIE",0.641015436974895
"adiv","EPIE",0.641015436974895
"BiodiversityR","EPIE",0.64101544
"breakaway","EPIE",0.641015436974895
"chemodiv","EPIE",0.641015436974895
"diverse","EPIE",0.748922180809004
"forestmangr","EPIE",1
"microbiome","EPIE",0.641015436974895
"OTUtable","EPIE",0.641015436974895
"pctax","EPIE",0.641
"sprex","EPIE",0.641015436974895
"tabula","EPIE",0.641015436974895
"custom","ESHE",0.437537657135245
"adiv","ESP",0.298962782184259
"codyn","ESP",0.298962782184259
"sprex","ESP",0.147599258955746
"tabula","ESP",0.298962782184259
"abdiv","EST",0.542857142857143
"adiv","QHIL_0",10
"adiv","QHIL_1",4.37537657135245
"adiv","QHIL_2",2.98962782184259
"adiv","QHIL_3",2.55224344205977
"BAT","QHIL_0",10
"BAT","QHIL_1",4.37537657135245
"BAT","QHIL_2",2.98962782184259
"BAT","QHIL_3",2.55224344205977
"benthos","QHIL_0",35
"benthos","QHIL_1",4.37537657135245
"benthos","QHIL_2",2.98962782184259
"benthos","QHIL_3",2.55224344205977
"breakaway","QHIL_0",10
"breakaway","QHIL_1",4.37537657135245
"breakaway","QHIL_2",2.98962782184259
"breakaway","QHIL_3",2.55224344205977
"chemodiv","QHIL_0",10
"chemodiv","QHIL_1",4.37537657135245
"chemodiv","QHIL_2",2.98962782184259
"chemodiv","QHIL_3",2.55224344205977
"divDyn","QHIL_2",2.98962782184259
"divent","QHIL_0",27
"divent","QHIL_1",4.75836750141426
"divent","QHIL_2",3.033057814312
"divent","QHIL_3",2.56858711409163
"entropart","QHIL_0",27
"entropart","QHIL_1",4.75836750141426
"entropart","QHIL_2",3.033057814312
"entropart","QHIL_3",2.56858711409163
"EntropyEstimation","QHIL_1",4.52836717798867
"EntropyEstimation","QHIL_2",3.03304239401496
"EntropyEstimation","QHIL_3",2.5850710883387
"extremefit","QHIL",NA
"hilldiv","QHIL_0",10
"hilldiv","QHIL_1",4.37540224299552
"hilldiv","QHIL_2",2.98962782184259
"hilldiv","QHIL_3",2.55224344205977
"hillR","QHIL_0",10
"hillR","QHIL_1",4.37537657135245
"hillR","QHIL_2",2.98962782184259
"hillR","QHIL_3",2.55224344205977
"sprex","QHIL_0",10
"sprex","QHIL_1",4.37537657135245
"sprex","QHIL_2",2.98962782184259
"sprex","QHIL_3",2.55224344205977
"vegan","QHIL_0",10
"vegan","QHIL_1",4.37537657135245
"vegan","QHIL_2",2.98962782184259
"vegan","QHIL_3",2.55224344205977
"adiv","QREN_0",2.30258509299405
"adiv","QREN_1",1.47599258955746
"adiv","QREN_2",1.09514890535489
"adiv","QREN_3",0.936972753589602
"BiodiversityR","QREN_0",2.30258509299405
"BiodiversityR","QREN_1",1.47599258955746
"BiodiversityR","QREN_2",1.09514890535489
"BiodiversityR","QREN_3",0.936972753589602
"diverse","QREN_0",2.63905732961526
"diverse","QREN_1",1.97644857057545
"diverse","QREN_2",1.73487429809764
"diverse","QREN_3",1.63125429450018
"EntropyEstimation","QREN_1",1.51036142815842
"EntropyEstimation","QREN_2",1.10956620619365
"EntropyEstimation","QREN_3",0.949753007906714
"seewave","QREN_2",0.308028615519121
"seewave","QREN_3",0.26353897401055
"sprex","QREN_0",2.30258509299405
"sprex","QREN_1",1.47599258955746
"sprex","QREN_2",1.09514890535489
"sprex","QREN_3",0.936972753589602
"statcomp","QREN_1",0.415147142847987
"statcomp","QREN_2",0.308028605473892
"statcomp","QREN_3",0.263538966476628
"vegan","QREN_0",2.30258509299405
"vegan","QREN_1",1.47599258955746
"vegan","QREN_2",1.09514890535489
"vegan","QREN_3",0.936972753589602
"adiv","QTSA_0",9
"adiv","QTSA_1",1.47599258955746
"adiv","QTSA_2",0.665510204081633
"adiv","QTSA_3",0.423241618075802
"divent","QTSA_0",9
"divent","QTSA_1",1.47599258955746
"divent","QTSA_2",0.665510204081633
"divent","QTSA_3",0.423241618075802
"entropart","QTSA_0",26
"entropart","QTSA_1",1.55990464753069
"entropart","QTSA_2",0.670299723506314
"entropart","QTSA_3",0.424215322753984
"EntropyEstimation","QTSA_1",1.51036142815842
"EntropyEstimation","QTSA_2",0.670298047276465
"EntropyEstimation","QTSA_3",0.42517873899638
"vegan","QTSA_0",9
"vegan","QTSA_1",1.47599258955746
"vegan","QTSA_2",0.665510204081633
"vegan","QTSA_3",0.423241618075802
"BAT","RACE",12.4409937888199
"ecodive","RACE",12.4409937888199
"fossil","RACE",11
"pctax","RACE",12.441
"sprex","RACE",140
"tabula","RACE",12.4409937888199
"vegan","RACE",12.4409937888199
"wiqid","RACE",12.4409937888199
"BiodiversityR","RBOO",10
"wiqid","RBOO",35
"BAT","RC1",13
"BiodiversityR","RC1",10
"biosampleR","RC1",19
"iNEXT","RC1",12.979
"microbiome","RC1",13
"pctax","RC1",13
"rareNMtests","RC1",10
"SpadeR","RC1",10
"SSP","RC1",10
"vegan","RC1",13
"BAT","RC1M",14.17
"divent","RC1M",12.9785714285714
"ecodive","RC1M",Inf
"entropart","RC1M",12.9785714285714
"fossil","RC1M",13
"mobr","RC1M",12.9785714285714
"OTUtable","RC1M",Inf
"tabula","RC1M",12.9785714285714
"wiqid","RC1M",13
"BAT","RCA2",35
"divDyn","RCA2",12.7
"fossil","RCA2",13
"tabula","RCA2",10
"wiqid","RCA2",10
"benthos","RHUR_2",1.67029804727646
"benthos","RHUR_3",2.16053666383663
"divent","RHUR_2",3.03304388139419
"divent","RHUR_3",3.20163695594193
"entropart","RHUR_2",1.67029804727646
"entropart","RHUR_3",2.16053666383664
"mobsim","RHUR_2",1.67029804727646
"mobsim","RHUR_3",2.16053666383663
"tabula","RHUR_2",1.67029804727774
"tabula","RHUR_3",2.16053666383667
"vegan","RHUR_2",1.67029804727646
"vegan","RHUR_3",2.16053666383663
"BAT","RICE",35.0055967672692
"fossil","RICE",11
"tabula","RICE",10
"wiqid","RICE",10
"BAT","RJA1",13
"BiodiversityR","RJA1",10
"divent","RJA1",26
"entropart","RJA1",26
"fossil","RJA1",12.9785714285714
"SSP","RJA1",10
"tabula","RJA1",1.47599258955746
"wiqid","RJA1",13
"BAT","RJA2",16
"BiodiversityR","RJA2",10
"fossil","RJA2",15.8714285714286
"SSP","RJA2",10
"wiqid","RJA2",16
"sprex","RMM",149
"wiqid","RMM",0
"divDyn","RSQ",13.0150229943792
"ecodive","RSQ",13.0150229943792
"tabula","RSQ",13.0150229943792
"abdiv","D1SP",0.611760409057706
"ade4","D1SP",0.611760409057706
"adiv","D1SP",0.611760409057706
"agricolae","D1SP",1
"asbio","D1SP",0.611760409057706
"BiodiversityR","D1SP",0.61176041
"biosampleR","D1SP",0.700446393609523
"breakaway","D1SP",0.611760409057706
"catsim","D1SP",0.551836734693878
"concstats","2_D1SP",0.795378151260504
"concstats","D1SP",0.98200704679242
"CUB","D1SP",0.629753362265286
"DescTools","2_D1SP",0.611760409057706
"DescTools","D1SP",0.920111287758346
"divent","D1SP",0.611760409057706
"diverse","D1SP",0.700446393609523
"ecodive","D1SP",0.611760409057706
"entropart","D1SP",0.611760409057706
"lawstat","D1SP",0.920111287758346
"MCPAN","D1SP",-8503
"microbiome","D1SP",0.611760409057706
"PCRA","D1SP",0.611760409057706
"RoughSets","D1SP",0.611760409057706
"simboot","D1SP",-8503
"sprex","D1SP",0.611760409057706
"untb","D1SP",0.615922044493473
"vegan","D1SP",0.611760409057706
"abdiv","DBRI",1.36301694381026
"ecodive","DBRI",1.36301694381026
"tabula","DBRI",1.36301694381026
"wiqid","DBRI",3.90796564738394
"BiodiversityR","DFIS",3.08343802
"ecodive","DFIS",3.083
"microbiome","DFIS",3.08343802258101
"preseqR","DFIS",5.04988517656713
"sads","DFIS",3.08340928646049
"vegan","DFIS",3.08343802258101
"custom","DGLE",2.4013388550655
"DGOO","1_1",1.47869931487261
"DGOO","1_2",0.270732244273463
"DGOO","1_3",1
"DGOO","2_1",0.251283064276853
"DGOO","2_2",0.536279130356942
"DGOO","2_3",1
"DGOO","3_1",0.116106279195577
"DGOO","3_2",0.0613556029391713
"DGOO","3_3",1
"abdiv","DINVSP",2.57572906867357
"adiv","DINVSP",2.57572906867357
"asbio","DINVSP",2.57572906867357
"BiodiversityR","DINVSP",2.57572907
"breakaway","DINVSP",2.57572906867357
"chemodiv","DINVSP",2.57572906867357
"codyn","DINVSP",2.57572906867357
"divseg","DINVSP",1.38823959094229
"ecodive","DINVSP",2.57572906867357
"microbiome","DINVSP",2.57572906867357
"sprex","DINVSP",2.57572906867357
"vegan","DINVSP",2.57572906867357
"custom","DKO",0.52
"asbio","DLMD",NA
"Compositional","DLMD",0.999958992306093
"sads","DLMD",1.52026018539301
"vegan","DLMD",16.5759046603622
"abdiv","DMC",0.410667946835271
"adiv","DMC",0.410667946835271
"agricolae","DMC",0.410667946835271
"ecodive","DMC",0.410667946835271
"forestHES","DMC",0.410667946835271
"tabula","DMC",0.410667946835271
"abdiv","DMG",2.20122728381004
"adiv","DMG",2.20122728381004
"agricolae","DMG",6.80379342268559
"ecodive","DMG",2.20122728381004
"tabula","DMG",2.20122728381004
"abdiv","DMN",0.986393923832144
"adiv","DMN",0.986393923832144
"ecodive","DMN",0.986393923832144
"tabula","DMN",0.986393923832144
"custom","DOD",81.0810810810811
"abdiv","DQ",0
"ade4","DRAO",0.611760409057706
"BAT","DRAO",0.611760409057706
"chemodiv","DRAO",392.938783648209
"diverse","DRAO",209.189992532939
"SYNCSA","DRAO",0.611760409057706
"abdiv","DSHA",1.47869931487261
"adiv","DSHA",1.47869931487261
"aqp","DSHA",-751.268897170256
"asbio","DSHA",1.47869931487261
"benthos","DSHA",0
"BiodiversityR","DSHA",1.47869931
"biosampleR","DSHA",1.59473021331706
"chemodiv","DSHA",1.47869931487261
"codyn","DSHA",1.47869931487261
"DescTools","DSHA",2.13331216853262
"divDyn","DSHA",1.47869931487261
"divent","DSHA",1.47869931487261
"diverse","DSHA",1.59473021331706
"ecodive","DSHA",1.47869931487261
"EconGeo","DSHA",2.133
"entropart","DSHA",1.54032963520892
"forestmangr","DSHA",3.56
"HardyWeinberg","DSHA",1.47869931487261
"iNEXT","DSHA",1.479
"MCPAN","DSHA",1.47869931487261
"microbiome","DSHA",1.47869931487261
"OTUtable","DSHA",1.47869931487261
"pgirmess","DSHA",2.13331216853262
"SpiecEasi","DSHA",1.47869931487261
"sprex","DSHA",1.47869931487261
"tabula","DSHA",1.47869931487261
"triversity","DSHA",12
"vegan","DSHA",1.47869931487261
"wavethresh","DSHA",-73984.3778723397
"wiqid","DSHA",2.60363810435615
"abdiv","DSP",0.388239590942294
"agricolae","DSP",0.388239590942294
"antitrust","DSP",3882.39590942294
"benthos","DSP",0.384077955506527
"breakaway","DSP",0.388239590942294
"concstats","DSP",0.388239590942294
"DescTools","DSP",0.388239590942294
"diverse","DSP",0.293299620733249
"divseg","DSP",1.38823959094229
"EconGeo","DSP",0.388239590942294
"hhi","DSP",0.388239590942294
"ineq","DSP",0.388239590942294
"microbiome","DSP",0.388239590942294
"PDtoolkit","DSP",0.388239590942294
"politics","DSP",0.388239590942294
"REAT","DSP",0.388239590942294
"sprex","DSP",0.388239590942294
"tabula","DSP",0.388239590942294
"triversity","DSP",0.388239590942294
"wiqid","DSP",2.60363810435615
"abdiv","EBP",0.601351351351351
"agricolae","EBP",0.601351351351351
"BiodiversityR","EBP",0.60135135
"diverse","EBP",0.469026548672566
"dyvDyn","EBP",0.0285714285714286
"ecodive","EBP",0.601351351351351
"microbiome","EBP",0.601351351351351
"tabula","EBP",0.601351351351351
"triversity","EBP",0.601351351351351
"wiqid","EBP",1
"tabula","EBRI",0.584885483203902
"BAT","EBU",0.395577395577396
"microbiome","EBU",0.395577395577396
"BAT","ECAM",0.874488124488125
"microbiome","ECAM",0.86768018018018
"codyn","EEQ",0.145924141484438
"custom","EEQ",0.056486555495647
"adiv","EEVAR",0.34913903344535
"codyn","EEVAR",0.332928023472417
"custom","EEVAR",0.34913903344535
"microbiome","EEVAR",0.34913903344535
"acid","EGIN",0.893822393822394
"DescTools","EGIN",0.893822393822394
"dplR","EGIN",0.893822393822394
"EconGeo","EGIN",0.894
"giniVarCI","EGIN",0.893822393822394
"ineq","EGIN",0.893822393822394
"microbiome","EGIN",0.893822393822394
"REAT","EGIN",0.893822393822394
"shipunov","EGIN",0.893822393822394
"wINEQ","EGIN",0.893822393822394
"adiv","EGSP",0.667374991699316
"abdiv","EHEI",0.307930505104397
"adiv","EHEI",0.307930505104397
"custom","EHUL",0.709459459459459
"benthos","EHURE",0.615922044493473
"BiodiversityR","EHURE",0.61592204
"mobr","EHURE",0.615922044493473
"vegan","EHURE",0.615922044493445
"custom","ELR",0.146724887698486
"abdiv","EMC",0.672920612869532
"tabula","EMC",0.529872169351664
"microbiome","EMN",0.709459459459459
"custom","ENHC",-0.352521451537089
"custom","EPAT",0.511543112495994
"abdiv","EPIE",0.59507238028389
"adiv","EPIE",0.59507238028389
"BiodiversityR","EPIE",0.59507238
"breakaway","EPIE",0.59507238028389
"chemodiv","EPIE",0.59507238028389
"diverse","EPIE",0.641766648840957
"forestmangr","EPIE",1
"microbiome","EPIE",0.59507238028389
"OTUtable","EPIE",0.59507238028389
"pctax","EPIE",0.5951
"sprex","EPIE",0.59507238028389
"tabula","EPIE",0.59507238028389
"custom","ESHE",0.365602963012364
"adiv","ESP",0.21464408905613
"codyn","ESP",0.21464408905613
"sprex","ESP",0.123224942906051
"tabula","ESP",0.21464408905613
"abdiv","EST",0.554054054054054
"adiv","QHIL_0",12
"adiv","QHIL_1",4.38723555614837
"adiv","QHIL_2",2.57572906867357
"adiv","QHIL_3",2.13303960715915
"BAT","QHIL_0",12
"BAT","QHIL_1",4.38723555614837
"BAT","QHIL_2",2.57572906867357
"BAT","QHIL_3",2.13303960715915
"benthos","QHIL_0",35
"benthos","QHIL_1",4.38723555614837
"benthos","QHIL_2",2.57572906867357
"benthos","QHIL_3",2.13303960715915
"breakaway","QHIL_0",12
"breakaway","QHIL_1",4.38723555614837
"breakaway","QHIL_2",2.57572906867357
"breakaway","QHIL_3",2.13303960715915
"chemodiv","QHIL_0",12
"chemodiv","QHIL_1",4.38723555614837
"chemodiv","QHIL_2",2.57572906867357
"chemodiv","QHIL_3",2.13303960715915
"divDyn","QHIL_2",2.57572906867357
"divent","QHIL_0",15
"divent","QHIL_1",4.66612813763022
"divent","QHIL_2",2.60319423877773
"divent","QHIL_3",2.14354109704621
"entropart","QHIL_0",15
"entropart","QHIL_1",4.66612813763022
"entropart","QHIL_2",2.60319423877773
"entropart","QHIL_3",2.14354109704621
"EntropyEstimation","QHIL_1",4.56496094746326
"EntropyEstimation","QHIL_2",2.60363810435615
"EntropyEstimation","QHIL_3",2.14979264318725
"extremefit","QHIL",NA
"hilldiv","QHIL_0",12
"hilldiv","QHIL_1",4.38727203390694
"hilldiv","QHIL_2",2.57572906867357
"hilldiv","QHIL_3",2.13303960715915
"hillR","QHIL_0",12
"hillR","QHIL_1",4.38723555614837
"hillR","QHIL_2",2.57572906867357
"hillR","QHIL_3",2.13303960715915
"sprex","QHIL_0",12
"sprex","QHIL_1",4.38723555614837
"sprex","QHIL_2",2.57572906867357
"sprex","QHIL_3",2.13303960715915
"vegan","QHIL_0",12
"vegan","QHIL_1",4.38723555614837
"vegan","QHIL_2",2.57572906867357
"vegan","QHIL_3",2.13303960715915
"adiv","QREN_0",2.484906649788
"adiv","QREN_1",1.47869931487261
"adiv","QREN_2",0.946132627506446
"adiv","QREN_3",0.757548008074037
"BiodiversityR","QREN_0",2.484906649788
"BiodiversityR","QREN_1",1.47869931487261
"BiodiversityR","QREN_2",0.946132627506446
"BiodiversityR","QREN_3",0.757548008074037
"diverse","QREN_0",2.484906649788
"diverse","QREN_1",1.59473021331706
"diverse","QREN_2",1.20546189116404
"diverse","QREN_3",1.05594094863755
"EntropyEstimation","QREN_1",1.51840995923778
"EntropyEstimation","QREN_2",0.956909737866395
"EntropyEstimation","QREN_3",0.765371392459265
"seewave","QREN_2",0.266115340108549
"seewave","QREN_3",0.213072818267895
"sprex","QREN_0",2.484906649788
"sprex","QREN_1",1.47869931487261
"sprex","QREN_2",0.946132627506446
"sprex","QREN_3",0.757548008074037
"statcomp","QREN_1",0.415908453771233
"statcomp","QREN_2",0.266115331366485
"statcomp","QREN_3",0.213072811711347
"vegan","QREN_0",2.484906649788
"vegan","QREN_1",1.47869931487261
"vegan","QREN_2",0.946132627506446
"vegan","QREN_3",0.757548008074037
"adiv","QTSA_0",11
"adiv","QTSA_1",1.47869931487261
"adiv","QTSA_2",0.611760409057706
"adiv","QTSA_3",0.390106459637139
"divent","QTSA_0",11
"divent","QTSA_1",1.47869931487261
"divent","QTSA_2",0.611760409057706
"divent","QTSA_3",0.390106459637139
"entropart","QTSA_0",14
"entropart","QTSA_1",1.54032963520892
"entropart","QTSA_2",0.615856556109494
"entropart","QTSA_3",0.391180587857023
"EntropyEstimation","QTSA_1",1.51840995923778
"EntropyEstimation","QTSA_2",0.615922044493473
"EntropyEstimation","QTSA_3",0.391812556196118
"vegan","QTSA_0",11
"vegan","QTSA_1",1.47869931487261
"vegan","QTSA_2",0.611760409057706
"vegan","QTSA_3",0.390106459637139
"BAT","RACE",13.9117709213863
"ecodive","RACE",13.9117709213863
"fossil","RACE",13.0384615384615
"pctax","RACE",13.9118
"sprex","RACE",149.457622900823
"tabula","RACE",13.9117709213863
"vegan","RACE",13.9117709213863
"wiqid","RACE",13.9117709213863
"BiodiversityR","RBOO",12
"wiqid","RBOO",35
"BAT","RC1",13.5
"BiodiversityR","RC1",12
"biosampleR","RC1",22
"iNEXT","RC1",16.47
"microbiome","RC1",13.5
"pctax","RC1",13.5
"rareNMtests","RC1",12
"SpadeR","RC1",12
"SSP","RC1",11
"vegan","RC1",13.5
"BAT","RC1M",14.34375
"divent","RC1M",16.4695945945946
"ecodive","RC1M",16.5
"entropart","RC1M",16.4695945945946
"fossil","RC1M",16.5
"mobr","RC1M",16.4695945945946
"OTUtable","RC1M",16.5
"tabula","RC1M",16.4695945945946
"wiqid","RC1M",16.5
"BAT","RCA2",35
"divDyn","RCA2",13.375
"fossil","RCA2",16.5
"tabula","RCA2",12
"wiqid","RCA2",12
"benthos","RHUR_2",1.61592204449344
"benthos","RHUR_3",2.06414102108819
"divent","RHUR_2",2.60363314505004
"divent","RHUR_3",2.8277089424504
"entropart","RHUR_2",1.61592204449344
"entropart","RHUR_3",2.06414102108819
"mobsim","RHUR_2",1.61592204449344
"mobsim","RHUR_3",2.06414102108819
"tabula","RHUR_2",1.61592204449388
"tabula","RHUR_3",2.06414102108814
"vegan","RHUR_2",1.61592204449344
"vegan","RHUR_3",2.06414102108819
"BAT","RICE",35.005451415134
"fossil","RICE",13.0384615384615
"tabula","RICE",12
"wiqid","RICE",12
"BAT","RJA1",15
"BiodiversityR","RJA1",12
"divent","RJA1",15
"entropart","RJA1",15
"fossil","RJA1",14.9797297297297
"SSP","RJA1",11
"tabula","RJA1",1.47869931487261
"wiqid","RJA1",15
"BAT","RJA2",17
"BiodiversityR","RJA2",12
"fossil","RJA2",16.898602684317
"SSP","RJA2",11
"wiqid","RJA2",17
"sprex","RMM",158
"wiqid","RMM",0
"divDyn","RSQ",15.4999085421621
"ecodive","RSQ",15.4999085421621
"tabula","RSQ",15.4999085421621
"abdiv","D1SP",0.613888888888889
"ade4","D1SP",0.613888888888889
"adiv","D1SP",0.613888888888889
"agricolae","D1SP",1
"asbio","D1SP",NA
"BiodiversityR","D1SP",0.61388889
"biosampleR","D1SP",0.874486854747139
"breakaway","D1SP",0.613888888888889
"catsim","D1SP",0.261224489795918
"concstats","2_D1SP",0.795378151260504
"concstats","D1SP",0.981944444444444
"CUB","D1SP",0.631944444444444
"DescTools","2_D1SP",0.613888888888889
"DescTools","D1SP",0.956862745098039
"divent","D1SP",0.613888888888889
"diverse","D1SP",0.874486854747139
"ecodive","D1SP",0.613888888888889
"entropart","D1SP",0.613888888888889
"lawstat","D1SP",0.956862745098039
"MCPAN","D1SP",-1389
"microbiome","D1SP",0.613888888888889
"PCRA","D1SP",0.613888888888889
"RoughSets","D1SP",0.613888888888889
"simboot","D1SP",-1389
"sprex","D1SP",0.613888888888889
"untb","D1SP",0.624293785310734
"vegan","D1SP",0.613888888888889
"abdiv","DBRI",1.00788436608393
"ecodive","DBRI",1.00788436608393
"tabula","DBRI",1.00788436608393
"wiqid","DBRI",2.73979846858587
"BiodiversityR","DFIS",1.29671741
"ecodive","DFIS",1.297
"microbiome","DFIS",1.29671741258658
"preseqR","DFIS",9.72456796324456
"sads","DFIS",1.29671745865104
"vegan","DFIS",1.29671741258658
"custom","DGLE",1.22119668337986
"DGOO","1_1",1.11086952661299
"DGOO","1_2",0.321222389008903
"DGOO","1_3",1
"DGOO","2_1",0.334756406304959
"DGOO","2_2",0.388834631600354
"DGOO","2_3",1
"DGOO","3_1",0.137681568309263
"DGOO","3_2",0.104881033363741
"DGOO","3_3",1
"abdiv","DINVSP",2.58992805755396
"adiv","DINVSP",2.58992805755396
"asbio","DINVSP",2.58992805755396
"BiodiversityR","DINVSP",2.58992806
"breakaway","DINVSP",2.58992805755396
"chemodiv","DINVSP",2.58992805755396
"codyn","DINVSP",2.58992805755396
"divseg","DINVSP",1.38611111111111
"ecodive","DINVSP",2.58992805755396
"microbiome","DINVSP",2.58992805755396
"sprex","DINVSP",2.58992805755396
"vegan","DINVSP",2.58992805755396
"custom","DKO",0.8
"asbio","DLMD",NA
"Compositional","DLMD",0.999958992306093
"sads","DLMD",1.76256868670344
"vegan","DLMD",NA
"abdiv","DMC",0.434747229972923
"adiv","DMC",0.434747229972923
"agricolae","DMC",NA
"ecodive","DMC",0.434747229972923
"forestHES","DMC",0.434747229972923
"tabula","DMC",0.434747229972923
"abdiv","DMG",0.976957346703889
"adiv","DMG",0.976957346703889
"agricolae","DMG",8.30413744698306
"ecodive","DMG",0.976957346703889
"tabula","DMG",0.976957346703889
"abdiv","DMN",0.645497224367903
"adiv","DMN",0.645497224367903
"ecodive","DMN",0.645497224367903
"tabula","DMN",0.645497224367903
"custom","DOD",83.3333333333333
"abdiv","DQ",0
"ade4","DRAO",0.613888888888889
"BAT","DRAO",0.613888888888889
"chemodiv","DRAO",386.298814369838
"diverse","DRAO",88.182764447856
"SYNCSA","DRAO",0.613888888888889
"abdiv","DSHA",1.11086952661299
"adiv","DSHA",1.11086952661299
"aqp","DSHA",-258.254678309357
"asbio","DSHA",1.11086952661299
"benthos","DSHA",0
"BiodiversityR","DSHA",1.11086953
"biosampleR","DSHA",2.28222157332806
"chemodiv","DSHA",1.11086952661299
"codyn","DSHA",1.11086952661299
"DescTools","DSHA",1.60264595711923
"divDyn","DSHA",1.11086952661299
"divent","DSHA",1.11086952661299
"diverse","DSHA",2.28222157332806
"ecodive","DSHA",1.11086952661299
"EconGeo","DSHA",1.603
"entropart","DSHA",1.17140299340455
"forestmangr","DSHA",3.56
"HardyWeinberg","DSHA",1.11086952661299
"iNEXT","DSHA",1.111
"MCPAN","DSHA",1.11086952661299
"microbiome","DSHA",1.11086952661299
"OTUtable","DSHA",1.11086952661299
"pgirmess","DSHA",1.60264595711923
"SpiecEasi","DSHA",1.11086952661299
"sprex","DSHA",1.11086952661299
"tabula","DSHA",1.11086952661299
"triversity","DSHA",5
"vegan","DSHA",1.11086952661299
"wavethresh","DSHA",-8972.03175758174
"wiqid","DSHA",2.66165413533835
"abdiv","DSP",0.386111111111111
"agricolae","DSP",0.386111111111111
"antitrust","DSP",3861.11111111111
"benthos","DSP",0.375706214689266
"breakaway","DSP",0.386111111111111
"concstats","DSP",0.386111111111111
"DescTools","DSP",0.386111111111111
"diverse","DSP",0.11726326926468
"divseg","DSP",1.38611111111111
"EconGeo","DSP",0.386111111111111
"hhi","DSP",0.386111111111111
"ineq","DSP",0.386111111111111
"microbiome","DSP",0.386111111111111
"PDtoolkit","DSP",0.386111111111111
"politics","DSP",0.386111111111111
"REAT","DSP",0.386111111111111
"sprex","DSP",0.386111111111111
"tabula","DSP",0.386111111111111
"triversity","DSP",0.386111111111111
"wiqid","DSP",2.66165413533835
"abdiv","EBP",0.466666666666667
"agricolae","EBP",0.466666666666667
"BiodiversityR","EBP",0.46666667
"diverse","EBP",0.233644859813084
"dyvDyn","EBP",0.0285714285714286
"ecodive","EBP",0.466666666666667
"microbiome","EBP",0.466666666666667
"tabula","EBP",0.466666666666667
"triversity","EBP",0.466666666666667
"wiqid","EBP",1
"tabula","EBRI",0.681831429410941
"BAT","EBU",0.416666666666667
"microbiome","EBU",0.416666666666667
"BAT","ECAM",0.746666666666667
"microbiome","ECAM",0.973333333333333
"codyn","EEQ",0.131372722958154
"custom","EEQ",0.296401442439038
"adiv","EEVAR",0.330777374931174
"codyn","EEVAR",0.280261758126437
"custom","EEVAR",0.330777374931174
"microbiome","EEVAR",0.330777374931174
"acid","EGIN",0.929523809523809
"DescTools","EGIN",0.929523809523809
"dplR","EGIN",0.92952380952381
"EconGeo","EGIN",0.93
"giniVarCI","EGIN",0.929523809523809
"ineq","EGIN",0.929523809523809
"microbiome","EGIN",0.92952380952381
"REAT","EGIN",0.92952380952381
"shipunov","EGIN",0.92952380952381
"wINEQ","EGIN",0.92952380952381
"adiv","EGSP",0.767361111111111
"abdiv","EHEI",0.509249499312278
"adiv","EHEI",0.509249499312278
"custom","EHUL",0.866666666666667
"benthos","EHURE",0.624293785310734
"BiodiversityR","EHURE",0.62429379
"mobr","EHURE",0.624293785310734
"vegan","EHURE",0.624293785310729
"custom","ELR",0.279312281516698
"abdiv","EMC",0.665338379499987
"tabula","EMC",0.684932915934373
"microbiome","EMN",0.866666666666667
"custom","ENHC",-0.914931567013841
"custom","EPAT",0.67154775589285
"abdiv","EPIE",0.690222044622347
"adiv","EPIE",0.690222044622347
"BiodiversityR","EPIE",0.69022204
"breakaway","EPIE",0.690222044622347
"chemodiv","EPIE",0.690222044622347
"diverse","EPIE",0.889772566732748
"forestmangr","EPIE",1
"microbiome","EPIE",0.690222044622347
"OTUtable","EPIE",0.690222044622347
"pctax","EPIE",0.6902
"sprex","EPIE",0.690222044622347
"tabula","EPIE",0.690222044622347
"custom","ESHE",0.607399599449823
"adiv","ESP",0.517985611510791
"codyn","ESP",0.517985611510791
"sprex","ESP",0.222173905322597
"tabula","ESP",0.517985611510791
"abdiv","EST",0.466666666666667
"adiv","QHIL_0",5
"adiv","QHIL_1",3.03699799724911
"adiv","QHIL_2",2.58992805755396
"adiv","QHIL_3",2.45255735793986
"BAT","QHIL_0",5
"BAT","QHIL_1",3.03699799724911
"BAT","QHIL_2",2.58992805755396
"BAT","QHIL_3",2.45255735793986
"benthos","QHIL_0",35
"benthos","QHIL_1",3.03699799724911
"benthos","QHIL_2",2.58992805755396
"benthos","QHIL_3",2.45255735793986
"breakaway","QHIL_0",5
"breakaway","QHIL_1",3.03699799724911
"breakaway","QHIL_2",2.58992805755396
"breakaway","QHIL_3",2.45255735793986
"chemodiv","QHIL_0",5
"chemodiv","QHIL_1",3.03699799724911
"chemodiv","QHIL_2",2.58992805755396
"chemodiv","QHIL_3",2.45255735793986
"divDyn","QHIL_2",2.58992805755396
"divent","QHIL_0",6
"divent","QHIL_1",3.22651624550322
"divent","QHIL_2",2.6634354264134
"divent","QHIL_3",2.50454147859351
"entropart","QHIL_0",6
"entropart","QHIL_1",3.22651624550322
"entropart","QHIL_2",2.6634354264134
"entropart","QHIL_3",2.50454147859351
"EntropyEstimation","QHIL_1",3.14725154285793
"EntropyEstimation","QHIL_2",2.66165413533835
"EntropyEstimation","QHIL_3",2.53859103528797
"extremefit","QHIL",NA
"hilldiv","QHIL_0",5
"hilldiv","QHIL_1",3.03700638600071
"hilldiv","QHIL_2",2.58992805755396
"hilldiv","QHIL_3",2.45255735793986
"hillR","QHIL_0",5
"hillR","QHIL_1",3.03699799724911
"hillR","QHIL_2",2.58992805755396
"hillR","QHIL_3",2.45255735793986
"sprex","QHIL_0",5
"sprex","QHIL_1",3.03699799724911
"sprex","QHIL_2",2.58992805755396
"sprex","QHIL_3",2.45255735793986
"vegan","QHIL_0",5
"vegan","QHIL_1",3.03699799724911
"vegan","QHIL_2",2.58992805755396
"vegan","QHIL_3",2.45255735793986
"adiv","QREN_0",1.6094379124341
"adiv","QREN_1",1.11086952661299
"adiv","QREN_2",0.951630098319464
"adiv","QREN_3",0.897131299723087
"BiodiversityR","QREN_0",1.6094379124341
"BiodiversityR","QREN_1",1.11086952661299
"BiodiversityR","QREN_2",0.951630098319464
"BiodiversityR","QREN_3",0.897131299723087
"diverse","QREN_0",2.56494935746154
"diverse","QREN_1",2.28222157332806
"diverse","QREN_2",2.07534478284479
"diverse","QREN_3",1.93287944740705
"EntropyEstimation","QREN_1",1.14652954588825
"EntropyEstimation","QREN_2",0.978947784912021
"EntropyEstimation","QREN_3",0.9316092166051
"seewave","QREN_2",0.267661613395118
"seewave","QREN_3",0.252332924711528
"sprex","QREN_0",1.6094379124341
"sprex","QREN_1",1.11086952661299
"sprex","QREN_2",0.951630098319464
"sprex","QREN_3",0.897131299723087
"statcomp","QREN_1",0.312450288241996
"statcomp","QREN_2",0.267661585268477
"statcomp","QREN_3",0.252332903616547
"vegan","QREN_0",1.6094379124341
"vegan","QREN_1",1.11086952661299
"vegan","QREN_2",0.951630098319464
"vegan","QREN_3",0.897131299723087
"adiv","QTSA_0",4
"adiv","QTSA_1",1.11086952661299
"adiv","QTSA_2",0.613888888888889
"adiv","QTSA_3",0.416875
"divent","QTSA_0",4
"divent","QTSA_1",1.11086952661299
"divent","QTSA_2",0.613888888888889
"divent","QTSA_3",0.416875
"entropart","QTSA_0",5
"entropart","QTSA_1",1.17140299340455
"entropart","QTSA_2",0.624545055576359
"entropart","QTSA_3",0.420289864542893
"EntropyEstimation","QTSA_1",1.14652954588825
"EntropyEstimation","QTSA_2",0.624293785310735
"EntropyEstimation","QTSA_3",0.422413793103448
"vegan","QTSA_0",4
"vegan","QTSA_1",1.11086952661299
"vegan","QTSA_2",0.613888888888889
"vegan","QTSA_3",0.416875
"BAT","RACE",5.82507288629738
"ecodive","RACE",5.82507288629738
"fossil","RACE",5.42857142857143
"pctax","RACE",5.8251
"sprex","RACE",60
"tabula","RACE",5.82507288629738
"vegan","RACE",5.82507288629738
"wiqid","RACE",5.82507288629738
"BiodiversityR","RBOO",5
"wiqid","RBOO",35
"BAT","RC1",5
"BiodiversityR","RC1",5
"biosampleR","RC1",13
"iNEXT","RC1",5.492
"microbiome","RC1",5
"pctax","RC1",5
"rareNMtests","RC1",5
"SpadeR","RC1",5
"SSP","RC1",5
"vegan","RC1",5
"BAT","RC1M",5.2
"divent","RC1M",5.49166666666667
"ecodive","RC1M",5.5
"entropart","RC1M",5.49166666666667
"fossil","RC1M",5.5
"mobr","RC1M",5.49166666666667
"OTUtable","RC1M",5.5
"tabula","RC1M",5.49166666666667
"wiqid","RC1M",5.5
"BAT","RCA2",35
"divDyn","RCA2",5
"fossil","RCA2",5.5
"tabula","RCA2",5
"wiqid","RCA2",5
"benthos","RHUR_2",1.62429378531073
"benthos","RHUR_3",2.02805376972531
"divent","RHUR_2",2.66164247684825
"divent","RHUR_3",2.70646017384937
"entropart","RHUR_2",1.62429378531073
"entropart","RHUR_3",2.0280537697253
"mobsim","RHUR_2",1.62429378531073
"mobsim","RHUR_3",2.02805376972531
"tabula","RHUR_2",1.62429378531082
"tabula","RHUR_3",2.02805376972546
"vegan","RHUR_2",1.62429378531073
"vegan","RHUR_3",2.02805376972531
"BAT","RICE",35.0031292517007
"fossil","RICE",5.42857142857143
"tabula","RICE",5
"wiqid","RICE",5
"BAT","RJA1",6
"BiodiversityR","RJA1",5
"divent","RJA1",6
"entropart","RJA1",6
"fossil","RJA1",5.98333333333333
"SSP","RJA1",5
"tabula","RJA1",1.11086952661299
"wiqid","RJA1",6
"BAT","RJA2",6
"BiodiversityR","RJA2",5
"fossil","RJA2",5.94971751412429
"SSP","RJA2",5
"wiqid","RJA2",6
"sprex","RMM",64
"wiqid","RMM",0
"divDyn","RSQ",5.38664812239221
"ecodive","RSQ",5.38664812239221
"tabula","RSQ",5.38664812239221
"abdiv","D1SP",0.770068899214869
"ade4","D1SP",0.77006889921487
"adiv","D1SP",0.770068899214869
"agricolae","D1SP",1
"asbio","D1SP",0.770068899214869
"BiodiversityR","D1SP",0.7700689
"biosampleR","D1SP",0.885634201156536
"breakaway","D1SP",0.770068899214869
"catsim","D1SP",0.688979591836735
"concstats","2_D1SP",0.795378151260504
"concstats","D1SP",0.977350914728974
"CUB","D1SP",0.792717984485895
"DescTools","2_D1SP",0.77006889921487
"DescTools","D1SP",0.866344005956813
"divent","D1SP",0.770068899214869
"diverse","D1SP",0.885634201156536
"ecodive","D1SP",0.770068899214869
"entropart","D1SP",0.770068899214869
"lawstat","D1SP",0.866344005956813
"MCPAN","D1SP",-5739
"microbiome","D1SP",0.770068899214869
"PCRA","D1SP",0.770068899214869
"RoughSets","D1SP",0.770068899214869
"simboot","D1SP",-5739
"sprex","D1SP",0.770068899214869
"untb","D1SP",0.774973796662098
"vegan","D1SP",0.770068899214869
"abdiv","DBRI",1.76214135469577
"ecodive","DBRI",1.76214135469577
"tabula","DBRI",1.76214135469577
"wiqid","DBRI",5.82489722020311
"BiodiversityR","DFIS",4.83340916
"ecodive","DFIS",4.833
"microbiome","DFIS",4.83340916014092
"preseqR","DFIS",18.2647376828977
"sads","DFIS",4.83342907539432
"vegan","DFIS",4.83340916014092
"custom","DGLE",3.35796165584976
"DGOO","1_1",1.91191781438445
"DGOO","1_2",0.397682887976306
"DGOO","1_3",1
"DGOO","2_1",0.28187055168696
"DGOO","2_2",0.72073153446106
"DGOO","2_3",1
"DGOO","3_1",0.0811715605078477
"DGOO","3_2",0.115212105263796
"DGOO","3_3",1
"abdiv","DINVSP",4.34912891986063
"adiv","DINVSP",4.34912891986063
"asbio","DINVSP",4.34912891986063
"BiodiversityR","DINVSP",4.34912892
"breakaway","DINVSP",4.34912891986063
"chemodiv","DINVSP",4.34912891986063
"codyn","DINVSP",4.34912891986063
"divseg","DINVSP",1.22993110078513
"ecodive","DINVSP",4.34912891986063
"microbiome","DINVSP",4.34912891986063
"sprex","DINVSP",4.34912891986063
"vegan","DINVSP",4.34912891986063
"custom","DKO",0.32
"asbio","DLMD",31.3952788837703
"Compositional","DLMD",0.999958992306093
"sads","DLMD",1.27213551001371
"vegan","DLMD",43.35128069586
"abdiv","DMC",0.565475500815881
"adiv","DMC",0.565475500815881
"agricolae","DMC",0.565475500815881
"ecodive","DMC",0.565475500815881
"forestHES","DMC",0.565475500815881
"tabula","DMC",0.565475500815881
"abdiv","DMG",3.1604344996233
"adiv","DMG",3.1604344996233
"agricolae","DMG",6.71592331169952
"ecodive","DMG",3.1604344996233
"tabula","DMG",3.1604344996233
"abdiv","DMN",1.35244738309874
"adiv","DMN",1.35244738309874
"ecodive","DMN",1.35244738309874
"tabula","DMN",1.35244738309874
"custom","DOD",107.594936708861
"abdiv","DQ",6.25167851051884
"ade4","DRAO",0.770068899214869
"BAT","DRAO",0.770068899214869
"chemodiv","DRAO",388.987362348043
"diverse","DRAO",73.6178023391541
"SYNCSA","DRAO",0.770068899214869
"abdiv","DSHA",1.91191781438445
"adiv","DSHA",1.91191781438445
"aqp","DSHA",-718.183691006828
"asbio","DSHA",1.91191781438445
"benthos","DSHA",0
"BiodiversityR","DSHA",1.91191781
"biosampleR","DSHA",2.45414151003693
"chemodiv","DSHA",1.91191781438445
"codyn","DSHA",1.91191781438445
"DescTools","DSHA",2.75831434939971
"divDyn","DSHA",1.91191781438445
"divent","DSHA",1.91191781438445
"diverse","DSHA",2.45414151003693
"ecodive","DSHA",1.91191781438445
"EconGeo","DSHA",2.758
"entropart","DSHA",2.01192210185298
"forestmangr","DSHA",3.56
"HardyWeinberg","DSHA",1.91191781438445
"iNEXT","DSHA",1.912
"MCPAN","DSHA",1.91191781438445
"microbiome","DSHA",1.91191781438445
"OTUtable","DSHA",1.91191781438445
"pgirmess","DSHA",2.75831434939971
"SpiecEasi","DSHA",1.91191781438445
"sprex","DSHA",1.91191781438445
"tabula","DSHA",1.91191781438445
"triversity","DSHA",17
"vegan","DSHA",1.91191781438445
"wavethresh","DSHA",-44045.358074523
"wiqid","DSHA",4.44392690791831
"abdiv","DSP",0.229931100785131
"agricolae","DSP",0.229931100785131
"antitrust","DSP",2299.31100785131
"benthos","DSP",0.225026203337902
"breakaway","DSP",0.229931100785131
"concstats","DSP",0.229931100785131
"DescTools","DSP",0.229931100785131
"diverse","DSP",0.109892898837622
"divseg","DSP",1.22993110078513
"EconGeo","DSP",0.229931100785131
"hhi","DSP",0.229931100785131
"ineq","DSP",0.229931100785131
"microbiome","DSP",0.229931100785131
"PDtoolkit","DSP",0.229931100785131
"politics","DSP",0.229931100785131
"REAT","DSP",0.229931100785131
"sprex","DSP",0.229931100785131
"tabula","DSP",0.229931100785131
"triversity","DSP",0.229931100785131
"wiqid","DSP",4.44392690791831
"abdiv","EBP",0.329113924050633
"agricolae","EBP",0.329113924050633
"BiodiversityR","EBP",0.32911392
"diverse","EBP",0.21608040201005
"dyvDyn","EBP",0.0285714285714286
"ecodive","EBP",0.329113924050633
"microbiome","EBP",0.329113924050633
"tabula","EBP",0.329113924050633
"triversity","EBP",0.329113924050633
"wiqid","EBP",1
"tabula","EBRI",0.668958395072898
"BAT","EBU",0.414161392405063
"microbiome","EBU",0.414161392405063
"BAT","ECAM",0.915766939687267
"microbiome","ECAM",0.545793000744602
"codyn","EEQ",0.155612295642023
"custom","EEQ",0.0281377438252339
"adiv","EEVAR",0.35240252272831
"codyn","EEVAR",0.343460086970406
"custom","EEVAR",0.35240252272831
"microbiome","EEVAR",0.35240252272831
"acid","EGIN",0.841591320072333
"DescTools","EGIN",0.841591320072333
"dplR","EGIN",0.841591320072333
"EconGeo","EGIN",0.842
"giniVarCI","EGIN",0.841591320072332
"ineq","EGIN",0.841591320072333
"microbiome","EGIN",0.841591320072333
"REAT","EGIN",0.841591320072333
"shipunov","EGIN",0.841591320072333
"wINEQ","EGIN",0.841591320072333
"adiv","EGSP",0.818198205415799
"abdiv","EHEI",0.360378274767646
"adiv","EHEI",0.360378274767646
"custom","EHUL",0.658227848101266
"benthos","EHURE",0.774973796662098
"BiodiversityR","EHURE",0.7749738
"mobr","EHURE",0.774973796662098
"vegan","EHURE",0.774973796662078
"custom","ELR",0.155568223405065
"abdiv","EMC",0.53332920381619
"tabula","EMC",0.687146092476162
"microbiome","EMN",0.658227848101266
"custom","ENHC",-0.243838046976479
"custom","EPAT",0.323094613380998
"abdiv","EPIE",0.674823100913121
"adiv","EPIE",0.674823100913121
"BiodiversityR","EPIE",0.6748231
"breakaway","EPIE",0.674823100913121
"chemodiv","EPIE",0.674823100913121
"diverse","EPIE",0.833483569332344
"forestmangr","EPIE",1
"microbiome","EPIE",0.674823100913121
"OTUtable","EPIE",0.674823100913121
"pctax","EPIE",0.6748
"sprex","EPIE",0.674823100913121
"tabula","EPIE",0.674823100913121
"custom","ESHE",0.398003082134255
"adiv","ESP",0.255831112932978
"codyn","ESP",0.255831112932978
"sprex","ESP",0.112465753787321
"tabula","ESP",0.255831112932978
"abdiv","EST",0.551377513030529
"adiv","QHIL_0",17
"adiv","QHIL_1",6.76605239628233
"adiv","QHIL_2",4.34912891986063
"adiv","QHIL_3",3.72789895774248
"BAT","QHIL_0",17
"BAT","QHIL_1",6.76605239628233
"BAT","QHIL_2",4.34912891986063
"BAT","QHIL_3",3.72789895774248
"benthos","QHIL_0",35
"benthos","QHIL_1",6.76605239628233
"benthos","QHIL_2",4.34912891986063
"benthos","QHIL_3",3.72789895774248
"breakaway","QHIL_0",17
"breakaway","QHIL_1",6.76605239628233
"breakaway","QHIL_2",4.34912891986063
"breakaway","QHIL_3",3.72789895774248
"chemodiv","QHIL_0",17
"chemodiv","QHIL_1",6.76605239628233
"chemodiv","QHIL_2",4.34912891986063
"chemodiv","QHIL_3",3.72789895774248
"divDyn","QHIL_2",4.34912891986063
"divent","QHIL_0",23
"divent","QHIL_1",7.47767639878077
"divent","QHIL_2",4.44167778312182
"divent","QHIL_3",3.76832280441029
"entropart","QHIL_0",23
"entropart","QHIL_1",7.47767639878077
"entropart","QHIL_2",4.44167778312182
"entropart","QHIL_3",3.76832280441029
"EntropyEstimation","QHIL_1",7.14703193380371
"EntropyEstimation","QHIL_2",4.44392690791831
"EntropyEstimation","QHIL_3",3.80761794467672
"extremefit","QHIL",NA
"hilldiv","QHIL_0",17
"hilldiv","QHIL_1",6.76610038233381
"hilldiv","QHIL_2",4.34912891986063
"hilldiv","QHIL_3",3.72789895774248
"hillR","QHIL_0",17
"hillR","QHIL_1",6.76605239628233
"hillR","QHIL_2",4.34912891986063
"hillR","QHIL_3",3.72789895774248
"sprex","QHIL_0",17
"sprex","QHIL_1",6.76605239628233
"sprex","QHIL_2",4.34912891986063
"sprex","QHIL_3",3.72789895774248
"vegan","QHIL_0",17
"vegan","QHIL_1",6.76605239628233
"vegan","QHIL_2",4.34912891986063
"vegan","QHIL_3",3.72789895774248
"adiv","QREN_0",2.83321334405622
"adiv","QREN_1",1.91191781438445
"adiv","QREN_2",1.46997557674032
"adiv","QREN_3",1.31584479284619
"BiodiversityR","QREN_0",2.83321334405622
"BiodiversityR","QREN_1",1.91191781438445
"BiodiversityR","QREN_2",1.46997557674032
"BiodiversityR","QREN_3",1.31584479284619
"diverse","QREN_0",2.94443897916644
"diverse","QREN_1",2.45414151003693
"diverse","QREN_2",2.16835320589277
"diverse","QREN_3",2.00636298578674
"EntropyEstimation","QREN_1",1.96669715636886
"EntropyEstimation","QREN_2",1.49153842427901
"EntropyEstimation","QREN_3",1.33700378224154
"seewave","QREN_2",0.413454765638143
"seewave","QREN_3",0.370102951153412
"sprex","QREN_0",2.83321334405622
"sprex","QREN_1",1.91191781438445
"sprex","QREN_2",1.46997557674032
"sprex","QREN_3",1.31584479284619
"statcomp","QREN_1",0.537758267634563
"statcomp","QREN_2",0.413454759229541
"statcomp","QREN_3",0.37010294634696
"vegan","QREN_0",2.83321334405622
"vegan","QREN_1",1.91191781438445
"vegan","QREN_2",1.46997557674032
"vegan","QREN_3",1.31584479284619
"adiv","QTSA_0",16
"adiv","QTSA_1",1.91191781438445
"adiv","QTSA_2",0.770068899214869
"adiv","QTSA_3",0.464021608838246
"divent","QTSA_0",16
"divent","QTSA_1",1.91191781438445
"divent","QTSA_2",0.770068899214869
"divent","QTSA_3",0.464021608838246
"entropart","QTSA_0",22
"entropart","QTSA_1",2.01192210185298
"entropart","QTSA_2",0.774859850527664
"entropart","QTSA_3",0.464789369057717
"EntropyEstimation","QTSA_1",1.96669715636886
"EntropyEstimation","QTSA_2",0.774973796662098
"EntropyEstimation","QTSA_3",0.465512376038055
"vegan","QTSA_0",16
"vegan","QTSA_1",1.91191781438445
"vegan","QTSA_2",0.770068899214869
"vegan","QTSA_3",0.464021608838246
"BAT","RACE",22.8509861212564
"ecodive","RACE",22.8509861212564
"fossil","RACE",19.2702702702703
"pctax","RACE",22.851
"sprex","RACE",176.283197523562
"tabula","RACE",22.8509861212564
"vegan","RACE",22.8509861212564
"wiqid","RACE",22.8509861212564
"BiodiversityR","RBOO",17
"wiqid","RBOO",35
"BAT","RC1",22
"BiodiversityR","RC1",17
"biosampleR","RC1",20
"iNEXT","RC1",25.943
"microbiome","RC1",22
"pctax","RC1",22
"rareNMtests","RC1",17
"SpadeR","RC1",17
"SSP","RC1",16
"vegan","RC1",22
"BAT","RC1M",24.7404844290657
"divent","RC1M",25.9430379746835
"ecodive","RC1M",26
"entropart","RC1M",25.9430379746835
"fossil","RC1M",26
"mobr","RC1M",25.9430379746835
"OTUtable","RC1M",26
"tabula","RC1M",25.9430379746835
"wiqid","RC1M",26
"BAT","RCA2",35
"divDyn","RCA2",21.7058823529412
"fossil","RCA2",26
"tabula","RCA2",17
"wiqid","RCA2",17
"benthos","RHUR_2",1.77497379666208
"benthos","RHUR_3",2.39389663791016
"divent","RHUR_2",4.44392687519951
"divent","RHUR_3",4.59020083485093
"entropart","RHUR_2",1.77497379666207
"entropart","RHUR_3",2.39389663791017
"mobsim","RHUR_2",1.77497379666208
"mobsim","RHUR_3",2.39389663791016
"tabula","RHUR_2",1.77497379666381
"tabula","RHUR_3",2.39389663791085
"vegan","RHUR_2",1.77497379666208
"vegan","RHUR_3",2.39389663791016
"BAT","RICE",35
"fossil","RICE",19.2702702702703
"tabula","RICE",17
"wiqid","RICE",17
"BAT","RJA1",23
"BiodiversityR","RJA1",17
"divent","RJA1",23
"entropart","RJA1",23
"fossil","RJA1",22.9620253164557
"SSP","RJA1",16
"tabula","RJA1",1.91191781438445
"wiqid","RJA1",23
"BAT","RJA2",27
"BiodiversityR","RJA2",17
"fossil","RJA2",26.8100459566234
"SSP","RJA2",16
"wiqid","RJA2",27
"sprex","RMM",163
"wiqid","RMM",0
"divDyn","RSQ",25.3114793661009
"ecodive","RSQ",25.3114793661009
"tabula","RSQ",25.3114793661009
"abdiv","D1SP",0.84643278799123
"ade4","D1SP",0.84643278799123
"adiv","D1SP",0.84643278799123
"agricolae","D1SP",1
"asbio","D1SP",0.84643278799123
"BiodiversityR","D1SP",0.84643279
"biosampleR","D1SP",0.766526661796932
"breakaway","D1SP",0.84643278799123
"catsim","D1SP",0.679183673469388
"concstats","2_D1SP",0.795378151260504
"concstats","D1SP",0.975104918000258
"CUB","D1SP",0.871327869990972
"DescTools","2_D1SP",0.84643278799123
"DescTools","D1SP",0.830404889228419
"divent","D1SP",0.84643278799123
"diverse","D1SP",0.766526661796932
"ecodive","D1SP",0.84643278799123
"entropart","D1SP",0.84643278799123
"lawstat","D1SP",0.830404889228419
"MCPAN","D1SP",-3641
"microbiome","D1SP",0.84643278799123
"PCRA","D1SP",0.84643278799123
"RoughSets","D1SP",0.84643278799123
"simboot","D1SP",-3641
"sprex","D1SP",0.84643278799123
"untb","D1SP",0.851965028435617
"vegan","D1SP",0.84643278799123
"abdiv","DBRI",2.02392297691757
"ecodive","DBRI",2.02392297691757
"tabula","DBRI",2.02392297691757
"wiqid","DBRI",7.56795569076109
"BiodiversityR","DFIS",4.48939303
"ecodive","DFIS",4.489
"microbiome","DFIS",4.48939302637744
"preseqR","DFIS",10.303862259752
"sads","DFIS",4.48936887856357
"vegan","DFIS",4.48939302637744
"custom","DGLE",3.17652383552965
"DGOO","1_1",2.18316504826242
"DGOO","1_2",0.467924998649419
"DGOO","1_3",1
"DGOO","2_1",0.256669733276264
"DGOO","2_2",0.957213088107534
"DGOO","2_3",1
"DGOO","3_1",0.0478122082070296
"DGOO","3_2",0.126271892408681
"DGOO","3_3",1
"abdiv","DINVSP",6.5118066996156
"adiv","DINVSP",6.5118066996156
"asbio","DINVSP",6.5118066996156
"BiodiversityR","DINVSP",6.5118067
"breakaway","DINVSP",6.5118066996156
"chemodiv","DINVSP",6.5118066996156
"codyn","DINVSP",6.5118066996156
"divseg","DINVSP",1.15356721200877
"ecodive","DINVSP",6.51180669961559
"microbiome","DINVSP",6.5118066996156
"sprex","DINVSP",6.5118066996156
"vegan","DINVSP",6.5118066996156
"custom","DKO",0.36
"asbio","DLMD",11.8768506888453
"Compositional","DLMD",0.999958992306093
"sads","DLMD",1.6022030833297
"vegan","DLMD",17.8974719488918
"abdiv","DMC",0.661422410224495
"adiv","DMC",0.661422410224495
"agricolae","DMC",0.661422410224495
"ecodive","DMC",0.661422410224495
"forestHES","DMC",0.661422410224495
"tabula","DMC",0.661422410224495
"abdiv","DMG",2.97799109580905
"adiv","DMG",2.97799109580905
"agricolae","DMG",6.75011315050051
"ecodive","DMG",2.97799109580905
"tabula","DMG",2.97799109580905
"abdiv","DMN",1.28931674244061
"adiv","DMN",1.28931674244061
"ecodive","DMN",1.28931674244061
"tabula","DMN",1.28931674244061
"custom","DOD",103.896103896104
"abdiv","DQ",0
"ade4","DRAO",0.846432787991229
"BAT","DRAO",0.846432787991231
"chemodiv","DRAO",380.662836163114
"diverse","DRAO",204.607136810369
"SYNCSA","DRAO",0.846432787991229
"abdiv","DSHA",2.18316504826242
"adiv","DSHA",2.18316504826242
"aqp","DSHA",-634.040353427187
"asbio","DSHA",2.18316504826242
"benthos","DSHA",0
"BiodiversityR","DSHA",2.18316505
"biosampleR","DSHA",1.78501165071013
"chemodiv","DSHA",2.18316504826242
"codyn","DSHA",2.18316504826242
"DescTools","DSHA",3.14964138857031
"divDyn","DSHA",2.18316504826242
"divent","DSHA",2.18316504826242
"diverse","DSHA",1.78501165071013
"ecodive","DSHA",2.18316504826242
"EconGeo","DSHA",3.15
"entropart","DSHA",2.2324026286416
"forestmangr","DSHA",3.56
"HardyWeinberg","DSHA",2.18316504826242
"iNEXT","DSHA",2.183
"MCPAN","DSHA",2.18316504826242
"microbiome","DSHA",2.18316504826242
"OTUtable","DSHA",2.18316504826242
"pgirmess","DSHA",3.14964138857031
"SpiecEasi","DSHA",2.18316504826242
"sprex","DSHA",2.18316504826242
"tabula","DSHA",2.18316504826242
"triversity","DSHA",16
"vegan","DSHA",2.18316504826242
"wavethresh","DSHA",-24514.8039672211
"wiqid","DSHA",6.75516055045872
"abdiv","DSP",0.15356721200877
"agricolae","DSP",0.15356721200877
"antitrust","DSP",1535.6721200877
"benthos","DSP",0.148034971564383
"breakaway","DSP",0.15356721200877
"concstats","DSP",0.15356721200877
"DescTools","DSP",0.15356721200877
"diverse","DSP",0.228258871116014
"divseg","DSP",1.15356721200877
"EconGeo","DSP",0.15356721200877
"hhi","DSP",0.15356721200877
"ineq","DSP",0.15356721200877
"microbiome","DSP",0.15356721200877
"PDtoolkit","DSP",0.15356721200877
"politics","DSP",0.15356721200877
"REAT","DSP",0.15356721200877
"sprex","DSP",0.15356721200877
"tabula","DSP",0.15356721200877
"triversity","DSP",0.15356721200877
"wiqid","DSP",6.75516055045872
"abdiv","EBP",0.272727272727273
"agricolae","EBP",0.272727272727273
"BiodiversityR","EBP",0.27272727
"diverse","EBP",0.385135135135135
"dyvDyn","EBP",0.0285714285714286
"ecodive","EBP",0.272727272727273
"microbiome","EBP",0.272727272727273
"tabula","EBP",0.272727272727273
"triversity","EBP",0.272727272727273
"wiqid","EBP",1
"tabula","EBRI",0.784557959618778
"BAT","EBU",0.481385281385281
"microbiome","EBU",0.481385281385281
"BAT","ECAM",0.923051948051948
"microbiome","ECAM",0.432224025974026
"codyn","EEQ",0.158063882487088
"custom","EEQ",0.0292312759372293
"adiv","EEVAR",0.420241976328866
"codyn","EEVAR",0.409329450520651
"custom","EEVAR",0.420241976328866
"microbiome","EEVAR",0.420241976328866
"acid","EGIN",0.806679035250464
"DescTools","EGIN",0.806679035250464
"dplR","EGIN",0.806679035250464
"EconGeo","EGIN",0.807
"giniVarCI","EGIN",0.806679035250464
"ineq","EGIN",0.806679035250464
"microbiome","EGIN",0.806679035250464
"REAT","EGIN",0.806679035250464
"shipunov","EGIN",0.806679035250464
"wINEQ","EGIN",0.806679035250464
"adiv","EGSP",0.902861640523978
"abdiv","EHEI",0.524956640055272
"adiv","EHEI",0.524956640055272
"custom","EHUL",0.454545454545455
"benthos","EHURE",0.851965028435617
"BiodiversityR","EHURE",0.85196503
"mobr","EHURE",0.851965028435617
"vegan","EHURE",0.851965028435613
"custom","ELR",0.217646051460868
"abdiv","EMC",0.433996924614787
"tabula","EMC",0.810831298022005
"microbiome","EMN",0.454545454545455
"custom","ENHC",-0.238208334875809
"custom","EPAT",0.205103035987611
"abdiv","EPIE",0.787410347142578
"adiv","EPIE",0.787410347142578
"BiodiversityR","EPIE",0.78741035
"breakaway","EPIE",0.787410347142578
"chemodiv","EPIE",0.787410347142578
"diverse","EPIE",0.744407677415787
"forestmangr","EPIE",1
"microbiome","EPIE",0.787410347142578
"OTUtable","EPIE",0.787410347142578
"pctax","EPIE",0.7874
"sprex","EPIE",0.787410347142578
"tabula","EPIE",0.787410347142578
"custom","ESHE",0.554646850051818
"adiv","ESP",0.406987918725975
"codyn","ESP",0.406987918725975
"sprex","ESP",0.136447815516401
"tabula","ESP",0.406987918725975
"abdiv","EST",0.486201298701299
"adiv","QHIL_0",16
"adiv","QHIL_1",8.87434960082908
"adiv","QHIL_2",6.5118066996156
"adiv","QHIL_3",5.6191025596904
"BAT","QHIL_0",16
"BAT","QHIL_1",8.87434960082908
"BAT","QHIL_2",6.5118066996156
"BAT","QHIL_3",5.6191025596904
"benthos","QHIL_0",35
"benthos","QHIL_1",8.87434960082908
"benthos","QHIL_2",6.5118066996156
"benthos","QHIL_3",5.6191025596904
"breakaway","QHIL_0",16
"breakaway","QHIL_1",8.87434960082908
"breakaway","QHIL_2",6.5118066996156
"breakaway","QHIL_3",5.6191025596904
"chemodiv","QHIL_0",16
"chemodiv","QHIL_1",8.87434960082908
"chemodiv","QHIL_2",6.5118066996156
"chemodiv","QHIL_3",5.6191025596904
"divDyn","QHIL_2",6.5118066996156
"divent","QHIL_0",18
"divent","QHIL_1",9.3222370679164
"divent","QHIL_2",6.67718315367636
"divent","QHIL_3",5.72804522162023
"entropart","QHIL_0",18
"entropart","QHIL_1",9.3222370679164
"entropart","QHIL_2",6.67718315367636
"entropart","QHIL_3",5.72804522162024
"EntropyEstimation","QHIL_1",9.34328064041638
"EntropyEstimation","QHIL_2",6.75516055045871
"EntropyEstimation","QHIL_3",5.83877276045408
"extremefit","QHIL",NA
"hilldiv","QHIL_0",16
"hilldiv","QHIL_1",8.87438953998576
"hilldiv","QHIL_2",6.5118066996156
"hilldiv","QHIL_3",5.6191025596904
"hillR","QHIL_0",16
"hillR","QHIL_1",8.87434960082908
"hillR","QHIL_2",6.5118066996156
"hillR","QHIL_3",5.6191025596904
"sprex","QHIL_0",16
"sprex","QHIL_1",8.87434960082908
"sprex","QHIL_2",6.5118066996156
"sprex","QHIL_3",5.6191025596904
"vegan","QHIL_0",16
"vegan","QHIL_1",8.87434960082908
"vegan","QHIL_2",6.5118066996156
"vegan","QHIL_3",5.6191025596904
"adiv","QREN_0",2.77258872223978
"adiv","QREN_1",2.18316504826242
"adiv","QREN_2",1.87361694453971
"adiv","QREN_3",1.72617196426646
"BiodiversityR","QREN_0",2.77258872223978
"BiodiversityR","QREN_1",2.18316504826242
"BiodiversityR","QREN_2",1.87361694453971
"BiodiversityR","QREN_3",1.72617196426646
"diverse","QREN_0",2.39789527279837
"diverse","QREN_1",1.78501165071013
"diverse","QREN_2",1.4546873916771
"diverse","QREN_3",1.29898245198643
"EntropyEstimation","QREN_1",2.23465743686547
"EntropyEstimation","QREN_2",1.91030673877719
"EntropyEstimation","QREN_3",1.76452063099898
"seewave","QREN_2",0.526985526258189
"seewave","QREN_3",0.485514203650099
"sprex","QREN_0",2.77258872223978
"sprex","QREN_1",2.18316504826242
"sprex","QREN_2",1.87361694453971
"sprex","QREN_3",1.72617196426646
"statcomp","QREN_1",0.614051004431855
"statcomp","QREN_2",0.526985519317849
"statcomp","QREN_3",0.485514198444844
"vegan","QREN_0",2.77258872223978
"vegan","QREN_1",2.18316504826242
"vegan","QREN_2",1.87361694453971
"vegan","QREN_3",1.72617196426646
"adiv","QTSA_0",15
"adiv","QTSA_1",2.18316504826242
"adiv","QTSA_2",0.84643278799123
"adiv","QTSA_3",0.484164342993825
"divent","QTSA_0",15
"divent","QTSA_1",2.18316504826242
"divent","QTSA_2",0.84643278799123
"divent","QTSA_3",0.484164342993825
"entropart","QTSA_0",17
"entropart","QTSA_1",2.2324026286416
"entropart","QTSA_2",0.850236248282419
"entropart","QTSA_3",0.484760976864312
"EntropyEstimation","QTSA_1",2.23465743686547
"EntropyEstimation","QTSA_2",0.851965028435617
"EntropyEstimation","QTSA_3",0.48533348746197
"vegan","QTSA_0",15
"vegan","QTSA_1",2.18316504826242
"vegan","QTSA_2",0.84643278799123
"vegan","QTSA_3",0.484164342993825
"BAT","RACE",16.7586206896552
"ecodive","RACE",16.7586206896552
"fossil","RACE",16.7586206896552
"pctax","RACE",16.7586
"sprex","RACE",155.345330318293
"tabula","RACE",16.7586206896552
"vegan","RACE",16.7586206896552
"wiqid","RACE",16.7586206896552
"BiodiversityR","RBOO",16
"wiqid","RBOO",35
"BAT","RC1",16.25
"BiodiversityR","RC1",16
"biosampleR","RC1",11
"iNEXT","RC1",16.662
"microbiome","RC1",16.25
"pctax","RC1",16.25
"rareNMtests","RC1",16
"SpadeR","RC1",16
"SSP","RC1",15
"vegan","RC1",16.25
"BAT","RC1M",16.50390625
"divent","RC1M",16.6623376623377
"ecodive","RC1M",16.6666666666667
"entropart","RC1M",16.6623376623377
"fossil","RC1M",16.6666666666667
"mobr","RC1M",16.6623376623377
"OTUtable","RC1M",16.6666666666667
"tabula","RC1M",16.6623376623377
"wiqid","RC1M",16.6666666666667
"BAT","RCA2",35
"divDyn","RCA2",16.234375
"fossil","RCA2",16.6666666666667
"tabula","RCA2",16
"wiqid","RCA2",16
"benthos","RHUR_2",1.85196502843561
"benthos","RHUR_3",2.5852281103829
"divent","RHUR_2",6.75513497337448
"divent","RHUR_3",6.88259577640011
"entropart","RHUR_2",1.85196502843561
"entropart","RHUR_3",2.5852281103829
"mobsim","RHUR_2",1.85196502843561
"mobsim","RHUR_3",2.5852281103829
"tabula","RHUR_2",1.85196502843625
"tabula","RHUR_3",2.5852281103821
"vegan","RHUR_2",1.85196502843561
"vegan","RHUR_3",2.5852281103829
"BAT","RICE",35
"fossil","RICE",16.7586206896552
"tabula","RICE",16
"wiqid","RICE",16
"BAT","RJA1",18
"BiodiversityR","RJA1",16
"divent","RJA1",18
"entropart","RJA1",18
"fossil","RJA1",17.987012987013
"SSP","RJA1",15
"tabula","RJA1",2.18316504826242
"wiqid","RJA1",18
"BAT","RJA2",17
"BiodiversityR","RJA2",16
"fossil","RJA2",16.9803921568627
"SSP","RJA2",15
"wiqid","RJA2",17
"sprex","RMM",164
"wiqid","RMM",0
"divDyn","RSQ",16.6150988008782
"ecodive","RSQ",16.6150988008782
"tabula","RSQ",16.6150988008782
"abdiv","D1SP",0.823577624479202
"ade4","D1SP",0.823577624479202
"adiv","D1SP",0.823577624479202
"agricolae","D1SP",1
"asbio","D1SP",0.823577624479202
"BiodiversityR","D1SP",0.82357762
"biosampleR","D1SP",0.784929356357928
"breakaway","D1SP",0.823577624479202
"catsim","D1SP",0.602448979591837
"concstats","2_D1SP",0.795378151260504
"concstats","D1SP",0.975777128691788
"CUB","D1SP",0.847800495787414
"DescTools","2_D1SP",0.823577624479202
"DescTools","D1SP",0.866796305298979
"divent","D1SP",0.823577624479202
"diverse","D1SP",0.784929356357928
"ecodive","D1SP",0.823577624479202
"entropart","D1SP",0.823577624479202
"lawstat","D1SP",0.866796305298979
"MCPAN","D1SP",-2582
"microbiome","D1SP",0.823577624479202
"PCRA","D1SP",0.823577624479202
"RoughSets","D1SP",0.823577624479202
"simboot","D1SP",-2582
"sprex","D1SP",0.823577624479202
"untb","D1SP",0.830440771349862
"vegan","D1SP",0.823577624479202
"abdiv","DBRI",1.81814463878387
"ecodive","DBRI",1.81814463878387
"tabula","DBRI",1.81814463878387
"wiqid","DBRI",6.16041803941296
"BiodiversityR","DFIS",4.09414235
"ecodive","DFIS",4.094
"microbiome","DFIS",4.09414234506348
"preseqR","DFIS",9.27343873745858
"sads","DFIS",4.09415957681746
"vegan","DFIS",4.09414234506348
"custom","DGLE",2.91922673996972
"DGOO","1_1",1.97644857057545
"DGOO","1_2",0.477120774313805
"DGOO","1_3",1
"DGOO","2_1",0.280837566706101
"DGOO","2_2",0.888527212724582
"DGOO","2_3",1
"DGOO","3_1",0.0565788223750496
"DGOO","3_2",0.138805031595809
"DGOO","3_3",1
"abdiv","DINVSP",5.66821525358111
"adiv","DINVSP",5.66821525358111
"asbio","DINVSP",5.66821525358111
"BiodiversityR","DINVSP",5.66821525
"breakaway","DINVSP",5.66821525358111
"chemodiv","DINVSP",5.66821525358111
"codyn","DINVSP",5.66821525358111
"divseg","DINVSP",1.1764223755208
"ecodive","DINVSP",5.66821525358111
"microbiome","DINVSP",5.66821525358111
"sprex","DINVSP",5.66821525358111
"vegan","DINVSP",5.66821525358111
"custom","DKO",0.44
"asbio","DLMD",15.2569614455617
"Compositional","DLMD",0.999958992306093
"sads","DLMD",1.28586888871255
"vegan","DLMD",NA
"abdiv","DMC",0.637970699651889
"adiv","DMC",0.637970699651889
"agricolae","DMC",0.637970699651889
"ecodive","DMC",0.637970699651889
"forestHES","DMC",0.637970699651889
"tabula","DMC",0.637970699651889
"abdiv","DMG",2.7107105442576
"adiv","DMG",2.7107105442576
"agricolae","DMG",7.08955065421219
"ecodive","DMG",2.7107105442576
"tabula","DMG",2.7107105442576
"abdiv","DMN",1.27272727272727
"adiv","DMN",1.27272727272727
"ecodive","DMN",1.27272727272727
"tabula","DMN",1.27272727272727
"custom","DOD",115.702479338843
"abdiv","DQ",0
"ade4","DRAO",0.823577624479202
"BAT","DRAO",0.823577624479201
"chemodiv","DRAO",198.10157585655
"diverse","DRAO",198.333679899842
"SYNCSA","DRAO",0.823577624479202
"abdiv","DSHA",1.97644857057545
"adiv","DSHA",1.97644857057545
"aqp","DSHA",-492.161532997931
"asbio","DSHA",1.97644857057545
"benthos","DSHA",0
"BiodiversityR","DSHA",1.97644857
"biosampleR","DSHA",1.93885827588015
"chemodiv","DSHA",1.97644857057545
"codyn","DSHA",1.97644857057545
"DescTools","DSHA",2.85141255134128
"divDyn","DSHA",1.97644857057545
"divent","DSHA",1.97644857057545
"diverse","DSHA",1.93885827588015
"ecodive","DSHA",1.97644857057545
"EconGeo","DSHA",2.851
"entropart","DSHA",2.09698106444219
"forestmangr","DSHA",3.56
"HardyWeinberg","DSHA",1.97644857057545
"iNEXT","DSHA",1.976
"MCPAN","DSHA",1.97644857057545
"microbiome","DSHA",1.97644857057545
"OTUtable","DSHA",1.97644857057545
"pgirmess","DSHA",2.85141255134128
"SpiecEasi","DSHA",1.97644857057545
"sprex","DSHA",1.97644857057545
"tabula","DSHA",1.97644857057545
"triversity","DSHA",14
"vegan","DSHA",1.97644857057545
"wavethresh","DSHA",-16551.5683302647
"wiqid","DSHA",5.89764419171405
"abdiv","DSP",0.176422375520798
"agricolae","DSP",0.176422375520798
"antitrust","DSP",1764.22375520798
"benthos","DSP",0.169559228650138
"breakaway","DSP",0.176422375520798
"concstats","DSP",0.176422375520798
"DescTools","DSP",0.176422375520798
"diverse","DSP",0.206349206349206
"divseg","DSP",1.1764223755208
"EconGeo","DSP",0.176422375520798
"hhi","DSP",0.176422375520798
"ineq","DSP",0.176422375520798
"microbiome","DSP",0.176422375520798
"PDtoolkit","DSP",0.176422375520798
"politics","DSP",0.176422375520798
"REAT","DSP",0.176422375520798
"sprex","DSP",0.176422375520798
"tabula","DSP",0.176422375520798
"triversity","DSP",0.176422375520798
"wiqid","DSP",5.89764419171405
"abdiv","EBP",0.28099173553719
"agricolae","EBP",0.28099173553719
"BiodiversityR","EBP",0.28099174
"diverse","EBP",0.340659340659341
"dyvDyn","EBP",0.0285714285714286
"ecodive","EBP",0.28099173553719
"microbiome","EBP",0.28099173553719
"tabula","EBP",0.28099173553719
"triversity","EBP",0.28099173553719
"wiqid","EBP",1
"tabula","EBRI",0.747346741748785
"BAT","EBU",0.453273998728544
"microbiome","EBU",0.453273998728544
"BAT","ECAM",0.906911270547634
"microbiome","ECAM",0.680047225501771
"codyn","EEQ",0.151865329502677
"custom","EEQ",0.0438528681576678
"adiv","EEVAR",0.316643483786317
"codyn","EEVAR",0.30474842423539
"custom","EEVAR",0.316643483786317
"microbiome","EEVAR",0.316643483786317
"acid","EGIN",0.842030696576151
"DescTools","EGIN",0.842030696576151
"dplR","EGIN",0.842030696576151
"EconGeo","EGIN",0.842
"giniVarCI","EGIN",0.842030696576151
"ineq","EGIN",0.842030696576151
"microbiome","EGIN",0.842030696576151
"REAT","EGIN",0.842030696576151
"shipunov","EGIN",0.842030696576151
"wINEQ","EGIN",0.842030696576151
"adiv","EGSP",0.886929749439141
"abdiv","EHEI",0.478235885821616
"adiv","EHEI",0.478235885821616
"custom","EHUL",0.479338842975207
"benthos","EHURE",0.830440771349862
"BiodiversityR","EHURE",0.83044077
"mobr","EHURE",0.830440771349862
"vegan","EHURE",0.83044077134983
"custom","ELR",0.204231568975835
"abdiv","EMC",0.470323374275066
"tabula","EMC",0.791514515805893
"microbiome","EMN",0.479338842975207
"custom","ENHC",-0.316989911816839
"custom","EPAT",0.295023965048454
"abdiv","EPIE",0.748922180809004
"adiv","EPIE",0.748922180809004
"BiodiversityR","EPIE",0.74892218
"breakaway","EPIE",0.748922180809004
"chemodiv","EPIE",0.748922180809004
"diverse","EPIE",0.7346783467424
"forestmangr","EPIE",1
"microbiome","EPIE",0.748922180809004
"OTUtable","EPIE",0.748922180809004
"pctax","EPIE",0.7489
"sprex","EPIE",0.748922180809004
"tabula","EPIE",0.748922180809004
"custom","ESHE",0.515504751120072
"adiv","ESP",0.404872518112936
"codyn","ESP",0.404872518112936
"sprex","ESP",0.141174897898246
"tabula","ESP",0.404872518112936
"abdiv","EST",0.50767414403778
"adiv","QHIL_0",14
"adiv","QHIL_1",7.21706651568101
"adiv","QHIL_2",5.66821525358111
"adiv","QHIL_3",5.11028049705235
"BAT","QHIL_0",14
"BAT","QHIL_1",7.21706651568101
"BAT","QHIL_2",5.66821525358111
"BAT","QHIL_3",5.11028049705235
"benthos","QHIL_0",35
"benthos","QHIL_1",7.21706651568101
"benthos","QHIL_2",5.66821525358111
"benthos","QHIL_3",5.11028049705235
"breakaway","QHIL_0",14
"breakaway","QHIL_1",7.21706651568101
"breakaway","QHIL_2",5.66821525358111
"breakaway","QHIL_3",5.11028049705235
"chemodiv","QHIL_0",14
"chemodiv","QHIL_1",7.21706651568101
"chemodiv","QHIL_2",5.66821525358111
"chemodiv","QHIL_3",5.11028049705235
"divDyn","QHIL_2",5.66821525358111
"divent","QHIL_0",20
"divent","QHIL_1",8.14155394754926
"divent","QHIL_2",5.89093387934662
"divent","QHIL_3",5.21664326913954
"entropart","QHIL_0",20
"entropart","QHIL_1",8.14155394754926
"entropart","QHIL_2",5.89093387934662
"entropart","QHIL_3",5.21664326913955
"EntropyEstimation","QHIL_1",7.65202010355867
"EntropyEstimation","QHIL_2",5.89764419171405
"EntropyEstimation","QHIL_3",5.35167986471916
"extremefit","QHIL",NA
"hilldiv","QHIL_0",14
"hilldiv","QHIL_1",7.21709523271011
"hilldiv","QHIL_2",5.66821525358111
"hilldiv","QHIL_3",5.11028049705235
"hillR","QHIL_0",14
"hillR","QHIL_1",7.21706651568101
"hillR","QHIL_2",5.66821525358111
"hillR","QHIL_3",5.11028049705235
"sprex","QHIL_0",14
"sprex","QHIL_1",7.21706651568101
"sprex","QHIL_2",5.66821525358111
"sprex","QHIL_3",5.11028049705235
"vegan","QHIL_0",14
"vegan","QHIL_1",7.21706651568101
"vegan","QHIL_2",5.66821525358111
"vegan","QHIL_3",5.11028049705235
"adiv","QREN_0",2.63905732961526
"adiv","QREN_1",1.97644857057545
"adiv","QREN_2",1.73487429809764
"adiv","QREN_3",1.63125429450018
"BiodiversityR","QREN_0",2.63905732961526
"BiodiversityR","QREN_1",1.97644857057545
"BiodiversityR","QREN_2",1.73487429809764
"BiodiversityR","QREN_3",1.63125429450018
"diverse","QREN_0",2.63905732961526
"diverse","QREN_1",1.93885827588015
"diverse","QREN_2",1.53678872974404
"diverse","QREN_3",1.37505378997539
"EntropyEstimation","QREN_1",2.03496967880386
"EntropyEstimation","QREN_2",1.77455298163439
"EntropyEstimation","QREN_3",1.67741050502775
"seewave","QREN_2",0.487961882438483
"seewave","QREN_3",0.458817053160716
"sprex","QREN_0",2.63905732961526
"sprex","QREN_1",1.97644857057545
"sprex","QREN_2",1.73487429809764
"sprex","QREN_3",1.63125429450018
"statcomp","QREN_1",0.555908602025161
"statcomp","QREN_2",0.487961872675517
"statcomp","QREN_3",0.458817045838491
"vegan","QREN_0",2.63905732961526
"vegan","QREN_1",1.97644857057545
"vegan","QREN_2",1.73487429809764
"vegan","QREN_3",1.63125429450018
"adiv","QTSA_0",13
"adiv","QTSA_1",1.97644857057545
"adiv","QTSA_2",0.823577624479202
"adiv","QTSA_3",0.480853891003471
"divent","QTSA_0",13
"divent","QTSA_1",1.97644857057545
"divent","QTSA_2",0.823577624479202
"divent","QTSA_3",0.480853891003471
"entropart","QTSA_0",19
"entropart","QTSA_1",2.09698106444219
"entropart","QTSA_2",0.830247627883592
"entropart","QTSA_3",0.481626676329809
"EntropyEstimation","QTSA_1",2.03496967880386
"EntropyEstimation","QTSA_2",0.830440771349862
"EntropyEstimation","QTSA_3",0.482542190429891
"vegan","QTSA_0",13
"vegan","QTSA_1",1.97644857057545
"vegan","QTSA_2",0.823577624479202
"vegan","QTSA_3",0.480853891003471
"BAT","RACE",26.9224376731302
"ecodive","RACE",26.9224376731302
"fossil","RACE",17.1578947368421
"pctax","RACE",26.9224
"sprex","RACE",121
"tabula","RACE",26.9224376731302
"vegan","RACE",26.9224376731302
"wiqid","RACE",26.9224376731302
"BiodiversityR","RBOO",14
"wiqid","RBOO",35
"BAT","RC1",19
"BiodiversityR","RC1",14
"biosampleR","RC1",16
"iNEXT","RC1",22.926
"microbiome","RC1",19
"pctax","RC1",19
"rareNMtests","RC1",14
"SpadeR","RC1",14
"SSP","RC1",14
"vegan","RC1",19
"BAT","RC1M",22.4897959183673
"divent","RC1M",22.9256198347107
"ecodive","RC1M",23
"entropart","RC1M",22.9256198347107
"fossil","RC1M",23
"mobr","RC1M",22.9256198347107
"OTUtable","RC1M",23
"tabula","RC1M",22.9256198347107
"wiqid","RC1M",23
"BAT","RCA2",35
"divDyn","RCA2",18.6428571428571
"fossil","RCA2",23
"tabula","RCA2",14
"wiqid","RCA2",14
"benthos","RHUR_2",1.83044077134983
"benthos","RHUR_3",2.52623793318976
"divent","RHUR_2",5.8976570186743
"divent","RHUR_3",5.97929540823294
"entropart","RHUR_2",1.83044077134983
"entropart","RHUR_3",2.52623793318975
"mobsim","RHUR_2",1.83044077134983
"mobsim","RHUR_3",2.52623793318976
"tabula","RHUR_2",1.8304407713494
"tabula","RHUR_3",2.52623793318907
"vegan","RHUR_2",1.83044077134983
"vegan","RHUR_3",2.52623793318976
"BAT","RICE",35
"fossil","RICE",17.1578947368421
"tabula","RICE",14
"wiqid","RICE",14
"BAT","RJA1",20
"BiodiversityR","RJA1",14
"divent","RJA1",20
"entropart","RJA1",20
"fossil","RJA1",19.9504132231405
"SSP","RJA1",14
"tabula","RJA1",1.97644857057545
"wiqid","RJA1",20
"BAT","RJA2",24
"BiodiversityR","RJA2",14
"fossil","RJA2",23.7519283746556
"SSP","RJA2",14
"wiqid","RJA2",24
"sprex","RMM",129
"wiqid","RMM",0
"divDyn","RSQ",20.3878546403792
"ecodive","RSQ",20.3878546403792
"tabula","RSQ",20.3878546403792
"abdiv","D1SP",0.700446393609523
"ade4","D1SP",0.700446393609523
"adiv","D1SP",0.700446393609523
"agricolae","D1SP",1
"asbio","D1SP",0.700446393609523
"BiodiversityR","D1SP",0.70044639
"biosampleR","D1SP",0.741071428571429
"breakaway","D1SP",0.700446393609523
"catsim","D1SP",0.540408163265306
"concstats","2_D1SP",0.795378151260504
"concstats","D1SP",0.979398635482073
"CUB","D1SP",0.72104775812745
"DescTools","2_D1SP",0.700446393609523
"DescTools","D1SP",0.916189484643415
"divent","D1SP",0.700446393609523
"diverse","D1SP",0.741071428571429
"ecodive","D1SP",0.700446393609523
"entropart","D1SP",0.700446393609523
"lawstat","D1SP",0.916189484643415
"MCPAN","D1SP",-3824
"microbiome","D1SP",0.700446393609523
"PCRA","D1SP",0.700446393609523
"RoughSets","D1SP",0.700446393609523
"simboot","D1SP",-3824
"sprex","D1SP",0.700446393609523
"untb","D1SP",0.706700379266751
"vegan","D1SP",0.700446393609523
"abdiv","DBRI",1.45526362549176
"ecodive","DBRI",1.45526362549176
"tabula","DBRI",1.45526362549176
"wiqid","DBRI",4.28561311355812
"BiodiversityR","DFIS",3.39490891
"ecodive","DFIS",3.395
"microbiome","DFIS",3.39490891453288
"preseqR","DFIS",10.1451178026379
"sads","DFIS",3.39489908219455
"vegan","DFIS",3.39490891453288
"custom","DGLE",2.53839973790612
"DGOO","1_1",1.59473021331706
"DGOO","1_2",0.359574748995883
"DGOO","1_3",1
"DGOO","2_1",0.2945489112086
"DGOO","2_2",0.599615371472879
"DGOO","2_3",1
"DGOO","3_1",0.103526287623983
"DGOO","3_2",0.104779593868326
"DGOO","3_3",1
"abdiv","DINVSP",3.33830065359477
"adiv","DINVSP",3.33830065359477
"asbio","DINVSP",3.33830065359477
"BiodiversityR","DINVSP",3.33830065
"breakaway","DINVSP",3.33830065359477
"chemodiv","DINVSP",3.33830065359477
"codyn","DINVSP",3.33830065359477
"divseg","DINVSP",1.29955360639048
"ecodive","DINVSP",3.33830065359477
"microbiome","DINVSP",3.33830065359477
"sprex","DINVSP",3.33830065359477
"vegan","DINVSP",3.33830065359477
"custom","DKO",0.52
"asbio","DLMD",21.1436946420778
"Compositional","DLMD",0.999958992306093
"sads","DLMD",1.25128760368473
"vegan","DLMD",62.2177680642591
"abdiv","DMC",0.499692180103725
"adiv","DMC",0.499692180103725
"agricolae","DMC",0.499692180103725
"ecodive","DMC",0.499692180103725
"forestHES","DMC",0.499692180103725
"tabula","DMC",0.499692180103725
"abdiv","DMG",2.32686642641395
"adiv","DMG",2.32686642641395
"agricolae","DMG",7.19213259073401
"ecodive","DMG",2.32686642641395
"tabula","DMG",2.32686642641395
"abdiv","DMN",1.12886504206032
"adiv","DMN",1.12886504206032
"ecodive","DMN",1.12886504206032
"tabula","DMN",1.12886504206032
"custom","DOD",106.194690265487
"abdiv","DQ",0
"ade4","DRAO",0.700446393609523
"BAT","DRAO",0.700446393609523
"chemodiv","DRAO",418.379985065877
"diverse","DRAO",206.024618231775
"SYNCSA","DRAO",0.700446393609523
"abdiv","DSHA",1.59473021331706
"adiv","DSHA",1.59473021331706
"aqp","DSHA",-510.700063908077
"asbio","DSHA",1.59473021331706
"benthos","DSHA",0
"BiodiversityR","DSHA",1.59473021
"biosampleR","DSHA",1.7474499589395
"chemodiv","DSHA",1.59473021331706
"codyn","DSHA",1.59473021331706
"DescTools","DSHA",2.30070937030831
"divDyn","DSHA",1.59473021331706
"divent","DSHA",1.59473021331706
"diverse","DSHA",1.7474499589395
"ecodive","DSHA",1.59473021331706
"EconGeo","DSHA",2.301
"entropart","DSHA",1.75866584450312
"forestmangr","DSHA",3.56
"HardyWeinberg","DSHA",1.59473021331706
"iNEXT","DSHA",1.595
"MCPAN","DSHA",1.59473021331706
"microbiome","DSHA",1.59473021331706
"OTUtable","DSHA",1.59473021331706
"pgirmess","DSHA",2.30070937030831
"SpiecEasi","DSHA",1.59473021331706
"sprex","DSHA",1.59473021331706
"tabula","DSHA",1.59473021331706
"triversity","DSHA",12
"vegan","DSHA",1.59473021331706
"wavethresh","DSHA",-28642.3267187042
"wiqid","DSHA",3.40948275862069
"abdiv","DSP",0.299553606390477
"agricolae","DSP",0.299553606390477
"antitrust","DSP",2995.53606390477
"benthos","DSP",0.293299620733249
"breakaway","DSP",0.299553606390477
"concstats","DSP",0.299553606390477
"DescTools","DSP",0.299553606390477
"diverse","DSP",0.252252252252252
"divseg","DSP",1.29955360639048
"EconGeo","DSP",0.299553606390477
"hhi","DSP",0.299553606390477
"ineq","DSP",0.299553606390477
"microbiome","DSP",0.299553606390477
"PDtoolkit","DSP",0.299553606390477
"politics","DSP",0.299553606390477
"REAT","DSP",0.299553606390477
"sprex","DSP",0.299553606390477
"tabula","DSP",0.299553606390477
"triversity","DSP",0.299553606390477
"wiqid","DSP",3.40948275862069
"abdiv","EBP",0.469026548672566
"agricolae","EBP",0.469026548672566
"BiodiversityR","EBP",0.46902655
"diverse","EBP",0.410714285714286
"dyvDyn","EBP",0.0285714285714286
"ecodive","EBP",0.469026548672566
"microbiome","EBP",0.469026548672566
"tabula","EBP",0.469026548672566
"triversity","EBP",0.469026548672566
"wiqid","EBP",1
"tabula","EBRI",0.634081410483846
"BAT","EBU",0.384553499597747
"microbiome","EBU",0.384553499597747
"BAT","ECAM",0.876508447304908
"microbiome","ECAM",0.969026548672566
"codyn","EEQ",0.152283928606096
"custom","EEQ",0.0577239309298298
"adiv","EEVAR",0.328404921055885
"codyn","EEVAR",0.312794747296142
"custom","EEVAR",0.328404921055885
"microbiome","EEVAR",0.328404921055885
"acid","EGIN",0.890012642225032
"DescTools","EGIN",0.890012642225032
"dplR","EGIN",0.890012642225032
"EconGeo","EGIN",0.89
"giniVarCI","EGIN",0.890012642225032
"ineq","EGIN",0.890012642225032
"microbiome","EGIN",0.890012642225032
"REAT","EGIN",0.890012642225032
"shipunov","EGIN",0.890012642225032
"wINEQ","EGIN",0.890012642225032
"adiv","EGSP",0.764123338483116
"abdiv","EHEI",0.35699996853673
"adiv","EHEI",0.35699996853673
"custom","EHUL",0.725663716814159
"benthos","EHURE",0.706700379266751
"BiodiversityR","EHURE",0.70670038
"mobr","EHURE",0.706700379266751
"vegan","EHURE",0.706700379266765
"custom","ELR",0.164776534484555
"abdiv","EMC",0.606018779743519
"tabula","EMC",0.636397117492439
"microbiome","EMN",0.725663716814159
"custom","ENHC",-0.36089038321472
"custom","EPAT",0.461070086326846
"abdiv","EPIE",0.641766648840957
"adiv","EPIE",0.641766648840957
"BiodiversityR","EPIE",0.64176665
"breakaway","EPIE",0.641766648840957
"chemodiv","EPIE",0.641766648840957
"diverse","EPIE",0.703225595653094
"forestmangr","EPIE",1
"microbiome","EPIE",0.641766648840957
"OTUtable","EPIE",0.641766648840957
"pctax","EPIE",0.6418
"sprex","EPIE",0.641766648840957
"tabula","EPIE",0.641766648840957
"custom","ESHE",0.410583304492002
"adiv","ESP",0.278191721132898
"codyn","ESP",0.278191721132898
"sprex","ESP",0.132894184443088
"tabula","ESP",0.278191721132898
"abdiv","EST",0.564159292035398
"adiv","QHIL_0",12
"adiv","QHIL_1",4.92699965390403
"adiv","QHIL_2",3.33830065359477
"adiv","QHIL_3",2.87467880680927
"BAT","QHIL_0",12
"BAT","QHIL_1",4.92699965390403
"BAT","QHIL_2",3.33830065359477
"BAT","QHIL_3",2.87467880680927
"benthos","QHIL_0",35
"benthos","QHIL_1",4.92699965390403
"benthos","QHIL_2",3.33830065359477
"benthos","QHIL_3",2.87467880680927
"breakaway","QHIL_0",12
"breakaway","QHIL_1",4.92699965390403
"breakaway","QHIL_2",3.33830065359477
"breakaway","QHIL_3",2.87467880680927
"chemodiv","QHIL_0",12
"chemodiv","QHIL_1",4.92699965390403
"chemodiv","QHIL_2",3.33830065359477
"chemodiv","QHIL_3",2.87467880680927
"divDyn","QHIL_2",3.33830065359477
"divent","QHIL_0",39
"divent","QHIL_1",5.80468786978752
"divent","QHIL_2",3.40940841497137
"divent","QHIL_3",2.89725797862551
"entropart","QHIL_0",39
"entropart","QHIL_1",5.80468786978752
"entropart","QHIL_2",3.40940841497137
"entropart","QHIL_3",2.89725797862551
"EntropyEstimation","QHIL_1",5.19511181906041
"EntropyEstimation","QHIL_2",3.40948275862069
"EntropyEstimation","QHIL_3",2.93252806552043
"extremefit","QHIL",NA
"hilldiv","QHIL_0",12
"hilldiv","QHIL_1",4.9270307318149
"hilldiv","QHIL_2",3.33830065359477
"hilldiv","QHIL_3",2.87467880680927
"hillR","QHIL_0",12
"hillR","QHIL_1",4.92699965390403
"hillR","QHIL_2",3.33830065359477
"hillR","QHIL_3",2.87467880680927
"sprex","QHIL_0",12
"sprex","QHIL_1",4.92699965390403
"sprex","QHIL_2",3.33830065359477
"sprex","QHIL_3",2.87467880680927
"vegan","QHIL_0",12
"vegan","QHIL_1",4.92699965390403
"vegan","QHIL_2",3.33830065359477
"vegan","QHIL_3",2.87467880680927
"adiv","QREN_0",2.484906649788
"adiv","QREN_1",1.59473021331706
"adiv","QREN_2",1.20546189116404
"adiv","QREN_3",1.05594094863755
"BiodiversityR","QREN_0",2.484906649788
"BiodiversityR","QREN_1",1.59473021331706
"BiodiversityR","QREN_2",1.20546189116404
"BiodiversityR","QREN_3",1.05594094863755
"diverse","QREN_0",2.484906649788
"diverse","QREN_1",1.7474499589395
"diverse","QREN_2",1.35120304130862
"diverse","QREN_3",1.19707489520829
"EntropyEstimation","QREN_1",1.64771814868151
"EntropyEstimation","QREN_2",1.22656059610134
"EntropyEstimation","QREN_3",1.07586487200965
"seewave","QREN_2",0.339055954866769
"seewave","QREN_3",0.297000732672617
"sprex","QREN_0",2.484906649788
"sprex","QREN_1",1.59473021331706
"sprex","QREN_2",1.20546189116404
"sprex","QREN_3",1.05594094863755
"statcomp","QREN_1",0.448544048497178
"statcomp","QREN_2",0.339055943416986
"statcomp","QREN_3",0.29700072408528
"vegan","QREN_0",2.484906649788
"vegan","QREN_1",1.59473021331706
"vegan","QREN_2",1.20546189116404
"vegan","QREN_3",1.05594094863755
"adiv","QTSA_0",11
"adiv","QTSA_1",1.59473021331706
"adiv","QTSA_2",0.700446393609523
"adiv","QTSA_3",0.439494988207751
"divent","QTSA_0",11
"divent","QTSA_1",1.59473021331706
"divent","QTSA_2",0.700446393609523
"divent","QTSA_3",0.439494988207751
"entropart","QTSA_0",38
"entropart","QTSA_1",1.75866584450312
"entropart","QTSA_2",0.706693983739581
"entropart","QTSA_3",0.440434379627859
"EntropyEstimation","QTSA_1",1.64771814868151
"EntropyEstimation","QTSA_2",0.706700379266751
"EntropyEstimation","QTSA_3",0.441858577920525
"vegan","QTSA_0",11
"vegan","QTSA_1",1.59473021331706
"vegan","QTSA_2",0.700446393609523
"vegan","QTSA_3",0.439494988207751
"BAT","RACE",18.9674556213018
"ecodive","RACE",18.9674556213018
"fossil","RACE",13.9230769230769
"pctax","RACE",18.9675
"sprex","RACE",113
"tabula","RACE",18.9674556213018
"vegan","RACE",18.9674556213018
"wiqid","RACE",18.9674556213018
"BiodiversityR","RBOO",12
"wiqid","RBOO",35
"BAT","RC1",22
"BiodiversityR","RC1",12
"biosampleR","RC1",12.5
"iNEXT","RC1",21.912
"microbiome","RC1",22
"pctax","RC1",22
"rareNMtests","RC1",12
"SpadeR","RC1",12
"SSP","RC1",12
"vegan","RC1",22
"BAT","RC1M",25.8194444444444
"divent","RC1M",21.9115044247788
"ecodive","RC1M",Inf
"entropart","RC1M",21.9115044247788
"fossil","RC1M",22
"mobr","RC1M",21.9115044247788
"OTUtable","RC1M",Inf
"tabula","RC1M",21.9115044247788
"wiqid","RC1M",22
"BAT","RCA2",35
"divDyn","RCA2",21.1666666666667
"fossil","RCA2",22
"tabula","RCA2",12
"wiqid","RCA2",12
"benthos","RHUR_2",1.70670037926676
"benthos","RHUR_3",2.23638398195921
"divent","RHUR_2",3.40948537876242
"divent","RHUR_3",3.56091705928089
"entropart","RHUR_2",1.70670037926676
"entropart","RHUR_3",2.23638398195921
"mobsim","RHUR_2",1.70670037926676
"mobsim","RHUR_3",2.23638398195921
"tabula","RHUR_2",1.70670037926713
"tabula","RHUR_3",2.23638398195944
"vegan","RHUR_2",1.70670037926676
"vegan","RHUR_3",2.23638398195921
"BAT","RICE",35
"fossil","RICE",13.9230769230769
"tabula","RICE",12
"wiqid","RICE",12
"BAT","RJA1",17
"BiodiversityR","RJA1",12
"divent","RJA1",39
"entropart","RJA1",39
"fossil","RJA1",16.9557522123894
"SSP","RJA1",12
"tabula","RJA1",1.59473021331706
"wiqid","RJA1",17
"BAT","RJA2",22
"BiodiversityR","RJA2",12
"fossil","RJA2",21.7345132743363
"SSP","RJA2",12
"wiqid","RJA2",22
"sprex","RMM",120
"wiqid","RMM",0
"divDyn","RSQ",19.5241954520419
"ecodive","RSQ",19.5241954520419
"tabula","RSQ",19.5241954520419
"abdiv","D1SP",0.874486854747139
"ade4","D1SP",0.87448685474714
"adiv","D1SP",0.874486854747139
"agricolae","D1SP",1
"asbio","D1SP",0.874486854747139
"BiodiversityR","D1SP",0.87448685
"biosampleR","D1SP",0.844137931034483
"breakaway","D1SP",0.874486854747139
"catsim","D1SP",0.587755102040816
"concstats","2_D1SP",0.795378151260504
"concstats","D1SP",0.97427979838979
"CUB","D1SP",0.90020705635735
"DescTools","2_D1SP",0.87448685474714
"DescTools","D1SP",0.804837822979659
"divent","D1SP",0.874486854747139
"diverse","D1SP",0.844137931034483
"ecodive","D1SP",0.874486854747139
"entropart","D1SP",0.874486854747139
"lawstat","D1SP",0.804837822979659
"MCPAN","D1SP",-1436
"microbiome","D1SP",0.874486854747139
"PCRA","D1SP",0.874486854747139
"RoughSets","D1SP",0.874486854747139
"simboot","D1SP",-1436
"sprex","D1SP",0.874486854747139
"untb","D1SP",0.88273673073532
"vegan","D1SP",0.874486854747139
"abdiv","DBRI",2.09001006143891
"ecodive","DBRI",2.09001006143891
"tabula","DBRI",2.09001006143891
"wiqid","DBRI",8.08499651059432
"BiodiversityR","DFIS",3.87660246
"ecodive","DFIS",3.877
"microbiome","DFIS",3.87660245703948
"preseqR","DFIS",7.0911940272962
"sads","DFIS",3.87659110720111
"vegan","DFIS",3.87660245703948
"custom","DGLE",2.78204069965619
"DGOO","1_1",2.28222157332806
"DGOO","1_2",0.48974393080767
"DGOO","1_3",1
"DGOO","2_1",0.238919010010646
"DGOO","2_2",1.08759682812993
"DGOO","2_3",1
"DGOO","3_1",0.0356086756325437
"DGOO","3_2",0.120138264467703
"DGOO","3_3",1
"abdiv","DINVSP",7.96729297146834
"adiv","DINVSP",7.96729297146834
"asbio","DINVSP",7.96729297146834
"BiodiversityR","DINVSP",7.96729297
"breakaway","DINVSP",7.96729297146834
"chemodiv","DINVSP",7.96729297146834
"codyn","DINVSP",7.96729297146834
"divseg","DINVSP",1.12551314525286
"ecodive","DINVSP",7.96729297146834
"microbiome","DINVSP",7.96729297146834
"sprex","DINVSP",7.96729297146834
"vegan","DINVSP",7.96729297146834
"custom","DKO",0.48
"asbio","DLMD",19.8241158656583
"Compositional","DLMD",0.999958992306093
"sads","DLMD",1.78679936107045
"vegan","DLMD",13.7218374043675
"abdiv","DMC",0.714826546240717
"adiv","DMC",0.714826546240717
"agricolae","DMC",0.714826546240717
"ecodive","DMC",0.714826546240717
"forestHES","DMC",0.714826546240717
"tabula","DMC",0.714826546240717
"abdiv","DMG",2.5680375689134
"adiv","DMG",2.5680375689134
"agricolae","DMG",7.27610644525464
"ecodive","DMG",2.5680375689134
"tabula","DMG",2.5680375689134
"abdiv","DMN",1.25675743575936
"adiv","DMN",1.25675743575936
"ecodive","DMN",1.25675743575936
"tabula","DMN",1.25675743575936
"custom","DOD",121.495327102804
"abdiv","DQ",0
"ade4","DRAO",0.874486854747139
"BAT","DRAO",0.87448685474714
"chemodiv","DRAO",176.365528895712
"diverse","DRAO",190.608422609874
"SYNCSA","DRAO",0.874486854747139
"abdiv","DSHA",2.28222157332806
"adiv","DSHA",2.28222157332806
"aqp","DSHA",-369.034144717551
"asbio","DSHA",2.28222157332806
"benthos","DSHA",0
"BiodiversityR","DSHA",2.28222157
"biosampleR","DSHA",2.19229065822757
"chemodiv","DSHA",2.28222157332806
"codyn","DSHA",2.28222157332806
"DescTools","DSHA",3.29254974605021
"divDyn","DSHA",2.28222157332806
"divent","DSHA",2.28222157332806
"diverse","DSHA",2.19229065822757
"ecodive","DSHA",2.28222157332806
"EconGeo","DSHA",3.293
"entropart","DSHA",2.31345268793478
"forestmangr","DSHA",3.56
"HardyWeinberg","DSHA",2.28222157332806
"iNEXT","DSHA",2.282
"MCPAN","DSHA",2.28222157332806
"microbiome","DSHA",2.28222157332806
"OTUtable","DSHA",2.28222157332806
"pgirmess","DSHA",3.29254974605021
"SpiecEasi","DSHA",2.28222157332806
"sprex","DSHA",2.28222157332806
"tabula","DSHA",2.28222157332806
"triversity","DSHA",13
"vegan","DSHA",2.28222157332806
"wavethresh","DSHA",-7958.94257901975
"wiqid","DSHA",8.52781954887218
"abdiv","DSP",0.125513145252861
"agricolae","DSP",0.125513145252861
"antitrust","DSP",1255.13145252861
"benthos","DSP",0.11726326926468
"breakaway","DSP",0.125513145252861
"concstats","DSP",0.125513145252861
"DescTools","DSP",0.125513145252861
"diverse","DSP",0.15
"divseg","DSP",1.12551314525286
"EconGeo","DSP",0.125513145252861
"hhi","DSP",0.125513145252861
"ineq","DSP",0.125513145252861
"microbiome","DSP",0.125513145252861
"PDtoolkit","DSP",0.125513145252861
"politics","DSP",0.125513145252861
"REAT","DSP",0.125513145252861
"sprex","DSP",0.125513145252861
"tabula","DSP",0.125513145252861
"triversity","DSP",0.125513145252861
"wiqid","DSP",8.52781954887218
"abdiv","EBP",0.233644859813084
"agricolae","EBP",0.233644859813084
"BiodiversityR","EBP",0.23364486
"diverse","EBP",0.303448275862069
"dyvDyn","EBP",0.0285714285714286
"ecodive","EBP",0.233644859813084
"microbiome","EBP",0.233644859813084
"tabula","EBP",0.233644859813084
"triversity","EBP",0.233644859813084
"wiqid","EBP",1
"tabula","EBRI",0.888139275578054
"BAT","EBU",0.665109034267913
"microbiome","EBU",0.665109034267913
"BAT","ECAM",0.931224538701174
"microbiome","ECAM",0.755571531272466
"codyn","EEQ",0.203099130028554
"custom","EEQ",0.0332296765848553
"adiv","EEVAR",0.604680414267059
"codyn","EEVAR",0.58917855865424
"custom","EEVAR",0.604680414267059
"microbiome","EEVAR",0.604680414267059
"acid","EGIN",0.781842456608812
"DescTools","EGIN",0.781842456608812
"dplR","EGIN",0.781842456608812
"EconGeo","EGIN",0.782
"giniVarCI","EGIN",0.781842456608812
"ineq","EGIN",0.781842456608812
"microbiome","EGIN",0.781842456608812
"REAT","EGIN",0.781842456608812
"shipunov","EGIN",0.781842456608812
"wINEQ","EGIN",0.781842456608812
"adiv","EGSP",0.947360759309401
"abdiv","EHEI",0.733202013807939
"adiv","EHEI",0.733202013807939
"custom","EHUL",0.392523364485981
"benthos","EHURE",0.88273673073532
"BiodiversityR","EHURE",0.88273673
"mobr","EHURE",0.88273673073532
"vegan","EHURE",0.88273673073532
"custom","ELR",0.300386567203061
"abdiv","EMC",0.398764274696683
"tabula","EMC",0.893547005258439
"microbiome","EMN",0.392523364485981
"custom","ENHC",-0.219415685911897
"custom","EPAT",0.162013801577719
"abdiv","EPIE",0.889772566732748
"adiv","EPIE",0.889772566732748
"BiodiversityR","EPIE",0.88977257
"breakaway","EPIE",0.889772566732748
"chemodiv","EPIE",0.889772566732748
"diverse","EPIE",0.809545796948403
"forestmangr","EPIE",1
"microbiome","EPIE",0.889772566732748
"OTUtable","EPIE",0.889772566732748
"pctax","EPIE",0.8898
"sprex","EPIE",0.889772566732748
"tabula","EPIE",0.889772566732748
"custom","ESHE",0.753724935822713
"adiv","ESP",0.612868690112949
"codyn","ESP",0.612868690112949
"sprex","ESP",0.17555550564062
"tabula","ESP",0.612868690112949
"abdiv","EST",0.309130122214234
"adiv","QHIL_0",13
"adiv","QHIL_1",9.79842416569527
"adiv","QHIL_2",7.96729297146834
"adiv","QHIL_3",6.90937681262902
"BAT","QHIL_0",13
"BAT","QHIL_1",9.79842416569527
"BAT","QHIL_2",7.96729297146834
"BAT","QHIL_3",6.90937681262902
"benthos","QHIL_0",35
"benthos","QHIL_1",9.79842416569527
"benthos","QHIL_2",7.96729297146834
"benthos","QHIL_3",6.90937681262902
"breakaway","QHIL_0",13
"breakaway","QHIL_1",9.79842416569527
"breakaway","QHIL_2",7.96729297146834
"breakaway","QHIL_3",6.90937681262902
"chemodiv","QHIL_0",13
"chemodiv","QHIL_1",9.79842416569527
"chemodiv","QHIL_2",7.96729297146834
"chemodiv","QHIL_3",6.90937681262902
"divDyn","QHIL_2",7.96729297146834
"divent","QHIL_0",14
"divent","QHIL_1",10.1092686175195
"divent","QHIL_2",8.10993507129
"divent","QHIL_3",7.00538273957586
"entropart","QHIL_0",14
"entropart","QHIL_1",10.1092686175195
"entropart","QHIL_2",8.10993507129
"entropart","QHIL_3",7.00538273957586
"EntropyEstimation","QHIL_1",10.3884587402172
"EntropyEstimation","QHIL_2",8.52781954887218
"EntropyEstimation","QHIL_3",7.43147137743339
"extremefit","QHIL",NA
"hilldiv","QHIL_0",13
"hilldiv","QHIL_1",9.79844806564475
"hilldiv","QHIL_2",7.96729297146834
"hilldiv","QHIL_3",6.90937681262902
"hillR","QHIL_0",13
"hillR","QHIL_1",9.79842416569527
"hillR","QHIL_2",7.96729297146834
"hillR","QHIL_3",6.90937681262902
"sprex","QHIL_0",13
"sprex","QHIL_1",9.79842416569527
"sprex","QHIL_2",7.96729297146834
"sprex","QHIL_3",6.90937681262902
"vegan","QHIL_0",13
"vegan","QHIL_1",9.79842416569527
"vegan","QHIL_2",7.96729297146834
"vegan","QHIL_3",6.90937681262902
"adiv","QREN_0",2.56494935746154
"adiv","QREN_1",2.28222157332806
"adiv","QREN_2",2.07534478284479
"adiv","QREN_3",1.93287944740705
"BiodiversityR","QREN_0",2.56494935746154
"BiodiversityR","QREN_1",2.28222157332806
"BiodiversityR","QREN_2",2.07534478284479
"BiodiversityR","QREN_3",1.93287944740705
"diverse","QREN_0",2.70805020110221
"diverse","QREN_1",2.19229065822757
"diverse","QREN_2",1.85878383614233
"diverse","QREN_3",1.66416105304063
"EntropyEstimation","QREN_1",2.34069545341625
"EntropyEstimation","QREN_2",2.14333370735817
"EntropyEstimation","QREN_3",2.00572387107997
"seewave","QREN_2",0.58372479658064
"seewave","QREN_3",0.543654079662301
"sprex","QREN_0",2.56494935746154
"sprex","QREN_1",2.28222157332806
"sprex","QREN_2",2.07534478284479
"sprex","QREN_3",1.93287944740705
"statcomp","QREN_1",0.641912278026582
"statcomp","QREN_2",0.583724785014545
"statcomp","QREN_3",0.54365407098773
"vegan","QREN_0",2.56494935746154
"vegan","QREN_1",2.28222157332806
"vegan","QREN_2",2.07534478284479
"vegan","QREN_3",1.93287944740705
"adiv","QTSA_0",12
"adiv","QTSA_1",2.28222157332806
"adiv","QTSA_2",0.874486854747139
"adiv","QTSA_3",0.489526490090552
"divent","QTSA_0",12
"divent","QTSA_1",2.28222157332806
"divent","QTSA_2",0.874486854747139
"divent","QTSA_3",0.489526490090552
"entropart","QTSA_0",13
"entropart","QTSA_1",2.31345268793478
"entropart","QTSA_2",0.876694450546207
"entropart","QTSA_3",0.489811593403049
"EntropyEstimation","QTSA_1",2.34069545341625
"EntropyEstimation","QTSA_2",0.88273673073532
"EntropyEstimation","QTSA_3",0.490946419124871
"vegan","QTSA_0",12
"vegan","QTSA_1",2.28222157332806
"vegan","QTSA_2",0.874486854747139
"vegan","QTSA_3",0.489526490090552
"BAT","RACE",13.30608
"ecodive","RACE",13.30608
"fossil","RACE",13.2
"pctax","RACE",13.3061
"sprex","RACE",115.776259037071
"tabula","RACE",13.30608
"vegan","RACE",13.30608
"wiqid","RACE",13.30608
"BiodiversityR","RBOO",13
"wiqid","RBOO",35
"BAT","RC1",13
"BiodiversityR","RC1",13
"biosampleR","RC1",15.25
"iNEXT","RC1",13.495
"microbiome","RC1",13
"pctax","RC1",13
"rareNMtests","RC1",13
"SpadeR","RC1",13
"SSP","RC1",12
"vegan","RC1",13
"BAT","RC1M",13.0769230769231
"divent","RC1M",13.4953271028037
"ecodive","RC1M",13.5
"entropart","RC1M",13.4953271028037
"fossil","RC1M",13.5
"mobr","RC1M",13.4953271028037
"OTUtable","RC1M",13.5
"tabula","RC1M",13.4953271028037
"wiqid","RC1M",13.5
"BAT","RCA2",35
"divDyn","RCA2",13
"fossil","RCA2",13.5
"tabula","RCA2",13
"wiqid","RCA2",13
"benthos","RHUR_2",1.88273673073532
"benthos","RHUR_3",2.66631735395623
"divent","RHUR_2",8.52782944903298
"divent","RHUR_3",8.64387519273331
"entropart","RHUR_2",1.88273673073532
"entropart","RHUR_3",2.66631735395623
"mobsim","RHUR_2",1.88273673073532
"mobsim","RHUR_3",2.66631735395623
"tabula","RHUR_2",1.88273673073547
"tabula","RHUR_3",2.66631735395673
"vegan","RHUR_2",1.88273673073532
"vegan","RHUR_3",2.66631735395623
"BAT","RICE",35
"fossil","RICE",13.2
"tabula","RICE",13
"wiqid","RICE",13
"BAT","RJA1",14
"BiodiversityR","RJA1",13
"divent","RJA1",14
"entropart","RJA1",14
"fossil","RJA1",13.9906542056075
"SSP","RJA1",12
"tabula","RJA1",2.28222157332806
"wiqid","RJA1",14
"BAT","RJA2",14
"BiodiversityR","RJA2",13
"fossil","RJA2",13.9718744489508
"SSP","RJA2",12
"wiqid","RJA2",14
"sprex","RMM",109
"wiqid","RMM",0
"divDyn","RSQ",13.1256558237146
"ecodive","RSQ",13.1256558237146
"tabula","RSQ",13.1256558237146
"abdiv","D1SP",0.766526661796932
"ade4","D1SP",0.766526661796932
"adiv","D1SP",0.766526661796932
"agricolae","D1SP",1
"asbio","D1SP",0.766526661796932
"BiodiversityR","D1SP",0.76652666
"biosampleR","D1SP",0.698875468554769
"breakaway","D1SP",0.766526661796932
"catsim","D1SP",0.519183673469388
"concstats","2_D1SP",0.795378151260504
"concstats","D1SP",0.977455098182443
"CUB","D1SP",0.789071563614489
"DescTools","2_D1SP",0.766526661796932
"DescTools","D1SP",0.895468998410175
"divent","D1SP",0.766526661796932
"diverse","D1SP",0.698875468554769
"ecodive","D1SP",0.766526661796932
"entropart","D1SP",0.766526661796932
"lawstat","D1SP",0.895468998410175
"MCPAN","D1SP",-5113
"microbiome","D1SP",0.766526661796932
"PCRA","D1SP",0.766526661796932
"RoughSets","D1SP",0.766526661796932
"simboot","D1SP",-5113
"sprex","D1SP",0.766526661796932
"untb","D1SP",0.771741128883986
"vegan","D1SP",0.766526661796932
"abdiv","DBRI",1.66772294807745
"ecodive","DBRI",1.66772294807745
"tabula","DBRI",1.66772294807745
"wiqid","DBRI",5.30008547654192
"BiodiversityR","DFIS",2.74636064
"ecodive","DFIS",2.746
"microbiome","DFIS",2.7463606429885
"preseqR","DFIS",12.7481934398799
"sads","DFIS",2.74634103765123
"vegan","DFIS",2.7463606429885
"custom","DGLE",2.20122728381004
"DGOO","1_1",1.78501165071013
"DGOO","1_2",0.419780218228637
"DGOO","1_3",1
"DGOO","2_1",0.288552317593131
"DGOO","2_2",0.757032081099338
"DGOO","2_3",1
"DGOO","3_1",0.0804492356034084
"DGOO","3_2",0.120278554841774
"DGOO","3_3",1
"abdiv","DINVSP",4.28314430973797
"adiv","DINVSP",4.28314430973797
"asbio","DINVSP",4.28314430973797
"BiodiversityR","DINVSP",4.28314431
"breakaway","DINVSP",4.28314430973797
"chemodiv","DINVSP",4.28314430973797
"codyn","DINVSP",4.28314430973797
"divseg","DINVSP",1.23347333820307
"ecodive","DINVSP",4.28314430973797
"microbiome","DINVSP",4.28314430973797
"sprex","DINVSP",4.28314430973797
"vegan","DINVSP",4.28314430973797
"custom","DKO",0.56
"asbio","DLMD",20.8315384114581
"Compositional","DLMD",0.999958992306093
"sads","DLMD",1.89443535571058
"vegan","DLMD",17.150224102148
"abdiv","DMC",0.56309536528924
"adiv","DMC",0.56309536528924
"agricolae","DMC",0.56309536528924
"ecodive","DMC",0.56309536528924
"forestHES","DMC",0.56309536528924
"tabula","DMC",0.56309536528924
"abdiv","DMG",2.00111571255459
"adiv","DMG",2.00111571255459
"agricolae","DMG",6.80379342268559
"ecodive","DMG",2.00111571255459
"tabula","DMG",2.00111571255459
"abdiv","DMN",0.904194430179465
"adiv","DMN",0.904194430179465
"ecodive","DMN",0.904194430179465
"tabula","DMN",0.904194430179465
"custom","DOD",74.3243243243243
"abdiv","DQ",0
"ade4","DRAO",0.766526661796932
"BAT","DRAO",0.766526661796932
"chemodiv","DRAO",409.214273620738
"diverse","DRAO",202.051317492596
"SYNCSA","DRAO",0.766526661796932
"abdiv","DSHA",1.78501165071013
"adiv","DSHA",1.78501165071013
"aqp","DSHA",-685.865434564622
"asbio","DSHA",1.78501165071013
"benthos","DSHA",0
"BiodiversityR","DSHA",1.78501165
"biosampleR","DSHA",1.45175112233038
"chemodiv","DSHA",1.78501165071013
"codyn","DSHA",1.78501165071013
"DescTools","DSHA",2.57522745640853
"divDyn","DSHA",1.78501165071013
"divent","DSHA",1.78501165071013
"diverse","DSHA",1.45175112233038
"ecodive","DSHA",1.78501165071013
"EconGeo","DSHA",2.575
"entropart","DSHA",1.81285539523705
"forestmangr","DSHA",3.56
"HardyWeinberg","DSHA",1.78501165071013
"iNEXT","DSHA",1.785
"MCPAN","DSHA",1.78501165071013
"microbiome","DSHA",1.78501165071013
"OTUtable","DSHA",1.78501165071013
"pgirmess","DSHA",2.57522745640853
"SpiecEasi","DSHA",1.78501165071013
"sprex","DSHA",1.78501165071013
"tabula","DSHA",1.78501165071013
"triversity","DSHA",11
"vegan","DSHA",1.78501165071013
"wavethresh","DSHA",-38470.5872069395
"wiqid","DSHA",4.38099073701168
"abdiv","DSP",0.233473338203068
"agricolae","DSP",0.233473338203068
"antitrust","DSP",2334.73338203068
"benthos","DSP",0.228258871116014
"breakaway","DSP",0.233473338203068
"concstats","DSP",0.233473338203068
"DescTools","DSP",0.233473338203068
"diverse","DSP",0.28656462585034
"divseg","DSP",1.23347333820307
"EconGeo","DSP",0.233473338203068
"hhi","DSP",0.233473338203068
"ineq","DSP",0.233473338203068
"microbiome","DSP",0.233473338203068
"PDtoolkit","DSP",0.233473338203068
"politics","DSP",0.233473338203068
"REAT","DSP",0.233473338203068
"sprex","DSP",0.233473338203068
"tabula","DSP",0.233473338203068
"triversity","DSP",0.233473338203068
"wiqid","DSP",4.38099073701168
"abdiv","EBP",0.385135135135135
"agricolae","EBP",0.385135135135135
"BiodiversityR","EBP",0.38513514
"diverse","EBP",0.428571428571429
"dyvDyn","EBP",0.0285714285714286
"ecodive","EBP",0.385135135135135
"microbiome","EBP",0.385135135135135
"tabula","EBP",0.385135135135135
"triversity","EBP",0.385135135135135
"wiqid","EBP",1
"tabula","EBRI",0.739574617182606
"BAT","EBU",0.497297297297297
"microbiome","EBU",0.497297297297297
"BAT","ECAM",0.882800982800983
"microbiome","ECAM",0.745700245700246
"codyn","EEQ",0.147378085655492
"custom","EEQ",0.0650622463003911
"adiv","EEVAR",0.385981705700356
"codyn","EEVAR",0.36645090943248
"custom","EEVAR",0.385981705700356
"microbiome","EEVAR",0.385981705700356
"acid","EGIN",0.86988416988417
"DescTools","EGIN",0.86988416988417
"dplR","EGIN",0.86988416988417
"EconGeo","EGIN",0.87
"giniVarCI","EGIN",0.86988416988417
"ineq","EGIN",0.86988416988417
"microbiome","EGIN",0.86988416988417
"REAT","EGIN",0.86988416988417
"shipunov","EGIN",0.86988416988417
"wINEQ","EGIN",0.86988416988417
"adiv","EGSP",0.843179327976625
"abdiv","EHEI",0.495964938132553
"adiv","EHEI",0.495964938132553
"custom","EHUL",0.635135135135135
"benthos","EHURE",0.771741128883986
"BiodiversityR","EHURE",0.77174113
"mobr","EHURE",0.771741128883986
"vegan","EHURE",0.771741128883968
"custom","ELR",0.219243248397977
"abdiv","EMC",0.518068612874433
"tabula","EMC",0.739896356758841
"microbiome","EMN",0.635135135135135
"custom","ENHC",-0.373941508174115
"custom","EPAT",0.378298341060716
"abdiv","EPIE",0.744407677415787
"adiv","EPIE",0.744407677415787
"BiodiversityR","EPIE",0.74440768
"breakaway","EPIE",0.744407677415787
"chemodiv","EPIE",0.744407677415787
"diverse","EPIE",0.698144714930342
"forestmangr","EPIE",1
"microbiome","EPIE",0.744407677415787
"OTUtable","EPIE",0.744407677415787
"pctax","EPIE",0.7444
"sprex","EPIE",0.744407677415787
"tabula","EPIE",0.744407677415787
"custom","ESHE",0.54178630739323
"adiv","ESP",0.389376755430725
"codyn","ESP",0.389376755430725
"sprex","ESP",0.162273786428194
"tabula","ESP",0.389376755430725
"abdiv","EST",0.457002457002457
"adiv","QHIL_0",11
"adiv","QHIL_1",5.95964938132553
"adiv","QHIL_2",4.28314430973797
"adiv","QHIL_3",3.6655648810419
"BAT","QHIL_0",11
"BAT","QHIL_1",5.95964938132553
"BAT","QHIL_2",4.28314430973797
"BAT","QHIL_3",3.6655648810419
"benthos","QHIL_0",35
"benthos","QHIL_1",5.95964938132553
"benthos","QHIL_2",4.28314430973797
"benthos","QHIL_3",3.6655648810419
"breakaway","QHIL_0",11
"breakaway","QHIL_1",5.95964938132553
"breakaway","QHIL_2",4.28314430973797
"breakaway","QHIL_3",3.6655648810419
"chemodiv","QHIL_0",11
"chemodiv","QHIL_1",5.95964938132553
"chemodiv","QHIL_2",4.28314430973797
"chemodiv","QHIL_3",3.6655648810419
"divDyn","QHIL_2",4.28314430973797
"divent","QHIL_0",12
"divent","QHIL_1",6.12792010855157
"divent","QHIL_2",4.33916375422154
"divent","QHIL_3",3.70196538211513
"entropart","QHIL_0",12
"entropart","QHIL_1",6.12792010855157
"entropart","QHIL_2",4.33916375422154
"entropart","QHIL_3",3.70196538211513
"EntropyEstimation","QHIL_1",6.17456549632859
"EntropyEstimation","QHIL_2",4.38099073701168
"EntropyEstimation","QHIL_3",3.74711148389463
"extremefit","QHIL",NA
"hilldiv","QHIL_0",11
"hilldiv","QHIL_1",5.9596773873478
"hilldiv","QHIL_2",4.28314430973797
"hilldiv","QHIL_3",3.6655648810419
"hillR","QHIL_0",11
"hillR","QHIL_1",5.95964938132553
"hillR","QHIL_2",4.28314430973797
"hillR","QHIL_3",3.6655648810419
"sprex","QHIL_0",11
"sprex","QHIL_1",5.95964938132553
"sprex","QHIL_2",4.28314430973797
"sprex","QHIL_3",3.6655648810419
"vegan","QHIL_0",11
"vegan","QHIL_1",5.95964938132553
"vegan","QHIL_2",4.28314430973797
"vegan","QHIL_3",3.6655648810419
"adiv","QREN_0",2.39789527279837
"adiv","QREN_1",1.78501165071013
"adiv","QREN_2",1.4546873916771
"adiv","QREN_3",1.29898245198643
"BiodiversityR","QREN_0",2.39789527279837
"BiodiversityR","QREN_1",1.78501165071013
"BiodiversityR","QREN_2",1.4546873916771
"BiodiversityR","QREN_3",1.29898245198643
"diverse","QREN_0",2.07944154167984
"diverse","QREN_1",1.45175112233038
"diverse","QREN_2",1.20023137406249
"diverse","QREN_3",1.10172440266807
"EntropyEstimation","QREN_1",1.82043851507128
"EntropyEstimation","QREN_2",1.47727489447474
"EntropyEstimation","QREN_3",1.32098527220978
"seewave","QREN_2",0.409154715361435
"seewave","QREN_3",0.365360143042248
"sprex","QREN_0",2.39789527279837
"sprex","QREN_1",1.78501165071013
"sprex","QREN_2",1.4546873916771
"sprex","QREN_3",1.29898245198643
"statcomp","QREN_1",0.50206382605543
"statcomp","QREN_2",0.409154706239281
"statcomp","QREN_3",0.365360136200632
"vegan","QREN_0",2.39789527279837
"vegan","QREN_1",1.78501165071013
"vegan","QREN_2",1.4546873916771
"vegan","QREN_3",1.29898245198643
"adiv","QTSA_0",10
"adiv","QTSA_1",1.78501165071013
"adiv","QTSA_2",0.766526661796932
"adiv","QTSA_3",0.462787557005508
"divent","QTSA_0",10
"divent","QTSA_1",1.78501165071013
"divent","QTSA_2",0.766526661796932
"divent","QTSA_3",0.462787557005508
"entropart","QTSA_0",11
"entropart","QTSA_1",1.81285539523705
"entropart","QTSA_2",0.769540847812644
"entropart","QTSA_3",0.463515760512766
"EntropyEstimation","QTSA_1",1.82043851507128
"EntropyEstimation","QTSA_2",0.771741128883986
"EntropyEstimation","QTSA_3",0.464389606268276
"vegan","QTSA_0",10
"vegan","QTSA_1",1.78501165071013
"vegan","QTSA_2",0.766526661796932
"vegan","QTSA_3",0.462787557005508
"BAT","RACE",11.6014030612245
"ecodive","RACE",11.6014030612245
"fossil","RACE",11.25
"pctax","RACE",11.6014
"sprex","RACE",149.332720869698
"tabula","RACE",11.6014030612245
"vegan","RACE",11.6014030612245
"wiqid","RACE",11.6014030612245
"BiodiversityR","RBOO",11
"wiqid","RBOO",35
"BAT","RC1",11
"BiodiversityR","RC1",11
"biosampleR","RC1",11
"iNEXT","RC1",11.248
"microbiome","RC1",11
"pctax","RC1",11
"rareNMtests","RC1",11
"SpadeR","RC1",11
"SSP","RC1",10
"vegan","RC1",11
"BAT","RC1M",11.0909090909091
"divent","RC1M",11.2483108108108
"ecodive","RC1M",11.25
"entropart","RC1M",11.2483108108108
"fossil","RC1M",11.25
"mobr","RC1M",11.2483108108108
"OTUtable","RC1M",11.25
"tabula","RC1M",11.2483108108108
"wiqid","RC1M",11.25
"BAT","RCA2",35
"divDyn","RCA2",11
"fossil","RCA2",11.25
"tabula","RCA2",11
"wiqid","RCA2",11
"benthos","RHUR_2",1.77174112888397
"benthos","RHUR_3",2.38644417411541
"divent","RHUR_2",4.38099063024138
"divent","RHUR_3",4.52971135875732
"entropart","RHUR_2",1.77174112888397
"entropart","RHUR_3",2.38644417411541
"mobsim","RHUR_2",1.77174112888397
"mobsim","RHUR_3",2.38644417411541
"tabula","RHUR_2",1.77174112888441
"tabula","RHUR_3",2.38644417411543
"vegan","RHUR_2",1.77174112888397
"vegan","RHUR_3",2.38644417411541
"BAT","RICE",35
"fossil","RICE",11.25
"tabula","RICE",11
"wiqid","RICE",11
"BAT","RJA1",12
"BiodiversityR","RJA1",11
"divent","RJA1",12
"entropart","RJA1",12
"fossil","RJA1",11.9932432432432
"SSP","RJA1",10
"tabula","RJA1",1.78501165071013
"wiqid","RJA1",12
"BAT","RJA2",11
"BiodiversityR","RJA2",11
"fossil","RJA2",10.9999080713366
"SSP","RJA2",10
"wiqid","RJA2",11
"sprex","RMM",158
"wiqid","RMM",0
"divDyn","RSQ",11.2335906454118
"ecodive","RSQ",11.2335906454118
"tabula","RSQ",11.2335906454118
"abdiv","D1SP",0.784929356357928
"ade4","D1SP",0.784929356357928
"adiv","D1SP",0.784929356357928
"agricolae","D1SP",1
"asbio","D1SP",0.784929356357928
"BiodiversityR","D1SP",0.78492936
"biosampleR","D1SP",0.804399524375743
"breakaway","D1SP",0.784929356357928
"catsim","D1SP",0.612244897959184
"concstats","2_D1SP",0.795378151260504
"concstats","D1SP",0.976913842460061
"CUB","D1SP",0.808015513897867
"DescTools","2_D1SP",0.784929356357928
"DescTools","D1SP",0.866192630898513
"divent","D1SP",0.784929356357928
"diverse","D1SP",0.804399524375743
"ecodive","D1SP",0.784929356357928
"entropart","D1SP",0.784929356357928
"lawstat","D1SP",0.866192630898513
"MCPAN","D1SP",-1780
"microbiome","D1SP",0.784929356357928
"PCRA","D1SP",0.784929356357928
"RoughSets","D1SP",0.784929356357928
"simboot","D1SP",-1780
"sprex","D1SP",0.784929356357928
"untb","D1SP",0.793650793650794
"vegan","D1SP",0.784929356357928
"abdiv","DBRI",1.73602035788714
"ecodive","DBRI",1.73602035788714
"tabula","DBRI",1.73602035788714
"wiqid","DBRI",5.67471509105119
"BiodiversityR","DFIS",4.62070716
"ecodive","DFIS",4.621
"microbiome","DFIS",4.62070716252126
"preseqR","DFIS",10.2723754478182
"sads","DFIS",4.62070204021316
"vegan","DFIS",4.62070716252126
"custom","DGLE",3.10362137853643
"DGOO","1_1",1.93885827588015
"DGOO","1_2",0.414531212643196
"DGOO","1_3",1
"DGOO","2_1",0.277816349764396
"DGOO","2_2",0.776817613161577
"DGOO","2_3",1
"DGOO","3_1",0.0746614710631785
"DGOO","3_2",0.117573197635783
"DGOO","3_3",1
"abdiv","DINVSP",4.64963503649635
"adiv","DINVSP",4.64963503649635
"asbio","DINVSP",4.64963503649635
"BiodiversityR","DINVSP",4.64963504
"breakaway","DINVSP",4.64963503649635
"chemodiv","DINVSP",4.64963503649635
"codyn","DINVSP",4.64963503649635
"divseg","DINVSP",1.21507064364207
"ecodive","DINVSP",4.64963503649635
"microbiome","DINVSP",4.64963503649635
"sprex","DINVSP",4.64963503649635
"vegan","DINVSP",4.64963503649635
"custom","DKO",0.44
"asbio","DLMD",24.6736507172782
"Compositional","DLMD",0.999958992306093
"sads","DLMD",1.17495634177605
"vegan","DLMD",18.3397492351757
"abdiv","DMC",0.599039284318498
"adiv","DMC",0.599039284318498
"agricolae","DMC",0.599039284318498
"ecodive","DMC",0.599039284318498
"forestHES","DMC",0.599039284318498
"tabula","DMC",0.599039284318498
"abdiv","DMG",2.8819341372124
"adiv","DMG",2.8819341372124
"agricolae","DMG",7.53736620501705
"ecodive","DMG",2.8819341372124
"tabula","DMG",2.8819341372124
"abdiv","DMN",1.46759877141069
"adiv","DMN",1.46759877141069
"ecodive","DMN",1.46759877141069
"tabula","DMN",1.46759877141069
"custom","DOD",153.846153846154
"abdiv","DQ",0
"ade4","DRAO",0.784929356357928
"BAT","DRAO",0.784929356357928
"chemodiv","DRAO",396.667359799684
"diverse","DRAO",193.593183158923
"SYNCSA","DRAO",0.784929356357928
"abdiv","DSHA",1.93885827588015
"adiv","DSHA",1.93885827588015
"aqp","DSHA",-337.665821274589
"asbio","DSHA",1.93885827588015
"benthos","DSHA",0
"BiodiversityR","DSHA",1.93885828
"biosampleR","DSHA",1.86267837793432
"chemodiv","DSHA",1.93885827588015
"codyn","DSHA",1.93885827588015
"DescTools","DSHA",2.79718121959882
"divDyn","DSHA",1.93885827588015
"divent","DSHA",1.93885827588015
"diverse","DSHA",1.86267837793432
"ecodive","DSHA",1.93885827588015
"EconGeo","DSHA",2.797
"entropart","DSHA",2.04906961255148
"forestmangr","DSHA",3.56
"HardyWeinberg","DSHA",1.93885827588015
"iNEXT","DSHA",1.939
"MCPAN","DSHA",1.93885827588015
"microbiome","DSHA",1.93885827588015
"OTUtable","DSHA",1.93885827588015
"pgirmess","DSHA",2.79718121959882
"SpiecEasi","DSHA",1.93885827588015
"sprex","DSHA",1.93885827588015
"tabula","DSHA",1.93885827588015
"triversity","DSHA",14
"vegan","DSHA",1.93885827588015
"wavethresh","DSHA",-11466.4871774151
"wiqid","DSHA",4.84615384615385
"abdiv","DSP",0.215070643642072
"agricolae","DSP",0.215070643642072
"antitrust","DSP",2150.70643642072
"benthos","DSP",0.206349206349206
"breakaway","DSP",0.215070643642072
"concstats","DSP",0.215070643642072
"DescTools","DSP",0.215070643642072
"diverse","DSP",0.181488203266788
"divseg","DSP",1.21507064364207
"EconGeo","DSP",0.215070643642072
"hhi","DSP",0.215070643642072
"ineq","DSP",0.215070643642072
"microbiome","DSP",0.215070643642072
"PDtoolkit","DSP",0.215070643642072
"politics","DSP",0.215070643642072
"REAT","DSP",0.215070643642072
"sprex","DSP",0.215070643642072
"tabula","DSP",0.215070643642072
"triversity","DSP",0.215070643642072
"wiqid","DSP",4.84615384615385
"abdiv","EBP",0.340659340659341
"agricolae","EBP",0.340659340659341
"BiodiversityR","EBP",0.34065934
"diverse","EBP",0.310344827586207
"dyvDyn","EBP",0.0285714285714286
"ecodive","EBP",0.340659340659341
"microbiome","EBP",0.340659340659341
"tabula","EBP",0.340659340659341
"triversity","EBP",0.340659340659341
"wiqid","EBP",1
"tabula","EBRI",0.728234688899949
"BAT","EBU",0.461538461538462
"microbiome","EBU",0.461538461538462
"BAT","ECAM",0.907136819224731
"microbiome","ECAM",0.883045525902669
"codyn","EEQ",0.173312425707506
"custom","EEQ",0.0354086044181314
"adiv","EEVAR",0.447970994278315
"codyn","EEVAR",0.433856679060457
"custom","EEVAR",0.447970994278315
"microbiome","EEVAR",0.447970994278315
"acid","EGIN",0.841444270015699
"DescTools","EGIN",0.841444270015698
"dplR","EGIN",0.841444270015699
"EconGeo","EGIN",0.841
"giniVarCI","EGIN",0.841444270015699
"ineq","EGIN",0.841444270015698
"microbiome","EGIN",0.841444270015698
"REAT","EGIN",0.841444270015699
"shipunov","EGIN",0.841444270015698
"wINEQ","EGIN",0.841444270015698
"adiv","EGSP",0.84530853761623
"abdiv","EHEI",0.457754656197585
"adiv","EHEI",0.457754656197585
"custom","EHUL",0.626373626373626
"benthos","EHURE",0.793650793650794
"BiodiversityR","EHURE",0.79365079
"mobr","EHURE",0.793650793650794
"vegan","EHURE",0.793650793650782
"custom","ELR",0.196696945667243
"abdiv","EMC",0.540472824664133
"tabula","EMC",0.731833683648578
"microbiome","EMN",0.626373626373626
"custom","ENHC",-0.253063881463351
"custom","EPAT",0.311375608906233
"abdiv","EPIE",0.7346783467424
"adiv","EPIE",0.7346783467424
"BiodiversityR","EPIE",0.73467835
"breakaway","EPIE",0.7346783467424
"chemodiv","EPIE",0.7346783467424
"diverse","EPIE",0.847741463092732
"forestmangr","EPIE",1
"microbiome","EPIE",0.7346783467424
"OTUtable","EPIE",0.7346783467424
"pctax","EPIE",0.7347
"sprex","EPIE",0.7346783467424
"tabula","EPIE",0.7346783467424
"custom","ESHE",0.496486466469186
"adiv","ESP",0.332116788321168
"codyn","ESP",0.332116788321168
"sprex","ESP",0.138489876848582
"tabula","ESP",0.332116788321168
"abdiv","EST",0.5
"adiv","QHIL_0",14
"adiv","QHIL_1",6.9508105305686
"adiv","QHIL_2",4.64963503649635
"adiv","QHIL_3",3.95528947212201
"BAT","QHIL_0",14
"BAT","QHIL_1",6.9508105305686
"BAT","QHIL_2",4.64963503649635
"BAT","QHIL_3",3.95528947212201
"benthos","QHIL_0",35
"benthos","QHIL_1",6.9508105305686
"benthos","QHIL_2",4.64963503649635
"benthos","QHIL_3",3.95528947212201
"breakaway","QHIL_0",14
"breakaway","QHIL_1",6.9508105305686
"breakaway","QHIL_2",4.64963503649635
"breakaway","QHIL_3",3.95528947212201
"chemodiv","QHIL_0",14
"chemodiv","QHIL_1",6.9508105305686
"chemodiv","QHIL_2",4.64963503649635
"chemodiv","QHIL_3",3.95528947212201
"divDyn","QHIL_2",4.64963503649635
"divent","QHIL_0",18
"divent","QHIL_1",7.76067730960207
"divent","QHIL_2",4.8425563799374
"divent","QHIL_3",4.0592308203498
"entropart","QHIL_0",18
"entropart","QHIL_1",7.76067730960207
"entropart","QHIL_2",4.8425563799374
"entropart","QHIL_3",4.05923082034981
"EntropyEstimation","QHIL_1",7.50869012684016
"EntropyEstimation","QHIL_2",4.84615384615384
"EntropyEstimation","QHIL_3",4.11682428426329
"extremefit","QHIL",NA
"hilldiv","QHIL_0",14
"hilldiv","QHIL_1",6.95085162033602
"hilldiv","QHIL_2",4.64963503649635
"hilldiv","QHIL_3",3.95528947212201
"hillR","QHIL_0",14
"hillR","QHIL_1",6.9508105305686
"hillR","QHIL_2",4.64963503649635
"hillR","QHIL_3",3.95528947212201
"sprex","QHIL_0",14
"sprex","QHIL_1",6.9508105305686
"sprex","QHIL_2",4.64963503649635
"sprex","QHIL_3",3.95528947212201
"vegan","QHIL_0",14
"vegan","QHIL_1",6.9508105305686
"vegan","QHIL_2",4.64963503649635
"vegan","QHIL_3",3.95528947212201
"adiv","QREN_0",2.63905732961526
"adiv","QREN_1",1.93885827588015
"adiv","QREN_2",1.53678872974404
"adiv","QREN_3",1.37505378997539
"BiodiversityR","QREN_0",2.63905732961526
"BiodiversityR","QREN_1",1.93885827588015
"BiodiversityR","QREN_2",1.53678872974404
"BiodiversityR","QREN_3",1.37505378997539
"diverse","QREN_0",2.19722457733622
"diverse","QREN_1",1.86267837793432
"diverse","QREN_2",1.63168108976752
"diverse","QREN_3",1.49887169848595
"EntropyEstimation","QREN_1",2.01606103336521
"EntropyEstimation","QREN_2",1.57818536893
"EntropyEstimation","QREN_3",1.41508206134822
"seewave","QREN_2",0.432247068168648
"seewave","QREN_3",0.386756458385887
"sprex","QREN_0",2.63905732961526
"sprex","QREN_1",1.93885827588015
"sprex","QREN_2",1.53678872974404
"sprex","QREN_3",1.37505378997539
"statcomp","QREN_1",0.545335714632654
"statcomp","QREN_2",0.432247055187121
"statcomp","QREN_3",0.386756448649742
"vegan","QREN_0",2.63905732961526
"vegan","QREN_1",1.93885827588015
"vegan","QREN_2",1.53678872974404
"vegan","QREN_3",1.37505378997539
"adiv","QTSA_0",13
"adiv","QTSA_1",1.93885827588015
"adiv","QTSA_2",0.784929356357928
"adiv","QTSA_3",0.468039507889768
"divent","QTSA_0",13
"divent","QTSA_1",1.93885827588015
"divent","QTSA_2",0.784929356357928
"divent","QTSA_3",0.468039507889768
"entropart","QTSA_0",17
"entropart","QTSA_1",2.04906961255148
"entropart","QTSA_2",0.793497499762114
"entropart","QTSA_3",0.46965532365696
"EntropyEstimation","QTSA_1",2.01606103336521
"EntropyEstimation","QTSA_2",0.793650793650793
"EntropyEstimation","QTSA_3",0.470498415442236
"vegan","QTSA_0",13
"vegan","QTSA_1",1.93885827588015
"vegan","QTSA_2",0.784929356357928
"vegan","QTSA_3",0.468039507889768
"BAT","RACE",17.1111111111111
"ecodive","RACE",17.1111111111111
"fossil","RACE",15.6
"pctax","RACE",17.1111
"sprex","RACE",92.2342559870338
"tabula","RACE",17.1111111111111
"vegan","RACE",17.1111111111111
"wiqid","RACE",17.1111111111111
"BiodiversityR","RBOO",14
"wiqid","RBOO",35
"BAT","RC1",16
"BiodiversityR","RC1",14
"biosampleR","RC1",9
"iNEXT","RC1",17.956
"microbiome","RC1",16
"pctax","RC1",16
"rareNMtests","RC1",14
"SpadeR","RC1",14
"SSP","RC1",13
"vegan","RC1",16
"BAT","RC1M",17.3061224489796
"divent","RC1M",17.956043956044
"ecodive","RC1M",18
"entropart","RC1M",17.956043956044
"fossil","RC1M",18
"mobr","RC1M",17.956043956044
"OTUtable","RC1M",18
"tabula","RC1M",17.956043956044
"wiqid","RC1M",18
"BAT","RCA2",35
"divDyn","RCA2",15.8571428571429
"fossil","RCA2",18
"tabula","RCA2",14
"wiqid","RCA2",14
"benthos","RHUR_2",1.79365079365078
"benthos","RHUR_3",2.43995555006792
"divent","RHUR_2",4.84615377085828
"divent","RHUR_3",4.99957369205357
"entropart","RHUR_2",1.79365079365078
"entropart","RHUR_3",2.43995555006791
"mobsim","RHUR_2",1.79365079365078
"mobsim","RHUR_3",2.43995555006792
"tabula","RHUR_2",1.79365079365216
"tabula","RHUR_3",2.43995555006872
"vegan","RHUR_2",1.79365079365078
"vegan","RHUR_3",2.43995555006792
"BAT","RICE",35
"fossil","RICE",15.6
"tabula","RICE",14
"wiqid","RICE",14
"BAT","RJA1",18
"BiodiversityR","RJA1",14
"divent","RJA1",18
"entropart","RJA1",18
"fossil","RJA1",17.956043956044
"SSP","RJA1",13
"tabula","RJA1",1.93885827588015
"wiqid","RJA1",18
"BAT","RJA2",20
"BiodiversityR","RJA2",14
"fossil","RJA2",19.8019536019536
"SSP","RJA2",13
"wiqid","RJA2",20
"sprex","RMM",95
"wiqid","RMM",0
"divDyn","RSQ",17.4645592705167
"ecodive","RSQ",17.4645592705167
"tabula","RSQ",17.4645592705167
"abdiv","D1SP",0.741071428571429
"ade4","D1SP",0.741071428571429
"adiv","D1SP",0.741071428571429
"agricolae","D1SP",1
"asbio","D1SP",0.741071428571429
"BiodiversityR","D1SP",0.74107143
"biosampleR","D1SP",0.696844993141289
"breakaway","D1SP",0.741071428571429
"catsim","D1SP",0.550204081632653
"concstats","2_D1SP",0.795378151260504
"concstats","D1SP",0.978203781512605
"CUB","D1SP",0.762867647058823
"DescTools","2_D1SP",0.741071428571429
"DescTools","D1SP",0.89390756302521
"divent","D1SP",0.741071428571429
"diverse","D1SP",0.696844993141289
"ecodive","D1SP",0.741071428571429
"entropart","D1SP",0.741071428571429
"lawstat","D1SP",0.89390756302521
"MCPAN","D1SP",-3247
"microbiome","D1SP",0.741071428571429
"PCRA","D1SP",0.741071428571429
"RoughSets","D1SP",0.741071428571429
"simboot","D1SP",-3247
"sprex","D1SP",0.741071428571429
"untb","D1SP",0.747747747747748
"vegan","D1SP",0.741071428571429
"abdiv","DBRI",1.59546566552509
"ecodive","DBRI",1.59546566552509
"tabula","DBRI",1.59546566552509
"wiqid","DBRI",4.93062455948748
"BiodiversityR","DFIS",3.40637663
"ecodive","DFIS",3.406
"microbiome","DFIS",3.4063766329861
"preseqR","DFIS",11.180156595342
"sads","DFIS",3.40636909908447
"vegan","DFIS",3.4063766329861
"custom","DGLE",2.54318170403765
"DGOO","1_1",1.7474499589395
"DGOO","1_2",0.385537400910146
"DGOO","1_3",1
"DGOO","2_1",0.289318379849977
"DGOO","2_2",0.678649076978546
"DGOO","2_3",1
"DGOO","3_1",0.0910153891271078
"DGOO","3_2",0.111376234954017
"DGOO","3_3",1
"abdiv","DINVSP",3.86206896551724
"adiv","DINVSP",3.86206896551724
"asbio","DINVSP",3.86206896551724
"BiodiversityR","DINVSP",3.86206897
"breakaway","DINVSP",3.86206896551724
"chemodiv","DINVSP",3.86206896551724
"codyn","DINVSP",3.86206896551724
"divseg","DINVSP",1.25892857142857
"ecodive","DINVSP",3.86206896551724
"microbiome","DINVSP",3.86206896551724
"sprex","DINVSP",3.86206896551724
"vegan","DINVSP",3.86206896551724
"custom","DKO",0.52
"asbio","DLMD",10.8007645430194
"Compositional","DLMD",0.999958992306093
"sads","DLMD",1.48590532162905
"vegan","DLMD",13.2031151410363
"abdiv","DMC",0.542401919297512
"adiv","DMC",0.542401919297512
"agricolae","DMC",0.542401919297512
"ecodive","DMC",0.542401919297512
"forestHES","DMC",0.542401919297512
"tabula","DMC",0.542401919297512
"abdiv","DMG",2.33124989536785
"adiv","DMG",2.33124989536785
"agricolae","DMG",7.20568149477335
"ecodive","DMG",2.33124989536785
"tabula","DMG",2.33124989536785
"abdiv","DMN",1.13389341902768
"adiv","DMN",1.13389341902768
"ecodive","DMN",1.13389341902768
"tabula","DMN",1.13389341902768
"custom","DOD",107.142857142857
"abdiv","DQ",0
"ade4","DRAO",0.741071428571428
"BAT","DRAO",0.741071428571428
"chemodiv","DRAO",412.04923646355
"diverse","DRAO",205.821915736023
"SYNCSA","DRAO",0.741071428571429
"abdiv","DSHA",1.7474499589395
"adiv","DSHA",1.7474499589395
"aqp","DSHA",-480.067563594524
"asbio","DSHA",1.7474499589395
"benthos","DSHA",0
"BiodiversityR","DSHA",1.74744996
"biosampleR","DSHA",1.6080244480804
"chemodiv","DSHA",1.7474499589395
"codyn","DSHA",1.7474499589395
"DescTools","DSHA",2.52103738996364
"divDyn","DSHA",1.7474499589395
"divent","DSHA",1.7474499589395
"diverse","DSHA",1.6080244480804
"ecodive","DSHA",1.7474499589395
"EconGeo","DSHA",2.521
"entropart","DSHA",1.80795376251253
"forestmangr","DSHA",3.56
"HardyWeinberg","DSHA",1.7474499589395
"iNEXT","DSHA",1.747
"MCPAN","DSHA",1.7474499589395
"microbiome","DSHA",1.7474499589395
"OTUtable","DSHA",1.7474499589395
"pgirmess","DSHA",2.52103738996364
"SpiecEasi","DSHA",1.7474499589395
"sprex","DSHA",1.7474499589395
"tabula","DSHA",1.7474499589395
"triversity","DSHA",12
"vegan","DSHA",1.7474499589395
"wavethresh","DSHA",-23392.9491542567
"wiqid","DSHA",3.96428571428571
"abdiv","DSP",0.258928571428571
"agricolae","DSP",0.258928571428571
"antitrust","DSP",2589.28571428571
"benthos","DSP",0.252252252252252
"breakaway","DSP",0.258928571428571
"concstats","DSP",0.258928571428571
"DescTools","DSP",0.258928571428571
"diverse","DSP",0.296642436829353
"divseg","DSP",1.25892857142857
"EconGeo","DSP",0.258928571428571
"hhi","DSP",0.258928571428571
"ineq","DSP",0.258928571428571
"microbiome","DSP",0.258928571428571
"PDtoolkit","DSP",0.258928571428571
"politics","DSP",0.258928571428571
"REAT","DSP",0.258928571428571
"sprex","DSP",0.258928571428571
"tabula","DSP",0.258928571428571
"triversity","DSP",0.258928571428571
"wiqid","DSP",3.96428571428571
"abdiv","EBP",0.410714285714286
"agricolae","EBP",0.410714285714286
"BiodiversityR","EBP",0.41071429
"diverse","EBP",0.5
"dyvDyn","EBP",0.0285714285714286
"ecodive","EBP",0.410714285714286
"microbiome","EBP",0.410714285714286
"tabula","EBP",0.410714285714286
"triversity","EBP",0.410714285714286
"wiqid","EBP",1
"tabula","EBRI",0.695520680180922
"BAT","EBU",0.431818181818182
"microbiome","EBU",0.431818181818182
"BAT","ECAM",0.887987012987013
"microbiome","ECAM",0.936755952380952
"codyn","EEQ",0.154548123420392
"custom","EEQ",0.0493525782116327
"adiv","EEVAR",0.423037993445245
"codyn","EEVAR",0.405238970381333
"custom","EEVAR",0.423037993445245
"microbiome","EEVAR",0.423037993445245
"acid","EGIN",0.868367346938775
"DescTools","EGIN",0.868367346938775
"dplR","EGIN",0.868367346938775
"EconGeo","EGIN",0.868
"giniVarCI","EGIN",0.868367346938775
"ineq","EGIN",0.868367346938775
"microbiome","EGIN",0.868367346938776
"REAT","EGIN",0.868367346938775
"shipunov","EGIN",0.868367346938776
"wINEQ","EGIN",0.868367346938775
"adiv","EGSP",0.808441558441558
"abdiv","EHEI",0.430904263386883
"adiv","EHEI",0.430904263386883
"custom","EHUL",0.6875
"benthos","EHURE",0.747747747747748
"BiodiversityR","EHURE",0.74774775
"mobr","EHURE",0.747747747747748
"vegan","EHURE",0.747747747747737
"custom","ELR",0.191964405174199
"abdiv","EMC",0.563965590814196
"tabula","EMC",0.690471793251769
"microbiome","EMN",0.6875
"custom","ENHC",-0.305085099258103
"custom","EPAT",0.394637542748481
"abdiv","EPIE",0.703225595653094
"adiv","EPIE",0.703225595653094
"BiodiversityR","EPIE",0.7032256
"breakaway","EPIE",0.703225595653094
"chemodiv","EPIE",0.703225595653094
"diverse","EPIE",0.670598281051623
"forestmangr","EPIE",1
"microbiome","EPIE",0.703225595653094
"OTUtable","EPIE",0.703225595653094
"pctax","EPIE",0.7032
"sprex","EPIE",0.703225595653094
"tabula","EPIE",0.703225595653094
"custom","ESHE",0.478328908104643
"adiv","ESP",0.32183908045977
"codyn","ESP",0.32183908045977
"sprex","ESP",0.145620829911625
"tabula","ESP",0.32183908045977
"abdiv","EST",0.520833333333333
"adiv","QHIL_0",12
"adiv","QHIL_1",5.73994689725571
"adiv","QHIL_2",3.86206896551724
"adiv","QHIL_3",3.31041942283303
"BAT","QHIL_0",12
"BAT","QHIL_1",5.73994689725571
"BAT","QHIL_2",3.86206896551724
"BAT","QHIL_3",3.31041942283303
"benthos","QHIL_0",35
"benthos","QHIL_1",5.73994689725571
"benthos","QHIL_2",3.86206896551724
"benthos","QHIL_3",3.31041942283303
"breakaway","QHIL_0",12
"breakaway","QHIL_1",5.73994689725571
"breakaway","QHIL_2",3.86206896551724
"breakaway","QHIL_3",3.31041942283303
"chemodiv","QHIL_0",12
"chemodiv","QHIL_1",5.73994689725571
"chemodiv","QHIL_2",3.86206896551724
"chemodiv","QHIL_3",3.31041942283303
"divDyn","QHIL_2",3.86206896551724
"divent","QHIL_0",14
"divent","QHIL_1",6.09795678939867
"divent","QHIL_2",3.96348770006123
"divent","QHIL_3",3.37202068109394
"entropart","QHIL_0",14
"entropart","QHIL_1",6.09795678939867
"entropart","QHIL_2",3.96348770006123
"entropart","QHIL_3",3.37202068109394
"EntropyEstimation","QHIL_1",6.04765043922008
"EntropyEstimation","QHIL_2",3.96428571428571
"EntropyEstimation","QHIL_3",3.39451767601534
"extremefit","QHIL",NA
"hilldiv","QHIL_0",12
"hilldiv","QHIL_1",5.73998144269402
"hilldiv","QHIL_2",3.86206896551724
"hilldiv","QHIL_3",3.31041942283303
"hillR","QHIL_0",12
"hillR","QHIL_1",5.73994689725571
"hillR","QHIL_2",3.86206896551724
"hillR","QHIL_3",3.31041942283303
"sprex","QHIL_0",12
"sprex","QHIL_1",5.73994689725571
"sprex","QHIL_2",3.86206896551724
"sprex","QHIL_3",3.31041942283303
"vegan","QHIL_0",12
"vegan","QHIL_1",5.73994689725571
"vegan","QHIL_2",3.86206896551724
"vegan","QHIL_3",3.31041942283304
"adiv","QREN_0",2.484906649788
"adiv","QREN_1",1.7474499589395
"adiv","QREN_2",1.35120304130862
"adiv","QREN_3",1.19707489520829
"BiodiversityR","QREN_0",2.484906649788
"BiodiversityR","QREN_1",1.7474499589395
"BiodiversityR","QREN_2",1.35120304130862
"BiodiversityR","QREN_3",1.19707489520829
"diverse","QREN_0",2.39789527279837
"diverse","QREN_1",1.6080244480804
"diverse","QREN_2",1.19351103049091
"diverse","QREN_3",1.01095742874995
"EntropyEstimation","QREN_1",1.79966983945887
"EntropyEstimation","QREN_2",1.37732569113713
"EntropyEstimation","QREN_3",1.22216168199754
"seewave","QREN_2",0.380048045651542
"seewave","QREN_3",0.336696971803762
"sprex","QREN_0",2.484906649788
"sprex","QREN_1",1.7474499589395
"sprex","QREN_2",1.35120304130862
"sprex","QREN_3",1.19707489520829
"statcomp","QREN_1",0.491498983704976
"statcomp","QREN_2",0.380048034099528
"statcomp","QREN_3",0.336696963139752
"vegan","QREN_0",2.484906649788
"vegan","QREN_1",1.7474499589395
"vegan","QREN_2",1.35120304130862
"vegan","QREN_3",1.19707489520829
"adiv","QTSA_0",11
"adiv","QTSA_1",1.7474499589395
"adiv","QTSA_2",0.741071428571429
"adiv","QTSA_3",0.45437488611516
"divent","QTSA_0",11
"divent","QTSA_1",1.7474499589395
"divent","QTSA_2",0.741071428571429
"divent","QTSA_3",0.45437488611516
"entropart","QTSA_0",13
"entropart","QTSA_1",1.80795376251253
"entropart","QTSA_2",0.747696958922175
"entropart","QTSA_3",0.456026650738166
"EntropyEstimation","QTSA_1",1.79966983945887
"EntropyEstimation","QTSA_2",0.747747747747748
"EntropyEstimation","QTSA_3",0.456607581607582
"vegan","QTSA_0",11
"vegan","QTSA_1",1.7474499589395
"vegan","QTSA_2",0.741071428571429
"vegan","QTSA_3",0.45437488611516
"BAT","RACE",13.0560146923783
"ecodive","RACE",13.0560146923783
"fossil","RACE",12.6060606060606
"pctax","RACE",13.056
"sprex","RACE",114.796310080817
"tabula","RACE",13.0560146923783
"vegan","RACE",13.0560146923783
"wiqid","RACE",13.0560146923783
"BiodiversityR","RBOO",12
"wiqid","RBOO",35
"BAT","RC1",12.5
"BiodiversityR","RC1",12
"biosampleR","RC1",12.5
"iNEXT","RC1",13.982
"microbiome","RC1",12.5
"pctax","RC1",12.5
"rareNMtests","RC1",12
"SpadeR","RC1",12
"SSP","RC1",11
"vegan","RC1",12.5
"BAT","RC1M",12.8472222222222
"divent","RC1M",13.9821428571429
"ecodive","RC1M",14
"entropart","RC1M",13.9821428571429
"fossil","RC1M",14
"mobr","RC1M",13.9821428571429
"OTUtable","RC1M",14
"tabula","RC1M",13.9821428571429
"wiqid","RC1M",14
"BAT","RCA2",35
"divDyn","RCA2",12.4583333333333
"fossil","RCA2",14
"tabula","RCA2",12
"wiqid","RCA2",12
"benthos","RHUR_2",1.74774774774774
"benthos","RHUR_3",2.33002808002805
"divent","RHUR_2",3.96430914020573
"divent","RHUR_3",4.1150873176868
"entropart","RHUR_2",1.74774774774774
"entropart","RHUR_3",2.33002808002805
"mobsim","RHUR_2",1.74774774774774
"mobsim","RHUR_3",2.33002808002805
"tabula","RHUR_2",1.74774774774835
"tabula","RHUR_3",2.33002808002811
"vegan","RHUR_2",1.74774774774774
"vegan","RHUR_3",2.33002808002805
"BAT","RICE",35
"fossil","RICE",12.6060606060606
"tabula","RICE",12
"wiqid","RICE",12
"BAT","RJA1",14
"BiodiversityR","RJA1",12
"divent","RJA1",14
"entropart","RJA1",14
"fossil","RJA1",13.9821428571429
"SSP","RJA1",11
"tabula","RJA1",1.7474499589395
"wiqid","RJA1",14
"BAT","RJA2",15
"BiodiversityR","RJA2",12
"fossil","RJA2",14.9195624195624
"SSP","RJA2",11
"wiqid","RJA2",15
"sprex","RMM",117
"wiqid","RMM",0
"divDyn","RSQ",13.0376996805112
"ecodive","RSQ",13.0376996805112
"tabula","RSQ",13.0376996805112
"abdiv","D1SP",0.844137931034483
"ade4","D1SP",0.844137931034483
"adiv","D1SP",0.844137931034483
"agricolae","D1SP",1
"asbio","D1SP",0.844137931034483
"BiodiversityR","D1SP",0.84413793
"biosampleR","D1SP",0.78125
"breakaway","D1SP",0.844137931034483
"catsim","D1SP",0.649795918367347
"concstats","2_D1SP",0.795378151260504
"concstats","D1SP",0.975172413793103
"CUB","D1SP",0.868965517241379
"DescTools","2_D1SP",0.844137931034483
"DescTools","D1SP",0.827180527383367
"divent","D1SP",0.844137931034483
"diverse","D1SP",0.78125
"ecodive","D1SP",0.844137931034483
"entropart","D1SP",0.844137931034483
"lawstat","D1SP",0.827180527383367
"MCPAN","D1SP",-3276
"microbiome","D1SP",0.844137931034483
"PCRA","D1SP",0.844137931034483
"RoughSets","D1SP",0.844137931034483
"simboot","D1SP",-3276
"sprex","D1SP",0.844137931034483
"untb","D1SP",0.85
"vegan","D1SP",0.844137931034483
"abdiv","DBRI",2.0307619583837
"ecodive","DBRI",2.0307619583837
"tabula","DBRI",2.0307619583837
"wiqid","DBRI",7.61989018657209
"BiodiversityR","DFIS",4.20195452
"ecodive","DFIS",4.202
"microbiome","DFIS",4.20195451659514
"preseqR","DFIS",9.10496294091184
"sads","DFIS",4.20198101265439
"vegan","DFIS",4.20195451659514
"custom","DGLE",3.01402501647684
"DGOO","1_1",2.19229065822757
"DGOO","1_2",0.459388312824686
"DGOO","1_3",1
"DGOO","2_1",0.250408592086169
"DGOO","2_2",0.974427650512432
"DGOO","2_3",1
"DGOO","3_1",0.0490918343374556
"DGOO","3_2",0.117848667365797
"DGOO","3_3",1
"abdiv","DINVSP",6.41592920353982
"adiv","DINVSP",6.41592920353982
"asbio","DINVSP",6.41592920353982
"BiodiversityR","DINVSP",6.4159292
"breakaway","DINVSP",6.41592920353982
"chemodiv","DINVSP",6.41592920353982
"codyn","DINVSP",6.41592920353982
"divseg","DINVSP",1.15586206896552
"ecodive","DINVSP",6.41592920353982
"microbiome","DINVSP",6.41592920353982
"sprex","DINVSP",6.41592920353982
"vegan","DINVSP",6.41592920353982
"custom","DKO",0.4
"asbio","DLMD",NA
"Compositional","DLMD",0.999958992306093
"sads","DLMD",1.68731925599392
"vegan","DLMD",16.6424130058708
"abdiv","DMC",0.660017789748219
"adiv","DMC",0.660017789748219
"agricolae","DMC",0.660017789748219
"ecodive","DMC",0.660017789748219
"forestHES","DMC",0.660017789748219
"tabula","DMC",0.660017789748219
"abdiv","DMG",2.81309001537838
"adiv","DMG",2.81309001537838
"agricolae","DMG",6.8317900373475
"ecodive","DMG",2.81309001537838
"tabula","DMG",2.81309001537838
"abdiv","DMN",1.2456821978061
"adiv","DMN",1.2456821978061
"ecodive","DMN",1.2456821978061
"tabula","DMN",1.2456821978061
"custom","DOD",103.448275862069
"abdiv","DQ",0
"ade4","DRAO",0.844137931034483
"BAT","DRAO",0.844137931034483
"chemodiv","DRAO",381.216845219748
"diverse","DRAO",166.257937957176
"SYNCSA","DRAO",0.844137931034483
"abdiv","DSHA",2.19229065822757
"adiv","DSHA",2.19229065822757
"aqp","DSHA",-582.479823234408
"asbio","DSHA",2.19229065822757
"benthos","DSHA",0
"BiodiversityR","DSHA",2.19229066
"biosampleR","DSHA",1.55958115625988
"chemodiv","DSHA",2.19229065822757
"codyn","DSHA",2.19229065822757
"DescTools","DSHA",3.16280686081212
"divDyn","DSHA",2.19229065822757
"divent","DSHA",2.19229065822757
"diverse","DSHA",1.55958115625988
"ecodive","DSHA",2.19229065822757
"EconGeo","DSHA",3.163
"entropart","DSHA",2.24358891197738
"forestmangr","DSHA",3.56
"HardyWeinberg","DSHA",2.19229065822757
"iNEXT","DSHA",2.192
"MCPAN","DSHA",2.19229065822757
"microbiome","DSHA",2.19229065822757
"OTUtable","DSHA",2.19229065822757
"pgirmess","DSHA",3.16280686081212
"SpiecEasi","DSHA",2.19229065822757
"sprex","DSHA",2.19229065822757
"tabula","DSHA",2.19229065822757
"triversity","DSHA",15
"vegan","DSHA",2.19229065822757
"wavethresh","DSHA",-22087.8316506011
"wiqid","DSHA",6.66666666666667
"abdiv","DSP",0.155862068965517
"agricolae","DSP",0.155862068965517
"antitrust","DSP",1558.62068965517
"benthos","DSP",0.15
"breakaway","DSP",0.155862068965517
"concstats","DSP",0.155862068965517
"DescTools","DSP",0.155862068965517
"diverse","DSP",0.107142857142857
"divseg","DSP",1.15586206896552
"EconGeo","DSP",0.155862068965517
"hhi","DSP",0.155862068965517
"ineq","DSP",0.155862068965517
"microbiome","DSP",0.155862068965517
"PDtoolkit","DSP",0.155862068965517
"politics","DSP",0.155862068965517
"REAT","DSP",0.155862068965517
"sprex","DSP",0.155862068965517
"tabula","DSP",0.155862068965517
"triversity","DSP",0.155862068965517
"wiqid","DSP",6.66666666666667
"abdiv","EBP",0.303448275862069
"agricolae","EBP",0.303448275862069
"BiodiversityR","EBP",0.30344828
"diverse","EBP",0.25
"dyvDyn","EBP",0.0285714285714286
"ecodive","EBP",0.303448275862069
"microbiome","EBP",0.303448275862069
"tabula","EBP",0.303448275862069
"triversity","EBP",0.303448275862069
"wiqid","EBP",1
"tabula","EBRI",0.80678302758637
"BAT","EBU",0.576354679802956
"microbiome","EBU",0.576354679802956
"BAT","ECAM",0.922627257799672
"microbiome","ECAM",0.794022988505747
"codyn","EEQ",0.165279023303983
"custom","EEQ",0.032770425977441
"adiv","EEVAR",0.438194575002887
"codyn","EEVAR",0.425751049064427
"custom","EEVAR",0.438194575002887
"microbiome","EEVAR",0.438194575002886
"acid","EGIN",0.803546798029557
"DescTools","EGIN",0.803546798029557
"dplR","EGIN",0.803546798029557
"EconGeo","EGIN",0.804
"giniVarCI","EGIN",0.803546798029557
"ineq","EGIN",0.803546798029557
"microbiome","EGIN",0.803546798029557
"REAT","EGIN",0.803546798029557
"shipunov","EGIN",0.803546798029557
"wINEQ","EGIN",0.803546798029557
"adiv","EGSP",0.904433497536946
"abdiv","EHEI",0.568264578149317
"adiv","EHEI",0.568264578149317
"custom","EHUL",0.475862068965517
"benthos","EHURE",0.85
"BiodiversityR","EHURE",0.85
"mobr","EHURE",0.85
"vegan","EHURE",0.849999999999981
"custom","ELR",0.235329958387913
"abdiv","EMC",0.436807259831645
"tabula","EMC",0.81586059567947
"microbiome","EMN",0.475862068965517
"custom","ENHC",-0.250849672451507
"custom","EPAT",0.201133428264535
"abdiv","EPIE",0.809545796948403
"adiv","EPIE",0.809545796948403
"BiodiversityR","EPIE",0.8095458
"breakaway","EPIE",0.809545796948403
"chemodiv","EPIE",0.809545796948403
"diverse","EPIE",0.969022255665134
"forestmangr","EPIE",1
"microbiome","EPIE",0.809545796948403
"OTUtable","EPIE",0.809545796948403
"pctax","EPIE",0.8095
"sprex","EPIE",0.809545796948403
"tabula","EPIE",0.809545796948403
"custom","ESHE",0.597046939606029
"adiv","ESP",0.427728613569322
"codyn","ESP",0.427728613569322
"sprex","ESP",0.146152710548505
"tabula","ESP",0.427728613569322
"abdiv","EST",0.395402298850575
"adiv","QHIL_0",15
"adiv","QHIL_1",8.95570409409043
"adiv","QHIL_2",6.41592920353982
"adiv","QHIL_3",5.28124070985259
"BAT","QHIL_0",15
"BAT","QHIL_1",8.95570409409043
"BAT","QHIL_2",6.41592920353982
"BAT","QHIL_3",5.28124070985259
"benthos","QHIL_0",35
"benthos","QHIL_1",8.95570409409043
"benthos","QHIL_2",6.41592920353982
"benthos","QHIL_3",5.28124070985259
"breakaway","QHIL_0",15
"breakaway","QHIL_1",8.95570409409043
"breakaway","QHIL_2",6.41592920353982
"breakaway","QHIL_3",5.28124070985259
"chemodiv","QHIL_0",15
"chemodiv","QHIL_1",8.95570409409043
"chemodiv","QHIL_2",6.41592920353982
"chemodiv","QHIL_3",5.28124070985259
"divDyn","QHIL_2",6.41592920353982
"divent","QHIL_0",17
"divent","QHIL_1",9.42710369345416
"divent","QHIL_2",6.58874398318522
"divent","QHIL_3",5.38991534120277
"entropart","QHIL_0",17
"entropart","QHIL_1",9.42710369345416
"entropart","QHIL_2",6.58874398318522
"entropart","QHIL_3",5.38991534120277
"EntropyEstimation","QHIL_1",9.42332830404779
"EntropyEstimation","QHIL_2",6.66666666666667
"EntropyEstimation","QHIL_3",5.47079816164063
"extremefit","QHIL",NA
"hilldiv","QHIL_0",15
"hilldiv","QHIL_1",8.9557422202239
"hilldiv","QHIL_2",6.41592920353982
"hilldiv","QHIL_3",5.28124070985259
"hillR","QHIL_0",15
"hillR","QHIL_1",8.95570409409043
"hillR","QHIL_2",6.41592920353982
"hillR","QHIL_3",5.28124070985259
"sprex","QHIL_0",15
"sprex","QHIL_1",8.95570409409043
"sprex","QHIL_2",6.41592920353982
"sprex","QHIL_3",5.28124070985259
"vegan","QHIL_0",15
"vegan","QHIL_1",8.95570409409043
"vegan","QHIL_2",6.41592920353982
"vegan","QHIL_3",5.28124070985259
"adiv","QREN_0",2.70805020110221
"adiv","QREN_1",2.19229065822757
"adiv","QREN_2",1.85878383614233
"adiv","QREN_3",1.66416105304063
"BiodiversityR","QREN_0",2.70805020110221
"BiodiversityR","QREN_1",2.19229065822757
"BiodiversityR","QREN_2",1.85878383614233
"BiodiversityR","QREN_3",1.66416105304063
"diverse","QREN_0",1.6094379124341
"diverse","QREN_1",1.55958115625988
"diverse","QREN_2",1.51982575374441
"diverse","QREN_3",1.49011404350901
"EntropyEstimation","QREN_1",2.24318834933167
"EntropyEstimation","QREN_2",1.89711998488588
"EntropyEstimation","QREN_3",1.69942452199402
"seewave","QREN_2",0.52281347186859
"seewave","QREN_3",0.468072617630898
"sprex","QREN_0",2.70805020110221
"sprex","QREN_1",2.19229065822757
"sprex","QREN_2",1.85878383614233
"sprex","QREN_3",1.66416105304063
"statcomp","QREN_1",0.616617732022887
"statcomp","QREN_2",0.522813464109516
"statcomp","QREN_3",0.468072611811593
"vegan","QREN_0",2.70805020110221
"vegan","QREN_1",2.19229065822757
"vegan","QREN_2",1.85878383614233
"vegan","QREN_3",1.66416105304063
"adiv","QTSA_0",14
"adiv","QTSA_1",2.19229065822757
"adiv","QTSA_2",0.844137931034483
"adiv","QTSA_3",0.482073393743081
"divent","QTSA_0",14
"divent","QTSA_1",2.19229065822757
"divent","QTSA_2",0.844137931034483
"divent","QTSA_3",0.482073393743081
"entropart","QTSA_0",16
"entropart","QTSA_1",2.24358891197738
"entropart","QTSA_2",0.848226004447578
"entropart","QTSA_3",0.482788999521154
"EntropyEstimation","QTSA_1",2.24318834933167
"EntropyEstimation","QTSA_2",0.85
"EntropyEstimation","QTSA_3",0.483294148380355
"vegan","QTSA_0",14
"vegan","QTSA_1",2.19229065822757
"vegan","QTSA_2",0.844137931034483
"vegan","QTSA_3",0.482073393743081
"BAT","RACE",16.1161206100551
"ecodive","RACE",16.1161206100551
"fossil","RACE",15.4210526315789
"pctax","RACE",16.1161
"sprex","RACE",146.283890481395
"tabula","RACE",16.1161206100551
"vegan","RACE",16.1161206100551
"wiqid","RACE",16.1161206100551
"BiodiversityR","RBOO",15
"wiqid","RBOO",35
"BAT","RC1",15.25
"BiodiversityR","RC1",15
"biosampleR","RC1",5.25
"iNEXT","RC1",15.662
"microbiome","RC1",15.25
"pctax","RC1",15.25
"rareNMtests","RC1",15
"SpadeR","RC1",15
"SSP","RC1",14
"vegan","RC1",15.25
"BAT","RC1M",15.5211111111111
"divent","RC1M",15.6620689655172
"ecodive","RC1M",15.6666666666667
"entropart","RC1M",15.6620689655172
"fossil","RC1M",15.6666666666667
"mobr","RC1M",15.6620689655172
"OTUtable","RC1M",15.6666666666667
"tabula","RC1M",15.6620689655172
"wiqid","RC1M",15.6666666666667
"BAT","RCA2",35
"divDyn","RCA2",15.2333333333333
"fossil","RCA2",15.6666666666667
"tabula","RCA2",15
"wiqid","RCA2",15
"benthos","RHUR_2",1.84999999999998
"benthos","RHUR_3",2.58341170323924
"divent","RHUR_2",6.66664196411711
"divent","RHUR_3",6.85097734998687
"entropart","RHUR_2",1.84999999999998
"entropart","RHUR_3",2.58341170323924
"mobsim","RHUR_2",1.84999999999998
"mobsim","RHUR_3",2.58341170323924
"tabula","RHUR_2",1.85000000000105
"tabula","RHUR_3",2.58341170324101
"vegan","RHUR_2",1.84999999999998
"vegan","RHUR_3",2.58341170323924
"BAT","RICE",35
"fossil","RICE",15.4210526315789
"tabula","RICE",15
"wiqid","RICE",15
"BAT","RJA1",17
"BiodiversityR","RJA1",15
"divent","RJA1",17
"entropart","RJA1",17
"fossil","RJA1",16.9862068965517
"SSP","RJA1",14
"tabula","RJA1",2.19229065822757
"wiqid","RJA1",17
"BAT","RJA2",16
"BiodiversityR","RJA2",15
"fossil","RJA2",15.9791666666667
"SSP","RJA2",14
"wiqid","RJA2",16
"sprex","RMM",152
"wiqid","RMM",0
"divDyn","RSQ",15.6243391283639
"ecodive","RSQ",15.6243391283639
"tabula","RSQ",15.6243391283639
"abdiv","D1SP",0.698875468554769
"ade4","D1SP",0.698875468554769
"adiv","D1SP",0.698875468554769
"agricolae","D1SP",1
"asbio","D1SP",0.698875468554769
"BiodiversityR","D1SP",0.69887547
"biosampleR","D1SP",0.723721057304829
"breakaway","D1SP",0.698875468554769
"catsim","D1SP",0.388571428571429
"concstats","2_D1SP",0.795378151260504
"concstats","D1SP",0.979444839160154
"CUB","D1SP",0.719430629394615
"DescTools","2_D1SP",0.698875468554769
"DescTools","D1SP",0.931572629051621
"divent","D1SP",0.698875468554769
"diverse","D1SP",0.723721057304829
"ecodive","D1SP",0.698875468554769
"entropart","D1SP",0.698875468554769
"lawstat","D1SP",0.931572629051621
"MCPAN","D1SP",-722
"microbiome","D1SP",0.698875468554769
"PCRA","D1SP",0.698875468554769
"RoughSets","D1SP",0.698875468554769
"simboot","D1SP",-722
"sprex","D1SP",0.698875468554769
"untb","D1SP",0.71343537414966
"vegan","D1SP",0.698875468554769
"abdiv","DBRI",1.2666943902531
"ecodive","DBRI",1.2666943902531
"tabula","DBRI",1.2666943902531
"wiqid","DBRI",3.54910120681646
"BiodiversityR","DFIS",2.71450956
"ecodive","DFIS",2.715
"microbiome","DFIS",2.71450955596897
"preseqR","DFIS",6.55651982622623
"sads","DFIS",2.71450713583684
"vegan","DFIS",2.71450955596897
"custom","DGLE",2.055593369479
"DGOO","1_1",1.45175112233038
"DGOO","1_2",0.382735482874911
"DGOO","1_3",1
"DGOO","2_1",0.318083381601002
"DGOO","2_2",0.570276608474629
"DGOO","2_3",1
"DGOO","3_1",0.106678793782422
"DGOO","3_2",0.121181093505236
"DGOO","3_3",1
"abdiv","DINVSP",3.32088520055325
"adiv","DINVSP",3.32088520055325
"asbio","DINVSP",3.32088520055325
"BiodiversityR","DINVSP",3.3208852
"breakaway","DINVSP",3.32088520055325
"chemodiv","DINVSP",3.32088520055325
"codyn","DINVSP",3.32088520055325
"divseg","DINVSP",1.30112453144523
"ecodive","DINVSP",3.32088520055325
"microbiome","DINVSP",3.32088520055325
"sprex","DINVSP",3.32088520055325
"vegan","DINVSP",3.32088520055325
"custom","DKO",0.68
"asbio","DLMD",9.49813664308316
"Compositional","DLMD",0.999958992306093
"sads","DLMD",1.04895374608312
"vegan","DLMD",NA
"abdiv","DMC",0.526460492392917
"adiv","DMC",0.526460492392917
"agricolae","DMC",0.526460492392917
"ecodive","DMC",0.526460492392917
"forestHES","DMC",0.526460492392917
"tabula","DMC",0.526460492392917
"abdiv","DMG",1.79864419829413
"adiv","DMG",1.79864419829413
"agricolae","DMG",8.73627182028576
"ecodive","DMG",1.79864419829413
"tabula","DMG",1.79864419829413
"abdiv","DMN",1.14285714285714
"adiv","DMN",1.14285714285714
"ecodive","DMN",1.14285714285714
"tabula","DMN",1.14285714285714
"custom","DOD",163.265306122449
"abdiv","DQ",0
"ade4","DRAO",0.698875468554769
"BAT","DRAO",0.698875468554769
"chemodiv","DRAO",404.102634985193
"diverse","DRAO",142.34975074465
"SYNCSA","DRAO",0.698875468554769
"abdiv","DSHA",1.45175112233038
"adiv","DSHA",1.45175112233038
"aqp","DSHA",-172.493509266885
"asbio","DSHA",1.45175112233038
"benthos","DSHA",0
"BiodiversityR","DSHA",1.45175112
"biosampleR","DSHA",1.6710044737347
"chemodiv","DSHA",1.45175112233038
"codyn","DSHA",1.45175112233038
"DescTools","DSHA",2.09443414479103
"divDyn","DSHA",1.45175112233038
"divent","DSHA",1.45175112233038
"diverse","DSHA",1.6710044737347
"ecodive","DSHA",1.45175112233038
"EconGeo","DSHA",2.094
"entropart","DSHA",1.59793007606351
"forestmangr","DSHA",3.56
"HardyWeinberg","DSHA",1.45175112233038
"iNEXT","DSHA",1.452
"MCPAN","DSHA",1.45175112233038
"microbiome","DSHA",1.45175112233038
"OTUtable","DSHA",1.45175112233038
"pgirmess","DSHA",2.09443414479103
"SpiecEasi","DSHA",1.45175112233038
"sprex","DSHA",1.45175112233038
"tabula","DSHA",1.45175112233038
"triversity","DSHA",8
"vegan","DSHA",1.45175112233038
"wavethresh","DSHA",-4100.13575261995
"wiqid","DSHA",3.48961424332344
"abdiv","DSP",0.301124531445231
"agricolae","DSP",0.301124531445231
"antitrust","DSP",3011.24531445231
"benthos","DSP",0.28656462585034
"breakaway","DSP",0.301124531445231
"concstats","DSP",0.301124531445231
"DescTools","DSP",0.301124531445231
"diverse","DSP",0.270247933884298
"divseg","DSP",1.30112453144523
"EconGeo","DSP",0.301124531445231
"hhi","DSP",0.301124531445231
"ineq","DSP",0.301124531445231
"microbiome","DSP",0.301124531445231
"PDtoolkit","DSP",0.301124531445231
"politics","DSP",0.301124531445231
"REAT","DSP",0.301124531445231
"sprex","DSP",0.301124531445231
"tabula","DSP",0.301124531445231
"triversity","DSP",0.301124531445231
"wiqid","DSP",3.48961424332344
"abdiv","EBP",0.428571428571429
"agricolae","EBP",0.428571428571429
"BiodiversityR","EBP",0.42857143
"diverse","EBP",0.471074380165289
"dyvDyn","EBP",0.0285714285714286
"ecodive","EBP",0.428571428571429
"microbiome","EBP",0.428571428571429
"tabula","EBP",0.428571428571429
"triversity","EBP",0.428571428571429
"wiqid","EBP",1
"tabula","EBRI",0.689753366625755
"BAT","EBU",0.425655976676385
"microbiome","EBU",0.425655976676385
"BAT","ECAM",0.833090379008746
"microbiome","ECAM",0.849489795918367
"codyn","EEQ",0.164197297317854
"custom","EEQ",0.114438029529895
"adiv","EEVAR",0.372694043011513
"codyn","EEVAR",0.342703236822048
"custom","EEVAR",0.372694043011513
"microbiome","EEVAR",0.372694043011513
"acid","EGIN",0.904956268221574
"DescTools","EGIN",0.904956268221574
"dplR","EGIN",0.904956268221574
"EconGeo","EGIN",0.905
"giniVarCI","EGIN",0.904956268221574
"ineq","EGIN",0.904956268221574
"microbiome","EGIN",0.904956268221574
"REAT","EGIN",0.904956268221574
"shipunov","EGIN",0.904956268221574
"wINEQ","EGIN",0.904956268221574
"adiv","EGSP",0.79871482120545
"abdiv","EHEI",0.467226612897159
"adiv","EHEI",0.467226612897159
"custom","EHUL",0.73469387755102
"benthos","EHURE",0.71343537414966
"BiodiversityR","EHURE",0.71343537
"mobr","EHURE",0.71343537414966
"vegan","EHURE",0.713435374149666
"custom","ELR",0.224437271134667
"abdiv","EMC",0.638939691976528
"tabula","EMC",0.698049682767513
"microbiome","EMN",0.73469387755102
"custom","ENHC",-0.492652210682153
"custom","EPAT",0.523265479948372
"abdiv","EPIE",0.698144714930342
"adiv","EPIE",0.698144714930342
"BiodiversityR","EPIE",0.69814471
"breakaway","EPIE",0.698144714930342
"chemodiv","EPIE",0.698144714930342
"diverse","EPIE",0.696862991762198
"forestmangr","EPIE",1
"microbiome","EPIE",0.698144714930342
"OTUtable","EPIE",0.698144714930342
"pctax","EPIE",0.6981
"sprex","EPIE",0.698144714930342
"tabula","EPIE",0.698144714930342
"custom","ESHE",0.533823286285014
"adiv","ESP",0.415110650069156
"codyn","ESP",0.415110650069156
"sprex","ESP",0.181468890291297
"tabula","ESP",0.415110650069156
"abdiv","EST",0.502551020408163
"adiv","QHIL_0",8
"adiv","QHIL_1",4.27058629028011
"adiv","QHIL_2",3.32088520055325
"adiv","QHIL_3",3.00935088496275
"BAT","QHIL_0",8
"BAT","QHIL_1",4.27058629028011
"BAT","QHIL_2",3.32088520055325
"BAT","QHIL_3",3.00935088496275
"benthos","QHIL_0",35
"benthos","QHIL_1",4.27058629028011
"benthos","QHIL_2",3.32088520055325
"benthos","QHIL_3",3.00935088496275
"breakaway","QHIL_0",8
"breakaway","QHIL_1",4.27058629028011
"breakaway","QHIL_2",3.32088520055325
"breakaway","QHIL_3",3.00935088496275
"chemodiv","QHIL_0",8
"chemodiv","QHIL_1",4.27058629028011
"chemodiv","QHIL_2",3.32088520055325
"chemodiv","QHIL_3",3.00935088496275
"divDyn","QHIL_2",3.32088520055325
"divent","QHIL_0",12
"divent","QHIL_1",4.9427906275487
"divent","QHIL_2",3.47761326990509
"divent","QHIL_3",3.08455624807525
"entropart","QHIL_0",12
"entropart","QHIL_1",4.9427906275487
"entropart","QHIL_2",3.47761326990509
"entropart","QHIL_3",3.08455624807525
"EntropyEstimation","QHIL_1",4.62148555276818
"EntropyEstimation","QHIL_2",3.48961424332344
"EntropyEstimation","QHIL_3",3.18167831860434
"extremefit","QHIL",NA
"hilldiv","QHIL_0",8
"hilldiv","QHIL_1",4.27060388629461
"hilldiv","QHIL_2",3.32088520055325
"hilldiv","QHIL_3",3.00935088496275
"hillR","QHIL_0",8
"hillR","QHIL_1",4.27058629028011
"hillR","QHIL_2",3.32088520055325
"hillR","QHIL_3",3.00935088496275
"sprex","QHIL_0",8
"sprex","QHIL_1",4.27058629028011
"sprex","QHIL_2",3.32088520055325
"sprex","QHIL_3",3.00935088496275
"vegan","QHIL_0",8
"vegan","QHIL_1",4.27058629028011
"vegan","QHIL_2",3.32088520055325
"vegan","QHIL_3",3.00935088496275
"adiv","QREN_0",2.07944154167984
"adiv","QREN_1",1.45175112233038
"adiv","QREN_2",1.20023137406249
"adiv","QREN_3",1.10172440266807
"BiodiversityR","QREN_0",2.07944154167984
"BiodiversityR","QREN_1",1.45175112233038
"BiodiversityR","QREN_2",1.20023137406249
"BiodiversityR","QREN_3",1.10172440266807
"diverse","QREN_0",2.39789527279837
"diverse","QREN_1",1.6710044737347
"diverse","QREN_2",1.28634426170089
"diverse","QREN_3",1.09703763066039
"EntropyEstimation","QREN_1",1.53071620162632
"EntropyEstimation","QREN_2",1.24979119810621
"EntropyEstimation","QREN_3",1.15740883071484
"seewave","QREN_2",0.337584805624843
"seewave","QREN_3",0.30987809527138
"sprex","QREN_0",2.07944154167984
"sprex","QREN_1",1.45175112233038
"sprex","QREN_2",1.20023137406249
"sprex","QREN_3",1.10172440266807
"statcomp","QREN_1",0.408328832289407
"statcomp","QREN_2",0.337584774628137
"statcomp","QREN_3",0.30987807202385
"vegan","QREN_0",2.07944154167984
"vegan","QREN_1",1.45175112233038
"vegan","QREN_2",1.20023137406249
"vegan","QREN_3",1.10172440266807
"adiv","QTSA_0",7
"adiv","QTSA_1",1.45175112233038
"adiv","QTSA_2",0.698875468554769
"adiv","QTSA_3",0.444789160978844
"divent","QTSA_0",7
"divent","QTSA_1",1.45175112233038
"divent","QTSA_2",0.698875468554769
"divent","QTSA_3",0.444789160978844
"entropart","QTSA_0",11
"entropart","QTSA_1",1.59793007606351
"entropart","QTSA_2",0.712446461872602
"entropart","QTSA_3",0.447448560601174
"EntropyEstimation","QTSA_1",1.53071620162632
"EntropyEstimation","QTSA_2",0.71343537414966
"EntropyEstimation","QTSA_3",0.450607902735562
"vegan","QTSA_0",7
"vegan","QTSA_1",1.45175112233038
"vegan","QTSA_2",0.698875468554769
"vegan","QTSA_3",0.444789160978844
"BAT","RACE",19.0123456790123
"ecodive","RACE",19.0123456790123
"fossil","RACE",10.6666666666667
"pctax","RACE",19.0123
"sprex","RACE",49.8561946902655
"tabula","RACE",19.0123456790123
"vegan","RACE",19.0123456790123
"wiqid","RACE",19.0123456790123
"BiodiversityR","RBOO",8
"wiqid","RBOO",35
"BAT","RC1",11
"BiodiversityR","RC1",8
"biosampleR","RC1",12
"iNEXT","RC1",15.837
"microbiome","RC1",11
"pctax","RC1",11
"rareNMtests","RC1",8
"SpadeR","RC1",8
"SSP","RC1",7
"vegan","RC1",11
"BAT","RC1M",13.75
"divent","RC1M",15.8367346938776
"ecodive","RC1M",16
"entropart","RC1M",15.8367346938776
"fossil","RC1M",16
"mobr","RC1M",15.8367346938776
"OTUtable","RC1M",16
"tabula","RC1M",15.8367346938776
"wiqid","RC1M",16
"BAT","RCA2",35
"divDyn","RCA2",10.625
"fossil","RCA2",16
"tabula","RCA2",8
"wiqid","RCA2",8
"benthos","RHUR_2",1.71343537414967
"benthos","RHUR_3",2.23909031697786
"divent","RHUR_2",3.48961675604004
"divent","RHUR_3",3.5750402331181
"entropart","RHUR_2",1.71343537414967
"entropart","RHUR_3",2.23909031697787
"mobsim","RHUR_2",1.71343537414967
"mobsim","RHUR_3",2.23909031697786
"tabula","RHUR_2",1.71343537414966
"tabula","RHUR_3",2.23909031697785
"vegan","RHUR_2",1.71343537414967
"vegan","RHUR_3",2.23909031697786
"BAT","RICE",35
"fossil","RICE",10.6666666666667
"tabula","RICE",8
"wiqid","RICE",8
"BAT","RJA1",12
"BiodiversityR","RJA1",8
"divent","RJA1",12
"entropart","RJA1",12
"fossil","RJA1",11.9183673469388
"SSP","RJA1",7
"tabula","RJA1",1.45175112233038
"wiqid","RJA1",12
"BAT","RJA2",15
"BiodiversityR","RJA2",8
"fossil","RJA2",14.5710034013605
"SSP","RJA2",7
"wiqid","RJA2",15
"sprex","RMM",51
"wiqid","RMM",0
"divDyn","RSQ",12.8830730265935
"ecodive","RSQ",12.8830730265935
"tabula","RSQ",12.8830730265935
"abdiv","D1SP",0.804399524375743
"ade4","D1SP",0.804399524375743
"adiv","D1SP",0.804399524375743
"agricolae","D1SP",1
"asbio","D1SP",0.804399524375743
"BiodiversityR","D1SP",0.80439952
"biosampleR","D1SP",0.534814814814815
"breakaway","D1SP",0.804399524375743
"catsim","D1SP",0.437551020408163
"concstats","2_D1SP",0.795378151260504
"concstats","D1SP",0.976341190459537
"CUB","D1SP",0.828058333916206
"DescTools","2_D1SP",0.804399524375743
"DescTools","D1SP",0.881338742393509
"divent","D1SP",0.804399524375743
"diverse","D1SP",0.534814814814815
"ecodive","D1SP",0.804399524375743
"entropart","D1SP",0.804399524375743
"lawstat","D1SP",0.881338742393509
"MCPAN","D1SP",-657
"microbiome","D1SP",0.804399524375743
"PCRA","D1SP",0.804399524375743
"RoughSets","D1SP",0.804399524375743
"simboot","D1SP",-657
"sprex","D1SP",0.804399524375743
"untb","D1SP",0.818511796733212
"vegan","D1SP",0.804399524375743
"abdiv","DBRI",1.65052886222551
"ecodive","DBRI",1.65052886222551
"tabula","DBRI",1.65052886222551
"wiqid","DBRI",5.2097343304316
"BiodiversityR","DFIS",2.98218125
"ecodive","DFIS",2.982
"microbiome","DFIS",2.98218125347475
"preseqR","DFIS",6.84926723778854
"sads","DFIS",2.98217903415379
"vegan","DFIS",2.98218125347475
"custom","DGLE",2.21650691233045
"DGOO","1_1",1.86267837793432
"DGOO","1_2",0.463882730912311
"DGOO","1_3",1
"DGOO","2_1",0.284915847116828
"DGOO","2_2",0.867859050227781
"DGOO","2_3",1
"DGOO","3_1",0.0649980824624585
"DGOO","3_2",0.131560290517317
"DGOO","3_3",1
"abdiv","DINVSP",5.11246200607903
"adiv","DINVSP",5.11246200607903
"asbio","DINVSP",5.11246200607903
"BiodiversityR","DINVSP",5.11246201
"breakaway","DINVSP",5.11246200607903
"chemodiv","DINVSP",5.11246200607903
"codyn","DINVSP",5.11246200607903
"divseg","DINVSP",1.19560047562426
"ecodive","DINVSP",5.11246200607903
"microbiome","DINVSP",5.11246200607903
"sprex","DINVSP",5.11246200607903
"vegan","DINVSP",5.11246200607903
"custom","DKO",0.64
"asbio","DLMD",11.2860708195542
"Compositional","DLMD",0.999958992306093
"sads","DLMD",1.49993655701636
"vegan","DLMD",9.32692418214068
"abdiv","DMC",0.64203603622235
"adiv","DMC",0.64203603622235
"agricolae","DMC",0.64203603622235
"ecodive","DMC",0.64203603622235
"forestHES","DMC",0.64203603622235
"tabula","DMC",0.64203603622235
"abdiv","DMG",1.97022836651596
"adiv","DMG",1.97022836651596
"agricolae","DMG",8.37347055769281
"ecodive","DMG",1.97022836651596
"tabula","DMG",1.97022836651596
"abdiv","DMN",1.1817578957375
"adiv","DMN",1.1817578957375
"ecodive","DMN",1.1817578957375
"tabula","DMN",1.1817578957375
"custom","DOD",155.172413793103
"abdiv","DQ",0
"ade4","DRAO",0.804399524375743
"BAT","DRAO",0.804399524375743
"chemodiv","DRAO",387.186366317846
"diverse","DRAO",190.569741762928
"SYNCSA","DRAO",0.804399524375743
"abdiv","DSHA",1.86267837793432
"adiv","DSHA",1.86267837793432
"aqp","DSHA",-183.900839917617
"asbio","DSHA",1.86267837793432
"benthos","DSHA",0
"BiodiversityR","DSHA",1.86267838
"biosampleR","DSHA",0.990595155815617
"chemodiv","DSHA",1.86267837793432
"codyn","DSHA",1.86267837793432
"DescTools","DSHA",2.68727685861694
"divDyn","DSHA",1.86267837793432
"divent","DSHA",1.86267837793432
"diverse","DSHA",0.990595155815617
"ecodive","DSHA",1.86267837793432
"EconGeo","DSHA",2.687
"entropart","DSHA",1.91647216801226
"forestmangr","DSHA",3.56
"HardyWeinberg","DSHA",1.86267837793432
"iNEXT","DSHA",1.863
"MCPAN","DSHA",1.86267837793432
"microbiome","DSHA",1.86267837793432
"OTUtable","DSHA",1.86267837793432
"pgirmess","DSHA",2.68727685861694
"SpiecEasi","DSHA",1.86267837793432
"sprex","DSHA",1.86267837793432
"tabula","DSHA",1.86267837793432
"triversity","DSHA",9
"vegan","DSHA",1.86267837793432
"wavethresh","DSHA",-3426.62918247707
"wiqid","DSHA",5.51
"abdiv","DSP",0.195600475624257
"agricolae","DSP",0.195600475624257
"antitrust","DSP",1956.00475624257
"benthos","DSP",0.181488203266788
"breakaway","DSP",0.195600475624257
"concstats","DSP",0.195600475624257
"DescTools","DSP",0.195600475624257
"diverse","DSP",0.459176029962547
"divseg","DSP",1.19560047562426
"EconGeo","DSP",0.195600475624257
"hhi","DSP",0.195600475624257
"ineq","DSP",0.195600475624257
"microbiome","DSP",0.195600475624257
"PDtoolkit","DSP",0.195600475624257
"politics","DSP",0.195600475624257
"REAT","DSP",0.195600475624257
"sprex","DSP",0.195600475624257
"tabula","DSP",0.195600475624257
"triversity","DSP",0.195600475624257
"wiqid","DSP",5.51
"abdiv","EBP",0.310344827586207
"agricolae","EBP",0.310344827586207
"BiodiversityR","EBP",0.31034483
"diverse","EBP",0.6
"dyvDyn","EBP",0.0285714285714286
"ecodive","EBP",0.310344827586207
"microbiome","EBP",0.310344827586207
"tabula","EBP",0.310344827586207
"triversity","EBP",0.310344827586207
"wiqid","EBP",1
"tabula","EBRI",0.843743951754808
"BAT","EBU",0.609913793103448
"microbiome","EBU",0.609913793103448
"BAT","ECAM",0.889846743295019
"microbiome","ECAM",0.942528735632184
"codyn","EEQ",0.198457924220302
"custom","EEQ",0.0698404191687437
"adiv","EEVAR",0.591475400179653
"codyn","EEVAR",0.564059805002815
"custom","EEVAR",0.591475400179653
"microbiome","EEVAR",0.591475400179653
"acid","EGIN",0.85615763546798
"DescTools","EGIN",0.85615763546798
"dplR","EGIN",0.85615763546798
"EconGeo","EGIN",0.856
"giniVarCI","EGIN",0.85615763546798
"ineq","EGIN",0.856157635467981
"microbiome","EGIN",0.85615763546798
"REAT","EGIN",0.85615763546798
"shipunov","EGIN",0.85615763546798
"wINEQ","EGIN",0.85615763546798
"adiv","EGSP",0.904949464922711
"abdiv","EHEI",0.680120628480662
"adiv","EHEI",0.680120628480662
"custom","EHUL",0.568965517241379
"benthos","EHURE",0.818511796733212
"BiodiversityR","EHURE",0.8185118
"mobr","EHURE",0.818511796733212
"vegan","EHURE",0.818511796733201
"custom","ELR",0.296187326881066
"abdiv","EMC",0.512211329990828
"tabula","EMC",0.836598861807897
"microbiome","EMN",0.568965517241379
"custom","ENHC",-0.325055267968289
"custom","EPAT",0.344513592272139
"abdiv","EPIE",0.847741463092732
"adiv","EPIE",0.847741463092732
"BiodiversityR","EPIE",0.84774146
"breakaway","EPIE",0.847741463092732
"chemodiv","EPIE",0.847741463092732
"diverse","EPIE",0.50906520853315
"forestmangr","EPIE",1
"microbiome","EPIE",0.847741463092732
"OTUtable","EPIE",0.847741463092732
"pctax","EPIE",0.8477
"sprex","EPIE",0.847741463092732
"tabula","EPIE",0.847741463092732
"custom","ESHE",0.715662780871699
"adiv","ESP",0.568051334008781
"codyn","ESP",0.568051334008781
"sprex","ESP",0.206964264214924
"tabula","ESP",0.568051334008781
"abdiv","EST",0.346743295019157
"adiv","QHIL_0",9
"adiv","QHIL_1",6.44096502784529
"adiv","QHIL_2",5.11246200607903
"adiv","QHIL_3",4.47663522544107
"BAT","QHIL_0",9
"BAT","QHIL_1",6.44096502784529
"BAT","QHIL_2",5.11246200607903
"BAT","QHIL_3",4.47663522544107
"benthos","QHIL_0",35
"benthos","QHIL_1",6.44096502784529
"benthos","QHIL_2",5.11246200607903
"benthos","QHIL_3",4.47663522544107
"breakaway","QHIL_0",9
"breakaway","QHIL_1",6.44096502784529
"breakaway","QHIL_2",5.11246200607903
"breakaway","QHIL_3",4.47663522544107
"chemodiv","QHIL_0",9
"chemodiv","QHIL_1",6.44096502784529
"chemodiv","QHIL_2",5.11246200607903
"chemodiv","QHIL_3",4.47663522544107
"divDyn","QHIL_2",5.11246200607903
"divent","QHIL_0",10
"divent","QHIL_1",6.79693766940163
"divent","QHIL_2",5.2797823180232
"divent","QHIL_3",4.59091043979419
"entropart","QHIL_0",10
"entropart","QHIL_1",6.79693766940163
"entropart","QHIL_2",5.2797823180232
"entropart","QHIL_3",4.59091043979419
"EntropyEstimation","QHIL_1",6.92811047437306
"EntropyEstimation","QHIL_2",5.51
"EntropyEstimation","QHIL_3",4.84771913453239
"extremefit","QHIL",NA
"hilldiv","QHIL_0",9
"hilldiv","QHIL_1",6.4409836832269
"hilldiv","QHIL_2",5.11246200607903
"hilldiv","QHIL_3",4.47663522544107
"hillR","QHIL_0",9
"hillR","QHIL_1",6.44096502784529
"hillR","QHIL_2",5.11246200607903
"hillR","QHIL_3",4.47663522544107
"sprex","QHIL_0",9
"sprex","QHIL_1",6.44096502784529
"sprex","QHIL_2",5.11246200607903
"sprex","QHIL_3",4.47663522544107
"vegan","QHIL_0",9
"vegan","QHIL_1",6.44096502784529
"vegan","QHIL_2",5.11246200607903
"vegan","QHIL_3",4.47663522544107
"adiv","QREN_0",2.19722457733622
"adiv","QREN_1",1.86267837793432
"adiv","QREN_2",1.63168108976752
"adiv","QREN_3",1.49887169848595
"BiodiversityR","QREN_0",2.19722457733622
"BiodiversityR","QREN_1",1.86267837793432
"BiodiversityR","QREN_2",1.63168108976752
"BiodiversityR","QREN_3",1.49887169848595
"diverse","QREN_0",1.94591014905531
"diverse","QREN_1",0.990595155815617
"diverse","QREN_2",0.765319704964276
"diverse","QREN_3",0.694185294532152
"EntropyEstimation","QREN_1",1.93558711720301
"EntropyEstimation","QREN_2",1.70656462316482
"EntropyEstimation","QREN_3",1.57850831279263
"seewave","QREN_2",0.458937114229864
"seewave","QREN_3",0.421582286685995
"sprex","QREN_0",2.19722457733622
"sprex","QREN_1",1.86267837793432
"sprex","QREN_2",1.63168108976752
"sprex","QREN_3",1.49887169848595
"statcomp","QREN_1",0.523908867913765
"statcomp","QREN_2",0.458937089012875
"statcomp","QREN_3",0.421582267773253
"vegan","QREN_0",2.19722457733622
"vegan","QREN_1",1.86267837793432
"vegan","QREN_2",1.63168108976752
"vegan","QREN_3",1.49887169848595
"adiv","QTSA_0",8
"adiv","QTSA_1",1.86267837793432
"adiv","QTSA_2",0.804399524375743
"adiv","QTSA_3",0.475050227561606
"divent","QTSA_0",8
"divent","QTSA_1",1.86267837793432
"divent","QTSA_2",0.804399524375743
"divent","QTSA_3",0.475050227561606
"entropart","QTSA_0",9
"entropart","QTSA_1",1.91647216801226
"entropart","QTSA_2",0.810598252017631
"entropart","QTSA_3",0.476276849544863
"EntropyEstimation","QTSA_1",1.93558711720301
"EntropyEstimation","QTSA_2",0.818511796733212
"EntropyEstimation","QTSA_3",0.478723749027742
"vegan","QTSA_0",8
"vegan","QTSA_1",1.86267837793432
"vegan","QTSA_2",0.804399524375743
"vegan","QTSA_3",0.475050227561606
"BAT","RACE",9.31336805555556
"ecodive","RACE",9.31336805555556
"fossil","RACE",9.29166666666667
"pctax","RACE",9.3134
"sprex","RACE",58.4440771349862
"tabula","RACE",9.31336805555556
"vegan","RACE",9.31336805555556
"wiqid","RACE",9.31336805555556
"BiodiversityR","RBOO",9
"wiqid","RBOO",35
"BAT","RC1",9
"BiodiversityR","RC1",9
"biosampleR","RC1",8
"iNEXT","RC1",9.491
"microbiome","RC1",9
"pctax","RC1",9
"rareNMtests","RC1",9
"SpadeR","RC1",9
"SSP","RC1",8
"vegan","RC1",9
"BAT","RC1M",9.11111111111111
"divent","RC1M",9.49137931034483
"ecodive","RC1M",9.5
"entropart","RC1M",9.49137931034483
"fossil","RC1M",9.5
"mobr","RC1M",9.49137931034483
"OTUtable","RC1M",9.5
"tabula","RC1M",9.49137931034483
"wiqid","RC1M",9.5
"BAT","RCA2",35
"divDyn","RCA2",9
"fossil","RCA2",9.5
"tabula","RCA2",9
"wiqid","RCA2",9
"benthos","RHUR_2",1.8185117967332
"benthos","RHUR_3",2.49808789214415
"divent","RHUR_2",5.51000210858725
"divent","RHUR_3",5.62281512368074
"entropart","RHUR_2",1.8185117967332
"entropart","RHUR_3",2.49808789214415
"mobsim","RHUR_2",1.8185117967332
"mobsim","RHUR_3",2.49808789214415
"tabula","RHUR_2",1.81851179673317
"tabula","RHUR_3",2.49808789214397
"vegan","RHUR_2",1.8185117967332
"vegan","RHUR_3",2.49808789214415
"BAT","RICE",35
"fossil","RICE",9.29166666666667
"tabula","RICE",9
"wiqid","RICE",9
"BAT","RJA1",10
"BiodiversityR","RJA1",9
"divent","RJA1",10
"entropart","RJA1",10
"fossil","RJA1",9.98275862068965
"SSP","RJA1",8
"tabula","RJA1",1.86267837793432
"wiqid","RJA1",10
"BAT","RJA2",10
"BiodiversityR","RJA2",9
"fossil","RJA2",9.94797338173019
"SSP","RJA2",8
"wiqid","RJA2",10
"sprex","RMM",61
"wiqid","RMM",0
"divDyn","RSQ",9.19612518628912
"ecodive","RSQ",9.19612518628912
"tabula","RSQ",9.19612518628912
"abdiv","D1SP",0.696844993141289
"ade4","D1SP",0.69684499314129
"adiv","D1SP",0.696844993141289
"agricolae","D1SP",1
"asbio","D1SP",0.696844993141289
"BiodiversityR","D1SP",0.69684499
"biosampleR","D1SP",0.895858611295529
"breakaway","D1SP",0.696844993141289
"catsim","D1SP",0.51265306122449
"concstats","2_D1SP",0.795378151260504
"concstats","D1SP",0.979504559025256
"CUB","D1SP",0.717340434116033
"DescTools","2_D1SP",0.69684499314129
"DescTools","D1SP",0.913943355119826
"divent","D1SP",0.696844993141289
"diverse","D1SP",0.895858611295529
"ecodive","D1SP",0.696844993141289
"entropart","D1SP",0.696844993141289
"lawstat","D1SP",0.913943355119826
"MCPAN","D1SP",-3535
"microbiome","D1SP",0.696844993141289
"PCRA","D1SP",0.696844993141289
"RoughSets","D1SP",0.696844993141289
"simboot","D1SP",-3535
"sprex","D1SP",0.696844993141289
"untb","D1SP",0.703357563170647
"vegan","D1SP",0.696844993141289
"abdiv","DBRI",1.46835419310114
"ecodive","DBRI",1.46835419310114
"tabula","DBRI",1.46835419310114
"wiqid","DBRI",4.34208302697655
"BiodiversityR","DFIS",3.06365289
"ecodive","DFIS",3.064
"microbiome","DFIS",3.06365288740748
"preseqR","DFIS",5.92376572255178
"sads","DFIS",3.06364071634427
"vegan","DFIS",3.06365288740748
"custom","DGLE",2.3493574755606
"DGOO","1_1",1.6080244480804
"DGOO","1_2",0.356228495086361
"DGOO","1_3",1
"DGOO","2_1",0.282282035705094
"DGOO","2_2",0.636222943350618
"DGOO","2_3",1
"DGOO","3_1",0.100863204380536
"DGOO","3_2",0.0972963389938475
"DGOO","3_3",1
"abdiv","DINVSP",3.29864253393665
"adiv","DINVSP",3.29864253393665
"asbio","DINVSP",3.29864253393665
"BiodiversityR","DINVSP",3.29864253
"breakaway","DINVSP",3.29864253393665
"chemodiv","DINVSP",3.29864253393665
"codyn","DINVSP",3.29864253393665
"divseg","DINVSP",1.30315500685871
"ecodive","DINVSP",3.29864253393665
"microbiome","DINVSP",3.29864253393665
"sprex","DINVSP",3.29864253393665
"vegan","DINVSP",3.29864253393665
"custom","DKO",0.56
"asbio","DLMD",NA
"Compositional","DLMD",0.999958992306093
"sads","DLMD",1.42763942687497
"vegan","DLMD",16.8748799410688
"abdiv","DMC",0.49725305913491
"adiv","DMC",0.49725305913491
"agricolae","DMC",0.49725305913491
"ecodive","DMC",0.49725305913491
"forestHES","DMC",0.49725305913491
"tabula","DMC",0.49725305913491
"abdiv","DMG",2.13577952323691
"adiv","DMG",2.13577952323691
"agricolae","DMG",7.26165037900548
"ecodive","DMG",2.13577952323691
"tabula","DMG",2.13577952323691
"abdiv","DMN",1.05847549351431
"adiv","DMN",1.05847549351431
"ecodive","DMN",1.05847549351431
"tabula","DMN",1.05847549351431
"custom","DOD",101.851851851852
"abdiv","DQ",0
"ade4","DRAO",0.69684499314129
"BAT","DRAO",0.696844993141289
"chemodiv","DRAO",411.643831472045
"diverse","DRAO",67.0703721397379
"SYNCSA","DRAO",0.696844993141289
"abdiv","DSHA",1.6080244480804
"adiv","DSHA",1.6080244480804
"aqp","DSHA",-478.979849371284
"asbio","DSHA",1.6080244480804
"benthos","DSHA",0
"BiodiversityR","DSHA",1.60802445
"biosampleR","DSHA",2.55750479292843
"chemodiv","DSHA",1.6080244480804
"codyn","DSHA",1.6080244480804
"DescTools","DSHA",2.31988889687381
"divDyn","DSHA",1.6080244480804
"divent","DSHA",1.6080244480804
"diverse","DSHA",2.55750479292843
"ecodive","DSHA",1.6080244480804
"EconGeo","DSHA",2.32
"entropart","DSHA",1.69001317696577
"forestmangr","DSHA",3.56
"HardyWeinberg","DSHA",1.6080244480804
"iNEXT","DSHA",1.608
"MCPAN","DSHA",1.6080244480804
"microbiome","DSHA",1.6080244480804
"OTUtable","DSHA",1.6080244480804
"pgirmess","DSHA",2.31988889687381
"SpiecEasi","DSHA",1.6080244480804
"sprex","DSHA",1.6080244480804
"tabula","DSHA",1.6080244480804
"triversity","DSHA",11
"vegan","DSHA",1.6080244480804
"wavethresh","DSHA",-26526.956709294
"wiqid","DSHA",3.37106184364061
"abdiv","DSP",0.303155006858711
"agricolae","DSP",0.303155006858711
"antitrust","DSP",3031.55006858711
"benthos","DSP",0.296642436829353
"breakaway","DSP",0.303155006858711
"concstats","DSP",0.303155006858711
"DescTools","DSP",0.303155006858711
"diverse","DSP",0.0998343761501656
"divseg","DSP",1.30315500685871
"EconGeo","DSP",0.303155006858711
"hhi","DSP",0.303155006858711
"ineq","DSP",0.303155006858711
"microbiome","DSP",0.303155006858711
"PDtoolkit","DSP",0.303155006858711
"politics","DSP",0.303155006858711
"REAT","DSP",0.303155006858711
"sprex","DSP",0.303155006858711
"tabula","DSP",0.303155006858711
"triversity","DSP",0.303155006858711
"wiqid","DSP",3.37106184364061
"abdiv","EBP",0.5
"agricolae","EBP",0.5
"BiodiversityR","EBP",0.5
"diverse","EBP",0.186602870813397
"dyvDyn","EBP",0.0285714285714286
"ecodive","EBP",0.5
"microbiome","EBP",0.5
"tabula","EBP",0.5
"triversity","EBP",0.5
"wiqid","EBP",1
"tabula","EBRI",0.662449792709463
"BAT","EBU",0.413888888888889
"microbiome","EBU",0.413888888888889
"BAT","ECAM",0.871380471380471
"microbiome","ECAM",0.84006734006734
"codyn","EEQ",0.151564909084178
"custom","EEQ",0.066227330143232
"adiv","EEVAR",0.360860105695319
"codyn","EEVAR",0.342011051020489
"custom","EEVAR",0.360860105695319
"microbiome","EEVAR",0.360860105695319
"acid","EGIN",0.887830687830688
"DescTools","EGIN",0.887830687830688
"dplR","EGIN",0.887830687830688
"EconGeo","EGIN",0.888
"giniVarCI","EGIN",0.887830687830688
"ineq","EGIN",0.887830687830688
"microbiome","EGIN",0.887830687830688
"REAT","EGIN",0.887830687830688
"shipunov","EGIN",0.887830687830688
"wINEQ","EGIN",0.887830687830688
"adiv","EGSP",0.766529492455418
"abdiv","EHEI",0.399293767058275
"adiv","EHEI",0.399293767058275
"custom","EHUL",0.657407407407407
"benthos","EHURE",0.703357563170647
"BiodiversityR","EHURE",0.70335756
"mobr","EHURE",0.703357563170647
"vegan","EHURE",0.703357563170673
"custom","ELR",0.183679912005782
"abdiv","EMC",0.60646266394778
"tabula","EMC",0.643396077691141
"microbiome","EMN",0.657407407407407
"custom","ENHC",-0.381263153302544
"custom","EPAT",0.455287141713775
"abdiv","EPIE",0.670598281051623
"adiv","EPIE",0.670598281051623
"BiodiversityR","EPIE",0.67059828
"breakaway","EPIE",0.670598281051623
"chemodiv","EPIE",0.670598281051623
"diverse","EPIE",0.840034798640156
"forestmangr","EPIE",1
"microbiome","EPIE",0.670598281051623
"OTUtable","EPIE",0.670598281051623
"pctax","EPIE",0.6706
"sprex","EPIE",0.670598281051623
"tabula","EPIE",0.670598281051623
"custom","ESHE",0.453903424598432
"adiv","ESP",0.299876593994241
"codyn","ESP",0.299876593994241
"sprex","ESP",0.146184040734582
"tabula","ESP",0.299876593994241
"abdiv","EST",0.532828282828283
"adiv","QHIL_0",11
"adiv","QHIL_1",4.99293767058275
"adiv","QHIL_2",3.29864253393665
"adiv","QHIL_3",2.74823099117108
"BAT","QHIL_0",11
"BAT","QHIL_1",4.99293767058275
"BAT","QHIL_2",3.29864253393665
"BAT","QHIL_3",2.74823099117108
"benthos","QHIL_0",35
"benthos","QHIL_1",4.99293767058275
"benthos","QHIL_2",3.29864253393665
"benthos","QHIL_3",2.74823099117108
"breakaway","QHIL_0",11
"breakaway","QHIL_1",4.99293767058275
"breakaway","QHIL_2",3.29864253393665
"breakaway","QHIL_3",2.74823099117108
"chemodiv","QHIL_0",11
"chemodiv","QHIL_1",4.99293767058275
"chemodiv","QHIL_2",3.29864253393665
"chemodiv","QHIL_3",2.74823099117108
"divDyn","QHIL_2",3.29864253393665
"divent","QHIL_0",14
"divent","QHIL_1",5.41955211791344
"divent","QHIL_2",3.36964270378937
"divent","QHIL_3",2.77613695868932
"entropart","QHIL_0",14
"entropart","QHIL_1",5.41955211791344
"entropart","QHIL_2",3.36964270378937
"entropart","QHIL_3",2.77613695868932
"EntropyEstimation","QHIL_1",5.247542267588
"EntropyEstimation","QHIL_2",3.37106184364061
"EntropyEstimation","QHIL_3",2.79861964638162
"extremefit","QHIL",NA
"hilldiv","QHIL_0",11
"hilldiv","QHIL_1",4.99296822836696
"hilldiv","QHIL_2",3.29864253393665
"hilldiv","QHIL_3",2.74823099117108
"hillR","QHIL_0",11
"hillR","QHIL_1",4.99293767058275
"hillR","QHIL_2",3.29864253393665
"hillR","QHIL_3",2.74823099117108
"sprex","QHIL_0",11
"sprex","QHIL_1",4.99293767058275
"sprex","QHIL_2",3.29864253393665
"sprex","QHIL_3",2.74823099117108
"vegan","QHIL_0",11
"vegan","QHIL_1",4.99293767058275
"vegan","QHIL_2",3.29864253393665
"vegan","QHIL_3",2.74823099117108
"adiv","QREN_0",2.39789527279837
"adiv","QREN_1",1.6080244480804
"adiv","QREN_2",1.19351103049091
"adiv","QREN_3",1.01095742874995
"BiodiversityR","QREN_0",2.39789527279837
"BiodiversityR","QREN_1",1.6080244480804
"BiodiversityR","QREN_2",1.19351103049091
"BiodiversityR","QREN_3",1.01095742874995
"diverse","QREN_0",3.04452243772342
"diverse","QREN_1",2.55750479292843
"diverse","QREN_2",2.26200579635962
"diverse","QREN_3",2.09476291259934
"EntropyEstimation","QREN_1",1.65775982748498
"EntropyEstimation","QREN_2",1.21522778186846
"EntropyEstimation","QREN_3",1.02912631218974
"seewave","QREN_2",0.335694580191218
"seewave","QREN_3",0.284348380130122
"sprex","QREN_0",2.39789527279837
"sprex","QREN_1",1.6080244480804
"sprex","QREN_2",1.19351103049091
"sprex","QREN_3",1.01095742874995
"statcomp","QREN_1",0.452283270236772
"statcomp","QREN_2",0.335694567690489
"statcomp","QREN_3",0.284348370754575
"vegan","QREN_0",2.39789527279837
"vegan","QREN_1",1.6080244480804
"vegan","QREN_2",1.19351103049091
"vegan","QREN_3",1.01095742874995
"adiv","QTSA_0",10
"adiv","QTSA_1",1.6080244480804
"adiv","QTSA_2",0.696844993141289
"adiv","QTSA_3",0.433799154092364
"divent","QTSA_0",10
"divent","QTSA_1",1.6080244480804
"divent","QTSA_2",0.696844993141289
"divent","QTSA_3",0.433799154092364
"entropart","QTSA_0",13
"entropart","QTSA_1",1.69001317696577
"entropart","QTSA_2",0.70323263090314
"entropart","QTSA_3",0.435123378061015
"EntropyEstimation","QTSA_1",1.65775982748498
"EntropyEstimation","QTSA_2",0.703357563170647
"EntropyEstimation","QTSA_3",0.436161562726542
"vegan","QTSA_0",10
"vegan","QTSA_1",1.6080244480804
"vegan","QTSA_2",0.696844993141289
"vegan","QTSA_3",0.433799154092364
"BAT","RACE",13.0333333333333
"ecodive","RACE",13.0333333333333
"fossil","RACE",12.3333333333333
"pctax","RACE",13.0333
"sprex","RACE",108.377254952534
"tabula","RACE",13.0333333333333
"vegan","RACE",13.0333333333333
"wiqid","RACE",13.0333333333333
"BiodiversityR","RBOO",11
"wiqid","RBOO",35
"BAT","RC1",12.5
"BiodiversityR","RC1",11
"biosampleR","RC1",22
"iNEXT","RC1",15.458
"microbiome","RC1",12.5
"pctax","RC1",12.5
"rareNMtests","RC1",11
"SpadeR","RC1",11
"SSP","RC1",10
"vegan","RC1",12.5
"BAT","RC1M",13.4297520661157
"divent","RC1M",15.4583333333333
"ecodive","RC1M",15.5
"entropart","RC1M",15.4583333333333
"fossil","RC1M",15.5
"mobr","RC1M",15.4583333333333
"OTUtable","RC1M",15.5
"tabula","RC1M",15.4583333333333
"wiqid","RC1M",15.5
"BAT","RCA2",35
"divDyn","RCA2",12.3636363636364
"fossil","RCA2",15.5
"tabula","RCA2",11
"wiqid","RCA2",11
"benthos","RHUR_2",1.70335756317067
"benthos","RHUR_3",2.23774956405887
"divent","RHUR_2",3.3710644717151
"divent","RHUR_3",3.56803106355971
"entropart","RHUR_2",1.70335756317067
"entropart","RHUR_3",2.23774956405887
"mobsim","RHUR_2",1.70335756317067
"mobsim","RHUR_3",2.23774956405887
"tabula","RHUR_2",1.70335756317072
"tabula","RHUR_3",2.2377495640589
"vegan","RHUR_2",1.70335756317067
"vegan","RHUR_3",2.23774956405887
"BAT","RICE",35
"fossil","RICE",12.3333333333333
"tabula","RICE",11
"wiqid","RICE",11
"BAT","RJA1",14
"BiodiversityR","RJA1",11
"divent","RJA1",14
"entropart","RJA1",14
"fossil","RJA1",13.9722222222222
"SSP","RJA1",10
"tabula","RJA1",1.6080244480804
"wiqid","RJA1",14
"BAT","RJA2",16
"BiodiversityR","RJA2",11
"fossil","RJA2",15.8610245759778
"SSP","RJA2",10
"wiqid","RJA2",16
"sprex","RMM",115
"wiqid","RMM",0
"divDyn","RSQ",13.7361361877741
"ecodive","RSQ",13.7361361877741
"tabula","RSQ",13.7361361877741
"abdiv","D1SP",0.78125
"ade4","D1SP",0.78125
"adiv","D1SP",0.78125
"agricolae","D1SP",1
"asbio","D1SP",NA
"BiodiversityR","D1SP",0.78125
"biosampleR","D1SP",0.738173476346953
"breakaway","D1SP",0.78125
"catsim","D1SP",0.25469387755102
"concstats","2_D1SP",0.795378151260504
"concstats","D1SP",0.977022058823529
"CUB","D1SP",0.804227941176471
"DescTools","2_D1SP",0.78125
"DescTools","D1SP",0.904411764705882
"divent","D1SP",0.78125
"diverse","D1SP",0.738173476346953
"ecodive","D1SP",0.78125
"entropart","D1SP",0.78125
"lawstat","D1SP",0.904411764705882
"MCPAN","D1SP",-13
"microbiome","D1SP",0.78125
"PCRA","D1SP",0.78125
"RoughSets","D1SP",0.78125
"simboot","D1SP",-13
"sprex","D1SP",0.78125
"untb","D1SP",0.892857142857143
"vegan","D1SP",0.78125
"abdiv","DBRI",1.06564517013318
"ecodive","DBRI",1.06564517013318
"tabula","DBRI",1.06564517013318
"wiqid","DBRI",2.9027111225923
"BiodiversityR","DFIS",5.70511385
"ecodive","DFIS",5.705
"microbiome","DFIS",5.70511385211326
"preseqR","DFIS",3.18357134621567
"sads","DFIS",4.9999998572278
"vegan","DFIS",5.70511385211326
"custom","DGLE",2.40449173481494
"DGOO","1_1",1.55958115625988
"DGOO","1_2",0.495467170603145
"DGOO","1_3",1
"DGOO","2_1",0.324912740887474
"DGOO","2_2",0.780526528099053
"DGOO","2_3",1
"DGOO","3_1",0.0731053666996817
"DGOO","3_2",0.160007938260306
"DGOO","3_3",1
"abdiv","DINVSP",4.57142857142857
"adiv","DINVSP",4.57142857142857
"asbio","DINVSP",4.57142857142857
"BiodiversityR","DINVSP",4.57142857
"breakaway","DINVSP",4.57142857142857
"chemodiv","DINVSP",4.57142857142857
"codyn","DINVSP",4.57142857142857
"divseg","DINVSP",1.21875
"ecodive","DINVSP",4.57142857142857
"microbiome","DINVSP",4.57142857142857
"sprex","DINVSP",4.57142857142857
"vegan","DINVSP",4.57142857142857
"custom","DKO",0.8
"asbio","DLMD",NA
"Compositional","DLMD",0.999958992306093
"sads","DLMD",0.41588830884289
"vegan","DLMD",5.321744515901
"abdiv","DMC",0.823413440348565
"adiv","DMC",0.823413440348565
"agricolae","DMC",0.823413440348565
"ecodive","DMC",0.823413440348565
"forestHES","DMC",0.823413440348565
"tabula","DMC",0.823413440348565
"abdiv","DMG",1.92359338785195
"adiv","DMG",1.92359338785195
"agricolae","DMG",16.3505437967416
"ecodive","DMG",1.92359338785195
"tabula","DMG",1.92359338785195
"abdiv","DMN",1.76776695296637
"adiv","DMN",1.76776695296637
"ecodive","DMN",1.76776695296637
"tabula","DMN",1.76776695296637
"custom","DOD",625
"abdiv","DQ",0
"ade4","DRAO",0.78125
"BAT","DRAO",0.78125
"chemodiv","DRAO",332.515875914351
"diverse","DRAO",208.193135387176
"SYNCSA","DRAO",0.78125
"abdiv","DSHA",1.55958115625988
"adiv","DSHA",1.55958115625988
"aqp","DSHA",-6
"asbio","DSHA",1.55958115625988
"benthos","DSHA",0
"BiodiversityR","DSHA",1.55958116
"biosampleR","DSHA",1.69630811453213
"chemodiv","DSHA",1.55958115625988
"codyn","DSHA",1.55958115625988
"DescTools","DSHA",2.25
"divDyn","DSHA",1.55958115625988
"divent","DSHA",1.55958115625988
"diverse","DSHA",1.69630811453213
"ecodive","DSHA",1.55958115625988
"EconGeo","DSHA",2.25
"entropart","DSHA",1.84591996490431
"forestmangr","DSHA",3.56
"HardyWeinberg","DSHA",1.55958115625988
"iNEXT","DSHA",1.56
"MCPAN","DSHA",1.55958115625988
"microbiome","DSHA",1.55958115625988
"OTUtable","DSHA",1.55958115625988
"pgirmess","DSHA",2.25
"SpiecEasi","DSHA",1.55958115625988
"sprex","DSHA",1.55958115625988
"tabula","DSHA",1.55958115625988
"triversity","DSHA",5
"vegan","DSHA",1.55958115625988
"wavethresh","DSHA",-16.6355323334387
"wiqid","DSHA",9.33333333333333
"abdiv","DSP",0.21875
"agricolae","DSP",0.21875
"antitrust","DSP",2187.5
"benthos","DSP",0.107142857142857
"breakaway","DSP",0.21875
"concstats","DSP",0.21875
"DescTools","DSP",0.21875
"diverse","DSP",0.2559680039995
"divseg","DSP",1.21875
"EconGeo","DSP",0.21875
"hhi","DSP",0.21875
"ineq","DSP",0.21875
"microbiome","DSP",0.21875
"PDtoolkit","DSP",0.21875
"politics","DSP",0.21875
"REAT","DSP",0.21875
"sprex","DSP",0.21875
"tabula","DSP",0.21875
"triversity","DSP",0.21875
"wiqid","DSP",9.33333333333333
"abdiv","EBP",0.25
"agricolae","EBP",NA
"BiodiversityR","EBP",0.25
"diverse","EBP",0.433070866141732
"dyvDyn","EBP",0.0285714285714286
"ecodive","EBP",0.25
"microbiome","EBP",0.25
"tabula","EBP",0.25
"triversity","EBP",0.25
"wiqid","EBP",1
"tabula","EBRI",1
"BAT","EBU",0.8125
"microbiome","EBU",0.8125
"BAT","ECAM",0.925
"microbiome","ECAM",1
"codyn","EEQ",0.430134205418004
"custom","EEQ",0.0820089479491809
"adiv","EEVAR",0.926914961609593
"codyn","EEVAR",0.911437699707966
"custom","EEVAR",0.926914961609593
"microbiome","EEVAR",0.926914961609593
"acid","EGIN",0.878571428571429
"DescTools","EGIN",0.878571428571428
"dplR","EGIN",0.878571428571429
"EconGeo","EGIN",0.879
"giniVarCI","EGIN",0.878571428571428
"ineq","EGIN",0.878571428571429
"microbiome","EGIN",0.878571428571428
"REAT","EGIN",0.878571428571429
"shipunov","EGIN",0.878571428571428
"wINEQ","EGIN",0.878571428571429
"adiv","EGSP",0.9765625
"abdiv","EHEI",0.939207115002721
"adiv","EHEI",0.939207115002721
"custom","EHUL",0.5
"benthos","EHURE",0.892857142857143
"BiodiversityR","EHURE",0.89285714
"mobr","EHURE",0.892857142857143
"vegan","EHURE",0.892857142857143
"custom","ELR",0.437484848904304
"abdiv","EMC",0.836660026534075
"tabula","EMC",0.962926769399621
"microbiome","EMN",0.5
"custom","ENHC",-0.207944154167984
"custom","EPAT",0.47635980053618
"abdiv","EPIE",0.969022255665134
"adiv","EPIE",0.969022255665134
"BiodiversityR","EPIE",0.96902226
"breakaway","EPIE",0.969022255665134
"chemodiv","EPIE",0.969022255665134
"diverse","EPIE",0.682644603440878
"forestmangr","EPIE",1
"microbiome","EPIE",0.969022255665134
"OTUtable","EPIE",0.969022255665134
"pctax","EPIE",0.969
"sprex","EPIE",0.969022255665134
"tabula","EPIE",0.969022255665134
"custom","ESHE",0.951365692002177
"adiv","ESP",0.914285714285714
"codyn","ESP",0.914285714285714
"sprex","ESP",0.311916231251975
"tabula","ESP",0.914285714285714
"abdiv","EST",0.15
"adiv","QHIL_0",5
"adiv","QHIL_1",4.75682846001088
"adiv","QHIL_2",4.57142857142857
"adiv","QHIL_3",4.43760156980183
"BAT","QHIL_0",5
"BAT","QHIL_1",4.75682846001088
"BAT","QHIL_2",4.57142857142857
"BAT","QHIL_3",4.43760156980183
"benthos","QHIL_0",35
"benthos","QHIL_1",4.75682846001088
"benthos","QHIL_2",4.57142857142857
"benthos","QHIL_3",4.43760156980183
"breakaway","QHIL_0",5
"breakaway","QHIL_1",4.75682846001088
"breakaway","QHIL_2",4.57142857142857
"breakaway","QHIL_3",4.43760156980183
"chemodiv","QHIL_0",5
"chemodiv","QHIL_1",4.75682846001088
"chemodiv","QHIL_2",4.57142857142857
"chemodiv","QHIL_3",4.43760156980183
"divDyn","QHIL_2",4.57142857142857
"divent","QHIL_0",7
"divent","QHIL_1",6.33392409878911
"divent","QHIL_2",5.85073327966683
"divent","QHIL_3",5.52934400667314
"entropart","QHIL_0",7
"entropart","QHIL_1",6.33392409878911
"entropart","QHIL_2",5.85073327966683
"entropart","QHIL_3",5.52934400667313
"EntropyEstimation","QHIL_1",6.31455409499388
"EntropyEstimation","QHIL_2",9.33333333333334
"EntropyEstimation","QHIL_3",Inf
"extremefit","QHIL",NA
"hilldiv","QHIL_0",5
"hilldiv","QHIL_1",4.75683060262467
"hilldiv","QHIL_2",4.57142857142857
"hilldiv","QHIL_3",4.43760156980183
"hillR","QHIL_0",5
"hillR","QHIL_1",4.75682846001088
"hillR","QHIL_2",4.57142857142857
"hillR","QHIL_3",4.43760156980183
"sprex","QHIL_0",5
"sprex","QHIL_1",4.75682846001088
"sprex","QHIL_2",4.57142857142857
"sprex","QHIL_3",4.43760156980183
"vegan","QHIL_0",5
"vegan","QHIL_1",4.75682846001088
"vegan","QHIL_2",4.57142857142857
"vegan","QHIL_3",4.43760156980183
"adiv","QREN_0",1.6094379124341
"adiv","QREN_1",1.55958115625988
"adiv","QREN_2",1.51982575374441
"adiv","QREN_3",1.49011404350901
"BiodiversityR","QREN_0",1.6094379124341
"BiodiversityR","QREN_1",1.55958115625988
"BiodiversityR","QREN_2",1.51982575374441
"BiodiversityR","QREN_3",1.49011404350901
"diverse","QREN_0",2.484906649788
"diverse","QREN_1",1.69630811453213
"diverse","QREN_2",1.34007311798324
"diverse","QREN_3",1.17956014125448
"EntropyEstimation","QREN_1",1.84285714285714
"EntropyEstimation","QREN_2",2.23359222150709
"EntropyEstimation","QREN_3",Inf
"seewave","QREN_2",0.427476150705639
"seewave","QREN_3",0.419119191774621
"sprex","QREN_0",1.6094379124341
"sprex","QREN_1",1.55958115625988
"sprex","QREN_2",1.51982575374441
"sprex","QREN_3",1.49011404350901
"statcomp","QREN_1",0.438657799261019
"statcomp","QREN_2",0.427475939755874
"statcomp","QREN_3",0.419119033562292
"vegan","QREN_0",1.6094379124341
"vegan","QREN_1",1.55958115625988
"vegan","QREN_2",1.51982575374441
"vegan","QREN_3",1.49011404350901
"adiv","QTSA_0",4
"adiv","QTSA_1",1.55958115625988
"adiv","QTSA_2",0.78125
"adiv","QTSA_3",0.474609375
"divent","QTSA_0",4
"divent","QTSA_1",1.55958115625988
"divent","QTSA_2",0.78125
"divent","QTSA_3",0.474609375
"entropart","QTSA_0",6
"entropart","QTSA_1",1.84591996490431
"entropart","QTSA_2",0.829081253203711
"entropart","QTSA_3",0.483646045551884
"EntropyEstimation","QTSA_1",1.84285714285714
"EntropyEstimation","QTSA_2",0.892857142857143
"EntropyEstimation","QTSA_3",0.5
"vegan","QTSA_0",4
"vegan","QTSA_1",1.55958115625988
"vegan","QTSA_2",0.78125
"vegan","QTSA_3",0.474609375
"BAT","RACE",6.66666666666667
"ecodive","RACE",6.66666666666667
"fossil","RACE",6.66666666666667
"pctax","RACE",6.6667
"sprex","RACE",NA
"tabula","RACE",6.66666666666667
"vegan","RACE",6.66666666666667
"wiqid","RACE",6.66666666666667
"BiodiversityR","RBOO",5
"wiqid","RBOO",35
"BAT","RC1",5.25
"BiodiversityR","RC1",5
"biosampleR","RC1",14
"iNEXT","RC1",5.583
"microbiome","RC1",5.25
"pctax","RC1",5.25
"rareNMtests","RC1",5
"SpadeR","RC1",5
"SSP","RC1",5
"vegan","RC1",5.25
"BAT","RC1M",6.09
"divent","RC1M",5.58333333333333
"ecodive","RC1M",5.66666666666667
"entropart","RC1M",5.58333333333333
"fossil","RC1M",5.66666666666667
"mobr","RC1M",5.58333333333333
"OTUtable","RC1M",5.66666666666667
"tabula","RC1M",5.58333333333333
"wiqid","RC1M",5.66666666666667
"BAT","RCA2",35
"divDyn","RCA2",5.2
"fossil","RCA2",5.66666666666667
"tabula","RCA2",5
"wiqid","RCA2",5
"benthos","RHUR_2",1.89285714285714
"benthos","RHUR_3",2.67857142857143
"divent","RHUR_2",9.33331989458403
"divent","RHUR_3",8.98718240214402
"entropart","RHUR_2",1.89285714285715
"entropart","RHUR_3",2.67857142857143
"mobsim","RHUR_2",1.89285714285714
"mobsim","RHUR_3",2.67857142857143
"tabula","RHUR_2",1.89285714285714
"tabula","RHUR_3",2.67857142857143
"vegan","RHUR_2",1.89285714285714
"vegan","RHUR_3",2.67857142857143
"BAT","RICE",35
"fossil","RICE",6.66666666666667
"tabula","RICE",5
"wiqid","RICE",5
"BAT","RJA1",7
"BiodiversityR","RJA1",5
"divent","RJA1",7
"entropart","RJA1",7
"fossil","RJA1",6.75
"SSP","RJA1",5
"tabula","RJA1",1.55958115625988
"wiqid","RJA1",7
"BAT","RJA2",6
"BiodiversityR","RJA2",5
"fossil","RJA2",5.57142857142857
"SSP","RJA2",5
"wiqid","RJA2",6
"sprex","RMM",8
"wiqid","RMM",0
"divDyn","RSQ",6.03703703703704
"ecodive","RSQ",6.03703703703704
"tabula","RSQ",6.03703703703704
"abdiv","D1SP",0.723721057304829
"ade4","D1SP",0.723721057304829
"adiv","D1SP",0.723721057304829
"agricolae","D1SP",1
"asbio","D1SP",0.723721057304829
"BiodiversityR","D1SP",0.72372106
"biosampleR","D1SP",0.844671201814059
"breakaway","D1SP",0.723721057304829
"catsim","D1SP",0.51265306122449
"concstats","2_D1SP",0.795378151260504
"concstats","D1SP",0.978714086549858
"CUB","D1SP",0.745006970754971
"DescTools","2_D1SP",0.723721057304829
"DescTools","D1SP",0.908118619348566
"divent","D1SP",0.723721057304829
"diverse","D1SP",0.844671201814059
"ecodive","D1SP",0.723721057304829
"entropart","D1SP",0.723721057304829
"lawstat","D1SP",0.908118619348566
"MCPAN","D1SP",-4044
"microbiome","D1SP",0.723721057304829
"PCRA","D1SP",0.723721057304829
"RoughSets","D1SP",0.723721057304829
"simboot","D1SP",-4044
"sprex","D1SP",0.723721057304829
"untb","D1SP",0.729752066115702
"vegan","D1SP",0.723721057304829
"abdiv","DBRI",1.54162073550621
"ecodive","DBRI",1.54162073550621
"tabula","DBRI",1.54162073550621
"wiqid","DBRI",4.67215646780791
"BiodiversityR","DFIS",2.94013609
"ecodive","DFIS",2.94
"microbiome","DFIS",2.94013609332174
"preseqR","DFIS",6.89091537290808
"sads","DFIS",2.94011538224043
"vegan","DFIS",2.94013609332174
"custom","DGLE",2.29367815283335
"DGOO","1_1",1.6710044737347
"DGOO","1_2",0.383279613800593
"DGOO","1_3",1
"DGOO","2_1",0.283003352585014
"DGOO","2_2",0.697468607163694
"DGOO","2_3",1
"DGOO","3_1",0.0925632919210889
"DGOO","3_2",0.104462125345044
"DGOO","3_3",1
"abdiv","DINVSP",3.61953028430161
"adiv","DINVSP",3.61953028430161
"asbio","DINVSP",3.61953028430161
"BiodiversityR","DINVSP",3.61953028
"breakaway","DINVSP",3.61953028430161
"chemodiv","DINVSP",3.61953028430161
"codyn","DINVSP",3.61953028430161
"divseg","DINVSP",1.27627894269517
"ecodive","DINVSP",3.61953028430161
"microbiome","DINVSP",3.61953028430161
"sprex","DINVSP",3.61953028430161
"vegan","DINVSP",3.61953028430161
"custom","DKO",0.56
"asbio","DLMD",12.3323172572633
"Compositional","DLMD",0.999958992306093
"sads","DLMD",1.54349183095823
"vegan","DLMD",19.956514909766
"abdiv","DMC",0.521815323048806
"adiv","DMC",0.521815323048806
"agricolae","DMC",0.521815323048806
"ecodive","DMC",0.521815323048806
"forestHES","DMC",0.521815323048806
"tabula","DMC",0.521815323048806
"abdiv","DMG",2.08516195712123
"adiv","DMG",2.08516195712123
"agricolae","DMG",7.08955065421219
"ecodive","DMG",2.08516195712123
"tabula","DMG",2.08516195712123
"abdiv","DMN",1
"adiv","DMN",1
"ecodive","DMN",1
"tabula","DMN",1
"custom","DOD",90.9090909090909
"abdiv","DQ",0
"ade4","DRAO",0.723721057304829
"BAT","DRAO",0.723721057304829
"chemodiv","DRAO",284.699501489299
"diverse","DRAO",130.659975183414
"SYNCSA","DRAO",0.723721057304829
"abdiv","DSHA",1.6710044737347
"adiv","DSHA",1.6710044737347
"aqp","DSHA",-545.481717735426
"asbio","DSHA",1.6710044737347
"benthos","DSHA",0
"BiodiversityR","DSHA",1.67100447
"biosampleR","DSHA",1.98099159894805
"chemodiv","DSHA",1.6710044737347
"codyn","DSHA",1.6710044737347
"DescTools","DSHA",2.41074986756033
"divDyn","DSHA",1.6710044737347
"divent","DSHA",1.6710044737347
"diverse","DSHA",1.98099159894805
"ecodive","DSHA",1.6710044737347
"EconGeo","DSHA",2.411
"entropart","DSHA",1.7456955689961
"forestmangr","DSHA",3.56
"HardyWeinberg","DSHA",1.6710044737347
"iNEXT","DSHA",1.671
"MCPAN","DSHA",1.6710044737347
"microbiome","DSHA",1.6710044737347
"OTUtable","DSHA",1.6710044737347
"pgirmess","DSHA",2.41074986756033
"SpiecEasi","DSHA",1.6710044737347
"sprex","DSHA",1.6710044737347
"tabula","DSHA",1.6710044737347
"triversity","DSHA",11
"vegan","DSHA",1.6710044737347
"wavethresh","DSHA",-30511.0413434833
"wiqid","DSHA",3.70030581039755
"abdiv","DSP",0.276278942695171
"agricolae","DSP",0.276278942695171
"antitrust","DSP",2762.78942695171
"benthos","DSP",0.270247933884298
"breakaway","DSP",0.276278942695171
"concstats","DSP",0.276278942695171
"DescTools","DSP",0.276278942695171
"diverse","DSP",0.13472706155633
"divseg","DSP",1.27627894269517
"EconGeo","DSP",0.276278942695171
"hhi","DSP",0.276278942695171
"ineq","DSP",0.276278942695171
"microbiome","DSP",0.276278942695171
"PDtoolkit","DSP",0.276278942695171
"politics","DSP",0.276278942695171
"REAT","DSP",0.276278942695171
"sprex","DSP",0.276278942695171
"tabula","DSP",0.276278942695171
"triversity","DSP",0.276278942695171
"wiqid","DSP",3.70030581039755
"abdiv","EBP",0.471074380165289
"agricolae","EBP",0.471074380165289
"BiodiversityR","EBP",0.47107438
"diverse","EBP",0.214285714285714
"dyvDyn","EBP",0.0285714285714286
"ecodive","EBP",0.471074380165289
"microbiome","EBP",0.471074380165289
"tabula","EBP",0.471074380165289
"triversity","EBP",0.471074380165289
"wiqid","EBP",1
"tabula","EBRI",0.690662694433131
"BAT","EBU",0.481818181818182
"microbiome","EBU",0.481818181818182
"BAT","ECAM",0.874981217129978
"microbiome","ECAM",0.893313298271976
"codyn","EEQ",0.145932307509752
"custom","EEQ",0.0702356685956168
"adiv","EEVAR",0.33157495044337
"codyn","EEVAR",0.31366196648464
"custom","EEVAR",0.331574950443369
"microbiome","EEVAR",0.33157495044337
"acid","EGIN",0.882172373081464
"DescTools","EGIN",0.882172373081464
"dplR","EGIN",0.882172373081464
"EconGeo","EGIN",0.882
"giniVarCI","EGIN",0.882172373081464
"ineq","EGIN",0.882172373081464
"microbiome","EGIN",0.882172373081464
"REAT","EGIN",0.882172373081464
"shipunov","EGIN",0.882172373081464
"wINEQ","EGIN",0.882172373081464
"adiv","EGSP",0.796093163035312
"abdiv","EHEI",0.431750641100759
"adiv","EHEI",0.431750641100759
"custom","EHUL",0.636363636363636
"benthos","EHURE",0.729752066115702
"BiodiversityR","EHURE",0.72975207
"mobr","EHURE",0.729752066115703
"vegan","EHURE",0.729752066115677
"custom","ELR",0.195620128690703
"abdiv","EMC",0.572743427421927
"tabula","EMC",0.679148562722531
"microbiome","EMN",0.636363636363636
"custom","ENHC",-0.406731833799864
"custom","EPAT",0.42789105562292
"abdiv","EPIE",0.696862991762198
"adiv","EPIE",0.696862991762198
"BiodiversityR","EPIE",0.69686299
"breakaway","EPIE",0.696862991762198
"chemodiv","EPIE",0.696862991762198
"diverse","EPIE",0.901588130490368
"forestmangr","EPIE",1
"microbiome","EPIE",0.696862991762198
"OTUtable","EPIE",0.696862991762198
"pctax","EPIE",0.6969
"sprex","EPIE",0.696862991762198
"tabula","EPIE",0.696862991762198
"custom","ESHE",0.483409673727962
"adiv","ESP",0.329048207663782
"codyn","ESP",0.329048207663782
"sprex","ESP",0.151909497612246
"tabula","ESP",0.329048207663782
"abdiv","EST",0.471074380165289
"adiv","QHIL_0",11
"adiv","QHIL_1",5.31750641100759
"adiv","QHIL_2",3.61953028430161
"adiv","QHIL_3",2.99527974334715
"BAT","QHIL_0",11
"BAT","QHIL_1",5.31750641100759
"BAT","QHIL_2",3.61953028430161
"BAT","QHIL_3",2.99527974334715
"benthos","QHIL_0",35
"benthos","QHIL_1",5.31750641100759
"benthos","QHIL_2",3.61953028430161
"benthos","QHIL_3",2.99527974334715
"breakaway","QHIL_0",11
"breakaway","QHIL_1",5.31750641100759
"breakaway","QHIL_2",3.61953028430161
"breakaway","QHIL_3",2.99527974334715
"chemodiv","QHIL_0",11
"chemodiv","QHIL_1",5.31750641100759
"chemodiv","QHIL_2",3.61953028430161
"chemodiv","QHIL_3",2.99527974334715
"divDyn","QHIL_2",3.61953028430161
"divent","QHIL_0",14
"divent","QHIL_1",5.72988562042557
"divent","QHIL_2",3.69985914049379
"divent","QHIL_3",3.02814625524897
"entropart","QHIL_0",14
"entropart","QHIL_1",5.72988562042557
"entropart","QHIL_2",3.69985914049379
"entropart","QHIL_3",3.02814625524897
"EntropyEstimation","QHIL_1",5.55843980762634
"EntropyEstimation","QHIL_2",3.70030581039755
"EntropyEstimation","QHIL_3",3.05144288379237
"extremefit","QHIL",NA
"hilldiv","QHIL_0",11
"hilldiv","QHIL_1",5.3175351960837
"hilldiv","QHIL_2",3.61953028430161
"hilldiv","QHIL_3",2.99527974334715
"hillR","QHIL_0",11
"hillR","QHIL_1",5.31750641100759
"hillR","QHIL_2",3.61953028430161
"hillR","QHIL_3",2.99527974334715
"sprex","QHIL_0",11
"sprex","QHIL_1",5.31750641100759
"sprex","QHIL_2",3.61953028430161
"sprex","QHIL_3",2.99527974334715
"vegan","QHIL_0",11
"vegan","QHIL_1",5.31750641100759
"vegan","QHIL_2",3.61953028430161
"vegan","QHIL_3",2.99527974334715
"adiv","QREN_0",2.39789527279837
"adiv","QREN_1",1.6710044737347
"adiv","QREN_2",1.28634426170089
"adiv","QREN_3",1.09703763066039
"BiodiversityR","QREN_0",2.39789527279837
"BiodiversityR","QREN_1",1.6710044737347
"BiodiversityR","QREN_2",1.28634426170089
"BiodiversityR","QREN_3",1.09703763066039
"diverse","QREN_0",2.19722457733622
"diverse","QREN_1",1.98099159894805
"diverse","QREN_2",1.86221113017867
"diverse","QREN_3",1.79321932427972
"EntropyEstimation","QREN_1",1.71531745874495
"EntropyEstimation","QREN_2",1.30841546769353
"EntropyEstimation","QREN_3",1.11561455540707
"seewave","QREN_2",0.361805448896453
"seewave","QREN_3",0.308559848835977
"sprex","QREN_0",2.39789527279837
"sprex","QREN_1",1.6710044737347
"sprex","QREN_2",1.28634426170089
"sprex","QREN_3",1.09703763066039
"statcomp","QREN_1",0.469997436210137
"statcomp","QREN_2",0.361805437738777
"statcomp","QREN_3",0.30855984046772
"vegan","QREN_0",2.39789527279837
"vegan","QREN_1",1.6710044737347
"vegan","QREN_2",1.28634426170089
"vegan","QREN_3",1.09703763066039
"adiv","QTSA_0",10
"adiv","QTSA_1",1.6710044737347
"adiv","QTSA_2",0.723721057304829
"adiv","QTSA_3",0.444269206648826
"divent","QTSA_0",10
"divent","QTSA_1",1.6710044737347
"divent","QTSA_2",0.723721057304829
"divent","QTSA_3",0.444269206648826
"entropart","QTSA_0",13
"entropart","QTSA_1",1.7456955689961
"entropart","QTSA_2",0.729719440111837
"entropart","QTSA_3",0.445472409148435
"EntropyEstimation","QTSA_1",1.71531745874495
"EntropyEstimation","QTSA_2",0.729752066115702
"EntropyEstimation","QTSA_3",0.44630182651573
"vegan","QTSA_0",10
"vegan","QTSA_1",1.6710044737347
"vegan","QTSA_2",0.723721057304829
"vegan","QTSA_3",0.444269206648826
"BAT","RACE",15.4368967401202
"ecodive","RACE",15.4368967401202
"fossil","RACE",12.2352941176471
"pctax","RACE",15.4369
"sprex","RACE",121
"tabula","RACE",15.4368967401202
"vegan","RACE",15.4368967401202
"wiqid","RACE",15.4368967401202
"BiodiversityR","RBOO",11
"wiqid","RBOO",35
"BAT","RC1",12
"BiodiversityR","RC1",11
"biosampleR","RC1",9.5
"iNEXT","RC1",13.231
"microbiome","RC1",12
"pctax","RC1",12
"rareNMtests","RC1",11
"SpadeR","RC1",11
"SSP","RC1",11
"vegan","RC1",12
"BAT","RC1M",12.8925619834711
"divent","RC1M",13.2314049586777
"ecodive","RC1M",13.25
"entropart","RC1M",13.2314049586777
"fossil","RC1M",13.25
"mobr","RC1M",13.2314049586777
"OTUtable","RC1M",13.25
"tabula","RC1M",13.2314049586777
"wiqid","RC1M",13.25
"BAT","RCA2",35
"divDyn","RCA2",11.9090909090909
"fossil","RCA2",13.25
"tabula","RCA2",11
"wiqid","RCA2",11
"benthos","RHUR_2",1.72975206611568
"benthos","RHUR_3",2.29665254531561
"divent","RHUR_2",3.70030607640794
"divent","RHUR_3",3.90083854493836
"entropart","RHUR_2",1.72975206611568
"entropart","RHUR_3",2.29665254531562
"mobsim","RHUR_2",1.72975206611568
"mobsim","RHUR_3",2.29665254531561
"tabula","RHUR_2",1.72975206611529
"tabula","RHUR_3",2.29665254531509
"vegan","RHUR_2",1.72975206611568
"vegan","RHUR_3",2.29665254531561
"BAT","RICE",35
"fossil","RICE",12.2352941176471
"tabula","RICE",11
"wiqid","RICE",11
"BAT","RJA1",14
"BiodiversityR","RJA1",11
"divent","RJA1",14
"entropart","RJA1",14
"fossil","RJA1",13.9752066115702
"SSP","RJA1",11
"tabula","RJA1",1.6710044737347
"wiqid","RJA1",14
"BAT","RJA2",15
"BiodiversityR","RJA2",11
"fossil","RJA2",14.9006887052342
"SSP","RJA2",11
"wiqid","RJA2",15
"sprex","RMM",127
"wiqid","RMM",0
"divDyn","RSQ",13.4921276013143
"ecodive","RSQ",13.4921276013143
"tabula","RSQ",13.4921276013143
"abdiv","D1SP",0.534814814814815
"ade4","D1SP",0.534814814814815
"adiv","D1SP",0.534814814814815
"agricolae","D1SP",1
"asbio","D1SP",0.534814814814815
"BiodiversityR","D1SP",0.53481481
"biosampleR","D1SP",0.757396449704142
"breakaway","D1SP",0.534814814814815
"catsim","D1SP",0.347755102040816
"concstats","2_D1SP",0.795378151260504
"concstats","D1SP",0.984270152505447
"CUB","D1SP",0.550544662309368
"DescTools","2_D1SP",0.534814814814815
"DescTools","D1SP",0.964705882352941
"divent","D1SP",0.534814814814815
"diverse","D1SP",0.757396449704142
"ecodive","D1SP",0.534814814814815
"entropart","D1SP",0.534814814814815
"lawstat","D1SP",0.964705882352941
"MCPAN","D1SP",-3767
"microbiome","D1SP",0.534814814814815
"PCRA","D1SP",0.534814814814815
"RoughSets","D1SP",0.534814814814815
"simboot","D1SP",-3767
"sprex","D1SP",0.534814814814815
"untb","D1SP",0.540823970037453
"vegan","D1SP",0.534814814814815
"abdiv","DBRI",0.902102155874736
"ecodive","DBRI",0.902102155874736
"tabula","DBRI",0.902102155874736
"wiqid","DBRI",2.46477901866272
"BiodiversityR","DFIS",1.77387775
"ecodive","DFIS",1.774
"microbiome","DFIS",1.77387774591032
"preseqR","DFIS",10.1052474090589
"sads","DFIS",1.77387611095129
"vegan","DFIS",1.77387774591032
"custom","DGLE",1.55562135131067
"DGOO","1_1",0.990595155815617
"DGOO","1_2",0.248917990503438
"DGOO","1_3",1
"DGOO","2_1",0.306909183649372
"DGOO","2_2",0.287026457374967
"DGOO","2_3",1
"DGOO","3_1",0.148329124968011
"DGOO","3_2",0.0789732258041828
"DGOO","3_3",1
"abdiv","DINVSP",2.14968152866242
"adiv","DINVSP",2.14968152866242
"asbio","DINVSP",2.14968152866242
"BiodiversityR","DINVSP",2.14968153
"breakaway","DINVSP",2.14968152866242
"chemodiv","DINVSP",2.14968152866242
"codyn","DINVSP",2.14968152866242
"divseg","DINVSP",1.46518518518519
"ecodive","DINVSP",2.14968152866242
"microbiome","DINVSP",2.14968152866242
"sprex","DINVSP",2.14968152866242
"vegan","DINVSP",2.14968152866242
"custom","DKO",0.72
"asbio","DLMD",9.3651099574827
"Compositional","DLMD",0.999958992306093
"sads","DLMD",1.24893917680983
"vegan","DLMD",2794.03372656072
"abdiv","DMC",0.355419666700975
"adiv","DMC",0.355419666700975
"agricolae","DMC",0.355419666700975
"ecodive","DMC",0.355419666700975
"forestHES","DMC",0.355419666700975
"tabula","DMC",0.355419666700975
"abdiv","DMG",1.33338972969486
"adiv","DMG",1.33338972969486
"agricolae","DMG",7.55587513493755
"ecodive","DMG",1.33338972969486
"tabula","DMG",1.33338972969486
"abdiv","DMN",0.737864787372622
"adiv","DMN",0.737864787372622
"ecodive","DMN",0.737864787372622
"tabula","DMN",0.737864787372622
"custom","DOD",77.7777777777778
"abdiv","DQ",0
"ade4","DRAO",0.534814814814815
"BAT","DRAO",0.534814814814815
"chemodiv","DRAO",381.139483525856
"diverse","DRAO",44.0339467961466
"SYNCSA","DRAO",0.534814814814815
"abdiv","DSHA",0.990595155815617
"adiv","DSHA",0.990595155815617
"aqp","DSHA",-455.645373975527
"asbio","DSHA",0.990595155815617
"benthos","DSHA",0
"BiodiversityR","DSHA",0.99059516
"biosampleR","DSHA",1.5857708352081
"chemodiv","DSHA",0.990595155815617
"codyn","DSHA",0.990595155815617
"DescTools","DSHA",1.42912671882382
"divDyn","DSHA",0.990595155815617
"divent","DSHA",0.990595155815617
"diverse","DSHA",1.5857708352081
"ecodive","DSHA",0.990595155815617
"EconGeo","DSHA",1.429
"entropart","DSHA",1.04844139098635
"forestmangr","DSHA",3.56
"HardyWeinberg","DSHA",0.990595155815617
"iNEXT","DSHA",0.991
"MCPAN","DSHA",0.990595155815617
"microbiome","DSHA",0.990595155815617
"OTUtable","DSHA",0.990595155815617
"pgirmess","DSHA",1.42912671882382
"SpiecEasi","DSHA",0.990595155815617
"sprex","DSHA",0.990595155815617
"tabula","DSHA",0.990595155815617
"triversity","DSHA",7
"vegan","DSHA",0.990595155815617
"wavethresh","DSHA",-28938.6369004891
"wiqid","DSHA",2.17781402936378
"abdiv","DSP",0.465185185185185
"agricolae","DSP",0.465185185185185
"antitrust","DSP",4651.85185185185
"benthos","DSP",0.459176029962547
"breakaway","DSP",0.465185185185185
"concstats","DSP",0.465185185185185
"DescTools","DSP",0.465185185185185
"diverse","DSP",0.179487179487179
"divseg","DSP",1.46518518518519
"EconGeo","DSP",0.465185185185185
"hhi","DSP",0.465185185185185
"ineq","DSP",0.465185185185185
"microbiome","DSP",0.465185185185185
"PDtoolkit","DSP",0.465185185185185
"politics","DSP",0.465185185185185
"REAT","DSP",0.465185185185185
"sprex","DSP",0.465185185185185
"tabula","DSP",0.465185185185185
"triversity","DSP",0.465185185185185
"wiqid","DSP",2.17781402936378
"abdiv","EBP",0.6
"agricolae","EBP",0.6
"BiodiversityR","EBP",0.6
"diverse","EBP",0.384615384615385
"dyvDyn","EBP",0.0285714285714286
"ecodive","EBP",0.6
"microbiome","EBP",0.6
"tabula","EBP",0.6
"triversity","EBP",0.6
"wiqid","EBP",1
"tabula","EBRI",0.498544529199207
"BAT","EBU",0.257407407407407
"microbiome","EBU",0.257407407407407
"BAT","ECAM",0.771428571428571
"microbiome","ECAM",0.990476190476191
"codyn","EEQ",0.117643299588273
"custom","EEQ",0.173082250373443
"adiv","EEVAR",0.244865916983013
"codyn","EEVAR",0.218393082408063
"custom","EEVAR",0.244865916983013
"microbiome","EEVAR",0.244865916983013
"acid","EGIN",0.937142857142857
"DescTools","EGIN",0.937142857142857
"dplR","EGIN",0.937142857142857
"EconGeo","EGIN",0.937
"giniVarCI","EGIN",0.937142857142857
"ineq","EGIN",0.937142857142857
"microbiome","EGIN",0.937142857142857
"REAT","EGIN",0.937142857142857
"shipunov","EGIN",0.937142857142857
"wINEQ","EGIN",0.937142857142857
"adiv","EGSP",0.623950617283951
"abdiv","EHEI",0.28213944215382
"adiv","EHEI",0.28213944215382
"custom","EHUL",0.922222222222222
"benthos","EHURE",0.540823970037453
"BiodiversityR","EHURE",0.54082397
"mobr","EHURE",0.540823970037453
"vegan","EHURE",0.540823970037461
"custom","ELR",0.16510654050721
"abdiv","EMC",0.730451845124564
"tabula","EMC",0.511152708333852
"microbiome","EMN",0.922222222222222
"custom","ENHC",-0.692667535008061
"custom","EPAT",0.723866677370823
"abdiv","EPIE",0.50906520853315
"adiv","EPIE",0.50906520853315
"BiodiversityR","EPIE",0.50906521
"breakaway","EPIE",0.50906520853315
"chemodiv","EPIE",0.50906520853315
"diverse","EPIE",0.885035554404686
"forestmangr","EPIE",1
"microbiome","EPIE",0.50906520853315
"OTUtable","EPIE",0.50906520853315
"pctax","EPIE",0.5091
"sprex","EPIE",0.50906520853315
"tabula","EPIE",0.50906520853315
"custom","ESHE",0.38469095041756
"adiv","ESP",0.307097361237489
"codyn","ESP",0.307097361237489
"sprex","ESP",0.141513593687945
"tabula","ESP",0.307097361237489
"abdiv","EST",0.636507936507937
"adiv","QHIL_0",7
"adiv","QHIL_1",2.69283665292292
"adiv","QHIL_2",2.14968152866242
"adiv","QHIL_3",2.00207730599805
"BAT","QHIL_0",7
"BAT","QHIL_1",2.69283665292292
"BAT","QHIL_2",2.14968152866242
"BAT","QHIL_3",2.00207730599805
"benthos","QHIL_0",35
"benthos","QHIL_1",2.69283665292292
"benthos","QHIL_2",2.14968152866242
"benthos","QHIL_3",2.00207730599805
"breakaway","QHIL_0",7
"breakaway","QHIL_1",2.69283665292292
"breakaway","QHIL_2",2.14968152866242
"breakaway","QHIL_3",2.00207730599805
"chemodiv","QHIL_0",7
"chemodiv","QHIL_1",2.69283665292292
"chemodiv","QHIL_2",2.14968152866242
"chemodiv","QHIL_3",2.00207730599805
"divDyn","QHIL_2",2.14968152866242
"divent","QHIL_0",10
"divent","QHIL_1",2.85320062646179
"divent","QHIL_2",2.17755318309974
"divent","QHIL_3",2.01558406305618
"entropart","QHIL_0",10
"entropart","QHIL_1",2.85320062646179
"entropart","QHIL_2",2.17755318309974
"entropart","QHIL_3",2.01558406305618
"EntropyEstimation","QHIL_1",2.79392143969256
"EntropyEstimation","QHIL_2",2.17781402936378
"EntropyEstimation","QHIL_3",2.03179450485835
"extremefit","QHIL",NA
"hilldiv","QHIL_0",7
"hilldiv","QHIL_1",2.69284887230805
"hilldiv","QHIL_2",2.14968152866242
"hilldiv","QHIL_3",2.00207730599805
"hillR","QHIL_0",7
"hillR","QHIL_1",2.69283665292292
"hillR","QHIL_2",2.14968152866242
"hillR","QHIL_3",2.00207730599805
"sprex","QHIL_0",7
"sprex","QHIL_1",2.69283665292292
"sprex","QHIL_2",2.14968152866242
"sprex","QHIL_3",2.00207730599805
"vegan","QHIL_0",7
"vegan","QHIL_1",2.69283665292292
"vegan","QHIL_2",2.14968152866242
"vegan","QHIL_3",2.00207730599805
"adiv","QREN_0",1.94591014905531
"adiv","QREN_1",0.990595155815617
"adiv","QREN_2",0.765319704964276
"adiv","QREN_3",0.694185294532152
"BiodiversityR","QREN_0",1.94591014905531
"BiodiversityR","QREN_1",0.990595155815617
"BiodiversityR","QREN_2",0.765319704964276
"BiodiversityR","QREN_3",0.694185294532152
"diverse","QREN_0",1.79175946922805
"diverse","QREN_1",1.5857708352081
"diverse","QREN_2",1.41632664821877
"diverse","QREN_3",1.30054893578892
"EntropyEstimation","QREN_1",1.02744614293501
"EntropyEstimation","QREN_2",0.778321634898138
"EntropyEstimation","QREN_3",0.70891939510346
"seewave","QREN_2",0.215258746527868
"seewave","QREN_3",0.195251021613903
"sprex","QREN_0",1.94591014905531
"sprex","QREN_1",0.990595155815617
"sprex","QREN_2",0.765319704964276
"sprex","QREN_3",0.694185294532152
"statcomp","QREN_1",0.278621147264168
"statcomp","QREN_2",0.215258729026847
"statcomp","QREN_3",0.195251008488137
"vegan","QREN_0",1.94591014905531
"vegan","QREN_1",0.990595155815617
"vegan","QREN_2",0.765319704964276
"vegan","QREN_3",0.694185294532152
"adiv","QTSA_0",6
"adiv","QTSA_1",0.990595155815617
"adiv","QTSA_2",0.534814814814815
"adiv","QTSA_3",0.375259259259259
"divent","QTSA_0",6
"divent","QTSA_1",0.990595155815617
"divent","QTSA_2",0.534814814814815
"divent","QTSA_3",0.375259259259259
"entropart","QTSA_0",9
"entropart","QTSA_1",1.04844139098635
"entropart","QTSA_2",0.540768965937951
"entropart","QTSA_3",0.37692547374066
"EntropyEstimation","QTSA_1",1.02744614293501
"EntropyEstimation","QTSA_2",0.540823970037453
"EntropyEstimation","QTSA_3",0.37888151174668
"vegan","QTSA_0",6
"vegan","QTSA_1",0.990595155815617
"vegan","QTSA_2",0.534814814814815
"vegan","QTSA_3",0.375259259259259
"BAT","RACE",10.75
"ecodive","RACE",10.75
"fossil","RACE",13.15625
"pctax","RACE",10.75
"sprex","RACE",90.5182065338503
"tabula","RACE",10.75
"vegan","RACE",10.75
"wiqid","RACE",10.75
"BiodiversityR","RBOO",7
"wiqid","RBOO",35
"BAT","RC1",8
"BiodiversityR","RC1",7
"biosampleR","RC1",7.5
"iNEXT","RC1",9.225
"microbiome","RC1",8
"pctax","RC1",8
"rareNMtests","RC1",7
"SpadeR","RC1",7
"SSP","RC1",6
"vegan","RC1",8
"BAT","RC1M",9.46938775510204
"divent","RC1M",9.225
"ecodive","RC1M",9.25
"entropart","RC1M",9.225
"fossil","RC1M",9.25
"mobr","RC1M",9.225
"OTUtable","RC1M",9.25
"tabula","RC1M",9.225
"wiqid","RC1M",9.25
"BAT","RCA2",35
"divDyn","RCA2",7.85714285714286
"fossil","RCA2",9.25
"tabula","RCA2",7
"wiqid","RCA2",7
"benthos","RHUR_2",1.54082397003746
"benthos","RHUR_3",1.86470888661901
"divent","RHUR_2",2.17778847927863
"divent","RHUR_3",2.25121218321
"entropart","RHUR_2",1.54082397003746
"entropart","RHUR_3",1.86470888661901
"mobsim","RHUR_2",1.54082397003746
"mobsim","RHUR_3",1.86470888661901
"tabula","RHUR_2",1.5408239700376
"tabula","RHUR_3",1.86470888661891
"vegan","RHUR_2",1.54082397003746
"vegan","RHUR_3",1.86470888661901
"BAT","RICE",35
"fossil","RICE",13.15625
"tabula","RICE",7
"wiqid","RICE",7
"BAT","RJA1",10
"BiodiversityR","RJA1",7
"divent","RJA1",10
"entropart","RJA1",10
"fossil","RJA1",9.96666666666667
"SSP","RJA1",6
"tabula","RJA1",0.990595155815617
"wiqid","RJA1",10
"BAT","RJA2",11
"BiodiversityR","RJA2",7
"fossil","RJA2",10.8664169787765
"SSP","RJA2",6
"wiqid","RJA2",11
"sprex","RMM",96
"wiqid","RMM",0
"divDyn","RSQ",11.1975492016339
"ecodive","RSQ",11.1975492016339
"tabula","RSQ",11.1975492016339
"abdiv","D1SP",0.738173476346953
"ade4","D1SP",0.738173476346953
"adiv","D1SP",0.738173476346953
"agricolae","D1SP",1
"asbio","D1SP",0.738173476346953
"BiodiversityR","D1SP",0.73817348
"biosampleR","D1SP",0.875878853434289
"breakaway","D1SP",0.738173476346953
"catsim","D1SP",0.546938775510204
"concstats","2_D1SP",0.795378151260504
"concstats","D1SP",0.97828901540156
"CUB","D1SP",0.759884460945393
"DescTools","2_D1SP",0.738173476346953
"DescTools","D1SP",0.907827698008337
"divent","D1SP",0.738173476346953
"diverse","D1SP",0.875878853434289
"ecodive","D1SP",0.738173476346953
"entropart","D1SP",0.738173476346953
"lawstat","D1SP",0.907827698008337
"MCPAN","D1SP",-4222
"microbiome","D1SP",0.738173476346953
"PCRA","D1SP",0.738173476346953
"RoughSets","D1SP",0.738173476346953
"simboot","D1SP",-4222
"sprex","D1SP",0.738173476346953
"untb","D1SP",0.7440319960005
"vegan","D1SP",0.738173476346953
"abdiv","DBRI",1.56514222440152
"ecodive","DBRI",1.56514222440152
"tabula","DBRI",1.56514222440152
"wiqid","DBRI",4.78335519734944
"BiodiversityR","DFIS",3.25182972
"ecodive","DFIS",3.252
"microbiome","DFIS",3.25182971698263
"preseqR","DFIS",9.71932203267284
"sads","DFIS",3.25180379953379
"vegan","DFIS",3.25182971698263
"custom","DGLE",2.47719581961331
"DGOO","1_1",1.69630811453213
"DGOO","1_2",0.397517008442171
"DGOO","1_3",1
"DGOO","2_1",0.292115906542583
"DGOO","2_2",0.69082297884381
"DGOO","2_3",1
"DGOO","3_1",0.0898946727300756
"DGOO","3_2",0.115171498713823
"DGOO","3_3",1
"abdiv","DINVSP",3.81932275633436
"adiv","DINVSP",3.81932275633436
"asbio","DINVSP",3.81932275633436
"BiodiversityR","DINVSP",3.81932276
"breakaway","DINVSP",3.81932275633436
"chemodiv","DINVSP",3.81932275633436
"codyn","DINVSP",3.81932275633436
"divseg","DINVSP",1.26182652365305
"ecodive","DINVSP",3.81932275633436
"microbiome","DINVSP",3.81932275633436
"sprex","DINVSP",3.81932275633436
"vegan","DINVSP",3.81932275633436
"custom","DKO",0.52
"asbio","DLMD",14.8064592283041
"Compositional","DLMD",0.999958992306093
"sads","DLMD",1.41898748885992
"vegan","DLMD",56.0074990300116
"abdiv","DMC",0.535860016827912
"adiv","DMC",0.535860016827912
"agricolae","DMC",0.535860016827912
"ecodive","DMC",0.535860016827912
"forestHES","DMC",0.535860016827912
"tabula","DMC",0.535860016827912
"abdiv","DMG",2.27076283464553
"adiv","DMG",2.27076283464553
"agricolae","DMG",7.01872148890438
"ecodive","DMG",2.27076283464553
"tabula","DMG",2.27076283464553
"abdiv","DMN",1.06482781129934
"adiv","DMN",1.06482781129934
"ecodive","DMN",1.06482781129934
"tabula","DMN",1.06482781129934
"custom","DOD",94.488188976378
"abdiv","DQ",0
"ade4","DRAO",0.738173476346953
"BAT","DRAO",0.738173476346953
"chemodiv","DRAO",416.386270774352
"diverse","DRAO",147.978948534589
"SYNCSA","DRAO",0.738173476346953
"abdiv","DSHA",1.69630811453213
"adiv","DSHA",1.69630811453213
"aqp","DSHA",-576.761531528853
"asbio","DSHA",1.69630811453213
"benthos","DSHA",0
"BiodiversityR","DSHA",1.69630811
"biosampleR","DSHA",2.3548864068504
"chemodiv","DSHA",1.69630811453213
"codyn","DSHA",1.69630811453213
"DescTools","DSHA",2.44725530465521
"divDyn","DSHA",1.69630811453213
"divent","DSHA",1.69630811453213
"diverse","DSHA",2.3548864068504
"ecodive","DSHA",1.69630811453213
"EconGeo","DSHA",2.447
"entropart","DSHA",1.78464016486745
"forestmangr","DSHA",3.56
"HardyWeinberg","DSHA",1.69630811453213
"iNEXT","DSHA",1.696
"MCPAN","DSHA",1.69630811453213
"microbiome","DSHA",1.69630811453213
"OTUtable","DSHA",1.69630811453213
"pgirmess","DSHA",2.44725530465521
"SpiecEasi","DSHA",1.69630811453213
"sprex","DSHA",1.69630811453213
"tabula","DSHA",1.69630811453213
"triversity","DSHA",12
"vegan","DSHA",1.69630811453213
"wavethresh","DSHA",-31490.9292189786
"wiqid","DSHA",3.90673828125
"abdiv","DSP",0.261826523653047
"agricolae","DSP",0.261826523653047
"antitrust","DSP",2618.26523653047
"benthos","DSP",0.2559680039995
"breakaway","DSP",0.261826523653047
"concstats","DSP",0.261826523653047
"DescTools","DSP",0.261826523653047
"diverse","DSP",0.113816689466484
"divseg","DSP",1.26182652365305
"EconGeo","DSP",0.261826523653047
"hhi","DSP",0.261826523653047
"ineq","DSP",0.261826523653047
"microbiome","DSP",0.261826523653047
"PDtoolkit","DSP",0.261826523653047
"politics","DSP",0.261826523653047
"REAT","DSP",0.261826523653047
"sprex","DSP",0.261826523653047
"tabula","DSP",0.261826523653047
"triversity","DSP",0.261826523653047
"wiqid","DSP",3.90673828125
"abdiv","EBP",0.433070866141732
"agricolae","EBP",0.433070866141732
"BiodiversityR","EBP",0.43307087
"diverse","EBP",0.22093023255814
"dyvDyn","EBP",0.0285714285714286
"ecodive","EBP",0.433070866141732
"microbiome","EBP",0.433070866141732
"tabula","EBP",0.433070866141732
"triversity","EBP",0.433070866141732
"wiqid","EBP",1
"tabula","EBRI",0.677215496460553
"BAT","EBU",0.422333571939871
"microbiome","EBU",0.422333571939871
"BAT","ECAM",0.880816034359341
"microbiome","ECAM",0.838582677165354
"codyn","EEQ",0.146209559939228
"custom","EEQ",0.0606447389642736
"adiv","EEVAR",0.31566608700358
"codyn","EEVAR",0.300456601556252
"custom","EEVAR",0.31566608700358
"microbiome","EEVAR",0.31566608700358
"acid","EGIN",0.881889763779528
"DescTools","EGIN",0.881889763779528
"dplR","EGIN",0.881889763779528
"EconGeo","EGIN",0.882
"giniVarCI","EGIN",0.881889763779528
"ineq","EGIN",0.881889763779528
"microbiome","EGIN",0.881889763779528
"REAT","EGIN",0.881889763779528
"shipunov","EGIN",0.881889763779528
"wINEQ","EGIN",0.881889763779527
"adiv","EGSP",0.805280156014858
"abdiv","EHEI",0.404888678548647
"adiv","EHEI",0.404888678548647
"custom","EHUL",0.653543307086614
"benthos","EHURE",0.7440319960005
"BiodiversityR","EHURE",0.744032
"mobr","EHURE",0.7440319960005
"vegan","EHURE",0.744031996000487
"custom","ELR",0.18239380636216
"abdiv","EMC",0.559983345284805
"tabula","EMC",0.686479769188093
"microbiome","EMN",0.653543307086614
"custom","ENHC",-0.380825823977411
"custom","EPAT",0.416884062302475
"abdiv","EPIE",0.682644603440878
"adiv","EPIE",0.682644603440878
"BiodiversityR","EPIE",0.6826446
"breakaway","EPIE",0.682644603440878
"chemodiv","EPIE",0.682644603440878
"diverse","EPIE",0.849345735254975
"forestmangr","EPIE",1
"microbiome","EPIE",0.682644603440878
"OTUtable","EPIE",0.682644603440878
"pctax","EPIE",0.6826
"sprex","EPIE",0.682644603440878
"tabula","EPIE",0.682644603440878
"custom","ESHE",0.454481288669593
"adiv","ESP",0.318276896361197
"codyn","ESP",0.318276896361197
"sprex","ESP",0.141359009544344
"tabula","ESP",0.318276896361197
"abdiv","EST",0.529527559055118
"adiv","QHIL_0",12
"adiv","QHIL_1",5.45377546403512
"adiv","QHIL_2",3.81932275633436
"adiv","QHIL_3",3.25294305271036
"BAT","QHIL_0",12
"BAT","QHIL_1",5.45377546403512
"BAT","QHIL_2",3.81932275633436
"BAT","QHIL_3",3.25294305271036
"benthos","QHIL_0",35
"benthos","QHIL_1",5.45377546403512
"benthos","QHIL_2",3.81932275633436
"benthos","QHIL_3",3.25294305271036
"breakaway","QHIL_0",12
"breakaway","QHIL_1",5.45377546403512
"breakaway","QHIL_2",3.81932275633436
"breakaway","QHIL_3",3.25294305271036
"chemodiv","QHIL_0",12
"chemodiv","QHIL_1",5.45377546403512
"chemodiv","QHIL_2",3.81932275633436
"chemodiv","QHIL_3",3.25294305271036
"divDyn","QHIL_2",3.81932275633436
"divent","QHIL_0",16
"divent","QHIL_1",5.95743586712309
"divent","QHIL_2",3.90564872986306
"divent","QHIL_3",3.28511253128189
"entropart","QHIL_0",16
"entropart","QHIL_1",5.95743586712309
"entropart","QHIL_2",3.90564872986306
"entropart","QHIL_3",3.28511253128189
"EntropyEstimation","QHIL_1",5.71497053636105
"EntropyEstimation","QHIL_2",3.90673828125
"EntropyEstimation","QHIL_3",3.32281520415591
"extremefit","QHIL",NA
"hilldiv","QHIL_0",12
"hilldiv","QHIL_1",5.45380514439104
"hilldiv","QHIL_2",3.81932275633436
"hilldiv","QHIL_3",3.25294305271036
"hillR","QHIL_0",12
"hillR","QHIL_1",5.45377546403512
"hillR","QHIL_2",3.81932275633436
"hillR","QHIL_3",3.25294305271036
"sprex","QHIL_0",12
"sprex","QHIL_1",5.45377546403512
"sprex","QHIL_2",3.81932275633436
"sprex","QHIL_3",3.25294305271036
"vegan","QHIL_0",12
"vegan","QHIL_1",5.45377546403512
"vegan","QHIL_2",3.81932275633436
"vegan","QHIL_3",3.25294305271036
"adiv","QREN_0",2.484906649788
"adiv","QREN_1",1.69630811453213
"adiv","QREN_2",1.34007311798324
"adiv","QREN_3",1.17956014125448
"BiodiversityR","QREN_0",2.484906649788
"BiodiversityR","QREN_1",1.69630811453213
"BiodiversityR","QREN_2",1.34007311798324
"BiodiversityR","QREN_3",1.17956014125448
"diverse","QREN_0",2.77258872223978
"diverse","QREN_1",2.3548864068504
"diverse","QREN_2",2.08649720188652
"diverse","QREN_3",1.9438626409341
"EntropyEstimation","QREN_1",1.7430891417411
"EntropyEstimation","QREN_2",1.36270282669073
"EntropyEstimation","QREN_3",1.20081237667832
"seewave","QREN_2",0.376917570664607
"seewave","QREN_3",0.331770658742674
"sprex","QREN_0",2.484906649788
"sprex","QREN_1",1.69630811453213
"sprex","QREN_2",1.34007311798324
"sprex","QREN_3",1.17956014125448
"statcomp","QREN_1",0.47711450051996
"statcomp","QREN_2",0.376917560477005
"statcomp","QREN_3",0.331770651101972
"vegan","QREN_0",2.484906649788
"vegan","QREN_1",1.69630811453213
"vegan","QREN_2",1.34007311798324
"vegan","QREN_3",1.17956014125448
"adiv","QTSA_0",11
"adiv","QTSA_1",1.69630811453213
"adiv","QTSA_2",0.738173476346953
"adiv","QTSA_3",0.452748338567543
"divent","QTSA_0",11
"divent","QTSA_1",1.69630811453213
"divent","QTSA_2",0.738173476346953
"divent","QTSA_3",0.452748338567543
"entropart","QTSA_0",15
"entropart","QTSA_1",1.78464016486745
"entropart","QTSA_2",0.743960589093975
"entropart","QTSA_3",0.45366923165237
"EntropyEstimation","QTSA_1",1.7430891417411
"EntropyEstimation","QTSA_2",0.7440319960005
"EntropyEstimation","QTSA_3",0.454714660667417
"vegan","QTSA_0",11
"vegan","QTSA_1",1.69630811453213
"vegan","QTSA_2",0.738173476346953
"vegan","QTSA_3",0.452748338567543
"BAT","RACE",17.2592592592593
"ecodive","RACE",17.2592592592593
"fossil","RACE",13.5
"pctax","RACE",17.2593
"sprex","RACE",127.38629850173
"tabula","RACE",17.2592592592593
"vegan","RACE",17.2592592592593
"wiqid","RACE",17.2592592592593
"BiodiversityR","RBOO",12
"wiqid","RBOO",35
"BAT","RC1",14
"BiodiversityR","RC1",12
"biosampleR","RC1",16.125
"iNEXT","RC1",15.969
"microbiome","RC1",14
"pctax","RC1",14
"rareNMtests","RC1",12
"SpadeR","RC1",12
"SSP","RC1",11
"vegan","RC1",14
"BAT","RC1M",15.5555555555556
"divent","RC1M",15.9685039370079
"ecodive","RC1M",16
"entropart","RC1M",15.9685039370079
"fossil","RC1M",16
"mobr","RC1M",15.9685039370079
"OTUtable","RC1M",16
"tabula","RC1M",15.9685039370079
"wiqid","RC1M",16
"BAT","RCA2",35
"divDyn","RCA2",13.8333333333333
"fossil","RCA2",16
"tabula","RCA2",12
"wiqid","RCA2",12
"benthos","RHUR_2",1.74403199600049
"benthos","RHUR_3",2.32266666666666
"divent","RHUR_2",3.90671597595864
"divent","RHUR_3",4.06604112056125
"entropart","RHUR_2",1.74403199600049
"entropart","RHUR_3",2.32266666666666
"mobsim","RHUR_2",1.74403199600049
"mobsim","RHUR_3",2.32266666666666
"tabula","RHUR_2",1.74403199600019
"tabula","RHUR_3",2.32266666666517
"vegan","RHUR_2",1.74403199600049
"vegan","RHUR_3",2.32266666666666
"BAT","RICE",35
"fossil","RICE",13.5
"tabula","RICE",12
"wiqid","RICE",12
"BAT","RJA1",16
"BiodiversityR","RJA1",12
"divent","RJA1",16
"entropart","RJA1",16
"fossil","RJA1",15.9685039370079
"SSP","RJA1",11
"tabula","RJA1",1.69630811453213
"wiqid","RJA1",16
"BAT","RJA2",18
"BiodiversityR","RJA2",12
"fossil","RJA2",17.8581427321585
"SSP","RJA2",11
"wiqid","RJA2",18
"sprex","RMM",135
"wiqid","RMM",0
"divDyn","RSQ",16.2017287482122
"ecodive","RSQ",16.2017287482122
"tabula","RSQ",16.2017287482122
"abdiv","D1SP",0.844671201814059
"ade4","D1SP",0.844671201814059
"adiv","D1SP",0.844671201814059
"agricolae","D1SP",1
"asbio","D1SP",0.844671201814059
"BiodiversityR","D1SP",0.8446712
"biosampleR","D1SP",0.856146694214876
"breakaway","D1SP",0.844671201814059
"catsim","D1SP",0.435918367346939
"concstats","2_D1SP",0.795378151260504
"concstats","D1SP",0.97515672935841
"CUB","D1SP",0.869514472455649
"DescTools","2_D1SP",0.844671201814059
"DescTools","D1SP",0.858543417366947
"divent","D1SP",0.844671201814059
"diverse","D1SP",0.856146694214876
"ecodive","D1SP",0.844671201814059
"entropart","D1SP",0.844671201814059
"lawstat","D1SP",0.858543417366947
"MCPAN","D1SP",-273
"microbiome","D1SP",0.844671201814059
"PCRA","D1SP",0.844671201814059
"RoughSets","D1SP",0.844671201814059
"simboot","D1SP",-273
"sprex","D1SP",0.844671201814059
"untb","D1SP",0.86527293844367
"vegan","D1SP",0.844671201814059
"abdiv","DBRI",1.70803156245219
"ecodive","DBRI",1.70803156245219
"tabula","DBRI",1.70803156245219
"wiqid","DBRI",5.51808876688782
"BiodiversityR","DFIS",3.51381233
"ecodive","DFIS",3.514
"microbiome","DFIS",3.51381232561022
"preseqR","DFIS",5.18131906360889
"sads","DFIS",3.51382614962337
"vegan","DFIS",3.51381232561022
"custom","DGLE",2.40791747777149
"DGOO","1_1",1.98099159894805
"DGOO","1_2",0.509062781688599
"DGOO","1_3",1
"DGOO","2_1",0.275662338415901
"DGOO","2_2",0.990033888730181
"DGOO","2_3",1
"DGOO","3_1",0.0466434116720921
"DGOO","3_2",0.14231898479382
"DGOO","3_3",1
"abdiv","DINVSP",6.43795620437956
"adiv","DINVSP",6.43795620437956
"asbio","DINVSP",6.43795620437956
"BiodiversityR","DINVSP",6.4379562
"breakaway","DINVSP",6.43795620437956
"chemodiv","DINVSP",6.43795620437956
"codyn","DINVSP",6.43795620437956
"divseg","DINVSP",1.15532879818594
"ecodive","DINVSP",6.43795620437956
"microbiome","DINVSP",6.43795620437956
"sprex","DINVSP",6.43795620437956
"vegan","DINVSP",6.43795620437956
"custom","DKO",0.64
"asbio","DLMD",17.2909813797003
"Compositional","DLMD",0.999958992306093
"sads","DLMD",1.26435171941946
"vegan","DLMD",14.2710899231959
"abdiv","DMC",0.716429766360936
"adiv","DMC",0.716429766360936
"agricolae","DMC",0.716429766360936
"ecodive","DMC",0.716429766360936
"forestHES","DMC",0.716429766360936
"tabula","DMC",0.716429766360936
"abdiv","DMG",2.14037109135243
"adiv","DMG",2.14037109135243
"agricolae","DMG",9.09657713824783
"ecodive","DMG",2.14037109135243
"tabula","DMG",2.14037109135243
"abdiv","DMN",1.38873014965883
"adiv","DMN",1.38873014965883
"ecodive","DMN",1.38873014965883
"tabula","DMN",1.38873014965883
"custom","DOD",214.285714285714
"abdiv","DQ",0
"ade4","DRAO",0.844671201814059
"BAT","DRAO",0.844671201814059
"chemodiv","DRAO",261.319950366828
"diverse","DRAO",167.58218852088
"SYNCSA","DRAO",0.844671201814059
"abdiv","DSHA",1.98099159894805
"adiv","DSHA",1.98099159894805
"aqp","DSHA",-106.442728011216
"asbio","DSHA",1.98099159894805
"benthos","DSHA",0
"BiodiversityR","DSHA",1.9809916
"biosampleR","DSHA",2.17138602043154
"chemodiv","DSHA",1.98099159894805
"codyn","DSHA",1.98099159894805
"DescTools","DSHA",2.85796675584505
"divDyn","DSHA",1.98099159894805
"divent","DSHA",1.98099159894805
"diverse","DSHA",2.17138602043154
"ecodive","DSHA",1.98099159894805
"EconGeo","DSHA",2.858
"entropart","DSHA",2.10405381075193
"forestmangr","DSHA",3.56
"HardyWeinberg","DSHA",1.98099159894805
"iNEXT","DSHA",1.981
"MCPAN","DSHA",1.98099159894805
"microbiome","DSHA",1.98099159894805
"OTUtable","DSHA",1.98099159894805
"pgirmess","DSHA",2.85796675584505
"SpiecEasi","DSHA",1.98099159894805
"sprex","DSHA",1.98099159894805
"tabula","DSHA",1.98099159894805
"triversity","DSHA",9
"vegan","DSHA",1.98099159894805
"wavethresh","DSHA",-1075.70622088799
"wiqid","DSHA",7.42241379310345
"abdiv","DSP",0.155328798185941
"agricolae","DSP",0.155328798185941
"antitrust","DSP",1553.28798185941
"benthos","DSP",0.13472706155633
"breakaway","DSP",0.155328798185941
"concstats","DSP",0.155328798185941
"DescTools","DSP",0.155328798185941
"diverse","DSP",0.134012539184953
"divseg","DSP",1.15532879818594
"EconGeo","DSP",0.155328798185941
"hhi","DSP",0.155328798185941
"ineq","DSP",0.155328798185941
"microbiome","DSP",0.155328798185941
"PDtoolkit","DSP",0.155328798185941
"politics","DSP",0.155328798185941
"REAT","DSP",0.155328798185941
"sprex","DSP",0.155328798185941
"tabula","DSP",0.155328798185941
"triversity","DSP",0.155328798185941
"wiqid","DSP",7.42241379310345
"abdiv","EBP",0.214285714285714
"agricolae","EBP",0.214285714285714
"BiodiversityR","EBP",0.21428571
"diverse","EBP",0.227272727272727
"dyvDyn","EBP",0.0285714285714286
"ecodive","EBP",0.214285714285714
"microbiome","EBP",0.214285714285714
"tabula","EBP",0.214285714285714
"triversity","EBP",0.214285714285714
"wiqid","EBP",1
"tabula","EBRI",0.902211382113787
"BAT","EBU",0.6875
"microbiome","EBU",0.6875
"BAT","ECAM",0.911375661375661
"microbiome","ECAM",0.714285714285714
"codyn","EEQ",0.220126101513845
"custom","EEQ",0.0656876666197102
"adiv","EEVAR",0.627293501722656
"codyn","EEVAR",0.600834149387534
"custom","EEVAR",0.627293501722656
"microbiome","EEVAR",0.627293501722656
"acid","EGIN",0.834013605442177
"DescTools","EGIN",0.834013605442177
"dplR","EGIN",0.834013605442177
"EconGeo","EGIN",0.834
"giniVarCI","EGIN",0.834013605442177
"ineq","EGIN",0.834013605442177
"microbiome","EGIN",0.834013605442177
"REAT","EGIN",0.834013605442177
"shipunov","EGIN",0.834013605442177
"wINEQ","EGIN",0.834013605442177
"adiv","EGSP",0.950255102040816
"abdiv","EHEI",0.781241055430471
"adiv","EHEI",0.781241055430471
"custom","EHUL",0.428571428571429
"benthos","EHURE",0.86527293844367
"BiodiversityR","EHURE",0.86527294
"mobr","EHURE",0.86527293844367
"vegan","EHURE",0.86527293844366
"custom","ELR",0.33338745303838
"abdiv","EMC",0.485175420856659
"tabula","EMC",0.908823380098327
"microbiome","EMN",0.428571428571429
"custom","ENHC",-0.304515729987495
"custom","EPAT",0.293047763941579
"abdiv","EPIE",0.901588130490368
"adiv","EPIE",0.901588130490368
"BiodiversityR","EPIE",0.90158813
"breakaway","EPIE",0.901588130490368
"chemodiv","EPIE",0.901588130490368
"diverse","EPIE",0.846560971706867
"forestmangr","EPIE",1
"microbiome","EPIE",0.901588130490368
"OTUtable","EPIE",0.901588130490368
"pctax","EPIE",0.9016
"sprex","EPIE",0.901588130490368
"tabula","EPIE",0.901588130490368
"custom","ESHE",0.805547604827085
"adiv","ESP",0.715328467153285
"codyn","ESP",0.715328467153285
"sprex","ESP",0.220110177660895
"tabula","ESP",0.715328467153285
"abdiv","EST",0.277777777777778
"adiv","QHIL_0",9
"adiv","QHIL_1",7.24992844344377
"adiv","QHIL_2",6.43795620437956
"adiv","QHIL_3",6.00876552695266
"BAT","QHIL_0",9
"BAT","QHIL_1",7.24992844344377
"BAT","QHIL_2",6.43795620437956
"BAT","QHIL_3",6.00876552695266
"benthos","QHIL_0",35
"benthos","QHIL_1",7.24992844344377
"benthos","QHIL_2",6.43795620437956
"benthos","QHIL_3",6.00876552695266
"breakaway","QHIL_0",9
"breakaway","QHIL_1",7.24992844344377
"breakaway","QHIL_2",6.43795620437956
"breakaway","QHIL_3",6.00876552695266
"chemodiv","QHIL_0",9
"chemodiv","QHIL_1",7.24992844344377
"chemodiv","QHIL_2",6.43795620437956
"chemodiv","QHIL_3",6.00876552695266
"divDyn","QHIL_2",6.43795620437956
"divent","QHIL_0",11
"divent","QHIL_1",8.19934120961521
"divent","QHIL_2",7.01641938850327
"divent","QHIL_3",6.44847851471278
"entropart","QHIL_0",11
"entropart","QHIL_1",8.19934120961521
"entropart","QHIL_2",7.01641938850327
"entropart","QHIL_3",6.44847851471279
"EntropyEstimation","QHIL_1",8.02834684421614
"EntropyEstimation","QHIL_2",7.42241379310345
"EntropyEstimation","QHIL_3",7.24017205073202
"extremefit","QHIL",NA
"hilldiv","QHIL_0",9
"hilldiv","QHIL_1",7.2499399654321
"hilldiv","QHIL_2",6.43795620437956
"hilldiv","QHIL_3",6.00876552695266
"hillR","QHIL_0",9
"hillR","QHIL_1",7.24992844344377
"hillR","QHIL_2",6.43795620437956
"hillR","QHIL_3",6.00876552695266
"sprex","QHIL_0",9
"sprex","QHIL_1",7.24992844344377
"sprex","QHIL_2",6.43795620437956
"sprex","QHIL_3",6.00876552695266
"vegan","QHIL_0",9
"vegan","QHIL_1",7.24992844344377
"vegan","QHIL_2",6.43795620437956
"vegan","QHIL_3",6.00876552695267
"adiv","QREN_0",2.19722457733622
"adiv","QREN_1",1.98099159894805
"adiv","QREN_2",1.86221113017867
"adiv","QREN_3",1.79321932427972
"BiodiversityR","QREN_0",2.19722457733622
"BiodiversityR","QREN_1",1.98099159894805
"BiodiversityR","QREN_2",1.86221113017867
"BiodiversityR","QREN_3",1.79321932427972
"diverse","QREN_0",2.56494935746154
"diverse","QREN_1",2.17138602043154
"diverse","QREN_2",1.93896120846918
"diverse","QREN_3",1.8223598426505
"EntropyEstimation","QREN_1",2.08297863431274
"EntropyEstimation","QREN_2",2.00450431332137
"EntropyEstimation","QREN_3",1.97964497002853
"seewave","QREN_2",0.523777481636514
"seewave","QREN_3",0.504372395085741
"sprex","QREN_0",2.19722457733622
"sprex","QREN_1",1.98099159894805
"sprex","QREN_2",1.86221113017867
"sprex","QREN_3",1.79321932427972
"statcomp","QREN_1",0.557186403324509
"statcomp","QREN_2",0.523777446813054
"statcomp","QREN_3",0.504372368968146
"vegan","QREN_0",2.19722457733622
"vegan","QREN_1",1.98099159894805
"vegan","QREN_2",1.86221113017867
"vegan","QREN_3",1.79321932427972
"adiv","QTSA_0",8
"adiv","QTSA_1",1.98099159894805
"adiv","QTSA_2",0.844671201814059
"adiv","QTSA_3",0.486151603498542
"divent","QTSA_0",8
"divent","QTSA_1",1.98099159894805
"divent","QTSA_2",0.844671201814059
"divent","QTSA_3",0.486151603498542
"entropart","QTSA_0",10
"entropart","QTSA_1",2.10405381075193
"entropart","QTSA_2",0.857477162548387
"entropart","QTSA_3",0.487975819417496
"EntropyEstimation","QTSA_1",2.08297863431274
"EntropyEstimation","QTSA_2",0.86527293844367
"EntropyEstimation","QTSA_3",0.490461672473868
"vegan","QTSA_0",8
"vegan","QTSA_1",1.98099159894805
"vegan","QTSA_2",0.844671201814059
"vegan","QTSA_3",0.486151603498542
"BAT","RACE",10.0236585365854
"ecodive","RACE",10.0236585365854
"fossil","RACE",9.45
"pctax","RACE",10.0237
"sprex","RACE",45.3288710397144
"tabula","RACE",10.0236585365854
"vegan","RACE",10.0236585365854
"wiqid","RACE",10.0236585365854
"BiodiversityR","RBOO",9
"wiqid","RBOO",35
"BAT","RC1",9.5
"BiodiversityR","RC1",9
"biosampleR","RC1",13.5
"iNEXT","RC1",10.952
"microbiome","RC1",9.5
"pctax","RC1",9.5
"rareNMtests","RC1",9
"SpadeR","RC1",9
"SSP","RC1",8
"vegan","RC1",9.5
"BAT","RC1M",9.96913580246914
"divent","RC1M",10.952380952381
"ecodive","RC1M",11
"entropart","RC1M",10.952380952381
"fossil","RC1M",11
"mobr","RC1M",10.952380952381
"OTUtable","RC1M",11
"tabula","RC1M",10.952380952381
"wiqid","RC1M",11
"BAT","RCA2",35
"divDyn","RCA2",9.44444444444444
"fossil","RCA2",11
"tabula","RCA2",9
"wiqid","RCA2",9
"benthos","RHUR_2",1.86527293844366
"benthos","RHUR_3",2.61489547038328
"divent","RHUR_2",7.42242756475792
"divent","RHUR_3",7.44112717577797
"entropart","RHUR_2",1.86527293844366
"entropart","RHUR_3",2.61489547038328
"mobsim","RHUR_2",1.86527293844366
"mobsim","RHUR_3",2.61489547038328
"tabula","RHUR_2",1.86527293844367
"tabula","RHUR_3",2.61489547038328
"vegan","RHUR_2",1.86527293844366
"vegan","RHUR_3",2.61489547038328
"BAT","RICE",35
"fossil","RICE",9.45
"tabula","RICE",9
"wiqid","RICE",9
"BAT","RJA1",11
"BiodiversityR","RJA1",9
"divent","RJA1",11
"entropart","RJA1",11
"fossil","RJA1",10.952380952381
"SSP","RJA1",8
"tabula","RJA1",1.98099159894805
"wiqid","RJA1",11
"BAT","RJA2",12
"BiodiversityR","RJA2",9
"fossil","RJA2",11.7851335656214
"SSP","RJA2",8
"wiqid","RJA2",12
"sprex","RMM",42
"wiqid","RMM",0
"divDyn","RSQ",9.62772050400916
"ecodive","RSQ",9.62772050400916
"tabula","RSQ",9.62772050400916
"abdiv","D1SP",0.757396449704142
"ade4","D1SP",0.757396449704142
"adiv","D1SP",0.757396449704142
"agricolae","D1SP",1
"asbio","D1SP",0.757396449704142
"BiodiversityR","D1SP",0.75739645
"biosampleR","D1SP",0.858418367346939
"breakaway","D1SP",0.757396449704142
"catsim","D1SP",0.303673469387755
"concstats","2_D1SP",0.795378151260504
"concstats","D1SP",0.977723633832231
"CUB","D1SP",0.779672815871911
"DescTools","2_D1SP",0.757396449704142
"DescTools","D1SP",0.914027149321267
"divent","D1SP",0.757396449704142
"diverse","D1SP",0.858418367346939
"ecodive","D1SP",0.757396449704142
"entropart","D1SP",0.757396449704142
"lawstat","D1SP",0.914027149321267
"MCPAN","D1SP",-40
"microbiome","D1SP",0.757396449704142
"PCRA","D1SP",0.757396449704142
"RoughSets","D1SP",0.757396449704142
"simboot","D1SP",-40
"sprex","D1SP",0.757396449704142
"untb","D1SP",0.82051282051282
"vegan","D1SP",0.757396449704142
"abdiv","DBRI",1.17536657388872
"ecodive","DBRI",1.17536657388872
"tabula","DBRI",1.17536657388872
"wiqid","DBRI",3.23933018008073
"BiodiversityR","DFIS",4.32190217
"ecodive","DFIS",4.322
"microbiome","DFIS",4.32190217069684
"preseqR","DFIS",2.25530212421822
"sads","DFIS",4.32191223651314
"vegan","DFIS",4.32190217069684
"custom","DGLE",2.33922747150768
"DGOO","1_1",1.5857708352081
"DGOO","1_2",0.44927705213113
"DGOO","1_3",1
"DGOO","2_1",0.309271458726732
"DGOO","2_2",0.751726475541649
"DGOO","2_3",1
"DGOO","3_1",0.0827033668518204
"DGOO","3_2",0.135304386508084
"DGOO","3_3",1
"abdiv","DINVSP",4.1219512195122
"adiv","DINVSP",4.1219512195122
"asbio","DINVSP",4.1219512195122
"BiodiversityR","DINVSP",4.12195122
"breakaway","DINVSP",4.1219512195122
"chemodiv","DINVSP",4.1219512195122
"codyn","DINVSP",4.1219512195122
"divseg","DINVSP",1.24260355029586
"ecodive","DINVSP",4.12195121951219
"microbiome","DINVSP",4.1219512195122
"sprex","DINVSP",4.1219512195122
"vegan","DINVSP",4.1219512195122
"custom","DKO",0.76
"asbio","DLMD",13.0414681882704
"Compositional","DLMD",0.999958992306093
"sads","DLMD",0.566866230122047
"vegan","DLMD",7.88031571075074
"abdiv","DMC",0.702209991879323
"adiv","DMC",0.702209991879323
"agricolae","DMC",NA
"ecodive","DMC",0.702209991879323
"forestHES","DMC",0.702209991879323
"tabula","DMC",0.702209991879323
"abdiv","DMG",1.9493562262564
"adiv","DMG",1.9493562262564
"agricolae","DMG",13.2556223385435
"ecodive","DMG",1.9493562262564
"tabula","DMG",1.9493562262564
"abdiv","DMN",1.66410058867569
"adiv","DMN",1.66410058867569
"ecodive","DMN",1.66410058867569
"tabula","DMN",1.66410058867569
"custom","DOD",461.538461538462
"abdiv","DQ",0
"ade4","DRAO",0.757396449704142
"BAT","DRAO",0.757396449704142
"chemodiv","DRAO",88.0678935922931
"diverse","DRAO",134.139686105766
"SYNCSA","DRAO",0.757396449704142
"abdiv","DSHA",1.5857708352081
"adiv","DSHA",1.5857708352081
"aqp","DSHA",-18.3645279766003
"asbio","DSHA",1.5857708352081
"benthos","DSHA",0
"BiodiversityR","DSHA",1.58577084
"biosampleR","DSHA",2.16637327968415
"chemodiv","DSHA",1.5857708352081
"codyn","DSHA",1.5857708352081
"DescTools","DSHA",2.28778371994107
"divDyn","DSHA",1.5857708352081
"divent","DSHA",1.5857708352081
"diverse","DSHA",2.16637327968415
"ecodive","DSHA",1.5857708352081
"EconGeo","DSHA",2.288
"entropart","DSHA",1.9181620397249
"forestmangr","DSHA",3.56
"HardyWeinberg","DSHA",1.5857708352081
"iNEXT","DSHA",1.586
"MCPAN","DSHA",1.5857708352081
"microbiome","DSHA",1.5857708352081
"OTUtable","DSHA",1.5857708352081
"pgirmess","DSHA",2.28778371994107
"SpiecEasi","DSHA",1.5857708352081
"sprex","DSHA",1.5857708352081
"tabula","DSHA",1.5857708352081
"triversity","DSHA",6
"vegan","DSHA",1.5857708352081
"wavethresh","DSHA",-105.792094262211
"wiqid","DSHA",5.57142857142857
"abdiv","DSP",0.242603550295858
"agricolae","DSP",0.242603550295858
"antitrust","DSP",2426.03550295858
"benthos","DSP",0.179487179487179
"breakaway","DSP",0.242603550295858
"concstats","DSP",0.242603550295858
"DescTools","DSP",0.242603550295858
"diverse","DSP",0.133848133848134
"divseg","DSP",1.24260355029586
"EconGeo","DSP",0.242603550295858
"hhi","DSP",0.242603550295858
"ineq","DSP",0.242603550295858
"microbiome","DSP",0.242603550295858
"PDtoolkit","DSP",0.242603550295858
"politics","DSP",0.242603550295858
"REAT","DSP",0.242603550295858
"sprex","DSP",0.242603550295858
"tabula","DSP",0.242603550295858
"triversity","DSP",0.242603550295858
"wiqid","DSP",5.57142857142857
"abdiv","EBP",0.384615384615385
"agricolae","EBP",0.384615384615385
"BiodiversityR","EBP",0.38461538
"diverse","EBP",0.223214285714286
"dyvDyn","EBP",0.0285714285714286
"ecodive","EBP",0.384615384615385
"microbiome","EBP",0.384615384615385
"tabula","EBP",0.384615384615385
"triversity","EBP",0.384615384615385
"wiqid","EBP",1
"tabula","EBRI",0.883495712985496
"BAT","EBU",0.661538461538462
"microbiome","EBU",0.661538461538462
"BAT","ECAM",0.861538461538462
"microbiome","ECAM",0.564102564102564
"codyn","EEQ",0.301375428031171
"custom","EEQ",0.110407293251864
"adiv","EEVAR",0.762379137403371
"codyn","EEVAR",0.727366332512325
"custom","EEVAR",0.762379137403371
"microbiome","EEVAR",0.762379137403371
"acid","EGIN",0.887912087912088
"DescTools","EGIN",0.887912087912088
"dplR","EGIN",0.887912087912088
"EconGeo","EGIN",0.888
"giniVarCI","EGIN",0.887912087912088
"ineq","EGIN",0.887912087912088
"microbiome","EGIN",0.887912087912088
"REAT","EGIN",0.887912087912088
"shipunov","EGIN",0.887912087912088
"wINEQ","EGIN",0.887912087912088
"adiv","EGSP",0.90887573964497
"abdiv","EHEI",0.776610791615189
"adiv","EHEI",0.776610791615189
"custom","EHUL",0.615384615384615
"benthos","EHURE",0.82051282051282
"BiodiversityR","EHURE",0.82051282
"mobr","EHURE",0.82051282051282
"vegan","EHURE",0.820512820512817
"custom","ELR",0.359275032261396
"abdiv","EMC",0.770845573737519
"tabula","EMC",0.857542062926555
"microbiome","EMN",0.615384615384615
"custom","ENHC",-0.343890674535279
"custom","EPAT",0.464967383786533
"abdiv","EPIE",0.885035554404686
"adiv","EPIE",0.885035554404686
"BiodiversityR","EPIE",0.88503555
"breakaway","EPIE",0.885035554404686
"chemodiv","EPIE",0.885035554404686
"diverse","EPIE",0.84460664822956
"forestmangr","EPIE",1
"microbiome","EPIE",0.885035554404686
"OTUtable","EPIE",0.885035554404686
"pctax","EPIE",0.885
"sprex","EPIE",0.885035554404686
"tabula","EPIE",0.885035554404686
"custom","ESHE",0.813842326345991
"adiv","ESP",0.686991869918699
"codyn","ESP",0.686991869918699
"sprex","ESP",0.264295139201349
"tabula","ESP",0.686991869918699
"abdiv","EST",0.282051282051282
"adiv","QHIL_0",6
"adiv","QHIL_1",4.88305395807595
"adiv","QHIL_2",4.1219512195122
"adiv","QHIL_3",3.67131142881695
"BAT","QHIL_0",6
"BAT","QHIL_1",4.88305395807595
"BAT","QHIL_2",4.1219512195122
"BAT","QHIL_3",3.67131142881695
"benthos","QHIL_0",35
"benthos","QHIL_1",4.88305395807595
"benthos","QHIL_2",4.1219512195122
"benthos","QHIL_3",3.67131142881695
"breakaway","QHIL_0",6
"breakaway","QHIL_1",4.88305395807595
"breakaway","QHIL_2",4.1219512195122
"breakaway","QHIL_3",3.67131142881695
"chemodiv","QHIL_0",6
"chemodiv","QHIL_1",4.88305395807595
"chemodiv","QHIL_2",4.1219512195122
"chemodiv","QHIL_3",3.67131142881695
"divDyn","QHIL_2",4.1219512195122
"divent","QHIL_0",9
"divent","QHIL_1",6.80843333246398
"divent","QHIL_2",5.28677307011279
"divent","QHIL_3",4.45051255310329
"entropart","QHIL_0",9
"entropart","QHIL_1",6.80843333246398
"entropart","QHIL_2",5.28677307011279
"entropart","QHIL_3",4.45051255310328
"EntropyEstimation","QHIL_1",6.06132623579797
"EntropyEstimation","QHIL_2",5.57142857142857
"EntropyEstimation","QHIL_3",5.09901951359279
"extremefit","QHIL",NA
"hilldiv","QHIL_0",6
"hilldiv","QHIL_1",4.88306347811203
"hilldiv","QHIL_2",4.1219512195122
"hilldiv","QHIL_3",3.67131142881695
"hillR","QHIL_0",6
"hillR","QHIL_1",4.88305395807595
"hillR","QHIL_2",4.1219512195122
"hillR","QHIL_3",3.67131142881695
"sprex","QHIL_0",6
"sprex","QHIL_1",4.88305395807595
"sprex","QHIL_2",4.1219512195122
"sprex","QHIL_3",3.67131142881695
"vegan","QHIL_0",6
"vegan","QHIL_1",4.88305395807595
"vegan","QHIL_2",4.12195121951219
"vegan","QHIL_3",3.67131142881695
"adiv","QREN_0",1.79175946922805
"adiv","QREN_1",1.5857708352081
"adiv","QREN_2",1.41632664821877
"adiv","QREN_3",1.30054893578892
"BiodiversityR","QREN_0",1.79175946922805
"BiodiversityR","QREN_1",1.5857708352081
"BiodiversityR","QREN_2",1.41632664821877
"BiodiversityR","QREN_3",1.30054893578892
"diverse","QREN_0",2.56494935746154
"diverse","QREN_1",2.16637327968415
"diverse","QREN_2",1.95487881903807
"diverse","QREN_3",1.84139123135434
"EntropyEstimation","QREN_1",1.80192862692863
"EntropyEstimation","QREN_2",1.71765149707433
"EntropyEstimation","QREN_3",1.62904826901074
"seewave","QREN_2",0.398365242974052
"seewave","QREN_3",0.365800829598507
"sprex","QREN_0",1.79175946922805
"sprex","QREN_1",1.5857708352081
"sprex","QREN_2",1.41632664821877
"sprex","QREN_3",1.30054893578892
"statcomp","QREN_1",0.446024076344239
"statcomp","QREN_2",0.398365117485976
"statcomp","QREN_3",0.365800735482448
"vegan","QREN_0",1.79175946922805
"vegan","QREN_1",1.5857708352081
"vegan","QREN_2",1.41632664821877
"vegan","QREN_3",1.30054893578892
"adiv","QTSA_0",5
"adiv","QTSA_1",1.5857708352081
"adiv","QTSA_2",0.757396449704142
"adiv","QTSA_3",0.46290395994538
"divent","QTSA_0",5
"divent","QTSA_1",1.5857708352081
"divent","QTSA_2",0.757396449704142
"divent","QTSA_3",0.46290395994538
"entropart","QTSA_0",8
"entropart","QTSA_1",1.9181620397249
"entropart","QTSA_2",0.810848699814031
"entropart","QTSA_3",0.474756478251528
"EntropyEstimation","QTSA_1",1.80192862692863
"EntropyEstimation","QTSA_2",0.82051282051282
"EntropyEstimation","QTSA_3",0.480769230769231
"vegan","QTSA_0",5
"vegan","QTSA_1",1.5857708352081
"vegan","QTSA_2",0.757396449704142
"vegan","QTSA_3",0.46290395994538
"BAT","RACE",9.36
"ecodive","RACE",9.36
"fossil","RACE",7.8
"pctax","RACE",9.36
"sprex","RACE",15.6928889501892
"tabula","RACE",9.36
"vegan","RACE",9.36
"wiqid","RACE",9.36
"BiodiversityR","RBOO",6
"wiqid","RBOO",35
"BAT","RC1",7.5
"BiodiversityR","RC1",6
"biosampleR","RC1",13.3333333333333
"iNEXT","RC1",10.154
"microbiome","RC1",7.5
"pctax","RC1",7.5
"rareNMtests","RC1",6
"SpadeR","RC1",6
"SSP","RC1",5
"vegan","RC1",7.5
"BAT","RC1M",9.375
"divent","RC1M",10.1538461538462
"ecodive","RC1M",10.5
"entropart","RC1M",10.1538461538462
"fossil","RC1M",10.5
"mobr","RC1M",10.1538461538462
"OTUtable","RC1M",10.5
"tabula","RC1M",10.1538461538462
"wiqid","RC1M",10.5
"BAT","RCA2",35
"divDyn","RCA2",7.25
"fossil","RCA2",10.5
"tabula","RCA2",6
"wiqid","RCA2",6
"benthos","RHUR_2",1.82051282051282
"benthos","RHUR_3",2.5
"divent","RHUR_2",5.57143160774423
"divent","RHUR_3",5.64576448230653
"entropart","RHUR_2",1.82051282051282
"entropart","RHUR_3",2.5
"mobsim","RHUR_2",1.82051282051282
"mobsim","RHUR_3",2.5
"tabula","RHUR_2",1.82051282051282
"tabula","RHUR_3",2.5
"vegan","RHUR_2",1.82051282051282
"vegan","RHUR_3",2.5
"BAT","RICE",35
"fossil","RICE",7.8
"tabula","RICE",6
"wiqid","RICE",6
"BAT","RJA1",9
"BiodiversityR","RJA1",6
"divent","RJA1",9
"entropart","RJA1",9
"fossil","RJA1",8.76923076923077
"SSP","RJA1",5
"tabula","RJA1",1.5857708352081
"wiqid","RJA1",9
"BAT","RJA2",11
"BiodiversityR","RJA2",6
"fossil","RJA2",9.83974358974359
"SSP","RJA2",5
"wiqid","RJA2",11
"sprex","RMM",15
"wiqid","RMM",0
"divDyn","RSQ",8.44370860927152
"ecodive","RSQ",8.44370860927152
"tabula","RSQ",8.44370860927152
"abdiv","D1SP",0.875878853434289
"ade4","D1SP",0.875878853434289
"adiv","D1SP",0.875878853434289
"agricolae","D1SP",1
"asbio","D1SP",0.875878853434289
"BiodiversityR","D1SP",0.87587885
"biosampleR","D1SP",0.868608799048751
"breakaway","D1SP",0.875878853434289
"catsim","D1SP",0.65469387755102
"concstats","2_D1SP",0.795378151260504
"concstats","D1SP",0.974238857251933
"CUB","D1SP",0.901639996182356
"DescTools","2_D1SP",0.875878853434289
"DescTools","D1SP",0.789329685362517
"divent","D1SP",0.875878853434289
"diverse","D1SP",0.868608799048751
"ecodive","D1SP",0.875878853434289
"entropart","D1SP",0.875878853434289
"lawstat","D1SP",0.789329685362517
"MCPAN","D1SP",-917
"microbiome","D1SP",0.875878853434289
"PCRA","D1SP",0.875878853434289
"RoughSets","D1SP",0.875878853434289
"simboot","D1SP",-917
"sprex","D1SP",0.875878853434289
"untb","D1SP",0.886183310533516
"vegan","D1SP",0.875878853434289
"abdiv","DBRI",2.09880455979689
"ecodive","DBRI",2.09880455979689
"tabula","DBRI",2.09880455979689
"wiqid","DBRI",8.1564135774682
"BiodiversityR","DFIS",5.79004994
"ecodive","DFIS",5.79
"microbiome","DFIS",5.79004994368543
"preseqR","DFIS",6.29377511388865
"sads","DFIS",5.79004472691576
"vegan","DFIS",5.79004994368543
"custom","DGLE",3.59199652291535
"DGOO","1_1",2.3548864068504
"DGOO","1_2",0.477772840893937
"DGOO","1_3",1
"DGOO","2_1",0.23522398210742
"DGOO","2_2",1.0616376004424
"DGOO","2_3",1
"DGOO","3_1",0.0355098953532685
"DGOO","3_2",0.1188807415391
"DGOO","3_3",1
"abdiv","DINVSP",8.05664488017429
"adiv","DINVSP",8.05664488017429
"asbio","DINVSP",8.05664488017429
"BiodiversityR","DINVSP",8.05664488
"breakaway","DINVSP",8.05664488017429
"chemodiv","DINVSP",8.05664488017429
"codyn","DINVSP",8.05664488017429
"divseg","DINVSP",1.12412114656571
"ecodive","DINVSP",8.05664488017429
"microbiome","DINVSP",8.05664488017429
"sprex","DINVSP",8.05664488017429
"vegan","DINVSP",8.05664488017429
"custom","DKO",0.36
"asbio","DLMD",23.044172432279
"Compositional","DLMD",0.999958992306093
"sads","DLMD",1.24171307597697
"vegan","DLMD",17.1658238536904
"abdiv","DMC",0.725975656517097
"adiv","DMC",0.725975656517097
"agricolae","DMC",0.725975656517097
"ecodive","DMC",0.725975656517097
"forestHES","DMC",0.725975656517097
"tabula","DMC",0.725975656517097
"abdiv","DMG",3.36749674023314
"adiv","DMG",3.36749674023314
"agricolae","DMG",7.63299261119512
"ecodive","DMG",3.36749674023314
"tabula","DMG",3.36749674023314
"abdiv","DMN",1.72532437125501
"adiv","DMN",1.72532437125501
"ecodive","DMN",1.72532437125501
"tabula","DMN",1.72532437125501
"custom","DOD",186.046511627907
"abdiv","DQ",0
"ade4","DRAO",0.875878853434289
"BAT","DRAO",0.875878853434291
"chemodiv","DRAO",295.957897069178
"diverse","DRAO",84.0277096376394
"SYNCSA","DRAO",0.875878853434289
"abdiv","DSHA",2.3548864068504
"adiv","DSHA",2.3548864068504
"aqp","DSHA",-260.483835976669
"asbio","DSHA",2.3548864068504
"benthos","DSHA",0
"BiodiversityR","DSHA",2.35488641
"biosampleR","DSHA",2.24414555990563
"chemodiv","DSHA",2.3548864068504
"codyn","DSHA",2.3548864068504
"DescTools","DSHA",3.3973829410199
"divDyn","DSHA",2.3548864068504
"divent","DSHA",2.3548864068504
"diverse","DSHA",2.24414555990563
"ecodive","DSHA",2.3548864068504
"EconGeo","DSHA",3.397
"entropart","DSHA",2.42264984548597
"forestmangr","DSHA",3.56
"HardyWeinberg","DSHA",2.3548864068504
"iNEXT","DSHA",2.355
"MCPAN","DSHA",2.3548864068504
"microbiome","DSHA",2.3548864068504
"OTUtable","DSHA",2.3548864068504
"pgirmess","DSHA",3.3973829410199
"SpiecEasi","DSHA",2.3548864068504
"sprex","DSHA",2.3548864068504
"tabula","DSHA",2.3548864068504
"triversity","DSHA",16
"vegan","DSHA",2.3548864068504
"wavethresh","DSHA",-4698.74849258848
"wiqid","DSHA",8.78605769230769
"abdiv","DSP",0.124121146565711
"agricolae","DSP",0.124121146565711
"antitrust","DSP",1241.21146565711
"benthos","DSP",0.113816689466484
"breakaway","DSP",0.124121146565711
"concstats","DSP",0.124121146565711
"DescTools","DSP",0.124121146565711
"diverse","DSP",0.12383808095952
"divseg","DSP",1.12412114656571
"EconGeo","DSP",0.124121146565711
"hhi","DSP",0.124121146565711
"ineq","DSP",0.124121146565711
"microbiome","DSP",0.124121146565711
"PDtoolkit","DSP",0.124121146565711
"politics","DSP",0.124121146565711
"REAT","DSP",0.124121146565711
"sprex","DSP",0.124121146565711
"tabula","DSP",0.124121146565711
"triversity","DSP",0.124121146565711
"wiqid","DSP",8.78605769230769
"abdiv","EBP",0.22093023255814
"agricolae","EBP",0.22093023255814
"BiodiversityR","EBP",0.22093023
"diverse","EBP",0.21551724137931
"dyvDyn","EBP",0.0285714285714286
"ecodive","EBP",0.22093023255814
"microbiome","EBP",0.22093023255814
"tabula","EBP",0.22093023255814
"triversity","EBP",0.22093023255814
"wiqid","EBP",1
"tabula","EBRI",0.847920082102862
"BAT","EBU",0.564341085271318
"microbiome","EBU",0.564341085271318
"BAT","ECAM",0.93468992248062
"microbiome","ECAM",0.477470930232558
"codyn","EEQ",0.189584507934909
"custom","EEQ",0.0230872785727899
"adiv","EEVAR",0.557271875282838
"codyn","EEVAR",0.546105118117257
"custom","EEVAR",0.557271875282838
"microbiome","EEVAR",0.557271875282838
"acid","EGIN",0.766777408637874
"DescTools","EGIN",0.766777408637874
"dplR","EGIN",0.766777408637874
"EconGeo","EGIN",0.767
"giniVarCI","EGIN",0.766777408637874
"ineq","EGIN",0.766777408637874
"microbiome","EGIN",0.766777408637874
"REAT","EGIN",0.766777408637874
"shipunov","EGIN",0.766777408637874
"wINEQ","EGIN",0.766777408637874
"adiv","EGSP",0.934270776996575
"abdiv","EHEI",0.635795458028897
"adiv","EHEI",0.635795458028897
"custom","EHUL",0.383720930232558
"benthos","EHURE",0.886183310533516
"BiodiversityR","EHURE",0.88618331
"mobr","EHURE",0.886183310533516
"vegan","EHURE",0.886183310533547
"custom","ELR",0.258421373877108
"abdiv","EMC",0.426106155431018
"tabula","EMC",0.863588917595562
"microbiome","EMN",0.383720930232558
"custom","ENHC",-0.186827518647097
"custom","EPAT",0.130404858674415
"abdiv","EPIE",0.849345735254975
"adiv","EPIE",0.849345735254975
"BiodiversityR","EPIE",0.84934574
"breakaway","EPIE",0.849345735254975
"chemodiv","EPIE",0.849345735254975
"diverse","EPIE",0.85035877573482
"forestmangr","EPIE",1
"microbiome","EPIE",0.849345735254975
"OTUtable","EPIE",0.849345735254975
"pctax","EPIE",0.8493
"sprex","EPIE",0.849345735254975
"tabula","EPIE",0.849345735254975
"custom","ESHE",0.658558241902091
"adiv","ESP",0.503540305010893
"codyn","ESP",0.503540305010893
"sprex","ESP",0.14718040042815
"tabula","ESP",0.503540305010893
"abdiv","EST",0.408430232558139
"adiv","QHIL_0",16
"adiv","QHIL_1",10.5369318704335
"adiv","QHIL_2",8.05664488017429
"adiv","QHIL_3",6.98568210615552
"BAT","QHIL_0",16
"BAT","QHIL_1",10.5369318704335
"BAT","QHIL_2",8.05664488017429
"BAT","QHIL_3",6.98568210615552
"benthos","QHIL_0",35
"benthos","QHIL_1",10.5369318704335
"benthos","QHIL_2",8.05664488017429
"benthos","QHIL_3",6.98568210615552
"breakaway","QHIL_0",16
"breakaway","QHIL_1",10.5369318704335
"breakaway","QHIL_2",8.05664488017429
"breakaway","QHIL_3",6.98568210615552
"chemodiv","QHIL_0",16
"chemodiv","QHIL_1",10.5369318704335
"chemodiv","QHIL_2",8.05664488017429
"chemodiv","QHIL_3",6.98568210615552
"divDyn","QHIL_2",8.05664488017429
"divent","QHIL_0",18
"divent","QHIL_1",11.2756986217394
"divent","QHIL_2",8.39582801039306
"divent","QHIL_3",7.21498871669644
"entropart","QHIL_0",18
"entropart","QHIL_1",11.2756986217394
"entropart","QHIL_2",8.39582801039306
"entropart","QHIL_3",7.21498871669644
"EntropyEstimation","QHIL_1",11.5668608270326
"EntropyEstimation","QHIL_2",8.78605769230768
"EntropyEstimation","QHIL_3",7.66476124011498
"extremefit","QHIL",NA
"hilldiv","QHIL_0",16
"hilldiv","QHIL_1",10.5369693467694
"hilldiv","QHIL_2",8.05664488017429
"hilldiv","QHIL_3",6.98568210615552
"hillR","QHIL_0",16
"hillR","QHIL_1",10.5369318704335
"hillR","QHIL_2",8.05664488017429
"hillR","QHIL_3",6.98568210615552
"sprex","QHIL_0",16
"sprex","QHIL_1",10.5369318704335
"sprex","QHIL_2",8.05664488017429
"sprex","QHIL_3",6.98568210615552
"vegan","QHIL_0",16
"vegan","QHIL_1",10.5369318704335
"vegan","QHIL_2",8.05664488017429
"vegan","QHIL_3",6.98568210615552
"adiv","QREN_0",2.77258872223978
"adiv","QREN_1",2.3548864068504
"adiv","QREN_2",2.08649720188652
"adiv","QREN_3",1.9438626409341
"BiodiversityR","QREN_0",2.77258872223978
"BiodiversityR","QREN_1",2.3548864068504
"BiodiversityR","QREN_2",2.08649720188652
"BiodiversityR","QREN_3",1.9438626409341
"diverse","QREN_0",2.63905732961526
"diverse","QREN_1",2.24414555990563
"diverse","QREN_2",2.02957613901514
"diverse","QREN_3",1.91203493906967
"EntropyEstimation","QREN_1",2.4481441843426
"EntropyEstimation","QREN_2",2.17316611192261
"EntropyEstimation","QREN_3",2.03663336247333
"seewave","QREN_2",0.58686159835459
"seewave","QREN_3",0.546743283767077
"sprex","QREN_0",2.77258872223978
"sprex","QREN_1",2.3548864068504
"sprex","QREN_2",2.08649720188652
"sprex","QREN_3",1.9438626409341
"statcomp","QREN_1",0.662350455179875
"statcomp","QREN_2",0.586861585926539
"statcomp","QREN_3",0.546743274446039
"vegan","QREN_0",2.77258872223978
"vegan","QREN_1",2.3548864068504
"vegan","QREN_2",2.08649720188652
"vegan","QREN_3",1.9438626409341
"adiv","QTSA_0",15
"adiv","QTSA_1",2.3548864068504
"adiv","QTSA_2",0.875878853434289
"adiv","QTSA_3",0.489754046813488
"divent","QTSA_0",15
"divent","QTSA_1",2.3548864068504
"divent","QTSA_2",0.875878853434289
"divent","QTSA_3",0.489754046813488
"entropart","QTSA_0",17
"entropart","QTSA_1",2.42264984548597
"entropart","QTSA_2",0.8808932247347
"entropart","QTSA_3",0.49039497074805
"EntropyEstimation","QTSA_1",2.4481441843426
"EntropyEstimation","QTSA_2",0.886183310533516
"EntropyEstimation","QTSA_3",0.491489153801055
"vegan","QTSA_0",15
"vegan","QTSA_1",2.3548864068504
"vegan","QTSA_2",0.875878853434289
"vegan","QTSA_3",0.489754046813488
"BAT","RACE",17.3859649122807
"ecodive","RACE",17.3859649122807
"fossil","RACE",16.6842105263158
"pctax","RACE",17.386
"sprex","RACE",174.03685719103
"tabula","RACE",17.3859649122807
"vegan","RACE",17.3859649122807
"wiqid","RACE",17.3859649122807
"BiodiversityR","RBOO",16
"wiqid","RBOO",35
"BAT","RC1",16.125
"BiodiversityR","RC1",16
"biosampleR","RC1",17
"iNEXT","RC1",16.282
"microbiome","RC1",16.125
"pctax","RC1",16.125
"rareNMtests","RC1",16
"SpadeR","RC1",16
"SSP","RC1",15
"vegan","RC1",16.125
"BAT","RC1M",16.376953125
"divent","RC1M",16.2823920265781
"ecodive","RC1M",16.2857142857143
"entropart","RC1M",16.2823920265781
"fossil","RC1M",16.2857142857143
"mobr","RC1M",16.2823920265781
"OTUtable","RC1M",16.2857142857143
"tabula","RC1M",16.2823920265781
"wiqid","RC1M",16.2857142857143
"BAT","RCA2",35
"divDyn","RCA2",16.1171875
"fossil","RCA2",16.2857142857143
"tabula","RCA2",16
"wiqid","RCA2",16
"benthos","RHUR_2",1.88618331053355
"benthos","RHUR_3",2.67557162399847
"divent","RHUR_2",8.78605897937081
"divent","RHUR_3",8.90073528860104
"entropart","RHUR_2",1.88618331053355
"entropart","RHUR_3",2.67557162399847
"mobsim","RHUR_2",1.88618331053355
"mobsim","RHUR_3",2.67557162399847
"tabula","RHUR_2",1.88618331053379
"tabula","RHUR_3",2.6755716239985
"vegan","RHUR_2",1.88618331053355
"vegan","RHUR_3",2.67557162399847
"BAT","RICE",35
"fossil","RICE",16.6842105263158
"tabula","RICE",16
"wiqid","RICE",16
"BAT","RJA1",18
"BiodiversityR","RJA1",16
"divent","RJA1",18
"entropart","RJA1",18
"fossil","RJA1",17.9767441860465
"SSP","RJA1",15
"tabula","RJA1",2.3548864068504
"wiqid","RJA1",18
"BAT","RJA2",13
"BiodiversityR","RJA2",16
"fossil","RJA2",13.1036935704514
"SSP","RJA2",15
"wiqid","RJA2",13
"sprex","RMM",86
"wiqid","RMM",0
"divDyn","RSQ",16.4986420423683
"ecodive","RSQ",16.4986420423683
"tabula","RSQ",16.4986420423683
"abdiv","D1SP",0.856146694214876
"ade4","D1SP",0.856146694214876
"adiv","D1SP",0.856146694214876
"agricolae","D1SP",1
"asbio","D1SP",0.856146694214876
"BiodiversityR","D1SP",0.85614669
"biosampleR","D1SP",0.140907369487557
"breakaway","D1SP",0.856146694214876
"catsim","D1SP",0.581224489795918
"concstats","2_D1SP",0.795378151260504
"concstats","D1SP",0.974819214876033
"CUB","D1SP",0.881327479338843
"DescTools","2_D1SP",0.856146694214876
"DescTools","D1SP",0.828877005347594
"divent","D1SP",0.856146694214876
"diverse","D1SP",0.140907369487557
"ecodive","D1SP",0.856146694214876
"entropart","D1SP",0.856146694214876
"lawstat","D1SP",0.828877005347594
"MCPAN","D1SP",-1113
"microbiome","D1SP",0.856146694214876
"PCRA","D1SP",0.856146694214876
"RoughSets","D1SP",0.856146694214876
"simboot","D1SP",-1113
"sprex","D1SP",0.856146694214876
"untb","D1SP",0.865987460815047
"vegan","D1SP",0.856146694214876
"abdiv","DBRI",1.95886320434171
"ecodive","DBRI",1.95886320434171
"tabula","DBRI",1.95886320434171
"wiqid","DBRI",7.09126116648009
"BiodiversityR","DFIS",4.21253091
"ecodive","DFIS",4.213
"microbiome","DFIS",4.21253091446939
"preseqR","DFIS",7.0892107661739
"sads","DFIS",4.21252762712514
"vegan","DFIS",4.21253091446939
"custom","DGLE",2.90351173893426
"DGOO","1_1",2.17138602043154
"DGOO","1_2",0.48469121186299
"DGOO","1_3",1
"DGOO","2_1",0.255781546779664
"DGOO","2_2",1.00475351338561
"DGOO","2_3",1
"DGOO","3_1",0.043277279799203
"DGOO","3_2",0.129102661807681
"DGOO","3_3",1
"abdiv","DINVSP",6.95152603231598
"adiv","DINVSP",6.95152603231598
"asbio","DINVSP",6.95152603231598
"BiodiversityR","DINVSP",6.95152603
"breakaway","DINVSP",6.95152603231598
"chemodiv","DINVSP",6.95152603231598
"codyn","DINVSP",6.95152603231598
"divseg","DINVSP",1.14385330578512
"ecodive","DINVSP",6.95152603231598
"microbiome","DINVSP",6.95152603231598
"sprex","DINVSP",6.95152603231598
"vegan","DINVSP",6.95152603231598
"custom","DKO",0.48
"asbio","DLMD",11.3734283032757
"Compositional","DLMD",0.999958992306093
"sads","DLMD",1.46820554778903
"vegan","DLMD",14.7944213826218
"abdiv","DMC",0.694784268509442
"adiv","DMC",0.694784268509442
"agricolae","DMC",0.694784268509442
"ecodive","DMC",0.694784268509442
"forestHES","DMC",0.694784268509442
"tabula","DMC",0.694784268509442
"abdiv","DMG",2.68016468209316
"adiv","DMG",2.68016468209316
"agricolae","DMG",7.5937999325973
"ecodive","DMG",2.68016468209316
"tabula","DMG",2.68016468209316
"abdiv","DMN",1.38580465631147
"adiv","DMN",1.38580465631147
"ecodive","DMN",1.38580465631147
"tabula","DMN",1.38580465631147
"custom","DOD",147.727272727273
"abdiv","DQ",0
"ade4","DRAO",0.856146694214876
"BAT","DRAO",0.856146694214876
"chemodiv","DRAO",335.16437704176
"diverse","DRAO",52.9630966538431
"SYNCSA","DRAO",0.856146694214876
"abdiv","DSHA",2.17138602043154
"adiv","DSHA",2.17138602043154
"aqp","DSHA",-292.756972209248
"asbio","DSHA",2.17138602043154
"benthos","DSHA",0
"BiodiversityR","DSHA",2.17138602
"biosampleR","DSHA",0.355800693368708
"chemodiv","DSHA",2.17138602043154
"codyn","DSHA",2.17138602043154
"DescTools","DSHA",3.13264784353221
"divDyn","DSHA",2.17138602043154
"divent","DSHA",2.17138602043154
"diverse","DSHA",0.355800693368708
"ecodive","DSHA",2.17138602043154
"EconGeo","DSHA",3.133
"entropart","DSHA",2.24363669041911
"forestmangr","DSHA",3.56
"HardyWeinberg","DSHA",2.17138602043154
"iNEXT","DSHA",2.171
"MCPAN","DSHA",2.17138602043154
"microbiome","DSHA",2.17138602043154
"OTUtable","DSHA",2.17138602043154
"pgirmess","DSHA",3.13264784353221
"SpiecEasi","DSHA",2.17138602043154
"sprex","DSHA",2.17138602043154
"tabula","DSHA",2.17138602043154
"triversity","DSHA",13
"vegan","DSHA",2.17138602043154
"wavethresh","DSHA",-6013.961826134
"wiqid","DSHA",7.46198830409357
"abdiv","DSP",0.143853305785124
"agricolae","DSP",0.143853305785124
"antitrust","DSP",1438.53305785124
"benthos","DSP",0.134012539184953
"breakaway","DSP",0.143853305785124
"concstats","DSP",0.143853305785124
"DescTools","DSP",0.143853305785124
"diverse","DSP",0.858911980038741
"divseg","DSP",1.14385330578512
"EconGeo","DSP",0.143853305785124
"hhi","DSP",0.143853305785124
"ineq","DSP",0.143853305785124
"microbiome","DSP",0.143853305785124
"PDtoolkit","DSP",0.143853305785124
"politics","DSP",0.143853305785124
"REAT","DSP",0.143853305785124
"sprex","DSP",0.143853305785124
"tabula","DSP",0.143853305785124
"triversity","DSP",0.143853305785124
"wiqid","DSP",7.46198830409357
"abdiv","EBP",0.227272727272727
"agricolae","EBP",0.227272727272727
"BiodiversityR","EBP",0.22727273
"diverse","EBP",0.925736235595391
"dyvDyn","EBP",0.0285714285714286
"ecodive","EBP",0.227272727272727
"microbiome","EBP",0.227272727272727
"tabula","EBP",0.227272727272727
"triversity","EBP",0.227272727272727
"wiqid","EBP",1
"tabula","EBRI",0.844276275766415
"BAT","EBU",0.557765151515151
"microbiome","EBU",0.557765151515151
"BAT","ECAM",0.920745920745921
"microbiome","ECAM",0.769230769230769
"codyn","EEQ",0.186063647519135
"custom","EEQ",0.0372240529777412
"adiv","EEVAR",0.526977909700547
"codyn","EEVAR",0.510756852057318
"custom","EEVAR",0.526977909700547
"microbiome","EEVAR",0.526977909700547
"acid","EGIN",0.805194805194805
"DescTools","EGIN",0.805194805194805
"dplR","EGIN",0.805194805194805
"EconGeo","EGIN",0.805
"giniVarCI","EGIN",0.805194805194805
"ineq","EGIN",0.805194805194805
"microbiome","EGIN",0.805194805194805
"REAT","EGIN",0.805194805194805
"shipunov","EGIN",0.805194805194805
"wINEQ","EGIN",0.805194805194805
"adiv","EGSP",0.927492252066116
"abdiv","EHEI",0.647535968151407
"adiv","EHEI",0.647535968151407
"custom","EHUL",0.409090909090909
"benthos","EHURE",0.865987460815047
"BiodiversityR","EHURE",0.86598746
"mobr","EHURE",0.865987460815047
"vegan","EHURE",0.86598746081505
"custom","ELR",0.268871790199569
"abdiv","EMC",0.438710808463088
"tabula","EMC",0.858949838654737
"microbiome","EMN",0.409090909090909
"custom","ENHC",-0.246791201038397
"custom","EPAT",0.210226870999884
"abdiv","EPIE",0.846560971706867
"adiv","EPIE",0.846560971706867
"BiodiversityR","EPIE",0.84656097
"breakaway","EPIE",0.846560971706867
"chemodiv","EPIE",0.846560971706867
"diverse","EPIE",0.198576147903378
"forestmangr","EPIE",1
"microbiome","EPIE",0.846560971706867
"OTUtable","EPIE",0.846560971706867
"pctax","EPIE",0.8466
"sprex","EPIE",0.846560971706867
"tabula","EPIE",0.846560971706867
"custom","ESHE",0.674648585985914
"adiv","ESP",0.534732771716614
"codyn","ESP",0.534732771716614
"sprex","ESP",0.167029693879349
"tabula","ESP",0.534732771716614
"abdiv","EST",0.408216783216783
"adiv","QHIL_0",13
"adiv","QHIL_1",8.77043161781688
"adiv","QHIL_2",6.95152603231598
"adiv","QHIL_3",6.18644026331207
"BAT","QHIL_0",13
"BAT","QHIL_1",8.77043161781688
"BAT","QHIL_2",6.95152603231598
"BAT","QHIL_3",6.18644026331207
"benthos","QHIL_0",35
"benthos","QHIL_1",8.77043161781688
"benthos","QHIL_2",6.95152603231598
"benthos","QHIL_3",6.18644026331207
"breakaway","QHIL_0",13
"breakaway","QHIL_1",8.77043161781688
"breakaway","QHIL_2",6.95152603231598
"breakaway","QHIL_3",6.18644026331207
"chemodiv","QHIL_0",13
"chemodiv","QHIL_1",8.77043161781688
"chemodiv","QHIL_2",6.95152603231598
"chemodiv","QHIL_3",6.18644026331207
"divDyn","QHIL_2",6.95152603231598
"divent","QHIL_0",15
"divent","QHIL_1",9.42755411653883
"divent","QHIL_2",7.25928618615514
"divent","QHIL_3",6.40054526800194
"entropart","QHIL_0",15
"entropart","QHIL_1",9.42755411653883
"entropart","QHIL_2",7.25928618615514
"entropart","QHIL_3",6.40054526800193
"EntropyEstimation","QHIL_1",9.42786166885558
"EntropyEstimation","QHIL_2",7.46198830409356
"EntropyEstimation","QHIL_3",6.70624861541855
"extremefit","QHIL",NA
"hilldiv","QHIL_0",13
"hilldiv","QHIL_1",8.77045936553287
"hilldiv","QHIL_2",6.95152603231598
"hilldiv","QHIL_3",6.18644026331207
"hillR","QHIL_0",13
"hillR","QHIL_1",8.77043161781688
"hillR","QHIL_2",6.95152603231598
"hillR","QHIL_3",6.18644026331207
"sprex","QHIL_0",13
"sprex","QHIL_1",8.77043161781688
"sprex","QHIL_2",6.95152603231598
"sprex","QHIL_3",6.18644026331207
"vegan","QHIL_0",13
"vegan","QHIL_1",8.77043161781688
"vegan","QHIL_2",6.95152603231598
"vegan","QHIL_3",6.18644026331207
"adiv","QREN_0",2.56494935746154
"adiv","QREN_1",2.17138602043154
"adiv","QREN_2",1.93896120846918
"adiv","QREN_3",1.8223598426505
"BiodiversityR","QREN_0",2.56494935746154
"BiodiversityR","QREN_1",2.17138602043154
"BiodiversityR","QREN_2",1.93896120846918
"BiodiversityR","QREN_3",1.8223598426505
"diverse","QREN_0",1.79175946922805
"diverse","QREN_1",0.355800693368708
"diverse","QREN_2",0.151878527523629
"diverse","QREN_3",0.115699014806599
"EntropyEstimation","QREN_1",2.243669312592
"EntropyEstimation","QREN_2",2.00982190740207
"EntropyEstimation","QREN_3",1.9030397209355
"seewave","QREN_2",0.545364680176182
"seewave","QREN_3",0.512568628621715
"sprex","QREN_0",2.56494935746154
"sprex","QREN_1",2.17138602043154
"sprex","QREN_2",1.93896120846918
"sprex","QREN_3",1.8223598426505
"statcomp","QREN_1",0.610737959512718
"statcomp","QREN_2",0.545364666112862
"statcomp","QREN_3",0.512568618074224
"vegan","QREN_0",2.56494935746154
"vegan","QREN_1",2.17138602043154
"vegan","QREN_2",1.93896120846918
"vegan","QREN_3",1.8223598426505
"adiv","QTSA_0",12
"adiv","QTSA_1",2.17138602043154
"adiv","QTSA_2",0.856146694214876
"adiv","QTSA_3",0.486935633452292
"divent","QTSA_0",12
"divent","QTSA_1",2.17138602043154
"divent","QTSA_2",0.856146694214876
"divent","QTSA_3",0.486935633452292
"entropart","QTSA_0",14
"entropart","QTSA_1",2.24363669041911
"entropart","QTSA_2",0.86224540893467
"entropart","QTSA_3",0.487795048516564
"EntropyEstimation","QTSA_1",2.243669312592
"EntropyEstimation","QTSA_2",0.865987460815047
"EntropyEstimation","QTSA_3",0.488882408689947
"vegan","QTSA_0",12
"vegan","QTSA_1",2.17138602043154
"vegan","QTSA_2",0.856146694214876
"vegan","QTSA_3",0.486935633452292
"BAT","RACE",13.7826086956522
"ecodive","RACE",13.7826086956522
"fossil","RACE",13.7826086956522
"pctax","RACE",13.7826
"sprex","RACE",89.4674431372549
"tabula","RACE",13.7826086956522
"vegan","RACE",13.7826086956522
"wiqid","RACE",13.7826086956522
"BiodiversityR","RBOO",13
"wiqid","RBOO",35
"BAT","RC1",13.5
"BiodiversityR","RC1",13
"biosampleR","RC1",6
"iNEXT","RC1",14.977
"microbiome","RC1",13.5
"pctax","RC1",13.5
"rareNMtests","RC1",13
"SpadeR","RC1",13
"SSP","RC1",12
"vegan","RC1",13.5
"BAT","RC1M",13.8195266272189
"divent","RC1M",14.9772727272727
"ecodive","RC1M",15
"entropart","RC1M",14.9772727272727
"fossil","RC1M",15
"mobr","RC1M",14.9772727272727
"OTUtable","RC1M",15
"tabula","RC1M",14.9772727272727
"wiqid","RC1M",15
"BAT","RCA2",35
"divDyn","RCA2",13.4615384615385
"fossil","RCA2",15
"tabula","RCA2",13
"wiqid","RCA2",13
"benthos","RHUR_2",1.86598746081505
"benthos","RHUR_3",2.62019756506524
"divent","RHUR_2",7.4619988814558
"divent","RHUR_3",7.55011399099331
"entropart","RHUR_2",1.86598746081505
"entropart","RHUR_3",2.62019756506524
"mobsim","RHUR_2",1.86598746081505
"mobsim","RHUR_3",2.62019756506524
"tabula","RHUR_2",1.86598746081533
"tabula","RHUR_3",2.62019756506562
"vegan","RHUR_2",1.86598746081505
"vegan","RHUR_3",2.62019756506524
"BAT","RICE",35
"fossil","RICE",13.7826086956522
"tabula","RICE",13
"wiqid","RICE",13
"BAT","RJA1",15
"BiodiversityR","RJA1",13
"divent","RJA1",15
"entropart","RJA1",15
"fossil","RJA1",14.9772727272727
"SSP","RJA1",12
"tabula","RJA1",2.17138602043154
"wiqid","RJA1",15
"BAT","RJA2",16
"BiodiversityR","RJA2",13
"fossil","RJA2",15.8975966562173
"SSP","RJA2",12
"wiqid","RJA2",16
"sprex","RMM",91
"wiqid","RMM",0
"divDyn","RSQ",13.577351645504
"ecodive","RSQ",13.577351645504
"tabula","RSQ",13.577351645504
"abdiv","D1SP",0.858418367346939
"ade4","D1SP",0.858418367346939
"adiv","D1SP",0.858418367346939
"agricolae","D1SP",1
"asbio","D1SP",0.858418367346939
"BiodiversityR","D1SP",0.85841837
"biosampleR","D1SP",0.836295755214674
"breakaway","D1SP",0.858418367346939
"catsim","D1SP",0.586122448979592
"concstats","2_D1SP",0.795378151260504
"concstats","D1SP",0.974752400960384
"CUB","D1SP",0.883665966386555
"DescTools","2_D1SP",0.858418367346939
"DescTools","D1SP",0.834033613445378
"divent","D1SP",0.858418367346939
"diverse","D1SP",0.836295755214674
"ecodive","D1SP",0.858418367346939
"entropart","D1SP",0.858418367346939
"lawstat","D1SP",0.834033613445378
"MCPAN","D1SP",-1775
"microbiome","D1SP",0.858418367346939
"PCRA","D1SP",0.858418367346939
"RoughSets","D1SP",0.858418367346939
"simboot","D1SP",-1775
"sprex","D1SP",0.858418367346939
"untb","D1SP",0.866151866151866
"vegan","D1SP",0.858418367346939
"abdiv","DBRI",1.98974981142029
"ecodive","DBRI",1.98974981142029
"tabula","DBRI",1.98974981142029
"wiqid","DBRI",7.31370372824414
"BiodiversityR","DFIS",3.80647995
"ecodive","DFIS",3.807
"microbiome","DFIS",3.8064799511144
"preseqR","DFIS",9.59396838987132
"sads","DFIS",3.80650037383793
"vegan","DFIS",3.8064799511144
"custom","DGLE",2.75511351270746
"DGOO","1_1",2.16637327968415
"DGOO","1_2",0.490709662981179
"DGOO","1_3",1
"DGOO","2_1",0.255623470937734
"DGOO","2_2",1.01972658198611
"DGOO","2_3",1
"DGOO","3_1",0.041997070378955
"DGOO","3_2",0.129732289530653
"DGOO","3_3",1
"abdiv","DINVSP",7.06306306306306
"adiv","DINVSP",7.06306306306306
"asbio","DINVSP",7.06306306306306
"BiodiversityR","DINVSP",7.06306306
"breakaway","DINVSP",7.06306306306306
"chemodiv","DINVSP",7.06306306306306
"codyn","DINVSP",7.06306306306306
"divseg","DINVSP",1.14158163265306
"ecodive","DINVSP",7.06306306306306
"microbiome","DINVSP",7.06306306306306
"sprex","DINVSP",7.06306306306306
"vegan","DINVSP",7.06306306306306
"custom","DKO",0.48
"asbio","DLMD",29.8985938183007
"Compositional","DLMD",0.999958992306093
"sads","DLMD",1.6568514998005
"vegan","DLMD",20.0875784340535
"abdiv","DMC",0.688813400129214
"adiv","DMC",0.688813400129214
"agricolae","DMC",0.688813400129214
"ecodive","DMC",0.688813400129214
"forestHES","DMC",0.688813400129214
"tabula","DMC",0.688813400129214
"abdiv","DMG",2.54318170403765
"adiv","DMG",2.54318170403765
"agricolae","DMG",7.20568149477335
"ecodive","DMG",2.54318170403765
"tabula","DMG",2.54318170403765
"abdiv","DMN",1.22838453727999
"adiv","DMN",1.22838453727999
"ecodive","DMN",1.22838453727999
"tabula","DMN",1.22838453727999
"custom","DOD",116.071428571429
"abdiv","DQ",0
"ade4","DRAO",0.858418367346939
"BAT","DRAO",0.858418367346939
"chemodiv","DRAO",268.279372211533
"diverse","DRAO",185.549399353628
"SYNCSA","DRAO",0.858418367346939
"abdiv","DSHA",2.16637327968415
"adiv","DSHA",2.16637327968415
"aqp","DSHA",-412.377160691207
"asbio","DSHA",2.16637327968415
"benthos","DSHA",0
"BiodiversityR","DSHA",2.16637328
"biosampleR","DSHA",2.09739881684649
"chemodiv","DSHA",2.16637327968415
"codyn","DSHA",2.16637327968415
"DescTools","DSHA",3.12541598731469
"divDyn","DSHA",2.16637327968415
"divent","DSHA",2.16637327968415
"diverse","DSHA",2.09739881684649
"ecodive","DSHA",2.16637327968415
"EconGeo","DSHA",3.125
"entropart","DSHA",2.22881751116898
"forestmangr","DSHA",3.56
"HardyWeinberg","DSHA",2.16637327968415
"iNEXT","DSHA",2.166
"MCPAN","DSHA",2.16637327968415
"microbiome","DSHA",2.16637327968415
"OTUtable","DSHA",2.16637327968415
"pgirmess","DSHA",3.12541598731469
"SpiecEasi","DSHA",2.16637327968415
"sprex","DSHA",2.16637327968415
"tabula","DSHA",2.16637327968415
"triversity","DSHA",13
"vegan","DSHA",2.16637327968415
"wavethresh","DSHA",-10347.0263519543
"wiqid","DSHA",7.47115384615385
"abdiv","DSP",0.141581632653061
"agricolae","DSP",0.141581632653061
"antitrust","DSP",1415.81632653061
"benthos","DSP",0.133848133848134
"breakaway","DSP",0.141581632653061
"concstats","DSP",0.141581632653061
"DescTools","DSP",0.141581632653061
"diverse","DSP",0.156101556101556
"divseg","DSP",1.14158163265306
"EconGeo","DSP",0.141581632653061
"hhi","DSP",0.141581632653061
"ineq","DSP",0.141581632653061
"microbiome","DSP",0.141581632653061
"PDtoolkit","DSP",0.141581632653061
"politics","DSP",0.141581632653061
"REAT","DSP",0.141581632653061
"sprex","DSP",0.141581632653061
"tabula","DSP",0.141581632653061
"triversity","DSP",0.141581632653061
"wiqid","DSP",7.47115384615385
"abdiv","EBP",0.223214285714286
"agricolae","EBP",0.223214285714286
"BiodiversityR","EBP",0.22321429
"diverse","EBP",0.288288288288288
"dyvDyn","EBP",0.0285714285714286
"ecodive","EBP",0.223214285714286
"microbiome","EBP",0.223214285714286
"tabula","EBP",0.223214285714286
"triversity","EBP",0.223214285714286
"wiqid","EBP",1
"tabula","EBRI",0.843136109446335
"BAT","EBU",0.584821428571429
"microbiome","EBU",0.584821428571429
"BAT","ECAM",0.918498168498168
"microbiome","ECAM",0.85989010989011
"codyn","EEQ",0.172808645376329
"custom","EEQ",0.0421968403165597
"adiv","EEVAR",0.460553796309908
"codyn","EEVAR",0.444484678002073
"custom","EEVAR",0.460553796309908
"microbiome","EEVAR",0.460553796309908
"acid","EGIN",0.810204081632653
"DescTools","EGIN",0.810204081632653
"dplR","EGIN",0.810204081632653
"EconGeo","EGIN",0.81
"giniVarCI","EGIN",0.810204081632653
"ineq","EGIN",0.810204081632653
"microbiome","EGIN",0.810204081632653
"REAT","EGIN",0.810204081632653
"shipunov","EGIN",0.810204081632653
"wINEQ","EGIN",0.810204081632653
"adiv","EGSP",0.929953231292517
"abdiv","EHEI",0.643881476983602
"adiv","EHEI",0.643881476983602
"custom","EHUL",0.428571428571429
"benthos","EHURE",0.866151866151866
"BiodiversityR","EHURE",0.86615187
"mobr","EHURE",0.866151866151866
"vegan","EHURE",0.866151866151855
"custom","ELR",0.267527378030991
"abdiv","EMC",0.421173521766831
"tabula","EMC",0.86311040803411
"microbiome","EMN",0.428571428571429
"custom","ENHC",-0.28137087498663
"custom","EPAT",0.212407395311202
"abdiv","EPIE",0.84460664822956
"adiv","EPIE",0.84460664822956
"BiodiversityR","EPIE",0.84460665
"breakaway","EPIE",0.84460664822956
"chemodiv","EPIE",0.84460664822956
"diverse","EPIE",0.817715488512504
"forestmangr","EPIE",1
"microbiome","EPIE",0.84460664822956
"OTUtable","EPIE",0.84460664822956
"pctax","EPIE",0.8446
"sprex","EPIE",0.84460664822956
"tabula","EPIE",0.84460664822956
"custom","ESHE",0.671275209523325
"adiv","ESP",0.543312543312543
"codyn","ESP",0.543312543312543
"sprex","ESP",0.166644098437242
"tabula","ESP",0.543312543312543
"abdiv","EST",0.383241758241758
"adiv","QHIL_0",13
"adiv","QHIL_1",8.72657772380322
"adiv","QHIL_2",7.06306306306306
"adiv","QHIL_3",6.30530429885866
"BAT","QHIL_0",13
"BAT","QHIL_1",8.72657772380322
"BAT","QHIL_2",7.06306306306306
"BAT","QHIL_3",6.30530429885866
"benthos","QHIL_0",35
"benthos","QHIL_1",8.72657772380322
"benthos","QHIL_2",7.06306306306306
"benthos","QHIL_3",6.30530429885866
"breakaway","QHIL_0",13
"breakaway","QHIL_1",8.72657772380322
"breakaway","QHIL_2",7.06306306306306
"breakaway","QHIL_3",6.30530429885866
"chemodiv","QHIL_0",13
"chemodiv","QHIL_1",8.72657772380322
"chemodiv","QHIL_2",7.06306306306306
"chemodiv","QHIL_3",6.30530429885866
"divDyn","QHIL_2",7.06306306306306
"divent","QHIL_0",15
"divent","QHIL_1",9.28887559106014
"divent","QHIL_2",7.30914208098355
"divent","QHIL_3",6.47460821155814
"entropart","QHIL_0",15
"entropart","QHIL_1",9.28887559106014
"entropart","QHIL_2",7.30914208098355
"entropart","QHIL_3",6.47460821155813
"EntropyEstimation","QHIL_1",9.23440834996992
"EntropyEstimation","QHIL_2",7.47115384615384
"EntropyEstimation","QHIL_3",6.72541423750278
"extremefit","QHIL",NA
"hilldiv","QHIL_0",13
"hilldiv","QHIL_1",8.72660318023739
"hilldiv","QHIL_2",7.06306306306306
"hilldiv","QHIL_3",6.30530429885866
"hillR","QHIL_0",13
"hillR","QHIL_1",8.72657772380322
"hillR","QHIL_2",7.06306306306306
"hillR","QHIL_3",6.30530429885866
"sprex","QHIL_0",13
"sprex","QHIL_1",8.72657772380322
"sprex","QHIL_2",7.06306306306306
"sprex","QHIL_3",6.30530429885866
"vegan","QHIL_0",13
"vegan","QHIL_1",8.72657772380322
"vegan","QHIL_2",7.06306306306306
"vegan","QHIL_3",6.30530429885866
"adiv","QREN_0",2.56494935746154
"adiv","QREN_1",2.16637327968415
"adiv","QREN_2",1.95487881903807
"adiv","QREN_3",1.84139123135434
"BiodiversityR","QREN_0",2.56494935746154
"BiodiversityR","QREN_1",2.16637327968415
"BiodiversityR","QREN_2",1.95487881903807
"BiodiversityR","QREN_3",1.84139123135434
"diverse","QREN_0",2.56494935746154
"diverse","QREN_1",2.09739881684649
"diverse","QREN_2",1.80969386467046
"diverse","QREN_3",1.65650054007409
"EntropyEstimation","QREN_1",2.22293654554257
"EntropyEstimation","QREN_2",2.01104945122627
"EntropyEstimation","QREN_3",1.90589352024559
"seewave","QREN_2",0.549841766407772
"seewave","QREN_3",0.517921516816902
"sprex","QREN_0",2.56494935746154
"sprex","QREN_1",2.16637327968415
"sprex","QREN_2",1.95487881903807
"sprex","QREN_3",1.84139123135434
"statcomp","QREN_1",0.609328043898073
"statcomp","QREN_2",0.54984175535802
"statcomp","QREN_3",0.517921508529588
"vegan","QREN_0",2.56494935746154
"vegan","QREN_1",2.16637327968415
"vegan","QREN_2",1.95487881903807
"vegan","QREN_3",1.84139123135434
"adiv","QTSA_0",12
"adiv","QTSA_1",2.16637327968415
"adiv","QTSA_2",0.858418367346939
"adiv","QTSA_3",0.487423554801385
"divent","QTSA_0",12
"divent","QTSA_1",2.16637327968415
"divent","QTSA_2",0.858418367346939
"divent","QTSA_3",0.487423554801385
"entropart","QTSA_0",14
"entropart","QTSA_1",2.22881751116898
"entropart","QTSA_2",0.863185037461273
"entropart","QTSA_3",0.488072675998039
"EntropyEstimation","QTSA_1",2.22293654554257
"EntropyEstimation","QTSA_2",0.866151866151866
"EntropyEstimation","QTSA_3",0.488945682695683
"vegan","QTSA_0",12
"vegan","QTSA_1",2.16637327968415
"vegan","QTSA_2",0.858418367346939
"vegan","QTSA_3",0.487423554801385
"BAT","RACE",14.3907068709837
"ecodive","RACE",14.3907068709837
"fossil","RACE",13.5294117647059
"pctax","RACE",14.3907
"sprex","RACE",114.682737601927
"tabula","RACE",14.3907068709837
"vegan","RACE",14.3907068709837
"wiqid","RACE",14.3907068709837
"BiodiversityR","RBOO",13
"wiqid","RBOO",35
"BAT","RC1",13.3333333333333
"BiodiversityR","RC1",13
"biosampleR","RC1",14
"iNEXT","RC1",13.991
"microbiome","RC1",13.3333333333333
"pctax","RC1",13.3333
"rareNMtests","RC1",13
"SpadeR","RC1",13
"SSP","RC1",12
"vegan","RC1",13.3333333333333
"BAT","RC1M",13.6489151873767
"divent","RC1M",13.9910714285714
"ecodive","RC1M",14
"entropart","RC1M",13.9910714285714
"fossil","RC1M",14
"mobr","RC1M",13.9910714285714
"OTUtable","RC1M",14
"tabula","RC1M",13.9910714285714
"wiqid","RC1M",14
"BAT","RCA2",35
"divDyn","RCA2",13.3076923076923
"fossil","RCA2",14
"tabula","RCA2",13
"wiqid","RCA2",13
"benthos","RHUR_2",1.86615186615186
"benthos","RHUR_3",2.62056423306421
"divent","RHUR_2",7.47116379149559
"divent","RHUR_3",7.55776334372208
"entropart","RHUR_2",1.86615186615185
"entropart","RHUR_3",2.62056423306421
"mobsim","RHUR_2",1.86615186615186
"mobsim","RHUR_3",2.62056423306421
"tabula","RHUR_2",1.86615186615277
"tabula","RHUR_3",2.62056423306457
"vegan","RHUR_2",1.86615186615186
"vegan","RHUR_3",2.62056423306421
"BAT","RICE",35
"fossil","RICE",13.5294117647059
"tabula","RICE",13
"wiqid","RICE",13
"BAT","RJA1",15
"BiodiversityR","RJA1",13
"divent","RJA1",15
"entropart","RJA1",15
"fossil","RJA1",14.9821428571429
"SSP","RJA1",12
"tabula","RJA1",2.16637327968415
"wiqid","RJA1",15
"BAT","RJA2",15
"BiodiversityR","RJA2",13
"fossil","RJA2",14.9462676962677
"SSP","RJA2",12
"wiqid","RJA2",15
"sprex","RMM",117
"wiqid","RMM",0
"divDyn","RSQ",13.5675027959738
"ecodive","RSQ",13.5675027959738
"tabula","RSQ",13.5675027959738
"abdiv","D1SP",0.868608799048751
"ade4","D1SP",0.868608799048752
"adiv","D1SP",0.868608799048751
"agricolae","D1SP",1
"asbio","D1SP",0.868608799048751
"BiodiversityR","D1SP",0.8686088
"biosampleR","D1SP",0.801630434782609
"breakaway","D1SP",0.868608799048751
"catsim","D1SP",0.620408163265306
"concstats","2_D1SP",0.795378151260504
"concstats","D1SP",0.974452682380919
"CUB","D1SP",0.894156116667832
"DescTools","2_D1SP",0.868608799048752
"DescTools","D1SP",0.818458417849899
"divent","D1SP",0.868608799048752
"diverse","D1SP",0.801630434782609
"ecodive","D1SP",0.868608799048751
"entropart","D1SP",0.868608799048752
"lawstat","D1SP",0.818458417849899
"MCPAN","D1SP",-1767
"microbiome","D1SP",0.868608799048751
"PCRA","D1SP",0.868608799048751
"RoughSets","D1SP",0.868608799048751
"simboot","D1SP",-1767
"sprex","D1SP",0.868608799048751
"untb","D1SP",0.87616191904048
"vegan","D1SP",0.868608799048751
"abdiv","DBRI",2.06052760488776
"ecodive","DBRI",2.06052760488776
"tabula","DBRI",2.06052760488776
"wiqid","DBRI",7.85011047456088
"BiodiversityR","DFIS",4.16361582
"ecodive","DFIS",4.164
"microbiome","DFIS",4.16361582152888
"preseqR","DFIS",8.75971026901295
"sads","DFIS",4.16360110397308
"vegan","DFIS",4.16361582152888
"custom","DGLE",2.94514239494036
"DGOO","1_1",2.24414555990563
"DGOO","1_2",0.490492284686029
"DGOO","1_3",1
"DGOO","2_1",0.246426087551557
"DGOO","2_2",1.05330231727816
"DGOO","2_3",1
"DGOO","3_1",0.0378688375259111
"DGOO","3_2",0.125594991105114
"DGOO","3_3",1
"abdiv","DINVSP",7.61085972850679
"adiv","DINVSP",7.61085972850679
"asbio","DINVSP",7.61085972850679
"BiodiversityR","DINVSP",7.61085973
"breakaway","DINVSP",7.61085972850679
"chemodiv","DINVSP",7.61085972850679
"codyn","DINVSP",7.61085972850679
"divseg","DINVSP",1.13139120095125
"ecodive","DINVSP",7.61085972850679
"microbiome","DINVSP",7.61085972850679
"sprex","DINVSP",7.61085972850679
"vegan","DINVSP",7.61085972850679
"custom","DKO",0.44
"asbio","DLMD",24.1591990050456
"Compositional","DLMD",0.999958992306093
"sads","DLMD",1.61977968272114
"vegan","DLMD",26.6813563052085
"abdiv","DMC",0.702771448828662
"adiv","DMC",0.702771448828662
"agricolae","DMC",0.702771448828662
"ecodive","DMC",0.702771448828662
"forestHES","DMC",0.702771448828662
"tabula","DMC",0.702771448828662
"abdiv","DMG",2.73477508101605
"adiv","DMG",2.73477508101605
"agricolae","DMG",7.15248867342659
"ecodive","DMG",2.73477508101605
"tabula","DMG",2.73477508101605
"abdiv","DMN",1.29986736723936
"adiv","DMN",1.29986736723936
"ecodive","DMN",1.29986736723936
"tabula","DMN",1.29986736723936
"custom","DOD",120.689655172414
"abdiv","DQ",0
"ade4","DRAO",0.868608799048751
"BAT","DRAO",0.868608799048752
"chemodiv","DRAO",168.055419275279
"diverse","DRAO",98.2735622984763
"SYNCSA","DRAO",0.868608799048751
"abdiv","DSHA",2.24414555990563
"adiv","DSHA",2.24414555990563
"aqp","DSHA",-419.962145678972
"asbio","DSHA",2.24414555990563
"benthos","DSHA",0
"BiodiversityR","DSHA",2.24414556
"biosampleR","DSHA",2.14589226571417
"chemodiv","DSHA",2.24414555990563
"codyn","DSHA",2.24414555990563
"DescTools","DSHA",3.23761767030885
"divDyn","DSHA",2.24414555990563
"divent","DSHA",2.24414555990563
"diverse","DSHA",2.14589226571417
"ecodive","DSHA",2.24414555990564
"EconGeo","DSHA",3.238
"entropart","DSHA",2.33318792246121
"forestmangr","DSHA",3.56
"HardyWeinberg","DSHA",2.24414555990563
"iNEXT","DSHA",2.244
"MCPAN","DSHA",2.24414555990563
"microbiome","DSHA",2.24414555990563
"OTUtable","DSHA",2.24414555990563
"pgirmess","DSHA",3.23761767030885
"SpiecEasi","DSHA",2.24414555990563
"sprex","DSHA",2.24414555990563
"tabula","DSHA",2.24414555990563
"triversity","DSHA",14
"vegan","DSHA",2.24414555990563
"wavethresh","DSHA",-10176.8760475646
"wiqid","DSHA",8.07506053268765
"abdiv","DSP",0.131391200951249
"agricolae","DSP",0.131391200951249
"antitrust","DSP",1313.91200951248
"benthos","DSP",0.12383808095952
"breakaway","DSP",0.131391200951249
"concstats","DSP",0.131391200951249
"DescTools","DSP",0.131391200951249
"diverse","DSP",0.193989071038251
"divseg","DSP",1.13139120095125
"EconGeo","DSP",0.131391200951249
"hhi","DSP",0.131391200951249
"ineq","DSP",0.131391200951249
"microbiome","DSP",0.131391200951249
"PDtoolkit","DSP",0.131391200951249
"politics","DSP",0.131391200951249
"REAT","DSP",0.131391200951249
"sprex","DSP",0.131391200951249
"tabula","DSP",0.131391200951249
"triversity","DSP",0.131391200951249
"wiqid","DSP",8.07506053268765
"abdiv","EBP",0.21551724137931
"agricolae","EBP",0.21551724137931
"BiodiversityR","EBP",0.21551724
"diverse","EBP",0.396739130434783
"dyvDyn","EBP",0.0285714285714286
"ecodive","EBP",0.21551724137931
"microbiome","EBP",0.21551724137931
"tabula","EBP",0.21551724137931
"triversity","EBP",0.21551724137931
"wiqid","EBP",1
"tabula","EBRI",0.849220361270617
"BAT","EBU",0.595490716180371
"microbiome","EBU",0.595490716180371
"BAT","ECAM",0.924971580143994
"microbiome","ECAM",0.692118226600985
"codyn","EEQ",0.176918061722441
"custom","EEQ",0.0365530456081589
"adiv","EEVAR",0.456686769945741
"codyn","EEVAR",0.442505408046265
"custom","EEVAR",0.456686769945741
"microbiome","EEVAR",0.456686769945741
"acid","EGIN",0.795073891625616
"DescTools","EGIN",0.795073891625616
"dplR","EGIN",0.795073891625616
"EconGeo","EGIN",0.795
"giniVarCI","EGIN",0.795073891625616
"ineq","EGIN",0.795073891625616
"microbiome","EGIN",0.795073891625615
"REAT","EGIN",0.795073891625616
"shipunov","EGIN",0.795073891625615
"wINEQ","EGIN",0.795073891625616
"adiv","EGSP",0.93542486051404
"abdiv","EHEI",0.648642517845556
"adiv","EHEI",0.648642517845556
"custom","EHUL",0.396551724137931
"benthos","EHURE",0.87616191904048
"BiodiversityR","EHURE",0.87616192
"mobr","EHURE",0.87616191904048
"vegan","EHURE",0.876161919040482
"custom","ELR",0.26692066553671
"abdiv","EMC",0.407979162211866
"tabula","EMC",0.870051912590052
"microbiome","EMN",0.396551724137931
"custom","ENHC",-0.261605509846764
"custom","EPAT",0.178576731346011
"abdiv","EPIE",0.85035877573482
"adiv","EPIE",0.85035877573482
"BiodiversityR","EPIE",0.85035878
"breakaway","EPIE",0.85035877573482
"chemodiv","EPIE",0.85035877573482
"diverse","EPIE",0.757405816337843
"forestmangr","EPIE",1
"microbiome","EPIE",0.85035877573482
"OTUtable","EPIE",0.85035877573482
"pctax","EPIE",0.8504
"sprex","EPIE",0.85035877573482
"tabula","EPIE",0.85035877573482
"custom","ESHE",0.673739480856588
"adiv","ESP",0.543632837750485
"codyn","ESP",0.543632837750485
"sprex","ESP",0.160296111421831
"tabula","ESP",0.543632837750485
"abdiv","EST",0.375615763546798
"adiv","QHIL_0",14
"adiv","QHIL_1",9.43235273199223
"adiv","QHIL_2",7.61085972850679
"adiv","QHIL_3",6.76684491445027
"BAT","QHIL_0",14
"BAT","QHIL_1",9.43235273199223
"BAT","QHIL_2",7.61085972850679
"BAT","QHIL_3",6.76684491445027
"benthos","QHIL_0",35
"benthos","QHIL_1",9.43235273199223
"benthos","QHIL_2",7.61085972850679
"benthos","QHIL_3",6.76684491445027
"breakaway","QHIL_0",14
"breakaway","QHIL_1",9.43235273199223
"breakaway","QHIL_2",7.61085972850679
"breakaway","QHIL_3",6.76684491445027
"chemodiv","QHIL_0",14
"chemodiv","QHIL_1",9.43235273199223
"chemodiv","QHIL_2",7.61085972850679
"chemodiv","QHIL_3",6.76684491445027
"divDyn","QHIL_2",7.61085972850679
"divent","QHIL_0",17
"divent","QHIL_1",10.3107590958411
"divent","QHIL_2",8.00449051381669
"divent","QHIL_3",7.03762706480218
"entropart","QHIL_0",17
"entropart","QHIL_1",10.3107590958411
"entropart","QHIL_2",8.00449051381669
"entropart","QHIL_3",7.03762706480219
"EntropyEstimation","QHIL_1",10.0086840476756
"EntropyEstimation","QHIL_2",8.07506053268763
"EntropyEstimation","QHIL_3",7.23954995425235
"extremefit","QHIL",NA
"hilldiv","QHIL_0",14
"hilldiv","QHIL_1",9.4323802109057
"hilldiv","QHIL_2",7.61085972850679
"hilldiv","QHIL_3",6.76684491445027
"hillR","QHIL_0",14
"hillR","QHIL_1",9.43235273199223
"hillR","QHIL_2",7.61085972850679
"hillR","QHIL_3",6.76684491445027
"sprex","QHIL_0",14
"sprex","QHIL_1",9.43235273199223
"sprex","QHIL_2",7.61085972850679
"sprex","QHIL_3",6.76684491445027
"vegan","QHIL_0",14
"vegan","QHIL_1",9.43235273199223
"vegan","QHIL_2",7.61085972850679
"vegan","QHIL_3",6.76684491445027
"adiv","QREN_0",2.63905732961526
"adiv","QREN_1",2.24414555990563
"adiv","QREN_2",2.02957613901514
"adiv","QREN_3",1.91203493906967
"BiodiversityR","QREN_0",2.63905732961526
"BiodiversityR","QREN_1",2.24414555990563
"BiodiversityR","QREN_2",2.02957613901514
"BiodiversityR","QREN_3",1.91203493906967
"diverse","QREN_0",2.83321334405622
"diverse","QREN_1",2.14589226571417
"diverse","QREN_2",1.61762349702054
"diverse","QREN_3",1.35723580244184
"EntropyEstimation","QREN_1",2.30345312091634
"EntropyEstimation","QREN_2",2.08878036538869
"EntropyEstimation","QREN_3",1.97955904345068
"seewave","QREN_2",0.57085161287185
"seewave","QREN_3",0.537791218512612
"sprex","QREN_0",2.63905732961526
"sprex","QREN_1",2.24414555990563
"sprex","QREN_2",2.02957613901514
"sprex","QREN_3",1.91203493906967
"statcomp","QREN_1",0.631202774269452
"statcomp","QREN_2",0.570851602688066
"statcomp","QREN_3",0.537791210874774
"vegan","QREN_0",2.63905732961526
"vegan","QREN_1",2.24414555990563
"vegan","QREN_2",2.02957613901514
"vegan","QREN_3",1.91203493906967
"adiv","QTSA_0",13
"adiv","QTSA_1",2.24414555990563
"adiv","QTSA_2",0.868608799048751
"adiv","QTSA_3",0.489080630612161
"divent","QTSA_0",13
"divent","QTSA_1",2.24414555990563
"divent","QTSA_2",0.868608799048752
"divent","QTSA_3",0.489080630612161
"entropart","QTSA_0",16
"entropart","QTSA_1",2.33318792246121
"entropart","QTSA_2",0.875070124916273
"entropart","QTSA_3",0.489904740057741
"EntropyEstimation","QTSA_1",2.30345312091634
"EntropyEstimation","QTSA_2",0.876161919040479
"EntropyEstimation","QTSA_3",0.490460033141324
"vegan","QTSA_0",13
"vegan","QTSA_1",2.24414555990563
"vegan","QTSA_2",0.868608799048751
"vegan","QTSA_3",0.489080630612161
"BAT","RACE",15.9278530089341
"ecodive","RACE",15.9278530089341
"fossil","RACE",14.8108108108108
"pctax","RACE",15.9279
"sprex","RACE",121.806879297364
"tabula","RACE",15.9278530089341
"vegan","RACE",15.9278530089341
"wiqid","RACE",15.9278530089341
"BiodiversityR","RBOO",14
"wiqid","RBOO",35
"BAT","RC1",17
"BiodiversityR","RC1",14
"biosampleR","RC1",17
"iNEXT","RC1",16.974
"microbiome","RC1",17
"pctax","RC1",17
"rareNMtests","RC1",14
"SpadeR","RC1",14
"SSP","RC1",13
"vegan","RC1",17
"BAT","RC1M",17.780612244898
"divent","RC1M",16.9741379310345
"ecodive","RC1M",Inf
"entropart","RC1M",16.9741379310345
"fossil","RC1M",17
"mobr","RC1M",16.9741379310345
"OTUtable","RC1M",Inf
"tabula","RC1M",16.9741379310345
"wiqid","RC1M",17
"BAT","RCA2",35
"divDyn","RCA2",16.7857142857143
"fossil","RCA2",17
"tabula","RCA2",14
"wiqid","RCA2",14
"benthos","RHUR_2",1.87616191904048
"benthos","RHUR_3",2.64756569083883
"divent","RHUR_2",8.07506063427289
"divent","RHUR_3",8.16470220840152
"entropart","RHUR_2",1.87616191904048
"entropart","RHUR_3",2.64756569083883
"mobsim","RHUR_2",1.87616191904048
"mobsim","RHUR_3",2.64756569083883
"tabula","RHUR_2",1.87616191904027
"tabula","RHUR_3",2.64756569083854
"vegan","RHUR_2",1.87616191904048
"vegan","RHUR_3",2.64756569083883
"BAT","RICE",35
"fossil","RICE",14.8108108108108
"tabula","RICE",14
"wiqid","RICE",14
"BAT","RJA1",17
"BiodiversityR","RJA1",14
"divent","RJA1",17
"entropart","RJA1",17
"fossil","RJA1",16.9741379310345
"SSP","RJA1",13
"tabula","RJA1",2.24414555990563
"wiqid","RJA1",17
"BAT","RJA2",20
"BiodiversityR","RJA2",14
"fossil","RJA2",19.8448275862069
"SSP","RJA2",13
"wiqid","RJA2",20
"sprex","RMM",121
"wiqid","RMM",0
"divDyn","RSQ",15.1862233487401
"ecodive","RSQ",15.1862233487401
"tabula","RSQ",15.1862233487401
"abdiv","D1SP",0.140907369487557
"ade4","D1SP",0.140907369487557
"adiv","D1SP",0.140907369487557
"agricolae","D1SP",1
"asbio","D1SP",0.140907369487557
"BiodiversityR","D1SP",0.14090737
"biosampleR","D1SP",0.868770004572474
"breakaway","D1SP",0.140907369487557
"catsim","D1SP",0.308571428571429
"concstats","2_D1SP",0.795378151260504
"concstats","D1SP",0.995855665603307
"CUB","D1SP",0.14505170388425
"DescTools","2_D1SP",0.140907369487557
"DescTools","D1SP",0.99194095051593
"divent","D1SP",0.140907369487557
"diverse","D1SP",0.868770004572474
"ecodive","D1SP",0.140907369487557
"entropart","D1SP",0.140907369487557
"lawstat","D1SP",0.99194095051593
"MCPAN","D1SP",-524012
"microbiome","D1SP",0.140907369487557
"PCRA","D1SP",0.140907369487557
"RoughSets","D1SP",0.140907369487557
"simboot","D1SP",-524012
"sprex","D1SP",0.140907369487557
"untb","D1SP",0.141088019961259
"vegan","D1SP",0.140907369487557
"abdiv","DBRI",0.343266516368854
"ecodive","DBRI",0.343266516368854
"tabula","DBRI",0.343266516368854
"wiqid","DBRI",1.40954437851974
"BiodiversityR","DFIS",0.88435577
"ecodive","DFIS",0.884
"microbiome","DFIS",0.884355766446253
"preseqR","DFIS",7.54030359674992
"sads","DFIS",0.884355292543426
"vegan","DFIS",0.884355766446253
"custom","DGLE",0.900823106867042
"DGOO","1_1",0.355800693368708
"DGOO","1_2",0.0295531506065632
"DGOO","1_3",1
"DGOO","2_1",0.0732240041953325
"DGOO","2_2",0.0871188550084994
"DGOO","2_3",1
"DGOO","3_1",0.0614741792558499
"DGOO","3_2",0.00307546586659072
"DGOO","3_3",1
"abdiv","DINVSP",1.16401883159387
"adiv","DINVSP",1.16401883159387
"asbio","DINVSP",1.16401883159387
"BiodiversityR","DINVSP",1.16401883
"breakaway","DINVSP",1.16401883159387
"chemodiv","DINVSP",1.16401883159387
"codyn","DINVSP",1.16401883159387
"divseg","DINVSP",1.85909263051244
"ecodive","DINVSP",1.16401883159387
"microbiome","DINVSP",1.16401883159387
"sprex","DINVSP",1.16401883159387
"vegan","DINVSP",1.16401883159387
"custom","DKO",0.76
"asbio","DLMD",5.84824955337985
"Compositional","DLMD",0.999958992306093
"sads","DLMD",2.81810480921096
"vegan","DLMD",NA
"abdiv","DMC",0.0758413160578267
"adiv","DMC",0.0758413160578267
"agricolae","DMC",0.0758413160578267
"ecodive","DMC",0.0758413160578267
"forestHES","DMC",0.0758413160578267
"tabula","DMC",0.0758413160578267
"abdiv","DMG",0.750685922389202
"adiv","DMG",0.750685922389202
"agricolae","DMG",5.10466427224657
"ecodive","DMG",0.750685922389202
"tabula","DMG",0.750685922389202
"abdiv","DMN",0.214696880089354
"adiv","DMN",0.214696880089354
"ecodive","DMN",0.214696880089354
"tabula","DMN",0.214696880089354
"custom","DOD",7.68245838668374
"abdiv","DQ",0
"ade4","DRAO",0.140907369487557
"BAT","DRAO",0.140907369487557
"chemodiv","DRAO",105.926193307686
"diverse","DRAO",57.1191663310237
"SYNCSA","DRAO",0.140907369487557
"abdiv","DSHA",0.355800693368708
"adiv","DSHA",0.355800693368708
"aqp","DSHA",-7103.87200381606
"asbio","DSHA",0.355800693368708
"benthos","DSHA",0
"BiodiversityR","DSHA",0.35580069
"biosampleR","DSHA",2.28188850040498
"chemodiv","DSHA",0.355800693368708
"codyn","DSHA",0.355800693368708
"DescTools","DSHA",0.51331189586789
"divDyn","DSHA",0.355800693368708
"divent","DSHA",0.355800693368708
"diverse","DSHA",2.28188850040498
"ecodive","DSHA",0.355800693368708
"EconGeo","DSHA",0.513
"entropart","DSHA",0.355800693368708
"forestmangr","DSHA",3.56
"HardyWeinberg","DSHA",0.355800693368708
"iNEXT","DSHA",0.356
"MCPAN","DSHA",0.355800693368708
"microbiome","DSHA",0.355800693368708
"OTUtable","DSHA",0.355800693368708
"pgirmess","DSHA",0.51331189586789
"SpiecEasi","DSHA",0.355800693368708
"sprex","DSHA",0.355800693368708
"tabula","DSHA",0.355800693368708
"triversity","DSHA",6
"vegan","DSHA",0.355800693368708
"wavethresh","DSHA",-6891128.35833991
"wiqid","DSHA",1.16426365359917
"abdiv","DSP",0.859092630512443
"agricolae","DSP",0.859092630512443
"antitrust","DSP",8590.92630512443
"benthos","DSP",0.858911980038741
"breakaway","DSP",0.859092630512443
"concstats","DSP",0.859092630512443
"DescTools","DSP",0.859092630512443
"diverse","DSP",0.125833908442604
"divseg","DSP",1.85909263051244
"EconGeo","DSP",0.859092630512443
"hhi","DSP",0.859092630512443
"ineq","DSP",0.859092630512443
"microbiome","DSP",0.859092630512443
"PDtoolkit","DSP",0.859092630512443
"politics","DSP",0.859092630512443
"REAT","DSP",0.859092630512443
"sprex","DSP",0.859092630512443
"tabula","DSP",0.859092630512443
"triversity","DSP",0.859092630512443
"wiqid","DSP",1.16426365359917
"abdiv","EBP",0.925736235595391
"agricolae","EBP",0.925736235595391
"BiodiversityR","EBP",0.92573624
"diverse","EBP",0.228395061728395
"dyvDyn","EBP",0.0285714285714286
"ecodive","EBP",0.925736235595391
"microbiome","EBP",0.925736235595391
"tabula","EBP",0.925736235595391
"triversity","EBP",0.925736235595391
"wiqid","EBP",1
"tabula","EBRI",0.193779392439093
"BAT","EBU",0.0891165172855314
"microbiome","EBU",0.0891165172855314
"BAT","ECAM",0.684933845497226
"microbiome","ECAM",0.993811352966283
"codyn","EEQ",0.0876136679816985
"custom","EEQ",0.257978192779998
"adiv","EEVAR",0.180582848811189
"codyn","EEVAR",0.156005220116062
"custom","EEVAR",0.180582848811189
"microbiome","EEVAR",0.18058284881119
"acid","EGIN",0.963599780501189
"DescTools","EGIN",0.963599780501189
"dplR","EGIN",0.963599780501189
"EconGeo","EGIN",0.964
"giniVarCI","EGIN",0.963599780501189
"ineq","EGIN",0.963599780501189
"microbiome","EGIN",0.963599780501189
"REAT","EGIN",0.963599780501189
"shipunov","EGIN",0.963599780501189
"wINEQ","EGIN",0.963599780501189
"adiv","EGSP",0.169088843385069
"abdiv","EHEI",0.0854646089930464
"adiv","EHEI",0.0854646089930464
"custom","EHUL",0.967989756722151
"benthos","EHURE",0.141088019961259
"BiodiversityR","EHURE",0.14108802
"mobr","EHURE",0.141088019961259
"vegan","EHURE",0.141088019961236
"custom","ELR",0.105016560830586
"abdiv","EMC",0.932840743436811
"tabula","EMC",0.12357801291114
"microbiome","EMN",0.967989756722151
"custom","ENHC",-0.977331696921032
"custom","EPAT",1
"abdiv","EPIE",0.198576147903378
"adiv","EPIE",0.198576147903378
"BiodiversityR","EPIE",0.19857615
"breakaway","EPIE",0.198576147903378
"chemodiv","EPIE",0.198576147903378
"diverse","EPIE",0.823017305848953
"forestmangr","EPIE",1
"microbiome","EPIE",0.198576147903378
"OTUtable","EPIE",0.198576147903378
"pctax","EPIE",0.1986
"sprex","EPIE",0.198576147903378
"tabula","EPIE",0.198576147903378
"custom","ESHE",0.237887174160872
"adiv","ESP",0.194003138598979
"codyn","ESP",0.194003138598979
"sprex","ESP",0.0593001155614513
"tabula","ESP",0.194003138598979
"abdiv","EST",0.759069568928724
"adiv","QHIL_0",6
"adiv","QHIL_1",1.42732304496523
"adiv","QHIL_2",1.16401883159387
"adiv","QHIL_3",1.12265791786566
"BAT","QHIL_0",6
"BAT","QHIL_1",1.42732304496523
"BAT","QHIL_2",1.16401883159387
"BAT","QHIL_3",1.12265791786566
"benthos","QHIL_0",35
"benthos","QHIL_1",1.42732304496523
"benthos","QHIL_2",1.16401883159387
"benthos","QHIL_3",1.12265791786566
"breakaway","QHIL_0",6
"breakaway","QHIL_1",1.42732304496523
"breakaway","QHIL_2",1.16401883159387
"breakaway","QHIL_3",1.12265791786566
"chemodiv","QHIL_0",6
"chemodiv","QHIL_1",1.42732304496523
"chemodiv","QHIL_2",1.16401883159387
"chemodiv","QHIL_3",1.12265791786566
"divDyn","QHIL_2",1.16401883159387
"divent","QHIL_0",6
"divent","QHIL_1",1.42732304496523
"divent","QHIL_2",1.16401883159387
"divent","QHIL_3",1.12265791786566
"entropart","QHIL_0",6
"entropart","QHIL_1",1.42732304496523
"entropart","QHIL_2",1.16401883159387
"entropart","QHIL_3",1.12265791786566
"EntropyEstimation","QHIL_1",1.43202792596475
"EntropyEstimation","QHIL_2",1.16426365359917
"EntropyEstimation","QHIL_3",1.12283662798239
"extremefit","QHIL",NA
"hilldiv","QHIL_0",6
"hilldiv","QHIL_1",1.42733031290415
"hilldiv","QHIL_2",1.16401883159387
"hilldiv","QHIL_3",1.12265791786566
"hillR","QHIL_0",6
"hillR","QHIL_1",1.42732304496523
"hillR","QHIL_2",1.16401883159387
"hillR","QHIL_3",1.12265791786566
"sprex","QHIL_0",6
"sprex","QHIL_1",1.42732304496523
"sprex","QHIL_2",1.16401883159387
"sprex","QHIL_3",1.12265791786566
"vegan","QHIL_0",6
"vegan","QHIL_1",1.42732304496523
"vegan","QHIL_2",1.16401883159387
"vegan","QHIL_3",1.12265791786566
"adiv","QREN_0",1.79175946922805
"adiv","QREN_1",0.355800693368708
"adiv","QREN_2",0.151878527523629
"adiv","QREN_3",0.115699014806599
"BiodiversityR","QREN_0",1.79175946922805
"BiodiversityR","QREN_1",0.355800693368708
"BiodiversityR","QREN_2",0.151878527523629
"BiodiversityR","QREN_3",0.115699014806599
"diverse","QREN_0",2.77258872223978
"diverse","QREN_1",2.28188850040498
"diverse","QREN_2",2.03080380491715
"diverse","QREN_3",1.90477492644679
"EntropyEstimation","QREN_1",0.359091569720334
"EntropyEstimation","QREN_2",0.15208883018901
"EntropyEstimation","QREN_3",0.115858186974208
"seewave","QREN_2",0.0427183308984889
"seewave","QREN_3",0.0325422485718354
"sprex","QREN_0",1.79175946922805
"sprex","QREN_1",0.355800693368708
"sprex","QREN_2",0.151878527523629
"sprex","QREN_3",0.115699014806599
"statcomp","QREN_1",0.100074785144849
"statcomp","QREN_2",0.0427183288096986
"statcomp","QREN_3",0.0325422470052427
"vegan","QREN_0",1.79175946922805
"vegan","QREN_1",0.355800693368708
"vegan","QREN_2",0.151878527523629
"vegan","QREN_3",0.115699014806599
"adiv","QTSA_0",5
"adiv","QTSA_1",0.355800693368708
"adiv","QTSA_2",0.140907369487557
"adiv","QTSA_3",0.103288201455318
"divent","QTSA_0",5
"divent","QTSA_1",0.355800693368708
"divent","QTSA_2",0.140907369487557
"divent","QTSA_3",0.103288201455318
"entropart","QTSA_0",5
"entropart","QTSA_1",0.355800693368708
"entropart","QTSA_2",0.140907369487557
"entropart","QTSA_3",0.103288201455318
"EntropyEstimation","QTSA_1",0.359091569720334
"EntropyEstimation","QTSA_2",0.141088019961259
"EntropyEstimation","QTSA_3",0.103414472309227
"vegan","QTSA_0",5
"vegan","QTSA_1",0.355800693368708
"vegan","QTSA_2",0.140907369487557
"vegan","QTSA_3",0.103288201455318
"BAT","RACE",6
"ecodive","RACE",6
"fossil","RACE",6
"pctax","RACE",6
"sprex","RACE",785.073766318063
"tabula","RACE",6
"vegan","RACE",6
"wiqid","RACE",6
"BiodiversityR","RBOO",6
"wiqid","RBOO",35
"BAT","RC1",6
"BiodiversityR","RC1",6
"biosampleR","RC1",16.5
"iNEXT","RC1",6
"microbiome","RC1",6
"pctax","RC1",6
"rareNMtests","RC1",6
"SpadeR","RC1",6
"SSP","RC1",5
"vegan","RC1",6
"BAT","RC1M",6
"divent","RC1M",6
"ecodive","RC1M",NA
"entropart","RC1M",6
"fossil","RC1M",6
"mobr","RC1M",6
"OTUtable","RC1M",NA
"tabula","RC1M",6
"wiqid","RC1M",6
"BAT","RCA2",35
"divDyn","RCA2",6
"fossil","RCA2",6
"tabula","RCA2",6
"wiqid","RCA2",6
"benthos","RHUR_2",1.14108801996124
"benthos","RHUR_3",1.21643511526531
"divent","RHUR_2",1.16428617530736
"divent","RHUR_3",1.22393156951352
"entropart","RHUR_2",1.14108801996124
"entropart","RHUR_3",1.21643511526531
"mobsim","RHUR_2",1.14108801996124
"mobsim","RHUR_3",1.21643511526531
"tabula","RHUR_2",1.14108820810609
"tabula","RHUR_3",1.216435120626
"vegan","RHUR_2",1.14108801996124
"vegan","RHUR_3",1.21643511526531
"BAT","RICE",35
"fossil","RICE",6
"tabula","RICE",6
"wiqid","RICE",6
"BAT","RJA1",6
"BiodiversityR","RJA1",6
"divent","RJA1",6
"entropart","RJA1",6
"fossil","RJA1",6
"SSP","RJA1",5
"tabula","RJA1",0.355800693368708
"wiqid","RJA1",6
"BAT","RJA2",6
"BiodiversityR","RJA2",6
"fossil","RJA2",6
"SSP","RJA2",5
"wiqid","RJA2",6
"sprex","RMM",839
"wiqid","RMM",0
"divDyn","RSQ",6
"ecodive","RSQ",6
"tabula","RSQ",6
"abdiv","D1SP",0.836295755214674
"ade4","D1SP",0.836295755214674
"adiv","D1SP",0.836295755214674
"agricolae","D1SP",1
"asbio","D1SP",0.836295755214674
"BiodiversityR","D1SP",0.83629576
"biosampleR","D1SP",0.892152175397855
"breakaway","D1SP",0.836295755214674
"catsim","D1SP",0.582857142857143
"concstats","2_D1SP",0.795378151260504
"concstats","D1SP",0.975403066023098
"CUB","D1SP",0.860892689191576
"DescTools","2_D1SP",0.836295755214674
"DescTools","D1SP",0.846316905140434
"divent","D1SP",0.836295755214674
"diverse","D1SP",0.892152175397855
"ecodive","D1SP",0.836295755214674
"entropart","D1SP",0.836295755214674
"lawstat","D1SP",0.846316905140435
"MCPAN","D1SP",-2016
"microbiome","D1SP",0.836295755214674
"PCRA","D1SP",0.836295755214674
"RoughSets","D1SP",0.836295755214674
"simboot","D1SP",-2016
"sprex","D1SP",0.836295755214674
"untb","D1SP",0.843898443898444
"vegan","D1SP",0.836295755214674
"abdiv","DBRI",1.92114198837608
"ecodive","DBRI",1.92114198837608
"tabula","DBRI",1.92114198837608
"wiqid","DBRI",6.8287523740037
"BiodiversityR","DFIS",3.82001542
"ecodive","DFIS",3.82
"microbiome","DFIS",3.82001541600387
"preseqR","DFIS",8.62517948252604
"sads","DFIS",3.82004110574116
"vegan","DFIS",3.82001541600387
"custom","DGLE",2.76036025767018
"DGOO","1_1",2.09739881684649
"DGOO","1_2",0.46683397490436
"DGOO","1_3",1
"DGOO","2_1",0.262623712896052
"DGOO","2_2",0.94435364103508
"DGOO","2_3",1
"DGOO","3_1",0.0520830326880922
"DGOO","3_2",0.12609872197332
"DGOO","3_3",1
"abdiv","DINVSP",6.10857709469509
"adiv","DINVSP",6.10857709469509
"asbio","DINVSP",6.10857709469509
"BiodiversityR","DINVSP",6.10857709
"breakaway","DINVSP",6.10857709469509
"chemodiv","DINVSP",6.10857709469509
"codyn","DINVSP",6.10857709469509
"divseg","DINVSP",1.16370424478533
"ecodive","DINVSP",6.10857709469509
"microbiome","DINVSP",6.10857709469509
"sprex","DINVSP",6.10857709469509
"vegan","DINVSP",6.10857709469509
"custom","DKO",0.48
"asbio","DLMD",21.3486541205407
"Compositional","DLMD",0.999958992306093
"sads","DLMD",1.62350995522734
"vegan","DLMD",13.7981229288231
"abdiv","DMC",0.657835135776892
"adiv","DMC",0.657835135776892
"agricolae","DMC",0.657835135776892
"ecodive","DMC",0.657835135776892
"forestHES","DMC",0.657835135776892
"tabula","DMC",0.657835135776892
"abdiv","DMG",2.54802485323401
"adiv","DMG",2.54802485323401
"agricolae","DMG",7.2194037508297
"ecodive","DMG",2.54802485323401
"tabula","DMG",2.54802485323401
"abdiv","DMN",1.23390539447825
"adiv","DMN",1.23390539447825
"ecodive","DMN",1.23390539447825
"tabula","DMN",1.23390539447825
"custom","DOD",117.117117117117
"abdiv","DQ",0
"ade4","DRAO",0.836295755214674
"BAT","DRAO",0.836295755214673
"chemodiv","DRAO",371.098798707256
"diverse","DRAO",160.08207119457
"SYNCSA","DRAO",0.836295755214674
"abdiv","DSHA",2.09739881684649
"adiv","DSHA",2.09739881684649
"aqp","DSHA",-418.304498391641
"asbio","DSHA",2.09739881684649
"benthos","DSHA",0
"BiodiversityR","DSHA",2.09739882
"biosampleR","DSHA",2.39096483468519
"chemodiv","DSHA",2.09739881684649
"codyn","DSHA",2.09739881684649
"DescTools","DSHA",3.02590687183082
"divDyn","DSHA",2.09739881684649
"divent","DSHA",2.09739881684649
"diverse","DSHA",2.39096483468519
"ecodive","DSHA",2.09739881684649
"EconGeo","DSHA",3.026
"entropart","DSHA",2.16080388093522
"forestmangr","DSHA",3.56
"HardyWeinberg","DSHA",2.09739881684649
"iNEXT","DSHA",2.097
"MCPAN","DSHA",2.09739881684649
"microbiome","DSHA",2.09739881684649
"OTUtable","DSHA",2.09739881684649
"pgirmess","DSHA",3.02590687183082
"SpiecEasi","DSHA",2.09739881684649
"sprex","DSHA",2.09739881684649
"tabula","DSHA",2.09739881684649
"triversity","DSHA",13
"vegan","DSHA",2.09739881684649
"wavethresh","DSHA",-12526.6712989094
"wiqid","DSHA",6.40608604407135
"abdiv","DSP",0.163704244785326
"agricolae","DSP",0.163704244785326
"antitrust","DSP",1637.04244785326
"benthos","DSP",0.156101556101556
"breakaway","DSP",0.163704244785326
"concstats","DSP",0.163704244785326
"DescTools","DSP",0.163704244785326
"diverse","DSP",0.100413223140496
"divseg","DSP",1.16370424478533
"EconGeo","DSP",0.163704244785326
"hhi","DSP",0.163704244785326
"ineq","DSP",0.163704244785326
"microbiome","DSP",0.163704244785326
"PDtoolkit","DSP",0.163704244785326
"politics","DSP",0.163704244785326
"REAT","DSP",0.163704244785326
"sprex","DSP",0.163704244785326
"tabula","DSP",0.163704244785326
"triversity","DSP",0.163704244785326
"wiqid","DSP",6.40608604407135
"abdiv","EBP",0.288288288288288
"agricolae","EBP",0.288288288288288
"BiodiversityR","EBP",0.28828829
"diverse","EBP",0.190082644628099
"dyvDyn","EBP",0.0285714285714286
"ecodive","EBP",0.288288288288288
"microbiome","EBP",0.288288288288288
"tabula","EBP",0.288288288288288
"triversity","EBP",0.288288288288288
"wiqid","EBP",1
"tabula","EBRI",0.814565932686182
"BAT","EBU",0.552552552552553
"microbiome","EBU",0.552552552552553
"BAT","ECAM",0.913143913143913
"microbiome","ECAM",0.740817740817741
"codyn","EEQ",0.174529907616454
"custom","EEQ",0.0403595172719201
"adiv","EEVAR",0.478659520745098
"codyn","EEVAR",0.462479341419537
"custom","EEVAR",0.478659520745098
"microbiome","EEVAR",0.478659520745098
"acid","EGIN",0.822136422136422
"DescTools","EGIN",0.822136422136422
"dplR","EGIN",0.822136422136422
"EconGeo","EGIN",0.822
"giniVarCI","EGIN",0.822136422136422
"ineq","EGIN",0.822136422136422
"microbiome","EGIN",0.822136422136422
"REAT","EGIN",0.822136422136422
"shipunov","EGIN",0.822136422136422
"wINEQ","EGIN",0.822136422136422
"adiv","EGSP",0.90598706814923
"abdiv","EHEI",0.595412984317055
"adiv","EHEI",0.595412984317055
"custom","EHUL",0.486486486486487
"benthos","EHURE",0.843898443898444
"BiodiversityR","EHURE",0.84389844
"mobr","EHURE",0.843898443898444
"vegan","EHURE",0.84389844389844
"custom","ELR",0.249696816034399
"abdiv","EMC",0.453369238661779
"tabula","EMC",0.823906827249136
"microbiome","EMN",0.486486486486487
"custom","ENHC",-0.268525338859786
"custom","EPAT",0.242411040154777
"abdiv","EPIE",0.817715488512504
"adiv","EPIE",0.817715488512504
"BiodiversityR","EPIE",0.81771549
"breakaway","EPIE",0.817715488512504
"chemodiv","EPIE",0.817715488512504
"diverse","EPIE",0.882910085533877
"forestmangr","EPIE",1
"microbiome","EPIE",0.817715488512504
"OTUtable","EPIE",0.817715488512504
"pctax","EPIE",0.8177
"sprex","EPIE",0.817715488512504
"tabula","EPIE",0.817715488512504
"custom","ESHE",0.626535062446512
"adiv","ESP",0.469890545745776
"codyn","ESP",0.469890545745776
"sprex","ESP",0.161338370526653
"tabula","ESP",0.469890545745776
"abdiv","EST",0.413028413028413
"adiv","QHIL_0",13
"adiv","QHIL_1",8.14495581180466
"adiv","QHIL_2",6.10857709469509
"adiv","QHIL_3",5.24093826271514
"BAT","QHIL_0",13
"BAT","QHIL_1",8.14495581180466
"BAT","QHIL_2",6.10857709469509
"BAT","QHIL_3",5.24093826271514
"benthos","QHIL_0",35
"benthos","QHIL_1",8.14495581180466
"benthos","QHIL_2",6.10857709469509
"benthos","QHIL_3",5.24093826271514
"breakaway","QHIL_0",13
"breakaway","QHIL_1",8.14495581180466
"breakaway","QHIL_2",6.10857709469509
"breakaway","QHIL_3",5.24093826271514
"chemodiv","QHIL_0",13
"chemodiv","QHIL_1",8.14495581180466
"chemodiv","QHIL_2",6.10857709469509
"chemodiv","QHIL_3",5.24093826271514
"divDyn","QHIL_2",6.10857709469509
"divent","QHIL_0",15
"divent","QHIL_1",8.67811102321569
"divent","QHIL_2",6.3273239954181
"divent","QHIL_3",5.38572589160693
"entropart","QHIL_0",15
"entropart","QHIL_1",8.67811102321569
"entropart","QHIL_2",6.3273239954181
"entropart","QHIL_3",5.38572589160693
"EntropyEstimation","QHIL_1",8.62298394831609
"EntropyEstimation","QHIL_2",6.40608604407136
"EntropyEstimation","QHIL_3",5.50214916383093
"extremefit","QHIL",NA
"hilldiv","QHIL_0",13
"hilldiv","QHIL_1",8.14498700991922
"hilldiv","QHIL_2",6.10857709469509
"hilldiv","QHIL_3",5.24093826271514
"hillR","QHIL_0",13
"hillR","QHIL_1",8.14495581180466
"hillR","QHIL_2",6.10857709469509
"hillR","QHIL_3",5.24093826271514
"sprex","QHIL_0",13
"sprex","QHIL_1",8.14495581180466
"sprex","QHIL_2",6.10857709469509
"sprex","QHIL_3",5.24093826271514
"vegan","QHIL_0",13
"vegan","QHIL_1",8.14495581180466
"vegan","QHIL_2",6.10857709469509
"vegan","QHIL_3",5.24093826271514
"adiv","QREN_0",2.56494935746154
"adiv","QREN_1",2.09739881684649
"adiv","QREN_2",1.80969386467046
"adiv","QREN_3",1.65650054007409
"BiodiversityR","QREN_0",2.56494935746154
"BiodiversityR","QREN_1",2.09739881684649
"BiodiversityR","QREN_2",1.80969386467046
"BiodiversityR","QREN_3",1.65650054007409
"diverse","QREN_0",2.70805020110221
"diverse","QREN_1",2.39096483468519
"diverse","QREN_2",2.22703407693784
"diverse","QREN_3",2.1256525930767
"EntropyEstimation","QREN_1",2.154431190472
"EntropyEstimation","QREN_2",1.8572484828906
"EntropyEstimation","QREN_3",1.70513877297294
"seewave","QREN_2",0.509006115016479
"seewave","QREN_3",0.465917975161586
"sprex","QREN_0",2.56494935746154
"sprex","QREN_1",2.09739881684649
"sprex","QREN_2",1.80969386467046
"sprex","QREN_3",1.65650054007409
"statcomp","QREN_1",0.589927844073823
"statcomp","QREN_2",0.50900610386718
"statcomp","QREN_3",0.465917966799611
"vegan","QREN_0",2.56494935746154
"vegan","QREN_1",2.09739881684649
"vegan","QREN_2",1.80969386467046
"vegan","QREN_3",1.65650054007409
"adiv","QTSA_0",12
"adiv","QTSA_1",2.09739881684649
"adiv","QTSA_2",0.836295755214674
"adiv","QTSA_3",0.481796624966822
"divent","QTSA_0",12
"divent","QTSA_1",2.09739881684649
"divent","QTSA_2",0.836295755214674
"divent","QTSA_3",0.481796624966822
"entropart","QTSA_0",14
"entropart","QTSA_1",2.16080388093522
"entropart","QTSA_2",0.84195530358108
"entropart","QTSA_3",0.482762212913432
"EntropyEstimation","QTSA_1",2.154431190472
"EntropyEstimation","QTSA_2",0.843898443898444
"EntropyEstimation","QTSA_3",0.483483984401416
"vegan","QTSA_0",12
"vegan","QTSA_1",2.09739881684649
"vegan","QTSA_2",0.836295755214674
"vegan","QTSA_3",0.481796624966822
"BAT","RACE",13.9780524184956
"ecodive","RACE",13.9780524184956
"fossil","RACE",13.5263157894737
"pctax","RACE",13.9781
"sprex","RACE",114.171334224842
"tabula","RACE",13.9780524184956
"vegan","RACE",13.9780524184956
"wiqid","RACE",13.9780524184956
"BiodiversityR","RBOO",13
"wiqid","RBOO",35
"BAT","RC1",14
"BiodiversityR","RC1",13
"biosampleR","RC1",16.5
"iNEXT","RC1",13.991
"microbiome","RC1",14
"pctax","RC1",14
"rareNMtests","RC1",13
"SpadeR","RC1",13
"SSP","RC1",12
"vegan","RC1",14
"BAT","RC1M",14.3313609467456
"divent","RC1M",13.990990990991
"ecodive","RC1M",Inf
"entropart","RC1M",13.990990990991
"fossil","RC1M",14
"mobr","RC1M",13.990990990991
"OTUtable","RC1M",Inf
"tabula","RC1M",13.990990990991
"wiqid","RC1M",14
"BAT","RCA2",35
"divDyn","RCA2",13.9230769230769
"fossil","RCA2",14
"tabula","RCA2",13
"wiqid","RCA2",13
"benthos","RHUR_2",1.84389844389844
"benthos","RHUR_3",2.56472736289255
"divent","RHUR_2",6.40607032007173
"divent","RHUR_3",6.54101342018521
"entropart","RHUR_2",1.84389844389844
"entropart","RHUR_3",2.56472736289255
"mobsim","RHUR_2",1.84389844389844
"mobsim","RHUR_3",2.56472736289255
"tabula","RHUR_2",1.84389844389768
"tabula","RHUR_3",2.56472736289231
"vegan","RHUR_2",1.84389844389844
"vegan","RHUR_3",2.56472736289255
"BAT","RICE",35
"fossil","RICE",13.5263157894737
"tabula","RICE",13
"wiqid","RICE",13
"BAT","RJA1",15
"BiodiversityR","RJA1",13
"divent","RJA1",15
"entropart","RJA1",15
"fossil","RJA1",14.981981981982
"SSP","RJA1",12
"tabula","RJA1",2.09739881684649
"wiqid","RJA1",15
"BAT","RJA2",17
"BiodiversityR","RJA2",13
"fossil","RJA2",16.8918918918919
"SSP","RJA2",12
"wiqid","RJA2",17
"sprex","RMM",116
"wiqid","RMM",0
"divDyn","RSQ",13.6562017080114
"ecodive","RSQ",13.6562017080114
"tabula","RSQ",13.6562017080114
"abdiv","D1SP",0.801630434782609
"ade4","D1SP",0.801630434782609
"adiv","D1SP",0.801630434782609
"agricolae","D1SP",1
"asbio","D1SP",0.801630434782609
"BiodiversityR","D1SP",0.80163043
"biosampleR","D1SP",0.887755102040816
"breakaway","D1SP",0.801630434782609
"catsim","D1SP",0.698775510204082
"concstats","2_D1SP",0.795378151260504
"concstats","D1SP",0.9764226342711
"CUB","D1SP",0.825207800511509
"DescTools","2_D1SP",0.801630434782609
"DescTools","D1SP",0.82193094629156
"divent","D1SP",0.801630434782609
"diverse","D1SP",0.887755102040816
"ecodive","D1SP",0.801630434782609
"entropart","D1SP",0.801630434782609
"lawstat","D1SP",0.82193094629156
"MCPAN","D1SP",-6715
"microbiome","D1SP",0.801630434782609
"PCRA","D1SP",0.801630434782609
"RoughSets","D1SP",0.801630434782609
"simboot","D1SP",-6715
"sprex","D1SP",0.801630434782609
"untb","D1SP",0.806010928961749
"vegan","D1SP",0.801630434782609
"abdiv","DBRI",1.99631628855763
"ecodive","DBRI",1.99631628855763
"tabula","DBRI",1.99631628855763
"wiqid","DBRI",7.361887020676
"BiodiversityR","DFIS",4.5699279
"ecodive","DFIS",4.57
"microbiome","DFIS",4.56992790416539
"preseqR","DFIS",7.21171223292556
"sads","DFIS",4.56992750828561
"vegan","DFIS",4.56992790416539
"custom","DGLE",3.25986757846359
"DGOO","1_1",2.14589226571417
"DGOO","1_2",0.400034443180146
"DGOO","1_3",1
"DGOO","2_1",0.247415948924791
"DGOO","2_2",0.856632981259147
"DGOO","2_3",1
"DGOO","3_1",0.0664655438962781
"DGOO","3_2",0.0988500661112731
"DGOO","3_3",1
"abdiv","DINVSP",5.04109589041096
"adiv","DINVSP",5.04109589041096
"asbio","DINVSP",5.04109589041096
"BiodiversityR","DINVSP",5.04109589
"breakaway","DINVSP",5.04109589041096
"chemodiv","DINVSP",5.04109589041096
"codyn","DINVSP",5.04109589041096
"divseg","DINVSP",1.19836956521739
"ecodive","DINVSP",5.04109589041096
"microbiome","DINVSP",5.04109589041096
"sprex","DINVSP",5.04109589041096
"vegan","DINVSP",5.04109589041096
"custom","DKO",0.32
"asbio","DLMD",21.9900097241543
"Compositional","DLMD",0.999958992306093
"sads","DLMD",1.77588795750465
"vegan","DLMD",21.9978468383703
"abdiv","DMC",0.598753726695419
"adiv","DMC",0.598753726695419
"agricolae","DMC",0.598753726695419
"ecodive","DMC",0.598753726695419
"forestHES","DMC",0.598753726695419
"tabula","DMC",0.598753726695419
"abdiv","DMG",3.06811066208338
"adiv","DMG",3.06811066208338
"agricolae","DMG",6.51973515692718
"ecodive","DMG",3.06811066208338
"tabula","DMG",3.06811066208338
"abdiv","DMN",1.25325662731663
"adiv","DMN",1.25325662731663
"ecodive","DMN",1.25325662731663
"tabula","DMN",1.25325662731663
"custom","DOD",92.3913043478261
"abdiv","DQ",6.68067845080676
"ade4","DRAO",0.801630434782609
"BAT","DRAO",0.80163043478261
"chemodiv","DRAO",196.547124596953
"diverse","DRAO",57.7710253436871
"SYNCSA","DRAO",0.801630434782609
"abdiv","DSHA",2.14589226571417
"adiv","DSHA",2.14589226571417
"aqp","DSHA",-814.695663989373
"asbio","DSHA",2.14589226571417
"benthos","DSHA",0
"BiodiversityR","DSHA",2.14589227
"biosampleR","DSHA",2.53987142731388
"chemodiv","DSHA",2.14589226571417
"codyn","DSHA",2.14589226571417
"DescTools","DSHA",3.09586813002781
"divDyn","DSHA",2.14589226571417
"divent","DSHA",2.14589226571417
"diverse","DSHA",2.53987142731388
"ecodive","DSHA",2.14589226571417
"EconGeo","DSHA",3.096
"entropart","DSHA",2.14589226571417
"forestmangr","DSHA",3.56
"HardyWeinberg","DSHA",2.14589226571417
"iNEXT","DSHA",2.146
"MCPAN","DSHA",2.14589226571417
"microbiome","DSHA",2.14589226571417
"OTUtable","DSHA",2.14589226571417
"pgirmess","DSHA",3.09586813002781
"SpiecEasi","DSHA",2.14589226571417
"sprex","DSHA",2.14589226571417
"tabula","DSHA",2.14589226571417
"triversity","DSHA",17
"vegan","DSHA",2.14589226571417
"wavethresh","DSHA",-53293.9883626084
"wiqid","DSHA",5.15492957746479
"abdiv","DSP",0.198369565217391
"agricolae","DSP",0.198369565217391
"antitrust","DSP",1983.69565217391
"benthos","DSP",0.193989071038251
"breakaway","DSP",0.198369565217391
"concstats","DSP",0.198369565217391
"DescTools","DSP",0.198369565217391
"diverse","DSP",0.105142857142857
"divseg","DSP",1.19836956521739
"EconGeo","DSP",0.198369565217391
"hhi","DSP",0.198369565217391
"ineq","DSP",0.198369565217391
"microbiome","DSP",0.198369565217391
"PDtoolkit","DSP",0.198369565217391
"politics","DSP",0.198369565217391
"REAT","DSP",0.198369565217391
"sprex","DSP",0.198369565217391
"tabula","DSP",0.198369565217391
"triversity","DSP",0.198369565217391
"wiqid","DSP",5.15492957746479
"abdiv","EBP",0.396739130434783
"agricolae","EBP",0.396739130434783
"BiodiversityR","EBP",0.39673913
"diverse","EBP",0.206349206349206
"dyvDyn","EBP",0.0285714285714286
"ecodive","EBP",0.396739130434783
"microbiome","EBP",0.396739130434783
"tabula","EBP",0.396739130434783
"triversity","EBP",0.396739130434783
"wiqid","EBP",1
"tabula","EBRI",0.751585905387564
"BAT","EBU",0.504076086956522
"microbiome","EBU",0.504076086956522
"BAT","ECAM",0.926870204603581
"microbiome","ECAM",0.427109974424552
"codyn","EEQ",0.175612251706693
"custom","EEQ",0.0210453920461108
"adiv","EEVAR",0.523373995720903
"codyn","EEVAR",0.51332074359784
"custom","EEVAR",0.523373995720903
"microbiome","EEVAR",0.523373995720903
"acid","EGIN",0.798447204968944
"DescTools","EGIN",0.798447204968944
"dplR","EGIN",0.798447204968944
"EconGeo","EGIN",0.798
"giniVarCI","EGIN",0.798447204968944
"ineq","EGIN",0.798447204968944
"microbiome","EGIN",0.798447204968944
"REAT","EGIN",0.798447204968944
"shipunov","EGIN",0.798447204968944
"wINEQ","EGIN",0.798447204968944
"adiv","EGSP",0.851732336956522
"abdiv","EHEI",0.471854150572059
"adiv","EHEI",0.471854150572059
"custom","EHUL",0.516304347826087
"benthos","EHURE",0.806010928961749
"BiodiversityR","EHURE",0.80601093
"mobr","EHURE",0.806010928961749
"vegan","EHURE",0.806010928961764
"custom","ELR",0.19657790630009
"abdiv","EMC",0.487666583726887
"tabula","EMC",0.732196832837873
"microbiome","EMN",0.516304347826087
"custom","ENHC",-0.180818700948896
"custom","EPAT",0.221316563196105
"abdiv","EPIE",0.757405816337843
"adiv","EPIE",0.757405816337843
"BiodiversityR","EPIE",0.75740582
"breakaway","EPIE",0.757405816337843
"chemodiv","EPIE",0.757405816337843
"diverse","EPIE",0.834242965610428
"forestmangr","EPIE",1
"microbiome","EPIE",0.757405816337843
"OTUtable","EPIE",0.757405816337843
"pctax","EPIE",0.7574
"sprex","EPIE",0.757405816337843
"tabula","EPIE",0.757405816337843
"custom","ESHE",0.502921553479585
"adiv","ESP",0.296535052377115
"codyn","ESP",0.296535052377115
"sprex","ESP",0.126228956806716
"tabula","ESP",0.296535052377115
"abdiv","EST",0.466751918158568
"adiv","QHIL_0",17
"adiv","QHIL_1",8.54966640915295
"adiv","QHIL_2",5.04109589041096
"adiv","QHIL_3",3.88543832507249
"BAT","QHIL_0",17
"BAT","QHIL_1",8.54966640915295
"BAT","QHIL_2",5.04109589041096
"BAT","QHIL_3",3.88543832507249
"benthos","QHIL_0",35
"benthos","QHIL_1",8.54966640915295
"benthos","QHIL_2",5.04109589041096
"benthos","QHIL_3",3.88543832507249
"breakaway","QHIL_0",17
"breakaway","QHIL_1",8.54966640915295
"breakaway","QHIL_2",5.04109589041096
"breakaway","QHIL_3",3.88543832507249
"chemodiv","QHIL_0",17
"chemodiv","QHIL_1",8.54966640915295
"chemodiv","QHIL_2",5.04109589041096
"chemodiv","QHIL_3",3.88543832507249
"divDyn","QHIL_2",5.04109589041096
"divent","QHIL_0",17
"divent","QHIL_1",8.54966640915295
"divent","QHIL_2",5.04109589041096
"divent","QHIL_3",3.88543832507249
"entropart","QHIL_0",17
"entropart","QHIL_1",8.54966640915295
"entropart","QHIL_2",5.04109589041096
"entropart","QHIL_3",3.88543832507249
"EntropyEstimation","QHIL_1",8.94556548286554
"EntropyEstimation","QHIL_2",5.15492957746479
"EntropyEstimation","QHIL_3",3.94957294030642
"extremefit","QHIL",NA
"hilldiv","QHIL_0",17
"hilldiv","QHIL_1",8.54972448772923
"hilldiv","QHIL_2",5.04109589041096
"hilldiv","QHIL_3",3.88543832507249
"hillR","QHIL_0",17
"hillR","QHIL_1",8.54966640915295
"hillR","QHIL_2",5.04109589041096
"hillR","QHIL_3",3.88543832507249
"sprex","QHIL_0",17
"sprex","QHIL_1",8.54966640915295
"sprex","QHIL_2",5.04109589041096
"sprex","QHIL_3",3.88543832507249
"vegan","QHIL_0",17
"vegan","QHIL_1",8.54966640915295
"vegan","QHIL_2",5.04109589041096
"vegan","QHIL_3",3.88543832507249
"adiv","QREN_0",2.83321334405622
"adiv","QREN_1",2.14589226571417
"adiv","QREN_2",1.61762349702054
"adiv","QREN_3",1.35723580244184
"BiodiversityR","QREN_0",2.83321334405622
"BiodiversityR","QREN_1",2.14589226571417
"BiodiversityR","QREN_2",1.61762349702054
"BiodiversityR","QREN_3",1.35723580244184
"diverse","QREN_0",3.04452243772342
"diverse","QREN_1",2.53987142731388
"diverse","QREN_2",2.1870722058722
"diverse","QREN_3",1.99190720330903
"EntropyEstimation","QREN_1",2.19115793272279
"EntropyEstimation","QREN_2",1.63995345636005
"EntropyEstimation","QREN_3",1.37360745668991
"seewave","QREN_2",0.454983165813616
"seewave","QREN_3",0.381744851317644
"sprex","QREN_0",2.83321334405622
"sprex","QREN_1",2.14589226571417
"sprex","QREN_2",1.61762349702054
"sprex","QREN_3",1.35723580244184
"statcomp","QREN_1",0.603567422542367
"statcomp","QREN_2",0.454983160310578
"statcomp","QREN_3",0.381744847190365
"vegan","QREN_0",2.83321334405622
"vegan","QREN_1",2.14589226571417
"vegan","QREN_2",1.61762349702054
"vegan","QREN_3",1.35723580244184
"adiv","QTSA_0",16
"adiv","QTSA_1",2.14589226571417
"adiv","QTSA_2",0.801630434782609
"adiv","QTSA_3",0.466880027687598
"divent","QTSA_0",16
"divent","QTSA_1",2.14589226571417
"divent","QTSA_2",0.801630434782609
"divent","QTSA_3",0.466880027687598
"entropart","QTSA_0",16
"entropart","QTSA_1",2.14589226571417
"entropart","QTSA_2",0.801630434782609
"entropart","QTSA_3",0.466880027687598
"EntropyEstimation","QTSA_1",2.19115793272279
"EntropyEstimation","QTSA_2",0.806010928961749
"EntropyEstimation","QTSA_3",0.467946922998598
"vegan","QTSA_0",16
"vegan","QTSA_1",2.14589226571417
"vegan","QTSA_2",0.801630434782609
"vegan","QTSA_3",0.466880027687598
"BAT","RACE",17
"ecodive","RACE",17
"fossil","RACE",17
"pctax","RACE",17
"sprex","RACE",229.984116022099
"tabula","RACE",17
"vegan","RACE",17
"wiqid","RACE",17
"BiodiversityR","RBOO",17
"wiqid","RBOO",35
"BAT","RC1",17
"BiodiversityR","RC1",17
"biosampleR","RC1",23.5
"iNEXT","RC1",17
"microbiome","RC1",17
"pctax","RC1",17
"rareNMtests","RC1",17
"SpadeR","RC1",17
"SSP","RC1",16
"vegan","RC1",17
"BAT","RC1M",17
"divent","RC1M",17
"ecodive","RC1M",17
"entropart","RC1M",17
"fossil","RC1M",17
"mobr","RC1M",17
"OTUtable","RC1M",17
"tabula","RC1M",17
"wiqid","RC1M",17
"BAT","RCA2",35
"divDyn","RCA2",17
"fossil","RCA2",17
"tabula","RCA2",17
"wiqid","RCA2",17
"benthos","RHUR_2",1.80601092896176
"benthos","RHUR_3",2.48213894088809
"divent","RHUR_2",5.15495832037056
"divent","RHUR_3",5.43796688158089
"entropart","RHUR_2",1.80601092896176
"entropart","RHUR_3",2.48213894088809
"mobsim","RHUR_2",1.80601092896176
"mobsim","RHUR_3",2.48213894088809
"tabula","RHUR_2",1.80610745626519
"tabula","RHUR_3",2.48217180265849
"vegan","RHUR_2",1.80601092896176
"vegan","RHUR_3",2.48213894088809
"BAT","RICE",35
"fossil","RICE",17
"tabula","RICE",17
"wiqid","RICE",17
"BAT","RJA1",17
"BiodiversityR","RJA1",17
"divent","RJA1",17
"entropart","RJA1",17
"fossil","RJA1",17
"SSP","RJA1",16
"tabula","RJA1",2.14589226571417
"wiqid","RJA1",17
"BAT","RJA2",15
"BiodiversityR","RJA2",17
"fossil","RJA2",15.0325492991209
"SSP","RJA2",16
"wiqid","RJA2",15
"sprex","RMM",190
"wiqid","RMM",0
"divDyn","RSQ",17
"ecodive","RSQ",17
"tabula","RSQ",17
"abdiv","D1SP",0.892152175397855
"ade4","D1SP",0.892152175397855
"adiv","D1SP",0.892152175397855
"agricolae","D1SP",1
"asbio","D1SP",0.892152175397855
"BiodiversityR","D1SP",0.89215218
"biosampleR","D1SP",0.86509352898407
"breakaway","D1SP",0.892152175397855
"catsim","D1SP",0.653061224489796
"concstats","2_D1SP",0.795378151260504
"concstats","D1SP",0.973760230135357
"CUB","D1SP",0.918391945262498
"DescTools","2_D1SP",0.892152175397855
"DescTools","D1SP",0.779776373359261
"divent","D1SP",0.892152175397855
"diverse","D1SP",0.86509352898407
"ecodive","D1SP",0.892152175397855
"entropart","D1SP",0.892152175397855
"lawstat","D1SP",0.779776373359261
"MCPAN","D1SP",-1578
"microbiome","D1SP",0.892152175397855
"PCRA","D1SP",0.892152175397855
"RoughSets","D1SP",0.892152175397855
"simboot","D1SP",-1578
"sprex","D1SP",0.892152175397855
"untb","D1SP",0.899586776859504
"vegan","D1SP",0.892152175397855
"abdiv","DBRI",2.19823572411694
"ecodive","DBRI",2.19823572411693
"tabula","DBRI",2.19823572411694
"wiqid","DBRI",9.00910492345771
"BiodiversityR","DFIS",4.50972185
"ecodive","DFIS",4.51
"microbiome","DFIS",4.50972184524805
"preseqR","DFIS",6.82276827257021
"sads","DFIS",4.50972121638322
"vegan","DFIS",4.50972184524805
"custom","DGLE",3.12774293568185
"DGOO","1_1",2.39096483468519
"DGOO","1_2",0.497679800667494
"DGOO","1_3",1
"DGOO","2_1",0.226866973924889
"DGOO","2_2",1.14588489741501
"DGOO","2_3",1
"DGOO","3_1",0.0278796714131697
"DGOO","3_2",0.117080849838763
"DGOO","3_3",1
"abdiv","DINVSP",9.27232425585814
"adiv","DINVSP",9.27232425585814
"asbio","DINVSP",9.27232425585814
"BiodiversityR","DINVSP",9.27232426
"breakaway","DINVSP",9.27232425585814
"chemodiv","DINVSP",9.27232425585814
"codyn","DINVSP",9.27232425585814
"divseg","DINVSP",1.10784782460214
"ecodive","DINVSP",9.27232425585814
"microbiome","DINVSP",9.27232425585814
"sprex","DINVSP",9.27232425585814
"vegan","DINVSP",9.27232425585814
"custom","DKO",0.4
"asbio","DLMD",NA
"Compositional","DLMD",0.999958992306093
"sads","DLMD",1.65982314266927
"vegan","DLMD",18.0402632322111
"abdiv","DMC",0.738757882067172
"adiv","DMC",0.738757882067172
"agricolae","DMC",0.738757882067172
"ecodive","DMC",0.738757882067172
"forestHES","DMC",0.738757882067172
"tabula","DMC",0.738757882067172
"abdiv","DMG",2.91922673996972
"adiv","DMG",2.91922673996972
"agricolae","DMG",7.08955065421219
"ecodive","DMG",2.91922673996972
"tabula","DMG",2.91922673996972
"abdiv","DMN",1.36363636363636
"adiv","DMN",1.36363636363636
"ecodive","DMN",1.36363636363636
"tabula","DMN",1.36363636363636
"custom","DOD",123.96694214876
"abdiv","DQ",0
"ade4","DRAO",0.892152175397855
"BAT","DRAO",0.892152175397856
"chemodiv","DRAO",320.164142389139
"diverse","DRAO",175.453132212792
"SYNCSA","DRAO",0.892152175397855
"abdiv","DSHA",2.39096483468519
"adiv","DSHA",2.39096483468519
"aqp","DSHA",-419.80104540746
"asbio","DSHA",2.39096483468519
"benthos","DSHA",0
"BiodiversityR","DSHA",2.39096483
"biosampleR","DSHA",2.27728918808146
"chemodiv","DSHA",2.39096483468519
"codyn","DSHA",2.39096483468519
"DescTools","DSHA",3.44943310994022
"divDyn","DSHA",2.39096483468519
"divent","DSHA",2.39096483468519
"diverse","DSHA",2.27728918808146
"ecodive","DSHA",2.39096483468519
"EconGeo","DSHA",3.449
"entropart","DSHA",2.47324212671048
"forestmangr","DSHA",3.56
"HardyWeinberg","DSHA",2.39096483468519
"iNEXT","DSHA",2.391
"MCPAN","DSHA",2.39096483468519
"microbiome","DSHA",2.39096483468519
"OTUtable","DSHA",2.39096483468519
"pgirmess","DSHA",3.44943310994022
"SpiecEasi","DSHA",2.39096483468519
"sprex","DSHA",2.39096483468519
"tabula","DSHA",2.39096483468519
"triversity","DSHA",15
"vegan","DSHA",2.39096483468519
"wavethresh","DSHA",-8501.9878125259
"wiqid","DSHA",9.95884773662551
"abdiv","DSP",0.107847824602145
"agricolae","DSP",0.107847824602145
"antitrust","DSP",1078.47824602145
"benthos","DSP",0.100413223140496
"breakaway","DSP",0.107847824602145
"concstats","DSP",0.107847824602145
"DescTools","DSP",0.107847824602145
"diverse","DSP",0.127815540450486
"divseg","DSP",1.10784782460214
"EconGeo","DSP",0.107847824602145
"hhi","DSP",0.107847824602145
"ineq","DSP",0.107847824602145
"microbiome","DSP",0.107847824602145
"PDtoolkit","DSP",0.107847824602145
"politics","DSP",0.107847824602145
"REAT","DSP",0.107847824602145
"sprex","DSP",0.107847824602145
"tabula","DSP",0.107847824602145
"triversity","DSP",0.107847824602145
"wiqid","DSP",9.95884773662551
"abdiv","EBP",0.190082644628099
"agricolae","EBP",0.190082644628099
"BiodiversityR","EBP",0.19008264
"diverse","EBP",0.24390243902439
"dyvDyn","EBP",0.0285714285714286
"ecodive","EBP",0.190082644628099
"microbiome","EBP",0.190082644628099
"tabula","EBP",0.190082644628099
"triversity","EBP",0.190082644628099
"wiqid","EBP",1
"tabula","EBRI",0.882673512813736
"BAT","EBU",0.640495867768595
"microbiome","EBU",0.640495867768595
"BAT","ECAM",0.937977174340811
"microbiome","ECAM",0.721212121212121
"codyn","EEQ",0.179590644910548
"custom","EEQ",0.0305667072139291
"adiv","EEVAR",0.477438130765649
"codyn","EEVAR",0.464757346743431
"custom","EEVAR",0.477438130765649
"microbiome","EEVAR",0.477438130765649
"acid","EGIN",0.757497048406139
"DescTools","EGIN",0.757497048406139
"dplR","EGIN",0.757497048406139
"EconGeo","EGIN",0.757
"giniVarCI","EGIN",0.757497048406139
"ineq","EGIN",0.757497048406139
"microbiome","EGIN",0.757497048406139
"REAT","EGIN",0.757497048406139
"shipunov","EGIN",0.757497048406139
"wINEQ","EGIN",0.757497048406139
"adiv","EGSP",0.955877330783416
"abdiv","EHEI",0.708859195849086
"adiv","EHEI",0.708859195849086
"custom","EHUL",0.322314049586777
"benthos","EHURE",0.899586776859504
"BiodiversityR","EHURE",0.89958678
"mobr","EHURE",0.899586776859504
"vegan","EHURE",0.899586776859469
"custom","ELR",0.287051827779017
"abdiv","EMC",0.371143551135081
"tabula","EMC",0.905361376956701
"microbiome","EMN",0.322314049586777
"custom","ENHC",-0.233352704433339
"custom","EPAT",0.114710871498069
"abdiv","EPIE",0.882910085533877
"adiv","EPIE",0.882910085533877
"BiodiversityR","EPIE",0.88291009
"breakaway","EPIE",0.882910085533877
"chemodiv","EPIE",0.882910085533877
"diverse","EPIE",0.821358454578795
"forestmangr","EPIE",1
"microbiome","EPIE",0.882910085533877
"OTUtable","EPIE",0.882910085533877
"pctax","EPIE",0.8829
"sprex","EPIE",0.882910085533877
"tabula","EPIE",0.882910085533877
"custom","ESHE",0.72826858279248
"adiv","ESP",0.618154950390542
"codyn","ESP",0.618154950390542
"sprex","ESP",0.159397655645679
"tabula","ESP",0.618154950390542
"abdiv","EST",0.335537190082645
"adiv","QHIL_0",15
"adiv","QHIL_1",10.9240287418872
"adiv","QHIL_2",9.27232425585814
"adiv","QHIL_3",8.3783633663631
"BAT","QHIL_0",15
"BAT","QHIL_1",10.9240287418872
"BAT","QHIL_2",9.27232425585814
"BAT","QHIL_3",8.3783633663631
"benthos","QHIL_0",35
"benthos","QHIL_1",10.9240287418872
"benthos","QHIL_2",9.27232425585814
"benthos","QHIL_3",8.3783633663631
"breakaway","QHIL_0",15
"breakaway","QHIL_1",10.9240287418872
"breakaway","QHIL_2",9.27232425585814
"breakaway","QHIL_3",8.3783633663631
"chemodiv","QHIL_0",15
"chemodiv","QHIL_1",10.9240287418872
"chemodiv","QHIL_2",9.27232425585814
"chemodiv","QHIL_3",8.3783633663631
"divDyn","QHIL_2",9.27232425585814
"divent","QHIL_0",18
"divent","QHIL_1",11.8608389247206
"divent","QHIL_2",9.72545465937468
"divent","QHIL_3",8.69724095640985
"entropart","QHIL_0",18
"entropart","QHIL_1",11.8608389247206
"entropart","QHIL_2",9.72545465937468
"entropart","QHIL_3",8.69724095640989
"EntropyEstimation","QHIL_1",11.6121771451297
"EntropyEstimation","QHIL_2",9.9588477366255
"EntropyEstimation","QHIL_3",9.12707194509852
"extremefit","QHIL",NA
"hilldiv","QHIL_0",15
"hilldiv","QHIL_1",10.92405276797
"hilldiv","QHIL_2",9.27232425585814
"hilldiv","QHIL_3",8.3783633663631
"hillR","QHIL_0",15
"hillR","QHIL_1",10.9240287418872
"hillR","QHIL_2",9.27232425585814
"hillR","QHIL_3",8.3783633663631
"sprex","QHIL_0",15
"sprex","QHIL_1",10.9240287418872
"sprex","QHIL_2",9.27232425585814
"sprex","QHIL_3",8.3783633663631
"vegan","QHIL_0",15
"vegan","QHIL_1",10.9240287418872
"vegan","QHIL_2",9.27232425585814
"vegan","QHIL_3",8.3783633663631
"adiv","QREN_0",2.70805020110221
"adiv","QREN_1",2.39096483468519
"adiv","QREN_2",2.22703407693784
"adiv","QREN_3",2.1256525930767
"BiodiversityR","QREN_0",2.70805020110221
"BiodiversityR","QREN_1",2.39096483468519
"BiodiversityR","QREN_2",2.22703407693784
"BiodiversityR","QREN_3",2.1256525930767
"diverse","QREN_0",2.77258872223978
"diverse","QREN_1",2.27728918808146
"diverse","QREN_2",2.00317354793499
"diverse","QREN_3",1.85797721914486
"EntropyEstimation","QREN_1",2.4520543013965
"EntropyEstimation","QREN_2",2.29846137581018
"EntropyEstimation","QREN_3",2.21124493617032
"seewave","QREN_2",0.626389898113868
"seewave","QREN_3",0.597874689371371
"sprex","QREN_0",2.70805020110221
"sprex","QREN_1",2.39096483468519
"sprex","QREN_2",2.22703407693784
"sprex","QREN_3",2.1256525930767
"statcomp","QREN_1",0.672498105201986
"statcomp","QREN_2",0.626389888815805
"statcomp","QREN_3",0.597874682397823
"vegan","QREN_0",2.70805020110221
"vegan","QREN_1",2.39096483468519
"vegan","QREN_2",2.22703407693784
"vegan","QREN_3",2.1256525930767
"adiv","QTSA_0",14
"adiv","QTSA_1",2.39096483468519
"adiv","QTSA_2",0.892152175397855
"adiv","QTSA_3",0.492877185713616
"divent","QTSA_0",14
"divent","QTSA_1",2.39096483468519
"divent","QTSA_2",0.892152175397855
"divent","QTSA_3",0.492877185713616
"entropart","QTSA_0",17
"entropart","QTSA_1",2.47324212671048
"entropart","QTSA_2",0.897177043642266
"entropart","QTSA_3",0.493389915677507
"EntropyEstimation","QTSA_1",2.4520543013965
"EntropyEstimation","QTSA_2",0.899586776859504
"EntropyEstimation","QTSA_3",0.493997847072713
"vegan","QTSA_0",14
"vegan","QTSA_1",2.39096483468519
"vegan","QTSA_2",0.892152175397855
"vegan","QTSA_3",0.492877185713616
"BAT","RACE",16.9952054006367
"ecodive","RACE",16.9952054006367
"fossil","RACE",15.9310344827586
"pctax","RACE",16.9952
"sprex","RACE",124.465918827687
"tabula","RACE",16.9952054006367
"vegan","RACE",16.9952054006367
"wiqid","RACE",16.9952054006367
"BiodiversityR","RBOO",15
"wiqid","RBOO",35
"BAT","RC1",16.5
"BiodiversityR","RC1",15
"biosampleR","RC1",16.75
"iNEXT","RC1",19.463
"microbiome","RC1",16.5
"pctax","RC1",16.5
"rareNMtests","RC1",15
"SpadeR","RC1",15
"SSP","RC1",14
"vegan","RC1",16.5
"BAT","RC1M",17.16
"divent","RC1M",19.4628099173554
"ecodive","RC1M",19.5
"entropart","RC1M",19.4628099173554
"fossil","RC1M",19.5
"mobr","RC1M",19.4628099173554
"OTUtable","RC1M",19.5
"tabula","RC1M",19.4628099173554
"wiqid","RC1M",19.5
"BAT","RCA2",35
"divDyn","RCA2",16.4
"fossil","RCA2",19.5
"tabula","RCA2",15
"wiqid","RCA2",15
"benthos","RHUR_2",1.89958677685947
"benthos","RHUR_3",2.71076463643304
"divent","RHUR_2",9.95883346832909
"divent","RHUR_3",10.0273817760336
"entropart","RHUR_2",1.89958677685947
"entropart","RHUR_3",2.71076463643304
"mobsim","RHUR_2",1.89958677685947
"mobsim","RHUR_3",2.71076463643304
"tabula","RHUR_2",1.8995867768592
"tabula","RHUR_3",2.71076463643234
"vegan","RHUR_2",1.89958677685947
"vegan","RHUR_3",2.71076463643304
"BAT","RICE",35
"fossil","RICE",15.9310344827586
"tabula","RICE",15
"wiqid","RICE",15
"BAT","RJA1",18
"BiodiversityR","RJA1",15
"divent","RJA1",18
"entropart","RJA1",18
"fossil","RJA1",17.9752066115702
"SSP","RJA1",14
"tabula","RJA1",2.39096483468519
"wiqid","RJA1",18
"BAT","RJA2",20
"BiodiversityR","RJA2",15
"fossil","RJA2",19.8759641873278
"SSP","RJA2",14
"wiqid","RJA2",20
"sprex","RMM",126
"wiqid","RMM",0
"divDyn","RSQ",15.9736229103864
"ecodive","RSQ",15.9736229103864
"tabula","RSQ",15.9736229103864
